axis,i,j,k,velocity
0,0,0,0,2.50000000000000000e-1
0,1,0,0,2.50000000000000000e-1
0,2,0,0,2.50000000000000000e-1
0,3,0,0,2.50000000000000000e-1
0,4,0,0,2.50000000000000000e-1
0,5,0,0,2.50000000000000000e-1
0,6,0,0,2.50000000000000000e-1
0,7,0,0,2.50000000000000000e-1
0,8,0,0,2.50000000000000000e-1
0,9,0,0,2.50000000000000000e-1
0,10,0,0,2.50000000000000000e-1
0,11,0,0,2.50000000000000000e-1
0,12,0,0,2.50000000000000000e-1
0,13,0,0,2.50000000000000000e-1
0,14,0,0,2.50000000000000000e-1
0,15,0,0,2.50000000000000000e-1
0,16,0,0,2.50000000000000000e-1
0,17,0,0,2.50000000000000000e-1
0,18,0,0,2.50000000000000000e-1
0,19,0,0,2.50000000000000000e-1
0,20,0,0,2.50000000000000000e-1
0,21,0,0,2.50000000000000000e-1
0,22,0,0,2.50000000000000000e-1
0,23,0,0,2.50000000000000000e-1
0,24,0,0,2.50000000000000000e-1
0,25,0,0,2.50000000000000000e-1
0,26,0,0,2.50000000000000000e-1
0,27,0,0,2.50000000000000000e-1
0,28,0,0,2.50000000000000000e-1
0,29,0,0,2.50000000000000000e-1
0,30,0,0,2.50000000000000000e-1
0,31,0,0,2.50000000000000000e-1
0,32,0,0,2.50000000000000000e-1
0,33,0,0,2.50000000000000000e-1
0,34,0,0,2.50000000000000000e-1
0,35,0,0,2.50000000000000000e-1
0,36,0,0,2.50000000000000000e-1
0,37,0,0,2.50000000000000000e-1
0,38,0,0,2.50000000000000000e-1
0,39,0,0,2.50000000000000000e-1
0,40,0,0,2.50000000000000000e-1
0,41,0,0,2.50000000000000000e-1
0,42,0,0,2.50000000000000000e-1
0,43,0,0,2.50000000000000000e-1
0,44,0,0,2.50000000000000000e-1
0,45,0,0,2.50000000000000000e-1
0,46,0,0,2.50000000000000000e-1
0,47,0,0,2.50000000000000000e-1
0,48,0,0,2.50000000000000000e-1
0,49,0,0,2.50000000000000000e-1
0,50,0,0,2.50000000000000000e-1
0,51,0,0,2.50000000000000000e-1
0,52,0,0,2.50000000000000000e-1
0,53,0,0,2.50000000000000000e-1
0,54,0,0,2.50000000000000000e-1
0,55,0,0,2.50000000000000000e-1
0,56,0,0,2.50000000000000000e-1
0,57,0,0,2.50000000000000000e-1
0,58,0,0,2.50000000000000000e-1
0,59,0,0,2.50000000000000000e-1
0,60,0,0,2.50000000000000000e-1
0,61,0,0,2.50000000000000000e-1
0,62,0,0,2.50000000000000000e-1
0,63,0,0,2.50000000000000000e-1
0,64,0,0,2.50000000000000000e-1
0,0,1,0,2.50000000000000000e-1
0,1,1,0,2.50000000000000000e-1
0,2,1,0,2.50000000000000000e-1
0,3,1,0,2.50000000000000000e-1
0,4,1,0,2.50000000000000000e-1
0,5,1,0,2.50000000000000000e-1
0,6,1,0,2.50000000000000000e-1
0,7,1,0,2.50000000000000000e-1
0,8,1,0,2.50000000000000000e-1
0,9,1,0,2.50000000000000000e-1
0,10,1,0,2.50000000000000000e-1
0,11,1,0,2.50000000000000000e-1
0,12,1,0,2.50000000000000000e-1
0,13,1,0,2.50000000000000000e-1
0,14,1,0,2.50000000000000000e-1
0,15,1,0,2.50000000000000000e-1
0,16,1,0,2.50000000000000000e-1
0,17,1,0,2.50000000000000000e-1
0,18,1,0,2.50000000000000000e-1
0,19,1,0,2.50000000000000000e-1
0,20,1,0,2.50000000000000000e-1
0,21,1,0,2.50000000000000000e-1
0,22,1,0,2.50000000000000000e-1
0,23,1,0,2.50000000000000000e-1
0,24,1,0,2.50000000000000000e-1
0,25,1,0,2.50000000000000000e-1
0,26,1,0,2.50000000000000000e-1
0,27,1,0,2.50000000000000000e-1
0,28,1,0,2.50000000000000000e-1
0,29,1,0,2.50000000000000000e-1
0,30,1,0,2.50000000000000000e-1
0,31,1,0,2.50000000000000000e-1
0,32,1,0,2.50000000000000000e-1
0,33,1,0,2.50000000000000000e-1
0,34,1,0,2.50000000000000000e-1
0,35,1,0,2.50000000000000000e-1
0,36,1,0,2.50000000000000000e-1
0,37,1,0,2.50000000000000000e-1
0,38,1,0,2.50000000000000000e-1
0,39,1,0,2.50000000000000000e-1
0,40,1,0,2.50000000000000000e-1
0,41,1,0,2.50000000000000000e-1
0,42,1,0,2.50000000000000000e-1
0,43,1,0,2.50000000000000000e-1
0,44,1,0,2.50000000000000000e-1
0,45,1,0,2.50000000000000000e-1
0,46,1,0,2.50000000000000000e-1
0,47,1,0,2.50000000000000000e-1
0,48,1,0,2.50000000000000000e-1
0,49,1,0,2.50000000000000000e-1
0,50,1,0,2.50000000000000000e-1
0,51,1,0,2.50000000000000000e-1
0,52,1,0,2.50000000000000000e-1
0,53,1,0,2.50000000000000000e-1
0,54,1,0,2.50000000000000000e-1
0,55,1,0,2.50000000000000000e-1
0,56,1,0,2.50000000000000000e-1
0,57,1,0,2.50000000000000000e-1
0,58,1,0,2.50000000000000000e-1
0,59,1,0,2.50000000000000000e-1
0,60,1,0,2.50000000000000000e-1
0,61,1,0,2.50000000000000000e-1
0,62,1,0,2.50000000000000000e-1
0,63,1,0,2.50000000000000000e-1
0,64,1,0,2.50000000000000000e-1
0,0,2,0,2.50000000000000000e-1
0,1,2,0,2.50000000000000000e-1
0,2,2,0,2.50000000000000000e-1
0,3,2,0,2.50000000000000000e-1
0,4,2,0,2.50000000000000000e-1
0,5,2,0,2.50000000000000000e-1
0,6,2,0,2.50000000000000000e-1
0,7,2,0,2.50000000000000000e-1
0,8,2,0,2.50000000000000000e-1
0,9,2,0,2.50000000000000000e-1
0,10,2,0,2.50000000000000000e-1
0,11,2,0,2.50000000000000000e-1
0,12,2,0,2.50000000000000000e-1
0,13,2,0,2.50000000000000000e-1
0,14,2,0,2.50000000000000000e-1
0,15,2,0,2.50000000000000000e-1
0,16,2,0,2.50000000000000000e-1
0,17,2,0,2.50000000000000000e-1
0,18,2,0,2.50000000000000000e-1
0,19,2,0,2.50000000000000000e-1
0,20,2,0,2.50000000000000000e-1
0,21,2,0,2.50000000000000000e-1
0,22,2,0,2.50000000000000000e-1
0,23,2,0,2.50000000000000000e-1
0,24,2,0,2.50000000000000000e-1
0,25,2,0,2.50000000000000000e-1
0,26,2,0,2.50000000000000000e-1
0,27,2,0,2.50000000000000000e-1
0,28,2,0,2.50000000000000000e-1
0,29,2,0,2.50000000000000000e-1
0,30,2,0,2.50000000000000000e-1
0,31,2,0,2.50000000000000000e-1
0,32,2,0,2.50000000000000000e-1
0,33,2,0,2.50000000000000000e-1
0,34,2,0,2.50000000000000000e-1
0,35,2,0,2.50000000000000000e-1
0,36,2,0,2.50000000000000000e-1
0,37,2,0,2.50000000000000000e-1
0,38,2,0,2.50000000000000000e-1
0,39,2,0,2.50000000000000000e-1
0,40,2,0,2.50000000000000000e-1
0,41,2,0,2.50000000000000000e-1
0,42,2,0,2.50000000000000000e-1
0,43,2,0,2.50000000000000000e-1
0,44,2,0,2.50000000000000000e-1
0,45,2,0,2.50000000000000000e-1
0,46,2,0,2.50000000000000000e-1
0,47,2,0,2.50000000000000000e-1
0,48,2,0,2.50000000000000000e-1
0,49,2,0,2.50000000000000000e-1
0,50,2,0,2.50000000000000000e-1
0,51,2,0,2.50000000000000000e-1
0,52,2,0,2.50000000000000000e-1
0,53,2,0,2.50000000000000000e-1
0,54,2,0,2.50000000000000000e-1
0,55,2,0,2.50000000000000000e-1
0,56,2,0,2.50000000000000000e-1
0,57,2,0,2.50000000000000000e-1
0,58,2,0,2.50000000000000000e-1
0,59,2,0,2.50000000000000000e-1
0,60,2,0,2.50000000000000000e-1
0,61,2,0,2.50000000000000000e-1
0,62,2,0,2.50000000000000000e-1
0,63,2,0,2.50000000000000000e-1
0,64,2,0,2.50000000000000000e-1
0,0,3,0,2.50000000000000000e-1
0,1,3,0,2.50000000000000000e-1
0,2,3,0,2.50000000000000000e-1
0,3,3,0,2.50000000000000000e-1
0,4,3,0,2.50000000000000000e-1
0,5,3,0,2.50000000000000000e-1
0,6,3,0,2.50000000000000000e-1
0,7,3,0,2.50000000000000000e-1
0,8,3,0,2.50000000000000000e-1
0,9,3,0,2.50000000000000000e-1
0,10,3,0,2.50000000000000000e-1
0,11,3,0,2.50000000000000000e-1
0,12,3,0,2.50000000000000000e-1
0,13,3,0,2.50000000000000000e-1
0,14,3,0,2.50000000000000000e-1
0,15,3,0,2.50000000000000000e-1
0,16,3,0,2.50000000000000000e-1
0,17,3,0,2.50000000000000000e-1
0,18,3,0,2.50000000000000000e-1
0,19,3,0,2.50000000000000000e-1
0,20,3,0,2.50000000000000000e-1
0,21,3,0,2.50000000000000000e-1
0,22,3,0,2.50000000000000000e-1
0,23,3,0,2.50000000000000000e-1
0,24,3,0,2.50000000000000000e-1
0,25,3,0,2.50000000000000000e-1
0,26,3,0,2.50000000000000000e-1
0,27,3,0,2.50000000000000000e-1
0,28,3,0,2.50000000000000000e-1
0,29,3,0,2.50000000000000000e-1
0,30,3,0,2.50000000000000000e-1
0,31,3,0,2.50000000000000000e-1
0,32,3,0,2.50000000000000000e-1
0,33,3,0,2.50000000000000000e-1
0,34,3,0,2.50000000000000000e-1
0,35,3,0,2.50000000000000000e-1
0,36,3,0,2.50000000000000000e-1
0,37,3,0,2.50000000000000000e-1
0,38,3,0,2.50000000000000000e-1
0,39,3,0,2.50000000000000000e-1
0,40,3,0,2.50000000000000000e-1
0,41,3,0,2.50000000000000000e-1
0,42,3,0,2.50000000000000000e-1
0,43,3,0,2.50000000000000000e-1
0,44,3,0,2.50000000000000000e-1
0,45,3,0,2.50000000000000000e-1
0,46,3,0,2.50000000000000000e-1
0,47,3,0,2.50000000000000000e-1
0,48,3,0,2.50000000000000000e-1
0,49,3,0,2.50000000000000000e-1
0,50,3,0,2.50000000000000000e-1
0,51,3,0,2.50000000000000000e-1
0,52,3,0,2.50000000000000000e-1
0,53,3,0,2.50000000000000000e-1
0,54,3,0,2.50000000000000000e-1
0,55,3,0,2.50000000000000000e-1
0,56,3,0,2.50000000000000000e-1
0,57,3,0,2.50000000000000000e-1
0,58,3,0,2.50000000000000000e-1
0,59,3,0,2.50000000000000000e-1
0,60,3,0,2.50000000000000000e-1
0,61,3,0,2.50000000000000000e-1
0,62,3,0,2.50000000000000000e-1
0,63,3,0,2.50000000000000000e-1
0,64,3,0,2.50000000000000000e-1
0,0,4,0,2.50000000000000000e-1
0,1,4,0,2.50000000000000000e-1
0,2,4,0,2.50000000000000000e-1
0,3,4,0,2.50000000000000000e-1
0,4,4,0,2.50000000000000000e-1
0,5,4,0,2.50000000000000000e-1
0,6,4,0,2.50000000000000000e-1
0,7,4,0,2.50000000000000000e-1
0,8,4,0,2.50000000000000000e-1
0,9,4,0,2.50000000000000000e-1
0,10,4,0,2.50000000000000000e-1
0,11,4,0,2.50000000000000000e-1
0,12,4,0,2.50000000000000000e-1
0,13,4,0,2.50000000000000000e-1
0,14,4,0,2.50000000000000000e-1
0,15,4,0,2.50000000000000000e-1
0,16,4,0,2.50000000000000000e-1
0,17,4,0,2.50000000000000000e-1
0,18,4,0,2.50000000000000000e-1
0,19,4,0,2.50000000000000000e-1
0,20,4,0,2.50000000000000000e-1
0,21,4,0,2.50000000000000000e-1
0,22,4,0,2.50000000000000000e-1
0,23,4,0,2.50000000000000000e-1
0,24,4,0,2.50000000000000000e-1
0,25,4,0,2.50000000000000000e-1
0,26,4,0,2.50000000000000000e-1
0,27,4,0,2.50000000000000000e-1
0,28,4,0,2.50000000000000000e-1
0,29,4,0,2.50000000000000000e-1
0,30,4,0,2.50000000000000000e-1
0,31,4,0,2.50000000000000000e-1
0,32,4,0,2.50000000000000000e-1
0,33,4,0,2.50000000000000000e-1
0,34,4,0,2.50000000000000000e-1
0,35,4,0,2.50000000000000000e-1
0,36,4,0,2.50000000000000000e-1
0,37,4,0,2.50000000000000000e-1
0,38,4,0,2.50000000000000000e-1
0,39,4,0,2.50000000000000000e-1
0,40,4,0,2.50000000000000000e-1
0,41,4,0,2.50000000000000000e-1
0,42,4,0,2.50000000000000000e-1
0,43,4,0,2.50000000000000000e-1
0,44,4,0,2.50000000000000000e-1
0,45,4,0,2.50000000000000000e-1
0,46,4,0,2.50000000000000000e-1
0,47,4,0,2.50000000000000000e-1
0,48,4,0,2.50000000000000000e-1
0,49,4,0,2.50000000000000000e-1
0,50,4,0,2.50000000000000000e-1
0,51,4,0,2.50000000000000000e-1
0,52,4,0,2.50000000000000000e-1
0,53,4,0,2.50000000000000000e-1
0,54,4,0,2.50000000000000000e-1
0,55,4,0,2.50000000000000000e-1
0,56,4,0,2.50000000000000000e-1
0,57,4,0,2.50000000000000000e-1
0,58,4,0,2.50000000000000000e-1
0,59,4,0,2.50000000000000000e-1
0,60,4,0,2.50000000000000000e-1
0,61,4,0,2.50000000000000000e-1
0,62,4,0,2.50000000000000000e-1
0,63,4,0,2.50000000000000000e-1
0,64,4,0,2.50000000000000000e-1
0,0,5,0,2.50000000000000000e-1
0,1,5,0,2.50000000000000000e-1
0,2,5,0,2.50000000000000000e-1
0,3,5,0,2.50000000000000000e-1
0,4,5,0,2.50000000000000000e-1
0,5,5,0,2.50000000000000000e-1
0,6,5,0,2.50000000000000000e-1
0,7,5,0,2.50000000000000000e-1
0,8,5,0,2.50000000000000000e-1
0,9,5,0,2.50000000000000000e-1
0,10,5,0,2.50000000000000000e-1
0,11,5,0,2.50000000000000000e-1
0,12,5,0,2.50000000000000000e-1
0,13,5,0,2.50000000000000000e-1
0,14,5,0,2.50000000000000000e-1
0,15,5,0,2.50000000000000000e-1
0,16,5,0,2.50000000000000000e-1
0,17,5,0,2.50000000000000000e-1
0,18,5,0,2.50000000000000000e-1
0,19,5,0,2.50000000000000000e-1
0,20,5,0,2.50000000000000000e-1
0,21,5,0,2.50000000000000000e-1
0,22,5,0,2.50000000000000000e-1
0,23,5,0,2.50000000000000000e-1
0,24,5,0,2.50000000000000000e-1
0,25,5,0,2.50000000000000000e-1
0,26,5,0,2.50000000000000000e-1
0,27,5,0,2.50000000000000000e-1
0,28,5,0,2.50000000000000000e-1
0,29,5,0,2.50000000000000000e-1
0,30,5,0,2.50000000000000000e-1
0,31,5,0,2.50000000000000000e-1
0,32,5,0,2.50000000000000000e-1
0,33,5,0,2.50000000000000000e-1
0,34,5,0,2.50000000000000000e-1
0,35,5,0,2.50000000000000000e-1
0,36,5,0,2.50000000000000000e-1
0,37,5,0,2.50000000000000000e-1
0,38,5,0,2.50000000000000000e-1
0,39,5,0,2.50000000000000000e-1
0,40,5,0,2.50000000000000000e-1
0,41,5,0,2.50000000000000000e-1
0,42,5,0,2.50000000000000000e-1
0,43,5,0,2.50000000000000000e-1
0,44,5,0,2.50000000000000000e-1
0,45,5,0,2.50000000000000000e-1
0,46,5,0,2.50000000000000000e-1
0,47,5,0,2.50000000000000000e-1
0,48,5,0,2.50000000000000000e-1
0,49,5,0,2.50000000000000000e-1
0,50,5,0,2.50000000000000000e-1
0,51,5,0,2.50000000000000000e-1
0,52,5,0,2.50000000000000000e-1
0,53,5,0,2.50000000000000000e-1
0,54,5,0,2.50000000000000000e-1
0,55,5,0,2.50000000000000000e-1
0,56,5,0,2.50000000000000000e-1
0,57,5,0,2.50000000000000000e-1
0,58,5,0,2.50000000000000000e-1
0,59,5,0,2.50000000000000000e-1
0,60,5,0,2.50000000000000000e-1
0,61,5,0,2.50000000000000000e-1
0,62,5,0,2.50000000000000000e-1
0,63,5,0,2.50000000000000000e-1
0,64,5,0,2.50000000000000000e-1
0,0,6,0,2.50000000000000000e-1
0,1,6,0,2.50000000000000000e-1
0,2,6,0,2.50000000000000000e-1
0,3,6,0,2.50000000000000000e-1
0,4,6,0,2.50000000000000000e-1
0,5,6,0,2.50000000000000000e-1
0,6,6,0,2.50000000000000000e-1
0,7,6,0,2.50000000000000000e-1
0,8,6,0,2.50000000000000000e-1
0,9,6,0,2.50000000000000000e-1
0,10,6,0,2.50000000000000000e-1
0,11,6,0,2.50000000000000000e-1
0,12,6,0,2.50000000000000000e-1
0,13,6,0,2.50000000000000000e-1
0,14,6,0,2.50000000000000000e-1
0,15,6,0,2.50000000000000000e-1
0,16,6,0,2.50000000000000000e-1
0,17,6,0,2.50000000000000000e-1
0,18,6,0,2.50000000000000000e-1
0,19,6,0,2.50000000000000000e-1
0,20,6,0,2.50000000000000000e-1
0,21,6,0,2.50000000000000000e-1
0,22,6,0,2.50000000000000000e-1
0,23,6,0,2.50000000000000000e-1
0,24,6,0,2.50000000000000000e-1
0,25,6,0,2.50000000000000000e-1
0,26,6,0,2.50000000000000000e-1
0,27,6,0,2.50000000000000000e-1
0,28,6,0,2.50000000000000000e-1
0,29,6,0,2.50000000000000000e-1
0,30,6,0,2.50000000000000000e-1
0,31,6,0,2.50000000000000000e-1
0,32,6,0,2.50000000000000000e-1
0,33,6,0,2.50000000000000000e-1
0,34,6,0,2.50000000000000000e-1
0,35,6,0,2.50000000000000000e-1
0,36,6,0,2.50000000000000000e-1
0,37,6,0,2.50000000000000000e-1
0,38,6,0,2.50000000000000000e-1
0,39,6,0,2.50000000000000000e-1
0,40,6,0,2.50000000000000000e-1
0,41,6,0,2.50000000000000000e-1
0,42,6,0,2.50000000000000000e-1
0,43,6,0,2.50000000000000000e-1
0,44,6,0,2.50000000000000000e-1
0,45,6,0,2.50000000000000000e-1
0,46,6,0,2.50000000000000000e-1
0,47,6,0,2.50000000000000000e-1
0,48,6,0,2.50000000000000000e-1
0,49,6,0,2.50000000000000000e-1
0,50,6,0,2.50000000000000000e-1
0,51,6,0,2.50000000000000000e-1
0,52,6,0,2.50000000000000000e-1
0,53,6,0,2.50000000000000000e-1
0,54,6,0,2.50000000000000000e-1
0,55,6,0,2.50000000000000000e-1
0,56,6,0,2.50000000000000000e-1
0,57,6,0,2.50000000000000000e-1
0,58,6,0,2.50000000000000000e-1
0,59,6,0,2.50000000000000000e-1
0,60,6,0,2.50000000000000000e-1
0,61,6,0,2.50000000000000000e-1
0,62,6,0,2.50000000000000000e-1
0,63,6,0,2.50000000000000000e-1
0,64,6,0,2.50000000000000000e-1
0,0,7,0,2.50000000000000000e-1
0,1,7,0,2.50000000000000000e-1
0,2,7,0,2.50000000000000000e-1
0,3,7,0,2.50000000000000000e-1
0,4,7,0,2.50000000000000000e-1
0,5,7,0,2.50000000000000000e-1
0,6,7,0,2.50000000000000000e-1
0,7,7,0,2.50000000000000000e-1
0,8,7,0,2.50000000000000000e-1
0,9,7,0,2.50000000000000000e-1
0,10,7,0,2.50000000000000000e-1
0,11,7,0,2.50000000000000000e-1
0,12,7,0,2.50000000000000000e-1
0,13,7,0,2.50000000000000000e-1
0,14,7,0,2.50000000000000000e-1
0,15,7,0,2.50000000000000000e-1
0,16,7,0,2.50000000000000000e-1
0,17,7,0,2.50000000000000000e-1
0,18,7,0,2.50000000000000000e-1
0,19,7,0,2.50000000000000000e-1
0,20,7,0,2.50000000000000000e-1
0,21,7,0,2.50000000000000000e-1
0,22,7,0,2.50000000000000000e-1
0,23,7,0,2.50000000000000000e-1
0,24,7,0,2.50000000000000000e-1
0,25,7,0,2.50000000000000000e-1
0,26,7,0,2.50000000000000000e-1
0,27,7,0,2.50000000000000000e-1
0,28,7,0,2.50000000000000000e-1
0,29,7,0,2.50000000000000000e-1
0,30,7,0,2.50000000000000000e-1
0,31,7,0,2.50000000000000000e-1
0,32,7,0,2.50000000000000000e-1
0,33,7,0,2.50000000000000000e-1
0,34,7,0,2.50000000000000000e-1
0,35,7,0,2.50000000000000000e-1
0,36,7,0,2.50000000000000000e-1
0,37,7,0,2.50000000000000000e-1
0,38,7,0,2.50000000000000000e-1
0,39,7,0,2.50000000000000000e-1
0,40,7,0,2.50000000000000000e-1
0,41,7,0,2.50000000000000000e-1
0,42,7,0,2.50000000000000000e-1
0,43,7,0,2.50000000000000000e-1
0,44,7,0,2.50000000000000000e-1
0,45,7,0,2.50000000000000000e-1
0,46,7,0,2.50000000000000000e-1
0,47,7,0,2.50000000000000000e-1
0,48,7,0,2.50000000000000000e-1
0,49,7,0,2.50000000000000000e-1
0,50,7,0,2.50000000000000000e-1
0,51,7,0,2.50000000000000000e-1
0,52,7,0,2.50000000000000000e-1
0,53,7,0,2.50000000000000000e-1
0,54,7,0,2.50000000000000000e-1
0,55,7,0,2.50000000000000000e-1
0,56,7,0,2.50000000000000000e-1
0,57,7,0,2.50000000000000000e-1
0,58,7,0,2.50000000000000000e-1
0,59,7,0,2.50000000000000000e-1
0,60,7,0,2.50000000000000000e-1
0,61,7,0,2.50000000000000000e-1
0,62,7,0,2.50000000000000000e-1
0,63,7,0,2.50000000000000000e-1
0,64,7,0,2.50000000000000000e-1
0,0,0,1,2.50000000000000000e-1
0,1,0,1,2.50000000000000000e-1
0,2,0,1,2.50000000000000000e-1
0,3,0,1,2.50000000000000000e-1
0,4,0,1,2.50000000000000000e-1
0,5,0,1,2.50000000000000000e-1
0,6,0,1,2.50000000000000000e-1
0,7,0,1,2.50000000000000000e-1
0,8,0,1,2.50000000000000000e-1
0,9,0,1,2.50000000000000000e-1
0,10,0,1,2.50000000000000000e-1
0,11,0,1,2.50000000000000000e-1
0,12,0,1,2.50000000000000000e-1
0,13,0,1,2.50000000000000000e-1
0,14,0,1,2.50000000000000000e-1
0,15,0,1,2.50000000000000000e-1
0,16,0,1,2.50000000000000000e-1
0,17,0,1,2.50000000000000000e-1
0,18,0,1,2.50000000000000000e-1
0,19,0,1,2.50000000000000000e-1
0,20,0,1,2.50000000000000000e-1
0,21,0,1,2.50000000000000000e-1
0,22,0,1,2.50000000000000000e-1
0,23,0,1,2.50000000000000000e-1
0,24,0,1,2.50000000000000000e-1
0,25,0,1,2.50000000000000000e-1
0,26,0,1,2.50000000000000000e-1
0,27,0,1,2.50000000000000000e-1
0,28,0,1,2.50000000000000000e-1
0,29,0,1,2.50000000000000000e-1
0,30,0,1,2.50000000000000000e-1
0,31,0,1,2.50000000000000000e-1
0,32,0,1,2.50000000000000000e-1
0,33,0,1,2.50000000000000000e-1
0,34,0,1,2.50000000000000000e-1
0,35,0,1,2.50000000000000000e-1
0,36,0,1,2.50000000000000000e-1
0,37,0,1,2.50000000000000000e-1
0,38,0,1,2.50000000000000000e-1
0,39,0,1,2.50000000000000000e-1
0,40,0,1,2.50000000000000000e-1
0,41,0,1,2.50000000000000000e-1
0,42,0,1,2.50000000000000000e-1
0,43,0,1,2.50000000000000000e-1
0,44,0,1,2.50000000000000000e-1
0,45,0,1,2.50000000000000000e-1
0,46,0,1,2.50000000000000000e-1
0,47,0,1,2.50000000000000000e-1
0,48,0,1,2.50000000000000000e-1
0,49,0,1,2.50000000000000000e-1
0,50,0,1,2.50000000000000000e-1
0,51,0,1,2.50000000000000000e-1
0,52,0,1,2.50000000000000000e-1
0,53,0,1,2.50000000000000000e-1
0,54,0,1,2.50000000000000000e-1
0,55,0,1,2.50000000000000000e-1
0,56,0,1,2.50000000000000000e-1
0,57,0,1,2.50000000000000000e-1
0,58,0,1,2.50000000000000000e-1
0,59,0,1,2.50000000000000000e-1
0,60,0,1,2.50000000000000000e-1
0,61,0,1,2.50000000000000000e-1
0,62,0,1,2.50000000000000000e-1
0,63,0,1,2.50000000000000000e-1
0,64,0,1,2.50000000000000000e-1
0,0,1,1,2.50000000000000000e-1
0,1,1,1,2.50000000000000000e-1
0,2,1,1,2.50000000000000000e-1
0,3,1,1,2.50000000000000000e-1
0,4,1,1,2.50000000000000000e-1
0,5,1,1,2.50000000000000000e-1
0,6,1,1,2.50000000000000000e-1
0,7,1,1,2.50000000000000000e-1
0,8,1,1,2.50000000000000000e-1
0,9,1,1,2.50000000000000000e-1
0,10,1,1,2.50000000000000000e-1
0,11,1,1,2.50000000000000000e-1
0,12,1,1,2.50000000000000000e-1
0,13,1,1,2.50000000000000000e-1
0,14,1,1,2.50000000000000000e-1
0,15,1,1,2.50000000000000000e-1
0,16,1,1,2.50000000000000000e-1
0,17,1,1,2.50000000000000000e-1
0,18,1,1,2.50000000000000000e-1
0,19,1,1,2.50000000000000000e-1
0,20,1,1,2.50000000000000000e-1
0,21,1,1,2.50000000000000000e-1
0,22,1,1,2.50000000000000000e-1
0,23,1,1,2.50000000000000000e-1
0,24,1,1,2.50000000000000000e-1
0,25,1,1,2.50000000000000000e-1
0,26,1,1,2.50000000000000000e-1
0,27,1,1,2.50000000000000000e-1
0,28,1,1,2.50000000000000000e-1
0,29,1,1,2.50000000000000000e-1
0,30,1,1,2.50000000000000000e-1
0,31,1,1,2.50000000000000000e-1
0,32,1,1,2.50000000000000000e-1
0,33,1,1,2.50000000000000000e-1
0,34,1,1,2.50000000000000000e-1
0,35,1,1,2.50000000000000000e-1
0,36,1,1,2.50000000000000000e-1
0,37,1,1,2.50000000000000000e-1
0,38,1,1,2.50000000000000000e-1
0,39,1,1,2.50000000000000000e-1
0,40,1,1,2.50000000000000000e-1
0,41,1,1,2.50000000000000000e-1
0,42,1,1,2.50000000000000000e-1
0,43,1,1,2.50000000000000000e-1
0,44,1,1,2.50000000000000000e-1
0,45,1,1,2.50000000000000000e-1
0,46,1,1,2.50000000000000000e-1
0,47,1,1,2.50000000000000000e-1
0,48,1,1,2.50000000000000000e-1
0,49,1,1,2.50000000000000000e-1
0,50,1,1,2.50000000000000000e-1
0,51,1,1,2.50000000000000000e-1
0,52,1,1,2.50000000000000000e-1
0,53,1,1,2.50000000000000000e-1
0,54,1,1,2.50000000000000000e-1
0,55,1,1,2.50000000000000000e-1
0,56,1,1,2.50000000000000000e-1
0,57,1,1,2.50000000000000000e-1
0,58,1,1,2.50000000000000000e-1
0,59,1,1,2.50000000000000000e-1
0,60,1,1,2.50000000000000000e-1
0,61,1,1,2.50000000000000000e-1
0,62,1,1,2.50000000000000000e-1
0,63,1,1,2.50000000000000000e-1
0,64,1,1,2.50000000000000000e-1
0,0,2,1,2.50000000000000000e-1
0,1,2,1,2.50000000000000000e-1
0,2,2,1,2.50000000000000000e-1
0,3,2,1,2.50000000000000000e-1
0,4,2,1,2.50000000000000000e-1
0,5,2,1,2.50000000000000000e-1
0,6,2,1,2.50000000000000000e-1
0,7,2,1,2.50000000000000000e-1
0,8,2,1,2.50000000000000000e-1
0,9,2,1,2.50000000000000000e-1
0,10,2,1,2.50000000000000000e-1
0,11,2,1,2.50000000000000000e-1
0,12,2,1,2.50000000000000000e-1
0,13,2,1,2.50000000000000000e-1
0,14,2,1,2.50000000000000000e-1
0,15,2,1,2.50000000000000000e-1
0,16,2,1,2.50000000000000000e-1
0,17,2,1,2.50000000000000000e-1
0,18,2,1,2.50000000000000000e-1
0,19,2,1,2.50000000000000000e-1
0,20,2,1,2.50000000000000000e-1
0,21,2,1,2.50000000000000000e-1
0,22,2,1,2.50000000000000000e-1
0,23,2,1,2.50000000000000000e-1
0,24,2,1,2.50000000000000000e-1
0,25,2,1,2.50000000000000000e-1
0,26,2,1,2.50000000000000000e-1
0,27,2,1,2.50000000000000000e-1
0,28,2,1,2.50000000000000000e-1
0,29,2,1,2.50000000000000000e-1
0,30,2,1,2.50000000000000000e-1
0,31,2,1,2.50000000000000000e-1
0,32,2,1,2.50000000000000000e-1
0,33,2,1,2.50000000000000000e-1
0,34,2,1,2.50000000000000000e-1
0,35,2,1,2.50000000000000000e-1
0,36,2,1,2.50000000000000000e-1
0,37,2,1,2.50000000000000000e-1
0,38,2,1,2.50000000000000000e-1
0,39,2,1,2.50000000000000000e-1
0,40,2,1,2.50000000000000000e-1
0,41,2,1,2.50000000000000000e-1
0,42,2,1,2.50000000000000000e-1
0,43,2,1,2.50000000000000000e-1
0,44,2,1,2.50000000000000000e-1
0,45,2,1,2.50000000000000000e-1
0,46,2,1,2.50000000000000000e-1
0,47,2,1,2.50000000000000000e-1
0,48,2,1,2.50000000000000000e-1
0,49,2,1,2.50000000000000000e-1
0,50,2,1,2.50000000000000000e-1
0,51,2,1,2.50000000000000000e-1
0,52,2,1,2.50000000000000000e-1
0,53,2,1,2.50000000000000000e-1
0,54,2,1,2.50000000000000000e-1
0,55,2,1,2.50000000000000000e-1
0,56,2,1,2.50000000000000000e-1
0,57,2,1,2.50000000000000000e-1
0,58,2,1,2.50000000000000000e-1
0,59,2,1,2.50000000000000000e-1
0,60,2,1,2.50000000000000000e-1
0,61,2,1,2.50000000000000000e-1
0,62,2,1,2.50000000000000000e-1
0,63,2,1,2.50000000000000000e-1
0,64,2,1,2.50000000000000000e-1
0,0,3,1,2.50000000000000000e-1
0,1,3,1,2.50000000000000000e-1
0,2,3,1,2.50000000000000000e-1
0,3,3,1,2.50000000000000000e-1
0,4,3,1,2.50000000000000000e-1
0,5,3,1,2.50000000000000000e-1
0,6,3,1,2.50000000000000000e-1
0,7,3,1,2.50000000000000000e-1
0,8,3,1,2.50000000000000000e-1
0,9,3,1,2.50000000000000000e-1
0,10,3,1,2.50000000000000000e-1
0,11,3,1,2.50000000000000000e-1
0,12,3,1,2.50000000000000000e-1
0,13,3,1,2.50000000000000000e-1
0,14,3,1,2.50000000000000000e-1
0,15,3,1,2.50000000000000000e-1
0,16,3,1,2.50000000000000000e-1
0,17,3,1,2.50000000000000000e-1
0,18,3,1,2.50000000000000000e-1
0,19,3,1,2.50000000000000000e-1
0,20,3,1,2.50000000000000000e-1
0,21,3,1,2.50000000000000000e-1
0,22,3,1,2.50000000000000000e-1
0,23,3,1,2.50000000000000000e-1
0,24,3,1,2.50000000000000000e-1
0,25,3,1,2.50000000000000000e-1
0,26,3,1,2.50000000000000000e-1
0,27,3,1,2.50000000000000000e-1
0,28,3,1,2.50000000000000000e-1
0,29,3,1,2.50000000000000000e-1
0,30,3,1,2.50000000000000000e-1
0,31,3,1,2.50000000000000000e-1
0,32,3,1,2.50000000000000000e-1
0,33,3,1,2.50000000000000000e-1
0,34,3,1,2.50000000000000000e-1
0,35,3,1,2.50000000000000000e-1
0,36,3,1,2.50000000000000000e-1
0,37,3,1,2.50000000000000000e-1
0,38,3,1,2.50000000000000000e-1
0,39,3,1,2.50000000000000000e-1
0,40,3,1,2.50000000000000000e-1
0,41,3,1,2.50000000000000000e-1
0,42,3,1,2.50000000000000000e-1
0,43,3,1,2.50000000000000000e-1
0,44,3,1,2.50000000000000000e-1
0,45,3,1,2.50000000000000000e-1
0,46,3,1,2.50000000000000000e-1
0,47,3,1,2.50000000000000000e-1
0,48,3,1,2.50000000000000000e-1
0,49,3,1,2.50000000000000000e-1
0,50,3,1,2.50000000000000000e-1
0,51,3,1,2.50000000000000000e-1
0,52,3,1,2.50000000000000000e-1
0,53,3,1,2.50000000000000000e-1
0,54,3,1,2.50000000000000000e-1
0,55,3,1,2.50000000000000000e-1
0,56,3,1,2.50000000000000000e-1
0,57,3,1,2.50000000000000000e-1
0,58,3,1,2.50000000000000000e-1
0,59,3,1,2.50000000000000000e-1
0,60,3,1,2.50000000000000000e-1
0,61,3,1,2.50000000000000000e-1
0,62,3,1,2.50000000000000000e-1
0,63,3,1,2.50000000000000000e-1
0,64,3,1,2.50000000000000000e-1
0,0,4,1,2.50000000000000000e-1
0,1,4,1,2.50000000000000000e-1
0,2,4,1,2.50000000000000000e-1
0,3,4,1,2.50000000000000000e-1
0,4,4,1,2.50000000000000000e-1
0,5,4,1,2.50000000000000000e-1
0,6,4,1,2.50000000000000000e-1
0,7,4,1,2.50000000000000000e-1
0,8,4,1,2.50000000000000000e-1
0,9,4,1,2.50000000000000000e-1
0,10,4,1,2.50000000000000000e-1
0,11,4,1,2.50000000000000000e-1
0,12,4,1,2.50000000000000000e-1
0,13,4,1,2.50000000000000000e-1
0,14,4,1,2.50000000000000000e-1
0,15,4,1,2.50000000000000000e-1
0,16,4,1,2.50000000000000000e-1
0,17,4,1,2.50000000000000000e-1
0,18,4,1,2.50000000000000000e-1
0,19,4,1,2.50000000000000000e-1
0,20,4,1,2.50000000000000000e-1
0,21,4,1,2.50000000000000000e-1
0,22,4,1,2.50000000000000000e-1
0,23,4,1,2.50000000000000000e-1
0,24,4,1,2.50000000000000000e-1
0,25,4,1,2.50000000000000000e-1
0,26,4,1,2.50000000000000000e-1
0,27,4,1,2.50000000000000000e-1
0,28,4,1,2.50000000000000000e-1
0,29,4,1,2.50000000000000000e-1
0,30,4,1,2.50000000000000000e-1
0,31,4,1,2.50000000000000000e-1
0,32,4,1,2.50000000000000000e-1
0,33,4,1,2.50000000000000000e-1
0,34,4,1,2.50000000000000000e-1
0,35,4,1,2.50000000000000000e-1
0,36,4,1,2.50000000000000000e-1
0,37,4,1,2.50000000000000000e-1
0,38,4,1,2.50000000000000000e-1
0,39,4,1,2.50000000000000000e-1
0,40,4,1,2.50000000000000000e-1
0,41,4,1,2.50000000000000000e-1
0,42,4,1,2.50000000000000000e-1
0,43,4,1,2.50000000000000000e-1
0,44,4,1,2.50000000000000000e-1
0,45,4,1,2.50000000000000000e-1
0,46,4,1,2.50000000000000000e-1
0,47,4,1,2.50000000000000000e-1
0,48,4,1,2.50000000000000000e-1
0,49,4,1,2.50000000000000000e-1
0,50,4,1,2.50000000000000000e-1
0,51,4,1,2.50000000000000000e-1
0,52,4,1,2.50000000000000000e-1
0,53,4,1,2.50000000000000000e-1
0,54,4,1,2.50000000000000000e-1
0,55,4,1,2.50000000000000000e-1
0,56,4,1,2.50000000000000000e-1
0,57,4,1,2.50000000000000000e-1
0,58,4,1,2.50000000000000000e-1
0,59,4,1,2.50000000000000000e-1
0,60,4,1,2.50000000000000000e-1
0,61,4,1,2.50000000000000000e-1
0,62,4,1,2.50000000000000000e-1
0,63,4,1,2.50000000000000000e-1
0,64,4,1,2.50000000000000000e-1
0,0,5,1,2.50000000000000000e-1
0,1,5,1,2.50000000000000000e-1
0,2,5,1,2.50000000000000000e-1
0,3,5,1,2.50000000000000000e-1
0,4,5,1,2.50000000000000000e-1
0,5,5,1,2.50000000000000000e-1
0,6,5,1,2.50000000000000000e-1
0,7,5,1,2.50000000000000000e-1
0,8,5,1,2.50000000000000000e-1
0,9,5,1,2.50000000000000000e-1
0,10,5,1,2.50000000000000000e-1
0,11,5,1,2.50000000000000000e-1
0,12,5,1,2.50000000000000000e-1
0,13,5,1,2.50000000000000000e-1
0,14,5,1,2.50000000000000000e-1
0,15,5,1,2.50000000000000000e-1
0,16,5,1,2.50000000000000000e-1
0,17,5,1,2.50000000000000000e-1
0,18,5,1,2.50000000000000000e-1
0,19,5,1,2.50000000000000000e-1
0,20,5,1,2.50000000000000000e-1
0,21,5,1,2.50000000000000000e-1
0,22,5,1,2.50000000000000000e-1
0,23,5,1,2.50000000000000000e-1
0,24,5,1,2.50000000000000000e-1
0,25,5,1,2.50000000000000000e-1
0,26,5,1,2.50000000000000000e-1
0,27,5,1,2.50000000000000000e-1
0,28,5,1,2.50000000000000000e-1
0,29,5,1,2.50000000000000000e-1
0,30,5,1,2.50000000000000000e-1
0,31,5,1,2.50000000000000000e-1
0,32,5,1,2.50000000000000000e-1
0,33,5,1,2.50000000000000000e-1
0,34,5,1,2.50000000000000000e-1
0,35,5,1,2.50000000000000000e-1
0,36,5,1,2.50000000000000000e-1
0,37,5,1,2.50000000000000000e-1
0,38,5,1,2.50000000000000000e-1
0,39,5,1,2.50000000000000000e-1
0,40,5,1,2.50000000000000000e-1
0,41,5,1,2.50000000000000000e-1
0,42,5,1,2.50000000000000000e-1
0,43,5,1,2.50000000000000000e-1
0,44,5,1,2.50000000000000000e-1
0,45,5,1,2.50000000000000000e-1
0,46,5,1,2.50000000000000000e-1
0,47,5,1,2.50000000000000000e-1
0,48,5,1,2.50000000000000000e-1
0,49,5,1,2.50000000000000000e-1
0,50,5,1,2.50000000000000000e-1
0,51,5,1,2.50000000000000000e-1
0,52,5,1,2.50000000000000000e-1
0,53,5,1,2.50000000000000000e-1
0,54,5,1,2.50000000000000000e-1
0,55,5,1,2.50000000000000000e-1
0,56,5,1,2.50000000000000000e-1
0,57,5,1,2.50000000000000000e-1
0,58,5,1,2.50000000000000000e-1
0,59,5,1,2.50000000000000000e-1
0,60,5,1,2.50000000000000000e-1
0,61,5,1,2.50000000000000000e-1
0,62,5,1,2.50000000000000000e-1
0,63,5,1,2.50000000000000000e-1
0,64,5,1,2.50000000000000000e-1
0,0,6,1,2.50000000000000000e-1
0,1,6,1,2.50000000000000000e-1
0,2,6,1,2.50000000000000000e-1
0,3,6,1,2.50000000000000000e-1
0,4,6,1,2.50000000000000000e-1
0,5,6,1,2.50000000000000000e-1
0,6,6,1,2.50000000000000000e-1
0,7,6,1,2.50000000000000000e-1
0,8,6,1,2.50000000000000000e-1
0,9,6,1,2.50000000000000000e-1
0,10,6,1,2.50000000000000000e-1
0,11,6,1,2.50000000000000000e-1
0,12,6,1,2.50000000000000000e-1
0,13,6,1,2.50000000000000000e-1
0,14,6,1,2.50000000000000000e-1
0,15,6,1,2.50000000000000000e-1
0,16,6,1,2.50000000000000000e-1
0,17,6,1,2.50000000000000000e-1
0,18,6,1,2.50000000000000000e-1
0,19,6,1,2.50000000000000000e-1
0,20,6,1,2.50000000000000000e-1
0,21,6,1,2.50000000000000000e-1
0,22,6,1,2.50000000000000000e-1
0,23,6,1,2.50000000000000000e-1
0,24,6,1,2.50000000000000000e-1
0,25,6,1,2.50000000000000000e-1
0,26,6,1,2.50000000000000000e-1
0,27,6,1,2.50000000000000000e-1
0,28,6,1,2.50000000000000000e-1
0,29,6,1,2.50000000000000000e-1
0,30,6,1,2.50000000000000000e-1
0,31,6,1,2.50000000000000000e-1
0,32,6,1,2.50000000000000000e-1
0,33,6,1,2.50000000000000000e-1
0,34,6,1,2.50000000000000000e-1
0,35,6,1,2.50000000000000000e-1
0,36,6,1,2.50000000000000000e-1
0,37,6,1,2.50000000000000000e-1
0,38,6,1,2.50000000000000000e-1
0,39,6,1,2.50000000000000000e-1
0,40,6,1,2.50000000000000000e-1
0,41,6,1,2.50000000000000000e-1
0,42,6,1,2.50000000000000000e-1
0,43,6,1,2.50000000000000000e-1
0,44,6,1,2.50000000000000000e-1
0,45,6,1,2.50000000000000000e-1
0,46,6,1,2.50000000000000000e-1
0,47,6,1,2.50000000000000000e-1
0,48,6,1,2.50000000000000000e-1
0,49,6,1,2.50000000000000000e-1
0,50,6,1,2.50000000000000000e-1
0,51,6,1,2.50000000000000000e-1
0,52,6,1,2.50000000000000000e-1
0,53,6,1,2.50000000000000000e-1
0,54,6,1,2.50000000000000000e-1
0,55,6,1,2.50000000000000000e-1
0,56,6,1,2.50000000000000000e-1
0,57,6,1,2.50000000000000000e-1
0,58,6,1,2.50000000000000000e-1
0,59,6,1,2.50000000000000000e-1
0,60,6,1,2.50000000000000000e-1
0,61,6,1,2.50000000000000000e-1
0,62,6,1,2.50000000000000000e-1
0,63,6,1,2.50000000000000000e-1
0,64,6,1,2.50000000000000000e-1
0,0,7,1,2.50000000000000000e-1
0,1,7,1,2.50000000000000000e-1
0,2,7,1,2.50000000000000000e-1
0,3,7,1,2.50000000000000000e-1
0,4,7,1,2.50000000000000000e-1
0,5,7,1,2.50000000000000000e-1
0,6,7,1,2.50000000000000000e-1
0,7,7,1,2.50000000000000000e-1
0,8,7,1,2.50000000000000000e-1
0,9,7,1,2.50000000000000000e-1
0,10,7,1,2.50000000000000000e-1
0,11,7,1,2.50000000000000000e-1
0,12,7,1,2.50000000000000000e-1
0,13,7,1,2.50000000000000000e-1
0,14,7,1,2.50000000000000000e-1
0,15,7,1,2.50000000000000000e-1
0,16,7,1,2.50000000000000000e-1
0,17,7,1,2.50000000000000000e-1
0,18,7,1,2.50000000000000000e-1
0,19,7,1,2.50000000000000000e-1
0,20,7,1,2.50000000000000000e-1
0,21,7,1,2.50000000000000000e-1
0,22,7,1,2.50000000000000000e-1
0,23,7,1,2.50000000000000000e-1
0,24,7,1,2.50000000000000000e-1
0,25,7,1,2.50000000000000000e-1
0,26,7,1,2.50000000000000000e-1
0,27,7,1,2.50000000000000000e-1
0,28,7,1,2.50000000000000000e-1
0,29,7,1,2.50000000000000000e-1
0,30,7,1,2.50000000000000000e-1
0,31,7,1,2.50000000000000000e-1
0,32,7,1,2.50000000000000000e-1
0,33,7,1,2.50000000000000000e-1
0,34,7,1,2.50000000000000000e-1
0,35,7,1,2.50000000000000000e-1
0,36,7,1,2.50000000000000000e-1
0,37,7,1,2.50000000000000000e-1
0,38,7,1,2.50000000000000000e-1
0,39,7,1,2.50000000000000000e-1
0,40,7,1,2.50000000000000000e-1
0,41,7,1,2.50000000000000000e-1
0,42,7,1,2.50000000000000000e-1
0,43,7,1,2.50000000000000000e-1
0,44,7,1,2.50000000000000000e-1
0,45,7,1,2.50000000000000000e-1
0,46,7,1,2.50000000000000000e-1
0,47,7,1,2.50000000000000000e-1
0,48,7,1,2.50000000000000000e-1
0,49,7,1,2.50000000000000000e-1
0,50,7,1,2.50000000000000000e-1
0,51,7,1,2.50000000000000000e-1
0,52,7,1,2.50000000000000000e-1
0,53,7,1,2.50000000000000000e-1
0,54,7,1,2.50000000000000000e-1
0,55,7,1,2.50000000000000000e-1
0,56,7,1,2.50000000000000000e-1
0,57,7,1,2.50000000000000000e-1
0,58,7,1,2.50000000000000000e-1
0,59,7,1,2.50000000000000000e-1
0,60,7,1,2.50000000000000000e-1
0,61,7,1,2.50000000000000000e-1
0,62,7,1,2.50000000000000000e-1
0,63,7,1,2.50000000000000000e-1
0,64,7,1,2.50000000000000000e-1
0,0,0,2,2.50000000000000000e-1
0,1,0,2,2.50000000000000000e-1
0,2,0,2,2.50000000000000000e-1
0,3,0,2,2.50000000000000000e-1
0,4,0,2,2.50000000000000000e-1
0,5,0,2,2.50000000000000000e-1
0,6,0,2,2.50000000000000000e-1
0,7,0,2,2.50000000000000000e-1
0,8,0,2,2.50000000000000000e-1
0,9,0,2,2.50000000000000000e-1
0,10,0,2,2.50000000000000000e-1
0,11,0,2,2.50000000000000000e-1
0,12,0,2,2.50000000000000000e-1
0,13,0,2,2.50000000000000000e-1
0,14,0,2,2.50000000000000000e-1
0,15,0,2,2.50000000000000000e-1
0,16,0,2,2.50000000000000000e-1
0,17,0,2,2.50000000000000000e-1
0,18,0,2,2.50000000000000000e-1
0,19,0,2,2.50000000000000000e-1
0,20,0,2,2.50000000000000000e-1
0,21,0,2,2.50000000000000000e-1
0,22,0,2,2.50000000000000000e-1
0,23,0,2,2.50000000000000000e-1
0,24,0,2,2.50000000000000000e-1
0,25,0,2,2.50000000000000000e-1
0,26,0,2,2.50000000000000000e-1
0,27,0,2,2.50000000000000000e-1
0,28,0,2,2.50000000000000000e-1
0,29,0,2,2.50000000000000000e-1
0,30,0,2,2.50000000000000000e-1
0,31,0,2,2.50000000000000000e-1
0,32,0,2,2.50000000000000000e-1
0,33,0,2,2.50000000000000000e-1
0,34,0,2,2.50000000000000000e-1
0,35,0,2,2.50000000000000000e-1
0,36,0,2,2.50000000000000000e-1
0,37,0,2,2.50000000000000000e-1
0,38,0,2,2.50000000000000000e-1
0,39,0,2,2.50000000000000000e-1
0,40,0,2,2.50000000000000000e-1
0,41,0,2,2.50000000000000000e-1
0,42,0,2,2.50000000000000000e-1
0,43,0,2,2.50000000000000000e-1
0,44,0,2,2.50000000000000000e-1
0,45,0,2,2.50000000000000000e-1
0,46,0,2,2.50000000000000000e-1
0,47,0,2,2.50000000000000000e-1
0,48,0,2,2.50000000000000000e-1
0,49,0,2,2.50000000000000000e-1
0,50,0,2,2.50000000000000000e-1
0,51,0,2,2.50000000000000000e-1
0,52,0,2,2.50000000000000000e-1
0,53,0,2,2.50000000000000000e-1
0,54,0,2,2.50000000000000000e-1
0,55,0,2,2.50000000000000000e-1
0,56,0,2,2.50000000000000000e-1
0,57,0,2,2.50000000000000000e-1
0,58,0,2,2.50000000000000000e-1
0,59,0,2,2.50000000000000000e-1
0,60,0,2,2.50000000000000000e-1
0,61,0,2,2.50000000000000000e-1
0,62,0,2,2.50000000000000000e-1
0,63,0,2,2.50000000000000000e-1
0,64,0,2,2.50000000000000000e-1
0,0,1,2,2.50000000000000000e-1
0,1,1,2,2.50000000000000000e-1
0,2,1,2,2.50000000000000000e-1
0,3,1,2,2.50000000000000000e-1
0,4,1,2,2.50000000000000000e-1
0,5,1,2,2.50000000000000000e-1
0,6,1,2,2.50000000000000000e-1
0,7,1,2,2.50000000000000000e-1
0,8,1,2,2.50000000000000000e-1
0,9,1,2,2.50000000000000000e-1
0,10,1,2,2.50000000000000000e-1
0,11,1,2,2.50000000000000000e-1
0,12,1,2,2.50000000000000000e-1
0,13,1,2,2.50000000000000000e-1
0,14,1,2,2.50000000000000000e-1
0,15,1,2,2.50000000000000000e-1
0,16,1,2,2.50000000000000000e-1
0,17,1,2,2.50000000000000000e-1
0,18,1,2,2.50000000000000000e-1
0,19,1,2,2.50000000000000000e-1
0,20,1,2,2.50000000000000000e-1
0,21,1,2,2.50000000000000000e-1
0,22,1,2,2.50000000000000000e-1
0,23,1,2,2.50000000000000000e-1
0,24,1,2,2.50000000000000000e-1
0,25,1,2,2.50000000000000000e-1
0,26,1,2,2.50000000000000000e-1
0,27,1,2,2.50000000000000000e-1
0,28,1,2,2.50000000000000000e-1
0,29,1,2,2.50000000000000000e-1
0,30,1,2,2.50000000000000000e-1
0,31,1,2,2.50000000000000000e-1
0,32,1,2,2.50000000000000000e-1
0,33,1,2,2.50000000000000000e-1
0,34,1,2,2.50000000000000000e-1
0,35,1,2,2.50000000000000000e-1
0,36,1,2,2.50000000000000000e-1
0,37,1,2,2.50000000000000000e-1
0,38,1,2,2.50000000000000000e-1
0,39,1,2,2.50000000000000000e-1
0,40,1,2,2.50000000000000000e-1
0,41,1,2,2.50000000000000000e-1
0,42,1,2,2.50000000000000000e-1
0,43,1,2,2.50000000000000000e-1
0,44,1,2,2.50000000000000000e-1
0,45,1,2,2.50000000000000000e-1
0,46,1,2,2.50000000000000000e-1
0,47,1,2,2.50000000000000000e-1
0,48,1,2,2.50000000000000000e-1
0,49,1,2,2.50000000000000000e-1
0,50,1,2,2.50000000000000000e-1
0,51,1,2,2.50000000000000000e-1
0,52,1,2,2.50000000000000000e-1
0,53,1,2,2.50000000000000000e-1
0,54,1,2,2.50000000000000000e-1
0,55,1,2,2.50000000000000000e-1
0,56,1,2,2.50000000000000000e-1
0,57,1,2,2.50000000000000000e-1
0,58,1,2,2.50000000000000000e-1
0,59,1,2,2.50000000000000000e-1
0,60,1,2,2.50000000000000000e-1
0,61,1,2,2.50000000000000000e-1
0,62,1,2,2.50000000000000000e-1
0,63,1,2,2.50000000000000000e-1
0,64,1,2,2.50000000000000000e-1
0,0,2,2,2.50000000000000000e-1
0,1,2,2,2.50000000000000000e-1
0,2,2,2,2.50000000000000000e-1
0,3,2,2,2.50000000000000000e-1
0,4,2,2,2.50000000000000000e-1
0,5,2,2,2.50000000000000000e-1
0,6,2,2,2.50000000000000000e-1
0,7,2,2,2.50000000000000000e-1
0,8,2,2,2.50000000000000000e-1
0,9,2,2,2.50000000000000000e-1
0,10,2,2,2.50000000000000000e-1
0,11,2,2,2.50000000000000000e-1
0,12,2,2,2.50000000000000000e-1
0,13,2,2,2.50000000000000000e-1
0,14,2,2,2.50000000000000000e-1
0,15,2,2,2.50000000000000000e-1
0,16,2,2,2.50000000000000000e-1
0,17,2,2,2.50000000000000000e-1
0,18,2,2,2.50000000000000000e-1
0,19,2,2,2.50000000000000000e-1
0,20,2,2,2.50000000000000000e-1
0,21,2,2,2.50000000000000000e-1
0,22,2,2,2.50000000000000000e-1
0,23,2,2,2.50000000000000000e-1
0,24,2,2,2.50000000000000000e-1
0,25,2,2,2.50000000000000000e-1
0,26,2,2,2.50000000000000000e-1
0,27,2,2,2.50000000000000000e-1
0,28,2,2,2.50000000000000000e-1
0,29,2,2,2.50000000000000000e-1
0,30,2,2,2.50000000000000000e-1
0,31,2,2,2.50000000000000000e-1
0,32,2,2,2.50000000000000000e-1
0,33,2,2,2.50000000000000000e-1
0,34,2,2,2.50000000000000000e-1
0,35,2,2,2.50000000000000000e-1
0,36,2,2,2.50000000000000000e-1
0,37,2,2,2.50000000000000000e-1
0,38,2,2,2.50000000000000000e-1
0,39,2,2,2.50000000000000000e-1
0,40,2,2,2.50000000000000000e-1
0,41,2,2,2.50000000000000000e-1
0,42,2,2,2.50000000000000000e-1
0,43,2,2,2.50000000000000000e-1
0,44,2,2,2.50000000000000000e-1
0,45,2,2,2.50000000000000000e-1
0,46,2,2,2.50000000000000000e-1
0,47,2,2,2.50000000000000000e-1
0,48,2,2,2.50000000000000000e-1
0,49,2,2,2.50000000000000000e-1
0,50,2,2,2.50000000000000000e-1
0,51,2,2,2.50000000000000000e-1
0,52,2,2,2.50000000000000000e-1
0,53,2,2,2.50000000000000000e-1
0,54,2,2,2.50000000000000000e-1
0,55,2,2,2.50000000000000000e-1
0,56,2,2,2.50000000000000000e-1
0,57,2,2,2.50000000000000000e-1
0,58,2,2,2.50000000000000000e-1
0,59,2,2,2.50000000000000000e-1
0,60,2,2,2.50000000000000000e-1
0,61,2,2,2.50000000000000000e-1
0,62,2,2,2.50000000000000000e-1
0,63,2,2,2.50000000000000000e-1
0,64,2,2,2.50000000000000000e-1
0,0,3,2,2.50000000000000000e-1
0,1,3,2,2.50000000000000000e-1
0,2,3,2,2.50000000000000000e-1
0,3,3,2,2.50000000000000000e-1
0,4,3,2,2.50000000000000000e-1
0,5,3,2,2.50000000000000000e-1
0,6,3,2,2.50000000000000000e-1
0,7,3,2,2.50000000000000000e-1
0,8,3,2,2.50000000000000000e-1
0,9,3,2,2.50000000000000000e-1
0,10,3,2,2.50000000000000000e-1
0,11,3,2,2.50000000000000000e-1
0,12,3,2,2.50000000000000000e-1
0,13,3,2,2.50000000000000000e-1
0,14,3,2,2.50000000000000000e-1
0,15,3,2,2.50000000000000000e-1
0,16,3,2,2.50000000000000000e-1
0,17,3,2,2.50000000000000000e-1
0,18,3,2,2.50000000000000000e-1
0,19,3,2,2.50000000000000000e-1
0,20,3,2,2.50000000000000000e-1
0,21,3,2,2.50000000000000000e-1
0,22,3,2,2.50000000000000000e-1
0,23,3,2,2.50000000000000000e-1
0,24,3,2,2.50000000000000000e-1
0,25,3,2,2.50000000000000000e-1
0,26,3,2,2.50000000000000000e-1
0,27,3,2,2.50000000000000000e-1
0,28,3,2,2.50000000000000000e-1
0,29,3,2,2.50000000000000000e-1
0,30,3,2,2.50000000000000000e-1
0,31,3,2,2.50000000000000000e-1
0,32,3,2,2.50000000000000000e-1
0,33,3,2,2.50000000000000000e-1
0,34,3,2,2.50000000000000000e-1
0,35,3,2,2.50000000000000000e-1
0,36,3,2,2.50000000000000000e-1
0,37,3,2,2.50000000000000000e-1
0,38,3,2,2.50000000000000000e-1
0,39,3,2,2.50000000000000000e-1
0,40,3,2,2.50000000000000000e-1
0,41,3,2,2.50000000000000000e-1
0,42,3,2,2.50000000000000000e-1
0,43,3,2,2.50000000000000000e-1
0,44,3,2,2.50000000000000000e-1
0,45,3,2,2.50000000000000000e-1
0,46,3,2,2.50000000000000000e-1
0,47,3,2,2.50000000000000000e-1
0,48,3,2,2.50000000000000000e-1
0,49,3,2,2.50000000000000000e-1
0,50,3,2,2.50000000000000000e-1
0,51,3,2,2.50000000000000000e-1
0,52,3,2,2.50000000000000000e-1
0,53,3,2,2.50000000000000000e-1
0,54,3,2,2.50000000000000000e-1
0,55,3,2,2.50000000000000000e-1
0,56,3,2,2.50000000000000000e-1
0,57,3,2,2.50000000000000000e-1
0,58,3,2,2.50000000000000000e-1
0,59,3,2,2.50000000000000000e-1
0,60,3,2,2.50000000000000000e-1
0,61,3,2,2.50000000000000000e-1
0,62,3,2,2.50000000000000000e-1
0,63,3,2,2.50000000000000000e-1
0,64,3,2,2.50000000000000000e-1
0,0,4,2,2.50000000000000000e-1
0,1,4,2,2.50000000000000000e-1
0,2,4,2,2.50000000000000000e-1
0,3,4,2,2.50000000000000000e-1
0,4,4,2,2.50000000000000000e-1
0,5,4,2,2.50000000000000000e-1
0,6,4,2,2.50000000000000000e-1
0,7,4,2,2.50000000000000000e-1
0,8,4,2,2.50000000000000000e-1
0,9,4,2,2.50000000000000000e-1
0,10,4,2,2.50000000000000000e-1
0,11,4,2,2.50000000000000000e-1
0,12,4,2,2.50000000000000000e-1
0,13,4,2,2.50000000000000000e-1
0,14,4,2,2.50000000000000000e-1
0,15,4,2,2.50000000000000000e-1
0,16,4,2,2.50000000000000000e-1
0,17,4,2,2.50000000000000000e-1
0,18,4,2,2.50000000000000000e-1
0,19,4,2,2.50000000000000000e-1
0,20,4,2,2.50000000000000000e-1
0,21,4,2,2.50000000000000000e-1
0,22,4,2,2.50000000000000000e-1
0,23,4,2,2.50000000000000000e-1
0,24,4,2,2.50000000000000000e-1
0,25,4,2,2.50000000000000000e-1
0,26,4,2,2.50000000000000000e-1
0,27,4,2,2.50000000000000000e-1
0,28,4,2,2.50000000000000000e-1
0,29,4,2,2.50000000000000000e-1
0,30,4,2,2.50000000000000000e-1
0,31,4,2,2.50000000000000000e-1
0,32,4,2,2.50000000000000000e-1
0,33,4,2,2.50000000000000000e-1
0,34,4,2,2.50000000000000000e-1
0,35,4,2,2.50000000000000000e-1
0,36,4,2,2.50000000000000000e-1
0,37,4,2,2.50000000000000000e-1
0,38,4,2,2.50000000000000000e-1
0,39,4,2,2.50000000000000000e-1
0,40,4,2,2.50000000000000000e-1
0,41,4,2,2.50000000000000000e-1
0,42,4,2,2.50000000000000000e-1
0,43,4,2,2.50000000000000000e-1
0,44,4,2,2.50000000000000000e-1
0,45,4,2,2.50000000000000000e-1
0,46,4,2,2.50000000000000000e-1
0,47,4,2,2.50000000000000000e-1
0,48,4,2,2.50000000000000000e-1
0,49,4,2,2.50000000000000000e-1
0,50,4,2,2.50000000000000000e-1
0,51,4,2,2.50000000000000000e-1
0,52,4,2,2.50000000000000000e-1
0,53,4,2,2.50000000000000000e-1
0,54,4,2,2.50000000000000000e-1
0,55,4,2,2.50000000000000000e-1
0,56,4,2,2.50000000000000000e-1
0,57,4,2,2.50000000000000000e-1
0,58,4,2,2.50000000000000000e-1
0,59,4,2,2.50000000000000000e-1
0,60,4,2,2.50000000000000000e-1
0,61,4,2,2.50000000000000000e-1
0,62,4,2,2.50000000000000000e-1
0,63,4,2,2.50000000000000000e-1
0,64,4,2,2.50000000000000000e-1
0,0,5,2,2.50000000000000000e-1
0,1,5,2,2.50000000000000000e-1
0,2,5,2,2.50000000000000000e-1
0,3,5,2,2.50000000000000000e-1
0,4,5,2,2.50000000000000000e-1
0,5,5,2,2.50000000000000000e-1
0,6,5,2,2.50000000000000000e-1
0,7,5,2,2.50000000000000000e-1
0,8,5,2,2.50000000000000000e-1
0,9,5,2,2.50000000000000000e-1
0,10,5,2,2.50000000000000000e-1
0,11,5,2,2.50000000000000000e-1
0,12,5,2,2.50000000000000000e-1
0,13,5,2,2.50000000000000000e-1
0,14,5,2,2.50000000000000000e-1
0,15,5,2,2.50000000000000000e-1
0,16,5,2,2.50000000000000000e-1
0,17,5,2,2.50000000000000000e-1
0,18,5,2,2.50000000000000000e-1
0,19,5,2,2.50000000000000000e-1
0,20,5,2,2.50000000000000000e-1
0,21,5,2,2.50000000000000000e-1
0,22,5,2,2.50000000000000000e-1
0,23,5,2,2.50000000000000000e-1
0,24,5,2,2.50000000000000000e-1
0,25,5,2,2.50000000000000000e-1
0,26,5,2,2.50000000000000000e-1
0,27,5,2,2.50000000000000000e-1
0,28,5,2,2.50000000000000000e-1
0,29,5,2,2.50000000000000000e-1
0,30,5,2,2.50000000000000000e-1
0,31,5,2,2.50000000000000000e-1
0,32,5,2,2.50000000000000000e-1
0,33,5,2,2.50000000000000000e-1
0,34,5,2,2.50000000000000000e-1
0,35,5,2,2.50000000000000000e-1
0,36,5,2,2.50000000000000000e-1
0,37,5,2,2.50000000000000000e-1
0,38,5,2,2.50000000000000000e-1
0,39,5,2,2.50000000000000000e-1
0,40,5,2,2.50000000000000000e-1
0,41,5,2,2.50000000000000000e-1
0,42,5,2,2.50000000000000000e-1
0,43,5,2,2.50000000000000000e-1
0,44,5,2,2.50000000000000000e-1
0,45,5,2,2.50000000000000000e-1
0,46,5,2,2.50000000000000000e-1
0,47,5,2,2.50000000000000000e-1
0,48,5,2,2.50000000000000000e-1
0,49,5,2,2.50000000000000000e-1
0,50,5,2,2.50000000000000000e-1
0,51,5,2,2.50000000000000000e-1
0,52,5,2,2.50000000000000000e-1
0,53,5,2,2.50000000000000000e-1
0,54,5,2,2.50000000000000000e-1
0,55,5,2,2.50000000000000000e-1
0,56,5,2,2.50000000000000000e-1
0,57,5,2,2.50000000000000000e-1
0,58,5,2,2.50000000000000000e-1
0,59,5,2,2.50000000000000000e-1
0,60,5,2,2.50000000000000000e-1
0,61,5,2,2.50000000000000000e-1
0,62,5,2,2.50000000000000000e-1
0,63,5,2,2.50000000000000000e-1
0,64,5,2,2.50000000000000000e-1
0,0,6,2,2.50000000000000000e-1
0,1,6,2,2.50000000000000000e-1
0,2,6,2,2.50000000000000000e-1
0,3,6,2,2.50000000000000000e-1
0,4,6,2,2.50000000000000000e-1
0,5,6,2,2.50000000000000000e-1
0,6,6,2,2.50000000000000000e-1
0,7,6,2,2.50000000000000000e-1
0,8,6,2,2.50000000000000000e-1
0,9,6,2,2.50000000000000000e-1
0,10,6,2,2.50000000000000000e-1
0,11,6,2,2.50000000000000000e-1
0,12,6,2,2.50000000000000000e-1
0,13,6,2,2.50000000000000000e-1
0,14,6,2,2.50000000000000000e-1
0,15,6,2,2.50000000000000000e-1
0,16,6,2,2.50000000000000000e-1
0,17,6,2,2.50000000000000000e-1
0,18,6,2,2.50000000000000000e-1
0,19,6,2,2.50000000000000000e-1
0,20,6,2,2.50000000000000000e-1
0,21,6,2,2.50000000000000000e-1
0,22,6,2,2.50000000000000000e-1
0,23,6,2,2.50000000000000000e-1
0,24,6,2,2.50000000000000000e-1
0,25,6,2,2.50000000000000000e-1
0,26,6,2,2.50000000000000000e-1
0,27,6,2,2.50000000000000000e-1
0,28,6,2,2.50000000000000000e-1
0,29,6,2,2.50000000000000000e-1
0,30,6,2,2.50000000000000000e-1
0,31,6,2,2.50000000000000000e-1
0,32,6,2,2.50000000000000000e-1
0,33,6,2,2.50000000000000000e-1
0,34,6,2,2.50000000000000000e-1
0,35,6,2,2.50000000000000000e-1
0,36,6,2,2.50000000000000000e-1
0,37,6,2,2.50000000000000000e-1
0,38,6,2,2.50000000000000000e-1
0,39,6,2,2.50000000000000000e-1
0,40,6,2,2.50000000000000000e-1
0,41,6,2,2.50000000000000000e-1
0,42,6,2,2.50000000000000000e-1
0,43,6,2,2.50000000000000000e-1
0,44,6,2,2.50000000000000000e-1
0,45,6,2,2.50000000000000000e-1
0,46,6,2,2.50000000000000000e-1
0,47,6,2,2.50000000000000000e-1
0,48,6,2,2.50000000000000000e-1
0,49,6,2,2.50000000000000000e-1
0,50,6,2,2.50000000000000000e-1
0,51,6,2,2.50000000000000000e-1
0,52,6,2,2.50000000000000000e-1
0,53,6,2,2.50000000000000000e-1
0,54,6,2,2.50000000000000000e-1
0,55,6,2,2.50000000000000000e-1
0,56,6,2,2.50000000000000000e-1
0,57,6,2,2.50000000000000000e-1
0,58,6,2,2.50000000000000000e-1
0,59,6,2,2.50000000000000000e-1
0,60,6,2,2.50000000000000000e-1
0,61,6,2,2.50000000000000000e-1
0,62,6,2,2.50000000000000000e-1
0,63,6,2,2.50000000000000000e-1
0,64,6,2,2.50000000000000000e-1
0,0,7,2,2.50000000000000000e-1
0,1,7,2,2.50000000000000000e-1
0,2,7,2,2.50000000000000000e-1
0,3,7,2,2.50000000000000000e-1
0,4,7,2,2.50000000000000000e-1
0,5,7,2,2.50000000000000000e-1
0,6,7,2,2.50000000000000000e-1
0,7,7,2,2.50000000000000000e-1
0,8,7,2,2.50000000000000000e-1
0,9,7,2,2.50000000000000000e-1
0,10,7,2,2.50000000000000000e-1
0,11,7,2,2.50000000000000000e-1
0,12,7,2,2.50000000000000000e-1
0,13,7,2,2.50000000000000000e-1
0,14,7,2,2.50000000000000000e-1
0,15,7,2,2.50000000000000000e-1
0,16,7,2,2.50000000000000000e-1
0,17,7,2,2.50000000000000000e-1
0,18,7,2,2.50000000000000000e-1
0,19,7,2,2.50000000000000000e-1
0,20,7,2,2.50000000000000000e-1
0,21,7,2,2.50000000000000000e-1
0,22,7,2,2.50000000000000000e-1
0,23,7,2,2.50000000000000000e-1
0,24,7,2,2.50000000000000000e-1
0,25,7,2,2.50000000000000000e-1
0,26,7,2,2.50000000000000000e-1
0,27,7,2,2.50000000000000000e-1
0,28,7,2,2.50000000000000000e-1
0,29,7,2,2.50000000000000000e-1
0,30,7,2,2.50000000000000000e-1
0,31,7,2,2.50000000000000000e-1
0,32,7,2,2.50000000000000000e-1
0,33,7,2,2.50000000000000000e-1
0,34,7,2,2.50000000000000000e-1
0,35,7,2,2.50000000000000000e-1
0,36,7,2,2.50000000000000000e-1
0,37,7,2,2.50000000000000000e-1
0,38,7,2,2.50000000000000000e-1
0,39,7,2,2.50000000000000000e-1
0,40,7,2,2.50000000000000000e-1
0,41,7,2,2.50000000000000000e-1
0,42,7,2,2.50000000000000000e-1
0,43,7,2,2.50000000000000000e-1
0,44,7,2,2.50000000000000000e-1
0,45,7,2,2.50000000000000000e-1
0,46,7,2,2.50000000000000000e-1
0,47,7,2,2.50000000000000000e-1
0,48,7,2,2.50000000000000000e-1
0,49,7,2,2.50000000000000000e-1
0,50,7,2,2.50000000000000000e-1
0,51,7,2,2.50000000000000000e-1
0,52,7,2,2.50000000000000000e-1
0,53,7,2,2.50000000000000000e-1
0,54,7,2,2.50000000000000000e-1
0,55,7,2,2.50000000000000000e-1
0,56,7,2,2.50000000000000000e-1
0,57,7,2,2.50000000000000000e-1
0,58,7,2,2.50000000000000000e-1
0,59,7,2,2.50000000000000000e-1
0,60,7,2,2.50000000000000000e-1
0,61,7,2,2.50000000000000000e-1
0,62,7,2,2.50000000000000000e-1
0,63,7,2,2.50000000000000000e-1
0,64,7,2,2.50000000000000000e-1
0,0,0,3,2.50000000000000000e-1
0,1,0,3,2.50000000000000000e-1
0,2,0,3,2.50000000000000000e-1
0,3,0,3,2.50000000000000000e-1
0,4,0,3,2.50000000000000000e-1
0,5,0,3,2.50000000000000000e-1
0,6,0,3,2.50000000000000000e-1
0,7,0,3,2.50000000000000000e-1
0,8,0,3,2.50000000000000000e-1
0,9,0,3,2.50000000000000000e-1
0,10,0,3,2.50000000000000000e-1
0,11,0,3,2.50000000000000000e-1
0,12,0,3,2.50000000000000000e-1
0,13,0,3,2.50000000000000000e-1
0,14,0,3,2.50000000000000000e-1
0,15,0,3,2.50000000000000000e-1
0,16,0,3,2.50000000000000000e-1
0,17,0,3,2.50000000000000000e-1
0,18,0,3,2.50000000000000000e-1
0,19,0,3,2.50000000000000000e-1
0,20,0,3,2.50000000000000000e-1
0,21,0,3,2.50000000000000000e-1
0,22,0,3,2.50000000000000000e-1
0,23,0,3,2.50000000000000000e-1
0,24,0,3,2.50000000000000000e-1
0,25,0,3,2.50000000000000000e-1
0,26,0,3,2.50000000000000000e-1
0,27,0,3,2.50000000000000000e-1
0,28,0,3,2.50000000000000000e-1
0,29,0,3,2.50000000000000000e-1
0,30,0,3,2.50000000000000000e-1
0,31,0,3,2.50000000000000000e-1
0,32,0,3,2.50000000000000000e-1
0,33,0,3,2.50000000000000000e-1
0,34,0,3,2.50000000000000000e-1
0,35,0,3,2.50000000000000000e-1
0,36,0,3,2.50000000000000000e-1
0,37,0,3,2.50000000000000000e-1
0,38,0,3,2.50000000000000000e-1
0,39,0,3,2.50000000000000000e-1
0,40,0,3,2.50000000000000000e-1
0,41,0,3,2.50000000000000000e-1
0,42,0,3,2.50000000000000000e-1
0,43,0,3,2.50000000000000000e-1
0,44,0,3,2.50000000000000000e-1
0,45,0,3,2.50000000000000000e-1
0,46,0,3,2.50000000000000000e-1
0,47,0,3,2.50000000000000000e-1
0,48,0,3,2.50000000000000000e-1
0,49,0,3,2.50000000000000000e-1
0,50,0,3,2.50000000000000000e-1
0,51,0,3,2.50000000000000000e-1
0,52,0,3,2.50000000000000000e-1
0,53,0,3,2.50000000000000000e-1
0,54,0,3,2.50000000000000000e-1
0,55,0,3,2.50000000000000000e-1
0,56,0,3,2.50000000000000000e-1
0,57,0,3,2.50000000000000000e-1
0,58,0,3,2.50000000000000000e-1
0,59,0,3,2.50000000000000000e-1
0,60,0,3,2.50000000000000000e-1
0,61,0,3,2.50000000000000000e-1
0,62,0,3,2.50000000000000000e-1
0,63,0,3,2.50000000000000000e-1
0,64,0,3,2.50000000000000000e-1
0,0,1,3,2.50000000000000000e-1
0,1,1,3,2.50000000000000000e-1
0,2,1,3,2.50000000000000000e-1
0,3,1,3,2.50000000000000000e-1
0,4,1,3,2.50000000000000000e-1
0,5,1,3,2.50000000000000000e-1
0,6,1,3,2.50000000000000000e-1
0,7,1,3,2.50000000000000000e-1
0,8,1,3,2.50000000000000000e-1
0,9,1,3,2.50000000000000000e-1
0,10,1,3,2.50000000000000000e-1
0,11,1,3,2.50000000000000000e-1
0,12,1,3,2.50000000000000000e-1
0,13,1,3,2.50000000000000000e-1
0,14,1,3,2.50000000000000000e-1
0,15,1,3,2.50000000000000000e-1
0,16,1,3,2.50000000000000000e-1
0,17,1,3,2.50000000000000000e-1
0,18,1,3,2.50000000000000000e-1
0,19,1,3,2.50000000000000000e-1
0,20,1,3,2.50000000000000000e-1
0,21,1,3,2.50000000000000000e-1
0,22,1,3,2.50000000000000000e-1
0,23,1,3,2.50000000000000000e-1
0,24,1,3,2.50000000000000000e-1
0,25,1,3,2.50000000000000000e-1
0,26,1,3,2.50000000000000000e-1
0,27,1,3,2.50000000000000000e-1
0,28,1,3,2.50000000000000000e-1
0,29,1,3,2.50000000000000000e-1
0,30,1,3,2.50000000000000000e-1
0,31,1,3,2.50000000000000000e-1
0,32,1,3,2.50000000000000000e-1
0,33,1,3,2.50000000000000000e-1
0,34,1,3,2.50000000000000000e-1
0,35,1,3,2.50000000000000000e-1
0,36,1,3,2.50000000000000000e-1
0,37,1,3,2.50000000000000000e-1
0,38,1,3,2.50000000000000000e-1
0,39,1,3,2.50000000000000000e-1
0,40,1,3,2.50000000000000000e-1
0,41,1,3,2.50000000000000000e-1
0,42,1,3,2.50000000000000000e-1
0,43,1,3,2.50000000000000000e-1
0,44,1,3,2.50000000000000000e-1
0,45,1,3,2.50000000000000000e-1
0,46,1,3,2.50000000000000000e-1
0,47,1,3,2.50000000000000000e-1
0,48,1,3,2.50000000000000000e-1
0,49,1,3,2.50000000000000000e-1
0,50,1,3,2.50000000000000000e-1
0,51,1,3,2.50000000000000000e-1
0,52,1,3,2.50000000000000000e-1
0,53,1,3,2.50000000000000000e-1
0,54,1,3,2.50000000000000000e-1
0,55,1,3,2.50000000000000000e-1
0,56,1,3,2.50000000000000000e-1
0,57,1,3,2.50000000000000000e-1
0,58,1,3,2.50000000000000000e-1
0,59,1,3,2.50000000000000000e-1
0,60,1,3,2.50000000000000000e-1
0,61,1,3,2.50000000000000000e-1
0,62,1,3,2.50000000000000000e-1
0,63,1,3,2.50000000000000000e-1
0,64,1,3,2.50000000000000000e-1
0,0,2,3,2.50000000000000000e-1
0,1,2,3,2.50000000000000000e-1
0,2,2,3,2.50000000000000000e-1
0,3,2,3,2.50000000000000000e-1
0,4,2,3,2.50000000000000000e-1
0,5,2,3,2.50000000000000000e-1
0,6,2,3,2.50000000000000000e-1
0,7,2,3,2.50000000000000000e-1
0,8,2,3,2.50000000000000000e-1
0,9,2,3,2.50000000000000000e-1
0,10,2,3,2.50000000000000000e-1
0,11,2,3,2.50000000000000000e-1
0,12,2,3,2.50000000000000000e-1
0,13,2,3,2.50000000000000000e-1
0,14,2,3,2.50000000000000000e-1
0,15,2,3,2.50000000000000000e-1
0,16,2,3,2.50000000000000000e-1
0,17,2,3,2.50000000000000000e-1
0,18,2,3,2.50000000000000000e-1
0,19,2,3,2.50000000000000000e-1
0,20,2,3,2.50000000000000000e-1
0,21,2,3,2.50000000000000000e-1
0,22,2,3,2.50000000000000000e-1
0,23,2,3,2.50000000000000000e-1
0,24,2,3,2.50000000000000000e-1
0,25,2,3,2.50000000000000000e-1
0,26,2,3,2.50000000000000000e-1
0,27,2,3,2.50000000000000000e-1
0,28,2,3,2.50000000000000000e-1
0,29,2,3,2.50000000000000000e-1
0,30,2,3,2.50000000000000000e-1
0,31,2,3,2.50000000000000000e-1
0,32,2,3,2.50000000000000000e-1
0,33,2,3,2.50000000000000000e-1
0,34,2,3,2.50000000000000000e-1
0,35,2,3,2.50000000000000000e-1
0,36,2,3,2.50000000000000000e-1
0,37,2,3,2.50000000000000000e-1
0,38,2,3,2.50000000000000000e-1
0,39,2,3,2.50000000000000000e-1
0,40,2,3,2.50000000000000000e-1
0,41,2,3,2.50000000000000000e-1
0,42,2,3,2.50000000000000000e-1
0,43,2,3,2.50000000000000000e-1
0,44,2,3,2.50000000000000000e-1
0,45,2,3,2.50000000000000000e-1
0,46,2,3,2.50000000000000000e-1
0,47,2,3,2.50000000000000000e-1
0,48,2,3,2.50000000000000000e-1
0,49,2,3,2.50000000000000000e-1
0,50,2,3,2.50000000000000000e-1
0,51,2,3,2.50000000000000000e-1
0,52,2,3,2.50000000000000000e-1
0,53,2,3,2.50000000000000000e-1
0,54,2,3,2.50000000000000000e-1
0,55,2,3,2.50000000000000000e-1
0,56,2,3,2.50000000000000000e-1
0,57,2,3,2.50000000000000000e-1
0,58,2,3,2.50000000000000000e-1
0,59,2,3,2.50000000000000000e-1
0,60,2,3,2.50000000000000000e-1
0,61,2,3,2.50000000000000000e-1
0,62,2,3,2.50000000000000000e-1
0,63,2,3,2.50000000000000000e-1
0,64,2,3,2.50000000000000000e-1
0,0,3,3,2.50000000000000000e-1
0,1,3,3,2.50000000000000000e-1
0,2,3,3,2.50000000000000000e-1
0,3,3,3,2.50000000000000000e-1
0,4,3,3,2.50000000000000000e-1
0,5,3,3,2.50000000000000000e-1
0,6,3,3,2.50000000000000000e-1
0,7,3,3,2.50000000000000000e-1
0,8,3,3,2.50000000000000000e-1
0,9,3,3,2.50000000000000000e-1
0,10,3,3,2.50000000000000000e-1
0,11,3,3,2.50000000000000000e-1
0,12,3,3,2.50000000000000000e-1
0,13,3,3,2.50000000000000000e-1
0,14,3,3,2.50000000000000000e-1
0,15,3,3,2.50000000000000000e-1
0,16,3,3,2.50000000000000000e-1
0,17,3,3,2.50000000000000000e-1
0,18,3,3,2.50000000000000000e-1
0,19,3,3,2.50000000000000000e-1
0,20,3,3,2.50000000000000000e-1
0,21,3,3,2.50000000000000000e-1
0,22,3,3,2.50000000000000000e-1
0,23,3,3,2.50000000000000000e-1
0,24,3,3,2.50000000000000000e-1
0,25,3,3,2.50000000000000000e-1
0,26,3,3,2.50000000000000000e-1
0,27,3,3,2.50000000000000000e-1
0,28,3,3,2.50000000000000000e-1
0,29,3,3,2.50000000000000000e-1
0,30,3,3,2.50000000000000000e-1
0,31,3,3,2.50000000000000000e-1
0,32,3,3,2.50000000000000000e-1
0,33,3,3,2.50000000000000000e-1
0,34,3,3,2.50000000000000000e-1
0,35,3,3,2.50000000000000000e-1
0,36,3,3,2.50000000000000000e-1
0,37,3,3,2.50000000000000000e-1
0,38,3,3,2.50000000000000000e-1
0,39,3,3,2.50000000000000000e-1
0,40,3,3,2.50000000000000000e-1
0,41,3,3,2.50000000000000000e-1
0,42,3,3,2.50000000000000000e-1
0,43,3,3,2.50000000000000000e-1
0,44,3,3,2.50000000000000000e-1
0,45,3,3,2.50000000000000000e-1
0,46,3,3,2.50000000000000000e-1
0,47,3,3,2.50000000000000000e-1
0,48,3,3,2.50000000000000000e-1
0,49,3,3,2.50000000000000000e-1
0,50,3,3,2.50000000000000000e-1
0,51,3,3,2.50000000000000000e-1
0,52,3,3,2.50000000000000000e-1
0,53,3,3,2.50000000000000000e-1
0,54,3,3,2.50000000000000000e-1
0,55,3,3,2.50000000000000000e-1
0,56,3,3,2.50000000000000000e-1
0,57,3,3,2.50000000000000000e-1
0,58,3,3,2.50000000000000000e-1
0,59,3,3,2.50000000000000000e-1
0,60,3,3,2.50000000000000000e-1
0,61,3,3,2.50000000000000000e-1
0,62,3,3,2.50000000000000000e-1
0,63,3,3,2.50000000000000000e-1
0,64,3,3,2.50000000000000000e-1
0,0,4,3,2.50000000000000000e-1
0,1,4,3,2.50000000000000000e-1
0,2,4,3,2.50000000000000000e-1
0,3,4,3,2.50000000000000000e-1
0,4,4,3,2.50000000000000000e-1
0,5,4,3,2.50000000000000000e-1
0,6,4,3,2.50000000000000000e-1
0,7,4,3,2.50000000000000000e-1
0,8,4,3,2.50000000000000000e-1
0,9,4,3,2.50000000000000000e-1
0,10,4,3,2.50000000000000000e-1
0,11,4,3,2.50000000000000000e-1
0,12,4,3,2.50000000000000000e-1
0,13,4,3,2.50000000000000000e-1
0,14,4,3,2.50000000000000000e-1
0,15,4,3,2.50000000000000000e-1
0,16,4,3,2.50000000000000000e-1
0,17,4,3,2.50000000000000000e-1
0,18,4,3,2.50000000000000000e-1
0,19,4,3,2.50000000000000000e-1
0,20,4,3,2.50000000000000000e-1
0,21,4,3,2.50000000000000000e-1
0,22,4,3,2.50000000000000000e-1
0,23,4,3,2.50000000000000000e-1
0,24,4,3,2.50000000000000000e-1
0,25,4,3,2.50000000000000000e-1
0,26,4,3,2.50000000000000000e-1
0,27,4,3,2.50000000000000000e-1
0,28,4,3,2.50000000000000000e-1
0,29,4,3,2.50000000000000000e-1
0,30,4,3,2.50000000000000000e-1
0,31,4,3,2.50000000000000000e-1
0,32,4,3,2.50000000000000000e-1
0,33,4,3,2.50000000000000000e-1
0,34,4,3,2.50000000000000000e-1
0,35,4,3,2.50000000000000000e-1
0,36,4,3,2.50000000000000000e-1
0,37,4,3,2.50000000000000000e-1
0,38,4,3,2.50000000000000000e-1
0,39,4,3,2.50000000000000000e-1
0,40,4,3,2.50000000000000000e-1
0,41,4,3,2.50000000000000000e-1
0,42,4,3,2.50000000000000000e-1
0,43,4,3,2.50000000000000000e-1
0,44,4,3,2.50000000000000000e-1
0,45,4,3,2.50000000000000000e-1
0,46,4,3,2.50000000000000000e-1
0,47,4,3,2.50000000000000000e-1
0,48,4,3,2.50000000000000000e-1
0,49,4,3,2.50000000000000000e-1
0,50,4,3,2.50000000000000000e-1
0,51,4,3,2.50000000000000000e-1
0,52,4,3,2.50000000000000000e-1
0,53,4,3,2.50000000000000000e-1
0,54,4,3,2.50000000000000000e-1
0,55,4,3,2.50000000000000000e-1
0,56,4,3,2.50000000000000000e-1
0,57,4,3,2.50000000000000000e-1
0,58,4,3,2.50000000000000000e-1
0,59,4,3,2.50000000000000000e-1
0,60,4,3,2.50000000000000000e-1
0,61,4,3,2.50000000000000000e-1
0,62,4,3,2.50000000000000000e-1
0,63,4,3,2.50000000000000000e-1
0,64,4,3,2.50000000000000000e-1
0,0,5,3,2.50000000000000000e-1
0,1,5,3,2.50000000000000000e-1
0,2,5,3,2.50000000000000000e-1
0,3,5,3,2.50000000000000000e-1
0,4,5,3,2.50000000000000000e-1
0,5,5,3,2.50000000000000000e-1
0,6,5,3,2.50000000000000000e-1
0,7,5,3,2.50000000000000000e-1
0,8,5,3,2.50000000000000000e-1
0,9,5,3,2.50000000000000000e-1
0,10,5,3,2.50000000000000000e-1
0,11,5,3,2.50000000000000000e-1
0,12,5,3,2.50000000000000000e-1
0,13,5,3,2.50000000000000000e-1
0,14,5,3,2.50000000000000000e-1
0,15,5,3,2.50000000000000000e-1
0,16,5,3,2.50000000000000000e-1
0,17,5,3,2.50000000000000000e-1
0,18,5,3,2.50000000000000000e-1
0,19,5,3,2.50000000000000000e-1
0,20,5,3,2.50000000000000000e-1
0,21,5,3,2.50000000000000000e-1
0,22,5,3,2.50000000000000000e-1
0,23,5,3,2.50000000000000000e-1
0,24,5,3,2.50000000000000000e-1
0,25,5,3,2.50000000000000000e-1
0,26,5,3,2.50000000000000000e-1
0,27,5,3,2.50000000000000000e-1
0,28,5,3,2.50000000000000000e-1
0,29,5,3,2.50000000000000000e-1
0,30,5,3,2.50000000000000000e-1
0,31,5,3,2.50000000000000000e-1
0,32,5,3,2.50000000000000000e-1
0,33,5,3,2.50000000000000000e-1
0,34,5,3,2.50000000000000000e-1
0,35,5,3,2.50000000000000000e-1
0,36,5,3,2.50000000000000000e-1
0,37,5,3,2.50000000000000000e-1
0,38,5,3,2.50000000000000000e-1
0,39,5,3,2.50000000000000000e-1
0,40,5,3,2.50000000000000000e-1
0,41,5,3,2.50000000000000000e-1
0,42,5,3,2.50000000000000000e-1
0,43,5,3,2.50000000000000000e-1
0,44,5,3,2.50000000000000000e-1
0,45,5,3,2.50000000000000000e-1
0,46,5,3,2.50000000000000000e-1
0,47,5,3,2.50000000000000000e-1
0,48,5,3,2.50000000000000000e-1
0,49,5,3,2.50000000000000000e-1
0,50,5,3,2.50000000000000000e-1
0,51,5,3,2.50000000000000000e-1
0,52,5,3,2.50000000000000000e-1
0,53,5,3,2.50000000000000000e-1
0,54,5,3,2.50000000000000000e-1
0,55,5,3,2.50000000000000000e-1
0,56,5,3,2.50000000000000000e-1
0,57,5,3,2.50000000000000000e-1
0,58,5,3,2.50000000000000000e-1
0,59,5,3,2.50000000000000000e-1
0,60,5,3,2.50000000000000000e-1
0,61,5,3,2.50000000000000000e-1
0,62,5,3,2.50000000000000000e-1
0,63,5,3,2.50000000000000000e-1
0,64,5,3,2.50000000000000000e-1
0,0,6,3,2.50000000000000000e-1
0,1,6,3,2.50000000000000000e-1
0,2,6,3,2.50000000000000000e-1
0,3,6,3,2.50000000000000000e-1
0,4,6,3,2.50000000000000000e-1
0,5,6,3,2.50000000000000000e-1
0,6,6,3,2.50000000000000000e-1
0,7,6,3,2.50000000000000000e-1
0,8,6,3,2.50000000000000000e-1
0,9,6,3,2.50000000000000000e-1
0,10,6,3,2.50000000000000000e-1
0,11,6,3,2.50000000000000000e-1
0,12,6,3,2.50000000000000000e-1
0,13,6,3,2.50000000000000000e-1
0,14,6,3,2.50000000000000000e-1
0,15,6,3,2.50000000000000000e-1
0,16,6,3,2.50000000000000000e-1
0,17,6,3,2.50000000000000000e-1
0,18,6,3,2.50000000000000000e-1
0,19,6,3,2.50000000000000000e-1
0,20,6,3,2.50000000000000000e-1
0,21,6,3,2.50000000000000000e-1
0,22,6,3,2.50000000000000000e-1
0,23,6,3,2.50000000000000000e-1
0,24,6,3,2.50000000000000000e-1
0,25,6,3,2.50000000000000000e-1
0,26,6,3,2.50000000000000000e-1
0,27,6,3,2.50000000000000000e-1
0,28,6,3,2.50000000000000000e-1
0,29,6,3,2.50000000000000000e-1
0,30,6,3,2.50000000000000000e-1
0,31,6,3,2.50000000000000000e-1
0,32,6,3,2.50000000000000000e-1
0,33,6,3,2.50000000000000000e-1
0,34,6,3,2.50000000000000000e-1
0,35,6,3,2.50000000000000000e-1
0,36,6,3,2.50000000000000000e-1
0,37,6,3,2.50000000000000000e-1
0,38,6,3,2.50000000000000000e-1
0,39,6,3,2.50000000000000000e-1
0,40,6,3,2.50000000000000000e-1
0,41,6,3,2.50000000000000000e-1
0,42,6,3,2.50000000000000000e-1
0,43,6,3,2.50000000000000000e-1
0,44,6,3,2.50000000000000000e-1
0,45,6,3,2.50000000000000000e-1
0,46,6,3,2.50000000000000000e-1
0,47,6,3,2.50000000000000000e-1
0,48,6,3,2.50000000000000000e-1
0,49,6,3,2.50000000000000000e-1
0,50,6,3,2.50000000000000000e-1
0,51,6,3,2.50000000000000000e-1
0,52,6,3,2.50000000000000000e-1
0,53,6,3,2.50000000000000000e-1
0,54,6,3,2.50000000000000000e-1
0,55,6,3,2.50000000000000000e-1
0,56,6,3,2.50000000000000000e-1
0,57,6,3,2.50000000000000000e-1
0,58,6,3,2.50000000000000000e-1
0,59,6,3,2.50000000000000000e-1
0,60,6,3,2.50000000000000000e-1
0,61,6,3,2.50000000000000000e-1
0,62,6,3,2.50000000000000000e-1
0,63,6,3,2.50000000000000000e-1
0,64,6,3,2.50000000000000000e-1
0,0,7,3,2.50000000000000000e-1
0,1,7,3,2.50000000000000000e-1
0,2,7,3,2.50000000000000000e-1
0,3,7,3,2.50000000000000000e-1
0,4,7,3,2.50000000000000000e-1
0,5,7,3,2.50000000000000000e-1
0,6,7,3,2.50000000000000000e-1
0,7,7,3,2.50000000000000000e-1
0,8,7,3,2.50000000000000000e-1
0,9,7,3,2.50000000000000000e-1
0,10,7,3,2.50000000000000000e-1
0,11,7,3,2.50000000000000000e-1
0,12,7,3,2.50000000000000000e-1
0,13,7,3,2.50000000000000000e-1
0,14,7,3,2.50000000000000000e-1
0,15,7,3,2.50000000000000000e-1
0,16,7,3,2.50000000000000000e-1
0,17,7,3,2.50000000000000000e-1
0,18,7,3,2.50000000000000000e-1
0,19,7,3,2.50000000000000000e-1
0,20,7,3,2.50000000000000000e-1
0,21,7,3,2.50000000000000000e-1
0,22,7,3,2.50000000000000000e-1
0,23,7,3,2.50000000000000000e-1
0,24,7,3,2.50000000000000000e-1
0,25,7,3,2.50000000000000000e-1
0,26,7,3,2.50000000000000000e-1
0,27,7,3,2.50000000000000000e-1
0,28,7,3,2.50000000000000000e-1
0,29,7,3,2.50000000000000000e-1
0,30,7,3,2.50000000000000000e-1
0,31,7,3,2.50000000000000000e-1
0,32,7,3,2.50000000000000000e-1
0,33,7,3,2.50000000000000000e-1
0,34,7,3,2.50000000000000000e-1
0,35,7,3,2.50000000000000000e-1
0,36,7,3,2.50000000000000000e-1
0,37,7,3,2.50000000000000000e-1
0,38,7,3,2.50000000000000000e-1
0,39,7,3,2.50000000000000000e-1
0,40,7,3,2.50000000000000000e-1
0,41,7,3,2.50000000000000000e-1
0,42,7,3,2.50000000000000000e-1
0,43,7,3,2.50000000000000000e-1
0,44,7,3,2.50000000000000000e-1
0,45,7,3,2.50000000000000000e-1
0,46,7,3,2.50000000000000000e-1
0,47,7,3,2.50000000000000000e-1
0,48,7,3,2.50000000000000000e-1
0,49,7,3,2.50000000000000000e-1
0,50,7,3,2.50000000000000000e-1
0,51,7,3,2.50000000000000000e-1
0,52,7,3,2.50000000000000000e-1
0,53,7,3,2.50000000000000000e-1
0,54,7,3,2.50000000000000000e-1
0,55,7,3,2.50000000000000000e-1
0,56,7,3,2.50000000000000000e-1
0,57,7,3,2.50000000000000000e-1
0,58,7,3,2.50000000000000000e-1
0,59,7,3,2.50000000000000000e-1
0,60,7,3,2.50000000000000000e-1
0,61,7,3,2.50000000000000000e-1
0,62,7,3,2.50000000000000000e-1
0,63,7,3,2.50000000000000000e-1
0,64,7,3,2.50000000000000000e-1
1,0,0,0,0.00000000000000000e0
1,1,0,0,0.00000000000000000e0
1,2,0,0,0.00000000000000000e0
1,3,0,0,0.00000000000000000e0
1,4,0,0,0.00000000000000000e0
1,5,0,0,0.00000000000000000e0
1,6,0,0,0.00000000000000000e0
1,7,0,0,0.00000000000000000e0
1,8,0,0,0.00000000000000000e0
1,9,0,0,0.00000000000000000e0
1,10,0,0,0.00000000000000000e0
1,11,0,0,0.00000000000000000e0
1,12,0,0,0.00000000000000000e0
1,13,0,0,0.00000000000000000e0
1,14,0,0,0.00000000000000000e0
1,15,0,0,0.00000000000000000e0
1,16,0,0,0.00000000000000000e0
1,17,0,0,0.00000000000000000e0
1,18,0,0,0.00000000000000000e0
1,19,0,0,0.00000000000000000e0
1,20,0,0,0.00000000000000000e0
1,21,0,0,0.00000000000000000e0
1,22,0,0,0.00000000000000000e0
1,23,0,0,0.00000000000000000e0
1,24,0,0,0.00000000000000000e0
1,25,0,0,0.00000000000000000e0
1,26,0,0,0.00000000000000000e0
1,27,0,0,0.00000000000000000e0
1,28,0,0,0.00000000000000000e0
1,29,0,0,0.00000000000000000e0
1,30,0,0,0.00000000000000000e0
1,31,0,0,0.00000000000000000e0
1,32,0,0,0.00000000000000000e0
1,33,0,0,0.00000000000000000e0
1,34,0,0,0.00000000000000000e0
1,35,0,0,0.00000000000000000e0
1,36,0,0,0.00000000000000000e0
1,37,0,0,0.00000000000000000e0
1,38,0,0,0.00000000000000000e0
1,39,0,0,0.00000000000000000e0
1,40,0,0,0.00000000000000000e0
1,41,0,0,0.00000000000000000e0
1,42,0,0,0.00000000000000000e0
1,43,0,0,0.00000000000000000e0
1,44,0,0,0.00000000000000000e0
1,45,0,0,0.00000000000000000e0
1,46,0,0,0.00000000000000000e0
1,47,0,0,0.00000000000000000e0
1,48,0,0,0.00000000000000000e0
1,49,0,0,0.00000000000000000e0
1,50,0,0,0.00000000000000000e0
1,51,0,0,0.00000000000000000e0
1,52,0,0,0.00000000000000000e0
1,53,0,0,0.00000000000000000e0
1,54,0,0,0.00000000000000000e0
1,55,0,0,0.00000000000000000e0
1,56,0,0,0.00000000000000000e0
1,57,0,0,0.00000000000000000e0
1,58,0,0,0.00000000000000000e0
1,59,0,0,0.00000000000000000e0
1,60,0,0,0.00000000000000000e0
1,61,0,0,0.00000000000000000e0
1,62,0,0,0.00000000000000000e0
1,63,0,0,0.00000000000000000e0
1,0,1,0,1.37635527093830055e-14
1,1,1,0,1.37634747823518581e-14
1,2,1,0,1.37632071199405258e-14
1,3,1,0,1.37634637709235438e-14
1,4,1,0,1.37669010306235018e-14
1,5,1,0,1.37763124137004443e-14
1,6,1,0,1.37876313149746035e-14
1,7,1,0,1.37822433383971189e-14
1,8,1,0,1.37284110064673191e-14
1,9,1,0,1.35970057031620760e-14
1,10,1,0,1.33838803551716325e-14
1,11,1,0,1.31220268957915435e-14
1,12,1,0,1.28696212419051291e-14
1,13,1,0,1.26738727748276075e-14
1,14,1,0,1.25257826165273492e-14
1,15,1,0,1.23283494009177388e-14
1,16,1,0,1.18973908958160124e-14
1,17,1,0,1.10020186252948564e-14
1,18,1,0,9.43600801878510809e-15
1,19,1,0,7.09823265974702383e-15
1,20,1,0,4.05476450619822806e-15
1,21,1,0,5.58262898392837895e-16
1,22,1,0,-2.99001042193991918e-15
1,23,1,0,-6.13403811522850867e-15
1,24,1,0,-8.48855423343612692e-15
1,25,1,0,-9.84963284165422254e-15
1,26,1,0,-1.02376112009463713e-14
1,27,1,0,-9.84504615824484050e-15
1,28,1,0,-8.91519710567159271e-15
1,29,1,0,-7.62289926683644078e-15
1,30,1,0,-6.02804972957152532e-15
1,31,1,0,-4.11595035465961608e-15
1,32,1,0,-1.87372010031358009e-15
1,33,1,0,6.63232621051629539e-16
1,34,1,0,3.41557078606879398e-15
1,35,1,0,6.28253908450818535e-15
1,36,1,0,9.14572389853042858e-15
1,37,1,0,1.18608575177679872e-14
1,38,1,0,1.42768318055295357e-14
1,39,1,0,1.62951808757626562e-14
1,40,1,0,1.79248654900163520e-14
1,41,1,0,1.92680632327179094e-14
1,42,1,0,2.04255388373385943e-14
1,43,1,0,2.13889456412161630e-14
1,44,1,0,2.20127108679695968e-14
1,45,1,0,2.20992962699038259e-14
1,46,1,0,2.15403968262511264e-14
1,47,1,0,2.04146222767143809e-14
1,48,1,0,1.89812765115024429e-14
1,49,1,0,1.75875464772335885e-14
1,50,1,0,1.65528533805150979e-14
1,51,1,0,1.60805715260486232e-14
1,52,1,0,1.62079839160405095e-14
1,53,1,0,1.67897142857535014e-14
1,54,1,0,1.75214914598749091e-14
1,55,1,0,1.80133753508067429e-14
1,56,1,0,1.78950804234591018e-14
1,57,1,0,1.69064981063232408e-14
1,58,1,0,1.49295503124860160e-14
1,59,1,0,1.19551551546869667e-14
1,60,1,0,8.01965966372572212e-15
1,61,1,0,3.15862228272801790e-15
1,62,1,0,-2.59280363868743483e-15
1,63,1,0,-9.15639736069878002e-15
1,0,2,0,1.78111072711342050e-14
1,1,2,0,1.78117459339764347e-14
1,2,2,0,1.78171228991256050e-14
1,3,2,0,1.78396692221156200e-14
1,4,2,0,1.79014111477068805e-14
1,5,2,0,1.80229823984945012e-14
1,6,2,0,1.81987603697746081e-14
1,7,2,0,1.83705674505979868e-14
1,8,2,0,1.84195378134105470e-14
1,9,2,0,1.81869815296100898e-14
1,10,2,0,1.75171139936034989e-14
1,11,2,0,1.63025602267991357e-14
1,12,2,0,1.45151072557898539e-14
1,13,2,0,1.22144141521496156e-14
1,14,2,0,9.53612900721646090e-15
1,15,2,0,6.66514217271705831e-15
1,16,2,0,3.80330795272921206e-15
1,17,2,0,1.14528023600435434e-15
1,18,2,0,-1.12891651237546691e-15
1,19,2,0,-2.85456752433335161e-15
1,20,2,0,-3.89922130499507913e-15
1,21,2,0,-4.20442929874743215e-15
1,22,2,0,-3.82763431545788194e-15
1,23,2,0,-2.94219371800151942e-15
1,24,2,0,-1.77311471491551622e-15
1,25,2,0,-4.90380830966931011e-16
1,26,2,0,8.80697954105567286e-16
1,27,2,0,2.47038302561195487e-15
1,28,2,0,4.47741912380154698e-15
1,29,2,0,7.02922530905068961e-15
1,30,2,0,1.00738390746606468e-14
1,31,2,0,1.33680992843313376e-14
1,32,2,0,1.65624248528190715e-14
1,33,2,0,1.93263695926751064e-14
1,34,2,0,2.14509891105366460e-14
1,35,2,0,2.28967168033715474e-14
1,36,2,0,2.37897165346074441e-14
1,37,2,0,2.43775489296724560e-14
1,38,2,0,2.49460791379354369e-14
1,39,2,0,2.57053493074588246e-14
1,40,2,0,2.66830624978155184e-14
1,41,2,0,2.76895087398089726e-14
1,42,2,0,2.83941706952228756e-14
1,43,2,0,2.84806527591375397e-14
1,44,2,0,2.77824435007158199e-14
1,45,2,0,2.63137374980878039e-14
1,46,2,0,2.41948439229497034e-14
1,47,2,0,2.15538714263760478e-14
1,48,2,0,1.84908901748213547e-14
1,49,2,0,1.51209187721932856e-14
1,50,2,0,1.16364742548755867e-14
1,51,2,0,8.31211811755600341e-15
1,52,2,0,5.42158769186460235e-15
1,53,2,0,3.11173307986686160e-15
1,54,2,0,1.31795224334599814e-15
1,55,2,0,-2.19847705862319073e-16
1,56,2,0,-1.85094592546075371e-15
1,57,2,0,-3.88152043397983239e-15
1,58,2,0,-6.48206701259635559e-15
1,59,2,0,-9.66086223199618191e-15
1,60,2,0,-1.32889779367283134e-14
1,61,2,0,-1.71470063354325214e-14
1,62,2,0,-2.09723866962177596e-14
1,63,2,0,-2.45014495210650260e-14
1,0,3,0,-3.13888963378219227e-14
1,1,3,0,-3.13890759088067406e-14
1,2,3,0,-3.13899669874672521e-14
1,3,3,0,-3.13897230419784429e-14
1,4,3,0,-3.13726976797386314e-14
1,5,3,0,-3.12866560729565396e-14
1,6,3,0,-3.10186717891042241e-14
1,7,3,0,-3.03919114538492990e-14
1,8,3,0,-2.92013287194522325e-14
1,9,3,0,-2.72830836969915197e-14
1,10,3,0,-2.45870726935711742e-14
1,11,3,0,-2.12147380690202655e-14
1,12,3,0,-1.74005792007202523e-14
1,13,3,0,-1.34433547735630932e-14
1,14,3,0,-9.61493864669489551e-15
1,15,3,0,-6.08237461116015350e-15
1,16,3,0,-2.87366981135983059e-15
1,17,3,0,9.60216533691074146e-17
1,18,3,0,2.94488135354315731e-15
1,19,3,0,5.72877774271353044e-15
1,20,3,0,8.38316978227053589e-15
1,21,3,0,1.07380789237656801e-14
1,22,3,0,1.25964751392722459e-14
1,23,3,0,1.38286200863251864e-14
1,24,3,0,1.44313340032405091e-14
1,25,3,0,1.45295864369902189e-14
1,26,3,0,1.43333390675067646e-14
1,27,3,0,1.40798542936455481e-14
1,28,3,0,1.39842174976369596e-14
1,29,3,0,1.42044757100762316e-14
1,30,3,0,1.48205846060194338e-14
1,31,3,0,1.58296312391609587e-14
1,32,3,0,1.71593052538266538e-14
1,33,3,0,1.86908865121293566e-14
1,34,3,0,2.02758884443494936e-14
1,35,3,0,2.17420990879148984e-14
1,36,3,0,2.29061561385357493e-14
1,37,3,0,2.36146263540805076e-14
1,38,3,0,2.38119680901318145e-14
1,39,3,0,2.35992222129017409e-14
1,40,3,0,2.32329685546407705e-14
1,41,3,0,2.30370498339408508e-14
1,42,3,0,2.32521538508960804e-14
1,43,3,0,2.38977233997777344e-14
1,44,3,0,2.47287169311428273e-14
1,45,3,0,2.53209606737971396e-14
1,46,3,0,2.52402248813966487e-14
1,47,3,0,2.41982947351768174e-14
1,48,3,0,2.21153797315062906e-14
1,49,3,0,1.90773503765118146e-14
1,50,3,0,1.52426103016594164e-14
1,51,3,0,1.07705677194905661e-14
1,52,3,0,5.80880202743832771e-15
1,53,3,0,5.23736564913331731e-16
1,54,3,0,-4.86847475379107060e-15
1,55,3,0,-1.01022663474034484e-14
1,56,3,0,-1.48936293392588556e-14
1,57,3,0,-1.89802770126246828e-14
1,58,3,0,-2.21511888963844134e-14
1,59,3,0,-2.42587152893703611e-14
1,60,3,0,-2.52177259922516800e-14
1,61,3,0,-2.50018782803687611e-14
1,62,3,0,-2.36468559577235338e-14
1,63,3,0,-2.12636881030420916e-14
1,0,4,0,-2.79264119966947388e-14
1,1,4,0,-2.79263222112023299e-14
1,2,4,0,-2.79254836485845481e-14
1,3,4,0,-2.79216601418606422e-14
1,4,4,0,-2.79096526028003653e-14
1,5,4,0,-2.78783157718837452e-14
1,6,4,0,-2.78028332778221254e-14
1,7,4,0,-2.76297827526321774e-14
1,8,4,0,-2.72586281617383935e-14
1,9,4,0,-2.65311640793844047e-14
1,10,4,0,-2.52433029991269708e-14
1,11,4,0,-2.31874252871328013e-14
1,12,4,0,-2.02193557713838470e-14
1,13,4,0,-1.63295314499056071e-14
1,14,4,0,-1.16907504320697478e-14
1,15,4,0,-6.65955429636402169e-15
1,16,4,0,-1.72251010791034734e-15
1,17,4,0,2.60304701987681790e-15
1,18,4,0,5.88776540339668898e-15
1,19,4,0,7.89166282100023028e-15
1,20,4,0,8.61213888153937110e-15
1,21,4,0,8.26031527656782491e-15
1,22,4,0,7.17716766010165208e-15
1,23,4,0,5.72652336452441311e-15
1,24,4,0,4.20669934704607368e-15
1,25,4,0,2.80454789945738022e-15
1,26,4,0,1.59114112114271773e-15
1,27,4,0,5.45853230440851954e-16
1,28,4,0,-4.01558626777240128e-16
1,29,4,0,-1.31618787371686743e-15
1,30,4,0,-2.20130585749944447e-15
1,31,4,0,-2.96301696421858232e-15
1,32,4,0,-3.42023878464111242e-15
1,33,4,0,-3.36199828149556443e-15
1,34,4,0,-2.62334510566658314e-15
1,35,4,0,-1.13971565305736721e-15
1,36,4,0,1.03957380643968826e-15
1,37,4,0,3.76303788883437448e-15
1,38,4,0,6.78452723146781567e-15
1,39,4,0,9.76087988240796969e-15
1,40,4,0,1.22710239051134623e-14
1,41,4,0,1.38952748030105218e-14
1,42,4,0,1.43537779725240108e-14
1,43,4,0,1.36438720361336564e-14
1,44,4,0,1.20888804812347393e-14
1,45,4,0,1.02454471027414208e-14
1,46,4,0,8.69471951169898186e-15
1,47,4,0,7.81193245670813025e-15
1,48,4,0,7.62337699341869221e-15
1,49,4,0,7.81190619868676536e-15
1,50,4,0,7.85618230490564215e-15
1,51,4,0,7.23238573793315992e-15
1,52,4,0,5.59542722824491780e-15
1,53,4,0,2.88143413887083713e-15
1,54,4,0,-6.89115459760438398e-16
1,55,4,0,-4.69318890865331843e-15
1,56,4,0,-8.63161047493085296e-15
1,57,4,0,-1.20505073476252778e-14
1,58,4,0,-1.46210151733168481e-14
1,59,4,0,-1.61685172628961427e-14
1,60,4,0,-1.66668809558744718e-14
1,61,4,0,-1.62183617637102692e-14
1,62,4,0,-1.50285921809425668e-14
1,63,4,0,-1.33736465031029060e-14
1,0,5,0,-3.22012348155566869e-14
1,1,5,0,-3.22009569887499875e-14
1,2,5,0,-3.21987242099010251e-14
1,3,5,0,-3.21903724650410977e-14
1,4,5,0,-3.21720596127214598e-14
1,5,5,0,-3.21509786567301947e-14
1,6,5,0,-3.21611633808879804e-14
1,7,5,0,-3.22725244965293978e-14
1,8,5,0,-3.25798178853978909e-14
1,9,5,0,-3.31678722030950834e-14
1,10,5,0,-3.40639720749179309e-14
1,11,5,0,-3.51970954823050547e-14
1,12,5,0,-3.63826603935225867e-14
1,13,5,0,-3.73422674075987726e-14
1,14,5,0,-3.77561954682630041e-14
1,15,5,0,-3.73354369339121139e-14
1,16,5,0,-3.58926382810088179e-14
1,17,5,0,-3.33890968801271726e-14
1,18,5,0,-2.99408359162502830e-14
1,19,5,0,-2.57813942313974212e-14
1,20,5,0,-2.11960135586882620e-14
1,21,5,0,-1.64527628852698463e-14
1,22,5,0,-1.17562413254855558e-14
1,23,5,0,-7.24092298300853601e-15
1,24,5,0,-3.00550540740227891e-15
1,25,5,0,8.30854141505710372e-16
1,26,5,0,4.08593574217365994e-15
1,27,5,0,6.52038890071250828e-15
1,28,5,0,7.90410488796244870e-15
1,29,5,0,8.11945454447238202e-15
1,30,5,0,7.25142957968627835e-15
1,31,5,0,5.61581319370296067e-15
1,32,5,0,3.70575008599625076e-15
1,33,5,0,2.07604090778708457e-15
1,34,5,0,1.20924869357659113e-15
1,35,5,0,1.40582238250297519e-15
1,36,5,0,2.72104823854999855e-15
1,37,5,0,4.95585170801450883e-15
1,38,5,0,7.70439738888946055e-15
1,39,5,0,1.04546981220311232e-14
1,40,5,0,1.27165242718536506e-14
1,41,5,0,1.41274372164905057e-14
1,42,5,0,1.44913428994216872e-14
1,43,5,0,1.37446664157580764e-14
1,44,5,0,1.18950700255405356e-14
1,45,5,0,8.99272433726788431e-15
1,46,5,0,5.15915147381680247e-15
1,47,5,0,6.43251590281933424e-16
1,48,5,0,-4.15603661240489947e-15
1,49,5,0,-8.74269884596325444e-15
1,50,5,0,-1.26415677852522758e-14
1,51,5,0,-1.55209351637318124e-14
1,52,5,0,-1.72523789281368509e-14
1,53,5,0,-1.78842638127226644e-14
1,54,5,0,-1.75641294043737961e-14
1,55,5,0,-1.64689124154421968e-14
1,56,5,0,-1.47765524452893662e-14
1,57,5,0,-1.26692183287824452e-14
1,58,5,0,-1.03372409102683166e-14
1,59,5,0,-7.96418408787824897e-15
1,60,5,0,-5.69769290409871849e-15
1,61,5,0,-3.62402919427810312e-15
1,62,5,0,-1.76031488241220127e-15
1,63,5,0,-6.71251045211922572e-17
1,0,6,0,-5.71589826793734990e-14
1,1,6,0,-5.71596060956226781e-14
1,2,6,0,-5.71645188867167531e-14
1,3,6,0,-5.71823065786090934e-14
1,4,6,0,-5.72183630771078144e-14
1,5,6,0,-5.72488156056275010e-14
1,6,6,0,-5.71865891771904111e-14
1,7,6,0,-5.68699479327160196e-14
1,8,6,0,-5.61004185001354877e-14
1,9,6,0,-5.47233936496523826e-14
1,10,6,0,-5.27088172641663327e-14
1,11,6,0,-5.01813488765906479e-14
1,12,6,0,-4.73777917939233184e-14
1,13,6,0,-4.45510869948734234e-14
1,14,6,0,-4.18669818865596843e-14
1,15,6,0,-3.93389070233937654e-14
1,16,6,0,-3.68284267286082129e-14
1,17,6,0,-3.41152650020718623e-14
1,18,6,0,-3.10127967685820682e-14
1,19,6,0,-2.74755499113984308e-14
1,20,6,0,-2.36385059069295009e-14
1,21,6,0,-1.97639586716879395e-14
1,22,6,0,-1.61276834985749074e-14
1,23,6,0,-1.29066196410411969e-14
1,24,6,0,-1.01176577830880063e-14
1,25,6,0,-7.62381236835358092e-15
1,26,6,0,-5.19601011251657335e-15
1,27,6,0,-2.60148974980329087e-15
1,28,6,0,3.18754379919554236e-16
1,29,6,0,3.61502692811468442e-15
1,30,6,0,7.24386049326961393e-15
1,31,6,0,1.11096324671776207e-14
1,32,6,0,1.50957805283846724e-14
1,33,6,0,1.90631049764048918e-14
1,34,6,0,2.28237347505702223e-14
1,35,6,0,2.61222894172834924e-14
1,36,6,0,2.86537185309205383e-14
1,37,6,0,3.01221246838852263e-14
1,38,6,0,3.03166068367066027e-14
1,39,6,0,2.91711946753207135e-14
1,40,6,0,2.67903273621240140e-14
1,41,6,0,2.34373084769022924e-14
1,42,6,0,1.94827725323197185e-14
1,43,6,0,1.53073896873995308e-14
1,44,6,0,1.11739112564459078e-14
1,45,6,0,7.12680646918970040e-15
1,46,6,0,2.99778004340684606e-15
1,47,6,0,-1.45049119437202275e-15
1,48,6,0,-6.30322617017897713e-15
1,49,6,0,-1.13235608024020613e-14
1,50,6,0,-1.59445905507623123e-14
1,51,6,0,-1.94402870537513373e-14
1,52,6,0,-2.11893372449980036e-14
1,53,6,0,-2.09019288015992524e-14
1,54,6,0,-1.87111678690184136e-14
1,55,6,0,-1.51054180692585319e-14
1,56,6,0,-1.07485550272573213e-14
1,57,6,0,-6.27232683177961388e-15
1,58,6,0,-2.12177835759821184e-15
1,59,6,0,1.50000852871027233e-15
1,60,6,0,4.58925669547579490e-15
1,61,6,0,7.24109493069682864e-15
1,62,6,0,9.54568946809212018e-15
1,63,6,0,1.15230209678544512e-14
1,0,7,0,-1.09470139997660566e-14
1,1,7,0,-1.09469072736147026e-14
1,2,7,0,-1.09464049830769808e-14
1,3,7,0,-1.09465388142826470e-14
1,4,7,0,-1.09552446189145267e-14
1,5,7,0,-1.09959640337878826e-14
1,6,7,0,-1.11113494029617052e-14
1,7,7,0,-1.13526902654581367e-14
1,8,7,0,-1.17552528380361100e-14
1,9,7,0,-1.23137058953256065e-14
1,10,7,0,-1.29767217818218573e-14
1,11,7,0,-1.36694092324604263e-14
1,12,7,0,-1.43342741918805333e-14
1,13,7,0,-1.49693134271619219e-14
1,14,7,0,-1.56423387019958768e-14
1,15,7,0,-1.64712265094540955e-14
1,16,7,0,-1.75736314199760948e-14
1,17,7,0,-1.90012766534530114e-14
1,18,7,0,-2.06812563900487731e-14
1,19,7,0,-2.23887104873216752e-14
1,20,7,0,-2.37692776295901978e-14
1,21,7,0,-2.44136088163029660e-14
1,22,7,0,-2.39627806123245482e-14
1,23,7,0,-2.22045926296429025e-14
1,24,7,0,-1.91204050612207507e-14
1,25,7,0,-1.48656061012318944e-14
1,26,7,0,-9.70335448682814114e-15
1,27,7,0,-3.93743434937750963e-15
1,28,7,0,2.11516239500544531e-15
1,29,7,0,8.10929692536890845e-15
1,30,7,0,1.36543633862183482e-14
1,31,7,0,1.83431777932155718e-14
1,32,7,0,2.18382068342421604e-14
1,33,7,0,2.39716642938753513e-14
1,34,7,0,2.47889291152313465e-14
1,35,7,0,2.44910581208681102e-14
1,36,7,0,2.33028589371846173e-14
1,37,7,0,2.13605581790218824e-14
1,38,7,0,1.87113914857164887e-14
1,39,7,0,1.54238973752284653e-14
1,40,7,0,1.16957479264585482e-14
1,41,7,0,7.83500309309249562e-15
1,42,7,0,4.11682999837533967e-15
1,43,7,0,6.61437758236397676e-16
1,44,7,0,-2.52260663021668195e-15
1,45,7,0,-5.35006761793023825e-15
1,46,7,0,-7.50766805765901851e-15
1,47,7,0,-8.50870938241604299e-15
1,48,7,0,-7.94499879162293907e-15
1,49,7,0,-5.75575531856710627e-15
1,50,7,0,-2.31862013245240188e-15
1,51,7,0,1.69317354529866827e-15
1,52,7,0,5.58210975273171206e-15
1,53,7,0,8.86221688888673073e-15
1,54,7,0,1.13548332588146901e-14
1,55,7,0,1.31402660562447704e-14
1,56,7,0,1.44259282389711321e-14
1,57,7,0,1.54021337106817133e-14
1,58,7,0,1.61382527756907465e-14
1,59,7,0,1.65492602667528452e-14
1,60,7,0,1.64393272486604985e-14
1,61,7,0,1.56008662748324117e-14
1,62,7,0,1.39233700388379997e-14
1,63,7,0,1.14639649837389342e-14
1,0,8,0,0.00000000000000000e0
1,1,8,0,0.00000000000000000e0
1,2,8,0,0.00000000000000000e0
1,3,8,0,0.00000000000000000e0
1,4,8,0,0.00000000000000000e0
1,5,8,0,0.00000000000000000e0
1,6,8,0,0.00000000000000000e0
1,7,8,0,0.00000000000000000e0
1,8,8,0,0.00000000000000000e0
1,9,8,0,0.00000000000000000e0
1,10,8,0,0.00000000000000000e0
1,11,8,0,0.00000000000000000e0
1,12,8,0,0.00000000000000000e0
1,13,8,0,0.00000000000000000e0
1,14,8,0,0.00000000000000000e0
1,15,8,0,0.00000000000000000e0
1,16,8,0,0.00000000000000000e0
1,17,8,0,0.00000000000000000e0
1,18,8,0,0.00000000000000000e0
1,19,8,0,0.00000000000000000e0
1,20,8,0,0.00000000000000000e0
1,21,8,0,0.00000000000000000e0
1,22,8,0,0.00000000000000000e0
1,23,8,0,0.00000000000000000e0
1,24,8,0,0.00000000000000000e0
1,25,8,0,0.00000000000000000e0
1,26,8,0,0.00000000000000000e0
1,27,8,0,0.00000000000000000e0
1,28,8,0,0.00000000000000000e0
1,29,8,0,0.00000000000000000e0
1,30,8,0,0.00000000000000000e0
1,31,8,0,0.00000000000000000e0
1,32,8,0,0.00000000000000000e0
1,33,8,0,0.00000000000000000e0
1,34,8,0,0.00000000000000000e0
1,35,8,0,0.00000000000000000e0
1,36,8,0,0.00000000000000000e0
1,37,8,0,0.00000000000000000e0
1,38,8,0,0.00000000000000000e0
1,39,8,0,0.00000000000000000e0
1,40,8,0,0.00000000000000000e0
1,41,8,0,0.00000000000000000e0
1,42,8,0,0.00000000000000000e0
1,43,8,0,0.00000000000000000e0
1,44,8,0,0.00000000000000000e0
1,45,8,0,0.00000000000000000e0
1,46,8,0,0.00000000000000000e0
1,47,8,0,0.00000000000000000e0
1,48,8,0,0.00000000000000000e0
1,49,8,0,0.00000000000000000e0
1,50,8,0,0.00000000000000000e0
1,51,8,0,0.00000000000000000e0
1,52,8,0,0.00000000000000000e0
1,53,8,0,0.00000000000000000e0
1,54,8,0,0.00000000000000000e0
1,55,8,0,0.00000000000000000e0
1,56,8,0,0.00000000000000000e0
1,57,8,0,0.00000000000000000e0
1,58,8,0,0.00000000000000000e0
1,59,8,0,0.00000000000000000e0
1,60,8,0,0.00000000000000000e0
1,61,8,0,0.00000000000000000e0
1,62,8,0,0.00000000000000000e0
1,63,8,0,0.00000000000000000e0
1,0,0,1,0.00000000000000000e0
1,1,0,1,0.00000000000000000e0
1,2,0,1,0.00000000000000000e0
1,3,0,1,0.00000000000000000e0
1,4,0,1,0.00000000000000000e0
1,5,0,1,0.00000000000000000e0
1,6,0,1,0.00000000000000000e0
1,7,0,1,0.00000000000000000e0
1,8,0,1,0.00000000000000000e0
1,9,0,1,0.00000000000000000e0
1,10,0,1,0.00000000000000000e0
1,11,0,1,0.00000000000000000e0
1,12,0,1,0.00000000000000000e0
1,13,0,1,0.00000000000000000e0
1,14,0,1,0.00000000000000000e0
1,15,0,1,0.00000000000000000e0
1,16,0,1,0.00000000000000000e0
1,17,0,1,0.00000000000000000e0
1,18,0,1,0.00000000000000000e0
1,19,0,1,0.00000000000000000e0
1,20,0,1,0.00000000000000000e0
1,21,0,1,0.00000000000000000e0
1,22,0,1,0.00000000000000000e0
1,23,0,1,0.00000000000000000e0
1,24,0,1,0.00000000000000000e0
1,25,0,1,0.00000000000000000e0
1,26,0,1,0.00000000000000000e0
1,27,0,1,0.00000000000000000e0
1,28,0,1,0.00000000000000000e0
1,29,0,1,0.00000000000000000e0
1,30,0,1,0.00000000000000000e0
1,31,0,1,0.00000000000000000e0
1,32,0,1,0.00000000000000000e0
1,33,0,1,0.00000000000000000e0
1,34,0,1,0.00000000000000000e0
1,35,0,1,0.00000000000000000e0
1,36,0,1,0.00000000000000000e0
1,37,0,1,0.00000000000000000e0
1,38,0,1,0.00000000000000000e0
1,39,0,1,0.00000000000000000e0
1,40,0,1,0.00000000000000000e0
1,41,0,1,0.00000000000000000e0
1,42,0,1,0.00000000000000000e0
1,43,0,1,0.00000000000000000e0
1,44,0,1,0.00000000000000000e0
1,45,0,1,0.00000000000000000e0
1,46,0,1,0.00000000000000000e0
1,47,0,1,0.00000000000000000e0
1,48,0,1,0.00000000000000000e0
1,49,0,1,0.00000000000000000e0
1,50,0,1,0.00000000000000000e0
1,51,0,1,0.00000000000000000e0
1,52,0,1,0.00000000000000000e0
1,53,0,1,0.00000000000000000e0
1,54,0,1,0.00000000000000000e0
1,55,0,1,0.00000000000000000e0
1,56,0,1,0.00000000000000000e0
1,57,0,1,0.00000000000000000e0
1,58,0,1,0.00000000000000000e0
1,59,0,1,0.00000000000000000e0
1,60,0,1,0.00000000000000000e0
1,61,0,1,0.00000000000000000e0
1,62,0,1,0.00000000000000000e0
1,63,0,1,0.00000000000000000e0
1,0,1,1,-2.10522034578704796e-15
1,1,1,1,-2.10536391787160757e-15
1,2,1,1,-2.10650444773508548e-15
1,3,1,1,-2.11057952324432592e-15
1,4,1,1,-2.11826910009773727e-15
1,5,1,1,-2.12162313881062749e-15
1,6,1,1,-2.09415873077061724e-15
1,7,1,1,-1.98645595042839119e-15
1,8,1,1,-1.73400254505957528e-15
1,9,1,1,-1.27512519874163665e-15
1,10,1,1,-5.68409929584470786e-16
1,11,1,1,4.00469289467511895e-16
1,12,1,1,1.62349640329929271e-15
1,13,1,1,3.07870599470399554e-15
1,14,1,1,4.73353520551340889e-15
1,15,1,1,6.54093961407879211e-15
1,16,1,1,8.43170053498347102e-15
1,17,1,1,1.03067561944966343e-14
1,18,1,1,1.20339605590006650e-14
1,19,1,1,1.34585607090322024e-14
1,20,1,1,1.44369837129986953e-14
1,21,1,1,1.48892061332082937e-14
1,22,1,1,1.48439491628364964e-14
1,23,1,1,1.44448086033654305e-14
1,24,1,1,1.39042770691739405e-14
1,25,1,1,1.34240559748928512e-14
1,26,1,1,1.31231729313691786e-14
1,27,1,1,1.30135583976649996e-14
1,28,1,1,1.30320499739365082e-14
1,29,1,1,1.30966777407790641e-14
1,30,1,1,1.31383492206851339e-14
1,31,1,1,1.30858467304825234e-14
1,32,1,1,1.28309584230277066e-14
1,33,1,1,1.22242981796111261e-14
1,34,1,1,1.11258057142724943e-14
1,35,1,1,9.48183250123156574e-15
1,36,1,1,7.37246974081597062e-15
1,37,1,1,4.99244056672057922e-15
1,38,1,1,2.57781644947695406e-15
1,39,1,1,3.28435860627552482e-16
1,40,1,1,-1.62628112999250963e-15
1,41,1,1,-3.20872110518455756e-15
1,42,1,1,-4.35505039149408635e-15
1,43,1,1,-5.00410421040427093e-15
1,44,1,1,-5.13276555047688376e-15
1,45,1,1,-4.81352560892031600e-15
1,46,1,1,-4.24480185362888750e-15
1,47,1,1,-3.71766572198175063e-15
1,48,1,1,-3.52238333478345576e-15
1,49,1,1,-3.83504670077930432e-15
1,50,1,1,-4.63606839482227744e-15
1,51,1,1,-5.69606278919172759e-15
1,52,1,1,-6.63338351939270557e-15
1,53,1,1,-7.01888473083060911e-15
1,54,1,1,-6.49085667349001347e-15
1,55,1,1,-4.84936230236922457e-15
1,56,1,1,-2.11478398303625945e-15
1,57,1,1,1.45274896069292909e-15
1,58,1,1,5.37345800925219212e-15
1,59,1,1,9.00915423534577597e-15
1,60,1,1,1.16645347623522272e-14
1,61,1,1,1.27168707083290776e-14
1,62,1,1,1.17479454848001472e-14
1,63,1,1,8.64346215992883513e-15
1,0,2,1,3.03548961140542861e-14
1,1,2,1,3.03548723971317630e-14
1,2,2,1,3.03543133553865752e-14
1,3,2,1,3.03494818794554366e-14
1,4,2,1,3.03252669015593307e-14
1,5,2,1,3.02410548859433082e-14
1,6,2,1,3.00181496955438665e-14
1,7,2,1,2.95431776644369121e-14
1,8,2,1,2.86974220428670712e-14
1,9,2,1,2.74049954550239366e-14
1,10,2,1,2.56767585573572030e-14
1,11,2,1,2.36251685261420347e-14
1,12,2,1,2.14400945727690612e-14
1,13,2,1,1.93360376267350670e-14
1,14,2,1,1.74932903449290245e-14
1,15,2,1,1.60149247785705204e-14
1,16,2,1,1.49137311251630947e-14
1,17,2,1,1.41333334128363429e-14
1,18,2,1,1.35941054623506773e-14
1,19,2,1,1.32386921317486674e-14
1,20,2,1,1.30483900865219909e-14
1,21,2,1,1.30208361047478086e-14
1,22,2,1,1.31276664411543627e-14
1,23,2,1,1.32839719720100405e-14
1,24,2,1,1.33521835352524293e-14
1,25,2,1,1.31822788904285837e-14
1,26,2,1,1.26694300870192587e-14
1,27,2,1,1.17974952181486292e-14
1,28,2,1,1.06413121858054543e-14
1,29,2,1,9.32520425082298404e-15
1,30,2,1,7.96458727556114202e-15
1,31,2,1,6.62828014588549841e-15
1,32,2,1,5.34086248737595214e-15
1,33,2,1,4.11310474747331525e-15
1,34,2,1,2.96959862197698505e-15
1,35,2,1,1.94861983570748885e-15
1,36,2,1,1.07614688915711604e-15
1,37,2,1,3.46397723669671954e-16
1,38,2,1,-2.54813768555458425e-16
1,39,2,1,-6.87738131248643702e-16
1,40,2,1,-8.16120691602491462e-16
1,41,2,1,-4.51356064323234869e-16
1,42,2,1,5.14874112125769190e-16
1,43,2,1,1.97566432716389778e-15
1,44,2,1,3.58208285218064929e-15
1,45,2,1,4.86358271500420339e-15
1,46,2,1,5.42839444862873791e-15
1,47,2,1,5.12720054401342301e-15
1,48,2,1,4.10313559320060577e-15
1,49,2,1,2.73222928521199213e-15
1,50,2,1,1.51026228605325927e-15
1,51,2,1,9.36387194013985329e-16
1,52,2,1,1.40839418628907606e-15
1,53,2,1,3.12552934075350283e-15
1,54,2,1,6.00921129330811606e-15
1,55,2,1,9.67487893320734607e-15
1,56,2,1,1.34854955097219419e-14
1,57,2,1,1.66843179761266489e-14
1,58,2,1,1.85669046055738501e-14
1,59,2,1,1.86361597134072562e-14
1,60,2,1,1.66954462949876759e-14
1,61,2,1,1.28619471234030051e-14
1,62,2,1,7.51034891693707837e-15
1,63,2,1,1.17541788002589916e-15
1,0,3,1,1.67404356029481408e-14
1,1,3,1,1.67410996767787881e-14
1,2,3,1,1.67473270630070017e-14
1,3,3,1,1.67770325084672101e-14
1,4,3,1,1.68733282961087624e-14
1,5,3,1,1.71125981630491572e-14
1,6,3,1,1.75986934308194551e-14
1,7,3,1,1.84379285927613323e-14
1,8,3,1,1.96992741536379176e-14
1,9,3,1,2.13741767747478370e-14
1,10,3,1,2.33546058739982770e-14
1,11,3,1,2.54423371070068918e-14
1,12,3,1,2.73891440804490197e-14
1,13,3,1,2.89538053634737919e-14
1,14,3,1,2.99554726455788373e-14
1,15,3,1,3.03058935639897303e-14
1,16,3,1,3.00119697431606991e-14
1,17,3,1,2.91503678292136248e-14
1,18,3,1,2.78239667498561202e-14
1,19,3,1,2.61145627827386387e-14
1,20,3,1,2.40477634279225722e-14
1,21,3,1,2.15850286863078500e-14
1,22,3,1,1.86531240892748654e-14
1,23,3,1,1.52080750743339640e-14
1,24,3,1,1.13092484866923054e-14
1,25,3,1,7.16178808287835575e-15
1,26,3,1,3.09291963107539633e-15
1,27,3,1,-5.35183421102085550e-16
1,28,3,1,-3.43138150306224275e-15
1,29,3,1,-5.44272709312922792e-15
1,30,3,1,-6.55338422213985229e-15
1,31,3,1,-6.83379278526249391e-15
1,32,3,1,-6.38700026976126919e-15
1,33,3,1,-5.32723245670520956e-15
1,34,3,1,-3.78804526605263682e-15
1,35,3,1,-1.92779129553450560e-15
1,36,3,1,9.36849938700982194e-17
1,37,3,1,2.15481793649704989e-15
1,38,3,1,4.18636039191660342e-15
1,39,3,1,6.13676471428572026e-15
1,40,3,1,7.92175536051733381e-15
1,41,3,1,9.41926387148378508e-15
1,42,3,1,1.05285424543727531e-14
1,43,3,1,1.12370872088168698e-14
1,44,3,1,1.16183917955176019e-14
1,45,3,1,1.17529260385300025e-14
1,46,3,1,1.16549438082904668e-14
1,47,3,1,1.12952936188862908e-14
1,48,3,1,1.07163847159206030e-14
1,49,3,1,1.01320285440711227e-14
1,50,3,1,9.89733858427653199e-15
1,51,3,1,1.03335664813431274e-14
1,52,3,1,1.15113056551609770e-14
1,53,3,1,1.31336304001359802e-14
1,54,3,1,1.45962784231252335e-14
1,55,3,1,1.51950104381555137e-14
1,56,3,1,1.43784910057931023e-14
1,57,3,1,1.19402431396505547e-14
1,58,3,1,8.08548174702390654e-15
1,59,3,1,3.36273308257730753e-15
1,60,3,1,-1.50560233429393973e-15
1,61,3,1,-5.83201454184135819e-15
1,62,3,1,-9.14230781465415199e-15
1,63,3,1,-1.12685781997298902e-14
1,0,4,1,-4.85574183689058874e-16
1,1,4,1,-4.85677045252591068e-16
1,2,4,1,-4.86293261721718571e-16
1,3,4,1,-4.87300754472918358e-16
1,4,4,1,-4.83405991102324678e-16
1,5,4,1,-4.53810448167022611e-16
1,6,4,1,-3.49486826358528786e-16
1,7,4,1,-8.76948695113444134e-17
1,8,4,1,4.36101318580540140e-16
1,9,4,1,1.31700091946711315e-15
1,10,4,1,2.60032063257784312e-15
1,11,4,1,4.24999458911202999e-15
1,12,4,1,6.14136156209046935e-15
1,13,4,1,8.08249426181894062e-15
1,14,4,1,9.85430676945717177e-15
1,15,4,1,1.12524650919742716e-14
1,16,4,1,1.21170570322251536e-14
1,17,4,1,1.23455636515047880e-14
1,18,4,1,1.18949751578504431e-14
1,19,4,1,1.07850824760747158e-14
1,20,4,1,9.11086341055323060e-15
1,21,4,1,7.05706516444457033e-15
1,22,4,1,4.89372014726751139e-15
1,23,4,1,2.93365541413495926e-15
1,24,4,1,1.45641947209073719e-15
1,25,4,1,6.30553878188321818e-16
1,26,4,1,4.72801297421378448e-16
1,27,4,1,8.62357943792057971e-16
1,28,4,1,1.59869750206517334e-15
1,29,4,1,2.47417625090799644e-15
1,30,4,1,3.33443752345780400e-15
1,31,4,1,4.11262490330869569e-15
1,32,4,1,4.83520202907350080e-15
1,33,4,1,5.60279345027071482e-15
1,34,4,1,6.55011509847992432e-15
1,35,4,1,7.78857891131938193e-15
1,36,4,1,9.34480882838718482e-15
1,37,4,1,1.11295021660543121e-14
1,38,4,1,1.29722265779707788e-14
1,39,4,1,1.47082358499615179e-14
1,40,4,1,1.62385651935681788e-14
1,41,4,1,1.74901173595086099e-14
1,42,4,1,1.83076498432759374e-14
1,43,4,1,1.84177387154305788e-14
1,44,4,1,1.75761098383797609e-14
1,45,4,1,1.58329143388645163e-14
1,46,4,1,1.36918971101770807e-14
1,47,4,1,1.19747631203829565e-14
1,48,4,1,1.14204207139864851e-14
1,49,4,1,1.22597016157075141e-14
1,50,4,1,1.40333199975892914e-14
1,51,4,1,1.57586363256538922e-14
1,52,4,1,1.63401447727347035e-14
1,53,4,1,1.50061475019062224e-14
1,54,4,1,1.15814637001161562e-14
1,55,4,1,6.51601143444109805e-15
1,56,4,1,7.00487777049833837e-16
1,57,4,1,-4.83323733615234445e-15
1,58,4,1,-9.21350771013445397e-15
1,59,4,1,-1.19395299379089666e-14
1,60,4,1,-1.29510024734114278e-14
1,61,4,1,-1.25572151621670090e-14
1,62,4,1,-1.12717206919642036e-14
1,63,4,1,-9.62429751372910827e-15
1,0,5,1,-3.74429093212926868e-15
1,1,5,1,-3.74428669696453241e-15
1,2,5,1,-3.74477712904099265e-15
1,3,5,1,-3.74997748782066043e-15
1,4,5,1,-3.77733156981929080e-15
1,5,5,1,-3.87390179613575358e-15
1,6,5,1,-4.13165900418292070e-15
1,7,5,1,-4.68636563474671142e-15
1,8,5,1,-5.68844711596296418e-15
1,9,5,1,-7.24980158236165559e-15
1,10,5,1,-9.38754587574090055e-15
1,11,5,1,-1.19915623248258510e-14
1,12,5,1,-1.48333527806663451e-14
1,13,5,1,-1.76145583579215281e-14
1,14,5,1,-2.00353700508448460e-14
1,15,5,1,-2.18555743977926625e-14
1,16,5,1,-2.29264391894907008e-14
1,17,5,1,-2.31853941021252855e-14
1,18,5,1,-2.26225051332910182e-14
1,19,5,1,-2.12420497993715332e-14
1,20,5,1,-1.90450631746283752e-14
1,21,5,1,-1.60445641554608429e-14
1,22,5,1,-1.23019871945003433e-14
1,23,5,1,-7.95975071743231996e-15
1,24,5,1,-3.25158901912862407e-15
1,25,5,1,1.50935521964586832e-15
1,26,5,1,5.95509774643982782e-15
1,27,5,1,9.69829431200124395e-15
1,28,5,1,1.23877687621676280e-14
1,29,5,1,1.37871578235570884e-14
1,30,5,1,1.38549492584576391e-14
1,31,5,1,1.27833051964481269e-14
1,32,5,1,1.09618048890910112e-14
1,33,5,1,8.87094810450702806e-15
1,34,5,1,6.95173238228876181e-15
1,35,5,1,5.51253192534540207e-15
1,36,5,1,4.70725812590721236e-15
1,37,5,1,4.56260353324101746e-15
1,38,5,1,4.99815973318044025e-15
1,39,5,1,5.81497435652496980e-15
1,40,5,1,6.69708463219096523e-15
1,41,5,1,7.29160181127570806e-15
1,42,5,1,7.36180729007593349e-15
1,43,5,1,6.91010791271126461e-15
1,44,5,1,6.15960580474137973e-15
1,45,5,1,5.39242646507300492e-15
1,46,5,1,4.76357014679009913e-15
1,47,5,1,4.21977033597162841e-15
1,48,5,1,3.55576215037766916e-15
1,49,5,1,2.54303007688264082e-15
1,50,5,1,1.04793370399173299e-15
1,51,5,1,-9.02650824636912208e-16
1,52,5,1,-3.11121956614258868e-15
1,53,5,1,-5.24784132910848487e-15
1,54,5,1,-6.93071198915322546e-15
1,55,5,1,-7.83498954056533956e-15
1,56,5,1,-7.79983004995776080e-15
1,57,5,1,-6.89498159833919731e-15
1,58,5,1,-5.41681169659150898e-15
1,59,5,1,-3.80750076581812084e-15
1,60,5,1,-2.52143116024412979e-15
1,61,5,1,-1.88580493113029400e-15
1,62,5,1,-2.00635931886473592e-15
1,63,5,1,-2.75143702784040427e-15
1,0,6,1,-3.74351496524628902e-14
1,1,6,1,-3.74352174150986705e-14
1,2,6,1,-3.74352851777344509e-14
1,3,6,1,-3.74325272384581909e-14
1,4,6,1,-3.74128252521050558e-14
1,5,6,1,-3.73364432090534520e-14
1,6,6,1,-3.71265247278013133e-14
1,7,6,1,-3.66741447594635256e-14
1,8,6,1,-3.58664514104115040e-14
1,9,6,1,-3.46280926296575059e-14
1,10,6,1,-3.29538777993007570e-14
1,11,6,1,-3.09133144429929452e-14
1,12,6,1,-2.86229475180126841e-14
1,13,6,1,-2.61996387719608606e-14
1,14,6,1,-2.37168598426823127e-14
1,15,6,1,-2.11839179282014706e-14
1,16,6,1,-1.85582292941280716e-14
1,17,6,1,-1.57878386335434315e-14
1,18,6,1,-1.28682880120461508e-14
1,19,6,1,-9.88880388029999766e-15
1,20,6,1,-7.04218914830841668e-15
1,21,6,1,-4.58528961666732938e-15
1,22,6,1,-2.76036581389564866e-15
1,23,6,1,-1.71045386445560325e-15
1,24,6,1,-1.42680529443059553e-15
1,25,6,1,-1.74806371550047029e-15
1,26,6,1,-2.40476253615521697e-15
1,27,6,1,-3.08996518015537333e-15
1,28,6,1,-3.53811358364691537e-15
1,29,6,1,-3.59365501630603754e-15
1,30,6,1,-3.24334145932120895e-15
1,31,6,1,-2.58777607462900693e-15
1,32,6,1,-1.75569347065198181e-15
1,33,6,1,-8.06511738090601865e-16
1,34,6,1,3.12928222610543141e-16
1,35,6,1,1.71537925516476860e-15
1,36,6,1,3.44081914416055016e-15
1,37,6,1,5.32333991679610243e-15
1,38,6,1,6.95701109161605061e-15
1,39,6,1,7.81252537977120826e-15
1,40,6,1,7.46248986135131590e-15
1,41,6,1,5.79956301556615143e-15
1,42,6,1,3.13064626678786605e-15
1,43,6,1,9.47062839939153908e-17
1,44,6,1,-2.56948206879244537e-15
1,45,6,1,-4.32207158720921379e-15
1,46,6,1,-5.06791459045272639e-15
1,47,6,1,-5.22100647830652138e-15
1,48,6,1,-5.51335354730423874e-15
1,49,6,1,-6.60476354665440364e-15
1,50,6,1,-8.68981942609911573e-15
1,51,6,1,-1.13340504584208586e-14
1,52,6,1,-1.36525278658216481e-14
1,53,6,1,-1.47409126870006943e-14
1,54,6,1,-1.41209870605971642e-14
1,55,6,1,-1.19663622476120883e-14
1,56,6,1,-9.01253982603595141e-15
1,57,6,1,-6.22624358076777004e-15
1,58,6,1,-4.41215692928149765e-15
1,59,6,1,-3.93598126435649488e-15
1,60,6,1,-4.66442028163277338e-15
1,61,6,1,-6.11423152030638774e-15
1,62,6,1,-7.71341998384361335e-15
1,63,6,1,-9.04379534178963509e-15
1,0,7,1,-3.12773590393274764e-14
1,1,7,1,-3.12774437426222018e-14
1,2,7,1,-3.12779384098633984e-14
1,3,7,1,-3.12785889311668897e-14
1,4,7,1,-3.12742792275312598e-14
1,5,7,1,-3.12455343174332378e-14
1,6,7,1,-3.11464585676587968e-14
1,7,7,1,-3.08977866350038793e-14
1,8,7,1,-3.03927957562462325e-14
1,9,7,1,-2.95177497353603380e-14
1,10,7,1,-2.81811114158023179e-14
1,11,7,1,-2.63418776266614862e-14
1,12,7,1,-2.40287102688070339e-14
1,13,7,1,-2.13444730233535232e-14
1,14,7,1,-1.84537816614021438e-14
1,15,7,1,-1.55541303849347085e-14
1,16,7,1,-1.28353443596285893e-14
1,17,7,1,-1.04371052477166514e-14
1,18,7,1,-8.41638448523121876e-15
1,19,7,1,-6.73428758978379498e-15
1,20,7,1,-5.26796132622108990e-15
1,21,7,1,-3.84971688790927517e-15
1,22,7,1,-2.32792161300443817e-15
1,23,7,1,-6.30323538166227852e-16
1,24,7,1,1.19931342062177182e-15
1,25,7,1,3.01162225583087584e-15
1,26,7,1,4.60274527164434601e-15
1,27,7,1,5.77705184444344752e-15
1,28,7,1,6.39480017265606042e-15
1,29,7,1,6.39903321980996379e-15
1,30,7,1,5.82890762499082941e-15
1,31,7,1,4.81925112812728144e-15
1,32,7,1,3.57487629586540970e-15
1,33,7,1,2.31589332163695347e-15
1,34,7,1,1.21504716349613885e-15
1,35,7,1,3.58713741541427092e-16
1,36,7,1,-2.59754405857674352e-16
1,37,7,1,-7.32181526474603214e-16
1,38,7,1,-1.21841337830764585e-15
1,39,7,1,-1.89006593037145676e-15
1,40,7,1,-2.81795600749594217e-15
1,41,7,1,-3.86710435673403782e-15
1,42,7,1,-4.72291849455252349e-15
1,43,7,1,-5.09953983608788658e-15
1,44,7,1,-5.00132551882080320e-15
1,45,7,1,-4.79954956529062005e-15
1,46,7,1,-4.99758290374336007e-15
1,47,7,1,-5.82189715680287920e-15
1,48,7,1,-6.95441154750092716e-15
1,49,7,1,-7.64141879519520881e-15
1,50,7,1,-7.13682517488982426e-15
1,51,7,1,-5.19076570802364835e-15
1,52,7,1,-2.26665466113835055e-15
1,53,7,1,6.37819673870310003e-16
1,54,7,1,2.43827115954859709e-15
1,55,7,1,2.41792161650728615e-15
1,56,7,1,4.70167342592772795e-16
1,57,7,1,-2.93945991916425616e-15
1,58,7,1,-7.01875174665789019e-15
1,59,7,1,-1.09604293075846702e-14
1,60,7,1,-1.41869785504847995e-14
1,61,7,1,-1.64528272597738376e-14
1,62,7,1,-1.78016933469584207e-14
1,63,7,1,-1.84372289435469003e-14
1,0,8,1,0.00000000000000000e0
1,1,8,1,0.00000000000000000e0
1,2,8,1,0.00000000000000000e0
1,3,8,1,0.00000000000000000e0
1,4,8,1,0.00000000000000000e0
1,5,8,1,0.00000000000000000e0
1,6,8,1,0.00000000000000000e0
1,7,8,1,0.00000000000000000e0
1,8,8,1,0.00000000000000000e0
1,9,8,1,0.00000000000000000e0
1,10,8,1,0.00000000000000000e0
1,11,8,1,0.00000000000000000e0
1,12,8,1,0.00000000000000000e0
1,13,8,1,0.00000000000000000e0
1,14,8,1,0.00000000000000000e0
1,15,8,1,0.00000000000000000e0
1,16,8,1,0.00000000000000000e0
1,17,8,1,0.00000000000000000e0
1,18,8,1,0.00000000000000000e0
1,19,8,1,0.00000000000000000e0
1,20,8,1,0.00000000000000000e0
1,21,8,1,0.00000000000000000e0
1,22,8,1,0.00000000000000000e0
1,23,8,1,0.00000000000000000e0
1,24,8,1,0.00000000000000000e0
1,25,8,1,0.00000000000000000e0
1,26,8,1,0.00000000000000000e0
1,27,8,1,0.00000000000000000e0
1,28,8,1,0.00000000000000000e0
1,29,8,1,0.00000000000000000e0
1,30,8,1,0.00000000000000000e0
1,31,8,1,0.00000000000000000e0
1,32,8,1,0.00000000000000000e0
1,33,8,1,0.00000000000000000e0
1,34,8,1,0.00000000000000000e0
1,35,8,1,0.00000000000000000e0
1,36,8,1,0.00000000000000000e0
1,37,8,1,0.00000000000000000e0
1,38,8,1,0.00000000000000000e0
1,39,8,1,0.00000000000000000e0
1,40,8,1,0.00000000000000000e0
1,41,8,1,0.00000000000000000e0
1,42,8,1,0.00000000000000000e0
1,43,8,1,0.00000000000000000e0
1,44,8,1,0.00000000000000000e0
1,45,8,1,0.00000000000000000e0
1,46,8,1,0.00000000000000000e0
1,47,8,1,0.00000000000000000e0
1,48,8,1,0.00000000000000000e0
1,49,8,1,0.00000000000000000e0
1,50,8,1,0.00000000000000000e0
1,51,8,1,0.00000000000000000e0
1,52,8,1,0.00000000000000000e0
1,53,8,1,0.00000000000000000e0
1,54,8,1,0.00000000000000000e0
1,55,8,1,0.00000000000000000e0
1,56,8,1,0.00000000000000000e0
1,57,8,1,0.00000000000000000e0
1,58,8,1,0.00000000000000000e0
1,59,8,1,0.00000000000000000e0
1,60,8,1,0.00000000000000000e0
1,61,8,1,0.00000000000000000e0
1,62,8,1,0.00000000000000000e0
1,63,8,1,0.00000000000000000e0
1,0,0,2,0.00000000000000000e0
1,1,0,2,0.00000000000000000e0
1,2,0,2,0.00000000000000000e0
1,3,0,2,0.00000000000000000e0
1,4,0,2,0.00000000000000000e0
1,5,0,2,0.00000000000000000e0
1,6,0,2,0.00000000000000000e0
1,7,0,2,0.00000000000000000e0
1,8,0,2,0.00000000000000000e0
1,9,0,2,0.00000000000000000e0
1,10,0,2,0.00000000000000000e0
1,11,0,2,0.00000000000000000e0
1,12,0,2,0.00000000000000000e0
1,13,0,2,0.00000000000000000e0
1,14,0,2,0.00000000000000000e0
1,15,0,2,0.00000000000000000e0
1,16,0,2,0.00000000000000000e0
1,17,0,2,0.00000000000000000e0
1,18,0,2,0.00000000000000000e0
1,19,0,2,0.00000000000000000e0
1,20,0,2,0.00000000000000000e0
1,21,0,2,0.00000000000000000e0
1,22,0,2,0.00000000000000000e0
1,23,0,2,0.00000000000000000e0
1,24,0,2,0.00000000000000000e0
1,25,0,2,0.00000000000000000e0
1,26,0,2,0.00000000000000000e0
1,27,0,2,0.00000000000000000e0
1,28,0,2,0.00000000000000000e0
1,29,0,2,0.00000000000000000e0
1,30,0,2,0.00000000000000000e0
1,31,0,2,0.00000000000000000e0
1,32,0,2,0.00000000000000000e0
1,33,0,2,0.00000000000000000e0
1,34,0,2,0.00000000000000000e0
1,35,0,2,0.00000000000000000e0
1,36,0,2,0.00000000000000000e0
1,37,0,2,0.00000000000000000e0
1,38,0,2,0.00000000000000000e0
1,39,0,2,0.00000000000000000e0
1,40,0,2,0.00000000000000000e0
1,41,0,2,0.00000000000000000e0
1,42,0,2,0.00000000000000000e0
1,43,0,2,0.00000000000000000e0
1,44,0,2,0.00000000000000000e0
1,45,0,2,0.00000000000000000e0
1,46,0,2,0.00000000000000000e0
1,47,0,2,0.00000000000000000e0
1,48,0,2,0.00000000000000000e0
1,49,0,2,0.00000000000000000e0
1,50,0,2,0.00000000000000000e0
1,51,0,2,0.00000000000000000e0
1,52,0,2,0.00000000000000000e0
1,53,0,2,0.00000000000000000e0
1,54,0,2,0.00000000000000000e0
1,55,0,2,0.00000000000000000e0
1,56,0,2,0.00000000000000000e0
1,57,0,2,0.00000000000000000e0
1,58,0,2,0.00000000000000000e0
1,59,0,2,0.00000000000000000e0
1,60,0,2,0.00000000000000000e0
1,61,0,2,0.00000000000000000e0
1,62,0,2,0.00000000000000000e0
1,63,0,2,0.00000000000000000e0
1,0,1,2,-2.16810551174721755e-14
1,1,1,2,-2.16810686699993316e-14
1,2,1,2,-2.16805892493511856e-14
1,3,1,2,-2.16748362015734344e-14
1,4,1,2,-2.16432503429703216e-14
1,5,1,2,-2.15292566489288378e-14
1,6,1,2,-2.12205944548175818e-14
1,7,1,2,-2.05484500942487713e-14
1,8,1,2,-1.93188631866965388e-14
1,9,1,2,-1.73708686730623604e-14
1,10,1,2,-1.46363108942783662e-14
1,11,1,2,-1.11733505206348255e-14
1,12,1,2,-7.16052854488578860e-15
1,13,1,2,-2.85918491268707161e-15
1,14,1,2,1.43616098509125609e-15
1,15,1,2,5.44168947776884140e-15
1,16,1,2,8.91281270792507185e-15
1,17,1,2,1.16551123678469704e-14
1,18,1,2,1.35228157813779663e-14
1,19,1,2,1.44186437556247452e-14
1,20,1,2,1.43109045528657872e-14
1,21,1,2,1.32692717152104421e-14
1,22,1,2,1.14954720682779524e-14
1,23,1,2,9.31201340673539282e-15
1,24,1,2,7.08961621709107946e-15
1,25,1,2,5.13545615063383705e-15
1,26,1,2,3.59932844298674684e-15
1,27,1,2,2.45191728384533750e-15
1,28,1,2,1.54342362593826513e-15
1,29,1,2,6.95641742739914375e-16
1,30,1,2,-2.36018901549273552e-16
1,31,1,2,-1.35630356585706791e-15
1,32,1,2,-2.74995133205092022e-15
1,33,1,2,-4.47928386683492732e-15
1,34,1,2,-6.54639704735795157e-15
1,35,1,2,-8.85699069560217170e-15
1,36,1,2,-1.12317949469624249e-14
1,37,1,2,-1.34654750389806392e-14
1,38,1,2,-1.53813814034739829e-14
1,39,1,2,-1.68337803278014592e-14
1,40,1,2,-1.76684279593010071e-14
1,41,1,2,-1.77038983110002282e-14
1,42,1,2,-1.67809186956292128e-14
1,43,1,2,-1.48560312407961317e-14
1,44,1,2,-1.20641801534598567e-14
1,45,1,2,-8.69755876613817827e-15
1,46,1,2,-5.12091725361069061e-15
1,47,1,2,-1.69018404839045263e-15
1,48,1,2,1.28062667773405333e-15
1,49,1,2,3.52017151999993796e-15
1,50,1,2,4.81869462748093537e-15
1,51,1,2,5.09038129234569946e-15
1,52,1,2,4.44900836820121687e-15
1,53,1,2,3.23920963260450247e-15
1,54,1,2,1.98918424355149729e-15
1,55,1,2,1.29662215378912194e-15
1,56,1,2,1.68782220289615242e-15
1,57,1,2,3.48798829141077401e-15
1,58,1,2,6.72528617065332353e-15
1,59,1,2,1.10838885948117208e-14
1,60,1,2,1.59240703305821296e-14
1,61,1,2,2.03841511134698547e-14
1,62,1,2,2.35578039958469002e-14
1,63,1,2,2.47081933228308556e-14
1,0,2,2,1.85248053740294169e-14
1,1,2,2,1.85247325291959530e-14
1,2,2,2,1.85236313863645224e-14
1,3,2,2,1.85158081900636817e-14
1,4,2,2,1.84806004185781095e-14
1,5,2,2,1.83662289478421503e-14
1,6,2,2,1.80778938503991030e-14
1,7,2,2,1.74874678404495984e-14
1,8,2,2,1.64755141902330968e-14
1,9,2,2,1.49949124568938413e-14
1,10,2,2,1.31243011792549213e-14
1,11,2,2,1.10766464631126965e-14
1,12,2,2,9.14915692306565026e-15
1,13,2,2,7.63220561782792378e-15
1,14,2,2,6.71665363437138133e-15
1,15,2,2,6.43861252833631548e-15
1,16,2,2,6.68297856900386573e-15
1,17,2,2,7.24406971040758574e-15
1,18,2,2,7.91834774697052976e-15
1,19,2,2,8.58423338109207817e-15
1,20,2,2,9.22301904309917250e-15
1,21,2,2,9.86654300741320739e-15
1,22,2,2,1.05066559700486492e-14
1,23,2,2,1.10304924848497569e-14
1,24,2,2,1.12279824516668333e-14
1,25,2,2,1.08657886223220528e-14
1,26,2,2,9.77627809435610562e-15
1,27,2,2,7.90612167340986119e-15
1,28,2,2,5.30630777829271295e-15
1,29,2,2,2.08911210847087612e-15
1,30,2,2,-1.60823985761158507e-15
1,31,2,2,-5.63472151018451842e-15
1,32,2,2,-9.82199330955236746e-15
1,33,2,2,-1.39844038448853555e-14
1,34,2,2,-1.79265832728333838e-14
1,35,2,2,-2.14502708265973743e-14
1,36,2,2,-2.43579451991412024e-14
1,37,2,2,-2.64649837011495317e-14
1,38,2,2,-2.76302452326213782e-14
1,39,2,2,-2.77920369958764221e-14
1,40,2,2,-2.69781111783985034e-14
1,41,2,2,-2.52730016683236011e-14
1,42,2,2,-2.27687877232818359e-14
1,43,2,2,-1.95525223073943211e-14
1,44,2,2,-1.57567491362474096e-14
1,45,2,2,-1.16342338527300991e-14
1,46,2,2,-7.57697229340336537e-15
1,47,2,2,-4.03013405864149389e-15
1,48,2,2,-1.33240590767882711e-15
1,49,2,2,4.23907141104291614e-16
1,50,2,2,1.42881350366941707e-15
1,51,2,2,2.07169859338298540e-15
1,52,2,2,2.79538723813282496e-15
1,53,2,2,3.96265475538200643e-15
1,54,2,2,5.77773031783419821e-15
1,55,2,2,8.26148926423271937e-15
1,56,2,2,1.12608236130977771e-14
1,57,2,2,1.44818053084356038e-14
1,58,2,2,1.75495163919677649e-14
1,59,2,2,2.00940236943104172e-14
1,60,2,2,2.18432975022551587e-14
1,61,2,2,2.26905472899439561e-14
1,62,2,2,2.27108134002399625e-14
1,63,2,2,2.21244768653598017e-14
1,0,3,2,4.56013468630965535e-14
1,1,3,2,4.56014518951820130e-14
1,2,3,2,4.56026208006492240e-14
1,3,3,2,4.56081671723878451e-14
1,4,3,2,4.56231325504999341e-14
1,5,3,2,4.56452401104232713e-14
1,6,3,2,4.56433258159624766e-14
1,7,3,2,4.55291118933547068e-14
1,8,3,2,4.51386635859883645e-14
1,9,3,2,4.42412084614499101e-14
1,10,3,2,4.25826772931445219e-14
1,11,3,2,3.99556486529485666e-14
1,12,3,2,3.62743147151733947e-14
1,13,3,2,3.16280103507000226e-14
1,14,3,2,2.62907676586241618e-14
1,15,3,2,2.06776463356275753e-14
1,16,3,2,1.52577535566904288e-14
1,17,3,2,1.04507602658593379e-14
1,18,3,2,6.53741214536995158e-15
1,19,3,2,3.60461901077529720e-15
1,20,3,2,1.53533086140196073e-15
1,21,3,2,4.96310121154715217e-17
1,22,3,2,-1.20433198495513514e-15
1,23,3,2,-2.53206565889690753e-15
1,24,3,2,-4.09057282404340361e-15
1,25,3,2,-5.84449938396741295e-15
1,26,3,2,-7.59740781028882262e-15
1,27,3,2,-9.08374395668098966e-15
1,28,3,2,-1.00851664462642786e-14
1,29,3,2,-1.05258776887206910e-14
1,30,3,2,-1.05064543762072027e-14
1,31,3,2,-1.02579535442076306e-14
1,32,3,2,-1.00347374927165466e-14
1,33,3,2,-9.99803386104612321e-15
1,34,3,2,-1.01512400983477975e-14
1,35,3,2,-1.03627721773644557e-14
1,36,3,2,-1.04611398075949921e-14
1,37,3,2,-1.03381277537640918e-14
1,38,3,2,-9.98958301333136706e-15
1,39,3,2,-9.47397034141515132e-15
1,40,3,2,-8.83731666133629606e-15
1,41,3,2,-8.07446015431423358e-15
1,42,3,2,-7.15038278424357659e-15
1,43,3,2,-6.04472526720412073e-15
1,44,3,2,-4.77362866303874395e-15
1,45,3,2,-3.38617683697493843e-15
1,46,3,2,-1.96414870248773875e-15
1,47,3,2,-6.31254797952174752e-16
1,48,3,2,4.62562151396731652e-16
1,49,3,2,1.21008185635933414e-15
1,50,3,2,1.63799834851011518e-15
1,51,3,2,1.94025305601274768e-15
1,52,3,2,2.39459644672227086e-15
1,53,3,2,3.18647717295671238e-15
1,54,3,2,4.24237806885031932e-15
1,55,3,2,5.18475092706519557e-15
1,56,3,2,5.45463976449941240e-15
1,57,3,2,4.55207237260780474e-15
1,58,3,2,2.28073404278761153e-15
1,59,3,2,-1.11325190856541951e-15
1,60,3,2,-4.96042314483084029e-15
1,61,3,2,-8.32702335632883733e-15
1,62,3,2,-1.02521513685189386e-14
1,63,3,2,-9.99171160712781711e-15
1,0,4,2,1.80676057882217522e-14
1,1,4,2,1.80675278611906048e-14
1,2,4,2,1.80670569108719314e-14
1,3,4,2,1.80667147095612407e-14
1,4,4,2,1.80735536535773719e-14
1,5,4,2,1.81134895629745177e-14
1,6,4,2,1.82441867467358562e-14
1,7,4,2,1.85538179465387712e-14
1,8,4,2,1.91333257017981678e-14
1,9,4,2,2.00257087930484634e-14
1,10,4,2,2.11746107301770403e-14
1,11,4,2,2.24007993415448886e-14
1,12,4,2,2.34238830046883117e-14
1,13,4,2,2.39252892400131784e-14
1,14,4,2,2.36303811668994376e-14
1,15,4,2,2.23809821587109270e-14
1,16,4,2,2.01740513671670035e-14
1,17,4,2,1.71539181242821165e-14
1,18,4,2,1.35636791918523555e-14
1,19,4,2,9.68141294536246574e-15
1,20,4,2,5.77283743201438375e-15
1,21,4,2,2.07441206342951455e-15
1,22,4,2,-1.20485725126155121e-15
1,23,4,2,-3.88421315171915381e-15
1,24,4,2,-5.82515992771570276e-15
1,25,4,2,-6.95380634246011396e-15
1,26,4,2,-7.27876587399301639e-15
1,27,4,2,-6.89190644522419057e-15
1,28,4,2,-5.94551399215811904e-15
1,29,4,2,-4.61184409956375170e-15
1,30,4,2,-3.04442572429566675e-15
1,31,4,2,-1.36271147598216510e-15
1,32,4,2,3.33195126999937582e-16
1,33,4,2,1.93295226728212605e-15
1,34,4,2,3.29871602648972202e-15
1,35,4,2,4.28004435346529717e-15
1,36,4,2,4.75630938036623527e-15
1,37,4,2,4.67685176068315112e-15
1,38,4,2,4.06822978896072968e-15
1,39,4,2,3.00689390616106552e-15
1,40,4,2,1.58531872254241007e-15
1,41,4,2,-1.04787292937776749e-16
1,42,4,2,-1.98058452979626119e-15
1,43,4,2,-3.98842912093400753e-15
1,44,4,2,-6.12466611918361346e-15
1,45,4,2,-8.40839188234092719e-15
1,46,4,2,-1.07819653948288199e-14
1,47,4,2,-1.29992020362419865e-14
1,48,4,2,-1.46197276832370215e-14
1,49,4,2,-1.51808328006843712e-14
1,50,4,2,-1.44821644504052396e-14
1,51,4,2,-1.28024515291878631e-14
1,52,4,2,-1.08785940664186433e-14
1,53,4,2,-9.62343777528764516e-15
1,54,4,2,-9.72998774378865811e-15
1,55,4,2,-1.13740575185855737e-14
1,56,4,2,-1.41470799105373329e-14
1,57,4,2,-1.72085669959730694e-14
1,58,4,2,-1.95539317702185522e-14
1,59,4,2,-2.02876808370411679e-14
1,60,4,2,-1.88338080753854692e-14
1,61,4,2,-1.50511503623938434e-14
1,62,4,2,-9.23859852009802085e-15
1,63,4,2,-2.03421738546698261e-15
1,0,5,2,1.80836176755401739e-15
1,1,5,2,1.80846722315595055e-15
1,2,5,2,1.80905442874663459e-15
1,3,5,2,1.80990379103449384e-15
1,4,5,2,1.80654022320094702e-15
1,5,5,2,1.78508212578991701e-15
1,6,5,2,1.72279026405765170e-15
1,7,5,2,1.60247717483405884e-15
1,8,5,2,1.43935959325832514e-15
1,9,5,2,1.30478458678533801e-15
1,10,5,2,1.32589995349008524e-15
1,11,5,2,1.65055592959051541e-15
1,12,5,2,2.38620573834676976e-15
1,13,5,2,3.53771187827168002e-15
1,14,5,2,4.97314896783038890e-15
1,15,5,2,6.43815894219306080e-15
1,16,5,2,7.62232667256409688e-15
1,17,5,2,8.26080062644660162e-15
1,18,5,2,8.23638574877494367e-15
1,19,5,2,7.63902084492153188e-15
1,20,5,2,6.74972688282987274e-15
1,21,5,2,5.94583120599686578e-15
1,22,5,2,5.56034100598727654e-15
1,23,5,2,5.75115592966351542e-15
1,24,5,2,6.43378020537222969e-15
1,25,5,2,7.30521871293576819e-15
1,26,5,2,7.94774741353677927e-15
1,27,5,2,7.96749005747138250e-15
1,28,5,2,7.11222818513450664e-15
1,29,5,2,5.33050327443103204e-15
1,30,5,2,2.76595411376515891e-15
1,31,5,2,-2.94063687144446601e-16
1,32,5,2,-3.48891875710333286e-15
1,33,5,2,-6.45279058932393158e-15
1,34,5,2,-8.86858742368303032e-15
1,35,5,2,-1.05055040052403834e-14
1,36,5,2,-1.12433010425179274e-14
1,37,5,2,-1.10854911811479259e-14
1,38,5,2,-1.01628783310430716e-14
1,39,5,2,-8.73101148535703961e-15
1,40,5,2,-7.15952989304097578e-15
1,41,5,2,-5.89219538571082897e-15
1,42,5,2,-5.34612891472550575e-15
1,43,5,2,-5.75115974131177807e-15
1,44,5,2,-6.99880793239831406e-15
1,45,5,2,-8.61111905387087692e-15
1,46,5,2,-9.89142121210701344e-15
1,47,5,2,-1.02023153380342846e-14
1,48,5,2,-9.22593198940478004e-15
1,49,5,2,-7.07365726933186119e-15
1,50,5,2,-4.21193697527542064e-15
1,51,5,2,-1.27328216092752970e-15
1,52,5,2,1.14497498650598757e-15
1,53,5,2,2.63046251176412421e-15
1,54,5,2,3.04452313308460100e-15
1,55,5,2,2.55550136648153951e-15
1,56,5,2,1.60100196107729707e-15
1,57,5,2,7.57054860728962557e-16
1,58,5,2,5.33501107789720102e-16
1,59,5,2,1.17475888839293531e-15
1,60,5,2,2.56191382940872819e-15
1,61,5,2,4.26071336754305953e-15
1,62,5,2,5.68058199153123437e-15
1,63,5,2,6.26516135656231613e-15
1,0,6,2,-1.18425590650084525e-14
1,1,6,2,-1.18428207981891541e-14
1,2,6,2,-1.18447554214406829e-14
1,3,6,2,-1.18517832538040518e-14
1,4,6,2,-1.18683918758338142e-14
1,5,6,2,-1.18971511854919394e-14
1,6,6,2,-1.19362798724903518e-14
1,7,6,2,-1.19797411330139700e-14
1,8,6,2,-1.20169944890671614e-14
1,9,6,2,-1.20264439886267303e-14
1,10,6,2,-1.19606625629100141e-14
1,11,6,2,-1.17301925212586443e-14
1,12,6,2,-1.11982194079662117e-14
1,13,6,2,-1.01957237276387516e-14
1,14,6,2,-8.55801517027571582e-15
1,15,6,2,-6.17494133625141883e-15
1,16,6,2,-3.04104945096791111e-15
1,17,6,2,7.11748391869310116e-16
1,18,6,2,4.81527473195639613e-15
1,19,6,2,8.90667087202453092e-15
1,20,6,2,1.26026322217658374e-14
1,21,6,2,1.55862905318760597e-14
1,22,6,2,1.76801305665002725e-14
1,23,6,2,1.88771998792074125e-14
1,24,6,2,1.93119835850989394e-14
1,25,6,2,1.91765955328757065e-14
1,26,6,2,1.86185871678835185e-14
1,27,6,2,1.76707013957314377e-14
1,28,6,2,1.62450043380332060e-14
1,29,6,2,1.41859680401787251e-14
1,30,6,2,1.13500297349708110e-14
1,31,6,2,7.67992491297738930e-15
1,32,6,2,3.25854400665852913e-15
1,33,6,2,-1.66443668201364525e-15
1,34,6,2,-6.68403778370440724e-15
1,35,6,2,-1.13019961905979141e-14
1,36,6,2,-1.50407487978015605e-14
1,37,6,2,-1.75882342679867590e-14
1,38,6,2,-1.89224585436451043e-14
1,39,6,2,-1.93436710876557227e-14
1,40,6,2,-1.93604575866044085e-14
1,41,6,2,-1.94481695423584858e-14
1,42,6,2,-1.97869573102717883e-14
1,43,6,2,-2.01218283978369869e-14
1,44,6,2,-1.98320889197673919e-14
1,45,6,2,-1.81904611409574105e-14
1,46,6,2,-1.47064909620901740e-14
1,47,6,2,-9.41778325789198456e-15
1,48,6,2,-3.00279109032280250e-15
1,49,6,2,3.36676728874684295e-15
1,50,6,2,8.42173519235902418e-15
1,51,6,2,1.12950920250448443e-14
1,52,6,2,1.18882420929527187e-14
1,53,6,2,1.09037924495665114e-14
1,54,6,2,9.51215458667737518e-15
1,55,6,2,8.81305424959514389e-15
1,56,6,2,9.35057458165914485e-15
1,57,6,2,1.08956702506352900e-14
1,58,6,2,1.25678208616995801e-14
1,59,6,2,1.32132582734414625e-14
1,60,6,2,1.18625304078388144e-14
1,61,6,2,8.08484647231346581e-15
1,62,6,2,2.12473894950710243e-15
1,63,6,2,-5.19648953316471929e-15
1,0,7,2,-1.40315200525763760e-14
1,1,7,2,-1.40307602640226889e-14
1,2,7,2,-1.40244710443893257e-14
1,3,7,2,-1.39981418722568730e-14
1,4,7,2,-1.39234810001540900e-14
1,5,7,2,-1.37613834580050873e-14
1,6,7,2,-1.34726392436485161e-14
1,7,7,2,-1.30315163431797380e-14
1,8,7,2,-1.24362715627933038e-14
1,9,7,2,-1.17131180311078921e-14
1,10,7,2,-1.09120383153080321e-14
1,11,7,2,-1.00931632843193064e-14
1,12,7,2,-9.30418428120392133e-15
1,13,7,2,-8.55388334355900934e-15
1,14,7,2,-7.79172902685022067e-15
1,15,7,2,-6.90432225416504411e-15
1,16,7,2,-5.73463921070853019e-15
1,17,7,2,-4.12230606637933872e-15
1,18,7,2,-1.95609892487350751e-15
1,19,7,2,7.74907880037359852e-16
1,20,7,2,3.94675128828083331e-15
1,21,7,2,7.29536094349562264e-15
1,22,7,2,1.04479930092206581e-14
1,23,7,2,1.29907638940214391e-14
1,24,7,2,1.45605251624216295e-14
1,25,7,2,1.49350221453252788e-14
1,26,7,2,1.40863247783296237e-14
1,27,7,2,1.21728316107030075e-14
1,28,7,2,9.47783450572052544e-15
1,29,7,2,6.33580771601158742e-15
1,30,7,2,3.08882930897310531e-15
1,31,7,2,7.84416698373016229e-17
1,32,7,2,-2.36253688494340603e-15
1,33,7,2,-3.95463123578914007e-15
1,34,7,2,-4.54492172046708394e-15
1,35,7,2,-4.15722669369579176e-15
1,36,7,2,-2.97813014957996718e-15
1,37,7,2,-1.29956156987433118e-15
1,38,7,2,5.22352513077518205e-16
1,39,7,2,2.07706052369734193e-15
1,40,7,2,2.94352186566281416e-15
1,41,7,2,2.83168154113148766e-15
1,42,7,2,1.76256375488716144e-15
1,43,7,2,1.11440286752206050e-16
1,44,7,2,-1.60593063403913303e-15
1,45,7,2,-3.09887003752985779e-15
1,46,7,2,-4.53004951597919293e-15
1,47,7,2,-6.38287945447287702e-15
1,48,7,2,-9.03167345328147880e-15
1,49,7,2,-1.23361531154607927e-14
1,50,7,2,-1.55798513874110325e-14
1,51,7,2,-1.78139922653525531e-14
1,52,7,2,-1.83754463603741716e-14
1,53,7,2,-1.72459736649897138e-14
1,54,7,2,-1.50549721750518548e-14
1,55,7,2,-1.27611247916913258e-14
1,56,7,2,-1.12104598810869836e-14
1,57,7,2,-1.07892210790550003e-14
1,58,7,2,-1.13067887030134789e-14
1,59,7,2,-1.21280015449366264e-14
1,60,7,2,-1.24762997987817002e-14
1,61,7,2,-1.17735894072782711e-14
1,62,7,2,-9.88015482687558400e-15
1,63,7,2,-7.14657537114566851e-15
1,0,8,2,0.00000000000000000e0
1,1,8,2,0.00000000000000000e0
1,2,8,2,0.00000000000000000e0
1,3,8,2,0.00000000000000000e0
1,4,8,2,0.00000000000000000e0
1,5,8,2,0.00000000000000000e0
1,6,8,2,0.00000000000000000e0
1,7,8,2,0.00000000000000000e0
1,8,8,2,0.00000000000000000e0
1,9,8,2,0.00000000000000000e0
1,10,8,2,0.00000000000000000e0
1,11,8,2,0.00000000000000000e0
1,12,8,2,0.00000000000000000e0
1,13,8,2,0.00000000000000000e0
1,14,8,2,0.00000000000000000e0
1,15,8,2,0.00000000000000000e0
1,16,8,2,0.00000000000000000e0
1,17,8,2,0.00000000000000000e0
1,18,8,2,0.00000000000000000e0
1,19,8,2,0.00000000000000000e0
1,20,8,2,0.00000000000000000e0
1,21,8,2,0.00000000000000000e0
1,22,8,2,0.00000000000000000e0
1,23,8,2,0.00000000000000000e0
1,24,8,2,0.00000000000000000e0
1,25,8,2,0.00000000000000000e0
1,26,8,2,0.00000000000000000e0
1,27,8,2,0.00000000000000000e0
1,28,8,2,0.00000000000000000e0
1,29,8,2,0.00000000000000000e0
1,30,8,2,0.00000000000000000e0
1,31,8,2,0.00000000000000000e0
1,32,8,2,0.00000000000000000e0
1,33,8,2,0.00000000000000000e0
1,34,8,2,0.00000000000000000e0
1,35,8,2,0.00000000000000000e0
1,36,8,2,0.00000000000000000e0
1,37,8,2,0.00000000000000000e0
1,38,8,2,0.00000000000000000e0
1,39,8,2,0.00000000000000000e0
1,40,8,2,0.00000000000000000e0
1,41,8,2,0.00000000000000000e0
1,42,8,2,0.00000000000000000e0
1,43,8,2,0.00000000000000000e0
1,44,8,2,0.00000000000000000e0
1,45,8,2,0.00000000000000000e0
1,46,8,2,0.00000000000000000e0
1,47,8,2,0.00000000000000000e0
1,48,8,2,0.00000000000000000e0
1,49,8,2,0.00000000000000000e0
1,50,8,2,0.00000000000000000e0
1,51,8,2,0.00000000000000000e0
1,52,8,2,0.00000000000000000e0
1,53,8,2,0.00000000000000000e0
1,54,8,2,0.00000000000000000e0
1,55,8,2,0.00000000000000000e0
1,56,8,2,0.00000000000000000e0
1,57,8,2,0.00000000000000000e0
1,58,8,2,0.00000000000000000e0
1,59,8,2,0.00000000000000000e0
1,60,8,2,0.00000000000000000e0
1,61,8,2,0.00000000000000000e0
1,62,8,2,0.00000000000000000e0
1,63,8,2,0.00000000000000000e0
1,0,0,3,0.00000000000000000e0
1,1,0,3,0.00000000000000000e0
1,2,0,3,0.00000000000000000e0
1,3,0,3,0.00000000000000000e0
1,4,0,3,0.00000000000000000e0
1,5,0,3,0.00000000000000000e0
1,6,0,3,0.00000000000000000e0
1,7,0,3,0.00000000000000000e0
1,8,0,3,0.00000000000000000e0
1,9,0,3,0.00000000000000000e0
1,10,0,3,0.00000000000000000e0
1,11,0,3,0.00000000000000000e0
1,12,0,3,0.00000000000000000e0
1,13,0,3,0.00000000000000000e0
1,14,0,3,0.00000000000000000e0
1,15,0,3,0.00000000000000000e0
1,16,0,3,0.00000000000000000e0
1,17,0,3,0.00000000000000000e0
1,18,0,3,0.00000000000000000e0
1,19,0,3,0.00000000000000000e0
1,20,0,3,0.00000000000000000e0
1,21,0,3,0.00000000000000000e0
1,22,0,3,0.00000000000000000e0
1,23,0,3,0.00000000000000000e0
1,24,0,3,0.00000000000000000e0
1,25,0,3,0.00000000000000000e0
1,26,0,3,0.00000000000000000e0
1,27,0,3,0.00000000000000000e0
1,28,0,3,0.00000000000000000e0
1,29,0,3,0.00000000000000000e0
1,30,0,3,0.00000000000000000e0
1,31,0,3,0.00000000000000000e0
1,32,0,3,0.00000000000000000e0
1,33,0,3,0.00000000000000000e0
1,34,0,3,0.00000000000000000e0
1,35,0,3,0.00000000000000000e0
1,36,0,3,0.00000000000000000e0
1,37,0,3,0.00000000000000000e0
1,38,0,3,0.00000000000000000e0
1,39,0,3,0.00000000000000000e0
1,40,0,3,0.00000000000000000e0
1,41,0,3,0.00000000000000000e0
1,42,0,3,0.00000000000000000e0
1,43,0,3,0.00000000000000000e0
1,44,0,3,0.00000000000000000e0
1,45,0,3,0.00000000000000000e0
1,46,0,3,0.00000000000000000e0
1,47,0,3,0.00000000000000000e0
1,48,0,3,0.00000000000000000e0
1,49,0,3,0.00000000000000000e0
1,50,0,3,0.00000000000000000e0
1,51,0,3,0.00000000000000000e0
1,52,0,3,0.00000000000000000e0
1,53,0,3,0.00000000000000000e0
1,54,0,3,0.00000000000000000e0
1,55,0,3,0.00000000000000000e0
1,56,0,3,0.00000000000000000e0
1,57,0,3,0.00000000000000000e0
1,58,0,3,0.00000000000000000e0
1,59,0,3,0.00000000000000000e0
1,60,0,3,0.00000000000000000e0
1,61,0,3,0.00000000000000000e0
1,62,0,3,0.00000000000000000e0
1,63,0,3,0.00000000000000000e0
1,0,1,3,-9.16957380522626792e-15
1,1,1,3,-9.16972542412382643e-15
1,2,1,3,-9.17057584520286975e-15
1,3,1,3,-9.17182098363533357e-15
1,4,1,3,-9.16702847121976874e-15
1,5,1,3,-9.13554510360327365e-15
1,6,1,3,-9.03958219990999221e-15
1,7,1,3,-8.83580047236071087e-15
1,8,1,3,-8.50146470961817696e-15
1,9,1,3,-8.06228574976334753e-15
1,10,1,3,-7.60434501012683534e-15
1,11,1,3,-7.26071475485407999e-15
1,12,1,3,-7.17758440031170120e-15
1,13,1,3,-7.47402136789523594e-15
1,14,1,3,-8.20889868260359437e-15
1,15,1,3,-9.36143947327357576e-15
1,16,1,3,-1.08243822637284735e-14
1,17,1,3,-1.24056157463662761e-14
1,18,1,3,-1.38372691397496000e-14
1,19,1,3,-1.47974995700749651e-14
1,20,1,3,-1.49519526398749977e-14
1,21,1,3,-1.40140516921051506e-14
1,22,1,3,-1.18113679237587602e-14
1,23,1,3,-8.33995500833456874e-15
1,24,1,3,-3.79297033912444695e-15
1,25,1,3,1.44290093213167697e-15
1,26,1,3,6.82601659929022581e-15
1,27,1,3,1.17332740271207554e-14
1,28,1,3,1.55602730678681966e-14
1,29,1,3,1.78257101191448691e-14
1,30,1,3,1.82478222121454717e-14
1,31,1,3,1.67681589913117740e-14
1,32,1,3,1.35230478684055140e-14
1,33,1,3,8.78907305279248013e-15
1,34,1,3,2.93500939630114525e-15
1,35,1,3,-3.60459910550103672e-15
1,36,1,3,-1.03435809518785150e-14
1,37,1,3,-1.67660803724592120e-14
1,38,1,3,-2.23670569370580663e-14
1,39,1,3,-2.67039774353491216e-14
1,40,1,3,-2.94430719225986098e-14
1,41,1,3,-3.03894076244572153e-14
1,42,1,3,-2.95015747941995699e-14
1,43,1,3,-2.68949088260556080e-14
1,44,1,3,-2.28294268119757712e-14
1,45,1,3,-1.76730934167744838e-14
1,46,1,3,-1.18396393424392669e-14
1,47,1,3,-5.71989067303093832e-15
1,48,1,3,3.65102593425211059e-16
1,49,1,3,6.17538136986751744e-15
1,50,1,3,1.15378609850903466e-14
1,51,1,3,1.63236123836701941e-14
1,52,1,3,2.04253203028382027e-14
1,53,1,3,2.37420675431926007e-14
1,54,1,3,2.61864860443558958e-14
1,55,1,3,2.77229140251827877e-14
1,56,1,3,2.84164036160224065e-14
1,57,1,3,2.84486721831810063e-14
1,58,1,3,2.80691844821521347e-14
1,59,1,3,2.74938339645978622e-14
1,60,1,3,2.68047184518978646e-14
1,61,1,3,2.59086134978773336e-14
1,62,1,3,2.45778468107096804e-14
1,63,1,3,2.25534414549036916e-14
1,0,2,3,-2.34210115629971197e-14
1,1,2,3,-2.34209963164040691e-14
1,2,2,3,-2.34203712060889954e-14
1,3,2,3,-2.34143013679889711e-14
1,4,2,3,-2.33819768966558525e-14
1,5,2,3,-2.32639225266652316e-14
1,6,2,3,-2.29351314415954244e-14
1,7,2,3,-2.21920582360894333e-14
1,8,2,3,-2.07722480573746190e-14
1,9,2,3,-1.84114266259076398e-14
1,10,2,3,-1.49232043416451868e-14
1,11,2,3,-1.02743495609676321e-14
1,12,2,3,-4.63017177495996662e-15
1,13,2,3,1.64407665693961204e-15
1,14,2,3,8.02625466225304410e-15
1,15,2,3,1.39150462460653317e-14
1,16,2,3,1.87251320541868480e-14
1,17,2,3,2.19777317953797832e-14
1,18,2,3,2.33661780381236653e-14
1,19,2,3,2.27874105896601689e-14
1,20,2,3,2.03424059416973738e-14
1,21,2,3,1.63113049949465891e-14
1,22,2,3,1.11057386567190927e-14
1,23,2,3,5.20423141430262359e-15
1,24,2,3,-9.13579561359742411e-16
1,25,2,3,-6.81564595140051778e-15
1,26,2,3,-1.21434937775419076e-14
1,27,2,3,-1.66269331880160645e-14
1,28,2,3,-2.01018739956655701e-14
1,29,2,3,-2.25296466053494238e-14
1,30,2,3,-2.39985338730281522e-14
1,31,2,3,-2.46892960177776122e-14
1,32,2,3,-2.48082296079674830e-14
1,33,2,3,-2.45150189888800399e-14
1,34,2,3,-2.38797730775595213e-14
1,35,2,3,-2.28897423340838554e-14
1,36,2,3,-2.15006404878387986e-14
1,37,2,3,-1.97045613332946790e-14
1,38,2,3,-1.75772939904400224e-14
1,39,2,3,-1.52774352142528297e-14
1,40,2,3,-1.29949465427149809e-14
1,41,2,3,-1.08738608463093862e-14
1,42,2,3,-8.94625780384740790e-15
1,43,2,3,-7.10853681555037240e-15
1,44,2,3,-5.15469438644835035e-15
1,45,2,3,-2.86186725427278917e-15
1,46,2,3,-1.02322294712368727e-16
1,47,2,3,3.06174712455054357e-15
1,48,2,3,6.34474941931927744e-15
1,49,2,3,9.28540217263150447e-15
1,50,2,3,1.13604609457162477e-14
1,51,2,3,1.21276881427461423e-14
1,52,2,3,1.13601577079211306e-14
1,53,2,3,9.14073741556994251e-15
1,54,2,3,5.89154909957207394e-15
1,55,2,3,2.32363943793959405e-15
1,56,2,3,-6.89016727482524068e-16
1,57,2,3,-2.28569723234204811e-15
1,58,2,3,-1.80441014709683926e-15
1,59,2,3,1.06933865008532279e-15
1,60,2,3,6.22859621477876886e-15
1,61,2,3,1.31641676319503922e-14
1,62,2,3,2.10710236829255229e-14
1,63,2,3,2.90160250156473037e-14
1,0,3,3,3.25326110451815143e-14
1,1,3,3,3.25323128895840807e-14
1,2,3,3,3.25291449863613497e-14
1,3,3,3,3.25116418975392868e-14
1,4,3,3,3.24458037206151045e-14
1,5,3,3,3.22565087975627135e-14
1,6,3,3,3.18137443472421566e-14
1,7,3,3,3.09368280776087246e-14
1,8,3,3,2.94243152250146106e-14
1,9,3,3,2.71045325398421022e-14
1,10,3,3,2.38911673647659861e-14
1,11,3,3,1.98256684100272043e-14
1,12,3,3,1.50934647403068792e-14
1,13,3,3,1.00090698533158995e-14
1,14,3,3,4.97240230828738423e-15
1,15,3,3,4.03889264401389937e-16
1,16,3,3,-3.32984236971894942e-15
1,17,3,3,-5.98444743806218933e-15
1,18,3,3,-7.48343275097217847e-15
1,19,3,3,-7.92657328392131627e-15
1,20,3,3,-7.55644360289371014e-15
1,21,3,3,-6.69187622659829853e-15
1,22,3,3,-5.64861073293712081e-15
1,23,3,3,-4.67118976894722975e-15
1,24,3,3,-3.89516105256241564e-15
1,25,3,3,-3.34814166951143133e-15
1,26,3,3,-2.98650328202181275e-15
1,27,3,3,-2.75306523692326385e-15
1,28,3,3,-2.63301377500125416e-15
1,29,3,3,-2.68525834367142578e-15
1,30,3,3,-3.03621501042145719e-15
1,31,3,3,-3.83830862465918063e-15
1,32,3,3,-5.20963336692373789e-15
1,33,3,3,-7.17827219106487169e-15
1,34,3,3,-9.65166938341963099e-15
1,35,3,3,-1.24210791798513506e-14
1,36,3,3,-1.51993048951980930e-14
1,37,3,3,-1.76796104882706584e-14
1,38,3,3,-1.95954025033161228e-14
1,39,3,3,-2.07576113280460647e-14
1,40,3,3,-2.10545861615511060e-14
1,41,3,3,-2.04190268480401033e-14
1,42,3,3,-1.87899673441014811e-14
1,43,3,3,-1.61069718489486452e-14
1,44,3,3,-1.23561541044443085e-14
1,45,3,3,-7.65189151055506098e-15
1,46,3,3,-2.30934745102057224e-15
1,47,3,3,3.14014680008250710e-15
1,48,3,3,8.01529405591557345e-15
1,49,3,3,1.16223559097107521e-14
1,50,3,3,1.34255450588141242e-14
1,51,3,3,1.31998319541945346e-14
1,52,3,3,1.11186372744398812e-14
1,53,3,3,7.74148218538614832e-15
1,54,3,3,3.88903022809018901e-15
1,55,3,3,4.28767627913873603e-16
1,56,3,3,-1.96248512977933130e-15
1,57,3,3,-2.96778808905222898e-15
1,58,3,3,-2.65836864748612758e-15
1,59,3,3,-1.37072610172908529e-15
1,60,3,3,5.05232177268495879e-16
1,61,3,3,2.72522305218877818e-15
1,62,3,3,5.28866704661672127e-15
1,63,3,3,8.40148009349133210e-15
1,0,4,3,3.77865971748058554e-14
1,1,4,3,3.77869630930390693e-14
1,2,4,3,3.77892975158417022e-14
1,3,4,3,3.77941832018814650e-14
1,4,4,3,3.77871697690781994e-14
1,5,4,3,3.77078163344476275e-14
1,6,4,3,3.74132792617647841e-14
1,7,4,3,3.66639363183832168e-14
1,8,4,3,3.51549403465861027e-14
1,9,4,3,3.25926453523511100e-14
1,10,4,3,2.87876886499900675e-14
1,11,4,3,2.37268023154171837e-14
1,12,4,3,1.75974770915071979e-14
1,13,4,3,1.07616958964010245e-14
1,14,4,3,3.69379760407754533e-15
1,15,4,3,-3.09551197541046812e-15
1,16,4,3,-9.12971158769553329e-15
1,17,4,3,-1.40194684678028418e-14
1,18,4,3,-1.74943626886402484e-14
1,19,4,3,-1.94175086437337746e-14
1,20,4,3,-1.97900879440448402e-14
1,21,4,3,-1.87477275050878037e-14
1,22,4,3,-1.65435139952386720e-14
1,23,4,3,-1.35130435622654935e-14
1,24,4,3,-1.00260681105013988e-14
1,25,4,3,-6.43789339736409658e-15
1,26,4,3,-3.05420493142995447e-15
1,27,4,3,-1.16485294395391467e-16
1,28,4,3,2.19332172493862543e-15
1,29,4,3,3.73772134459036433e-15
1,30,4,3,4.41148734973669313e-15
1,31,4,3,4.14417857465981289e-15
1,32,4,3,2.92011093379188937e-15
1,33,4,3,8.06953677530831796e-16
1,34,4,3,-2.02259482288123273e-15
1,35,4,3,-5.28958734791391307e-15
1,36,4,3,-8.63386697070233841e-15
1,37,4,3,-1.16634581834762670e-14
1,38,4,3,-1.40201655759184321e-14
1,39,4,3,-1.54463454423965987e-14
1,40,4,3,-1.58328194711744238e-14
1,41,4,3,-1.52330286649600757e-14
1,42,4,3,-1.38460486362478909e-14
1,43,4,3,-1.19887976092860130e-14
1,44,4,3,-1.00753002064946605e-14
1,45,4,3,-8.59433933118576923e-15
1,46,4,3,-8.05125314562536026e-15
1,47,4,3,-8.84826879734429417e-15
1,48,4,3,-1.11257260931754524e-14
1,49,4,3,-1.46398396335366276e-14
1,50,4,3,-1.87611834704878855e-14
1,51,4,3,-2.26219969135226656e-14
1,52,4,3,-2.53584520461085094e-14
1,53,4,3,-2.63494111376943660e-14
1,54,4,3,-2.53687875421309064e-14
1,55,4,3,-2.26144346033695792e-14
1,56,4,3,-1.86170455679195157e-14
1,57,4,3,-1.40606952554116031e-14
1,58,4,3,-9.57000439587600213e-15
1,59,4,3,-5.53318258859946191e-15
1,60,4,3,-2.02004334788586596e-15
1,61,4,3,1.18394390191472413e-15
1,62,4,3,4.45274971272923911e-15
1,63,4,3,8.15754307501156614e-15
1,0,5,3,-4.19639637708885127e-14
1,1,5,3,-4.19648006394404000e-14
1,2,5,3,-4.19711533865448072e-14
1,3,5,3,-4.19933490378946589e-14
1,4,5,3,-4.20362902201886629e-14
1,5,5,3,-4.20656720990630201e-14
1,6,5,3,-4.19612024434804637e-14
1,7,5,3,-4.14884123692456364e-14
1,8,5,3,-4.03193442717088291e-14
1,9,5,3,-3.81052882390126024e-14
1,10,5,3,-3.45745601473910341e-14
1,11,5,3,-2.96164832838240882e-14
1,12,5,3,-2.33238975415285196e-14
1,13,5,3,-1.59868253075783062e-14
1,14,5,3,-8.04691718396836550e-15
1,15,5,3,-2.95115146199564807e-17
1,16,5,3,7.52978662901067006e-15
1,17,5,3,1.41491551412581060e-14
1,18,5,3,1.94456165850554613e-14
1,19,5,3,2.31602982099640350e-14
1,20,5,3,2.51687420769119638e-14
1,21,5,3,2.54775652072831982e-14
1,22,5,3,2.42026857539753837e-14
1,23,5,3,2.15283232186209636e-14
1,24,5,3,1.76600203102665609e-14
1,25,5,3,1.27952525961691488e-14
1,26,5,3,7.12992100933675446e-15
1,27,5,3,8.98763049288133376e-16
1,28,5,3,-5.57513782454286191e-15
1,29,5,3,-1.18575998290528471e-14
1,30,5,3,-1.74346604183859763e-14
1,31,5,3,-2.17996753054715622e-14
1,32,5,3,-2.45669302500854669e-14
1,33,5,3,-2.55640066136163940e-14
1,34,5,3,-2.48616350352918666e-14
1,35,5,3,-2.27293651158507262e-14
1,36,5,3,-1.95420021581894227e-14
1,37,5,3,-1.56843600065091626e-14
1,38,5,3,-1.14974541253745274e-14
1,39,5,3,-7.28245724357715063e-15
1,40,5,3,-3.34653103636222728e-15
1,41,5,3,-5.26562035214800562e-17
1,42,5,3,2.16961433153616164e-15
1,43,5,3,2.88271993488476916e-15
1,44,5,3,1.76832855524705580e-15
1,45,5,3,-1.21808028260113809e-15
1,46,5,3,-5.73622866803405289e-15
1,47,5,3,-1.10602199531665939e-14
1,48,5,3,-1.62110179880575744e-14
1,49,5,3,-2.01853948323966331e-14
1,50,5,3,-2.22040657751497103e-14
1,51,5,3,-2.19013548345258630e-14
1,52,5,3,-1.94064955213535742e-14
1,53,5,3,-1.52972303742301627e-14
1,54,5,3,-1.04322068561826797e-14
1,55,5,3,-5.70153165741567498e-15
1,56,5,3,-1.77266271695903765e-15
1,57,5,3,1.07462498270913687e-15
1,58,5,3,2.96011206472597370e-15
1,59,5,3,4.26477997272282743e-15
1,60,5,3,5.41015698224140557e-15
1,61,5,3,6.65037881196288948e-15
1,62,5,3,7.95612880454986057e-15
1,63,5,3,9.02922468103096662e-15
1,0,6,3,-3.24276839918074405e-14
1,1,6,3,-3.24269114977595446e-14
1,2,6,3,-3.24204130609882096e-14
1,3,6,3,-3.23925219601010200e-14
1,4,6,3,-3.23104580200392344e-14
1,5,6,3,-3.21229147611217652e-14
1,6,6,3,-3.17649586376120979e-14
1,7,6,3,-3.11666721619120735e-14
1,8,6,3,-3.02625356414856772e-14
1,9,6,3,-2.90000431979985096e-14
1,10,6,3,-2.73457759935495995e-14
1,11,6,3,-2.52864068117468477e-14
1,12,6,3,-2.28234518415658394e-14
1,13,6,3,-1.99646207768924833e-14
1,14,6,3,-1.67170185300883484e-14
1,15,6,3,-1.30870986451785652e-14
1,16,6,3,-9.08965963478461370e-15
1,17,6,3,-4.76435195820041485e-15
1,18,6,3,-1.93811752713404198e-16
1,19,6,3,4.48596356865697474e-15
1,20,6,3,9.09094543079854572e-15
1,21,6,3,1.34103475936744876e-14
1,22,6,3,1.72345031448179961e-14
1,23,6,3,2.03762720129944952e-14
1,24,6,3,2.26786092075853540e-14
1,25,6,3,2.40119559571103439e-14
1,26,6,3,2.42741177364832333e-14
1,27,6,3,2.34061681576294353e-14
1,28,6,3,2.14269367629664129e-14
1,29,6,3,1.84687334869870767e-14
1,30,6,3,1.47836014534764165e-14
1,31,6,3,1.06994991141170885e-14
1,32,6,3,6.53827400139378283e-15
1,33,6,3,2.53800907732955414e-15
1,34,6,3,-1.17544286749784316e-15
1,35,6,3,-4.55363811301080432e-15
1,36,6,3,-7.55421929437422035e-15
1,37,6,3,-1.00842126871656702e-14
1,38,6,3,-1.20031217834570304e-14
1,39,6,3,-1.31961388905445058e-14
1,40,6,3,-1.36803528981389519e-14
1,41,6,3,-1.36758517650572425e-14
1,42,6,3,-1.35829017575573446e-14
1,43,6,3,-1.38533424369566976e-14
1,44,6,3,-1.48003947286886803e-14
1,45,6,3,-1.64268911109289109e-14
1,46,6,3,-1.83550091494228199e-14
1,47,6,3,-1.99100972660777240e-14
1,48,6,3,-2.03495430413109385e-14
1,49,6,3,-1.91509643158917914e-14
1,50,6,3,-1.62271963173501316e-14
1,51,6,3,-1.19632468604320870e-14
1,52,6,3,-7.06351997901912172e-15
1,53,6,3,-2.29292496448096905e-15
1,54,6,3,1.76471998313351567e-15
1,55,6,3,4.83228188298784160e-15
1,56,6,3,6.91373702537377566e-15
1,57,6,3,8.15330536917645288e-15
1,58,6,3,8.66561037743364057e-15
1,59,6,3,8.42987179085034899e-15
1,60,6,3,7.30001200140899600e-15
1,61,6,3,5.11759646094098013e-15
1,62,6,3,1.86176550081250652e-15
1,63,6,3,-2.24601860920263085e-15
1,0,7,3,1.72109607110820101e-14
1,1,7,3,1.72104745141702861e-14
1,2,7,3,1.72060953538329814e-14
1,3,7,3,1.71851956628924288e-14
1,4,7,3,1.71147191335490820e-14
1,5,7,3,1.69270894772709929e-14
1,6,7,3,1.65101392030509581e-14
1,7,7,3,1.57117530520233667e-14
1,8,7,3,1.43665766403570233e-14
1,9,7,3,1.23405568397535678e-14
1,10,7,3,9.57660701769984940e-15
1,11,7,3,6.12156767266255723e-15
1,12,7,3,2.12446429907395522e-15
1,13,7,3,-2.18844027406359890e-15
1,14,7,3,-6.54663548713260365e-15
1,15,7,3,-1.06631004143076767e-14
1,16,7,3,-1.42528251977384543e-14
1,17,7,3,-1.70464381136050183e-14
1,18,7,3,-1.88061490615258273e-14
1,19,7,3,-1.93491818840105592e-14
1,20,7,3,-1.85777330747715491e-14
1,21,7,3,-1.65056770334848224e-14
1,22,7,3,-1.32664409311007182e-14
1,23,7,3,-9.09093018420549515e-15
1,24,7,3,-4.25930348120235475e-15
1,25,7,3,9.53210009500284582e-16
1,26,7,3,6.30998168144980380e-15
1,27,7,3,1.16087432432154282e-14
1,28,7,3,1.66432758417003890e-14
1,29,7,3,2.11587288624160222e-14
1,30,7,3,2.48395240872367404e-14
1,31,7,3,2.73534280891950948e-14
1,32,7,3,2.84370475030128883e-14
1,33,7,3,2.79740948694274724e-14
1,34,7,3,2.60192478592500068e-14
1,35,7,3,2.27602445489758290e-14
1,36,7,3,1.84541221686469400e-14
1,37,7,3,1.33791810163802656e-14
1,38,7,3,7.81067545981440486e-15
1,39,7,3,1.99809651246427022e-15
1,40,7,3,-3.86577959720453210e-15
1,41,7,3,-9.65300600141039827e-15
1,42,7,3,-1.52437792071266273e-14
1,43,7,3,-2.04153270081264965e-14
1,44,7,3,-2.47619070701480398e-14
1,45,7,3,-2.77465140571591870e-14
1,46,7,3,-2.89024751668701813e-14
1,47,7,3,-2.80799587412412094e-14
1,48,7,3,-2.55749570555584976e-14
1,49,7,3,-2.20420266782740681e-14
1,50,7,3,-1.82318471707602556e-14
1,51,7,3,-1.47050459238821582e-14
1,52,7,3,-1.16784388081814065e-14
1,53,7,3,-9.06645177906279312e-15
1,54,7,3,-6.66204669081131746e-15
1,55,7,3,-4.33531791195485017e-15
1,56,7,3,-2.14305794281560800e-15
1,57,7,3,-3.11660664274756682e-16
1,58,7,3,8.73711308719258596e-16
1,59,7,3,1.20438100698695748e-15
1,60,7,3,6.40872804128688129e-16
1,61,7,3,-6.75078800335454556e-16
1,62,7,3,-2.48636336095309132e-15
1,63,7,3,-4.52362646514016357e-15
1,0,8,3,0.00000000000000000e0
1,1,8,3,0.00000000000000000e0
1,2,8,3,0.00000000000000000e0
1,3,8,3,0.00000000000000000e0
1,4,8,3,0.00000000000000000e0
1,5,8,3,0.00000000000000000e0
1,6,8,3,0.00000000000000000e0
1,7,8,3,0.00000000000000000e0
1,8,8,3,0.00000000000000000e0
1,9,8,3,0.00000000000000000e0
1,10,8,3,0.00000000000000000e0
1,11,8,3,0.00000000000000000e0
1,12,8,3,0.00000000000000000e0
1,13,8,3,0.00000000000000000e0
1,14,8,3,0.00000000000000000e0
1,15,8,3,0.00000000000000000e0
1,16,8,3,0.00000000000000000e0
1,17,8,3,0.00000000000000000e0
1,18,8,3,0.00000000000000000e0
1,19,8,3,0.00000000000000000e0
1,20,8,3,0.00000000000000000e0
1,21,8,3,0.00000000000000000e0
1,22,8,3,0.00000000000000000e0
1,23,8,3,0.00000000000000000e0
1,24,8,3,0.00000000000000000e0
1,25,8,3,0.00000000000000000e0
1,26,8,3,0.00000000000000000e0
1,27,8,3,0.00000000000000000e0
1,28,8,3,0.00000000000000000e0
1,29,8,3,0.00000000000000000e0
1,30,8,3,0.00000000000000000e0
1,31,8,3,0.00000000000000000e0
1,32,8,3,0.00000000000000000e0
1,33,8,3,0.00000000000000000e0
1,34,8,3,0.00000000000000000e0
1,35,8,3,0.00000000000000000e0
1,36,8,3,0.00000000000000000e0
1,37,8,3,0.00000000000000000e0
1,38,8,3,0.00000000000000000e0
1,39,8,3,0.00000000000000000e0
1,40,8,3,0.00000000000000000e0
1,41,8,3,0.00000000000000000e0
1,42,8,3,0.00000000000000000e0
1,43,8,3,0.00000000000000000e0
1,44,8,3,0.00000000000000000e0
1,45,8,3,0.00000000000000000e0
1,46,8,3,0.00000000000000000e0
1,47,8,3,0.00000000000000000e0
1,48,8,3,0.00000000000000000e0
1,49,8,3,0.00000000000000000e0
1,50,8,3,0.00000000000000000e0
1,51,8,3,0.00000000000000000e0
1,52,8,3,0.00000000000000000e0
1,53,8,3,0.00000000000000000e0
1,54,8,3,0.00000000000000000e0
1,55,8,3,0.00000000000000000e0
1,56,8,3,0.00000000000000000e0
1,57,8,3,0.00000000000000000e0
1,58,8,3,0.00000000000000000e0
1,59,8,3,0.00000000000000000e0
1,60,8,3,0.00000000000000000e0
1,61,8,3,0.00000000000000000e0
1,62,8,3,0.00000000000000000e0
1,63,8,3,0.00000000000000000e0
2,0,0,0,0.00000000000000000e0
2,1,0,0,0.00000000000000000e0
2,2,0,0,0.00000000000000000e0
2,3,0,0,0.00000000000000000e0
2,4,0,0,0.00000000000000000e0
2,5,0,0,0.00000000000000000e0
2,6,0,0,0.00000000000000000e0
2,7,0,0,0.00000000000000000e0
2,8,0,0,0.00000000000000000e0
2,9,0,0,0.00000000000000000e0
2,10,0,0,0.00000000000000000e0
2,11,0,0,0.00000000000000000e0
2,12,0,0,0.00000000000000000e0
2,13,0,0,0.00000000000000000e0
2,14,0,0,0.00000000000000000e0
2,15,0,0,0.00000000000000000e0
2,16,0,0,0.00000000000000000e0
2,17,0,0,0.00000000000000000e0
2,18,0,0,0.00000000000000000e0
2,19,0,0,0.00000000000000000e0
2,20,0,0,0.00000000000000000e0
2,21,0,0,0.00000000000000000e0
2,22,0,0,0.00000000000000000e0
2,23,0,0,0.00000000000000000e0
2,24,0,0,0.00000000000000000e0
2,25,0,0,0.00000000000000000e0
2,26,0,0,0.00000000000000000e0
2,27,0,0,0.00000000000000000e0
2,28,0,0,0.00000000000000000e0
2,29,0,0,0.00000000000000000e0
2,30,0,0,0.00000000000000000e0
2,31,0,0,0.00000000000000000e0
2,32,0,0,0.00000000000000000e0
2,33,0,0,0.00000000000000000e0
2,34,0,0,0.00000000000000000e0
2,35,0,0,0.00000000000000000e0
2,36,0,0,0.00000000000000000e0
2,37,0,0,0.00000000000000000e0
2,38,0,0,0.00000000000000000e0
2,39,0,0,0.00000000000000000e0
2,40,0,0,0.00000000000000000e0
2,41,0,0,0.00000000000000000e0
2,42,0,0,0.00000000000000000e0
2,43,0,0,0.00000000000000000e0
2,44,0,0,0.00000000000000000e0
2,45,0,0,0.00000000000000000e0
2,46,0,0,0.00000000000000000e0
2,47,0,0,0.00000000000000000e0
2,48,0,0,0.00000000000000000e0
2,49,0,0,0.00000000000000000e0
2,50,0,0,0.00000000000000000e0
2,51,0,0,0.00000000000000000e0
2,52,0,0,0.00000000000000000e0
2,53,0,0,0.00000000000000000e0
2,54,0,0,0.00000000000000000e0
2,55,0,0,0.00000000000000000e0
2,56,0,0,0.00000000000000000e0
2,57,0,0,0.00000000000000000e0
2,58,0,0,0.00000000000000000e0
2,59,0,0,0.00000000000000000e0
2,60,0,0,0.00000000000000000e0
2,61,0,0,0.00000000000000000e0
2,62,0,0,0.00000000000000000e0
2,63,0,0,0.00000000000000000e0
2,0,1,0,0.00000000000000000e0
2,1,1,0,0.00000000000000000e0
2,2,1,0,0.00000000000000000e0
2,3,1,0,0.00000000000000000e0
2,4,1,0,0.00000000000000000e0
2,5,1,0,0.00000000000000000e0
2,6,1,0,0.00000000000000000e0
2,7,1,0,0.00000000000000000e0
2,8,1,0,0.00000000000000000e0
2,9,1,0,0.00000000000000000e0
2,10,1,0,0.00000000000000000e0
2,11,1,0,0.00000000000000000e0
2,12,1,0,0.00000000000000000e0
2,13,1,0,0.00000000000000000e0
2,14,1,0,0.00000000000000000e0
2,15,1,0,0.00000000000000000e0
2,16,1,0,0.00000000000000000e0
2,17,1,0,0.00000000000000000e0
2,18,1,0,0.00000000000000000e0
2,19,1,0,0.00000000000000000e0
2,20,1,0,0.00000000000000000e0
2,21,1,0,0.00000000000000000e0
2,22,1,0,0.00000000000000000e0
2,23,1,0,0.00000000000000000e0
2,24,1,0,0.00000000000000000e0
2,25,1,0,0.00000000000000000e0
2,26,1,0,0.00000000000000000e0
2,27,1,0,0.00000000000000000e0
2,28,1,0,0.00000000000000000e0
2,29,1,0,0.00000000000000000e0
2,30,1,0,0.00000000000000000e0
2,31,1,0,0.00000000000000000e0
2,32,1,0,0.00000000000000000e0
2,33,1,0,0.00000000000000000e0
2,34,1,0,0.00000000000000000e0
2,35,1,0,0.00000000000000000e0
2,36,1,0,0.00000000000000000e0
2,37,1,0,0.00000000000000000e0
2,38,1,0,0.00000000000000000e0
2,39,1,0,0.00000000000000000e0
2,40,1,0,0.00000000000000000e0
2,41,1,0,0.00000000000000000e0
2,42,1,0,0.00000000000000000e0
2,43,1,0,0.00000000000000000e0
2,44,1,0,0.00000000000000000e0
2,45,1,0,0.00000000000000000e0
2,46,1,0,0.00000000000000000e0
2,47,1,0,0.00000000000000000e0
2,48,1,0,0.00000000000000000e0
2,49,1,0,0.00000000000000000e0
2,50,1,0,0.00000000000000000e0
2,51,1,0,0.00000000000000000e0
2,52,1,0,0.00000000000000000e0
2,53,1,0,0.00000000000000000e0
2,54,1,0,0.00000000000000000e0
2,55,1,0,0.00000000000000000e0
2,56,1,0,0.00000000000000000e0
2,57,1,0,0.00000000000000000e0
2,58,1,0,0.00000000000000000e0
2,59,1,0,0.00000000000000000e0
2,60,1,0,0.00000000000000000e0
2,61,1,0,0.00000000000000000e0
2,62,1,0,0.00000000000000000e0
2,63,1,0,0.00000000000000000e0
2,0,2,0,0.00000000000000000e0
2,1,2,0,0.00000000000000000e0
2,2,2,0,0.00000000000000000e0
2,3,2,0,0.00000000000000000e0
2,4,2,0,0.00000000000000000e0
2,5,2,0,0.00000000000000000e0
2,6,2,0,0.00000000000000000e0
2,7,2,0,0.00000000000000000e0
2,8,2,0,0.00000000000000000e0
2,9,2,0,0.00000000000000000e0
2,10,2,0,0.00000000000000000e0
2,11,2,0,0.00000000000000000e0
2,12,2,0,0.00000000000000000e0
2,13,2,0,0.00000000000000000e0
2,14,2,0,0.00000000000000000e0
2,15,2,0,0.00000000000000000e0
2,16,2,0,0.00000000000000000e0
2,17,2,0,0.00000000000000000e0
2,18,2,0,0.00000000000000000e0
2,19,2,0,0.00000000000000000e0
2,20,2,0,0.00000000000000000e0
2,21,2,0,0.00000000000000000e0
2,22,2,0,0.00000000000000000e0
2,23,2,0,0.00000000000000000e0
2,24,2,0,0.00000000000000000e0
2,25,2,0,0.00000000000000000e0
2,26,2,0,0.00000000000000000e0
2,27,2,0,0.00000000000000000e0
2,28,2,0,0.00000000000000000e0
2,29,2,0,0.00000000000000000e0
2,30,2,0,0.00000000000000000e0
2,31,2,0,0.00000000000000000e0
2,32,2,0,0.00000000000000000e0
2,33,2,0,0.00000000000000000e0
2,34,2,0,0.00000000000000000e0
2,35,2,0,0.00000000000000000e0
2,36,2,0,0.00000000000000000e0
2,37,2,0,0.00000000000000000e0
2,38,2,0,0.00000000000000000e0
2,39,2,0,0.00000000000000000e0
2,40,2,0,0.00000000000000000e0
2,41,2,0,0.00000000000000000e0
2,42,2,0,0.00000000000000000e0
2,43,2,0,0.00000000000000000e0
2,44,2,0,0.00000000000000000e0
2,45,2,0,0.00000000000000000e0
2,46,2,0,0.00000000000000000e0
2,47,2,0,0.00000000000000000e0
2,48,2,0,0.00000000000000000e0
2,49,2,0,0.00000000000000000e0
2,50,2,0,0.00000000000000000e0
2,51,2,0,0.00000000000000000e0
2,52,2,0,0.00000000000000000e0
2,53,2,0,0.00000000000000000e0
2,54,2,0,0.00000000000000000e0
2,55,2,0,0.00000000000000000e0
2,56,2,0,0.00000000000000000e0
2,57,2,0,0.00000000000000000e0
2,58,2,0,0.00000000000000000e0
2,59,2,0,0.00000000000000000e0
2,60,2,0,0.00000000000000000e0
2,61,2,0,0.00000000000000000e0
2,62,2,0,0.00000000000000000e0
2,63,2,0,0.00000000000000000e0
2,0,3,0,0.00000000000000000e0
2,1,3,0,0.00000000000000000e0
2,2,3,0,0.00000000000000000e0
2,3,3,0,0.00000000000000000e0
2,4,3,0,0.00000000000000000e0
2,5,3,0,0.00000000000000000e0
2,6,3,0,0.00000000000000000e0
2,7,3,0,0.00000000000000000e0
2,8,3,0,0.00000000000000000e0
2,9,3,0,0.00000000000000000e0
2,10,3,0,0.00000000000000000e0
2,11,3,0,0.00000000000000000e0
2,12,3,0,0.00000000000000000e0
2,13,3,0,0.00000000000000000e0
2,14,3,0,0.00000000000000000e0
2,15,3,0,0.00000000000000000e0
2,16,3,0,0.00000000000000000e0
2,17,3,0,0.00000000000000000e0
2,18,3,0,0.00000000000000000e0
2,19,3,0,0.00000000000000000e0
2,20,3,0,0.00000000000000000e0
2,21,3,0,0.00000000000000000e0
2,22,3,0,0.00000000000000000e0
2,23,3,0,0.00000000000000000e0
2,24,3,0,0.00000000000000000e0
2,25,3,0,0.00000000000000000e0
2,26,3,0,0.00000000000000000e0
2,27,3,0,0.00000000000000000e0
2,28,3,0,0.00000000000000000e0
2,29,3,0,0.00000000000000000e0
2,30,3,0,0.00000000000000000e0
2,31,3,0,0.00000000000000000e0
2,32,3,0,0.00000000000000000e0
2,33,3,0,0.00000000000000000e0
2,34,3,0,0.00000000000000000e0
2,35,3,0,0.00000000000000000e0
2,36,3,0,0.00000000000000000e0
2,37,3,0,0.00000000000000000e0
2,38,3,0,0.00000000000000000e0
2,39,3,0,0.00000000000000000e0
2,40,3,0,0.00000000000000000e0
2,41,3,0,0.00000000000000000e0
2,42,3,0,0.00000000000000000e0
2,43,3,0,0.00000000000000000e0
2,44,3,0,0.00000000000000000e0
2,45,3,0,0.00000000000000000e0
2,46,3,0,0.00000000000000000e0
2,47,3,0,0.00000000000000000e0
2,48,3,0,0.00000000000000000e0
2,49,3,0,0.00000000000000000e0
2,50,3,0,0.00000000000000000e0
2,51,3,0,0.00000000000000000e0
2,52,3,0,0.00000000000000000e0
2,53,3,0,0.00000000000000000e0
2,54,3,0,0.00000000000000000e0
2,55,3,0,0.00000000000000000e0
2,56,3,0,0.00000000000000000e0
2,57,3,0,0.00000000000000000e0
2,58,3,0,0.00000000000000000e0
2,59,3,0,0.00000000000000000e0
2,60,3,0,0.00000000000000000e0
2,61,3,0,0.00000000000000000e0
2,62,3,0,0.00000000000000000e0
2,63,3,0,0.00000000000000000e0
2,0,4,0,0.00000000000000000e0
2,1,4,0,0.00000000000000000e0
2,2,4,0,0.00000000000000000e0
2,3,4,0,0.00000000000000000e0
2,4,4,0,0.00000000000000000e0
2,5,4,0,0.00000000000000000e0
2,6,4,0,0.00000000000000000e0
2,7,4,0,0.00000000000000000e0
2,8,4,0,0.00000000000000000e0
2,9,4,0,0.00000000000000000e0
2,10,4,0,0.00000000000000000e0
2,11,4,0,0.00000000000000000e0
2,12,4,0,0.00000000000000000e0
2,13,4,0,0.00000000000000000e0
2,14,4,0,0.00000000000000000e0
2,15,4,0,0.00000000000000000e0
2,16,4,0,0.00000000000000000e0
2,17,4,0,0.00000000000000000e0
2,18,4,0,0.00000000000000000e0
2,19,4,0,0.00000000000000000e0
2,20,4,0,0.00000000000000000e0
2,21,4,0,0.00000000000000000e0
2,22,4,0,0.00000000000000000e0
2,23,4,0,0.00000000000000000e0
2,24,4,0,0.00000000000000000e0
2,25,4,0,0.00000000000000000e0
2,26,4,0,0.00000000000000000e0
2,27,4,0,0.00000000000000000e0
2,28,4,0,0.00000000000000000e0
2,29,4,0,0.00000000000000000e0
2,30,4,0,0.00000000000000000e0
2,31,4,0,0.00000000000000000e0
2,32,4,0,0.00000000000000000e0
2,33,4,0,0.00000000000000000e0
2,34,4,0,0.00000000000000000e0
2,35,4,0,0.00000000000000000e0
2,36,4,0,0.00000000000000000e0
2,37,4,0,0.00000000000000000e0
2,38,4,0,0.00000000000000000e0
2,39,4,0,0.00000000000000000e0
2,40,4,0,0.00000000000000000e0
2,41,4,0,0.00000000000000000e0
2,42,4,0,0.00000000000000000e0
2,43,4,0,0.00000000000000000e0
2,44,4,0,0.00000000000000000e0
2,45,4,0,0.00000000000000000e0
2,46,4,0,0.00000000000000000e0
2,47,4,0,0.00000000000000000e0
2,48,4,0,0.00000000000000000e0
2,49,4,0,0.00000000000000000e0
2,50,4,0,0.00000000000000000e0
2,51,4,0,0.00000000000000000e0
2,52,4,0,0.00000000000000000e0
2,53,4,0,0.00000000000000000e0
2,54,4,0,0.00000000000000000e0
2,55,4,0,0.00000000000000000e0
2,56,4,0,0.00000000000000000e0
2,57,4,0,0.00000000000000000e0
2,58,4,0,0.00000000000000000e0
2,59,4,0,0.00000000000000000e0
2,60,4,0,0.00000000000000000e0
2,61,4,0,0.00000000000000000e0
2,62,4,0,0.00000000000000000e0
2,63,4,0,0.00000000000000000e0
2,0,5,0,0.00000000000000000e0
2,1,5,0,0.00000000000000000e0
2,2,5,0,0.00000000000000000e0
2,3,5,0,0.00000000000000000e0
2,4,5,0,0.00000000000000000e0
2,5,5,0,0.00000000000000000e0
2,6,5,0,0.00000000000000000e0
2,7,5,0,0.00000000000000000e0
2,8,5,0,0.00000000000000000e0
2,9,5,0,0.00000000000000000e0
2,10,5,0,0.00000000000000000e0
2,11,5,0,0.00000000000000000e0
2,12,5,0,0.00000000000000000e0
2,13,5,0,0.00000000000000000e0
2,14,5,0,0.00000000000000000e0
2,15,5,0,0.00000000000000000e0
2,16,5,0,0.00000000000000000e0
2,17,5,0,0.00000000000000000e0
2,18,5,0,0.00000000000000000e0
2,19,5,0,0.00000000000000000e0
2,20,5,0,0.00000000000000000e0
2,21,5,0,0.00000000000000000e0
2,22,5,0,0.00000000000000000e0
2,23,5,0,0.00000000000000000e0
2,24,5,0,0.00000000000000000e0
2,25,5,0,0.00000000000000000e0
2,26,5,0,0.00000000000000000e0
2,27,5,0,0.00000000000000000e0
2,28,5,0,0.00000000000000000e0
2,29,5,0,0.00000000000000000e0
2,30,5,0,0.00000000000000000e0
2,31,5,0,0.00000000000000000e0
2,32,5,0,0.00000000000000000e0
2,33,5,0,0.00000000000000000e0
2,34,5,0,0.00000000000000000e0
2,35,5,0,0.00000000000000000e0
2,36,5,0,0.00000000000000000e0
2,37,5,0,0.00000000000000000e0
2,38,5,0,0.00000000000000000e0
2,39,5,0,0.00000000000000000e0
2,40,5,0,0.00000000000000000e0
2,41,5,0,0.00000000000000000e0
2,42,5,0,0.00000000000000000e0
2,43,5,0,0.00000000000000000e0
2,44,5,0,0.00000000000000000e0
2,45,5,0,0.00000000000000000e0
2,46,5,0,0.00000000000000000e0
2,47,5,0,0.00000000000000000e0
2,48,5,0,0.00000000000000000e0
2,49,5,0,0.00000000000000000e0
2,50,5,0,0.00000000000000000e0
2,51,5,0,0.00000000000000000e0
2,52,5,0,0.00000000000000000e0
2,53,5,0,0.00000000000000000e0
2,54,5,0,0.00000000000000000e0
2,55,5,0,0.00000000000000000e0
2,56,5,0,0.00000000000000000e0
2,57,5,0,0.00000000000000000e0
2,58,5,0,0.00000000000000000e0
2,59,5,0,0.00000000000000000e0
2,60,5,0,0.00000000000000000e0
2,61,5,0,0.00000000000000000e0
2,62,5,0,0.00000000000000000e0
2,63,5,0,0.00000000000000000e0
2,0,6,0,0.00000000000000000e0
2,1,6,0,0.00000000000000000e0
2,2,6,0,0.00000000000000000e0
2,3,6,0,0.00000000000000000e0
2,4,6,0,0.00000000000000000e0
2,5,6,0,0.00000000000000000e0
2,6,6,0,0.00000000000000000e0
2,7,6,0,0.00000000000000000e0
2,8,6,0,0.00000000000000000e0
2,9,6,0,0.00000000000000000e0
2,10,6,0,0.00000000000000000e0
2,11,6,0,0.00000000000000000e0
2,12,6,0,0.00000000000000000e0
2,13,6,0,0.00000000000000000e0
2,14,6,0,0.00000000000000000e0
2,15,6,0,0.00000000000000000e0
2,16,6,0,0.00000000000000000e0
2,17,6,0,0.00000000000000000e0
2,18,6,0,0.00000000000000000e0
2,19,6,0,0.00000000000000000e0
2,20,6,0,0.00000000000000000e0
2,21,6,0,0.00000000000000000e0
2,22,6,0,0.00000000000000000e0
2,23,6,0,0.00000000000000000e0
2,24,6,0,0.00000000000000000e0
2,25,6,0,0.00000000000000000e0
2,26,6,0,0.00000000000000000e0
2,27,6,0,0.00000000000000000e0
2,28,6,0,0.00000000000000000e0
2,29,6,0,0.00000000000000000e0
2,30,6,0,0.00000000000000000e0
2,31,6,0,0.00000000000000000e0
2,32,6,0,0.00000000000000000e0
2,33,6,0,0.00000000000000000e0
2,34,6,0,0.00000000000000000e0
2,35,6,0,0.00000000000000000e0
2,36,6,0,0.00000000000000000e0
2,37,6,0,0.00000000000000000e0
2,38,6,0,0.00000000000000000e0
2,39,6,0,0.00000000000000000e0
2,40,6,0,0.00000000000000000e0
2,41,6,0,0.00000000000000000e0
2,42,6,0,0.00000000000000000e0
2,43,6,0,0.00000000000000000e0
2,44,6,0,0.00000000000000000e0
2,45,6,0,0.00000000000000000e0
2,46,6,0,0.00000000000000000e0
2,47,6,0,0.00000000000000000e0
2,48,6,0,0.00000000000000000e0
2,49,6,0,0.00000000000000000e0
2,50,6,0,0.00000000000000000e0
2,51,6,0,0.00000000000000000e0
2,52,6,0,0.00000000000000000e0
2,53,6,0,0.00000000000000000e0
2,54,6,0,0.00000000000000000e0
2,55,6,0,0.00000000000000000e0
2,56,6,0,0.00000000000000000e0
2,57,6,0,0.00000000000000000e0
2,58,6,0,0.00000000000000000e0
2,59,6,0,0.00000000000000000e0
2,60,6,0,0.00000000000000000e0
2,61,6,0,0.00000000000000000e0
2,62,6,0,0.00000000000000000e0
2,63,6,0,0.00000000000000000e0
2,0,7,0,0.00000000000000000e0
2,1,7,0,0.00000000000000000e0
2,2,7,0,0.00000000000000000e0
2,3,7,0,0.00000000000000000e0
2,4,7,0,0.00000000000000000e0
2,5,7,0,0.00000000000000000e0
2,6,7,0,0.00000000000000000e0
2,7,7,0,0.00000000000000000e0
2,8,7,0,0.00000000000000000e0
2,9,7,0,0.00000000000000000e0
2,10,7,0,0.00000000000000000e0
2,11,7,0,0.00000000000000000e0
2,12,7,0,0.00000000000000000e0
2,13,7,0,0.00000000000000000e0
2,14,7,0,0.00000000000000000e0
2,15,7,0,0.00000000000000000e0
2,16,7,0,0.00000000000000000e0
2,17,7,0,0.00000000000000000e0
2,18,7,0,0.00000000000000000e0
2,19,7,0,0.00000000000000000e0
2,20,7,0,0.00000000000000000e0
2,21,7,0,0.00000000000000000e0
2,22,7,0,0.00000000000000000e0
2,23,7,0,0.00000000000000000e0
2,24,7,0,0.00000000000000000e0
2,25,7,0,0.00000000000000000e0
2,26,7,0,0.00000000000000000e0
2,27,7,0,0.00000000000000000e0
2,28,7,0,0.00000000000000000e0
2,29,7,0,0.00000000000000000e0
2,30,7,0,0.00000000000000000e0
2,31,7,0,0.00000000000000000e0
2,32,7,0,0.00000000000000000e0
2,33,7,0,0.00000000000000000e0
2,34,7,0,0.00000000000000000e0
2,35,7,0,0.00000000000000000e0
2,36,7,0,0.00000000000000000e0
2,37,7,0,0.00000000000000000e0
2,38,7,0,0.00000000000000000e0
2,39,7,0,0.00000000000000000e0
2,40,7,0,0.00000000000000000e0
2,41,7,0,0.00000000000000000e0
2,42,7,0,0.00000000000000000e0
2,43,7,0,0.00000000000000000e0
2,44,7,0,0.00000000000000000e0
2,45,7,0,0.00000000000000000e0
2,46,7,0,0.00000000000000000e0
2,47,7,0,0.00000000000000000e0
2,48,7,0,0.00000000000000000e0
2,49,7,0,0.00000000000000000e0
2,50,7,0,0.00000000000000000e0
2,51,7,0,0.00000000000000000e0
2,52,7,0,0.00000000000000000e0
2,53,7,0,0.00000000000000000e0
2,54,7,0,0.00000000000000000e0
2,55,7,0,0.00000000000000000e0
2,56,7,0,0.00000000000000000e0
2,57,7,0,0.00000000000000000e0
2,58,7,0,0.00000000000000000e0
2,59,7,0,0.00000000000000000e0
2,60,7,0,0.00000000000000000e0
2,61,7,0,0.00000000000000000e0
2,62,7,0,0.00000000000000000e0
2,63,7,0,0.00000000000000000e0
2,0,0,1,-5.88215525007713957e-14
2,1,0,1,-5.88215050669263495e-14
2,2,0,1,-5.88208342168321241e-14
2,3,0,1,-5.88163754353977775e-14
2,4,0,1,-5.87983099166987377e-14
2,5,0,1,-5.87458616366047515e-14
2,6,0,1,-5.86259353238006986e-14
2,7,0,1,-5.83963690663040491e-14
2,8,0,1,-5.80119584097857355e-14
2,9,0,1,-5.74299722361226728e-14
2,10,0,1,-5.66142354622035243e-14
2,11,0,1,-5.55390728253311178e-14
2,12,0,1,-5.41944147978284940e-14
2,13,0,1,-5.25906188985746786e-14
2,14,0,1,-5.07605466177913495e-14
2,15,0,1,-4.87567885371076315e-14
2,16,0,1,-4.66441697820427909e-14
2,17,0,1,-4.44878915607446745e-14
2,18,0,1,-4.23375053006276592e-14
2,19,0,1,-4.02083084167191573e-14
2,20,0,1,-3.80665347876098237e-14
2,21,0,1,-3.58286229189871269e-14
2,22,0,1,-3.33818056205172076e-14
2,23,0,1,-3.06217860313387491e-14
2,24,0,1,-2.74904814081926296e-14
2,25,0,1,-2.39933991593018967e-14
2,26,0,1,-2.01874497343266721e-14
2,27,0,1,-1.61509311648452489e-14
2,28,0,1,-1.19615121369561102e-14
2,29,0,1,-7.69890183912767465e-15
2,30,0,1,-3.46177791564917375e-15
2,31,0,1,6.30460863382801455e-16
2,32,0,1,4.46816613588574101e-15
2,33,0,1,7.99618245152667467e-15
2,34,0,1,1.12339828330651828e-14
2,35,0,1,1.42509871362429125e-14
2,36,0,1,1.71169044785529981e-14
2,37,0,1,1.98655128398660466e-14
2,38,0,1,2.24901308242941161e-14
2,39,0,1,2.49564146339578338e-14
2,40,0,1,2.72095544609062684e-14
2,41,0,1,2.91724381196872828e-14
2,42,0,1,3.07513210858964547e-14
2,43,0,1,3.18616322019481257e-14
2,44,0,1,3.24653498529059448e-14
2,45,0,1,3.25965891377535261e-14
2,46,0,1,3.23571295354329463e-14
2,47,0,1,3.18813240239058937e-14
2,48,0,1,3.12860462092345165e-14
2,49,0,1,3.06276339468065928e-14
2,50,0,1,2.98821805787188172e-14
2,51,0,1,2.89531887234881907e-14
2,52,0,1,2.76994427422143710e-14
2,53,0,1,2.59731472440627442e-14
2,54,0,1,2.36623312496698698e-14
2,55,0,1,2.07336098024526669e-14
2,56,0,1,1.72665497893444153e-14
2,57,0,1,1.34652039884375178e-14
2,58,0,1,9.63557067522411576e-15
2,59,0,1,6.13103834804580757e-15
2,60,0,1,3.28252266236235112e-15
2,61,0,1,1.33518798739408386e-15
2,62,0,1,4.07888133415157091e-16
2,63,0,1,4.80867433359403540e-16
2,0,1,1,-6.67559405106640802e-14
2,1,1,1,-6.67559134056097681e-14
2,2,1,1,-6.67556897889116929e-14
2,3,1,1,-6.67533994118223173e-14
2,4,1,1,-6.67408972055208438e-14
2,5,1,1,-6.66948253894537879e-14
2,6,1,1,-6.65668149942011400e-14
2,7,1,1,-6.62807075934093715e-14
2,8,1,1,-6.57431601562910584e-14
2,9,1,1,-6.48660405987502853e-14
2,10,1,1,-6.35903750988674188e-14
2,11,1,1,-6.18998464139465521e-14
2,12,1,1,-5.98174735113622680e-14
2,13,1,1,-5.73881965711640907e-14
2,14,1,1,-5.46566677821994779e-14
2,15,1,1,-5.16504902541535527e-14
2,16,1,1,-4.83770128448766934e-14
2,17,1,1,-4.48355274348249955e-14
2,18,1,1,-4.10385260659045653e-14
2,19,1,1,-3.70281333806482538e-14
2,20,1,1,-3.28754222195942747e-14
2,21,1,1,-2.86631477016893732e-14
2,22,1,1,-2.44648238164257500e-14
2,23,1,1,-2.03323652131406213e-14
2,24,1,1,-1.62940678744699641e-14
2,25,1,1,-1.23565564450942543e-14
2,26,1,1,-8.50705766816889711e-15
2,27,1,1,-4.72163142798917058e-15
2,28,1,1,-9.87889020668533333e-16
2,29,1,1,2.66088772347126187e-15
2,30,1,1,6.12142198299562949e-15
2,31,1,1,9.23135892949783834e-15
2,32,1,1,1.18205040211278450e-14
2,33,1,1,1.37767130602844956e-14
2,34,1,1,1.50890974384308360e-14
2,35,1,1,1.58506291859233928e-14
2,36,1,1,1.62302727410145592e-14
2,37,1,1,1.64313024585182113e-14
2,38,1,1,1.66406212404436940e-14
2,39,1,1,1.69730444027913277e-14
2,40,1,1,1.74339878742258564e-14
2,41,1,1,1.79340591856258502e-14
2,42,1,1,1.83610383299413760e-14
2,43,1,1,1.86651180758079863e-14
2,44,1,1,1.88926243491769133e-14
2,45,1,1,1.91401866686709277e-14
2,46,1,1,1.94645376070312279e-14
2,47,1,1,1.98151821421401961e-14
2,48,1,1,2.00342163919706856e-14
2,49,1,1,1.99163382048330936e-14
2,50,1,1,1.92877194792918927e-14
2,51,1,1,1.80648681777362263e-14
2,52,1,1,1.62787552128495008e-14
2,53,1,1,1.40688445593971367e-14
2,54,1,1,1.16561559124379877e-14
2,55,1,1,9.30224372872176172e-15
2,56,1,1,7.26162108010764210e-15
2,57,1,1,5.73833312139150620e-15
2,58,1,1,4.85752642943133514e-15
2,59,1,1,4.65804042947405399e-15
2,60,1,1,5.10496169398326136e-15
2,61,1,1,6.11431325898579778e-15
2,62,1,1,7.57826486568087543e-15
2,63,1,1,9.38079925831602005e-15
2,0,2,1,-6.04840342307427781e-14
2,1,2,1,-6.04843459388673677e-14
2,2,2,1,-6.04870835493528936e-14
2,3,2,1,-6.04984812246911474e-14
2,4,2,1,-6.05289540820015681e-14
2,5,2,1,-6.05857798283669646e-14
2,6,2,1,-6.06571135550529328e-14
2,7,2,1,-6.06943897809957000e-14
2,8,2,1,-6.06042044890356402e-14
2,9,2,1,-6.02570158483514695e-14
2,10,2,1,-5.95105223238044656e-14
2,11,2,1,-5.82385092299901597e-14
2,12,2,1,-5.63549552889171940e-14
2,13,2,1,-5.38273717048606826e-14
2,14,2,1,-5.06780727137830928e-14
2,15,2,1,-4.69755866692490864e-14
2,16,2,1,-4.28217879178908328e-14
2,17,2,1,-3.83414884585521476e-14
2,18,2,1,-3.36770135432942763e-14
2,19,2,1,-2.89815101171125855e-14
2,20,2,1,-2.44016216060334232e-14
2,21,2,1,-2.00505200821394364e-14
2,22,2,1,-1.59871793673502585e-14
2,23,2,1,-1.22192837445633806e-14
2,24,2,1,-8.73141806117172167e-15
2,25,2,1,-5.52022467857236562e-15
2,26,2,1,-2.61269091349778174e-15
2,27,2,1,-5.80757883245315370e-17
2,28,2,1,2.09405645154223628e-15
2,29,2,1,3.80887634732446183e-15
2,30,2,1,5.06679523641292984e-15
2,31,2,1,5.86144936027491875e-15
2,32,2,1,6.20972432071394305e-15
2,33,2,1,6.17008444933186267e-15
2,34,2,1,5.84840674695309704e-15
2,35,2,1,5.37658737247582313e-15
2,36,2,1,4.87349427103649958e-15
2,37,2,1,4.41573394941775256e-15
2,38,2,1,4.04018156346182440e-15
2,39,2,1,3.77650486566277060e-15
2,40,2,1,3.68440019704423249e-15
2,41,2,1,3.86362898055145343e-15
2,42,2,1,4.42138958840656952e-15
2,43,2,1,5.41262227163438921e-15
2,44,2,1,6.79244063677753897e-15
2,45,2,1,8.41510715954675928e-15
2,46,2,1,1.00813099052554297e-14
2,47,2,1,1.16018492420577254e-14
2,48,2,1,1.28403460891821260e-14
2,49,2,1,1.37220006611224986e-14
2,50,2,1,1.42246190005948861e-14
2,51,2,1,1.43770053100036183e-14
2,52,2,1,1.42721595717924810e-14
2,53,2,1,1.40757427957195758e-14
2,54,2,1,1.40017841139300665e-14
2,55,2,1,1.42496064725388880e-14
2,56,2,1,1.49298366096221879e-14
2,57,2,1,1.60212487265547210e-14
2,58,2,1,1.73820071563187545e-14
2,59,2,1,1.88065437788792478e-14
2,60,2,1,2.00971661865447307e-14
2,61,2,1,2.11187861767552984e-14
2,62,2,1,2.18196263195111900e-14
2,63,2,1,2.22192276649055623e-14
2,0,3,1,-3.64193741895883771e-14
2,1,3,1,-3.64192725456347066e-14
2,2,3,1,-3.64184492296099754e-14
2,3,3,1,-3.64151119197977935e-14
2,4,3,1,-3.64059571877038690e-14
2,5,3,1,-3.63861704980560086e-14
2,6,3,1,-3.63484538149806691e-14
2,7,3,1,-3.62794917805470130e-14
2,8,3,1,-3.61539242283142465e-14
2,9,3,1,-3.59284067883054725e-14
2,10,3,1,-3.55397169213376302e-14
2,11,3,1,-3.49100021351626821e-14
2,12,3,1,-3.39601055067938196e-14
2,13,3,1,-3.26287967185399236e-14
2,14,3,1,-3.08928772320415934e-14
2,15,3,1,-2.87814646518936429e-14
2,16,3,1,-2.63789844460148026e-14
2,17,3,1,-2.38143313120546540e-14
2,18,3,1,-2.12374876799176215e-14
2,19,3,1,-1.87886324201766083e-14
2,20,3,1,-1.65693366416686666e-14
2,21,3,1,-1.46270545182307712e-14
2,22,3,1,-1.29588587039972114e-14
2,23,3,1,-1.15295583681413599e-14
2,24,3,1,-1.02924616664787708e-14
2,25,3,1,-9.20412597321066533e-15
2,26,3,1,-8.23290274929583399e-15
2,27,3,1,-7.36559606844900197e-15
2,28,3,1,-6.61374251941177285e-15
2,29,3,1,-6.01472293669589979e-15
2,30,3,1,-5.62018684832610825e-15
2,31,3,1,-5.47026032259620258e-15
2,32,3,1,-5.56342547646470308e-15
2,33,3,1,-5.83897207047010501e-15
2,34,3,1,-6.18355523780852144e-15
2,35,3,1,-6.45835220765560332e-15
2,36,3,1,-6.53273609998463421e-15
2,37,3,1,-6.31416602420924004e-15
2,38,3,1,-5.77261720344809763e-15
2,39,3,1,-4.95472007199697709e-15
2,40,3,1,-3.97120131781980232e-15
2,41,3,1,-2.94525849496292229e-15
2,42,3,1,-1.94041166293212105e-15
2,43,3,1,-9.17693494505438141e-16
2,44,3,1,2.37280265956633213e-16
2,45,3,1,1.63109005367142752e-15
2,46,3,1,3.28866936870233877e-15
2,47,3,1,5.15034953094540941e-15
2,48,3,1,7.14084942842222944e-15
2,49,3,1,9.24934059193509989e-15
2,50,3,1,1.15519844124528648e-14
2,51,3,1,1.41585114671934770e-14
2,52,3,1,1.71234164678514891e-14
2,53,3,1,2.03806901368473736e-14
2,54,3,1,2.37341596435970345e-14
2,55,3,1,2.68982410536701064e-14
2,56,3,1,2.95658950880822724e-14
2,57,3,1,3.14815075321429189e-14
2,58,3,1,3.25003424780229144e-14
2,59,3,1,3.26172635179301090e-14
2,60,3,1,3.19532235686006277e-14
2,61,3,1,3.07037076698653960e-14
2,62,3,1,2.90718919207164084e-14
2,63,3,1,2.72167796519463476e-14
2,0,4,1,-2.26989532449125078e-14
2,1,4,1,-2.26989464686489298e-14
2,2,4,1,-2.26988549890906263e-14
2,3,4,1,-2.26979317231781191e-14
2,4,4,1,-2.26928359729674373e-14
2,5,4,1,-2.26739166450575652e-14
2,6,4,1,-2.26217783790222740e-14
2,7,4,1,-2.25084487588114376e-14
2,8,4,1,-2.23065635380310587e-14
2,9,4,1,-2.20043286299235683e-14
2,10,4,1,-2.16179071171884729e-14
2,11,4,1,-2.11912989733038445e-14
2,12,4,1,-2.07797578514849757e-14
2,13,4,1,-2.04227978387212794e-14
2,14,4,1,-2.01203545605087644e-14
2,15,4,1,-1.98254549577244962e-14
2,16,4,1,-1.94591962172658423e-14
2,17,4,1,-1.89430685493176959e-14
2,18,4,1,-1.82338800498336659e-14
2,19,4,1,-1.73419204750569975e-14
2,20,4,1,-1.63199718360628951e-14
2,21,4,1,-1.52286766096770831e-14
2,22,4,1,-1.41005786487660191e-14
2,23,4,1,-1.29259895904790083e-14
2,24,4,1,-1.16676010216212878e-14
2,25,4,1,-1.02911233544221090e-14
2,26,4,1,-8.79207409052460212e-15
2,27,4,1,-7.20734490291348104e-15
2,28,4,1,-5.61361768430367752e-15
2,29,4,1,-4.11954516248776333e-15
2,30,4,1,-2.85231844010015462e-15
2,31,4,1,-1.93244150641493171e-15
2,32,4,1,-1.43570665779417257e-15
2,33,4,1,-1.35657694574079423e-15
2,34,4,1,-1.59682587688909656e-15
2,35,4,1,-1.99420566662105760e-15
2,36,4,1,-2.38011895958780036e-15
2,37,4,1,-2.63093388559927123e-15
2,38,4,1,-2.67876689492190564e-15
2,39,4,1,-2.48103997063783485e-15
2,40,4,1,-1.98742770897712868e-15
2,41,4,1,-1.14783287567002358e-15
2,42,4,1,3.65274322737821968e-17
2,43,4,1,1.46924312739569367e-15
2,44,4,1,2.98089867676806786e-15
2,45,4,1,4.42482515404063297e-15
2,46,4,1,5.78725816794138821e-15
2,47,4,1,7.23176232168398075e-15
2,48,4,1,9.03936874760728412e-15
2,49,4,1,1.14732349123136852e-14
2,50,4,1,1.46405528352782158e-14
2,51,4,1,1.84216333729220541e-14
2,52,4,1,2.24957737577887243e-14
2,53,4,1,2.64430472418815399e-14
2,54,4,1,2.98694479794556905e-14
2,55,4,1,3.25028429192832091e-14
2,56,4,1,3.42319454846220367e-14
2,57,4,1,3.50901389379893597e-14
2,58,4,1,3.52040953625811642e-14
2,59,4,1,3.47317660742696432e-14
2,60,4,1,3.38111733977439904e-14
2,61,4,1,3.25342949466806558e-14
2,62,4,1,3.09503365590515361e-14
2,63,4,1,2.90914617699297717e-14
2,0,5,1,-8.47048278550645642e-15
2,1,5,1,-8.47061576967917534e-15
2,2,5,1,-8.47188293096826778e-15
2,3,5,1,-8.47773762269968950e-15
2,4,5,1,-8.49547703371403631e-15
2,5,5,1,-8.53538837915571169e-15
2,6,5,1,-8.60703804913100570e-15
2,7,5,1,-8.71538118638135600e-15
2,8,5,1,-8.86088704715954148e-15
2,9,5,1,-9.04530051933690599e-15
2,10,5,1,-9.27970418199532479e-15
2,11,5,1,-9.58854255895960975e-15
2,12,5,1,-1.00051116683533801e-14
2,13,5,1,-1.05589483960803407e-14
2,14,5,1,-1.12599477810303161e-14
2,15,5,1,-1.20855330070271903e-14
2,16,5,1,-1.29761026007374144e-14
2,17,5,1,-1.38412222425144359e-14
2,18,5,1,-1.45747163524199280e-14
2,19,5,1,-1.50722499531099480e-14
2,20,5,1,-1.52444941029341099e-14
2,21,5,1,-1.50245755507066869e-14
2,22,5,1,-1.43734511597569392e-14
2,23,5,1,-1.32854051517567948e-14
2,24,5,1,-1.17906435686382892e-14
2,25,5,1,-9.95187395355255286e-15
2,26,5,1,-7.85749266487504455e-15
2,27,5,1,-5.61839198551087639e-15
2,28,5,1,-3.37178405313519336e-15
2,29,5,1,-1.28569235827510767e-15
2,30,5,1,4.49442511016268998e-16
2,31,5,1,1.65130544786971705e-15
2,32,5,1,2.19232159078615492e-15
2,33,5,1,2.04087697025653273e-15
2,34,5,1,1.27441591452742958e-15
2,35,5,1,5.91492371490538521e-17
2,36,5,1,-1.38701380415095664e-15
2,37,5,1,-2.82755776122778010e-15
2,38,5,1,-4.03188614629288941e-15
2,39,5,1,-4.80090270042385879e-15
2,40,5,1,-4.99714837584141862e-15
2,41,5,1,-4.56575153118948807e-15
2,42,5,1,-3.52824077937195606e-15
2,43,5,1,-1.94803538297388338e-15
2,44,5,1,1.13167161938530954e-16
2,45,5,1,2.62467770025085097e-15
2,46,5,1,5.58946919849393105e-15
2,47,5,1,9.02002336212494316e-15
2,48,5,1,1.28952685525150421e-14
2,49,5,1,1.71160997972531065e-14
2,50,5,1,2.14853007211640232e-14
2,51,5,1,2.57307738484036097e-14
2,52,5,1,2.95663524858737897e-14
2,53,5,1,3.27612557308315511e-14
2,54,5,1,3.51861552047583181e-14
2,55,5,1,3.68198005450733751e-14
2,56,5,1,3.77203016000901559e-14
2,57,5,1,3.79772541268374314e-14
2,58,5,1,3.76643059460130686e-14
2,59,5,1,3.68101003237614188e-14
2,60,5,1,3.53992957993418123e-14
2,61,5,1,3.34034015725404032e-14
2,62,5,1,3.08273101056605325e-14
2,63,5,1,2.77492974074238646e-14
2,0,6,1,1.39143489261915046e-15
2,1,6,1,1.39157793530811803e-15
2,2,6,1,1.39273297061081767e-15
2,3,6,1,1.39715183561752495e-15
2,4,6,1,1.40729431400706635e-15
2,5,6,1,1.42080618358166695e-15
2,6,6,1,1.42299809309092426e-15
2,7,6,1,1.38252325898108796e-15
2,8,6,1,1.25609670946068720e-15
2,9,6,1,1.00234935538582193e-15
2,10,6,1,5.97764385767160598e-16
2,11,6,1,4.54758522880461489e-17
2,12,6,1,-6.27688948062911757e-16
2,13,6,1,-1.38322629632730903e-15
2,14,6,1,-2.18488972370694569e-15
2,15,6,1,-3.00803994173870059e-15
2,16,6,1,-3.84100473053029107e-15
2,17,6,1,-4.67750821121727320e-15
2,18,6,1,-5.50246112711902206e-15
2,19,6,1,-6.27887566701131050e-15
2,20,6,1,-6.94633974703006730e-15
2,21,6,1,-7.43524589363582858e-15
2,22,6,1,-7.68979538791174366e-15
2,23,6,1,-7.68732289873870836e-15
2,24,6,1,-7.44521716549090620e-15
2,25,6,1,-7.01399904479084631e-15
2,26,6,1,-6.46186781790318229e-15
2,27,6,1,-5.86262800662102311e-15
2,28,6,1,-5.30021634085253365e-15
2,29,6,1,-4.89003216581516617e-15
2,30,6,1,-4.79415777706487280e-15
2,31,6,1,-5.19739797600064952e-15
2,32,6,1,-6.23341413818275132e-15
2,33,6,1,-7.89393032820003004e-15
2,34,6,1,-9.98098647594968316e-15
2,35,6,1,-1.21443052351053772e-14
2,36,6,1,-1.39934603211573985e-14
2,37,6,1,-1.52269486624646844e-14
2,38,6,1,-1.57116819012557973e-14
2,39,6,1,-1.54802352306162433e-14
2,40,6,1,-1.46610713613925039e-14
2,41,6,1,-1.33846308263628998e-14
2,42,6,1,-1.17043097354893946e-14
2,43,6,1,-9.55438256722979107e-15
2,44,6,1,-6.75853263734952844e-15
2,45,6,1,-3.09976302201450064e-15
2,46,6,1,1.55662092865207916e-15
2,47,6,1,7.13476434372915455e-15
2,48,6,1,1.32902044404359376e-14
2,49,6,1,1.94754982133686985e-14
2,50,6,1,2.51126837423967797e-14
2,51,6,1,2.97838874873876391e-14
2,52,6,1,3.33347512462313367e-14
2,53,6,1,3.58417620940649356e-14
2,54,6,1,3.74812485735842582e-14
2,55,6,1,3.83893288794130705e-14
2,56,6,1,3.85883172475138397e-14
2,57,6,1,3.80003069755299044e-14
2,58,6,1,3.65191241775888326e-14
2,59,6,1,3.40921105094257187e-14
2,60,6,1,3.07724596401281331e-14
2,61,6,1,2.67257377117640846e-14
2,62,6,1,2.21977587678244548e-14
2,63,6,1,1.74658922172171369e-14
2,0,7,1,-8.77374006238128279e-15
2,1,7,1,-8.77369262853623655e-15
2,2,7,1,-8.77303617800211447e-15
2,3,7,1,-8.76887724623109585e-15
2,4,7,1,-8.75222796661986532e-15
2,5,7,1,-8.70398181697720763e-15
2,6,7,1,-8.59455955975205535e-15
2,7,7,1,-8.39002990211034846e-15
2,8,7,1,-8.06267792601792627e-15
2,9,7,1,-7.59967531748862238e-15
2,10,7,1,-7.00443223116808261e-15
2,11,7,1,-6.29075996277776196e-15
2,12,7,1,-5.47490883941073418e-15
2,13,7,1,-4.57080704733517536e-15
2,14,7,1,-3.59061247395950009e-15
2,15,7,1,-2.54949124420429662e-15
2,16,7,1,-1.47186003568623583e-15
2,17,7,1,-3.95422931865566790e-16
2,18,7,1,6.29975301745787928e-16
2,19,7,1,1.54833578175762963e-15
2,20,7,1,2.30431840465448665e-15
2,21,7,1,2.84670112935220092e-15
2,22,7,1,3.12763421762742976e-15
2,23,7,1,3.09981045585954688e-15
2,24,7,1,2.71463937551283570e-15
2,25,7,1,1.92461301615817065e-15
2,26,7,1,6.91180737844081195e-16
2,27,7,1,-1.00538607438084701e-15
2,28,7,1,-3.16039893433488379e-15
2,29,7,1,-5.74516571266053301e-15
2,30,7,1,-8.70688798701923714e-15
2,31,7,1,-1.19593649084348205e-14
2,32,7,1,-1.53650827955029157e-14
2,33,7,1,-1.87218150731654001e-14
2,34,7,1,-2.17679268165425766e-14
2,35,7,1,-2.42104784570901232e-14
2,36,7,1,-2.57747687396839981e-14
2,37,7,1,-2.62733187799107232e-14
2,38,7,1,-2.56765857626359631e-14
2,39,7,1,-2.41372185774820988e-14
2,40,7,1,-2.19179227989741571e-14
2,41,7,1,-1.92356862453420610e-14
2,42,7,1,-1.61241852525027471e-14
2,43,7,1,-1.24348714173314924e-14
2,44,7,1,-7.99789261104718111e-15
2,45,7,1,-2.82450336041998110e-15
2,46,7,1,2.81166403500550041e-15
2,47,7,1,8.47817045653573645e-15
2,48,7,1,1.37854959449145754e-14
2,49,7,1,1.85326624516481478e-14
2,50,7,1,2.27035831270021998e-14
2,51,7,1,2.63419216723747435e-14
2,52,7,1,2.94103730627028048e-14
2,53,7,1,3.17295594366804462e-14
2,54,7,1,3.30229618064788177e-14
2,55,7,1,3.30281558125113811e-14
2,56,7,1,3.16104327229786014e-14
2,57,7,1,2.88295049725301178e-14
2,58,7,1,2.49406174694915411e-14
2,59,7,1,2.03372627576416456e-14
2,60,7,1,1.54593084346213785e-14
2,61,7,1,1.06988926385268544e-14
2,62,7,1,6.33522876899213910e-15
2,63,7,1,2.51529737115658777e-15
2,0,0,2,-9.02250940382513453e-15
2,1,0,2,-9.02244926448587947e-15
2,2,0,2,-9.02202235988046330e-15
2,3,0,2,-9.02046381925751539e-15
2,4,0,2,-9.01635740352922654e-15
2,5,0,2,-9.00698921913259398e-15
2,6,0,2,-8.98677816597815912e-15
2,7,0,2,-8.94543025265794045e-15
2,8,0,2,-8.86747018722560190e-15
2,9,0,2,-8.73406503913189136e-15
2,10,0,2,-8.52584316487310298e-15
2,11,0,2,-8.22439430334066454e-15
2,12,0,2,-7.81136409760052261e-15
2,13,0,2,-7.26669396042874810e-15
2,14,0,2,-6.56876210529725411e-15
2,15,0,2,-5.69822102914133155e-15
2,16,0,2,-4.64569704185019069e-15
2,17,0,2,-3.42227166371452275e-15
2,18,0,2,-2.06891058443709787e-15
2,19,0,2,-6.57049545234469163e-16
2,20,0,2,7.26412861526887004e-16
2,21,0,2,2.00667060347285188e-15
2,22,0,2,3.14728961716846580e-15
2,23,0,2,4.16100064899228329e-15
2,24,0,2,5.10125804242139193e-15
2,25,0,2,6.04158573958512267e-15
2,26,0,2,7.05271268564510410e-15
2,27,0,2,8.18474214998084898e-15
2,28,0,2,9.45900665736895685e-15
2,29,0,2,1.08726902467762808e-14
2,30,0,2,1.24147196564833653e-14
2,31,0,2,1.40832771537854028e-14
2,32,0,2,1.58903702777426700e-14
2,33,0,2,1.78454849503314680e-14
2,34,0,2,1.99258605492261265e-14
2,35,0,2,2.20537258973415445e-14
2,36,0,2,2.40985854047578302e-14
2,37,0,2,2.59056285537712094e-14
2,38,0,2,2.73332246593371853e-14
2,39,0,2,2.82775647515720596e-14
2,40,0,2,2.86735933119949132e-14
2,41,0,2,2.84776983082175167e-14
2,42,0,2,2.76480854405564483e-14
2,43,0,2,2.61374326723145048e-14
2,44,0,2,2.39037729090870246e-14
2,45,0,2,2.09366215770528941e-14
2,46,0,2,1.72904784701043493e-14
2,47,0,2,1.31148686203542975e-14
2,48,0,2,8.66789143716059640e-15
2,49,0,2,4.30076277935513736e-15
2,50,0,2,4.07745514242663148e-16
2,51,0,2,-2.65172727390494342e-15
2,52,0,2,-4.63850319102915992e-15
2,53,0,2,-5.49861051534080401e-15
2,54,0,2,-5.38320608792566824e-15
2,55,0,2,-4.61558798519061571e-15
2,56,0,2,-3.61831045133471571e-15
2,57,0,2,-2.82636979751925595e-15
2,58,0,2,-2.61086979266118499e-15
2,59,0,2,-3.22685608058527213e-15
2,60,0,2,-4.78863766334761652e-15
2,61,0,2,-7.27037940078225156e-15
2,62,0,2,-1.05271948249536715e-14
2,63,0,2,-1.43295850174845335e-14
2,0,1,2,-1.88104282719753560e-14
2,1,1,2,-1.88103029110991624e-14
2,2,1,2,-1.88090679370620656e-14
2,3,1,2,-1.88025932172132537e-14
2,4,1,2,-1.87788458015040322e-14
2,5,1,2,-1.87108036448510942e-14
2,6,1,2,-1.85499961338807598e-14
2,7,1,2,-1.82264261598978280e-14
2,8,1,2,-1.76599034197198398e-14
2,9,1,2,-1.67819368292318125e-14
2,10,1,2,-1.55597936472200507e-14
2,11,1,2,-1.40113047642572049e-14
2,12,1,2,-1.22033781598798394e-14
2,13,1,2,-1.02356393082451633e-14
2,14,1,2,-8.21744863317317928e-15
2,15,1,2,-6.24784588553807009e-15
2,16,1,2,-4.40514137889586391e-15
2,17,1,2,-2.74809336528111792e-15
2,18,1,2,-1.32448202033638154e-15
2,19,1,2,-1.77006923442344299e-16
2,20,1,2,6.63375663740597109e-16
2,21,1,2,1.19670667672659671e-15
2,22,1,2,1.47305392862539077e-15
2,23,1,2,1.59460442710580375e-15
2,24,1,2,1.69392888692938230e-15
2,25,1,2,1.89728688624679967e-15
2,26,1,2,2.29079150024507228e-15
2,27,1,2,2.90392265186220199e-15
2,28,1,2,3.71469517743572980e-15
2,29,1,2,4.67217148013309748e-15
2,30,1,2,5.72753683944580289e-15
2,31,1,2,6.86220354086282402e-15
2,32,1,2,8.09992196470869785e-15
2,33,1,2,9.49370027985554574e-15
2,34,1,2,1.10897627683009294e-14
2,35,1,2,1.28843181105729385e-14
2,36,1,2,1.47964577195498423e-14
2,37,1,2,1.66766794330083096e-14
2,38,1,2,1.83536335679164789e-14
2,39,1,2,1.96964653923848224e-14
2,40,1,2,2.06525301146755907e-14
2,41,1,2,2.12301167992106146e-14
2,42,1,2,2.14351512884888851e-14
2,43,1,2,2.12114651337120749e-14
2,44,1,2,2.04380562902331184e-14
2,45,1,2,1.89945969516309640e-14
2,46,1,2,1.68524150526410538e-14
2,47,1,2,1.41286061219577166e-14
2,48,1,2,1.10693950140512525e-14
2,49,1,2,7.97837188974475850e-15
2,50,1,2,5.13512750185030238e-15
2,51,1,2,2.74149582565495417e-15
2,52,1,2,9.02694235075458991e-16
2,53,1,2,-3.69561718966692518e-16
2,54,1,2,-1.14318499413020242e-15
2,55,1,2,-1.54259543947408723e-15
2,56,1,2,-1.71700735836850978e-15
2,57,1,2,-1.80875034391857030e-15
2,58,1,2,-1.93495613547709291e-15
2,59,1,2,-2.18948932436877335e-15
2,60,1,2,-2.65887009099090212e-15
2,61,1,2,-3.43673750414596850e-15
2,62,1,2,-4.62226429888087410e-15
2,63,1,2,-6.29722197713236502e-15
2,0,2,2,-2.47254711008889488e-14
2,1,2,2,-2.47253711510011728e-14
2,2,2,2,-2.47244055334413029e-14
2,3,2,2,-2.47194300619091312e-14
2,4,2,2,-2.47011815840934845e-14
2,5,2,2,-2.46482200020334621e-14
2,6,2,2,-2.45201249034860888e-14
2,7,2,2,-2.42542836129903266e-14
2,8,2,2,-2.37708615812015633e-14
2,9,2,2,-2.29869766342309656e-14
2,10,2,2,-2.18360197951723498e-14
2,11,2,2,-2.02855666428048212e-14
2,12,2,2,-1.83488478317644921e-14
2,13,2,2,-1.60875595478634711e-14
2,14,2,2,-1.36057724941661580e-14
2,15,2,2,-1.10360049752704879e-14
2,16,2,2,-8.52052040983255696e-15
2,17,2,2,-6.19272691056139100e-15
2,18,2,2,-4.16236183093852095e-15
2,19,2,2,-2.50423766196428838e-15
2,20,2,2,-1.24931134027846981e-15
2,21,2,2,-3.80441804234614802e-16
2,22,2,2,1.62546324027259680e-16
2,23,2,2,4.67863201218004284e-16
2,24,2,2,6.31826862828926625e-16
2,25,2,2,7.39041593374856589e-16
2,26,2,2,8.44215874490410146e-16
2,27,2,2,9.58236303009291600e-16
2,28,2,2,1.04719329131671432e-15
2,29,2,2,1.05412562071528033e-15
2,30,2,2,9.41122425826492089e-16
2,31,2,2,7.30701865794868358e-16
2,32,2,2,5.18491525145696290e-16
2,33,2,2,4.44943283758690968e-16
2,34,2,2,6.41670126829850442e-16
2,35,2,2,1.18487203826667803e-15
2,36,2,2,2.07941125188420943e-15
2,37,2,2,3.27098649713722118e-15
2,38,2,2,4.66591529478467722e-15
2,39,2,2,6.14431304839517696e-15
2,40,2,2,7.57153010671725649e-15
2,41,2,2,8.81929095318577730e-15
2,42,2,2,9.79331955022191489e-15
2,43,2,2,1.04473721340703207e-14
2,44,2,2,1.07686432606344043e-14
2,45,2,2,1.07456903618297073e-14
2,46,2,2,1.03497329521744230e-14
2,47,2,2,9.54994072645438952e-15
2,48,2,2,8.35162712234773300e-15
2,49,2,2,6.82421326614552140e-15
2,50,2,2,5.09440469884515738e-15
2,51,2,2,3.30915189591636863e-15
2,52,2,2,1.59619049629953743e-15
2,53,2,2,4.90009287905551793e-17
2,54,2,2,-1.25892527010892452e-15
2,55,2,2,-2.24929048571963740e-15
2,56,2,2,-2.82934245964764491e-15
2,57,2,2,-2.91000540721467194e-15
2,58,2,2,-2.44364875997247783e-15
2,59,2,2,-1.46055458106011428e-15
2,60,2,2,-8.49417742047515220e-17
2,61,2,2,1.47756395555304629e-15
2,62,2,2,2.97796878980351523e-15
2,63,2,2,4.17730730377634946e-15
2,0,3,2,-1.02950171648806370e-14
2,1,3,2,-1.02951950417995604e-14
2,2,3,2,-1.02967586646201918e-14
2,3,3,2,-1.03038601888499719e-14
2,4,3,2,-1.03262760687661097e-14
2,5,3,2,-1.03818939461487215e-14
2,6,3,2,-1.04978027816839473e-14
2,7,3,2,-1.07086851864300614e-14
2,8,3,2,-1.10511550065650783e-14
2,9,3,2,-1.15534531675834037e-14
2,10,3,2,-1.22219790034015438e-14
2,11,3,2,-1.30289066346692475e-14
2,12,3,2,-1.39062591262705156e-14
2,13,3,2,-1.47504519720526722e-14
2,14,3,2,-1.54381190584128650e-14
2,15,3,2,-1.58501243542868292e-14
2,16,3,2,-1.58976259619688504e-14
2,17,3,2,-1.55425311157550081e-14
2,18,3,2,-1.48056378626321844e-14
2,19,3,2,-1.37592082773965382e-14
2,20,3,2,-1.25055258235937626e-14
2,21,3,2,-1.11481402790256957e-14
2,22,3,2,-9.76618230865778161e-15
2,23,3,2,-8.40220600072712903e-15
2,24,3,2,-7.06808336902245427e-15
2,25,3,2,-5.76410240474582378e-15
2,26,3,2,-4.50094885204332419e-15
2,27,3,2,-3.31604462652465050e-15
2,28,3,2,-2.27970023907548766e-15
2,29,3,2,-1.48745137114634574e-15
2,30,3,2,-1.03541413351484080e-15
2,31,3,2,-9.81379995985357662e-16
2,32,3,2,-1.30537835688136327e-15
2,33,3,2,-1.89045916541721957e-15
2,34,3,2,-2.53992866574626920e-15
2,35,3,2,-3.03262020259330994e-15
2,36,3,2,-3.19800232675352802e-15
2,37,3,2,-2.97548698326806013e-15
2,38,3,2,-2.42205640783930802e-15
2,39,3,2,-1.66105363242231158e-15
2,40,3,2,-8.08004316022782349e-16
2,41,3,2,7.24295954138131097e-17
2,42,3,2,9.53857672067578901e-16
2,43,3,2,1.80646653133453589e-15
2,44,3,2,2.57263154904857367e-15
2,45,3,2,3.17613871231900002e-15
2,46,3,2,3.54018457920295213e-15
2,47,3,2,3.58666275932645329e-15
2,48,3,2,3.22471118140458743e-15
2,49,3,2,2.36323589888312764e-15
2,50,3,2,9.64731986923548016e-16
2,51,3,2,-8.87505769660886911e-16
2,52,3,2,-2.96216421379893406e-15
2,53,3,2,-4.92457543995361742e-15
2,54,3,2,-6.43587534136726321e-15
2,55,3,2,-7.25442045302303329e-15
2,56,3,2,-7.29126977436038437e-15
2,57,3,2,-6.60409396710959912e-15
2,58,3,2,-5.34602515318946710e-15
2,59,3,2,-3.69854945891164195e-15
2,60,3,2,-1.81235510438384779e-15
2,61,3,2,2.30056583693991328e-16
2,62,3,2,2.42304298946462247e-15
2,63,3,2,4.81573636491264973e-15
2,0,4,2,-1.01842614660382696e-15
2,1,4,2,-1.01859184742413358e-15
2,2,4,2,-1.02008304892777478e-15
2,3,4,2,-1.02685380679165203e-15
2,4,4,2,-1.04779870811576433e-15
2,5,4,2,-1.09824650814657277e-15
2,6,4,2,-1.20097106409954848e-15
2,7,4,2,-1.38793336429431959e-15
2,8,4,2,-1.70254892947535250e-15
2,9,4,2,-2.19910441886953054e-15
2,10,4,2,-2.93483808388756307e-15
2,11,4,2,-3.95350849361755449e-15
2,12,4,2,-5.26500221661985700e-15
2,13,4,2,-6.82905702405439512e-15
2,14,4,2,-8.55008185969173204e-15
2,15,4,2,-1.02858641268526070e-14
2,16,4,2,-1.18691296415308727e-14
2,17,4,2,-1.31383517617839757e-14
2,18,4,2,-1.39712824574994392e-14
2,19,4,2,-1.43110400781373479e-14
2,20,4,2,-1.41745381775884756e-14
2,21,4,2,-1.36394666177749868e-14
2,22,4,2,-1.28154704255871617e-14
2,23,4,2,-1.18111409189288960e-14
2,24,4,2,-1.07088740747772991e-14
2,25,4,2,-9.55628246213048246e-15
2,26,4,2,-8.37673063780550869e-15
2,27,4,2,-7.19317573577181110e-15
2,28,4,2,-6.05180519209374580e-15
2,29,4,2,-5.03046133462398300e-15
2,30,4,2,-4.22484533387510255e-15
2,31,4,2,-3.71904892678461690e-15
2,32,4,2,-3.55638217849505930e-15
2,33,4,2,-3.72538007454886917e-15
2,34,4,2,-4.16562841349960716e-15
2,35,4,2,-4.78688726976211551e-15
2,36,4,2,-5.49225226252223961e-15
2,37,4,2,-6.20181388001953514e-15
2,38,4,2,-6.87405734344317433e-15
2,39,4,2,-7.51172873360815563e-15
2,40,4,2,-8.13463337488717908e-15
2,41,4,2,-8.72502889165058249e-15
2,42,4,2,-9.19026512606179596e-15
2,43,4,2,-9.39662522190251939e-15
2,44,4,2,-9.27776362951316519e-15
2,45,4,2,-8.94451969223964208e-15
2,46,4,2,-8.69675239077239218e-15
2,47,4,2,-8.90032574821664896e-15
2,48,4,2,-9.79537106402016480e-15
2,49,4,2,-1.13570389326093403e-14
2,50,4,2,-1.32930191309196637e-14
2,51,4,2,-1.51680595438397764e-14
2,52,4,2,-1.65715440095292113e-14
2,53,4,2,-1.72393769723964974e-14
2,54,4,2,-1.70916069925503011e-14
2,55,4,2,-1.61994593764593423e-14
2,56,4,2,-1.47150595473845985e-14
2,57,4,2,-1.27917636674594083e-14
2,58,4,2,-1.05162409948797789e-14
2,59,4,2,-7.87262575551068988e-15
2,60,4,2,-4.75375642306321081e-15
2,61,4,2,-1.01691112229854424e-15
2,62,4,2,3.43960386363947705e-15
2,63,4,2,8.61077685256018618e-15
2,0,5,2,1.75789935620486882e-15
2,1,5,2,1.75778447736139746e-15
2,2,5,2,1.75683241232868362e-15
2,3,5,2,1.75308693851504351e-15
2,4,5,2,1.74413740015259139e-15
2,5,5,2,1.73124598221185456e-15
2,6,5,2,1.72625399353721135e-15
2,7,5,2,1.75648819931474316e-15
2,8,5,2,1.86135447807485137e-15
2,9,5,2,2.07818834806661103e-15
2,10,5,2,2.42188382487630496e-15
2,11,5,2,2.86754851600826057e-15
2,12,5,2,3.34477450178785867e-15
2,13,5,2,3.74707639997631445e-15
2,14,5,2,3.95417764964588539e-15
2,15,5,2,3.86100233138201784e-15
2,16,5,2,3.40525307773828934e-15
2,17,5,2,2.58474517898549423e-15
2,18,5,2,1.45816372468737061e-15
2,19,5,2,1.29495085190507080e-16
2,20,5,2,-1.27714283122199639e-15
2,21,5,2,-2.64426851352965887e-15
2,22,5,2,-3.88430759589277266e-15
2,23,5,2,-4.95568907768863601e-15
2,24,5,2,-5.86619020368070107e-15
2,25,5,2,-6.65835108606244695e-15
2,26,5,2,-7.38040559249879616e-15
2,27,5,2,-8.05857659248732094e-15
2,28,5,2,-8.68957463357735924e-15
2,29,5,2,-9.25878839742877435e-15
2,30,5,2,-9.76934428264988192e-15
2,31,5,2,-1.02577358567401862e-14
2,32,5,2,-1.07817485543943228e-14
2,33,5,2,-1.13872542919037957e-14
2,34,5,2,-1.20757921281337659e-14
2,35,5,2,-1.27959081996703236e-14
2,36,5,2,-1.34675333290424672e-14
2,37,5,2,-1.40258610254557700e-14
2,38,5,2,-1.44545731991813781e-14
2,39,5,2,-1.47847161488350032e-14
2,40,5,2,-1.50629359788219397e-14
2,41,5,2,-1.53169221961879307e-14
2,42,5,2,-1.55442285697813057e-14
2,43,5,2,-1.57272554490240149e-14
2,44,5,2,-1.58569666864347494e-14
2,45,5,2,-1.59462913929203989e-14
2,46,5,2,-1.60242455291221067e-14
2,47,5,2,-1.61113679499448950e-14
2,48,5,2,-1.61862202514937575e-14
2,49,5,2,-1.61653832409913017e-14
2,50,5,2,-1.59229556352235430e-14
2,51,5,2,-1.53533768001718612e-14
2,52,5,2,-1.44434499625180346e-14
2,53,5,2,-1.33002273813007978e-14
2,54,5,2,-1.21039932430796505e-14
2,55,5,2,-1.10042175228259285e-14
2,56,5,2,-1.00146458712076745e-14
2,57,5,2,-8.96574803196372935e-15
2,58,5,2,-7.54108689555998968e-15
2,59,5,2,-5.38149762247105631e-15
2,60,5,2,-2.21208541054443951e-15
2,61,5,2,2.05634802703813253e-15
2,62,5,2,7.28307557762864627e-15
2,63,5,2,1.31190783741021513e-14
2,0,6,2,1.45541961322397453e-14
2,1,6,2,1.45539860680688263e-14
2,2,6,2,1.45521039608600272e-14
2,3,6,2,1.45434659188639279e-14
2,4,6,2,1.45163608645517903e-14
2,5,6,2,1.44508987702561889e-14
2,6,6,2,1.43213857385551119e-14
2,7,6,2,1.41036982711107567e-14
2,8,6,2,1.37860922561094425e-14
2,9,6,2,1.33790217741861818e-14
2,10,6,2,1.29185001251593858e-14
2,11,6,2,1.24591168884136995e-14
2,12,6,2,1.20571430037340679e-14
2,13,6,2,1.17490373102691580e-14
2,14,6,2,1.15336012563986047e-14
2,15,6,2,1.13654906273570437e-14
2,16,6,2,1.11638434228348432e-14
2,17,6,2,1.08345390357989999e-14
2,18,6,2,1.02999443555348152e-14
2,19,6,2,9.52723262017144898e-15
2,20,6,2,8.54526817145248585e-15
2,21,6,2,7.44152156074203569e-15
2,22,6,2,6.33594197073372722e-15
2,23,6,2,5.33813927645052956e-15
2,24,6,2,4.50320577133128327e-15
2,25,6,2,3.80398092040580560e-15
2,26,6,2,3.13127010655351885e-15
2,27,6,2,2.32175775424726862e-15
2,28,6,2,1.20198559781212232e-15
2,29,6,2,-3.68975810395208957e-16
2,30,6,2,-2.47265709731709585e-15
2,31,6,2,-5.12388313947550154e-15
2,32,6,2,-8.27462674524463357e-15
2,33,6,2,-1.18162146462829493e-14
2,34,6,2,-1.55742711343545212e-14
2,35,6,2,-1.93045906815353038e-14
2,36,6,2,-2.27083112649137733e-14
2,37,6,2,-2.54816428238912804e-14
2,38,6,2,-2.73943042051636929e-14
2,39,6,2,-2.83628118414496269e-14
2,40,6,2,-2.84744050441185920e-14
2,41,6,2,-2.79407827576778553e-14
2,42,6,2,-2.70030258055090414e-14
2,43,6,2,-2.58355179426610765e-14
2,44,6,2,-2.44882679943398546e-14
2,45,6,2,-2.28804825699044714e-14
2,46,6,2,-2.08435326561496465e-14
2,47,6,2,-1.82097565514958634e-14
2,48,6,2,-1.49309360583877240e-14
2,49,6,2,-1.11796160233456655e-14
2,50,6,2,-7.36717409082973673e-15
2,51,6,2,-4.03879835865895813e-15
2,52,6,2,-1.67305577164754979e-15
2,53,6,2,-4.77866766204195978e-16
2,54,6,2,-2.87413922643128708e-16
2,55,6,2,-6.14502286200497606e-16
2,56,6,2,-8.33081679338311572e-16
2,57,6,2,-4.04784763515094945e-16
2,58,6,2,9.48907611523824770e-16
2,59,6,2,3.19312680510913226e-15
2,60,6,2,6.05139395759785384e-15
2,61,6,2,9.15588998796337469e-15
2,62,6,2,1.22021584324357932e-14
2,63,6,2,1.50427359370958191e-14
2,0,7,2,2.31771152020988219e-14
2,1,7,2,2.31773269603356355e-14
2,2,7,2,2.31788363730476427e-14
2,3,7,2,2.31836898718354098e-14
2,4,7,2,2.31917637898886378e-14
2,5,7,2,2.31929767410691060e-14
2,6,7,2,2.31582941300108314e-14
2,7,7,2,2.30368363816381427e-14
2,8,7,2,2.27643560469018014e-14
2,9,7,2,2.22813388968618256e-14
2,10,7,2,2.15530328637582660e-14
2,11,7,2,2.05834681303541586e-14
2,12,7,2,1.94194009153379407e-14
2,13,7,2,1.81443300325840468e-14
2,14,7,2,1.68646275736745663e-14
2,15,7,2,1.56903942692254023e-14
2,16,7,2,1.47141955737783992e-14
2,17,7,2,1.39919390499841298e-14
2,18,7,2,1.35300884062630918e-14
2,19,7,2,1.32818315197523289e-14
2,20,7,2,1.31526242669452106e-14
2,21,7,2,1.30140589941368269e-14
2,22,7,2,1.27238985406924465e-14
2,23,7,2,1.21486827013767874e-14
2,24,7,2,1.11838113775334161e-14
2,25,7,2,9.76567917108711256e-15
2,26,7,2,7.87305858934673683e-15
2,27,7,2,5.51964657858586456e-15
2,28,7,2,2.74350138791581554e-15
2,29,7,2,-4.00589303448225988e-16
2,30,7,2,-3.84269540829301065e-15
2,31,7,2,-7.49428493709240057e-15
2,32,7,2,-1.12433298416381340e-14
2,33,7,2,-1.49514732192268518e-14
2,34,7,2,-1.84542543057867117e-14
2,35,7,2,-2.15625585962830879e-14
2,36,7,2,-2.40674976015277028e-14
2,37,7,2,-2.57653310985856907e-14
2,38,7,2,-2.65239219476853805e-14
2,39,7,2,-2.63792504143602405e-14
2,40,7,2,-2.55936697074292396e-14
2,41,7,2,-2.45913942556680656e-14
2,42,7,2,-2.37602872218880407e-14
2,43,7,2,-2.32300310443796926e-14
2,44,7,2,-2.27905751047511110e-14
2,45,7,2,-2.20301495822876683e-14
2,46,7,2,-2.06097718914981937e-14
2,47,7,2,-1.84902498179132305e-14
2,48,7,2,-1.59695678583109471e-14
2,49,7,2,-1.35269865716102465e-14
2,50,7,2,-1.15886931263209716e-14
2,51,7,2,-1.03504182018287517e-14
2,52,7,2,-9.72745850340815676e-15
2,53,7,2,-9.41977039718624315e-15
2,54,7,2,-9.03404091036905457e-15
2,55,7,2,-8.20402909018982940e-15
2,56,7,2,-6.67339777933747234e-15
2,57,7,2,-4.32966693164724310e-15
2,58,7,2,-1.19511160780779845e-15
2,59,7,2,2.60934089819139098e-15
2,60,7,2,6.90673375696587710e-15
2,61,7,2,1.14955093377276316e-14
2,62,7,2,1.61629217632465808e-14
2,63,7,2,2.06880529824175416e-14
2,0,0,3,6.14658335080370266e-14
2,1,0,3,6.14661723212159283e-14
2,2,0,3,6.14692013110353097e-14
2,3,0,3,6.14824285775396329e-14
2,4,0,3,6.15198199999632267e-14
2,5,0,3,6.15962291480691426e-14
2,6,0,3,6.17143529747614383e-14
2,7,0,3,6.18514300106814963e-14
2,8,0,3,6.19559877576905671e-14
2,9,0,3,6.19587389207032491e-14
2,10,0,3,6.17922325720637877e-14
2,11,0,3,6.14083640166317168e-14
2,12,0,3,6.07857948003998061e-14
2,13,0,3,5.99252228785165930e-14
2,14,0,3,5.88358165356031582e-14
2,15,0,3,5.75182669505444610e-14
2,16,0,3,5.59521606293116730e-14
2,17,0,3,5.40950849381698767e-14
2,18,0,3,5.18952251776696322e-14
2,19,0,3,4.93069804820625568e-14
2,20,0,3,4.62961442728067329e-14
2,21,0,3,4.28343273936419855e-14
2,22,0,3,3.88975859172153299e-14
2,23,0,3,3.44816372449454484e-14
2,24,0,3,2.96275895798284866e-14
2,25,0,3,2.44378627577146457e-14
2,26,0,3,1.90686208549574118e-14
2,27,0,3,1.37048889015220672e-14
2,28,0,3,8.53804890964303745e-15
2,29,0,3,3.75794637378842888e-15
2,30,0,3,-4.47642883640708830e-16
2,31,0,3,-3.90385753983187554e-15
2,32,0,3,-6.47707671798760688e-15
2,33,0,3,-8.10793150825793452e-15
2,34,0,3,-8.82952226415566199e-15
2,35,0,3,-8.76626160848997457e-15
2,36,0,3,-8.12611984673432611e-15
2,37,0,3,-7.19454454101457405e-15
2,38,0,3,-6.31722127204998631e-15
2,39,0,3,-5.85189779324520563e-15
2,40,0,3,-6.09182495775266973e-15
2,41,0,3,-7.19375256520889128e-15
2,42,0,3,-9.14825483297682443e-15
2,43,0,3,-1.18027070118730849e-14
2,44,0,3,-1.49145036192109906e-14
2,45,0,3,-1.82040780426174706e-14
2,46,0,3,-2.13940498617563174e-14
2,47,0,3,-2.42384186858882536e-14
2,48,0,3,-2.65475778838362986e-14
2,49,0,3,-2.82065495092742591e-14
2,50,0,3,-2.91791669494202710e-14
2,51,0,3,-2.94958590158714978e-14
2,52,0,3,-2.92324656505933006e-14
2,53,0,3,-2.84933006551059409e-14
2,54,0,3,-2.74070113934384019e-14
2,55,0,3,-2.61311951216909241e-14
2,56,0,3,-2.48509065159819437e-14
2,57,0,3,-2.37581272878725422e-14
2,58,0,3,-2.30140816885431032e-14
2,59,0,3,-2.27120670090018989e-14
2,60,0,3,-2.28601334503796341e-14
2,61,0,3,-2.33895968050493522e-14
2,62,0,3,-2.41796769509961679e-14
2,63,0,3,-2.50847570661258054e-14
2,0,1,3,6.77215783993247167e-14
2,1,1,3,6.77218426736042600e-14
2,2,1,3,6.77242211421201501e-14
2,3,1,3,6.77339518566182075e-14
2,4,1,3,6.77579398296844493e-14
2,5,1,3,6.77930883088637137e-14
2,6,1,3,6.78048722312259156e-14
2,7,1,3,6.77077751504162606e-14
2,8,1,3,6.73647064779875349e-14
2,9,1,3,6.66130426643304907e-14
2,10,1,3,6.53082256785349202e-14
2,11,1,3,6.33646984166645610e-14
2,12,1,3,6.07772770370822168e-14
2,13,1,3,5.76178102625057864e-14
2,14,1,3,5.40132852723876344e-14
2,15,1,3,5.01167100983197777e-14
2,16,1,3,4.60835694962320047e-14
2,17,1,3,4.20647234221620953e-14
2,18,1,3,3.82151822935893754e-14
2,19,1,3,3.46989079721797544e-14
2,20,1,3,3.16647139823704460e-14
2,21,1,3,2.91926686545995046e-14
2,22,1,3,2.72441693093287626e-14
2,23,1,3,2.56556623547728874e-14
2,24,1,3,2.41863007486436965e-14
2,25,1,3,2.25915850425844472e-14
2,26,1,3,2.06819628155267832e-14
2,27,1,3,1.83455647320609344e-14
2,28,1,3,1.55464732070915296e-14
2,29,1,3,1.23229809060980411e-14
2,30,1,3,8.79427807025335781e-15
2,31,1,3,5.15837262702180215e-15
2,32,1,3,1.65942224696589979e-15
2,33,1,3,-1.47375484838924370e-15
2,34,1,3,-4.08882158342495534e-15
2,35,1,3,-6.14006856629648566e-15
2,36,1,3,-7.68201539029121291e-15
2,37,1,3,-8.84484847830328130e-15
2,38,1,3,-9.81006285049029064e-15
2,39,1,3,-1.07870001586672995e-14
2,40,1,3,-1.19791524451156282e-14
2,41,1,3,-1.35365106100691739e-14
2,42,1,3,-1.55085871174267392e-14
2,43,1,3,-1.78221491926346121e-14
2,44,1,3,-2.02971303366007369e-14
2,45,1,3,-2.26918483325509387e-14
2,46,1,3,-2.47534113296870792e-14
2,47,1,3,-2.62532762863127919e-14
2,48,1,3,-2.70053415935868346e-14
2,49,1,3,-2.68789405609339699e-14
2,50,1,3,-2.58195818647914341e-14
2,51,1,3,-2.38792411408686456e-14
2,52,1,3,-2.12443062951430187e-14
2,53,1,3,-1.82418709586580630e-14
2,54,1,3,-1.53083603871570842e-14
2,55,1,3,-1.29180469625326047e-14
2,56,1,3,-1.14866163388144087e-14
2,57,1,3,-1.12777837538006499e-14
2,58,1,3,-1.23421340151013553e-14
2,59,1,3,-1.45070977122406172e-14
2,60,1,3,-1.74198119308206084e-14
2,61,1,3,-2.06273681539444545e-14
2,62,1,3,-2.36696546965318305e-14
2,63,1,3,-2.61621338471223347e-14
2,0,2,3,4.67486767070750264e-14
2,1,2,3,4.67489918033314050e-14
2,2,2,3,4.67522240810581274e-14
2,3,2,3,4.67689106301190372e-14
2,4,2,3,4.68266681127264134e-14
2,5,2,3,4.69780396766643349e-14
2,6,2,3,4.72983739847887552e-14
2,7,2,3,4.78680205824762173e-14
2,8,2,3,4.87408270482495715e-14
2,9,2,3,4.99098748169956447e-14
2,10,2,3,5.12844737651178134e-14
2,11,2,3,5.26891999811079231e-14
2,12,2,3,5.38876194643329864e-14
2,13,2,3,5.46237588581327538e-14
2,14,2,3,5.46681027269874109e-14
2,15,2,3,5.38549375450961265e-14
2,16,2,3,5.21046489916805744e-14
2,17,2,3,4.94315553116811413e-14
2,18,2,3,4.59391029448801003e-14
2,19,2,3,4.18004999645955888e-14
2,20,2,3,3.72244112433178093e-14
2,21,2,3,3.24150530364979844e-14
2,22,2,3,2.75437123467298789e-14
2,23,2,3,2.27425330900487416e-14
2,24,2,3,1.81155190539161390e-14
2,25,2,3,1.37508692380308196e-14
2,26,2,3,9.72208069122603921e-15
2,27,2,3,6.07904153651270783e-15
2,28,2,3,2.84238380242004575e-15
2,29,2,3,1.36007716381153482e-17
2,30,2,3,-2.40086999624610983e-15
2,31,2,3,-4.36891505029121836e-15
2,32,2,3,-5.83369674927460523e-15
2,33,2,3,-6.73906358505688835e-15
2,34,2,3,-7.06541733282097136e-15
2,35,2,3,-6.85980516707267347e-15
2,36,2,3,-6.25336345815648460e-15
2,37,2,3,-5.46463475327701315e-15
2,38,2,3,-4.78358299423487648e-15
2,39,2,3,-4.52969545620724064e-15
2,40,2,3,-4.98756758617502523e-15
2,41,2,3,-6.33693935202911916e-15
2,42,2,3,-8.59732258122599888e-15
2,43,2,3,-1.16001585642950059e-14
2,44,2,3,-1.49961067733494699e-14
2,45,2,3,-1.83056677861793624e-14
2,46,2,3,-2.10160902081642925e-14
2,47,2,3,-2.27073354829585364e-14
2,48,2,3,-2.31667644594833744e-14
2,49,2,3,-2.24481976112073447e-14
2,50,2,3,-2.08537648141524784e-14
2,51,2,3,-1.88512535659671188e-14
2,52,2,3,-1.69619245542597732e-14
2,53,2,3,-1.56528300520805685e-14
2,54,2,3,-1.52514482434310678e-14
2,55,2,3,-1.58869685934264968e-14
2,56,2,3,-1.74615333856705662e-14
2,57,2,3,-1.96615303655082660e-14
2,58,2,3,-2.20190924141942107e-14
2,59,2,3,-2.40194352580345993e-14
2,60,2,3,-2.52271585511523039e-14
2,61,2,3,-2.53905562888753419e-14
2,62,2,3,-2.44895504022219976e-14
2,63,2,3,-2.27163580779126892e-14
2,0,3,3,4.02143087981175068e-14
2,1,3,3,4.02144239945983334e-14
2,2,3,3,4.02154844798482958e-14
2,3,3,3,4.02206479926947580e-14
2,4,3,3,4.02380053918498931e-14
2,5,3,3,4.02836774083658450e-14
2,6,3,3,4.03835832504285952e-14
2,7,3,3,4.05718786746032262e-14
2,8,3,3,4.08836477855650110e-14
2,9,3,3,4.13415300799281626e-14
2,10,3,3,4.19387086365331785e-14
2,11,3,3,4.26242022363507167e-14
2,12,3,3,4.32971868536032034e-14
2,13,3,3,4.38142835272430087e-14
2,14,3,3,4.40089113697313128e-14
2,15,3,3,4.37180504200395531e-14
2,16,3,3,4.28108476403440963e-14
2,17,3,3,4.12139533655445089e-14
2,18,3,3,3.89286788026431407e-14
2,19,3,3,3.60349025466978612e-14
2,20,3,3,3.26785243288073290e-14
2,21,3,3,2.90442989754266523e-14
2,22,3,3,2.53215722315850572e-14
2,23,3,3,2.16729676468917914e-14
2,24,3,3,1.82132226103160280e-14
2,25,3,3,1.49990459776764423e-14
2,26,3,3,1.20275307318980576e-14
2,27,3,3,9.24437951996303145e-15
2,28,3,3,6.56846013805155796e-15
2,29,3,3,3.93391153934987900e-15
2,30,3,3,1.33425085131706539e-15
2,31,3,3,-1.15909089645109889e-15
2,32,3,3,-3.42114362758701683e-15
2,33,3,3,-5.32918147951684171e-15
2,34,3,3,-6.81563112832394083e-15
2,35,3,3,-7.88895739776670005e-15
2,36,3,3,-8.62244473140861417e-15
2,37,3,3,-9.13537654404677005e-15
2,38,3,3,-9.58649443329314885e-15
2,39,3,3,-1.01715180671050655e-14
2,40,3,3,-1.10962053008977456e-14
2,41,3,3,-1.25092265105403166e-14
2,42,3,3,-1.44171190963196874e-14
2,43,3,3,-1.66312852432990571e-14
2,44,3,3,-1.87873686470193049e-14
2,45,3,3,-2.04385238524200027e-14
2,46,3,3,-2.11886884177604068e-14
2,47,3,3,-2.08216351603972283e-14
2,48,3,3,-1.93904002012898480e-14
2,49,3,3,-1.72420603727733990e-14
2,50,3,3,-1.49599892884785465e-14
2,51,3,3,-1.32214626345685676e-14
2,52,3,3,-1.25999056227086258e-14
2,53,3,3,-1.33753270164702585e-14
2,54,3,3,-1.54281223755693697e-14
2,55,3,3,-1.82649593827343207e-14
2,56,3,3,-2.11700926564363859e-14
2,57,3,3,-2.34214587963932699e-14
2,58,3,3,-2.44886406888366465e-14
2,59,3,3,-2.41481707134900969e-14
2,60,3,3,-2.24943287195807085e-14
2,61,3,3,-1.98644286376935611e-14
2,62,3,3,-1.67191310302588006e-14
2,63,3,3,-1.35197546043065893e-14
2,0,4,3,5.00738027973436639e-14
2,1,4,3,5.00741416105225656e-14
2,2,4,3,5.00766081704649701e-14
2,3,4,3,5.00843805447889756e-14
2,4,4,3,5.00948126025673596e-14
2,5,4,3,5.00808331708058746e-14
2,6,4,3,4.99681269668442174e-14
2,7,4,3,4.96269387075583962e-14
2,8,4,3,4.88944584960907674e-14
2,9,4,3,4.76250102180407475e-14
2,10,4,3,4.57452577608350591e-14
2,11,4,3,4.32872088054845477e-14
2,12,4,3,4.03839830499796992e-14
2,13,4,3,3.72324851613710373e-14
2,14,4,3,3.40406142943644463e-14
2,15,4,3,3.09797997530888297e-14
2,16,4,3,2.81589648923634070e-14
2,17,4,3,2.56272613400514507e-14
2,18,4,3,2.33996595564627333e-14
2,19,4,3,2.14854481048968454e-14
2,20,4,3,1.98970665112171638e-14
2,21,4,3,1.86332323675415454e-14
2,22,4,3,1.76522462418766610e-14
2,23,4,3,1.68585560415086474e-14
2,24,4,3,1.61127706365055481e-14
2,25,4,3,1.52570047795650560e-14
2,26,4,3,1.41398115208169438e-14
2,27,4,3,1.26320886395395529e-14
2,28,4,3,1.06378757731384437e-14
2,29,4,3,8.10869214384456888e-15
2,30,4,3,5.06220601190470604e-15
2,31,4,3,1.59435264656223241e-15
2,32,4,3,-2.12768768295473146e-15
2,33,4,3,-5.89218310373309379e-15
2,34,4,3,-9.47629036465768085e-15
2,35,4,3,-1.26737779071375151e-14
2,36,4,3,-1.53175354480417428e-14
2,37,4,3,-1.73055302455770582e-14
2,38,4,3,-1.86306878805679935e-14
2,39,4,3,-1.93981319180323852e-14
2,40,4,3,-1.98052667744596372e-14
2,41,4,3,-2.00733408438043617e-14
2,42,4,3,-2.03498445850401610e-14
2,43,4,3,-2.06314660993432708e-14
2,44,4,3,-2.07626833613342235e-14
2,45,4,3,-2.05314958827765293e-14
2,46,4,3,-1.98233305990927824e-14
2,47,4,3,-1.87461655763330667e-14
2,48,4,3,-1.76433964416437480e-14
2,49,4,3,-1.69715637891995272e-14
2,50,4,3,-1.70995013396187112e-14
2,51,4,3,-1.81312365972853898e-14
2,52,4,3,-1.98398358831029797e-14
2,53,4,3,-2.17383145447065662e-14
2,54,4,3,-2.32475222747404939e-14
2,55,4,3,-2.38851483486427971e-14
2,56,4,3,-2.34050737910615828e-14
2,57,4,3,-2.18475225025960632e-14
2,58,4,3,-1.94966774251818450e-14
2,59,4,3,-1.67709220127857175e-14
2,60,4,3,-1.40874470969847357e-14
2,61,4,3,-1.17468807643854485e-14
2,62,4,3,-9.87345987846048601e-15
2,63,4,3,-8.42387649164968305e-15
2,0,5,3,2.81876403457597541e-14
2,1,5,3,2.81875065145540879e-14
2,2,5,3,2.81865036275445388e-14
2,3,5,3,2.81827597419176748e-14
2,4,5,3,2.81734017219164093e-14
2,5,5,3,2.81554581759617742e-14
2,6,5,3,2.81261338953278303e-14
2,7,5,3,2.80814952590075287e-14
2,8,5,3,2.80151098987994202e-14
2,9,5,3,2.79199694640979226e-14
2,10,5,3,2.77950253281143353e-14
2,11,5,3,2.76536944927331663e-14
2,12,5,3,2.75289400921297639e-14
2,13,5,3,2.74702271563578848e-14
2,14,5,3,2.75305951945086988e-14
2,15,5,3,2.77459770382706278e-14
2,16,5,3,2.81126999527843771e-14
2,17,5,3,2.85714309741606776e-14
2,18,5,3,2.90042681983394141e-14
2,19,5,3,2.92460723878579937e-14
2,20,5,3,2.91065660614452104e-14
2,21,5,3,2.83990953447782121e-14
2,22,5,3,2.69734169218048200e-14
2,23,5,3,2.47471415918115029e-14
2,24,5,3,2.17258936535680292e-14
2,25,5,3,1.80020234152476408e-14
2,26,5,3,1.37308995892663523e-14
2,27,5,3,9.09772762360721091e-15
2,28,5,3,4.29419573291507477e-15
2,29,5,3,-4.85356231523818502e-16
2,30,5,3,-5.03809860719290140e-15
2,31,5,3,-9.15845141559587170e-15
2,32,5,3,-1.26666916295007856e-14
2,33,5,3,-1.54477887865387201e-14
2,34,5,3,-1.74728107823303100e-14
2,35,5,3,-1.87857050743108975e-14
2,36,5,3,-1.94668821942292278e-14
2,37,5,3,-1.96049655052906238e-14
2,38,5,3,-1.92979770482831423e-14
2,39,5,3,-1.86738560676918616e-14
2,40,5,3,-1.78987684049114470e-14
2,41,5,3,-1.71535708407737422e-14
2,42,5,3,-1.65919693620193015e-14
2,43,5,3,-1.63145220260802609e-14
2,44,5,3,-1.63791167586378739e-14
2,45,5,3,-1.68349780323888767e-14
2,46,5,3,-1.77457349623310126e-14
2,47,5,3,-1.91751183074156950e-14
2,48,5,3,-2.11359335117395145e-14
2,49,5,3,-2.35274226180947829e-14
2,50,5,3,-2.60955553634022522e-14
2,51,5,3,-2.84452671107330440e-14
2,52,5,3,-3.01155686488734781e-14
2,53,5,3,-3.07021559055060261e-14
2,54,5,3,-2.99858811283852666e-14
2,55,5,3,-2.80136614724596153e-14
2,56,5,3,-2.50919077182665262e-14
2,57,5,3,-2.16887394003696665e-14
2,58,5,3,-1.82833738790076292e-14
2,59,5,3,-1.52259152822690341e-14
2,60,5,3,-1.26633297557331333e-14
2,61,5,3,-1.05520510067908489e-14
2,62,5,3,-8.73568710722588335e-15
2,63,5,3,-7.04184440589888418e-15
2,0,6,3,1.78950736471955238e-14
2,1,6,3,1.78954598942194718e-14
2,2,6,3,1.78986718431554601e-14
2,3,6,3,1.79123870006374017e-14
2,4,6,3,1.79523635676160156e-14
2,5,6,3,1.80425742705644931e-14
2,6,6,3,1.82117928187010628e-14
2,7,6,3,1.84880272034596352e-14
2,8,6,3,1.88923363579748468e-14
2,9,6,3,1.94331719769944011e-14
2,10,6,3,2.01024720009263316e-14
2,11,6,3,2.08755894650714327e-14
2,12,6,3,2.17163221812640556e-14
2,13,6,3,2.25857743965662827e-14
2,14,6,3,2.34510880088882254e-14
2,15,6,3,2.42898928780928974e-14
2,16,6,3,2.50883925315354209e-14
2,17,6,3,2.58333851136998902e-14
2,18,6,3,2.64997323807776922e-14
2,19,6,3,2.70357280535366354e-14
2,20,6,3,2.73507277481592481e-14
2,21,6,3,2.73111255697433206e-14
2,22,6,3,2.67506015168977873e-14
2,23,6,3,2.54966742705732552e-14
2,24,6,3,2.34092022296465002e-14
2,25,6,3,2.04197044743979067e-14
2,26,6,3,1.65586657205991569e-14
2,27,6,3,1.19654610045562097e-14
2,28,6,3,6.88516152186520458e-15
2,29,6,3,1.65602733891330456e-15
2,30,6,3,-3.32131211266538818e-15
2,31,6,3,-7.64866092689423308e-15
2,32,6,3,-1.10268239851551986e-14
2,33,6,3,-1.33465643186803443e-14
2,34,6,3,-1.47185120536776071e-14
2,35,6,3,-1.54115239179349744e-14
2,36,6,3,-1.57236182895485049e-14
2,37,6,3,-1.58529534443306586e-14
2,38,6,3,-1.58383099387385262e-14
2,39,6,3,-1.56000903926527268e-14
2,40,6,3,-1.50587211428764023e-14
2,41,6,3,-1.42674178813537514e-14
2,42,6,3,-1.34899517500574467e-14
2,43,6,3,-1.31802883630025361e-14
2,44,6,3,-1.38632738982632543e-14
2,45,6,3,-1.59531980995723105e-14
2,46,6,3,-1.95700016792938608e-14
2,47,6,3,-2.44212761585415120e-14
2,48,6,3,-2.98093120283324242e-14
2,49,6,3,-3.47862878910185080e-14
2,50,6,3,-3.84200185771579883e-14
2,51,6,3,-4.00744365534715097e-14
2,52,6,3,-3.95914448144199516e-14
2,53,6,3,-3.73005154595627136e-14
2,54,6,3,-3.38596067416679913e-14
2,55,6,3,-3.00040516791697659e-14
2,56,6,3,-2.63103256493762636e-14
2,57,6,3,-2.30599197235167169e-14
2,58,6,3,-2.02344770035582308e-14
2,59,6,3,-1.76176025943339601e-14
2,60,6,3,-1.49445834532338853e-14
2,61,6,3,-1.20356724125870659e-14
2,62,6,3,-8.86717118459522113e-15
2,63,6,3,-5.56660820276401111e-15
2,0,7,3,3.35163144525411905e-14
2,1,7,3,3.35160738951841702e-14
2,2,7,3,3.35139495365524565e-14
2,3,7,3,3.35040494154649482e-14
2,4,7,3,3.34714521995228137e-14
2,5,7,3,3.33867963386424299e-14
2,6,7,3,3.32031663719412756e-14
2,7,7,3,3.28596436898528216e-14
2,8,7,3,3.22937443659240125e-14
2,9,7,3,3.14599928952826596e-14
2,10,7,3,3.03467781502878009e-14
2,11,7,3,2.89829432968593398e-14
2,12,7,3,2.74306419186009023e-14
2,13,7,3,2.57684922255448437e-14
2,14,7,3,2.40736284259999295e-14
2,15,7,3,2.24104978687909503e-14
2,16,7,3,2.08292974204380907e-14
2,17,7,3,1.93713182430541031e-14
2,18,7,3,1.80747039243197433e-14
2,19,7,3,1.69736830656335574e-14
2,20,7,3,1.60884862019077673e-14
2,21,7,3,1.54106091223519398e-14
2,22,7,3,1.48933904759677299e-14
2,23,7,3,1.44558318901409980e-14
2,24,7,3,1.39992912959662971e-14
2,25,7,3,1.34287976653315808e-14
2,26,7,3,1.26704931133680629e-14
2,27,7,3,1.16834159737794728e-14
2,28,7,3,1.04678813428221891e-14
2,29,7,3,9.06748685332433788e-15
2,30,7,3,7.55403379415877166e-15
2,31,7,3,5.98882871598186220e-15
2,32,7,3,4.37296386777909392e-15
2,33,7,3,2.61779555755440978e-15
2,34,7,3,5.63570565659010951e-16
2,35,7,3,-1.95279020242329539e-15
2,36,7,3,-5.00749276570976176e-15
2,37,7,3,-8.51358490406043875e-15
2,38,7,3,-1.21941488888865565e-14
2,39,7,3,-1.56395705983242497e-14
2,40,7,3,-1.84633666862332735e-14
2,41,7,3,-2.05097542410864059e-14
2,42,7,3,-2.19931156077678158e-14
2,43,7,3,-2.34436680002702777e-14
2,44,7,3,-2.54412613751638789e-14
2,45,7,3,-2.82770209564199224e-14
2,46,7,3,-3.17562138694646445e-14
2,47,7,3,-3.52698149548927309e-14
2,48,7,3,-3.80809546765038809e-14
2,49,7,3,-3.96392276370404611e-14
2,50,7,3,-3.97460215510302833e-14
2,51,7,3,-3.85199616886704177e-14
2,52,7,3,-3.62429406148070954e-14
2,53,7,3,-3.32107490108850961e-14
2,54,7,3,-2.96631378585588551e-14
2,55,7,3,-2.57911435806203182e-14
2,56,7,3,-2.17766224567790892e-14
2,57,7,3,-1.78211361412296959e-14
2,58,7,3,-1.41442254095050859e-14
2,59,7,3,-1.09514126418611482e-14
2,60,7,3,-8.38600056638025976e-15
2,61,7,3,-6.48641991491229544e-15
2,62,7,3,-5.17027725157898771e-15
2,63,7,3,-4.25513438503596908e-15
2,0,0,4,0.00000000000000000e0
2,1,0,4,0.00000000000000000e0
2,2,0,4,0.00000000000000000e0
2,3,0,4,0.00000000000000000e0
2,4,0,4,0.00000000000000000e0
2,5,0,4,0.00000000000000000e0
2,6,0,4,0.00000000000000000e0
2,7,0,4,0.00000000000000000e0
2,8,0,4,0.00000000000000000e0
2,9,0,4,0.00000000000000000e0
2,10,0,4,0.00000000000000000e0
2,11,0,4,0.00000000000000000e0
2,12,0,4,0.00000000000000000e0
2,13,0,4,0.00000000000000000e0
2,14,0,4,0.00000000000000000e0
2,15,0,4,0.00000000000000000e0
2,16,0,4,0.00000000000000000e0
2,17,0,4,0.00000000000000000e0
2,18,0,4,0.00000000000000000e0
2,19,0,4,0.00000000000000000e0
2,20,0,4,0.00000000000000000e0
2,21,0,4,0.00000000000000000e0
2,22,0,4,0.00000000000000000e0
2,23,0,4,0.00000000000000000e0
2,24,0,4,0.00000000000000000e0
2,25,0,4,0.00000000000000000e0
2,26,0,4,0.00000000000000000e0
2,27,0,4,0.00000000000000000e0
2,28,0,4,0.00000000000000000e0
2,29,0,4,0.00000000000000000e0
2,30,0,4,0.00000000000000000e0
2,31,0,4,0.00000000000000000e0
2,32,0,4,0.00000000000000000e0
2,33,0,4,0.00000000000000000e0
2,34,0,4,0.00000000000000000e0
2,35,0,4,0.00000000000000000e0
2,36,0,4,0.00000000000000000e0
2,37,0,4,0.00000000000000000e0
2,38,0,4,0.00000000000000000e0
2,39,0,4,0.00000000000000000e0
2,40,0,4,0.00000000000000000e0
2,41,0,4,0.00000000000000000e0
2,42,0,4,0.00000000000000000e0
2,43,0,4,0.00000000000000000e0
2,44,0,4,0.00000000000000000e0
2,45,0,4,0.00000000000000000e0
2,46,0,4,0.00000000000000000e0
2,47,0,4,0.00000000000000000e0
2,48,0,4,0.00000000000000000e0
2,49,0,4,0.00000000000000000e0
2,50,0,4,0.00000000000000000e0
2,51,0,4,0.00000000000000000e0
2,52,0,4,0.00000000000000000e0
2,53,0,4,0.00000000000000000e0
2,54,0,4,0.00000000000000000e0
2,55,0,4,0.00000000000000000e0
2,56,0,4,0.00000000000000000e0
2,57,0,4,0.00000000000000000e0
2,58,0,4,0.00000000000000000e0
2,59,0,4,0.00000000000000000e0
2,60,0,4,0.00000000000000000e0
2,61,0,4,0.00000000000000000e0
2,62,0,4,0.00000000000000000e0
2,63,0,4,0.00000000000000000e0
2,0,1,4,0.00000000000000000e0
2,1,1,4,0.00000000000000000e0
2,2,1,4,0.00000000000000000e0
2,3,1,4,0.00000000000000000e0
2,4,1,4,0.00000000000000000e0
2,5,1,4,0.00000000000000000e0
2,6,1,4,0.00000000000000000e0
2,7,1,4,0.00000000000000000e0
2,8,1,4,0.00000000000000000e0
2,9,1,4,0.00000000000000000e0
2,10,1,4,0.00000000000000000e0
2,11,1,4,0.00000000000000000e0
2,12,1,4,0.00000000000000000e0
2,13,1,4,0.00000000000000000e0
2,14,1,4,0.00000000000000000e0
2,15,1,4,0.00000000000000000e0
2,16,1,4,0.00000000000000000e0
2,17,1,4,0.00000000000000000e0
2,18,1,4,0.00000000000000000e0
2,19,1,4,0.00000000000000000e0
2,20,1,4,0.00000000000000000e0
2,21,1,4,0.00000000000000000e0
2,22,1,4,0.00000000000000000e0
2,23,1,4,0.00000000000000000e0
2,24,1,4,0.00000000000000000e0
2,25,1,4,0.00000000000000000e0
2,26,1,4,0.00000000000000000e0
2,27,1,4,0.00000000000000000e0
2,28,1,4,0.00000000000000000e0
2,29,1,4,0.00000000000000000e0
2,30,1,4,0.00000000000000000e0
2,31,1,4,0.00000000000000000e0
2,32,1,4,0.00000000000000000e0
2,33,1,4,0.00000000000000000e0
2,34,1,4,0.00000000000000000e0
2,35,1,4,0.00000000000000000e0
2,36,1,4,0.00000000000000000e0
2,37,1,4,0.00000000000000000e0
2,38,1,4,0.00000000000000000e0
2,39,1,4,0.00000000000000000e0
2,40,1,4,0.00000000000000000e0
2,41,1,4,0.00000000000000000e0
2,42,1,4,0.00000000000000000e0
2,43,1,4,0.00000000000000000e0
2,44,1,4,0.00000000000000000e0
2,45,1,4,0.00000000000000000e0
2,46,1,4,0.00000000000000000e0
2,47,1,4,0.00000000000000000e0
2,48,1,4,0.00000000000000000e0
2,49,1,4,0.00000000000000000e0
2,50,1,4,0.00000000000000000e0
2,51,1,4,0.00000000000000000e0
2,52,1,4,0.00000000000000000e0
2,53,1,4,0.00000000000000000e0
2,54,1,4,0.00000000000000000e0
2,55,1,4,0.00000000000000000e0
2,56,1,4,0.00000000000000000e0
2,57,1,4,0.00000000000000000e0
2,58,1,4,0.00000000000000000e0
2,59,1,4,0.00000000000000000e0
2,60,1,4,0.00000000000000000e0
2,61,1,4,0.00000000000000000e0
2,62,1,4,0.00000000000000000e0
2,63,1,4,0.00000000000000000e0
2,0,2,4,0.00000000000000000e0
2,1,2,4,0.00000000000000000e0
2,2,2,4,0.00000000000000000e0
2,3,2,4,0.00000000000000000e0
2,4,2,4,0.00000000000000000e0
2,5,2,4,0.00000000000000000e0
2,6,2,4,0.00000000000000000e0
2,7,2,4,0.00000000000000000e0
2,8,2,4,0.00000000000000000e0
2,9,2,4,0.00000000000000000e0
2,10,2,4,0.00000000000000000e0
2,11,2,4,0.00000000000000000e0
2,12,2,4,0.00000000000000000e0
2,13,2,4,0.00000000000000000e0
2,14,2,4,0.00000000000000000e0
2,15,2,4,0.00000000000000000e0
2,16,2,4,0.00000000000000000e0
2,17,2,4,0.00000000000000000e0
2,18,2,4,0.00000000000000000e0
2,19,2,4,0.00000000000000000e0
2,20,2,4,0.00000000000000000e0
2,21,2,4,0.00000000000000000e0
2,22,2,4,0.00000000000000000e0
2,23,2,4,0.00000000000000000e0
2,24,2,4,0.00000000000000000e0
2,25,2,4,0.00000000000000000e0
2,26,2,4,0.00000000000000000e0
2,27,2,4,0.00000000000000000e0
2,28,2,4,0.00000000000000000e0
2,29,2,4,0.00000000000000000e0
2,30,2,4,0.00000000000000000e0
2,31,2,4,0.00000000000000000e0
2,32,2,4,0.00000000000000000e0
2,33,2,4,0.00000000000000000e0
2,34,2,4,0.00000000000000000e0
2,35,2,4,0.00000000000000000e0
2,36,2,4,0.00000000000000000e0
2,37,2,4,0.00000000000000000e0
2,38,2,4,0.00000000000000000e0
2,39,2,4,0.00000000000000000e0
2,40,2,4,0.00000000000000000e0
2,41,2,4,0.00000000000000000e0
2,42,2,4,0.00000000000000000e0
2,43,2,4,0.00000000000000000e0
2,44,2,4,0.00000000000000000e0
2,45,2,4,0.00000000000000000e0
2,46,2,4,0.00000000000000000e0
2,47,2,4,0.00000000000000000e0
2,48,2,4,0.00000000000000000e0
2,49,2,4,0.00000000000000000e0
2,50,2,4,0.00000000000000000e0
2,51,2,4,0.00000000000000000e0
2,52,2,4,0.00000000000000000e0
2,53,2,4,0.00000000000000000e0
2,54,2,4,0.00000000000000000e0
2,55,2,4,0.00000000000000000e0
2,56,2,4,0.00000000000000000e0
2,57,2,4,0.00000000000000000e0
2,58,2,4,0.00000000000000000e0
2,59,2,4,0.00000000000000000e0
2,60,2,4,0.00000000000000000e0
2,61,2,4,0.00000000000000000e0
2,62,2,4,0.00000000000000000e0
2,63,2,4,0.00000000000000000e0
2,0,3,4,0.00000000000000000e0
2,1,3,4,0.00000000000000000e0
2,2,3,4,0.00000000000000000e0
2,3,3,4,0.00000000000000000e0
2,4,3,4,0.00000000000000000e0
2,5,3,4,0.00000000000000000e0
2,6,3,4,0.00000000000000000e0
2,7,3,4,0.00000000000000000e0
2,8,3,4,0.00000000000000000e0
2,9,3,4,0.00000000000000000e0
2,10,3,4,0.00000000000000000e0
2,11,3,4,0.00000000000000000e0
2,12,3,4,0.00000000000000000e0
2,13,3,4,0.00000000000000000e0
2,14,3,4,0.00000000000000000e0
2,15,3,4,0.00000000000000000e0
2,16,3,4,0.00000000000000000e0
2,17,3,4,0.00000000000000000e0
2,18,3,4,0.00000000000000000e0
2,19,3,4,0.00000000000000000e0
2,20,3,4,0.00000000000000000e0
2,21,3,4,0.00000000000000000e0
2,22,3,4,0.00000000000000000e0
2,23,3,4,0.00000000000000000e0
2,24,3,4,0.00000000000000000e0
2,25,3,4,0.00000000000000000e0
2,26,3,4,0.00000000000000000e0
2,27,3,4,0.00000000000000000e0
2,28,3,4,0.00000000000000000e0
2,29,3,4,0.00000000000000000e0
2,30,3,4,0.00000000000000000e0
2,31,3,4,0.00000000000000000e0
2,32,3,4,0.00000000000000000e0
2,33,3,4,0.00000000000000000e0
2,34,3,4,0.00000000000000000e0
2,35,3,4,0.00000000000000000e0
2,36,3,4,0.00000000000000000e0
2,37,3,4,0.00000000000000000e0
2,38,3,4,0.00000000000000000e0
2,39,3,4,0.00000000000000000e0
2,40,3,4,0.00000000000000000e0
2,41,3,4,0.00000000000000000e0
2,42,3,4,0.00000000000000000e0
2,43,3,4,0.00000000000000000e0
2,44,3,4,0.00000000000000000e0
2,45,3,4,0.00000000000000000e0
2,46,3,4,0.00000000000000000e0
2,47,3,4,0.00000000000000000e0
2,48,3,4,0.00000000000000000e0
2,49,3,4,0.00000000000000000e0
2,50,3,4,0.00000000000000000e0
2,51,3,4,0.00000000000000000e0
2,52,3,4,0.00000000000000000e0
2,53,3,4,0.00000000000000000e0
2,54,3,4,0.00000000000000000e0
2,55,3,4,0.00000000000000000e0
2,56,3,4,0.00000000000000000e0
2,57,3,4,0.00000000000000000e0
2,58,3,4,0.00000000000000000e0
2,59,3,4,0.00000000000000000e0
2,60,3,4,0.00000000000000000e0
2,61,3,4,0.00000000000000000e0
2,62,3,4,0.00000000000000000e0
2,63,3,4,0.00000000000000000e0
2,0,4,4,0.00000000000000000e0
2,1,4,4,0.00000000000000000e0
2,2,4,4,0.00000000000000000e0
2,3,4,4,0.00000000000000000e0
2,4,4,4,0.00000000000000000e0
2,5,4,4,0.00000000000000000e0
2,6,4,4,0.00000000000000000e0
2,7,4,4,0.00000000000000000e0
2,8,4,4,0.00000000000000000e0
2,9,4,4,0.00000000000000000e0
2,10,4,4,0.00000000000000000e0
2,11,4,4,0.00000000000000000e0
2,12,4,4,0.00000000000000000e0
2,13,4,4,0.00000000000000000e0
2,14,4,4,0.00000000000000000e0
2,15,4,4,0.00000000000000000e0
2,16,4,4,0.00000000000000000e0
2,17,4,4,0.00000000000000000e0
2,18,4,4,0.00000000000000000e0
2,19,4,4,0.00000000000000000e0
2,20,4,4,0.00000000000000000e0
2,21,4,4,0.00000000000000000e0
2,22,4,4,0.00000000000000000e0
2,23,4,4,0.00000000000000000e0
2,24,4,4,0.00000000000000000e0
2,25,4,4,0.00000000000000000e0
2,26,4,4,0.00000000000000000e0
2,27,4,4,0.00000000000000000e0
2,28,4,4,0.00000000000000000e0
2,29,4,4,0.00000000000000000e0
2,30,4,4,0.00000000000000000e0
2,31,4,4,0.00000000000000000e0
2,32,4,4,0.00000000000000000e0
2,33,4,4,0.00000000000000000e0
2,34,4,4,0.00000000000000000e0
2,35,4,4,0.00000000000000000e0
2,36,4,4,0.00000000000000000e0
2,37,4,4,0.00000000000000000e0
2,38,4,4,0.00000000000000000e0
2,39,4,4,0.00000000000000000e0
2,40,4,4,0.00000000000000000e0
2,41,4,4,0.00000000000000000e0
2,42,4,4,0.00000000000000000e0
2,43,4,4,0.00000000000000000e0
2,44,4,4,0.00000000000000000e0
2,45,4,4,0.00000000000000000e0
2,46,4,4,0.00000000000000000e0
2,47,4,4,0.00000000000000000e0
2,48,4,4,0.00000000000000000e0
2,49,4,4,0.00000000000000000e0
2,50,4,4,0.00000000000000000e0
2,51,4,4,0.00000000000000000e0
2,52,4,4,0.00000000000000000e0
2,53,4,4,0.00000000000000000e0
2,54,4,4,0.00000000000000000e0
2,55,4,4,0.00000000000000000e0
2,56,4,4,0.00000000000000000e0
2,57,4,4,0.00000000000000000e0
2,58,4,4,0.00000000000000000e0
2,59,4,4,0.00000000000000000e0
2,60,4,4,0.00000000000000000e0
2,61,4,4,0.00000000000000000e0
2,62,4,4,0.00000000000000000e0
2,63,4,4,0.00000000000000000e0
2,0,5,4,0.00000000000000000e0
2,1,5,4,0.00000000000000000e0
2,2,5,4,0.00000000000000000e0
2,3,5,4,0.00000000000000000e0
2,4,5,4,0.00000000000000000e0
2,5,5,4,0.00000000000000000e0
2,6,5,4,0.00000000000000000e0
2,7,5,4,0.00000000000000000e0
2,8,5,4,0.00000000000000000e0
2,9,5,4,0.00000000000000000e0
2,10,5,4,0.00000000000000000e0
2,11,5,4,0.00000000000000000e0
2,12,5,4,0.00000000000000000e0
2,13,5,4,0.00000000000000000e0
2,14,5,4,0.00000000000000000e0
2,15,5,4,0.00000000000000000e0
2,16,5,4,0.00000000000000000e0
2,17,5,4,0.00000000000000000e0
2,18,5,4,0.00000000000000000e0
2,19,5,4,0.00000000000000000e0
2,20,5,4,0.00000000000000000e0
2,21,5,4,0.00000000000000000e0
2,22,5,4,0.00000000000000000e0
2,23,5,4,0.00000000000000000e0
2,24,5,4,0.00000000000000000e0
2,25,5,4,0.00000000000000000e0
2,26,5,4,0.00000000000000000e0
2,27,5,4,0.00000000000000000e0
2,28,5,4,0.00000000000000000e0
2,29,5,4,0.00000000000000000e0
2,30,5,4,0.00000000000000000e0
2,31,5,4,0.00000000000000000e0
2,32,5,4,0.00000000000000000e0
2,33,5,4,0.00000000000000000e0
2,34,5,4,0.00000000000000000e0
2,35,5,4,0.00000000000000000e0
2,36,5,4,0.00000000000000000e0
2,37,5,4,0.00000000000000000e0
2,38,5,4,0.00000000000000000e0
2,39,5,4,0.00000000000000000e0
2,40,5,4,0.00000000000000000e0
2,41,5,4,0.00000000000000000e0
2,42,5,4,0.00000000000000000e0
2,43,5,4,0.00000000000000000e0
2,44,5,4,0.00000000000000000e0
2,45,5,4,0.00000000000000000e0
2,46,5,4,0.00000000000000000e0
2,47,5,4,0.00000000000000000e0
2,48,5,4,0.00000000000000000e0
2,49,5,4,0.00000000000000000e0
2,50,5,4,0.00000000000000000e0
2,51,5,4,0.00000000000000000e0
2,52,5,4,0.00000000000000000e0
2,53,5,4,0.00000000000000000e0
2,54,5,4,0.00000000000000000e0
2,55,5,4,0.00000000000000000e0
2,56,5,4,0.00000000000000000e0
2,57,5,4,0.00000000000000000e0
2,58,5,4,0.00000000000000000e0
2,59,5,4,0.00000000000000000e0
2,60,5,4,0.00000000000000000e0
2,61,5,4,0.00000000000000000e0
2,62,5,4,0.00000000000000000e0
2,63,5,4,0.00000000000000000e0
2,0,6,4,0.00000000000000000e0
2,1,6,4,0.00000000000000000e0
2,2,6,4,0.00000000000000000e0
2,3,6,4,0.00000000000000000e0
2,4,6,4,0.00000000000000000e0
2,5,6,4,0.00000000000000000e0
2,6,6,4,0.00000000000000000e0
2,7,6,4,0.00000000000000000e0
2,8,6,4,0.00000000000000000e0
2,9,6,4,0.00000000000000000e0
2,10,6,4,0.00000000000000000e0
2,11,6,4,0.00000000000000000e0
2,12,6,4,0.00000000000000000e0
2,13,6,4,0.00000000000000000e0
2,14,6,4,0.00000000000000000e0
2,15,6,4,0.00000000000000000e0
2,16,6,4,0.00000000000000000e0
2,17,6,4,0.00000000000000000e0
2,18,6,4,0.00000000000000000e0
2,19,6,4,0.00000000000000000e0
2,20,6,4,0.00000000000000000e0
2,21,6,4,0.00000000000000000e0
2,22,6,4,0.00000000000000000e0
2,23,6,4,0.00000000000000000e0
2,24,6,4,0.00000000000000000e0
2,25,6,4,0.00000000000000000e0
2,26,6,4,0.00000000000000000e0
2,27,6,4,0.00000000000000000e0
2,28,6,4,0.00000000000000000e0
2,29,6,4,0.00000000000000000e0
2,30,6,4,0.00000000000000000e0
2,31,6,4,0.00000000000000000e0
2,32,6,4,0.00000000000000000e0
2,33,6,4,0.00000000000000000e0
2,34,6,4,0.00000000000000000e0
2,35,6,4,0.00000000000000000e0
2,36,6,4,0.00000000000000000e0
2,37,6,4,0.00000000000000000e0
2,38,6,4,0.00000000000000000e0
2,39,6,4,0.00000000000000000e0
2,40,6,4,0.00000000000000000e0
2,41,6,4,0.00000000000000000e0
2,42,6,4,0.00000000000000000e0
2,43,6,4,0.00000000000000000e0
2,44,6,4,0.00000000000000000e0
2,45,6,4,0.00000000000000000e0
2,46,6,4,0.00000000000000000e0
2,47,6,4,0.00000000000000000e0
2,48,6,4,0.00000000000000000e0
2,49,6,4,0.00000000000000000e0
2,50,6,4,0.00000000000000000e0
2,51,6,4,0.00000000000000000e0
2,52,6,4,0.00000000000000000e0
2,53,6,4,0.00000000000000000e0
2,54,6,4,0.00000000000000000e0
2,55,6,4,0.00000000000000000e0
2,56,6,4,0.00000000000000000e0
2,57,6,4,0.00000000000000000e0
2,58,6,4,0.00000000000000000e0
2,59,6,4,0.00000000000000000e0
2,60,6,4,0.00000000000000000e0
2,61,6,4,0.00000000000000000e0
2,62,6,4,0.00000000000000000e0
2,63,6,4,0.00000000000000000e0
2,0,7,4,0.00000000000000000e0
2,1,7,4,0.00000000000000000e0
2,2,7,4,0.00000000000000000e0
2,3,7,4,0.00000000000000000e0
2,4,7,4,0.00000000000000000e0
2,5,7,4,0.00000000000000000e0
2,6,7,4,0.00000000000000000e0
2,7,7,4,0.00000000000000000e0
2,8,7,4,0.00000000000000000e0
2,9,7,4,0.00000000000000000e0
2,10,7,4,0.00000000000000000e0
2,11,7,4,0.00000000000000000e0
2,12,7,4,0.00000000000000000e0
2,13,7,4,0.00000000000000000e0
2,14,7,4,0.00000000000000000e0
2,15,7,4,0.00000000000000000e0
2,16,7,4,0.00000000000000000e0
2,17,7,4,0.00000000000000000e0
2,18,7,4,0.00000000000000000e0
2,19,7,4,0.00000000000000000e0
2,20,7,4,0.00000000000000000e0
2,21,7,4,0.00000000000000000e0
2,22,7,4,0.00000000000000000e0
2,23,7,4,0.00000000000000000e0
2,24,7,4,0.00000000000000000e0
2,25,7,4,0.00000000000000000e0
2,26,7,4,0.00000000000000000e0
2,27,7,4,0.00000000000000000e0
2,28,7,4,0.00000000000000000e0
2,29,7,4,0.00000000000000000e0
2,30,7,4,0.00000000000000000e0
2,31,7,4,0.00000000000000000e0
2,32,7,4,0.00000000000000000e0
2,33,7,4,0.00000000000000000e0
2,34,7,4,0.00000000000000000e0
2,35,7,4,0.00000000000000000e0
2,36,7,4,0.00000000000000000e0
2,37,7,4,0.00000000000000000e0
2,38,7,4,0.00000000000000000e0
2,39,7,4,0.00000000000000000e0
2,40,7,4,0.00000000000000000e0
2,41,7,4,0.00000000000000000e0
2,42,7,4,0.00000000000000000e0
2,43,7,4,0.00000000000000000e0
2,44,7,4,0.00000000000000000e0
2,45,7,4,0.00000000000000000e0
2,46,7,4,0.00000000000000000e0
2,47,7,4,0.00000000000000000e0
2,48,7,4,0.00000000000000000e0
2,49,7,4,0.00000000000000000e0
2,50,7,4,0.00000000000000000e0
2,51,7,4,0.00000000000000000e0
2,52,7,4,0.00000000000000000e0
2,53,7,4,0.00000000000000000e0
2,54,7,4,0.00000000000000000e0
2,55,7,4,0.00000000000000000e0
2,56,7,4,0.00000000000000000e0
2,57,7,4,0.00000000000000000e0
2,58,7,4,0.00000000000000000e0
2,59,7,4,0.00000000000000000e0
2,60,7,4,0.00000000000000000e0
2,61,7,4,0.00000000000000000e0
2,62,7,4,0.00000000000000000e0
2,63,7,4,0.00000000000000000e0
