axis,i,j,k,velocity
0,0,0,0,0.00000000000000000e0
0,1,0,0,8.87012183666229248e-2
0,2,0,0,1.76548197865486145e-1
0,3,0,0,2.62694925069808960e-1
0,4,0,0,3.46311718225479126e-1
0,5,0,0,4.26593303680419922e-1
0,6,0,0,5.02766609191894531e-1
0,7,0,0,5.74097990989685059e-1
0,8,0,0,6.39900565147399902e-1
0,9,0,0,6.99540495872497559e-1
0,10,0,0,7.52443492412567139e-1
0,11,0,0,7.98100113868713379e-1
0,12,0,0,8.36070537567138672e-1
0,13,0,0,8.65989089012145996e-1
0,14,0,0,8.87567698955535889e-1
0,15,0,0,9.00598526000976562e-1
0,16,0,0,9.04956161975860596e-1
0,17,0,0,9.00598526000976562e-1
0,18,0,0,8.87567698955535889e-1
0,19,0,0,8.65989089012145996e-1
0,20,0,0,8.36070537567138672e-1
0,21,0,0,7.98100113868713379e-1
0,22,0,0,7.52443492412567139e-1
0,23,0,0,6.99540495872497559e-1
0,24,0,0,6.39900565147399902e-1
0,25,0,0,5.74097990989685059e-1
0,26,0,0,5.02766609191894531e-1
0,27,0,0,4.26593303680419922e-1
0,28,0,0,3.46311718225479126e-1
0,29,0,0,2.62694925069808960e-1
0,30,0,0,1.76548197865486145e-1
0,31,0,0,8.87012183666229248e-2
0,32,0,0,0.00000000000000000e0
0,0,1,0,0.00000000000000000e0
0,1,1,0,8.78469720482826233e-2
0,2,1,0,1.74847930669784546e-1
0,3,1,0,2.60164976119995117e-1
0,4,1,0,3.42976510524749756e-1
0,5,1,0,4.22484993934631348e-1
0,6,1,0,4.97924685478210449e-1
0,7,1,0,5.68569123744964600e-1
0,8,1,0,6.33737981319427490e-1
0,9,1,0,6.92803561687469482e-1
0,10,1,0,7.45197117328643799e-1
0,11,1,0,7.90413975715637207e-1
0,12,1,0,8.28018724918365479e-1
0,13,1,0,8.57649207115173340e-1
0,14,1,0,8.79019975662231445e-1
0,15,1,0,8.91925334930419922e-1
0,16,1,0,8.96240949630737305e-1
0,17,1,0,8.91925334930419922e-1
0,18,1,0,8.79019975662231445e-1
0,19,1,0,8.57649207115173340e-1
0,20,1,0,8.28018724918365479e-1
0,21,1,0,7.90413975715637207e-1
0,22,1,0,7.45197117328643799e-1
0,23,1,0,6.92803561687469482e-1
0,24,1,0,6.33737981319427490e-1
0,25,1,0,5.68569123744964600e-1
0,26,1,0,4.97924685478210449e-1
0,27,1,0,4.22484993934631348e-1
0,28,1,0,3.42976510524749756e-1
0,29,1,0,2.60164976119995117e-1
0,30,1,0,1.74847930669784546e-1
0,31,1,0,8.78469720482826233e-2
0,32,1,0,0.00000000000000000e0
0,0,2,0,0.00000000000000000e0
0,1,2,0,8.61467197537422180e-2
0,2,2,0,1.71463787555694580e-1
0,3,2,0,2.55129575729370117e-1
0,4,2,0,3.36338281631469727e-1
0,5,2,0,4.14307922124862671e-1
0,6,2,0,4.88287508487701416e-1
0,7,2,0,5.57564616203308105e-1
0,8,2,0,6.21472179889678955e-1
0,9,2,0,6.79394543170928955e-1
0,10,2,0,7.30773985385894775e-1
0,11,2,0,7.75115668773651123e-1
0,12,2,0,8.11992585659027100e-1
0,13,2,0,8.41049551963806152e-1
0,14,2,0,8.62006723880767822e-1
0,15,2,0,8.74662339687347412e-1
0,16,2,0,8.78894448280334473e-1
0,17,2,0,8.74662339687347412e-1
0,18,2,0,8.62006723880767822e-1
0,19,2,0,8.41049551963806152e-1
0,20,2,0,8.11992585659027100e-1
0,21,2,0,7.75115668773651123e-1
0,22,2,0,7.30773985385894775e-1
0,23,2,0,6.79394543170928955e-1
0,24,2,0,6.21472179889678955e-1
0,25,2,0,5.57564616203308105e-1
0,26,2,0,4.88287508487701416e-1
0,27,2,0,4.14307922124862671e-1
0,28,2,0,3.36338281631469727e-1
0,29,2,0,2.55129575729370117e-1
0,30,2,0,1.71463787555694580e-1
0,31,2,0,8.61467197537422180e-2
0,32,2,0,0.00000000000000000e0
0,0,3,0,0.00000000000000000e0
0,1,3,0,8.36168229579925537e-2
0,2,3,0,1.66428357362747192e-1
0,3,3,0,2.47637093067169189e-1
0,4,3,0,3.26460927724838257e-1
0,5,3,0,4.02140825986862183e-1
0,6,3,0,4.73947852849960327e-1
0,7,3,0,5.41190505027770996e-1
0,8,3,0,6.03221178054809570e-1
0,9,3,0,6.59442484378814697e-1
0,10,3,0,7.09313094615936279e-1
0,11,3,0,7.52352595329284668e-1
0,12,3,0,7.88146555423736572e-1
0,13,3,0,8.16350221633911133e-1
0,14,3,0,8.36691915988922119e-1
0,15,3,0,8.48975837230682373e-1
0,16,3,0,8.53083670139312744e-1
0,17,3,0,8.48975837230682373e-1
0,18,3,0,8.36691915988922119e-1
0,19,3,0,8.16350221633911133e-1
0,20,3,0,7.88146555423736572e-1
0,21,3,0,7.52352595329284668e-1
0,22,3,0,7.09313094615936279e-1
0,23,3,0,6.59442484378814697e-1
0,24,3,0,6.03221178054809570e-1
0,25,3,0,5.41190505027770996e-1
0,26,3,0,4.73947852849960327e-1
0,27,3,0,4.02140825986862183e-1
0,28,3,0,3.26460927724838257e-1
0,29,3,0,2.47637093067169189e-1
0,30,3,0,1.66428357362747192e-1
0,31,3,0,8.36168229579925537e-2
0,32,3,0,0.00000000000000000e0
0,0,4,0,0.00000000000000000e0
0,1,4,0,8.02816376090049744e-2
0,2,4,0,1.59790128469467163e-1
0,3,4,0,2.37759754061698914e-1
0,4,4,0,3.13439637422561646e-1
0,5,4,0,3.86100888252258301e-1
0,6,4,0,4.55043762922286987e-1
0,7,4,0,5.19604325294494629e-1
0,8,4,0,5.79160869121551514e-1
0,9,4,0,6.33139729499816895e-1
0,10,4,0,6.81021153926849365e-1
0,11,4,0,7.22343981266021729e-1
0,12,4,0,7.56710231304168701e-1
0,13,4,0,7.83788919448852539e-1
0,14,4,0,8.03319334983825684e-1
0,15,4,0,8.15113306045532227e-1
0,16,4,0,8.19057285785675049e-1
0,17,4,0,8.15113306045532227e-1
0,18,4,0,8.03319334983825684e-1
0,19,4,0,7.83788919448852539e-1
0,20,4,0,7.56710231304168701e-1
0,21,4,0,7.22343981266021729e-1
0,22,4,0,6.81021153926849365e-1
0,23,4,0,6.33139729499816895e-1
0,24,4,0,5.79160869121551514e-1
0,25,4,0,5.19604325294494629e-1
0,26,4,0,4.55043762922286987e-1
0,27,4,0,3.86100888252258301e-1
0,28,4,0,3.13439637422561646e-1
0,29,4,0,2.37759754061698914e-1
0,30,4,0,1.59790128469467163e-1
0,31,4,0,8.02816376090049744e-2
0,32,4,0,0.00000000000000000e0
0,0,5,0,0.00000000000000000e0
0,1,5,0,7.61733204126358032e-2
0,2,5,0,1.51613041758537292e-1
0,3,5,0,2.25592643022537231e-1
0,4,5,0,2.97399669885635376e-1
0,5,5,0,3.66342604160308838e-1
0,6,5,0,4.31757390499114990e-1
0,7,5,0,4.93014186620712280e-1
0,8,5,0,5.49522936344146729e-1
0,9,5,0,6.00739538669586182e-1
0,10,5,0,6.46170675754547119e-1
0,11,5,0,6.85378789901733398e-1
0,12,5,0,7.17986345291137695e-1
0,13,5,0,7.43679344654083252e-1
0,14,5,0,7.62210309505462646e-1
0,15,5,0,7.73400723934173584e-1
0,16,5,0,7.77142882347106934e-1
0,17,5,0,7.73400723934173584e-1
0,18,5,0,7.62210309505462646e-1
0,19,5,0,7.43679344654083252e-1
0,20,5,0,7.17986345291137695e-1
0,21,5,0,6.85378789901733398e-1
0,22,5,0,6.46170675754547119e-1
0,23,5,0,6.00739538669586182e-1
0,24,5,0,5.49522936344146729e-1
0,25,5,0,4.93014186620712280e-1
0,26,5,0,4.31757390499114990e-1
0,27,5,0,3.66342604160308838e-1
0,28,5,0,2.97399669885635376e-1
0,29,5,0,2.25592643022537231e-1
0,30,5,0,1.51613041758537292e-1
0,31,5,0,7.61733204126358032e-2
0,32,5,0,0.00000000000000000e0
0,0,6,0,0.00000000000000000e0
0,1,6,0,7.13313966989517212e-2
0,2,6,0,1.41975820064544678e-1
0,3,6,0,2.11252957582473755e-1
0,4,6,0,2.78495609760284424e-1
0,5,6,0,3.43056201934814453e-1
0,6,6,0,4.04312968254089355e-1
0,7,6,0,4.61676001548767090e-1
0,8,6,0,5.14592826366424561e-1
0,9,6,0,5.62553822994232178e-1
0,10,6,0,6.05097115039825439e-1
0,11,6,0,6.41813039779663086e-1
0,12,6,0,6.72347903251647949e-1
0,13,6,0,6.96407675743103027e-1
0,14,6,0,7.13760733604431152e-1
0,15,6,0,7.24239826202392578e-1
0,16,6,0,7.27744162082672119e-1
0,17,6,0,7.24239826202392578e-1
0,18,6,0,7.13760733604431152e-1
0,19,6,0,6.96407675743103027e-1
0,20,6,0,6.72347903251647949e-1
0,21,6,0,6.41813039779663086e-1
0,22,6,0,6.05097115039825439e-1
0,23,6,0,5.62553822994232178e-1
0,24,6,0,5.14592826366424561e-1
0,25,6,0,4.61676001548767090e-1
0,26,6,0,4.04312968254089355e-1
0,27,6,0,3.43056201934814453e-1
0,28,6,0,2.78495609760284424e-1
0,29,6,0,2.11252957582473755e-1
0,30,6,0,1.41975820064544678e-1
0,31,6,0,7.13313966989517212e-2
0,32,6,0,0.00000000000000000e0
0,0,7,0,0.00000000000000000e0
0,1,7,0,6.58025220036506653e-2
0,2,7,0,1.30971327424049377e-1
0,3,7,0,1.94878816604614258e-1
0,4,7,0,2.56909489631652832e-1
0,5,7,0,3.16466033458709717e-1
0,6,7,0,3.72974812984466553e-1
0,7,7,0,4.25891607999801636e-1
0,8,7,0,4.74706858396530151e-1
0,9,7,0,5.18950402736663818e-1
0,10,7,0,5.58196187019348145e-1
0,11,7,0,5.92066228389739990e-1
0,12,7,0,6.20234370231628418e-1
0,13,7,0,6.42429292201995850e-1
0,14,7,0,6.58437311649322510e-1
0,15,7,0,6.68104231357574463e-1
0,16,7,0,6.71336948871612549e-1
0,17,7,0,6.68104231357574463e-1
0,18,7,0,6.58437311649322510e-1
0,19,7,0,6.42429292201995850e-1
0,20,7,0,6.20234370231628418e-1
0,21,7,0,5.92066228389739990e-1
0,22,7,0,5.58196187019348145e-1
0,23,7,0,5.18950402736663818e-1
0,24,7,0,4.74706858396530151e-1
0,25,7,0,4.25891607999801636e-1
0,26,7,0,3.72974812984466553e-1
0,27,7,0,3.16466033458709717e-1
0,28,7,0,2.56909489631652832e-1
0,29,7,0,1.94878816604614258e-1
0,30,7,0,1.30971327424049377e-1
0,31,7,0,6.58025220036506653e-2
0,32,7,0,0.00000000000000000e0
0,0,8,0,0.00000000000000000e0
0,1,8,0,5.96399269998073578e-2
0,2,8,0,1.18705503642559052e-1
0,3,8,0,1.76627874374389648e-1
0,4,8,0,2.32849195599555969e-1
0,5,8,0,2.86828070878982544e-1
0,6,8,0,3.38044643402099609e-1
0,7,8,0,3.86005669832229614e-1
0,8,8,0,4.30249214172363281e-1
0,9,8,0,4.70349252223968506e-1
0,10,8,0,5.05919575691223145e-1
0,11,8,0,5.36617636680603027e-1
0,12,8,0,5.62147676944732666e-1
0,13,8,0,5.82264006137847900e-1
0,14,8,0,5.96772849559783936e-1
0,15,8,0,6.05534434318542480e-1
0,16,8,0,6.08464360237121582e-1
0,17,8,0,6.05534434318542480e-1
0,18,8,0,5.96772849559783936e-1
0,19,8,0,5.82264006137847900e-1
0,20,8,0,5.62147676944732666e-1
0,21,8,0,5.36617636680603027e-1
0,22,8,0,5.05919575691223145e-1
0,23,8,0,4.70349252223968506e-1
0,24,8,0,4.30249214172363281e-1
0,25,8,0,3.86005669832229614e-1
0,26,8,0,3.38044643402099609e-1
0,27,8,0,2.86828070878982544e-1
0,28,8,0,2.32849195599555969e-1
0,29,8,0,1.76627874374389648e-1
0,30,8,0,1.18705503642559052e-1
0,31,8,0,5.96399269998073578e-2
0,32,8,0,0.00000000000000000e0
0,0,9,0,0.00000000000000000e0
0,1,9,0,5.29029741883277893e-2
0,2,9,0,1.05296477675437927e-1
0,3,9,0,1.56675890088081360e-1
0,4,9,0,2.06546440720558167e-1
0,5,9,0,2.54427820444107056e-1
0,6,9,0,2.99858957529067993e-1
0,7,9,0,3.42402249574661255e-1
0,8,9,0,3.81648033857345581e-1
0,9,9,0,4.17218357324600220e-1
0,10,9,0,4.48770612478256226e-1
0,11,9,0,4.76000964641571045e-1
0,12,9,0,4.98647153377532959e-1
0,13,9,0,5.16491115093231201e-1
0,14,9,0,5.29361069202423096e-1
0,15,9,0,5.37132918834686279e-1
0,16,9,0,5.39731860160827637e-1
0,17,9,0,5.37132918834686279e-1
0,18,9,0,5.29361069202423096e-1
0,19,9,0,5.16491115093231201e-1
0,20,9,0,4.98647153377532959e-1
0,21,9,0,4.76000964641571045e-1
0,22,9,0,4.48770612478256226e-1
0,23,9,0,4.17218357324600220e-1
0,24,9,0,3.81648033857345581e-1
0,25,9,0,3.42402249574661255e-1
0,26,9,0,2.99858957529067993e-1
0,27,9,0,2.54427820444107056e-1
0,28,9,0,2.06546440720558167e-1
0,29,9,0,1.56675890088081360e-1
0,30,9,0,1.05296477675437927e-1
0,31,9,0,5.29029741883277893e-2
0,32,9,0,0.00000000000000000e0
0,0,10,0,0.00000000000000000e0
0,1,10,0,4.56565469503402710e-2
0,2,10,0,9.08733755350112915e-2
0,3,10,0,1.35215029120445251e-1
0,4,10,0,1.78254500031471252e-1
0,5,10,0,2.19577297568321228e-1
0,6,10,0,2.58785426616668701e-1
0,7,10,0,2.95501291751861572e-1
0,8,10,0,3.29371333122253418e-1
0,9,10,0,3.60069394111633301e-1
0,10,10,0,3.87299746274948120e-1
0,11,10,0,4.10800218582153320e-1
0,12,10,0,4.30344432592391968e-1
0,13,10,0,4.45744216442108154e-1
0,14,10,0,4.56851214170455933e-1
0,15,10,0,4.63558524847030640e-1
0,16,10,0,4.65801477432250977e-1
0,17,10,0,4.63558524847030640e-1
0,18,10,0,4.56851214170455933e-1
0,19,10,0,4.45744216442108154e-1
0,20,10,0,4.30344432592391968e-1
0,21,10,0,4.10800218582153320e-1
0,22,10,0,3.87299746274948120e-1
0,23,10,0,3.60069394111633301e-1
0,24,10,0,3.29371333122253418e-1
0,25,10,0,2.95501291751861572e-1
0,26,10,0,2.58785426616668701e-1
0,27,10,0,2.19577297568321228e-1
0,28,10,0,1.78254500031471252e-1
0,29,10,0,1.35215029120445251e-1
0,30,10,0,9.08733755350112915e-2
0,31,10,0,4.56565469503402710e-2
0,32,10,0,0.00000000000000000e0
0,0,11,0,0.00000000000000000e0
0,1,11,0,3.79703864455223083e-2
0,2,11,0,7.55751058459281921e-2
0,3,11,0,1.12451985478401184e-1
0,4,11,0,1.48245915770530701e-1
0,5,11,0,1.82612121105194092e-1
0,6,11,0,2.15219691395759583e-1
0,7,11,0,2.45754554867744446e-1
0,8,11,0,2.73922711610794067e-1
0,9,11,0,2.99452811479568481e-1
0,10,11,0,3.22099000215530396e-1
0,11,11,0,3.41643214225769043e-1
0,12,11,0,3.57897222042083740e-1
0,13,11,0,3.70704531669616699e-1
0,14,11,0,3.79941731691360474e-1
0,15,11,0,3.85519832372665405e-1
0,16,11,0,3.87385219335556030e-1
0,17,11,0,3.85519832372665405e-1
0,18,11,0,3.79941731691360474e-1
0,19,11,0,3.70704531669616699e-1
0,20,11,0,3.57897222042083740e-1
0,21,11,0,3.41643214225769043e-1
0,22,11,0,3.22099000215530396e-1
0,23,11,0,2.99452811479568481e-1
0,24,11,0,2.73922711610794067e-1
0,25,11,0,2.45754554867744446e-1
0,26,11,0,2.15219691395759583e-1
0,27,11,0,1.82612121105194092e-1
0,28,11,0,1.48245915770530701e-1
0,29,11,0,1.12451985478401184e-1
0,30,11,0,7.55751058459281921e-2
0,31,11,0,3.79703864455223083e-2
0,32,11,0,0.00000000000000000e0
0,0,12,0,0.00000000000000000e0
0,1,12,0,2.99185700714588165e-2
0,2,12,0,5.95490224659442902e-2
0,3,12,0,8.86059775948524475e-2
0,4,12,0,1.16809599101543427e-1
0,5,12,0,1.43888279795646667e-1
0,6,12,0,1.69581249356269836e-1
0,7,12,0,1.93641051650047302e-1
0,8,12,0,2.15835988521575928e-1
0,9,12,0,2.35952317714691162e-1
0,10,12,0,2.53796249628067017e-1
0,11,12,0,2.69196033477783203e-1
0,12,12,0,2.82003313302993774e-1
0,13,12,0,2.92094737291336060e-1
0,14,12,0,2.99373149871826172e-1
0,15,12,0,3.03768396377563477e-1
0,16,12,0,3.05238217115402222e-1
0,17,12,0,3.03768396377563477e-1
0,18,12,0,2.99373149871826172e-1
0,19,12,0,2.92094737291336060e-1
0,20,12,0,2.82003313302993774e-1
0,21,12,0,2.69196033477783203e-1
0,22,12,0,2.53796249628067017e-1
0,23,12,0,2.35952317714691162e-1
0,24,12,0,2.15835988521575928e-1
0,25,12,0,1.93641051650047302e-1
0,26,12,0,1.69581249356269836e-1
0,27,12,0,1.43888279795646667e-1
0,28,12,0,1.16809599101543427e-1
0,29,12,0,8.86059775948524475e-2
0,30,12,0,5.95490224659442902e-2
0,31,12,0,2.99185700714588165e-2
0,32,12,0,0.00000000000000000e0
0,0,13,0,0.00000000000000000e0
0,1,13,0,2.15786267071962357e-2
0,2,13,0,4.29494343698024750e-2
0,3,13,0,6.39066249132156372e-2
0,4,13,0,8.42483416199684143e-2
0,5,13,0,1.03778727352619171e-1
0,6,13,0,1.22309647500514984e-1
0,7,13,0,1.39662668108940125e-1
0,8,13,0,1.55670657753944397e-1
0,9,13,0,1.70179456472396851e-1
0,10,13,0,1.83049336075782776e-1
0,11,13,0,1.94156333804130554e-1
0,12,13,0,2.03393533825874329e-1
0,13,13,0,2.10671916604042053e-1
0,14,13,0,2.15921446681022644e-1
0,15,13,0,2.19091504812240601e-1
0,16,13,0,2.20151588320732117e-1
0,17,13,0,2.19091504812240601e-1
0,18,13,0,2.15921446681022644e-1
0,19,13,0,2.10671916604042053e-1
0,20,13,0,2.03393533825874329e-1
0,21,13,0,1.94156333804130554e-1
0,22,13,0,1.83049336075782776e-1
0,23,13,0,1.70179456472396851e-1
0,24,13,0,1.55670657753944397e-1
0,25,13,0,1.39662668108940125e-1
0,26,13,0,1.22309647500514984e-1
0,27,13,0,1.03778727352619171e-1
0,28,13,0,8.42483416199684143e-2
0,29,13,0,6.39066249132156372e-2
0,30,13,0,4.29494343698024750e-2
0,31,13,0,2.15786267071962357e-2
0,32,13,0,0.00000000000000000e0
0,0,14,0,0.00000000000000000e0
0,1,14,0,1.30308689549565315e-2
0,2,14,0,2.59362328797578812e-2
0,3,14,0,3.85918281972408295e-2
0,4,14,0,5.08757606148719788e-2
0,5,14,0,6.26697242259979248e-2
0,6,14,0,7.38601610064506531e-2
0,7,14,0,8.43392685055732727e-2
0,8,14,0,9.40061584115028381e-2
0,9,14,0,1.02767691016197205e-1
0,10,14,0,1.10539533197879791e-1
0,11,14,0,1.17246821522712708e-1
0,12,14,0,1.22824944555759430e-1
0,13,14,0,1.27220213413238525e-1
0,14,14,0,1.30390271544456482e-1
0,15,14,0,1.32304638624191284e-1
0,16,14,0,1.32944807410240173e-1
0,17,14,0,1.32304638624191284e-1
0,18,14,0,1.30390271544456482e-1
0,19,14,0,1.27220213413238525e-1
0,20,14,0,1.22824944555759430e-1
0,21,14,0,1.17246821522712708e-1
0,22,14,0,1.10539533197879791e-1
0,23,14,0,1.02767691016197205e-1
0,24,14,0,9.40061584115028381e-2
0,25,14,0,8.43392685055732727e-2
0,26,14,0,7.38601610064506531e-2
0,27,14,0,6.26697242259979248e-2
0,28,14,0,5.08757606148719788e-2
0,29,14,0,3.85918281972408295e-2
0,30,14,0,2.59362328797578812e-2
0,31,14,0,1.30308689549565315e-2
0,32,14,0,0.00000000000000000e0
0,0,15,0,0.00000000000000000e0
0,1,15,0,4.35761036351323128e-3
0,2,15,0,8.67325253784656525e-3
0,3,15,0,1.29053639248013496e-2
0,4,15,0,1.70132126659154892e-2
0,5,15,0,2.09571849554777145e-2
0,6,15,0,2.46993396431207657e-2
0,7,15,0,2.82036270946264267e-2
0,8,15,0,3.14363017678260803e-2
0,9,15,0,3.43662202358245850e-2
0,10,15,0,3.69651801884174347e-2
0,11,15,0,3.92081364989280701e-2
0,12,15,0,4.10735011100769043e-2
0,13,15,0,4.25433106720447540e-2
0,14,15,0,4.36033979058265686e-2
0,15,15,0,4.42435704171657562e-2
0,16,15,0,4.44576479494571686e-2
0,17,15,0,4.42435704171657562e-2
0,18,15,0,4.36033979058265686e-2
0,19,15,0,4.25433106720447540e-2
0,20,15,0,4.10735011100769043e-2
0,21,15,0,3.92081364989280701e-2
0,22,15,0,3.69651801884174347e-2
0,23,15,0,3.43662202358245850e-2
0,24,15,0,3.14363017678260803e-2
0,25,15,0,2.82036270946264267e-2
0,26,15,0,2.46993396431207657e-2
0,27,15,0,2.09571849554777145e-2
0,28,15,0,1.70132126659154892e-2
0,29,15,0,1.29053639248013496e-2
0,30,15,0,8.67325253784656525e-3
0,31,15,0,4.35761036351323128e-3
0,32,15,0,0.00000000000000000e0
0,0,16,0,0.00000000000000000e0
0,1,16,0,-4.35761036351323128e-3
0,2,16,0,-8.67325253784656525e-3
0,3,16,0,-1.29053639248013496e-2
0,4,16,0,-1.70132126659154892e-2
0,5,16,0,-2.09571849554777145e-2
0,6,16,0,-2.46993396431207657e-2
0,7,16,0,-2.82036270946264267e-2
0,8,16,0,-3.14363017678260803e-2
0,9,16,0,-3.43662202358245850e-2
0,10,16,0,-3.69651801884174347e-2
0,11,16,0,-3.92081364989280701e-2
0,12,16,0,-4.10735011100769043e-2
0,13,16,0,-4.25433106720447540e-2
0,14,16,0,-4.36033979058265686e-2
0,15,16,0,-4.42435704171657562e-2
0,16,16,0,-4.44576479494571686e-2
0,17,16,0,-4.42435704171657562e-2
0,18,16,0,-4.36033979058265686e-2
0,19,16,0,-4.25433106720447540e-2
0,20,16,0,-4.10735011100769043e-2
0,21,16,0,-3.92081364989280701e-2
0,22,16,0,-3.69651801884174347e-2
0,23,16,0,-3.43662202358245850e-2
0,24,16,0,-3.14363017678260803e-2
0,25,16,0,-2.82036270946264267e-2
0,26,16,0,-2.46993396431207657e-2
0,27,16,0,-2.09571849554777145e-2
0,28,16,0,-1.70132126659154892e-2
0,29,16,0,-1.29053639248013496e-2
0,30,16,0,-8.67325253784656525e-3
0,31,16,0,-4.35761036351323128e-3
0,32,16,0,0.00000000000000000e0
0,0,17,0,0.00000000000000000e0
0,1,17,0,-1.30308689549565315e-2
0,2,17,0,-2.59362328797578812e-2
0,3,17,0,-3.85918281972408295e-2
0,4,17,0,-5.08757606148719788e-2
0,5,17,0,-6.26697242259979248e-2
0,6,17,0,-7.38601610064506531e-2
0,7,17,0,-8.43392685055732727e-2
0,8,17,0,-9.40061584115028381e-2
0,9,17,0,-1.02767691016197205e-1
0,10,17,0,-1.10539533197879791e-1
0,11,17,0,-1.17246821522712708e-1
0,12,17,0,-1.22824944555759430e-1
0,13,17,0,-1.27220213413238525e-1
0,14,17,0,-1.30390271544456482e-1
0,15,17,0,-1.32304638624191284e-1
0,16,17,0,-1.32944807410240173e-1
0,17,17,0,-1.32304638624191284e-1
0,18,17,0,-1.30390271544456482e-1
0,19,17,0,-1.27220213413238525e-1
0,20,17,0,-1.22824944555759430e-1
0,21,17,0,-1.17246821522712708e-1
0,22,17,0,-1.10539533197879791e-1
0,23,17,0,-1.02767691016197205e-1
0,24,17,0,-9.40061584115028381e-2
0,25,17,0,-8.43392685055732727e-2
0,26,17,0,-7.38601610064506531e-2
0,27,17,0,-6.26697242259979248e-2
0,28,17,0,-5.08757606148719788e-2
0,29,17,0,-3.85918281972408295e-2
0,30,17,0,-2.59362328797578812e-2
0,31,17,0,-1.30308689549565315e-2
0,32,17,0,0.00000000000000000e0
0,0,18,0,0.00000000000000000e0
0,1,18,0,-2.15786267071962357e-2
0,2,18,0,-4.29494343698024750e-2
0,3,18,0,-6.39066249132156372e-2
0,4,18,0,-8.42483416199684143e-2
0,5,18,0,-1.03778727352619171e-1
0,6,18,0,-1.22309647500514984e-1
0,7,18,0,-1.39662668108940125e-1
0,8,18,0,-1.55670657753944397e-1
0,9,18,0,-1.70179456472396851e-1
0,10,18,0,-1.83049336075782776e-1
0,11,18,0,-1.94156333804130554e-1
0,12,18,0,-2.03393533825874329e-1
0,13,18,0,-2.10671916604042053e-1
0,14,18,0,-2.15921446681022644e-1
0,15,18,0,-2.19091504812240601e-1
0,16,18,0,-2.20151588320732117e-1
0,17,18,0,-2.19091504812240601e-1
0,18,18,0,-2.15921446681022644e-1
0,19,18,0,-2.10671916604042053e-1
0,20,18,0,-2.03393533825874329e-1
0,21,18,0,-1.94156333804130554e-1
0,22,18,0,-1.83049336075782776e-1
0,23,18,0,-1.70179456472396851e-1
0,24,18,0,-1.55670657753944397e-1
0,25,18,0,-1.39662668108940125e-1
0,26,18,0,-1.22309647500514984e-1
0,27,18,0,-1.03778727352619171e-1
0,28,18,0,-8.42483416199684143e-2
0,29,18,0,-6.39066249132156372e-2
0,30,18,0,-4.29494343698024750e-2
0,31,18,0,-2.15786267071962357e-2
0,32,18,0,0.00000000000000000e0
0,0,19,0,0.00000000000000000e0
0,1,19,0,-2.99185700714588165e-2
0,2,19,0,-5.95490224659442902e-2
0,3,19,0,-8.86059775948524475e-2
0,4,19,0,-1.16809599101543427e-1
0,5,19,0,-1.43888279795646667e-1
0,6,19,0,-1.69581249356269836e-1
0,7,19,0,-1.93641051650047302e-1
0,8,19,0,-2.15835988521575928e-1
0,9,19,0,-2.35952317714691162e-1
0,10,19,0,-2.53796249628067017e-1
0,11,19,0,-2.69196033477783203e-1
0,12,19,0,-2.82003313302993774e-1
0,13,19,0,-2.92094737291336060e-1
0,14,19,0,-2.99373149871826172e-1
0,15,19,0,-3.03768396377563477e-1
0,16,19,0,-3.05238217115402222e-1
0,17,19,0,-3.03768396377563477e-1
0,18,19,0,-2.99373149871826172e-1
0,19,19,0,-2.92094737291336060e-1
0,20,19,0,-2.82003313302993774e-1
0,21,19,0,-2.69196033477783203e-1
0,22,19,0,-2.53796249628067017e-1
0,23,19,0,-2.35952317714691162e-1
0,24,19,0,-2.15835988521575928e-1
0,25,19,0,-1.93641051650047302e-1
0,26,19,0,-1.69581249356269836e-1
0,27,19,0,-1.43888279795646667e-1
0,28,19,0,-1.16809599101543427e-1
0,29,19,0,-8.86059775948524475e-2
0,30,19,0,-5.95490224659442902e-2
0,31,19,0,-2.99185700714588165e-2
0,32,19,0,0.00000000000000000e0
0,0,20,0,0.00000000000000000e0
0,1,20,0,-3.79703864455223083e-2
0,2,20,0,-7.55751058459281921e-2
0,3,20,0,-1.12451985478401184e-1
0,4,20,0,-1.48245915770530701e-1
0,5,20,0,-1.82612121105194092e-1
0,6,20,0,-2.15219691395759583e-1
0,7,20,0,-2.45754554867744446e-1
0,8,20,0,-2.73922711610794067e-1
0,9,20,0,-2.99452811479568481e-1
0,10,20,0,-3.22099000215530396e-1
0,11,20,0,-3.41643214225769043e-1
0,12,20,0,-3.57897222042083740e-1
0,13,20,0,-3.70704531669616699e-1
0,14,20,0,-3.79941731691360474e-1
0,15,20,0,-3.85519832372665405e-1
0,16,20,0,-3.87385219335556030e-1
0,17,20,0,-3.85519832372665405e-1
0,18,20,0,-3.79941731691360474e-1
0,19,20,0,-3.70704531669616699e-1
0,20,20,0,-3.57897222042083740e-1
0,21,20,0,-3.41643214225769043e-1
0,22,20,0,-3.22099000215530396e-1
0,23,20,0,-2.99452811479568481e-1
0,24,20,0,-2.73922711610794067e-1
0,25,20,0,-2.45754554867744446e-1
0,26,20,0,-2.15219691395759583e-1
0,27,20,0,-1.82612121105194092e-1
0,28,20,0,-1.48245915770530701e-1
0,29,20,0,-1.12451985478401184e-1
0,30,20,0,-7.55751058459281921e-2
0,31,20,0,-3.79703864455223083e-2
0,32,20,0,0.00000000000000000e0
0,0,21,0,0.00000000000000000e0
0,1,21,0,-4.56565469503402710e-2
0,2,21,0,-9.08733755350112915e-2
0,3,21,0,-1.35215029120445251e-1
0,4,21,0,-1.78254500031471252e-1
0,5,21,0,-2.19577297568321228e-1
0,6,21,0,-2.58785426616668701e-1
0,7,21,0,-2.95501291751861572e-1
0,8,21,0,-3.29371333122253418e-1
0,9,21,0,-3.60069394111633301e-1
0,10,21,0,-3.87299746274948120e-1
0,11,21,0,-4.10800218582153320e-1
0,12,21,0,-4.30344432592391968e-1
0,13,21,0,-4.45744216442108154e-1
0,14,21,0,-4.56851214170455933e-1
0,15,21,0,-4.63558524847030640e-1
0,16,21,0,-4.65801477432250977e-1
0,17,21,0,-4.63558524847030640e-1
0,18,21,0,-4.56851214170455933e-1
0,19,21,0,-4.45744216442108154e-1
0,20,21,0,-4.30344432592391968e-1
0,21,21,0,-4.10800218582153320e-1
0,22,21,0,-3.87299746274948120e-1
0,23,21,0,-3.60069394111633301e-1
0,24,21,0,-3.29371333122253418e-1
0,25,21,0,-2.95501291751861572e-1
0,26,21,0,-2.58785426616668701e-1
0,27,21,0,-2.19577297568321228e-1
0,28,21,0,-1.78254500031471252e-1
0,29,21,0,-1.35215029120445251e-1
0,30,21,0,-9.08733755350112915e-2
0,31,21,0,-4.56565469503402710e-2
0,32,21,0,0.00000000000000000e0
0,0,22,0,0.00000000000000000e0
0,1,22,0,-5.29029741883277893e-2
0,2,22,0,-1.05296477675437927e-1
0,3,22,0,-1.56675890088081360e-1
0,4,22,0,-2.06546440720558167e-1
0,5,22,0,-2.54427820444107056e-1
0,6,22,0,-2.99858957529067993e-1
0,7,22,0,-3.42402249574661255e-1
0,8,22,0,-3.81648033857345581e-1
0,9,22,0,-4.17218357324600220e-1
0,10,22,0,-4.48770612478256226e-1
0,11,22,0,-4.76000964641571045e-1
0,12,22,0,-4.98647153377532959e-1
0,13,22,0,-5.16491115093231201e-1
0,14,22,0,-5.29361069202423096e-1
0,15,22,0,-5.37132918834686279e-1
0,16,22,0,-5.39731860160827637e-1
0,17,22,0,-5.37132918834686279e-1
0,18,22,0,-5.29361069202423096e-1
0,19,22,0,-5.16491115093231201e-1
0,20,22,0,-4.98647153377532959e-1
0,21,22,0,-4.76000964641571045e-1
0,22,22,0,-4.48770612478256226e-1
0,23,22,0,-4.17218357324600220e-1
0,24,22,0,-3.81648033857345581e-1
0,25,22,0,-3.42402249574661255e-1
0,26,22,0,-2.99858957529067993e-1
0,27,22,0,-2.54427820444107056e-1
0,28,22,0,-2.06546440720558167e-1
0,29,22,0,-1.56675890088081360e-1
0,30,22,0,-1.05296477675437927e-1
0,31,22,0,-5.29029741883277893e-2
0,32,22,0,0.00000000000000000e0
0,0,23,0,0.00000000000000000e0
0,1,23,0,-5.96399269998073578e-2
0,2,23,0,-1.18705503642559052e-1
0,3,23,0,-1.76627874374389648e-1
0,4,23,0,-2.32849195599555969e-1
0,5,23,0,-2.86828070878982544e-1
0,6,23,0,-3.38044643402099609e-1
0,7,23,0,-3.86005669832229614e-1
0,8,23,0,-4.30249214172363281e-1
0,9,23,0,-4.70349252223968506e-1
0,10,23,0,-5.05919575691223145e-1
0,11,23,0,-5.36617636680603027e-1
0,12,23,0,-5.62147676944732666e-1
0,13,23,0,-5.82264006137847900e-1
0,14,23,0,-5.96772849559783936e-1
0,15,23,0,-6.05534434318542480e-1
0,16,23,0,-6.08464360237121582e-1
0,17,23,0,-6.05534434318542480e-1
0,18,23,0,-5.96772849559783936e-1
0,19,23,0,-5.82264006137847900e-1
0,20,23,0,-5.62147676944732666e-1
0,21,23,0,-5.36617636680603027e-1
0,22,23,0,-5.05919575691223145e-1
0,23,23,0,-4.70349252223968506e-1
0,24,23,0,-4.30249214172363281e-1
0,25,23,0,-3.86005669832229614e-1
0,26,23,0,-3.38044643402099609e-1
0,27,23,0,-2.86828070878982544e-1
0,28,23,0,-2.32849195599555969e-1
0,29,23,0,-1.76627874374389648e-1
0,30,23,0,-1.18705503642559052e-1
0,31,23,0,-5.96399269998073578e-2
0,32,23,0,0.00000000000000000e0
0,0,24,0,0.00000000000000000e0
0,1,24,0,-6.58025220036506653e-2
0,2,24,0,-1.30971327424049377e-1
0,3,24,0,-1.94878816604614258e-1
0,4,24,0,-2.56909489631652832e-1
0,5,24,0,-3.16466033458709717e-1
0,6,24,0,-3.72974812984466553e-1
0,7,24,0,-4.25891607999801636e-1
0,8,24,0,-4.74706858396530151e-1
0,9,24,0,-5.18950402736663818e-1
0,10,24,0,-5.58196187019348145e-1
0,11,24,0,-5.92066228389739990e-1
0,12,24,0,-6.20234370231628418e-1
0,13,24,0,-6.42429292201995850e-1
0,14,24,0,-6.58437311649322510e-1
0,15,24,0,-6.68104231357574463e-1
0,16,24,0,-6.71336948871612549e-1
0,17,24,0,-6.68104231357574463e-1
0,18,24,0,-6.58437311649322510e-1
0,19,24,0,-6.42429292201995850e-1
0,20,24,0,-6.20234370231628418e-1
0,21,24,0,-5.92066228389739990e-1
0,22,24,0,-5.58196187019348145e-1
0,23,24,0,-5.18950402736663818e-1
0,24,24,0,-4.74706858396530151e-1
0,25,24,0,-4.25891607999801636e-1
0,26,24,0,-3.72974812984466553e-1
0,27,24,0,-3.16466033458709717e-1
0,28,24,0,-2.56909489631652832e-1
0,29,24,0,-1.94878816604614258e-1
0,30,24,0,-1.30971327424049377e-1
0,31,24,0,-6.58025220036506653e-2
0,32,24,0,0.00000000000000000e0
0,0,25,0,0.00000000000000000e0
0,1,25,0,-7.13313966989517212e-2
0,2,25,0,-1.41975820064544678e-1
0,3,25,0,-2.11252957582473755e-1
0,4,25,0,-2.78495609760284424e-1
0,5,25,0,-3.43056201934814453e-1
0,6,25,0,-4.04312968254089355e-1
0,7,25,0,-4.61676001548767090e-1
0,8,25,0,-5.14592826366424561e-1
0,9,25,0,-5.62553822994232178e-1
0,10,25,0,-6.05097115039825439e-1
0,11,25,0,-6.41813039779663086e-1
0,12,25,0,-6.72347903251647949e-1
0,13,25,0,-6.96407675743103027e-1
0,14,25,0,-7.13760733604431152e-1
0,15,25,0,-7.24239826202392578e-1
0,16,25,0,-7.27744162082672119e-1
0,17,25,0,-7.24239826202392578e-1
0,18,25,0,-7.13760733604431152e-1
0,19,25,0,-6.96407675743103027e-1
0,20,25,0,-6.72347903251647949e-1
0,21,25,0,-6.41813039779663086e-1
0,22,25,0,-6.05097115039825439e-1
0,23,25,0,-5.62553822994232178e-1
0,24,25,0,-5.14592826366424561e-1
0,25,25,0,-4.61676001548767090e-1
0,26,25,0,-4.04312968254089355e-1
0,27,25,0,-3.43056201934814453e-1
0,28,25,0,-2.78495609760284424e-1
0,29,25,0,-2.11252957582473755e-1
0,30,25,0,-1.41975820064544678e-1
0,31,25,0,-7.13313966989517212e-2
0,32,25,0,0.00000000000000000e0
0,0,26,0,0.00000000000000000e0
0,1,26,0,-7.61733204126358032e-2
0,2,26,0,-1.51613041758537292e-1
0,3,26,0,-2.25592643022537231e-1
0,4,26,0,-2.97399669885635376e-1
0,5,26,0,-3.66342604160308838e-1
0,6,26,0,-4.31757390499114990e-1
0,7,26,0,-4.93014186620712280e-1
0,8,26,0,-5.49522936344146729e-1
0,9,26,0,-6.00739538669586182e-1
0,10,26,0,-6.46170675754547119e-1
0,11,26,0,-6.85378789901733398e-1
0,12,26,0,-7.17986345291137695e-1
0,13,26,0,-7.43679344654083252e-1
0,14,26,0,-7.62210309505462646e-1
0,15,26,0,-7.73400723934173584e-1
0,16,26,0,-7.77142882347106934e-1
0,17,26,0,-7.73400723934173584e-1
0,18,26,0,-7.62210309505462646e-1
0,19,26,0,-7.43679344654083252e-1
0,20,26,0,-7.17986345291137695e-1
0,21,26,0,-6.85378789901733398e-1
0,22,26,0,-6.46170675754547119e-1
0,23,26,0,-6.00739538669586182e-1
0,24,26,0,-5.49522936344146729e-1
0,25,26,0,-4.93014186620712280e-1
0,26,26,0,-4.31757390499114990e-1
0,27,26,0,-3.66342604160308838e-1
0,28,26,0,-2.97399669885635376e-1
0,29,26,0,-2.25592643022537231e-1
0,30,26,0,-1.51613041758537292e-1
0,31,26,0,-7.61733204126358032e-2
0,32,26,0,0.00000000000000000e0
0,0,27,0,0.00000000000000000e0
0,1,27,0,-8.02816376090049744e-2
0,2,27,0,-1.59790128469467163e-1
0,3,27,0,-2.37759754061698914e-1
0,4,27,0,-3.13439637422561646e-1
0,5,27,0,-3.86100888252258301e-1
0,6,27,0,-4.55043762922286987e-1
0,7,27,0,-5.19604325294494629e-1
0,8,27,0,-5.79160869121551514e-1
0,9,27,0,-6.33139729499816895e-1
0,10,27,0,-6.81021153926849365e-1
0,11,27,0,-7.22343981266021729e-1
0,12,27,0,-7.56710231304168701e-1
0,13,27,0,-7.83788919448852539e-1
0,14,27,0,-8.03319334983825684e-1
0,15,27,0,-8.15113306045532227e-1
0,16,27,0,-8.19057285785675049e-1
0,17,27,0,-8.15113306045532227e-1
0,18,27,0,-8.03319334983825684e-1
0,19,27,0,-7.83788919448852539e-1
0,20,27,0,-7.56710231304168701e-1
0,21,27,0,-7.22343981266021729e-1
0,22,27,0,-6.81021153926849365e-1
0,23,27,0,-6.33139729499816895e-1
0,24,27,0,-5.79160869121551514e-1
0,25,27,0,-5.19604325294494629e-1
0,26,27,0,-4.55043762922286987e-1
0,27,27,0,-3.86100888252258301e-1
0,28,27,0,-3.13439637422561646e-1
0,29,27,0,-2.37759754061698914e-1
0,30,27,0,-1.59790128469467163e-1
0,31,27,0,-8.02816376090049744e-2
0,32,27,0,0.00000000000000000e0
0,0,28,0,0.00000000000000000e0
0,1,28,0,-8.36168229579925537e-2
0,2,28,0,-1.66428357362747192e-1
0,3,28,0,-2.47637093067169189e-1
0,4,28,0,-3.26460927724838257e-1
0,5,28,0,-4.02140825986862183e-1
0,6,28,0,-4.73947852849960327e-1
0,7,28,0,-5.41190505027770996e-1
0,8,28,0,-6.03221178054809570e-1
0,9,28,0,-6.59442484378814697e-1
0,10,28,0,-7.09313094615936279e-1
0,11,28,0,-7.52352595329284668e-1
0,12,28,0,-7.88146555423736572e-1
0,13,28,0,-8.16350221633911133e-1
0,14,28,0,-8.36691915988922119e-1
0,15,28,0,-8.48975837230682373e-1
0,16,28,0,-8.53083670139312744e-1
0,17,28,0,-8.48975837230682373e-1
0,18,28,0,-8.36691915988922119e-1
0,19,28,0,-8.16350221633911133e-1
0,20,28,0,-7.88146555423736572e-1
0,21,28,0,-7.52352595329284668e-1
0,22,28,0,-7.09313094615936279e-1
0,23,28,0,-6.59442484378814697e-1
0,24,28,0,-6.03221178054809570e-1
0,25,28,0,-5.41190505027770996e-1
0,26,28,0,-4.73947852849960327e-1
0,27,28,0,-4.02140825986862183e-1
0,28,28,0,-3.26460927724838257e-1
0,29,28,0,-2.47637093067169189e-1
0,30,28,0,-1.66428357362747192e-1
0,31,28,0,-8.36168229579925537e-2
0,32,28,0,0.00000000000000000e0
0,0,29,0,0.00000000000000000e0
0,1,29,0,-8.61467197537422180e-2
0,2,29,0,-1.71463787555694580e-1
0,3,29,0,-2.55129575729370117e-1
0,4,29,0,-3.36338281631469727e-1
0,5,29,0,-4.14307922124862671e-1
0,6,29,0,-4.88287508487701416e-1
0,7,29,0,-5.57564616203308105e-1
0,8,29,0,-6.21472179889678955e-1
0,9,29,0,-6.79394543170928955e-1
0,10,29,0,-7.30773985385894775e-1
0,11,29,0,-7.75115668773651123e-1
0,12,29,0,-8.11992585659027100e-1
0,13,29,0,-8.41049551963806152e-1
0,14,29,0,-8.62006723880767822e-1
0,15,29,0,-8.74662339687347412e-1
0,16,29,0,-8.78894448280334473e-1
0,17,29,0,-8.74662339687347412e-1
0,18,29,0,-8.62006723880767822e-1
0,19,29,0,-8.41049551963806152e-1
0,20,29,0,-8.11992585659027100e-1
0,21,29,0,-7.75115668773651123e-1
0,22,29,0,-7.30773985385894775e-1
0,23,29,0,-6.79394543170928955e-1
0,24,29,0,-6.21472179889678955e-1
0,25,29,0,-5.57564616203308105e-1
0,26,29,0,-4.88287508487701416e-1
0,27,29,0,-4.14307922124862671e-1
0,28,29,0,-3.36338281631469727e-1
0,29,29,0,-2.55129575729370117e-1
0,30,29,0,-1.71463787555694580e-1
0,31,29,0,-8.61467197537422180e-2
0,32,29,0,0.00000000000000000e0
0,0,30,0,0.00000000000000000e0
0,1,30,0,-8.78469720482826233e-2
0,2,30,0,-1.74847930669784546e-1
0,3,30,0,-2.60164976119995117e-1
0,4,30,0,-3.42976510524749756e-1
0,5,30,0,-4.22484993934631348e-1
0,6,30,0,-4.97924685478210449e-1
0,7,30,0,-5.68569123744964600e-1
0,8,30,0,-6.33737981319427490e-1
0,9,30,0,-6.92803561687469482e-1
0,10,30,0,-7.45197117328643799e-1
0,11,30,0,-7.90413975715637207e-1
0,12,30,0,-8.28018724918365479e-1
0,13,30,0,-8.57649207115173340e-1
0,14,30,0,-8.79019975662231445e-1
0,15,30,0,-8.91925334930419922e-1
0,16,30,0,-8.96240949630737305e-1
0,17,30,0,-8.91925334930419922e-1
0,18,30,0,-8.79019975662231445e-1
0,19,30,0,-8.57649207115173340e-1
0,20,30,0,-8.28018724918365479e-1
0,21,30,0,-7.90413975715637207e-1
0,22,30,0,-7.45197117328643799e-1
0,23,30,0,-6.92803561687469482e-1
0,24,30,0,-6.33737981319427490e-1
0,25,30,0,-5.68569123744964600e-1
0,26,30,0,-4.97924685478210449e-1
0,27,30,0,-4.22484993934631348e-1
0,28,30,0,-3.42976510524749756e-1
0,29,30,0,-2.60164976119995117e-1
0,30,30,0,-1.74847930669784546e-1
0,31,30,0,-8.78469720482826233e-2
0,32,30,0,0.00000000000000000e0
0,0,31,0,0.00000000000000000e0
0,1,31,0,-8.87012183666229248e-2
0,2,31,0,-1.76548197865486145e-1
0,3,31,0,-2.62694925069808960e-1
0,4,31,0,-3.46311718225479126e-1
0,5,31,0,-4.26593303680419922e-1
0,6,31,0,-5.02766609191894531e-1
0,7,31,0,-5.74097990989685059e-1
0,8,31,0,-6.39900565147399902e-1
0,9,31,0,-6.99540495872497559e-1
0,10,31,0,-7.52443492412567139e-1
0,11,31,0,-7.98100113868713379e-1
0,12,31,0,-8.36070537567138672e-1
0,13,31,0,-8.65989089012145996e-1
0,14,31,0,-8.87567698955535889e-1
0,15,31,0,-9.00598526000976562e-1
0,16,31,0,-9.04956161975860596e-1
0,17,31,0,-9.00598526000976562e-1
0,18,31,0,-8.87567698955535889e-1
0,19,31,0,-8.65989089012145996e-1
0,20,31,0,-8.36070537567138672e-1
0,21,31,0,-7.98100113868713379e-1
0,22,31,0,-7.52443492412567139e-1
0,23,31,0,-6.99540495872497559e-1
0,24,31,0,-6.39900565147399902e-1
0,25,31,0,-5.74097990989685059e-1
0,26,31,0,-5.02766609191894531e-1
0,27,31,0,-4.26593303680419922e-1
0,28,31,0,-3.46311718225479126e-1
0,29,31,0,-2.62694925069808960e-1
0,30,31,0,-1.76548197865486145e-1
0,31,31,0,-8.87012183666229248e-2
0,32,31,0,0.00000000000000000e0
0,0,0,1,0.00000000000000000e0
0,1,0,1,8.87012183666229248e-2
0,2,0,1,1.76548197865486145e-1
0,3,0,1,2.62694925069808960e-1
0,4,0,1,3.46311718225479126e-1
0,5,0,1,4.26593303680419922e-1
0,6,0,1,5.02766609191894531e-1
0,7,0,1,5.74097990989685059e-1
0,8,0,1,6.39900565147399902e-1
0,9,0,1,6.99540495872497559e-1
0,10,0,1,7.52443492412567139e-1
0,11,0,1,7.98100113868713379e-1
0,12,0,1,8.36070537567138672e-1
0,13,0,1,8.65989089012145996e-1
0,14,0,1,8.87567698955535889e-1
0,15,0,1,9.00598526000976562e-1
0,16,0,1,9.04956161975860596e-1
0,17,0,1,9.00598526000976562e-1
0,18,0,1,8.87567698955535889e-1
0,19,0,1,8.65989089012145996e-1
0,20,0,1,8.36070537567138672e-1
0,21,0,1,7.98100113868713379e-1
0,22,0,1,7.52443492412567139e-1
0,23,0,1,6.99540495872497559e-1
0,24,0,1,6.39900565147399902e-1
0,25,0,1,5.74097990989685059e-1
0,26,0,1,5.02766609191894531e-1
0,27,0,1,4.26593303680419922e-1
0,28,0,1,3.46311718225479126e-1
0,29,0,1,2.62694925069808960e-1
0,30,0,1,1.76548197865486145e-1
0,31,0,1,8.87012183666229248e-2
0,32,0,1,0.00000000000000000e0
0,0,1,1,0.00000000000000000e0
0,1,1,1,8.78469720482826233e-2
0,2,1,1,1.74847930669784546e-1
0,3,1,1,2.60164976119995117e-1
0,4,1,1,3.42976510524749756e-1
0,5,1,1,4.22484993934631348e-1
0,6,1,1,4.97924685478210449e-1
0,7,1,1,5.68569123744964600e-1
0,8,1,1,6.33737981319427490e-1
0,9,1,1,6.92803561687469482e-1
0,10,1,1,7.45197117328643799e-1
0,11,1,1,7.90413975715637207e-1
0,12,1,1,8.28018724918365479e-1
0,13,1,1,8.57649207115173340e-1
0,14,1,1,8.79019975662231445e-1
0,15,1,1,8.91925334930419922e-1
0,16,1,1,8.96240949630737305e-1
0,17,1,1,8.91925334930419922e-1
0,18,1,1,8.79019975662231445e-1
0,19,1,1,8.57649207115173340e-1
0,20,1,1,8.28018724918365479e-1
0,21,1,1,7.90413975715637207e-1
0,22,1,1,7.45197117328643799e-1
0,23,1,1,6.92803561687469482e-1
0,24,1,1,6.33737981319427490e-1
0,25,1,1,5.68569123744964600e-1
0,26,1,1,4.97924685478210449e-1
0,27,1,1,4.22484993934631348e-1
0,28,1,1,3.42976510524749756e-1
0,29,1,1,2.60164976119995117e-1
0,30,1,1,1.74847930669784546e-1
0,31,1,1,8.78469720482826233e-2
0,32,1,1,0.00000000000000000e0
0,0,2,1,0.00000000000000000e0
0,1,2,1,8.61467197537422180e-2
0,2,2,1,1.71463787555694580e-1
0,3,2,1,2.55129575729370117e-1
0,4,2,1,3.36338281631469727e-1
0,5,2,1,4.14307922124862671e-1
0,6,2,1,4.88287508487701416e-1
0,7,2,1,5.57564616203308105e-1
0,8,2,1,6.21472179889678955e-1
0,9,2,1,6.79394543170928955e-1
0,10,2,1,7.30773985385894775e-1
0,11,2,1,7.75115668773651123e-1
0,12,2,1,8.11992585659027100e-1
0,13,2,1,8.41049551963806152e-1
0,14,2,1,8.62006723880767822e-1
0,15,2,1,8.74662339687347412e-1
0,16,2,1,8.78894448280334473e-1
0,17,2,1,8.74662339687347412e-1
0,18,2,1,8.62006723880767822e-1
0,19,2,1,8.41049551963806152e-1
0,20,2,1,8.11992585659027100e-1
0,21,2,1,7.75115668773651123e-1
0,22,2,1,7.30773985385894775e-1
0,23,2,1,6.79394543170928955e-1
0,24,2,1,6.21472179889678955e-1
0,25,2,1,5.57564616203308105e-1
0,26,2,1,4.88287508487701416e-1
0,27,2,1,4.14307922124862671e-1
0,28,2,1,3.36338281631469727e-1
0,29,2,1,2.55129575729370117e-1
0,30,2,1,1.71463787555694580e-1
0,31,2,1,8.61467197537422180e-2
0,32,2,1,0.00000000000000000e0
0,0,3,1,0.00000000000000000e0
0,1,3,1,8.36168229579925537e-2
0,2,3,1,1.66428357362747192e-1
0,3,3,1,2.47637093067169189e-1
0,4,3,1,3.26460927724838257e-1
0,5,3,1,4.02140825986862183e-1
0,6,3,1,4.73947852849960327e-1
0,7,3,1,5.41190505027770996e-1
0,8,3,1,6.03221178054809570e-1
0,9,3,1,6.59442484378814697e-1
0,10,3,1,7.09313094615936279e-1
0,11,3,1,7.52352595329284668e-1
0,12,3,1,7.88146555423736572e-1
0,13,3,1,8.16350221633911133e-1
0,14,3,1,8.36691915988922119e-1
0,15,3,1,8.48975837230682373e-1
0,16,3,1,8.53083670139312744e-1
0,17,3,1,8.48975837230682373e-1
0,18,3,1,8.36691915988922119e-1
0,19,3,1,8.16350221633911133e-1
0,20,3,1,7.88146555423736572e-1
0,21,3,1,7.52352595329284668e-1
0,22,3,1,7.09313094615936279e-1
0,23,3,1,6.59442484378814697e-1
0,24,3,1,6.03221178054809570e-1
0,25,3,1,5.41190505027770996e-1
0,26,3,1,4.73947852849960327e-1
0,27,3,1,4.02140825986862183e-1
0,28,3,1,3.26460927724838257e-1
0,29,3,1,2.47637093067169189e-1
0,30,3,1,1.66428357362747192e-1
0,31,3,1,8.36168229579925537e-2
0,32,3,1,0.00000000000000000e0
0,0,4,1,0.00000000000000000e0
0,1,4,1,8.02816376090049744e-2
0,2,4,1,1.59790128469467163e-1
0,3,4,1,2.37759754061698914e-1
0,4,4,1,3.13439637422561646e-1
0,5,4,1,3.86100888252258301e-1
0,6,4,1,4.55043762922286987e-1
0,7,4,1,5.19604325294494629e-1
0,8,4,1,5.79160869121551514e-1
0,9,4,1,6.33139729499816895e-1
0,10,4,1,6.81021153926849365e-1
0,11,4,1,7.22343981266021729e-1
0,12,4,1,7.56710231304168701e-1
0,13,4,1,7.83788919448852539e-1
0,14,4,1,8.03319334983825684e-1
0,15,4,1,8.15113306045532227e-1
0,16,4,1,8.19057285785675049e-1
0,17,4,1,8.15113306045532227e-1
0,18,4,1,8.03319334983825684e-1
0,19,4,1,7.83788919448852539e-1
0,20,4,1,7.56710231304168701e-1
0,21,4,1,7.22343981266021729e-1
0,22,4,1,6.81021153926849365e-1
0,23,4,1,6.33139729499816895e-1
0,24,4,1,5.79160869121551514e-1
0,25,4,1,5.19604325294494629e-1
0,26,4,1,4.55043762922286987e-1
0,27,4,1,3.86100888252258301e-1
0,28,4,1,3.13439637422561646e-1
0,29,4,1,2.37759754061698914e-1
0,30,4,1,1.59790128469467163e-1
0,31,4,1,8.02816376090049744e-2
0,32,4,1,0.00000000000000000e0
0,0,5,1,0.00000000000000000e0
0,1,5,1,7.61733204126358032e-2
0,2,5,1,1.51613041758537292e-1
0,3,5,1,2.25592643022537231e-1
0,4,5,1,2.97399669885635376e-1
0,5,5,1,3.66342604160308838e-1
0,6,5,1,4.31757390499114990e-1
0,7,5,1,4.93014186620712280e-1
0,8,5,1,5.49522936344146729e-1
0,9,5,1,6.00739538669586182e-1
0,10,5,1,6.46170675754547119e-1
0,11,5,1,6.85378789901733398e-1
0,12,5,1,7.17986345291137695e-1
0,13,5,1,7.43679344654083252e-1
0,14,5,1,7.62210309505462646e-1
0,15,5,1,7.73400723934173584e-1
0,16,5,1,7.77142882347106934e-1
0,17,5,1,7.73400723934173584e-1
0,18,5,1,7.62210309505462646e-1
0,19,5,1,7.43679344654083252e-1
0,20,5,1,7.17986345291137695e-1
0,21,5,1,6.85378789901733398e-1
0,22,5,1,6.46170675754547119e-1
0,23,5,1,6.00739538669586182e-1
0,24,5,1,5.49522936344146729e-1
0,25,5,1,4.93014186620712280e-1
0,26,5,1,4.31757390499114990e-1
0,27,5,1,3.66342604160308838e-1
0,28,5,1,2.97399669885635376e-1
0,29,5,1,2.25592643022537231e-1
0,30,5,1,1.51613041758537292e-1
0,31,5,1,7.61733204126358032e-2
0,32,5,1,0.00000000000000000e0
0,0,6,1,0.00000000000000000e0
0,1,6,1,7.13313966989517212e-2
0,2,6,1,1.41975820064544678e-1
0,3,6,1,2.11252957582473755e-1
0,4,6,1,2.78495609760284424e-1
0,5,6,1,3.43056201934814453e-1
0,6,6,1,4.04312968254089355e-1
0,7,6,1,4.61676001548767090e-1
0,8,6,1,5.14592826366424561e-1
0,9,6,1,5.62553822994232178e-1
0,10,6,1,6.05097115039825439e-1
0,11,6,1,6.41813039779663086e-1
0,12,6,1,6.72347903251647949e-1
0,13,6,1,6.96407675743103027e-1
0,14,6,1,7.13760733604431152e-1
0,15,6,1,7.24239826202392578e-1
0,16,6,1,7.27744162082672119e-1
0,17,6,1,7.24239826202392578e-1
0,18,6,1,7.13760733604431152e-1
0,19,6,1,6.96407675743103027e-1
0,20,6,1,6.72347903251647949e-1
0,21,6,1,6.41813039779663086e-1
0,22,6,1,6.05097115039825439e-1
0,23,6,1,5.62553822994232178e-1
0,24,6,1,5.14592826366424561e-1
0,25,6,1,4.61676001548767090e-1
0,26,6,1,4.04312968254089355e-1
0,27,6,1,3.43056201934814453e-1
0,28,6,1,2.78495609760284424e-1
0,29,6,1,2.11252957582473755e-1
0,30,6,1,1.41975820064544678e-1
0,31,6,1,7.13313966989517212e-2
0,32,6,1,0.00000000000000000e0
0,0,7,1,0.00000000000000000e0
0,1,7,1,6.58025220036506653e-2
0,2,7,1,1.30971327424049377e-1
0,3,7,1,1.94878816604614258e-1
0,4,7,1,2.56909489631652832e-1
0,5,7,1,3.16466033458709717e-1
0,6,7,1,3.72974812984466553e-1
0,7,7,1,4.25891607999801636e-1
0,8,7,1,4.74706858396530151e-1
0,9,7,1,5.18950402736663818e-1
0,10,7,1,5.58196187019348145e-1
0,11,7,1,5.92066228389739990e-1
0,12,7,1,6.20234370231628418e-1
0,13,7,1,6.42429292201995850e-1
0,14,7,1,6.58437311649322510e-1
0,15,7,1,6.68104231357574463e-1
0,16,7,1,6.71336948871612549e-1
0,17,7,1,6.68104231357574463e-1
0,18,7,1,6.58437311649322510e-1
0,19,7,1,6.42429292201995850e-1
0,20,7,1,6.20234370231628418e-1
0,21,7,1,5.92066228389739990e-1
0,22,7,1,5.58196187019348145e-1
0,23,7,1,5.18950402736663818e-1
0,24,7,1,4.74706858396530151e-1
0,25,7,1,4.25891607999801636e-1
0,26,7,1,3.72974812984466553e-1
0,27,7,1,3.16466033458709717e-1
0,28,7,1,2.56909489631652832e-1
0,29,7,1,1.94878816604614258e-1
0,30,7,1,1.30971327424049377e-1
0,31,7,1,6.58025220036506653e-2
0,32,7,1,0.00000000000000000e0
0,0,8,1,0.00000000000000000e0
0,1,8,1,5.96399269998073578e-2
0,2,8,1,1.18705503642559052e-1
0,3,8,1,1.76627874374389648e-1
0,4,8,1,2.32849195599555969e-1
0,5,8,1,2.86828070878982544e-1
0,6,8,1,3.38044643402099609e-1
0,7,8,1,3.86005669832229614e-1
0,8,8,1,4.30249214172363281e-1
0,9,8,1,4.70349252223968506e-1
0,10,8,1,5.05919575691223145e-1
0,11,8,1,5.36617636680603027e-1
0,12,8,1,5.62147676944732666e-1
0,13,8,1,5.82264006137847900e-1
0,14,8,1,5.96772849559783936e-1
0,15,8,1,6.05534434318542480e-1
0,16,8,1,6.08464360237121582e-1
0,17,8,1,6.05534434318542480e-1
0,18,8,1,5.96772849559783936e-1
0,19,8,1,5.82264006137847900e-1
0,20,8,1,5.62147676944732666e-1
0,21,8,1,5.36617636680603027e-1
0,22,8,1,5.05919575691223145e-1
0,23,8,1,4.70349252223968506e-1
0,24,8,1,4.30249214172363281e-1
0,25,8,1,3.86005669832229614e-1
0,26,8,1,3.38044643402099609e-1
0,27,8,1,2.86828070878982544e-1
0,28,8,1,2.32849195599555969e-1
0,29,8,1,1.76627874374389648e-1
0,30,8,1,1.18705503642559052e-1
0,31,8,1,5.96399269998073578e-2
0,32,8,1,0.00000000000000000e0
0,0,9,1,0.00000000000000000e0
0,1,9,1,5.29029741883277893e-2
0,2,9,1,1.05296477675437927e-1
0,3,9,1,1.56675890088081360e-1
0,4,9,1,2.06546440720558167e-1
0,5,9,1,2.54427820444107056e-1
0,6,9,1,2.99858957529067993e-1
0,7,9,1,3.42402249574661255e-1
0,8,9,1,3.81648033857345581e-1
0,9,9,1,4.17218357324600220e-1
0,10,9,1,4.48770612478256226e-1
0,11,9,1,4.76000964641571045e-1
0,12,9,1,4.98647153377532959e-1
0,13,9,1,5.16491115093231201e-1
0,14,9,1,5.29361069202423096e-1
0,15,9,1,5.37132918834686279e-1
0,16,9,1,5.39731860160827637e-1
0,17,9,1,5.37132918834686279e-1
0,18,9,1,5.29361069202423096e-1
0,19,9,1,5.16491115093231201e-1
0,20,9,1,4.98647153377532959e-1
0,21,9,1,4.76000964641571045e-1
0,22,9,1,4.48770612478256226e-1
0,23,9,1,4.17218357324600220e-1
0,24,9,1,3.81648033857345581e-1
0,25,9,1,3.42402249574661255e-1
0,26,9,1,2.99858957529067993e-1
0,27,9,1,2.54427820444107056e-1
0,28,9,1,2.06546440720558167e-1
0,29,9,1,1.56675890088081360e-1
0,30,9,1,1.05296477675437927e-1
0,31,9,1,5.29029741883277893e-2
0,32,9,1,0.00000000000000000e0
0,0,10,1,0.00000000000000000e0
0,1,10,1,4.56565469503402710e-2
0,2,10,1,9.08733755350112915e-2
0,3,10,1,1.35215029120445251e-1
0,4,10,1,1.78254500031471252e-1
0,5,10,1,2.19577297568321228e-1
0,6,10,1,2.58785426616668701e-1
0,7,10,1,2.95501291751861572e-1
0,8,10,1,3.29371333122253418e-1
0,9,10,1,3.60069394111633301e-1
0,10,10,1,3.87299746274948120e-1
0,11,10,1,4.10800218582153320e-1
0,12,10,1,4.30344432592391968e-1
0,13,10,1,4.45744216442108154e-1
0,14,10,1,4.56851214170455933e-1
0,15,10,1,4.63558524847030640e-1
0,16,10,1,4.65801477432250977e-1
0,17,10,1,4.63558524847030640e-1
0,18,10,1,4.56851214170455933e-1
0,19,10,1,4.45744216442108154e-1
0,20,10,1,4.30344432592391968e-1
0,21,10,1,4.10800218582153320e-1
0,22,10,1,3.87299746274948120e-1
0,23,10,1,3.60069394111633301e-1
0,24,10,1,3.29371333122253418e-1
0,25,10,1,2.95501291751861572e-1
0,26,10,1,2.58785426616668701e-1
0,27,10,1,2.19577297568321228e-1
0,28,10,1,1.78254500031471252e-1
0,29,10,1,1.35215029120445251e-1
0,30,10,1,9.08733755350112915e-2
0,31,10,1,4.56565469503402710e-2
0,32,10,1,0.00000000000000000e0
0,0,11,1,0.00000000000000000e0
0,1,11,1,3.79703864455223083e-2
0,2,11,1,7.55751058459281921e-2
0,3,11,1,1.12451985478401184e-1
0,4,11,1,1.48245915770530701e-1
0,5,11,1,1.82612121105194092e-1
0,6,11,1,2.15219691395759583e-1
0,7,11,1,2.45754554867744446e-1
0,8,11,1,2.73922711610794067e-1
0,9,11,1,2.99452811479568481e-1
0,10,11,1,3.22099000215530396e-1
0,11,11,1,3.41643214225769043e-1
0,12,11,1,3.57897222042083740e-1
0,13,11,1,3.70704531669616699e-1
0,14,11,1,3.79941731691360474e-1
0,15,11,1,3.85519832372665405e-1
0,16,11,1,3.87385219335556030e-1
0,17,11,1,3.85519832372665405e-1
0,18,11,1,3.79941731691360474e-1
0,19,11,1,3.70704531669616699e-1
0,20,11,1,3.57897222042083740e-1
0,21,11,1,3.41643214225769043e-1
0,22,11,1,3.22099000215530396e-1
0,23,11,1,2.99452811479568481e-1
0,24,11,1,2.73922711610794067e-1
0,25,11,1,2.45754554867744446e-1
0,26,11,1,2.15219691395759583e-1
0,27,11,1,1.82612121105194092e-1
0,28,11,1,1.48245915770530701e-1
0,29,11,1,1.12451985478401184e-1
0,30,11,1,7.55751058459281921e-2
0,31,11,1,3.79703864455223083e-2
0,32,11,1,0.00000000000000000e0
0,0,12,1,0.00000000000000000e0
0,1,12,1,2.99185700714588165e-2
0,2,12,1,5.95490224659442902e-2
0,3,12,1,8.86059775948524475e-2
0,4,12,1,1.16809599101543427e-1
0,5,12,1,1.43888279795646667e-1
0,6,12,1,1.69581249356269836e-1
0,7,12,1,1.93641051650047302e-1
0,8,12,1,2.15835988521575928e-1
0,9,12,1,2.35952317714691162e-1
0,10,12,1,2.53796249628067017e-1
0,11,12,1,2.69196033477783203e-1
0,12,12,1,2.82003313302993774e-1
0,13,12,1,2.92094737291336060e-1
0,14,12,1,2.99373149871826172e-1
0,15,12,1,3.03768396377563477e-1
0,16,12,1,3.05238217115402222e-1
0,17,12,1,3.03768396377563477e-1
0,18,12,1,2.99373149871826172e-1
0,19,12,1,2.92094737291336060e-1
0,20,12,1,2.82003313302993774e-1
0,21,12,1,2.69196033477783203e-1
0,22,12,1,2.53796249628067017e-1
0,23,12,1,2.35952317714691162e-1
0,24,12,1,2.15835988521575928e-1
0,25,12,1,1.93641051650047302e-1
0,26,12,1,1.69581249356269836e-1
0,27,12,1,1.43888279795646667e-1
0,28,12,1,1.16809599101543427e-1
0,29,12,1,8.86059775948524475e-2
0,30,12,1,5.95490224659442902e-2
0,31,12,1,2.99185700714588165e-2
0,32,12,1,0.00000000000000000e0
0,0,13,1,0.00000000000000000e0
0,1,13,1,2.15786267071962357e-2
0,2,13,1,4.29494343698024750e-2
0,3,13,1,6.39066249132156372e-2
0,4,13,1,8.42483416199684143e-2
0,5,13,1,1.03778727352619171e-1
0,6,13,1,1.22309647500514984e-1
0,7,13,1,1.39662668108940125e-1
0,8,13,1,1.55670657753944397e-1
0,9,13,1,1.70179456472396851e-1
0,10,13,1,1.83049336075782776e-1
0,11,13,1,1.94156333804130554e-1
0,12,13,1,2.03393533825874329e-1
0,13,13,1,2.10671916604042053e-1
0,14,13,1,2.15921446681022644e-1
0,15,13,1,2.19091504812240601e-1
0,16,13,1,2.20151588320732117e-1
0,17,13,1,2.19091504812240601e-1
0,18,13,1,2.15921446681022644e-1
0,19,13,1,2.10671916604042053e-1
0,20,13,1,2.03393533825874329e-1
0,21,13,1,1.94156333804130554e-1
0,22,13,1,1.83049336075782776e-1
0,23,13,1,1.70179456472396851e-1
0,24,13,1,1.55670657753944397e-1
0,25,13,1,1.39662668108940125e-1
0,26,13,1,1.22309647500514984e-1
0,27,13,1,1.03778727352619171e-1
0,28,13,1,8.42483416199684143e-2
0,29,13,1,6.39066249132156372e-2
0,30,13,1,4.29494343698024750e-2
0,31,13,1,2.15786267071962357e-2
0,32,13,1,0.00000000000000000e0
0,0,14,1,0.00000000000000000e0
0,1,14,1,1.30308689549565315e-2
0,2,14,1,2.59362328797578812e-2
0,3,14,1,3.85918281972408295e-2
0,4,14,1,5.08757606148719788e-2
0,5,14,1,6.26697242259979248e-2
0,6,14,1,7.38601610064506531e-2
0,7,14,1,8.43392685055732727e-2
0,8,14,1,9.40061584115028381e-2
0,9,14,1,1.02767691016197205e-1
0,10,14,1,1.10539533197879791e-1
0,11,14,1,1.17246821522712708e-1
0,12,14,1,1.22824944555759430e-1
0,13,14,1,1.27220213413238525e-1
0,14,14,1,1.30390271544456482e-1
0,15,14,1,1.32304638624191284e-1
0,16,14,1,1.32944807410240173e-1
0,17,14,1,1.32304638624191284e-1
0,18,14,1,1.30390271544456482e-1
0,19,14,1,1.27220213413238525e-1
0,20,14,1,1.22824944555759430e-1
0,21,14,1,1.17246821522712708e-1
0,22,14,1,1.10539533197879791e-1
0,23,14,1,1.02767691016197205e-1
0,24,14,1,9.40061584115028381e-2
0,25,14,1,8.43392685055732727e-2
0,26,14,1,7.38601610064506531e-2
0,27,14,1,6.26697242259979248e-2
0,28,14,1,5.08757606148719788e-2
0,29,14,1,3.85918281972408295e-2
0,30,14,1,2.59362328797578812e-2
0,31,14,1,1.30308689549565315e-2
0,32,14,1,0.00000000000000000e0
0,0,15,1,0.00000000000000000e0
0,1,15,1,4.35761036351323128e-3
0,2,15,1,8.67325253784656525e-3
0,3,15,1,1.29053639248013496e-2
0,4,15,1,1.70132126659154892e-2
0,5,15,1,2.09571849554777145e-2
0,6,15,1,2.46993396431207657e-2
0,7,15,1,2.82036270946264267e-2
0,8,15,1,3.14363017678260803e-2
0,9,15,1,3.43662202358245850e-2
0,10,15,1,3.69651801884174347e-2
0,11,15,1,3.92081364989280701e-2
0,12,15,1,4.10735011100769043e-2
0,13,15,1,4.25433106720447540e-2
0,14,15,1,4.36033979058265686e-2
0,15,15,1,4.42435704171657562e-2
0,16,15,1,4.44576479494571686e-2
0,17,15,1,4.42435704171657562e-2
0,18,15,1,4.36033979058265686e-2
0,19,15,1,4.25433106720447540e-2
0,20,15,1,4.10735011100769043e-2
0,21,15,1,3.92081364989280701e-2
0,22,15,1,3.69651801884174347e-2
0,23,15,1,3.43662202358245850e-2
0,24,15,1,3.14363017678260803e-2
0,25,15,1,2.82036270946264267e-2
0,26,15,1,2.46993396431207657e-2
0,27,15,1,2.09571849554777145e-2
0,28,15,1,1.70132126659154892e-2
0,29,15,1,1.29053639248013496e-2
0,30,15,1,8.67325253784656525e-3
0,31,15,1,4.35761036351323128e-3
0,32,15,1,0.00000000000000000e0
0,0,16,1,0.00000000000000000e0
0,1,16,1,-4.35761036351323128e-3
0,2,16,1,-8.67325253784656525e-3
0,3,16,1,-1.29053639248013496e-2
0,4,16,1,-1.70132126659154892e-2
0,5,16,1,-2.09571849554777145e-2
0,6,16,1,-2.46993396431207657e-2
0,7,16,1,-2.82036270946264267e-2
0,8,16,1,-3.14363017678260803e-2
0,9,16,1,-3.43662202358245850e-2
0,10,16,1,-3.69651801884174347e-2
0,11,16,1,-3.92081364989280701e-2
0,12,16,1,-4.10735011100769043e-2
0,13,16,1,-4.25433106720447540e-2
0,14,16,1,-4.36033979058265686e-2
0,15,16,1,-4.42435704171657562e-2
0,16,16,1,-4.44576479494571686e-2
0,17,16,1,-4.42435704171657562e-2
0,18,16,1,-4.36033979058265686e-2
0,19,16,1,-4.25433106720447540e-2
0,20,16,1,-4.10735011100769043e-2
0,21,16,1,-3.92081364989280701e-2
0,22,16,1,-3.69651801884174347e-2
0,23,16,1,-3.43662202358245850e-2
0,24,16,1,-3.14363017678260803e-2
0,25,16,1,-2.82036270946264267e-2
0,26,16,1,-2.46993396431207657e-2
0,27,16,1,-2.09571849554777145e-2
0,28,16,1,-1.70132126659154892e-2
0,29,16,1,-1.29053639248013496e-2
0,30,16,1,-8.67325253784656525e-3
0,31,16,1,-4.35761036351323128e-3
0,32,16,1,0.00000000000000000e0
0,0,17,1,0.00000000000000000e0
0,1,17,1,-1.30308689549565315e-2
0,2,17,1,-2.59362328797578812e-2
0,3,17,1,-3.85918281972408295e-2
0,4,17,1,-5.08757606148719788e-2
0,5,17,1,-6.26697242259979248e-2
0,6,17,1,-7.38601610064506531e-2
0,7,17,1,-8.43392685055732727e-2
0,8,17,1,-9.40061584115028381e-2
0,9,17,1,-1.02767691016197205e-1
0,10,17,1,-1.10539533197879791e-1
0,11,17,1,-1.17246821522712708e-1
0,12,17,1,-1.22824944555759430e-1
0,13,17,1,-1.27220213413238525e-1
0,14,17,1,-1.30390271544456482e-1
0,15,17,1,-1.32304638624191284e-1
0,16,17,1,-1.32944807410240173e-1
0,17,17,1,-1.32304638624191284e-1
0,18,17,1,-1.30390271544456482e-1
0,19,17,1,-1.27220213413238525e-1
0,20,17,1,-1.22824944555759430e-1
0,21,17,1,-1.17246821522712708e-1
0,22,17,1,-1.10539533197879791e-1
0,23,17,1,-1.02767691016197205e-1
0,24,17,1,-9.40061584115028381e-2
0,25,17,1,-8.43392685055732727e-2
0,26,17,1,-7.38601610064506531e-2
0,27,17,1,-6.26697242259979248e-2
0,28,17,1,-5.08757606148719788e-2
0,29,17,1,-3.85918281972408295e-2
0,30,17,1,-2.59362328797578812e-2
0,31,17,1,-1.30308689549565315e-2
0,32,17,1,0.00000000000000000e0
0,0,18,1,0.00000000000000000e0
0,1,18,1,-2.15786267071962357e-2
0,2,18,1,-4.29494343698024750e-2
0,3,18,1,-6.39066249132156372e-2
0,4,18,1,-8.42483416199684143e-2
0,5,18,1,-1.03778727352619171e-1
0,6,18,1,-1.22309647500514984e-1
0,7,18,1,-1.39662668108940125e-1
0,8,18,1,-1.55670657753944397e-1
0,9,18,1,-1.70179456472396851e-1
0,10,18,1,-1.83049336075782776e-1
0,11,18,1,-1.94156333804130554e-1
0,12,18,1,-2.03393533825874329e-1
0,13,18,1,-2.10671916604042053e-1
0,14,18,1,-2.15921446681022644e-1
0,15,18,1,-2.19091504812240601e-1
0,16,18,1,-2.20151588320732117e-1
0,17,18,1,-2.19091504812240601e-1
0,18,18,1,-2.15921446681022644e-1
0,19,18,1,-2.10671916604042053e-1
0,20,18,1,-2.03393533825874329e-1
0,21,18,1,-1.94156333804130554e-1
0,22,18,1,-1.83049336075782776e-1
0,23,18,1,-1.70179456472396851e-1
0,24,18,1,-1.55670657753944397e-1
0,25,18,1,-1.39662668108940125e-1
0,26,18,1,-1.22309647500514984e-1
0,27,18,1,-1.03778727352619171e-1
0,28,18,1,-8.42483416199684143e-2
0,29,18,1,-6.39066249132156372e-2
0,30,18,1,-4.29494343698024750e-2
0,31,18,1,-2.15786267071962357e-2
0,32,18,1,0.00000000000000000e0
0,0,19,1,0.00000000000000000e0
0,1,19,1,-2.99185700714588165e-2
0,2,19,1,-5.95490224659442902e-2
0,3,19,1,-8.86059775948524475e-2
0,4,19,1,-1.16809599101543427e-1
0,5,19,1,-1.43888279795646667e-1
0,6,19,1,-1.69581249356269836e-1
0,7,19,1,-1.93641051650047302e-1
0,8,19,1,-2.15835988521575928e-1
0,9,19,1,-2.35952317714691162e-1
0,10,19,1,-2.53796249628067017e-1
0,11,19,1,-2.69196033477783203e-1
0,12,19,1,-2.82003313302993774e-1
0,13,19,1,-2.92094737291336060e-1
0,14,19,1,-2.99373149871826172e-1
0,15,19,1,-3.03768396377563477e-1
0,16,19,1,-3.05238217115402222e-1
0,17,19,1,-3.03768396377563477e-1
0,18,19,1,-2.99373149871826172e-1
0,19,19,1,-2.92094737291336060e-1
0,20,19,1,-2.82003313302993774e-1
0,21,19,1,-2.69196033477783203e-1
0,22,19,1,-2.53796249628067017e-1
0,23,19,1,-2.35952317714691162e-1
0,24,19,1,-2.15835988521575928e-1
0,25,19,1,-1.93641051650047302e-1
0,26,19,1,-1.69581249356269836e-1
0,27,19,1,-1.43888279795646667e-1
0,28,19,1,-1.16809599101543427e-1
0,29,19,1,-8.86059775948524475e-2
0,30,19,1,-5.95490224659442902e-2
0,31,19,1,-2.99185700714588165e-2
0,32,19,1,0.00000000000000000e0
0,0,20,1,0.00000000000000000e0
0,1,20,1,-3.79703864455223083e-2
0,2,20,1,-7.55751058459281921e-2
0,3,20,1,-1.12451985478401184e-1
0,4,20,1,-1.48245915770530701e-1
0,5,20,1,-1.82612121105194092e-1
0,6,20,1,-2.15219691395759583e-1
0,7,20,1,-2.45754554867744446e-1
0,8,20,1,-2.73922711610794067e-1
0,9,20,1,-2.99452811479568481e-1
0,10,20,1,-3.22099000215530396e-1
0,11,20,1,-3.41643214225769043e-1
0,12,20,1,-3.57897222042083740e-1
0,13,20,1,-3.70704531669616699e-1
0,14,20,1,-3.79941731691360474e-1
0,15,20,1,-3.85519832372665405e-1
0,16,20,1,-3.87385219335556030e-1
0,17,20,1,-3.85519832372665405e-1
0,18,20,1,-3.79941731691360474e-1
0,19,20,1,-3.70704531669616699e-1
0,20,20,1,-3.57897222042083740e-1
0,21,20,1,-3.41643214225769043e-1
0,22,20,1,-3.22099000215530396e-1
0,23,20,1,-2.99452811479568481e-1
0,24,20,1,-2.73922711610794067e-1
0,25,20,1,-2.45754554867744446e-1
0,26,20,1,-2.15219691395759583e-1
0,27,20,1,-1.82612121105194092e-1
0,28,20,1,-1.48245915770530701e-1
0,29,20,1,-1.12451985478401184e-1
0,30,20,1,-7.55751058459281921e-2
0,31,20,1,-3.79703864455223083e-2
0,32,20,1,0.00000000000000000e0
0,0,21,1,0.00000000000000000e0
0,1,21,1,-4.56565469503402710e-2
0,2,21,1,-9.08733755350112915e-2
0,3,21,1,-1.35215029120445251e-1
0,4,21,1,-1.78254500031471252e-1
0,5,21,1,-2.19577297568321228e-1
0,6,21,1,-2.58785426616668701e-1
0,7,21,1,-2.95501291751861572e-1
0,8,21,1,-3.29371333122253418e-1
0,9,21,1,-3.60069394111633301e-1
0,10,21,1,-3.87299746274948120e-1
0,11,21,1,-4.10800218582153320e-1
0,12,21,1,-4.30344432592391968e-1
0,13,21,1,-4.45744216442108154e-1
0,14,21,1,-4.56851214170455933e-1
0,15,21,1,-4.63558524847030640e-1
0,16,21,1,-4.65801477432250977e-1
0,17,21,1,-4.63558524847030640e-1
0,18,21,1,-4.56851214170455933e-1
0,19,21,1,-4.45744216442108154e-1
0,20,21,1,-4.30344432592391968e-1
0,21,21,1,-4.10800218582153320e-1
0,22,21,1,-3.87299746274948120e-1
0,23,21,1,-3.60069394111633301e-1
0,24,21,1,-3.29371333122253418e-1
0,25,21,1,-2.95501291751861572e-1
0,26,21,1,-2.58785426616668701e-1
0,27,21,1,-2.19577297568321228e-1
0,28,21,1,-1.78254500031471252e-1
0,29,21,1,-1.35215029120445251e-1
0,30,21,1,-9.08733755350112915e-2
0,31,21,1,-4.56565469503402710e-2
0,32,21,1,0.00000000000000000e0
0,0,22,1,0.00000000000000000e0
0,1,22,1,-5.29029741883277893e-2
0,2,22,1,-1.05296477675437927e-1
0,3,22,1,-1.56675890088081360e-1
0,4,22,1,-2.06546440720558167e-1
0,5,22,1,-2.54427820444107056e-1
0,6,22,1,-2.99858957529067993e-1
0,7,22,1,-3.42402249574661255e-1
0,8,22,1,-3.81648033857345581e-1
0,9,22,1,-4.17218357324600220e-1
0,10,22,1,-4.48770612478256226e-1
0,11,22,1,-4.76000964641571045e-1
0,12,22,1,-4.98647153377532959e-1
0,13,22,1,-5.16491115093231201e-1
0,14,22,1,-5.29361069202423096e-1
0,15,22,1,-5.37132918834686279e-1
0,16,22,1,-5.39731860160827637e-1
0,17,22,1,-5.37132918834686279e-1
0,18,22,1,-5.29361069202423096e-1
0,19,22,1,-5.16491115093231201e-1
0,20,22,1,-4.98647153377532959e-1
0,21,22,1,-4.76000964641571045e-1
0,22,22,1,-4.48770612478256226e-1
0,23,22,1,-4.17218357324600220e-1
0,24,22,1,-3.81648033857345581e-1
0,25,22,1,-3.42402249574661255e-1
0,26,22,1,-2.99858957529067993e-1
0,27,22,1,-2.54427820444107056e-1
0,28,22,1,-2.06546440720558167e-1
0,29,22,1,-1.56675890088081360e-1
0,30,22,1,-1.05296477675437927e-1
0,31,22,1,-5.29029741883277893e-2
0,32,22,1,0.00000000000000000e0
0,0,23,1,0.00000000000000000e0
0,1,23,1,-5.96399269998073578e-2
0,2,23,1,-1.18705503642559052e-1
0,3,23,1,-1.76627874374389648e-1
0,4,23,1,-2.32849195599555969e-1
0,5,23,1,-2.86828070878982544e-1
0,6,23,1,-3.38044643402099609e-1
0,7,23,1,-3.86005669832229614e-1
0,8,23,1,-4.30249214172363281e-1
0,9,23,1,-4.70349252223968506e-1
0,10,23,1,-5.05919575691223145e-1
0,11,23,1,-5.36617636680603027e-1
0,12,23,1,-5.62147676944732666e-1
0,13,23,1,-5.82264006137847900e-1
0,14,23,1,-5.96772849559783936e-1
0,15,23,1,-6.05534434318542480e-1
0,16,23,1,-6.08464360237121582e-1
0,17,23,1,-6.05534434318542480e-1
0,18,23,1,-5.96772849559783936e-1
0,19,23,1,-5.82264006137847900e-1
0,20,23,1,-5.62147676944732666e-1
0,21,23,1,-5.36617636680603027e-1
0,22,23,1,-5.05919575691223145e-1
0,23,23,1,-4.70349252223968506e-1
0,24,23,1,-4.30249214172363281e-1
0,25,23,1,-3.86005669832229614e-1
0,26,23,1,-3.38044643402099609e-1
0,27,23,1,-2.86828070878982544e-1
0,28,23,1,-2.32849195599555969e-1
0,29,23,1,-1.76627874374389648e-1
0,30,23,1,-1.18705503642559052e-1
0,31,23,1,-5.96399269998073578e-2
0,32,23,1,0.00000000000000000e0
0,0,24,1,0.00000000000000000e0
0,1,24,1,-6.58025220036506653e-2
0,2,24,1,-1.30971327424049377e-1
0,3,24,1,-1.94878816604614258e-1
0,4,24,1,-2.56909489631652832e-1
0,5,24,1,-3.16466033458709717e-1
0,6,24,1,-3.72974812984466553e-1
0,7,24,1,-4.25891607999801636e-1
0,8,24,1,-4.74706858396530151e-1
0,9,24,1,-5.18950402736663818e-1
0,10,24,1,-5.58196187019348145e-1
0,11,24,1,-5.92066228389739990e-1
0,12,24,1,-6.20234370231628418e-1
0,13,24,1,-6.42429292201995850e-1
0,14,24,1,-6.58437311649322510e-1
0,15,24,1,-6.68104231357574463e-1
0,16,24,1,-6.71336948871612549e-1
0,17,24,1,-6.68104231357574463e-1
0,18,24,1,-6.58437311649322510e-1
0,19,24,1,-6.42429292201995850e-1
0,20,24,1,-6.20234370231628418e-1
0,21,24,1,-5.92066228389739990e-1
0,22,24,1,-5.58196187019348145e-1
0,23,24,1,-5.18950402736663818e-1
0,24,24,1,-4.74706858396530151e-1
0,25,24,1,-4.25891607999801636e-1
0,26,24,1,-3.72974812984466553e-1
0,27,24,1,-3.16466033458709717e-1
0,28,24,1,-2.56909489631652832e-1
0,29,24,1,-1.94878816604614258e-1
0,30,24,1,-1.30971327424049377e-1
0,31,24,1,-6.58025220036506653e-2
0,32,24,1,0.00000000000000000e0
0,0,25,1,0.00000000000000000e0
0,1,25,1,-7.13313966989517212e-2
0,2,25,1,-1.41975820064544678e-1
0,3,25,1,-2.11252957582473755e-1
0,4,25,1,-2.78495609760284424e-1
0,5,25,1,-3.43056201934814453e-1
0,6,25,1,-4.04312968254089355e-1
0,7,25,1,-4.61676001548767090e-1
0,8,25,1,-5.14592826366424561e-1
0,9,25,1,-5.62553822994232178e-1
0,10,25,1,-6.05097115039825439e-1
0,11,25,1,-6.41813039779663086e-1
0,12,25,1,-6.72347903251647949e-1
0,13,25,1,-6.96407675743103027e-1
0,14,25,1,-7.13760733604431152e-1
0,15,25,1,-7.24239826202392578e-1
0,16,25,1,-7.27744162082672119e-1
0,17,25,1,-7.24239826202392578e-1
0,18,25,1,-7.13760733604431152e-1
0,19,25,1,-6.96407675743103027e-1
0,20,25,1,-6.72347903251647949e-1
0,21,25,1,-6.41813039779663086e-1
0,22,25,1,-6.05097115039825439e-1
0,23,25,1,-5.62553822994232178e-1
0,24,25,1,-5.14592826366424561e-1
0,25,25,1,-4.61676001548767090e-1
0,26,25,1,-4.04312968254089355e-1
0,27,25,1,-3.43056201934814453e-1
0,28,25,1,-2.78495609760284424e-1
0,29,25,1,-2.11252957582473755e-1
0,30,25,1,-1.41975820064544678e-1
0,31,25,1,-7.13313966989517212e-2
0,32,25,1,0.00000000000000000e0
0,0,26,1,0.00000000000000000e0
0,1,26,1,-7.61733204126358032e-2
0,2,26,1,-1.51613041758537292e-1
0,3,26,1,-2.25592643022537231e-1
0,4,26,1,-2.97399669885635376e-1
0,5,26,1,-3.66342604160308838e-1
0,6,26,1,-4.31757390499114990e-1
0,7,26,1,-4.93014186620712280e-1
0,8,26,1,-5.49522936344146729e-1
0,9,26,1,-6.00739538669586182e-1
0,10,26,1,-6.46170675754547119e-1
0,11,26,1,-6.85378789901733398e-1
0,12,26,1,-7.17986345291137695e-1
0,13,26,1,-7.43679344654083252e-1
0,14,26,1,-7.62210309505462646e-1
0,15,26,1,-7.73400723934173584e-1
0,16,26,1,-7.77142882347106934e-1
0,17,26,1,-7.73400723934173584e-1
0,18,26,1,-7.62210309505462646e-1
0,19,26,1,-7.43679344654083252e-1
0,20,26,1,-7.17986345291137695e-1
0,21,26,1,-6.85378789901733398e-1
0,22,26,1,-6.46170675754547119e-1
0,23,26,1,-6.00739538669586182e-1
0,24,26,1,-5.49522936344146729e-1
0,25,26,1,-4.93014186620712280e-1
0,26,26,1,-4.31757390499114990e-1
0,27,26,1,-3.66342604160308838e-1
0,28,26,1,-2.97399669885635376e-1
0,29,26,1,-2.25592643022537231e-1
0,30,26,1,-1.51613041758537292e-1
0,31,26,1,-7.61733204126358032e-2
0,32,26,1,0.00000000000000000e0
0,0,27,1,0.00000000000000000e0
0,1,27,1,-8.02816376090049744e-2
0,2,27,1,-1.59790128469467163e-1
0,3,27,1,-2.37759754061698914e-1
0,4,27,1,-3.13439637422561646e-1
0,5,27,1,-3.86100888252258301e-1
0,6,27,1,-4.55043762922286987e-1
0,7,27,1,-5.19604325294494629e-1
0,8,27,1,-5.79160869121551514e-1
0,9,27,1,-6.33139729499816895e-1
0,10,27,1,-6.81021153926849365e-1
0,11,27,1,-7.22343981266021729e-1
0,12,27,1,-7.56710231304168701e-1
0,13,27,1,-7.83788919448852539e-1
0,14,27,1,-8.03319334983825684e-1
0,15,27,1,-8.15113306045532227e-1
0,16,27,1,-8.19057285785675049e-1
0,17,27,1,-8.15113306045532227e-1
0,18,27,1,-8.03319334983825684e-1
0,19,27,1,-7.83788919448852539e-1
0,20,27,1,-7.56710231304168701e-1
0,21,27,1,-7.22343981266021729e-1
0,22,27,1,-6.81021153926849365e-1
0,23,27,1,-6.33139729499816895e-1
0,24,27,1,-5.79160869121551514e-1
0,25,27,1,-5.19604325294494629e-1
0,26,27,1,-4.55043762922286987e-1
0,27,27,1,-3.86100888252258301e-1
0,28,27,1,-3.13439637422561646e-1
0,29,27,1,-2.37759754061698914e-1
0,30,27,1,-1.59790128469467163e-1
0,31,27,1,-8.02816376090049744e-2
0,32,27,1,0.00000000000000000e0
0,0,28,1,0.00000000000000000e0
0,1,28,1,-8.36168229579925537e-2
0,2,28,1,-1.66428357362747192e-1
0,3,28,1,-2.47637093067169189e-1
0,4,28,1,-3.26460927724838257e-1
0,5,28,1,-4.02140825986862183e-1
0,6,28,1,-4.73947852849960327e-1
0,7,28,1,-5.41190505027770996e-1
0,8,28,1,-6.03221178054809570e-1
0,9,28,1,-6.59442484378814697e-1
0,10,28,1,-7.09313094615936279e-1
0,11,28,1,-7.52352595329284668e-1
0,12,28,1,-7.88146555423736572e-1
0,13,28,1,-8.16350221633911133e-1
0,14,28,1,-8.36691915988922119e-1
0,15,28,1,-8.48975837230682373e-1
0,16,28,1,-8.53083670139312744e-1
0,17,28,1,-8.48975837230682373e-1
0,18,28,1,-8.36691915988922119e-1
0,19,28,1,-8.16350221633911133e-1
0,20,28,1,-7.88146555423736572e-1
0,21,28,1,-7.52352595329284668e-1
0,22,28,1,-7.09313094615936279e-1
0,23,28,1,-6.59442484378814697e-1
0,24,28,1,-6.03221178054809570e-1
0,25,28,1,-5.41190505027770996e-1
0,26,28,1,-4.73947852849960327e-1
0,27,28,1,-4.02140825986862183e-1
0,28,28,1,-3.26460927724838257e-1
0,29,28,1,-2.47637093067169189e-1
0,30,28,1,-1.66428357362747192e-1
0,31,28,1,-8.36168229579925537e-2
0,32,28,1,0.00000000000000000e0
0,0,29,1,0.00000000000000000e0
0,1,29,1,-8.61467197537422180e-2
0,2,29,1,-1.71463787555694580e-1
0,3,29,1,-2.55129575729370117e-1
0,4,29,1,-3.36338281631469727e-1
0,5,29,1,-4.14307922124862671e-1
0,6,29,1,-4.88287508487701416e-1
0,7,29,1,-5.57564616203308105e-1
0,8,29,1,-6.21472179889678955e-1
0,9,29,1,-6.79394543170928955e-1
0,10,29,1,-7.30773985385894775e-1
0,11,29,1,-7.75115668773651123e-1
0,12,29,1,-8.11992585659027100e-1
0,13,29,1,-8.41049551963806152e-1
0,14,29,1,-8.62006723880767822e-1
0,15,29,1,-8.74662339687347412e-1
0,16,29,1,-8.78894448280334473e-1
0,17,29,1,-8.74662339687347412e-1
0,18,29,1,-8.62006723880767822e-1
0,19,29,1,-8.41049551963806152e-1
0,20,29,1,-8.11992585659027100e-1
0,21,29,1,-7.75115668773651123e-1
0,22,29,1,-7.30773985385894775e-1
0,23,29,1,-6.79394543170928955e-1
0,24,29,1,-6.21472179889678955e-1
0,25,29,1,-5.57564616203308105e-1
0,26,29,1,-4.88287508487701416e-1
0,27,29,1,-4.14307922124862671e-1
0,28,29,1,-3.36338281631469727e-1
0,29,29,1,-2.55129575729370117e-1
0,30,29,1,-1.71463787555694580e-1
0,31,29,1,-8.61467197537422180e-2
0,32,29,1,0.00000000000000000e0
0,0,30,1,0.00000000000000000e0
0,1,30,1,-8.78469720482826233e-2
0,2,30,1,-1.74847930669784546e-1
0,3,30,1,-2.60164976119995117e-1
0,4,30,1,-3.42976510524749756e-1
0,5,30,1,-4.22484993934631348e-1
0,6,30,1,-4.97924685478210449e-1
0,7,30,1,-5.68569123744964600e-1
0,8,30,1,-6.33737981319427490e-1
0,9,30,1,-6.92803561687469482e-1
0,10,30,1,-7.45197117328643799e-1
0,11,30,1,-7.90413975715637207e-1
0,12,30,1,-8.28018724918365479e-1
0,13,30,1,-8.57649207115173340e-1
0,14,30,1,-8.79019975662231445e-1
0,15,30,1,-8.91925334930419922e-1
0,16,30,1,-8.96240949630737305e-1
0,17,30,1,-8.91925334930419922e-1
0,18,30,1,-8.79019975662231445e-1
0,19,30,1,-8.57649207115173340e-1
0,20,30,1,-8.28018724918365479e-1
0,21,30,1,-7.90413975715637207e-1
0,22,30,1,-7.45197117328643799e-1
0,23,30,1,-6.92803561687469482e-1
0,24,30,1,-6.33737981319427490e-1
0,25,30,1,-5.68569123744964600e-1
0,26,30,1,-4.97924685478210449e-1
0,27,30,1,-4.22484993934631348e-1
0,28,30,1,-3.42976510524749756e-1
0,29,30,1,-2.60164976119995117e-1
0,30,30,1,-1.74847930669784546e-1
0,31,30,1,-8.78469720482826233e-2
0,32,30,1,0.00000000000000000e0
0,0,31,1,0.00000000000000000e0
0,1,31,1,-8.87012183666229248e-2
0,2,31,1,-1.76548197865486145e-1
0,3,31,1,-2.62694925069808960e-1
0,4,31,1,-3.46311718225479126e-1
0,5,31,1,-4.26593303680419922e-1
0,6,31,1,-5.02766609191894531e-1
0,7,31,1,-5.74097990989685059e-1
0,8,31,1,-6.39900565147399902e-1
0,9,31,1,-6.99540495872497559e-1
0,10,31,1,-7.52443492412567139e-1
0,11,31,1,-7.98100113868713379e-1
0,12,31,1,-8.36070537567138672e-1
0,13,31,1,-8.65989089012145996e-1
0,14,31,1,-8.87567698955535889e-1
0,15,31,1,-9.00598526000976562e-1
0,16,31,1,-9.04956161975860596e-1
0,17,31,1,-9.00598526000976562e-1
0,18,31,1,-8.87567698955535889e-1
0,19,31,1,-8.65989089012145996e-1
0,20,31,1,-8.36070537567138672e-1
0,21,31,1,-7.98100113868713379e-1
0,22,31,1,-7.52443492412567139e-1
0,23,31,1,-6.99540495872497559e-1
0,24,31,1,-6.39900565147399902e-1
0,25,31,1,-5.74097990989685059e-1
0,26,31,1,-5.02766609191894531e-1
0,27,31,1,-4.26593303680419922e-1
0,28,31,1,-3.46311718225479126e-1
0,29,31,1,-2.62694925069808960e-1
0,30,31,1,-1.76548197865486145e-1
0,31,31,1,-8.87012183666229248e-2
0,32,31,1,0.00000000000000000e0
0,0,0,2,0.00000000000000000e0
0,1,0,2,8.87012183666229248e-2
0,2,0,2,1.76548197865486145e-1
0,3,0,2,2.62694925069808960e-1
0,4,0,2,3.46311718225479126e-1
0,5,0,2,4.26593303680419922e-1
0,6,0,2,5.02766609191894531e-1
0,7,0,2,5.74097990989685059e-1
0,8,0,2,6.39900565147399902e-1
0,9,0,2,6.99540495872497559e-1
0,10,0,2,7.52443492412567139e-1
0,11,0,2,7.98100113868713379e-1
0,12,0,2,8.36070537567138672e-1
0,13,0,2,8.65989089012145996e-1
0,14,0,2,8.87567698955535889e-1
0,15,0,2,9.00598526000976562e-1
0,16,0,2,9.04956161975860596e-1
0,17,0,2,9.00598526000976562e-1
0,18,0,2,8.87567698955535889e-1
0,19,0,2,8.65989089012145996e-1
0,20,0,2,8.36070537567138672e-1
0,21,0,2,7.98100113868713379e-1
0,22,0,2,7.52443492412567139e-1
0,23,0,2,6.99540495872497559e-1
0,24,0,2,6.39900565147399902e-1
0,25,0,2,5.74097990989685059e-1
0,26,0,2,5.02766609191894531e-1
0,27,0,2,4.26593303680419922e-1
0,28,0,2,3.46311718225479126e-1
0,29,0,2,2.62694925069808960e-1
0,30,0,2,1.76548197865486145e-1
0,31,0,2,8.87012183666229248e-2
0,32,0,2,0.00000000000000000e0
0,0,1,2,0.00000000000000000e0
0,1,1,2,8.78469720482826233e-2
0,2,1,2,1.74847930669784546e-1
0,3,1,2,2.60164976119995117e-1
0,4,1,2,3.42976510524749756e-1
0,5,1,2,4.22484993934631348e-1
0,6,1,2,4.97924685478210449e-1
0,7,1,2,5.68569123744964600e-1
0,8,1,2,6.33737981319427490e-1
0,9,1,2,6.92803561687469482e-1
0,10,1,2,7.45197117328643799e-1
0,11,1,2,7.90413975715637207e-1
0,12,1,2,8.28018724918365479e-1
0,13,1,2,8.57649207115173340e-1
0,14,1,2,8.79019975662231445e-1
0,15,1,2,8.91925334930419922e-1
0,16,1,2,8.96240949630737305e-1
0,17,1,2,8.91925334930419922e-1
0,18,1,2,8.79019975662231445e-1
0,19,1,2,8.57649207115173340e-1
0,20,1,2,8.28018724918365479e-1
0,21,1,2,7.90413975715637207e-1
0,22,1,2,7.45197117328643799e-1
0,23,1,2,6.92803561687469482e-1
0,24,1,2,6.33737981319427490e-1
0,25,1,2,5.68569123744964600e-1
0,26,1,2,4.97924685478210449e-1
0,27,1,2,4.22484993934631348e-1
0,28,1,2,3.42976510524749756e-1
0,29,1,2,2.60164976119995117e-1
0,30,1,2,1.74847930669784546e-1
0,31,1,2,8.78469720482826233e-2
0,32,1,2,0.00000000000000000e0
0,0,2,2,0.00000000000000000e0
0,1,2,2,8.61467197537422180e-2
0,2,2,2,1.71463787555694580e-1
0,3,2,2,2.55129575729370117e-1
0,4,2,2,3.36338281631469727e-1
0,5,2,2,4.14307922124862671e-1
0,6,2,2,4.88287508487701416e-1
0,7,2,2,5.57564616203308105e-1
0,8,2,2,6.21472179889678955e-1
0,9,2,2,6.79394543170928955e-1
0,10,2,2,7.30773985385894775e-1
0,11,2,2,7.75115668773651123e-1
0,12,2,2,8.11992585659027100e-1
0,13,2,2,8.41049551963806152e-1
0,14,2,2,8.62006723880767822e-1
0,15,2,2,8.74662339687347412e-1
0,16,2,2,8.78894448280334473e-1
0,17,2,2,8.74662339687347412e-1
0,18,2,2,8.62006723880767822e-1
0,19,2,2,8.41049551963806152e-1
0,20,2,2,8.11992585659027100e-1
0,21,2,2,7.75115668773651123e-1
0,22,2,2,7.30773985385894775e-1
0,23,2,2,6.79394543170928955e-1
0,24,2,2,6.21472179889678955e-1
0,25,2,2,5.57564616203308105e-1
0,26,2,2,4.88287508487701416e-1
0,27,2,2,4.14307922124862671e-1
0,28,2,2,3.36338281631469727e-1
0,29,2,2,2.55129575729370117e-1
0,30,2,2,1.71463787555694580e-1
0,31,2,2,8.61467197537422180e-2
0,32,2,2,0.00000000000000000e0
0,0,3,2,0.00000000000000000e0
0,1,3,2,8.36168229579925537e-2
0,2,3,2,1.66428357362747192e-1
0,3,3,2,2.47637093067169189e-1
0,4,3,2,3.26460927724838257e-1
0,5,3,2,4.02140825986862183e-1
0,6,3,2,4.73947852849960327e-1
0,7,3,2,5.41190505027770996e-1
0,8,3,2,6.03221178054809570e-1
0,9,3,2,6.59442484378814697e-1
0,10,3,2,7.09313094615936279e-1
0,11,3,2,7.52352595329284668e-1
0,12,3,2,7.88146555423736572e-1
0,13,3,2,8.16350221633911133e-1
0,14,3,2,8.36691915988922119e-1
0,15,3,2,8.48975837230682373e-1
0,16,3,2,8.53083670139312744e-1
0,17,3,2,8.48975837230682373e-1
0,18,3,2,8.36691915988922119e-1
0,19,3,2,8.16350221633911133e-1
0,20,3,2,7.88146555423736572e-1
0,21,3,2,7.52352595329284668e-1
0,22,3,2,7.09313094615936279e-1
0,23,3,2,6.59442484378814697e-1
0,24,3,2,6.03221178054809570e-1
0,25,3,2,5.41190505027770996e-1
0,26,3,2,4.73947852849960327e-1
0,27,3,2,4.02140825986862183e-1
0,28,3,2,3.26460927724838257e-1
0,29,3,2,2.47637093067169189e-1
0,30,3,2,1.66428357362747192e-1
0,31,3,2,8.36168229579925537e-2
0,32,3,2,0.00000000000000000e0
0,0,4,2,0.00000000000000000e0
0,1,4,2,8.02816376090049744e-2
0,2,4,2,1.59790128469467163e-1
0,3,4,2,2.37759754061698914e-1
0,4,4,2,3.13439637422561646e-1
0,5,4,2,3.86100888252258301e-1
0,6,4,2,4.55043762922286987e-1
0,7,4,2,5.19604325294494629e-1
0,8,4,2,5.79160869121551514e-1
0,9,4,2,6.33139729499816895e-1
0,10,4,2,6.81021153926849365e-1
0,11,4,2,7.22343981266021729e-1
0,12,4,2,7.56710231304168701e-1
0,13,4,2,7.83788919448852539e-1
0,14,4,2,8.03319334983825684e-1
0,15,4,2,8.15113306045532227e-1
0,16,4,2,8.19057285785675049e-1
0,17,4,2,8.15113306045532227e-1
0,18,4,2,8.03319334983825684e-1
0,19,4,2,7.83788919448852539e-1
0,20,4,2,7.56710231304168701e-1
0,21,4,2,7.22343981266021729e-1
0,22,4,2,6.81021153926849365e-1
0,23,4,2,6.33139729499816895e-1
0,24,4,2,5.79160869121551514e-1
0,25,4,2,5.19604325294494629e-1
0,26,4,2,4.55043762922286987e-1
0,27,4,2,3.86100888252258301e-1
0,28,4,2,3.13439637422561646e-1
0,29,4,2,2.37759754061698914e-1
0,30,4,2,1.59790128469467163e-1
0,31,4,2,8.02816376090049744e-2
0,32,4,2,0.00000000000000000e0
0,0,5,2,0.00000000000000000e0
0,1,5,2,7.61733204126358032e-2
0,2,5,2,1.51613041758537292e-1
0,3,5,2,2.25592643022537231e-1
0,4,5,2,2.97399669885635376e-1
0,5,5,2,3.66342604160308838e-1
0,6,5,2,4.31757390499114990e-1
0,7,5,2,4.93014186620712280e-1
0,8,5,2,5.49522936344146729e-1
0,9,5,2,6.00739538669586182e-1
0,10,5,2,6.46170675754547119e-1
0,11,5,2,6.85378789901733398e-1
0,12,5,2,7.17986345291137695e-1
0,13,5,2,7.43679344654083252e-1
0,14,5,2,7.62210309505462646e-1
0,15,5,2,7.73400723934173584e-1
0,16,5,2,7.77142882347106934e-1
0,17,5,2,7.73400723934173584e-1
0,18,5,2,7.62210309505462646e-1
0,19,5,2,7.43679344654083252e-1
0,20,5,2,7.17986345291137695e-1
0,21,5,2,6.85378789901733398e-1
0,22,5,2,6.46170675754547119e-1
0,23,5,2,6.00739538669586182e-1
0,24,5,2,5.49522936344146729e-1
0,25,5,2,4.93014186620712280e-1
0,26,5,2,4.31757390499114990e-1
0,27,5,2,3.66342604160308838e-1
0,28,5,2,2.97399669885635376e-1
0,29,5,2,2.25592643022537231e-1
0,30,5,2,1.51613041758537292e-1
0,31,5,2,7.61733204126358032e-2
0,32,5,2,0.00000000000000000e0
0,0,6,2,0.00000000000000000e0
0,1,6,2,7.13313966989517212e-2
0,2,6,2,1.41975820064544678e-1
0,3,6,2,2.11252957582473755e-1
0,4,6,2,2.78495609760284424e-1
0,5,6,2,3.43056201934814453e-1
0,6,6,2,4.04312968254089355e-1
0,7,6,2,4.61676001548767090e-1
0,8,6,2,5.14592826366424561e-1
0,9,6,2,5.62553822994232178e-1
0,10,6,2,6.05097115039825439e-1
0,11,6,2,6.41813039779663086e-1
0,12,6,2,6.72347903251647949e-1
0,13,6,2,6.96407675743103027e-1
0,14,6,2,7.13760733604431152e-1
0,15,6,2,7.24239826202392578e-1
0,16,6,2,7.27744162082672119e-1
0,17,6,2,7.24239826202392578e-1
0,18,6,2,7.13760733604431152e-1
0,19,6,2,6.96407675743103027e-1
0,20,6,2,6.72347903251647949e-1
0,21,6,2,6.41813039779663086e-1
0,22,6,2,6.05097115039825439e-1
0,23,6,2,5.62553822994232178e-1
0,24,6,2,5.14592826366424561e-1
0,25,6,2,4.61676001548767090e-1
0,26,6,2,4.04312968254089355e-1
0,27,6,2,3.43056201934814453e-1
0,28,6,2,2.78495609760284424e-1
0,29,6,2,2.11252957582473755e-1
0,30,6,2,1.41975820064544678e-1
0,31,6,2,7.13313966989517212e-2
0,32,6,2,0.00000000000000000e0
0,0,7,2,0.00000000000000000e0
0,1,7,2,6.58025220036506653e-2
0,2,7,2,1.30971327424049377e-1
0,3,7,2,1.94878816604614258e-1
0,4,7,2,2.56909489631652832e-1
0,5,7,2,3.16466033458709717e-1
0,6,7,2,3.72974812984466553e-1
0,7,7,2,4.25891607999801636e-1
0,8,7,2,4.74706858396530151e-1
0,9,7,2,5.18950402736663818e-1
0,10,7,2,5.58196187019348145e-1
0,11,7,2,5.92066228389739990e-1
0,12,7,2,6.20234370231628418e-1
0,13,7,2,6.42429292201995850e-1
0,14,7,2,6.58437311649322510e-1
0,15,7,2,6.68104231357574463e-1
0,16,7,2,6.71336948871612549e-1
0,17,7,2,6.68104231357574463e-1
0,18,7,2,6.58437311649322510e-1
0,19,7,2,6.42429292201995850e-1
0,20,7,2,6.20234370231628418e-1
0,21,7,2,5.92066228389739990e-1
0,22,7,2,5.58196187019348145e-1
0,23,7,2,5.18950402736663818e-1
0,24,7,2,4.74706858396530151e-1
0,25,7,2,4.25891607999801636e-1
0,26,7,2,3.72974812984466553e-1
0,27,7,2,3.16466033458709717e-1
0,28,7,2,2.56909489631652832e-1
0,29,7,2,1.94878816604614258e-1
0,30,7,2,1.30971327424049377e-1
0,31,7,2,6.58025220036506653e-2
0,32,7,2,0.00000000000000000e0
0,0,8,2,0.00000000000000000e0
0,1,8,2,5.96399269998073578e-2
0,2,8,2,1.18705503642559052e-1
0,3,8,2,1.76627874374389648e-1
0,4,8,2,2.32849195599555969e-1
0,5,8,2,2.86828070878982544e-1
0,6,8,2,3.38044643402099609e-1
0,7,8,2,3.86005669832229614e-1
0,8,8,2,4.30249214172363281e-1
0,9,8,2,4.70349252223968506e-1
0,10,8,2,5.05919575691223145e-1
0,11,8,2,5.36617636680603027e-1
0,12,8,2,5.62147676944732666e-1
0,13,8,2,5.82264006137847900e-1
0,14,8,2,5.96772849559783936e-1
0,15,8,2,6.05534434318542480e-1
0,16,8,2,6.08464360237121582e-1
0,17,8,2,6.05534434318542480e-1
0,18,8,2,5.96772849559783936e-1
0,19,8,2,5.82264006137847900e-1
0,20,8,2,5.62147676944732666e-1
0,21,8,2,5.36617636680603027e-1
0,22,8,2,5.05919575691223145e-1
0,23,8,2,4.70349252223968506e-1
0,24,8,2,4.30249214172363281e-1
0,25,8,2,3.86005669832229614e-1
0,26,8,2,3.38044643402099609e-1
0,27,8,2,2.86828070878982544e-1
0,28,8,2,2.32849195599555969e-1
0,29,8,2,1.76627874374389648e-1
0,30,8,2,1.18705503642559052e-1
0,31,8,2,5.96399269998073578e-2
0,32,8,2,0.00000000000000000e0
0,0,9,2,0.00000000000000000e0
0,1,9,2,5.29029741883277893e-2
0,2,9,2,1.05296477675437927e-1
0,3,9,2,1.56675890088081360e-1
0,4,9,2,2.06546440720558167e-1
0,5,9,2,2.54427820444107056e-1
0,6,9,2,2.99858957529067993e-1
0,7,9,2,3.42402249574661255e-1
0,8,9,2,3.81648033857345581e-1
0,9,9,2,4.17218357324600220e-1
0,10,9,2,4.48770612478256226e-1
0,11,9,2,4.76000964641571045e-1
0,12,9,2,4.98647153377532959e-1
0,13,9,2,5.16491115093231201e-1
0,14,9,2,5.29361069202423096e-1
0,15,9,2,5.37132918834686279e-1
0,16,9,2,5.39731860160827637e-1
0,17,9,2,5.37132918834686279e-1
0,18,9,2,5.29361069202423096e-1
0,19,9,2,5.16491115093231201e-1
0,20,9,2,4.98647153377532959e-1
0,21,9,2,4.76000964641571045e-1
0,22,9,2,4.48770612478256226e-1
0,23,9,2,4.17218357324600220e-1
0,24,9,2,3.81648033857345581e-1
0,25,9,2,3.42402249574661255e-1
0,26,9,2,2.99858957529067993e-1
0,27,9,2,2.54427820444107056e-1
0,28,9,2,2.06546440720558167e-1
0,29,9,2,1.56675890088081360e-1
0,30,9,2,1.05296477675437927e-1
0,31,9,2,5.29029741883277893e-2
0,32,9,2,0.00000000000000000e0
0,0,10,2,0.00000000000000000e0
0,1,10,2,4.56565469503402710e-2
0,2,10,2,9.08733755350112915e-2
0,3,10,2,1.35215029120445251e-1
0,4,10,2,1.78254500031471252e-1
0,5,10,2,2.19577297568321228e-1
0,6,10,2,2.58785426616668701e-1
0,7,10,2,2.95501291751861572e-1
0,8,10,2,3.29371333122253418e-1
0,9,10,2,3.60069394111633301e-1
0,10,10,2,3.87299746274948120e-1
0,11,10,2,4.10800218582153320e-1
0,12,10,2,4.30344432592391968e-1
0,13,10,2,4.45744216442108154e-1
0,14,10,2,4.56851214170455933e-1
0,15,10,2,4.63558524847030640e-1
0,16,10,2,4.65801477432250977e-1
0,17,10,2,4.63558524847030640e-1
0,18,10,2,4.56851214170455933e-1
0,19,10,2,4.45744216442108154e-1
0,20,10,2,4.30344432592391968e-1
0,21,10,2,4.10800218582153320e-1
0,22,10,2,3.87299746274948120e-1
0,23,10,2,3.60069394111633301e-1
0,24,10,2,3.29371333122253418e-1
0,25,10,2,2.95501291751861572e-1
0,26,10,2,2.58785426616668701e-1
0,27,10,2,2.19577297568321228e-1
0,28,10,2,1.78254500031471252e-1
0,29,10,2,1.35215029120445251e-1
0,30,10,2,9.08733755350112915e-2
0,31,10,2,4.56565469503402710e-2
0,32,10,2,0.00000000000000000e0
0,0,11,2,0.00000000000000000e0
0,1,11,2,3.79703864455223083e-2
0,2,11,2,7.55751058459281921e-2
0,3,11,2,1.12451985478401184e-1
0,4,11,2,1.48245915770530701e-1
0,5,11,2,1.82612121105194092e-1
0,6,11,2,2.15219691395759583e-1
0,7,11,2,2.45754554867744446e-1
0,8,11,2,2.73922711610794067e-1
0,9,11,2,2.99452811479568481e-1
0,10,11,2,3.22099000215530396e-1
0,11,11,2,3.41643214225769043e-1
0,12,11,2,3.57897222042083740e-1
0,13,11,2,3.70704531669616699e-1
0,14,11,2,3.79941731691360474e-1
0,15,11,2,3.85519832372665405e-1
0,16,11,2,3.87385219335556030e-1
0,17,11,2,3.85519832372665405e-1
0,18,11,2,3.79941731691360474e-1
0,19,11,2,3.70704531669616699e-1
0,20,11,2,3.57897222042083740e-1
0,21,11,2,3.41643214225769043e-1
0,22,11,2,3.22099000215530396e-1
0,23,11,2,2.99452811479568481e-1
0,24,11,2,2.73922711610794067e-1
0,25,11,2,2.45754554867744446e-1
0,26,11,2,2.15219691395759583e-1
0,27,11,2,1.82612121105194092e-1
0,28,11,2,1.48245915770530701e-1
0,29,11,2,1.12451985478401184e-1
0,30,11,2,7.55751058459281921e-2
0,31,11,2,3.79703864455223083e-2
0,32,11,2,0.00000000000000000e0
0,0,12,2,0.00000000000000000e0
0,1,12,2,2.99185700714588165e-2
0,2,12,2,5.95490224659442902e-2
0,3,12,2,8.86059775948524475e-2
0,4,12,2,1.16809599101543427e-1
0,5,12,2,1.43888279795646667e-1
0,6,12,2,1.69581249356269836e-1
0,7,12,2,1.93641051650047302e-1
0,8,12,2,2.15835988521575928e-1
0,9,12,2,2.35952317714691162e-1
0,10,12,2,2.53796249628067017e-1
0,11,12,2,2.69196033477783203e-1
0,12,12,2,2.82003313302993774e-1
0,13,12,2,2.92094737291336060e-1
0,14,12,2,2.99373149871826172e-1
0,15,12,2,3.03768396377563477e-1
0,16,12,2,3.05238217115402222e-1
0,17,12,2,3.03768396377563477e-1
0,18,12,2,2.99373149871826172e-1
0,19,12,2,2.92094737291336060e-1
0,20,12,2,2.82003313302993774e-1
0,21,12,2,2.69196033477783203e-1
0,22,12,2,2.53796249628067017e-1
0,23,12,2,2.35952317714691162e-1
0,24,12,2,2.15835988521575928e-1
0,25,12,2,1.93641051650047302e-1
0,26,12,2,1.69581249356269836e-1
0,27,12,2,1.43888279795646667e-1
0,28,12,2,1.16809599101543427e-1
0,29,12,2,8.86059775948524475e-2
0,30,12,2,5.95490224659442902e-2
0,31,12,2,2.99185700714588165e-2
0,32,12,2,0.00000000000000000e0
0,0,13,2,0.00000000000000000e0
0,1,13,2,2.15786267071962357e-2
0,2,13,2,4.29494343698024750e-2
0,3,13,2,6.39066249132156372e-2
0,4,13,2,8.42483416199684143e-2
0,5,13,2,1.03778727352619171e-1
0,6,13,2,1.22309647500514984e-1
0,7,13,2,1.39662668108940125e-1
0,8,13,2,1.55670657753944397e-1
0,9,13,2,1.70179456472396851e-1
0,10,13,2,1.83049336075782776e-1
0,11,13,2,1.94156333804130554e-1
0,12,13,2,2.03393533825874329e-1
0,13,13,2,2.10671916604042053e-1
0,14,13,2,2.15921446681022644e-1
0,15,13,2,2.19091504812240601e-1
0,16,13,2,2.20151588320732117e-1
0,17,13,2,2.19091504812240601e-1
0,18,13,2,2.15921446681022644e-1
0,19,13,2,2.10671916604042053e-1
0,20,13,2,2.03393533825874329e-1
0,21,13,2,1.94156333804130554e-1
0,22,13,2,1.83049336075782776e-1
0,23,13,2,1.70179456472396851e-1
0,24,13,2,1.55670657753944397e-1
0,25,13,2,1.39662668108940125e-1
0,26,13,2,1.22309647500514984e-1
0,27,13,2,1.03778727352619171e-1
0,28,13,2,8.42483416199684143e-2
0,29,13,2,6.39066249132156372e-2
0,30,13,2,4.29494343698024750e-2
0,31,13,2,2.15786267071962357e-2
0,32,13,2,0.00000000000000000e0
0,0,14,2,0.00000000000000000e0
0,1,14,2,1.30308689549565315e-2
0,2,14,2,2.59362328797578812e-2
0,3,14,2,3.85918281972408295e-2
0,4,14,2,5.08757606148719788e-2
0,5,14,2,6.26697242259979248e-2
0,6,14,2,7.38601610064506531e-2
0,7,14,2,8.43392685055732727e-2
0,8,14,2,9.40061584115028381e-2
0,9,14,2,1.02767691016197205e-1
0,10,14,2,1.10539533197879791e-1
0,11,14,2,1.17246821522712708e-1
0,12,14,2,1.22824944555759430e-1
0,13,14,2,1.27220213413238525e-1
0,14,14,2,1.30390271544456482e-1
0,15,14,2,1.32304638624191284e-1
0,16,14,2,1.32944807410240173e-1
0,17,14,2,1.32304638624191284e-1
0,18,14,2,1.30390271544456482e-1
0,19,14,2,1.27220213413238525e-1
0,20,14,2,1.22824944555759430e-1
0,21,14,2,1.17246821522712708e-1
0,22,14,2,1.10539533197879791e-1
0,23,14,2,1.02767691016197205e-1
0,24,14,2,9.40061584115028381e-2
0,25,14,2,8.43392685055732727e-2
0,26,14,2,7.38601610064506531e-2
0,27,14,2,6.26697242259979248e-2
0,28,14,2,5.08757606148719788e-2
0,29,14,2,3.85918281972408295e-2
0,30,14,2,2.59362328797578812e-2
0,31,14,2,1.30308689549565315e-2
0,32,14,2,0.00000000000000000e0
0,0,15,2,0.00000000000000000e0
0,1,15,2,4.35761036351323128e-3
0,2,15,2,8.67325253784656525e-3
0,3,15,2,1.29053639248013496e-2
0,4,15,2,1.70132126659154892e-2
0,5,15,2,2.09571849554777145e-2
0,6,15,2,2.46993396431207657e-2
0,7,15,2,2.82036270946264267e-2
0,8,15,2,3.14363017678260803e-2
0,9,15,2,3.43662202358245850e-2
0,10,15,2,3.69651801884174347e-2
0,11,15,2,3.92081364989280701e-2
0,12,15,2,4.10735011100769043e-2
0,13,15,2,4.25433106720447540e-2
0,14,15,2,4.36033979058265686e-2
0,15,15,2,4.42435704171657562e-2
0,16,15,2,4.44576479494571686e-2
0,17,15,2,4.42435704171657562e-2
0,18,15,2,4.36033979058265686e-2
0,19,15,2,4.25433106720447540e-2
0,20,15,2,4.10735011100769043e-2
0,21,15,2,3.92081364989280701e-2
0,22,15,2,3.69651801884174347e-2
0,23,15,2,3.43662202358245850e-2
0,24,15,2,3.14363017678260803e-2
0,25,15,2,2.82036270946264267e-2
0,26,15,2,2.46993396431207657e-2
0,27,15,2,2.09571849554777145e-2
0,28,15,2,1.70132126659154892e-2
0,29,15,2,1.29053639248013496e-2
0,30,15,2,8.67325253784656525e-3
0,31,15,2,4.35761036351323128e-3
0,32,15,2,0.00000000000000000e0
0,0,16,2,0.00000000000000000e0
0,1,16,2,-4.35761036351323128e-3
0,2,16,2,-8.67325253784656525e-3
0,3,16,2,-1.29053639248013496e-2
0,4,16,2,-1.70132126659154892e-2
0,5,16,2,-2.09571849554777145e-2
0,6,16,2,-2.46993396431207657e-2
0,7,16,2,-2.82036270946264267e-2
0,8,16,2,-3.14363017678260803e-2
0,9,16,2,-3.43662202358245850e-2
0,10,16,2,-3.69651801884174347e-2
0,11,16,2,-3.92081364989280701e-2
0,12,16,2,-4.10735011100769043e-2
0,13,16,2,-4.25433106720447540e-2
0,14,16,2,-4.36033979058265686e-2
0,15,16,2,-4.42435704171657562e-2
0,16,16,2,-4.44576479494571686e-2
0,17,16,2,-4.42435704171657562e-2
0,18,16,2,-4.36033979058265686e-2
0,19,16,2,-4.25433106720447540e-2
0,20,16,2,-4.10735011100769043e-2
0,21,16,2,-3.92081364989280701e-2
0,22,16,2,-3.69651801884174347e-2
0,23,16,2,-3.43662202358245850e-2
0,24,16,2,-3.14363017678260803e-2
0,25,16,2,-2.82036270946264267e-2
0,26,16,2,-2.46993396431207657e-2
0,27,16,2,-2.09571849554777145e-2
0,28,16,2,-1.70132126659154892e-2
0,29,16,2,-1.29053639248013496e-2
0,30,16,2,-8.67325253784656525e-3
0,31,16,2,-4.35761036351323128e-3
0,32,16,2,0.00000000000000000e0
0,0,17,2,0.00000000000000000e0
0,1,17,2,-1.30308689549565315e-2
0,2,17,2,-2.59362328797578812e-2
0,3,17,2,-3.85918281972408295e-2
0,4,17,2,-5.08757606148719788e-2
0,5,17,2,-6.26697242259979248e-2
0,6,17,2,-7.38601610064506531e-2
0,7,17,2,-8.43392685055732727e-2
0,8,17,2,-9.40061584115028381e-2
0,9,17,2,-1.02767691016197205e-1
0,10,17,2,-1.10539533197879791e-1
0,11,17,2,-1.17246821522712708e-1
0,12,17,2,-1.22824944555759430e-1
0,13,17,2,-1.27220213413238525e-1
0,14,17,2,-1.30390271544456482e-1
0,15,17,2,-1.32304638624191284e-1
0,16,17,2,-1.32944807410240173e-1
0,17,17,2,-1.32304638624191284e-1
0,18,17,2,-1.30390271544456482e-1
0,19,17,2,-1.27220213413238525e-1
0,20,17,2,-1.22824944555759430e-1
0,21,17,2,-1.17246821522712708e-1
0,22,17,2,-1.10539533197879791e-1
0,23,17,2,-1.02767691016197205e-1
0,24,17,2,-9.40061584115028381e-2
0,25,17,2,-8.43392685055732727e-2
0,26,17,2,-7.38601610064506531e-2
0,27,17,2,-6.26697242259979248e-2
0,28,17,2,-5.08757606148719788e-2
0,29,17,2,-3.85918281972408295e-2
0,30,17,2,-2.59362328797578812e-2
0,31,17,2,-1.30308689549565315e-2
0,32,17,2,0.00000000000000000e0
0,0,18,2,0.00000000000000000e0
0,1,18,2,-2.15786267071962357e-2
0,2,18,2,-4.29494343698024750e-2
0,3,18,2,-6.39066249132156372e-2
0,4,18,2,-8.42483416199684143e-2
0,5,18,2,-1.03778727352619171e-1
0,6,18,2,-1.22309647500514984e-1
0,7,18,2,-1.39662668108940125e-1
0,8,18,2,-1.55670657753944397e-1
0,9,18,2,-1.70179456472396851e-1
0,10,18,2,-1.83049336075782776e-1
0,11,18,2,-1.94156333804130554e-1
0,12,18,2,-2.03393533825874329e-1
0,13,18,2,-2.10671916604042053e-1
0,14,18,2,-2.15921446681022644e-1
0,15,18,2,-2.19091504812240601e-1
0,16,18,2,-2.20151588320732117e-1
0,17,18,2,-2.19091504812240601e-1
0,18,18,2,-2.15921446681022644e-1
0,19,18,2,-2.10671916604042053e-1
0,20,18,2,-2.03393533825874329e-1
0,21,18,2,-1.94156333804130554e-1
0,22,18,2,-1.83049336075782776e-1
0,23,18,2,-1.70179456472396851e-1
0,24,18,2,-1.55670657753944397e-1
0,25,18,2,-1.39662668108940125e-1
0,26,18,2,-1.22309647500514984e-1
0,27,18,2,-1.03778727352619171e-1
0,28,18,2,-8.42483416199684143e-2
0,29,18,2,-6.39066249132156372e-2
0,30,18,2,-4.29494343698024750e-2
0,31,18,2,-2.15786267071962357e-2
0,32,18,2,0.00000000000000000e0
0,0,19,2,0.00000000000000000e0
0,1,19,2,-2.99185700714588165e-2
0,2,19,2,-5.95490224659442902e-2
0,3,19,2,-8.86059775948524475e-2
0,4,19,2,-1.16809599101543427e-1
0,5,19,2,-1.43888279795646667e-1
0,6,19,2,-1.69581249356269836e-1
0,7,19,2,-1.93641051650047302e-1
0,8,19,2,-2.15835988521575928e-1
0,9,19,2,-2.35952317714691162e-1
0,10,19,2,-2.53796249628067017e-1
0,11,19,2,-2.69196033477783203e-1
0,12,19,2,-2.82003313302993774e-1
0,13,19,2,-2.92094737291336060e-1
0,14,19,2,-2.99373149871826172e-1
0,15,19,2,-3.03768396377563477e-1
0,16,19,2,-3.05238217115402222e-1
0,17,19,2,-3.03768396377563477e-1
0,18,19,2,-2.99373149871826172e-1
0,19,19,2,-2.92094737291336060e-1
0,20,19,2,-2.82003313302993774e-1
0,21,19,2,-2.69196033477783203e-1
0,22,19,2,-2.53796249628067017e-1
0,23,19,2,-2.35952317714691162e-1
0,24,19,2,-2.15835988521575928e-1
0,25,19,2,-1.93641051650047302e-1
0,26,19,2,-1.69581249356269836e-1
0,27,19,2,-1.43888279795646667e-1
0,28,19,2,-1.16809599101543427e-1
0,29,19,2,-8.86059775948524475e-2
0,30,19,2,-5.95490224659442902e-2
0,31,19,2,-2.99185700714588165e-2
0,32,19,2,0.00000000000000000e0
0,0,20,2,0.00000000000000000e0
0,1,20,2,-3.79703864455223083e-2
0,2,20,2,-7.55751058459281921e-2
0,3,20,2,-1.12451985478401184e-1
0,4,20,2,-1.48245915770530701e-1
0,5,20,2,-1.82612121105194092e-1
0,6,20,2,-2.15219691395759583e-1
0,7,20,2,-2.45754554867744446e-1
0,8,20,2,-2.73922711610794067e-1
0,9,20,2,-2.99452811479568481e-1
0,10,20,2,-3.22099000215530396e-1
0,11,20,2,-3.41643214225769043e-1
0,12,20,2,-3.57897222042083740e-1
0,13,20,2,-3.70704531669616699e-1
0,14,20,2,-3.79941731691360474e-1
0,15,20,2,-3.85519832372665405e-1
0,16,20,2,-3.87385219335556030e-1
0,17,20,2,-3.85519832372665405e-1
0,18,20,2,-3.79941731691360474e-1
0,19,20,2,-3.70704531669616699e-1
0,20,20,2,-3.57897222042083740e-1
0,21,20,2,-3.41643214225769043e-1
0,22,20,2,-3.22099000215530396e-1
0,23,20,2,-2.99452811479568481e-1
0,24,20,2,-2.73922711610794067e-1
0,25,20,2,-2.45754554867744446e-1
0,26,20,2,-2.15219691395759583e-1
0,27,20,2,-1.82612121105194092e-1
0,28,20,2,-1.48245915770530701e-1
0,29,20,2,-1.12451985478401184e-1
0,30,20,2,-7.55751058459281921e-2
0,31,20,2,-3.79703864455223083e-2
0,32,20,2,0.00000000000000000e0
0,0,21,2,0.00000000000000000e0
0,1,21,2,-4.56565469503402710e-2
0,2,21,2,-9.08733755350112915e-2
0,3,21,2,-1.35215029120445251e-1
0,4,21,2,-1.78254500031471252e-1
0,5,21,2,-2.19577297568321228e-1
0,6,21,2,-2.58785426616668701e-1
0,7,21,2,-2.95501291751861572e-1
0,8,21,2,-3.29371333122253418e-1
0,9,21,2,-3.60069394111633301e-1
0,10,21,2,-3.87299746274948120e-1
0,11,21,2,-4.10800218582153320e-1
0,12,21,2,-4.30344432592391968e-1
0,13,21,2,-4.45744216442108154e-1
0,14,21,2,-4.56851214170455933e-1
0,15,21,2,-4.63558524847030640e-1
0,16,21,2,-4.65801477432250977e-1
0,17,21,2,-4.63558524847030640e-1
0,18,21,2,-4.56851214170455933e-1
0,19,21,2,-4.45744216442108154e-1
0,20,21,2,-4.30344432592391968e-1
0,21,21,2,-4.10800218582153320e-1
0,22,21,2,-3.87299746274948120e-1
0,23,21,2,-3.60069394111633301e-1
0,24,21,2,-3.29371333122253418e-1
0,25,21,2,-2.95501291751861572e-1
0,26,21,2,-2.58785426616668701e-1
0,27,21,2,-2.19577297568321228e-1
0,28,21,2,-1.78254500031471252e-1
0,29,21,2,-1.35215029120445251e-1
0,30,21,2,-9.08733755350112915e-2
0,31,21,2,-4.56565469503402710e-2
0,32,21,2,0.00000000000000000e0
0,0,22,2,0.00000000000000000e0
0,1,22,2,-5.29029741883277893e-2
0,2,22,2,-1.05296477675437927e-1
0,3,22,2,-1.56675890088081360e-1
0,4,22,2,-2.06546440720558167e-1
0,5,22,2,-2.54427820444107056e-1
0,6,22,2,-2.99858957529067993e-1
0,7,22,2,-3.42402249574661255e-1
0,8,22,2,-3.81648033857345581e-1
0,9,22,2,-4.17218357324600220e-1
0,10,22,2,-4.48770612478256226e-1
0,11,22,2,-4.76000964641571045e-1
0,12,22,2,-4.98647153377532959e-1
0,13,22,2,-5.16491115093231201e-1
0,14,22,2,-5.29361069202423096e-1
0,15,22,2,-5.37132918834686279e-1
0,16,22,2,-5.39731860160827637e-1
0,17,22,2,-5.37132918834686279e-1
0,18,22,2,-5.29361069202423096e-1
0,19,22,2,-5.16491115093231201e-1
0,20,22,2,-4.98647153377532959e-1
0,21,22,2,-4.76000964641571045e-1
0,22,22,2,-4.48770612478256226e-1
0,23,22,2,-4.17218357324600220e-1
0,24,22,2,-3.81648033857345581e-1
0,25,22,2,-3.42402249574661255e-1
0,26,22,2,-2.99858957529067993e-1
0,27,22,2,-2.54427820444107056e-1
0,28,22,2,-2.06546440720558167e-1
0,29,22,2,-1.56675890088081360e-1
0,30,22,2,-1.05296477675437927e-1
0,31,22,2,-5.29029741883277893e-2
0,32,22,2,0.00000000000000000e0
0,0,23,2,0.00000000000000000e0
0,1,23,2,-5.96399269998073578e-2
0,2,23,2,-1.18705503642559052e-1
0,3,23,2,-1.76627874374389648e-1
0,4,23,2,-2.32849195599555969e-1
0,5,23,2,-2.86828070878982544e-1
0,6,23,2,-3.38044643402099609e-1
0,7,23,2,-3.86005669832229614e-1
0,8,23,2,-4.30249214172363281e-1
0,9,23,2,-4.70349252223968506e-1
0,10,23,2,-5.05919575691223145e-1
0,11,23,2,-5.36617636680603027e-1
0,12,23,2,-5.62147676944732666e-1
0,13,23,2,-5.82264006137847900e-1
0,14,23,2,-5.96772849559783936e-1
0,15,23,2,-6.05534434318542480e-1
0,16,23,2,-6.08464360237121582e-1
0,17,23,2,-6.05534434318542480e-1
0,18,23,2,-5.96772849559783936e-1
0,19,23,2,-5.82264006137847900e-1
0,20,23,2,-5.62147676944732666e-1
0,21,23,2,-5.36617636680603027e-1
0,22,23,2,-5.05919575691223145e-1
0,23,23,2,-4.70349252223968506e-1
0,24,23,2,-4.30249214172363281e-1
0,25,23,2,-3.86005669832229614e-1
0,26,23,2,-3.38044643402099609e-1
0,27,23,2,-2.86828070878982544e-1
0,28,23,2,-2.32849195599555969e-1
0,29,23,2,-1.76627874374389648e-1
0,30,23,2,-1.18705503642559052e-1
0,31,23,2,-5.96399269998073578e-2
0,32,23,2,0.00000000000000000e0
0,0,24,2,0.00000000000000000e0
0,1,24,2,-6.58025220036506653e-2
0,2,24,2,-1.30971327424049377e-1
0,3,24,2,-1.94878816604614258e-1
0,4,24,2,-2.56909489631652832e-1
0,5,24,2,-3.16466033458709717e-1
0,6,24,2,-3.72974812984466553e-1
0,7,24,2,-4.25891607999801636e-1
0,8,24,2,-4.74706858396530151e-1
0,9,24,2,-5.18950402736663818e-1
0,10,24,2,-5.58196187019348145e-1
0,11,24,2,-5.92066228389739990e-1
0,12,24,2,-6.20234370231628418e-1
0,13,24,2,-6.42429292201995850e-1
0,14,24,2,-6.58437311649322510e-1
0,15,24,2,-6.68104231357574463e-1
0,16,24,2,-6.71336948871612549e-1
0,17,24,2,-6.68104231357574463e-1
0,18,24,2,-6.58437311649322510e-1
0,19,24,2,-6.42429292201995850e-1
0,20,24,2,-6.20234370231628418e-1
0,21,24,2,-5.92066228389739990e-1
0,22,24,2,-5.58196187019348145e-1
0,23,24,2,-5.18950402736663818e-1
0,24,24,2,-4.74706858396530151e-1
0,25,24,2,-4.25891607999801636e-1
0,26,24,2,-3.72974812984466553e-1
0,27,24,2,-3.16466033458709717e-1
0,28,24,2,-2.56909489631652832e-1
0,29,24,2,-1.94878816604614258e-1
0,30,24,2,-1.30971327424049377e-1
0,31,24,2,-6.58025220036506653e-2
0,32,24,2,0.00000000000000000e0
0,0,25,2,0.00000000000000000e0
0,1,25,2,-7.13313966989517212e-2
0,2,25,2,-1.41975820064544678e-1
0,3,25,2,-2.11252957582473755e-1
0,4,25,2,-2.78495609760284424e-1
0,5,25,2,-3.43056201934814453e-1
0,6,25,2,-4.04312968254089355e-1
0,7,25,2,-4.61676001548767090e-1
0,8,25,2,-5.14592826366424561e-1
0,9,25,2,-5.62553822994232178e-1
0,10,25,2,-6.05097115039825439e-1
0,11,25,2,-6.41813039779663086e-1
0,12,25,2,-6.72347903251647949e-1
0,13,25,2,-6.96407675743103027e-1
0,14,25,2,-7.13760733604431152e-1
0,15,25,2,-7.24239826202392578e-1
0,16,25,2,-7.27744162082672119e-1
0,17,25,2,-7.24239826202392578e-1
0,18,25,2,-7.13760733604431152e-1
0,19,25,2,-6.96407675743103027e-1
0,20,25,2,-6.72347903251647949e-1
0,21,25,2,-6.41813039779663086e-1
0,22,25,2,-6.05097115039825439e-1
0,23,25,2,-5.62553822994232178e-1
0,24,25,2,-5.14592826366424561e-1
0,25,25,2,-4.61676001548767090e-1
0,26,25,2,-4.04312968254089355e-1
0,27,25,2,-3.43056201934814453e-1
0,28,25,2,-2.78495609760284424e-1
0,29,25,2,-2.11252957582473755e-1
0,30,25,2,-1.41975820064544678e-1
0,31,25,2,-7.13313966989517212e-2
0,32,25,2,0.00000000000000000e0
0,0,26,2,0.00000000000000000e0
0,1,26,2,-7.61733204126358032e-2
0,2,26,2,-1.51613041758537292e-1
0,3,26,2,-2.25592643022537231e-1
0,4,26,2,-2.97399669885635376e-1
0,5,26,2,-3.66342604160308838e-1
0,6,26,2,-4.31757390499114990e-1
0,7,26,2,-4.93014186620712280e-1
0,8,26,2,-5.49522936344146729e-1
0,9,26,2,-6.00739538669586182e-1
0,10,26,2,-6.46170675754547119e-1
0,11,26,2,-6.85378789901733398e-1
0,12,26,2,-7.17986345291137695e-1
0,13,26,2,-7.43679344654083252e-1
0,14,26,2,-7.62210309505462646e-1
0,15,26,2,-7.73400723934173584e-1
0,16,26,2,-7.77142882347106934e-1
0,17,26,2,-7.73400723934173584e-1
0,18,26,2,-7.62210309505462646e-1
0,19,26,2,-7.43679344654083252e-1
0,20,26,2,-7.17986345291137695e-1
0,21,26,2,-6.85378789901733398e-1
0,22,26,2,-6.46170675754547119e-1
0,23,26,2,-6.00739538669586182e-1
0,24,26,2,-5.49522936344146729e-1
0,25,26,2,-4.93014186620712280e-1
0,26,26,2,-4.31757390499114990e-1
0,27,26,2,-3.66342604160308838e-1
0,28,26,2,-2.97399669885635376e-1
0,29,26,2,-2.25592643022537231e-1
0,30,26,2,-1.51613041758537292e-1
0,31,26,2,-7.61733204126358032e-2
0,32,26,2,0.00000000000000000e0
0,0,27,2,0.00000000000000000e0
0,1,27,2,-8.02816376090049744e-2
0,2,27,2,-1.59790128469467163e-1
0,3,27,2,-2.37759754061698914e-1
0,4,27,2,-3.13439637422561646e-1
0,5,27,2,-3.86100888252258301e-1
0,6,27,2,-4.55043762922286987e-1
0,7,27,2,-5.19604325294494629e-1
0,8,27,2,-5.79160869121551514e-1
0,9,27,2,-6.33139729499816895e-1
0,10,27,2,-6.81021153926849365e-1
0,11,27,2,-7.22343981266021729e-1
0,12,27,2,-7.56710231304168701e-1
0,13,27,2,-7.83788919448852539e-1
0,14,27,2,-8.03319334983825684e-1
0,15,27,2,-8.15113306045532227e-1
0,16,27,2,-8.19057285785675049e-1
0,17,27,2,-8.15113306045532227e-1
0,18,27,2,-8.03319334983825684e-1
0,19,27,2,-7.83788919448852539e-1
0,20,27,2,-7.56710231304168701e-1
0,21,27,2,-7.22343981266021729e-1
0,22,27,2,-6.81021153926849365e-1
0,23,27,2,-6.33139729499816895e-1
0,24,27,2,-5.79160869121551514e-1
0,25,27,2,-5.19604325294494629e-1
0,26,27,2,-4.55043762922286987e-1
0,27,27,2,-3.86100888252258301e-1
0,28,27,2,-3.13439637422561646e-1
0,29,27,2,-2.37759754061698914e-1
0,30,27,2,-1.59790128469467163e-1
0,31,27,2,-8.02816376090049744e-2
0,32,27,2,0.00000000000000000e0
0,0,28,2,0.00000000000000000e0
0,1,28,2,-8.36168229579925537e-2
0,2,28,2,-1.66428357362747192e-1
0,3,28,2,-2.47637093067169189e-1
0,4,28,2,-3.26460927724838257e-1
0,5,28,2,-4.02140825986862183e-1
0,6,28,2,-4.73947852849960327e-1
0,7,28,2,-5.41190505027770996e-1
0,8,28,2,-6.03221178054809570e-1
0,9,28,2,-6.59442484378814697e-1
0,10,28,2,-7.09313094615936279e-1
0,11,28,2,-7.52352595329284668e-1
0,12,28,2,-7.88146555423736572e-1
0,13,28,2,-8.16350221633911133e-1
0,14,28,2,-8.36691915988922119e-1
0,15,28,2,-8.48975837230682373e-1
0,16,28,2,-8.53083670139312744e-1
0,17,28,2,-8.48975837230682373e-1
0,18,28,2,-8.36691915988922119e-1
0,19,28,2,-8.16350221633911133e-1
0,20,28,2,-7.88146555423736572e-1
0,21,28,2,-7.52352595329284668e-1
0,22,28,2,-7.09313094615936279e-1
0,23,28,2,-6.59442484378814697e-1
0,24,28,2,-6.03221178054809570e-1
0,25,28,2,-5.41190505027770996e-1
0,26,28,2,-4.73947852849960327e-1
0,27,28,2,-4.02140825986862183e-1
0,28,28,2,-3.26460927724838257e-1
0,29,28,2,-2.47637093067169189e-1
0,30,28,2,-1.66428357362747192e-1
0,31,28,2,-8.36168229579925537e-2
0,32,28,2,0.00000000000000000e0
0,0,29,2,0.00000000000000000e0
0,1,29,2,-8.61467197537422180e-2
0,2,29,2,-1.71463787555694580e-1
0,3,29,2,-2.55129575729370117e-1
0,4,29,2,-3.36338281631469727e-1
0,5,29,2,-4.14307922124862671e-1
0,6,29,2,-4.88287508487701416e-1
0,7,29,2,-5.57564616203308105e-1
0,8,29,2,-6.21472179889678955e-1
0,9,29,2,-6.79394543170928955e-1
0,10,29,2,-7.30773985385894775e-1
0,11,29,2,-7.75115668773651123e-1
0,12,29,2,-8.11992585659027100e-1
0,13,29,2,-8.41049551963806152e-1
0,14,29,2,-8.62006723880767822e-1
0,15,29,2,-8.74662339687347412e-1
0,16,29,2,-8.78894448280334473e-1
0,17,29,2,-8.74662339687347412e-1
0,18,29,2,-8.62006723880767822e-1
0,19,29,2,-8.41049551963806152e-1
0,20,29,2,-8.11992585659027100e-1
0,21,29,2,-7.75115668773651123e-1
0,22,29,2,-7.30773985385894775e-1
0,23,29,2,-6.79394543170928955e-1
0,24,29,2,-6.21472179889678955e-1
0,25,29,2,-5.57564616203308105e-1
0,26,29,2,-4.88287508487701416e-1
0,27,29,2,-4.14307922124862671e-1
0,28,29,2,-3.36338281631469727e-1
0,29,29,2,-2.55129575729370117e-1
0,30,29,2,-1.71463787555694580e-1
0,31,29,2,-8.61467197537422180e-2
0,32,29,2,0.00000000000000000e0
0,0,30,2,0.00000000000000000e0
0,1,30,2,-8.78469720482826233e-2
0,2,30,2,-1.74847930669784546e-1
0,3,30,2,-2.60164976119995117e-1
0,4,30,2,-3.42976510524749756e-1
0,5,30,2,-4.22484993934631348e-1
0,6,30,2,-4.97924685478210449e-1
0,7,30,2,-5.68569123744964600e-1
0,8,30,2,-6.33737981319427490e-1
0,9,30,2,-6.92803561687469482e-1
0,10,30,2,-7.45197117328643799e-1
0,11,30,2,-7.90413975715637207e-1
0,12,30,2,-8.28018724918365479e-1
0,13,30,2,-8.57649207115173340e-1
0,14,30,2,-8.79019975662231445e-1
0,15,30,2,-8.91925334930419922e-1
0,16,30,2,-8.96240949630737305e-1
0,17,30,2,-8.91925334930419922e-1
0,18,30,2,-8.79019975662231445e-1
0,19,30,2,-8.57649207115173340e-1
0,20,30,2,-8.28018724918365479e-1
0,21,30,2,-7.90413975715637207e-1
0,22,30,2,-7.45197117328643799e-1
0,23,30,2,-6.92803561687469482e-1
0,24,30,2,-6.33737981319427490e-1
0,25,30,2,-5.68569123744964600e-1
0,26,30,2,-4.97924685478210449e-1
0,27,30,2,-4.22484993934631348e-1
0,28,30,2,-3.42976510524749756e-1
0,29,30,2,-2.60164976119995117e-1
0,30,30,2,-1.74847930669784546e-1
0,31,30,2,-8.78469720482826233e-2
0,32,30,2,0.00000000000000000e0
0,0,31,2,0.00000000000000000e0
0,1,31,2,-8.87012183666229248e-2
0,2,31,2,-1.76548197865486145e-1
0,3,31,2,-2.62694925069808960e-1
0,4,31,2,-3.46311718225479126e-1
0,5,31,2,-4.26593303680419922e-1
0,6,31,2,-5.02766609191894531e-1
0,7,31,2,-5.74097990989685059e-1
0,8,31,2,-6.39900565147399902e-1
0,9,31,2,-6.99540495872497559e-1
0,10,31,2,-7.52443492412567139e-1
0,11,31,2,-7.98100113868713379e-1
0,12,31,2,-8.36070537567138672e-1
0,13,31,2,-8.65989089012145996e-1
0,14,31,2,-8.87567698955535889e-1
0,15,31,2,-9.00598526000976562e-1
0,16,31,2,-9.04956161975860596e-1
0,17,31,2,-9.00598526000976562e-1
0,18,31,2,-8.87567698955535889e-1
0,19,31,2,-8.65989089012145996e-1
0,20,31,2,-8.36070537567138672e-1
0,21,31,2,-7.98100113868713379e-1
0,22,31,2,-7.52443492412567139e-1
0,23,31,2,-6.99540495872497559e-1
0,24,31,2,-6.39900565147399902e-1
0,25,31,2,-5.74097990989685059e-1
0,26,31,2,-5.02766609191894531e-1
0,27,31,2,-4.26593303680419922e-1
0,28,31,2,-3.46311718225479126e-1
0,29,31,2,-2.62694925069808960e-1
0,30,31,2,-1.76548197865486145e-1
0,31,31,2,-8.87012183666229248e-2
0,32,31,2,0.00000000000000000e0
1,0,0,0,0.00000000000000000e0
1,1,0,0,0.00000000000000000e0
1,2,0,0,0.00000000000000000e0
1,3,0,0,0.00000000000000000e0
1,4,0,0,0.00000000000000000e0
1,5,0,0,0.00000000000000000e0
1,6,0,0,0.00000000000000000e0
1,7,0,0,0.00000000000000000e0
1,8,0,0,0.00000000000000000e0
1,9,0,0,0.00000000000000000e0
1,10,0,0,0.00000000000000000e0
1,11,0,0,0.00000000000000000e0
1,12,0,0,0.00000000000000000e0
1,13,0,0,0.00000000000000000e0
1,14,0,0,0.00000000000000000e0
1,15,0,0,0.00000000000000000e0
1,16,0,0,0.00000000000000000e0
1,17,0,0,0.00000000000000000e0
1,18,0,0,0.00000000000000000e0
1,19,0,0,0.00000000000000000e0
1,20,0,0,0.00000000000000000e0
1,21,0,0,0.00000000000000000e0
1,22,0,0,0.00000000000000000e0
1,23,0,0,0.00000000000000000e0
1,24,0,0,0.00000000000000000e0
1,25,0,0,0.00000000000000000e0
1,26,0,0,0.00000000000000000e0
1,27,0,0,0.00000000000000000e0
1,28,0,0,0.00000000000000000e0
1,29,0,0,0.00000000000000000e0
1,30,0,0,0.00000000000000000e0
1,31,0,0,0.00000000000000000e0
1,0,1,0,-8.87012183666229248e-2
1,1,1,0,-8.78469720482826233e-2
1,2,1,0,-8.61467197537422180e-2
1,3,1,0,-8.36168229579925537e-2
1,4,1,0,-8.02816376090049744e-2
1,5,1,0,-7.61733204126358032e-2
1,6,1,0,-7.13313966989517212e-2
1,7,1,0,-6.58025220036506653e-2
1,8,1,0,-5.96399269998073578e-2
1,9,1,0,-5.29029741883277893e-2
1,10,1,0,-4.56565469503402710e-2
1,11,1,0,-3.79703864455223083e-2
1,12,1,0,-2.99185700714588165e-2
1,13,1,0,-2.15786267071962357e-2
1,14,1,0,-1.30308689549565315e-2
1,15,1,0,-4.35761036351323128e-3
1,16,1,0,4.35761036351323128e-3
1,17,1,0,1.30308689549565315e-2
1,18,1,0,2.15786267071962357e-2
1,19,1,0,2.99185700714588165e-2
1,20,1,0,3.79703864455223083e-2
1,21,1,0,4.56565469503402710e-2
1,22,1,0,5.29029741883277893e-2
1,23,1,0,5.96399269998073578e-2
1,24,1,0,6.58025220036506653e-2
1,25,1,0,7.13313966989517212e-2
1,26,1,0,7.61733204126358032e-2
1,27,1,0,8.02816376090049744e-2
1,28,1,0,8.36168229579925537e-2
1,29,1,0,8.61467197537422180e-2
1,30,1,0,8.78469720482826233e-2
1,31,1,0,8.87012183666229248e-2
1,0,2,0,-1.76548197865486145e-1
1,1,2,0,-1.74847930669784546e-1
1,2,2,0,-1.71463787555694580e-1
1,3,2,0,-1.66428357362747192e-1
1,4,2,0,-1.59790128469467163e-1
1,5,2,0,-1.51613041758537292e-1
1,6,2,0,-1.41975820064544678e-1
1,7,2,0,-1.30971327424049377e-1
1,8,2,0,-1.18705503642559052e-1
1,9,2,0,-1.05296477675437927e-1
1,10,2,0,-9.08733755350112915e-2
1,11,2,0,-7.55751058459281921e-2
1,12,2,0,-5.95490224659442902e-2
1,13,2,0,-4.29494343698024750e-2
1,14,2,0,-2.59362328797578812e-2
1,15,2,0,-8.67325253784656525e-3
1,16,2,0,8.67325253784656525e-3
1,17,2,0,2.59362328797578812e-2
1,18,2,0,4.29494343698024750e-2
1,19,2,0,5.95490224659442902e-2
1,20,2,0,7.55751058459281921e-2
1,21,2,0,9.08733755350112915e-2
1,22,2,0,1.05296477675437927e-1
1,23,2,0,1.18705503642559052e-1
1,24,2,0,1.30971327424049377e-1
1,25,2,0,1.41975820064544678e-1
1,26,2,0,1.51613041758537292e-1
1,27,2,0,1.59790128469467163e-1
1,28,2,0,1.66428357362747192e-1
1,29,2,0,1.71463787555694580e-1
1,30,2,0,1.74847930669784546e-1
1,31,2,0,1.76548197865486145e-1
1,0,3,0,-2.62694925069808960e-1
1,1,3,0,-2.60164976119995117e-1
1,2,3,0,-2.55129575729370117e-1
1,3,3,0,-2.47637093067169189e-1
1,4,3,0,-2.37759754061698914e-1
1,5,3,0,-2.25592643022537231e-1
1,6,3,0,-2.11252957582473755e-1
1,7,3,0,-1.94878816604614258e-1
1,8,3,0,-1.76627874374389648e-1
1,9,3,0,-1.56675890088081360e-1
1,10,3,0,-1.35215029120445251e-1
1,11,3,0,-1.12451985478401184e-1
1,12,3,0,-8.86059775948524475e-2
1,13,3,0,-6.39066249132156372e-2
1,14,3,0,-3.85918281972408295e-2
1,15,3,0,-1.29053639248013496e-2
1,16,3,0,1.29053639248013496e-2
1,17,3,0,3.85918281972408295e-2
1,18,3,0,6.39066249132156372e-2
1,19,3,0,8.86059775948524475e-2
1,20,3,0,1.12451985478401184e-1
1,21,3,0,1.35215029120445251e-1
1,22,3,0,1.56675890088081360e-1
1,23,3,0,1.76627874374389648e-1
1,24,3,0,1.94878816604614258e-1
1,25,3,0,2.11252957582473755e-1
1,26,3,0,2.25592643022537231e-1
1,27,3,0,2.37759754061698914e-1
1,28,3,0,2.47637093067169189e-1
1,29,3,0,2.55129575729370117e-1
1,30,3,0,2.60164976119995117e-1
1,31,3,0,2.62694925069808960e-1
1,0,4,0,-3.46311718225479126e-1
1,1,4,0,-3.42976510524749756e-1
1,2,4,0,-3.36338281631469727e-1
1,3,4,0,-3.26460927724838257e-1
1,4,4,0,-3.13439637422561646e-1
1,5,4,0,-2.97399669885635376e-1
1,6,4,0,-2.78495609760284424e-1
1,7,4,0,-2.56909489631652832e-1
1,8,4,0,-2.32849195599555969e-1
1,9,4,0,-2.06546440720558167e-1
1,10,4,0,-1.78254500031471252e-1
1,11,4,0,-1.48245915770530701e-1
1,12,4,0,-1.16809599101543427e-1
1,13,4,0,-8.42483416199684143e-2
1,14,4,0,-5.08757606148719788e-2
1,15,4,0,-1.70132126659154892e-2
1,16,4,0,1.70132126659154892e-2
1,17,4,0,5.08757606148719788e-2
1,18,4,0,8.42483416199684143e-2
1,19,4,0,1.16809599101543427e-1
1,20,4,0,1.48245915770530701e-1
1,21,4,0,1.78254500031471252e-1
1,22,4,0,2.06546440720558167e-1
1,23,4,0,2.32849195599555969e-1
1,24,4,0,2.56909489631652832e-1
1,25,4,0,2.78495609760284424e-1
1,26,4,0,2.97399669885635376e-1
1,27,4,0,3.13439637422561646e-1
1,28,4,0,3.26460927724838257e-1
1,29,4,0,3.36338281631469727e-1
1,30,4,0,3.42976510524749756e-1
1,31,4,0,3.46311718225479126e-1
1,0,5,0,-4.26593303680419922e-1
1,1,5,0,-4.22484993934631348e-1
1,2,5,0,-4.14307922124862671e-1
1,3,5,0,-4.02140825986862183e-1
1,4,5,0,-3.86100888252258301e-1
1,5,5,0,-3.66342604160308838e-1
1,6,5,0,-3.43056201934814453e-1
1,7,5,0,-3.16466033458709717e-1
1,8,5,0,-2.86828070878982544e-1
1,9,5,0,-2.54427820444107056e-1
1,10,5,0,-2.19577297568321228e-1
1,11,5,0,-1.82612121105194092e-1
1,12,5,0,-1.43888279795646667e-1
1,13,5,0,-1.03778727352619171e-1
1,14,5,0,-6.26697242259979248e-2
1,15,5,0,-2.09571849554777145e-2
1,16,5,0,2.09571849554777145e-2
1,17,5,0,6.26697242259979248e-2
1,18,5,0,1.03778727352619171e-1
1,19,5,0,1.43888279795646667e-1
1,20,5,0,1.82612121105194092e-1
1,21,5,0,2.19577297568321228e-1
1,22,5,0,2.54427820444107056e-1
1,23,5,0,2.86828070878982544e-1
1,24,5,0,3.16466033458709717e-1
1,25,5,0,3.43056201934814453e-1
1,26,5,0,3.66342604160308838e-1
1,27,5,0,3.86100888252258301e-1
1,28,5,0,4.02140825986862183e-1
1,29,5,0,4.14307922124862671e-1
1,30,5,0,4.22484993934631348e-1
1,31,5,0,4.26593303680419922e-1
1,0,6,0,-5.02766609191894531e-1
1,1,6,0,-4.97924685478210449e-1
1,2,6,0,-4.88287508487701416e-1
1,3,6,0,-4.73947852849960327e-1
1,4,6,0,-4.55043762922286987e-1
1,5,6,0,-4.31757390499114990e-1
1,6,6,0,-4.04312968254089355e-1
1,7,6,0,-3.72974812984466553e-1
1,8,6,0,-3.38044643402099609e-1
1,9,6,0,-2.99858957529067993e-1
1,10,6,0,-2.58785426616668701e-1
1,11,6,0,-2.15219691395759583e-1
1,12,6,0,-1.69581249356269836e-1
1,13,6,0,-1.22309647500514984e-1
1,14,6,0,-7.38601610064506531e-2
1,15,6,0,-2.46993396431207657e-2
1,16,6,0,2.46993396431207657e-2
1,17,6,0,7.38601610064506531e-2
1,18,6,0,1.22309647500514984e-1
1,19,6,0,1.69581249356269836e-1
1,20,6,0,2.15219691395759583e-1
1,21,6,0,2.58785426616668701e-1
1,22,6,0,2.99858957529067993e-1
1,23,6,0,3.38044643402099609e-1
1,24,6,0,3.72974812984466553e-1
1,25,6,0,4.04312968254089355e-1
1,26,6,0,4.31757390499114990e-1
1,27,6,0,4.55043762922286987e-1
1,28,6,0,4.73947852849960327e-1
1,29,6,0,4.88287508487701416e-1
1,30,6,0,4.97924685478210449e-1
1,31,6,0,5.02766609191894531e-1
1,0,7,0,-5.74097990989685059e-1
1,1,7,0,-5.68569123744964600e-1
1,2,7,0,-5.57564616203308105e-1
1,3,7,0,-5.41190505027770996e-1
1,4,7,0,-5.19604325294494629e-1
1,5,7,0,-4.93014186620712280e-1
1,6,7,0,-4.61676001548767090e-1
1,7,7,0,-4.25891607999801636e-1
1,8,7,0,-3.86005669832229614e-1
1,9,7,0,-3.42402249574661255e-1
1,10,7,0,-2.95501291751861572e-1
1,11,7,0,-2.45754554867744446e-1
1,12,7,0,-1.93641051650047302e-1
1,13,7,0,-1.39662668108940125e-1
1,14,7,0,-8.43392685055732727e-2
1,15,7,0,-2.82036270946264267e-2
1,16,7,0,2.82036270946264267e-2
1,17,7,0,8.43392685055732727e-2
1,18,7,0,1.39662668108940125e-1
1,19,7,0,1.93641051650047302e-1
1,20,7,0,2.45754554867744446e-1
1,21,7,0,2.95501291751861572e-1
1,22,7,0,3.42402249574661255e-1
1,23,7,0,3.86005669832229614e-1
1,24,7,0,4.25891607999801636e-1
1,25,7,0,4.61676001548767090e-1
1,26,7,0,4.93014186620712280e-1
1,27,7,0,5.19604325294494629e-1
1,28,7,0,5.41190505027770996e-1
1,29,7,0,5.57564616203308105e-1
1,30,7,0,5.68569123744964600e-1
1,31,7,0,5.74097990989685059e-1
1,0,8,0,-6.39900565147399902e-1
1,1,8,0,-6.33737981319427490e-1
1,2,8,0,-6.21472179889678955e-1
1,3,8,0,-6.03221178054809570e-1
1,4,8,0,-5.79160869121551514e-1
1,5,8,0,-5.49522936344146729e-1
1,6,8,0,-5.14592826366424561e-1
1,7,8,0,-4.74706858396530151e-1
1,8,8,0,-4.30249214172363281e-1
1,9,8,0,-3.81648033857345581e-1
1,10,8,0,-3.29371333122253418e-1
1,11,8,0,-2.73922711610794067e-1
1,12,8,0,-2.15835988521575928e-1
1,13,8,0,-1.55670657753944397e-1
1,14,8,0,-9.40061584115028381e-2
1,15,8,0,-3.14363017678260803e-2
1,16,8,0,3.14363017678260803e-2
1,17,8,0,9.40061584115028381e-2
1,18,8,0,1.55670657753944397e-1
1,19,8,0,2.15835988521575928e-1
1,20,8,0,2.73922711610794067e-1
1,21,8,0,3.29371333122253418e-1
1,22,8,0,3.81648033857345581e-1
1,23,8,0,4.30249214172363281e-1
1,24,8,0,4.74706858396530151e-1
1,25,8,0,5.14592826366424561e-1
1,26,8,0,5.49522936344146729e-1
1,27,8,0,5.79160869121551514e-1
1,28,8,0,6.03221178054809570e-1
1,29,8,0,6.21472179889678955e-1
1,30,8,0,6.33737981319427490e-1
1,31,8,0,6.39900565147399902e-1
1,0,9,0,-6.99540495872497559e-1
1,1,9,0,-6.92803561687469482e-1
1,2,9,0,-6.79394543170928955e-1
1,3,9,0,-6.59442484378814697e-1
1,4,9,0,-6.33139729499816895e-1
1,5,9,0,-6.00739538669586182e-1
1,6,9,0,-5.62553822994232178e-1
1,7,9,0,-5.18950402736663818e-1
1,8,9,0,-4.70349252223968506e-1
1,9,9,0,-4.17218357324600220e-1
1,10,9,0,-3.60069394111633301e-1
1,11,9,0,-2.99452811479568481e-1
1,12,9,0,-2.35952317714691162e-1
1,13,9,0,-1.70179456472396851e-1
1,14,9,0,-1.02767691016197205e-1
1,15,9,0,-3.43662202358245850e-2
1,16,9,0,3.43662202358245850e-2
1,17,9,0,1.02767691016197205e-1
1,18,9,0,1.70179456472396851e-1
1,19,9,0,2.35952317714691162e-1
1,20,9,0,2.99452811479568481e-1
1,21,9,0,3.60069394111633301e-1
1,22,9,0,4.17218357324600220e-1
1,23,9,0,4.70349252223968506e-1
1,24,9,0,5.18950402736663818e-1
1,25,9,0,5.62553822994232178e-1
1,26,9,0,6.00739538669586182e-1
1,27,9,0,6.33139729499816895e-1
1,28,9,0,6.59442484378814697e-1
1,29,9,0,6.79394543170928955e-1
1,30,9,0,6.92803561687469482e-1
1,31,9,0,6.99540495872497559e-1
1,0,10,0,-7.52443492412567139e-1
1,1,10,0,-7.45197117328643799e-1
1,2,10,0,-7.30773985385894775e-1
1,3,10,0,-7.09313094615936279e-1
1,4,10,0,-6.81021153926849365e-1
1,5,10,0,-6.46170675754547119e-1
1,6,10,0,-6.05097115039825439e-1
1,7,10,0,-5.58196187019348145e-1
1,8,10,0,-5.05919575691223145e-1
1,9,10,0,-4.48770612478256226e-1
1,10,10,0,-3.87299746274948120e-1
1,11,10,0,-3.22099000215530396e-1
1,12,10,0,-2.53796249628067017e-1
1,13,10,0,-1.83049336075782776e-1
1,14,10,0,-1.10539533197879791e-1
1,15,10,0,-3.69651801884174347e-2
1,16,10,0,3.69651801884174347e-2
1,17,10,0,1.10539533197879791e-1
1,18,10,0,1.83049336075782776e-1
1,19,10,0,2.53796249628067017e-1
1,20,10,0,3.22099000215530396e-1
1,21,10,0,3.87299746274948120e-1
1,22,10,0,4.48770612478256226e-1
1,23,10,0,5.05919575691223145e-1
1,24,10,0,5.58196187019348145e-1
1,25,10,0,6.05097115039825439e-1
1,26,10,0,6.46170675754547119e-1
1,27,10,0,6.81021153926849365e-1
1,28,10,0,7.09313094615936279e-1
1,29,10,0,7.30773985385894775e-1
1,30,10,0,7.45197117328643799e-1
1,31,10,0,7.52443492412567139e-1
1,0,11,0,-7.98100113868713379e-1
1,1,11,0,-7.90413975715637207e-1
1,2,11,0,-7.75115668773651123e-1
1,3,11,0,-7.52352595329284668e-1
1,4,11,0,-7.22343981266021729e-1
1,5,11,0,-6.85378789901733398e-1
1,6,11,0,-6.41813039779663086e-1
1,7,11,0,-5.92066228389739990e-1
1,8,11,0,-5.36617636680603027e-1
1,9,11,0,-4.76000964641571045e-1
1,10,11,0,-4.10800218582153320e-1
1,11,11,0,-3.41643214225769043e-1
1,12,11,0,-2.69196033477783203e-1
1,13,11,0,-1.94156333804130554e-1
1,14,11,0,-1.17246821522712708e-1
1,15,11,0,-3.92081364989280701e-2
1,16,11,0,3.92081364989280701e-2
1,17,11,0,1.17246821522712708e-1
1,18,11,0,1.94156333804130554e-1
1,19,11,0,2.69196033477783203e-1
1,20,11,0,3.41643214225769043e-1
1,21,11,0,4.10800218582153320e-1
1,22,11,0,4.76000964641571045e-1
1,23,11,0,5.36617636680603027e-1
1,24,11,0,5.92066228389739990e-1
1,25,11,0,6.41813039779663086e-1
1,26,11,0,6.85378789901733398e-1
1,27,11,0,7.22343981266021729e-1
1,28,11,0,7.52352595329284668e-1
1,29,11,0,7.75115668773651123e-1
1,30,11,0,7.90413975715637207e-1
1,31,11,0,7.98100113868713379e-1
1,0,12,0,-8.36070537567138672e-1
1,1,12,0,-8.28018724918365479e-1
1,2,12,0,-8.11992585659027100e-1
1,3,12,0,-7.88146555423736572e-1
1,4,12,0,-7.56710231304168701e-1
1,5,12,0,-7.17986345291137695e-1
1,6,12,0,-6.72347903251647949e-1
1,7,12,0,-6.20234370231628418e-1
1,8,12,0,-5.62147676944732666e-1
1,9,12,0,-4.98647153377532959e-1
1,10,12,0,-4.30344432592391968e-1
1,11,12,0,-3.57897222042083740e-1
1,12,12,0,-2.82003313302993774e-1
1,13,12,0,-2.03393533825874329e-1
1,14,12,0,-1.22824944555759430e-1
1,15,12,0,-4.10735011100769043e-2
1,16,12,0,4.10735011100769043e-2
1,17,12,0,1.22824944555759430e-1
1,18,12,0,2.03393533825874329e-1
1,19,12,0,2.82003313302993774e-1
1,20,12,0,3.57897222042083740e-1
1,21,12,0,4.30344432592391968e-1
1,22,12,0,4.98647153377532959e-1
1,23,12,0,5.62147676944732666e-1
1,24,12,0,6.20234370231628418e-1
1,25,12,0,6.72347903251647949e-1
1,26,12,0,7.17986345291137695e-1
1,27,12,0,7.56710231304168701e-1
1,28,12,0,7.88146555423736572e-1
1,29,12,0,8.11992585659027100e-1
1,30,12,0,8.28018724918365479e-1
1,31,12,0,8.36070537567138672e-1
1,0,13,0,-8.65989089012145996e-1
1,1,13,0,-8.57649207115173340e-1
1,2,13,0,-8.41049551963806152e-1
1,3,13,0,-8.16350221633911133e-1
1,4,13,0,-7.83788919448852539e-1
1,5,13,0,-7.43679344654083252e-1
1,6,13,0,-6.96407675743103027e-1
1,7,13,0,-6.42429292201995850e-1
1,8,13,0,-5.82264006137847900e-1
1,9,13,0,-5.16491115093231201e-1
1,10,13,0,-4.45744216442108154e-1
1,11,13,0,-3.70704531669616699e-1
1,12,13,0,-2.92094737291336060e-1
1,13,13,0,-2.10671916604042053e-1
1,14,13,0,-1.27220213413238525e-1
1,15,13,0,-4.25433106720447540e-2
1,16,13,0,4.25433106720447540e-2
1,17,13,0,1.27220213413238525e-1
1,18,13,0,2.10671916604042053e-1
1,19,13,0,2.92094737291336060e-1
1,20,13,0,3.70704531669616699e-1
1,21,13,0,4.45744216442108154e-1
1,22,13,0,5.16491115093231201e-1
1,23,13,0,5.82264006137847900e-1
1,24,13,0,6.42429292201995850e-1
1,25,13,0,6.96407675743103027e-1
1,26,13,0,7.43679344654083252e-1
1,27,13,0,7.83788919448852539e-1
1,28,13,0,8.16350221633911133e-1
1,29,13,0,8.41049551963806152e-1
1,30,13,0,8.57649207115173340e-1
1,31,13,0,8.65989089012145996e-1
1,0,14,0,-8.87567698955535889e-1
1,1,14,0,-8.79019975662231445e-1
1,2,14,0,-8.62006723880767822e-1
1,3,14,0,-8.36691915988922119e-1
1,4,14,0,-8.03319334983825684e-1
1,5,14,0,-7.62210309505462646e-1
1,6,14,0,-7.13760733604431152e-1
1,7,14,0,-6.58437311649322510e-1
1,8,14,0,-5.96772849559783936e-1
1,9,14,0,-5.29361069202423096e-1
1,10,14,0,-4.56851214170455933e-1
1,11,14,0,-3.79941731691360474e-1
1,12,14,0,-2.99373149871826172e-1
1,13,14,0,-2.15921446681022644e-1
1,14,14,0,-1.30390271544456482e-1
1,15,14,0,-4.36033979058265686e-2
1,16,14,0,4.36033979058265686e-2
1,17,14,0,1.30390271544456482e-1
1,18,14,0,2.15921446681022644e-1
1,19,14,0,2.99373149871826172e-1
1,20,14,0,3.79941731691360474e-1
1,21,14,0,4.56851214170455933e-1
1,22,14,0,5.29361069202423096e-1
1,23,14,0,5.96772849559783936e-1
1,24,14,0,6.58437311649322510e-1
1,25,14,0,7.13760733604431152e-1
1,26,14,0,7.62210309505462646e-1
1,27,14,0,8.03319334983825684e-1
1,28,14,0,8.36691915988922119e-1
1,29,14,0,8.62006723880767822e-1
1,30,14,0,8.79019975662231445e-1
1,31,14,0,8.87567698955535889e-1
1,0,15,0,-9.00598526000976562e-1
1,1,15,0,-8.91925334930419922e-1
1,2,15,0,-8.74662339687347412e-1
1,3,15,0,-8.48975837230682373e-1
1,4,15,0,-8.15113306045532227e-1
1,5,15,0,-7.73400723934173584e-1
1,6,15,0,-7.24239826202392578e-1
1,7,15,0,-6.68104231357574463e-1
1,8,15,0,-6.05534434318542480e-1
1,9,15,0,-5.37132918834686279e-1
1,10,15,0,-4.63558524847030640e-1
1,11,15,0,-3.85519832372665405e-1
1,12,15,0,-3.03768396377563477e-1
1,13,15,0,-2.19091504812240601e-1
1,14,15,0,-1.32304638624191284e-1
1,15,15,0,-4.42435704171657562e-2
1,16,15,0,4.42435704171657562e-2
1,17,15,0,1.32304638624191284e-1
1,18,15,0,2.19091504812240601e-1
1,19,15,0,3.03768396377563477e-1
1,20,15,0,3.85519832372665405e-1
1,21,15,0,4.63558524847030640e-1
1,22,15,0,5.37132918834686279e-1
1,23,15,0,6.05534434318542480e-1
1,24,15,0,6.68104231357574463e-1
1,25,15,0,7.24239826202392578e-1
1,26,15,0,7.73400723934173584e-1
1,27,15,0,8.15113306045532227e-1
1,28,15,0,8.48975837230682373e-1
1,29,15,0,8.74662339687347412e-1
1,30,15,0,8.91925334930419922e-1
1,31,15,0,9.00598526000976562e-1
1,0,16,0,-9.04956161975860596e-1
1,1,16,0,-8.96240949630737305e-1
1,2,16,0,-8.78894448280334473e-1
1,3,16,0,-8.53083670139312744e-1
1,4,16,0,-8.19057285785675049e-1
1,5,16,0,-7.77142882347106934e-1
1,6,16,0,-7.27744162082672119e-1
1,7,16,0,-6.71336948871612549e-1
1,8,16,0,-6.08464360237121582e-1
1,9,16,0,-5.39731860160827637e-1
1,10,16,0,-4.65801477432250977e-1
1,11,16,0,-3.87385219335556030e-1
1,12,16,0,-3.05238217115402222e-1
1,13,16,0,-2.20151588320732117e-1
1,14,16,0,-1.32944807410240173e-1
1,15,16,0,-4.44576479494571686e-2
1,16,16,0,4.44576479494571686e-2
1,17,16,0,1.32944807410240173e-1
1,18,16,0,2.20151588320732117e-1
1,19,16,0,3.05238217115402222e-1
1,20,16,0,3.87385219335556030e-1
1,21,16,0,4.65801477432250977e-1
1,22,16,0,5.39731860160827637e-1
1,23,16,0,6.08464360237121582e-1
1,24,16,0,6.71336948871612549e-1
1,25,16,0,7.27744162082672119e-1
1,26,16,0,7.77142882347106934e-1
1,27,16,0,8.19057285785675049e-1
1,28,16,0,8.53083670139312744e-1
1,29,16,0,8.78894448280334473e-1
1,30,16,0,8.96240949630737305e-1
1,31,16,0,9.04956161975860596e-1
1,0,17,0,-9.00598526000976562e-1
1,1,17,0,-8.91925334930419922e-1
1,2,17,0,-8.74662339687347412e-1
1,3,17,0,-8.48975837230682373e-1
1,4,17,0,-8.15113306045532227e-1
1,5,17,0,-7.73400723934173584e-1
1,6,17,0,-7.24239826202392578e-1
1,7,17,0,-6.68104231357574463e-1
1,8,17,0,-6.05534434318542480e-1
1,9,17,0,-5.37132918834686279e-1
1,10,17,0,-4.63558524847030640e-1
1,11,17,0,-3.85519832372665405e-1
1,12,17,0,-3.03768396377563477e-1
1,13,17,0,-2.19091504812240601e-1
1,14,17,0,-1.32304638624191284e-1
1,15,17,0,-4.42435704171657562e-2
1,16,17,0,4.42435704171657562e-2
1,17,17,0,1.32304638624191284e-1
1,18,17,0,2.19091504812240601e-1
1,19,17,0,3.03768396377563477e-1
1,20,17,0,3.85519832372665405e-1
1,21,17,0,4.63558524847030640e-1
1,22,17,0,5.37132918834686279e-1
1,23,17,0,6.05534434318542480e-1
1,24,17,0,6.68104231357574463e-1
1,25,17,0,7.24239826202392578e-1
1,26,17,0,7.73400723934173584e-1
1,27,17,0,8.15113306045532227e-1
1,28,17,0,8.48975837230682373e-1
1,29,17,0,8.74662339687347412e-1
1,30,17,0,8.91925334930419922e-1
1,31,17,0,9.00598526000976562e-1
1,0,18,0,-8.87567698955535889e-1
1,1,18,0,-8.79019975662231445e-1
1,2,18,0,-8.62006723880767822e-1
1,3,18,0,-8.36691915988922119e-1
1,4,18,0,-8.03319334983825684e-1
1,5,18,0,-7.62210309505462646e-1
1,6,18,0,-7.13760733604431152e-1
1,7,18,0,-6.58437311649322510e-1
1,8,18,0,-5.96772849559783936e-1
1,9,18,0,-5.29361069202423096e-1
1,10,18,0,-4.56851214170455933e-1
1,11,18,0,-3.79941731691360474e-1
1,12,18,0,-2.99373149871826172e-1
1,13,18,0,-2.15921446681022644e-1
1,14,18,0,-1.30390271544456482e-1
1,15,18,0,-4.36033979058265686e-2
1,16,18,0,4.36033979058265686e-2
1,17,18,0,1.30390271544456482e-1
1,18,18,0,2.15921446681022644e-1
1,19,18,0,2.99373149871826172e-1
1,20,18,0,3.79941731691360474e-1
1,21,18,0,4.56851214170455933e-1
1,22,18,0,5.29361069202423096e-1
1,23,18,0,5.96772849559783936e-1
1,24,18,0,6.58437311649322510e-1
1,25,18,0,7.13760733604431152e-1
1,26,18,0,7.62210309505462646e-1
1,27,18,0,8.03319334983825684e-1
1,28,18,0,8.36691915988922119e-1
1,29,18,0,8.62006723880767822e-1
1,30,18,0,8.79019975662231445e-1
1,31,18,0,8.87567698955535889e-1
1,0,19,0,-8.65989089012145996e-1
1,1,19,0,-8.57649207115173340e-1
1,2,19,0,-8.41049551963806152e-1
1,3,19,0,-8.16350221633911133e-1
1,4,19,0,-7.83788919448852539e-1
1,5,19,0,-7.43679344654083252e-1
1,6,19,0,-6.96407675743103027e-1
1,7,19,0,-6.42429292201995850e-1
1,8,19,0,-5.82264006137847900e-1
1,9,19,0,-5.16491115093231201e-1
1,10,19,0,-4.45744216442108154e-1
1,11,19,0,-3.70704531669616699e-1
1,12,19,0,-2.92094737291336060e-1
1,13,19,0,-2.10671916604042053e-1
1,14,19,0,-1.27220213413238525e-1
1,15,19,0,-4.25433106720447540e-2
1,16,19,0,4.25433106720447540e-2
1,17,19,0,1.27220213413238525e-1
1,18,19,0,2.10671916604042053e-1
1,19,19,0,2.92094737291336060e-1
1,20,19,0,3.70704531669616699e-1
1,21,19,0,4.45744216442108154e-1
1,22,19,0,5.16491115093231201e-1
1,23,19,0,5.82264006137847900e-1
1,24,19,0,6.42429292201995850e-1
1,25,19,0,6.96407675743103027e-1
1,26,19,0,7.43679344654083252e-1
1,27,19,0,7.83788919448852539e-1
1,28,19,0,8.16350221633911133e-1
1,29,19,0,8.41049551963806152e-1
1,30,19,0,8.57649207115173340e-1
1,31,19,0,8.65989089012145996e-1
1,0,20,0,-8.36070537567138672e-1
1,1,20,0,-8.28018724918365479e-1
1,2,20,0,-8.11992585659027100e-1
1,3,20,0,-7.88146555423736572e-1
1,4,20,0,-7.56710231304168701e-1
1,5,20,0,-7.17986345291137695e-1
1,6,20,0,-6.72347903251647949e-1
1,7,20,0,-6.20234370231628418e-1
1,8,20,0,-5.62147676944732666e-1
1,9,20,0,-4.98647153377532959e-1
1,10,20,0,-4.30344432592391968e-1
1,11,20,0,-3.57897222042083740e-1
1,12,20,0,-2.82003313302993774e-1
1,13,20,0,-2.03393533825874329e-1
1,14,20,0,-1.22824944555759430e-1
1,15,20,0,-4.10735011100769043e-2
1,16,20,0,4.10735011100769043e-2
1,17,20,0,1.22824944555759430e-1
1,18,20,0,2.03393533825874329e-1
1,19,20,0,2.82003313302993774e-1
1,20,20,0,3.57897222042083740e-1
1,21,20,0,4.30344432592391968e-1
1,22,20,0,4.98647153377532959e-1
1,23,20,0,5.62147676944732666e-1
1,24,20,0,6.20234370231628418e-1
1,25,20,0,6.72347903251647949e-1
1,26,20,0,7.17986345291137695e-1
1,27,20,0,7.56710231304168701e-1
1,28,20,0,7.88146555423736572e-1
1,29,20,0,8.11992585659027100e-1
1,30,20,0,8.28018724918365479e-1
1,31,20,0,8.36070537567138672e-1
1,0,21,0,-7.98100113868713379e-1
1,1,21,0,-7.90413975715637207e-1
1,2,21,0,-7.75115668773651123e-1
1,3,21,0,-7.52352595329284668e-1
1,4,21,0,-7.22343981266021729e-1
1,5,21,0,-6.85378789901733398e-1
1,6,21,0,-6.41813039779663086e-1
1,7,21,0,-5.92066228389739990e-1
1,8,21,0,-5.36617636680603027e-1
1,9,21,0,-4.76000964641571045e-1
1,10,21,0,-4.10800218582153320e-1
1,11,21,0,-3.41643214225769043e-1
1,12,21,0,-2.69196033477783203e-1
1,13,21,0,-1.94156333804130554e-1
1,14,21,0,-1.17246821522712708e-1
1,15,21,0,-3.92081364989280701e-2
1,16,21,0,3.92081364989280701e-2
1,17,21,0,1.17246821522712708e-1
1,18,21,0,1.94156333804130554e-1
1,19,21,0,2.69196033477783203e-1
1,20,21,0,3.41643214225769043e-1
1,21,21,0,4.10800218582153320e-1
1,22,21,0,4.76000964641571045e-1
1,23,21,0,5.36617636680603027e-1
1,24,21,0,5.92066228389739990e-1
1,25,21,0,6.41813039779663086e-1
1,26,21,0,6.85378789901733398e-1
1,27,21,0,7.22343981266021729e-1
1,28,21,0,7.52352595329284668e-1
1,29,21,0,7.75115668773651123e-1
1,30,21,0,7.90413975715637207e-1
1,31,21,0,7.98100113868713379e-1
1,0,22,0,-7.52443492412567139e-1
1,1,22,0,-7.45197117328643799e-1
1,2,22,0,-7.30773985385894775e-1
1,3,22,0,-7.09313094615936279e-1
1,4,22,0,-6.81021153926849365e-1
1,5,22,0,-6.46170675754547119e-1
1,6,22,0,-6.05097115039825439e-1
1,7,22,0,-5.58196187019348145e-1
1,8,22,0,-5.05919575691223145e-1
1,9,22,0,-4.48770612478256226e-1
1,10,22,0,-3.87299746274948120e-1
1,11,22,0,-3.22099000215530396e-1
1,12,22,0,-2.53796249628067017e-1
1,13,22,0,-1.83049336075782776e-1
1,14,22,0,-1.10539533197879791e-1
1,15,22,0,-3.69651801884174347e-2
1,16,22,0,3.69651801884174347e-2
1,17,22,0,1.10539533197879791e-1
1,18,22,0,1.83049336075782776e-1
1,19,22,0,2.53796249628067017e-1
1,20,22,0,3.22099000215530396e-1
1,21,22,0,3.87299746274948120e-1
1,22,22,0,4.48770612478256226e-1
1,23,22,0,5.05919575691223145e-1
1,24,22,0,5.58196187019348145e-1
1,25,22,0,6.05097115039825439e-1
1,26,22,0,6.46170675754547119e-1
1,27,22,0,6.81021153926849365e-1
1,28,22,0,7.09313094615936279e-1
1,29,22,0,7.30773985385894775e-1
1,30,22,0,7.45197117328643799e-1
1,31,22,0,7.52443492412567139e-1
1,0,23,0,-6.99540495872497559e-1
1,1,23,0,-6.92803561687469482e-1
1,2,23,0,-6.79394543170928955e-1
1,3,23,0,-6.59442484378814697e-1
1,4,23,0,-6.33139729499816895e-1
1,5,23,0,-6.00739538669586182e-1
1,6,23,0,-5.62553822994232178e-1
1,7,23,0,-5.18950402736663818e-1
1,8,23,0,-4.70349252223968506e-1
1,9,23,0,-4.17218357324600220e-1
1,10,23,0,-3.60069394111633301e-1
1,11,23,0,-2.99452811479568481e-1
1,12,23,0,-2.35952317714691162e-1
1,13,23,0,-1.70179456472396851e-1
1,14,23,0,-1.02767691016197205e-1
1,15,23,0,-3.43662202358245850e-2
1,16,23,0,3.43662202358245850e-2
1,17,23,0,1.02767691016197205e-1
1,18,23,0,1.70179456472396851e-1
1,19,23,0,2.35952317714691162e-1
1,20,23,0,2.99452811479568481e-1
1,21,23,0,3.60069394111633301e-1
1,22,23,0,4.17218357324600220e-1
1,23,23,0,4.70349252223968506e-1
1,24,23,0,5.18950402736663818e-1
1,25,23,0,5.62553822994232178e-1
1,26,23,0,6.00739538669586182e-1
1,27,23,0,6.33139729499816895e-1
1,28,23,0,6.59442484378814697e-1
1,29,23,0,6.79394543170928955e-1
1,30,23,0,6.92803561687469482e-1
1,31,23,0,6.99540495872497559e-1
1,0,24,0,-6.39900565147399902e-1
1,1,24,0,-6.33737981319427490e-1
1,2,24,0,-6.21472179889678955e-1
1,3,24,0,-6.03221178054809570e-1
1,4,24,0,-5.79160869121551514e-1
1,5,24,0,-5.49522936344146729e-1
1,6,24,0,-5.14592826366424561e-1
1,7,24,0,-4.74706858396530151e-1
1,8,24,0,-4.30249214172363281e-1
1,9,24,0,-3.81648033857345581e-1
1,10,24,0,-3.29371333122253418e-1
1,11,24,0,-2.73922711610794067e-1
1,12,24,0,-2.15835988521575928e-1
1,13,24,0,-1.55670657753944397e-1
1,14,24,0,-9.40061584115028381e-2
1,15,24,0,-3.14363017678260803e-2
1,16,24,0,3.14363017678260803e-2
1,17,24,0,9.40061584115028381e-2
1,18,24,0,1.55670657753944397e-1
1,19,24,0,2.15835988521575928e-1
1,20,24,0,2.73922711610794067e-1
1,21,24,0,3.29371333122253418e-1
1,22,24,0,3.81648033857345581e-1
1,23,24,0,4.30249214172363281e-1
1,24,24,0,4.74706858396530151e-1
1,25,24,0,5.14592826366424561e-1
1,26,24,0,5.49522936344146729e-1
1,27,24,0,5.79160869121551514e-1
1,28,24,0,6.03221178054809570e-1
1,29,24,0,6.21472179889678955e-1
1,30,24,0,6.33737981319427490e-1
1,31,24,0,6.39900565147399902e-1
1,0,25,0,-5.74097990989685059e-1
1,1,25,0,-5.68569123744964600e-1
1,2,25,0,-5.57564616203308105e-1
1,3,25,0,-5.41190505027770996e-1
1,4,25,0,-5.19604325294494629e-1
1,5,25,0,-4.93014186620712280e-1
1,6,25,0,-4.61676001548767090e-1
1,7,25,0,-4.25891607999801636e-1
1,8,25,0,-3.86005669832229614e-1
1,9,25,0,-3.42402249574661255e-1
1,10,25,0,-2.95501291751861572e-1
1,11,25,0,-2.45754554867744446e-1
1,12,25,0,-1.93641051650047302e-1
1,13,25,0,-1.39662668108940125e-1
1,14,25,0,-8.43392685055732727e-2
1,15,25,0,-2.82036270946264267e-2
1,16,25,0,2.82036270946264267e-2
1,17,25,0,8.43392685055732727e-2
1,18,25,0,1.39662668108940125e-1
1,19,25,0,1.93641051650047302e-1
1,20,25,0,2.45754554867744446e-1
1,21,25,0,2.95501291751861572e-1
1,22,25,0,3.42402249574661255e-1
1,23,25,0,3.86005669832229614e-1
1,24,25,0,4.25891607999801636e-1
1,25,25,0,4.61676001548767090e-1
1,26,25,0,4.93014186620712280e-1
1,27,25,0,5.19604325294494629e-1
1,28,25,0,5.41190505027770996e-1
1,29,25,0,5.57564616203308105e-1
1,30,25,0,5.68569123744964600e-1
1,31,25,0,5.74097990989685059e-1
1,0,26,0,-5.02766609191894531e-1
1,1,26,0,-4.97924685478210449e-1
1,2,26,0,-4.88287508487701416e-1
1,3,26,0,-4.73947852849960327e-1
1,4,26,0,-4.55043762922286987e-1
1,5,26,0,-4.31757390499114990e-1
1,6,26,0,-4.04312968254089355e-1
1,7,26,0,-3.72974812984466553e-1
1,8,26,0,-3.38044643402099609e-1
1,9,26,0,-2.99858957529067993e-1
1,10,26,0,-2.58785426616668701e-1
1,11,26,0,-2.15219691395759583e-1
1,12,26,0,-1.69581249356269836e-1
1,13,26,0,-1.22309647500514984e-1
1,14,26,0,-7.38601610064506531e-2
1,15,26,0,-2.46993396431207657e-2
1,16,26,0,2.46993396431207657e-2
1,17,26,0,7.38601610064506531e-2
1,18,26,0,1.22309647500514984e-1
1,19,26,0,1.69581249356269836e-1
1,20,26,0,2.15219691395759583e-1
1,21,26,0,2.58785426616668701e-1
1,22,26,0,2.99858957529067993e-1
1,23,26,0,3.38044643402099609e-1
1,24,26,0,3.72974812984466553e-1
1,25,26,0,4.04312968254089355e-1
1,26,26,0,4.31757390499114990e-1
1,27,26,0,4.55043762922286987e-1
1,28,26,0,4.73947852849960327e-1
1,29,26,0,4.88287508487701416e-1
1,30,26,0,4.97924685478210449e-1
1,31,26,0,5.02766609191894531e-1
1,0,27,0,-4.26593303680419922e-1
1,1,27,0,-4.22484993934631348e-1
1,2,27,0,-4.14307922124862671e-1
1,3,27,0,-4.02140825986862183e-1
1,4,27,0,-3.86100888252258301e-1
1,5,27,0,-3.66342604160308838e-1
1,6,27,0,-3.43056201934814453e-1
1,7,27,0,-3.16466033458709717e-1
1,8,27,0,-2.86828070878982544e-1
1,9,27,0,-2.54427820444107056e-1
1,10,27,0,-2.19577297568321228e-1
1,11,27,0,-1.82612121105194092e-1
1,12,27,0,-1.43888279795646667e-1
1,13,27,0,-1.03778727352619171e-1
1,14,27,0,-6.26697242259979248e-2
1,15,27,0,-2.09571849554777145e-2
1,16,27,0,2.09571849554777145e-2
1,17,27,0,6.26697242259979248e-2
1,18,27,0,1.03778727352619171e-1
1,19,27,0,1.43888279795646667e-1
1,20,27,0,1.82612121105194092e-1
1,21,27,0,2.19577297568321228e-1
1,22,27,0,2.54427820444107056e-1
1,23,27,0,2.86828070878982544e-1
1,24,27,0,3.16466033458709717e-1
1,25,27,0,3.43056201934814453e-1
1,26,27,0,3.66342604160308838e-1
1,27,27,0,3.86100888252258301e-1
1,28,27,0,4.02140825986862183e-1
1,29,27,0,4.14307922124862671e-1
1,30,27,0,4.22484993934631348e-1
1,31,27,0,4.26593303680419922e-1
1,0,28,0,-3.46311718225479126e-1
1,1,28,0,-3.42976510524749756e-1
1,2,28,0,-3.36338281631469727e-1
1,3,28,0,-3.26460927724838257e-1
1,4,28,0,-3.13439637422561646e-1
1,5,28,0,-2.97399669885635376e-1
1,6,28,0,-2.78495609760284424e-1
1,7,28,0,-2.56909489631652832e-1
1,8,28,0,-2.32849195599555969e-1
1,9,28,0,-2.06546440720558167e-1
1,10,28,0,-1.78254500031471252e-1
1,11,28,0,-1.48245915770530701e-1
1,12,28,0,-1.16809599101543427e-1
1,13,28,0,-8.42483416199684143e-2
1,14,28,0,-5.08757606148719788e-2
1,15,28,0,-1.70132126659154892e-2
1,16,28,0,1.70132126659154892e-2
1,17,28,0,5.08757606148719788e-2
1,18,28,0,8.42483416199684143e-2
1,19,28,0,1.16809599101543427e-1
1,20,28,0,1.48245915770530701e-1
1,21,28,0,1.78254500031471252e-1
1,22,28,0,2.06546440720558167e-1
1,23,28,0,2.32849195599555969e-1
1,24,28,0,2.56909489631652832e-1
1,25,28,0,2.78495609760284424e-1
1,26,28,0,2.97399669885635376e-1
1,27,28,0,3.13439637422561646e-1
1,28,28,0,3.26460927724838257e-1
1,29,28,0,3.36338281631469727e-1
1,30,28,0,3.42976510524749756e-1
1,31,28,0,3.46311718225479126e-1
1,0,29,0,-2.62694925069808960e-1
1,1,29,0,-2.60164976119995117e-1
1,2,29,0,-2.55129575729370117e-1
1,3,29,0,-2.47637093067169189e-1
1,4,29,0,-2.37759754061698914e-1
1,5,29,0,-2.25592643022537231e-1
1,6,29,0,-2.11252957582473755e-1
1,7,29,0,-1.94878816604614258e-1
1,8,29,0,-1.76627874374389648e-1
1,9,29,0,-1.56675890088081360e-1
1,10,29,0,-1.35215029120445251e-1
1,11,29,0,-1.12451985478401184e-1
1,12,29,0,-8.86059775948524475e-2
1,13,29,0,-6.39066249132156372e-2
1,14,29,0,-3.85918281972408295e-2
1,15,29,0,-1.29053639248013496e-2
1,16,29,0,1.29053639248013496e-2
1,17,29,0,3.85918281972408295e-2
1,18,29,0,6.39066249132156372e-2
1,19,29,0,8.86059775948524475e-2
1,20,29,0,1.12451985478401184e-1
1,21,29,0,1.35215029120445251e-1
1,22,29,0,1.56675890088081360e-1
1,23,29,0,1.76627874374389648e-1
1,24,29,0,1.94878816604614258e-1
1,25,29,0,2.11252957582473755e-1
1,26,29,0,2.25592643022537231e-1
1,27,29,0,2.37759754061698914e-1
1,28,29,0,2.47637093067169189e-1
1,29,29,0,2.55129575729370117e-1
1,30,29,0,2.60164976119995117e-1
1,31,29,0,2.62694925069808960e-1
1,0,30,0,-1.76548197865486145e-1
1,1,30,0,-1.74847930669784546e-1
1,2,30,0,-1.71463787555694580e-1
1,3,30,0,-1.66428357362747192e-1
1,4,30,0,-1.59790128469467163e-1
1,5,30,0,-1.51613041758537292e-1
1,6,30,0,-1.41975820064544678e-1
1,7,30,0,-1.30971327424049377e-1
1,8,30,0,-1.18705503642559052e-1
1,9,30,0,-1.05296477675437927e-1
1,10,30,0,-9.08733755350112915e-2
1,11,30,0,-7.55751058459281921e-2
1,12,30,0,-5.95490224659442902e-2
1,13,30,0,-4.29494343698024750e-2
1,14,30,0,-2.59362328797578812e-2
1,15,30,0,-8.67325253784656525e-3
1,16,30,0,8.67325253784656525e-3
1,17,30,0,2.59362328797578812e-2
1,18,30,0,4.29494343698024750e-2
1,19,30,0,5.95490224659442902e-2
1,20,30,0,7.55751058459281921e-2
1,21,30,0,9.08733755350112915e-2
1,22,30,0,1.05296477675437927e-1
1,23,30,0,1.18705503642559052e-1
1,24,30,0,1.30971327424049377e-1
1,25,30,0,1.41975820064544678e-1
1,26,30,0,1.51613041758537292e-1
1,27,30,0,1.59790128469467163e-1
1,28,30,0,1.66428357362747192e-1
1,29,30,0,1.71463787555694580e-1
1,30,30,0,1.74847930669784546e-1
1,31,30,0,1.76548197865486145e-1
1,0,31,0,-8.87012183666229248e-2
1,1,31,0,-8.78469720482826233e-2
1,2,31,0,-8.61467197537422180e-2
1,3,31,0,-8.36168229579925537e-2
1,4,31,0,-8.02816376090049744e-2
1,5,31,0,-7.61733204126358032e-2
1,6,31,0,-7.13313966989517212e-2
1,7,31,0,-6.58025220036506653e-2
1,8,31,0,-5.96399269998073578e-2
1,9,31,0,-5.29029741883277893e-2
1,10,31,0,-4.56565469503402710e-2
1,11,31,0,-3.79703864455223083e-2
1,12,31,0,-2.99185700714588165e-2
1,13,31,0,-2.15786267071962357e-2
1,14,31,0,-1.30308689549565315e-2
1,15,31,0,-4.35761036351323128e-3
1,16,31,0,4.35761036351323128e-3
1,17,31,0,1.30308689549565315e-2
1,18,31,0,2.15786267071962357e-2
1,19,31,0,2.99185700714588165e-2
1,20,31,0,3.79703864455223083e-2
1,21,31,0,4.56565469503402710e-2
1,22,31,0,5.29029741883277893e-2
1,23,31,0,5.96399269998073578e-2
1,24,31,0,6.58025220036506653e-2
1,25,31,0,7.13313966989517212e-2
1,26,31,0,7.61733204126358032e-2
1,27,31,0,8.02816376090049744e-2
1,28,31,0,8.36168229579925537e-2
1,29,31,0,8.61467197537422180e-2
1,30,31,0,8.78469720482826233e-2
1,31,31,0,8.87012183666229248e-2
1,0,32,0,0.00000000000000000e0
1,1,32,0,0.00000000000000000e0
1,2,32,0,0.00000000000000000e0
1,3,32,0,0.00000000000000000e0
1,4,32,0,0.00000000000000000e0
1,5,32,0,0.00000000000000000e0
1,6,32,0,0.00000000000000000e0
1,7,32,0,0.00000000000000000e0
1,8,32,0,0.00000000000000000e0
1,9,32,0,0.00000000000000000e0
1,10,32,0,0.00000000000000000e0
1,11,32,0,0.00000000000000000e0
1,12,32,0,0.00000000000000000e0
1,13,32,0,0.00000000000000000e0
1,14,32,0,0.00000000000000000e0
1,15,32,0,0.00000000000000000e0
1,16,32,0,0.00000000000000000e0
1,17,32,0,0.00000000000000000e0
1,18,32,0,0.00000000000000000e0
1,19,32,0,0.00000000000000000e0
1,20,32,0,0.00000000000000000e0
1,21,32,0,0.00000000000000000e0
1,22,32,0,0.00000000000000000e0
1,23,32,0,0.00000000000000000e0
1,24,32,0,0.00000000000000000e0
1,25,32,0,0.00000000000000000e0
1,26,32,0,0.00000000000000000e0
1,27,32,0,0.00000000000000000e0
1,28,32,0,0.00000000000000000e0
1,29,32,0,0.00000000000000000e0
1,30,32,0,0.00000000000000000e0
1,31,32,0,0.00000000000000000e0
1,0,0,1,0.00000000000000000e0
1,1,0,1,0.00000000000000000e0
1,2,0,1,0.00000000000000000e0
1,3,0,1,0.00000000000000000e0
1,4,0,1,0.00000000000000000e0
1,5,0,1,0.00000000000000000e0
1,6,0,1,0.00000000000000000e0
1,7,0,1,0.00000000000000000e0
1,8,0,1,0.00000000000000000e0
1,9,0,1,0.00000000000000000e0
1,10,0,1,0.00000000000000000e0
1,11,0,1,0.00000000000000000e0
1,12,0,1,0.00000000000000000e0
1,13,0,1,0.00000000000000000e0
1,14,0,1,0.00000000000000000e0
1,15,0,1,0.00000000000000000e0
1,16,0,1,0.00000000000000000e0
1,17,0,1,0.00000000000000000e0
1,18,0,1,0.00000000000000000e0
1,19,0,1,0.00000000000000000e0
1,20,0,1,0.00000000000000000e0
1,21,0,1,0.00000000000000000e0
1,22,0,1,0.00000000000000000e0
1,23,0,1,0.00000000000000000e0
1,24,0,1,0.00000000000000000e0
1,25,0,1,0.00000000000000000e0
1,26,0,1,0.00000000000000000e0
1,27,0,1,0.00000000000000000e0
1,28,0,1,0.00000000000000000e0
1,29,0,1,0.00000000000000000e0
1,30,0,1,0.00000000000000000e0
1,31,0,1,0.00000000000000000e0
1,0,1,1,-8.87012183666229248e-2
1,1,1,1,-8.78469720482826233e-2
1,2,1,1,-8.61467197537422180e-2
1,3,1,1,-8.36168229579925537e-2
1,4,1,1,-8.02816376090049744e-2
1,5,1,1,-7.61733204126358032e-2
1,6,1,1,-7.13313966989517212e-2
1,7,1,1,-6.58025220036506653e-2
1,8,1,1,-5.96399269998073578e-2
1,9,1,1,-5.29029741883277893e-2
1,10,1,1,-4.56565469503402710e-2
1,11,1,1,-3.79703864455223083e-2
1,12,1,1,-2.99185700714588165e-2
1,13,1,1,-2.15786267071962357e-2
1,14,1,1,-1.30308689549565315e-2
1,15,1,1,-4.35761036351323128e-3
1,16,1,1,4.35761036351323128e-3
1,17,1,1,1.30308689549565315e-2
1,18,1,1,2.15786267071962357e-2
1,19,1,1,2.99185700714588165e-2
1,20,1,1,3.79703864455223083e-2
1,21,1,1,4.56565469503402710e-2
1,22,1,1,5.29029741883277893e-2
1,23,1,1,5.96399269998073578e-2
1,24,1,1,6.58025220036506653e-2
1,25,1,1,7.13313966989517212e-2
1,26,1,1,7.61733204126358032e-2
1,27,1,1,8.02816376090049744e-2
1,28,1,1,8.36168229579925537e-2
1,29,1,1,8.61467197537422180e-2
1,30,1,1,8.78469720482826233e-2
1,31,1,1,8.87012183666229248e-2
1,0,2,1,-1.76548197865486145e-1
1,1,2,1,-1.74847930669784546e-1
1,2,2,1,-1.71463787555694580e-1
1,3,2,1,-1.66428357362747192e-1
1,4,2,1,-1.59790128469467163e-1
1,5,2,1,-1.51613041758537292e-1
1,6,2,1,-1.41975820064544678e-1
1,7,2,1,-1.30971327424049377e-1
1,8,2,1,-1.18705503642559052e-1
1,9,2,1,-1.05296477675437927e-1
1,10,2,1,-9.08733755350112915e-2
1,11,2,1,-7.55751058459281921e-2
1,12,2,1,-5.95490224659442902e-2
1,13,2,1,-4.29494343698024750e-2
1,14,2,1,-2.59362328797578812e-2
1,15,2,1,-8.67325253784656525e-3
1,16,2,1,8.67325253784656525e-3
1,17,2,1,2.59362328797578812e-2
1,18,2,1,4.29494343698024750e-2
1,19,2,1,5.95490224659442902e-2
1,20,2,1,7.55751058459281921e-2
1,21,2,1,9.08733755350112915e-2
1,22,2,1,1.05296477675437927e-1
1,23,2,1,1.18705503642559052e-1
1,24,2,1,1.30971327424049377e-1
1,25,2,1,1.41975820064544678e-1
1,26,2,1,1.51613041758537292e-1
1,27,2,1,1.59790128469467163e-1
1,28,2,1,1.66428357362747192e-1
1,29,2,1,1.71463787555694580e-1
1,30,2,1,1.74847930669784546e-1
1,31,2,1,1.76548197865486145e-1
1,0,3,1,-2.62694925069808960e-1
1,1,3,1,-2.60164976119995117e-1
1,2,3,1,-2.55129575729370117e-1
1,3,3,1,-2.47637093067169189e-1
1,4,3,1,-2.37759754061698914e-1
1,5,3,1,-2.25592643022537231e-1
1,6,3,1,-2.11252957582473755e-1
1,7,3,1,-1.94878816604614258e-1
1,8,3,1,-1.76627874374389648e-1
1,9,3,1,-1.56675890088081360e-1
1,10,3,1,-1.35215029120445251e-1
1,11,3,1,-1.12451985478401184e-1
1,12,3,1,-8.86059775948524475e-2
1,13,3,1,-6.39066249132156372e-2
1,14,3,1,-3.85918281972408295e-2
1,15,3,1,-1.29053639248013496e-2
1,16,3,1,1.29053639248013496e-2
1,17,3,1,3.85918281972408295e-2
1,18,3,1,6.39066249132156372e-2
1,19,3,1,8.86059775948524475e-2
1,20,3,1,1.12451985478401184e-1
1,21,3,1,1.35215029120445251e-1
1,22,3,1,1.56675890088081360e-1
1,23,3,1,1.76627874374389648e-1
1,24,3,1,1.94878816604614258e-1
1,25,3,1,2.11252957582473755e-1
1,26,3,1,2.25592643022537231e-1
1,27,3,1,2.37759754061698914e-1
1,28,3,1,2.47637093067169189e-1
1,29,3,1,2.55129575729370117e-1
1,30,3,1,2.60164976119995117e-1
1,31,3,1,2.62694925069808960e-1
1,0,4,1,-3.46311718225479126e-1
1,1,4,1,-3.42976510524749756e-1
1,2,4,1,-3.36338281631469727e-1
1,3,4,1,-3.26460927724838257e-1
1,4,4,1,-3.13439637422561646e-1
1,5,4,1,-2.97399669885635376e-1
1,6,4,1,-2.78495609760284424e-1
1,7,4,1,-2.56909489631652832e-1
1,8,4,1,-2.32849195599555969e-1
1,9,4,1,-2.06546440720558167e-1
1,10,4,1,-1.78254500031471252e-1
1,11,4,1,-1.48245915770530701e-1
1,12,4,1,-1.16809599101543427e-1
1,13,4,1,-8.42483416199684143e-2
1,14,4,1,-5.08757606148719788e-2
1,15,4,1,-1.70132126659154892e-2
1,16,4,1,1.70132126659154892e-2
1,17,4,1,5.08757606148719788e-2
1,18,4,1,8.42483416199684143e-2
1,19,4,1,1.16809599101543427e-1
1,20,4,1,1.48245915770530701e-1
1,21,4,1,1.78254500031471252e-1
1,22,4,1,2.06546440720558167e-1
1,23,4,1,2.32849195599555969e-1
1,24,4,1,2.56909489631652832e-1
1,25,4,1,2.78495609760284424e-1
1,26,4,1,2.97399669885635376e-1
1,27,4,1,3.13439637422561646e-1
1,28,4,1,3.26460927724838257e-1
1,29,4,1,3.36338281631469727e-1
1,30,4,1,3.42976510524749756e-1
1,31,4,1,3.46311718225479126e-1
1,0,5,1,-4.26593303680419922e-1
1,1,5,1,-4.22484993934631348e-1
1,2,5,1,-4.14307922124862671e-1
1,3,5,1,-4.02140825986862183e-1
1,4,5,1,-3.86100888252258301e-1
1,5,5,1,-3.66342604160308838e-1
1,6,5,1,-3.43056201934814453e-1
1,7,5,1,-3.16466033458709717e-1
1,8,5,1,-2.86828070878982544e-1
1,9,5,1,-2.54427820444107056e-1
1,10,5,1,-2.19577297568321228e-1
1,11,5,1,-1.82612121105194092e-1
1,12,5,1,-1.43888279795646667e-1
1,13,5,1,-1.03778727352619171e-1
1,14,5,1,-6.26697242259979248e-2
1,15,5,1,-2.09571849554777145e-2
1,16,5,1,2.09571849554777145e-2
1,17,5,1,6.26697242259979248e-2
1,18,5,1,1.03778727352619171e-1
1,19,5,1,1.43888279795646667e-1
1,20,5,1,1.82612121105194092e-1
1,21,5,1,2.19577297568321228e-1
1,22,5,1,2.54427820444107056e-1
1,23,5,1,2.86828070878982544e-1
1,24,5,1,3.16466033458709717e-1
1,25,5,1,3.43056201934814453e-1
1,26,5,1,3.66342604160308838e-1
1,27,5,1,3.86100888252258301e-1
1,28,5,1,4.02140825986862183e-1
1,29,5,1,4.14307922124862671e-1
1,30,5,1,4.22484993934631348e-1
1,31,5,1,4.26593303680419922e-1
1,0,6,1,-5.02766609191894531e-1
1,1,6,1,-4.97924685478210449e-1
1,2,6,1,-4.88287508487701416e-1
1,3,6,1,-4.73947852849960327e-1
1,4,6,1,-4.55043762922286987e-1
1,5,6,1,-4.31757390499114990e-1
1,6,6,1,-4.04312968254089355e-1
1,7,6,1,-3.72974812984466553e-1
1,8,6,1,-3.38044643402099609e-1
1,9,6,1,-2.99858957529067993e-1
1,10,6,1,-2.58785426616668701e-1
1,11,6,1,-2.15219691395759583e-1
1,12,6,1,-1.69581249356269836e-1
1,13,6,1,-1.22309647500514984e-1
1,14,6,1,-7.38601610064506531e-2
1,15,6,1,-2.46993396431207657e-2
1,16,6,1,2.46993396431207657e-2
1,17,6,1,7.38601610064506531e-2
1,18,6,1,1.22309647500514984e-1
1,19,6,1,1.69581249356269836e-1
1,20,6,1,2.15219691395759583e-1
1,21,6,1,2.58785426616668701e-1
1,22,6,1,2.99858957529067993e-1
1,23,6,1,3.38044643402099609e-1
1,24,6,1,3.72974812984466553e-1
1,25,6,1,4.04312968254089355e-1
1,26,6,1,4.31757390499114990e-1
1,27,6,1,4.55043762922286987e-1
1,28,6,1,4.73947852849960327e-1
1,29,6,1,4.88287508487701416e-1
1,30,6,1,4.97924685478210449e-1
1,31,6,1,5.02766609191894531e-1
1,0,7,1,-5.74097990989685059e-1
1,1,7,1,-5.68569123744964600e-1
1,2,7,1,-5.57564616203308105e-1
1,3,7,1,-5.41190505027770996e-1
1,4,7,1,-5.19604325294494629e-1
1,5,7,1,-4.93014186620712280e-1
1,6,7,1,-4.61676001548767090e-1
1,7,7,1,-4.25891607999801636e-1
1,8,7,1,-3.86005669832229614e-1
1,9,7,1,-3.42402249574661255e-1
1,10,7,1,-2.95501291751861572e-1
1,11,7,1,-2.45754554867744446e-1
1,12,7,1,-1.93641051650047302e-1
1,13,7,1,-1.39662668108940125e-1
1,14,7,1,-8.43392685055732727e-2
1,15,7,1,-2.82036270946264267e-2
1,16,7,1,2.82036270946264267e-2
1,17,7,1,8.43392685055732727e-2
1,18,7,1,1.39662668108940125e-1
1,19,7,1,1.93641051650047302e-1
1,20,7,1,2.45754554867744446e-1
1,21,7,1,2.95501291751861572e-1
1,22,7,1,3.42402249574661255e-1
1,23,7,1,3.86005669832229614e-1
1,24,7,1,4.25891607999801636e-1
1,25,7,1,4.61676001548767090e-1
1,26,7,1,4.93014186620712280e-1
1,27,7,1,5.19604325294494629e-1
1,28,7,1,5.41190505027770996e-1
1,29,7,1,5.57564616203308105e-1
1,30,7,1,5.68569123744964600e-1
1,31,7,1,5.74097990989685059e-1
1,0,8,1,-6.39900565147399902e-1
1,1,8,1,-6.33737981319427490e-1
1,2,8,1,-6.21472179889678955e-1
1,3,8,1,-6.03221178054809570e-1
1,4,8,1,-5.79160869121551514e-1
1,5,8,1,-5.49522936344146729e-1
1,6,8,1,-5.14592826366424561e-1
1,7,8,1,-4.74706858396530151e-1
1,8,8,1,-4.30249214172363281e-1
1,9,8,1,-3.81648033857345581e-1
1,10,8,1,-3.29371333122253418e-1
1,11,8,1,-2.73922711610794067e-1
1,12,8,1,-2.15835988521575928e-1
1,13,8,1,-1.55670657753944397e-1
1,14,8,1,-9.40061584115028381e-2
1,15,8,1,-3.14363017678260803e-2
1,16,8,1,3.14363017678260803e-2
1,17,8,1,9.40061584115028381e-2
1,18,8,1,1.55670657753944397e-1
1,19,8,1,2.15835988521575928e-1
1,20,8,1,2.73922711610794067e-1
1,21,8,1,3.29371333122253418e-1
1,22,8,1,3.81648033857345581e-1
1,23,8,1,4.30249214172363281e-1
1,24,8,1,4.74706858396530151e-1
1,25,8,1,5.14592826366424561e-1
1,26,8,1,5.49522936344146729e-1
1,27,8,1,5.79160869121551514e-1
1,28,8,1,6.03221178054809570e-1
1,29,8,1,6.21472179889678955e-1
1,30,8,1,6.33737981319427490e-1
1,31,8,1,6.39900565147399902e-1
1,0,9,1,-6.99540495872497559e-1
1,1,9,1,-6.92803561687469482e-1
1,2,9,1,-6.79394543170928955e-1
1,3,9,1,-6.59442484378814697e-1
1,4,9,1,-6.33139729499816895e-1
1,5,9,1,-6.00739538669586182e-1
1,6,9,1,-5.62553822994232178e-1
1,7,9,1,-5.18950402736663818e-1
1,8,9,1,-4.70349252223968506e-1
1,9,9,1,-4.17218357324600220e-1
1,10,9,1,-3.60069394111633301e-1
1,11,9,1,-2.99452811479568481e-1
1,12,9,1,-2.35952317714691162e-1
1,13,9,1,-1.70179456472396851e-1
1,14,9,1,-1.02767691016197205e-1
1,15,9,1,-3.43662202358245850e-2
1,16,9,1,3.43662202358245850e-2
1,17,9,1,1.02767691016197205e-1
1,18,9,1,1.70179456472396851e-1
1,19,9,1,2.35952317714691162e-1
1,20,9,1,2.99452811479568481e-1
1,21,9,1,3.60069394111633301e-1
1,22,9,1,4.17218357324600220e-1
1,23,9,1,4.70349252223968506e-1
1,24,9,1,5.18950402736663818e-1
1,25,9,1,5.62553822994232178e-1
1,26,9,1,6.00739538669586182e-1
1,27,9,1,6.33139729499816895e-1
1,28,9,1,6.59442484378814697e-1
1,29,9,1,6.79394543170928955e-1
1,30,9,1,6.92803561687469482e-1
1,31,9,1,6.99540495872497559e-1
1,0,10,1,-7.52443492412567139e-1
1,1,10,1,-7.45197117328643799e-1
1,2,10,1,-7.30773985385894775e-1
1,3,10,1,-7.09313094615936279e-1
1,4,10,1,-6.81021153926849365e-1
1,5,10,1,-6.46170675754547119e-1
1,6,10,1,-6.05097115039825439e-1
1,7,10,1,-5.58196187019348145e-1
1,8,10,1,-5.05919575691223145e-1
1,9,10,1,-4.48770612478256226e-1
1,10,10,1,-3.87299746274948120e-1
1,11,10,1,-3.22099000215530396e-1
1,12,10,1,-2.53796249628067017e-1
1,13,10,1,-1.83049336075782776e-1
1,14,10,1,-1.10539533197879791e-1
1,15,10,1,-3.69651801884174347e-2
1,16,10,1,3.69651801884174347e-2
1,17,10,1,1.10539533197879791e-1
1,18,10,1,1.83049336075782776e-1
1,19,10,1,2.53796249628067017e-1
1,20,10,1,3.22099000215530396e-1
1,21,10,1,3.87299746274948120e-1
1,22,10,1,4.48770612478256226e-1
1,23,10,1,5.05919575691223145e-1
1,24,10,1,5.58196187019348145e-1
1,25,10,1,6.05097115039825439e-1
1,26,10,1,6.46170675754547119e-1
1,27,10,1,6.81021153926849365e-1
1,28,10,1,7.09313094615936279e-1
1,29,10,1,7.30773985385894775e-1
1,30,10,1,7.45197117328643799e-1
1,31,10,1,7.52443492412567139e-1
1,0,11,1,-7.98100113868713379e-1
1,1,11,1,-7.90413975715637207e-1
1,2,11,1,-7.75115668773651123e-1
1,3,11,1,-7.52352595329284668e-1
1,4,11,1,-7.22343981266021729e-1
1,5,11,1,-6.85378789901733398e-1
1,6,11,1,-6.41813039779663086e-1
1,7,11,1,-5.92066228389739990e-1
1,8,11,1,-5.36617636680603027e-1
1,9,11,1,-4.76000964641571045e-1
1,10,11,1,-4.10800218582153320e-1
1,11,11,1,-3.41643214225769043e-1
1,12,11,1,-2.69196033477783203e-1
1,13,11,1,-1.94156333804130554e-1
1,14,11,1,-1.17246821522712708e-1
1,15,11,1,-3.92081364989280701e-2
1,16,11,1,3.92081364989280701e-2
1,17,11,1,1.17246821522712708e-1
1,18,11,1,1.94156333804130554e-1
1,19,11,1,2.69196033477783203e-1
1,20,11,1,3.41643214225769043e-1
1,21,11,1,4.10800218582153320e-1
1,22,11,1,4.76000964641571045e-1
1,23,11,1,5.36617636680603027e-1
1,24,11,1,5.92066228389739990e-1
1,25,11,1,6.41813039779663086e-1
1,26,11,1,6.85378789901733398e-1
1,27,11,1,7.22343981266021729e-1
1,28,11,1,7.52352595329284668e-1
1,29,11,1,7.75115668773651123e-1
1,30,11,1,7.90413975715637207e-1
1,31,11,1,7.98100113868713379e-1
1,0,12,1,-8.36070537567138672e-1
1,1,12,1,-8.28018724918365479e-1
1,2,12,1,-8.11992585659027100e-1
1,3,12,1,-7.88146555423736572e-1
1,4,12,1,-7.56710231304168701e-1
1,5,12,1,-7.17986345291137695e-1
1,6,12,1,-6.72347903251647949e-1
1,7,12,1,-6.20234370231628418e-1
1,8,12,1,-5.62147676944732666e-1
1,9,12,1,-4.98647153377532959e-1
1,10,12,1,-4.30344432592391968e-1
1,11,12,1,-3.57897222042083740e-1
1,12,12,1,-2.82003313302993774e-1
1,13,12,1,-2.03393533825874329e-1
1,14,12,1,-1.22824944555759430e-1
1,15,12,1,-4.10735011100769043e-2
1,16,12,1,4.10735011100769043e-2
1,17,12,1,1.22824944555759430e-1
1,18,12,1,2.03393533825874329e-1
1,19,12,1,2.82003313302993774e-1
1,20,12,1,3.57897222042083740e-1
1,21,12,1,4.30344432592391968e-1
1,22,12,1,4.98647153377532959e-1
1,23,12,1,5.62147676944732666e-1
1,24,12,1,6.20234370231628418e-1
1,25,12,1,6.72347903251647949e-1
1,26,12,1,7.17986345291137695e-1
1,27,12,1,7.56710231304168701e-1
1,28,12,1,7.88146555423736572e-1
1,29,12,1,8.11992585659027100e-1
1,30,12,1,8.28018724918365479e-1
1,31,12,1,8.36070537567138672e-1
1,0,13,1,-8.65989089012145996e-1
1,1,13,1,-8.57649207115173340e-1
1,2,13,1,-8.41049551963806152e-1
1,3,13,1,-8.16350221633911133e-1
1,4,13,1,-7.83788919448852539e-1
1,5,13,1,-7.43679344654083252e-1
1,6,13,1,-6.96407675743103027e-1
1,7,13,1,-6.42429292201995850e-1
1,8,13,1,-5.82264006137847900e-1
1,9,13,1,-5.16491115093231201e-1
1,10,13,1,-4.45744216442108154e-1
1,11,13,1,-3.70704531669616699e-1
1,12,13,1,-2.92094737291336060e-1
1,13,13,1,-2.10671916604042053e-1
1,14,13,1,-1.27220213413238525e-1
1,15,13,1,-4.25433106720447540e-2
1,16,13,1,4.25433106720447540e-2
1,17,13,1,1.27220213413238525e-1
1,18,13,1,2.10671916604042053e-1
1,19,13,1,2.92094737291336060e-1
1,20,13,1,3.70704531669616699e-1
1,21,13,1,4.45744216442108154e-1
1,22,13,1,5.16491115093231201e-1
1,23,13,1,5.82264006137847900e-1
1,24,13,1,6.42429292201995850e-1
1,25,13,1,6.96407675743103027e-1
1,26,13,1,7.43679344654083252e-1
1,27,13,1,7.83788919448852539e-1
1,28,13,1,8.16350221633911133e-1
1,29,13,1,8.41049551963806152e-1
1,30,13,1,8.57649207115173340e-1
1,31,13,1,8.65989089012145996e-1
1,0,14,1,-8.87567698955535889e-1
1,1,14,1,-8.79019975662231445e-1
1,2,14,1,-8.62006723880767822e-1
1,3,14,1,-8.36691915988922119e-1
1,4,14,1,-8.03319334983825684e-1
1,5,14,1,-7.62210309505462646e-1
1,6,14,1,-7.13760733604431152e-1
1,7,14,1,-6.58437311649322510e-1
1,8,14,1,-5.96772849559783936e-1
1,9,14,1,-5.29361069202423096e-1
1,10,14,1,-4.56851214170455933e-1
1,11,14,1,-3.79941731691360474e-1
1,12,14,1,-2.99373149871826172e-1
1,13,14,1,-2.15921446681022644e-1
1,14,14,1,-1.30390271544456482e-1
1,15,14,1,-4.36033979058265686e-2
1,16,14,1,4.36033979058265686e-2
1,17,14,1,1.30390271544456482e-1
1,18,14,1,2.15921446681022644e-1
1,19,14,1,2.99373149871826172e-1
1,20,14,1,3.79941731691360474e-1
1,21,14,1,4.56851214170455933e-1
1,22,14,1,5.29361069202423096e-1
1,23,14,1,5.96772849559783936e-1
1,24,14,1,6.58437311649322510e-1
1,25,14,1,7.13760733604431152e-1
1,26,14,1,7.62210309505462646e-1
1,27,14,1,8.03319334983825684e-1
1,28,14,1,8.36691915988922119e-1
1,29,14,1,8.62006723880767822e-1
1,30,14,1,8.79019975662231445e-1
1,31,14,1,8.87567698955535889e-1
1,0,15,1,-9.00598526000976562e-1
1,1,15,1,-8.91925334930419922e-1
1,2,15,1,-8.74662339687347412e-1
1,3,15,1,-8.48975837230682373e-1
1,4,15,1,-8.15113306045532227e-1
1,5,15,1,-7.73400723934173584e-1
1,6,15,1,-7.24239826202392578e-1
1,7,15,1,-6.68104231357574463e-1
1,8,15,1,-6.05534434318542480e-1
1,9,15,1,-5.37132918834686279e-1
1,10,15,1,-4.63558524847030640e-1
1,11,15,1,-3.85519832372665405e-1
1,12,15,1,-3.03768396377563477e-1
1,13,15,1,-2.19091504812240601e-1
1,14,15,1,-1.32304638624191284e-1
1,15,15,1,-4.42435704171657562e-2
1,16,15,1,4.42435704171657562e-2
1,17,15,1,1.32304638624191284e-1
1,18,15,1,2.19091504812240601e-1
1,19,15,1,3.03768396377563477e-1
1,20,15,1,3.85519832372665405e-1
1,21,15,1,4.63558524847030640e-1
1,22,15,1,5.37132918834686279e-1
1,23,15,1,6.05534434318542480e-1
1,24,15,1,6.68104231357574463e-1
1,25,15,1,7.24239826202392578e-1
1,26,15,1,7.73400723934173584e-1
1,27,15,1,8.15113306045532227e-1
1,28,15,1,8.48975837230682373e-1
1,29,15,1,8.74662339687347412e-1
1,30,15,1,8.91925334930419922e-1
1,31,15,1,9.00598526000976562e-1
1,0,16,1,-9.04956161975860596e-1
1,1,16,1,-8.96240949630737305e-1
1,2,16,1,-8.78894448280334473e-1
1,3,16,1,-8.53083670139312744e-1
1,4,16,1,-8.19057285785675049e-1
1,5,16,1,-7.77142882347106934e-1
1,6,16,1,-7.27744162082672119e-1
1,7,16,1,-6.71336948871612549e-1
1,8,16,1,-6.08464360237121582e-1
1,9,16,1,-5.39731860160827637e-1
1,10,16,1,-4.65801477432250977e-1
1,11,16,1,-3.87385219335556030e-1
1,12,16,1,-3.05238217115402222e-1
1,13,16,1,-2.20151588320732117e-1
1,14,16,1,-1.32944807410240173e-1
1,15,16,1,-4.44576479494571686e-2
1,16,16,1,4.44576479494571686e-2
1,17,16,1,1.32944807410240173e-1
1,18,16,1,2.20151588320732117e-1
1,19,16,1,3.05238217115402222e-1
1,20,16,1,3.87385219335556030e-1
1,21,16,1,4.65801477432250977e-1
1,22,16,1,5.39731860160827637e-1
1,23,16,1,6.08464360237121582e-1
1,24,16,1,6.71336948871612549e-1
1,25,16,1,7.27744162082672119e-1
1,26,16,1,7.77142882347106934e-1
1,27,16,1,8.19057285785675049e-1
1,28,16,1,8.53083670139312744e-1
1,29,16,1,8.78894448280334473e-1
1,30,16,1,8.96240949630737305e-1
1,31,16,1,9.04956161975860596e-1
1,0,17,1,-9.00598526000976562e-1
1,1,17,1,-8.91925334930419922e-1
1,2,17,1,-8.74662339687347412e-1
1,3,17,1,-8.48975837230682373e-1
1,4,17,1,-8.15113306045532227e-1
1,5,17,1,-7.73400723934173584e-1
1,6,17,1,-7.24239826202392578e-1
1,7,17,1,-6.68104231357574463e-1
1,8,17,1,-6.05534434318542480e-1
1,9,17,1,-5.37132918834686279e-1
1,10,17,1,-4.63558524847030640e-1
1,11,17,1,-3.85519832372665405e-1
1,12,17,1,-3.03768396377563477e-1
1,13,17,1,-2.19091504812240601e-1
1,14,17,1,-1.32304638624191284e-1
1,15,17,1,-4.42435704171657562e-2
1,16,17,1,4.42435704171657562e-2
1,17,17,1,1.32304638624191284e-1
1,18,17,1,2.19091504812240601e-1
1,19,17,1,3.03768396377563477e-1
1,20,17,1,3.85519832372665405e-1
1,21,17,1,4.63558524847030640e-1
1,22,17,1,5.37132918834686279e-1
1,23,17,1,6.05534434318542480e-1
1,24,17,1,6.68104231357574463e-1
1,25,17,1,7.24239826202392578e-1
1,26,17,1,7.73400723934173584e-1
1,27,17,1,8.15113306045532227e-1
1,28,17,1,8.48975837230682373e-1
1,29,17,1,8.74662339687347412e-1
1,30,17,1,8.91925334930419922e-1
1,31,17,1,9.00598526000976562e-1
1,0,18,1,-8.87567698955535889e-1
1,1,18,1,-8.79019975662231445e-1
1,2,18,1,-8.62006723880767822e-1
1,3,18,1,-8.36691915988922119e-1
1,4,18,1,-8.03319334983825684e-1
1,5,18,1,-7.62210309505462646e-1
1,6,18,1,-7.13760733604431152e-1
1,7,18,1,-6.58437311649322510e-1
1,8,18,1,-5.96772849559783936e-1
1,9,18,1,-5.29361069202423096e-1
1,10,18,1,-4.56851214170455933e-1
1,11,18,1,-3.79941731691360474e-1
1,12,18,1,-2.99373149871826172e-1
1,13,18,1,-2.15921446681022644e-1
1,14,18,1,-1.30390271544456482e-1
1,15,18,1,-4.36033979058265686e-2
1,16,18,1,4.36033979058265686e-2
1,17,18,1,1.30390271544456482e-1
1,18,18,1,2.15921446681022644e-1
1,19,18,1,2.99373149871826172e-1
1,20,18,1,3.79941731691360474e-1
1,21,18,1,4.56851214170455933e-1
1,22,18,1,5.29361069202423096e-1
1,23,18,1,5.96772849559783936e-1
1,24,18,1,6.58437311649322510e-1
1,25,18,1,7.13760733604431152e-1
1,26,18,1,7.62210309505462646e-1
1,27,18,1,8.03319334983825684e-1
1,28,18,1,8.36691915988922119e-1
1,29,18,1,8.62006723880767822e-1
1,30,18,1,8.79019975662231445e-1
1,31,18,1,8.87567698955535889e-1
1,0,19,1,-8.65989089012145996e-1
1,1,19,1,-8.57649207115173340e-1
1,2,19,1,-8.41049551963806152e-1
1,3,19,1,-8.16350221633911133e-1
1,4,19,1,-7.83788919448852539e-1
1,5,19,1,-7.43679344654083252e-1
1,6,19,1,-6.96407675743103027e-1
1,7,19,1,-6.42429292201995850e-1
1,8,19,1,-5.82264006137847900e-1
1,9,19,1,-5.16491115093231201e-1
1,10,19,1,-4.45744216442108154e-1
1,11,19,1,-3.70704531669616699e-1
1,12,19,1,-2.92094737291336060e-1
1,13,19,1,-2.10671916604042053e-1
1,14,19,1,-1.27220213413238525e-1
1,15,19,1,-4.25433106720447540e-2
1,16,19,1,4.25433106720447540e-2
1,17,19,1,1.27220213413238525e-1
1,18,19,1,2.10671916604042053e-1
1,19,19,1,2.92094737291336060e-1
1,20,19,1,3.70704531669616699e-1
1,21,19,1,4.45744216442108154e-1
1,22,19,1,5.16491115093231201e-1
1,23,19,1,5.82264006137847900e-1
1,24,19,1,6.42429292201995850e-1
1,25,19,1,6.96407675743103027e-1
1,26,19,1,7.43679344654083252e-1
1,27,19,1,7.83788919448852539e-1
1,28,19,1,8.16350221633911133e-1
1,29,19,1,8.41049551963806152e-1
1,30,19,1,8.57649207115173340e-1
1,31,19,1,8.65989089012145996e-1
1,0,20,1,-8.36070537567138672e-1
1,1,20,1,-8.28018724918365479e-1
1,2,20,1,-8.11992585659027100e-1
1,3,20,1,-7.88146555423736572e-1
1,4,20,1,-7.56710231304168701e-1
1,5,20,1,-7.17986345291137695e-1
1,6,20,1,-6.72347903251647949e-1
1,7,20,1,-6.20234370231628418e-1
1,8,20,1,-5.62147676944732666e-1
1,9,20,1,-4.98647153377532959e-1
1,10,20,1,-4.30344432592391968e-1
1,11,20,1,-3.57897222042083740e-1
1,12,20,1,-2.82003313302993774e-1
1,13,20,1,-2.03393533825874329e-1
1,14,20,1,-1.22824944555759430e-1
1,15,20,1,-4.10735011100769043e-2
1,16,20,1,4.10735011100769043e-2
1,17,20,1,1.22824944555759430e-1
1,18,20,1,2.03393533825874329e-1
1,19,20,1,2.82003313302993774e-1
1,20,20,1,3.57897222042083740e-1
1,21,20,1,4.30344432592391968e-1
1,22,20,1,4.98647153377532959e-1
1,23,20,1,5.62147676944732666e-1
1,24,20,1,6.20234370231628418e-1
1,25,20,1,6.72347903251647949e-1
1,26,20,1,7.17986345291137695e-1
1,27,20,1,7.56710231304168701e-1
1,28,20,1,7.88146555423736572e-1
1,29,20,1,8.11992585659027100e-1
1,30,20,1,8.28018724918365479e-1
1,31,20,1,8.36070537567138672e-1
1,0,21,1,-7.98100113868713379e-1
1,1,21,1,-7.90413975715637207e-1
1,2,21,1,-7.75115668773651123e-1
1,3,21,1,-7.52352595329284668e-1
1,4,21,1,-7.22343981266021729e-1
1,5,21,1,-6.85378789901733398e-1
1,6,21,1,-6.41813039779663086e-1
1,7,21,1,-5.92066228389739990e-1
1,8,21,1,-5.36617636680603027e-1
1,9,21,1,-4.76000964641571045e-1
1,10,21,1,-4.10800218582153320e-1
1,11,21,1,-3.41643214225769043e-1
1,12,21,1,-2.69196033477783203e-1
1,13,21,1,-1.94156333804130554e-1
1,14,21,1,-1.17246821522712708e-1
1,15,21,1,-3.92081364989280701e-2
1,16,21,1,3.92081364989280701e-2
1,17,21,1,1.17246821522712708e-1
1,18,21,1,1.94156333804130554e-1
1,19,21,1,2.69196033477783203e-1
1,20,21,1,3.41643214225769043e-1
1,21,21,1,4.10800218582153320e-1
1,22,21,1,4.76000964641571045e-1
1,23,21,1,5.36617636680603027e-1
1,24,21,1,5.92066228389739990e-1
1,25,21,1,6.41813039779663086e-1
1,26,21,1,6.85378789901733398e-1
1,27,21,1,7.22343981266021729e-1
1,28,21,1,7.52352595329284668e-1
1,29,21,1,7.75115668773651123e-1
1,30,21,1,7.90413975715637207e-1
1,31,21,1,7.98100113868713379e-1
1,0,22,1,-7.52443492412567139e-1
1,1,22,1,-7.45197117328643799e-1
1,2,22,1,-7.30773985385894775e-1
1,3,22,1,-7.09313094615936279e-1
1,4,22,1,-6.81021153926849365e-1
1,5,22,1,-6.46170675754547119e-1
1,6,22,1,-6.05097115039825439e-1
1,7,22,1,-5.58196187019348145e-1
1,8,22,1,-5.05919575691223145e-1
1,9,22,1,-4.48770612478256226e-1
1,10,22,1,-3.87299746274948120e-1
1,11,22,1,-3.22099000215530396e-1
1,12,22,1,-2.53796249628067017e-1
1,13,22,1,-1.83049336075782776e-1
1,14,22,1,-1.10539533197879791e-1
1,15,22,1,-3.69651801884174347e-2
1,16,22,1,3.69651801884174347e-2
1,17,22,1,1.10539533197879791e-1
1,18,22,1,1.83049336075782776e-1
1,19,22,1,2.53796249628067017e-1
1,20,22,1,3.22099000215530396e-1
1,21,22,1,3.87299746274948120e-1
1,22,22,1,4.48770612478256226e-1
1,23,22,1,5.05919575691223145e-1
1,24,22,1,5.58196187019348145e-1
1,25,22,1,6.05097115039825439e-1
1,26,22,1,6.46170675754547119e-1
1,27,22,1,6.81021153926849365e-1
1,28,22,1,7.09313094615936279e-1
1,29,22,1,7.30773985385894775e-1
1,30,22,1,7.45197117328643799e-1
1,31,22,1,7.52443492412567139e-1
1,0,23,1,-6.99540495872497559e-1
1,1,23,1,-6.92803561687469482e-1
1,2,23,1,-6.79394543170928955e-1
1,3,23,1,-6.59442484378814697e-1
1,4,23,1,-6.33139729499816895e-1
1,5,23,1,-6.00739538669586182e-1
1,6,23,1,-5.62553822994232178e-1
1,7,23,1,-5.18950402736663818e-1
1,8,23,1,-4.70349252223968506e-1
1,9,23,1,-4.17218357324600220e-1
1,10,23,1,-3.60069394111633301e-1
1,11,23,1,-2.99452811479568481e-1
1,12,23,1,-2.35952317714691162e-1
1,13,23,1,-1.70179456472396851e-1
1,14,23,1,-1.02767691016197205e-1
1,15,23,1,-3.43662202358245850e-2
1,16,23,1,3.43662202358245850e-2
1,17,23,1,1.02767691016197205e-1
1,18,23,1,1.70179456472396851e-1
1,19,23,1,2.35952317714691162e-1
1,20,23,1,2.99452811479568481e-1
1,21,23,1,3.60069394111633301e-1
1,22,23,1,4.17218357324600220e-1
1,23,23,1,4.70349252223968506e-1
1,24,23,1,5.18950402736663818e-1
1,25,23,1,5.62553822994232178e-1
1,26,23,1,6.00739538669586182e-1
1,27,23,1,6.33139729499816895e-1
1,28,23,1,6.59442484378814697e-1
1,29,23,1,6.79394543170928955e-1
1,30,23,1,6.92803561687469482e-1
1,31,23,1,6.99540495872497559e-1
1,0,24,1,-6.39900565147399902e-1
1,1,24,1,-6.33737981319427490e-1
1,2,24,1,-6.21472179889678955e-1
1,3,24,1,-6.03221178054809570e-1
1,4,24,1,-5.79160869121551514e-1
1,5,24,1,-5.49522936344146729e-1
1,6,24,1,-5.14592826366424561e-1
1,7,24,1,-4.74706858396530151e-1
1,8,24,1,-4.30249214172363281e-1
1,9,24,1,-3.81648033857345581e-1
1,10,24,1,-3.29371333122253418e-1
1,11,24,1,-2.73922711610794067e-1
1,12,24,1,-2.15835988521575928e-1
1,13,24,1,-1.55670657753944397e-1
1,14,24,1,-9.40061584115028381e-2
1,15,24,1,-3.14363017678260803e-2
1,16,24,1,3.14363017678260803e-2
1,17,24,1,9.40061584115028381e-2
1,18,24,1,1.55670657753944397e-1
1,19,24,1,2.15835988521575928e-1
1,20,24,1,2.73922711610794067e-1
1,21,24,1,3.29371333122253418e-1
1,22,24,1,3.81648033857345581e-1
1,23,24,1,4.30249214172363281e-1
1,24,24,1,4.74706858396530151e-1
1,25,24,1,5.14592826366424561e-1
1,26,24,1,5.49522936344146729e-1
1,27,24,1,5.79160869121551514e-1
1,28,24,1,6.03221178054809570e-1
1,29,24,1,6.21472179889678955e-1
1,30,24,1,6.33737981319427490e-1
1,31,24,1,6.39900565147399902e-1
1,0,25,1,-5.74097990989685059e-1
1,1,25,1,-5.68569123744964600e-1
1,2,25,1,-5.57564616203308105e-1
1,3,25,1,-5.41190505027770996e-1
1,4,25,1,-5.19604325294494629e-1
1,5,25,1,-4.93014186620712280e-1
1,6,25,1,-4.61676001548767090e-1
1,7,25,1,-4.25891607999801636e-1
1,8,25,1,-3.86005669832229614e-1
1,9,25,1,-3.42402249574661255e-1
1,10,25,1,-2.95501291751861572e-1
1,11,25,1,-2.45754554867744446e-1
1,12,25,1,-1.93641051650047302e-1
1,13,25,1,-1.39662668108940125e-1
1,14,25,1,-8.43392685055732727e-2
1,15,25,1,-2.82036270946264267e-2
1,16,25,1,2.82036270946264267e-2
1,17,25,1,8.43392685055732727e-2
1,18,25,1,1.39662668108940125e-1
1,19,25,1,1.93641051650047302e-1
1,20,25,1,2.45754554867744446e-1
1,21,25,1,2.95501291751861572e-1
1,22,25,1,3.42402249574661255e-1
1,23,25,1,3.86005669832229614e-1
1,24,25,1,4.25891607999801636e-1
1,25,25,1,4.61676001548767090e-1
1,26,25,1,4.93014186620712280e-1
1,27,25,1,5.19604325294494629e-1
1,28,25,1,5.41190505027770996e-1
1,29,25,1,5.57564616203308105e-1
1,30,25,1,5.68569123744964600e-1
1,31,25,1,5.74097990989685059e-1
1,0,26,1,-5.02766609191894531e-1
1,1,26,1,-4.97924685478210449e-1
1,2,26,1,-4.88287508487701416e-1
1,3,26,1,-4.73947852849960327e-1
1,4,26,1,-4.55043762922286987e-1
1,5,26,1,-4.31757390499114990e-1
1,6,26,1,-4.04312968254089355e-1
1,7,26,1,-3.72974812984466553e-1
1,8,26,1,-3.38044643402099609e-1
1,9,26,1,-2.99858957529067993e-1
1,10,26,1,-2.58785426616668701e-1
1,11,26,1,-2.15219691395759583e-1
1,12,26,1,-1.69581249356269836e-1
1,13,26,1,-1.22309647500514984e-1
1,14,26,1,-7.38601610064506531e-2
1,15,26,1,-2.46993396431207657e-2
1,16,26,1,2.46993396431207657e-2
1,17,26,1,7.38601610064506531e-2
1,18,26,1,1.22309647500514984e-1
1,19,26,1,1.69581249356269836e-1
1,20,26,1,2.15219691395759583e-1
1,21,26,1,2.58785426616668701e-1
1,22,26,1,2.99858957529067993e-1
1,23,26,1,3.38044643402099609e-1
1,24,26,1,3.72974812984466553e-1
1,25,26,1,4.04312968254089355e-1
1,26,26,1,4.31757390499114990e-1
1,27,26,1,4.55043762922286987e-1
1,28,26,1,4.73947852849960327e-1
1,29,26,1,4.88287508487701416e-1
1,30,26,1,4.97924685478210449e-1
1,31,26,1,5.02766609191894531e-1
1,0,27,1,-4.26593303680419922e-1
1,1,27,1,-4.22484993934631348e-1
1,2,27,1,-4.14307922124862671e-1
1,3,27,1,-4.02140825986862183e-1
1,4,27,1,-3.86100888252258301e-1
1,5,27,1,-3.66342604160308838e-1
1,6,27,1,-3.43056201934814453e-1
1,7,27,1,-3.16466033458709717e-1
1,8,27,1,-2.86828070878982544e-1
1,9,27,1,-2.54427820444107056e-1
1,10,27,1,-2.19577297568321228e-1
1,11,27,1,-1.82612121105194092e-1
1,12,27,1,-1.43888279795646667e-1
1,13,27,1,-1.03778727352619171e-1
1,14,27,1,-6.26697242259979248e-2
1,15,27,1,-2.09571849554777145e-2
1,16,27,1,2.09571849554777145e-2
1,17,27,1,6.26697242259979248e-2
1,18,27,1,1.03778727352619171e-1
1,19,27,1,1.43888279795646667e-1
1,20,27,1,1.82612121105194092e-1
1,21,27,1,2.19577297568321228e-1
1,22,27,1,2.54427820444107056e-1
1,23,27,1,2.86828070878982544e-1
1,24,27,1,3.16466033458709717e-1
1,25,27,1,3.43056201934814453e-1
1,26,27,1,3.66342604160308838e-1
1,27,27,1,3.86100888252258301e-1
1,28,27,1,4.02140825986862183e-1
1,29,27,1,4.14307922124862671e-1
1,30,27,1,4.22484993934631348e-1
1,31,27,1,4.26593303680419922e-1
1,0,28,1,-3.46311718225479126e-1
1,1,28,1,-3.42976510524749756e-1
1,2,28,1,-3.36338281631469727e-1
1,3,28,1,-3.26460927724838257e-1
1,4,28,1,-3.13439637422561646e-1
1,5,28,1,-2.97399669885635376e-1
1,6,28,1,-2.78495609760284424e-1
1,7,28,1,-2.56909489631652832e-1
1,8,28,1,-2.32849195599555969e-1
1,9,28,1,-2.06546440720558167e-1
1,10,28,1,-1.78254500031471252e-1
1,11,28,1,-1.48245915770530701e-1
1,12,28,1,-1.16809599101543427e-1
1,13,28,1,-8.42483416199684143e-2
1,14,28,1,-5.08757606148719788e-2
1,15,28,1,-1.70132126659154892e-2
1,16,28,1,1.70132126659154892e-2
1,17,28,1,5.08757606148719788e-2
1,18,28,1,8.42483416199684143e-2
1,19,28,1,1.16809599101543427e-1
1,20,28,1,1.48245915770530701e-1
1,21,28,1,1.78254500031471252e-1
1,22,28,1,2.06546440720558167e-1
1,23,28,1,2.32849195599555969e-1
1,24,28,1,2.56909489631652832e-1
1,25,28,1,2.78495609760284424e-1
1,26,28,1,2.97399669885635376e-1
1,27,28,1,3.13439637422561646e-1
1,28,28,1,3.26460927724838257e-1
1,29,28,1,3.36338281631469727e-1
1,30,28,1,3.42976510524749756e-1
1,31,28,1,3.46311718225479126e-1
1,0,29,1,-2.62694925069808960e-1
1,1,29,1,-2.60164976119995117e-1
1,2,29,1,-2.55129575729370117e-1
1,3,29,1,-2.47637093067169189e-1
1,4,29,1,-2.37759754061698914e-1
1,5,29,1,-2.25592643022537231e-1
1,6,29,1,-2.11252957582473755e-1
1,7,29,1,-1.94878816604614258e-1
1,8,29,1,-1.76627874374389648e-1
1,9,29,1,-1.56675890088081360e-1
1,10,29,1,-1.35215029120445251e-1
1,11,29,1,-1.12451985478401184e-1
1,12,29,1,-8.86059775948524475e-2
1,13,29,1,-6.39066249132156372e-2
1,14,29,1,-3.85918281972408295e-2
1,15,29,1,-1.29053639248013496e-2
1,16,29,1,1.29053639248013496e-2
1,17,29,1,3.85918281972408295e-2
1,18,29,1,6.39066249132156372e-2
1,19,29,1,8.86059775948524475e-2
1,20,29,1,1.12451985478401184e-1
1,21,29,1,1.35215029120445251e-1
1,22,29,1,1.56675890088081360e-1
1,23,29,1,1.76627874374389648e-1
1,24,29,1,1.94878816604614258e-1
1,25,29,1,2.11252957582473755e-1
1,26,29,1,2.25592643022537231e-1
1,27,29,1,2.37759754061698914e-1
1,28,29,1,2.47637093067169189e-1
1,29,29,1,2.55129575729370117e-1
1,30,29,1,2.60164976119995117e-1
1,31,29,1,2.62694925069808960e-1
1,0,30,1,-1.76548197865486145e-1
1,1,30,1,-1.74847930669784546e-1
1,2,30,1,-1.71463787555694580e-1
1,3,30,1,-1.66428357362747192e-1
1,4,30,1,-1.59790128469467163e-1
1,5,30,1,-1.51613041758537292e-1
1,6,30,1,-1.41975820064544678e-1
1,7,30,1,-1.30971327424049377e-1
1,8,30,1,-1.18705503642559052e-1
1,9,30,1,-1.05296477675437927e-1
1,10,30,1,-9.08733755350112915e-2
1,11,30,1,-7.55751058459281921e-2
1,12,30,1,-5.95490224659442902e-2
1,13,30,1,-4.29494343698024750e-2
1,14,30,1,-2.59362328797578812e-2
1,15,30,1,-8.67325253784656525e-3
1,16,30,1,8.67325253784656525e-3
1,17,30,1,2.59362328797578812e-2
1,18,30,1,4.29494343698024750e-2
1,19,30,1,5.95490224659442902e-2
1,20,30,1,7.55751058459281921e-2
1,21,30,1,9.08733755350112915e-2
1,22,30,1,1.05296477675437927e-1
1,23,30,1,1.18705503642559052e-1
1,24,30,1,1.30971327424049377e-1
1,25,30,1,1.41975820064544678e-1
1,26,30,1,1.51613041758537292e-1
1,27,30,1,1.59790128469467163e-1
1,28,30,1,1.66428357362747192e-1
1,29,30,1,1.71463787555694580e-1
1,30,30,1,1.74847930669784546e-1
1,31,30,1,1.76548197865486145e-1
1,0,31,1,-8.87012183666229248e-2
1,1,31,1,-8.78469720482826233e-2
1,2,31,1,-8.61467197537422180e-2
1,3,31,1,-8.36168229579925537e-2
1,4,31,1,-8.02816376090049744e-2
1,5,31,1,-7.61733204126358032e-2
1,6,31,1,-7.13313966989517212e-2
1,7,31,1,-6.58025220036506653e-2
1,8,31,1,-5.96399269998073578e-2
1,9,31,1,-5.29029741883277893e-2
1,10,31,1,-4.56565469503402710e-2
1,11,31,1,-3.79703864455223083e-2
1,12,31,1,-2.99185700714588165e-2
1,13,31,1,-2.15786267071962357e-2
1,14,31,1,-1.30308689549565315e-2
1,15,31,1,-4.35761036351323128e-3
1,16,31,1,4.35761036351323128e-3
1,17,31,1,1.30308689549565315e-2
1,18,31,1,2.15786267071962357e-2
1,19,31,1,2.99185700714588165e-2
1,20,31,1,3.79703864455223083e-2
1,21,31,1,4.56565469503402710e-2
1,22,31,1,5.29029741883277893e-2
1,23,31,1,5.96399269998073578e-2
1,24,31,1,6.58025220036506653e-2
1,25,31,1,7.13313966989517212e-2
1,26,31,1,7.61733204126358032e-2
1,27,31,1,8.02816376090049744e-2
1,28,31,1,8.36168229579925537e-2
1,29,31,1,8.61467197537422180e-2
1,30,31,1,8.78469720482826233e-2
1,31,31,1,8.87012183666229248e-2
1,0,32,1,0.00000000000000000e0
1,1,32,1,0.00000000000000000e0
1,2,32,1,0.00000000000000000e0
1,3,32,1,0.00000000000000000e0
1,4,32,1,0.00000000000000000e0
1,5,32,1,0.00000000000000000e0
1,6,32,1,0.00000000000000000e0
1,7,32,1,0.00000000000000000e0
1,8,32,1,0.00000000000000000e0
1,9,32,1,0.00000000000000000e0
1,10,32,1,0.00000000000000000e0
1,11,32,1,0.00000000000000000e0
1,12,32,1,0.00000000000000000e0
1,13,32,1,0.00000000000000000e0
1,14,32,1,0.00000000000000000e0
1,15,32,1,0.00000000000000000e0
1,16,32,1,0.00000000000000000e0
1,17,32,1,0.00000000000000000e0
1,18,32,1,0.00000000000000000e0
1,19,32,1,0.00000000000000000e0
1,20,32,1,0.00000000000000000e0
1,21,32,1,0.00000000000000000e0
1,22,32,1,0.00000000000000000e0
1,23,32,1,0.00000000000000000e0
1,24,32,1,0.00000000000000000e0
1,25,32,1,0.00000000000000000e0
1,26,32,1,0.00000000000000000e0
1,27,32,1,0.00000000000000000e0
1,28,32,1,0.00000000000000000e0
1,29,32,1,0.00000000000000000e0
1,30,32,1,0.00000000000000000e0
1,31,32,1,0.00000000000000000e0
1,0,0,2,0.00000000000000000e0
1,1,0,2,0.00000000000000000e0
1,2,0,2,0.00000000000000000e0
1,3,0,2,0.00000000000000000e0
1,4,0,2,0.00000000000000000e0
1,5,0,2,0.00000000000000000e0
1,6,0,2,0.00000000000000000e0
1,7,0,2,0.00000000000000000e0
1,8,0,2,0.00000000000000000e0
1,9,0,2,0.00000000000000000e0
1,10,0,2,0.00000000000000000e0
1,11,0,2,0.00000000000000000e0
1,12,0,2,0.00000000000000000e0
1,13,0,2,0.00000000000000000e0
1,14,0,2,0.00000000000000000e0
1,15,0,2,0.00000000000000000e0
1,16,0,2,0.00000000000000000e0
1,17,0,2,0.00000000000000000e0
1,18,0,2,0.00000000000000000e0
1,19,0,2,0.00000000000000000e0
1,20,0,2,0.00000000000000000e0
1,21,0,2,0.00000000000000000e0
1,22,0,2,0.00000000000000000e0
1,23,0,2,0.00000000000000000e0
1,24,0,2,0.00000000000000000e0
1,25,0,2,0.00000000000000000e0
1,26,0,2,0.00000000000000000e0
1,27,0,2,0.00000000000000000e0
1,28,0,2,0.00000000000000000e0
1,29,0,2,0.00000000000000000e0
1,30,0,2,0.00000000000000000e0
1,31,0,2,0.00000000000000000e0
1,0,1,2,-8.87012183666229248e-2
1,1,1,2,-8.78469720482826233e-2
1,2,1,2,-8.61467197537422180e-2
1,3,1,2,-8.36168229579925537e-2
1,4,1,2,-8.02816376090049744e-2
1,5,1,2,-7.61733204126358032e-2
1,6,1,2,-7.13313966989517212e-2
1,7,1,2,-6.58025220036506653e-2
1,8,1,2,-5.96399269998073578e-2
1,9,1,2,-5.29029741883277893e-2
1,10,1,2,-4.56565469503402710e-2
1,11,1,2,-3.79703864455223083e-2
1,12,1,2,-2.99185700714588165e-2
1,13,1,2,-2.15786267071962357e-2
1,14,1,2,-1.30308689549565315e-2
1,15,1,2,-4.35761036351323128e-3
1,16,1,2,4.35761036351323128e-3
1,17,1,2,1.30308689549565315e-2
1,18,1,2,2.15786267071962357e-2
1,19,1,2,2.99185700714588165e-2
1,20,1,2,3.79703864455223083e-2
1,21,1,2,4.56565469503402710e-2
1,22,1,2,5.29029741883277893e-2
1,23,1,2,5.96399269998073578e-2
1,24,1,2,6.58025220036506653e-2
1,25,1,2,7.13313966989517212e-2
1,26,1,2,7.61733204126358032e-2
1,27,1,2,8.02816376090049744e-2
1,28,1,2,8.36168229579925537e-2
1,29,1,2,8.61467197537422180e-2
1,30,1,2,8.78469720482826233e-2
1,31,1,2,8.87012183666229248e-2
1,0,2,2,-1.76548197865486145e-1
1,1,2,2,-1.74847930669784546e-1
1,2,2,2,-1.71463787555694580e-1
1,3,2,2,-1.66428357362747192e-1
1,4,2,2,-1.59790128469467163e-1
1,5,2,2,-1.51613041758537292e-1
1,6,2,2,-1.41975820064544678e-1
1,7,2,2,-1.30971327424049377e-1
1,8,2,2,-1.18705503642559052e-1
1,9,2,2,-1.05296477675437927e-1
1,10,2,2,-9.08733755350112915e-2
1,11,2,2,-7.55751058459281921e-2
1,12,2,2,-5.95490224659442902e-2
1,13,2,2,-4.29494343698024750e-2
1,14,2,2,-2.59362328797578812e-2
1,15,2,2,-8.67325253784656525e-3
1,16,2,2,8.67325253784656525e-3
1,17,2,2,2.59362328797578812e-2
1,18,2,2,4.29494343698024750e-2
1,19,2,2,5.95490224659442902e-2
1,20,2,2,7.55751058459281921e-2
1,21,2,2,9.08733755350112915e-2
1,22,2,2,1.05296477675437927e-1
1,23,2,2,1.18705503642559052e-1
1,24,2,2,1.30971327424049377e-1
1,25,2,2,1.41975820064544678e-1
1,26,2,2,1.51613041758537292e-1
1,27,2,2,1.59790128469467163e-1
1,28,2,2,1.66428357362747192e-1
1,29,2,2,1.71463787555694580e-1
1,30,2,2,1.74847930669784546e-1
1,31,2,2,1.76548197865486145e-1
1,0,3,2,-2.62694925069808960e-1
1,1,3,2,-2.60164976119995117e-1
1,2,3,2,-2.55129575729370117e-1
1,3,3,2,-2.47637093067169189e-1
1,4,3,2,-2.37759754061698914e-1
1,5,3,2,-2.25592643022537231e-1
1,6,3,2,-2.11252957582473755e-1
1,7,3,2,-1.94878816604614258e-1
1,8,3,2,-1.76627874374389648e-1
1,9,3,2,-1.56675890088081360e-1
1,10,3,2,-1.35215029120445251e-1
1,11,3,2,-1.12451985478401184e-1
1,12,3,2,-8.86059775948524475e-2
1,13,3,2,-6.39066249132156372e-2
1,14,3,2,-3.85918281972408295e-2
1,15,3,2,-1.29053639248013496e-2
1,16,3,2,1.29053639248013496e-2
1,17,3,2,3.85918281972408295e-2
1,18,3,2,6.39066249132156372e-2
1,19,3,2,8.86059775948524475e-2
1,20,3,2,1.12451985478401184e-1
1,21,3,2,1.35215029120445251e-1
1,22,3,2,1.56675890088081360e-1
1,23,3,2,1.76627874374389648e-1
1,24,3,2,1.94878816604614258e-1
1,25,3,2,2.11252957582473755e-1
1,26,3,2,2.25592643022537231e-1
1,27,3,2,2.37759754061698914e-1
1,28,3,2,2.47637093067169189e-1
1,29,3,2,2.55129575729370117e-1
1,30,3,2,2.60164976119995117e-1
1,31,3,2,2.62694925069808960e-1
1,0,4,2,-3.46311718225479126e-1
1,1,4,2,-3.42976510524749756e-1
1,2,4,2,-3.36338281631469727e-1
1,3,4,2,-3.26460927724838257e-1
1,4,4,2,-3.13439637422561646e-1
1,5,4,2,-2.97399669885635376e-1
1,6,4,2,-2.78495609760284424e-1
1,7,4,2,-2.56909489631652832e-1
1,8,4,2,-2.32849195599555969e-1
1,9,4,2,-2.06546440720558167e-1
1,10,4,2,-1.78254500031471252e-1
1,11,4,2,-1.48245915770530701e-1
1,12,4,2,-1.16809599101543427e-1
1,13,4,2,-8.42483416199684143e-2
1,14,4,2,-5.08757606148719788e-2
1,15,4,2,-1.70132126659154892e-2
1,16,4,2,1.70132126659154892e-2
1,17,4,2,5.08757606148719788e-2
1,18,4,2,8.42483416199684143e-2
1,19,4,2,1.16809599101543427e-1
1,20,4,2,1.48245915770530701e-1
1,21,4,2,1.78254500031471252e-1
1,22,4,2,2.06546440720558167e-1
1,23,4,2,2.32849195599555969e-1
1,24,4,2,2.56909489631652832e-1
1,25,4,2,2.78495609760284424e-1
1,26,4,2,2.97399669885635376e-1
1,27,4,2,3.13439637422561646e-1
1,28,4,2,3.26460927724838257e-1
1,29,4,2,3.36338281631469727e-1
1,30,4,2,3.42976510524749756e-1
1,31,4,2,3.46311718225479126e-1
1,0,5,2,-4.26593303680419922e-1
1,1,5,2,-4.22484993934631348e-1
1,2,5,2,-4.14307922124862671e-1
1,3,5,2,-4.02140825986862183e-1
1,4,5,2,-3.86100888252258301e-1
1,5,5,2,-3.66342604160308838e-1
1,6,5,2,-3.43056201934814453e-1
1,7,5,2,-3.16466033458709717e-1
1,8,5,2,-2.86828070878982544e-1
1,9,5,2,-2.54427820444107056e-1
1,10,5,2,-2.19577297568321228e-1
1,11,5,2,-1.82612121105194092e-1
1,12,5,2,-1.43888279795646667e-1
1,13,5,2,-1.03778727352619171e-1
1,14,5,2,-6.26697242259979248e-2
1,15,5,2,-2.09571849554777145e-2
1,16,5,2,2.09571849554777145e-2
1,17,5,2,6.26697242259979248e-2
1,18,5,2,1.03778727352619171e-1
1,19,5,2,1.43888279795646667e-1
1,20,5,2,1.82612121105194092e-1
1,21,5,2,2.19577297568321228e-1
1,22,5,2,2.54427820444107056e-1
1,23,5,2,2.86828070878982544e-1
1,24,5,2,3.16466033458709717e-1
1,25,5,2,3.43056201934814453e-1
1,26,5,2,3.66342604160308838e-1
1,27,5,2,3.86100888252258301e-1
1,28,5,2,4.02140825986862183e-1
1,29,5,2,4.14307922124862671e-1
1,30,5,2,4.22484993934631348e-1
1,31,5,2,4.26593303680419922e-1
1,0,6,2,-5.02766609191894531e-1
1,1,6,2,-4.97924685478210449e-1
1,2,6,2,-4.88287508487701416e-1
1,3,6,2,-4.73947852849960327e-1
1,4,6,2,-4.55043762922286987e-1
1,5,6,2,-4.31757390499114990e-1
1,6,6,2,-4.04312968254089355e-1
1,7,6,2,-3.72974812984466553e-1
1,8,6,2,-3.38044643402099609e-1
1,9,6,2,-2.99858957529067993e-1
1,10,6,2,-2.58785426616668701e-1
1,11,6,2,-2.15219691395759583e-1
1,12,6,2,-1.69581249356269836e-1
1,13,6,2,-1.22309647500514984e-1
1,14,6,2,-7.38601610064506531e-2
1,15,6,2,-2.46993396431207657e-2
1,16,6,2,2.46993396431207657e-2
1,17,6,2,7.38601610064506531e-2
1,18,6,2,1.22309647500514984e-1
1,19,6,2,1.69581249356269836e-1
1,20,6,2,2.15219691395759583e-1
1,21,6,2,2.58785426616668701e-1
1,22,6,2,2.99858957529067993e-1
1,23,6,2,3.38044643402099609e-1
1,24,6,2,3.72974812984466553e-1
1,25,6,2,4.04312968254089355e-1
1,26,6,2,4.31757390499114990e-1
1,27,6,2,4.55043762922286987e-1
1,28,6,2,4.73947852849960327e-1
1,29,6,2,4.88287508487701416e-1
1,30,6,2,4.97924685478210449e-1
1,31,6,2,5.02766609191894531e-1
1,0,7,2,-5.74097990989685059e-1
1,1,7,2,-5.68569123744964600e-1
1,2,7,2,-5.57564616203308105e-1
1,3,7,2,-5.41190505027770996e-1
1,4,7,2,-5.19604325294494629e-1
1,5,7,2,-4.93014186620712280e-1
1,6,7,2,-4.61676001548767090e-1
1,7,7,2,-4.25891607999801636e-1
1,8,7,2,-3.86005669832229614e-1
1,9,7,2,-3.42402249574661255e-1
1,10,7,2,-2.95501291751861572e-1
1,11,7,2,-2.45754554867744446e-1
1,12,7,2,-1.93641051650047302e-1
1,13,7,2,-1.39662668108940125e-1
1,14,7,2,-8.43392685055732727e-2
1,15,7,2,-2.82036270946264267e-2
1,16,7,2,2.82036270946264267e-2
1,17,7,2,8.43392685055732727e-2
1,18,7,2,1.39662668108940125e-1
1,19,7,2,1.93641051650047302e-1
1,20,7,2,2.45754554867744446e-1
1,21,7,2,2.95501291751861572e-1
1,22,7,2,3.42402249574661255e-1
1,23,7,2,3.86005669832229614e-1
1,24,7,2,4.25891607999801636e-1
1,25,7,2,4.61676001548767090e-1
1,26,7,2,4.93014186620712280e-1
1,27,7,2,5.19604325294494629e-1
1,28,7,2,5.41190505027770996e-1
1,29,7,2,5.57564616203308105e-1
1,30,7,2,5.68569123744964600e-1
1,31,7,2,5.74097990989685059e-1
1,0,8,2,-6.39900565147399902e-1
1,1,8,2,-6.33737981319427490e-1
1,2,8,2,-6.21472179889678955e-1
1,3,8,2,-6.03221178054809570e-1
1,4,8,2,-5.79160869121551514e-1
1,5,8,2,-5.49522936344146729e-1
1,6,8,2,-5.14592826366424561e-1
1,7,8,2,-4.74706858396530151e-1
1,8,8,2,-4.30249214172363281e-1
1,9,8,2,-3.81648033857345581e-1
1,10,8,2,-3.29371333122253418e-1
1,11,8,2,-2.73922711610794067e-1
1,12,8,2,-2.15835988521575928e-1
1,13,8,2,-1.55670657753944397e-1
1,14,8,2,-9.40061584115028381e-2
1,15,8,2,-3.14363017678260803e-2
1,16,8,2,3.14363017678260803e-2
1,17,8,2,9.40061584115028381e-2
1,18,8,2,1.55670657753944397e-1
1,19,8,2,2.15835988521575928e-1
1,20,8,2,2.73922711610794067e-1
1,21,8,2,3.29371333122253418e-1
1,22,8,2,3.81648033857345581e-1
1,23,8,2,4.30249214172363281e-1
1,24,8,2,4.74706858396530151e-1
1,25,8,2,5.14592826366424561e-1
1,26,8,2,5.49522936344146729e-1
1,27,8,2,5.79160869121551514e-1
1,28,8,2,6.03221178054809570e-1
1,29,8,2,6.21472179889678955e-1
1,30,8,2,6.33737981319427490e-1
1,31,8,2,6.39900565147399902e-1
1,0,9,2,-6.99540495872497559e-1
1,1,9,2,-6.92803561687469482e-1
1,2,9,2,-6.79394543170928955e-1
1,3,9,2,-6.59442484378814697e-1
1,4,9,2,-6.33139729499816895e-1
1,5,9,2,-6.00739538669586182e-1
1,6,9,2,-5.62553822994232178e-1
1,7,9,2,-5.18950402736663818e-1
1,8,9,2,-4.70349252223968506e-1
1,9,9,2,-4.17218357324600220e-1
1,10,9,2,-3.60069394111633301e-1
1,11,9,2,-2.99452811479568481e-1
1,12,9,2,-2.35952317714691162e-1
1,13,9,2,-1.70179456472396851e-1
1,14,9,2,-1.02767691016197205e-1
1,15,9,2,-3.43662202358245850e-2
1,16,9,2,3.43662202358245850e-2
1,17,9,2,1.02767691016197205e-1
1,18,9,2,1.70179456472396851e-1
1,19,9,2,2.35952317714691162e-1
1,20,9,2,2.99452811479568481e-1
1,21,9,2,3.60069394111633301e-1
1,22,9,2,4.17218357324600220e-1
1,23,9,2,4.70349252223968506e-1
1,24,9,2,5.18950402736663818e-1
1,25,9,2,5.62553822994232178e-1
1,26,9,2,6.00739538669586182e-1
1,27,9,2,6.33139729499816895e-1
1,28,9,2,6.59442484378814697e-1
1,29,9,2,6.79394543170928955e-1
1,30,9,2,6.92803561687469482e-1
1,31,9,2,6.99540495872497559e-1
1,0,10,2,-7.52443492412567139e-1
1,1,10,2,-7.45197117328643799e-1
1,2,10,2,-7.30773985385894775e-1
1,3,10,2,-7.09313094615936279e-1
1,4,10,2,-6.81021153926849365e-1
1,5,10,2,-6.46170675754547119e-1
1,6,10,2,-6.05097115039825439e-1
1,7,10,2,-5.58196187019348145e-1
1,8,10,2,-5.05919575691223145e-1
1,9,10,2,-4.48770612478256226e-1
1,10,10,2,-3.87299746274948120e-1
1,11,10,2,-3.22099000215530396e-1
1,12,10,2,-2.53796249628067017e-1
1,13,10,2,-1.83049336075782776e-1
1,14,10,2,-1.10539533197879791e-1
1,15,10,2,-3.69651801884174347e-2
1,16,10,2,3.69651801884174347e-2
1,17,10,2,1.10539533197879791e-1
1,18,10,2,1.83049336075782776e-1
1,19,10,2,2.53796249628067017e-1
1,20,10,2,3.22099000215530396e-1
1,21,10,2,3.87299746274948120e-1
1,22,10,2,4.48770612478256226e-1
1,23,10,2,5.05919575691223145e-1
1,24,10,2,5.58196187019348145e-1
1,25,10,2,6.05097115039825439e-1
1,26,10,2,6.46170675754547119e-1
1,27,10,2,6.81021153926849365e-1
1,28,10,2,7.09313094615936279e-1
1,29,10,2,7.30773985385894775e-1
1,30,10,2,7.45197117328643799e-1
1,31,10,2,7.52443492412567139e-1
1,0,11,2,-7.98100113868713379e-1
1,1,11,2,-7.90413975715637207e-1
1,2,11,2,-7.75115668773651123e-1
1,3,11,2,-7.52352595329284668e-1
1,4,11,2,-7.22343981266021729e-1
1,5,11,2,-6.85378789901733398e-1
1,6,11,2,-6.41813039779663086e-1
1,7,11,2,-5.92066228389739990e-1
1,8,11,2,-5.36617636680603027e-1
1,9,11,2,-4.76000964641571045e-1
1,10,11,2,-4.10800218582153320e-1
1,11,11,2,-3.41643214225769043e-1
1,12,11,2,-2.69196033477783203e-1
1,13,11,2,-1.94156333804130554e-1
1,14,11,2,-1.17246821522712708e-1
1,15,11,2,-3.92081364989280701e-2
1,16,11,2,3.92081364989280701e-2
1,17,11,2,1.17246821522712708e-1
1,18,11,2,1.94156333804130554e-1
1,19,11,2,2.69196033477783203e-1
1,20,11,2,3.41643214225769043e-1
1,21,11,2,4.10800218582153320e-1
1,22,11,2,4.76000964641571045e-1
1,23,11,2,5.36617636680603027e-1
1,24,11,2,5.92066228389739990e-1
1,25,11,2,6.41813039779663086e-1
1,26,11,2,6.85378789901733398e-1
1,27,11,2,7.22343981266021729e-1
1,28,11,2,7.52352595329284668e-1
1,29,11,2,7.75115668773651123e-1
1,30,11,2,7.90413975715637207e-1
1,31,11,2,7.98100113868713379e-1
1,0,12,2,-8.36070537567138672e-1
1,1,12,2,-8.28018724918365479e-1
1,2,12,2,-8.11992585659027100e-1
1,3,12,2,-7.88146555423736572e-1
1,4,12,2,-7.56710231304168701e-1
1,5,12,2,-7.17986345291137695e-1
1,6,12,2,-6.72347903251647949e-1
1,7,12,2,-6.20234370231628418e-1
1,8,12,2,-5.62147676944732666e-1
1,9,12,2,-4.98647153377532959e-1
1,10,12,2,-4.30344432592391968e-1
1,11,12,2,-3.57897222042083740e-1
1,12,12,2,-2.82003313302993774e-1
1,13,12,2,-2.03393533825874329e-1
1,14,12,2,-1.22824944555759430e-1
1,15,12,2,-4.10735011100769043e-2
1,16,12,2,4.10735011100769043e-2
1,17,12,2,1.22824944555759430e-1
1,18,12,2,2.03393533825874329e-1
1,19,12,2,2.82003313302993774e-1
1,20,12,2,3.57897222042083740e-1
1,21,12,2,4.30344432592391968e-1
1,22,12,2,4.98647153377532959e-1
1,23,12,2,5.62147676944732666e-1
1,24,12,2,6.20234370231628418e-1
1,25,12,2,6.72347903251647949e-1
1,26,12,2,7.17986345291137695e-1
1,27,12,2,7.56710231304168701e-1
1,28,12,2,7.88146555423736572e-1
1,29,12,2,8.11992585659027100e-1
1,30,12,2,8.28018724918365479e-1
1,31,12,2,8.36070537567138672e-1
1,0,13,2,-8.65989089012145996e-1
1,1,13,2,-8.57649207115173340e-1
1,2,13,2,-8.41049551963806152e-1
1,3,13,2,-8.16350221633911133e-1
1,4,13,2,-7.83788919448852539e-1
1,5,13,2,-7.43679344654083252e-1
1,6,13,2,-6.96407675743103027e-1
1,7,13,2,-6.42429292201995850e-1
1,8,13,2,-5.82264006137847900e-1
1,9,13,2,-5.16491115093231201e-1
1,10,13,2,-4.45744216442108154e-1
1,11,13,2,-3.70704531669616699e-1
1,12,13,2,-2.92094737291336060e-1
1,13,13,2,-2.10671916604042053e-1
1,14,13,2,-1.27220213413238525e-1
1,15,13,2,-4.25433106720447540e-2
1,16,13,2,4.25433106720447540e-2
1,17,13,2,1.27220213413238525e-1
1,18,13,2,2.10671916604042053e-1
1,19,13,2,2.92094737291336060e-1
1,20,13,2,3.70704531669616699e-1
1,21,13,2,4.45744216442108154e-1
1,22,13,2,5.16491115093231201e-1
1,23,13,2,5.82264006137847900e-1
1,24,13,2,6.42429292201995850e-1
1,25,13,2,6.96407675743103027e-1
1,26,13,2,7.43679344654083252e-1
1,27,13,2,7.83788919448852539e-1
1,28,13,2,8.16350221633911133e-1
1,29,13,2,8.41049551963806152e-1
1,30,13,2,8.57649207115173340e-1
1,31,13,2,8.65989089012145996e-1
1,0,14,2,-8.87567698955535889e-1
1,1,14,2,-8.79019975662231445e-1
1,2,14,2,-8.62006723880767822e-1
1,3,14,2,-8.36691915988922119e-1
1,4,14,2,-8.03319334983825684e-1
1,5,14,2,-7.62210309505462646e-1
1,6,14,2,-7.13760733604431152e-1
1,7,14,2,-6.58437311649322510e-1
1,8,14,2,-5.96772849559783936e-1
1,9,14,2,-5.29361069202423096e-1
1,10,14,2,-4.56851214170455933e-1
1,11,14,2,-3.79941731691360474e-1
1,12,14,2,-2.99373149871826172e-1
1,13,14,2,-2.15921446681022644e-1
1,14,14,2,-1.30390271544456482e-1
1,15,14,2,-4.36033979058265686e-2
1,16,14,2,4.36033979058265686e-2
1,17,14,2,1.30390271544456482e-1
1,18,14,2,2.15921446681022644e-1
1,19,14,2,2.99373149871826172e-1
1,20,14,2,3.79941731691360474e-1
1,21,14,2,4.56851214170455933e-1
1,22,14,2,5.29361069202423096e-1
1,23,14,2,5.96772849559783936e-1
1,24,14,2,6.58437311649322510e-1
1,25,14,2,7.13760733604431152e-1
1,26,14,2,7.62210309505462646e-1
1,27,14,2,8.03319334983825684e-1
1,28,14,2,8.36691915988922119e-1
1,29,14,2,8.62006723880767822e-1
1,30,14,2,8.79019975662231445e-1
1,31,14,2,8.87567698955535889e-1
1,0,15,2,-9.00598526000976562e-1
1,1,15,2,-8.91925334930419922e-1
1,2,15,2,-8.74662339687347412e-1
1,3,15,2,-8.48975837230682373e-1
1,4,15,2,-8.15113306045532227e-1
1,5,15,2,-7.73400723934173584e-1
1,6,15,2,-7.24239826202392578e-1
1,7,15,2,-6.68104231357574463e-1
1,8,15,2,-6.05534434318542480e-1
1,9,15,2,-5.37132918834686279e-1
1,10,15,2,-4.63558524847030640e-1
1,11,15,2,-3.85519832372665405e-1
1,12,15,2,-3.03768396377563477e-1
1,13,15,2,-2.19091504812240601e-1
1,14,15,2,-1.32304638624191284e-1
1,15,15,2,-4.42435704171657562e-2
1,16,15,2,4.42435704171657562e-2
1,17,15,2,1.32304638624191284e-1
1,18,15,2,2.19091504812240601e-1
1,19,15,2,3.03768396377563477e-1
1,20,15,2,3.85519832372665405e-1
1,21,15,2,4.63558524847030640e-1
1,22,15,2,5.37132918834686279e-1
1,23,15,2,6.05534434318542480e-1
1,24,15,2,6.68104231357574463e-1
1,25,15,2,7.24239826202392578e-1
1,26,15,2,7.73400723934173584e-1
1,27,15,2,8.15113306045532227e-1
1,28,15,2,8.48975837230682373e-1
1,29,15,2,8.74662339687347412e-1
1,30,15,2,8.91925334930419922e-1
1,31,15,2,9.00598526000976562e-1
1,0,16,2,-9.04956161975860596e-1
1,1,16,2,-8.96240949630737305e-1
1,2,16,2,-8.78894448280334473e-1
1,3,16,2,-8.53083670139312744e-1
1,4,16,2,-8.19057285785675049e-1
1,5,16,2,-7.77142882347106934e-1
1,6,16,2,-7.27744162082672119e-1
1,7,16,2,-6.71336948871612549e-1
1,8,16,2,-6.08464360237121582e-1
1,9,16,2,-5.39731860160827637e-1
1,10,16,2,-4.65801477432250977e-1
1,11,16,2,-3.87385219335556030e-1
1,12,16,2,-3.05238217115402222e-1
1,13,16,2,-2.20151588320732117e-1
1,14,16,2,-1.32944807410240173e-1
1,15,16,2,-4.44576479494571686e-2
1,16,16,2,4.44576479494571686e-2
1,17,16,2,1.32944807410240173e-1
1,18,16,2,2.20151588320732117e-1
1,19,16,2,3.05238217115402222e-1
1,20,16,2,3.87385219335556030e-1
1,21,16,2,4.65801477432250977e-1
1,22,16,2,5.39731860160827637e-1
1,23,16,2,6.08464360237121582e-1
1,24,16,2,6.71336948871612549e-1
1,25,16,2,7.27744162082672119e-1
1,26,16,2,7.77142882347106934e-1
1,27,16,2,8.19057285785675049e-1
1,28,16,2,8.53083670139312744e-1
1,29,16,2,8.78894448280334473e-1
1,30,16,2,8.96240949630737305e-1
1,31,16,2,9.04956161975860596e-1
1,0,17,2,-9.00598526000976562e-1
1,1,17,2,-8.91925334930419922e-1
1,2,17,2,-8.74662339687347412e-1
1,3,17,2,-8.48975837230682373e-1
1,4,17,2,-8.15113306045532227e-1
1,5,17,2,-7.73400723934173584e-1
1,6,17,2,-7.24239826202392578e-1
1,7,17,2,-6.68104231357574463e-1
1,8,17,2,-6.05534434318542480e-1
1,9,17,2,-5.37132918834686279e-1
1,10,17,2,-4.63558524847030640e-1
1,11,17,2,-3.85519832372665405e-1
1,12,17,2,-3.03768396377563477e-1
1,13,17,2,-2.19091504812240601e-1
1,14,17,2,-1.32304638624191284e-1
1,15,17,2,-4.42435704171657562e-2
1,16,17,2,4.42435704171657562e-2
1,17,17,2,1.32304638624191284e-1
1,18,17,2,2.19091504812240601e-1
1,19,17,2,3.03768396377563477e-1
1,20,17,2,3.85519832372665405e-1
1,21,17,2,4.63558524847030640e-1
1,22,17,2,5.37132918834686279e-1
1,23,17,2,6.05534434318542480e-1
1,24,17,2,6.68104231357574463e-1
1,25,17,2,7.24239826202392578e-1
1,26,17,2,7.73400723934173584e-1
1,27,17,2,8.15113306045532227e-1
1,28,17,2,8.48975837230682373e-1
1,29,17,2,8.74662339687347412e-1
1,30,17,2,8.91925334930419922e-1
1,31,17,2,9.00598526000976562e-1
1,0,18,2,-8.87567698955535889e-1
1,1,18,2,-8.79019975662231445e-1
1,2,18,2,-8.62006723880767822e-1
1,3,18,2,-8.36691915988922119e-1
1,4,18,2,-8.03319334983825684e-1
1,5,18,2,-7.62210309505462646e-1
1,6,18,2,-7.13760733604431152e-1
1,7,18,2,-6.58437311649322510e-1
1,8,18,2,-5.96772849559783936e-1
1,9,18,2,-5.29361069202423096e-1
1,10,18,2,-4.56851214170455933e-1
1,11,18,2,-3.79941731691360474e-1
1,12,18,2,-2.99373149871826172e-1
1,13,18,2,-2.15921446681022644e-1
1,14,18,2,-1.30390271544456482e-1
1,15,18,2,-4.36033979058265686e-2
1,16,18,2,4.36033979058265686e-2
1,17,18,2,1.30390271544456482e-1
1,18,18,2,2.15921446681022644e-1
1,19,18,2,2.99373149871826172e-1
1,20,18,2,3.79941731691360474e-1
1,21,18,2,4.56851214170455933e-1
1,22,18,2,5.29361069202423096e-1
1,23,18,2,5.96772849559783936e-1
1,24,18,2,6.58437311649322510e-1
1,25,18,2,7.13760733604431152e-1
1,26,18,2,7.62210309505462646e-1
1,27,18,2,8.03319334983825684e-1
1,28,18,2,8.36691915988922119e-1
1,29,18,2,8.62006723880767822e-1
1,30,18,2,8.79019975662231445e-1
1,31,18,2,8.87567698955535889e-1
1,0,19,2,-8.65989089012145996e-1
1,1,19,2,-8.57649207115173340e-1
1,2,19,2,-8.41049551963806152e-1
1,3,19,2,-8.16350221633911133e-1
1,4,19,2,-7.83788919448852539e-1
1,5,19,2,-7.43679344654083252e-1
1,6,19,2,-6.96407675743103027e-1
1,7,19,2,-6.42429292201995850e-1
1,8,19,2,-5.82264006137847900e-1
1,9,19,2,-5.16491115093231201e-1
1,10,19,2,-4.45744216442108154e-1
1,11,19,2,-3.70704531669616699e-1
1,12,19,2,-2.92094737291336060e-1
1,13,19,2,-2.10671916604042053e-1
1,14,19,2,-1.27220213413238525e-1
1,15,19,2,-4.25433106720447540e-2
1,16,19,2,4.25433106720447540e-2
1,17,19,2,1.27220213413238525e-1
1,18,19,2,2.10671916604042053e-1
1,19,19,2,2.92094737291336060e-1
1,20,19,2,3.70704531669616699e-1
1,21,19,2,4.45744216442108154e-1
1,22,19,2,5.16491115093231201e-1
1,23,19,2,5.82264006137847900e-1
1,24,19,2,6.42429292201995850e-1
1,25,19,2,6.96407675743103027e-1
1,26,19,2,7.43679344654083252e-1
1,27,19,2,7.83788919448852539e-1
1,28,19,2,8.16350221633911133e-1
1,29,19,2,8.41049551963806152e-1
1,30,19,2,8.57649207115173340e-1
1,31,19,2,8.65989089012145996e-1
1,0,20,2,-8.36070537567138672e-1
1,1,20,2,-8.28018724918365479e-1
1,2,20,2,-8.11992585659027100e-1
1,3,20,2,-7.88146555423736572e-1
1,4,20,2,-7.56710231304168701e-1
1,5,20,2,-7.17986345291137695e-1
1,6,20,2,-6.72347903251647949e-1
1,7,20,2,-6.20234370231628418e-1
1,8,20,2,-5.62147676944732666e-1
1,9,20,2,-4.98647153377532959e-1
1,10,20,2,-4.30344432592391968e-1
1,11,20,2,-3.57897222042083740e-1
1,12,20,2,-2.82003313302993774e-1
1,13,20,2,-2.03393533825874329e-1
1,14,20,2,-1.22824944555759430e-1
1,15,20,2,-4.10735011100769043e-2
1,16,20,2,4.10735011100769043e-2
1,17,20,2,1.22824944555759430e-1
1,18,20,2,2.03393533825874329e-1
1,19,20,2,2.82003313302993774e-1
1,20,20,2,3.57897222042083740e-1
1,21,20,2,4.30344432592391968e-1
1,22,20,2,4.98647153377532959e-1
1,23,20,2,5.62147676944732666e-1
1,24,20,2,6.20234370231628418e-1
1,25,20,2,6.72347903251647949e-1
1,26,20,2,7.17986345291137695e-1
1,27,20,2,7.56710231304168701e-1
1,28,20,2,7.88146555423736572e-1
1,29,20,2,8.11992585659027100e-1
1,30,20,2,8.28018724918365479e-1
1,31,20,2,8.36070537567138672e-1
1,0,21,2,-7.98100113868713379e-1
1,1,21,2,-7.90413975715637207e-1
1,2,21,2,-7.75115668773651123e-1
1,3,21,2,-7.52352595329284668e-1
1,4,21,2,-7.22343981266021729e-1
1,5,21,2,-6.85378789901733398e-1
1,6,21,2,-6.41813039779663086e-1
1,7,21,2,-5.92066228389739990e-1
1,8,21,2,-5.36617636680603027e-1
1,9,21,2,-4.76000964641571045e-1
1,10,21,2,-4.10800218582153320e-1
1,11,21,2,-3.41643214225769043e-1
1,12,21,2,-2.69196033477783203e-1
1,13,21,2,-1.94156333804130554e-1
1,14,21,2,-1.17246821522712708e-1
1,15,21,2,-3.92081364989280701e-2
1,16,21,2,3.92081364989280701e-2
1,17,21,2,1.17246821522712708e-1
1,18,21,2,1.94156333804130554e-1
1,19,21,2,2.69196033477783203e-1
1,20,21,2,3.41643214225769043e-1
1,21,21,2,4.10800218582153320e-1
1,22,21,2,4.76000964641571045e-1
1,23,21,2,5.36617636680603027e-1
1,24,21,2,5.92066228389739990e-1
1,25,21,2,6.41813039779663086e-1
1,26,21,2,6.85378789901733398e-1
1,27,21,2,7.22343981266021729e-1
1,28,21,2,7.52352595329284668e-1
1,29,21,2,7.75115668773651123e-1
1,30,21,2,7.90413975715637207e-1
1,31,21,2,7.98100113868713379e-1
1,0,22,2,-7.52443492412567139e-1
1,1,22,2,-7.45197117328643799e-1
1,2,22,2,-7.30773985385894775e-1
1,3,22,2,-7.09313094615936279e-1
1,4,22,2,-6.81021153926849365e-1
1,5,22,2,-6.46170675754547119e-1
1,6,22,2,-6.05097115039825439e-1
1,7,22,2,-5.58196187019348145e-1
1,8,22,2,-5.05919575691223145e-1
1,9,22,2,-4.48770612478256226e-1
1,10,22,2,-3.87299746274948120e-1
1,11,22,2,-3.22099000215530396e-1
1,12,22,2,-2.53796249628067017e-1
1,13,22,2,-1.83049336075782776e-1
1,14,22,2,-1.10539533197879791e-1
1,15,22,2,-3.69651801884174347e-2
1,16,22,2,3.69651801884174347e-2
1,17,22,2,1.10539533197879791e-1
1,18,22,2,1.83049336075782776e-1
1,19,22,2,2.53796249628067017e-1
1,20,22,2,3.22099000215530396e-1
1,21,22,2,3.87299746274948120e-1
1,22,22,2,4.48770612478256226e-1
1,23,22,2,5.05919575691223145e-1
1,24,22,2,5.58196187019348145e-1
1,25,22,2,6.05097115039825439e-1
1,26,22,2,6.46170675754547119e-1
1,27,22,2,6.81021153926849365e-1
1,28,22,2,7.09313094615936279e-1
1,29,22,2,7.30773985385894775e-1
1,30,22,2,7.45197117328643799e-1
1,31,22,2,7.52443492412567139e-1
1,0,23,2,-6.99540495872497559e-1
1,1,23,2,-6.92803561687469482e-1
1,2,23,2,-6.79394543170928955e-1
1,3,23,2,-6.59442484378814697e-1
1,4,23,2,-6.33139729499816895e-1
1,5,23,2,-6.00739538669586182e-1
1,6,23,2,-5.62553822994232178e-1
1,7,23,2,-5.18950402736663818e-1
1,8,23,2,-4.70349252223968506e-1
1,9,23,2,-4.17218357324600220e-1
1,10,23,2,-3.60069394111633301e-1
1,11,23,2,-2.99452811479568481e-1
1,12,23,2,-2.35952317714691162e-1
1,13,23,2,-1.70179456472396851e-1
1,14,23,2,-1.02767691016197205e-1
1,15,23,2,-3.43662202358245850e-2
1,16,23,2,3.43662202358245850e-2
1,17,23,2,1.02767691016197205e-1
1,18,23,2,1.70179456472396851e-1
1,19,23,2,2.35952317714691162e-1
1,20,23,2,2.99452811479568481e-1
1,21,23,2,3.60069394111633301e-1
1,22,23,2,4.17218357324600220e-1
1,23,23,2,4.70349252223968506e-1
1,24,23,2,5.18950402736663818e-1
1,25,23,2,5.62553822994232178e-1
1,26,23,2,6.00739538669586182e-1
1,27,23,2,6.33139729499816895e-1
1,28,23,2,6.59442484378814697e-1
1,29,23,2,6.79394543170928955e-1
1,30,23,2,6.92803561687469482e-1
1,31,23,2,6.99540495872497559e-1
1,0,24,2,-6.39900565147399902e-1
1,1,24,2,-6.33737981319427490e-1
1,2,24,2,-6.21472179889678955e-1
1,3,24,2,-6.03221178054809570e-1
1,4,24,2,-5.79160869121551514e-1
1,5,24,2,-5.49522936344146729e-1
1,6,24,2,-5.14592826366424561e-1
1,7,24,2,-4.74706858396530151e-1
1,8,24,2,-4.30249214172363281e-1
1,9,24,2,-3.81648033857345581e-1
1,10,24,2,-3.29371333122253418e-1
1,11,24,2,-2.73922711610794067e-1
1,12,24,2,-2.15835988521575928e-1
1,13,24,2,-1.55670657753944397e-1
1,14,24,2,-9.40061584115028381e-2
1,15,24,2,-3.14363017678260803e-2
1,16,24,2,3.14363017678260803e-2
1,17,24,2,9.40061584115028381e-2
1,18,24,2,1.55670657753944397e-1
1,19,24,2,2.15835988521575928e-1
1,20,24,2,2.73922711610794067e-1
1,21,24,2,3.29371333122253418e-1
1,22,24,2,3.81648033857345581e-1
1,23,24,2,4.30249214172363281e-1
1,24,24,2,4.74706858396530151e-1
1,25,24,2,5.14592826366424561e-1
1,26,24,2,5.49522936344146729e-1
1,27,24,2,5.79160869121551514e-1
1,28,24,2,6.03221178054809570e-1
1,29,24,2,6.21472179889678955e-1
1,30,24,2,6.33737981319427490e-1
1,31,24,2,6.39900565147399902e-1
1,0,25,2,-5.74097990989685059e-1
1,1,25,2,-5.68569123744964600e-1
1,2,25,2,-5.57564616203308105e-1
1,3,25,2,-5.41190505027770996e-1
1,4,25,2,-5.19604325294494629e-1
1,5,25,2,-4.93014186620712280e-1
1,6,25,2,-4.61676001548767090e-1
1,7,25,2,-4.25891607999801636e-1
1,8,25,2,-3.86005669832229614e-1
1,9,25,2,-3.42402249574661255e-1
1,10,25,2,-2.95501291751861572e-1
1,11,25,2,-2.45754554867744446e-1
1,12,25,2,-1.93641051650047302e-1
1,13,25,2,-1.39662668108940125e-1
1,14,25,2,-8.43392685055732727e-2
1,15,25,2,-2.82036270946264267e-2
1,16,25,2,2.82036270946264267e-2
1,17,25,2,8.43392685055732727e-2
1,18,25,2,1.39662668108940125e-1
1,19,25,2,1.93641051650047302e-1
1,20,25,2,2.45754554867744446e-1
1,21,25,2,2.95501291751861572e-1
1,22,25,2,3.42402249574661255e-1
1,23,25,2,3.86005669832229614e-1
1,24,25,2,4.25891607999801636e-1
1,25,25,2,4.61676001548767090e-1
1,26,25,2,4.93014186620712280e-1
1,27,25,2,5.19604325294494629e-1
1,28,25,2,5.41190505027770996e-1
1,29,25,2,5.57564616203308105e-1
1,30,25,2,5.68569123744964600e-1
1,31,25,2,5.74097990989685059e-1
1,0,26,2,-5.02766609191894531e-1
1,1,26,2,-4.97924685478210449e-1
1,2,26,2,-4.88287508487701416e-1
1,3,26,2,-4.73947852849960327e-1
1,4,26,2,-4.55043762922286987e-1
1,5,26,2,-4.31757390499114990e-1
1,6,26,2,-4.04312968254089355e-1
1,7,26,2,-3.72974812984466553e-1
1,8,26,2,-3.38044643402099609e-1
1,9,26,2,-2.99858957529067993e-1
1,10,26,2,-2.58785426616668701e-1
1,11,26,2,-2.15219691395759583e-1
1,12,26,2,-1.69581249356269836e-1
1,13,26,2,-1.22309647500514984e-1
1,14,26,2,-7.38601610064506531e-2
1,15,26,2,-2.46993396431207657e-2
1,16,26,2,2.46993396431207657e-2
1,17,26,2,7.38601610064506531e-2
1,18,26,2,1.22309647500514984e-1
1,19,26,2,1.69581249356269836e-1
1,20,26,2,2.15219691395759583e-1
1,21,26,2,2.58785426616668701e-1
1,22,26,2,2.99858957529067993e-1
1,23,26,2,3.38044643402099609e-1
1,24,26,2,3.72974812984466553e-1
1,25,26,2,4.04312968254089355e-1
1,26,26,2,4.31757390499114990e-1
1,27,26,2,4.55043762922286987e-1
1,28,26,2,4.73947852849960327e-1
1,29,26,2,4.88287508487701416e-1
1,30,26,2,4.97924685478210449e-1
1,31,26,2,5.02766609191894531e-1
1,0,27,2,-4.26593303680419922e-1
1,1,27,2,-4.22484993934631348e-1
1,2,27,2,-4.14307922124862671e-1
1,3,27,2,-4.02140825986862183e-1
1,4,27,2,-3.86100888252258301e-1
1,5,27,2,-3.66342604160308838e-1
1,6,27,2,-3.43056201934814453e-1
1,7,27,2,-3.16466033458709717e-1
1,8,27,2,-2.86828070878982544e-1
1,9,27,2,-2.54427820444107056e-1
1,10,27,2,-2.19577297568321228e-1
1,11,27,2,-1.82612121105194092e-1
1,12,27,2,-1.43888279795646667e-1
1,13,27,2,-1.03778727352619171e-1
1,14,27,2,-6.26697242259979248e-2
1,15,27,2,-2.09571849554777145e-2
1,16,27,2,2.09571849554777145e-2
1,17,27,2,6.26697242259979248e-2
1,18,27,2,1.03778727352619171e-1
1,19,27,2,1.43888279795646667e-1
1,20,27,2,1.82612121105194092e-1
1,21,27,2,2.19577297568321228e-1
1,22,27,2,2.54427820444107056e-1
1,23,27,2,2.86828070878982544e-1
1,24,27,2,3.16466033458709717e-1
1,25,27,2,3.43056201934814453e-1
1,26,27,2,3.66342604160308838e-1
1,27,27,2,3.86100888252258301e-1
1,28,27,2,4.02140825986862183e-1
1,29,27,2,4.14307922124862671e-1
1,30,27,2,4.22484993934631348e-1
1,31,27,2,4.26593303680419922e-1
1,0,28,2,-3.46311718225479126e-1
1,1,28,2,-3.42976510524749756e-1
1,2,28,2,-3.36338281631469727e-1
1,3,28,2,-3.26460927724838257e-1
1,4,28,2,-3.13439637422561646e-1
1,5,28,2,-2.97399669885635376e-1
1,6,28,2,-2.78495609760284424e-1
1,7,28,2,-2.56909489631652832e-1
1,8,28,2,-2.32849195599555969e-1
1,9,28,2,-2.06546440720558167e-1
1,10,28,2,-1.78254500031471252e-1
1,11,28,2,-1.48245915770530701e-1
1,12,28,2,-1.16809599101543427e-1
1,13,28,2,-8.42483416199684143e-2
1,14,28,2,-5.08757606148719788e-2
1,15,28,2,-1.70132126659154892e-2
1,16,28,2,1.70132126659154892e-2
1,17,28,2,5.08757606148719788e-2
1,18,28,2,8.42483416199684143e-2
1,19,28,2,1.16809599101543427e-1
1,20,28,2,1.48245915770530701e-1
1,21,28,2,1.78254500031471252e-1
1,22,28,2,2.06546440720558167e-1
1,23,28,2,2.32849195599555969e-1
1,24,28,2,2.56909489631652832e-1
1,25,28,2,2.78495609760284424e-1
1,26,28,2,2.97399669885635376e-1
1,27,28,2,3.13439637422561646e-1
1,28,28,2,3.26460927724838257e-1
1,29,28,2,3.36338281631469727e-1
1,30,28,2,3.42976510524749756e-1
1,31,28,2,3.46311718225479126e-1
1,0,29,2,-2.62694925069808960e-1
1,1,29,2,-2.60164976119995117e-1
1,2,29,2,-2.55129575729370117e-1
1,3,29,2,-2.47637093067169189e-1
1,4,29,2,-2.37759754061698914e-1
1,5,29,2,-2.25592643022537231e-1
1,6,29,2,-2.11252957582473755e-1
1,7,29,2,-1.94878816604614258e-1
1,8,29,2,-1.76627874374389648e-1
1,9,29,2,-1.56675890088081360e-1
1,10,29,2,-1.35215029120445251e-1
1,11,29,2,-1.12451985478401184e-1
1,12,29,2,-8.86059775948524475e-2
1,13,29,2,-6.39066249132156372e-2
1,14,29,2,-3.85918281972408295e-2
1,15,29,2,-1.29053639248013496e-2
1,16,29,2,1.29053639248013496e-2
1,17,29,2,3.85918281972408295e-2
1,18,29,2,6.39066249132156372e-2
1,19,29,2,8.86059775948524475e-2
1,20,29,2,1.12451985478401184e-1
1,21,29,2,1.35215029120445251e-1
1,22,29,2,1.56675890088081360e-1
1,23,29,2,1.76627874374389648e-1
1,24,29,2,1.94878816604614258e-1
1,25,29,2,2.11252957582473755e-1
1,26,29,2,2.25592643022537231e-1
1,27,29,2,2.37759754061698914e-1
1,28,29,2,2.47637093067169189e-1
1,29,29,2,2.55129575729370117e-1
1,30,29,2,2.60164976119995117e-1
1,31,29,2,2.62694925069808960e-1
1,0,30,2,-1.76548197865486145e-1
1,1,30,2,-1.74847930669784546e-1
1,2,30,2,-1.71463787555694580e-1
1,3,30,2,-1.66428357362747192e-1
1,4,30,2,-1.59790128469467163e-1
1,5,30,2,-1.51613041758537292e-1
1,6,30,2,-1.41975820064544678e-1
1,7,30,2,-1.30971327424049377e-1
1,8,30,2,-1.18705503642559052e-1
1,9,30,2,-1.05296477675437927e-1
1,10,30,2,-9.08733755350112915e-2
1,11,30,2,-7.55751058459281921e-2
1,12,30,2,-5.95490224659442902e-2
1,13,30,2,-4.29494343698024750e-2
1,14,30,2,-2.59362328797578812e-2
1,15,30,2,-8.67325253784656525e-3
1,16,30,2,8.67325253784656525e-3
1,17,30,2,2.59362328797578812e-2
1,18,30,2,4.29494343698024750e-2
1,19,30,2,5.95490224659442902e-2
1,20,30,2,7.55751058459281921e-2
1,21,30,2,9.08733755350112915e-2
1,22,30,2,1.05296477675437927e-1
1,23,30,2,1.18705503642559052e-1
1,24,30,2,1.30971327424049377e-1
1,25,30,2,1.41975820064544678e-1
1,26,30,2,1.51613041758537292e-1
1,27,30,2,1.59790128469467163e-1
1,28,30,2,1.66428357362747192e-1
1,29,30,2,1.71463787555694580e-1
1,30,30,2,1.74847930669784546e-1
1,31,30,2,1.76548197865486145e-1
1,0,31,2,-8.87012183666229248e-2
1,1,31,2,-8.78469720482826233e-2
1,2,31,2,-8.61467197537422180e-2
1,3,31,2,-8.36168229579925537e-2
1,4,31,2,-8.02816376090049744e-2
1,5,31,2,-7.61733204126358032e-2
1,6,31,2,-7.13313966989517212e-2
1,7,31,2,-6.58025220036506653e-2
1,8,31,2,-5.96399269998073578e-2
1,9,31,2,-5.29029741883277893e-2
1,10,31,2,-4.56565469503402710e-2
1,11,31,2,-3.79703864455223083e-2
1,12,31,2,-2.99185700714588165e-2
1,13,31,2,-2.15786267071962357e-2
1,14,31,2,-1.30308689549565315e-2
1,15,31,2,-4.35761036351323128e-3
1,16,31,2,4.35761036351323128e-3
1,17,31,2,1.30308689549565315e-2
1,18,31,2,2.15786267071962357e-2
1,19,31,2,2.99185700714588165e-2
1,20,31,2,3.79703864455223083e-2
1,21,31,2,4.56565469503402710e-2
1,22,31,2,5.29029741883277893e-2
1,23,31,2,5.96399269998073578e-2
1,24,31,2,6.58025220036506653e-2
1,25,31,2,7.13313966989517212e-2
1,26,31,2,7.61733204126358032e-2
1,27,31,2,8.02816376090049744e-2
1,28,31,2,8.36168229579925537e-2
1,29,31,2,8.61467197537422180e-2
1,30,31,2,8.78469720482826233e-2
1,31,31,2,8.87012183666229248e-2
1,0,32,2,0.00000000000000000e0
1,1,32,2,0.00000000000000000e0
1,2,32,2,0.00000000000000000e0
1,3,32,2,0.00000000000000000e0
1,4,32,2,0.00000000000000000e0
1,5,32,2,0.00000000000000000e0
1,6,32,2,0.00000000000000000e0
1,7,32,2,0.00000000000000000e0
1,8,32,2,0.00000000000000000e0
1,9,32,2,0.00000000000000000e0
1,10,32,2,0.00000000000000000e0
1,11,32,2,0.00000000000000000e0
1,12,32,2,0.00000000000000000e0
1,13,32,2,0.00000000000000000e0
1,14,32,2,0.00000000000000000e0
1,15,32,2,0.00000000000000000e0
1,16,32,2,0.00000000000000000e0
1,17,32,2,0.00000000000000000e0
1,18,32,2,0.00000000000000000e0
1,19,32,2,0.00000000000000000e0
1,20,32,2,0.00000000000000000e0
1,21,32,2,0.00000000000000000e0
1,22,32,2,0.00000000000000000e0
1,23,32,2,0.00000000000000000e0
1,24,32,2,0.00000000000000000e0
1,25,32,2,0.00000000000000000e0
1,26,32,2,0.00000000000000000e0
1,27,32,2,0.00000000000000000e0
1,28,32,2,0.00000000000000000e0
1,29,32,2,0.00000000000000000e0
1,30,32,2,0.00000000000000000e0
1,31,32,2,0.00000000000000000e0
2,0,0,0,0.00000000000000000e0
2,1,0,0,0.00000000000000000e0
2,2,0,0,0.00000000000000000e0
2,3,0,0,0.00000000000000000e0
2,4,0,0,0.00000000000000000e0
2,5,0,0,0.00000000000000000e0
2,6,0,0,0.00000000000000000e0
2,7,0,0,0.00000000000000000e0
2,8,0,0,0.00000000000000000e0
2,9,0,0,0.00000000000000000e0
2,10,0,0,0.00000000000000000e0
2,11,0,0,0.00000000000000000e0
2,12,0,0,0.00000000000000000e0
2,13,0,0,0.00000000000000000e0
2,14,0,0,0.00000000000000000e0
2,15,0,0,0.00000000000000000e0
2,16,0,0,0.00000000000000000e0
2,17,0,0,0.00000000000000000e0
2,18,0,0,0.00000000000000000e0
2,19,0,0,0.00000000000000000e0
2,20,0,0,0.00000000000000000e0
2,21,0,0,0.00000000000000000e0
2,22,0,0,0.00000000000000000e0
2,23,0,0,0.00000000000000000e0
2,24,0,0,0.00000000000000000e0
2,25,0,0,0.00000000000000000e0
2,26,0,0,0.00000000000000000e0
2,27,0,0,0.00000000000000000e0
2,28,0,0,0.00000000000000000e0
2,29,0,0,0.00000000000000000e0
2,30,0,0,0.00000000000000000e0
2,31,0,0,0.00000000000000000e0
2,0,1,0,0.00000000000000000e0
2,1,1,0,0.00000000000000000e0
2,2,1,0,0.00000000000000000e0
2,3,1,0,0.00000000000000000e0
2,4,1,0,0.00000000000000000e0
2,5,1,0,0.00000000000000000e0
2,6,1,0,0.00000000000000000e0
2,7,1,0,0.00000000000000000e0
2,8,1,0,0.00000000000000000e0
2,9,1,0,0.00000000000000000e0
2,10,1,0,0.00000000000000000e0
2,11,1,0,0.00000000000000000e0
2,12,1,0,0.00000000000000000e0
2,13,1,0,0.00000000000000000e0
2,14,1,0,0.00000000000000000e0
2,15,1,0,0.00000000000000000e0
2,16,1,0,0.00000000000000000e0
2,17,1,0,0.00000000000000000e0
2,18,1,0,0.00000000000000000e0
2,19,1,0,0.00000000000000000e0
2,20,1,0,0.00000000000000000e0
2,21,1,0,0.00000000000000000e0
2,22,1,0,0.00000000000000000e0
2,23,1,0,0.00000000000000000e0
2,24,1,0,0.00000000000000000e0
2,25,1,0,0.00000000000000000e0
2,26,1,0,0.00000000000000000e0
2,27,1,0,0.00000000000000000e0
2,28,1,0,0.00000000000000000e0
2,29,1,0,0.00000000000000000e0
2,30,1,0,0.00000000000000000e0
2,31,1,0,0.00000000000000000e0
2,0,2,0,0.00000000000000000e0
2,1,2,0,0.00000000000000000e0
2,2,2,0,0.00000000000000000e0
2,3,2,0,0.00000000000000000e0
2,4,2,0,0.00000000000000000e0
2,5,2,0,0.00000000000000000e0
2,6,2,0,0.00000000000000000e0
2,7,2,0,0.00000000000000000e0
2,8,2,0,0.00000000000000000e0
2,9,2,0,0.00000000000000000e0
2,10,2,0,0.00000000000000000e0
2,11,2,0,0.00000000000000000e0
2,12,2,0,0.00000000000000000e0
2,13,2,0,0.00000000000000000e0
2,14,2,0,0.00000000000000000e0
2,15,2,0,0.00000000000000000e0
2,16,2,0,0.00000000000000000e0
2,17,2,0,0.00000000000000000e0
2,18,2,0,0.00000000000000000e0
2,19,2,0,0.00000000000000000e0
2,20,2,0,0.00000000000000000e0
2,21,2,0,0.00000000000000000e0
2,22,2,0,0.00000000000000000e0
2,23,2,0,0.00000000000000000e0
2,24,2,0,0.00000000000000000e0
2,25,2,0,0.00000000000000000e0
2,26,2,0,0.00000000000000000e0
2,27,2,0,0.00000000000000000e0
2,28,2,0,0.00000000000000000e0
2,29,2,0,0.00000000000000000e0
2,30,2,0,0.00000000000000000e0
2,31,2,0,0.00000000000000000e0
2,0,3,0,0.00000000000000000e0
2,1,3,0,0.00000000000000000e0
2,2,3,0,0.00000000000000000e0
2,3,3,0,0.00000000000000000e0
2,4,3,0,0.00000000000000000e0
2,5,3,0,0.00000000000000000e0
2,6,3,0,0.00000000000000000e0
2,7,3,0,0.00000000000000000e0
2,8,3,0,0.00000000000000000e0
2,9,3,0,0.00000000000000000e0
2,10,3,0,0.00000000000000000e0
2,11,3,0,0.00000000000000000e0
2,12,3,0,0.00000000000000000e0
2,13,3,0,0.00000000000000000e0
2,14,3,0,0.00000000000000000e0
2,15,3,0,0.00000000000000000e0
2,16,3,0,0.00000000000000000e0
2,17,3,0,0.00000000000000000e0
2,18,3,0,0.00000000000000000e0
2,19,3,0,0.00000000000000000e0
2,20,3,0,0.00000000000000000e0
2,21,3,0,0.00000000000000000e0
2,22,3,0,0.00000000000000000e0
2,23,3,0,0.00000000000000000e0
2,24,3,0,0.00000000000000000e0
2,25,3,0,0.00000000000000000e0
2,26,3,0,0.00000000000000000e0
2,27,3,0,0.00000000000000000e0
2,28,3,0,0.00000000000000000e0
2,29,3,0,0.00000000000000000e0
2,30,3,0,0.00000000000000000e0
2,31,3,0,0.00000000000000000e0
2,0,4,0,0.00000000000000000e0
2,1,4,0,0.00000000000000000e0
2,2,4,0,0.00000000000000000e0
2,3,4,0,0.00000000000000000e0
2,4,4,0,0.00000000000000000e0
2,5,4,0,0.00000000000000000e0
2,6,4,0,0.00000000000000000e0
2,7,4,0,0.00000000000000000e0
2,8,4,0,0.00000000000000000e0
2,9,4,0,0.00000000000000000e0
2,10,4,0,0.00000000000000000e0
2,11,4,0,0.00000000000000000e0
2,12,4,0,0.00000000000000000e0
2,13,4,0,0.00000000000000000e0
2,14,4,0,0.00000000000000000e0
2,15,4,0,0.00000000000000000e0
2,16,4,0,0.00000000000000000e0
2,17,4,0,0.00000000000000000e0
2,18,4,0,0.00000000000000000e0
2,19,4,0,0.00000000000000000e0
2,20,4,0,0.00000000000000000e0
2,21,4,0,0.00000000000000000e0
2,22,4,0,0.00000000000000000e0
2,23,4,0,0.00000000000000000e0
2,24,4,0,0.00000000000000000e0
2,25,4,0,0.00000000000000000e0
2,26,4,0,0.00000000000000000e0
2,27,4,0,0.00000000000000000e0
2,28,4,0,0.00000000000000000e0
2,29,4,0,0.00000000000000000e0
2,30,4,0,0.00000000000000000e0
2,31,4,0,0.00000000000000000e0
2,0,5,0,0.00000000000000000e0
2,1,5,0,0.00000000000000000e0
2,2,5,0,0.00000000000000000e0
2,3,5,0,0.00000000000000000e0
2,4,5,0,0.00000000000000000e0
2,5,5,0,0.00000000000000000e0
2,6,5,0,0.00000000000000000e0
2,7,5,0,0.00000000000000000e0
2,8,5,0,0.00000000000000000e0
2,9,5,0,0.00000000000000000e0
2,10,5,0,0.00000000000000000e0
2,11,5,0,0.00000000000000000e0
2,12,5,0,0.00000000000000000e0
2,13,5,0,0.00000000000000000e0
2,14,5,0,0.00000000000000000e0
2,15,5,0,0.00000000000000000e0
2,16,5,0,0.00000000000000000e0
2,17,5,0,0.00000000000000000e0
2,18,5,0,0.00000000000000000e0
2,19,5,0,0.00000000000000000e0
2,20,5,0,0.00000000000000000e0
2,21,5,0,0.00000000000000000e0
2,22,5,0,0.00000000000000000e0
2,23,5,0,0.00000000000000000e0
2,24,5,0,0.00000000000000000e0
2,25,5,0,0.00000000000000000e0
2,26,5,0,0.00000000000000000e0
2,27,5,0,0.00000000000000000e0
2,28,5,0,0.00000000000000000e0
2,29,5,0,0.00000000000000000e0
2,30,5,0,0.00000000000000000e0
2,31,5,0,0.00000000000000000e0
2,0,6,0,0.00000000000000000e0
2,1,6,0,0.00000000000000000e0
2,2,6,0,0.00000000000000000e0
2,3,6,0,0.00000000000000000e0
2,4,6,0,0.00000000000000000e0
2,5,6,0,0.00000000000000000e0
2,6,6,0,0.00000000000000000e0
2,7,6,0,0.00000000000000000e0
2,8,6,0,0.00000000000000000e0
2,9,6,0,0.00000000000000000e0
2,10,6,0,0.00000000000000000e0
2,11,6,0,0.00000000000000000e0
2,12,6,0,0.00000000000000000e0
2,13,6,0,0.00000000000000000e0
2,14,6,0,0.00000000000000000e0
2,15,6,0,0.00000000000000000e0
2,16,6,0,0.00000000000000000e0
2,17,6,0,0.00000000000000000e0
2,18,6,0,0.00000000000000000e0
2,19,6,0,0.00000000000000000e0
2,20,6,0,0.00000000000000000e0
2,21,6,0,0.00000000000000000e0
2,22,6,0,0.00000000000000000e0
2,23,6,0,0.00000000000000000e0
2,24,6,0,0.00000000000000000e0
2,25,6,0,0.00000000000000000e0
2,26,6,0,0.00000000000000000e0
2,27,6,0,0.00000000000000000e0
2,28,6,0,0.00000000000000000e0
2,29,6,0,0.00000000000000000e0
2,30,6,0,0.00000000000000000e0
2,31,6,0,0.00000000000000000e0
2,0,7,0,0.00000000000000000e0
2,1,7,0,0.00000000000000000e0
2,2,7,0,0.00000000000000000e0
2,3,7,0,0.00000000000000000e0
2,4,7,0,0.00000000000000000e0
2,5,7,0,0.00000000000000000e0
2,6,7,0,0.00000000000000000e0
2,7,7,0,0.00000000000000000e0
2,8,7,0,0.00000000000000000e0
2,9,7,0,0.00000000000000000e0
2,10,7,0,0.00000000000000000e0
2,11,7,0,0.00000000000000000e0
2,12,7,0,0.00000000000000000e0
2,13,7,0,0.00000000000000000e0
2,14,7,0,0.00000000000000000e0
2,15,7,0,0.00000000000000000e0
2,16,7,0,0.00000000000000000e0
2,17,7,0,0.00000000000000000e0
2,18,7,0,0.00000000000000000e0
2,19,7,0,0.00000000000000000e0
2,20,7,0,0.00000000000000000e0
2,21,7,0,0.00000000000000000e0
2,22,7,0,0.00000000000000000e0
2,23,7,0,0.00000000000000000e0
2,24,7,0,0.00000000000000000e0
2,25,7,0,0.00000000000000000e0
2,26,7,0,0.00000000000000000e0
2,27,7,0,0.00000000000000000e0
2,28,7,0,0.00000000000000000e0
2,29,7,0,0.00000000000000000e0
2,30,7,0,0.00000000000000000e0
2,31,7,0,0.00000000000000000e0
2,0,8,0,0.00000000000000000e0
2,1,8,0,0.00000000000000000e0
2,2,8,0,0.00000000000000000e0
2,3,8,0,0.00000000000000000e0
2,4,8,0,0.00000000000000000e0
2,5,8,0,0.00000000000000000e0
2,6,8,0,0.00000000000000000e0
2,7,8,0,0.00000000000000000e0
2,8,8,0,0.00000000000000000e0
2,9,8,0,0.00000000000000000e0
2,10,8,0,0.00000000000000000e0
2,11,8,0,0.00000000000000000e0
2,12,8,0,0.00000000000000000e0
2,13,8,0,0.00000000000000000e0
2,14,8,0,0.00000000000000000e0
2,15,8,0,0.00000000000000000e0
2,16,8,0,0.00000000000000000e0
2,17,8,0,0.00000000000000000e0
2,18,8,0,0.00000000000000000e0
2,19,8,0,0.00000000000000000e0
2,20,8,0,0.00000000000000000e0
2,21,8,0,0.00000000000000000e0
2,22,8,0,0.00000000000000000e0
2,23,8,0,0.00000000000000000e0
2,24,8,0,0.00000000000000000e0
2,25,8,0,0.00000000000000000e0
2,26,8,0,0.00000000000000000e0
2,27,8,0,0.00000000000000000e0
2,28,8,0,0.00000000000000000e0
2,29,8,0,0.00000000000000000e0
2,30,8,0,0.00000000000000000e0
2,31,8,0,0.00000000000000000e0
2,0,9,0,0.00000000000000000e0
2,1,9,0,0.00000000000000000e0
2,2,9,0,0.00000000000000000e0
2,3,9,0,0.00000000000000000e0
2,4,9,0,0.00000000000000000e0
2,5,9,0,0.00000000000000000e0
2,6,9,0,0.00000000000000000e0
2,7,9,0,0.00000000000000000e0
2,8,9,0,0.00000000000000000e0
2,9,9,0,0.00000000000000000e0
2,10,9,0,0.00000000000000000e0
2,11,9,0,0.00000000000000000e0
2,12,9,0,0.00000000000000000e0
2,13,9,0,0.00000000000000000e0
2,14,9,0,0.00000000000000000e0
2,15,9,0,0.00000000000000000e0
2,16,9,0,0.00000000000000000e0
2,17,9,0,0.00000000000000000e0
2,18,9,0,0.00000000000000000e0
2,19,9,0,0.00000000000000000e0
2,20,9,0,0.00000000000000000e0
2,21,9,0,0.00000000000000000e0
2,22,9,0,0.00000000000000000e0
2,23,9,0,0.00000000000000000e0
2,24,9,0,0.00000000000000000e0
2,25,9,0,0.00000000000000000e0
2,26,9,0,0.00000000000000000e0
2,27,9,0,0.00000000000000000e0
2,28,9,0,0.00000000000000000e0
2,29,9,0,0.00000000000000000e0
2,30,9,0,0.00000000000000000e0
2,31,9,0,0.00000000000000000e0
2,0,10,0,0.00000000000000000e0
2,1,10,0,0.00000000000000000e0
2,2,10,0,0.00000000000000000e0
2,3,10,0,0.00000000000000000e0
2,4,10,0,0.00000000000000000e0
2,5,10,0,0.00000000000000000e0
2,6,10,0,0.00000000000000000e0
2,7,10,0,0.00000000000000000e0
2,8,10,0,0.00000000000000000e0
2,9,10,0,0.00000000000000000e0
2,10,10,0,0.00000000000000000e0
2,11,10,0,0.00000000000000000e0
2,12,10,0,0.00000000000000000e0
2,13,10,0,0.00000000000000000e0
2,14,10,0,0.00000000000000000e0
2,15,10,0,0.00000000000000000e0
2,16,10,0,0.00000000000000000e0
2,17,10,0,0.00000000000000000e0
2,18,10,0,0.00000000000000000e0
2,19,10,0,0.00000000000000000e0
2,20,10,0,0.00000000000000000e0
2,21,10,0,0.00000000000000000e0
2,22,10,0,0.00000000000000000e0
2,23,10,0,0.00000000000000000e0
2,24,10,0,0.00000000000000000e0
2,25,10,0,0.00000000000000000e0
2,26,10,0,0.00000000000000000e0
2,27,10,0,0.00000000000000000e0
2,28,10,0,0.00000000000000000e0
2,29,10,0,0.00000000000000000e0
2,30,10,0,0.00000000000000000e0
2,31,10,0,0.00000000000000000e0
2,0,11,0,0.00000000000000000e0
2,1,11,0,0.00000000000000000e0
2,2,11,0,0.00000000000000000e0
2,3,11,0,0.00000000000000000e0
2,4,11,0,0.00000000000000000e0
2,5,11,0,0.00000000000000000e0
2,6,11,0,0.00000000000000000e0
2,7,11,0,0.00000000000000000e0
2,8,11,0,0.00000000000000000e0
2,9,11,0,0.00000000000000000e0
2,10,11,0,0.00000000000000000e0
2,11,11,0,0.00000000000000000e0
2,12,11,0,0.00000000000000000e0
2,13,11,0,0.00000000000000000e0
2,14,11,0,0.00000000000000000e0
2,15,11,0,0.00000000000000000e0
2,16,11,0,0.00000000000000000e0
2,17,11,0,0.00000000000000000e0
2,18,11,0,0.00000000000000000e0
2,19,11,0,0.00000000000000000e0
2,20,11,0,0.00000000000000000e0
2,21,11,0,0.00000000000000000e0
2,22,11,0,0.00000000000000000e0
2,23,11,0,0.00000000000000000e0
2,24,11,0,0.00000000000000000e0
2,25,11,0,0.00000000000000000e0
2,26,11,0,0.00000000000000000e0
2,27,11,0,0.00000000000000000e0
2,28,11,0,0.00000000000000000e0
2,29,11,0,0.00000000000000000e0
2,30,11,0,0.00000000000000000e0
2,31,11,0,0.00000000000000000e0
2,0,12,0,0.00000000000000000e0
2,1,12,0,0.00000000000000000e0
2,2,12,0,0.00000000000000000e0
2,3,12,0,0.00000000000000000e0
2,4,12,0,0.00000000000000000e0
2,5,12,0,0.00000000000000000e0
2,6,12,0,0.00000000000000000e0
2,7,12,0,0.00000000000000000e0
2,8,12,0,0.00000000000000000e0
2,9,12,0,0.00000000000000000e0
2,10,12,0,0.00000000000000000e0
2,11,12,0,0.00000000000000000e0
2,12,12,0,0.00000000000000000e0
2,13,12,0,0.00000000000000000e0
2,14,12,0,0.00000000000000000e0
2,15,12,0,0.00000000000000000e0
2,16,12,0,0.00000000000000000e0
2,17,12,0,0.00000000000000000e0
2,18,12,0,0.00000000000000000e0
2,19,12,0,0.00000000000000000e0
2,20,12,0,0.00000000000000000e0
2,21,12,0,0.00000000000000000e0
2,22,12,0,0.00000000000000000e0
2,23,12,0,0.00000000000000000e0
2,24,12,0,0.00000000000000000e0
2,25,12,0,0.00000000000000000e0
2,26,12,0,0.00000000000000000e0
2,27,12,0,0.00000000000000000e0
2,28,12,0,0.00000000000000000e0
2,29,12,0,0.00000000000000000e0
2,30,12,0,0.00000000000000000e0
2,31,12,0,0.00000000000000000e0
2,0,13,0,0.00000000000000000e0
2,1,13,0,0.00000000000000000e0
2,2,13,0,0.00000000000000000e0
2,3,13,0,0.00000000000000000e0
2,4,13,0,0.00000000000000000e0
2,5,13,0,0.00000000000000000e0
2,6,13,0,0.00000000000000000e0
2,7,13,0,0.00000000000000000e0
2,8,13,0,0.00000000000000000e0
2,9,13,0,0.00000000000000000e0
2,10,13,0,0.00000000000000000e0
2,11,13,0,0.00000000000000000e0
2,12,13,0,0.00000000000000000e0
2,13,13,0,0.00000000000000000e0
2,14,13,0,0.00000000000000000e0
2,15,13,0,0.00000000000000000e0
2,16,13,0,0.00000000000000000e0
2,17,13,0,0.00000000000000000e0
2,18,13,0,0.00000000000000000e0
2,19,13,0,0.00000000000000000e0
2,20,13,0,0.00000000000000000e0
2,21,13,0,0.00000000000000000e0
2,22,13,0,0.00000000000000000e0
2,23,13,0,0.00000000000000000e0
2,24,13,0,0.00000000000000000e0
2,25,13,0,0.00000000000000000e0
2,26,13,0,0.00000000000000000e0
2,27,13,0,0.00000000000000000e0
2,28,13,0,0.00000000000000000e0
2,29,13,0,0.00000000000000000e0
2,30,13,0,0.00000000000000000e0
2,31,13,0,0.00000000000000000e0
2,0,14,0,0.00000000000000000e0
2,1,14,0,0.00000000000000000e0
2,2,14,0,0.00000000000000000e0
2,3,14,0,0.00000000000000000e0
2,4,14,0,0.00000000000000000e0
2,5,14,0,0.00000000000000000e0
2,6,14,0,0.00000000000000000e0
2,7,14,0,0.00000000000000000e0
2,8,14,0,0.00000000000000000e0
2,9,14,0,0.00000000000000000e0
2,10,14,0,0.00000000000000000e0
2,11,14,0,0.00000000000000000e0
2,12,14,0,0.00000000000000000e0
2,13,14,0,0.00000000000000000e0
2,14,14,0,0.00000000000000000e0
2,15,14,0,0.00000000000000000e0
2,16,14,0,0.00000000000000000e0
2,17,14,0,0.00000000000000000e0
2,18,14,0,0.00000000000000000e0
2,19,14,0,0.00000000000000000e0
2,20,14,0,0.00000000000000000e0
2,21,14,0,0.00000000000000000e0
2,22,14,0,0.00000000000000000e0
2,23,14,0,0.00000000000000000e0
2,24,14,0,0.00000000000000000e0
2,25,14,0,0.00000000000000000e0
2,26,14,0,0.00000000000000000e0
2,27,14,0,0.00000000000000000e0
2,28,14,0,0.00000000000000000e0
2,29,14,0,0.00000000000000000e0
2,30,14,0,0.00000000000000000e0
2,31,14,0,0.00000000000000000e0
2,0,15,0,0.00000000000000000e0
2,1,15,0,0.00000000000000000e0
2,2,15,0,0.00000000000000000e0
2,3,15,0,0.00000000000000000e0
2,4,15,0,0.00000000000000000e0
2,5,15,0,0.00000000000000000e0
2,6,15,0,0.00000000000000000e0
2,7,15,0,0.00000000000000000e0
2,8,15,0,0.00000000000000000e0
2,9,15,0,0.00000000000000000e0
2,10,15,0,0.00000000000000000e0
2,11,15,0,0.00000000000000000e0
2,12,15,0,0.00000000000000000e0
2,13,15,0,0.00000000000000000e0
2,14,15,0,0.00000000000000000e0
2,15,15,0,0.00000000000000000e0
2,16,15,0,0.00000000000000000e0
2,17,15,0,0.00000000000000000e0
2,18,15,0,0.00000000000000000e0
2,19,15,0,0.00000000000000000e0
2,20,15,0,0.00000000000000000e0
2,21,15,0,0.00000000000000000e0
2,22,15,0,0.00000000000000000e0
2,23,15,0,0.00000000000000000e0
2,24,15,0,0.00000000000000000e0
2,25,15,0,0.00000000000000000e0
2,26,15,0,0.00000000000000000e0
2,27,15,0,0.00000000000000000e0
2,28,15,0,0.00000000000000000e0
2,29,15,0,0.00000000000000000e0
2,30,15,0,0.00000000000000000e0
2,31,15,0,0.00000000000000000e0
2,0,16,0,0.00000000000000000e0
2,1,16,0,0.00000000000000000e0
2,2,16,0,0.00000000000000000e0
2,3,16,0,0.00000000000000000e0
2,4,16,0,0.00000000000000000e0
2,5,16,0,0.00000000000000000e0
2,6,16,0,0.00000000000000000e0
2,7,16,0,0.00000000000000000e0
2,8,16,0,0.00000000000000000e0
2,9,16,0,0.00000000000000000e0
2,10,16,0,0.00000000000000000e0
2,11,16,0,0.00000000000000000e0
2,12,16,0,0.00000000000000000e0
2,13,16,0,0.00000000000000000e0
2,14,16,0,0.00000000000000000e0
2,15,16,0,0.00000000000000000e0
2,16,16,0,0.00000000000000000e0
2,17,16,0,0.00000000000000000e0
2,18,16,0,0.00000000000000000e0
2,19,16,0,0.00000000000000000e0
2,20,16,0,0.00000000000000000e0
2,21,16,0,0.00000000000000000e0
2,22,16,0,0.00000000000000000e0
2,23,16,0,0.00000000000000000e0
2,24,16,0,0.00000000000000000e0
2,25,16,0,0.00000000000000000e0
2,26,16,0,0.00000000000000000e0
2,27,16,0,0.00000000000000000e0
2,28,16,0,0.00000000000000000e0
2,29,16,0,0.00000000000000000e0
2,30,16,0,0.00000000000000000e0
2,31,16,0,0.00000000000000000e0
2,0,17,0,0.00000000000000000e0
2,1,17,0,0.00000000000000000e0
2,2,17,0,0.00000000000000000e0
2,3,17,0,0.00000000000000000e0
2,4,17,0,0.00000000000000000e0
2,5,17,0,0.00000000000000000e0
2,6,17,0,0.00000000000000000e0
2,7,17,0,0.00000000000000000e0
2,8,17,0,0.00000000000000000e0
2,9,17,0,0.00000000000000000e0
2,10,17,0,0.00000000000000000e0
2,11,17,0,0.00000000000000000e0
2,12,17,0,0.00000000000000000e0
2,13,17,0,0.00000000000000000e0
2,14,17,0,0.00000000000000000e0
2,15,17,0,0.00000000000000000e0
2,16,17,0,0.00000000000000000e0
2,17,17,0,0.00000000000000000e0
2,18,17,0,0.00000000000000000e0
2,19,17,0,0.00000000000000000e0
2,20,17,0,0.00000000000000000e0
2,21,17,0,0.00000000000000000e0
2,22,17,0,0.00000000000000000e0
2,23,17,0,0.00000000000000000e0
2,24,17,0,0.00000000000000000e0
2,25,17,0,0.00000000000000000e0
2,26,17,0,0.00000000000000000e0
2,27,17,0,0.00000000000000000e0
2,28,17,0,0.00000000000000000e0
2,29,17,0,0.00000000000000000e0
2,30,17,0,0.00000000000000000e0
2,31,17,0,0.00000000000000000e0
2,0,18,0,0.00000000000000000e0
2,1,18,0,0.00000000000000000e0
2,2,18,0,0.00000000000000000e0
2,3,18,0,0.00000000000000000e0
2,4,18,0,0.00000000000000000e0
2,5,18,0,0.00000000000000000e0
2,6,18,0,0.00000000000000000e0
2,7,18,0,0.00000000000000000e0
2,8,18,0,0.00000000000000000e0
2,9,18,0,0.00000000000000000e0
2,10,18,0,0.00000000000000000e0
2,11,18,0,0.00000000000000000e0
2,12,18,0,0.00000000000000000e0
2,13,18,0,0.00000000000000000e0
2,14,18,0,0.00000000000000000e0
2,15,18,0,0.00000000000000000e0
2,16,18,0,0.00000000000000000e0
2,17,18,0,0.00000000000000000e0
2,18,18,0,0.00000000000000000e0
2,19,18,0,0.00000000000000000e0
2,20,18,0,0.00000000000000000e0
2,21,18,0,0.00000000000000000e0
2,22,18,0,0.00000000000000000e0
2,23,18,0,0.00000000000000000e0
2,24,18,0,0.00000000000000000e0
2,25,18,0,0.00000000000000000e0
2,26,18,0,0.00000000000000000e0
2,27,18,0,0.00000000000000000e0
2,28,18,0,0.00000000000000000e0
2,29,18,0,0.00000000000000000e0
2,30,18,0,0.00000000000000000e0
2,31,18,0,0.00000000000000000e0
2,0,19,0,0.00000000000000000e0
2,1,19,0,0.00000000000000000e0
2,2,19,0,0.00000000000000000e0
2,3,19,0,0.00000000000000000e0
2,4,19,0,0.00000000000000000e0
2,5,19,0,0.00000000000000000e0
2,6,19,0,0.00000000000000000e0
2,7,19,0,0.00000000000000000e0
2,8,19,0,0.00000000000000000e0
2,9,19,0,0.00000000000000000e0
2,10,19,0,0.00000000000000000e0
2,11,19,0,0.00000000000000000e0
2,12,19,0,0.00000000000000000e0
2,13,19,0,0.00000000000000000e0
2,14,19,0,0.00000000000000000e0
2,15,19,0,0.00000000000000000e0
2,16,19,0,0.00000000000000000e0
2,17,19,0,0.00000000000000000e0
2,18,19,0,0.00000000000000000e0
2,19,19,0,0.00000000000000000e0
2,20,19,0,0.00000000000000000e0
2,21,19,0,0.00000000000000000e0
2,22,19,0,0.00000000000000000e0
2,23,19,0,0.00000000000000000e0
2,24,19,0,0.00000000000000000e0
2,25,19,0,0.00000000000000000e0
2,26,19,0,0.00000000000000000e0
2,27,19,0,0.00000000000000000e0
2,28,19,0,0.00000000000000000e0
2,29,19,0,0.00000000000000000e0
2,30,19,0,0.00000000000000000e0
2,31,19,0,0.00000000000000000e0
2,0,20,0,0.00000000000000000e0
2,1,20,0,0.00000000000000000e0
2,2,20,0,0.00000000000000000e0
2,3,20,0,0.00000000000000000e0
2,4,20,0,0.00000000000000000e0
2,5,20,0,0.00000000000000000e0
2,6,20,0,0.00000000000000000e0
2,7,20,0,0.00000000000000000e0
2,8,20,0,0.00000000000000000e0
2,9,20,0,0.00000000000000000e0
2,10,20,0,0.00000000000000000e0
2,11,20,0,0.00000000000000000e0
2,12,20,0,0.00000000000000000e0
2,13,20,0,0.00000000000000000e0
2,14,20,0,0.00000000000000000e0
2,15,20,0,0.00000000000000000e0
2,16,20,0,0.00000000000000000e0
2,17,20,0,0.00000000000000000e0
2,18,20,0,0.00000000000000000e0
2,19,20,0,0.00000000000000000e0
2,20,20,0,0.00000000000000000e0
2,21,20,0,0.00000000000000000e0
2,22,20,0,0.00000000000000000e0
2,23,20,0,0.00000000000000000e0
2,24,20,0,0.00000000000000000e0
2,25,20,0,0.00000000000000000e0
2,26,20,0,0.00000000000000000e0
2,27,20,0,0.00000000000000000e0
2,28,20,0,0.00000000000000000e0
2,29,20,0,0.00000000000000000e0
2,30,20,0,0.00000000000000000e0
2,31,20,0,0.00000000000000000e0
2,0,21,0,0.00000000000000000e0
2,1,21,0,0.00000000000000000e0
2,2,21,0,0.00000000000000000e0
2,3,21,0,0.00000000000000000e0
2,4,21,0,0.00000000000000000e0
2,5,21,0,0.00000000000000000e0
2,6,21,0,0.00000000000000000e0
2,7,21,0,0.00000000000000000e0
2,8,21,0,0.00000000000000000e0
2,9,21,0,0.00000000000000000e0
2,10,21,0,0.00000000000000000e0
2,11,21,0,0.00000000000000000e0
2,12,21,0,0.00000000000000000e0
2,13,21,0,0.00000000000000000e0
2,14,21,0,0.00000000000000000e0
2,15,21,0,0.00000000000000000e0
2,16,21,0,0.00000000000000000e0
2,17,21,0,0.00000000000000000e0
2,18,21,0,0.00000000000000000e0
2,19,21,0,0.00000000000000000e0
2,20,21,0,0.00000000000000000e0
2,21,21,0,0.00000000000000000e0
2,22,21,0,0.00000000000000000e0
2,23,21,0,0.00000000000000000e0
2,24,21,0,0.00000000000000000e0
2,25,21,0,0.00000000000000000e0
2,26,21,0,0.00000000000000000e0
2,27,21,0,0.00000000000000000e0
2,28,21,0,0.00000000000000000e0
2,29,21,0,0.00000000000000000e0
2,30,21,0,0.00000000000000000e0
2,31,21,0,0.00000000000000000e0
2,0,22,0,0.00000000000000000e0
2,1,22,0,0.00000000000000000e0
2,2,22,0,0.00000000000000000e0
2,3,22,0,0.00000000000000000e0
2,4,22,0,0.00000000000000000e0
2,5,22,0,0.00000000000000000e0
2,6,22,0,0.00000000000000000e0
2,7,22,0,0.00000000000000000e0
2,8,22,0,0.00000000000000000e0
2,9,22,0,0.00000000000000000e0
2,10,22,0,0.00000000000000000e0
2,11,22,0,0.00000000000000000e0
2,12,22,0,0.00000000000000000e0
2,13,22,0,0.00000000000000000e0
2,14,22,0,0.00000000000000000e0
2,15,22,0,0.00000000000000000e0
2,16,22,0,0.00000000000000000e0
2,17,22,0,0.00000000000000000e0
2,18,22,0,0.00000000000000000e0
2,19,22,0,0.00000000000000000e0
2,20,22,0,0.00000000000000000e0
2,21,22,0,0.00000000000000000e0
2,22,22,0,0.00000000000000000e0
2,23,22,0,0.00000000000000000e0
2,24,22,0,0.00000000000000000e0
2,25,22,0,0.00000000000000000e0
2,26,22,0,0.00000000000000000e0
2,27,22,0,0.00000000000000000e0
2,28,22,0,0.00000000000000000e0
2,29,22,0,0.00000000000000000e0
2,30,22,0,0.00000000000000000e0
2,31,22,0,0.00000000000000000e0
2,0,23,0,0.00000000000000000e0
2,1,23,0,0.00000000000000000e0
2,2,23,0,0.00000000000000000e0
2,3,23,0,0.00000000000000000e0
2,4,23,0,0.00000000000000000e0
2,5,23,0,0.00000000000000000e0
2,6,23,0,0.00000000000000000e0
2,7,23,0,0.00000000000000000e0
2,8,23,0,0.00000000000000000e0
2,9,23,0,0.00000000000000000e0
2,10,23,0,0.00000000000000000e0
2,11,23,0,0.00000000000000000e0
2,12,23,0,0.00000000000000000e0
2,13,23,0,0.00000000000000000e0
2,14,23,0,0.00000000000000000e0
2,15,23,0,0.00000000000000000e0
2,16,23,0,0.00000000000000000e0
2,17,23,0,0.00000000000000000e0
2,18,23,0,0.00000000000000000e0
2,19,23,0,0.00000000000000000e0
2,20,23,0,0.00000000000000000e0
2,21,23,0,0.00000000000000000e0
2,22,23,0,0.00000000000000000e0
2,23,23,0,0.00000000000000000e0
2,24,23,0,0.00000000000000000e0
2,25,23,0,0.00000000000000000e0
2,26,23,0,0.00000000000000000e0
2,27,23,0,0.00000000000000000e0
2,28,23,0,0.00000000000000000e0
2,29,23,0,0.00000000000000000e0
2,30,23,0,0.00000000000000000e0
2,31,23,0,0.00000000000000000e0
2,0,24,0,0.00000000000000000e0
2,1,24,0,0.00000000000000000e0
2,2,24,0,0.00000000000000000e0
2,3,24,0,0.00000000000000000e0
2,4,24,0,0.00000000000000000e0
2,5,24,0,0.00000000000000000e0
2,6,24,0,0.00000000000000000e0
2,7,24,0,0.00000000000000000e0
2,8,24,0,0.00000000000000000e0
2,9,24,0,0.00000000000000000e0
2,10,24,0,0.00000000000000000e0
2,11,24,0,0.00000000000000000e0
2,12,24,0,0.00000000000000000e0
2,13,24,0,0.00000000000000000e0
2,14,24,0,0.00000000000000000e0
2,15,24,0,0.00000000000000000e0
2,16,24,0,0.00000000000000000e0
2,17,24,0,0.00000000000000000e0
2,18,24,0,0.00000000000000000e0
2,19,24,0,0.00000000000000000e0
2,20,24,0,0.00000000000000000e0
2,21,24,0,0.00000000000000000e0
2,22,24,0,0.00000000000000000e0
2,23,24,0,0.00000000000000000e0
2,24,24,0,0.00000000000000000e0
2,25,24,0,0.00000000000000000e0
2,26,24,0,0.00000000000000000e0
2,27,24,0,0.00000000000000000e0
2,28,24,0,0.00000000000000000e0
2,29,24,0,0.00000000000000000e0
2,30,24,0,0.00000000000000000e0
2,31,24,0,0.00000000000000000e0
2,0,25,0,0.00000000000000000e0
2,1,25,0,0.00000000000000000e0
2,2,25,0,0.00000000000000000e0
2,3,25,0,0.00000000000000000e0
2,4,25,0,0.00000000000000000e0
2,5,25,0,0.00000000000000000e0
2,6,25,0,0.00000000000000000e0
2,7,25,0,0.00000000000000000e0
2,8,25,0,0.00000000000000000e0
2,9,25,0,0.00000000000000000e0
2,10,25,0,0.00000000000000000e0
2,11,25,0,0.00000000000000000e0
2,12,25,0,0.00000000000000000e0
2,13,25,0,0.00000000000000000e0
2,14,25,0,0.00000000000000000e0
2,15,25,0,0.00000000000000000e0
2,16,25,0,0.00000000000000000e0
2,17,25,0,0.00000000000000000e0
2,18,25,0,0.00000000000000000e0
2,19,25,0,0.00000000000000000e0
2,20,25,0,0.00000000000000000e0
2,21,25,0,0.00000000000000000e0
2,22,25,0,0.00000000000000000e0
2,23,25,0,0.00000000000000000e0
2,24,25,0,0.00000000000000000e0
2,25,25,0,0.00000000000000000e0
2,26,25,0,0.00000000000000000e0
2,27,25,0,0.00000000000000000e0
2,28,25,0,0.00000000000000000e0
2,29,25,0,0.00000000000000000e0
2,30,25,0,0.00000000000000000e0
2,31,25,0,0.00000000000000000e0
2,0,26,0,0.00000000000000000e0
2,1,26,0,0.00000000000000000e0
2,2,26,0,0.00000000000000000e0
2,3,26,0,0.00000000000000000e0
2,4,26,0,0.00000000000000000e0
2,5,26,0,0.00000000000000000e0
2,6,26,0,0.00000000000000000e0
2,7,26,0,0.00000000000000000e0
2,8,26,0,0.00000000000000000e0
2,9,26,0,0.00000000000000000e0
2,10,26,0,0.00000000000000000e0
2,11,26,0,0.00000000000000000e0
2,12,26,0,0.00000000000000000e0
2,13,26,0,0.00000000000000000e0
2,14,26,0,0.00000000000000000e0
2,15,26,0,0.00000000000000000e0
2,16,26,0,0.00000000000000000e0
2,17,26,0,0.00000000000000000e0
2,18,26,0,0.00000000000000000e0
2,19,26,0,0.00000000000000000e0
2,20,26,0,0.00000000000000000e0
2,21,26,0,0.00000000000000000e0
2,22,26,0,0.00000000000000000e0
2,23,26,0,0.00000000000000000e0
2,24,26,0,0.00000000000000000e0
2,25,26,0,0.00000000000000000e0
2,26,26,0,0.00000000000000000e0
2,27,26,0,0.00000000000000000e0
2,28,26,0,0.00000000000000000e0
2,29,26,0,0.00000000000000000e0
2,30,26,0,0.00000000000000000e0
2,31,26,0,0.00000000000000000e0
2,0,27,0,0.00000000000000000e0
2,1,27,0,0.00000000000000000e0
2,2,27,0,0.00000000000000000e0
2,3,27,0,0.00000000000000000e0
2,4,27,0,0.00000000000000000e0
2,5,27,0,0.00000000000000000e0
2,6,27,0,0.00000000000000000e0
2,7,27,0,0.00000000000000000e0
2,8,27,0,0.00000000000000000e0
2,9,27,0,0.00000000000000000e0
2,10,27,0,0.00000000000000000e0
2,11,27,0,0.00000000000000000e0
2,12,27,0,0.00000000000000000e0
2,13,27,0,0.00000000000000000e0
2,14,27,0,0.00000000000000000e0
2,15,27,0,0.00000000000000000e0
2,16,27,0,0.00000000000000000e0
2,17,27,0,0.00000000000000000e0
2,18,27,0,0.00000000000000000e0
2,19,27,0,0.00000000000000000e0
2,20,27,0,0.00000000000000000e0
2,21,27,0,0.00000000000000000e0
2,22,27,0,0.00000000000000000e0
2,23,27,0,0.00000000000000000e0
2,24,27,0,0.00000000000000000e0
2,25,27,0,0.00000000000000000e0
2,26,27,0,0.00000000000000000e0
2,27,27,0,0.00000000000000000e0
2,28,27,0,0.00000000000000000e0
2,29,27,0,0.00000000000000000e0
2,30,27,0,0.00000000000000000e0
2,31,27,0,0.00000000000000000e0
2,0,28,0,0.00000000000000000e0
2,1,28,0,0.00000000000000000e0
2,2,28,0,0.00000000000000000e0
2,3,28,0,0.00000000000000000e0
2,4,28,0,0.00000000000000000e0
2,5,28,0,0.00000000000000000e0
2,6,28,0,0.00000000000000000e0
2,7,28,0,0.00000000000000000e0
2,8,28,0,0.00000000000000000e0
2,9,28,0,0.00000000000000000e0
2,10,28,0,0.00000000000000000e0
2,11,28,0,0.00000000000000000e0
2,12,28,0,0.00000000000000000e0
2,13,28,0,0.00000000000000000e0
2,14,28,0,0.00000000000000000e0
2,15,28,0,0.00000000000000000e0
2,16,28,0,0.00000000000000000e0
2,17,28,0,0.00000000000000000e0
2,18,28,0,0.00000000000000000e0
2,19,28,0,0.00000000000000000e0
2,20,28,0,0.00000000000000000e0
2,21,28,0,0.00000000000000000e0
2,22,28,0,0.00000000000000000e0
2,23,28,0,0.00000000000000000e0
2,24,28,0,0.00000000000000000e0
2,25,28,0,0.00000000000000000e0
2,26,28,0,0.00000000000000000e0
2,27,28,0,0.00000000000000000e0
2,28,28,0,0.00000000000000000e0
2,29,28,0,0.00000000000000000e0
2,30,28,0,0.00000000000000000e0
2,31,28,0,0.00000000000000000e0
2,0,29,0,0.00000000000000000e0
2,1,29,0,0.00000000000000000e0
2,2,29,0,0.00000000000000000e0
2,3,29,0,0.00000000000000000e0
2,4,29,0,0.00000000000000000e0
2,5,29,0,0.00000000000000000e0
2,6,29,0,0.00000000000000000e0
2,7,29,0,0.00000000000000000e0
2,8,29,0,0.00000000000000000e0
2,9,29,0,0.00000000000000000e0
2,10,29,0,0.00000000000000000e0
2,11,29,0,0.00000000000000000e0
2,12,29,0,0.00000000000000000e0
2,13,29,0,0.00000000000000000e0
2,14,29,0,0.00000000000000000e0
2,15,29,0,0.00000000000000000e0
2,16,29,0,0.00000000000000000e0
2,17,29,0,0.00000000000000000e0
2,18,29,0,0.00000000000000000e0
2,19,29,0,0.00000000000000000e0
2,20,29,0,0.00000000000000000e0
2,21,29,0,0.00000000000000000e0
2,22,29,0,0.00000000000000000e0
2,23,29,0,0.00000000000000000e0
2,24,29,0,0.00000000000000000e0
2,25,29,0,0.00000000000000000e0
2,26,29,0,0.00000000000000000e0
2,27,29,0,0.00000000000000000e0
2,28,29,0,0.00000000000000000e0
2,29,29,0,0.00000000000000000e0
2,30,29,0,0.00000000000000000e0
2,31,29,0,0.00000000000000000e0
2,0,30,0,0.00000000000000000e0
2,1,30,0,0.00000000000000000e0
2,2,30,0,0.00000000000000000e0
2,3,30,0,0.00000000000000000e0
2,4,30,0,0.00000000000000000e0
2,5,30,0,0.00000000000000000e0
2,6,30,0,0.00000000000000000e0
2,7,30,0,0.00000000000000000e0
2,8,30,0,0.00000000000000000e0
2,9,30,0,0.00000000000000000e0
2,10,30,0,0.00000000000000000e0
2,11,30,0,0.00000000000000000e0
2,12,30,0,0.00000000000000000e0
2,13,30,0,0.00000000000000000e0
2,14,30,0,0.00000000000000000e0
2,15,30,0,0.00000000000000000e0
2,16,30,0,0.00000000000000000e0
2,17,30,0,0.00000000000000000e0
2,18,30,0,0.00000000000000000e0
2,19,30,0,0.00000000000000000e0
2,20,30,0,0.00000000000000000e0
2,21,30,0,0.00000000000000000e0
2,22,30,0,0.00000000000000000e0
2,23,30,0,0.00000000000000000e0
2,24,30,0,0.00000000000000000e0
2,25,30,0,0.00000000000000000e0
2,26,30,0,0.00000000000000000e0
2,27,30,0,0.00000000000000000e0
2,28,30,0,0.00000000000000000e0
2,29,30,0,0.00000000000000000e0
2,30,30,0,0.00000000000000000e0
2,31,30,0,0.00000000000000000e0
2,0,31,0,0.00000000000000000e0
2,1,31,0,0.00000000000000000e0
2,2,31,0,0.00000000000000000e0
2,3,31,0,0.00000000000000000e0
2,4,31,0,0.00000000000000000e0
2,5,31,0,0.00000000000000000e0
2,6,31,0,0.00000000000000000e0
2,7,31,0,0.00000000000000000e0
2,8,31,0,0.00000000000000000e0
2,9,31,0,0.00000000000000000e0
2,10,31,0,0.00000000000000000e0
2,11,31,0,0.00000000000000000e0
2,12,31,0,0.00000000000000000e0
2,13,31,0,0.00000000000000000e0
2,14,31,0,0.00000000000000000e0
2,15,31,0,0.00000000000000000e0
2,16,31,0,0.00000000000000000e0
2,17,31,0,0.00000000000000000e0
2,18,31,0,0.00000000000000000e0
2,19,31,0,0.00000000000000000e0
2,20,31,0,0.00000000000000000e0
2,21,31,0,0.00000000000000000e0
2,22,31,0,0.00000000000000000e0
2,23,31,0,0.00000000000000000e0
2,24,31,0,0.00000000000000000e0
2,25,31,0,0.00000000000000000e0
2,26,31,0,0.00000000000000000e0
2,27,31,0,0.00000000000000000e0
2,28,31,0,0.00000000000000000e0
2,29,31,0,0.00000000000000000e0
2,30,31,0,0.00000000000000000e0
2,31,31,0,0.00000000000000000e0
2,0,0,1,0.00000000000000000e0
2,1,0,1,0.00000000000000000e0
2,2,0,1,0.00000000000000000e0
2,3,0,1,0.00000000000000000e0
2,4,0,1,0.00000000000000000e0
2,5,0,1,0.00000000000000000e0
2,6,0,1,0.00000000000000000e0
2,7,0,1,0.00000000000000000e0
2,8,0,1,0.00000000000000000e0
2,9,0,1,0.00000000000000000e0
2,10,0,1,0.00000000000000000e0
2,11,0,1,0.00000000000000000e0
2,12,0,1,0.00000000000000000e0
2,13,0,1,0.00000000000000000e0
2,14,0,1,0.00000000000000000e0
2,15,0,1,0.00000000000000000e0
2,16,0,1,0.00000000000000000e0
2,17,0,1,0.00000000000000000e0
2,18,0,1,0.00000000000000000e0
2,19,0,1,0.00000000000000000e0
2,20,0,1,0.00000000000000000e0
2,21,0,1,0.00000000000000000e0
2,22,0,1,0.00000000000000000e0
2,23,0,1,0.00000000000000000e0
2,24,0,1,0.00000000000000000e0
2,25,0,1,0.00000000000000000e0
2,26,0,1,0.00000000000000000e0
2,27,0,1,0.00000000000000000e0
2,28,0,1,0.00000000000000000e0
2,29,0,1,0.00000000000000000e0
2,30,0,1,0.00000000000000000e0
2,31,0,1,0.00000000000000000e0
2,0,1,1,0.00000000000000000e0
2,1,1,1,0.00000000000000000e0
2,2,1,1,0.00000000000000000e0
2,3,1,1,0.00000000000000000e0
2,4,1,1,0.00000000000000000e0
2,5,1,1,0.00000000000000000e0
2,6,1,1,0.00000000000000000e0
2,7,1,1,0.00000000000000000e0
2,8,1,1,0.00000000000000000e0
2,9,1,1,0.00000000000000000e0
2,10,1,1,0.00000000000000000e0
2,11,1,1,0.00000000000000000e0
2,12,1,1,0.00000000000000000e0
2,13,1,1,0.00000000000000000e0
2,14,1,1,0.00000000000000000e0
2,15,1,1,0.00000000000000000e0
2,16,1,1,0.00000000000000000e0
2,17,1,1,0.00000000000000000e0
2,18,1,1,0.00000000000000000e0
2,19,1,1,0.00000000000000000e0
2,20,1,1,0.00000000000000000e0
2,21,1,1,0.00000000000000000e0
2,22,1,1,0.00000000000000000e0
2,23,1,1,0.00000000000000000e0
2,24,1,1,0.00000000000000000e0
2,25,1,1,0.00000000000000000e0
2,26,1,1,0.00000000000000000e0
2,27,1,1,0.00000000000000000e0
2,28,1,1,0.00000000000000000e0
2,29,1,1,0.00000000000000000e0
2,30,1,1,0.00000000000000000e0
2,31,1,1,0.00000000000000000e0
2,0,2,1,0.00000000000000000e0
2,1,2,1,0.00000000000000000e0
2,2,2,1,0.00000000000000000e0
2,3,2,1,0.00000000000000000e0
2,4,2,1,0.00000000000000000e0
2,5,2,1,0.00000000000000000e0
2,6,2,1,0.00000000000000000e0
2,7,2,1,0.00000000000000000e0
2,8,2,1,0.00000000000000000e0
2,9,2,1,0.00000000000000000e0
2,10,2,1,0.00000000000000000e0
2,11,2,1,0.00000000000000000e0
2,12,2,1,0.00000000000000000e0
2,13,2,1,0.00000000000000000e0
2,14,2,1,0.00000000000000000e0
2,15,2,1,0.00000000000000000e0
2,16,2,1,0.00000000000000000e0
2,17,2,1,0.00000000000000000e0
2,18,2,1,0.00000000000000000e0
2,19,2,1,0.00000000000000000e0
2,20,2,1,0.00000000000000000e0
2,21,2,1,0.00000000000000000e0
2,22,2,1,0.00000000000000000e0
2,23,2,1,0.00000000000000000e0
2,24,2,1,0.00000000000000000e0
2,25,2,1,0.00000000000000000e0
2,26,2,1,0.00000000000000000e0
2,27,2,1,0.00000000000000000e0
2,28,2,1,0.00000000000000000e0
2,29,2,1,0.00000000000000000e0
2,30,2,1,0.00000000000000000e0
2,31,2,1,0.00000000000000000e0
2,0,3,1,0.00000000000000000e0
2,1,3,1,0.00000000000000000e0
2,2,3,1,0.00000000000000000e0
2,3,3,1,0.00000000000000000e0
2,4,3,1,0.00000000000000000e0
2,5,3,1,0.00000000000000000e0
2,6,3,1,0.00000000000000000e0
2,7,3,1,0.00000000000000000e0
2,8,3,1,0.00000000000000000e0
2,9,3,1,0.00000000000000000e0
2,10,3,1,0.00000000000000000e0
2,11,3,1,0.00000000000000000e0
2,12,3,1,0.00000000000000000e0
2,13,3,1,0.00000000000000000e0
2,14,3,1,0.00000000000000000e0
2,15,3,1,0.00000000000000000e0
2,16,3,1,0.00000000000000000e0
2,17,3,1,0.00000000000000000e0
2,18,3,1,0.00000000000000000e0
2,19,3,1,0.00000000000000000e0
2,20,3,1,0.00000000000000000e0
2,21,3,1,0.00000000000000000e0
2,22,3,1,0.00000000000000000e0
2,23,3,1,0.00000000000000000e0
2,24,3,1,0.00000000000000000e0
2,25,3,1,0.00000000000000000e0
2,26,3,1,0.00000000000000000e0
2,27,3,1,0.00000000000000000e0
2,28,3,1,0.00000000000000000e0
2,29,3,1,0.00000000000000000e0
2,30,3,1,0.00000000000000000e0
2,31,3,1,0.00000000000000000e0
2,0,4,1,0.00000000000000000e0
2,1,4,1,0.00000000000000000e0
2,2,4,1,0.00000000000000000e0
2,3,4,1,0.00000000000000000e0
2,4,4,1,0.00000000000000000e0
2,5,4,1,0.00000000000000000e0
2,6,4,1,0.00000000000000000e0
2,7,4,1,0.00000000000000000e0
2,8,4,1,0.00000000000000000e0
2,9,4,1,0.00000000000000000e0
2,10,4,1,0.00000000000000000e0
2,11,4,1,0.00000000000000000e0
2,12,4,1,0.00000000000000000e0
2,13,4,1,0.00000000000000000e0
2,14,4,1,0.00000000000000000e0
2,15,4,1,0.00000000000000000e0
2,16,4,1,0.00000000000000000e0
2,17,4,1,0.00000000000000000e0
2,18,4,1,0.00000000000000000e0
2,19,4,1,0.00000000000000000e0
2,20,4,1,0.00000000000000000e0
2,21,4,1,0.00000000000000000e0
2,22,4,1,0.00000000000000000e0
2,23,4,1,0.00000000000000000e0
2,24,4,1,0.00000000000000000e0
2,25,4,1,0.00000000000000000e0
2,26,4,1,0.00000000000000000e0
2,27,4,1,0.00000000000000000e0
2,28,4,1,0.00000000000000000e0
2,29,4,1,0.00000000000000000e0
2,30,4,1,0.00000000000000000e0
2,31,4,1,0.00000000000000000e0
2,0,5,1,0.00000000000000000e0
2,1,5,1,0.00000000000000000e0
2,2,5,1,0.00000000000000000e0
2,3,5,1,0.00000000000000000e0
2,4,5,1,0.00000000000000000e0
2,5,5,1,0.00000000000000000e0
2,6,5,1,0.00000000000000000e0
2,7,5,1,0.00000000000000000e0
2,8,5,1,0.00000000000000000e0
2,9,5,1,0.00000000000000000e0
2,10,5,1,0.00000000000000000e0
2,11,5,1,0.00000000000000000e0
2,12,5,1,0.00000000000000000e0
2,13,5,1,0.00000000000000000e0
2,14,5,1,0.00000000000000000e0
2,15,5,1,0.00000000000000000e0
2,16,5,1,0.00000000000000000e0
2,17,5,1,0.00000000000000000e0
2,18,5,1,0.00000000000000000e0
2,19,5,1,0.00000000000000000e0
2,20,5,1,0.00000000000000000e0
2,21,5,1,0.00000000000000000e0
2,22,5,1,0.00000000000000000e0
2,23,5,1,0.00000000000000000e0
2,24,5,1,0.00000000000000000e0
2,25,5,1,0.00000000000000000e0
2,26,5,1,0.00000000000000000e0
2,27,5,1,0.00000000000000000e0
2,28,5,1,0.00000000000000000e0
2,29,5,1,0.00000000000000000e0
2,30,5,1,0.00000000000000000e0
2,31,5,1,0.00000000000000000e0
2,0,6,1,0.00000000000000000e0
2,1,6,1,0.00000000000000000e0
2,2,6,1,0.00000000000000000e0
2,3,6,1,0.00000000000000000e0
2,4,6,1,0.00000000000000000e0
2,5,6,1,0.00000000000000000e0
2,6,6,1,0.00000000000000000e0
2,7,6,1,0.00000000000000000e0
2,8,6,1,0.00000000000000000e0
2,9,6,1,0.00000000000000000e0
2,10,6,1,0.00000000000000000e0
2,11,6,1,0.00000000000000000e0
2,12,6,1,0.00000000000000000e0
2,13,6,1,0.00000000000000000e0
2,14,6,1,0.00000000000000000e0
2,15,6,1,0.00000000000000000e0
2,16,6,1,0.00000000000000000e0
2,17,6,1,0.00000000000000000e0
2,18,6,1,0.00000000000000000e0
2,19,6,1,0.00000000000000000e0
2,20,6,1,0.00000000000000000e0
2,21,6,1,0.00000000000000000e0
2,22,6,1,0.00000000000000000e0
2,23,6,1,0.00000000000000000e0
2,24,6,1,0.00000000000000000e0
2,25,6,1,0.00000000000000000e0
2,26,6,1,0.00000000000000000e0
2,27,6,1,0.00000000000000000e0
2,28,6,1,0.00000000000000000e0
2,29,6,1,0.00000000000000000e0
2,30,6,1,0.00000000000000000e0
2,31,6,1,0.00000000000000000e0
2,0,7,1,0.00000000000000000e0
2,1,7,1,0.00000000000000000e0
2,2,7,1,0.00000000000000000e0
2,3,7,1,0.00000000000000000e0
2,4,7,1,0.00000000000000000e0
2,5,7,1,0.00000000000000000e0
2,6,7,1,0.00000000000000000e0
2,7,7,1,0.00000000000000000e0
2,8,7,1,0.00000000000000000e0
2,9,7,1,0.00000000000000000e0
2,10,7,1,0.00000000000000000e0
2,11,7,1,0.00000000000000000e0
2,12,7,1,0.00000000000000000e0
2,13,7,1,0.00000000000000000e0
2,14,7,1,0.00000000000000000e0
2,15,7,1,0.00000000000000000e0
2,16,7,1,0.00000000000000000e0
2,17,7,1,0.00000000000000000e0
2,18,7,1,0.00000000000000000e0
2,19,7,1,0.00000000000000000e0
2,20,7,1,0.00000000000000000e0
2,21,7,1,0.00000000000000000e0
2,22,7,1,0.00000000000000000e0
2,23,7,1,0.00000000000000000e0
2,24,7,1,0.00000000000000000e0
2,25,7,1,0.00000000000000000e0
2,26,7,1,0.00000000000000000e0
2,27,7,1,0.00000000000000000e0
2,28,7,1,0.00000000000000000e0
2,29,7,1,0.00000000000000000e0
2,30,7,1,0.00000000000000000e0
2,31,7,1,0.00000000000000000e0
2,0,8,1,0.00000000000000000e0
2,1,8,1,0.00000000000000000e0
2,2,8,1,0.00000000000000000e0
2,3,8,1,0.00000000000000000e0
2,4,8,1,0.00000000000000000e0
2,5,8,1,0.00000000000000000e0
2,6,8,1,0.00000000000000000e0
2,7,8,1,0.00000000000000000e0
2,8,8,1,0.00000000000000000e0
2,9,8,1,0.00000000000000000e0
2,10,8,1,0.00000000000000000e0
2,11,8,1,0.00000000000000000e0
2,12,8,1,0.00000000000000000e0
2,13,8,1,0.00000000000000000e0
2,14,8,1,0.00000000000000000e0
2,15,8,1,0.00000000000000000e0
2,16,8,1,0.00000000000000000e0
2,17,8,1,0.00000000000000000e0
2,18,8,1,0.00000000000000000e0
2,19,8,1,0.00000000000000000e0
2,20,8,1,0.00000000000000000e0
2,21,8,1,0.00000000000000000e0
2,22,8,1,0.00000000000000000e0
2,23,8,1,0.00000000000000000e0
2,24,8,1,0.00000000000000000e0
2,25,8,1,0.00000000000000000e0
2,26,8,1,0.00000000000000000e0
2,27,8,1,0.00000000000000000e0
2,28,8,1,0.00000000000000000e0
2,29,8,1,0.00000000000000000e0
2,30,8,1,0.00000000000000000e0
2,31,8,1,0.00000000000000000e0
2,0,9,1,0.00000000000000000e0
2,1,9,1,0.00000000000000000e0
2,2,9,1,0.00000000000000000e0
2,3,9,1,0.00000000000000000e0
2,4,9,1,0.00000000000000000e0
2,5,9,1,0.00000000000000000e0
2,6,9,1,0.00000000000000000e0
2,7,9,1,0.00000000000000000e0
2,8,9,1,0.00000000000000000e0
2,9,9,1,0.00000000000000000e0
2,10,9,1,0.00000000000000000e0
2,11,9,1,0.00000000000000000e0
2,12,9,1,0.00000000000000000e0
2,13,9,1,0.00000000000000000e0
2,14,9,1,0.00000000000000000e0
2,15,9,1,0.00000000000000000e0
2,16,9,1,0.00000000000000000e0
2,17,9,1,0.00000000000000000e0
2,18,9,1,0.00000000000000000e0
2,19,9,1,0.00000000000000000e0
2,20,9,1,0.00000000000000000e0
2,21,9,1,0.00000000000000000e0
2,22,9,1,0.00000000000000000e0
2,23,9,1,0.00000000000000000e0
2,24,9,1,0.00000000000000000e0
2,25,9,1,0.00000000000000000e0
2,26,9,1,0.00000000000000000e0
2,27,9,1,0.00000000000000000e0
2,28,9,1,0.00000000000000000e0
2,29,9,1,0.00000000000000000e0
2,30,9,1,0.00000000000000000e0
2,31,9,1,0.00000000000000000e0
2,0,10,1,0.00000000000000000e0
2,1,10,1,0.00000000000000000e0
2,2,10,1,0.00000000000000000e0
2,3,10,1,0.00000000000000000e0
2,4,10,1,0.00000000000000000e0
2,5,10,1,0.00000000000000000e0
2,6,10,1,0.00000000000000000e0
2,7,10,1,0.00000000000000000e0
2,8,10,1,0.00000000000000000e0
2,9,10,1,0.00000000000000000e0
2,10,10,1,0.00000000000000000e0
2,11,10,1,0.00000000000000000e0
2,12,10,1,0.00000000000000000e0
2,13,10,1,0.00000000000000000e0
2,14,10,1,0.00000000000000000e0
2,15,10,1,0.00000000000000000e0
2,16,10,1,0.00000000000000000e0
2,17,10,1,0.00000000000000000e0
2,18,10,1,0.00000000000000000e0
2,19,10,1,0.00000000000000000e0
2,20,10,1,0.00000000000000000e0
2,21,10,1,0.00000000000000000e0
2,22,10,1,0.00000000000000000e0
2,23,10,1,0.00000000000000000e0
2,24,10,1,0.00000000000000000e0
2,25,10,1,0.00000000000000000e0
2,26,10,1,0.00000000000000000e0
2,27,10,1,0.00000000000000000e0
2,28,10,1,0.00000000000000000e0
2,29,10,1,0.00000000000000000e0
2,30,10,1,0.00000000000000000e0
2,31,10,1,0.00000000000000000e0
2,0,11,1,0.00000000000000000e0
2,1,11,1,0.00000000000000000e0
2,2,11,1,0.00000000000000000e0
2,3,11,1,0.00000000000000000e0
2,4,11,1,0.00000000000000000e0
2,5,11,1,0.00000000000000000e0
2,6,11,1,0.00000000000000000e0
2,7,11,1,0.00000000000000000e0
2,8,11,1,0.00000000000000000e0
2,9,11,1,0.00000000000000000e0
2,10,11,1,0.00000000000000000e0
2,11,11,1,0.00000000000000000e0
2,12,11,1,0.00000000000000000e0
2,13,11,1,0.00000000000000000e0
2,14,11,1,0.00000000000000000e0
2,15,11,1,0.00000000000000000e0
2,16,11,1,0.00000000000000000e0
2,17,11,1,0.00000000000000000e0
2,18,11,1,0.00000000000000000e0
2,19,11,1,0.00000000000000000e0
2,20,11,1,0.00000000000000000e0
2,21,11,1,0.00000000000000000e0
2,22,11,1,0.00000000000000000e0
2,23,11,1,0.00000000000000000e0
2,24,11,1,0.00000000000000000e0
2,25,11,1,0.00000000000000000e0
2,26,11,1,0.00000000000000000e0
2,27,11,1,0.00000000000000000e0
2,28,11,1,0.00000000000000000e0
2,29,11,1,0.00000000000000000e0
2,30,11,1,0.00000000000000000e0
2,31,11,1,0.00000000000000000e0
2,0,12,1,0.00000000000000000e0
2,1,12,1,0.00000000000000000e0
2,2,12,1,0.00000000000000000e0
2,3,12,1,0.00000000000000000e0
2,4,12,1,0.00000000000000000e0
2,5,12,1,0.00000000000000000e0
2,6,12,1,0.00000000000000000e0
2,7,12,1,0.00000000000000000e0
2,8,12,1,0.00000000000000000e0
2,9,12,1,0.00000000000000000e0
2,10,12,1,0.00000000000000000e0
2,11,12,1,0.00000000000000000e0
2,12,12,1,0.00000000000000000e0
2,13,12,1,0.00000000000000000e0
2,14,12,1,0.00000000000000000e0
2,15,12,1,0.00000000000000000e0
2,16,12,1,0.00000000000000000e0
2,17,12,1,0.00000000000000000e0
2,18,12,1,0.00000000000000000e0
2,19,12,1,0.00000000000000000e0
2,20,12,1,0.00000000000000000e0
2,21,12,1,0.00000000000000000e0
2,22,12,1,0.00000000000000000e0
2,23,12,1,0.00000000000000000e0
2,24,12,1,0.00000000000000000e0
2,25,12,1,0.00000000000000000e0
2,26,12,1,0.00000000000000000e0
2,27,12,1,0.00000000000000000e0
2,28,12,1,0.00000000000000000e0
2,29,12,1,0.00000000000000000e0
2,30,12,1,0.00000000000000000e0
2,31,12,1,0.00000000000000000e0
2,0,13,1,0.00000000000000000e0
2,1,13,1,0.00000000000000000e0
2,2,13,1,0.00000000000000000e0
2,3,13,1,0.00000000000000000e0
2,4,13,1,0.00000000000000000e0
2,5,13,1,0.00000000000000000e0
2,6,13,1,0.00000000000000000e0
2,7,13,1,0.00000000000000000e0
2,8,13,1,0.00000000000000000e0
2,9,13,1,0.00000000000000000e0
2,10,13,1,0.00000000000000000e0
2,11,13,1,0.00000000000000000e0
2,12,13,1,0.00000000000000000e0
2,13,13,1,0.00000000000000000e0
2,14,13,1,0.00000000000000000e0
2,15,13,1,0.00000000000000000e0
2,16,13,1,0.00000000000000000e0
2,17,13,1,0.00000000000000000e0
2,18,13,1,0.00000000000000000e0
2,19,13,1,0.00000000000000000e0
2,20,13,1,0.00000000000000000e0
2,21,13,1,0.00000000000000000e0
2,22,13,1,0.00000000000000000e0
2,23,13,1,0.00000000000000000e0
2,24,13,1,0.00000000000000000e0
2,25,13,1,0.00000000000000000e0
2,26,13,1,0.00000000000000000e0
2,27,13,1,0.00000000000000000e0
2,28,13,1,0.00000000000000000e0
2,29,13,1,0.00000000000000000e0
2,30,13,1,0.00000000000000000e0
2,31,13,1,0.00000000000000000e0
2,0,14,1,0.00000000000000000e0
2,1,14,1,0.00000000000000000e0
2,2,14,1,0.00000000000000000e0
2,3,14,1,0.00000000000000000e0
2,4,14,1,0.00000000000000000e0
2,5,14,1,0.00000000000000000e0
2,6,14,1,0.00000000000000000e0
2,7,14,1,0.00000000000000000e0
2,8,14,1,0.00000000000000000e0
2,9,14,1,0.00000000000000000e0
2,10,14,1,0.00000000000000000e0
2,11,14,1,0.00000000000000000e0
2,12,14,1,0.00000000000000000e0
2,13,14,1,0.00000000000000000e0
2,14,14,1,0.00000000000000000e0
2,15,14,1,0.00000000000000000e0
2,16,14,1,0.00000000000000000e0
2,17,14,1,0.00000000000000000e0
2,18,14,1,0.00000000000000000e0
2,19,14,1,0.00000000000000000e0
2,20,14,1,0.00000000000000000e0
2,21,14,1,0.00000000000000000e0
2,22,14,1,0.00000000000000000e0
2,23,14,1,0.00000000000000000e0
2,24,14,1,0.00000000000000000e0
2,25,14,1,0.00000000000000000e0
2,26,14,1,0.00000000000000000e0
2,27,14,1,0.00000000000000000e0
2,28,14,1,0.00000000000000000e0
2,29,14,1,0.00000000000000000e0
2,30,14,1,0.00000000000000000e0
2,31,14,1,0.00000000000000000e0
2,0,15,1,0.00000000000000000e0
2,1,15,1,0.00000000000000000e0
2,2,15,1,0.00000000000000000e0
2,3,15,1,0.00000000000000000e0
2,4,15,1,0.00000000000000000e0
2,5,15,1,0.00000000000000000e0
2,6,15,1,0.00000000000000000e0
2,7,15,1,0.00000000000000000e0
2,8,15,1,0.00000000000000000e0
2,9,15,1,0.00000000000000000e0
2,10,15,1,0.00000000000000000e0
2,11,15,1,0.00000000000000000e0
2,12,15,1,0.00000000000000000e0
2,13,15,1,0.00000000000000000e0
2,14,15,1,0.00000000000000000e0
2,15,15,1,0.00000000000000000e0
2,16,15,1,0.00000000000000000e0
2,17,15,1,0.00000000000000000e0
2,18,15,1,0.00000000000000000e0
2,19,15,1,0.00000000000000000e0
2,20,15,1,0.00000000000000000e0
2,21,15,1,0.00000000000000000e0
2,22,15,1,0.00000000000000000e0
2,23,15,1,0.00000000000000000e0
2,24,15,1,0.00000000000000000e0
2,25,15,1,0.00000000000000000e0
2,26,15,1,0.00000000000000000e0
2,27,15,1,0.00000000000000000e0
2,28,15,1,0.00000000000000000e0
2,29,15,1,0.00000000000000000e0
2,30,15,1,0.00000000000000000e0
2,31,15,1,0.00000000000000000e0
2,0,16,1,0.00000000000000000e0
2,1,16,1,0.00000000000000000e0
2,2,16,1,0.00000000000000000e0
2,3,16,1,0.00000000000000000e0
2,4,16,1,0.00000000000000000e0
2,5,16,1,0.00000000000000000e0
2,6,16,1,0.00000000000000000e0
2,7,16,1,0.00000000000000000e0
2,8,16,1,0.00000000000000000e0
2,9,16,1,0.00000000000000000e0
2,10,16,1,0.00000000000000000e0
2,11,16,1,0.00000000000000000e0
2,12,16,1,0.00000000000000000e0
2,13,16,1,0.00000000000000000e0
2,14,16,1,0.00000000000000000e0
2,15,16,1,0.00000000000000000e0
2,16,16,1,0.00000000000000000e0
2,17,16,1,0.00000000000000000e0
2,18,16,1,0.00000000000000000e0
2,19,16,1,0.00000000000000000e0
2,20,16,1,0.00000000000000000e0
2,21,16,1,0.00000000000000000e0
2,22,16,1,0.00000000000000000e0
2,23,16,1,0.00000000000000000e0
2,24,16,1,0.00000000000000000e0
2,25,16,1,0.00000000000000000e0
2,26,16,1,0.00000000000000000e0
2,27,16,1,0.00000000000000000e0
2,28,16,1,0.00000000000000000e0
2,29,16,1,0.00000000000000000e0
2,30,16,1,0.00000000000000000e0
2,31,16,1,0.00000000000000000e0
2,0,17,1,0.00000000000000000e0
2,1,17,1,0.00000000000000000e0
2,2,17,1,0.00000000000000000e0
2,3,17,1,0.00000000000000000e0
2,4,17,1,0.00000000000000000e0
2,5,17,1,0.00000000000000000e0
2,6,17,1,0.00000000000000000e0
2,7,17,1,0.00000000000000000e0
2,8,17,1,0.00000000000000000e0
2,9,17,1,0.00000000000000000e0
2,10,17,1,0.00000000000000000e0
2,11,17,1,0.00000000000000000e0
2,12,17,1,0.00000000000000000e0
2,13,17,1,0.00000000000000000e0
2,14,17,1,0.00000000000000000e0
2,15,17,1,0.00000000000000000e0
2,16,17,1,0.00000000000000000e0
2,17,17,1,0.00000000000000000e0
2,18,17,1,0.00000000000000000e0
2,19,17,1,0.00000000000000000e0
2,20,17,1,0.00000000000000000e0
2,21,17,1,0.00000000000000000e0
2,22,17,1,0.00000000000000000e0
2,23,17,1,0.00000000000000000e0
2,24,17,1,0.00000000000000000e0
2,25,17,1,0.00000000000000000e0
2,26,17,1,0.00000000000000000e0
2,27,17,1,0.00000000000000000e0
2,28,17,1,0.00000000000000000e0
2,29,17,1,0.00000000000000000e0
2,30,17,1,0.00000000000000000e0
2,31,17,1,0.00000000000000000e0
2,0,18,1,0.00000000000000000e0
2,1,18,1,0.00000000000000000e0
2,2,18,1,0.00000000000000000e0
2,3,18,1,0.00000000000000000e0
2,4,18,1,0.00000000000000000e0
2,5,18,1,0.00000000000000000e0
2,6,18,1,0.00000000000000000e0
2,7,18,1,0.00000000000000000e0
2,8,18,1,0.00000000000000000e0
2,9,18,1,0.00000000000000000e0
2,10,18,1,0.00000000000000000e0
2,11,18,1,0.00000000000000000e0
2,12,18,1,0.00000000000000000e0
2,13,18,1,0.00000000000000000e0
2,14,18,1,0.00000000000000000e0
2,15,18,1,0.00000000000000000e0
2,16,18,1,0.00000000000000000e0
2,17,18,1,0.00000000000000000e0
2,18,18,1,0.00000000000000000e0
2,19,18,1,0.00000000000000000e0
2,20,18,1,0.00000000000000000e0
2,21,18,1,0.00000000000000000e0
2,22,18,1,0.00000000000000000e0
2,23,18,1,0.00000000000000000e0
2,24,18,1,0.00000000000000000e0
2,25,18,1,0.00000000000000000e0
2,26,18,1,0.00000000000000000e0
2,27,18,1,0.00000000000000000e0
2,28,18,1,0.00000000000000000e0
2,29,18,1,0.00000000000000000e0
2,30,18,1,0.00000000000000000e0
2,31,18,1,0.00000000000000000e0
2,0,19,1,0.00000000000000000e0
2,1,19,1,0.00000000000000000e0
2,2,19,1,0.00000000000000000e0
2,3,19,1,0.00000000000000000e0
2,4,19,1,0.00000000000000000e0
2,5,19,1,0.00000000000000000e0
2,6,19,1,0.00000000000000000e0
2,7,19,1,0.00000000000000000e0
2,8,19,1,0.00000000000000000e0
2,9,19,1,0.00000000000000000e0
2,10,19,1,0.00000000000000000e0
2,11,19,1,0.00000000000000000e0
2,12,19,1,0.00000000000000000e0
2,13,19,1,0.00000000000000000e0
2,14,19,1,0.00000000000000000e0
2,15,19,1,0.00000000000000000e0
2,16,19,1,0.00000000000000000e0
2,17,19,1,0.00000000000000000e0
2,18,19,1,0.00000000000000000e0
2,19,19,1,0.00000000000000000e0
2,20,19,1,0.00000000000000000e0
2,21,19,1,0.00000000000000000e0
2,22,19,1,0.00000000000000000e0
2,23,19,1,0.00000000000000000e0
2,24,19,1,0.00000000000000000e0
2,25,19,1,0.00000000000000000e0
2,26,19,1,0.00000000000000000e0
2,27,19,1,0.00000000000000000e0
2,28,19,1,0.00000000000000000e0
2,29,19,1,0.00000000000000000e0
2,30,19,1,0.00000000000000000e0
2,31,19,1,0.00000000000000000e0
2,0,20,1,0.00000000000000000e0
2,1,20,1,0.00000000000000000e0
2,2,20,1,0.00000000000000000e0
2,3,20,1,0.00000000000000000e0
2,4,20,1,0.00000000000000000e0
2,5,20,1,0.00000000000000000e0
2,6,20,1,0.00000000000000000e0
2,7,20,1,0.00000000000000000e0
2,8,20,1,0.00000000000000000e0
2,9,20,1,0.00000000000000000e0
2,10,20,1,0.00000000000000000e0
2,11,20,1,0.00000000000000000e0
2,12,20,1,0.00000000000000000e0
2,13,20,1,0.00000000000000000e0
2,14,20,1,0.00000000000000000e0
2,15,20,1,0.00000000000000000e0
2,16,20,1,0.00000000000000000e0
2,17,20,1,0.00000000000000000e0
2,18,20,1,0.00000000000000000e0
2,19,20,1,0.00000000000000000e0
2,20,20,1,0.00000000000000000e0
2,21,20,1,0.00000000000000000e0
2,22,20,1,0.00000000000000000e0
2,23,20,1,0.00000000000000000e0
2,24,20,1,0.00000000000000000e0
2,25,20,1,0.00000000000000000e0
2,26,20,1,0.00000000000000000e0
2,27,20,1,0.00000000000000000e0
2,28,20,1,0.00000000000000000e0
2,29,20,1,0.00000000000000000e0
2,30,20,1,0.00000000000000000e0
2,31,20,1,0.00000000000000000e0
2,0,21,1,0.00000000000000000e0
2,1,21,1,0.00000000000000000e0
2,2,21,1,0.00000000000000000e0
2,3,21,1,0.00000000000000000e0
2,4,21,1,0.00000000000000000e0
2,5,21,1,0.00000000000000000e0
2,6,21,1,0.00000000000000000e0
2,7,21,1,0.00000000000000000e0
2,8,21,1,0.00000000000000000e0
2,9,21,1,0.00000000000000000e0
2,10,21,1,0.00000000000000000e0
2,11,21,1,0.00000000000000000e0
2,12,21,1,0.00000000000000000e0
2,13,21,1,0.00000000000000000e0
2,14,21,1,0.00000000000000000e0
2,15,21,1,0.00000000000000000e0
2,16,21,1,0.00000000000000000e0
2,17,21,1,0.00000000000000000e0
2,18,21,1,0.00000000000000000e0
2,19,21,1,0.00000000000000000e0
2,20,21,1,0.00000000000000000e0
2,21,21,1,0.00000000000000000e0
2,22,21,1,0.00000000000000000e0
2,23,21,1,0.00000000000000000e0
2,24,21,1,0.00000000000000000e0
2,25,21,1,0.00000000000000000e0
2,26,21,1,0.00000000000000000e0
2,27,21,1,0.00000000000000000e0
2,28,21,1,0.00000000000000000e0
2,29,21,1,0.00000000000000000e0
2,30,21,1,0.00000000000000000e0
2,31,21,1,0.00000000000000000e0
2,0,22,1,0.00000000000000000e0
2,1,22,1,0.00000000000000000e0
2,2,22,1,0.00000000000000000e0
2,3,22,1,0.00000000000000000e0
2,4,22,1,0.00000000000000000e0
2,5,22,1,0.00000000000000000e0
2,6,22,1,0.00000000000000000e0
2,7,22,1,0.00000000000000000e0
2,8,22,1,0.00000000000000000e0
2,9,22,1,0.00000000000000000e0
2,10,22,1,0.00000000000000000e0
2,11,22,1,0.00000000000000000e0
2,12,22,1,0.00000000000000000e0
2,13,22,1,0.00000000000000000e0
2,14,22,1,0.00000000000000000e0
2,15,22,1,0.00000000000000000e0
2,16,22,1,0.00000000000000000e0
2,17,22,1,0.00000000000000000e0
2,18,22,1,0.00000000000000000e0
2,19,22,1,0.00000000000000000e0
2,20,22,1,0.00000000000000000e0
2,21,22,1,0.00000000000000000e0
2,22,22,1,0.00000000000000000e0
2,23,22,1,0.00000000000000000e0
2,24,22,1,0.00000000000000000e0
2,25,22,1,0.00000000000000000e0
2,26,22,1,0.00000000000000000e0
2,27,22,1,0.00000000000000000e0
2,28,22,1,0.00000000000000000e0
2,29,22,1,0.00000000000000000e0
2,30,22,1,0.00000000000000000e0
2,31,22,1,0.00000000000000000e0
2,0,23,1,0.00000000000000000e0
2,1,23,1,0.00000000000000000e0
2,2,23,1,0.00000000000000000e0
2,3,23,1,0.00000000000000000e0
2,4,23,1,0.00000000000000000e0
2,5,23,1,0.00000000000000000e0
2,6,23,1,0.00000000000000000e0
2,7,23,1,0.00000000000000000e0
2,8,23,1,0.00000000000000000e0
2,9,23,1,0.00000000000000000e0
2,10,23,1,0.00000000000000000e0
2,11,23,1,0.00000000000000000e0
2,12,23,1,0.00000000000000000e0
2,13,23,1,0.00000000000000000e0
2,14,23,1,0.00000000000000000e0
2,15,23,1,0.00000000000000000e0
2,16,23,1,0.00000000000000000e0
2,17,23,1,0.00000000000000000e0
2,18,23,1,0.00000000000000000e0
2,19,23,1,0.00000000000000000e0
2,20,23,1,0.00000000000000000e0
2,21,23,1,0.00000000000000000e0
2,22,23,1,0.00000000000000000e0
2,23,23,1,0.00000000000000000e0
2,24,23,1,0.00000000000000000e0
2,25,23,1,0.00000000000000000e0
2,26,23,1,0.00000000000000000e0
2,27,23,1,0.00000000000000000e0
2,28,23,1,0.00000000000000000e0
2,29,23,1,0.00000000000000000e0
2,30,23,1,0.00000000000000000e0
2,31,23,1,0.00000000000000000e0
2,0,24,1,0.00000000000000000e0
2,1,24,1,0.00000000000000000e0
2,2,24,1,0.00000000000000000e0
2,3,24,1,0.00000000000000000e0
2,4,24,1,0.00000000000000000e0
2,5,24,1,0.00000000000000000e0
2,6,24,1,0.00000000000000000e0
2,7,24,1,0.00000000000000000e0
2,8,24,1,0.00000000000000000e0
2,9,24,1,0.00000000000000000e0
2,10,24,1,0.00000000000000000e0
2,11,24,1,0.00000000000000000e0
2,12,24,1,0.00000000000000000e0
2,13,24,1,0.00000000000000000e0
2,14,24,1,0.00000000000000000e0
2,15,24,1,0.00000000000000000e0
2,16,24,1,0.00000000000000000e0
2,17,24,1,0.00000000000000000e0
2,18,24,1,0.00000000000000000e0
2,19,24,1,0.00000000000000000e0
2,20,24,1,0.00000000000000000e0
2,21,24,1,0.00000000000000000e0
2,22,24,1,0.00000000000000000e0
2,23,24,1,0.00000000000000000e0
2,24,24,1,0.00000000000000000e0
2,25,24,1,0.00000000000000000e0
2,26,24,1,0.00000000000000000e0
2,27,24,1,0.00000000000000000e0
2,28,24,1,0.00000000000000000e0
2,29,24,1,0.00000000000000000e0
2,30,24,1,0.00000000000000000e0
2,31,24,1,0.00000000000000000e0
2,0,25,1,0.00000000000000000e0
2,1,25,1,0.00000000000000000e0
2,2,25,1,0.00000000000000000e0
2,3,25,1,0.00000000000000000e0
2,4,25,1,0.00000000000000000e0
2,5,25,1,0.00000000000000000e0
2,6,25,1,0.00000000000000000e0
2,7,25,1,0.00000000000000000e0
2,8,25,1,0.00000000000000000e0
2,9,25,1,0.00000000000000000e0
2,10,25,1,0.00000000000000000e0
2,11,25,1,0.00000000000000000e0
2,12,25,1,0.00000000000000000e0
2,13,25,1,0.00000000000000000e0
2,14,25,1,0.00000000000000000e0
2,15,25,1,0.00000000000000000e0
2,16,25,1,0.00000000000000000e0
2,17,25,1,0.00000000000000000e0
2,18,25,1,0.00000000000000000e0
2,19,25,1,0.00000000000000000e0
2,20,25,1,0.00000000000000000e0
2,21,25,1,0.00000000000000000e0
2,22,25,1,0.00000000000000000e0
2,23,25,1,0.00000000000000000e0
2,24,25,1,0.00000000000000000e0
2,25,25,1,0.00000000000000000e0
2,26,25,1,0.00000000000000000e0
2,27,25,1,0.00000000000000000e0
2,28,25,1,0.00000000000000000e0
2,29,25,1,0.00000000000000000e0
2,30,25,1,0.00000000000000000e0
2,31,25,1,0.00000000000000000e0
2,0,26,1,0.00000000000000000e0
2,1,26,1,0.00000000000000000e0
2,2,26,1,0.00000000000000000e0
2,3,26,1,0.00000000000000000e0
2,4,26,1,0.00000000000000000e0
2,5,26,1,0.00000000000000000e0
2,6,26,1,0.00000000000000000e0
2,7,26,1,0.00000000000000000e0
2,8,26,1,0.00000000000000000e0
2,9,26,1,0.00000000000000000e0
2,10,26,1,0.00000000000000000e0
2,11,26,1,0.00000000000000000e0
2,12,26,1,0.00000000000000000e0
2,13,26,1,0.00000000000000000e0
2,14,26,1,0.00000000000000000e0
2,15,26,1,0.00000000000000000e0
2,16,26,1,0.00000000000000000e0
2,17,26,1,0.00000000000000000e0
2,18,26,1,0.00000000000000000e0
2,19,26,1,0.00000000000000000e0
2,20,26,1,0.00000000000000000e0
2,21,26,1,0.00000000000000000e0
2,22,26,1,0.00000000000000000e0
2,23,26,1,0.00000000000000000e0
2,24,26,1,0.00000000000000000e0
2,25,26,1,0.00000000000000000e0
2,26,26,1,0.00000000000000000e0
2,27,26,1,0.00000000000000000e0
2,28,26,1,0.00000000000000000e0
2,29,26,1,0.00000000000000000e0
2,30,26,1,0.00000000000000000e0
2,31,26,1,0.00000000000000000e0
2,0,27,1,0.00000000000000000e0
2,1,27,1,0.00000000000000000e0
2,2,27,1,0.00000000000000000e0
2,3,27,1,0.00000000000000000e0
2,4,27,1,0.00000000000000000e0
2,5,27,1,0.00000000000000000e0
2,6,27,1,0.00000000000000000e0
2,7,27,1,0.00000000000000000e0
2,8,27,1,0.00000000000000000e0
2,9,27,1,0.00000000000000000e0
2,10,27,1,0.00000000000000000e0
2,11,27,1,0.00000000000000000e0
2,12,27,1,0.00000000000000000e0
2,13,27,1,0.00000000000000000e0
2,14,27,1,0.00000000000000000e0
2,15,27,1,0.00000000000000000e0
2,16,27,1,0.00000000000000000e0
2,17,27,1,0.00000000000000000e0
2,18,27,1,0.00000000000000000e0
2,19,27,1,0.00000000000000000e0
2,20,27,1,0.00000000000000000e0
2,21,27,1,0.00000000000000000e0
2,22,27,1,0.00000000000000000e0
2,23,27,1,0.00000000000000000e0
2,24,27,1,0.00000000000000000e0
2,25,27,1,0.00000000000000000e0
2,26,27,1,0.00000000000000000e0
2,27,27,1,0.00000000000000000e0
2,28,27,1,0.00000000000000000e0
2,29,27,1,0.00000000000000000e0
2,30,27,1,0.00000000000000000e0
2,31,27,1,0.00000000000000000e0
2,0,28,1,0.00000000000000000e0
2,1,28,1,0.00000000000000000e0
2,2,28,1,0.00000000000000000e0
2,3,28,1,0.00000000000000000e0
2,4,28,1,0.00000000000000000e0
2,5,28,1,0.00000000000000000e0
2,6,28,1,0.00000000000000000e0
2,7,28,1,0.00000000000000000e0
2,8,28,1,0.00000000000000000e0
2,9,28,1,0.00000000000000000e0
2,10,28,1,0.00000000000000000e0
2,11,28,1,0.00000000000000000e0
2,12,28,1,0.00000000000000000e0
2,13,28,1,0.00000000000000000e0
2,14,28,1,0.00000000000000000e0
2,15,28,1,0.00000000000000000e0
2,16,28,1,0.00000000000000000e0
2,17,28,1,0.00000000000000000e0
2,18,28,1,0.00000000000000000e0
2,19,28,1,0.00000000000000000e0
2,20,28,1,0.00000000000000000e0
2,21,28,1,0.00000000000000000e0
2,22,28,1,0.00000000000000000e0
2,23,28,1,0.00000000000000000e0
2,24,28,1,0.00000000000000000e0
2,25,28,1,0.00000000000000000e0
2,26,28,1,0.00000000000000000e0
2,27,28,1,0.00000000000000000e0
2,28,28,1,0.00000000000000000e0
2,29,28,1,0.00000000000000000e0
2,30,28,1,0.00000000000000000e0
2,31,28,1,0.00000000000000000e0
2,0,29,1,0.00000000000000000e0
2,1,29,1,0.00000000000000000e0
2,2,29,1,0.00000000000000000e0
2,3,29,1,0.00000000000000000e0
2,4,29,1,0.00000000000000000e0
2,5,29,1,0.00000000000000000e0
2,6,29,1,0.00000000000000000e0
2,7,29,1,0.00000000000000000e0
2,8,29,1,0.00000000000000000e0
2,9,29,1,0.00000000000000000e0
2,10,29,1,0.00000000000000000e0
2,11,29,1,0.00000000000000000e0
2,12,29,1,0.00000000000000000e0
2,13,29,1,0.00000000000000000e0
2,14,29,1,0.00000000000000000e0
2,15,29,1,0.00000000000000000e0
2,16,29,1,0.00000000000000000e0
2,17,29,1,0.00000000000000000e0
2,18,29,1,0.00000000000000000e0
2,19,29,1,0.00000000000000000e0
2,20,29,1,0.00000000000000000e0
2,21,29,1,0.00000000000000000e0
2,22,29,1,0.00000000000000000e0
2,23,29,1,0.00000000000000000e0
2,24,29,1,0.00000000000000000e0
2,25,29,1,0.00000000000000000e0
2,26,29,1,0.00000000000000000e0
2,27,29,1,0.00000000000000000e0
2,28,29,1,0.00000000000000000e0
2,29,29,1,0.00000000000000000e0
2,30,29,1,0.00000000000000000e0
2,31,29,1,0.00000000000000000e0
2,0,30,1,0.00000000000000000e0
2,1,30,1,0.00000000000000000e0
2,2,30,1,0.00000000000000000e0
2,3,30,1,0.00000000000000000e0
2,4,30,1,0.00000000000000000e0
2,5,30,1,0.00000000000000000e0
2,6,30,1,0.00000000000000000e0
2,7,30,1,0.00000000000000000e0
2,8,30,1,0.00000000000000000e0
2,9,30,1,0.00000000000000000e0
2,10,30,1,0.00000000000000000e0
2,11,30,1,0.00000000000000000e0
2,12,30,1,0.00000000000000000e0
2,13,30,1,0.00000000000000000e0
2,14,30,1,0.00000000000000000e0
2,15,30,1,0.00000000000000000e0
2,16,30,1,0.00000000000000000e0
2,17,30,1,0.00000000000000000e0
2,18,30,1,0.00000000000000000e0
2,19,30,1,0.00000000000000000e0
2,20,30,1,0.00000000000000000e0
2,21,30,1,0.00000000000000000e0
2,22,30,1,0.00000000000000000e0
2,23,30,1,0.00000000000000000e0
2,24,30,1,0.00000000000000000e0
2,25,30,1,0.00000000000000000e0
2,26,30,1,0.00000000000000000e0
2,27,30,1,0.00000000000000000e0
2,28,30,1,0.00000000000000000e0
2,29,30,1,0.00000000000000000e0
2,30,30,1,0.00000000000000000e0
2,31,30,1,0.00000000000000000e0
2,0,31,1,0.00000000000000000e0
2,1,31,1,0.00000000000000000e0
2,2,31,1,0.00000000000000000e0
2,3,31,1,0.00000000000000000e0
2,4,31,1,0.00000000000000000e0
2,5,31,1,0.00000000000000000e0
2,6,31,1,0.00000000000000000e0
2,7,31,1,0.00000000000000000e0
2,8,31,1,0.00000000000000000e0
2,9,31,1,0.00000000000000000e0
2,10,31,1,0.00000000000000000e0
2,11,31,1,0.00000000000000000e0
2,12,31,1,0.00000000000000000e0
2,13,31,1,0.00000000000000000e0
2,14,31,1,0.00000000000000000e0
2,15,31,1,0.00000000000000000e0
2,16,31,1,0.00000000000000000e0
2,17,31,1,0.00000000000000000e0
2,18,31,1,0.00000000000000000e0
2,19,31,1,0.00000000000000000e0
2,20,31,1,0.00000000000000000e0
2,21,31,1,0.00000000000000000e0
2,22,31,1,0.00000000000000000e0
2,23,31,1,0.00000000000000000e0
2,24,31,1,0.00000000000000000e0
2,25,31,1,0.00000000000000000e0
2,26,31,1,0.00000000000000000e0
2,27,31,1,0.00000000000000000e0
2,28,31,1,0.00000000000000000e0
2,29,31,1,0.00000000000000000e0
2,30,31,1,0.00000000000000000e0
2,31,31,1,0.00000000000000000e0
2,0,0,2,0.00000000000000000e0
2,1,0,2,0.00000000000000000e0
2,2,0,2,0.00000000000000000e0
2,3,0,2,0.00000000000000000e0
2,4,0,2,0.00000000000000000e0
2,5,0,2,0.00000000000000000e0
2,6,0,2,0.00000000000000000e0
2,7,0,2,0.00000000000000000e0
2,8,0,2,0.00000000000000000e0
2,9,0,2,0.00000000000000000e0
2,10,0,2,0.00000000000000000e0
2,11,0,2,0.00000000000000000e0
2,12,0,2,0.00000000000000000e0
2,13,0,2,0.00000000000000000e0
2,14,0,2,0.00000000000000000e0
2,15,0,2,0.00000000000000000e0
2,16,0,2,0.00000000000000000e0
2,17,0,2,0.00000000000000000e0
2,18,0,2,0.00000000000000000e0
2,19,0,2,0.00000000000000000e0
2,20,0,2,0.00000000000000000e0
2,21,0,2,0.00000000000000000e0
2,22,0,2,0.00000000000000000e0
2,23,0,2,0.00000000000000000e0
2,24,0,2,0.00000000000000000e0
2,25,0,2,0.00000000000000000e0
2,26,0,2,0.00000000000000000e0
2,27,0,2,0.00000000000000000e0
2,28,0,2,0.00000000000000000e0
2,29,0,2,0.00000000000000000e0
2,30,0,2,0.00000000000000000e0
2,31,0,2,0.00000000000000000e0
2,0,1,2,0.00000000000000000e0
2,1,1,2,0.00000000000000000e0
2,2,1,2,0.00000000000000000e0
2,3,1,2,0.00000000000000000e0
2,4,1,2,0.00000000000000000e0
2,5,1,2,0.00000000000000000e0
2,6,1,2,0.00000000000000000e0
2,7,1,2,0.00000000000000000e0
2,8,1,2,0.00000000000000000e0
2,9,1,2,0.00000000000000000e0
2,10,1,2,0.00000000000000000e0
2,11,1,2,0.00000000000000000e0
2,12,1,2,0.00000000000000000e0
2,13,1,2,0.00000000000000000e0
2,14,1,2,0.00000000000000000e0
2,15,1,2,0.00000000000000000e0
2,16,1,2,0.00000000000000000e0
2,17,1,2,0.00000000000000000e0
2,18,1,2,0.00000000000000000e0
2,19,1,2,0.00000000000000000e0
2,20,1,2,0.00000000000000000e0
2,21,1,2,0.00000000000000000e0
2,22,1,2,0.00000000000000000e0
2,23,1,2,0.00000000000000000e0
2,24,1,2,0.00000000000000000e0
2,25,1,2,0.00000000000000000e0
2,26,1,2,0.00000000000000000e0
2,27,1,2,0.00000000000000000e0
2,28,1,2,0.00000000000000000e0
2,29,1,2,0.00000000000000000e0
2,30,1,2,0.00000000000000000e0
2,31,1,2,0.00000000000000000e0
2,0,2,2,0.00000000000000000e0
2,1,2,2,0.00000000000000000e0
2,2,2,2,0.00000000000000000e0
2,3,2,2,0.00000000000000000e0
2,4,2,2,0.00000000000000000e0
2,5,2,2,0.00000000000000000e0
2,6,2,2,0.00000000000000000e0
2,7,2,2,0.00000000000000000e0
2,8,2,2,0.00000000000000000e0
2,9,2,2,0.00000000000000000e0
2,10,2,2,0.00000000000000000e0
2,11,2,2,0.00000000000000000e0
2,12,2,2,0.00000000000000000e0
2,13,2,2,0.00000000000000000e0
2,14,2,2,0.00000000000000000e0
2,15,2,2,0.00000000000000000e0
2,16,2,2,0.00000000000000000e0
2,17,2,2,0.00000000000000000e0
2,18,2,2,0.00000000000000000e0
2,19,2,2,0.00000000000000000e0
2,20,2,2,0.00000000000000000e0
2,21,2,2,0.00000000000000000e0
2,22,2,2,0.00000000000000000e0
2,23,2,2,0.00000000000000000e0
2,24,2,2,0.00000000000000000e0
2,25,2,2,0.00000000000000000e0
2,26,2,2,0.00000000000000000e0
2,27,2,2,0.00000000000000000e0
2,28,2,2,0.00000000000000000e0
2,29,2,2,0.00000000000000000e0
2,30,2,2,0.00000000000000000e0
2,31,2,2,0.00000000000000000e0
2,0,3,2,0.00000000000000000e0
2,1,3,2,0.00000000000000000e0
2,2,3,2,0.00000000000000000e0
2,3,3,2,0.00000000000000000e0
2,4,3,2,0.00000000000000000e0
2,5,3,2,0.00000000000000000e0
2,6,3,2,0.00000000000000000e0
2,7,3,2,0.00000000000000000e0
2,8,3,2,0.00000000000000000e0
2,9,3,2,0.00000000000000000e0
2,10,3,2,0.00000000000000000e0
2,11,3,2,0.00000000000000000e0
2,12,3,2,0.00000000000000000e0
2,13,3,2,0.00000000000000000e0
2,14,3,2,0.00000000000000000e0
2,15,3,2,0.00000000000000000e0
2,16,3,2,0.00000000000000000e0
2,17,3,2,0.00000000000000000e0
2,18,3,2,0.00000000000000000e0
2,19,3,2,0.00000000000000000e0
2,20,3,2,0.00000000000000000e0
2,21,3,2,0.00000000000000000e0
2,22,3,2,0.00000000000000000e0
2,23,3,2,0.00000000000000000e0
2,24,3,2,0.00000000000000000e0
2,25,3,2,0.00000000000000000e0
2,26,3,2,0.00000000000000000e0
2,27,3,2,0.00000000000000000e0
2,28,3,2,0.00000000000000000e0
2,29,3,2,0.00000000000000000e0
2,30,3,2,0.00000000000000000e0
2,31,3,2,0.00000000000000000e0
2,0,4,2,0.00000000000000000e0
2,1,4,2,0.00000000000000000e0
2,2,4,2,0.00000000000000000e0
2,3,4,2,0.00000000000000000e0
2,4,4,2,0.00000000000000000e0
2,5,4,2,0.00000000000000000e0
2,6,4,2,0.00000000000000000e0
2,7,4,2,0.00000000000000000e0
2,8,4,2,0.00000000000000000e0
2,9,4,2,0.00000000000000000e0
2,10,4,2,0.00000000000000000e0
2,11,4,2,0.00000000000000000e0
2,12,4,2,0.00000000000000000e0
2,13,4,2,0.00000000000000000e0
2,14,4,2,0.00000000000000000e0
2,15,4,2,0.00000000000000000e0
2,16,4,2,0.00000000000000000e0
2,17,4,2,0.00000000000000000e0
2,18,4,2,0.00000000000000000e0
2,19,4,2,0.00000000000000000e0
2,20,4,2,0.00000000000000000e0
2,21,4,2,0.00000000000000000e0
2,22,4,2,0.00000000000000000e0
2,23,4,2,0.00000000000000000e0
2,24,4,2,0.00000000000000000e0
2,25,4,2,0.00000000000000000e0
2,26,4,2,0.00000000000000000e0
2,27,4,2,0.00000000000000000e0
2,28,4,2,0.00000000000000000e0
2,29,4,2,0.00000000000000000e0
2,30,4,2,0.00000000000000000e0
2,31,4,2,0.00000000000000000e0
2,0,5,2,0.00000000000000000e0
2,1,5,2,0.00000000000000000e0
2,2,5,2,0.00000000000000000e0
2,3,5,2,0.00000000000000000e0
2,4,5,2,0.00000000000000000e0
2,5,5,2,0.00000000000000000e0
2,6,5,2,0.00000000000000000e0
2,7,5,2,0.00000000000000000e0
2,8,5,2,0.00000000000000000e0
2,9,5,2,0.00000000000000000e0
2,10,5,2,0.00000000000000000e0
2,11,5,2,0.00000000000000000e0
2,12,5,2,0.00000000000000000e0
2,13,5,2,0.00000000000000000e0
2,14,5,2,0.00000000000000000e0
2,15,5,2,0.00000000000000000e0
2,16,5,2,0.00000000000000000e0
2,17,5,2,0.00000000000000000e0
2,18,5,2,0.00000000000000000e0
2,19,5,2,0.00000000000000000e0
2,20,5,2,0.00000000000000000e0
2,21,5,2,0.00000000000000000e0
2,22,5,2,0.00000000000000000e0
2,23,5,2,0.00000000000000000e0
2,24,5,2,0.00000000000000000e0
2,25,5,2,0.00000000000000000e0
2,26,5,2,0.00000000000000000e0
2,27,5,2,0.00000000000000000e0
2,28,5,2,0.00000000000000000e0
2,29,5,2,0.00000000000000000e0
2,30,5,2,0.00000000000000000e0
2,31,5,2,0.00000000000000000e0
2,0,6,2,0.00000000000000000e0
2,1,6,2,0.00000000000000000e0
2,2,6,2,0.00000000000000000e0
2,3,6,2,0.00000000000000000e0
2,4,6,2,0.00000000000000000e0
2,5,6,2,0.00000000000000000e0
2,6,6,2,0.00000000000000000e0
2,7,6,2,0.00000000000000000e0
2,8,6,2,0.00000000000000000e0
2,9,6,2,0.00000000000000000e0
2,10,6,2,0.00000000000000000e0
2,11,6,2,0.00000000000000000e0
2,12,6,2,0.00000000000000000e0
2,13,6,2,0.00000000000000000e0
2,14,6,2,0.00000000000000000e0
2,15,6,2,0.00000000000000000e0
2,16,6,2,0.00000000000000000e0
2,17,6,2,0.00000000000000000e0
2,18,6,2,0.00000000000000000e0
2,19,6,2,0.00000000000000000e0
2,20,6,2,0.00000000000000000e0
2,21,6,2,0.00000000000000000e0
2,22,6,2,0.00000000000000000e0
2,23,6,2,0.00000000000000000e0
2,24,6,2,0.00000000000000000e0
2,25,6,2,0.00000000000000000e0
2,26,6,2,0.00000000000000000e0
2,27,6,2,0.00000000000000000e0
2,28,6,2,0.00000000000000000e0
2,29,6,2,0.00000000000000000e0
2,30,6,2,0.00000000000000000e0
2,31,6,2,0.00000000000000000e0
2,0,7,2,0.00000000000000000e0
2,1,7,2,0.00000000000000000e0
2,2,7,2,0.00000000000000000e0
2,3,7,2,0.00000000000000000e0
2,4,7,2,0.00000000000000000e0
2,5,7,2,0.00000000000000000e0
2,6,7,2,0.00000000000000000e0
2,7,7,2,0.00000000000000000e0
2,8,7,2,0.00000000000000000e0
2,9,7,2,0.00000000000000000e0
2,10,7,2,0.00000000000000000e0
2,11,7,2,0.00000000000000000e0
2,12,7,2,0.00000000000000000e0
2,13,7,2,0.00000000000000000e0
2,14,7,2,0.00000000000000000e0
2,15,7,2,0.00000000000000000e0
2,16,7,2,0.00000000000000000e0
2,17,7,2,0.00000000000000000e0
2,18,7,2,0.00000000000000000e0
2,19,7,2,0.00000000000000000e0
2,20,7,2,0.00000000000000000e0
2,21,7,2,0.00000000000000000e0
2,22,7,2,0.00000000000000000e0
2,23,7,2,0.00000000000000000e0
2,24,7,2,0.00000000000000000e0
2,25,7,2,0.00000000000000000e0
2,26,7,2,0.00000000000000000e0
2,27,7,2,0.00000000000000000e0
2,28,7,2,0.00000000000000000e0
2,29,7,2,0.00000000000000000e0
2,30,7,2,0.00000000000000000e0
2,31,7,2,0.00000000000000000e0
2,0,8,2,0.00000000000000000e0
2,1,8,2,0.00000000000000000e0
2,2,8,2,0.00000000000000000e0
2,3,8,2,0.00000000000000000e0
2,4,8,2,0.00000000000000000e0
2,5,8,2,0.00000000000000000e0
2,6,8,2,0.00000000000000000e0
2,7,8,2,0.00000000000000000e0
2,8,8,2,0.00000000000000000e0
2,9,8,2,0.00000000000000000e0
2,10,8,2,0.00000000000000000e0
2,11,8,2,0.00000000000000000e0
2,12,8,2,0.00000000000000000e0
2,13,8,2,0.00000000000000000e0
2,14,8,2,0.00000000000000000e0
2,15,8,2,0.00000000000000000e0
2,16,8,2,0.00000000000000000e0
2,17,8,2,0.00000000000000000e0
2,18,8,2,0.00000000000000000e0
2,19,8,2,0.00000000000000000e0
2,20,8,2,0.00000000000000000e0
2,21,8,2,0.00000000000000000e0
2,22,8,2,0.00000000000000000e0
2,23,8,2,0.00000000000000000e0
2,24,8,2,0.00000000000000000e0
2,25,8,2,0.00000000000000000e0
2,26,8,2,0.00000000000000000e0
2,27,8,2,0.00000000000000000e0
2,28,8,2,0.00000000000000000e0
2,29,8,2,0.00000000000000000e0
2,30,8,2,0.00000000000000000e0
2,31,8,2,0.00000000000000000e0
2,0,9,2,0.00000000000000000e0
2,1,9,2,0.00000000000000000e0
2,2,9,2,0.00000000000000000e0
2,3,9,2,0.00000000000000000e0
2,4,9,2,0.00000000000000000e0
2,5,9,2,0.00000000000000000e0
2,6,9,2,0.00000000000000000e0
2,7,9,2,0.00000000000000000e0
2,8,9,2,0.00000000000000000e0
2,9,9,2,0.00000000000000000e0
2,10,9,2,0.00000000000000000e0
2,11,9,2,0.00000000000000000e0
2,12,9,2,0.00000000000000000e0
2,13,9,2,0.00000000000000000e0
2,14,9,2,0.00000000000000000e0
2,15,9,2,0.00000000000000000e0
2,16,9,2,0.00000000000000000e0
2,17,9,2,0.00000000000000000e0
2,18,9,2,0.00000000000000000e0
2,19,9,2,0.00000000000000000e0
2,20,9,2,0.00000000000000000e0
2,21,9,2,0.00000000000000000e0
2,22,9,2,0.00000000000000000e0
2,23,9,2,0.00000000000000000e0
2,24,9,2,0.00000000000000000e0
2,25,9,2,0.00000000000000000e0
2,26,9,2,0.00000000000000000e0
2,27,9,2,0.00000000000000000e0
2,28,9,2,0.00000000000000000e0
2,29,9,2,0.00000000000000000e0
2,30,9,2,0.00000000000000000e0
2,31,9,2,0.00000000000000000e0
2,0,10,2,0.00000000000000000e0
2,1,10,2,0.00000000000000000e0
2,2,10,2,0.00000000000000000e0
2,3,10,2,0.00000000000000000e0
2,4,10,2,0.00000000000000000e0
2,5,10,2,0.00000000000000000e0
2,6,10,2,0.00000000000000000e0
2,7,10,2,0.00000000000000000e0
2,8,10,2,0.00000000000000000e0
2,9,10,2,0.00000000000000000e0
2,10,10,2,0.00000000000000000e0
2,11,10,2,0.00000000000000000e0
2,12,10,2,0.00000000000000000e0
2,13,10,2,0.00000000000000000e0
2,14,10,2,0.00000000000000000e0
2,15,10,2,0.00000000000000000e0
2,16,10,2,0.00000000000000000e0
2,17,10,2,0.00000000000000000e0
2,18,10,2,0.00000000000000000e0
2,19,10,2,0.00000000000000000e0
2,20,10,2,0.00000000000000000e0
2,21,10,2,0.00000000000000000e0
2,22,10,2,0.00000000000000000e0
2,23,10,2,0.00000000000000000e0
2,24,10,2,0.00000000000000000e0
2,25,10,2,0.00000000000000000e0
2,26,10,2,0.00000000000000000e0
2,27,10,2,0.00000000000000000e0
2,28,10,2,0.00000000000000000e0
2,29,10,2,0.00000000000000000e0
2,30,10,2,0.00000000000000000e0
2,31,10,2,0.00000000000000000e0
2,0,11,2,0.00000000000000000e0
2,1,11,2,0.00000000000000000e0
2,2,11,2,0.00000000000000000e0
2,3,11,2,0.00000000000000000e0
2,4,11,2,0.00000000000000000e0
2,5,11,2,0.00000000000000000e0
2,6,11,2,0.00000000000000000e0
2,7,11,2,0.00000000000000000e0
2,8,11,2,0.00000000000000000e0
2,9,11,2,0.00000000000000000e0
2,10,11,2,0.00000000000000000e0
2,11,11,2,0.00000000000000000e0
2,12,11,2,0.00000000000000000e0
2,13,11,2,0.00000000000000000e0
2,14,11,2,0.00000000000000000e0
2,15,11,2,0.00000000000000000e0
2,16,11,2,0.00000000000000000e0
2,17,11,2,0.00000000000000000e0
2,18,11,2,0.00000000000000000e0
2,19,11,2,0.00000000000000000e0
2,20,11,2,0.00000000000000000e0
2,21,11,2,0.00000000000000000e0
2,22,11,2,0.00000000000000000e0
2,23,11,2,0.00000000000000000e0
2,24,11,2,0.00000000000000000e0
2,25,11,2,0.00000000000000000e0
2,26,11,2,0.00000000000000000e0
2,27,11,2,0.00000000000000000e0
2,28,11,2,0.00000000000000000e0
2,29,11,2,0.00000000000000000e0
2,30,11,2,0.00000000000000000e0
2,31,11,2,0.00000000000000000e0
2,0,12,2,0.00000000000000000e0
2,1,12,2,0.00000000000000000e0
2,2,12,2,0.00000000000000000e0
2,3,12,2,0.00000000000000000e0
2,4,12,2,0.00000000000000000e0
2,5,12,2,0.00000000000000000e0
2,6,12,2,0.00000000000000000e0
2,7,12,2,0.00000000000000000e0
2,8,12,2,0.00000000000000000e0
2,9,12,2,0.00000000000000000e0
2,10,12,2,0.00000000000000000e0
2,11,12,2,0.00000000000000000e0
2,12,12,2,0.00000000000000000e0
2,13,12,2,0.00000000000000000e0
2,14,12,2,0.00000000000000000e0
2,15,12,2,0.00000000000000000e0
2,16,12,2,0.00000000000000000e0
2,17,12,2,0.00000000000000000e0
2,18,12,2,0.00000000000000000e0
2,19,12,2,0.00000000000000000e0
2,20,12,2,0.00000000000000000e0
2,21,12,2,0.00000000000000000e0
2,22,12,2,0.00000000000000000e0
2,23,12,2,0.00000000000000000e0
2,24,12,2,0.00000000000000000e0
2,25,12,2,0.00000000000000000e0
2,26,12,2,0.00000000000000000e0
2,27,12,2,0.00000000000000000e0
2,28,12,2,0.00000000000000000e0
2,29,12,2,0.00000000000000000e0
2,30,12,2,0.00000000000000000e0
2,31,12,2,0.00000000000000000e0
2,0,13,2,0.00000000000000000e0
2,1,13,2,0.00000000000000000e0
2,2,13,2,0.00000000000000000e0
2,3,13,2,0.00000000000000000e0
2,4,13,2,0.00000000000000000e0
2,5,13,2,0.00000000000000000e0
2,6,13,2,0.00000000000000000e0
2,7,13,2,0.00000000000000000e0
2,8,13,2,0.00000000000000000e0
2,9,13,2,0.00000000000000000e0
2,10,13,2,0.00000000000000000e0
2,11,13,2,0.00000000000000000e0
2,12,13,2,0.00000000000000000e0
2,13,13,2,0.00000000000000000e0
2,14,13,2,0.00000000000000000e0
2,15,13,2,0.00000000000000000e0
2,16,13,2,0.00000000000000000e0
2,17,13,2,0.00000000000000000e0
2,18,13,2,0.00000000000000000e0
2,19,13,2,0.00000000000000000e0
2,20,13,2,0.00000000000000000e0
2,21,13,2,0.00000000000000000e0
2,22,13,2,0.00000000000000000e0
2,23,13,2,0.00000000000000000e0
2,24,13,2,0.00000000000000000e0
2,25,13,2,0.00000000000000000e0
2,26,13,2,0.00000000000000000e0
2,27,13,2,0.00000000000000000e0
2,28,13,2,0.00000000000000000e0
2,29,13,2,0.00000000000000000e0
2,30,13,2,0.00000000000000000e0
2,31,13,2,0.00000000000000000e0
2,0,14,2,0.00000000000000000e0
2,1,14,2,0.00000000000000000e0
2,2,14,2,0.00000000000000000e0
2,3,14,2,0.00000000000000000e0
2,4,14,2,0.00000000000000000e0
2,5,14,2,0.00000000000000000e0
2,6,14,2,0.00000000000000000e0
2,7,14,2,0.00000000000000000e0
2,8,14,2,0.00000000000000000e0
2,9,14,2,0.00000000000000000e0
2,10,14,2,0.00000000000000000e0
2,11,14,2,0.00000000000000000e0
2,12,14,2,0.00000000000000000e0
2,13,14,2,0.00000000000000000e0
2,14,14,2,0.00000000000000000e0
2,15,14,2,0.00000000000000000e0
2,16,14,2,0.00000000000000000e0
2,17,14,2,0.00000000000000000e0
2,18,14,2,0.00000000000000000e0
2,19,14,2,0.00000000000000000e0
2,20,14,2,0.00000000000000000e0
2,21,14,2,0.00000000000000000e0
2,22,14,2,0.00000000000000000e0
2,23,14,2,0.00000000000000000e0
2,24,14,2,0.00000000000000000e0
2,25,14,2,0.00000000000000000e0
2,26,14,2,0.00000000000000000e0
2,27,14,2,0.00000000000000000e0
2,28,14,2,0.00000000000000000e0
2,29,14,2,0.00000000000000000e0
2,30,14,2,0.00000000000000000e0
2,31,14,2,0.00000000000000000e0
2,0,15,2,0.00000000000000000e0
2,1,15,2,0.00000000000000000e0
2,2,15,2,0.00000000000000000e0
2,3,15,2,0.00000000000000000e0
2,4,15,2,0.00000000000000000e0
2,5,15,2,0.00000000000000000e0
2,6,15,2,0.00000000000000000e0
2,7,15,2,0.00000000000000000e0
2,8,15,2,0.00000000000000000e0
2,9,15,2,0.00000000000000000e0
2,10,15,2,0.00000000000000000e0
2,11,15,2,0.00000000000000000e0
2,12,15,2,0.00000000000000000e0
2,13,15,2,0.00000000000000000e0
2,14,15,2,0.00000000000000000e0
2,15,15,2,0.00000000000000000e0
2,16,15,2,0.00000000000000000e0
2,17,15,2,0.00000000000000000e0
2,18,15,2,0.00000000000000000e0
2,19,15,2,0.00000000000000000e0
2,20,15,2,0.00000000000000000e0
2,21,15,2,0.00000000000000000e0
2,22,15,2,0.00000000000000000e0
2,23,15,2,0.00000000000000000e0
2,24,15,2,0.00000000000000000e0
2,25,15,2,0.00000000000000000e0
2,26,15,2,0.00000000000000000e0
2,27,15,2,0.00000000000000000e0
2,28,15,2,0.00000000000000000e0
2,29,15,2,0.00000000000000000e0
2,30,15,2,0.00000000000000000e0
2,31,15,2,0.00000000000000000e0
2,0,16,2,0.00000000000000000e0
2,1,16,2,0.00000000000000000e0
2,2,16,2,0.00000000000000000e0
2,3,16,2,0.00000000000000000e0
2,4,16,2,0.00000000000000000e0
2,5,16,2,0.00000000000000000e0
2,6,16,2,0.00000000000000000e0
2,7,16,2,0.00000000000000000e0
2,8,16,2,0.00000000000000000e0
2,9,16,2,0.00000000000000000e0
2,10,16,2,0.00000000000000000e0
2,11,16,2,0.00000000000000000e0
2,12,16,2,0.00000000000000000e0
2,13,16,2,0.00000000000000000e0
2,14,16,2,0.00000000000000000e0
2,15,16,2,0.00000000000000000e0
2,16,16,2,0.00000000000000000e0
2,17,16,2,0.00000000000000000e0
2,18,16,2,0.00000000000000000e0
2,19,16,2,0.00000000000000000e0
2,20,16,2,0.00000000000000000e0
2,21,16,2,0.00000000000000000e0
2,22,16,2,0.00000000000000000e0
2,23,16,2,0.00000000000000000e0
2,24,16,2,0.00000000000000000e0
2,25,16,2,0.00000000000000000e0
2,26,16,2,0.00000000000000000e0
2,27,16,2,0.00000000000000000e0
2,28,16,2,0.00000000000000000e0
2,29,16,2,0.00000000000000000e0
2,30,16,2,0.00000000000000000e0
2,31,16,2,0.00000000000000000e0
2,0,17,2,0.00000000000000000e0
2,1,17,2,0.00000000000000000e0
2,2,17,2,0.00000000000000000e0
2,3,17,2,0.00000000000000000e0
2,4,17,2,0.00000000000000000e0
2,5,17,2,0.00000000000000000e0
2,6,17,2,0.00000000000000000e0
2,7,17,2,0.00000000000000000e0
2,8,17,2,0.00000000000000000e0
2,9,17,2,0.00000000000000000e0
2,10,17,2,0.00000000000000000e0
2,11,17,2,0.00000000000000000e0
2,12,17,2,0.00000000000000000e0
2,13,17,2,0.00000000000000000e0
2,14,17,2,0.00000000000000000e0
2,15,17,2,0.00000000000000000e0
2,16,17,2,0.00000000000000000e0
2,17,17,2,0.00000000000000000e0
2,18,17,2,0.00000000000000000e0
2,19,17,2,0.00000000000000000e0
2,20,17,2,0.00000000000000000e0
2,21,17,2,0.00000000000000000e0
2,22,17,2,0.00000000000000000e0
2,23,17,2,0.00000000000000000e0
2,24,17,2,0.00000000000000000e0
2,25,17,2,0.00000000000000000e0
2,26,17,2,0.00000000000000000e0
2,27,17,2,0.00000000000000000e0
2,28,17,2,0.00000000000000000e0
2,29,17,2,0.00000000000000000e0
2,30,17,2,0.00000000000000000e0
2,31,17,2,0.00000000000000000e0
2,0,18,2,0.00000000000000000e0
2,1,18,2,0.00000000000000000e0
2,2,18,2,0.00000000000000000e0
2,3,18,2,0.00000000000000000e0
2,4,18,2,0.00000000000000000e0
2,5,18,2,0.00000000000000000e0
2,6,18,2,0.00000000000000000e0
2,7,18,2,0.00000000000000000e0
2,8,18,2,0.00000000000000000e0
2,9,18,2,0.00000000000000000e0
2,10,18,2,0.00000000000000000e0
2,11,18,2,0.00000000000000000e0
2,12,18,2,0.00000000000000000e0
2,13,18,2,0.00000000000000000e0
2,14,18,2,0.00000000000000000e0
2,15,18,2,0.00000000000000000e0
2,16,18,2,0.00000000000000000e0
2,17,18,2,0.00000000000000000e0
2,18,18,2,0.00000000000000000e0
2,19,18,2,0.00000000000000000e0
2,20,18,2,0.00000000000000000e0
2,21,18,2,0.00000000000000000e0
2,22,18,2,0.00000000000000000e0
2,23,18,2,0.00000000000000000e0
2,24,18,2,0.00000000000000000e0
2,25,18,2,0.00000000000000000e0
2,26,18,2,0.00000000000000000e0
2,27,18,2,0.00000000000000000e0
2,28,18,2,0.00000000000000000e0
2,29,18,2,0.00000000000000000e0
2,30,18,2,0.00000000000000000e0
2,31,18,2,0.00000000000000000e0
2,0,19,2,0.00000000000000000e0
2,1,19,2,0.00000000000000000e0
2,2,19,2,0.00000000000000000e0
2,3,19,2,0.00000000000000000e0
2,4,19,2,0.00000000000000000e0
2,5,19,2,0.00000000000000000e0
2,6,19,2,0.00000000000000000e0
2,7,19,2,0.00000000000000000e0
2,8,19,2,0.00000000000000000e0
2,9,19,2,0.00000000000000000e0
2,10,19,2,0.00000000000000000e0
2,11,19,2,0.00000000000000000e0
2,12,19,2,0.00000000000000000e0
2,13,19,2,0.00000000000000000e0
2,14,19,2,0.00000000000000000e0
2,15,19,2,0.00000000000000000e0
2,16,19,2,0.00000000000000000e0
2,17,19,2,0.00000000000000000e0
2,18,19,2,0.00000000000000000e0
2,19,19,2,0.00000000000000000e0
2,20,19,2,0.00000000000000000e0
2,21,19,2,0.00000000000000000e0
2,22,19,2,0.00000000000000000e0
2,23,19,2,0.00000000000000000e0
2,24,19,2,0.00000000000000000e0
2,25,19,2,0.00000000000000000e0
2,26,19,2,0.00000000000000000e0
2,27,19,2,0.00000000000000000e0
2,28,19,2,0.00000000000000000e0
2,29,19,2,0.00000000000000000e0
2,30,19,2,0.00000000000000000e0
2,31,19,2,0.00000000000000000e0
2,0,20,2,0.00000000000000000e0
2,1,20,2,0.00000000000000000e0
2,2,20,2,0.00000000000000000e0
2,3,20,2,0.00000000000000000e0
2,4,20,2,0.00000000000000000e0
2,5,20,2,0.00000000000000000e0
2,6,20,2,0.00000000000000000e0
2,7,20,2,0.00000000000000000e0
2,8,20,2,0.00000000000000000e0
2,9,20,2,0.00000000000000000e0
2,10,20,2,0.00000000000000000e0
2,11,20,2,0.00000000000000000e0
2,12,20,2,0.00000000000000000e0
2,13,20,2,0.00000000000000000e0
2,14,20,2,0.00000000000000000e0
2,15,20,2,0.00000000000000000e0
2,16,20,2,0.00000000000000000e0
2,17,20,2,0.00000000000000000e0
2,18,20,2,0.00000000000000000e0
2,19,20,2,0.00000000000000000e0
2,20,20,2,0.00000000000000000e0
2,21,20,2,0.00000000000000000e0
2,22,20,2,0.00000000000000000e0
2,23,20,2,0.00000000000000000e0
2,24,20,2,0.00000000000000000e0
2,25,20,2,0.00000000000000000e0
2,26,20,2,0.00000000000000000e0
2,27,20,2,0.00000000000000000e0
2,28,20,2,0.00000000000000000e0
2,29,20,2,0.00000000000000000e0
2,30,20,2,0.00000000000000000e0
2,31,20,2,0.00000000000000000e0
2,0,21,2,0.00000000000000000e0
2,1,21,2,0.00000000000000000e0
2,2,21,2,0.00000000000000000e0
2,3,21,2,0.00000000000000000e0
2,4,21,2,0.00000000000000000e0
2,5,21,2,0.00000000000000000e0
2,6,21,2,0.00000000000000000e0
2,7,21,2,0.00000000000000000e0
2,8,21,2,0.00000000000000000e0
2,9,21,2,0.00000000000000000e0
2,10,21,2,0.00000000000000000e0
2,11,21,2,0.00000000000000000e0
2,12,21,2,0.00000000000000000e0
2,13,21,2,0.00000000000000000e0
2,14,21,2,0.00000000000000000e0
2,15,21,2,0.00000000000000000e0
2,16,21,2,0.00000000000000000e0
2,17,21,2,0.00000000000000000e0
2,18,21,2,0.00000000000000000e0
2,19,21,2,0.00000000000000000e0
2,20,21,2,0.00000000000000000e0
2,21,21,2,0.00000000000000000e0
2,22,21,2,0.00000000000000000e0
2,23,21,2,0.00000000000000000e0
2,24,21,2,0.00000000000000000e0
2,25,21,2,0.00000000000000000e0
2,26,21,2,0.00000000000000000e0
2,27,21,2,0.00000000000000000e0
2,28,21,2,0.00000000000000000e0
2,29,21,2,0.00000000000000000e0
2,30,21,2,0.00000000000000000e0
2,31,21,2,0.00000000000000000e0
2,0,22,2,0.00000000000000000e0
2,1,22,2,0.00000000000000000e0
2,2,22,2,0.00000000000000000e0
2,3,22,2,0.00000000000000000e0
2,4,22,2,0.00000000000000000e0
2,5,22,2,0.00000000000000000e0
2,6,22,2,0.00000000000000000e0
2,7,22,2,0.00000000000000000e0
2,8,22,2,0.00000000000000000e0
2,9,22,2,0.00000000000000000e0
2,10,22,2,0.00000000000000000e0
2,11,22,2,0.00000000000000000e0
2,12,22,2,0.00000000000000000e0
2,13,22,2,0.00000000000000000e0
2,14,22,2,0.00000000000000000e0
2,15,22,2,0.00000000000000000e0
2,16,22,2,0.00000000000000000e0
2,17,22,2,0.00000000000000000e0
2,18,22,2,0.00000000000000000e0
2,19,22,2,0.00000000000000000e0
2,20,22,2,0.00000000000000000e0
2,21,22,2,0.00000000000000000e0
2,22,22,2,0.00000000000000000e0
2,23,22,2,0.00000000000000000e0
2,24,22,2,0.00000000000000000e0
2,25,22,2,0.00000000000000000e0
2,26,22,2,0.00000000000000000e0
2,27,22,2,0.00000000000000000e0
2,28,22,2,0.00000000000000000e0
2,29,22,2,0.00000000000000000e0
2,30,22,2,0.00000000000000000e0
2,31,22,2,0.00000000000000000e0
2,0,23,2,0.00000000000000000e0
2,1,23,2,0.00000000000000000e0
2,2,23,2,0.00000000000000000e0
2,3,23,2,0.00000000000000000e0
2,4,23,2,0.00000000000000000e0
2,5,23,2,0.00000000000000000e0
2,6,23,2,0.00000000000000000e0
2,7,23,2,0.00000000000000000e0
2,8,23,2,0.00000000000000000e0
2,9,23,2,0.00000000000000000e0
2,10,23,2,0.00000000000000000e0
2,11,23,2,0.00000000000000000e0
2,12,23,2,0.00000000000000000e0
2,13,23,2,0.00000000000000000e0
2,14,23,2,0.00000000000000000e0
2,15,23,2,0.00000000000000000e0
2,16,23,2,0.00000000000000000e0
2,17,23,2,0.00000000000000000e0
2,18,23,2,0.00000000000000000e0
2,19,23,2,0.00000000000000000e0
2,20,23,2,0.00000000000000000e0
2,21,23,2,0.00000000000000000e0
2,22,23,2,0.00000000000000000e0
2,23,23,2,0.00000000000000000e0
2,24,23,2,0.00000000000000000e0
2,25,23,2,0.00000000000000000e0
2,26,23,2,0.00000000000000000e0
2,27,23,2,0.00000000000000000e0
2,28,23,2,0.00000000000000000e0
2,29,23,2,0.00000000000000000e0
2,30,23,2,0.00000000000000000e0
2,31,23,2,0.00000000000000000e0
2,0,24,2,0.00000000000000000e0
2,1,24,2,0.00000000000000000e0
2,2,24,2,0.00000000000000000e0
2,3,24,2,0.00000000000000000e0
2,4,24,2,0.00000000000000000e0
2,5,24,2,0.00000000000000000e0
2,6,24,2,0.00000000000000000e0
2,7,24,2,0.00000000000000000e0
2,8,24,2,0.00000000000000000e0
2,9,24,2,0.00000000000000000e0
2,10,24,2,0.00000000000000000e0
2,11,24,2,0.00000000000000000e0
2,12,24,2,0.00000000000000000e0
2,13,24,2,0.00000000000000000e0
2,14,24,2,0.00000000000000000e0
2,15,24,2,0.00000000000000000e0
2,16,24,2,0.00000000000000000e0
2,17,24,2,0.00000000000000000e0
2,18,24,2,0.00000000000000000e0
2,19,24,2,0.00000000000000000e0
2,20,24,2,0.00000000000000000e0
2,21,24,2,0.00000000000000000e0
2,22,24,2,0.00000000000000000e0
2,23,24,2,0.00000000000000000e0
2,24,24,2,0.00000000000000000e0
2,25,24,2,0.00000000000000000e0
2,26,24,2,0.00000000000000000e0
2,27,24,2,0.00000000000000000e0
2,28,24,2,0.00000000000000000e0
2,29,24,2,0.00000000000000000e0
2,30,24,2,0.00000000000000000e0
2,31,24,2,0.00000000000000000e0
2,0,25,2,0.00000000000000000e0
2,1,25,2,0.00000000000000000e0
2,2,25,2,0.00000000000000000e0
2,3,25,2,0.00000000000000000e0
2,4,25,2,0.00000000000000000e0
2,5,25,2,0.00000000000000000e0
2,6,25,2,0.00000000000000000e0
2,7,25,2,0.00000000000000000e0
2,8,25,2,0.00000000000000000e0
2,9,25,2,0.00000000000000000e0
2,10,25,2,0.00000000000000000e0
2,11,25,2,0.00000000000000000e0
2,12,25,2,0.00000000000000000e0
2,13,25,2,0.00000000000000000e0
2,14,25,2,0.00000000000000000e0
2,15,25,2,0.00000000000000000e0
2,16,25,2,0.00000000000000000e0
2,17,25,2,0.00000000000000000e0
2,18,25,2,0.00000000000000000e0
2,19,25,2,0.00000000000000000e0
2,20,25,2,0.00000000000000000e0
2,21,25,2,0.00000000000000000e0
2,22,25,2,0.00000000000000000e0
2,23,25,2,0.00000000000000000e0
2,24,25,2,0.00000000000000000e0
2,25,25,2,0.00000000000000000e0
2,26,25,2,0.00000000000000000e0
2,27,25,2,0.00000000000000000e0
2,28,25,2,0.00000000000000000e0
2,29,25,2,0.00000000000000000e0
2,30,25,2,0.00000000000000000e0
2,31,25,2,0.00000000000000000e0
2,0,26,2,0.00000000000000000e0
2,1,26,2,0.00000000000000000e0
2,2,26,2,0.00000000000000000e0
2,3,26,2,0.00000000000000000e0
2,4,26,2,0.00000000000000000e0
2,5,26,2,0.00000000000000000e0
2,6,26,2,0.00000000000000000e0
2,7,26,2,0.00000000000000000e0
2,8,26,2,0.00000000000000000e0
2,9,26,2,0.00000000000000000e0
2,10,26,2,0.00000000000000000e0
2,11,26,2,0.00000000000000000e0
2,12,26,2,0.00000000000000000e0
2,13,26,2,0.00000000000000000e0
2,14,26,2,0.00000000000000000e0
2,15,26,2,0.00000000000000000e0
2,16,26,2,0.00000000000000000e0
2,17,26,2,0.00000000000000000e0
2,18,26,2,0.00000000000000000e0
2,19,26,2,0.00000000000000000e0
2,20,26,2,0.00000000000000000e0
2,21,26,2,0.00000000000000000e0
2,22,26,2,0.00000000000000000e0
2,23,26,2,0.00000000000000000e0
2,24,26,2,0.00000000000000000e0
2,25,26,2,0.00000000000000000e0
2,26,26,2,0.00000000000000000e0
2,27,26,2,0.00000000000000000e0
2,28,26,2,0.00000000000000000e0
2,29,26,2,0.00000000000000000e0
2,30,26,2,0.00000000000000000e0
2,31,26,2,0.00000000000000000e0
2,0,27,2,0.00000000000000000e0
2,1,27,2,0.00000000000000000e0
2,2,27,2,0.00000000000000000e0
2,3,27,2,0.00000000000000000e0
2,4,27,2,0.00000000000000000e0
2,5,27,2,0.00000000000000000e0
2,6,27,2,0.00000000000000000e0
2,7,27,2,0.00000000000000000e0
2,8,27,2,0.00000000000000000e0
2,9,27,2,0.00000000000000000e0
2,10,27,2,0.00000000000000000e0
2,11,27,2,0.00000000000000000e0
2,12,27,2,0.00000000000000000e0
2,13,27,2,0.00000000000000000e0
2,14,27,2,0.00000000000000000e0
2,15,27,2,0.00000000000000000e0
2,16,27,2,0.00000000000000000e0
2,17,27,2,0.00000000000000000e0
2,18,27,2,0.00000000000000000e0
2,19,27,2,0.00000000000000000e0
2,20,27,2,0.00000000000000000e0
2,21,27,2,0.00000000000000000e0
2,22,27,2,0.00000000000000000e0
2,23,27,2,0.00000000000000000e0
2,24,27,2,0.00000000000000000e0
2,25,27,2,0.00000000000000000e0
2,26,27,2,0.00000000000000000e0
2,27,27,2,0.00000000000000000e0
2,28,27,2,0.00000000000000000e0
2,29,27,2,0.00000000000000000e0
2,30,27,2,0.00000000000000000e0
2,31,27,2,0.00000000000000000e0
2,0,28,2,0.00000000000000000e0
2,1,28,2,0.00000000000000000e0
2,2,28,2,0.00000000000000000e0
2,3,28,2,0.00000000000000000e0
2,4,28,2,0.00000000000000000e0
2,5,28,2,0.00000000000000000e0
2,6,28,2,0.00000000000000000e0
2,7,28,2,0.00000000000000000e0
2,8,28,2,0.00000000000000000e0
2,9,28,2,0.00000000000000000e0
2,10,28,2,0.00000000000000000e0
2,11,28,2,0.00000000000000000e0
2,12,28,2,0.00000000000000000e0
2,13,28,2,0.00000000000000000e0
2,14,28,2,0.00000000000000000e0
2,15,28,2,0.00000000000000000e0
2,16,28,2,0.00000000000000000e0
2,17,28,2,0.00000000000000000e0
2,18,28,2,0.00000000000000000e0
2,19,28,2,0.00000000000000000e0
2,20,28,2,0.00000000000000000e0
2,21,28,2,0.00000000000000000e0
2,22,28,2,0.00000000000000000e0
2,23,28,2,0.00000000000000000e0
2,24,28,2,0.00000000000000000e0
2,25,28,2,0.00000000000000000e0
2,26,28,2,0.00000000000000000e0
2,27,28,2,0.00000000000000000e0
2,28,28,2,0.00000000000000000e0
2,29,28,2,0.00000000000000000e0
2,30,28,2,0.00000000000000000e0
2,31,28,2,0.00000000000000000e0
2,0,29,2,0.00000000000000000e0
2,1,29,2,0.00000000000000000e0
2,2,29,2,0.00000000000000000e0
2,3,29,2,0.00000000000000000e0
2,4,29,2,0.00000000000000000e0
2,5,29,2,0.00000000000000000e0
2,6,29,2,0.00000000000000000e0
2,7,29,2,0.00000000000000000e0
2,8,29,2,0.00000000000000000e0
2,9,29,2,0.00000000000000000e0
2,10,29,2,0.00000000000000000e0
2,11,29,2,0.00000000000000000e0
2,12,29,2,0.00000000000000000e0
2,13,29,2,0.00000000000000000e0
2,14,29,2,0.00000000000000000e0
2,15,29,2,0.00000000000000000e0
2,16,29,2,0.00000000000000000e0
2,17,29,2,0.00000000000000000e0
2,18,29,2,0.00000000000000000e0
2,19,29,2,0.00000000000000000e0
2,20,29,2,0.00000000000000000e0
2,21,29,2,0.00000000000000000e0
2,22,29,2,0.00000000000000000e0
2,23,29,2,0.00000000000000000e0
2,24,29,2,0.00000000000000000e0
2,25,29,2,0.00000000000000000e0
2,26,29,2,0.00000000000000000e0
2,27,29,2,0.00000000000000000e0
2,28,29,2,0.00000000000000000e0
2,29,29,2,0.00000000000000000e0
2,30,29,2,0.00000000000000000e0
2,31,29,2,0.00000000000000000e0
2,0,30,2,0.00000000000000000e0
2,1,30,2,0.00000000000000000e0
2,2,30,2,0.00000000000000000e0
2,3,30,2,0.00000000000000000e0
2,4,30,2,0.00000000000000000e0
2,5,30,2,0.00000000000000000e0
2,6,30,2,0.00000000000000000e0
2,7,30,2,0.00000000000000000e0
2,8,30,2,0.00000000000000000e0
2,9,30,2,0.00000000000000000e0
2,10,30,2,0.00000000000000000e0
2,11,30,2,0.00000000000000000e0
2,12,30,2,0.00000000000000000e0
2,13,30,2,0.00000000000000000e0
2,14,30,2,0.00000000000000000e0
2,15,30,2,0.00000000000000000e0
2,16,30,2,0.00000000000000000e0
2,17,30,2,0.00000000000000000e0
2,18,30,2,0.00000000000000000e0
2,19,30,2,0.00000000000000000e0
2,20,30,2,0.00000000000000000e0
2,21,30,2,0.00000000000000000e0
2,22,30,2,0.00000000000000000e0
2,23,30,2,0.00000000000000000e0
2,24,30,2,0.00000000000000000e0
2,25,30,2,0.00000000000000000e0
2,26,30,2,0.00000000000000000e0
2,27,30,2,0.00000000000000000e0
2,28,30,2,0.00000000000000000e0
2,29,30,2,0.00000000000000000e0
2,30,30,2,0.00000000000000000e0
2,31,30,2,0.00000000000000000e0
2,0,31,2,0.00000000000000000e0
2,1,31,2,0.00000000000000000e0
2,2,31,2,0.00000000000000000e0
2,3,31,2,0.00000000000000000e0
2,4,31,2,0.00000000000000000e0
2,5,31,2,0.00000000000000000e0
2,6,31,2,0.00000000000000000e0
2,7,31,2,0.00000000000000000e0
2,8,31,2,0.00000000000000000e0
2,9,31,2,0.00000000000000000e0
2,10,31,2,0.00000000000000000e0
2,11,31,2,0.00000000000000000e0
2,12,31,2,0.00000000000000000e0
2,13,31,2,0.00000000000000000e0
2,14,31,2,0.00000000000000000e0
2,15,31,2,0.00000000000000000e0
2,16,31,2,0.00000000000000000e0
2,17,31,2,0.00000000000000000e0
2,18,31,2,0.00000000000000000e0
2,19,31,2,0.00000000000000000e0
2,20,31,2,0.00000000000000000e0
2,21,31,2,0.00000000000000000e0
2,22,31,2,0.00000000000000000e0
2,23,31,2,0.00000000000000000e0
2,24,31,2,0.00000000000000000e0
2,25,31,2,0.00000000000000000e0
2,26,31,2,0.00000000000000000e0
2,27,31,2,0.00000000000000000e0
2,28,31,2,0.00000000000000000e0
2,29,31,2,0.00000000000000000e0
2,30,31,2,0.00000000000000000e0
2,31,31,2,0.00000000000000000e0
2,0,0,3,0.00000000000000000e0
2,1,0,3,0.00000000000000000e0
2,2,0,3,0.00000000000000000e0
2,3,0,3,0.00000000000000000e0
2,4,0,3,0.00000000000000000e0
2,5,0,3,0.00000000000000000e0
2,6,0,3,0.00000000000000000e0
2,7,0,3,0.00000000000000000e0
2,8,0,3,0.00000000000000000e0
2,9,0,3,0.00000000000000000e0
2,10,0,3,0.00000000000000000e0
2,11,0,3,0.00000000000000000e0
2,12,0,3,0.00000000000000000e0
2,13,0,3,0.00000000000000000e0
2,14,0,3,0.00000000000000000e0
2,15,0,3,0.00000000000000000e0
2,16,0,3,0.00000000000000000e0
2,17,0,3,0.00000000000000000e0
2,18,0,3,0.00000000000000000e0
2,19,0,3,0.00000000000000000e0
2,20,0,3,0.00000000000000000e0
2,21,0,3,0.00000000000000000e0
2,22,0,3,0.00000000000000000e0
2,23,0,3,0.00000000000000000e0
2,24,0,3,0.00000000000000000e0
2,25,0,3,0.00000000000000000e0
2,26,0,3,0.00000000000000000e0
2,27,0,3,0.00000000000000000e0
2,28,0,3,0.00000000000000000e0
2,29,0,3,0.00000000000000000e0
2,30,0,3,0.00000000000000000e0
2,31,0,3,0.00000000000000000e0
2,0,1,3,0.00000000000000000e0
2,1,1,3,0.00000000000000000e0
2,2,1,3,0.00000000000000000e0
2,3,1,3,0.00000000000000000e0
2,4,1,3,0.00000000000000000e0
2,5,1,3,0.00000000000000000e0
2,6,1,3,0.00000000000000000e0
2,7,1,3,0.00000000000000000e0
2,8,1,3,0.00000000000000000e0
2,9,1,3,0.00000000000000000e0
2,10,1,3,0.00000000000000000e0
2,11,1,3,0.00000000000000000e0
2,12,1,3,0.00000000000000000e0
2,13,1,3,0.00000000000000000e0
2,14,1,3,0.00000000000000000e0
2,15,1,3,0.00000000000000000e0
2,16,1,3,0.00000000000000000e0
2,17,1,3,0.00000000000000000e0
2,18,1,3,0.00000000000000000e0
2,19,1,3,0.00000000000000000e0
2,20,1,3,0.00000000000000000e0
2,21,1,3,0.00000000000000000e0
2,22,1,3,0.00000000000000000e0
2,23,1,3,0.00000000000000000e0
2,24,1,3,0.00000000000000000e0
2,25,1,3,0.00000000000000000e0
2,26,1,3,0.00000000000000000e0
2,27,1,3,0.00000000000000000e0
2,28,1,3,0.00000000000000000e0
2,29,1,3,0.00000000000000000e0
2,30,1,3,0.00000000000000000e0
2,31,1,3,0.00000000000000000e0
2,0,2,3,0.00000000000000000e0
2,1,2,3,0.00000000000000000e0
2,2,2,3,0.00000000000000000e0
2,3,2,3,0.00000000000000000e0
2,4,2,3,0.00000000000000000e0
2,5,2,3,0.00000000000000000e0
2,6,2,3,0.00000000000000000e0
2,7,2,3,0.00000000000000000e0
2,8,2,3,0.00000000000000000e0
2,9,2,3,0.00000000000000000e0
2,10,2,3,0.00000000000000000e0
2,11,2,3,0.00000000000000000e0
2,12,2,3,0.00000000000000000e0
2,13,2,3,0.00000000000000000e0
2,14,2,3,0.00000000000000000e0
2,15,2,3,0.00000000000000000e0
2,16,2,3,0.00000000000000000e0
2,17,2,3,0.00000000000000000e0
2,18,2,3,0.00000000000000000e0
2,19,2,3,0.00000000000000000e0
2,20,2,3,0.00000000000000000e0
2,21,2,3,0.00000000000000000e0
2,22,2,3,0.00000000000000000e0
2,23,2,3,0.00000000000000000e0
2,24,2,3,0.00000000000000000e0
2,25,2,3,0.00000000000000000e0
2,26,2,3,0.00000000000000000e0
2,27,2,3,0.00000000000000000e0
2,28,2,3,0.00000000000000000e0
2,29,2,3,0.00000000000000000e0
2,30,2,3,0.00000000000000000e0
2,31,2,3,0.00000000000000000e0
2,0,3,3,0.00000000000000000e0
2,1,3,3,0.00000000000000000e0
2,2,3,3,0.00000000000000000e0
2,3,3,3,0.00000000000000000e0
2,4,3,3,0.00000000000000000e0
2,5,3,3,0.00000000000000000e0
2,6,3,3,0.00000000000000000e0
2,7,3,3,0.00000000000000000e0
2,8,3,3,0.00000000000000000e0
2,9,3,3,0.00000000000000000e0
2,10,3,3,0.00000000000000000e0
2,11,3,3,0.00000000000000000e0
2,12,3,3,0.00000000000000000e0
2,13,3,3,0.00000000000000000e0
2,14,3,3,0.00000000000000000e0
2,15,3,3,0.00000000000000000e0
2,16,3,3,0.00000000000000000e0
2,17,3,3,0.00000000000000000e0
2,18,3,3,0.00000000000000000e0
2,19,3,3,0.00000000000000000e0
2,20,3,3,0.00000000000000000e0
2,21,3,3,0.00000000000000000e0
2,22,3,3,0.00000000000000000e0
2,23,3,3,0.00000000000000000e0
2,24,3,3,0.00000000000000000e0
2,25,3,3,0.00000000000000000e0
2,26,3,3,0.00000000000000000e0
2,27,3,3,0.00000000000000000e0
2,28,3,3,0.00000000000000000e0
2,29,3,3,0.00000000000000000e0
2,30,3,3,0.00000000000000000e0
2,31,3,3,0.00000000000000000e0
2,0,4,3,0.00000000000000000e0
2,1,4,3,0.00000000000000000e0
2,2,4,3,0.00000000000000000e0
2,3,4,3,0.00000000000000000e0
2,4,4,3,0.00000000000000000e0
2,5,4,3,0.00000000000000000e0
2,6,4,3,0.00000000000000000e0
2,7,4,3,0.00000000000000000e0
2,8,4,3,0.00000000000000000e0
2,9,4,3,0.00000000000000000e0
2,10,4,3,0.00000000000000000e0
2,11,4,3,0.00000000000000000e0
2,12,4,3,0.00000000000000000e0
2,13,4,3,0.00000000000000000e0
2,14,4,3,0.00000000000000000e0
2,15,4,3,0.00000000000000000e0
2,16,4,3,0.00000000000000000e0
2,17,4,3,0.00000000000000000e0
2,18,4,3,0.00000000000000000e0
2,19,4,3,0.00000000000000000e0
2,20,4,3,0.00000000000000000e0
2,21,4,3,0.00000000000000000e0
2,22,4,3,0.00000000000000000e0
2,23,4,3,0.00000000000000000e0
2,24,4,3,0.00000000000000000e0
2,25,4,3,0.00000000000000000e0
2,26,4,3,0.00000000000000000e0
2,27,4,3,0.00000000000000000e0
2,28,4,3,0.00000000000000000e0
2,29,4,3,0.00000000000000000e0
2,30,4,3,0.00000000000000000e0
2,31,4,3,0.00000000000000000e0
2,0,5,3,0.00000000000000000e0
2,1,5,3,0.00000000000000000e0
2,2,5,3,0.00000000000000000e0
2,3,5,3,0.00000000000000000e0
2,4,5,3,0.00000000000000000e0
2,5,5,3,0.00000000000000000e0
2,6,5,3,0.00000000000000000e0
2,7,5,3,0.00000000000000000e0
2,8,5,3,0.00000000000000000e0
2,9,5,3,0.00000000000000000e0
2,10,5,3,0.00000000000000000e0
2,11,5,3,0.00000000000000000e0
2,12,5,3,0.00000000000000000e0
2,13,5,3,0.00000000000000000e0
2,14,5,3,0.00000000000000000e0
2,15,5,3,0.00000000000000000e0
2,16,5,3,0.00000000000000000e0
2,17,5,3,0.00000000000000000e0
2,18,5,3,0.00000000000000000e0
2,19,5,3,0.00000000000000000e0
2,20,5,3,0.00000000000000000e0
2,21,5,3,0.00000000000000000e0
2,22,5,3,0.00000000000000000e0
2,23,5,3,0.00000000000000000e0
2,24,5,3,0.00000000000000000e0
2,25,5,3,0.00000000000000000e0
2,26,5,3,0.00000000000000000e0
2,27,5,3,0.00000000000000000e0
2,28,5,3,0.00000000000000000e0
2,29,5,3,0.00000000000000000e0
2,30,5,3,0.00000000000000000e0
2,31,5,3,0.00000000000000000e0
2,0,6,3,0.00000000000000000e0
2,1,6,3,0.00000000000000000e0
2,2,6,3,0.00000000000000000e0
2,3,6,3,0.00000000000000000e0
2,4,6,3,0.00000000000000000e0
2,5,6,3,0.00000000000000000e0
2,6,6,3,0.00000000000000000e0
2,7,6,3,0.00000000000000000e0
2,8,6,3,0.00000000000000000e0
2,9,6,3,0.00000000000000000e0
2,10,6,3,0.00000000000000000e0
2,11,6,3,0.00000000000000000e0
2,12,6,3,0.00000000000000000e0
2,13,6,3,0.00000000000000000e0
2,14,6,3,0.00000000000000000e0
2,15,6,3,0.00000000000000000e0
2,16,6,3,0.00000000000000000e0
2,17,6,3,0.00000000000000000e0
2,18,6,3,0.00000000000000000e0
2,19,6,3,0.00000000000000000e0
2,20,6,3,0.00000000000000000e0
2,21,6,3,0.00000000000000000e0
2,22,6,3,0.00000000000000000e0
2,23,6,3,0.00000000000000000e0
2,24,6,3,0.00000000000000000e0
2,25,6,3,0.00000000000000000e0
2,26,6,3,0.00000000000000000e0
2,27,6,3,0.00000000000000000e0
2,28,6,3,0.00000000000000000e0
2,29,6,3,0.00000000000000000e0
2,30,6,3,0.00000000000000000e0
2,31,6,3,0.00000000000000000e0
2,0,7,3,0.00000000000000000e0
2,1,7,3,0.00000000000000000e0
2,2,7,3,0.00000000000000000e0
2,3,7,3,0.00000000000000000e0
2,4,7,3,0.00000000000000000e0
2,5,7,3,0.00000000000000000e0
2,6,7,3,0.00000000000000000e0
2,7,7,3,0.00000000000000000e0
2,8,7,3,0.00000000000000000e0
2,9,7,3,0.00000000000000000e0
2,10,7,3,0.00000000000000000e0
2,11,7,3,0.00000000000000000e0
2,12,7,3,0.00000000000000000e0
2,13,7,3,0.00000000000000000e0
2,14,7,3,0.00000000000000000e0
2,15,7,3,0.00000000000000000e0
2,16,7,3,0.00000000000000000e0
2,17,7,3,0.00000000000000000e0
2,18,7,3,0.00000000000000000e0
2,19,7,3,0.00000000000000000e0
2,20,7,3,0.00000000000000000e0
2,21,7,3,0.00000000000000000e0
2,22,7,3,0.00000000000000000e0
2,23,7,3,0.00000000000000000e0
2,24,7,3,0.00000000000000000e0
2,25,7,3,0.00000000000000000e0
2,26,7,3,0.00000000000000000e0
2,27,7,3,0.00000000000000000e0
2,28,7,3,0.00000000000000000e0
2,29,7,3,0.00000000000000000e0
2,30,7,3,0.00000000000000000e0
2,31,7,3,0.00000000000000000e0
2,0,8,3,0.00000000000000000e0
2,1,8,3,0.00000000000000000e0
2,2,8,3,0.00000000000000000e0
2,3,8,3,0.00000000000000000e0
2,4,8,3,0.00000000000000000e0
2,5,8,3,0.00000000000000000e0
2,6,8,3,0.00000000000000000e0
2,7,8,3,0.00000000000000000e0
2,8,8,3,0.00000000000000000e0
2,9,8,3,0.00000000000000000e0
2,10,8,3,0.00000000000000000e0
2,11,8,3,0.00000000000000000e0
2,12,8,3,0.00000000000000000e0
2,13,8,3,0.00000000000000000e0
2,14,8,3,0.00000000000000000e0
2,15,8,3,0.00000000000000000e0
2,16,8,3,0.00000000000000000e0
2,17,8,3,0.00000000000000000e0
2,18,8,3,0.00000000000000000e0
2,19,8,3,0.00000000000000000e0
2,20,8,3,0.00000000000000000e0
2,21,8,3,0.00000000000000000e0
2,22,8,3,0.00000000000000000e0
2,23,8,3,0.00000000000000000e0
2,24,8,3,0.00000000000000000e0
2,25,8,3,0.00000000000000000e0
2,26,8,3,0.00000000000000000e0
2,27,8,3,0.00000000000000000e0
2,28,8,3,0.00000000000000000e0
2,29,8,3,0.00000000000000000e0
2,30,8,3,0.00000000000000000e0
2,31,8,3,0.00000000000000000e0
2,0,9,3,0.00000000000000000e0
2,1,9,3,0.00000000000000000e0
2,2,9,3,0.00000000000000000e0
2,3,9,3,0.00000000000000000e0
2,4,9,3,0.00000000000000000e0
2,5,9,3,0.00000000000000000e0
2,6,9,3,0.00000000000000000e0
2,7,9,3,0.00000000000000000e0
2,8,9,3,0.00000000000000000e0
2,9,9,3,0.00000000000000000e0
2,10,9,3,0.00000000000000000e0
2,11,9,3,0.00000000000000000e0
2,12,9,3,0.00000000000000000e0
2,13,9,3,0.00000000000000000e0
2,14,9,3,0.00000000000000000e0
2,15,9,3,0.00000000000000000e0
2,16,9,3,0.00000000000000000e0
2,17,9,3,0.00000000000000000e0
2,18,9,3,0.00000000000000000e0
2,19,9,3,0.00000000000000000e0
2,20,9,3,0.00000000000000000e0
2,21,9,3,0.00000000000000000e0
2,22,9,3,0.00000000000000000e0
2,23,9,3,0.00000000000000000e0
2,24,9,3,0.00000000000000000e0
2,25,9,3,0.00000000000000000e0
2,26,9,3,0.00000000000000000e0
2,27,9,3,0.00000000000000000e0
2,28,9,3,0.00000000000000000e0
2,29,9,3,0.00000000000000000e0
2,30,9,3,0.00000000000000000e0
2,31,9,3,0.00000000000000000e0
2,0,10,3,0.00000000000000000e0
2,1,10,3,0.00000000000000000e0
2,2,10,3,0.00000000000000000e0
2,3,10,3,0.00000000000000000e0
2,4,10,3,0.00000000000000000e0
2,5,10,3,0.00000000000000000e0
2,6,10,3,0.00000000000000000e0
2,7,10,3,0.00000000000000000e0
2,8,10,3,0.00000000000000000e0
2,9,10,3,0.00000000000000000e0
2,10,10,3,0.00000000000000000e0
2,11,10,3,0.00000000000000000e0
2,12,10,3,0.00000000000000000e0
2,13,10,3,0.00000000000000000e0
2,14,10,3,0.00000000000000000e0
2,15,10,3,0.00000000000000000e0
2,16,10,3,0.00000000000000000e0
2,17,10,3,0.00000000000000000e0
2,18,10,3,0.00000000000000000e0
2,19,10,3,0.00000000000000000e0
2,20,10,3,0.00000000000000000e0
2,21,10,3,0.00000000000000000e0
2,22,10,3,0.00000000000000000e0
2,23,10,3,0.00000000000000000e0
2,24,10,3,0.00000000000000000e0
2,25,10,3,0.00000000000000000e0
2,26,10,3,0.00000000000000000e0
2,27,10,3,0.00000000000000000e0
2,28,10,3,0.00000000000000000e0
2,29,10,3,0.00000000000000000e0
2,30,10,3,0.00000000000000000e0
2,31,10,3,0.00000000000000000e0
2,0,11,3,0.00000000000000000e0
2,1,11,3,0.00000000000000000e0
2,2,11,3,0.00000000000000000e0
2,3,11,3,0.00000000000000000e0
2,4,11,3,0.00000000000000000e0
2,5,11,3,0.00000000000000000e0
2,6,11,3,0.00000000000000000e0
2,7,11,3,0.00000000000000000e0
2,8,11,3,0.00000000000000000e0
2,9,11,3,0.00000000000000000e0
2,10,11,3,0.00000000000000000e0
2,11,11,3,0.00000000000000000e0
2,12,11,3,0.00000000000000000e0
2,13,11,3,0.00000000000000000e0
2,14,11,3,0.00000000000000000e0
2,15,11,3,0.00000000000000000e0
2,16,11,3,0.00000000000000000e0
2,17,11,3,0.00000000000000000e0
2,18,11,3,0.00000000000000000e0
2,19,11,3,0.00000000000000000e0
2,20,11,3,0.00000000000000000e0
2,21,11,3,0.00000000000000000e0
2,22,11,3,0.00000000000000000e0
2,23,11,3,0.00000000000000000e0
2,24,11,3,0.00000000000000000e0
2,25,11,3,0.00000000000000000e0
2,26,11,3,0.00000000000000000e0
2,27,11,3,0.00000000000000000e0
2,28,11,3,0.00000000000000000e0
2,29,11,3,0.00000000000000000e0
2,30,11,3,0.00000000000000000e0
2,31,11,3,0.00000000000000000e0
2,0,12,3,0.00000000000000000e0
2,1,12,3,0.00000000000000000e0
2,2,12,3,0.00000000000000000e0
2,3,12,3,0.00000000000000000e0
2,4,12,3,0.00000000000000000e0
2,5,12,3,0.00000000000000000e0
2,6,12,3,0.00000000000000000e0
2,7,12,3,0.00000000000000000e0
2,8,12,3,0.00000000000000000e0
2,9,12,3,0.00000000000000000e0
2,10,12,3,0.00000000000000000e0
2,11,12,3,0.00000000000000000e0
2,12,12,3,0.00000000000000000e0
2,13,12,3,0.00000000000000000e0
2,14,12,3,0.00000000000000000e0
2,15,12,3,0.00000000000000000e0
2,16,12,3,0.00000000000000000e0
2,17,12,3,0.00000000000000000e0
2,18,12,3,0.00000000000000000e0
2,19,12,3,0.00000000000000000e0
2,20,12,3,0.00000000000000000e0
2,21,12,3,0.00000000000000000e0
2,22,12,3,0.00000000000000000e0
2,23,12,3,0.00000000000000000e0
2,24,12,3,0.00000000000000000e0
2,25,12,3,0.00000000000000000e0
2,26,12,3,0.00000000000000000e0
2,27,12,3,0.00000000000000000e0
2,28,12,3,0.00000000000000000e0
2,29,12,3,0.00000000000000000e0
2,30,12,3,0.00000000000000000e0
2,31,12,3,0.00000000000000000e0
2,0,13,3,0.00000000000000000e0
2,1,13,3,0.00000000000000000e0
2,2,13,3,0.00000000000000000e0
2,3,13,3,0.00000000000000000e0
2,4,13,3,0.00000000000000000e0
2,5,13,3,0.00000000000000000e0
2,6,13,3,0.00000000000000000e0
2,7,13,3,0.00000000000000000e0
2,8,13,3,0.00000000000000000e0
2,9,13,3,0.00000000000000000e0
2,10,13,3,0.00000000000000000e0
2,11,13,3,0.00000000000000000e0
2,12,13,3,0.00000000000000000e0
2,13,13,3,0.00000000000000000e0
2,14,13,3,0.00000000000000000e0
2,15,13,3,0.00000000000000000e0
2,16,13,3,0.00000000000000000e0
2,17,13,3,0.00000000000000000e0
2,18,13,3,0.00000000000000000e0
2,19,13,3,0.00000000000000000e0
2,20,13,3,0.00000000000000000e0
2,21,13,3,0.00000000000000000e0
2,22,13,3,0.00000000000000000e0
2,23,13,3,0.00000000000000000e0
2,24,13,3,0.00000000000000000e0
2,25,13,3,0.00000000000000000e0
2,26,13,3,0.00000000000000000e0
2,27,13,3,0.00000000000000000e0
2,28,13,3,0.00000000000000000e0
2,29,13,3,0.00000000000000000e0
2,30,13,3,0.00000000000000000e0
2,31,13,3,0.00000000000000000e0
2,0,14,3,0.00000000000000000e0
2,1,14,3,0.00000000000000000e0
2,2,14,3,0.00000000000000000e0
2,3,14,3,0.00000000000000000e0
2,4,14,3,0.00000000000000000e0
2,5,14,3,0.00000000000000000e0
2,6,14,3,0.00000000000000000e0
2,7,14,3,0.00000000000000000e0
2,8,14,3,0.00000000000000000e0
2,9,14,3,0.00000000000000000e0
2,10,14,3,0.00000000000000000e0
2,11,14,3,0.00000000000000000e0
2,12,14,3,0.00000000000000000e0
2,13,14,3,0.00000000000000000e0
2,14,14,3,0.00000000000000000e0
2,15,14,3,0.00000000000000000e0
2,16,14,3,0.00000000000000000e0
2,17,14,3,0.00000000000000000e0
2,18,14,3,0.00000000000000000e0
2,19,14,3,0.00000000000000000e0
2,20,14,3,0.00000000000000000e0
2,21,14,3,0.00000000000000000e0
2,22,14,3,0.00000000000000000e0
2,23,14,3,0.00000000000000000e0
2,24,14,3,0.00000000000000000e0
2,25,14,3,0.00000000000000000e0
2,26,14,3,0.00000000000000000e0
2,27,14,3,0.00000000000000000e0
2,28,14,3,0.00000000000000000e0
2,29,14,3,0.00000000000000000e0
2,30,14,3,0.00000000000000000e0
2,31,14,3,0.00000000000000000e0
2,0,15,3,0.00000000000000000e0
2,1,15,3,0.00000000000000000e0
2,2,15,3,0.00000000000000000e0
2,3,15,3,0.00000000000000000e0
2,4,15,3,0.00000000000000000e0
2,5,15,3,0.00000000000000000e0
2,6,15,3,0.00000000000000000e0
2,7,15,3,0.00000000000000000e0
2,8,15,3,0.00000000000000000e0
2,9,15,3,0.00000000000000000e0
2,10,15,3,0.00000000000000000e0
2,11,15,3,0.00000000000000000e0
2,12,15,3,0.00000000000000000e0
2,13,15,3,0.00000000000000000e0
2,14,15,3,0.00000000000000000e0
2,15,15,3,0.00000000000000000e0
2,16,15,3,0.00000000000000000e0
2,17,15,3,0.00000000000000000e0
2,18,15,3,0.00000000000000000e0
2,19,15,3,0.00000000000000000e0
2,20,15,3,0.00000000000000000e0
2,21,15,3,0.00000000000000000e0
2,22,15,3,0.00000000000000000e0
2,23,15,3,0.00000000000000000e0
2,24,15,3,0.00000000000000000e0
2,25,15,3,0.00000000000000000e0
2,26,15,3,0.00000000000000000e0
2,27,15,3,0.00000000000000000e0
2,28,15,3,0.00000000000000000e0
2,29,15,3,0.00000000000000000e0
2,30,15,3,0.00000000000000000e0
2,31,15,3,0.00000000000000000e0
2,0,16,3,0.00000000000000000e0
2,1,16,3,0.00000000000000000e0
2,2,16,3,0.00000000000000000e0
2,3,16,3,0.00000000000000000e0
2,4,16,3,0.00000000000000000e0
2,5,16,3,0.00000000000000000e0
2,6,16,3,0.00000000000000000e0
2,7,16,3,0.00000000000000000e0
2,8,16,3,0.00000000000000000e0
2,9,16,3,0.00000000000000000e0
2,10,16,3,0.00000000000000000e0
2,11,16,3,0.00000000000000000e0
2,12,16,3,0.00000000000000000e0
2,13,16,3,0.00000000000000000e0
2,14,16,3,0.00000000000000000e0
2,15,16,3,0.00000000000000000e0
2,16,16,3,0.00000000000000000e0
2,17,16,3,0.00000000000000000e0
2,18,16,3,0.00000000000000000e0
2,19,16,3,0.00000000000000000e0
2,20,16,3,0.00000000000000000e0
2,21,16,3,0.00000000000000000e0
2,22,16,3,0.00000000000000000e0
2,23,16,3,0.00000000000000000e0
2,24,16,3,0.00000000000000000e0
2,25,16,3,0.00000000000000000e0
2,26,16,3,0.00000000000000000e0
2,27,16,3,0.00000000000000000e0
2,28,16,3,0.00000000000000000e0
2,29,16,3,0.00000000000000000e0
2,30,16,3,0.00000000000000000e0
2,31,16,3,0.00000000000000000e0
2,0,17,3,0.00000000000000000e0
2,1,17,3,0.00000000000000000e0
2,2,17,3,0.00000000000000000e0
2,3,17,3,0.00000000000000000e0
2,4,17,3,0.00000000000000000e0
2,5,17,3,0.00000000000000000e0
2,6,17,3,0.00000000000000000e0
2,7,17,3,0.00000000000000000e0
2,8,17,3,0.00000000000000000e0
2,9,17,3,0.00000000000000000e0
2,10,17,3,0.00000000000000000e0
2,11,17,3,0.00000000000000000e0
2,12,17,3,0.00000000000000000e0
2,13,17,3,0.00000000000000000e0
2,14,17,3,0.00000000000000000e0
2,15,17,3,0.00000000000000000e0
2,16,17,3,0.00000000000000000e0
2,17,17,3,0.00000000000000000e0
2,18,17,3,0.00000000000000000e0
2,19,17,3,0.00000000000000000e0
2,20,17,3,0.00000000000000000e0
2,21,17,3,0.00000000000000000e0
2,22,17,3,0.00000000000000000e0
2,23,17,3,0.00000000000000000e0
2,24,17,3,0.00000000000000000e0
2,25,17,3,0.00000000000000000e0
2,26,17,3,0.00000000000000000e0
2,27,17,3,0.00000000000000000e0
2,28,17,3,0.00000000000000000e0
2,29,17,3,0.00000000000000000e0
2,30,17,3,0.00000000000000000e0
2,31,17,3,0.00000000000000000e0
2,0,18,3,0.00000000000000000e0
2,1,18,3,0.00000000000000000e0
2,2,18,3,0.00000000000000000e0
2,3,18,3,0.00000000000000000e0
2,4,18,3,0.00000000000000000e0
2,5,18,3,0.00000000000000000e0
2,6,18,3,0.00000000000000000e0
2,7,18,3,0.00000000000000000e0
2,8,18,3,0.00000000000000000e0
2,9,18,3,0.00000000000000000e0
2,10,18,3,0.00000000000000000e0
2,11,18,3,0.00000000000000000e0
2,12,18,3,0.00000000000000000e0
2,13,18,3,0.00000000000000000e0
2,14,18,3,0.00000000000000000e0
2,15,18,3,0.00000000000000000e0
2,16,18,3,0.00000000000000000e0
2,17,18,3,0.00000000000000000e0
2,18,18,3,0.00000000000000000e0
2,19,18,3,0.00000000000000000e0
2,20,18,3,0.00000000000000000e0
2,21,18,3,0.00000000000000000e0
2,22,18,3,0.00000000000000000e0
2,23,18,3,0.00000000000000000e0
2,24,18,3,0.00000000000000000e0
2,25,18,3,0.00000000000000000e0
2,26,18,3,0.00000000000000000e0
2,27,18,3,0.00000000000000000e0
2,28,18,3,0.00000000000000000e0
2,29,18,3,0.00000000000000000e0
2,30,18,3,0.00000000000000000e0
2,31,18,3,0.00000000000000000e0
2,0,19,3,0.00000000000000000e0
2,1,19,3,0.00000000000000000e0
2,2,19,3,0.00000000000000000e0
2,3,19,3,0.00000000000000000e0
2,4,19,3,0.00000000000000000e0
2,5,19,3,0.00000000000000000e0
2,6,19,3,0.00000000000000000e0
2,7,19,3,0.00000000000000000e0
2,8,19,3,0.00000000000000000e0
2,9,19,3,0.00000000000000000e0
2,10,19,3,0.00000000000000000e0
2,11,19,3,0.00000000000000000e0
2,12,19,3,0.00000000000000000e0
2,13,19,3,0.00000000000000000e0
2,14,19,3,0.00000000000000000e0
2,15,19,3,0.00000000000000000e0
2,16,19,3,0.00000000000000000e0
2,17,19,3,0.00000000000000000e0
2,18,19,3,0.00000000000000000e0
2,19,19,3,0.00000000000000000e0
2,20,19,3,0.00000000000000000e0
2,21,19,3,0.00000000000000000e0
2,22,19,3,0.00000000000000000e0
2,23,19,3,0.00000000000000000e0
2,24,19,3,0.00000000000000000e0
2,25,19,3,0.00000000000000000e0
2,26,19,3,0.00000000000000000e0
2,27,19,3,0.00000000000000000e0
2,28,19,3,0.00000000000000000e0
2,29,19,3,0.00000000000000000e0
2,30,19,3,0.00000000000000000e0
2,31,19,3,0.00000000000000000e0
2,0,20,3,0.00000000000000000e0
2,1,20,3,0.00000000000000000e0
2,2,20,3,0.00000000000000000e0
2,3,20,3,0.00000000000000000e0
2,4,20,3,0.00000000000000000e0
2,5,20,3,0.00000000000000000e0
2,6,20,3,0.00000000000000000e0
2,7,20,3,0.00000000000000000e0
2,8,20,3,0.00000000000000000e0
2,9,20,3,0.00000000000000000e0
2,10,20,3,0.00000000000000000e0
2,11,20,3,0.00000000000000000e0
2,12,20,3,0.00000000000000000e0
2,13,20,3,0.00000000000000000e0
2,14,20,3,0.00000000000000000e0
2,15,20,3,0.00000000000000000e0
2,16,20,3,0.00000000000000000e0
2,17,20,3,0.00000000000000000e0
2,18,20,3,0.00000000000000000e0
2,19,20,3,0.00000000000000000e0
2,20,20,3,0.00000000000000000e0
2,21,20,3,0.00000000000000000e0
2,22,20,3,0.00000000000000000e0
2,23,20,3,0.00000000000000000e0
2,24,20,3,0.00000000000000000e0
2,25,20,3,0.00000000000000000e0
2,26,20,3,0.00000000000000000e0
2,27,20,3,0.00000000000000000e0
2,28,20,3,0.00000000000000000e0
2,29,20,3,0.00000000000000000e0
2,30,20,3,0.00000000000000000e0
2,31,20,3,0.00000000000000000e0
2,0,21,3,0.00000000000000000e0
2,1,21,3,0.00000000000000000e0
2,2,21,3,0.00000000000000000e0
2,3,21,3,0.00000000000000000e0
2,4,21,3,0.00000000000000000e0
2,5,21,3,0.00000000000000000e0
2,6,21,3,0.00000000000000000e0
2,7,21,3,0.00000000000000000e0
2,8,21,3,0.00000000000000000e0
2,9,21,3,0.00000000000000000e0
2,10,21,3,0.00000000000000000e0
2,11,21,3,0.00000000000000000e0
2,12,21,3,0.00000000000000000e0
2,13,21,3,0.00000000000000000e0
2,14,21,3,0.00000000000000000e0
2,15,21,3,0.00000000000000000e0
2,16,21,3,0.00000000000000000e0
2,17,21,3,0.00000000000000000e0
2,18,21,3,0.00000000000000000e0
2,19,21,3,0.00000000000000000e0
2,20,21,3,0.00000000000000000e0
2,21,21,3,0.00000000000000000e0
2,22,21,3,0.00000000000000000e0
2,23,21,3,0.00000000000000000e0
2,24,21,3,0.00000000000000000e0
2,25,21,3,0.00000000000000000e0
2,26,21,3,0.00000000000000000e0
2,27,21,3,0.00000000000000000e0
2,28,21,3,0.00000000000000000e0
2,29,21,3,0.00000000000000000e0
2,30,21,3,0.00000000000000000e0
2,31,21,3,0.00000000000000000e0
2,0,22,3,0.00000000000000000e0
2,1,22,3,0.00000000000000000e0
2,2,22,3,0.00000000000000000e0
2,3,22,3,0.00000000000000000e0
2,4,22,3,0.00000000000000000e0
2,5,22,3,0.00000000000000000e0
2,6,22,3,0.00000000000000000e0
2,7,22,3,0.00000000000000000e0
2,8,22,3,0.00000000000000000e0
2,9,22,3,0.00000000000000000e0
2,10,22,3,0.00000000000000000e0
2,11,22,3,0.00000000000000000e0
2,12,22,3,0.00000000000000000e0
2,13,22,3,0.00000000000000000e0
2,14,22,3,0.00000000000000000e0
2,15,22,3,0.00000000000000000e0
2,16,22,3,0.00000000000000000e0
2,17,22,3,0.00000000000000000e0
2,18,22,3,0.00000000000000000e0
2,19,22,3,0.00000000000000000e0
2,20,22,3,0.00000000000000000e0
2,21,22,3,0.00000000000000000e0
2,22,22,3,0.00000000000000000e0
2,23,22,3,0.00000000000000000e0
2,24,22,3,0.00000000000000000e0
2,25,22,3,0.00000000000000000e0
2,26,22,3,0.00000000000000000e0
2,27,22,3,0.00000000000000000e0
2,28,22,3,0.00000000000000000e0
2,29,22,3,0.00000000000000000e0
2,30,22,3,0.00000000000000000e0
2,31,22,3,0.00000000000000000e0
2,0,23,3,0.00000000000000000e0
2,1,23,3,0.00000000000000000e0
2,2,23,3,0.00000000000000000e0
2,3,23,3,0.00000000000000000e0
2,4,23,3,0.00000000000000000e0
2,5,23,3,0.00000000000000000e0
2,6,23,3,0.00000000000000000e0
2,7,23,3,0.00000000000000000e0
2,8,23,3,0.00000000000000000e0
2,9,23,3,0.00000000000000000e0
2,10,23,3,0.00000000000000000e0
2,11,23,3,0.00000000000000000e0
2,12,23,3,0.00000000000000000e0
2,13,23,3,0.00000000000000000e0
2,14,23,3,0.00000000000000000e0
2,15,23,3,0.00000000000000000e0
2,16,23,3,0.00000000000000000e0
2,17,23,3,0.00000000000000000e0
2,18,23,3,0.00000000000000000e0
2,19,23,3,0.00000000000000000e0
2,20,23,3,0.00000000000000000e0
2,21,23,3,0.00000000000000000e0
2,22,23,3,0.00000000000000000e0
2,23,23,3,0.00000000000000000e0
2,24,23,3,0.00000000000000000e0
2,25,23,3,0.00000000000000000e0
2,26,23,3,0.00000000000000000e0
2,27,23,3,0.00000000000000000e0
2,28,23,3,0.00000000000000000e0
2,29,23,3,0.00000000000000000e0
2,30,23,3,0.00000000000000000e0
2,31,23,3,0.00000000000000000e0
2,0,24,3,0.00000000000000000e0
2,1,24,3,0.00000000000000000e0
2,2,24,3,0.00000000000000000e0
2,3,24,3,0.00000000000000000e0
2,4,24,3,0.00000000000000000e0
2,5,24,3,0.00000000000000000e0
2,6,24,3,0.00000000000000000e0
2,7,24,3,0.00000000000000000e0
2,8,24,3,0.00000000000000000e0
2,9,24,3,0.00000000000000000e0
2,10,24,3,0.00000000000000000e0
2,11,24,3,0.00000000000000000e0
2,12,24,3,0.00000000000000000e0
2,13,24,3,0.00000000000000000e0
2,14,24,3,0.00000000000000000e0
2,15,24,3,0.00000000000000000e0
2,16,24,3,0.00000000000000000e0
2,17,24,3,0.00000000000000000e0
2,18,24,3,0.00000000000000000e0
2,19,24,3,0.00000000000000000e0
2,20,24,3,0.00000000000000000e0
2,21,24,3,0.00000000000000000e0
2,22,24,3,0.00000000000000000e0
2,23,24,3,0.00000000000000000e0
2,24,24,3,0.00000000000000000e0
2,25,24,3,0.00000000000000000e0
2,26,24,3,0.00000000000000000e0
2,27,24,3,0.00000000000000000e0
2,28,24,3,0.00000000000000000e0
2,29,24,3,0.00000000000000000e0
2,30,24,3,0.00000000000000000e0
2,31,24,3,0.00000000000000000e0
2,0,25,3,0.00000000000000000e0
2,1,25,3,0.00000000000000000e0
2,2,25,3,0.00000000000000000e0
2,3,25,3,0.00000000000000000e0
2,4,25,3,0.00000000000000000e0
2,5,25,3,0.00000000000000000e0
2,6,25,3,0.00000000000000000e0
2,7,25,3,0.00000000000000000e0
2,8,25,3,0.00000000000000000e0
2,9,25,3,0.00000000000000000e0
2,10,25,3,0.00000000000000000e0
2,11,25,3,0.00000000000000000e0
2,12,25,3,0.00000000000000000e0
2,13,25,3,0.00000000000000000e0
2,14,25,3,0.00000000000000000e0
2,15,25,3,0.00000000000000000e0
2,16,25,3,0.00000000000000000e0
2,17,25,3,0.00000000000000000e0
2,18,25,3,0.00000000000000000e0
2,19,25,3,0.00000000000000000e0
2,20,25,3,0.00000000000000000e0
2,21,25,3,0.00000000000000000e0
2,22,25,3,0.00000000000000000e0
2,23,25,3,0.00000000000000000e0
2,24,25,3,0.00000000000000000e0
2,25,25,3,0.00000000000000000e0
2,26,25,3,0.00000000000000000e0
2,27,25,3,0.00000000000000000e0
2,28,25,3,0.00000000000000000e0
2,29,25,3,0.00000000000000000e0
2,30,25,3,0.00000000000000000e0
2,31,25,3,0.00000000000000000e0
2,0,26,3,0.00000000000000000e0
2,1,26,3,0.00000000000000000e0
2,2,26,3,0.00000000000000000e0
2,3,26,3,0.00000000000000000e0
2,4,26,3,0.00000000000000000e0
2,5,26,3,0.00000000000000000e0
2,6,26,3,0.00000000000000000e0
2,7,26,3,0.00000000000000000e0
2,8,26,3,0.00000000000000000e0
2,9,26,3,0.00000000000000000e0
2,10,26,3,0.00000000000000000e0
2,11,26,3,0.00000000000000000e0
2,12,26,3,0.00000000000000000e0
2,13,26,3,0.00000000000000000e0
2,14,26,3,0.00000000000000000e0
2,15,26,3,0.00000000000000000e0
2,16,26,3,0.00000000000000000e0
2,17,26,3,0.00000000000000000e0
2,18,26,3,0.00000000000000000e0
2,19,26,3,0.00000000000000000e0
2,20,26,3,0.00000000000000000e0
2,21,26,3,0.00000000000000000e0
2,22,26,3,0.00000000000000000e0
2,23,26,3,0.00000000000000000e0
2,24,26,3,0.00000000000000000e0
2,25,26,3,0.00000000000000000e0
2,26,26,3,0.00000000000000000e0
2,27,26,3,0.00000000000000000e0
2,28,26,3,0.00000000000000000e0
2,29,26,3,0.00000000000000000e0
2,30,26,3,0.00000000000000000e0
2,31,26,3,0.00000000000000000e0
2,0,27,3,0.00000000000000000e0
2,1,27,3,0.00000000000000000e0
2,2,27,3,0.00000000000000000e0
2,3,27,3,0.00000000000000000e0
2,4,27,3,0.00000000000000000e0
2,5,27,3,0.00000000000000000e0
2,6,27,3,0.00000000000000000e0
2,7,27,3,0.00000000000000000e0
2,8,27,3,0.00000000000000000e0
2,9,27,3,0.00000000000000000e0
2,10,27,3,0.00000000000000000e0
2,11,27,3,0.00000000000000000e0
2,12,27,3,0.00000000000000000e0
2,13,27,3,0.00000000000000000e0
2,14,27,3,0.00000000000000000e0
2,15,27,3,0.00000000000000000e0
2,16,27,3,0.00000000000000000e0
2,17,27,3,0.00000000000000000e0
2,18,27,3,0.00000000000000000e0
2,19,27,3,0.00000000000000000e0
2,20,27,3,0.00000000000000000e0
2,21,27,3,0.00000000000000000e0
2,22,27,3,0.00000000000000000e0
2,23,27,3,0.00000000000000000e0
2,24,27,3,0.00000000000000000e0
2,25,27,3,0.00000000000000000e0
2,26,27,3,0.00000000000000000e0
2,27,27,3,0.00000000000000000e0
2,28,27,3,0.00000000000000000e0
2,29,27,3,0.00000000000000000e0
2,30,27,3,0.00000000000000000e0
2,31,27,3,0.00000000000000000e0
2,0,28,3,0.00000000000000000e0
2,1,28,3,0.00000000000000000e0
2,2,28,3,0.00000000000000000e0
2,3,28,3,0.00000000000000000e0
2,4,28,3,0.00000000000000000e0
2,5,28,3,0.00000000000000000e0
2,6,28,3,0.00000000000000000e0
2,7,28,3,0.00000000000000000e0
2,8,28,3,0.00000000000000000e0
2,9,28,3,0.00000000000000000e0
2,10,28,3,0.00000000000000000e0
2,11,28,3,0.00000000000000000e0
2,12,28,3,0.00000000000000000e0
2,13,28,3,0.00000000000000000e0
2,14,28,3,0.00000000000000000e0
2,15,28,3,0.00000000000000000e0
2,16,28,3,0.00000000000000000e0
2,17,28,3,0.00000000000000000e0
2,18,28,3,0.00000000000000000e0
2,19,28,3,0.00000000000000000e0
2,20,28,3,0.00000000000000000e0
2,21,28,3,0.00000000000000000e0
2,22,28,3,0.00000000000000000e0
2,23,28,3,0.00000000000000000e0
2,24,28,3,0.00000000000000000e0
2,25,28,3,0.00000000000000000e0
2,26,28,3,0.00000000000000000e0
2,27,28,3,0.00000000000000000e0
2,28,28,3,0.00000000000000000e0
2,29,28,3,0.00000000000000000e0
2,30,28,3,0.00000000000000000e0
2,31,28,3,0.00000000000000000e0
2,0,29,3,0.00000000000000000e0
2,1,29,3,0.00000000000000000e0
2,2,29,3,0.00000000000000000e0
2,3,29,3,0.00000000000000000e0
2,4,29,3,0.00000000000000000e0
2,5,29,3,0.00000000000000000e0
2,6,29,3,0.00000000000000000e0
2,7,29,3,0.00000000000000000e0
2,8,29,3,0.00000000000000000e0
2,9,29,3,0.00000000000000000e0
2,10,29,3,0.00000000000000000e0
2,11,29,3,0.00000000000000000e0
2,12,29,3,0.00000000000000000e0
2,13,29,3,0.00000000000000000e0
2,14,29,3,0.00000000000000000e0
2,15,29,3,0.00000000000000000e0
2,16,29,3,0.00000000000000000e0
2,17,29,3,0.00000000000000000e0
2,18,29,3,0.00000000000000000e0
2,19,29,3,0.00000000000000000e0
2,20,29,3,0.00000000000000000e0
2,21,29,3,0.00000000000000000e0
2,22,29,3,0.00000000000000000e0
2,23,29,3,0.00000000000000000e0
2,24,29,3,0.00000000000000000e0
2,25,29,3,0.00000000000000000e0
2,26,29,3,0.00000000000000000e0
2,27,29,3,0.00000000000000000e0
2,28,29,3,0.00000000000000000e0
2,29,29,3,0.00000000000000000e0
2,30,29,3,0.00000000000000000e0
2,31,29,3,0.00000000000000000e0
2,0,30,3,0.00000000000000000e0
2,1,30,3,0.00000000000000000e0
2,2,30,3,0.00000000000000000e0
2,3,30,3,0.00000000000000000e0
2,4,30,3,0.00000000000000000e0
2,5,30,3,0.00000000000000000e0
2,6,30,3,0.00000000000000000e0
2,7,30,3,0.00000000000000000e0
2,8,30,3,0.00000000000000000e0
2,9,30,3,0.00000000000000000e0
2,10,30,3,0.00000000000000000e0
2,11,30,3,0.00000000000000000e0
2,12,30,3,0.00000000000000000e0
2,13,30,3,0.00000000000000000e0
2,14,30,3,0.00000000000000000e0
2,15,30,3,0.00000000000000000e0
2,16,30,3,0.00000000000000000e0
2,17,30,3,0.00000000000000000e0
2,18,30,3,0.00000000000000000e0
2,19,30,3,0.00000000000000000e0
2,20,30,3,0.00000000000000000e0
2,21,30,3,0.00000000000000000e0
2,22,30,3,0.00000000000000000e0
2,23,30,3,0.00000000000000000e0
2,24,30,3,0.00000000000000000e0
2,25,30,3,0.00000000000000000e0
2,26,30,3,0.00000000000000000e0
2,27,30,3,0.00000000000000000e0
2,28,30,3,0.00000000000000000e0
2,29,30,3,0.00000000000000000e0
2,30,30,3,0.00000000000000000e0
2,31,30,3,0.00000000000000000e0
2,0,31,3,0.00000000000000000e0
2,1,31,3,0.00000000000000000e0
2,2,31,3,0.00000000000000000e0
2,3,31,3,0.00000000000000000e0
2,4,31,3,0.00000000000000000e0
2,5,31,3,0.00000000000000000e0
2,6,31,3,0.00000000000000000e0
2,7,31,3,0.00000000000000000e0
2,8,31,3,0.00000000000000000e0
2,9,31,3,0.00000000000000000e0
2,10,31,3,0.00000000000000000e0
2,11,31,3,0.00000000000000000e0
2,12,31,3,0.00000000000000000e0
2,13,31,3,0.00000000000000000e0
2,14,31,3,0.00000000000000000e0
2,15,31,3,0.00000000000000000e0
2,16,31,3,0.00000000000000000e0
2,17,31,3,0.00000000000000000e0
2,18,31,3,0.00000000000000000e0
2,19,31,3,0.00000000000000000e0
2,20,31,3,0.00000000000000000e0
2,21,31,3,0.00000000000000000e0
2,22,31,3,0.00000000000000000e0
2,23,31,3,0.00000000000000000e0
2,24,31,3,0.00000000000000000e0
2,25,31,3,0.00000000000000000e0
2,26,31,3,0.00000000000000000e0
2,27,31,3,0.00000000000000000e0
2,28,31,3,0.00000000000000000e0
2,29,31,3,0.00000000000000000e0
2,30,31,3,0.00000000000000000e0
2,31,31,3,0.00000000000000000e0
