axis,i,j,k,velocity
0,0,0,0,2.50000000000000000e-1
0,1,0,0,2.50000000000000000e-1
0,2,0,0,2.50000000000000000e-1
0,3,0,0,2.50000000000000000e-1
0,4,0,0,2.50000000000000000e-1
0,5,0,0,2.50000000000000000e-1
0,6,0,0,2.50000000000000000e-1
0,7,0,0,2.50000000000000000e-1
0,8,0,0,2.50000000000000000e-1
0,9,0,0,2.50000000000000000e-1
0,10,0,0,2.50000000000000000e-1
0,11,0,0,2.50000000000000000e-1
0,12,0,0,2.50000000000000000e-1
0,13,0,0,2.50000000000000000e-1
0,14,0,0,2.50000000000000000e-1
0,15,0,0,2.50000000000000000e-1
0,16,0,0,2.50000000000000000e-1
0,17,0,0,2.50000000000000000e-1
0,18,0,0,2.50000000000000000e-1
0,19,0,0,2.50000000000000000e-1
0,20,0,0,2.50000000000000000e-1
0,21,0,0,2.50000000000000000e-1
0,22,0,0,2.50000000000000000e-1
0,23,0,0,2.50000000000000000e-1
0,24,0,0,2.50000000000000000e-1
0,25,0,0,2.50000000000000000e-1
0,26,0,0,2.50000000000000000e-1
0,27,0,0,2.50000000000000000e-1
0,28,0,0,2.50000000000000000e-1
0,29,0,0,2.50000000000000000e-1
0,30,0,0,2.50000000000000000e-1
0,31,0,0,2.50000000000000000e-1
0,32,0,0,2.50000000000000000e-1
0,33,0,0,2.50000000000000000e-1
0,34,0,0,2.50000000000000000e-1
0,35,0,0,2.50000000000000000e-1
0,36,0,0,2.50000000000000000e-1
0,37,0,0,2.50000000000000000e-1
0,38,0,0,2.50000000000000000e-1
0,39,0,0,2.50000000000000000e-1
0,40,0,0,2.50000000000000000e-1
0,41,0,0,2.50000000000000000e-1
0,42,0,0,2.50000000000000000e-1
0,43,0,0,2.50000000000000000e-1
0,44,0,0,2.50000000000000000e-1
0,45,0,0,2.50000000000000000e-1
0,46,0,0,2.50000000000000000e-1
0,47,0,0,2.50000000000000000e-1
0,48,0,0,2.50000000000000000e-1
0,49,0,0,2.50000000000000000e-1
0,50,0,0,2.50000000000000000e-1
0,51,0,0,2.50000000000000000e-1
0,52,0,0,2.50000000000000000e-1
0,53,0,0,2.50000000000000000e-1
0,54,0,0,2.50000000000000000e-1
0,55,0,0,2.50000000000000000e-1
0,56,0,0,2.50000000000000000e-1
0,57,0,0,2.50000000000000000e-1
0,58,0,0,2.50000000000000000e-1
0,59,0,0,2.50000000000000000e-1
0,60,0,0,2.50000000000000000e-1
0,61,0,0,2.50000000000000000e-1
0,62,0,0,2.50000000000000000e-1
0,63,0,0,2.50000000000000000e-1
0,64,0,0,2.50000000000000000e-1
0,0,1,0,2.50000000000000000e-1
0,1,1,0,2.50000000000000000e-1
0,2,1,0,2.50000000000000000e-1
0,3,1,0,2.50000000000000000e-1
0,4,1,0,2.50000000000000000e-1
0,5,1,0,2.50000000000000000e-1
0,6,1,0,2.50000000000000000e-1
0,7,1,0,2.50000000000000000e-1
0,8,1,0,2.50000000000000000e-1
0,9,1,0,2.50000000000000000e-1
0,10,1,0,2.50000000000000000e-1
0,11,1,0,2.50000000000000000e-1
0,12,1,0,2.50000000000000000e-1
0,13,1,0,2.50000000000000000e-1
0,14,1,0,2.50000000000000000e-1
0,15,1,0,2.50000000000000000e-1
0,16,1,0,2.50000000000000000e-1
0,17,1,0,2.50000000000000000e-1
0,18,1,0,2.50000000000000000e-1
0,19,1,0,2.50000000000000000e-1
0,20,1,0,2.50000000000000000e-1
0,21,1,0,2.50000000000000000e-1
0,22,1,0,2.50000000000000000e-1
0,23,1,0,2.50000000000000000e-1
0,24,1,0,2.50000000000000000e-1
0,25,1,0,2.50000000000000000e-1
0,26,1,0,2.50000000000000000e-1
0,27,1,0,2.50000000000000000e-1
0,28,1,0,2.50000000000000000e-1
0,29,1,0,2.50000000000000000e-1
0,30,1,0,2.50000000000000000e-1
0,31,1,0,2.50000000000000000e-1
0,32,1,0,2.50000000000000000e-1
0,33,1,0,2.50000000000000000e-1
0,34,1,0,2.50000000000000000e-1
0,35,1,0,2.50000000000000000e-1
0,36,1,0,2.50000000000000000e-1
0,37,1,0,2.50000000000000000e-1
0,38,1,0,2.50000000000000000e-1
0,39,1,0,2.50000000000000000e-1
0,40,1,0,2.50000000000000000e-1
0,41,1,0,2.50000000000000000e-1
0,42,1,0,2.50000000000000000e-1
0,43,1,0,2.50000000000000000e-1
0,44,1,0,2.50000000000000000e-1
0,45,1,0,2.50000000000000000e-1
0,46,1,0,2.50000000000000000e-1
0,47,1,0,2.50000000000000000e-1
0,48,1,0,2.50000000000000000e-1
0,49,1,0,2.50000000000000000e-1
0,50,1,0,2.50000000000000000e-1
0,51,1,0,2.50000000000000000e-1
0,52,1,0,2.50000000000000000e-1
0,53,1,0,2.50000000000000000e-1
0,54,1,0,2.50000000000000000e-1
0,55,1,0,2.50000000000000000e-1
0,56,1,0,2.50000000000000000e-1
0,57,1,0,2.50000000000000000e-1
0,58,1,0,2.50000000000000000e-1
0,59,1,0,2.50000000000000000e-1
0,60,1,0,2.50000000000000000e-1
0,61,1,0,2.50000000000000000e-1
0,62,1,0,2.50000000000000000e-1
0,63,1,0,2.50000000000000000e-1
0,64,1,0,2.50000000000000000e-1
0,0,2,0,2.50000000000000000e-1
0,1,2,0,2.50000000000000000e-1
0,2,2,0,2.50000000000000000e-1
0,3,2,0,2.50000000000000000e-1
0,4,2,0,2.50000000000000000e-1
0,5,2,0,2.50000000000000000e-1
0,6,2,0,2.50000000000000000e-1
0,7,2,0,2.50000000000000000e-1
0,8,2,0,2.50000000000000000e-1
0,9,2,0,2.50000000000000000e-1
0,10,2,0,2.50000000000000000e-1
0,11,2,0,2.50000000000000000e-1
0,12,2,0,2.50000000000000000e-1
0,13,2,0,2.50000000000000000e-1
0,14,2,0,2.50000000000000000e-1
0,15,2,0,2.50000000000000000e-1
0,16,2,0,2.50000000000000000e-1
0,17,2,0,2.50000000000000000e-1
0,18,2,0,2.50000000000000000e-1
0,19,2,0,2.50000000000000000e-1
0,20,2,0,2.50000000000000000e-1
0,21,2,0,2.50000000000000000e-1
0,22,2,0,2.50000000000000000e-1
0,23,2,0,2.50000000000000000e-1
0,24,2,0,2.50000000000000000e-1
0,25,2,0,2.50000000000000000e-1
0,26,2,0,2.50000000000000000e-1
0,27,2,0,2.50000000000000000e-1
0,28,2,0,2.50000000000000000e-1
0,29,2,0,2.50000000000000000e-1
0,30,2,0,2.50000000000000000e-1
0,31,2,0,2.50000000000000000e-1
0,32,2,0,2.50000000000000000e-1
0,33,2,0,2.50000000000000000e-1
0,34,2,0,2.50000000000000000e-1
0,35,2,0,2.50000000000000000e-1
0,36,2,0,2.50000000000000000e-1
0,37,2,0,2.50000000000000000e-1
0,38,2,0,2.50000000000000000e-1
0,39,2,0,2.50000000000000000e-1
0,40,2,0,2.50000000000000000e-1
0,41,2,0,2.50000000000000000e-1
0,42,2,0,2.50000000000000000e-1
0,43,2,0,2.50000000000000000e-1
0,44,2,0,2.50000000000000000e-1
0,45,2,0,2.50000000000000000e-1
0,46,2,0,2.50000000000000000e-1
0,47,2,0,2.50000000000000000e-1
0,48,2,0,2.50000000000000000e-1
0,49,2,0,2.50000000000000000e-1
0,50,2,0,2.50000000000000000e-1
0,51,2,0,2.50000000000000000e-1
0,52,2,0,2.50000000000000000e-1
0,53,2,0,2.50000000000000000e-1
0,54,2,0,2.50000000000000000e-1
0,55,2,0,2.50000000000000000e-1
0,56,2,0,2.50000000000000000e-1
0,57,2,0,2.50000000000000000e-1
0,58,2,0,2.50000000000000000e-1
0,59,2,0,2.50000000000000000e-1
0,60,2,0,2.50000000000000000e-1
0,61,2,0,2.50000000000000000e-1
0,62,2,0,2.50000000000000000e-1
0,63,2,0,2.50000000000000000e-1
0,64,2,0,2.50000000000000000e-1
0,0,3,0,2.50000000000000000e-1
0,1,3,0,2.50000000000000000e-1
0,2,3,0,2.50000000000000000e-1
0,3,3,0,2.50000000000000000e-1
0,4,3,0,2.50000000000000000e-1
0,5,3,0,2.50000000000000000e-1
0,6,3,0,2.50000000000000000e-1
0,7,3,0,2.50000000000000000e-1
0,8,3,0,2.50000000000000000e-1
0,9,3,0,2.50000000000000000e-1
0,10,3,0,2.50000000000000000e-1
0,11,3,0,2.50000000000000000e-1
0,12,3,0,2.50000000000000000e-1
0,13,3,0,2.50000000000000000e-1
0,14,3,0,2.50000000000000000e-1
0,15,3,0,2.50000000000000000e-1
0,16,3,0,2.50000000000000000e-1
0,17,3,0,2.50000000000000000e-1
0,18,3,0,2.50000000000000000e-1
0,19,3,0,2.50000000000000000e-1
0,20,3,0,2.50000000000000000e-1
0,21,3,0,2.50000000000000000e-1
0,22,3,0,2.50000000000000000e-1
0,23,3,0,2.50000000000000000e-1
0,24,3,0,2.50000000000000000e-1
0,25,3,0,2.50000000000000000e-1
0,26,3,0,2.50000000000000000e-1
0,27,3,0,2.50000000000000000e-1
0,28,3,0,2.50000000000000000e-1
0,29,3,0,2.50000000000000000e-1
0,30,3,0,2.50000000000000000e-1
0,31,3,0,2.50000000000000000e-1
0,32,3,0,2.50000000000000000e-1
0,33,3,0,2.50000000000000000e-1
0,34,3,0,2.50000000000000000e-1
0,35,3,0,2.50000000000000000e-1
0,36,3,0,2.50000000000000000e-1
0,37,3,0,2.50000000000000000e-1
0,38,3,0,2.50000000000000000e-1
0,39,3,0,2.50000000000000000e-1
0,40,3,0,2.50000000000000000e-1
0,41,3,0,2.50000000000000000e-1
0,42,3,0,2.50000000000000000e-1
0,43,3,0,2.50000000000000000e-1
0,44,3,0,2.50000000000000000e-1
0,45,3,0,2.50000000000000000e-1
0,46,3,0,2.50000000000000000e-1
0,47,3,0,2.50000000000000000e-1
0,48,3,0,2.50000000000000000e-1
0,49,3,0,2.50000000000000000e-1
0,50,3,0,2.50000000000000000e-1
0,51,3,0,2.50000000000000000e-1
0,52,3,0,2.50000000000000000e-1
0,53,3,0,2.50000000000000000e-1
0,54,3,0,2.50000000000000000e-1
0,55,3,0,2.50000000000000000e-1
0,56,3,0,2.50000000000000000e-1
0,57,3,0,2.50000000000000000e-1
0,58,3,0,2.50000000000000000e-1
0,59,3,0,2.50000000000000000e-1
0,60,3,0,2.50000000000000000e-1
0,61,3,0,2.50000000000000000e-1
0,62,3,0,2.50000000000000000e-1
0,63,3,0,2.50000000000000000e-1
0,64,3,0,2.50000000000000000e-1
0,0,4,0,2.50000000000000000e-1
0,1,4,0,2.50000000000000000e-1
0,2,4,0,2.50000000000000000e-1
0,3,4,0,2.50000000000000000e-1
0,4,4,0,2.50000000000000000e-1
0,5,4,0,2.50000000000000000e-1
0,6,4,0,2.50000000000000000e-1
0,7,4,0,2.50000000000000000e-1
0,8,4,0,2.50000000000000000e-1
0,9,4,0,2.50000000000000000e-1
0,10,4,0,2.50000000000000000e-1
0,11,4,0,2.50000000000000000e-1
0,12,4,0,2.50000000000000000e-1
0,13,4,0,2.50000000000000000e-1
0,14,4,0,2.50000000000000000e-1
0,15,4,0,2.50000000000000000e-1
0,16,4,0,2.50000000000000000e-1
0,17,4,0,2.50000000000000000e-1
0,18,4,0,2.50000000000000000e-1
0,19,4,0,2.50000000000000000e-1
0,20,4,0,2.50000000000000000e-1
0,21,4,0,2.50000000000000000e-1
0,22,4,0,2.50000000000000000e-1
0,23,4,0,2.50000000000000000e-1
0,24,4,0,2.50000000000000000e-1
0,25,4,0,2.50000000000000000e-1
0,26,4,0,2.50000000000000000e-1
0,27,4,0,2.50000000000000000e-1
0,28,4,0,2.50000000000000000e-1
0,29,4,0,2.50000000000000000e-1
0,30,4,0,2.50000000000000000e-1
0,31,4,0,2.50000000000000000e-1
0,32,4,0,2.50000000000000000e-1
0,33,4,0,2.50000000000000000e-1
0,34,4,0,2.50000000000000000e-1
0,35,4,0,2.50000000000000000e-1
0,36,4,0,2.50000000000000000e-1
0,37,4,0,2.50000000000000000e-1
0,38,4,0,2.50000000000000000e-1
0,39,4,0,2.50000000000000000e-1
0,40,4,0,2.50000000000000000e-1
0,41,4,0,2.50000000000000000e-1
0,42,4,0,2.50000000000000000e-1
0,43,4,0,2.50000000000000000e-1
0,44,4,0,2.50000000000000000e-1
0,45,4,0,2.50000000000000000e-1
0,46,4,0,2.50000000000000000e-1
0,47,4,0,2.50000000000000000e-1
0,48,4,0,2.50000000000000000e-1
0,49,4,0,2.50000000000000000e-1
0,50,4,0,2.50000000000000000e-1
0,51,4,0,2.50000000000000000e-1
0,52,4,0,2.50000000000000000e-1
0,53,4,0,2.50000000000000000e-1
0,54,4,0,2.50000000000000000e-1
0,55,4,0,2.50000000000000000e-1
0,56,4,0,2.50000000000000000e-1
0,57,4,0,2.50000000000000000e-1
0,58,4,0,2.50000000000000000e-1
0,59,4,0,2.50000000000000000e-1
0,60,4,0,2.50000000000000000e-1
0,61,4,0,2.50000000000000000e-1
0,62,4,0,2.50000000000000000e-1
0,63,4,0,2.50000000000000000e-1
0,64,4,0,2.50000000000000000e-1
0,0,5,0,2.50000000000000000e-1
0,1,5,0,2.50000000000000000e-1
0,2,5,0,2.50000000000000000e-1
0,3,5,0,2.50000000000000000e-1
0,4,5,0,2.50000000000000000e-1
0,5,5,0,2.50000000000000000e-1
0,6,5,0,2.50000000000000000e-1
0,7,5,0,2.50000000000000000e-1
0,8,5,0,2.50000000000000000e-1
0,9,5,0,2.50000000000000000e-1
0,10,5,0,2.50000000000000000e-1
0,11,5,0,2.50000000000000000e-1
0,12,5,0,2.50000000000000000e-1
0,13,5,0,2.50000000000000000e-1
0,14,5,0,2.50000000000000000e-1
0,15,5,0,2.50000000000000000e-1
0,16,5,0,2.50000000000000000e-1
0,17,5,0,2.50000000000000000e-1
0,18,5,0,2.50000000000000000e-1
0,19,5,0,2.50000000000000000e-1
0,20,5,0,2.50000000000000000e-1
0,21,5,0,2.50000000000000000e-1
0,22,5,0,2.50000000000000000e-1
0,23,5,0,2.50000000000000000e-1
0,24,5,0,2.50000000000000000e-1
0,25,5,0,2.50000000000000000e-1
0,26,5,0,2.50000000000000000e-1
0,27,5,0,2.50000000000000000e-1
0,28,5,0,2.50000000000000000e-1
0,29,5,0,2.50000000000000000e-1
0,30,5,0,2.50000000000000000e-1
0,31,5,0,2.50000000000000000e-1
0,32,5,0,2.50000000000000000e-1
0,33,5,0,2.50000000000000000e-1
0,34,5,0,2.50000000000000000e-1
0,35,5,0,2.50000000000000000e-1
0,36,5,0,2.50000000000000000e-1
0,37,5,0,2.50000000000000000e-1
0,38,5,0,2.50000000000000000e-1
0,39,5,0,2.50000000000000000e-1
0,40,5,0,2.50000000000000000e-1
0,41,5,0,2.50000000000000000e-1
0,42,5,0,2.50000000000000000e-1
0,43,5,0,2.50000000000000000e-1
0,44,5,0,2.50000000000000000e-1
0,45,5,0,2.50000000000000000e-1
0,46,5,0,2.50000000000000000e-1
0,47,5,0,2.50000000000000000e-1
0,48,5,0,2.50000000000000000e-1
0,49,5,0,2.50000000000000000e-1
0,50,5,0,2.50000000000000000e-1
0,51,5,0,2.50000000000000000e-1
0,52,5,0,2.50000000000000000e-1
0,53,5,0,2.50000000000000000e-1
0,54,5,0,2.50000000000000000e-1
0,55,5,0,2.50000000000000000e-1
0,56,5,0,2.50000000000000000e-1
0,57,5,0,2.50000000000000000e-1
0,58,5,0,2.50000000000000000e-1
0,59,5,0,2.50000000000000000e-1
0,60,5,0,2.50000000000000000e-1
0,61,5,0,2.50000000000000000e-1
0,62,5,0,2.50000000000000000e-1
0,63,5,0,2.50000000000000000e-1
0,64,5,0,2.50000000000000000e-1
0,0,6,0,2.50000000000000000e-1
0,1,6,0,2.50000000000000000e-1
0,2,6,0,2.50000000000000000e-1
0,3,6,0,2.50000000000000000e-1
0,4,6,0,2.50000000000000000e-1
0,5,6,0,2.50000000000000000e-1
0,6,6,0,2.50000000000000000e-1
0,7,6,0,2.50000000000000000e-1
0,8,6,0,2.50000000000000000e-1
0,9,6,0,2.50000000000000000e-1
0,10,6,0,2.50000000000000000e-1
0,11,6,0,2.50000000000000000e-1
0,12,6,0,2.50000000000000000e-1
0,13,6,0,2.50000000000000000e-1
0,14,6,0,2.50000000000000000e-1
0,15,6,0,2.50000000000000000e-1
0,16,6,0,2.50000000000000000e-1
0,17,6,0,2.50000000000000000e-1
0,18,6,0,2.50000000000000000e-1
0,19,6,0,2.50000000000000000e-1
0,20,6,0,2.50000000000000000e-1
0,21,6,0,2.50000000000000000e-1
0,22,6,0,2.50000000000000000e-1
0,23,6,0,2.50000000000000000e-1
0,24,6,0,2.50000000000000000e-1
0,25,6,0,2.50000000000000000e-1
0,26,6,0,2.50000000000000000e-1
0,27,6,0,2.50000000000000000e-1
0,28,6,0,2.50000000000000000e-1
0,29,6,0,2.50000000000000000e-1
0,30,6,0,2.50000000000000000e-1
0,31,6,0,2.50000000000000000e-1
0,32,6,0,2.50000000000000000e-1
0,33,6,0,2.50000000000000000e-1
0,34,6,0,2.50000000000000000e-1
0,35,6,0,2.50000000000000000e-1
0,36,6,0,2.50000000000000000e-1
0,37,6,0,2.50000000000000000e-1
0,38,6,0,2.50000000000000000e-1
0,39,6,0,2.50000000000000000e-1
0,40,6,0,2.50000000000000000e-1
0,41,6,0,2.50000000000000000e-1
0,42,6,0,2.50000000000000000e-1
0,43,6,0,2.50000000000000000e-1
0,44,6,0,2.50000000000000000e-1
0,45,6,0,2.50000000000000000e-1
0,46,6,0,2.50000000000000000e-1
0,47,6,0,2.50000000000000000e-1
0,48,6,0,2.50000000000000000e-1
0,49,6,0,2.50000000000000000e-1
0,50,6,0,2.50000000000000000e-1
0,51,6,0,2.50000000000000000e-1
0,52,6,0,2.50000000000000000e-1
0,53,6,0,2.50000000000000000e-1
0,54,6,0,2.50000000000000000e-1
0,55,6,0,2.50000000000000000e-1
0,56,6,0,2.50000000000000000e-1
0,57,6,0,2.50000000000000000e-1
0,58,6,0,2.50000000000000000e-1
0,59,6,0,2.50000000000000000e-1
0,60,6,0,2.50000000000000000e-1
0,61,6,0,2.50000000000000000e-1
0,62,6,0,2.50000000000000000e-1
0,63,6,0,2.50000000000000000e-1
0,64,6,0,2.50000000000000000e-1
0,0,7,0,2.50000000000000000e-1
0,1,7,0,2.50000000000000000e-1
0,2,7,0,2.50000000000000000e-1
0,3,7,0,2.50000000000000000e-1
0,4,7,0,2.50000000000000000e-1
0,5,7,0,2.50000000000000000e-1
0,6,7,0,2.50000000000000000e-1
0,7,7,0,2.50000000000000000e-1
0,8,7,0,2.50000000000000000e-1
0,9,7,0,2.50000000000000000e-1
0,10,7,0,2.50000000000000000e-1
0,11,7,0,2.50000000000000000e-1
0,12,7,0,2.50000000000000000e-1
0,13,7,0,2.50000000000000000e-1
0,14,7,0,2.50000000000000000e-1
0,15,7,0,2.50000000000000000e-1
0,16,7,0,2.50000000000000000e-1
0,17,7,0,2.50000000000000000e-1
0,18,7,0,2.50000000000000000e-1
0,19,7,0,2.50000000000000000e-1
0,20,7,0,2.50000000000000000e-1
0,21,7,0,2.50000000000000000e-1
0,22,7,0,2.50000000000000000e-1
0,23,7,0,2.50000000000000000e-1
0,24,7,0,2.50000000000000000e-1
0,25,7,0,2.50000000000000000e-1
0,26,7,0,2.50000000000000000e-1
0,27,7,0,2.50000000000000000e-1
0,28,7,0,2.50000000000000000e-1
0,29,7,0,2.50000000000000000e-1
0,30,7,0,2.50000000000000000e-1
0,31,7,0,2.50000000000000000e-1
0,32,7,0,2.50000000000000000e-1
0,33,7,0,2.50000000000000000e-1
0,34,7,0,2.50000000000000000e-1
0,35,7,0,2.50000000000000000e-1
0,36,7,0,2.50000000000000000e-1
0,37,7,0,2.50000000000000000e-1
0,38,7,0,2.50000000000000000e-1
0,39,7,0,2.50000000000000000e-1
0,40,7,0,2.50000000000000000e-1
0,41,7,0,2.50000000000000000e-1
0,42,7,0,2.50000000000000000e-1
0,43,7,0,2.50000000000000000e-1
0,44,7,0,2.50000000000000000e-1
0,45,7,0,2.50000000000000000e-1
0,46,7,0,2.50000000000000000e-1
0,47,7,0,2.50000000000000000e-1
0,48,7,0,2.50000000000000000e-1
0,49,7,0,2.50000000000000000e-1
0,50,7,0,2.50000000000000000e-1
0,51,7,0,2.50000000000000000e-1
0,52,7,0,2.50000000000000000e-1
0,53,7,0,2.50000000000000000e-1
0,54,7,0,2.50000000000000000e-1
0,55,7,0,2.50000000000000000e-1
0,56,7,0,2.50000000000000000e-1
0,57,7,0,2.50000000000000000e-1
0,58,7,0,2.50000000000000000e-1
0,59,7,0,2.50000000000000000e-1
0,60,7,0,2.50000000000000000e-1
0,61,7,0,2.50000000000000000e-1
0,62,7,0,2.50000000000000000e-1
0,63,7,0,2.50000000000000000e-1
0,64,7,0,2.50000000000000000e-1
0,0,0,1,2.50000000000000000e-1
0,1,0,1,2.50000000000000000e-1
0,2,0,1,2.50000000000000000e-1
0,3,0,1,2.50000000000000000e-1
0,4,0,1,2.50000000000000000e-1
0,5,0,1,2.50000000000000000e-1
0,6,0,1,2.50000000000000000e-1
0,7,0,1,2.50000000000000000e-1
0,8,0,1,2.50000000000000000e-1
0,9,0,1,2.50000000000000000e-1
0,10,0,1,2.50000000000000000e-1
0,11,0,1,2.50000000000000000e-1
0,12,0,1,2.50000000000000000e-1
0,13,0,1,2.50000000000000000e-1
0,14,0,1,2.50000000000000000e-1
0,15,0,1,2.50000000000000000e-1
0,16,0,1,2.50000000000000000e-1
0,17,0,1,2.50000000000000000e-1
0,18,0,1,2.50000000000000000e-1
0,19,0,1,2.50000000000000000e-1
0,20,0,1,2.50000000000000000e-1
0,21,0,1,2.50000000000000000e-1
0,22,0,1,2.50000000000000000e-1
0,23,0,1,2.50000000000000000e-1
0,24,0,1,2.50000000000000000e-1
0,25,0,1,2.50000000000000000e-1
0,26,0,1,2.50000000000000000e-1
0,27,0,1,2.50000000000000000e-1
0,28,0,1,2.50000000000000000e-1
0,29,0,1,2.50000000000000000e-1
0,30,0,1,2.50000000000000000e-1
0,31,0,1,2.50000000000000000e-1
0,32,0,1,2.50000000000000000e-1
0,33,0,1,2.50000000000000000e-1
0,34,0,1,2.50000000000000000e-1
0,35,0,1,2.50000000000000000e-1
0,36,0,1,2.50000000000000000e-1
0,37,0,1,2.50000000000000000e-1
0,38,0,1,2.50000000000000000e-1
0,39,0,1,2.50000000000000000e-1
0,40,0,1,2.50000000000000000e-1
0,41,0,1,2.50000000000000000e-1
0,42,0,1,2.50000000000000000e-1
0,43,0,1,2.50000000000000000e-1
0,44,0,1,2.50000000000000000e-1
0,45,0,1,2.50000000000000000e-1
0,46,0,1,2.50000000000000000e-1
0,47,0,1,2.50000000000000000e-1
0,48,0,1,2.50000000000000000e-1
0,49,0,1,2.50000000000000000e-1
0,50,0,1,2.50000000000000000e-1
0,51,0,1,2.50000000000000000e-1
0,52,0,1,2.50000000000000000e-1
0,53,0,1,2.50000000000000000e-1
0,54,0,1,2.50000000000000000e-1
0,55,0,1,2.50000000000000000e-1
0,56,0,1,2.50000000000000000e-1
0,57,0,1,2.50000000000000000e-1
0,58,0,1,2.50000000000000000e-1
0,59,0,1,2.50000000000000000e-1
0,60,0,1,2.50000000000000000e-1
0,61,0,1,2.50000000000000000e-1
0,62,0,1,2.50000000000000000e-1
0,63,0,1,2.50000000000000000e-1
0,64,0,1,2.50000000000000000e-1
0,0,1,1,2.50000000000000000e-1
0,1,1,1,2.50000000000000000e-1
0,2,1,1,2.50000000000000000e-1
0,3,1,1,2.50000000000000000e-1
0,4,1,1,2.50000000000000000e-1
0,5,1,1,2.50000000000000000e-1
0,6,1,1,2.50000000000000000e-1
0,7,1,1,2.50000000000000000e-1
0,8,1,1,2.50000000000000000e-1
0,9,1,1,2.50000000000000000e-1
0,10,1,1,2.50000000000000000e-1
0,11,1,1,2.50000000000000000e-1
0,12,1,1,2.50000000000000000e-1
0,13,1,1,2.50000000000000000e-1
0,14,1,1,2.50000000000000000e-1
0,15,1,1,2.50000000000000000e-1
0,16,1,1,2.50000000000000000e-1
0,17,1,1,2.50000000000000000e-1
0,18,1,1,2.50000000000000000e-1
0,19,1,1,2.50000000000000000e-1
0,20,1,1,2.50000000000000000e-1
0,21,1,1,2.50000000000000000e-1
0,22,1,1,2.50000000000000000e-1
0,23,1,1,2.50000000000000000e-1
0,24,1,1,2.50000000000000000e-1
0,25,1,1,2.50000000000000000e-1
0,26,1,1,2.50000000000000000e-1
0,27,1,1,2.50000000000000000e-1
0,28,1,1,2.50000000000000000e-1
0,29,1,1,2.50000000000000000e-1
0,30,1,1,2.50000000000000000e-1
0,31,1,1,2.50000000000000000e-1
0,32,1,1,2.50000000000000000e-1
0,33,1,1,2.50000000000000000e-1
0,34,1,1,2.50000000000000000e-1
0,35,1,1,2.50000000000000000e-1
0,36,1,1,2.50000000000000000e-1
0,37,1,1,2.50000000000000000e-1
0,38,1,1,2.50000000000000000e-1
0,39,1,1,2.50000000000000000e-1
0,40,1,1,2.50000000000000000e-1
0,41,1,1,2.50000000000000000e-1
0,42,1,1,2.50000000000000000e-1
0,43,1,1,2.50000000000000000e-1
0,44,1,1,2.50000000000000000e-1
0,45,1,1,2.50000000000000000e-1
0,46,1,1,2.50000000000000000e-1
0,47,1,1,2.50000000000000000e-1
0,48,1,1,2.50000000000000000e-1
0,49,1,1,2.50000000000000000e-1
0,50,1,1,2.50000000000000000e-1
0,51,1,1,2.50000000000000000e-1
0,52,1,1,2.50000000000000000e-1
0,53,1,1,2.50000000000000000e-1
0,54,1,1,2.50000000000000000e-1
0,55,1,1,2.50000000000000000e-1
0,56,1,1,2.50000000000000000e-1
0,57,1,1,2.50000000000000000e-1
0,58,1,1,2.50000000000000000e-1
0,59,1,1,2.50000000000000000e-1
0,60,1,1,2.50000000000000000e-1
0,61,1,1,2.50000000000000000e-1
0,62,1,1,2.50000000000000000e-1
0,63,1,1,2.50000000000000000e-1
0,64,1,1,2.50000000000000000e-1
0,0,2,1,2.50000000000000000e-1
0,1,2,1,2.50000000000000000e-1
0,2,2,1,2.50000000000000000e-1
0,3,2,1,2.50000000000000000e-1
0,4,2,1,2.50000000000000000e-1
0,5,2,1,2.50000000000000000e-1
0,6,2,1,2.50000000000000000e-1
0,7,2,1,2.50000000000000000e-1
0,8,2,1,2.50000000000000000e-1
0,9,2,1,2.50000000000000000e-1
0,10,2,1,2.50000000000000000e-1
0,11,2,1,2.50000000000000000e-1
0,12,2,1,2.50000000000000000e-1
0,13,2,1,2.50000000000000000e-1
0,14,2,1,2.50000000000000000e-1
0,15,2,1,2.50000000000000000e-1
0,16,2,1,2.50000000000000000e-1
0,17,2,1,2.50000000000000000e-1
0,18,2,1,2.50000000000000000e-1
0,19,2,1,2.50000000000000000e-1
0,20,2,1,2.50000000000000000e-1
0,21,2,1,2.50000000000000000e-1
0,22,2,1,2.50000000000000000e-1
0,23,2,1,2.50000000000000000e-1
0,24,2,1,2.50000000000000000e-1
0,25,2,1,2.50000000000000000e-1
0,26,2,1,2.50000000000000000e-1
0,27,2,1,2.50000000000000000e-1
0,28,2,1,2.50000000000000000e-1
0,29,2,1,2.50000000000000000e-1
0,30,2,1,2.50000000000000000e-1
0,31,2,1,2.50000000000000000e-1
0,32,2,1,2.50000000000000000e-1
0,33,2,1,2.50000000000000000e-1
0,34,2,1,2.50000000000000000e-1
0,35,2,1,2.50000000000000000e-1
0,36,2,1,2.50000000000000000e-1
0,37,2,1,2.50000000000000000e-1
0,38,2,1,2.50000000000000000e-1
0,39,2,1,2.50000000000000000e-1
0,40,2,1,2.50000000000000000e-1
0,41,2,1,2.50000000000000000e-1
0,42,2,1,2.50000000000000000e-1
0,43,2,1,2.50000000000000000e-1
0,44,2,1,2.50000000000000000e-1
0,45,2,1,2.50000000000000000e-1
0,46,2,1,2.50000000000000000e-1
0,47,2,1,2.50000000000000000e-1
0,48,2,1,2.50000000000000000e-1
0,49,2,1,2.50000000000000000e-1
0,50,2,1,2.50000000000000000e-1
0,51,2,1,2.50000000000000000e-1
0,52,2,1,2.50000000000000000e-1
0,53,2,1,2.50000000000000000e-1
0,54,2,1,2.50000000000000000e-1
0,55,2,1,2.50000000000000000e-1
0,56,2,1,2.50000000000000000e-1
0,57,2,1,2.50000000000000000e-1
0,58,2,1,2.50000000000000000e-1
0,59,2,1,2.50000000000000000e-1
0,60,2,1,2.50000000000000000e-1
0,61,2,1,2.50000000000000000e-1
0,62,2,1,2.50000000000000000e-1
0,63,2,1,2.50000000000000000e-1
0,64,2,1,2.50000000000000000e-1
0,0,3,1,2.50000000000000000e-1
0,1,3,1,2.50000000000000000e-1
0,2,3,1,2.50000000000000000e-1
0,3,3,1,2.50000000000000000e-1
0,4,3,1,2.50000000000000000e-1
0,5,3,1,2.50000000000000000e-1
0,6,3,1,2.50000000000000000e-1
0,7,3,1,2.50000000000000000e-1
0,8,3,1,2.50000000000000000e-1
0,9,3,1,2.50000000000000000e-1
0,10,3,1,2.50000000000000000e-1
0,11,3,1,2.50000000000000000e-1
0,12,3,1,2.50000000000000000e-1
0,13,3,1,2.50000000000000000e-1
0,14,3,1,2.50000000000000000e-1
0,15,3,1,2.50000000000000000e-1
0,16,3,1,2.50000000000000000e-1
0,17,3,1,2.50000000000000000e-1
0,18,3,1,2.50000000000000000e-1
0,19,3,1,2.50000000000000000e-1
0,20,3,1,2.50000000000000000e-1
0,21,3,1,2.50000000000000000e-1
0,22,3,1,2.50000000000000000e-1
0,23,3,1,2.50000000000000000e-1
0,24,3,1,2.50000000000000000e-1
0,25,3,1,2.50000000000000000e-1
0,26,3,1,2.50000000000000000e-1
0,27,3,1,2.50000000000000000e-1
0,28,3,1,2.50000000000000000e-1
0,29,3,1,2.50000000000000000e-1
0,30,3,1,2.50000000000000000e-1
0,31,3,1,2.50000000000000000e-1
0,32,3,1,2.50000000000000000e-1
0,33,3,1,2.50000000000000000e-1
0,34,3,1,2.50000000000000000e-1
0,35,3,1,2.50000000000000000e-1
0,36,3,1,2.50000000000000000e-1
0,37,3,1,2.50000000000000000e-1
0,38,3,1,2.50000000000000000e-1
0,39,3,1,2.50000000000000000e-1
0,40,3,1,2.50000000000000000e-1
0,41,3,1,2.50000000000000000e-1
0,42,3,1,2.50000000000000000e-1
0,43,3,1,2.50000000000000000e-1
0,44,3,1,2.50000000000000000e-1
0,45,3,1,2.50000000000000000e-1
0,46,3,1,2.50000000000000000e-1
0,47,3,1,2.50000000000000000e-1
0,48,3,1,2.50000000000000000e-1
0,49,3,1,2.50000000000000000e-1
0,50,3,1,2.50000000000000000e-1
0,51,3,1,2.50000000000000000e-1
0,52,3,1,2.50000000000000000e-1
0,53,3,1,2.50000000000000000e-1
0,54,3,1,2.50000000000000000e-1
0,55,3,1,2.50000000000000000e-1
0,56,3,1,2.50000000000000000e-1
0,57,3,1,2.50000000000000000e-1
0,58,3,1,2.50000000000000000e-1
0,59,3,1,2.50000000000000000e-1
0,60,3,1,2.50000000000000000e-1
0,61,3,1,2.50000000000000000e-1
0,62,3,1,2.50000000000000000e-1
0,63,3,1,2.50000000000000000e-1
0,64,3,1,2.50000000000000000e-1
0,0,4,1,2.50000000000000000e-1
0,1,4,1,2.50000000000000000e-1
0,2,4,1,2.50000000000000000e-1
0,3,4,1,2.50000000000000000e-1
0,4,4,1,2.50000000000000000e-1
0,5,4,1,2.50000000000000000e-1
0,6,4,1,2.50000000000000000e-1
0,7,4,1,2.50000000000000000e-1
0,8,4,1,2.50000000000000000e-1
0,9,4,1,2.50000000000000000e-1
0,10,4,1,2.50000000000000000e-1
0,11,4,1,2.50000000000000000e-1
0,12,4,1,2.50000000000000000e-1
0,13,4,1,2.50000000000000000e-1
0,14,4,1,2.50000000000000000e-1
0,15,4,1,2.50000000000000000e-1
0,16,4,1,2.50000000000000000e-1
0,17,4,1,2.50000000000000000e-1
0,18,4,1,2.50000000000000000e-1
0,19,4,1,2.50000000000000000e-1
0,20,4,1,2.50000000000000000e-1
0,21,4,1,2.50000000000000000e-1
0,22,4,1,2.50000000000000000e-1
0,23,4,1,2.50000000000000000e-1
0,24,4,1,2.50000000000000000e-1
0,25,4,1,2.50000000000000000e-1
0,26,4,1,2.50000000000000000e-1
0,27,4,1,2.50000000000000000e-1
0,28,4,1,2.50000000000000000e-1
0,29,4,1,2.50000000000000000e-1
0,30,4,1,2.50000000000000000e-1
0,31,4,1,2.50000000000000000e-1
0,32,4,1,2.50000000000000000e-1
0,33,4,1,2.50000000000000000e-1
0,34,4,1,2.50000000000000000e-1
0,35,4,1,2.50000000000000000e-1
0,36,4,1,2.50000000000000000e-1
0,37,4,1,2.50000000000000000e-1
0,38,4,1,2.50000000000000000e-1
0,39,4,1,2.50000000000000000e-1
0,40,4,1,2.50000000000000000e-1
0,41,4,1,2.50000000000000000e-1
0,42,4,1,2.50000000000000000e-1
0,43,4,1,2.50000000000000000e-1
0,44,4,1,2.50000000000000000e-1
0,45,4,1,2.50000000000000000e-1
0,46,4,1,2.50000000000000000e-1
0,47,4,1,2.50000000000000000e-1
0,48,4,1,2.50000000000000000e-1
0,49,4,1,2.50000000000000000e-1
0,50,4,1,2.50000000000000000e-1
0,51,4,1,2.50000000000000000e-1
0,52,4,1,2.50000000000000000e-1
0,53,4,1,2.50000000000000000e-1
0,54,4,1,2.50000000000000000e-1
0,55,4,1,2.50000000000000000e-1
0,56,4,1,2.50000000000000000e-1
0,57,4,1,2.50000000000000000e-1
0,58,4,1,2.50000000000000000e-1
0,59,4,1,2.50000000000000000e-1
0,60,4,1,2.50000000000000000e-1
0,61,4,1,2.50000000000000000e-1
0,62,4,1,2.50000000000000000e-1
0,63,4,1,2.50000000000000000e-1
0,64,4,1,2.50000000000000000e-1
0,0,5,1,2.50000000000000000e-1
0,1,5,1,2.50000000000000000e-1
0,2,5,1,2.50000000000000000e-1
0,3,5,1,2.50000000000000000e-1
0,4,5,1,2.50000000000000000e-1
0,5,5,1,2.50000000000000000e-1
0,6,5,1,2.50000000000000000e-1
0,7,5,1,2.50000000000000000e-1
0,8,5,1,2.50000000000000000e-1
0,9,5,1,2.50000000000000000e-1
0,10,5,1,2.50000000000000000e-1
0,11,5,1,2.50000000000000000e-1
0,12,5,1,2.50000000000000000e-1
0,13,5,1,2.50000000000000000e-1
0,14,5,1,2.50000000000000000e-1
0,15,5,1,2.50000000000000000e-1
0,16,5,1,2.50000000000000000e-1
0,17,5,1,2.50000000000000000e-1
0,18,5,1,2.50000000000000000e-1
0,19,5,1,2.50000000000000000e-1
0,20,5,1,2.50000000000000000e-1
0,21,5,1,2.50000000000000000e-1
0,22,5,1,2.50000000000000000e-1
0,23,5,1,2.50000000000000000e-1
0,24,5,1,2.50000000000000000e-1
0,25,5,1,2.50000000000000000e-1
0,26,5,1,2.50000000000000000e-1
0,27,5,1,2.50000000000000000e-1
0,28,5,1,2.50000000000000000e-1
0,29,5,1,2.50000000000000000e-1
0,30,5,1,2.50000000000000000e-1
0,31,5,1,2.50000000000000000e-1
0,32,5,1,2.50000000000000000e-1
0,33,5,1,2.50000000000000000e-1
0,34,5,1,2.50000000000000000e-1
0,35,5,1,2.50000000000000000e-1
0,36,5,1,2.50000000000000000e-1
0,37,5,1,2.50000000000000000e-1
0,38,5,1,2.50000000000000000e-1
0,39,5,1,2.50000000000000000e-1
0,40,5,1,2.50000000000000000e-1
0,41,5,1,2.50000000000000000e-1
0,42,5,1,2.50000000000000000e-1
0,43,5,1,2.50000000000000000e-1
0,44,5,1,2.50000000000000000e-1
0,45,5,1,2.50000000000000000e-1
0,46,5,1,2.50000000000000000e-1
0,47,5,1,2.50000000000000000e-1
0,48,5,1,2.50000000000000000e-1
0,49,5,1,2.50000000000000000e-1
0,50,5,1,2.50000000000000000e-1
0,51,5,1,2.50000000000000000e-1
0,52,5,1,2.50000000000000000e-1
0,53,5,1,2.50000000000000000e-1
0,54,5,1,2.50000000000000000e-1
0,55,5,1,2.50000000000000000e-1
0,56,5,1,2.50000000000000000e-1
0,57,5,1,2.50000000000000000e-1
0,58,5,1,2.50000000000000000e-1
0,59,5,1,2.50000000000000000e-1
0,60,5,1,2.50000000000000000e-1
0,61,5,1,2.50000000000000000e-1
0,62,5,1,2.50000000000000000e-1
0,63,5,1,2.50000000000000000e-1
0,64,5,1,2.50000000000000000e-1
0,0,6,1,2.50000000000000000e-1
0,1,6,1,2.50000000000000000e-1
0,2,6,1,2.50000000000000000e-1
0,3,6,1,2.50000000000000000e-1
0,4,6,1,2.50000000000000000e-1
0,5,6,1,2.50000000000000000e-1
0,6,6,1,2.50000000000000000e-1
0,7,6,1,2.50000000000000000e-1
0,8,6,1,2.50000000000000000e-1
0,9,6,1,2.50000000000000000e-1
0,10,6,1,2.50000000000000000e-1
0,11,6,1,2.50000000000000000e-1
0,12,6,1,2.50000000000000000e-1
0,13,6,1,2.50000000000000000e-1
0,14,6,1,2.50000000000000000e-1
0,15,6,1,2.50000000000000000e-1
0,16,6,1,2.50000000000000000e-1
0,17,6,1,2.50000000000000000e-1
0,18,6,1,2.50000000000000000e-1
0,19,6,1,2.50000000000000000e-1
0,20,6,1,2.50000000000000000e-1
0,21,6,1,2.50000000000000000e-1
0,22,6,1,2.50000000000000000e-1
0,23,6,1,2.50000000000000000e-1
0,24,6,1,2.50000000000000000e-1
0,25,6,1,2.50000000000000000e-1
0,26,6,1,2.50000000000000000e-1
0,27,6,1,2.50000000000000000e-1
0,28,6,1,2.50000000000000000e-1
0,29,6,1,2.50000000000000000e-1
0,30,6,1,2.50000000000000000e-1
0,31,6,1,2.50000000000000000e-1
0,32,6,1,2.50000000000000000e-1
0,33,6,1,2.50000000000000000e-1
0,34,6,1,2.50000000000000000e-1
0,35,6,1,2.50000000000000000e-1
0,36,6,1,2.50000000000000000e-1
0,37,6,1,2.50000000000000000e-1
0,38,6,1,2.50000000000000000e-1
0,39,6,1,2.50000000000000000e-1
0,40,6,1,2.50000000000000000e-1
0,41,6,1,2.50000000000000000e-1
0,42,6,1,2.50000000000000000e-1
0,43,6,1,2.50000000000000000e-1
0,44,6,1,2.50000000000000000e-1
0,45,6,1,2.50000000000000000e-1
0,46,6,1,2.50000000000000000e-1
0,47,6,1,2.50000000000000000e-1
0,48,6,1,2.50000000000000000e-1
0,49,6,1,2.50000000000000000e-1
0,50,6,1,2.50000000000000000e-1
0,51,6,1,2.50000000000000000e-1
0,52,6,1,2.50000000000000000e-1
0,53,6,1,2.50000000000000000e-1
0,54,6,1,2.50000000000000000e-1
0,55,6,1,2.50000000000000000e-1
0,56,6,1,2.50000000000000000e-1
0,57,6,1,2.50000000000000000e-1
0,58,6,1,2.50000000000000000e-1
0,59,6,1,2.50000000000000000e-1
0,60,6,1,2.50000000000000000e-1
0,61,6,1,2.50000000000000000e-1
0,62,6,1,2.50000000000000000e-1
0,63,6,1,2.50000000000000000e-1
0,64,6,1,2.50000000000000000e-1
0,0,7,1,2.50000000000000000e-1
0,1,7,1,2.50000000000000000e-1
0,2,7,1,2.50000000000000000e-1
0,3,7,1,2.50000000000000000e-1
0,4,7,1,2.50000000000000000e-1
0,5,7,1,2.50000000000000000e-1
0,6,7,1,2.50000000000000000e-1
0,7,7,1,2.50000000000000000e-1
0,8,7,1,2.50000000000000000e-1
0,9,7,1,2.50000000000000000e-1
0,10,7,1,2.50000000000000000e-1
0,11,7,1,2.50000000000000000e-1
0,12,7,1,2.50000000000000000e-1
0,13,7,1,2.50000000000000000e-1
0,14,7,1,2.50000000000000000e-1
0,15,7,1,2.50000000000000000e-1
0,16,7,1,2.50000000000000000e-1
0,17,7,1,2.50000000000000000e-1
0,18,7,1,2.50000000000000000e-1
0,19,7,1,2.50000000000000000e-1
0,20,7,1,2.50000000000000000e-1
0,21,7,1,2.50000000000000000e-1
0,22,7,1,2.50000000000000000e-1
0,23,7,1,2.50000000000000000e-1
0,24,7,1,2.50000000000000000e-1
0,25,7,1,2.50000000000000000e-1
0,26,7,1,2.50000000000000000e-1
0,27,7,1,2.50000000000000000e-1
0,28,7,1,2.50000000000000000e-1
0,29,7,1,2.50000000000000000e-1
0,30,7,1,2.50000000000000000e-1
0,31,7,1,2.50000000000000000e-1
0,32,7,1,2.50000000000000000e-1
0,33,7,1,2.50000000000000000e-1
0,34,7,1,2.50000000000000000e-1
0,35,7,1,2.50000000000000000e-1
0,36,7,1,2.50000000000000000e-1
0,37,7,1,2.50000000000000000e-1
0,38,7,1,2.50000000000000000e-1
0,39,7,1,2.50000000000000000e-1
0,40,7,1,2.50000000000000000e-1
0,41,7,1,2.50000000000000000e-1
0,42,7,1,2.50000000000000000e-1
0,43,7,1,2.50000000000000000e-1
0,44,7,1,2.50000000000000000e-1
0,45,7,1,2.50000000000000000e-1
0,46,7,1,2.50000000000000000e-1
0,47,7,1,2.50000000000000000e-1
0,48,7,1,2.50000000000000000e-1
0,49,7,1,2.50000000000000000e-1
0,50,7,1,2.50000000000000000e-1
0,51,7,1,2.50000000000000000e-1
0,52,7,1,2.50000000000000000e-1
0,53,7,1,2.50000000000000000e-1
0,54,7,1,2.50000000000000000e-1
0,55,7,1,2.50000000000000000e-1
0,56,7,1,2.50000000000000000e-1
0,57,7,1,2.50000000000000000e-1
0,58,7,1,2.50000000000000000e-1
0,59,7,1,2.50000000000000000e-1
0,60,7,1,2.50000000000000000e-1
0,61,7,1,2.50000000000000000e-1
0,62,7,1,2.50000000000000000e-1
0,63,7,1,2.50000000000000000e-1
0,64,7,1,2.50000000000000000e-1
0,0,0,2,2.50000000000000000e-1
0,1,0,2,2.50000000000000000e-1
0,2,0,2,2.50000000000000000e-1
0,3,0,2,2.50000000000000000e-1
0,4,0,2,2.50000000000000000e-1
0,5,0,2,2.50000000000000000e-1
0,6,0,2,2.50000000000000000e-1
0,7,0,2,2.50000000000000000e-1
0,8,0,2,2.50000000000000000e-1
0,9,0,2,2.50000000000000000e-1
0,10,0,2,2.50000000000000000e-1
0,11,0,2,2.50000000000000000e-1
0,12,0,2,2.50000000000000000e-1
0,13,0,2,2.50000000000000000e-1
0,14,0,2,2.50000000000000000e-1
0,15,0,2,2.50000000000000000e-1
0,16,0,2,2.50000000000000000e-1
0,17,0,2,2.50000000000000000e-1
0,18,0,2,2.50000000000000000e-1
0,19,0,2,2.50000000000000000e-1
0,20,0,2,2.50000000000000000e-1
0,21,0,2,2.50000000000000000e-1
0,22,0,2,2.50000000000000000e-1
0,23,0,2,2.50000000000000000e-1
0,24,0,2,2.50000000000000000e-1
0,25,0,2,2.50000000000000000e-1
0,26,0,2,2.50000000000000000e-1
0,27,0,2,2.50000000000000000e-1
0,28,0,2,2.50000000000000000e-1
0,29,0,2,2.50000000000000000e-1
0,30,0,2,2.50000000000000000e-1
0,31,0,2,2.50000000000000000e-1
0,32,0,2,2.50000000000000000e-1
0,33,0,2,2.50000000000000000e-1
0,34,0,2,2.50000000000000000e-1
0,35,0,2,2.50000000000000000e-1
0,36,0,2,2.50000000000000000e-1
0,37,0,2,2.50000000000000000e-1
0,38,0,2,2.50000000000000000e-1
0,39,0,2,2.50000000000000000e-1
0,40,0,2,2.50000000000000000e-1
0,41,0,2,2.50000000000000000e-1
0,42,0,2,2.50000000000000000e-1
0,43,0,2,2.50000000000000000e-1
0,44,0,2,2.50000000000000000e-1
0,45,0,2,2.50000000000000000e-1
0,46,0,2,2.50000000000000000e-1
0,47,0,2,2.50000000000000000e-1
0,48,0,2,2.50000000000000000e-1
0,49,0,2,2.50000000000000000e-1
0,50,0,2,2.50000000000000000e-1
0,51,0,2,2.50000000000000000e-1
0,52,0,2,2.50000000000000000e-1
0,53,0,2,2.50000000000000000e-1
0,54,0,2,2.50000000000000000e-1
0,55,0,2,2.50000000000000000e-1
0,56,0,2,2.50000000000000000e-1
0,57,0,2,2.50000000000000000e-1
0,58,0,2,2.50000000000000000e-1
0,59,0,2,2.50000000000000000e-1
0,60,0,2,2.50000000000000000e-1
0,61,0,2,2.50000000000000000e-1
0,62,0,2,2.50000000000000000e-1
0,63,0,2,2.50000000000000000e-1
0,64,0,2,2.50000000000000000e-1
0,0,1,2,2.50000000000000000e-1
0,1,1,2,2.50000000000000000e-1
0,2,1,2,2.50000000000000000e-1
0,3,1,2,2.50000000000000000e-1
0,4,1,2,2.50000000000000000e-1
0,5,1,2,2.50000000000000000e-1
0,6,1,2,2.50000000000000000e-1
0,7,1,2,2.50000000000000000e-1
0,8,1,2,2.50000000000000000e-1
0,9,1,2,2.50000000000000000e-1
0,10,1,2,2.50000000000000000e-1
0,11,1,2,2.50000000000000000e-1
0,12,1,2,2.50000000000000000e-1
0,13,1,2,2.50000000000000000e-1
0,14,1,2,2.50000000000000000e-1
0,15,1,2,2.50000000000000000e-1
0,16,1,2,2.50000000000000000e-1
0,17,1,2,2.50000000000000000e-1
0,18,1,2,2.50000000000000000e-1
0,19,1,2,2.50000000000000000e-1
0,20,1,2,2.50000000000000000e-1
0,21,1,2,2.50000000000000000e-1
0,22,1,2,2.50000000000000000e-1
0,23,1,2,2.50000000000000000e-1
0,24,1,2,2.50000000000000000e-1
0,25,1,2,2.50000000000000000e-1
0,26,1,2,2.50000000000000000e-1
0,27,1,2,2.50000000000000000e-1
0,28,1,2,2.50000000000000000e-1
0,29,1,2,2.50000000000000000e-1
0,30,1,2,2.50000000000000000e-1
0,31,1,2,2.50000000000000000e-1
0,32,1,2,2.50000000000000000e-1
0,33,1,2,2.50000000000000000e-1
0,34,1,2,2.50000000000000000e-1
0,35,1,2,2.50000000000000000e-1
0,36,1,2,2.50000000000000000e-1
0,37,1,2,2.50000000000000000e-1
0,38,1,2,2.50000000000000000e-1
0,39,1,2,2.50000000000000000e-1
0,40,1,2,2.50000000000000000e-1
0,41,1,2,2.50000000000000000e-1
0,42,1,2,2.50000000000000000e-1
0,43,1,2,2.50000000000000000e-1
0,44,1,2,2.50000000000000000e-1
0,45,1,2,2.50000000000000000e-1
0,46,1,2,2.50000000000000000e-1
0,47,1,2,2.50000000000000000e-1
0,48,1,2,2.50000000000000000e-1
0,49,1,2,2.50000000000000000e-1
0,50,1,2,2.50000000000000000e-1
0,51,1,2,2.50000000000000000e-1
0,52,1,2,2.50000000000000000e-1
0,53,1,2,2.50000000000000000e-1
0,54,1,2,2.50000000000000000e-1
0,55,1,2,2.50000000000000000e-1
0,56,1,2,2.50000000000000000e-1
0,57,1,2,2.50000000000000000e-1
0,58,1,2,2.50000000000000000e-1
0,59,1,2,2.50000000000000000e-1
0,60,1,2,2.50000000000000000e-1
0,61,1,2,2.50000000000000000e-1
0,62,1,2,2.50000000000000000e-1
0,63,1,2,2.50000000000000000e-1
0,64,1,2,2.50000000000000000e-1
0,0,2,2,2.50000000000000000e-1
0,1,2,2,2.50000000000000000e-1
0,2,2,2,2.50000000000000000e-1
0,3,2,2,2.50000000000000000e-1
0,4,2,2,2.50000000000000000e-1
0,5,2,2,2.50000000000000000e-1
0,6,2,2,2.50000000000000000e-1
0,7,2,2,2.50000000000000000e-1
0,8,2,2,2.50000000000000000e-1
0,9,2,2,2.50000000000000000e-1
0,10,2,2,2.50000000000000000e-1
0,11,2,2,2.50000000000000000e-1
0,12,2,2,2.50000000000000000e-1
0,13,2,2,2.50000000000000000e-1
0,14,2,2,2.50000000000000000e-1
0,15,2,2,2.50000000000000000e-1
0,16,2,2,2.50000000000000000e-1
0,17,2,2,2.50000000000000000e-1
0,18,2,2,2.50000000000000000e-1
0,19,2,2,2.50000000000000000e-1
0,20,2,2,2.50000000000000000e-1
0,21,2,2,2.50000000000000000e-1
0,22,2,2,2.50000000000000000e-1
0,23,2,2,2.50000000000000000e-1
0,24,2,2,2.50000000000000000e-1
0,25,2,2,2.50000000000000000e-1
0,26,2,2,2.50000000000000000e-1
0,27,2,2,2.50000000000000000e-1
0,28,2,2,2.50000000000000000e-1
0,29,2,2,2.50000000000000000e-1
0,30,2,2,2.50000000000000000e-1
0,31,2,2,2.50000000000000000e-1
0,32,2,2,2.50000000000000000e-1
0,33,2,2,2.50000000000000000e-1
0,34,2,2,2.50000000000000000e-1
0,35,2,2,2.50000000000000000e-1
0,36,2,2,2.50000000000000000e-1
0,37,2,2,2.50000000000000000e-1
0,38,2,2,2.50000000000000000e-1
0,39,2,2,2.50000000000000000e-1
0,40,2,2,2.50000000000000000e-1
0,41,2,2,2.50000000000000000e-1
0,42,2,2,2.50000000000000000e-1
0,43,2,2,2.50000000000000000e-1
0,44,2,2,2.50000000000000000e-1
0,45,2,2,2.50000000000000000e-1
0,46,2,2,2.50000000000000000e-1
0,47,2,2,2.50000000000000000e-1
0,48,2,2,2.50000000000000000e-1
0,49,2,2,2.50000000000000000e-1
0,50,2,2,2.50000000000000000e-1
0,51,2,2,2.50000000000000000e-1
0,52,2,2,2.50000000000000000e-1
0,53,2,2,2.50000000000000000e-1
0,54,2,2,2.50000000000000000e-1
0,55,2,2,2.50000000000000000e-1
0,56,2,2,2.50000000000000000e-1
0,57,2,2,2.50000000000000000e-1
0,58,2,2,2.50000000000000000e-1
0,59,2,2,2.50000000000000000e-1
0,60,2,2,2.50000000000000000e-1
0,61,2,2,2.50000000000000000e-1
0,62,2,2,2.50000000000000000e-1
0,63,2,2,2.50000000000000000e-1
0,64,2,2,2.50000000000000000e-1
0,0,3,2,2.50000000000000000e-1
0,1,3,2,2.50000000000000000e-1
0,2,3,2,2.50000000000000000e-1
0,3,3,2,2.50000000000000000e-1
0,4,3,2,2.50000000000000000e-1
0,5,3,2,2.50000000000000000e-1
0,6,3,2,2.50000000000000000e-1
0,7,3,2,2.50000000000000000e-1
0,8,3,2,2.50000000000000000e-1
0,9,3,2,2.50000000000000000e-1
0,10,3,2,2.50000000000000000e-1
0,11,3,2,2.50000000000000000e-1
0,12,3,2,2.50000000000000000e-1
0,13,3,2,2.50000000000000000e-1
0,14,3,2,2.50000000000000000e-1
0,15,3,2,2.50000000000000000e-1
0,16,3,2,2.50000000000000000e-1
0,17,3,2,2.50000000000000000e-1
0,18,3,2,2.50000000000000000e-1
0,19,3,2,2.50000000000000000e-1
0,20,3,2,2.50000000000000000e-1
0,21,3,2,2.50000000000000000e-1
0,22,3,2,2.50000000000000000e-1
0,23,3,2,2.50000000000000000e-1
0,24,3,2,2.50000000000000000e-1
0,25,3,2,2.50000000000000000e-1
0,26,3,2,2.50000000000000000e-1
0,27,3,2,2.50000000000000000e-1
0,28,3,2,2.50000000000000000e-1
0,29,3,2,2.50000000000000000e-1
0,30,3,2,2.50000000000000000e-1
0,31,3,2,2.50000000000000000e-1
0,32,3,2,2.50000000000000000e-1
0,33,3,2,2.50000000000000000e-1
0,34,3,2,2.50000000000000000e-1
0,35,3,2,2.50000000000000000e-1
0,36,3,2,2.50000000000000000e-1
0,37,3,2,2.50000000000000000e-1
0,38,3,2,2.50000000000000000e-1
0,39,3,2,2.50000000000000000e-1
0,40,3,2,2.50000000000000000e-1
0,41,3,2,2.50000000000000000e-1
0,42,3,2,2.50000000000000000e-1
0,43,3,2,2.50000000000000000e-1
0,44,3,2,2.50000000000000000e-1
0,45,3,2,2.50000000000000000e-1
0,46,3,2,2.50000000000000000e-1
0,47,3,2,2.50000000000000000e-1
0,48,3,2,2.50000000000000000e-1
0,49,3,2,2.50000000000000000e-1
0,50,3,2,2.50000000000000000e-1
0,51,3,2,2.50000000000000000e-1
0,52,3,2,2.50000000000000000e-1
0,53,3,2,2.50000000000000000e-1
0,54,3,2,2.50000000000000000e-1
0,55,3,2,2.50000000000000000e-1
0,56,3,2,2.50000000000000000e-1
0,57,3,2,2.50000000000000000e-1
0,58,3,2,2.50000000000000000e-1
0,59,3,2,2.50000000000000000e-1
0,60,3,2,2.50000000000000000e-1
0,61,3,2,2.50000000000000000e-1
0,62,3,2,2.50000000000000000e-1
0,63,3,2,2.50000000000000000e-1
0,64,3,2,2.50000000000000000e-1
0,0,4,2,2.50000000000000000e-1
0,1,4,2,2.50000000000000000e-1
0,2,4,2,2.50000000000000000e-1
0,3,4,2,2.50000000000000000e-1
0,4,4,2,2.50000000000000000e-1
0,5,4,2,2.50000000000000000e-1
0,6,4,2,2.50000000000000000e-1
0,7,4,2,2.50000000000000000e-1
0,8,4,2,2.50000000000000000e-1
0,9,4,2,2.50000000000000000e-1
0,10,4,2,2.50000000000000000e-1
0,11,4,2,2.50000000000000000e-1
0,12,4,2,2.50000000000000000e-1
0,13,4,2,2.50000000000000000e-1
0,14,4,2,2.50000000000000000e-1
0,15,4,2,2.50000000000000000e-1
0,16,4,2,2.50000000000000000e-1
0,17,4,2,2.50000000000000000e-1
0,18,4,2,2.50000000000000000e-1
0,19,4,2,2.50000000000000000e-1
0,20,4,2,2.50000000000000000e-1
0,21,4,2,2.50000000000000000e-1
0,22,4,2,2.50000000000000000e-1
0,23,4,2,2.50000000000000000e-1
0,24,4,2,2.50000000000000000e-1
0,25,4,2,2.50000000000000000e-1
0,26,4,2,2.50000000000000000e-1
0,27,4,2,2.50000000000000000e-1
0,28,4,2,2.50000000000000000e-1
0,29,4,2,2.50000000000000000e-1
0,30,4,2,2.50000000000000000e-1
0,31,4,2,2.50000000000000000e-1
0,32,4,2,2.50000000000000000e-1
0,33,4,2,2.50000000000000000e-1
0,34,4,2,2.50000000000000000e-1
0,35,4,2,2.50000000000000000e-1
0,36,4,2,2.50000000000000000e-1
0,37,4,2,2.50000000000000000e-1
0,38,4,2,2.50000000000000000e-1
0,39,4,2,2.50000000000000000e-1
0,40,4,2,2.50000000000000000e-1
0,41,4,2,2.50000000000000000e-1
0,42,4,2,2.50000000000000000e-1
0,43,4,2,2.50000000000000000e-1
0,44,4,2,2.50000000000000000e-1
0,45,4,2,2.50000000000000000e-1
0,46,4,2,2.50000000000000000e-1
0,47,4,2,2.50000000000000000e-1
0,48,4,2,2.50000000000000000e-1
0,49,4,2,2.50000000000000000e-1
0,50,4,2,2.50000000000000000e-1
0,51,4,2,2.50000000000000000e-1
0,52,4,2,2.50000000000000000e-1
0,53,4,2,2.50000000000000000e-1
0,54,4,2,2.50000000000000000e-1
0,55,4,2,2.50000000000000000e-1
0,56,4,2,2.50000000000000000e-1
0,57,4,2,2.50000000000000000e-1
0,58,4,2,2.50000000000000000e-1
0,59,4,2,2.50000000000000000e-1
0,60,4,2,2.50000000000000000e-1
0,61,4,2,2.50000000000000000e-1
0,62,4,2,2.50000000000000000e-1
0,63,4,2,2.50000000000000000e-1
0,64,4,2,2.50000000000000000e-1
0,0,5,2,2.50000000000000000e-1
0,1,5,2,2.50000000000000000e-1
0,2,5,2,2.50000000000000000e-1
0,3,5,2,2.50000000000000000e-1
0,4,5,2,2.50000000000000000e-1
0,5,5,2,2.50000000000000000e-1
0,6,5,2,2.50000000000000000e-1
0,7,5,2,2.50000000000000000e-1
0,8,5,2,2.50000000000000000e-1
0,9,5,2,2.50000000000000000e-1
0,10,5,2,2.50000000000000000e-1
0,11,5,2,2.50000000000000000e-1
0,12,5,2,2.50000000000000000e-1
0,13,5,2,2.50000000000000000e-1
0,14,5,2,2.50000000000000000e-1
0,15,5,2,2.50000000000000000e-1
0,16,5,2,2.50000000000000000e-1
0,17,5,2,2.50000000000000000e-1
0,18,5,2,2.50000000000000000e-1
0,19,5,2,2.50000000000000000e-1
0,20,5,2,2.50000000000000000e-1
0,21,5,2,2.50000000000000000e-1
0,22,5,2,2.50000000000000000e-1
0,23,5,2,2.50000000000000000e-1
0,24,5,2,2.50000000000000000e-1
0,25,5,2,2.50000000000000000e-1
0,26,5,2,2.50000000000000000e-1
0,27,5,2,2.50000000000000000e-1
0,28,5,2,2.50000000000000000e-1
0,29,5,2,2.50000000000000000e-1
0,30,5,2,2.50000000000000000e-1
0,31,5,2,2.50000000000000000e-1
0,32,5,2,2.50000000000000000e-1
0,33,5,2,2.50000000000000000e-1
0,34,5,2,2.50000000000000000e-1
0,35,5,2,2.50000000000000000e-1
0,36,5,2,2.50000000000000000e-1
0,37,5,2,2.50000000000000000e-1
0,38,5,2,2.50000000000000000e-1
0,39,5,2,2.50000000000000000e-1
0,40,5,2,2.50000000000000000e-1
0,41,5,2,2.50000000000000000e-1
0,42,5,2,2.50000000000000000e-1
0,43,5,2,2.50000000000000000e-1
0,44,5,2,2.50000000000000000e-1
0,45,5,2,2.50000000000000000e-1
0,46,5,2,2.50000000000000000e-1
0,47,5,2,2.50000000000000000e-1
0,48,5,2,2.50000000000000000e-1
0,49,5,2,2.50000000000000000e-1
0,50,5,2,2.50000000000000000e-1
0,51,5,2,2.50000000000000000e-1
0,52,5,2,2.50000000000000000e-1
0,53,5,2,2.50000000000000000e-1
0,54,5,2,2.50000000000000000e-1
0,55,5,2,2.50000000000000000e-1
0,56,5,2,2.50000000000000000e-1
0,57,5,2,2.50000000000000000e-1
0,58,5,2,2.50000000000000000e-1
0,59,5,2,2.50000000000000000e-1
0,60,5,2,2.50000000000000000e-1
0,61,5,2,2.50000000000000000e-1
0,62,5,2,2.50000000000000000e-1
0,63,5,2,2.50000000000000000e-1
0,64,5,2,2.50000000000000000e-1
0,0,6,2,2.50000000000000000e-1
0,1,6,2,2.50000000000000000e-1
0,2,6,2,2.50000000000000000e-1
0,3,6,2,2.50000000000000000e-1
0,4,6,2,2.50000000000000000e-1
0,5,6,2,2.50000000000000000e-1
0,6,6,2,2.50000000000000000e-1
0,7,6,2,2.50000000000000000e-1
0,8,6,2,2.50000000000000000e-1
0,9,6,2,2.50000000000000000e-1
0,10,6,2,2.50000000000000000e-1
0,11,6,2,2.50000000000000000e-1
0,12,6,2,2.50000000000000000e-1
0,13,6,2,2.50000000000000000e-1
0,14,6,2,2.50000000000000000e-1
0,15,6,2,2.50000000000000000e-1
0,16,6,2,2.50000000000000000e-1
0,17,6,2,2.50000000000000000e-1
0,18,6,2,2.50000000000000000e-1
0,19,6,2,2.50000000000000000e-1
0,20,6,2,2.50000000000000000e-1
0,21,6,2,2.50000000000000000e-1
0,22,6,2,2.50000000000000000e-1
0,23,6,2,2.50000000000000000e-1
0,24,6,2,2.50000000000000000e-1
0,25,6,2,2.50000000000000000e-1
0,26,6,2,2.50000000000000000e-1
0,27,6,2,2.50000000000000000e-1
0,28,6,2,2.50000000000000000e-1
0,29,6,2,2.50000000000000000e-1
0,30,6,2,2.50000000000000000e-1
0,31,6,2,2.50000000000000000e-1
0,32,6,2,2.50000000000000000e-1
0,33,6,2,2.50000000000000000e-1
0,34,6,2,2.50000000000000000e-1
0,35,6,2,2.50000000000000000e-1
0,36,6,2,2.50000000000000000e-1
0,37,6,2,2.50000000000000000e-1
0,38,6,2,2.50000000000000000e-1
0,39,6,2,2.50000000000000000e-1
0,40,6,2,2.50000000000000000e-1
0,41,6,2,2.50000000000000000e-1
0,42,6,2,2.50000000000000000e-1
0,43,6,2,2.50000000000000000e-1
0,44,6,2,2.50000000000000000e-1
0,45,6,2,2.50000000000000000e-1
0,46,6,2,2.50000000000000000e-1
0,47,6,2,2.50000000000000000e-1
0,48,6,2,2.50000000000000000e-1
0,49,6,2,2.50000000000000000e-1
0,50,6,2,2.50000000000000000e-1
0,51,6,2,2.50000000000000000e-1
0,52,6,2,2.50000000000000000e-1
0,53,6,2,2.50000000000000000e-1
0,54,6,2,2.50000000000000000e-1
0,55,6,2,2.50000000000000000e-1
0,56,6,2,2.50000000000000000e-1
0,57,6,2,2.50000000000000000e-1
0,58,6,2,2.50000000000000000e-1
0,59,6,2,2.50000000000000000e-1
0,60,6,2,2.50000000000000000e-1
0,61,6,2,2.50000000000000000e-1
0,62,6,2,2.50000000000000000e-1
0,63,6,2,2.50000000000000000e-1
0,64,6,2,2.50000000000000000e-1
0,0,7,2,2.50000000000000000e-1
0,1,7,2,2.50000000000000000e-1
0,2,7,2,2.50000000000000000e-1
0,3,7,2,2.50000000000000000e-1
0,4,7,2,2.50000000000000000e-1
0,5,7,2,2.50000000000000000e-1
0,6,7,2,2.50000000000000000e-1
0,7,7,2,2.50000000000000000e-1
0,8,7,2,2.50000000000000000e-1
0,9,7,2,2.50000000000000000e-1
0,10,7,2,2.50000000000000000e-1
0,11,7,2,2.50000000000000000e-1
0,12,7,2,2.50000000000000000e-1
0,13,7,2,2.50000000000000000e-1
0,14,7,2,2.50000000000000000e-1
0,15,7,2,2.50000000000000000e-1
0,16,7,2,2.50000000000000000e-1
0,17,7,2,2.50000000000000000e-1
0,18,7,2,2.50000000000000000e-1
0,19,7,2,2.50000000000000000e-1
0,20,7,2,2.50000000000000000e-1
0,21,7,2,2.50000000000000000e-1
0,22,7,2,2.50000000000000000e-1
0,23,7,2,2.50000000000000000e-1
0,24,7,2,2.50000000000000000e-1
0,25,7,2,2.50000000000000000e-1
0,26,7,2,2.50000000000000000e-1
0,27,7,2,2.50000000000000000e-1
0,28,7,2,2.50000000000000000e-1
0,29,7,2,2.50000000000000000e-1
0,30,7,2,2.50000000000000000e-1
0,31,7,2,2.50000000000000000e-1
0,32,7,2,2.50000000000000000e-1
0,33,7,2,2.50000000000000000e-1
0,34,7,2,2.50000000000000000e-1
0,35,7,2,2.50000000000000000e-1
0,36,7,2,2.50000000000000000e-1
0,37,7,2,2.50000000000000000e-1
0,38,7,2,2.50000000000000000e-1
0,39,7,2,2.50000000000000000e-1
0,40,7,2,2.50000000000000000e-1
0,41,7,2,2.50000000000000000e-1
0,42,7,2,2.50000000000000000e-1
0,43,7,2,2.50000000000000000e-1
0,44,7,2,2.50000000000000000e-1
0,45,7,2,2.50000000000000000e-1
0,46,7,2,2.50000000000000000e-1
0,47,7,2,2.50000000000000000e-1
0,48,7,2,2.50000000000000000e-1
0,49,7,2,2.50000000000000000e-1
0,50,7,2,2.50000000000000000e-1
0,51,7,2,2.50000000000000000e-1
0,52,7,2,2.50000000000000000e-1
0,53,7,2,2.50000000000000000e-1
0,54,7,2,2.50000000000000000e-1
0,55,7,2,2.50000000000000000e-1
0,56,7,2,2.50000000000000000e-1
0,57,7,2,2.50000000000000000e-1
0,58,7,2,2.50000000000000000e-1
0,59,7,2,2.50000000000000000e-1
0,60,7,2,2.50000000000000000e-1
0,61,7,2,2.50000000000000000e-1
0,62,7,2,2.50000000000000000e-1
0,63,7,2,2.50000000000000000e-1
0,64,7,2,2.50000000000000000e-1
0,0,0,3,2.50000000000000000e-1
0,1,0,3,2.50000000000000000e-1
0,2,0,3,2.50000000000000000e-1
0,3,0,3,2.50000000000000000e-1
0,4,0,3,2.50000000000000000e-1
0,5,0,3,2.50000000000000000e-1
0,6,0,3,2.50000000000000000e-1
0,7,0,3,2.50000000000000000e-1
0,8,0,3,2.50000000000000000e-1
0,9,0,3,2.50000000000000000e-1
0,10,0,3,2.50000000000000000e-1
0,11,0,3,2.50000000000000000e-1
0,12,0,3,2.50000000000000000e-1
0,13,0,3,2.50000000000000000e-1
0,14,0,3,2.50000000000000000e-1
0,15,0,3,2.50000000000000000e-1
0,16,0,3,2.50000000000000000e-1
0,17,0,3,2.50000000000000000e-1
0,18,0,3,2.50000000000000000e-1
0,19,0,3,2.50000000000000000e-1
0,20,0,3,2.50000000000000000e-1
0,21,0,3,2.50000000000000000e-1
0,22,0,3,2.50000000000000000e-1
0,23,0,3,2.50000000000000000e-1
0,24,0,3,2.50000000000000000e-1
0,25,0,3,2.50000000000000000e-1
0,26,0,3,2.50000000000000000e-1
0,27,0,3,2.50000000000000000e-1
0,28,0,3,2.50000000000000000e-1
0,29,0,3,2.50000000000000000e-1
0,30,0,3,2.50000000000000000e-1
0,31,0,3,2.50000000000000000e-1
0,32,0,3,2.50000000000000000e-1
0,33,0,3,2.50000000000000000e-1
0,34,0,3,2.50000000000000000e-1
0,35,0,3,2.50000000000000000e-1
0,36,0,3,2.50000000000000000e-1
0,37,0,3,2.50000000000000000e-1
0,38,0,3,2.50000000000000000e-1
0,39,0,3,2.50000000000000000e-1
0,40,0,3,2.50000000000000000e-1
0,41,0,3,2.50000000000000000e-1
0,42,0,3,2.50000000000000000e-1
0,43,0,3,2.50000000000000000e-1
0,44,0,3,2.50000000000000000e-1
0,45,0,3,2.50000000000000000e-1
0,46,0,3,2.50000000000000000e-1
0,47,0,3,2.50000000000000000e-1
0,48,0,3,2.50000000000000000e-1
0,49,0,3,2.50000000000000000e-1
0,50,0,3,2.50000000000000000e-1
0,51,0,3,2.50000000000000000e-1
0,52,0,3,2.50000000000000000e-1
0,53,0,3,2.50000000000000000e-1
0,54,0,3,2.50000000000000000e-1
0,55,0,3,2.50000000000000000e-1
0,56,0,3,2.50000000000000000e-1
0,57,0,3,2.50000000000000000e-1
0,58,0,3,2.50000000000000000e-1
0,59,0,3,2.50000000000000000e-1
0,60,0,3,2.50000000000000000e-1
0,61,0,3,2.50000000000000000e-1
0,62,0,3,2.50000000000000000e-1
0,63,0,3,2.50000000000000000e-1
0,64,0,3,2.50000000000000000e-1
0,0,1,3,2.50000000000000000e-1
0,1,1,3,2.50000000000000000e-1
0,2,1,3,2.50000000000000000e-1
0,3,1,3,2.50000000000000000e-1
0,4,1,3,2.50000000000000000e-1
0,5,1,3,2.50000000000000000e-1
0,6,1,3,2.50000000000000000e-1
0,7,1,3,2.50000000000000000e-1
0,8,1,3,2.50000000000000000e-1
0,9,1,3,2.50000000000000000e-1
0,10,1,3,2.50000000000000000e-1
0,11,1,3,2.50000000000000000e-1
0,12,1,3,2.50000000000000000e-1
0,13,1,3,2.50000000000000000e-1
0,14,1,3,2.50000000000000000e-1
0,15,1,3,2.50000000000000000e-1
0,16,1,3,2.50000000000000000e-1
0,17,1,3,2.50000000000000000e-1
0,18,1,3,2.50000000000000000e-1
0,19,1,3,2.50000000000000000e-1
0,20,1,3,2.50000000000000000e-1
0,21,1,3,2.50000000000000000e-1
0,22,1,3,2.50000000000000000e-1
0,23,1,3,2.50000000000000000e-1
0,24,1,3,2.50000000000000000e-1
0,25,1,3,2.50000000000000000e-1
0,26,1,3,2.50000000000000000e-1
0,27,1,3,2.50000000000000000e-1
0,28,1,3,2.50000000000000000e-1
0,29,1,3,2.50000000000000000e-1
0,30,1,3,2.50000000000000000e-1
0,31,1,3,2.50000000000000000e-1
0,32,1,3,2.50000000000000000e-1
0,33,1,3,2.50000000000000000e-1
0,34,1,3,2.50000000000000000e-1
0,35,1,3,2.50000000000000000e-1
0,36,1,3,2.50000000000000000e-1
0,37,1,3,2.50000000000000000e-1
0,38,1,3,2.50000000000000000e-1
0,39,1,3,2.50000000000000000e-1
0,40,1,3,2.50000000000000000e-1
0,41,1,3,2.50000000000000000e-1
0,42,1,3,2.50000000000000000e-1
0,43,1,3,2.50000000000000000e-1
0,44,1,3,2.50000000000000000e-1
0,45,1,3,2.50000000000000000e-1
0,46,1,3,2.50000000000000000e-1
0,47,1,3,2.50000000000000000e-1
0,48,1,3,2.50000000000000000e-1
0,49,1,3,2.50000000000000000e-1
0,50,1,3,2.50000000000000000e-1
0,51,1,3,2.50000000000000000e-1
0,52,1,3,2.50000000000000000e-1
0,53,1,3,2.50000000000000000e-1
0,54,1,3,2.50000000000000000e-1
0,55,1,3,2.50000000000000000e-1
0,56,1,3,2.50000000000000000e-1
0,57,1,3,2.50000000000000000e-1
0,58,1,3,2.50000000000000000e-1
0,59,1,3,2.50000000000000000e-1
0,60,1,3,2.50000000000000000e-1
0,61,1,3,2.50000000000000000e-1
0,62,1,3,2.50000000000000000e-1
0,63,1,3,2.50000000000000000e-1
0,64,1,3,2.50000000000000000e-1
0,0,2,3,2.50000000000000000e-1
0,1,2,3,2.50000000000000000e-1
0,2,2,3,2.50000000000000000e-1
0,3,2,3,2.50000000000000000e-1
0,4,2,3,2.50000000000000000e-1
0,5,2,3,2.50000000000000000e-1
0,6,2,3,2.50000000000000000e-1
0,7,2,3,2.50000000000000000e-1
0,8,2,3,2.50000000000000000e-1
0,9,2,3,2.50000000000000000e-1
0,10,2,3,2.50000000000000000e-1
0,11,2,3,2.50000000000000000e-1
0,12,2,3,2.50000000000000000e-1
0,13,2,3,2.50000000000000000e-1
0,14,2,3,2.50000000000000000e-1
0,15,2,3,2.50000000000000000e-1
0,16,2,3,2.50000000000000000e-1
0,17,2,3,2.50000000000000000e-1
0,18,2,3,2.50000000000000000e-1
0,19,2,3,2.50000000000000000e-1
0,20,2,3,2.50000000000000000e-1
0,21,2,3,2.50000000000000000e-1
0,22,2,3,2.50000000000000000e-1
0,23,2,3,2.50000000000000000e-1
0,24,2,3,2.50000000000000000e-1
0,25,2,3,2.50000000000000000e-1
0,26,2,3,2.50000000000000000e-1
0,27,2,3,2.50000000000000000e-1
0,28,2,3,2.50000000000000000e-1
0,29,2,3,2.50000000000000000e-1
0,30,2,3,2.50000000000000000e-1
0,31,2,3,2.50000000000000000e-1
0,32,2,3,2.50000000000000000e-1
0,33,2,3,2.50000000000000000e-1
0,34,2,3,2.50000000000000000e-1
0,35,2,3,2.50000000000000000e-1
0,36,2,3,2.50000000000000000e-1
0,37,2,3,2.50000000000000000e-1
0,38,2,3,2.50000000000000000e-1
0,39,2,3,2.50000000000000000e-1
0,40,2,3,2.50000000000000000e-1
0,41,2,3,2.50000000000000000e-1
0,42,2,3,2.50000000000000000e-1
0,43,2,3,2.50000000000000000e-1
0,44,2,3,2.50000000000000000e-1
0,45,2,3,2.50000000000000000e-1
0,46,2,3,2.50000000000000000e-1
0,47,2,3,2.50000000000000000e-1
0,48,2,3,2.50000000000000000e-1
0,49,2,3,2.50000000000000000e-1
0,50,2,3,2.50000000000000000e-1
0,51,2,3,2.50000000000000000e-1
0,52,2,3,2.50000000000000000e-1
0,53,2,3,2.50000000000000000e-1
0,54,2,3,2.50000000000000000e-1
0,55,2,3,2.50000000000000000e-1
0,56,2,3,2.50000000000000000e-1
0,57,2,3,2.50000000000000000e-1
0,58,2,3,2.50000000000000000e-1
0,59,2,3,2.50000000000000000e-1
0,60,2,3,2.50000000000000000e-1
0,61,2,3,2.50000000000000000e-1
0,62,2,3,2.50000000000000000e-1
0,63,2,3,2.50000000000000000e-1
0,64,2,3,2.50000000000000000e-1
0,0,3,3,2.50000000000000000e-1
0,1,3,3,2.50000000000000000e-1
0,2,3,3,2.50000000000000000e-1
0,3,3,3,2.50000000000000000e-1
0,4,3,3,2.50000000000000000e-1
0,5,3,3,2.50000000000000000e-1
0,6,3,3,2.50000000000000000e-1
0,7,3,3,2.50000000000000000e-1
0,8,3,3,2.50000000000000000e-1
0,9,3,3,2.50000000000000000e-1
0,10,3,3,2.50000000000000000e-1
0,11,3,3,2.50000000000000000e-1
0,12,3,3,2.50000000000000000e-1
0,13,3,3,2.50000000000000000e-1
0,14,3,3,2.50000000000000000e-1
0,15,3,3,2.50000000000000000e-1
0,16,3,3,2.50000000000000000e-1
0,17,3,3,2.50000000000000000e-1
0,18,3,3,2.50000000000000000e-1
0,19,3,3,2.50000000000000000e-1
0,20,3,3,2.50000000000000000e-1
0,21,3,3,2.50000000000000000e-1
0,22,3,3,2.50000000000000000e-1
0,23,3,3,2.50000000000000000e-1
0,24,3,3,2.50000000000000000e-1
0,25,3,3,2.50000000000000000e-1
0,26,3,3,2.50000000000000000e-1
0,27,3,3,2.50000000000000000e-1
0,28,3,3,2.50000000000000000e-1
0,29,3,3,2.50000000000000000e-1
0,30,3,3,2.50000000000000000e-1
0,31,3,3,2.50000000000000000e-1
0,32,3,3,2.50000000000000000e-1
0,33,3,3,2.50000000000000000e-1
0,34,3,3,2.50000000000000000e-1
0,35,3,3,2.50000000000000000e-1
0,36,3,3,2.50000000000000000e-1
0,37,3,3,2.50000000000000000e-1
0,38,3,3,2.50000000000000000e-1
0,39,3,3,2.50000000000000000e-1
0,40,3,3,2.50000000000000000e-1
0,41,3,3,2.50000000000000000e-1
0,42,3,3,2.50000000000000000e-1
0,43,3,3,2.50000000000000000e-1
0,44,3,3,2.50000000000000000e-1
0,45,3,3,2.50000000000000000e-1
0,46,3,3,2.50000000000000000e-1
0,47,3,3,2.50000000000000000e-1
0,48,3,3,2.50000000000000000e-1
0,49,3,3,2.50000000000000000e-1
0,50,3,3,2.50000000000000000e-1
0,51,3,3,2.50000000000000000e-1
0,52,3,3,2.50000000000000000e-1
0,53,3,3,2.50000000000000000e-1
0,54,3,3,2.50000000000000000e-1
0,55,3,3,2.50000000000000000e-1
0,56,3,3,2.50000000000000000e-1
0,57,3,3,2.50000000000000000e-1
0,58,3,3,2.50000000000000000e-1
0,59,3,3,2.50000000000000000e-1
0,60,3,3,2.50000000000000000e-1
0,61,3,3,2.50000000000000000e-1
0,62,3,3,2.50000000000000000e-1
0,63,3,3,2.50000000000000000e-1
0,64,3,3,2.50000000000000000e-1
0,0,4,3,2.50000000000000000e-1
0,1,4,3,2.50000000000000000e-1
0,2,4,3,2.50000000000000000e-1
0,3,4,3,2.50000000000000000e-1
0,4,4,3,2.50000000000000000e-1
0,5,4,3,2.50000000000000000e-1
0,6,4,3,2.50000000000000000e-1
0,7,4,3,2.50000000000000000e-1
0,8,4,3,2.50000000000000000e-1
0,9,4,3,2.50000000000000000e-1
0,10,4,3,2.50000000000000000e-1
0,11,4,3,2.50000000000000000e-1
0,12,4,3,2.50000000000000000e-1
0,13,4,3,2.50000000000000000e-1
0,14,4,3,2.50000000000000000e-1
0,15,4,3,2.50000000000000000e-1
0,16,4,3,2.50000000000000000e-1
0,17,4,3,2.50000000000000000e-1
0,18,4,3,2.50000000000000000e-1
0,19,4,3,2.50000000000000000e-1
0,20,4,3,2.50000000000000000e-1
0,21,4,3,2.50000000000000000e-1
0,22,4,3,2.50000000000000000e-1
0,23,4,3,2.50000000000000000e-1
0,24,4,3,2.50000000000000000e-1
0,25,4,3,2.50000000000000000e-1
0,26,4,3,2.50000000000000000e-1
0,27,4,3,2.50000000000000000e-1
0,28,4,3,2.50000000000000000e-1
0,29,4,3,2.50000000000000000e-1
0,30,4,3,2.50000000000000000e-1
0,31,4,3,2.50000000000000000e-1
0,32,4,3,2.50000000000000000e-1
0,33,4,3,2.50000000000000000e-1
0,34,4,3,2.50000000000000000e-1
0,35,4,3,2.50000000000000000e-1
0,36,4,3,2.50000000000000000e-1
0,37,4,3,2.50000000000000000e-1
0,38,4,3,2.50000000000000000e-1
0,39,4,3,2.50000000000000000e-1
0,40,4,3,2.50000000000000000e-1
0,41,4,3,2.50000000000000000e-1
0,42,4,3,2.50000000000000000e-1
0,43,4,3,2.50000000000000000e-1
0,44,4,3,2.50000000000000000e-1
0,45,4,3,2.50000000000000000e-1
0,46,4,3,2.50000000000000000e-1
0,47,4,3,2.50000000000000000e-1
0,48,4,3,2.50000000000000000e-1
0,49,4,3,2.50000000000000000e-1
0,50,4,3,2.50000000000000000e-1
0,51,4,3,2.50000000000000000e-1
0,52,4,3,2.50000000000000000e-1
0,53,4,3,2.50000000000000000e-1
0,54,4,3,2.50000000000000000e-1
0,55,4,3,2.50000000000000000e-1
0,56,4,3,2.50000000000000000e-1
0,57,4,3,2.50000000000000000e-1
0,58,4,3,2.50000000000000000e-1
0,59,4,3,2.50000000000000000e-1
0,60,4,3,2.50000000000000000e-1
0,61,4,3,2.50000000000000000e-1
0,62,4,3,2.50000000000000000e-1
0,63,4,3,2.50000000000000000e-1
0,64,4,3,2.50000000000000000e-1
0,0,5,3,2.50000000000000000e-1
0,1,5,3,2.50000000000000000e-1
0,2,5,3,2.50000000000000000e-1
0,3,5,3,2.50000000000000000e-1
0,4,5,3,2.50000000000000000e-1
0,5,5,3,2.50000000000000000e-1
0,6,5,3,2.50000000000000000e-1
0,7,5,3,2.50000000000000000e-1
0,8,5,3,2.50000000000000000e-1
0,9,5,3,2.50000000000000000e-1
0,10,5,3,2.50000000000000000e-1
0,11,5,3,2.50000000000000000e-1
0,12,5,3,2.50000000000000000e-1
0,13,5,3,2.50000000000000000e-1
0,14,5,3,2.50000000000000000e-1
0,15,5,3,2.50000000000000000e-1
0,16,5,3,2.50000000000000000e-1
0,17,5,3,2.50000000000000000e-1
0,18,5,3,2.50000000000000000e-1
0,19,5,3,2.50000000000000000e-1
0,20,5,3,2.50000000000000000e-1
0,21,5,3,2.50000000000000000e-1
0,22,5,3,2.50000000000000000e-1
0,23,5,3,2.50000000000000000e-1
0,24,5,3,2.50000000000000000e-1
0,25,5,3,2.50000000000000000e-1
0,26,5,3,2.50000000000000000e-1
0,27,5,3,2.50000000000000000e-1
0,28,5,3,2.50000000000000000e-1
0,29,5,3,2.50000000000000000e-1
0,30,5,3,2.50000000000000000e-1
0,31,5,3,2.50000000000000000e-1
0,32,5,3,2.50000000000000000e-1
0,33,5,3,2.50000000000000000e-1
0,34,5,3,2.50000000000000000e-1
0,35,5,3,2.50000000000000000e-1
0,36,5,3,2.50000000000000000e-1
0,37,5,3,2.50000000000000000e-1
0,38,5,3,2.50000000000000000e-1
0,39,5,3,2.50000000000000000e-1
0,40,5,3,2.50000000000000000e-1
0,41,5,3,2.50000000000000000e-1
0,42,5,3,2.50000000000000000e-1
0,43,5,3,2.50000000000000000e-1
0,44,5,3,2.50000000000000000e-1
0,45,5,3,2.50000000000000000e-1
0,46,5,3,2.50000000000000000e-1
0,47,5,3,2.50000000000000000e-1
0,48,5,3,2.50000000000000000e-1
0,49,5,3,2.50000000000000000e-1
0,50,5,3,2.50000000000000000e-1
0,51,5,3,2.50000000000000000e-1
0,52,5,3,2.50000000000000000e-1
0,53,5,3,2.50000000000000000e-1
0,54,5,3,2.50000000000000000e-1
0,55,5,3,2.50000000000000000e-1
0,56,5,3,2.50000000000000000e-1
0,57,5,3,2.50000000000000000e-1
0,58,5,3,2.50000000000000000e-1
0,59,5,3,2.50000000000000000e-1
0,60,5,3,2.50000000000000000e-1
0,61,5,3,2.50000000000000000e-1
0,62,5,3,2.50000000000000000e-1
0,63,5,3,2.50000000000000000e-1
0,64,5,3,2.50000000000000000e-1
0,0,6,3,2.50000000000000000e-1
0,1,6,3,2.50000000000000000e-1
0,2,6,3,2.50000000000000000e-1
0,3,6,3,2.50000000000000000e-1
0,4,6,3,2.50000000000000000e-1
0,5,6,3,2.50000000000000000e-1
0,6,6,3,2.50000000000000000e-1
0,7,6,3,2.50000000000000000e-1
0,8,6,3,2.50000000000000000e-1
0,9,6,3,2.50000000000000000e-1
0,10,6,3,2.50000000000000000e-1
0,11,6,3,2.50000000000000000e-1
0,12,6,3,2.50000000000000000e-1
0,13,6,3,2.50000000000000000e-1
0,14,6,3,2.50000000000000000e-1
0,15,6,3,2.50000000000000000e-1
0,16,6,3,2.50000000000000000e-1
0,17,6,3,2.50000000000000000e-1
0,18,6,3,2.50000000000000000e-1
0,19,6,3,2.50000000000000000e-1
0,20,6,3,2.50000000000000000e-1
0,21,6,3,2.50000000000000000e-1
0,22,6,3,2.50000000000000000e-1
0,23,6,3,2.50000000000000000e-1
0,24,6,3,2.50000000000000000e-1
0,25,6,3,2.50000000000000000e-1
0,26,6,3,2.50000000000000000e-1
0,27,6,3,2.50000000000000000e-1
0,28,6,3,2.50000000000000000e-1
0,29,6,3,2.50000000000000000e-1
0,30,6,3,2.50000000000000000e-1
0,31,6,3,2.50000000000000000e-1
0,32,6,3,2.50000000000000000e-1
0,33,6,3,2.50000000000000000e-1
0,34,6,3,2.50000000000000000e-1
0,35,6,3,2.50000000000000000e-1
0,36,6,3,2.50000000000000000e-1
0,37,6,3,2.50000000000000000e-1
0,38,6,3,2.50000000000000000e-1
0,39,6,3,2.50000000000000000e-1
0,40,6,3,2.50000000000000000e-1
0,41,6,3,2.50000000000000000e-1
0,42,6,3,2.50000000000000000e-1
0,43,6,3,2.50000000000000000e-1
0,44,6,3,2.50000000000000000e-1
0,45,6,3,2.50000000000000000e-1
0,46,6,3,2.50000000000000000e-1
0,47,6,3,2.50000000000000000e-1
0,48,6,3,2.50000000000000000e-1
0,49,6,3,2.50000000000000000e-1
0,50,6,3,2.50000000000000000e-1
0,51,6,3,2.50000000000000000e-1
0,52,6,3,2.50000000000000000e-1
0,53,6,3,2.50000000000000000e-1
0,54,6,3,2.50000000000000000e-1
0,55,6,3,2.50000000000000000e-1
0,56,6,3,2.50000000000000000e-1
0,57,6,3,2.50000000000000000e-1
0,58,6,3,2.50000000000000000e-1
0,59,6,3,2.50000000000000000e-1
0,60,6,3,2.50000000000000000e-1
0,61,6,3,2.50000000000000000e-1
0,62,6,3,2.50000000000000000e-1
0,63,6,3,2.50000000000000000e-1
0,64,6,3,2.50000000000000000e-1
0,0,7,3,2.50000000000000000e-1
0,1,7,3,2.50000000000000000e-1
0,2,7,3,2.50000000000000000e-1
0,3,7,3,2.50000000000000000e-1
0,4,7,3,2.50000000000000000e-1
0,5,7,3,2.50000000000000000e-1
0,6,7,3,2.50000000000000000e-1
0,7,7,3,2.50000000000000000e-1
0,8,7,3,2.50000000000000000e-1
0,9,7,3,2.50000000000000000e-1
0,10,7,3,2.50000000000000000e-1
0,11,7,3,2.50000000000000000e-1
0,12,7,3,2.50000000000000000e-1
0,13,7,3,2.50000000000000000e-1
0,14,7,3,2.50000000000000000e-1
0,15,7,3,2.50000000000000000e-1
0,16,7,3,2.50000000000000000e-1
0,17,7,3,2.50000000000000000e-1
0,18,7,3,2.50000000000000000e-1
0,19,7,3,2.50000000000000000e-1
0,20,7,3,2.50000000000000000e-1
0,21,7,3,2.50000000000000000e-1
0,22,7,3,2.50000000000000000e-1
0,23,7,3,2.50000000000000000e-1
0,24,7,3,2.50000000000000000e-1
0,25,7,3,2.50000000000000000e-1
0,26,7,3,2.50000000000000000e-1
0,27,7,3,2.50000000000000000e-1
0,28,7,3,2.50000000000000000e-1
0,29,7,3,2.50000000000000000e-1
0,30,7,3,2.50000000000000000e-1
0,31,7,3,2.50000000000000000e-1
0,32,7,3,2.50000000000000000e-1
0,33,7,3,2.50000000000000000e-1
0,34,7,3,2.50000000000000000e-1
0,35,7,3,2.50000000000000000e-1
0,36,7,3,2.50000000000000000e-1
0,37,7,3,2.50000000000000000e-1
0,38,7,3,2.50000000000000000e-1
0,39,7,3,2.50000000000000000e-1
0,40,7,3,2.50000000000000000e-1
0,41,7,3,2.50000000000000000e-1
0,42,7,3,2.50000000000000000e-1
0,43,7,3,2.50000000000000000e-1
0,44,7,3,2.50000000000000000e-1
0,45,7,3,2.50000000000000000e-1
0,46,7,3,2.50000000000000000e-1
0,47,7,3,2.50000000000000000e-1
0,48,7,3,2.50000000000000000e-1
0,49,7,3,2.50000000000000000e-1
0,50,7,3,2.50000000000000000e-1
0,51,7,3,2.50000000000000000e-1
0,52,7,3,2.50000000000000000e-1
0,53,7,3,2.50000000000000000e-1
0,54,7,3,2.50000000000000000e-1
0,55,7,3,2.50000000000000000e-1
0,56,7,3,2.50000000000000000e-1
0,57,7,3,2.50000000000000000e-1
0,58,7,3,2.50000000000000000e-1
0,59,7,3,2.50000000000000000e-1
0,60,7,3,2.50000000000000000e-1
0,61,7,3,2.50000000000000000e-1
0,62,7,3,2.50000000000000000e-1
0,63,7,3,2.50000000000000000e-1
0,64,7,3,2.50000000000000000e-1
1,0,0,0,0.00000000000000000e0
1,1,0,0,0.00000000000000000e0
1,2,0,0,0.00000000000000000e0
1,3,0,0,0.00000000000000000e0
1,4,0,0,0.00000000000000000e0
1,5,0,0,0.00000000000000000e0
1,6,0,0,0.00000000000000000e0
1,7,0,0,0.00000000000000000e0
1,8,0,0,0.00000000000000000e0
1,9,0,0,0.00000000000000000e0
1,10,0,0,0.00000000000000000e0
1,11,0,0,0.00000000000000000e0
1,12,0,0,0.00000000000000000e0
1,13,0,0,0.00000000000000000e0
1,14,0,0,0.00000000000000000e0
1,15,0,0,0.00000000000000000e0
1,16,0,0,0.00000000000000000e0
1,17,0,0,0.00000000000000000e0
1,18,0,0,0.00000000000000000e0
1,19,0,0,0.00000000000000000e0
1,20,0,0,0.00000000000000000e0
1,21,0,0,0.00000000000000000e0
1,22,0,0,0.00000000000000000e0
1,23,0,0,0.00000000000000000e0
1,24,0,0,0.00000000000000000e0
1,25,0,0,0.00000000000000000e0
1,26,0,0,0.00000000000000000e0
1,27,0,0,0.00000000000000000e0
1,28,0,0,0.00000000000000000e0
1,29,0,0,0.00000000000000000e0
1,30,0,0,0.00000000000000000e0
1,31,0,0,0.00000000000000000e0
1,32,0,0,0.00000000000000000e0
1,33,0,0,0.00000000000000000e0
1,34,0,0,0.00000000000000000e0
1,35,0,0,0.00000000000000000e0
1,36,0,0,0.00000000000000000e0
1,37,0,0,0.00000000000000000e0
1,38,0,0,0.00000000000000000e0
1,39,0,0,0.00000000000000000e0
1,40,0,0,0.00000000000000000e0
1,41,0,0,0.00000000000000000e0
1,42,0,0,0.00000000000000000e0
1,43,0,0,0.00000000000000000e0
1,44,0,0,0.00000000000000000e0
1,45,0,0,0.00000000000000000e0
1,46,0,0,0.00000000000000000e0
1,47,0,0,0.00000000000000000e0
1,48,0,0,0.00000000000000000e0
1,49,0,0,0.00000000000000000e0
1,50,0,0,0.00000000000000000e0
1,51,0,0,0.00000000000000000e0
1,52,0,0,0.00000000000000000e0
1,53,0,0,0.00000000000000000e0
1,54,0,0,0.00000000000000000e0
1,55,0,0,0.00000000000000000e0
1,56,0,0,0.00000000000000000e0
1,57,0,0,0.00000000000000000e0
1,58,0,0,0.00000000000000000e0
1,59,0,0,0.00000000000000000e0
1,60,0,0,0.00000000000000000e0
1,61,0,0,0.00000000000000000e0
1,62,0,0,0.00000000000000000e0
1,63,0,0,0.00000000000000000e0
1,0,1,0,8.82498216755837894e-14
1,1,1,0,8.82499775296460842e-14
1,2,1,0,8.82511159419271940e-14
1,3,1,0,8.82545244025069453e-14
1,4,1,0,8.82595049562368006e-14
1,5,1,0,8.82637401209730721e-14
1,6,1,0,8.82791493443495223e-14
1,7,1,0,8.83634325107331142e-14
1,8,1,0,8.86360822520589064e-14
1,9,1,0,8.92410128541971936e-14
1,10,1,0,9.02679081656032611e-14
1,11,1,0,9.16994616090988091e-14
1,12,1,0,9.34332906182833156e-14
1,13,1,0,9.53484863221339130e-14
1,14,1,0,9.73476805892978247e-14
1,15,1,0,9.93563277441530945e-14
1,16,1,0,1.01320475176091412e-13
1,17,1,0,1.03218181343647103e-13
1,18,1,0,1.05036930487991537e-13
1,19,1,0,1.06692954438773052e-13
1,20,1,0,1.07972170700770809e-13
1,21,1,0,1.08599429091398719e-13
1,22,1,0,1.08418841667044102e-13
1,23,1,0,1.07529883977032503e-13
1,24,1,0,1.06246493536670678e-13
1,25,1,0,1.04912552170016715e-13
1,26,1,0,1.03734403879285342e-13
1,27,1,0,1.02753051835387244e-13
1,28,1,0,1.01935637936232532e-13
1,29,1,0,1.01274003560473252e-13
1,30,1,0,1.00808216754646324e-13
1,31,1,0,1.00574754145592304e-13
1,32,1,0,1.00523247766135665e-13
1,33,1,0,1.00457341826575702e-13
1,34,1,0,1.00057603261843875e-13
1,35,1,0,9.90012650851912479e-14
1,36,1,0,9.70993169766357078e-14
1,37,1,0,9.43365733294988795e-14
1,38,1,0,9.08000616969134589e-14
1,39,1,0,8.65973552631807419e-14
1,40,1,0,8.18466456176288049e-14
1,41,1,0,7.67123994535601206e-14
1,42,1,0,7.14235663884857375e-14
1,43,1,0,6.62594233495107654e-14
1,44,1,0,6.15144599754730015e-14
1,45,1,0,5.74446225179783831e-14
1,46,1,0,5.42169086047757792e-14
1,47,1,0,5.19096891122769466e-14
1,48,1,0,5.05621952184669154e-14
1,49,1,0,5.01890297713563499e-14
1,50,1,0,5.06958671819390111e-14
1,51,1,0,5.17668251472612473e-14
1,52,1,0,5.28746968084248259e-14
1,53,1,0,5.34590716149991457e-14
1,54,1,0,5.31291692227025408e-14
1,55,1,0,5.17110158404325559e-14
1,56,1,0,4.91328067911845495e-14
1,57,1,0,4.53160322851434150e-14
1,58,1,0,4.02007054489846027e-14
1,59,1,0,3.38482429476476276e-14
1,60,1,0,2.64777976155755948e-14
1,61,1,0,1.83901999802494470e-14
1,62,1,0,9.86782626232829765e-15
1,63,1,0,1.14727298689188848e-15
1,0,2,0,1.06599950221164530e-13
1,1,2,0,1.06599970549955264e-13
1,2,2,0,1.06600377125769946e-13
1,3,2,0,1.06603358681744281e-13
1,4,2,0,1.06615433983440339e-13
1,5,2,0,1.06647451828846551e-13
1,6,2,0,1.06704731584871676e-13
1,7,2,0,1.06762648309673136e-13
1,8,2,0,1.06734913062848241e-13
1,9,2,0,1.06459972944433073e-13
1,10,2,0,1.05740184674647103e-13
1,11,2,0,1.04444156502712243e-13
1,12,2,0,1.02626837149982775e-13
1,13,2,0,1.00577823792993154e-13
1,14,2,0,9.87329114949739295e-14
1,15,2,0,9.74800142407132586e-14
1,16,2,0,9.69879016508856662e-14
1,17,2,0,9.71882147785159412e-14
1,18,2,0,9.79239543727646045e-14
1,19,2,0,9.91317623691770344e-14
1,20,2,0,1.00892506697293494e-13
1,21,2,0,1.03307282433434677e-13
1,22,2,0,1.06319019885746380e-13
1,23,2,0,1.09646266946514942e-13
1,24,2,0,1.12886635531949525e-13
1,25,2,0,1.15697653280816271e-13
1,26,2,0,1.17910022023881567e-13
1,27,2,0,1.19504097373032692e-13
1,28,2,0,1.20498188792457495e-13
1,29,2,0,1.20857330762093318e-13
1,30,2,0,1.20501089033268893e-13
1,31,2,0,1.19406830885633586e-13
1,32,2,0,1.17721912946955332e-13
1,33,2,0,1.15773073094439793e-13
1,34,2,0,1.13928397965645800e-13
1,35,2,0,1.12397978836546730e-13
1,36,2,0,1.11136936513465262e-13
1,37,2,0,1.09940648165135491e-13
1,38,2,0,1.08645534788783665e-13
1,39,2,0,1.07248940089087197e-13
1,40,2,0,1.05847676543785463e-13
1,41,2,0,1.04475571260660011e-13
1,42,2,0,1.03007500532742435e-13
1,43,2,0,1.01217747020248411e-13
1,44,2,0,9.89315779905547421e-14
1,45,2,0,9.61302502986045859e-14
1,46,2,0,9.29179557731737993e-14
1,47,2,0,8.93849610213853785e-14
1,48,2,0,8.54967409803092382e-14
1,49,2,0,8.11187461603399274e-14
1,50,2,0,7.61570778770766232e-14
1,51,2,0,7.06718754697743812e-14
1,52,2,0,6.48331553916060843e-14
1,53,2,0,5.87492226633394565e-14
1,54,2,0,5.23488723072965123e-14
1,55,2,0,4.54584286879722299e-14
1,56,2,0,3.80017570959356038e-14
1,57,2,0,3.01058785919568889e-14
1,58,2,0,2.20011505623054701e-14
1,59,2,0,1.38446442556213432e-14
1,60,2,0,5.67438382793970103e-15
1,61,2,0,-2.47455614518484000e-15
1,62,2,0,-1.04640087081873424e-14
1,63,2,0,-1.80993627474802105e-14
1,0,3,0,-2.81865595317190576e-14
1,1,3,0,-2.81865984952346313e-14
1,2,3,0,-2.81861241567841689e-14
1,3,3,0,-2.81786770431119091e-14
1,4,3,0,-2.81355579838989817e-14
1,5,3,0,-2.79821908103373290e-14
1,6,3,0,-2.75924269055923682e-14
1,7,3,0,-2.68285404065064445e-14
1,8,3,0,-2.56138612788258876e-14
1,9,3,0,-2.39773173917653265e-14
1,10,3,0,-2.20226194593865776e-14
1,11,3,0,-1.98503560323078782e-14
1,12,3,0,-1.75109120183637029e-14
1,13,3,0,-1.50250583594866219e-14
1,14,3,0,-1.24278046214525498e-14
1,15,3,0,-9.77200481313720767e-15
1,16,3,0,-7.08821649514574173e-15
1,17,3,0,-4.35173341047263851e-15
1,18,3,0,-1.48840333029994117e-15
1,19,3,0,1.60425901451772667e-15
1,20,3,0,5.05184934005862771e-15
1,21,3,0,8.99644535300517245e-15
1,22,3,0,1.35454595131569155e-14
1,23,3,0,1.86831937589023930e-14
1,24,3,0,2.42237802624938048e-14
1,25,3,0,2.98790296161550312e-14
1,26,3,0,3.54195534393083461e-14
1,27,3,0,4.08135405625866671e-14
1,28,3,0,4.62285374910886837e-14
1,29,3,0,5.18823299480806327e-14
1,30,3,0,5.78497075546732797e-14
1,31,3,0,6.39737354345311371e-14
1,32,3,0,6.99529206804085091e-14
1,33,3,0,7.55353489175283888e-14
1,34,3,0,8.06612467248689347e-14
1,35,3,0,8.54367371663257436e-14
1,36,3,0,8.99619327600006957e-14
1,37,3,0,9.41597399551664938e-14
1,38,3,0,9.77533212796061202e-14
1,39,3,0,1.00413729794187473e-13
1,40,3,0,1.01953025828573768e-13
1,41,3,0,1.02405673459322888e-13
1,42,3,0,1.01949969733700074e-13
1,43,3,0,1.00760410215103291e-13
1,44,3,0,9.89205326809225460e-14
1,45,3,0,9.64458479984879602e-14
1,46,3,0,9.33594157927555846e-14
1,47,3,0,8.97272300947118961e-14
1,48,3,0,8.56181038609918343e-14
1,49,3,0,8.10405480786494103e-14
1,50,3,0,7.59374117406674820e-14
1,51,3,0,7.02610915954103576e-14
1,52,3,0,6.40680474710102199e-14
1,53,3,0,5.75447621411345756e-14
1,54,3,0,5.09322740775176863e-14
1,55,3,0,4.44050043046581577e-14
1,56,3,0,3.80036713903963985e-14
1,57,3,0,3.16775516137190322e-14
1,58,3,0,2.53927517982746251e-14
1,59,3,0,1.92041715375065175e-14
1,60,3,0,1.32304691358967226e-14
1,61,3,0,7.57319283239271668e-15
1,62,3,0,2.27547227411926782e-15
1,63,3,0,-2.63918695112084351e-15
1,0,4,0,-7.52548996968242789e-14
1,1,4,0,-7.52550555508865737e-14
1,2,4,0,-7.52568173794168627e-14
1,3,4,0,-7.52668665783030877e-14
1,4,4,0,-7.53045493800605370e-14
1,5,4,0,-7.54063220827390357e-14
1,6,4,0,-7.56095083461263973e-14
1,7,4,0,-7.59000609758253564e-14
1,8,4,0,-7.61416347723822828e-14
1,9,4,0,-7.60473837222754023e-14
1,10,4,0,-7.52582268422410938e-14
1,11,4,0,-7.35210164775311481e-14
1,12,4,0,-7.08629254450934831e-14
1,13,4,0,-6.76254435479431426e-14
1,14,4,0,-6.43039156536344414e-14
1,15,4,0,-6.12853612801632364e-14
1,16,4,0,-5.86659085026475235e-14
1,17,4,0,-5.62759203386747897e-14
1,18,4,0,-5.38818426996327121e-14
1,19,4,0,-5.14005105026280745e-14
1,20,4,0,-4.89626412602129496e-14
1,21,4,0,-4.67890632380001115e-14
1,22,4,0,-4.49887794119058215e-14
1,23,4,0,-4.34386074744767814e-14
1,24,4,0,-4.18304408852151338e-14
1,25,4,0,-3.98422072243886927e-14
1,26,4,0,-3.73062380141543637e-14
1,27,4,0,-3.42680934626790612e-14
1,28,4,0,-3.09189353536309247e-14
1,29,4,0,-2.74696647264809080e-14
1,30,4,0,-2.40609771418997392e-14
1,31,4,0,-2.07638404083401729e-14
1,32,4,0,-1.76513195878323648e-14
1,33,4,0,-1.48662329056128625e-14
1,34,4,0,-1.26145796214868593e-14
1,35,4,0,-1.10813000621249116e-14
1,36,4,0,-1.03348819235102134e-14
1,37,4,0,-1.02970127745043681e-14
1,38,4,0,-1.07970341109604739e-14
1,39,4,0,-1.16622511615264296e-14
1,40,4,0,-1.27727105083438701e-14
1,41,4,0,-1.40470207555111297e-14
1,42,4,0,-1.53881695255132789e-14
1,43,4,0,-1.66505840419692991e-14
1,44,4,0,-1.76656734081565361e-14
1,45,4,0,-1.83074211443801788e-14
1,46,4,0,-1.85438432865519046e-14
1,47,4,0,-1.84349199317326851e-14
1,48,4,0,-1.80859660743864364e-14
1,49,4,0,-1.75985223301641097e-14
1,50,4,0,-1.70493485188117841e-14
1,51,4,0,-1.64939524034289284e-14
1,52,4,0,-1.59770861227507763e-14
1,53,4,0,-1.55463309055563909e-14
1,54,4,0,-1.52737438446686954e-14
1,55,4,0,-1.52742893338867272e-14
1,56,4,0,-1.56906534613072621e-14
1,57,4,0,-1.66296640222380124e-14
1,58,4,0,-1.80855527223081763e-14
1,59,4,0,-1.99187048148877222e-14
1,60,4,0,-2.19251937297933880e-14
1,61,4,0,-2.39507070046943854e-14
1,62,4,0,-2.59545735055953519e-14
1,63,4,0,-2.79729225758284725e-14
1,0,5,0,-7.97832733581173292e-14
1,1,5,0,-7.97831920429543928e-14
1,2,5,0,-7.97829548737291616e-14
1,3,5,0,-7.97850284103840401e-14
1,4,5,0,-7.98040493822475827e-14
1,5,5,0,-7.98834671913821459e-14
1,6,5,0,-8.01081138815211424e-14
1,7,5,0,-8.05957744661779663e-14
1,8,5,0,-8.14631971905385721e-14
1,9,5,0,-8.27818851878783790e-14
1,10,5,0,-8.45448250253941214e-14
1,11,5,0,-8.66515789243321732e-14
1,12,5,0,-8.89078781841738663e-14
1,13,5,0,-9.10421098319208477e-14
1,14,5,0,-9.27522761286908581e-14
1,15,5,0,-9.37829864764913590e-14
1,16,5,0,-9.39993254674836853e-14
1,17,5,0,-9.34120470319661778e-14
1,18,5,0,-9.21409758387892186e-14
1,19,5,0,-9.03475631439630555e-14
1,20,5,0,-8.81785015014249773e-14
1,21,5,0,-8.57380572788501993e-14
1,22,5,0,-8.30821617558118175e-14
1,23,5,0,-8.02257633697629757e-14
1,24,5,0,-7.71623162500872928e-14
1,25,5,0,-7.38928368363214738e-14
1,26,5,0,-7.04505762538429336e-14
1,27,5,0,-6.69044491032402822e-14
1,28,5,0,-6.33387317746335332e-14
1,29,5,0,-5.98287898715375854e-14
1,30,5,0,-5.64373444896307253e-14
1,31,5,0,-5.32354210356061203e-14
1,32,5,0,-5.03255511536630090e-14
1,33,5,0,-4.78423283791200998e-14
1,34,5,0,-4.59265261996792684e-14
1,35,5,0,-4.46886010997942645e-14
1,36,5,0,-4.41797816321150283e-14
1,37,5,0,-4.43817549443219217e-14
1,38,5,0,-4.52182474135805895e-14
1,39,5,0,-4.65821906872262992e-14
1,40,5,0,-4.83632570298132836e-14
1,41,5,0,-5.04644645570127143e-14
1,42,5,0,-5.28092245497338575e-14
1,43,5,0,-5.53414668150002675e-14
1,44,5,0,-5.80073708793434062e-14
1,45,5,0,-6.07088164461533353e-14
1,46,5,0,-6.32542182152882881e-14
1,47,5,0,-6.53623341432055249e-14
1,48,5,0,-6.67454440783817049e-14
1,49,5,0,-6.72280698992000492e-14
1,50,5,0,-6.68250990567414993e-14
1,51,5,0,-6.57425638450961913e-14
1,52,5,0,-6.43197517816163078e-14
1,53,5,0,-6.29421306199383357e-14
1,54,5,0,-6.19381594082167586e-14
1,55,5,0,-6.14827741669821126e-14
1,56,5,0,-6.15612365229521730e-14
1,57,5,0,-6.20327628240296969e-14
1,58,5,0,-6.27565558655902855e-14
1,59,5,0,-6.36776940313339701e-14
1,60,5,0,-6.48025131277062127e-14
1,61,5,0,-6.61008181242032922e-14
1,62,5,0,-6.74423150247467629e-14
1,63,5,0,-6.86341784729600779e-14
1,0,6,0,-1.41386847975905061e-13
1,1,6,0,-1.41387024158758090e-13
1,2,6,0,-1.41387959283131859e-13
1,3,6,0,-1.41388216781147824e-13
1,4,6,0,-1.41373580051819270e-13
1,5,6,0,-1.41296940510751701e-13
1,6,6,0,-1.41063050997092265e-13
1,7,6,0,-1.40539340690200298e-13
1,8,6,0,-1.39599079908639401e-13
1,9,6,0,-1.38173245631603714e-13
1,10,6,0,-1.36271907386770197e-13
1,11,6,0,-1.33955970231178223e-13
1,12,6,0,-1.31282558066790622e-13
1,13,6,0,-1.28272839941025174e-13
1,14,6,0,-1.24932453705178803e-13
1,15,6,0,-1.21308955177042155e-13
1,16,6,0,-1.17536311087552969e-13
1,17,6,0,-1.13819611830164036e-13
1,18,6,0,-1.10356636209927444e-13
1,19,6,0,-1.07251033954532810e-13
1,20,6,0,-1.04489950491972600e-13
1,21,6,0,-1.02004932007581511e-13
1,22,6,0,-9.97568726842507081e-14
1,23,6,0,-9.77670974234602641e-14
1,24,6,0,-9.60746984897918599e-14
1,25,6,0,-9.46654050721501550e-14
1,26,6,0,-9.34329043712593676e-14
1,27,6,0,-9.22038798935841120e-14
1,28,6,0,-9.08105987867773023e-14
1,29,6,0,-8.91570956060468156e-14
1,30,6,0,-8.72290453301886870e-14
1,31,6,0,-8.50511067823633837e-14
1,32,6,0,-8.26452824904087835e-14
1,33,6,0,-8.00325924239439490e-14
1,34,6,0,-7.72674974133455428e-14
1,35,6,0,-7.44640013170504156e-14
1,36,6,0,-7.17824237550512834e-14
1,37,6,0,-6.93726760064850012e-14
1,38,6,0,-6.73026155748220056e-14
1,39,6,0,-6.55253236110479864e-14
1,40,6,0,-6.39185156626337347e-14
1,41,6,0,-6.23625567961090532e-14
1,42,6,0,-6.07864995318119217e-14
1,43,6,0,-5.91577026080869484e-14
1,44,6,0,-5.74607568015576831e-14
1,45,6,0,-5.57114643588881020e-14
1,46,6,0,-5.39860616334628812e-14
1,47,6,0,-5.24128842811864143e-14
1,48,6,0,-5.11182554076804185e-14
1,49,6,0,-5.01771780863583677e-14
1,50,6,0,-4.96126035219590644e-14
1,51,6,0,-4.94311860053161384e-14
1,52,6,0,-4.96520549285103807e-14
1,53,6,0,-5.03038027357093076e-14
1,54,6,0,-5.13965023427216672e-14
1,55,6,0,-5.28915663166023425e-14
1,56,6,0,-5.46985925249567767e-14
1,57,6,0,-5.67186238026231443e-14
1,58,6,0,-5.89126458120509122e-14
1,59,6,0,-6.13344078759410494e-14
1,60,6,0,-6.40860723321277914e-14
1,61,6,0,-6.72306923132047485e-14
1,62,6,0,-7.07435886672207193e-14
1,63,6,0,-7.45416979552361580e-14
1,0,7,0,-1.42571040693748041e-13
1,1,7,0,-1.42571284639236850e-13
1,2,7,0,-1.42573710541597787e-13
1,3,7,0,-1.42584010462236399e-13
1,4,7,0,-1.42605409902615832e-13
1,5,7,0,-1.42609014874839346e-13
1,6,7,0,-1.42482203878240010e-13
1,7,7,0,-1.41994787239071996e-13
1,8,7,0,-1.40834392758915072e-13
1,9,7,0,-1.38715143429939125e-13
1,10,7,0,-1.35499332023711339e-13
1,11,7,0,-1.31256483004542346e-13
1,12,7,0,-1.26231436328033686e-13
1,13,7,0,-1.20752393544323877e-13
1,14,7,0,-1.15132011454903427e-13
1,15,7,0,-1.09593310446652603e-13
1,16,7,0,-1.04229613221568096e-13
1,17,7,0,-9.90076754305360685e-14
1,18,7,0,-9.38193885644325598e-14
1,19,7,0,-8.85567864156687479e-14
1,20,7,0,-8.31711002152735190e-14
1,21,7,0,-7.77045054277565594e-14
1,22,7,0,-7.23065270852307762e-14
1,23,7,0,-6.72312547430817253e-14
1,24,7,0,-6.27960276009323359e-14
1,25,7,0,-5.93061908718724162e-14
1,26,7,0,-5.69845413260841593e-14
1,27,7,0,-5.59402310172825434e-14
1,28,7,0,-5.61726941274588026e-14
1,29,7,0,-5.75786637878154817e-14
1,30,7,0,-5.99483299373176903e-14
1,31,7,0,-6.29734776152503228e-14
1,32,7,0,-6.62915902727156947e-14
1,33,7,0,-6.95530330378779649e-14
1,34,7,0,-7.24750663129436479e-14
1,35,7,0,-7.48638686307902257e-14
1,36,7,0,-7.66158919076817546e-14
1,37,7,0,-7.77168382274685821e-14
1,38,7,0,-7.82409347813844969e-14
1,39,7,0,-7.83302798166608805e-14
1,40,7,0,-7.81313693755912586e-14
1,41,7,0,-7.77029536633971896e-14
1,42,7,0,-7.69604513580976479e-14
1,43,7,0,-7.57152858205795143e-14
1,44,7,0,-7.37919857054895878e-14
1,45,7,0,-7.11412875766155584e-14
1,46,7,0,-6.78830703129164326e-14
1,47,7,0,-6.42720401097633676e-14
1,48,7,0,-6.06148635516438883e-14
1,49,7,0,-5.71772108283984115e-14
1,50,7,0,-5.41242432003461588e-14
1,51,7,0,-5.15201691530207950e-14
1,52,7,0,-4.93660390072769156e-14
1,53,7,0,-4.76332196613655362e-14
1,54,7,0,-4.62850007073526554e-14
1,55,7,0,-4.53089781947586812e-14
1,56,7,0,-4.47494892161746927e-14
1,57,7,0,-4.46862599007280537e-14
1,58,7,0,-4.51437864412533585e-14
1,59,7,0,-4.60095150997194557e-14
1,60,7,0,-4.70580842901798663e-14
1,61,7,0,-4.80721521346327146e-14
1,62,7,0,-4.89370574770740807e-14
1,63,7,0,-4.96162796449501481e-14
1,0,8,0,0.00000000000000000e0
1,1,8,0,0.00000000000000000e0
1,2,8,0,0.00000000000000000e0
1,3,8,0,0.00000000000000000e0
1,4,8,0,0.00000000000000000e0
1,5,8,0,0.00000000000000000e0
1,6,8,0,0.00000000000000000e0
1,7,8,0,0.00000000000000000e0
1,8,8,0,0.00000000000000000e0
1,9,8,0,0.00000000000000000e0
1,10,8,0,0.00000000000000000e0
1,11,8,0,0.00000000000000000e0
1,12,8,0,0.00000000000000000e0
1,13,8,0,0.00000000000000000e0
1,14,8,0,0.00000000000000000e0
1,15,8,0,0.00000000000000000e0
1,16,8,0,0.00000000000000000e0
1,17,8,0,0.00000000000000000e0
1,18,8,0,0.00000000000000000e0
1,19,8,0,0.00000000000000000e0
1,20,8,0,0.00000000000000000e0
1,21,8,0,0.00000000000000000e0
1,22,8,0,0.00000000000000000e0
1,23,8,0,0.00000000000000000e0
1,24,8,0,0.00000000000000000e0
1,25,8,0,0.00000000000000000e0
1,26,8,0,0.00000000000000000e0
1,27,8,0,0.00000000000000000e0
1,28,8,0,0.00000000000000000e0
1,29,8,0,0.00000000000000000e0
1,30,8,0,0.00000000000000000e0
1,31,8,0,0.00000000000000000e0
1,32,8,0,0.00000000000000000e0
1,33,8,0,0.00000000000000000e0
1,34,8,0,0.00000000000000000e0
1,35,8,0,0.00000000000000000e0
1,36,8,0,0.00000000000000000e0
1,37,8,0,0.00000000000000000e0
1,38,8,0,0.00000000000000000e0
1,39,8,0,0.00000000000000000e0
1,40,8,0,0.00000000000000000e0
1,41,8,0,0.00000000000000000e0
1,42,8,0,0.00000000000000000e0
1,43,8,0,0.00000000000000000e0
1,44,8,0,0.00000000000000000e0
1,45,8,0,0.00000000000000000e0
1,46,8,0,0.00000000000000000e0
1,47,8,0,0.00000000000000000e0
1,48,8,0,0.00000000000000000e0
1,49,8,0,0.00000000000000000e0
1,50,8,0,0.00000000000000000e0
1,51,8,0,0.00000000000000000e0
1,52,8,0,0.00000000000000000e0
1,53,8,0,0.00000000000000000e0
1,54,8,0,0.00000000000000000e0
1,55,8,0,0.00000000000000000e0
1,56,8,0,0.00000000000000000e0
1,57,8,0,0.00000000000000000e0
1,58,8,0,0.00000000000000000e0
1,59,8,0,0.00000000000000000e0
1,60,8,0,0.00000000000000000e0
1,61,8,0,0.00000000000000000e0
1,62,8,0,0.00000000000000000e0
1,63,8,0,0.00000000000000000e0
1,0,0,1,0.00000000000000000e0
1,1,0,1,0.00000000000000000e0
1,2,0,1,0.00000000000000000e0
1,3,0,1,0.00000000000000000e0
1,4,0,1,0.00000000000000000e0
1,5,0,1,0.00000000000000000e0
1,6,0,1,0.00000000000000000e0
1,7,0,1,0.00000000000000000e0
1,8,0,1,0.00000000000000000e0
1,9,0,1,0.00000000000000000e0
1,10,0,1,0.00000000000000000e0
1,11,0,1,0.00000000000000000e0
1,12,0,1,0.00000000000000000e0
1,13,0,1,0.00000000000000000e0
1,14,0,1,0.00000000000000000e0
1,15,0,1,0.00000000000000000e0
1,16,0,1,0.00000000000000000e0
1,17,0,1,0.00000000000000000e0
1,18,0,1,0.00000000000000000e0
1,19,0,1,0.00000000000000000e0
1,20,0,1,0.00000000000000000e0
1,21,0,1,0.00000000000000000e0
1,22,0,1,0.00000000000000000e0
1,23,0,1,0.00000000000000000e0
1,24,0,1,0.00000000000000000e0
1,25,0,1,0.00000000000000000e0
1,26,0,1,0.00000000000000000e0
1,27,0,1,0.00000000000000000e0
1,28,0,1,0.00000000000000000e0
1,29,0,1,0.00000000000000000e0
1,30,0,1,0.00000000000000000e0
1,31,0,1,0.00000000000000000e0
1,32,0,1,0.00000000000000000e0
1,33,0,1,0.00000000000000000e0
1,34,0,1,0.00000000000000000e0
1,35,0,1,0.00000000000000000e0
1,36,0,1,0.00000000000000000e0
1,37,0,1,0.00000000000000000e0
1,38,0,1,0.00000000000000000e0
1,39,0,1,0.00000000000000000e0
1,40,0,1,0.00000000000000000e0
1,41,0,1,0.00000000000000000e0
1,42,0,1,0.00000000000000000e0
1,43,0,1,0.00000000000000000e0
1,44,0,1,0.00000000000000000e0
1,45,0,1,0.00000000000000000e0
1,46,0,1,0.00000000000000000e0
1,47,0,1,0.00000000000000000e0
1,48,0,1,0.00000000000000000e0
1,49,0,1,0.00000000000000000e0
1,50,0,1,0.00000000000000000e0
1,51,0,1,0.00000000000000000e0
1,52,0,1,0.00000000000000000e0
1,53,0,1,0.00000000000000000e0
1,54,0,1,0.00000000000000000e0
1,55,0,1,0.00000000000000000e0
1,56,0,1,0.00000000000000000e0
1,57,0,1,0.00000000000000000e0
1,58,0,1,0.00000000000000000e0
1,59,0,1,0.00000000000000000e0
1,60,0,1,0.00000000000000000e0
1,61,0,1,0.00000000000000000e0
1,62,0,1,0.00000000000000000e0
1,63,0,1,0.00000000000000000e0
1,0,1,1,4.80407577054756812e-14
1,1,1,1,4.80407407648167362e-14
1,2,1,1,4.80407306004213691e-14
1,3,1,1,4.80411473406314182e-14
1,4,1,1,4.80430480825650569e-14
1,5,1,1,4.80459923690897128e-14
1,6,1,1,4.80423026935714731e-14
1,7,1,1,4.80125650608592691e-14
1,8,1,1,4.79320664376840094e-14
1,9,1,1,4.77923432708367291e-14
1,10,1,1,4.76273683577659035e-14
1,11,1,1,4.75242166854492748e-14
1,12,1,1,4.76066533200078523e-14
1,13,1,1,4.80027903006479545e-14
1,14,1,1,4.88204854147411549e-14
1,15,1,1,5.01420397715744703e-14
1,16,1,1,5.20283347112647510e-14
1,17,1,1,5.45156842303266831e-14
1,18,1,1,5.75986063315256369e-14
1,19,1,1,6.12082745056995170e-14
1,20,1,1,6.52051044994043927e-14
1,21,1,1,6.93932487427079137e-14
1,22,1,1,7.35468950281356615e-14
1,23,1,1,7.74400752941509229e-14
1,24,1,1,8.08858392048993069e-14
1,25,1,1,8.37794460542551356e-14
1,26,1,1,8.61164302845204843e-14
1,27,1,1,8.79694198887247258e-14
1,28,1,1,8.94485223737473412e-14
1,29,1,1,9.06755139723491865e-14
1,30,1,1,9.17706665867767946e-14
1,31,1,1,9.28398728879641089e-14
1,32,1,1,9.39614393778188950e-14
1,33,1,1,9.51686375105093019e-14
1,34,1,1,9.64184583411055451e-14
1,35,1,1,9.75643651697326308e-14
1,36,1,1,9.83742709688428807e-14
1,37,1,1,9.86000696237901431e-14
1,38,1,1,9.80506569491466917e-14
1,39,1,1,9.66241721508075135e-14
1,40,1,1,9.43067035596469039e-14
1,41,1,1,9.11670438035090680e-14
1,42,1,1,8.73579501922336354e-14
1,43,1,1,8.31176354956428276e-14
1,44,1,1,7.87623208298691979e-14
1,45,1,1,7.46519884212322460e-14
1,46,1,1,7.11173063798128946e-14
1,47,1,1,6.83779543945474411e-14
1,48,1,1,6.65135196811598994e-14
1,49,1,1,6.55062552053393976e-14
1,50,1,1,6.52973091179107068e-14
1,51,1,1,6.57891913147766461e-14
1,52,1,1,6.68036657350441765e-14
1,53,1,1,6.80625532063078298e-14
1,54,1,1,6.92249602367474293e-14
1,55,1,1,6.99471473038400238e-14
1,56,1,1,6.99226240059511173e-14
1,57,1,1,6.89038398820479570e-14
1,58,1,1,6.67295198589733241e-14
1,59,1,1,6.33583016238468966e-14
1,60,1,1,5.88810684237772719e-14
1,61,1,1,5.34943623957135489e-14
1,62,1,1,4.74533945666634482e-14
1,63,1,1,4.10378382751513948e-14
1,0,2,1,4.67015037481765399e-14
1,1,2,1,4.67016900954249359e-14
1,2,2,1,4.67038178421884387e-14
1,3,2,1,4.67151003210458660e-14
1,4,2,1,4.67516955324990408e-14
1,5,2,1,4.68320247490848496e-14
1,6,2,1,4.69517748790358735e-14
1,7,2,1,4.70493530745595689e-14
1,8,2,1,4.69884615700473518e-14
1,9,2,1,4.65841422511367731e-14
1,10,2,1,4.56766751971617729e-14
1,11,2,1,4.42254163791813010e-14
1,12,2,1,4.23716813859834757e-14
1,13,2,1,4.04273613012744865e-14
1,14,2,1,3.87860249017983605e-14
1,15,2,1,3.77994551349451757e-14
1,16,2,1,3.76825984695419725e-14
1,17,2,1,3.84908982941842281e-14
1,18,2,1,4.01671968255912226e-14
1,19,2,1,4.26123505513527345e-14
1,20,2,1,4.57246274263717334e-14
1,21,2,1,4.93826035835934207e-14
1,22,2,1,5.33903535260542988e-14
1,23,2,1,5.74369992214530944e-14
1,24,2,1,6.11242556135954684e-14
1,25,2,1,6.40742341996569653e-14
1,26,2,1,6.60639416978116290e-14
1,27,2,1,6.70983112279442684e-14
1,28,2,1,6.73741458131517368e-14
1,29,2,1,6.71725994055502595e-14
1,30,2,1,6.67659490519688370e-14
1,31,2,1,6.63890871530764537e-14
1,32,2,1,6.62527961637314478e-14
1,33,2,1,6.65445210870294068e-14
1,34,2,1,6.73946101291574007e-14
1,35,2,1,6.88302767646448155e-14
1,36,2,1,7.07495450029058115e-14
1,37,2,1,7.29324641044609701e-14
1,38,2,1,7.50909547758173146e-14
1,39,2,1,7.69408815088842846e-14
1,40,2,1,7.82620496186936521e-14
1,41,2,1,7.89203432965089602e-14
1,42,2,1,7.88640460987026504e-14
1,43,2,1,7.81256434328678195e-14
1,44,2,1,7.68339520696229017e-14
1,45,2,1,7.52113079932267836e-14
1,46,2,1,7.35390074573308294e-14
1,47,2,1,7.21030087849280910e-14
1,48,2,1,7.11410707361810613e-14
1,49,2,1,7.08041616873447688e-14
1,50,2,1,7.11374386589032348e-14
1,51,2,1,7.20820362491540745e-14
1,52,2,1,7.34919327542542244e-14
1,53,2,1,7.51598422713516123e-14
1,54,2,1,7.68512044366925773e-14
1,55,2,1,7.83420705152866603e-14
1,56,2,1,7.94479838362761870e-14
1,57,2,1,8.00309796732123768e-14
1,58,2,1,7.99890142728736098e-14
1,59,2,1,7.92501779261697847e-14
1,60,2,1,7.77952260445392840e-14
1,61,2,1,7.57026887465879483e-14
1,62,2,1,7.31719575880994400e-14
1,63,2,1,7.04810694399440885e-14
1,0,3,1,2.91033553830586430e-15
1,1,3,1,2.91031076259215711e-15
1,2,3,1,2.91008058138874075e-15
1,3,3,1,2.90907282393974495e-15
1,4,3,1,2.90681781047591719e-15
1,5,3,1,2.90716996442373816e-15
1,6,3,1,2.93058449618468879e-15
1,7,3,1,3.03307675335188001e-15
1,8,3,1,3.31613060036879681e-15
1,9,3,1,3.90293596798526286e-15
1,10,3,1,4.87309108335360654e-15
1,11,3,1,6.18641863268671460e-15
1,12,3,1,7.65073361651616435e-15
1,13,3,1,8.96738704071666642e-15
1,14,3,1,9.83513417869607068e-15
1,15,3,1,1.00535102839265436e-14
1,16,3,1,9.57281485119499190e-15
1,17,3,1,8.47723617919491496e-15
1,18,3,1,6.92432536073092804e-15
1,19,3,1,5.07722560012541929e-15
1,20,3,1,3.06066779281750478e-15
1,21,3,1,9.57143842265570366e-16
1,22,3,1,-1.16275960790389408e-15
1,23,3,1,-3.20549962712791264e-15
1,24,3,1,-5.04964366626397751e-15
1,25,3,1,-6.57926870197499646e-15
1,26,3,1,-7.72613056025011138e-15
1,27,3,1,-8.47906915849277326e-15
1,28,3,1,-8.84836705316617567e-15
1,29,3,1,-8.81412998143815685e-15
1,30,3,1,-8.30033165409495982e-15
1,31,3,1,-7.19348151466576990e-15
1,32,3,1,-5.39390961976364720e-15
1,33,3,1,-2.86995853650143587e-15
1,34,3,1,3.16386737543521254e-16
1,35,3,1,4.02909729031405463e-15
1,36,3,1,8.11024644930278052e-15
1,37,3,1,1.24278749251871719e-14
1,38,3,1,1.68877024452236679e-14
1,39,3,1,2.14083189787857633e-14
1,40,3,1,2.58893248636024587e-14
1,41,3,1,3.02048391452505033e-14
1,42,3,1,3.42291739928186206e-14
1,43,3,1,3.78690778550776902e-14
1,44,3,1,4.10704456554888964e-14
1,45,3,1,4.37955776516358447e-14
1,46,3,1,4.59996048142365804e-14
1,47,3,1,4.76329757158767270e-14
1,48,3,1,4.86654343396803607e-14
1,49,3,1,4.91047666124986432e-14
1,50,3,1,4.89954620928531592e-14
1,51,3,1,4.84074924784506921e-14
1,52,3,1,4.74305416177465272e-14
1,53,3,1,4.61732025227104548e-14
1,54,3,1,4.47580408608101721e-14
1,55,3,1,4.33134397217951189e-14
1,56,3,1,4.19690629092309836e-14
1,57,3,1,4.08502611349160355e-14
1,58,3,1,4.00586444712029005e-14
1,59,3,1,3.96410640044701085e-14
1,60,3,1,3.95688832448368860e-14
1,61,3,1,3.97463332591548729e-14
1,62,3,1,4.00443330025260918e-14
1,63,3,1,4.03397204962879785e-14
1,0,4,1,-1.19416246503875265e-14
1,1,4,1,-1.19416034745638451e-14
1,2,4,1,-1.19413078600652534e-14
1,3,4,1,-1.19395240086783358e-14
1,4,4,1,-1.19323259226925688e-14
1,5,4,1,-1.19086310230260770e-14
1,6,4,1,-1.18391963442078529e-14
1,7,4,1,-1.16576339849309464e-14
1,8,4,1,-1.12444631717215603e-14
1,9,4,1,-1.04388772406423073e-14
1,10,4,1,-9.09714401790655269e-15
1,11,4,1,-7.18338742303334041e-15
1,12,4,1,-4.83997336566538428e-15
1,13,4,1,-2.37864088709484160e-15
1,14,4,1,-1.77139947319732627e-16
1,15,4,1,1.46624346609211097e-15
1,16,4,1,2.43048650324685644e-15
1,17,4,1,2.76166643298615764e-15
1,18,4,1,2.57281556695636467e-15
1,19,4,1,1.93686513598196729e-15
1,20,4,1,8.55547534198337380e-16
1,21,4,1,-6.76151673442270534e-16
1,22,4,1,-2.56604057392775114e-15
1,23,4,1,-4.56999347218933760e-15
1,24,4,1,-6.34264284837945599e-15
1,25,4,1,-7.57292262888254256e-15
1,26,4,1,-8.11622734894334313e-15
1,27,4,1,-8.03135718872730400e-15
1,28,4,1,-7.50117809121715606e-15
1,29,4,1,-6.70564093550765454e-15
1,30,4,1,-5.74645150867446504e-15
1,31,4,1,-4.66774742704958827e-15
1,32,4,1,-3.52880638562248512e-15
1,33,4,1,-2.44462602423537248e-15
1,34,4,1,-1.55066914576907841e-15
1,35,4,1,-9.24261917374040020e-16
1,36,4,1,-5.33196599445182181e-16
1,37,4,1,-2.51873214269726317e-16
1,38,4,1,7.72808310354243056e-17
1,39,4,1,5.93310368893142266e-16
1,40,4,1,1.40913841061235737e-15
1,41,4,1,2.62488162343290244e-15
1,42,4,1,4.31593483350635639e-15
1,43,4,1,6.48291235147771538e-15
1,44,4,1,9.00334697745940049e-15
1,45,4,1,1.16366783898158750e-14
1,46,4,1,1.40895579030892934e-14
1,47,4,1,1.60936852901380142e-14
1,48,4,1,1.74402999637487954e-14
1,49,4,1,1.79624229308976077e-14
1,50,4,1,1.75073375393262898e-14
1,51,4,1,1.59441196004436389e-14
1,52,4,1,1.32087723869528037e-14
1,53,4,1,9.35273028050990704e-15
1,54,4,1,4.55999255418110608e-15
1,55,4,1,-8.78077181227203277e-16
1,56,4,1,-6.61481401609004954e-15
1,57,4,1,-1.22977232306438651e-14
1,58,4,1,-1.75979768409460779e-14
1,59,4,1,-2.22334154667720718e-14
1,60,4,1,-2.60079602981948960e-14
1,61,4,1,-2.88567794334317063e-14
1,62,4,1,-3.08528193499000430e-14
1,63,4,1,-3.21525812430663999e-14
1,0,5,1,-1.08196719135087924e-14
1,1,5,1,-1.08196710664758451e-14
1,2,5,1,-1.08198497904277158e-14
1,3,5,1,-1.08214811758841276e-14
1,4,5,1,-1.08289138899962840e-14
1,5,5,1,-1.08521928964856740e-14
1,6,5,1,-1.09106618867687438e-14
1,7,5,1,-1.10385003343330991e-14
1,8,5,1,-1.12886494924480281e-14
1,9,5,1,-1.17241032014008331e-14
1,10,5,1,-1.23873833621766273e-14
1,11,5,1,-1.32560512249696970e-14
1,12,5,1,-1.42113561587067783e-14
1,13,5,1,-1.50485872406954518e-14
1,14,5,1,-1.55359750807432598e-14
1,15,5,1,-1.54966930807813943e-14
1,16,5,1,-1.48678609029374853e-14
1,17,5,1,-1.37011196049067856e-14
1,18,5,1,-1.21086426069271294e-14
1,19,5,1,-1.01943642397584085e-14
1,20,5,1,-8.01123253293348908e-15
1,21,5,1,-5.55832294999044317e-15
1,22,5,1,-2.80815202464794727e-15
1,23,5,1,2.53197920859672839e-16
1,24,5,1,3.59473667737968128e-15
1,25,5,1,7.14083926402686239e-15
1,26,5,1,1.08074339814868622e-14
1,27,5,1,1.45435387636973917e-14
1,28,5,1,1.83319766295210809e-14
1,29,5,1,2.21324914911067219e-14
1,30,5,1,2.58048401033774202e-14
1,31,5,1,2.90786986774805439e-14
1,32,5,1,3.16087183282933587e-14
1,33,5,1,3.30848494217370059e-14
1,34,5,1,3.33197519868013575e-14
1,35,5,1,3.22553195633047685e-14
1,36,5,1,2.99045693535806428e-14
1,37,5,1,2.63011150131078203e-14
1,38,5,1,2.15096088726843271e-14
1,39,5,1,1.56812666421857899e-14
1,40,5,1,9.09213042989175449e-15
1,41,5,1,2.11659388068630508e-15
1,42,5,1,-4.85937634938813853e-15
1,43,5,1,-1.15330057922366849e-14
1,44,5,1,-1.77227092186928517e-14
1,45,5,1,-2.33260523933463346e-14
1,46,5,1,-2.82471189993159510e-14
1,47,5,1,-3.23753949539075381e-14
1,48,5,1,-3.56451217012939553e-14
1,49,5,1,-3.81173906457629719e-14
1,50,5,1,-4.00032417401888912e-14
1,51,5,1,-4.16072646442725708e-14
1,52,5,1,-4.32408896557968936e-14
1,53,5,1,-4.51598055283518318e-14
1,54,5,1,-4.75329716179920952e-14
1,55,5,1,-5.04210253193457247e-14
1,56,5,1,-5.37623500676976535e-14
1,57,5,1,-5.73931703486303679e-14
1,58,5,1,-6.11101067752445326e-14
1,59,5,1,-6.47358008127804641e-14
1,60,5,1,-6.81396467570351272e-14
1,61,5,1,-7.12170733084722951e-14
1,62,5,1,-7.38767025527421739e-14
1,63,5,1,-7.60620543329218468e-14
1,0,6,1,-4.35480746244481381e-14
1,1,6,1,-4.35481017295024503e-14
1,2,6,1,-4.35479526517037335e-14
1,3,6,1,-4.35450286939698117e-14
1,4,6,1,-4.35286131954520233e-14
1,5,6,1,-4.34738101637646701e-14
1,6,6,1,-4.33447291188666928e-14
1,7,6,1,-4.31123947576984162e-14
1,8,6,1,-4.27765394178485081e-14
1,9,6,1,-4.23684829895746434e-14
1,10,6,1,-4.19224794852637861e-14
1,11,6,1,-4.14293165745815983e-14
1,12,6,1,-4.08063136774806934e-14
1,13,6,1,-3.99130767770195655e-14
1,14,6,1,-3.86111668082989717e-14
1,15,6,1,-3.68333022502526086e-14
1,16,6,1,-3.46206489041170351e-14
1,17,6,1,-3.21062519289833787e-14
1,18,6,1,-2.94533650669736441e-14
1,19,6,1,-2.67877388294372049e-14
1,20,6,1,-2.41730108017012765e-14
1,21,6,1,-2.16436958823005773e-14
1,22,6,1,-1.92512784278351182e-14
1,23,6,1,-1.70625707031184237e-14
1,24,6,1,-1.51012523612239352e-14
1,25,6,1,-1.32860319561377629e-14
1,26,6,1,-1.14274739573382716e-14
1,27,6,1,-9.30156610236395828e-15
1,28,6,1,-6.76154426299349111e-15
1,29,6,1,-3.81505968783941822e-15
1,30,6,1,-6.11206851579645547e-16
1,31,6,1,2.64671643874722379e-15
1,32,6,1,5.78357569220320014e-15
1,33,6,1,8.66700205256597939e-15
1,34,6,1,1.11680989163618488e-14
1,35,6,1,1.31299644415402636e-14
1,36,6,1,1.43848098715796194e-14
1,37,6,1,1.48114383442549818e-14
1,38,6,1,1.43909627189084746e-14
1,39,6,1,1.32125289780738765e-14
1,40,6,1,1.14137562587574883e-14
1,41,6,1,9.10407274741509287e-15
1,42,6,1,6.34580863401981894e-15
1,43,6,1,3.20421616045458556e-15
1,44,6,1,-2.11158352198461828e-16
1,45,6,1,-3.78337345583205573e-15
1,46,6,1,-7.46660135927728827e-15
1,47,6,1,-1.13020080490591757e-14
1,48,6,1,-1.53291821510664894e-14
1,49,6,1,-1.94672345599352856e-14
1,50,6,1,-2.34733937745212201e-14
1,51,6,1,-2.70136052470202476e-14
1,52,6,1,-2.97907179610742978e-14
1,53,6,1,-3.16494504486609235e-14
1,54,6,1,-3.26110971180740977e-14
1,55,6,1,-3.28424760260778714e-14
1,56,6,1,-3.25985813592454682e-14
1,57,6,1,-3.21763015537213093e-14
1,58,6,1,-3.18831841082580641e-14
1,59,6,1,-3.19991124255510767e-14
1,60,6,1,-3.27224107998704689e-14
1,61,6,1,-3.41272013903645699e-14
1,62,6,1,-3.61674869198656823e-14
1,63,6,1,-3.87270917374601953e-14
1,0,7,1,-5.64848122159948562e-14
1,1,7,1,-5.64848257685220123e-14
1,2,7,1,-5.64849240243438938e-14
1,3,7,1,-5.64851442529101799e-14
1,4,7,1,-5.64840126168926482e-14
1,5,7,1,-5.64722354707940244e-14
1,6,7,1,-5.64186792716050295e-14
1,7,7,1,-5.62552595110253628e-14
1,8,7,1,-5.58799493764923494e-14
1,9,7,1,-5.51919248422284153e-14
1,10,7,1,-5.41457646134699960e-14
1,11,7,1,-5.27879572464941965e-14
1,12,7,1,-5.12450121941711301e-14
1,13,7,1,-4.96655430811624582e-14
1,14,7,1,-4.81493812106315727e-14
1,15,7,1,-4.66967603636719158e-14
1,16,7,1,-4.51896244762269722e-14
1,17,7,1,-4.34076772193748434e-14
1,18,7,1,-4.10798748262577312e-14
1,19,7,1,-3.79575318116935623e-14
1,20,7,1,-3.38839945142853372e-14
1,21,7,1,-2.88479228569352153e-14
1,22,7,1,-2.30167447601292707e-14
1,23,7,1,-1.67324497763214272e-14
1,24,7,1,-1.04494778579771949e-14
1,25,7,1,-4.63038734484504284e-15
1,26,7,1,3.49375917981997676e-16
1,27,7,1,4.24996748405771785e-15
1,28,7,1,6.98037734249900774e-15
1,29,7,1,8.61024491586931048e-15
1,30,7,1,9.38169965433895137e-15
1,31,7,1,9.68287831236121568e-15
1,32,7,1,9.96045355027529167e-15
1,33,7,1,1.06064008758514211e-14
1,34,7,1,1.18804578601674517e-14
1,35,7,1,1.38935468557981230e-14
1,36,7,1,1.66256728029905501e-14
1,37,7,1,1.99367771098503399e-14
1,38,7,1,2.35578311009012123e-14
1,39,7,1,2.70944104961224133e-14
1,40,7,1,3.00900424639750225e-14
1,41,7,1,3.21503925099306948e-14
1,42,7,1,3.30599602056148856e-14
1,43,7,1,3.28161705708679419e-14
1,44,7,1,3.15782793523008282e-14
1,45,7,1,2.95917600861596297e-14
1,46,7,1,2.71341414235463235e-14
1,47,7,1,2.44810428032997754e-14
1,48,7,1,2.18811734275245820e-14
1,49,7,1,1.95416531806151539e-14
1,50,7,1,1.76185580474984629e-14
1,51,7,1,1.62010907619157540e-14
1,52,7,1,1.52982485078327624e-14
1,53,7,1,1.48488653420623604e-14
1,54,7,1,1.47463692732469065e-14
1,55,7,1,1.48453603197266221e-14
1,56,7,1,1.49516256851573576e-14
1,57,7,1,1.48468697324386292e-14
1,58,7,1,1.43771340590116009e-14
1,59,7,1,1.35485969231935455e-14
1,60,7,1,1.25388701225953754e-14
1,61,7,1,1.16096563447325683e-14
1,62,7,1,1.10087254321712159e-14
1,63,7,1,1.09410991686953799e-14
1,0,8,1,0.00000000000000000e0
1,1,8,1,0.00000000000000000e0
1,2,8,1,0.00000000000000000e0
1,3,8,1,0.00000000000000000e0
1,4,8,1,0.00000000000000000e0
1,5,8,1,0.00000000000000000e0
1,6,8,1,0.00000000000000000e0
1,7,8,1,0.00000000000000000e0
1,8,8,1,0.00000000000000000e0
1,9,8,1,0.00000000000000000e0
1,10,8,1,0.00000000000000000e0
1,11,8,1,0.00000000000000000e0
1,12,8,1,0.00000000000000000e0
1,13,8,1,0.00000000000000000e0
1,14,8,1,0.00000000000000000e0
1,15,8,1,0.00000000000000000e0
1,16,8,1,0.00000000000000000e0
1,17,8,1,0.00000000000000000e0
1,18,8,1,0.00000000000000000e0
1,19,8,1,0.00000000000000000e0
1,20,8,1,0.00000000000000000e0
1,21,8,1,0.00000000000000000e0
1,22,8,1,0.00000000000000000e0
1,23,8,1,0.00000000000000000e0
1,24,8,1,0.00000000000000000e0
1,25,8,1,0.00000000000000000e0
1,26,8,1,0.00000000000000000e0
1,27,8,1,0.00000000000000000e0
1,28,8,1,0.00000000000000000e0
1,29,8,1,0.00000000000000000e0
1,30,8,1,0.00000000000000000e0
1,31,8,1,0.00000000000000000e0
1,32,8,1,0.00000000000000000e0
1,33,8,1,0.00000000000000000e0
1,34,8,1,0.00000000000000000e0
1,35,8,1,0.00000000000000000e0
1,36,8,1,0.00000000000000000e0
1,37,8,1,0.00000000000000000e0
1,38,8,1,0.00000000000000000e0
1,39,8,1,0.00000000000000000e0
1,40,8,1,0.00000000000000000e0
1,41,8,1,0.00000000000000000e0
1,42,8,1,0.00000000000000000e0
1,43,8,1,0.00000000000000000e0
1,44,8,1,0.00000000000000000e0
1,45,8,1,0.00000000000000000e0
1,46,8,1,0.00000000000000000e0
1,47,8,1,0.00000000000000000e0
1,48,8,1,0.00000000000000000e0
1,49,8,1,0.00000000000000000e0
1,50,8,1,0.00000000000000000e0
1,51,8,1,0.00000000000000000e0
1,52,8,1,0.00000000000000000e0
1,53,8,1,0.00000000000000000e0
1,54,8,1,0.00000000000000000e0
1,55,8,1,0.00000000000000000e0
1,56,8,1,0.00000000000000000e0
1,57,8,1,0.00000000000000000e0
1,58,8,1,0.00000000000000000e0
1,59,8,1,0.00000000000000000e0
1,60,8,1,0.00000000000000000e0
1,61,8,1,0.00000000000000000e0
1,62,8,1,0.00000000000000000e0
1,63,8,1,0.00000000000000000e0
1,0,0,2,0.00000000000000000e0
1,1,0,2,0.00000000000000000e0
1,2,0,2,0.00000000000000000e0
1,3,0,2,0.00000000000000000e0
1,4,0,2,0.00000000000000000e0
1,5,0,2,0.00000000000000000e0
1,6,0,2,0.00000000000000000e0
1,7,0,2,0.00000000000000000e0
1,8,0,2,0.00000000000000000e0
1,9,0,2,0.00000000000000000e0
1,10,0,2,0.00000000000000000e0
1,11,0,2,0.00000000000000000e0
1,12,0,2,0.00000000000000000e0
1,13,0,2,0.00000000000000000e0
1,14,0,2,0.00000000000000000e0
1,15,0,2,0.00000000000000000e0
1,16,0,2,0.00000000000000000e0
1,17,0,2,0.00000000000000000e0
1,18,0,2,0.00000000000000000e0
1,19,0,2,0.00000000000000000e0
1,20,0,2,0.00000000000000000e0
1,21,0,2,0.00000000000000000e0
1,22,0,2,0.00000000000000000e0
1,23,0,2,0.00000000000000000e0
1,24,0,2,0.00000000000000000e0
1,25,0,2,0.00000000000000000e0
1,26,0,2,0.00000000000000000e0
1,27,0,2,0.00000000000000000e0
1,28,0,2,0.00000000000000000e0
1,29,0,2,0.00000000000000000e0
1,30,0,2,0.00000000000000000e0
1,31,0,2,0.00000000000000000e0
1,32,0,2,0.00000000000000000e0
1,33,0,2,0.00000000000000000e0
1,34,0,2,0.00000000000000000e0
1,35,0,2,0.00000000000000000e0
1,36,0,2,0.00000000000000000e0
1,37,0,2,0.00000000000000000e0
1,38,0,2,0.00000000000000000e0
1,39,0,2,0.00000000000000000e0
1,40,0,2,0.00000000000000000e0
1,41,0,2,0.00000000000000000e0
1,42,0,2,0.00000000000000000e0
1,43,0,2,0.00000000000000000e0
1,44,0,2,0.00000000000000000e0
1,45,0,2,0.00000000000000000e0
1,46,0,2,0.00000000000000000e0
1,47,0,2,0.00000000000000000e0
1,48,0,2,0.00000000000000000e0
1,49,0,2,0.00000000000000000e0
1,50,0,2,0.00000000000000000e0
1,51,0,2,0.00000000000000000e0
1,52,0,2,0.00000000000000000e0
1,53,0,2,0.00000000000000000e0
1,54,0,2,0.00000000000000000e0
1,55,0,2,0.00000000000000000e0
1,56,0,2,0.00000000000000000e0
1,57,0,2,0.00000000000000000e0
1,58,0,2,0.00000000000000000e0
1,59,0,2,0.00000000000000000e0
1,60,0,2,0.00000000000000000e0
1,61,0,2,0.00000000000000000e0
1,62,0,2,0.00000000000000000e0
1,63,0,2,0.00000000000000000e0
1,0,1,2,-3.65050702069279892e-15
1,1,1,2,-3.65063492266783432e-15
1,2,1,2,-3.65149212001045567e-15
1,3,1,2,-3.65333018150599750e-15
1,4,1,2,-3.65073275497324219e-15
1,5,1,2,-3.62205348992863246e-15
1,6,1,2,-3.52058338977054037e-15
1,7,1,2,-3.27733416204394491e-15
1,8,1,2,-2.81552036425611243e-15
1,9,1,2,-2.06379874060041817e-15
1,10,1,2,-9.57630886210241589e-16
1,11,1,2,5.63589835658560986e-16
1,12,1,2,2.54730716974980141e-15
1,13,1,2,5.00820723800077076e-15
1,14,1,2,7.92121749459582733e-15
1,15,1,2,1.12406523704918632e-14
1,16,1,2,1.49278460821961403e-14
1,17,1,2,1.89567311907569078e-14
1,18,1,2,2.32888676469618708e-14
1,19,1,2,2.78425540408506686e-14
1,20,1,2,3.24881926374274987e-14
1,21,1,2,3.70726127747744716e-14
1,22,1,2,4.14436111025994619e-14
1,23,1,2,4.54562602836272589e-14
1,24,1,2,4.89786095253345877e-14
1,25,1,2,5.19164484351960359e-14
1,26,1,2,5.42430683703187810e-14
1,27,1,2,5.60080783563576129e-14
1,28,1,2,5.73231783221328506e-14
1,29,1,2,5.83348609218062308e-14
1,30,1,2,5.91852684483223923e-14
1,31,1,2,5.99685367553073889e-14
1,32,1,2,6.07053198941470695e-14
1,33,1,2,6.13463069947840778e-14
1,34,1,2,6.17908705430846028e-14
1,35,1,2,6.19090689086762569e-14
1,36,1,2,6.15671725298465311e-14
1,37,1,2,6.06491717741394765e-14
1,38,1,2,5.90641698419193395e-14
1,39,1,2,5.67545515521138827e-14
1,40,1,2,5.37275404016972907e-14
1,41,1,2,5.00936335327047816e-14
1,42,1,2,4.60703388415958925e-14
1,43,1,2,4.19451494750641002e-14
1,44,1,2,3.80294415207836634e-14
1,45,1,2,3.46160207160932376e-14
1,46,1,2,3.19281751102844236e-14
1,47,1,2,3.00752058348709161e-14
1,48,1,2,2.90569096019453743e-14
1,49,1,2,2.88166673411815316e-14
1,50,1,2,2.92810412960524402e-14
1,51,1,2,3.03432273881729109e-14
1,52,1,2,3.18316540118789015e-14
1,53,1,2,3.35289725129049587e-14
1,54,1,2,3.52296723694564551e-14
1,55,1,2,3.67623784875131115e-14
1,56,1,2,3.79543842372615653e-14
1,57,1,2,3.86054679706298448e-14
1,58,1,2,3.85298550334943479e-14
1,59,1,2,3.76309972223952405e-14
1,60,1,2,3.59293385245474522e-14
1,61,1,2,3.35251473121151583e-14
1,62,1,2,3.05537591212788617e-14
1,63,1,2,2.71793424897436020e-14
1,0,2,2,2.83733963651585167e-14
1,1,2,2,2.83734658218601915e-14
1,2,2,2,2.83740739915163201e-14
1,3,2,2,2.83758205734535585e-14
1,4,2,2,2.83745229189783649e-14
1,5,2,2,2.83474974857632692e-14
1,6,2,2,2.82368343252703893e-14
1,7,2,2,2.79467018239132683e-14
1,8,2,2,2.73643734489395149e-14
1,9,2,2,2.63927724483302081e-14
1,10,2,2,2.49764859266759717e-14
1,11,2,2,2.31210433150564817e-14
1,12,2,2,2.09148545243743531e-14
1,13,2,2,1.85442617208278482e-14
1,14,2,2,1.62730072472694332e-14
1,15,2,2,1.43755822946522310e-14
1,16,2,2,1.30579708761883843e-14
1,17,2,2,1.24174403263099462e-14
1,18,2,2,1.24579894875609040e-14
1,19,2,2,1.31271243400681199e-14
1,20,2,2,1.43301067897800422e-14
1,21,2,2,1.59144903879486835e-14
1,22,2,2,1.76538386638174991e-14
1,23,2,2,1.92615461612217348e-14
1,24,2,2,2.04427725696834303e-14
1,25,2,2,2.09671876079875127e-14
1,26,2,2,2.07287563036648997e-14
1,27,2,2,1.97615344633928977e-14
1,28,2,2,1.82100513189615079e-14
1,29,2,2,1.62903798930176189e-14
1,30,2,2,1.42797218819455674e-14
1,31,2,2,1.25237251734984685e-14
1,32,2,2,1.14058822404798123e-14
1,33,2,2,1.12493310700694307e-14
1,34,2,2,1.22013342693781147e-14
1,35,2,2,1.41881838783687424e-14
1,36,2,2,1.69737576045329158e-14
1,37,2,2,2.02713059961048478e-14
1,38,2,2,2.38298252387258297e-14
1,39,2,2,2.74519549616197150e-14
1,40,2,2,3.09579734081039809e-14
1,41,2,2,3.41550789387246034e-14
1,42,2,2,3.68691452964486216e-14
1,43,2,2,3.90304752222441625e-14
1,44,2,2,4.07328318752404883e-14
1,45,2,2,4.21994829759384654e-14
1,46,2,2,4.36837117043578638e-14
1,47,2,2,4.53894056671663715e-14
1,48,2,2,4.74551801121162603e-14
1,49,2,2,4.99694449501101451e-14
1,50,2,2,5.29655495623473221e-14
1,51,2,2,5.63868748785015250e-14
1,52,2,2,6.00549408921909056e-14
1,53,2,2,6.36835622755925479e-14
1,54,2,2,6.69559216013790315e-14
1,55,2,2,6.96330403819438171e-14
1,56,2,2,7.16248417455440933e-14
1,57,2,2,7.29728912929675233e-14
1,58,2,2,7.37670151742045310e-14
1,59,2,2,7.40797668433851308e-14
1,60,2,2,7.39815855604029904e-14
1,61,2,2,7.36081456746175145e-14
1,62,2,2,7.31857201794264278e-14
1,63,2,2,7.29617104580637665e-14
1,0,3,2,4.99692890960478503e-14
1,1,3,2,4.99695059364823474e-14
1,2,3,2,4.99716370713776392e-14
1,3,3,2,4.99815914025737718e-14
1,4,3,2,5.00105328243155567e-14
1,5,3,2,5.00681852748374734e-14
1,6,3,2,5.01474844993594210e-14
1,7,3,2,5.02102394763555976e-14
1,8,3,2,5.01853570364970553e-14
1,9,3,2,4.99798736197567400e-14
1,10,3,2,4.94940155212116734e-14
1,11,3,2,4.86364658128842636e-14
1,12,3,2,4.73418132224557447e-14
1,13,3,2,4.55860562243327189e-14
1,14,3,2,4.33859084726304078e-14
1,15,3,2,4.07735301142901629e-14
1,16,3,2,3.77611387525431802e-14
1,17,3,2,3.43239197101666976e-14
1,18,3,2,3.04138191139970843e-14
1,19,3,2,2.59859560762911238e-14
1,20,3,2,2.10109250012519358e-14
1,21,3,2,1.54708196123745645e-14
1,22,3,2,9.36169951238838283e-15
1,23,3,2,2.71608271965495703e-15
1,24,3,2,-4.37222398449966729e-15
1,25,3,2,-1.17491245546627252e-14
1,26,3,2,-1.92274937426762174e-14
1,27,3,2,-2.66087184160350085e-14
1,28,3,2,-3.36728292005348401e-14
1,29,3,2,-4.01515978668345874e-14
1,30,3,2,-4.57240277270450773e-14
1,31,3,2,-5.00532910474929538e-14
1,32,3,2,-5.28437767177182549e-14
1,33,3,2,-5.38823814125871658e-14
1,34,3,2,-5.30488569467756771e-14
1,35,3,2,-5.03075398450725936e-14
1,36,3,2,-4.57003006401265899e-14
1,37,3,2,-3.93480685317512680e-14
1,38,3,2,-3.14517732875625039e-14
1,39,3,2,-2.22781303360576263e-14
1,40,3,2,-1.21292966583129783e-14
1,41,3,2,-1.31673653930845140e-15
1,42,3,2,9.83860023751623528e-15
1,43,3,2,2.09877620382763197e-14
1,44,3,2,3.17548416760900926e-14
1,45,3,2,4.17822379342527861e-14
1,46,3,2,5.07982023144944866e-14
1,47,3,2,5.86600809159704140e-14
1,48,3,2,6.53494863474615717e-14
1,49,3,2,7.09333850337778848e-14
1,50,3,2,7.55198041688803778e-14
1,51,3,2,7.92277078361450227e-14
1,52,3,2,8.21757145295053115e-14
1,53,3,2,8.44838928633004360e-14
1,54,3,2,8.62797992231233157e-14
1,55,3,2,8.77026112866031993e-14
1,56,3,2,8.89000312709505025e-14
1,57,3,2,9.00118941513615434e-14
1,58,3,2,9.11431981319779649e-14
1,59,3,2,9.23442230885487825e-14
1,60,3,2,9.36158092777576722e-14
1,61,3,2,9.49375330411804386e-14
1,62,3,2,9.62983558454484634e-14
1,63,3,2,9.77089638582243070e-14
1,0,4,2,-3.21741636425624394e-14
1,1,4,2,-3.21741771950895955e-14
1,2,4,2,-3.21737773955384915e-14
1,3,4,2,-3.21684817455522576e-14
1,4,4,2,-3.21377615546212386e-14
1,5,4,2,-3.20221246166620815e-14
1,6,4,2,-3.16975517556696007e-14
1,7,4,2,-3.09659355178081713e-14
1,8,4,2,-2.95782888741664973e-14
1,9,4,2,-2.72936411156460973e-14
1,10,4,2,-2.39617404558653199e-14
1,11,4,2,-1.96061852327346700e-14
1,12,4,2,-1.44742701033368296e-14
1,13,4,2,-9.01714599120312030e-15
1,14,4,2,-3.78515434260365789e-15
1,15,4,2,7.28173048930840644e-16
1,16,4,2,4.21478978224177313e-15
1,17,4,2,6.57994971646458891e-15
1,18,4,2,7.86360570165537884e-15
1,19,4,2,8.12989676664613303e-15
1,20,4,2,7.41802740788404316e-15
1,21,4,2,5.78477127920824959e-15
1,22,4,2,3.38207042124664958e-15
1,23,4,2,4.83431772667656731e-16
1,24,4,2,-2.57586467380824333e-15
1,25,4,2,-5.49957570938420029e-15
1,26,4,2,-8.09331341365421980e-15
1,27,4,2,-1.02502413092228802e-14
1,28,4,2,-1.18915988845226875e-14
1,29,4,2,-1.29284349745977314e-14
1,30,4,2,-1.32803339655015833e-14
1,31,4,2,-1.29249214819325206e-14
1,32,4,2,-1.19189148500386914e-14
1,33,4,2,-1.03582532565908540e-14
1,34,4,2,-8.30421191202633177e-15
1,35,4,2,-5.73611770671796257e-15
1,36,4,2,-2.56775073344825758e-15
1,37,4,2,1.29127028199101405e-15
1,38,4,2,5.88291613977365811e-15
1,39,4,2,1.11966430796513715e-14
1,40,4,2,1.72060733309763528e-14
1,41,4,2,2.38994530410560277e-14
1,42,4,2,3.12595645711715581e-14
1,43,4,2,3.91949317511512685e-14
1,44,4,2,4.74769082012792276e-14
1,45,4,2,5.57449831466768492e-14
1,46,4,2,6.35885793890192397e-14
1,47,4,2,7.06439843688871916e-14
1,48,4,2,7.66345943951571296e-14
1,49,4,2,8.13480888011385017e-14
1,50,4,2,8.46132991688501590e-14
1,51,4,2,8.63323694759617066e-14
1,52,4,2,8.65502466787862468e-14
1,53,4,2,8.54888601857679842e-14
1,54,4,2,8.34968284292060547e-14
1,55,4,2,8.09405033231833104e-14
1,56,4,2,7.81162379790215078e-14
1,57,4,2,7.52451757585897996e-14
1,58,4,2,7.25325967907211600e-14
1,59,4,2,7.02071660898563599e-14
1,60,4,2,6.84748346349225989e-14
1,61,4,2,6.74181305400367581e-14
1,62,4,2,6.69424029555408528e-14
1,63,4,2,6.68338268842300076e-14
1,0,5,2,-1.87088978207197720e-14
1,1,5,2,-1.87090723095069064e-14
1,2,5,2,-1.87106596492500610e-14
1,3,5,2,-1.87165668570242125e-14
1,4,5,2,-1.87249355425430850e-14
1,5,5,2,-1.87061144704550944e-14
1,6,5,2,-1.85670164139228877e-14
1,7,5,2,-1.81310333093780487e-14
1,8,5,2,-1.71653632334654166e-14
1,9,5,2,-1.54546717762681085e-14
1,10,5,2,-1.28801956012186518e-14
1,11,5,2,-9.45859415232364401e-15
1,12,5,2,-5.32717697604716441e-15
1,13,5,2,-6.96309998795738815e-16
1,14,5,2,4.19996882324719101e-15
1,15,5,2,9.13624983501538923e-15
1,16,5,2,1.39127414694158527e-14
1,17,5,2,1.83714686936538654e-14
1,18,5,2,2.24195543450629933e-14
1,19,5,2,2.60493666567884752e-14
1,20,5,2,2.93382600657053627e-14
1,21,5,2,3.24227203787365303e-14
1,22,5,2,3.54573954832598792e-14
1,23,5,2,3.85749070218929097e-14
1,24,5,2,4.18597787183762338e-14
1,25,5,2,4.53440860163564774e-14
1,26,5,2,4.90201107516182594e-14
1,27,5,2,5.28500921953729830e-14
1,28,5,2,5.67515530554806025e-14
1,29,5,2,6.05583359608759253e-14
1,30,5,2,6.39881824284795064e-14
1,31,5,2,6.66590805990796564e-14
1,32,5,2,6.81690625172273745e-14
1,33,5,2,6.82047327687021476e-14
1,34,5,2,6.66139506836499473e-14
1,35,5,2,6.34019678663437503e-14
1,36,5,2,5.86720749025035349e-14
1,37,5,2,5.25745218844450579e-14
1,38,5,2,4.53079685314855540e-14
1,39,5,2,3.71576650470741704e-14
1,40,5,2,2.85158554484254284e-14
1,41,5,2,1.98457735840632324e-14
1,42,5,2,1.15981909067585341e-14
1,43,5,2,4.12574036146398128e-15
1,44,5,2,-2.35931350106262979e-15
1,45,5,2,-7.77344582068373660e-15
1,46,5,2,-1.21297176336877637e-14
1,47,5,2,-1.55257954387831576e-14
1,48,5,2,-1.81498323586094107e-14
1,49,5,2,-2.02588207304623194e-14
1,50,5,2,-2.21024573968629789e-14
1,51,5,2,-2.38328677810723671e-14
1,52,5,2,-2.54747310350416853e-14
1,53,5,2,-2.69798357374791131e-14
1,54,5,2,-2.83050492766445672e-14
1,55,5,2,-2.94327279562467403e-14
1,56,5,2,-3.03241251011464319e-14
1,57,5,2,-3.08750692113585190e-14
1,58,5,2,-3.09356456196143575e-14
1,59,5,2,-3.03785486620734152e-14
1,60,5,2,-2.91530444533269484e-14
1,61,5,2,-2.72931735534592129e-14
1,62,5,2,-2.49036038237624227e-14
1,63,5,2,-2.21509957728724394e-14
1,0,6,2,7.18559055572914884e-14
1,1,6,2,7.18561427265167196e-14
1,2,6,2,7.18584263273425172e-14
1,3,6,2,7.18682180282127769e-14
1,4,6,2,7.18913792971224985e-14
1,5,6,2,7.19145812236136883e-14
1,6,6,2,7.18676352695450660e-14
1,7,6,2,7.15914889762130080e-14
1,8,6,2,7.08517581627168824e-14
1,9,6,2,6.94175348713715890e-14
1,10,6,2,6.71767668076507507e-14
1,11,6,2,6.42263545407202596e-14
1,12,6,2,6.08831697080161605e-14
1,13,6,2,5.76039189221708159e-14
1,14,6,2,5.48485309091479439e-14
1,15,6,2,5.29489341640539818e-14
1,16,6,2,5.20371811233658749e-14
1,17,6,2,5.20546571071336256e-14
1,18,6,2,5.28264328710902759e-14
1,19,6,2,5.41532015627468888e-14
1,20,6,2,5.58645096599297980e-14
1,21,6,2,5.78117537023727091e-14
1,22,6,2,5.98370975706842556e-14
1,23,6,2,6.17746820493966786e-14
1,24,6,2,6.34975741691662376e-14
1,25,6,2,6.49676574473664892e-14
1,26,6,2,6.62342901878998358e-14
1,27,6,2,6.73654315381903845e-14
1,28,6,2,6.83493111284030896e-14
1,29,6,2,6.90377659554042289e-14
1,30,6,2,6.91808061032729571e-14
1,31,6,2,6.85278927787386083e-14
1,32,6,2,6.69128448938134668e-14
1,33,6,2,6.42647149688355124e-14
1,34,6,2,6.05646582147942314e-14
1,35,6,2,5.58108348761281875e-14
1,36,6,2,5.00263621760338451e-14
1,37,6,2,4.32963025512062699e-14
1,38,6,2,3.57900354860420100e-14
1,39,6,2,2.77280165516570476e-14
1,40,6,2,1.92960085437137233e-14
1,41,6,2,1.05746761038449585e-14
1,42,6,2,1.56207063275559492e-15
1,43,6,2,-7.72048423862371422e-15
1,44,6,2,-1.71443110765943582e-14
1,45,6,2,-2.64941656802483369e-14
1,46,6,2,-3.55549262449385284e-14
1,47,6,2,-4.41570540440743009e-14
1,48,6,2,-5.21399126673406654e-14
1,49,6,2,-5.92970971261506941e-14
1,50,6,2,-6.53808401190371369e-14
1,51,6,2,-7.01673216600175176e-14
1,52,6,2,-7.35249602629335641e-14
1,53,6,2,-7.54385567685797453e-14
1,54,6,2,-7.59870139900586938e-14
1,55,6,2,-7.53027739990030920e-14
1,56,6,2,-7.35467933841819910e-14
1,57,6,2,-7.09151094509079261e-14
1,58,6,2,-6.76579628368541297e-14
1,59,6,2,-6.40680677998009540e-14
1,60,6,2,-6.04172541531812490e-14
1,61,6,2,-5.68794821355703140e-14
1,62,6,2,-5.35093989245932072e-14
1,63,6,2,-5.03018782768531458e-14
1,0,7,2,4.56874359037236916e-14
1,1,7,2,4.56875104426230499e-14
1,2,7,2,4.56882558316166337e-14
1,3,7,2,4.56911967300095007e-14
1,4,7,2,4.56952252187066421e-14
1,5,7,2,4.56842781648963275e-14
1,6,7,2,4.56120804646041600e-14
1,7,7,2,4.54022873442282149e-14
1,8,7,2,4.49751760627729175e-14
1,9,7,2,4.42874395197110499e-14
1,10,7,2,4.33589186147990968e-14
1,11,7,2,4.22725039922553641e-14
1,12,7,2,4.11548033607718466e-14
1,13,7,2,4.01514826703537608e-14
1,14,7,2,3.94028986684929333e-14
1,15,7,2,3.90232923828514461e-14
1,16,7,2,3.90912108726940849e-14
1,17,7,2,3.96517501721326687e-14
1,18,7,2,4.07204753586059426e-14
1,19,7,2,4.22859243822716613e-14
1,20,7,2,4.43159777537699417e-14
1,21,7,2,4.67635573818923900e-14
1,22,7,2,4.95620017736900925e-14
1,23,7,2,5.26177849392590186e-14
1,24,7,2,5.58179059071718664e-14
1,25,7,2,5.90492214044661956e-14
1,26,7,2,6.22073803601720654e-14
1,27,7,2,6.51863003679753472e-14
1,28,7,2,6.78682302956805372e-14
1,29,7,2,7.01378855710345361e-14
1,30,7,2,7.19119452570818329e-14
1,31,7,2,7.31476443543814525e-14
1,32,7,2,7.38137171827843441e-14
1,33,7,2,7.38538055581119957e-14
1,34,7,2,7.31872245099407515e-14
1,35,7,2,7.17529063509053655e-14
1,36,7,2,6.95545848022373348e-14
1,37,7,2,6.66590060601802981e-14
1,38,7,2,6.31410681660622697e-14
1,39,7,2,5.90234851553968209e-14
1,40,7,2,5.42716066043776729e-14
1,41,7,2,4.88539262754987547e-14
1,42,7,2,4.28120809203152985e-14
1,43,7,2,3.62791089216548540e-14
1,44,7,2,2.94476899462270403e-14
1,45,7,2,2.25371326825372573e-14
1,46,7,2,1.57855584208494229e-14
1,47,7,2,9.44990274725186763e-15
1,48,7,2,3.79087520312941344e-15
1,49,7,2,-9.63341370582393268e-16
1,50,7,2,-4.67274026275717874e-15
1,51,7,2,-7.34172752702832304e-15
1,52,7,2,-9.12921014419075874e-15
1,53,7,2,-1.02827309519807134e-14
1,54,7,2,-1.10416902604124588e-14
1,55,7,2,-1.15949891222179129e-14
1,56,7,2,-1.21126914244150050e-14
1,57,7,2,-1.27762722818870744e-14
1,58,7,2,-1.37387219385342457e-14
1,59,7,2,-1.50505709918579214e-14
1,60,7,2,-1.66469790697457848e-14
1,61,7,2,-1.84178030899345702e-14
1,62,7,2,-2.02747263151458607e-14
1,63,7,2,-2.21387917221683994e-14
1,0,8,2,0.00000000000000000e0
1,1,8,2,0.00000000000000000e0
1,2,8,2,0.00000000000000000e0
1,3,8,2,0.00000000000000000e0
1,4,8,2,0.00000000000000000e0
1,5,8,2,0.00000000000000000e0
1,6,8,2,0.00000000000000000e0
1,7,8,2,0.00000000000000000e0
1,8,8,2,0.00000000000000000e0
1,9,8,2,0.00000000000000000e0
1,10,8,2,0.00000000000000000e0
1,11,8,2,0.00000000000000000e0
1,12,8,2,0.00000000000000000e0
1,13,8,2,0.00000000000000000e0
1,14,8,2,0.00000000000000000e0
1,15,8,2,0.00000000000000000e0
1,16,8,2,0.00000000000000000e0
1,17,8,2,0.00000000000000000e0
1,18,8,2,0.00000000000000000e0
1,19,8,2,0.00000000000000000e0
1,20,8,2,0.00000000000000000e0
1,21,8,2,0.00000000000000000e0
1,22,8,2,0.00000000000000000e0
1,23,8,2,0.00000000000000000e0
1,24,8,2,0.00000000000000000e0
1,25,8,2,0.00000000000000000e0
1,26,8,2,0.00000000000000000e0
1,27,8,2,0.00000000000000000e0
1,28,8,2,0.00000000000000000e0
1,29,8,2,0.00000000000000000e0
1,30,8,2,0.00000000000000000e0
1,31,8,2,0.00000000000000000e0
1,32,8,2,0.00000000000000000e0
1,33,8,2,0.00000000000000000e0
1,34,8,2,0.00000000000000000e0
1,35,8,2,0.00000000000000000e0
1,36,8,2,0.00000000000000000e0
1,37,8,2,0.00000000000000000e0
1,38,8,2,0.00000000000000000e0
1,39,8,2,0.00000000000000000e0
1,40,8,2,0.00000000000000000e0
1,41,8,2,0.00000000000000000e0
1,42,8,2,0.00000000000000000e0
1,43,8,2,0.00000000000000000e0
1,44,8,2,0.00000000000000000e0
1,45,8,2,0.00000000000000000e0
1,46,8,2,0.00000000000000000e0
1,47,8,2,0.00000000000000000e0
1,48,8,2,0.00000000000000000e0
1,49,8,2,0.00000000000000000e0
1,50,8,2,0.00000000000000000e0
1,51,8,2,0.00000000000000000e0
1,52,8,2,0.00000000000000000e0
1,53,8,2,0.00000000000000000e0
1,54,8,2,0.00000000000000000e0
1,55,8,2,0.00000000000000000e0
1,56,8,2,0.00000000000000000e0
1,57,8,2,0.00000000000000000e0
1,58,8,2,0.00000000000000000e0
1,59,8,2,0.00000000000000000e0
1,60,8,2,0.00000000000000000e0
1,61,8,2,0.00000000000000000e0
1,62,8,2,0.00000000000000000e0
1,63,8,2,0.00000000000000000e0
1,0,0,3,0.00000000000000000e0
1,1,0,3,0.00000000000000000e0
1,2,0,3,0.00000000000000000e0
1,3,0,3,0.00000000000000000e0
1,4,0,3,0.00000000000000000e0
1,5,0,3,0.00000000000000000e0
1,6,0,3,0.00000000000000000e0
1,7,0,3,0.00000000000000000e0
1,8,0,3,0.00000000000000000e0
1,9,0,3,0.00000000000000000e0
1,10,0,3,0.00000000000000000e0
1,11,0,3,0.00000000000000000e0
1,12,0,3,0.00000000000000000e0
1,13,0,3,0.00000000000000000e0
1,14,0,3,0.00000000000000000e0
1,15,0,3,0.00000000000000000e0
1,16,0,3,0.00000000000000000e0
1,17,0,3,0.00000000000000000e0
1,18,0,3,0.00000000000000000e0
1,19,0,3,0.00000000000000000e0
1,20,0,3,0.00000000000000000e0
1,21,0,3,0.00000000000000000e0
1,22,0,3,0.00000000000000000e0
1,23,0,3,0.00000000000000000e0
1,24,0,3,0.00000000000000000e0
1,25,0,3,0.00000000000000000e0
1,26,0,3,0.00000000000000000e0
1,27,0,3,0.00000000000000000e0
1,28,0,3,0.00000000000000000e0
1,29,0,3,0.00000000000000000e0
1,30,0,3,0.00000000000000000e0
1,31,0,3,0.00000000000000000e0
1,32,0,3,0.00000000000000000e0
1,33,0,3,0.00000000000000000e0
1,34,0,3,0.00000000000000000e0
1,35,0,3,0.00000000000000000e0
1,36,0,3,0.00000000000000000e0
1,37,0,3,0.00000000000000000e0
1,38,0,3,0.00000000000000000e0
1,39,0,3,0.00000000000000000e0
1,40,0,3,0.00000000000000000e0
1,41,0,3,0.00000000000000000e0
1,42,0,3,0.00000000000000000e0
1,43,0,3,0.00000000000000000e0
1,44,0,3,0.00000000000000000e0
1,45,0,3,0.00000000000000000e0
1,46,0,3,0.00000000000000000e0
1,47,0,3,0.00000000000000000e0
1,48,0,3,0.00000000000000000e0
1,49,0,3,0.00000000000000000e0
1,50,0,3,0.00000000000000000e0
1,51,0,3,0.00000000000000000e0
1,52,0,3,0.00000000000000000e0
1,53,0,3,0.00000000000000000e0
1,54,0,3,0.00000000000000000e0
1,55,0,3,0.00000000000000000e0
1,56,0,3,0.00000000000000000e0
1,57,0,3,0.00000000000000000e0
1,58,0,3,0.00000000000000000e0
1,59,0,3,0.00000000000000000e0
1,60,0,3,0.00000000000000000e0
1,61,0,3,0.00000000000000000e0
1,62,0,3,0.00000000000000000e0
1,63,0,3,0.00000000000000000e0
1,0,1,3,-7.45421384123687303e-14
1,1,1,3,-7.45424365679661638e-14
1,2,1,3,-7.45456349643749960e-14
1,3,1,3,-7.45625417420021919e-14
1,4,1,3,-7.46227081863115593e-14
1,5,1,3,-7.47860093622786104e-14
1,6,1,3,-7.51476788782290406e-14
1,7,1,3,-7.58303467761345384e-14
1,8,1,3,-7.69610815506104051e-14
1,9,1,3,-7.86366346930238158e-14
1,10,1,3,-8.08864355160941739e-14
1,11,1,3,-8.36507038225360600e-14
1,12,1,3,-8.67874836666532312e-14
1,13,1,3,-9.01000872218296611e-14
1,14,1,3,-9.33577759369697002e-14
1,15,1,3,-9.62943849549917352e-14
1,16,1,3,-9.86005033046591373e-14
1,17,1,3,-9.99393574624071745e-14
1,18,1,3,-9.99991647647469062e-14
1,19,1,3,-9.85594323711126707e-14
1,20,1,3,-9.55306187345843216e-14
1,21,1,3,-9.09519109874336318e-14
1,22,1,3,-8.49728409380370864e-14
1,23,1,3,-7.78460886789560103e-14
1,24,1,3,-6.99207334284128457e-14
1,25,1,3,-6.16118213305621998e-14
1,26,1,3,-5.33510783023560115e-14
1,27,1,3,-4.55421731414013681e-14
1,28,1,3,-3.85290994801053971e-14
1,29,1,3,-3.25767990599738766e-14
1,30,1,3,-2.78698183373568900e-14
1,31,1,3,-2.45271400303552489e-14
1,32,1,3,-2.26135892644882194e-14
1,33,1,3,-2.21351223754408938e-14
1,34,1,3,-2.30270938086788238e-14
1,35,1,3,-2.51476712853160658e-14
1,36,1,3,-2.82832297079232964e-14
1,37,1,3,-3.21767725040399827e-14
1,38,1,3,-3.65799580838606364e-14
1,39,1,3,-4.12959326023115691e-14
1,40,1,3,-4.61775190026096627e-14
1,41,1,3,-5.10955210433761131e-14
1,42,1,3,-5.59264853666145006e-14
1,43,1,3,-6.05752698435574333e-14
1,44,1,3,-6.50004681156113318e-14
1,45,1,3,-6.92170049033068169e-14
1,46,1,3,-7.32815229938926782e-14
1,47,1,3,-7.72650240771395602e-14
1,48,1,3,-8.12032868247394846e-14
1,49,1,3,-8.50378456345411704e-14
1,50,1,3,-8.85942184956738099e-14
1,51,1,3,-9.16202877454530551e-14
1,52,1,3,-9.38413910922704375e-14
1,53,1,3,-9.49779805584777259e-14
1,54,1,3,-9.47434879573598454e-14
1,55,1,3,-9.28884315927643034e-14
1,56,1,3,-8.92968560423437752e-14
1,57,1,3,-8.40540405832278237e-14
1,58,1,3,-7.74201530792315018e-14
1,59,1,3,-6.97453637270133153e-14
1,60,1,3,-6.14120096464366994e-14
1,61,1,3,-5.28303156701204896e-14
1,62,1,3,-4.44339287857409976e-14
1,63,1,3,-3.66264906858509987e-14
1,0,2,3,-7.10462098223521576e-14
1,1,2,3,-7.10463046900422501e-14
1,2,2,3,-7.10471246179351923e-14
1,3,2,3,-7.10505737360964118e-14
1,4,2,3,-7.10608126703628218e-14
1,5,2,3,-7.10844279489322717e-14
1,6,2,3,-7.11264814406975532e-14
1,7,2,3,-7.11807660882211868e-14
1,8,2,3,-7.12244594357723526e-14
1,9,2,3,-7.12327197010739765e-14
1,10,2,3,-7.12079253526419487e-14
1,11,2,3,-7.11898937152607991e-14
1,12,2,3,-7.12223384652724278e-14
1,13,2,3,-7.13001570762025749e-14
1,14,2,3,-7.13538047549498733e-14
1,15,2,3,-7.12956373083960260e-14
1,16,2,3,-7.10883785105982657e-14
1,17,2,3,-7.07706259588970765e-14
1,18,2,3,-7.04214857543024320e-14
1,19,2,3,-7.01106992015594621e-14
1,20,2,3,-6.98915006273372053e-14
1,21,2,3,-6.98433552746152708e-14
1,22,2,3,-7.01202266281501785e-14
1,23,2,3,-7.09550894060183290e-14
1,24,2,3,-7.26080979195076193e-14
1,25,2,3,-7.52901769250115260e-14
1,26,2,3,-7.91108037368967731e-14
1,27,2,3,-8.40750334477925743e-14
1,28,2,3,-9.01089437983261521e-14
1,29,2,3,-9.70674549852917901e-14
1,30,2,3,-1.04701735833840487e-13
1,31,2,3,-1.12618763056446247e-13
1,32,2,3,-1.20295429433675549e-13
1,33,2,3,-1.27171209218616965e-13
1,34,2,3,-1.32767278074319428e-13
1,35,2,3,-1.36748915685082351e-13
1,36,2,3,-1.38899932137712123e-13
1,37,2,3,-1.39057426055792799e-13
1,38,2,3,-1.37082172327850083e-13
1,39,2,3,-1.32897558517870717e-13
1,40,2,3,-1.26566766507456296e-13
1,41,2,3,-1.18342916846300716e-13
1,42,2,3,-1.08642675205553735e-13
1,43,2,3,-9.79556943913641176e-14
1,44,2,3,-8.67606970967292612e-14
1,45,2,3,-7.55084539273871702e-14
1,46,2,3,-6.46545805175341437e-14
1,47,2,3,-5.46695528473931103e-14
1,48,2,3,-4.59857066976380319e-14
1,49,2,3,-3.89164510350165777e-14
1,50,2,3,-3.36102842877095825e-14
1,51,2,3,-3.00650041700541854e-14
1,52,2,3,-2.81765289675576722e-14
1,53,2,3,-2.77751200538538592e-14
1,54,2,3,-2.86170555568315832e-14
1,55,2,3,-3.03452704316416882e-14
1,56,2,3,-3.24781942605181090e-14
1,57,2,3,-3.44782863826061103e-14
1,58,2,3,-3.58786012510069197e-14
1,59,2,3,-3.63786115760347112e-14
1,60,2,3,-3.58416740026384212e-14
1,61,2,3,-3.42215710250840660e-14
1,62,2,3,-3.15119837775851286e-14
1,63,2,3,-2.77747693822136960e-14
1,0,3,3,1.86991353424861926e-15
1,1,3,3,1.87012423369424877e-15
1,2,3,3,1.87219184111849651e-15
1,3,3,3,1.88122565925920044e-15
1,4,3,3,1.90308270918838722e-15
1,5,3,3,1.92767631081191583e-15
1,6,3,3,1.89958806300625279e-15
1,7,3,3,1.69764058530425064e-15
1,8,3,3,1.14941153332546878e-15
1,9,3,3,8.32974185563349081e-17
1,10,3,3,-1.60684955890778554e-15
1,11,3,3,-3.91481475803755717e-15
1,12,3,3,-6.70987991189218869e-15
1,13,3,3,-9.76351246080803606e-15
1,14,3,3,-1.28104839426266756e-14
1,15,3,3,-1.56277934522256259e-14
1,16,3,3,-1.81006129681103578e-14
1,17,3,3,-2.02453850938529717e-14
1,18,3,3,-2.21860476902957168e-14
1,19,3,3,-2.41104421719534959e-14
1,20,3,3,-2.62380669627118937e-14
1,21,3,3,-2.88036874082978067e-14
1,22,3,3,-3.20380014022254161e-14
1,23,3,3,-3.61344356942638195e-14
1,24,3,3,-4.12145632292665320e-14
1,25,3,3,-4.73095988654057692e-14
1,26,3,3,-5.43563641092117272e-14
1,27,3,3,-6.21929875763323203e-14
1,28,3,3,-7.05524573767386809e-14
1,29,3,3,-7.90725923865802371e-14
1,30,3,3,-8.73349786587040988e-14
1,31,3,3,-9.49181935849287284e-14
1,32,3,3,-1.01437487695556910e-13
1,33,3,3,-1.06561928606228179e-13
1,34,3,3,-1.10024104627362562e-13
1,35,3,3,-1.11638197059123201e-13
1,36,3,3,-1.11324232438762133e-13
1,37,3,3,-1.09121479213714068e-13
1,38,3,3,-1.05175132383665548e-13
1,39,3,3,-9.96958795357848204e-14
1,40,3,3,-9.29110236555334701e-14
1,41,3,3,-8.50331767889359047e-14
1,42,3,3,-7.62589251186544803e-14
1,43,3,3,-6.67843466075832004e-14
1,44,3,3,-5.68092190585296752e-14
1,45,3,3,-4.65142450923293482e-14
1,46,3,3,-3.60273571772037199e-14
1,47,3,3,-2.54161061906963207e-14
1,48,3,3,-1.47267333554636573e-14
1,49,3,3,-4.04957897049513724e-15
1,50,3,3,6.43435449371046811e-15
1,51,3,3,1.64559816104694126e-14
1,52,3,3,2.57027116468610747e-14
1,53,3,3,3.38742299184693896e-14
1,54,3,3,4.07254050903589626e-14
1,55,3,3,4.60945639838873655e-14
1,56,3,3,4.99262733748544879e-14
1,57,3,3,5.22887092511189339e-14
1,58,3,3,5.33730706657985221e-14
1,59,3,3,5.34665051761442495e-14
1,60,3,3,5.29079038880889835e-14
1,61,3,3,5.20458310238232358e-14
1,62,3,3,5.12086134943617183e-14
1,63,3,3,5.06793940851808095e-14
1,0,4,3,-4.68035170082120588e-14
1,1,4,3,-4.68037846706233912e-14
1,2,4,3,-4.68064579066049258e-14
1,3,4,3,-4.68199901049702605e-14
1,4,4,3,-4.68664922137745216e-14
1,5,4,3,-4.69881024280777160e-14
1,6,4,3,-4.72433744414576390e-14
1,7,4,3,-4.76830048698733550e-14
1,8,4,3,-4.83048930716156733e-14
1,9,4,3,-4.90114134173158522e-14
1,10,4,3,-4.96075382649344837e-14
1,11,4,3,-4.98618175557002247e-14
1,12,4,3,-4.96042246720448249e-14
1,13,4,3,-4.87928382593427745e-14
1,14,4,3,-4.74929747222227472e-14
1,15,4,3,-4.57826627357858090e-14
1,16,4,3,-4.36691698427194019e-14
1,17,4,3,-4.10986349119735195e-14
1,18,4,3,-3.80574410418881015e-14
1,19,4,3,-3.46765259735815068e-14
1,20,4,3,-3.12424409531098651e-14
1,21,4,3,-2.80969010942521899e-14
1,22,4,3,-2.54958323198236844e-14
1,23,4,3,-2.35245596467330634e-14
1,24,4,3,-2.21134315557276057e-14
1,25,4,3,-2.11181119385292840e-14
1,26,4,3,-2.03886251414972519e-14
1,27,4,3,-1.97804995310819215e-14
1,28,4,3,-1.91267730549182086e-14
1,29,4,3,-1.82277848007452239e-14
1,30,4,3,-1.68934368582765795e-14
1,31,4,3,-1.50152768230117292e-14
1,32,4,3,-1.26101335455467214e-14
1,33,4,3,-9.79840513603722971e-15
1,34,4,3,-6.73848294397154553e-15
1,35,4,3,-3.57705825273753678e-15
1,36,4,3,-4.54619311692091264e-16
1,37,4,3,2.45330853546120269e-15
1,38,4,3,4.91599203158261597e-15
1,39,4,3,6.68549129224189562e-15
1,40,4,3,7.57539850618736688e-15
1,41,4,3,7.52627398337840647e-15
1,42,4,3,6.61595496947000108e-15
1,43,4,3,5.01954985619745310e-15
1,44,4,3,2.96214409676643677e-15
1,45,4,3,7.03203099980935107e-16
1,46,4,3,-1.44957449296485678e-15
1,47,4,3,-3.13639359709322330e-15
1,48,4,3,-3.98490504035695602e-15
1,49,4,3,-3.68160668238418781e-15
1,50,4,3,-2.02739495859332285e-15
1,51,4,3,1.05586807336690083e-15
1,52,4,3,5.54912628976562960e-15
1,53,4,3,1.13406691738707037e-14
1,54,4,3,1.81893583040600854e-14
1,55,4,3,2.56845089088245798e-14
1,56,4,3,3.32694992161066544e-14
1,57,4,3,4.03562579675501715e-14
1,58,4,3,4.64768977156190116e-14
1,59,4,3,5.13732394298582751e-14
1,60,4,3,5.49687587656812193e-14
1,61,4,3,5.72680534179255407e-14
1,62,4,3,5.82874338530235681e-14
1,63,4,3,5.80753706843489814e-14
1,0,5,3,-3.35712665620272604e-14
1,1,5,3,-3.35713817585080870e-14
1,2,5,3,-3.35726218147428673e-14
1,3,5,3,-3.35779174647291012e-14
1,4,5,3,-3.35878616315298667e-14
1,5,5,3,-3.35813327015724306e-14
1,6,5,3,-3.34824941210232208e-14
1,7,5,3,-3.31395372569435326e-14
1,8,5,3,-3.23463485000802936e-14
1,9,5,3,-3.09080797793789136e-14
1,10,5,3,-2.87141255325869260e-14
1,11,5,3,-2.57765000750281859e-14
1,12,5,3,-2.22194394231423759e-14
1,13,5,3,-1.82380355934728955e-14
1,14,5,3,-1.40562525676032543e-14
1,15,5,3,-9.90273672524938364e-15
1,16,5,3,-5.99848658564645573e-15
1,17,5,3,-2.53825408160954745e-15
1,18,5,3,3.39682790570974683e-16
1,19,5,3,2.58096254160129334e-15
1,20,5,3,4.22315677369475111e-15
1,21,5,3,5.38064508380964486e-15
1,22,5,3,6.21323738986268026e-15
1,23,5,3,6.88996928087381999e-15
1,24,5,3,7.56280397329464268e-15
1,25,5,3,8.36141543508620369e-15
1,26,5,3,9.40384787184375681e-15
1,27,5,3,1.08005526858233683e-14
1,28,5,3,1.26310467890144301e-14
1,29,5,3,1.48963279862288078e-14
1,30,5,3,1.74779912358357173e-14
1,31,5,3,2.01417878822060872e-14
1,32,5,3,2.25973584191529325e-14
1,33,5,3,2.45824411174155877e-14
1,34,5,3,2.59170787451521931e-14
1,35,5,3,2.64982534612517862e-14
1,36,5,3,2.62581636664184492e-14
1,37,5,3,2.51368411220524723e-14
1,38,5,3,2.30953697464252039e-14
1,39,5,3,2.01510019066063195e-14
1,40,5,3,1.63975888531515956e-14
1,41,5,3,1.19908762281385750e-14
1,42,5,3,7.10414664378475336e-15
1,43,5,3,1.87950851171687916e-15
1,44,5,3,-3.59266356424127638e-15
1,45,5,3,-9.25236365252385048e-15
1,46,5,3,-1.50330509623769135e-14
1,47,5,3,-2.08525891324216894e-14
1,48,5,3,-2.66375277006370217e-14
1,49,5,3,-3.23365974567915021e-14
1,50,5,3,-3.78888204990122934e-14
1,51,5,3,-4.31739029021962345e-14
1,52,5,3,-4.80048672254346220e-14
1,53,5,3,-5.21792353248839991e-14
1,54,5,3,-5.55392557844477247e-14
1,55,5,3,-5.79874215593696729e-14
1,56,5,3,-5.94642472198300687e-14
1,57,5,3,-5.99417976192284652e-14
1,58,5,3,-5.94592124559915891e-14
1,59,5,3,-5.81620526480391975e-14
1,60,5,3,-5.62922375813706966e-14
1,61,5,3,-5.41289289866103696e-14
1,62,5,3,-5.19327216321786855e-14
1,63,5,3,-4.99286349027114329e-14
1,0,6,3,4.80802328289495207e-14
1,1,6,3,4.80803073678488790e-14
1,2,6,3,4.80819912693480206e-14
1,3,6,3,4.80945951196031646e-14
1,4,6,3,4.81473517196899514e-14
1,5,6,3,4.82965243860968008e-14
1,6,6,3,4.86096656904331376e-14
1,7,6,3,4.91262880256224804e-14
1,8,6,3,4.98225897658469835e-14
1,9,6,3,5.06131967662869914e-14
1,10,6,3,5.13964379682176759e-14
1,11,6,3,5.21153622643974468e-14
1,12,6,3,5.27920467215635403e-14
1,13,6,3,5.35099511900748170e-14
1,14,6,3,5.43570417355695307e-14
1,15,6,3,5.53695984732444774e-14
1,16,6,3,5.65113446760346499e-14
1,17,6,3,5.77003383766226674e-14
1,18,6,3,5.88722321760715150e-14
1,19,6,3,6.00405684371418946e-14
1,20,6,3,6.13018208243942819e-14
1,21,6,3,6.27715449606248976e-14
1,22,6,3,6.45035308261161788e-14
1,23,6,3,6.64607732454684796e-14
1,24,6,3,6.85522127887201738e-14
1,25,6,3,7.06894259924414903e-14
1,26,6,3,7.28101389943502930e-14
1,27,6,3,7.48497536737571800e-14
1,28,6,3,7.66860059069236766e-14
1,29,6,3,7.81109999272756872e-14
1,30,6,3,7.88689792185874594e-14
1,31,6,3,7.87342874274468696e-14
1,32,6,3,7.75580635955716580e-14
1,33,6,3,7.52477168574315625e-14
1,34,6,3,7.17173784009657311e-14
1,35,6,3,6.68678572799188964e-14
1,36,6,3,6.06133727736567207e-14
1,37,6,3,5.29336333608947801e-14
1,38,6,3,4.39174351995596374e-14
1,39,6,3,3.37620692037257641e-14
1,40,6,3,2.27155872779306878e-14
1,41,6,3,1.10066349548573923e-14
1,42,6,3,-1.16506459631160984e-15
1,43,6,3,-1.35693678651261154e-14
1,44,6,3,-2.59020744035245304e-14
1,45,6,3,-3.78326927077954345e-14
1,46,6,3,-4.91087951011957846e-14
1,47,6,3,-5.96139281060052706e-14
1,48,6,3,-6.93352303739527831e-14
1,49,6,3,-7.82959986992196044e-14
1,50,6,3,-8.65233042547999820e-14
1,51,6,3,-9.40569643654784460e-14
1,52,6,3,-1.00955912195593162e-13
1,53,6,3,-1.07270630908800485e-13
1,54,6,3,-1.12989600857017758e-13
1,55,6,3,-1.17995606232872141e-13
1,56,6,3,-1.22073344813698748e-13
1,57,6,3,-1.24986528288531518e-13
1,58,6,3,-1.26588369235743070e-13
1,59,6,3,-1.26887188907007231e-13
1,60,6,3,-1.26018526126411845e-13
1,61,6,3,-1.24162399112170974e-13
1,62,6,3,-1.21495925841687280e-13
1,63,6,3,-1.18221879226269866e-13
1,0,7,3,5.22670590889871139e-14
1,1,7,3,5.22672759294216110e-14
1,2,7,3,5.22689293377346514e-14
1,3,7,3,5.22746044584812553e-14
1,4,7,3,5.22867475228130929e-14
1,5,7,3,5.23074625605711441e-14
1,6,7,3,5.23474492919451251e-14
1,7,7,3,5.24435062162955518e-14
1,8,7,3,5.26683663587372564e-14
1,9,7,3,5.31168838568355645e-14
1,10,7,3,5.38735959868582442e-14
1,11,7,3,5.49864753068059903e-14
1,12,7,3,5.64676716572742182e-14
1,13,7,3,5.83126551060610121e-14
1,14,7,3,6.05068973440550661e-14
1,15,7,3,6.30080975458705006e-14
1,16,7,3,6.57275815263251573e-14
1,17,7,3,6.85329410951042439e-14
1,18,7,3,7.12680308105791138e-14
1,19,7,3,7.37803102033446345e-14
1,20,7,3,7.59513843961653889e-14
1,21,7,3,7.77178953245867554e-14
1,22,7,3,7.90711558187016939e-14
1,23,7,3,8.00450404201367982e-14
1,24,7,3,8.07059023018481814e-14
1,25,7,3,8.11376383831954873e-14
1,26,7,3,8.14076792630437363e-14
1,27,7,3,8.15211342441307663e-14
1,28,7,3,8.13927782594356386e-14
1,29,7,3,8.08615530762356316e-14
1,30,7,3,7.97391531059607472e-14
1,31,7,3,7.78521127772768828e-14
1,32,7,3,7.50485353658188192e-14
1,33,7,3,7.11871018946666489e-14
1,34,7,3,6.61511454337973537e-14
1,35,7,3,5.99000084017427270e-14
1,36,7,3,5.25224700157703867e-14
1,37,7,3,4.42436953501830488e-14
1,38,7,3,3.53701443134291083e-14
1,39,7,3,2.62101995787472272e-14
1,40,7,3,1.70330465227089278e-14
1,41,7,3,8.08921970342013977e-15
1,42,7,3,-3.54716593063334048e-16
1,43,7,3,-8.03090148500168119e-15
1,44,7,3,-1.47347869447261512e-14
1,45,7,3,-2.03809950687083852e-14
1,46,7,3,-2.50076076112239892e-14
1,47,7,3,-2.87374562080860985e-14
1,48,7,3,-3.17243959238339840e-14
1,49,7,3,-3.41083870945401574e-14
1,50,7,3,-3.60042873878523018e-14
1,51,7,3,-3.75305729961687706e-14
1,52,7,3,-3.88356102105306272e-14
1,53,7,3,-4.00700692515954665e-14
1,54,7,3,-4.13240236029743108e-14
1,55,7,3,-4.26074208195997145e-14
1,56,7,3,-4.39046924359011437e-14
1,57,7,3,-4.52357776074569645e-14
1,58,7,3,-4.66493637880753542e-14
1,59,7,3,-4.81739214491794243e-14
1,60,7,3,-4.98142719023049463e-14
1,61,7,3,-5.16101613214688809e-14
1,62,7,3,-5.36667437648751661e-14
1,63,7,3,-5.60850025004954594e-14
1,0,8,3,0.00000000000000000e0
1,1,8,3,0.00000000000000000e0
1,2,8,3,0.00000000000000000e0
1,3,8,3,0.00000000000000000e0
1,4,8,3,0.00000000000000000e0
1,5,8,3,0.00000000000000000e0
1,6,8,3,0.00000000000000000e0
1,7,8,3,0.00000000000000000e0
1,8,8,3,0.00000000000000000e0
1,9,8,3,0.00000000000000000e0
1,10,8,3,0.00000000000000000e0
1,11,8,3,0.00000000000000000e0
1,12,8,3,0.00000000000000000e0
1,13,8,3,0.00000000000000000e0
1,14,8,3,0.00000000000000000e0
1,15,8,3,0.00000000000000000e0
1,16,8,3,0.00000000000000000e0
1,17,8,3,0.00000000000000000e0
1,18,8,3,0.00000000000000000e0
1,19,8,3,0.00000000000000000e0
1,20,8,3,0.00000000000000000e0
1,21,8,3,0.00000000000000000e0
1,22,8,3,0.00000000000000000e0
1,23,8,3,0.00000000000000000e0
1,24,8,3,0.00000000000000000e0
1,25,8,3,0.00000000000000000e0
1,26,8,3,0.00000000000000000e0
1,27,8,3,0.00000000000000000e0
1,28,8,3,0.00000000000000000e0
1,29,8,3,0.00000000000000000e0
1,30,8,3,0.00000000000000000e0
1,31,8,3,0.00000000000000000e0
1,32,8,3,0.00000000000000000e0
1,33,8,3,0.00000000000000000e0
1,34,8,3,0.00000000000000000e0
1,35,8,3,0.00000000000000000e0
1,36,8,3,0.00000000000000000e0
1,37,8,3,0.00000000000000000e0
1,38,8,3,0.00000000000000000e0
1,39,8,3,0.00000000000000000e0
1,40,8,3,0.00000000000000000e0
1,41,8,3,0.00000000000000000e0
1,42,8,3,0.00000000000000000e0
1,43,8,3,0.00000000000000000e0
1,44,8,3,0.00000000000000000e0
1,45,8,3,0.00000000000000000e0
1,46,8,3,0.00000000000000000e0
1,47,8,3,0.00000000000000000e0
1,48,8,3,0.00000000000000000e0
1,49,8,3,0.00000000000000000e0
1,50,8,3,0.00000000000000000e0
1,51,8,3,0.00000000000000000e0
1,52,8,3,0.00000000000000000e0
1,53,8,3,0.00000000000000000e0
1,54,8,3,0.00000000000000000e0
1,55,8,3,0.00000000000000000e0
1,56,8,3,0.00000000000000000e0
1,57,8,3,0.00000000000000000e0
1,58,8,3,0.00000000000000000e0
1,59,8,3,0.00000000000000000e0
1,60,8,3,0.00000000000000000e0
1,61,8,3,0.00000000000000000e0
1,62,8,3,0.00000000000000000e0
1,63,8,3,0.00000000000000000e0
2,0,0,0,0.00000000000000000e0
2,1,0,0,0.00000000000000000e0
2,2,0,0,0.00000000000000000e0
2,3,0,0,0.00000000000000000e0
2,4,0,0,0.00000000000000000e0
2,5,0,0,0.00000000000000000e0
2,6,0,0,0.00000000000000000e0
2,7,0,0,0.00000000000000000e0
2,8,0,0,0.00000000000000000e0
2,9,0,0,0.00000000000000000e0
2,10,0,0,0.00000000000000000e0
2,11,0,0,0.00000000000000000e0
2,12,0,0,0.00000000000000000e0
2,13,0,0,0.00000000000000000e0
2,14,0,0,0.00000000000000000e0
2,15,0,0,0.00000000000000000e0
2,16,0,0,0.00000000000000000e0
2,17,0,0,0.00000000000000000e0
2,18,0,0,0.00000000000000000e0
2,19,0,0,0.00000000000000000e0
2,20,0,0,0.00000000000000000e0
2,21,0,0,0.00000000000000000e0
2,22,0,0,0.00000000000000000e0
2,23,0,0,0.00000000000000000e0
2,24,0,0,0.00000000000000000e0
2,25,0,0,0.00000000000000000e0
2,26,0,0,0.00000000000000000e0
2,27,0,0,0.00000000000000000e0
2,28,0,0,0.00000000000000000e0
2,29,0,0,0.00000000000000000e0
2,30,0,0,0.00000000000000000e0
2,31,0,0,0.00000000000000000e0
2,32,0,0,0.00000000000000000e0
2,33,0,0,0.00000000000000000e0
2,34,0,0,0.00000000000000000e0
2,35,0,0,0.00000000000000000e0
2,36,0,0,0.00000000000000000e0
2,37,0,0,0.00000000000000000e0
2,38,0,0,0.00000000000000000e0
2,39,0,0,0.00000000000000000e0
2,40,0,0,0.00000000000000000e0
2,41,0,0,0.00000000000000000e0
2,42,0,0,0.00000000000000000e0
2,43,0,0,0.00000000000000000e0
2,44,0,0,0.00000000000000000e0
2,45,0,0,0.00000000000000000e0
2,46,0,0,0.00000000000000000e0
2,47,0,0,0.00000000000000000e0
2,48,0,0,0.00000000000000000e0
2,49,0,0,0.00000000000000000e0
2,50,0,0,0.00000000000000000e0
2,51,0,0,0.00000000000000000e0
2,52,0,0,0.00000000000000000e0
2,53,0,0,0.00000000000000000e0
2,54,0,0,0.00000000000000000e0
2,55,0,0,0.00000000000000000e0
2,56,0,0,0.00000000000000000e0
2,57,0,0,0.00000000000000000e0
2,58,0,0,0.00000000000000000e0
2,59,0,0,0.00000000000000000e0
2,60,0,0,0.00000000000000000e0
2,61,0,0,0.00000000000000000e0
2,62,0,0,0.00000000000000000e0
2,63,0,0,0.00000000000000000e0
2,0,1,0,0.00000000000000000e0
2,1,1,0,0.00000000000000000e0
2,2,1,0,0.00000000000000000e0
2,3,1,0,0.00000000000000000e0
2,4,1,0,0.00000000000000000e0
2,5,1,0,0.00000000000000000e0
2,6,1,0,0.00000000000000000e0
2,7,1,0,0.00000000000000000e0
2,8,1,0,0.00000000000000000e0
2,9,1,0,0.00000000000000000e0
2,10,1,0,0.00000000000000000e0
2,11,1,0,0.00000000000000000e0
2,12,1,0,0.00000000000000000e0
2,13,1,0,0.00000000000000000e0
2,14,1,0,0.00000000000000000e0
2,15,1,0,0.00000000000000000e0
2,16,1,0,0.00000000000000000e0
2,17,1,0,0.00000000000000000e0
2,18,1,0,0.00000000000000000e0
2,19,1,0,0.00000000000000000e0
2,20,1,0,0.00000000000000000e0
2,21,1,0,0.00000000000000000e0
2,22,1,0,0.00000000000000000e0
2,23,1,0,0.00000000000000000e0
2,24,1,0,0.00000000000000000e0
2,25,1,0,0.00000000000000000e0
2,26,1,0,0.00000000000000000e0
2,27,1,0,0.00000000000000000e0
2,28,1,0,0.00000000000000000e0
2,29,1,0,0.00000000000000000e0
2,30,1,0,0.00000000000000000e0
2,31,1,0,0.00000000000000000e0
2,32,1,0,0.00000000000000000e0
2,33,1,0,0.00000000000000000e0
2,34,1,0,0.00000000000000000e0
2,35,1,0,0.00000000000000000e0
2,36,1,0,0.00000000000000000e0
2,37,1,0,0.00000000000000000e0
2,38,1,0,0.00000000000000000e0
2,39,1,0,0.00000000000000000e0
2,40,1,0,0.00000000000000000e0
2,41,1,0,0.00000000000000000e0
2,42,1,0,0.00000000000000000e0
2,43,1,0,0.00000000000000000e0
2,44,1,0,0.00000000000000000e0
2,45,1,0,0.00000000000000000e0
2,46,1,0,0.00000000000000000e0
2,47,1,0,0.00000000000000000e0
2,48,1,0,0.00000000000000000e0
2,49,1,0,0.00000000000000000e0
2,50,1,0,0.00000000000000000e0
2,51,1,0,0.00000000000000000e0
2,52,1,0,0.00000000000000000e0
2,53,1,0,0.00000000000000000e0
2,54,1,0,0.00000000000000000e0
2,55,1,0,0.00000000000000000e0
2,56,1,0,0.00000000000000000e0
2,57,1,0,0.00000000000000000e0
2,58,1,0,0.00000000000000000e0
2,59,1,0,0.00000000000000000e0
2,60,1,0,0.00000000000000000e0
2,61,1,0,0.00000000000000000e0
2,62,1,0,0.00000000000000000e0
2,63,1,0,0.00000000000000000e0
2,0,2,0,0.00000000000000000e0
2,1,2,0,0.00000000000000000e0
2,2,2,0,0.00000000000000000e0
2,3,2,0,0.00000000000000000e0
2,4,2,0,0.00000000000000000e0
2,5,2,0,0.00000000000000000e0
2,6,2,0,0.00000000000000000e0
2,7,2,0,0.00000000000000000e0
2,8,2,0,0.00000000000000000e0
2,9,2,0,0.00000000000000000e0
2,10,2,0,0.00000000000000000e0
2,11,2,0,0.00000000000000000e0
2,12,2,0,0.00000000000000000e0
2,13,2,0,0.00000000000000000e0
2,14,2,0,0.00000000000000000e0
2,15,2,0,0.00000000000000000e0
2,16,2,0,0.00000000000000000e0
2,17,2,0,0.00000000000000000e0
2,18,2,0,0.00000000000000000e0
2,19,2,0,0.00000000000000000e0
2,20,2,0,0.00000000000000000e0
2,21,2,0,0.00000000000000000e0
2,22,2,0,0.00000000000000000e0
2,23,2,0,0.00000000000000000e0
2,24,2,0,0.00000000000000000e0
2,25,2,0,0.00000000000000000e0
2,26,2,0,0.00000000000000000e0
2,27,2,0,0.00000000000000000e0
2,28,2,0,0.00000000000000000e0
2,29,2,0,0.00000000000000000e0
2,30,2,0,0.00000000000000000e0
2,31,2,0,0.00000000000000000e0
2,32,2,0,0.00000000000000000e0
2,33,2,0,0.00000000000000000e0
2,34,2,0,0.00000000000000000e0
2,35,2,0,0.00000000000000000e0
2,36,2,0,0.00000000000000000e0
2,37,2,0,0.00000000000000000e0
2,38,2,0,0.00000000000000000e0
2,39,2,0,0.00000000000000000e0
2,40,2,0,0.00000000000000000e0
2,41,2,0,0.00000000000000000e0
2,42,2,0,0.00000000000000000e0
2,43,2,0,0.00000000000000000e0
2,44,2,0,0.00000000000000000e0
2,45,2,0,0.00000000000000000e0
2,46,2,0,0.00000000000000000e0
2,47,2,0,0.00000000000000000e0
2,48,2,0,0.00000000000000000e0
2,49,2,0,0.00000000000000000e0
2,50,2,0,0.00000000000000000e0
2,51,2,0,0.00000000000000000e0
2,52,2,0,0.00000000000000000e0
2,53,2,0,0.00000000000000000e0
2,54,2,0,0.00000000000000000e0
2,55,2,0,0.00000000000000000e0
2,56,2,0,0.00000000000000000e0
2,57,2,0,0.00000000000000000e0
2,58,2,0,0.00000000000000000e0
2,59,2,0,0.00000000000000000e0
2,60,2,0,0.00000000000000000e0
2,61,2,0,0.00000000000000000e0
2,62,2,0,0.00000000000000000e0
2,63,2,0,0.00000000000000000e0
2,0,3,0,0.00000000000000000e0
2,1,3,0,0.00000000000000000e0
2,2,3,0,0.00000000000000000e0
2,3,3,0,0.00000000000000000e0
2,4,3,0,0.00000000000000000e0
2,5,3,0,0.00000000000000000e0
2,6,3,0,0.00000000000000000e0
2,7,3,0,0.00000000000000000e0
2,8,3,0,0.00000000000000000e0
2,9,3,0,0.00000000000000000e0
2,10,3,0,0.00000000000000000e0
2,11,3,0,0.00000000000000000e0
2,12,3,0,0.00000000000000000e0
2,13,3,0,0.00000000000000000e0
2,14,3,0,0.00000000000000000e0
2,15,3,0,0.00000000000000000e0
2,16,3,0,0.00000000000000000e0
2,17,3,0,0.00000000000000000e0
2,18,3,0,0.00000000000000000e0
2,19,3,0,0.00000000000000000e0
2,20,3,0,0.00000000000000000e0
2,21,3,0,0.00000000000000000e0
2,22,3,0,0.00000000000000000e0
2,23,3,0,0.00000000000000000e0
2,24,3,0,0.00000000000000000e0
2,25,3,0,0.00000000000000000e0
2,26,3,0,0.00000000000000000e0
2,27,3,0,0.00000000000000000e0
2,28,3,0,0.00000000000000000e0
2,29,3,0,0.00000000000000000e0
2,30,3,0,0.00000000000000000e0
2,31,3,0,0.00000000000000000e0
2,32,3,0,0.00000000000000000e0
2,33,3,0,0.00000000000000000e0
2,34,3,0,0.00000000000000000e0
2,35,3,0,0.00000000000000000e0
2,36,3,0,0.00000000000000000e0
2,37,3,0,0.00000000000000000e0
2,38,3,0,0.00000000000000000e0
2,39,3,0,0.00000000000000000e0
2,40,3,0,0.00000000000000000e0
2,41,3,0,0.00000000000000000e0
2,42,3,0,0.00000000000000000e0
2,43,3,0,0.00000000000000000e0
2,44,3,0,0.00000000000000000e0
2,45,3,0,0.00000000000000000e0
2,46,3,0,0.00000000000000000e0
2,47,3,0,0.00000000000000000e0
2,48,3,0,0.00000000000000000e0
2,49,3,0,0.00000000000000000e0
2,50,3,0,0.00000000000000000e0
2,51,3,0,0.00000000000000000e0
2,52,3,0,0.00000000000000000e0
2,53,3,0,0.00000000000000000e0
2,54,3,0,0.00000000000000000e0
2,55,3,0,0.00000000000000000e0
2,56,3,0,0.00000000000000000e0
2,57,3,0,0.00000000000000000e0
2,58,3,0,0.00000000000000000e0
2,59,3,0,0.00000000000000000e0
2,60,3,0,0.00000000000000000e0
2,61,3,0,0.00000000000000000e0
2,62,3,0,0.00000000000000000e0
2,63,3,0,0.00000000000000000e0
2,0,4,0,0.00000000000000000e0
2,1,4,0,0.00000000000000000e0
2,2,4,0,0.00000000000000000e0
2,3,4,0,0.00000000000000000e0
2,4,4,0,0.00000000000000000e0
2,5,4,0,0.00000000000000000e0
2,6,4,0,0.00000000000000000e0
2,7,4,0,0.00000000000000000e0
2,8,4,0,0.00000000000000000e0
2,9,4,0,0.00000000000000000e0
2,10,4,0,0.00000000000000000e0
2,11,4,0,0.00000000000000000e0
2,12,4,0,0.00000000000000000e0
2,13,4,0,0.00000000000000000e0
2,14,4,0,0.00000000000000000e0
2,15,4,0,0.00000000000000000e0
2,16,4,0,0.00000000000000000e0
2,17,4,0,0.00000000000000000e0
2,18,4,0,0.00000000000000000e0
2,19,4,0,0.00000000000000000e0
2,20,4,0,0.00000000000000000e0
2,21,4,0,0.00000000000000000e0
2,22,4,0,0.00000000000000000e0
2,23,4,0,0.00000000000000000e0
2,24,4,0,0.00000000000000000e0
2,25,4,0,0.00000000000000000e0
2,26,4,0,0.00000000000000000e0
2,27,4,0,0.00000000000000000e0
2,28,4,0,0.00000000000000000e0
2,29,4,0,0.00000000000000000e0
2,30,4,0,0.00000000000000000e0
2,31,4,0,0.00000000000000000e0
2,32,4,0,0.00000000000000000e0
2,33,4,0,0.00000000000000000e0
2,34,4,0,0.00000000000000000e0
2,35,4,0,0.00000000000000000e0
2,36,4,0,0.00000000000000000e0
2,37,4,0,0.00000000000000000e0
2,38,4,0,0.00000000000000000e0
2,39,4,0,0.00000000000000000e0
2,40,4,0,0.00000000000000000e0
2,41,4,0,0.00000000000000000e0
2,42,4,0,0.00000000000000000e0
2,43,4,0,0.00000000000000000e0
2,44,4,0,0.00000000000000000e0
2,45,4,0,0.00000000000000000e0
2,46,4,0,0.00000000000000000e0
2,47,4,0,0.00000000000000000e0
2,48,4,0,0.00000000000000000e0
2,49,4,0,0.00000000000000000e0
2,50,4,0,0.00000000000000000e0
2,51,4,0,0.00000000000000000e0
2,52,4,0,0.00000000000000000e0
2,53,4,0,0.00000000000000000e0
2,54,4,0,0.00000000000000000e0
2,55,4,0,0.00000000000000000e0
2,56,4,0,0.00000000000000000e0
2,57,4,0,0.00000000000000000e0
2,58,4,0,0.00000000000000000e0
2,59,4,0,0.00000000000000000e0
2,60,4,0,0.00000000000000000e0
2,61,4,0,0.00000000000000000e0
2,62,4,0,0.00000000000000000e0
2,63,4,0,0.00000000000000000e0
2,0,5,0,0.00000000000000000e0
2,1,5,0,0.00000000000000000e0
2,2,5,0,0.00000000000000000e0
2,3,5,0,0.00000000000000000e0
2,4,5,0,0.00000000000000000e0
2,5,5,0,0.00000000000000000e0
2,6,5,0,0.00000000000000000e0
2,7,5,0,0.00000000000000000e0
2,8,5,0,0.00000000000000000e0
2,9,5,0,0.00000000000000000e0
2,10,5,0,0.00000000000000000e0
2,11,5,0,0.00000000000000000e0
2,12,5,0,0.00000000000000000e0
2,13,5,0,0.00000000000000000e0
2,14,5,0,0.00000000000000000e0
2,15,5,0,0.00000000000000000e0
2,16,5,0,0.00000000000000000e0
2,17,5,0,0.00000000000000000e0
2,18,5,0,0.00000000000000000e0
2,19,5,0,0.00000000000000000e0
2,20,5,0,0.00000000000000000e0
2,21,5,0,0.00000000000000000e0
2,22,5,0,0.00000000000000000e0
2,23,5,0,0.00000000000000000e0
2,24,5,0,0.00000000000000000e0
2,25,5,0,0.00000000000000000e0
2,26,5,0,0.00000000000000000e0
2,27,5,0,0.00000000000000000e0
2,28,5,0,0.00000000000000000e0
2,29,5,0,0.00000000000000000e0
2,30,5,0,0.00000000000000000e0
2,31,5,0,0.00000000000000000e0
2,32,5,0,0.00000000000000000e0
2,33,5,0,0.00000000000000000e0
2,34,5,0,0.00000000000000000e0
2,35,5,0,0.00000000000000000e0
2,36,5,0,0.00000000000000000e0
2,37,5,0,0.00000000000000000e0
2,38,5,0,0.00000000000000000e0
2,39,5,0,0.00000000000000000e0
2,40,5,0,0.00000000000000000e0
2,41,5,0,0.00000000000000000e0
2,42,5,0,0.00000000000000000e0
2,43,5,0,0.00000000000000000e0
2,44,5,0,0.00000000000000000e0
2,45,5,0,0.00000000000000000e0
2,46,5,0,0.00000000000000000e0
2,47,5,0,0.00000000000000000e0
2,48,5,0,0.00000000000000000e0
2,49,5,0,0.00000000000000000e0
2,50,5,0,0.00000000000000000e0
2,51,5,0,0.00000000000000000e0
2,52,5,0,0.00000000000000000e0
2,53,5,0,0.00000000000000000e0
2,54,5,0,0.00000000000000000e0
2,55,5,0,0.00000000000000000e0
2,56,5,0,0.00000000000000000e0
2,57,5,0,0.00000000000000000e0
2,58,5,0,0.00000000000000000e0
2,59,5,0,0.00000000000000000e0
2,60,5,0,0.00000000000000000e0
2,61,5,0,0.00000000000000000e0
2,62,5,0,0.00000000000000000e0
2,63,5,0,0.00000000000000000e0
2,0,6,0,0.00000000000000000e0
2,1,6,0,0.00000000000000000e0
2,2,6,0,0.00000000000000000e0
2,3,6,0,0.00000000000000000e0
2,4,6,0,0.00000000000000000e0
2,5,6,0,0.00000000000000000e0
2,6,6,0,0.00000000000000000e0
2,7,6,0,0.00000000000000000e0
2,8,6,0,0.00000000000000000e0
2,9,6,0,0.00000000000000000e0
2,10,6,0,0.00000000000000000e0
2,11,6,0,0.00000000000000000e0
2,12,6,0,0.00000000000000000e0
2,13,6,0,0.00000000000000000e0
2,14,6,0,0.00000000000000000e0
2,15,6,0,0.00000000000000000e0
2,16,6,0,0.00000000000000000e0
2,17,6,0,0.00000000000000000e0
2,18,6,0,0.00000000000000000e0
2,19,6,0,0.00000000000000000e0
2,20,6,0,0.00000000000000000e0
2,21,6,0,0.00000000000000000e0
2,22,6,0,0.00000000000000000e0
2,23,6,0,0.00000000000000000e0
2,24,6,0,0.00000000000000000e0
2,25,6,0,0.00000000000000000e0
2,26,6,0,0.00000000000000000e0
2,27,6,0,0.00000000000000000e0
2,28,6,0,0.00000000000000000e0
2,29,6,0,0.00000000000000000e0
2,30,6,0,0.00000000000000000e0
2,31,6,0,0.00000000000000000e0
2,32,6,0,0.00000000000000000e0
2,33,6,0,0.00000000000000000e0
2,34,6,0,0.00000000000000000e0
2,35,6,0,0.00000000000000000e0
2,36,6,0,0.00000000000000000e0
2,37,6,0,0.00000000000000000e0
2,38,6,0,0.00000000000000000e0
2,39,6,0,0.00000000000000000e0
2,40,6,0,0.00000000000000000e0
2,41,6,0,0.00000000000000000e0
2,42,6,0,0.00000000000000000e0
2,43,6,0,0.00000000000000000e0
2,44,6,0,0.00000000000000000e0
2,45,6,0,0.00000000000000000e0
2,46,6,0,0.00000000000000000e0
2,47,6,0,0.00000000000000000e0
2,48,6,0,0.00000000000000000e0
2,49,6,0,0.00000000000000000e0
2,50,6,0,0.00000000000000000e0
2,51,6,0,0.00000000000000000e0
2,52,6,0,0.00000000000000000e0
2,53,6,0,0.00000000000000000e0
2,54,6,0,0.00000000000000000e0
2,55,6,0,0.00000000000000000e0
2,56,6,0,0.00000000000000000e0
2,57,6,0,0.00000000000000000e0
2,58,6,0,0.00000000000000000e0
2,59,6,0,0.00000000000000000e0
2,60,6,0,0.00000000000000000e0
2,61,6,0,0.00000000000000000e0
2,62,6,0,0.00000000000000000e0
2,63,6,0,0.00000000000000000e0
2,0,7,0,0.00000000000000000e0
2,1,7,0,0.00000000000000000e0
2,2,7,0,0.00000000000000000e0
2,3,7,0,0.00000000000000000e0
2,4,7,0,0.00000000000000000e0
2,5,7,0,0.00000000000000000e0
2,6,7,0,0.00000000000000000e0
2,7,7,0,0.00000000000000000e0
2,8,7,0,0.00000000000000000e0
2,9,7,0,0.00000000000000000e0
2,10,7,0,0.00000000000000000e0
2,11,7,0,0.00000000000000000e0
2,12,7,0,0.00000000000000000e0
2,13,7,0,0.00000000000000000e0
2,14,7,0,0.00000000000000000e0
2,15,7,0,0.00000000000000000e0
2,16,7,0,0.00000000000000000e0
2,17,7,0,0.00000000000000000e0
2,18,7,0,0.00000000000000000e0
2,19,7,0,0.00000000000000000e0
2,20,7,0,0.00000000000000000e0
2,21,7,0,0.00000000000000000e0
2,22,7,0,0.00000000000000000e0
2,23,7,0,0.00000000000000000e0
2,24,7,0,0.00000000000000000e0
2,25,7,0,0.00000000000000000e0
2,26,7,0,0.00000000000000000e0
2,27,7,0,0.00000000000000000e0
2,28,7,0,0.00000000000000000e0
2,29,7,0,0.00000000000000000e0
2,30,7,0,0.00000000000000000e0
2,31,7,0,0.00000000000000000e0
2,32,7,0,0.00000000000000000e0
2,33,7,0,0.00000000000000000e0
2,34,7,0,0.00000000000000000e0
2,35,7,0,0.00000000000000000e0
2,36,7,0,0.00000000000000000e0
2,37,7,0,0.00000000000000000e0
2,38,7,0,0.00000000000000000e0
2,39,7,0,0.00000000000000000e0
2,40,7,0,0.00000000000000000e0
2,41,7,0,0.00000000000000000e0
2,42,7,0,0.00000000000000000e0
2,43,7,0,0.00000000000000000e0
2,44,7,0,0.00000000000000000e0
2,45,7,0,0.00000000000000000e0
2,46,7,0,0.00000000000000000e0
2,47,7,0,0.00000000000000000e0
2,48,7,0,0.00000000000000000e0
2,49,7,0,0.00000000000000000e0
2,50,7,0,0.00000000000000000e0
2,51,7,0,0.00000000000000000e0
2,52,7,0,0.00000000000000000e0
2,53,7,0,0.00000000000000000e0
2,54,7,0,0.00000000000000000e0
2,55,7,0,0.00000000000000000e0
2,56,7,0,0.00000000000000000e0
2,57,7,0,0.00000000000000000e0
2,58,7,0,0.00000000000000000e0
2,59,7,0,0.00000000000000000e0
2,60,7,0,0.00000000000000000e0
2,61,7,0,0.00000000000000000e0
2,62,7,0,0.00000000000000000e0
2,63,7,0,0.00000000000000000e0
2,0,0,1,-2.25376087150536142e-14
2,1,0,1,-2.25376595370304494e-14
2,2,0,1,-2.25381542042716460e-14
2,3,0,1,-2.25399380556585635e-14
2,4,0,1,-2.25407020793769869e-14
2,5,0,1,-2.25211339242295180e-14
2,6,0,1,-2.24208079538249297e-14
2,7,0,1,-2.21218120997077397e-14
2,8,0,1,-2.14673436226822320e-14
2,9,0,1,-2.03200459659557547e-14
2,10,0,1,-1.86237320460051411e-14
2,11,0,1,-1.64191509238569011e-14
2,12,0,1,-1.38037147765770682e-14
2,13,0,1,-1.08786745345486324e-14
2,14,0,1,-7.73298305679339867e-15
2,15,0,1,-4.46361460434367002e-15
2,16,0,1,-1.18967164458317612e-15
2,17,0,1,1.96569009069350476e-15
2,18,0,1,4.90429450658103408e-15
2,19,0,1,7.56063472191672442e-15
2,20,0,1,9.89165245210161387e-15
2,21,0,1,1.18792974250297133e-14
2,22,0,1,1.35553367643548479e-14
2,23,0,1,1.50175062137289025e-14
2,24,0,1,1.64039517646513699e-14
2,25,0,1,1.78369299175641996e-14
2,26,0,1,1.93817621592937486e-14
2,27,0,1,2.10465359604204011e-14
2,28,0,1,2.27994316812476019e-14
2,29,0,1,2.45704132495645766e-14
2,30,0,1,2.62422377529441739e-14
2,31,0,1,2.76626527131833277e-14
2,32,0,1,2.86865630804832711e-14
2,33,0,1,2.92208612992159167e-14
2,34,0,1,2.92432636266048984e-14
2,35,0,1,2.87911106630969749e-14
2,36,0,1,2.79334101829049539e-14
2,37,0,1,2.67451415425197861e-14
2,38,0,1,2.53019193731428629e-14
2,39,0,1,2.36949911460501011e-14
2,40,0,1,2.20382184181432128e-14
2,41,0,1,2.04402534936982960e-14
2,42,0,1,1.89579034843559077e-14
2,43,0,1,1.75763639482639372e-14
2,44,0,1,1.62345011294872527e-14
2,45,0,1,1.48649826849827152e-14
2,46,0,1,1.34125397149419817e-14
2,47,0,1,1.18269033550443513e-14
2,48,0,1,1.00497452224759982e-14
2,49,0,1,8.00849831057975220e-15
2,50,0,1,5.61865287165863071e-15
2,51,0,1,2.79522143143339993e-15
2,52,0,1,-5.28133407063410398e-16
2,53,0,1,-4.38260733788358413e-15
2,54,0,1,-8.76157412815986927e-15
2,55,0,1,-1.36291878729600559e-14
2,56,0,1,-1.89261939589424957e-14
2,57,0,1,-2.45660679705451621e-14
2,58,0,1,-3.04315221025946991e-14
2,59,0,1,-3.63845543591926474e-14
2,60,0,1,-4.22883909422140658e-14
2,61,0,1,-4.80280860925847569e-14
2,62,0,1,-5.35219858341894061e-14
2,63,0,1,-5.87239268714026541e-14
2,0,1,1,-4.26421390060417738e-14
2,1,1,1,-4.26422745313133345e-14
2,2,1,1,-4.26433417928268749e-14
2,3,1,1,-4.26466215043986435e-14
2,4,1,1,-4.26489254340151752e-14
2,5,1,1,-4.26300061061053032e-14
2,6,1,1,-4.25392211148185873e-14
2,7,1,1,-4.22972305780516117e-14
2,8,1,1,-4.18193379773425244e-14
2,9,1,1,-4.10443672051088310e-14
2,10,1,1,-3.99439867033307694e-14
2,11,1,1,-3.85067615272204067e-14
2,12,1,1,-3.67170249553853273e-14
2,13,1,1,-3.45515140749621391e-14
2,14,1,1,-3.19965713267093138e-14
2,15,1,1,-2.90707501203035096e-14
2,16,1,1,-2.58357347830955736e-14
2,17,1,1,-2.23855544425602057e-14
2,18,1,1,-1.88148633364871795e-14
2,19,1,1,-1.51817001624223596e-14
2,20,1,1,-1.14918755663839106e-14
2,21,1,1,-7.72378597305211148e-15
2,22,1,1,-3.88063231993463625e-15
2,23,1,1,-2.73937337284737171e-17
2,24,1,1,3.72363179854573630e-15
2,25,1,1,7.27038787111172410e-15
2,26,1,1,1.05727872203725815e-14
2,27,1,1,1.36547267633527203e-14
2,28,1,1,1.65558806762685848e-14
2,29,1,1,1.92711803139638052e-14
2,30,1,1,2.17234711393388819e-14
2,31,1,1,2.37952137784351245e-14
2,32,1,1,2.54056605803907806e-14
2,33,1,1,2.65765074471168219e-14
2,34,1,1,2.74236860840380500e-14
2,35,1,1,2.80726539291040883e-14
2,36,1,1,2.85708820968108568e-14
2,37,1,1,2.88768879955995234e-14
2,38,1,1,2.89272153051935849e-14
2,39,1,1,2.87083995898634869e-14
2,40,1,1,2.82682389188227898e-14
2,41,1,1,2.76675671983432972e-14
2,42,1,1,2.69250886099662787e-14
2,43,1,1,2.60054700213299683e-14
2,44,1,1,2.48584315566853509e-14
2,45,1,1,2.34686622484778576e-14
2,46,1,1,2.18627386024605394e-14
2,47,1,1,2.00610317610148622e-14
2,48,1,1,1.80254049127236485e-14
2,49,1,1,1.56671127216371706e-14
2,50,1,1,1.29193793453586357e-14
2,51,1,1,9.80640790332288834e-15
2,52,1,1,6.43635687959777728e-15
2,53,1,1,2.91914086930904638e-15
2,54,1,1,-7.13670733143103751e-16
2,55,1,1,-4.51111578850921756e-15
2,56,1,1,-8.53127772826268657e-15
2,57,1,1,-1.27721599369281548e-14
2,58,1,1,-1.71671182857321275e-14
2,59,1,1,-2.16295334914224854e-14
2,60,1,1,-2.60867682436074361e-14
2,61,1,1,-3.04760184373798620e-14
2,62,1,1,-3.47292181991643023e-14
2,63,1,1,-3.87786624914208261e-14
2,0,2,1,-7.25913605484698743e-14
2,1,2,1,-7.25914147585784986e-14
2,2,2,1,-7.25916180464858396e-14
2,3,2,1,-7.25907506847478512e-14
2,4,2,1,-7.25808031298152967e-14
2,5,2,1,-7.25377331985133100e-14
2,6,2,1,-7.24157130202636445e-14
2,7,2,1,-7.21538985243991293e-14
2,8,2,1,-7.16925840525337033e-14
2,9,2,1,-7.09823028805477152e-14
2,10,2,1,-6.99757702411936411e-14
2,11,2,1,-6.86161536118425064e-14
2,12,2,1,-6.68446146958462384e-14
2,13,2,1,-6.46267707318098905e-14
2,14,2,1,-6.19700281758242544e-14
2,15,2,1,-5.89110330613193400e-14
2,16,2,1,-5.54883795975038424e-14
2,17,2,1,-5.17341974381330116e-14
2,18,2,1,-4.76932234753490308e-14
2,19,2,1,-4.34413925188073535e-14
2,20,2,1,-3.90758084255812127e-14
2,21,2,1,-3.46861211628080035e-14
2,22,2,1,-3.03449722760442547e-14
2,23,2,1,-2.61320404605722839e-14
2,24,2,1,-2.21575772188726053e-14
2,25,2,1,-1.85413462334233989e-14
2,26,2,1,-1.53502885180461721e-14
2,27,2,1,-1.25481993434764343e-14
2,28,2,1,-1.00061789298669206e-14
2,29,2,1,-7.57122263375740318e-15
2,30,2,1,-5.14414204999145627e-15
2,31,2,1,-2.71369429850193671e-15
2,32,2,1,-3.28929389668226120e-16
2,33,2,1,1.96220116198376430e-15
2,34,2,1,4.15676590777248542e-15
2,35,2,1,6.28878425842829131e-15
2,36,2,1,8.37716601274039740e-15
2,37,2,1,1.03727832597680543e-14
2,38,2,1,1.21499168283809370e-14
2,39,2,1,1.35543584413007692e-14
2,40,2,1,1.44754135978156229e-14
2,41,2,1,1.48899430518724049e-14
2,42,2,1,1.48533563107487027e-14
2,43,2,1,1.44594114513760946e-14
2,44,2,1,1.38096160551205889e-14
2,45,2,1,1.30091978720525345e-14
2,46,2,1,1.21732779970662106e-14
2,47,2,1,1.14200717364122163e-14
2,48,2,1,1.08475850372526106e-14
2,49,2,1,1.05098298025020111e-14
2,50,2,1,1.04095690536343613e-14
2,51,2,1,1.05114959163092603e-14
2,52,2,1,1.07657472549877418e-14
2,53,2,1,1.11244606259522545e-14
2,54,2,1,1.15375043842195525e-14
2,55,2,1,1.19307199482245746e-14
2,56,2,1,1.21918508885006556e-14
2,57,2,1,1.21904066973255870e-14
2,58,2,1,1.18268305102108874e-14
2,59,2,1,1.10732464728624178e-14
2,60,2,1,9.97366811128540601e-15
2,61,2,1,8.61262169031930605e-15
2,62,2,1,7.08878231315450760e-15
2,63,2,1,5.51157054295026844e-15
2,0,3,1,-5.70429188368089257e-14
2,1,3,1,-5.70429662706539720e-14
2,2,3,1,-5.70435219242673708e-14
2,3,3,1,-5.70468761747384978e-14
2,4,3,1,-5.70596087740016245e-14
2,5,3,1,-5.70930428584956462e-14
2,6,3,1,-5.71541918610238286e-14
2,7,3,1,-5.72230658040309703e-14
2,8,3,1,-5.72275584667832071e-14
2,9,3,1,-5.70421531190246078e-14
2,10,3,1,-5.65278923116922100e-14
2,11,3,1,-5.55977552679168957e-14
2,12,3,1,-5.42637901843404102e-14
2,13,3,1,-5.26305480317082464e-14
2,14,3,1,-5.08385685166288376e-14
2,15,3,1,-4.89983013472923556e-14
2,16,3,1,-4.71578918764207350e-14
2,17,3,1,-4.53197422894523888e-14
2,18,3,1,-4.34868883524702765e-14
2,19,3,1,-4.17049343193545696e-14
2,20,3,1,-4.00714177280474954e-14
2,21,3,1,-3.87057939410344332e-14
2,22,3,1,-3.76991020594862752e-14
2,23,3,1,-3.70764040942463818e-14
2,24,3,1,-3.67943048533610206e-14
2,25,3,1,-3.67705066156749638e-14
2,26,3,1,-3.69231351765066107e-14
2,27,3,1,-3.71945109802797325e-14
2,28,3,1,-3.75446337430931920e-14
2,29,3,1,-3.79194492103850089e-14
2,30,3,1,-3.82191531840461035e-14
2,31,3,1,-3.82972868912326292e-14
2,32,3,1,-3.80023263020761587e-14
2,33,3,1,-3.72404337185480716e-14
2,34,3,1,-3.60156410174772984e-14
2,35,3,1,-3.44150096333144251e-14
2,36,3,1,-3.25486504610707217e-14
2,37,3,1,-3.04931251147826099e-14
2,38,3,1,-2.82828756481513441e-14
2,39,3,1,-2.59483359549717713e-14
2,40,3,1,-2.35564334965382427e-14
2,41,3,1,-2.12104741051637874e-14
2,42,3,1,-1.90070449478238132e-14
2,43,3,1,-1.69862581167684948e-14
2,44,3,1,-1.51154350808927612e-14
2,45,3,1,-1.33159457717029958e-14
2,46,3,1,-1.15066385036216058e-14
2,47,3,1,-9.62706646443368258e-15
2,48,3,1,-7.62876073483144054e-15
2,49,3,1,-5.45806940090284506e-15
2,50,3,1,-3.06141254653637812e-15
2,51,3,1,-4.15308380261121177e-16
2,52,3,1,2.44699263429000100e-15
2,53,3,1,5.43868081674019413e-15
2,54,3,1,8.45038777586579540e-15
2,55,3,1,1.13849359627271607e-14
2,56,3,1,1.41745407186873174e-14
2,57,3,1,1.67767512935287216e-14
2,58,3,1,1.91597649882137636e-14
2,59,3,1,2.12916791538170572e-14
2,60,3,1,2.31428628837777525e-14
2,61,3,1,2.46991791982061754e-14
2,62,3,1,2.59732031482372630e-14
2,63,3,1,2.70010166433581542e-14
2,0,4,1,-2.53862770784258132e-14
2,1,4,1,-2.53862330327125560e-14
2,2,4,1,-2.53857688586574606e-14
2,3,4,1,-2.53832074310249636e-14
2,4,4,1,-2.53734970453176403e-14
2,5,4,1,-2.53441897053426415e-14
2,6,4,1,-2.52690324719327675e-14
2,7,4,1,-2.51018518850672917e-14
2,8,4,1,-2.47789781721670030e-14
2,9,4,1,-2.42379036898563230e-14
2,10,4,1,-2.34473627579862010e-14
2,11,4,1,-2.24289564107775161e-14
2,12,4,1,-2.12523276971535169e-14
2,13,4,1,-2.00071503011741217e-14
2,14,4,1,-1.87751747607106320e-14
2,15,4,1,-1.76224882803737229e-14
2,16,4,1,-1.66096842090781779e-14
2,17,4,1,-1.58009354569738775e-14
2,18,4,1,-1.52595475724727134e-14
2,19,4,1,-1.50362324181268006e-14
2,20,4,1,-1.51623132723256032e-14
2,21,4,1,-1.56493284178766193e-14
2,22,4,1,-1.64877199350030312e-14
2,23,4,1,-1.76420835405755039e-14
2,24,4,1,-1.90503910118666048e-14
2,25,4,1,-2.06358503418782591e-14
2,26,4,1,-2.23281171384068916e-14
2,27,4,1,-2.40761288672602242e-14
2,28,4,1,-2.58357466415568351e-14
2,29,4,1,-2.75374290563271465e-14
2,30,4,1,-2.90618867675434406e-14
2,31,4,1,-3.02492440004773627e-14
2,32,4,1,-3.09410801830039411e-14
2,33,4,1,-3.10296459479688508e-14
2,34,4,1,-3.04836959440137750e-14
2,35,4,1,-2.93365016253068628e-14
2,36,4,1,-2.76478177781451159e-14
2,37,4,1,-2.54705619388752996e-14
2,38,4,1,-2.28457220318150495e-14
2,39,4,1,-1.98205574132234719e-14
2,40,4,1,-1.64655090370601290e-14
2,41,4,1,-1.28745264097026788e-14
2,42,4,1,-9.15500060336875768e-15
2,43,4,1,-5.41951754334151284e-15
2,44,4,1,-1.78093293489779182e-15
2,45,4,1,1.65609679561497941e-15
2,46,4,1,4.81005446790246788e-15
2,47,4,1,7.63722767617219453e-15
2,48,4,1,1.01343663550055446e-14
2,49,4,1,1.23223998414962246e-14
2,50,4,1,1.42169279414338171e-14
2,51,4,1,1.58037272775680276e-14
2,52,4,1,1.70399227361747382e-14
2,53,4,1,1.78882126803227640e-14
2,54,4,1,1.83672572458401170e-14
2,55,4,1,1.85830422772849391e-14
2,56,4,1,1.87124604412959236e-14
2,57,4,1,1.89427229598752161e-14
2,58,4,1,1.94035529288948128e-14
2,59,4,1,2.01343238278748823e-14
2,60,4,1,2.11014812936428930e-14
2,61,4,1,2.22461463719693039e-14
2,62,4,1,2.35240819201508120e-14
2,63,4,1,2.49111881567721377e-14
2,0,5,1,9.09552449091140247e-15
2,1,5,1,9.09552703201024423e-15
2,2,5,1,9.09578114189442052e-15
2,3,5,1,9.09856533919204541e-15
2,4,5,1,9.11406773619269361e-15
2,5,5,1,9.17143981880906914e-15
2,6,5,1,9.32968166698217027e-15
2,7,5,1,9.67677035777856492e-15
2,8,5,1,1.03082808538016921e-14
2,9,5,1,1.12909771389870829e-14
2,10,5,1,1.26313483327436527e-14
2,11,5,1,1.42687985450577759e-14
2,12,5,1,1.60959231511846601e-14
2,13,5,1,1.79895991359773147e-14
2,14,5,1,1.98329596696371693e-14
2,15,5,1,2.15206440179211561e-14
2,16,5,1,2.29560311325359770e-14
2,17,5,1,2.40545108923803999e-14
2,18,5,1,2.47566046438982279e-14
2,19,5,1,2.50403505168330515e-14
2,20,5,1,2.49213118945577211e-14
2,21,5,1,2.44405326055643912e-14
2,22,5,1,2.36492767778867866e-14
2,23,5,1,2.25973855242072447e-14
2,24,5,1,2.13281235934056207e-14
2,25,5,1,1.98809728852193321e-14
2,26,5,1,1.83008718856320085e-14
2,27,5,1,1.66478464314837732e-14
2,28,5,1,1.49995948550262631e-14
2,29,5,1,1.34431972254349039e-14
2,30,5,1,1.20591970586311596e-14
2,31,5,1,1.09078175501318639e-14
2,32,5,1,1.00260604872048735e-14
2,33,5,1,9.43395057575622739e-15
2,34,5,1,9.13944399625948520e-15
2,35,5,1,9.13545362404497019e-15
2,36,5,1,9.39435263250503610e-15
2,37,5,1,9.87086456951009883e-15
2,38,5,1,1.05181993350538308e-14
2,39,5,1,1.13111610870872056e-14
2,40,5,1,1.22621732578476021e-14
2,41,5,1,1.34159947623338320e-14
2,42,5,1,1.48199188381228919e-14
2,43,5,1,1.64847129680402785e-14
2,44,5,1,1.83614008600428008e-14
2,45,5,1,2.03474881393808996e-14
2,46,5,1,2.23136176284157925e-14
2,47,5,1,2.41307133644471858e-14
2,48,5,1,2.56845427901424700e-14
2,49,5,1,2.68777547148078139e-14
2,50,5,1,2.76278701522372772e-14
2,51,5,1,2.78713887364410995e-14
2,52,5,1,2.75793656575457069e-14
2,53,5,1,2.67793870845772775e-14
2,54,5,1,2.55698613053478158e-14
2,55,5,1,2.41139353358279726e-14
2,56,5,1,2.26119223036480230e-14
2,57,5,1,2.12625344441679312e-14
2,58,5,1,2.02267961087925288e-14
2,59,5,1,1.96052839896787914e-14
2,60,5,1,1.94329195611761193e-14
2,61,5,1,1.96880153917030135e-14
2,62,5,1,2.03068813798895284e-14
2,63,5,1,2.11972332861323082e-14
2,0,6,1,5.80149128607057585e-14
2,1,6,1,5.80149873996051169e-14
2,2,6,1,5.80157734461801688e-14
2,3,6,1,5.80201509124515791e-14
2,4,6,1,5.80365426940468443e-14
2,5,6,1,5.80829939808742701e-14
2,6,6,1,5.81888324416995895e-14
2,7,6,1,5.83902297715023499e-14
2,8,6,1,5.87195494051312439e-14
2,9,6,1,5.91933728595617215e-14
2,10,6,1,5.98060826122875921e-14
2,11,6,1,6.05321592546739784e-14
2,12,6,1,6.13340893915528818e-14
2,13,6,1,6.21695281518251652e-14
2,14,6,1,6.29936505519221313e-14
2,15,6,1,6.37585077507656084e-14
2,16,6,1,6.44138944115059398e-14
2,17,6,1,6.49111976192343065e-14
2,18,6,1,6.52082283569138665e-14
2,19,6,1,6.52719862209195922e-14
2,20,6,1,6.50797639520014903e-14
2,21,6,1,6.46211328805129659e-14
2,22,6,1,6.39020561184026892e-14
2,23,6,1,6.29496251674556417e-14
2,24,6,1,6.18148246348329544e-14
2,25,6,1,6.05706416555336358e-14
2,26,6,1,5.93035820103948730e-14
2,27,6,1,5.80989995154455874e-14
2,28,6,1,5.70241147053798803e-14
2,29,6,1,5.61142081965167877e-14
2,30,6,1,5.53681076952573098e-14
2,31,6,1,5.47567227020609448e-14
2,32,6,1,5.42404832257637609e-14
2,33,6,1,5.37837427318135081e-14
2,34,6,1,5.33572311496848667e-14
2,35,6,1,5.29324237978461010e-14
2,36,6,1,5.24779601284580677e-14
2,37,6,1,5.19629200508141958e-14
2,38,6,1,5.13649859408202292e-14
2,39,6,1,5.06800818759339800e-14
2,40,6,1,4.99283028657961092e-14
2,41,6,1,4.91493036048652743e-14
2,42,6,1,4.83860693211487364e-14
2,43,6,1,4.76656644113771649e-14
2,44,6,1,4.69861982980122883e-14
2,45,6,1,4.63115331673924491e-14
2,46,6,1,4.55733507301239044e-14
2,47,6,1,4.46861514805108051e-14
2,48,6,1,4.35790760303176455e-14
2,49,6,1,4.22327239369205132e-14
2,50,6,1,4.06974699437585158e-14
2,51,6,1,3.90801723393254669e-14
2,52,6,1,3.75100341412637484e-14
2,53,6,1,3.61065649221673640e-14
2,54,6,1,3.49625656117374950e-14
2,55,6,1,3.41384804810902082e-14
2,56,6,1,3.36619329687013608e-14
2,57,6,1,3.35336989567506377e-14
2,58,6,1,3.37415303488207419e-14
2,59,6,1,3.42729384911373558e-14
2,60,6,1,3.51147638798319367e-14
2,61,6,1,3.62397760997161533e-14
2,62,6,1,3.75949475001600975e-14
2,63,6,1,3.91045533356792346e-14
2,0,7,1,1.01058023711450562e-13
2,1,7,1,1.01058213446830747e-13
2,2,7,1,1.01060165010741221e-13
2,3,7,1,1.01069570464587533e-13
2,4,7,1,1.01097224396249491e-13
2,5,7,1,1.01151373518501564e-13
2,6,7,1,1.01220579498424029e-13
2,7,7,1,1.01259976694866721e-13
2,8,7,1,1.01196740603156504e-13
2,9,7,1,1.00954943189901503e-13
2,10,7,1,1.00482827353892690e-13
2,11,7,1,9.97663730057871123e-14
2,12,7,1,9.88272506365073244e-14
2,13,7,1,9.77129076436267230e-14
2,14,7,1,9.64848996054881725e-14
2,15,7,1,9.52067336643450113e-14
2,16,7,1,9.39338599850562950e-14
2,17,7,1,9.27111916426172356e-14
2,18,7,1,9.15779903081989644e-14
2,19,7,1,9.05716202991707631e-14
2,20,7,1,8.97233269668909483e-14
2,21,7,1,8.90494275540554270e-14
2,22,7,1,8.85469608334805980e-14
2,23,7,1,8.81990539088571557e-14
2,24,7,1,8.79881155999365228e-14
2,25,7,1,8.79085554892668208e-14
2,26,7,1,8.79705447484786796e-14
2,27,7,1,8.81940936839180345e-14
2,28,7,1,8.86006423935457865e-14
2,29,7,1,8.92086494193485013e-14
2,30,7,1,9.00331241851515252e-14
2,31,7,1,9.10849154889432910e-14
2,32,7,1,9.23665102194569376e-14
2,33,7,1,9.38634613827440956e-14
2,34,7,1,9.55349962008557319e-14
2,35,7,1,9.73111226472943291e-14
2,36,7,1,9.90987280842341167e-14
2,37,7,1,1.00789710778814712e-13
2,38,7,1,1.02264354482402980e-13
2,39,7,1,1.03392419409029102e-13
2,40,7,1,1.04038996927117988e-13
2,41,7,1,1.04075968221199744e-13
2,42,7,1,1.03396261550477847e-13
2,43,7,1,1.01931375666441948e-13
2,44,7,1,9.96713155803144457e-14
2,45,7,1,9.66780434462528870e-14
2,46,7,1,9.30819345754986538e-14
2,47,7,1,8.90626683730869062e-14
2,48,7,1,8.48270767322099883e-14
2,49,7,1,8.05921356126365618e-14
2,50,7,1,7.65688443096594618e-14
2,51,7,1,7.29407785798712183e-14
2,52,7,1,6.98421423234348027e-14
2,53,7,1,6.73475760836622639e-14
2,54,7,1,6.54782218029170693e-14
2,55,7,1,6.42156209392126531e-14
2,56,7,1,6.35124616202471792e-14
2,57,7,1,6.33002358212467198e-14
2,58,7,1,6.35019651879648039e-14
2,59,7,1,6.40519606212759662e-14
2,60,7,1,6.49132033932534047e-14
2,61,7,1,6.60806384112679057e-14
2,62,7,1,6.75677978736848039e-14
2,63,7,1,6.93832063200852667e-14
2,0,0,2,-6.26023010014999104e-14
2,1,0,2,-6.26024026454535809e-14
2,2,0,2,-6.26035139526803786e-14
2,3,0,2,-6.26093618681482222e-14
2,4,0,2,-6.26294331608663601e-14
2,5,0,2,-6.26797875755147338e-14
2,6,0,2,-6.27784635257380708e-14
2,7,0,2,-6.29353950139417695e-14
2,8,0,2,-6.31417119111021830e-14
2,9,0,2,-6.33641630918418963e-14
2,10,0,2,-6.35475558893178194e-14
2,11,0,2,-6.36232535297480417e-14
2,12,0,2,-6.35175709229850172e-14
2,13,0,2,-6.31528182071065813e-14
2,14,0,2,-6.24391150220136859e-14
2,15,0,2,-6.12652832111815204e-14
2,16,0,2,-5.95023433736657781e-14
2,17,0,2,-5.70257952187472328e-14
2,18,0,2,-5.37484892205487841e-14
2,19,0,2,-4.96472065119202971e-14
2,20,0,2,-4.47708039532593999e-14
2,21,0,2,-3.92297854628648884e-14
2,22,0,2,-3.31771116384837333e-14
2,23,0,2,-2.67904323942094735e-14
2,24,0,2,-2.02591019454008078e-14
2,25,0,2,-1.37725490463157935e-14
2,26,0,2,-7.50497872805148611e-15
2,27,0,2,-1.59621707195825753e-15
2,28,0,2,3.86433540602946352e-15
2,29,0,2,8.84073782741025618e-15
2,30,0,2,1.33365667888039018e-14
2,31,0,2,1.73707907460312130e-14
2,32,0,2,2.09554595897998297e-14
2,33,0,2,2.40816193348243265e-14
2,34,0,2,2.67112144848504623e-14
2,35,0,2,2.87726995549554554e-14
2,36,0,2,3.01659196753900627e-14
2,37,0,2,3.07833592600934014e-14
2,38,0,2,3.05427714098870789e-14
2,39,0,2,2.94137035962514087e-14
2,40,0,2,2.74253835380643476e-14
2,41,0,2,2.46600073125274530e-14
2,42,0,2,2.12429188551754161e-14
2,43,0,2,1.73342141693028778e-14
2,44,0,2,1.31194112580504223e-14
2,45,0,2,8.79781358577519726e-15
2,46,0,2,4.56727153181333591e-15
2,47,0,2,6.00886655089858356e-16
2,48,0,2,-2.98318185407739182e-15
2,49,0,2,-6.14340926424045662e-15
2,50,0,2,-8.91111101873403796e-15
2,51,0,2,-1.13645283979289628e-14
2,52,0,2,-1.36034871992744659e-14
2,53,0,2,-1.57403658249816170e-14
2,54,0,2,-1.78988022862293372e-14
2,55,0,2,-2.02015240337782495e-14
2,56,0,2,-2.27453435453677313e-14
2,57,0,2,-2.55818417393537806e-14
2,58,0,2,-2.87194889452089402e-14
2,59,0,2,-3.21406008090604350e-14
2,60,0,2,-3.58135965545028356e-14
2,61,0,2,-3.96914353597774272e-14
2,62,0,2,-4.37045622673874756e-14
2,63,0,2,-4.77599764478562477e-14
2,0,1,2,-8.84479392938147813e-14
2,1,1,2,-8.84480951478770760e-14
2,2,1,2,-8.84496265834457118e-14
2,3,1,2,-8.84566129111946653e-14
2,4,1,2,-8.84763318382067454e-14
2,5,1,2,-8.85138181283204317e-14
2,6,1,2,-8.85599170494417998e-14
2,7,1,2,-8.85803610366567296e-14
2,8,1,2,-8.85155189704785184e-14
2,9,1,2,-8.82922478618458628e-14
2,10,1,2,-8.78400745695472052e-14
2,11,1,2,-8.71035828100413800e-14
2,12,1,2,-8.60472514096523311e-14
2,13,1,2,-8.46501078326060419e-14
2,14,1,2,-8.28887536407675596e-14
2,15,1,2,-8.07159921583158746e-14
2,16,1,2,-7.80526020877601867e-14
2,17,1,2,-7.48052878321581183e-14
2,18,1,2,-7.09033594098636144e-14
2,19,1,2,-6.63300658973117740e-14
2,20,1,2,-6.11292632723796359e-14
2,21,1,2,-5.53901068349633985e-14
2,22,1,2,-4.92287586834495167e-14
2,23,1,2,-4.27823398994713056e-14
2,24,1,2,-3.62127184792490620e-14
2,25,1,2,-2.97040495499112378e-14
2,26,1,2,-2.34416639203170740e-14
2,27,1,2,-1.75768874146253404e-14
2,28,1,2,-1.21983383138436763e-14
2,29,1,2,-7.32959123896006343e-15
2,30,1,2,-2.95613588031332520e-15
2,31,1,2,9.35120456241366523e-16
2,32,1,2,4.32740027148039060e-15
2,33,1,2,7.17045322992876724e-15
2,34,1,2,9.39742397397178020e-15
2,35,1,2,1.09450624358555827e-14
2,36,1,2,1.17623823143531495e-14
2,37,1,2,1.18079196526304879e-14
2,38,1,2,1.10495354795699281e-14
2,39,1,2,9.47889922613522409e-15
2,40,1,2,7.13581212348490812e-15
2,41,1,2,4.12331318855362408e-15
2,42,1,2,5.99119003208057038e-16
2,43,1,2,-3.25202862922824906e-15
2,44,1,2,-7.24703178462413403e-15
2,45,1,2,-1.12201770430578850e-14
2,46,1,2,-1.50273046908627403e-14
2,47,1,2,-1.85504924951878508e-14
2,48,1,2,-2.17114923993988115e-14
2,49,1,2,-2.44882120901653358e-14
2,50,1,2,-2.69192525529596965e-14
2,51,1,2,-2.90875112082637777e-14
2,52,1,2,-3.10894905197582616e-14
2,53,1,2,-3.30071561716830525e-14
2,54,1,2,-3.48964462198748243e-14
2,55,1,2,-3.67939050538099166e-14
2,56,1,2,-3.87294600415807183e-14
2,57,1,2,-4.07310260009969421e-14
2,58,1,2,-4.28193179698166393e-14
2,59,1,2,-4.50042496216544741e-14
2,60,1,2,-4.72894631981836400e-14
2,61,1,2,-4.96760429015766225e-14
2,62,1,2,-5.21543799900797689e-14
2,63,1,2,-5.46892243405601441e-14
2,0,2,2,-9.76119887501590566e-14
2,1,2,2,-9.76122055905935537e-14
2,2,2,2,-9.76144959676829294e-14
2,3,2,2,-9.76262392324636630e-14
2,4,2,2,-9.76649113687035053e-14
2,5,2,2,-9.77560859951459582e-14
2,6,2,2,-9.79173881733574891e-14
2,7,2,2,-9.81316875090128271e-14
2,8,2,2,-9.83275689602630676e-14
2,9,2,2,-9.83879386924797761e-14
2,10,2,2,-9.81901666636912640e-14
2,11,2,2,-9.76557769654003149e-14
2,12,2,2,-9.67756622993580506e-14
2,13,2,2,-9.55916593168952555e-14
2,14,2,2,-9.41452590799002342e-14
2,15,2,2,-9.24279302725282415e-14
2,16,2,2,-9.03649171549864016e-14
2,17,2,2,-8.78420193571941010e-14
2,18,2,2,-8.47579656199776155e-14
2,19,2,2,-8.10726743442728714e-14
2,20,2,2,-7.68265185084777980e-14
2,21,2,2,-7.21241575035551363e-14
2,22,2,2,-6.70970034090737077e-14
2,23,2,2,-6.18700511829939348e-14
2,24,2,2,-5.65534388253813997e-14
2,25,2,2,-5.12575584461858608e-14
2,26,2,2,-4.61092413707973880e-14
2,27,2,2,-4.12452597032750279e-14
2,28,2,2,-3.67803660791810039e-14
2,29,2,2,-3.27706815134685969e-14
2,30,2,2,-2.91992314658748309e-14
2,31,2,2,-2.59975468751413516e-14
2,32,2,2,-2.30960456787171128e-14
2,33,2,2,-2.04771299200899592e-14
2,34,2,2,-1.81992025209730748e-14
2,35,2,2,-1.63759725723376659e-14
2,36,2,2,-1.51255012204379313e-14
2,37,2,2,-1.45226509312181007e-14
2,38,2,2,-1.45810199716133945e-14
2,39,2,2,-1.52655547301346409e-14
2,40,2,2,-1.65162175114804549e-14
2,41,2,2,-1.82593113670420290e-14
2,42,2,2,-2.03983236687433137e-14
2,43,2,2,-2.27996044759688418e-14
2,44,2,2,-2.52975893407164990e-14
2,45,2,2,-2.77260903987349913e-14
2,46,2,2,-2.99549576495469067e-14
2,47,2,2,-3.19073008303322886e-14
2,48,2,2,-3.35544444876947900e-14
2,49,2,2,-3.49055738469144367e-14
2,50,2,2,-3.60051954071717584e-14
2,51,2,2,-3.69350952817218414e-14
2,52,2,2,-3.78079864507899210e-14
2,53,2,2,-3.87452961695625847e-14
2,54,2,2,-3.98440876375315972e-14
2,55,2,2,-4.11484268967449163e-14
2,56,2,2,-4.26410276988149761e-14
2,57,2,2,-4.42600668029875799e-14
2,58,2,2,-4.59303141310193896e-14
2,59,2,2,-4.75894483867832230e-14
2,60,2,2,-4.91962766639882088e-14
2,61,2,2,-5.07233110494300504e-14
2,62,2,2,-5.21474919181526969e-14
2,63,2,2,-5.34488970552367271e-14
2,0,3,2,-7.40825112301342348e-14
2,1,3,2,-7.40826060978243273e-14
2,2,3,2,-7.40837106287875469e-14
2,3,3,2,-7.40899718963336507e-14
2,4,3,2,-7.41130518500804358e-14
2,5,3,2,-7.41755696578513812e-14
2,6,3,2,-7.43089265250670983e-14
2,7,3,2,-7.45431006417968112e-14
2,8,3,2,-7.48929455778035713e-14
2,9,3,2,-7.53494556787921710e-14
2,10,3,2,-7.58796983037733630e-14
2,11,3,2,-7.64307372816755426e-14
2,12,3,2,-7.69301208023223659e-14
2,13,3,2,-7.72823171017907040e-14
2,14,3,2,-7.73698664272189085e-14
2,15,3,2,-7.70679025696545394e-14
2,16,3,2,-7.62707429223345723e-14
2,17,3,2,-7.49186614980822119e-14
2,18,3,2,-7.30132100612568280e-14
2,19,3,2,-7.06183091061900192e-14
2,20,3,2,-6.78513845044255437e-14
2,21,3,2,-6.48673145363029557e-14
2,22,3,2,-6.18347739548066877e-14
2,23,3,2,-5.89092644565254731e-14
2,24,3,2,-5.62147340666969281e-14
2,25,3,2,-5.38424861607714883e-14
2,26,3,2,-5.18599242325598619e-14
2,27,3,2,-5.03100911083097235e-14
2,28,3,2,-4.91926039291289141e-14
2,29,3,2,-4.84394188442986012e-14
2,30,3,2,-4.79110803493828369e-14
2,31,3,2,-4.74274550296867325e-14
2,32,3,2,-4.68209828275844425e-14
2,33,3,2,-4.59833451697810869e-14
2,34,3,2,-4.48818228675901265e-14
2,35,3,2,-4.35442866931080169e-14
2,36,3,2,-4.20307709535043539e-14
2,37,3,2,-4.04106171539731635e-14
2,38,3,2,-3.87507476736111134e-14
2,39,3,2,-3.71087675290950741e-14
2,40,3,2,-3.55255172610098591e-14
2,41,3,2,-3.40200889919865801e-14
2,42,3,2,-3.25936008055156129e-14
2,43,3,2,-3.12402522199741600e-14
2,44,3,2,-2.99553811660205338e-14
2,45,3,2,-2.87327534811629426e-14
2,46,3,2,-2.75556555112861645e-14
2,47,3,2,-2.63937448421536561e-14
2,48,3,2,-2.52124184838041845e-14
2,49,3,2,-2.39912595540771323e-14
2,50,3,2,-2.27430175928945710e-14
2,51,3,2,-2.15249825206769926e-14
2,52,3,2,-2.04353966067787399e-14
2,53,3,2,-1.95899509992675941e-14
2,54,3,2,-1.90832101504409199e-14
2,55,3,2,-1.89538394202749816e-14
2,56,3,2,-1.91755469060870057e-14
2,57,3,2,-1.96792536828966150e-14
2,58,3,2,-2.03880373006318574e-14
2,59,3,2,-2.12378705388097805e-14
2,60,3,2,-2.21728153415937101e-14
2,61,3,2,-2.31277111584172676e-14
2,62,3,2,-2.40204821907574056e-14
2,63,3,2,-2.47642753742685628e-14
2,0,4,2,-8.41987815732546385e-14
2,1,4,2,-8.41988899934718871e-14
2,2,4,2,-8.41999538668536385e-14
2,3,4,2,-8.42044600821330314e-14
2,4,4,2,-8.42157696660447708e-14
2,5,4,2,-8.42323173017023308e-14
2,6,4,2,-8.42381110070615502e-14
2,7,4,2,-8.41972501376860027e-14
2,8,4,2,-8.40598681699049333e-14
2,9,4,2,-8.37768439690411704e-14
2,10,4,2,-8.33119922875880103e-14
2,11,4,2,-8.26421383041085755e-14
2,12,4,2,-8.17472649359933523e-14
2,13,4,2,-8.06015681715371857e-14
2,14,4,2,-7.91738771982811174e-14
2,15,4,2,-7.74369446603778711e-14
2,16,4,2,-7.53786003884412970e-14
2,17,4,2,-7.30095237738703773e-14
2,18,4,2,-7.03678109705008215e-14
2,19,4,2,-6.75217870439899503e-14
2,20,4,2,-6.45701414970882570e-14
2,21,4,2,-6.16368460719558808e-14
2,22,4,2,-5.88607125279888566e-14
2,23,4,2,-5.63825482342069501e-14
2,24,4,2,-5.43313461440816242e-14
2,25,4,2,-5.28058160891541062e-14
2,26,4,2,-5.18484689589811948e-14
2,27,4,2,-5.14195314744916171e-14
2,28,4,2,-5.13878151728146271e-14
2,29,4,2,-5.15508181931842446e-14
2,30,4,2,-5.16780256012028955e-14
2,31,4,2,-5.15560393042711201e-14
2,32,4,2,-5.10160354716057696e-14
2,33,4,2,-4.99401579389258804e-14
2,34,4,2,-4.82585976388505422e-14
2,35,4,2,-4.59502194052798657e-14
2,36,4,2,-4.30480507468931906e-14
2,37,4,2,-3.96390548423192213e-14
2,38,4,2,-3.58479488227116810e-14
2,39,4,2,-3.18071205495946280e-14
2,40,4,2,-2.76270671650032801e-14
2,41,4,2,-2.33828205414713178e-14
2,42,4,2,-1.91217992774519313e-14
2,43,4,2,-1.48842509904668560e-14
2,44,4,2,-1.07186047892753565e-14
2,45,4,2,-6.67859602053477198e-15
2,46,4,2,-2.80613269810169302e-15
2,47,4,2,8.81420261451338390e-16
2,48,4,2,4.38474524904245398e-15
2,49,4,2,7.70159116873520705e-15
2,50,4,2,1.08099835506580977e-14
2,51,4,2,1.36691652869716171e-14
2,52,4,2,1.62353566327639795e-14
2,53,4,2,1.84781220001744434e-14
2,54,4,2,2.03852099046539226e-14
2,55,4,2,2.19554480526034171e-14
2,56,4,2,2.31899748563040367e-14
2,57,4,2,2.40921903060060602e-14
2,58,4,2,2.46772444330040780e-14
2,59,4,2,2.49824134632408573e-14
2,60,4,2,2.50685702665037757e-14
2,61,4,2,2.50097319698557030e-14
2,62,4,2,2.48771171035017807e-14
2,63,4,2,2.47289185249842738e-14
2,0,5,2,-8.81433936798271811e-14
2,1,5,2,-8.81435901914709441e-14
2,2,5,2,-8.81453520200012330e-14
2,3,5,2,-8.81520063108348628e-14
2,4,5,2,-8.81637902331970646e-14
2,5,5,2,-8.81592840179176718e-14
2,6,5,2,-8.80662933528363057e-14
2,7,5,2,-8.77435263660873710e-14
2,8,5,2,-8.69982254639301011e-14
2,9,5,2,-8.56421324916395443e-14
2,10,5,2,-8.35584111126032314e-14
2,11,5,2,-8.07434156970161798e-14
2,12,5,2,-7.73051802151029921e-14
2,13,5,2,-7.34254305034993948e-14
2,14,5,2,-6.93059027051870502e-14
2,15,5,2,-6.51204689673147430e-14
2,16,5,2,-6.09882966611657862e-14
2,17,5,2,-5.69732317421724199e-14
2,18,5,2,-5.31037175767034436e-14
2,19,5,2,-4.93999271014306657e-14
2,20,5,2,-4.58953994329335674e-14
2,21,5,2,-4.26463335131965771e-14
2,22,5,2,-3.97279492560676656e-14
2,23,5,2,-3.72217075141501735e-14
2,24,5,2,-3.51988369820446095e-14
2,25,5,2,-3.37042066890329284e-14
2,26,5,2,-3.27421500556732831e-14
2,27,5,2,-3.22662767815104501e-14
2,28,5,2,-3.21780430534608641e-14
2,29,5,2,-3.23379154400574298e-14
2,30,5,2,-3.25863739204096392e-14
2,31,5,2,-3.27658703663281925e-14
2,32,5,2,-3.27358820118636012e-14
2,33,5,2,-3.23802365942340437e-14
2,34,5,2,-3.16115135370192979e-14
2,35,5,2,-3.03769121944193199e-14
2,36,5,2,-2.86643166071565841e-14
2,37,5,2,-2.65023615710459695e-14
2,38,5,2,-2.39487689933110676e-14
2,39,5,2,-2.10689196530845432e-14
2,40,5,2,-1.79152042322199695e-14
2,41,5,2,-1.45182294192334332e-14
2,42,5,2,-1.08930156493785950e-14
2,43,5,2,-7.05487685482533884e-15
2,44,5,2,-3.03690153062520680e-15
2,45,5,2,1.09771287738980256e-15
2,46,5,2,5.25257497273421553e-15
2,47,5,2,9.30622647763975144e-15
2,48,5,2,1.31323996612636197e-14
2,49,5,2,1.66308837496820586e-14
2,50,5,2,1.97603824985846319e-14
2,51,5,2,2.25563704948352969e-14
2,52,5,2,2.51184418723722144e-14
2,53,5,2,2.75681153659402753e-14
2,54,5,2,2.99991761575253701e-14
2,55,5,2,3.24495984282188038e-14
2,56,5,2,3.49090839514478585e-14
2,57,5,2,3.73512357924443011e-14
2,58,5,2,3.97644665404896930e-14
2,59,5,2,4.21610344563966982e-14
2,60,5,2,4.45618680302260761e-14
2,61,5,2,4.69716767651645606e-14
2,62,5,2,4.93636639268928146e-14
2,63,5,2,5.16844528872066611e-14
2,0,6,2,-3.04414018948914733e-14
2,1,6,2,-3.04414662693954646e-14
2,2,6,2,-3.04421642245440022e-14
2,3,6,2,-3.04453795616117795e-14
2,4,6,2,-3.04537855165803312e-14
2,5,6,2,-3.04650815479649145e-14
2,6,6,2,-3.04601009942350592e-14
2,7,6,2,-3.03915794169339754e-14
2,8,6,2,-3.01840698973838278e-14
2,9,6,2,-2.97491252552323227e-14
2,10,6,2,-2.90087913542777520e-14
2,11,6,2,-2.79155886096947234e-14
2,12,6,2,-2.64604520748817212e-14
2,13,6,2,-2.46669512886290437e-14
2,14,6,2,-2.25760724811884320e-14
2,15,6,2,-2.02293744770839709e-14
2,16,6,2,-1.76594002821491708e-14
2,17,6,2,-1.48927941647728629e-14
2,18,6,2,-1.19638338542645342e-14
2,19,6,2,-8.92947215193166943e-15
2,20,6,2,-5.87665317816165982e-15
2,21,6,2,-2.91861994404648498e-15
2,22,6,2,-1.83763268511228425e-16
2,23,6,2,2.19692542661271886e-15
2,24,6,2,4.10058602402937032e-15
2,25,6,2,5.42265156524635375e-15
2,26,6,2,6.08875065167061025e-15
2,27,6,2,6.06724363810687631e-15
2,28,6,2,5.37740433575344991e-15
2,29,6,2,4.08851495749804929e-15
2,30,6,2,2.30965259463982060e-15
2,31,6,2,1.74728510693348638e-16
2,32,6,2,-2.17124232886078440e-15
2,33,6,2,-4.58137590093454089e-15
2,34,6,2,-6.91323346428663298e-15
2,35,6,2,-9.03647697712535794e-15
2,36,6,2,-1.08435413019624186e-14
2,37,6,2,-1.22599311616362200e-14
2,38,6,2,-1.32492343038101944e-14
2,39,6,2,-1.38111779838753258e-14
2,40,6,2,-1.39740776662253784e-14
2,41,6,2,-1.37829268939855532e-14
2,42,6,2,-1.32848842264942334e-14
2,43,6,2,-1.25172292778259753e-14
2,44,6,2,-1.15034833058930835e-14
2,45,6,2,-1.02576892699280872e-14
2,46,6,2,-8.79159466987645619e-15
2,47,6,2,-7.12129990799960019e-15
2,48,6,2,-5.27296729093936281e-15
2,49,6,2,-3.28404816870035612e-15
2,50,6,2,-1.19334279125569466e-15
2,51,6,2,9.79512394215780336e-16
2,52,6,2,3.25132241550847578e-15
2,53,6,2,5.67356135894791710e-15
2,54,6,2,8.31122026263191385e-15
2,55,6,2,1.12194519828550353e-14
2,56,6,2,1.44349762449137026e-14
2,57,6,2,1.79818284557192037e-14
2,58,6,2,2.18770788702575547e-14
2,59,6,2,2.61265567692717596e-14
2,60,6,2,3.07144480476365805e-14
2,61,6,2,3.55955397806934776e-14
2,62,6,2,4.06927062304631576e-14
2,63,6,2,4.58970528412466078e-14
2,0,7,2,2.06447221649678006e-14
2,1,7,2,2.06446967539793830e-14
2,2,7,2,2.06444223153044726e-14
2,3,7,2,2.06427858476503773e-14
2,4,7,2,2.06358249308898414e-14
2,5,7,2,2.06131684936166834e-14
2,6,7,2,2.05552704035400630e-14
2,7,7,2,2.04371889284951300e-14
2,8,7,2,2.02434826578534385e-14
2,9,7,2,1.99905518435397264e-14
2,10,7,2,1.97435502598567944e-14
2,11,7,2,1.96146403156141624e-14
2,12,7,2,1.97394590907215561e-14
2,13,7,2,2.02415666693267493e-14
2,14,7,2,2.12000742346373991e-14
2,15,7,2,2.26306637546389716e-14
2,16,7,2,2.44810360270361974e-14
2,17,7,2,2.66369398597716273e-14
2,18,7,2,2.89363632610239313e-14
2,19,7,2,3.11922796619734655e-14
2,20,7,2,3.32233494730084511e-14
2,21,7,2,3.48871322455868160e-14
2,22,7,2,3.61056230215300172e-14
2,23,7,2,3.68720489253918093e-14
2,24,7,2,3.72342808712192164e-14
2,25,7,2,3.72624599633084724e-14
2,26,7,2,3.70177623092420721e-14
2,27,7,2,3.65354278677575833e-14
2,28,7,2,3.58213519881678960e-14
2,29,7,2,3.48523598490361325e-14
2,30,7,2,3.35748003834832054e-14
2,31,7,2,3.19071382000064158e-14
2,32,7,2,2.97554136278327386e-14
2,33,7,2,2.70423467689864805e-14
2,34,7,2,2.37401668012589620e-14
2,35,7,2,1.98932192875707348e-14
2,36,7,2,1.56209324853528661e-14
2,37,7,2,1.11011985601218097e-14
2,38,7,2,6.54239608723159588e-15
2,39,7,2,2.15336760433311371e-15
2,40,7,2,-1.88329178437579049e-15
2,41,7,2,-5.43115662306973418e-15
2,42,7,2,-8.40882048101223786e-15
2,43,7,2,-1.07857575613336774e-14
2,44,7,2,-1.25687771618970302e-14
2,45,7,2,-1.37850046658051680e-14
2,46,7,2,-1.44658895593566955e-14
2,47,7,2,-1.46368733241553431e-14
2,48,7,2,-1.43181195795104993e-14
2,49,7,2,-1.35365504206176948e-14
2,50,7,2,-1.23389966050647254e-14
2,51,7,2,-1.07919002442671656e-14
2,52,7,2,-8.96240902808565290e-15
2,53,7,2,-6.89223763510656701e-15
2,54,7,2,-4.58280950419776879e-15
2,55,7,2,-2.00072167932604811e-15
2,56,7,2,9.02820442984599882e-16
2,57,7,2,4.17026253075403544e-15
2,58,7,2,7.81915680071526217e-15
2,59,7,2,1.18269812820754987e-14
2,60,7,2,1.61215340393778411e-14
2,61,7,2,2.05818248864364853e-14
2,62,7,2,2.50509960269141435e-14
2,63,7,2,2.93571319597701885e-14
2,0,0,3,1.67880046344527634e-13
2,1,0,3,1.67880385157706535e-13
2,2,0,3,1.67884112102674454e-13
2,3,0,3,1.67904156290338280e-13
2,4,0,3,1.67974683641658462e-13
2,5,0,3,1.68159025116035310e-13
2,6,0,3,1.68542222821373155e-13
2,7,0,3,1.69206310204547683e-13
2,8,0,3,1.70199954390576336e-13
2,9,0,3,1.71518628835388987e-13
2,10,0,3,1.73100249412083684e-13
2,11,0,3,1.74830310818718804e-13
2,12,0,3,1.76549489546047600e-13
2,13,0,3,1.78062100654463595e-13
2,14,0,3,1.79148200180750949e-13
2,15,0,3,1.79581379606240377e-13
2,16,0,3,1.79151276604415377e-13
2,17,0,3,1.77687441041234073e-13
2,18,0,3,1.75082387823821684e-13
2,19,0,3,1.71311722403297284e-13
2,20,0,3,1.66446487127012988e-13
2,21,0,3,1.60651494277713747e-13
2,22,0,3,1.54170269215866962e-13
2,23,0,3,1.47304206592896447e-13
2,24,0,3,1.40393203789876408e-13
2,25,0,3,1.33796484091605605e-13
2,26,0,3,1.27866453861723295e-13
2,27,0,3,1.22912693478055557e-13
2,28,0,3,1.19163088684731688e-13
2,29,0,3,1.16735817518552609e-13
2,30,0,3,1.15632452072668424e-13
2,31,0,3,1.15750101560910257e-13
2,32,0,3,1.16902527155099412e-13
2,33,0,3,1.18842462997273413e-13
2,34,0,3,1.21284533523106919e-13
2,35,0,3,1.23929742878482740e-13
2,36,0,3,1.26491793927228924e-13
2,37,0,3,1.28724396593338231e-13
2,38,0,3,1.30447098977727605e-13
2,39,0,3,1.31563095378921247e-13
2,40,0,3,1.32063102315817249e-13
2,41,0,3,1.32015858206151193e-13
2,42,0,3,1.31550084952851420e-13
2,43,0,3,1.30832505744991889e-13
2,44,0,3,1.30042163018831425e-13
2,45,0,3,1.29342825512523962e-13
2,46,0,3,1.28859379763812676e-13
2,47,0,3,1.28665009419340337e-13
2,48,0,3,1.28779894192042332e-13
2,49,0,3,1.29173581553398975e-13
2,50,0,3,1.29762615041183194e-13
2,51,0,3,1.30404815093000670e-13
2,52,0,3,1.30900891797021413e-13
2,53,0,3,1.31013120274400818e-13
2,54,0,3,1.30499059366843972e-13
2,55,0,3,1.29148834638811993e-13
2,56,0,3,1.26812853295556194e-13
2,57,0,3,1.23415275395111212e-13
2,58,0,3,1.18957808555898714e-13
2,59,0,3,1.13520311044185834e-13
2,60,0,3,1.07259673690594803e-13
2,61,0,3,1.00401891661716647e-13
2,62,0,3,9.32224607295799312e-14
2,63,0,3,8.60163990815815405e-14
2,0,1,3,1.32434224719459037e-13
2,1,1,3,1.32434482217475002e-13
2,2,1,3,1.32437030092580343e-13
2,3,1,3,1.32449539075145395e-13
2,4,1,3,1.32488692326099278e-13
2,5,1,3,1.32577054803156846e-13
2,6,1,3,1.32728680476978944e-13
2,7,1,3,1.32929786427447849e-13
2,8,1,3,1.33127165432948835e-13
2,9,1,3,1.33232211070935525e-13
2,10,1,3,1.33135839050328719e-13
2,11,1,3,1.32723151045899268e-13
2,12,1,3,1.31882081210593638e-13
2,13,1,3,1.30507936272131198e-13
2,14,1,3,1.28508681018595083e-13
2,15,1,3,1.25813842308773738e-13
2,16,1,3,1.22387099369888896e-13
2,17,1,3,1.18239416196409819e-13
2,18,1,3,1.13438392793790976e-13
2,19,1,3,1.08110758843468768e-13
2,20,1,3,1.02437094993534233e-13
2,21,1,3,9.66392493372686401e-14
2,22,1,3,9.09620686065371054e-14
2,23,1,3,8.56530490522637578e-14
2,24,1,3,8.09435458655298479e-14
2,25,1,3,7.70323542909241710e-14
2,26,1,3,7.40693788313200041e-14
2,27,1,3,7.21375880579668005e-14
2,28,1,3,7.12369684183374041e-14
2,29,1,3,7.12799976920579226e-14
2,30,1,3,7.21049196912570967e-14
2,31,1,3,7.35022868850014610e-14
2,32,1,3,7.52430886694077650e-14
2,33,1,3,7.71017635587539774e-14
2,34,1,3,7.88755657467853089e-14
2,35,1,3,8.04013905691784714e-14
2,36,1,3,8.15666029727393771e-14
2,37,1,3,8.23114430889733406e-14
2,38,1,3,8.26250621198919288e-14
2,39,1,3,8.25378719364333602e-14
2,40,1,3,8.21106014127839789e-14
2,41,1,3,8.14212995528355854e-14
2,42,1,3,8.05516813190756964e-14
2,43,1,3,7.95723011678788061e-14
2,44,1,3,7.85272115887657163e-14
2,45,1,3,7.74263127028239351e-14
2,46,1,3,7.62545340998559140e-14
2,47,1,3,7.49949012395986769e-14
2,48,1,3,7.36498129193588480e-14
2,49,1,3,7.22463403121306746e-14
2,50,1,3,7.08249919215836465e-14
2,51,1,3,6.94230507499241090e-14
2,52,1,3,6.80643692449467430e-14
2,53,1,3,6.67596471268412650e-14
2,54,1,3,6.55124893678311893e-14
2,55,1,3,6.43234380690027585e-14
2,56,1,3,6.31872280735558400e-14
2,57,1,3,6.20855228122482727e-14
2,58,1,3,6.09828011114040003e-14
2,59,1,3,5.98321170169544003e-14
2,60,1,3,5.85889775822460990e-14
2,61,1,3,5.72241500062034558e-14
2,62,1,3,5.57286184701358961e-14
2,63,1,3,5.41134858819160292e-14
2,0,2,3,8.27244224727366473e-14
2,1,2,3,8.27245918793260981e-14
2,2,2,3,8.27264417992829015e-14
2,3,2,3,8.27363419203704098e-14
2,4,2,3,8.27710363898899459e-14
2,5,2,3,8.28610997091056012e-14
2,6,2,3,8.30470336054232872e-14
2,7,2,3,8.33660736472043029e-14
2,8,2,3,8.38327684723506883e-14
2,9,2,3,8.44194844779912190e-14
2,10,2,3,8.50436528924275459e-14
2,11,2,3,8.55677020124984145e-14
2,12,2,3,8.58135109737916124e-14
2,13,2,3,8.55857539786702981e-14
2,14,2,3,8.46952987344079533e-14
2,15,2,3,8.29782477538426599e-14
2,16,2,3,8.03139361114403594e-14
2,17,2,3,7.66453822067733603e-14
2,18,2,3,7.19986475495627831e-14
2,19,2,3,6.64918424139737674e-14
2,20,2,3,6.03262895909097152e-14
2,21,2,3,5.37603205767560322e-14
2,22,2,3,4.70750249491249523e-14
2,23,2,3,4.05447261864460423e-14
2,24,2,3,3.44181063857695868e-14
2,25,2,3,2.89036779536552824e-14
2,26,2,3,2.41496089754345347e-14
2,27,2,3,2.02193100316046953e-14
2,28,2,3,1.70774818711218884e-14
2,29,2,3,1.46010912643315324e-14
2,30,2,3,1.26142009977594366e-14
2,31,2,3,1.09310508168421021e-14
2,32,2,3,9.39243240881361061e-15
2,33,2,3,7.89148917924604315e-15
2,34,2,3,6.39125872790359019e-15
2,35,2,3,4.93284036393645126e-15
2,36,2,3,3.62976233678159385e-15
2,37,2,3,2.64707494544214918e-15
2,38,2,3,2.16905973671394688e-15
2,39,2,3,2.36311879657816973e-15
2,40,2,3,3.34824352522333866e-15
2,41,2,3,5.17231394230066067e-15
2,42,2,3,7.79579224389819955e-15
2,43,2,3,1.10792375368983474e-14
2,44,2,3,1.47804606553079976e-14
2,45,2,3,1.85723561096223788e-14
2,46,2,3,2.20853981533052773e-14
2,47,2,3,2.49654338407801976e-14
2,48,2,3,2.69293813729429635e-14
2,49,2,3,2.78034075661603639e-14
2,50,2,3,2.75370919372141393e-14
2,51,2,3,2.61971281663051989e-14
2,52,2,3,2.39486470205666629e-14
2,53,2,3,2.10303135854145867e-14
2,54,2,3,1.77260092590553545e-14
2,55,2,3,1.43342877444076894e-14
2,56,2,3,1.11357100705247389e-14
2,57,2,3,8.35993566852735043e-15
2,58,2,3,6.15999501638064308e-15
2,59,2,3,4.60293246592568921e-15
2,60,2,3,3.67735923567018112e-15
2,61,2,3,3.30929610327563867e-15
2,62,2,3,3.37976437404774975e-15
2,63,2,3,3.74524342067845614e-15
2,0,3,3,5.86747379740897024e-14
2,1,3,3,5.86749006044155752e-14
2,2,3,3,5.86767166430544884e-14
2,3,3,3,5.86861627544822684e-14
2,4,3,3,5.87173200144140706e-14
2,5,3,3,5.87908424742357438e-14
2,6,3,3,5.89230948104882413e-14
2,7,3,3,5.91097808720630891e-14
2,8,3,3,5.93147967266165199e-14
2,9,3,3,5.94711996662611320e-14
2,10,3,3,5.94932225228897438e-14
2,11,3,3,5.92920691385757925e-14
2,12,3,3,5.87876644066176457e-14
2,13,3,3,5.79109785299458668e-14
2,14,3,3,5.65971050678782533e-14
2,15,3,3,5.47775868176177128e-14
2,16,3,3,5.23830551689159069e-14
2,17,3,3,4.93607196403681586e-14
2,18,3,3,4.56987116063175408e-14
2,19,3,3,4.14436449839173521e-14
2,20,3,3,3.67017953029936950e-14
2,21,3,3,3.16230704545516356e-14
2,22,3,3,2.63751829621475253e-14
2,23,3,3,2.11194722734425744e-14
2,24,3,3,1.59969405750344171e-14
2,25,3,3,1.11234407982837603e-14
2,26,3,3,6.58517463919972706e-15
2,27,3,3,2.42717968662077566e-15
2,28,3,3,-1.36233073467237429e-15
2,29,3,3,-4.85940345444245067e-15
2,30,3,3,-8.19127446807007414e-15
2,31,3,3,-1.15014012989087325e-14
2,32,3,3,-1.49044205390068754e-14
2,33,3,3,-1.84482793353767799e-14
2,34,3,3,-2.20963621477745370e-14
2,35,3,3,-2.57324848549570634e-14
2,36,3,3,-2.91822061036350194e-14
2,37,3,3,-3.22396325131216188e-14
2,38,3,3,-3.46926229877111275e-14
2,39,3,3,-3.63457568620766114e-14
2,40,3,3,-3.70426210321780913e-14
2,41,3,3,-3.66859049649032043e-14
2,42,3,3,-3.52529725517695264e-14
2,43,3,3,-3.28068159389984654e-14
2,44,3,3,-2.95015680179359918e-14
2,45,3,3,-2.55758854036686883e-14
2,46,3,3,-2.13273832866097204e-14
2,47,3,3,-1.70726656417838005e-14
2,48,3,3,-1.31087369488491236e-14
2,49,3,3,-9.68808841201977688e-15
2,50,3,3,-7.00565153509565518e-15
2,51,3,3,-5.18875358125744576e-15
2,52,3,3,-4.28786966734850603e-15
2,53,3,3,-4.27453143952809256e-15
2,54,3,3,-5.05119712468924190e-15
2,55,3,3,-6.46974480079617366e-15
2,56,3,3,-8.35117565378684645e-15
2,57,3,3,-1.05016660989563741e-14
2,58,3,3,-1.27250784575879718e-14
2,59,3,3,-1.48359345370895762e-14
2,60,3,3,-1.66765981178453732e-14
2,61,3,3,-1.81365593523259358e-14
2,62,3,3,-1.91651097661109382e-14
2,63,3,3,-1.97695457010080289e-14
2,0,4,3,5.13600595971989982e-14
2,1,4,3,5.13601002547804664e-14
2,2,4,3,5.13603814697189548e-14
2,3,4,3,5.13604085747732669e-14
2,4,4,3,5.13529479085738511e-14
2,5,4,3,5.13078518744620321e-14
2,6,4,3,5.11501749972647496e-14
2,7,4,3,5.07512428078987082e-14
2,8,4,3,4.99514946278919320e-14
2,9,4,3,4.86123185976239380e-14
2,10,4,3,4.66703295475857927e-14
2,11,4,3,4.41642504359941734e-14
2,12,4,3,4.12226913574283843e-14
2,13,4,3,3.80231226549971463e-14
2,14,4,3,3.47431874665304202e-14
2,15,4,3,3.15221617254793363e-14
2,16,4,3,2.84410726035782407e-14
2,17,4,3,2.55214245732920259e-14
2,18,4,3,2.27381827288316435e-14
2,19,4,3,2.00404319197376377e-14
2,20,4,3,1.73715547697496364e-14
2,21,4,3,1.46822285503490219e-14
2,22,4,3,1.19362273564476221e-14
2,23,4,3,9.11547465791808301e-15
2,24,4,3,6.22815575764619662e-15
2,25,4,3,3.31417310722769212e-15
2,26,4,3,4.37519754660056271e-16
2,27,4,3,-2.33794921255050820e-15
2,28,4,3,-4.97991760811189801e-15
2,29,4,3,-7.50907836751619692e-15
2,30,4,3,-9.99782549094109865e-15
2,31,4,3,-1.25465798164812840e-14
2,32,4,3,-1.52500286162114695e-14
2,33,4,3,-1.81683535810340732e-14
2,34,4,3,-2.13134953344065389e-14
2,35,4,3,-2.46529549162086137e-14
2,36,4,3,-2.81256409221525283e-14
2,37,4,3,-3.16586153451502150e-14
2,38,4,3,-3.51760856770813590e-14
2,39,4,3,-3.86013412261108219e-14
2,40,4,3,-4.18579626797373205e-14
2,41,4,3,-4.48724987289067512e-14
2,42,4,3,-4.75747811642685675e-14
2,43,4,3,-4.98945096393324516e-14
2,44,4,3,-5.17589511289835713e-14
2,45,4,3,-5.30967820709313254e-14
2,46,4,3,-5.38464706037553725e-14
2,47,4,3,-5.39628630951034804e-14
2,48,4,3,-5.34184885724302977e-14
2,49,4,3,-5.22029353067481744e-14
2,50,4,3,-5.03260017751909483e-14
2,51,4,3,-4.78270072471701641e-14
2,52,4,3,-4.47884256266940783e-14
2,53,4,3,-4.13486180516307866e-14
2,54,4,3,-3.77049228698998068e-14
2,55,4,3,-3.40977280319319093e-14
2,56,4,3,-3.07745297886512226e-14
2,57,4,3,-2.79461089008501903e-14
2,58,4,3,-2.57529119015130481e-14
2,59,4,3,-2.42528792323637790e-14
2,60,4,3,-2.34296123355435398e-14
2,61,4,3,-2.32115741964590214e-14
2,62,4,3,-2.34925689063811630e-14
2,63,4,3,-2.41487500840260189e-14
2,0,5,3,4.39288769206111485e-14
2,1,5,3,4.39289446832469288e-14
2,2,5,3,4.39293986929066571e-14
2,3,5,3,4.39297341179537698e-14
2,4,5,3,4.39214874051793019e-14
2,5,5,3,4.38702453000022058e-14
2,6,5,3,4.36924395318463721e-14
2,7,5,3,4.32469950692807026e-14
2,8,5,3,4.23610053827162825e-14
2,9,5,3,4.08856162901344300e-14
2,10,5,3,3.87533633113522347e-14
2,11,5,3,3.60052936629936399e-14
2,12,5,3,3.27765531458589637e-14
2,13,5,3,2.92522591165047391e-14
2,14,5,3,2.56150759240722503e-14
2,15,5,3,2.20026667512810553e-14
2,16,5,3,1.84854556114317711e-14
2,17,5,3,1.50665612798361881e-14
2,18,5,3,1.16982483677188429e-14
2,19,5,3,8.30623293263848053e-15
2,20,5,3,4.81400545308493556e-15
2,21,5,3,1.16119249107235522e-15
2,22,5,3,-2.68585147849274061e-15
2,23,5,3,-6.72699548314088271e-15
2,24,5,3,-1.09203333089604934e-14
2,25,5,3,-1.51771634539568656e-14
2,26,5,3,-1.93706118175760930e-14
2,27,5,3,-2.33627170615011842e-14
2,28,5,3,-2.70401698943120369e-14
2,29,5,3,-3.03400730374773359e-14
2,30,5,3,-3.32529143109994152e-14
2,31,5,3,-3.58052244808521741e-14
2,32,5,3,-3.80358823593145851e-14
2,33,5,3,-3.99795011007432477e-14
2,34,5,3,-4.16619355388201523e-14
2,35,5,3,-4.31048155068863847e-14
2,36,5,3,-4.43325965401950711e-14
2,37,5,3,-4.53774557263465078e-14
2,38,5,3,-4.62823850696115341e-14
2,39,5,3,-4.71046677141470638e-14
2,40,5,3,-4.79170908951765534e-14
2,41,5,3,-4.87999397835725546e-14
2,42,5,3,-4.98217969430083535e-14
2,43,5,3,-5.10176245054148186e-14
2,44,5,3,-5.23756249959025921e-14
2,45,5,3,-5.38362316694889625e-14
2,46,5,3,-5.52981292212869485e-14
2,47,5,3,-5.66262565537909573e-14
2,48,5,3,-5.76623370904770505e-14
2,49,5,3,-5.82418160466162405e-14
2,50,5,3,-5.82191765500020275e-14
2,51,5,3,-5.74975180314685197e-14
2,52,5,3,-5.60534894867258104e-14
2,53,5,3,-5.39483212334650186e-14
2,54,5,3,-5.13220345941308581e-14
2,55,5,3,-4.83750917741523206e-14
2,56,5,3,-4.53446077886519860e-14
2,57,5,3,-4.24794883513782140e-14
2,58,5,3,-4.00147037900311364e-14
2,59,5,3,-3.81446413897420372e-14
2,60,5,3,-3.69992224520925700e-14
2,61,5,3,-3.66294654655617558e-14
2,62,5,3,-3.70071405160835032e-14
2,63,5,3,-3.80375832014726717e-14
2,0,6,3,3.20410371683083756e-14
2,1,6,3,3.20410202276494305e-14
2,2,6,3,3.20411794698435143e-14
2,3,6,3,3.20429209695830691e-14
2,4,6,3,3.20494634520676613e-14
2,5,6,3,3.20612101049801840e-14
2,6,6,3,3.20634428838291463e-14
2,7,6,3,3.20143793473923882e-14
2,8,6,3,3.18464093258200714e-14
2,9,6,3,3.14834387672626587e-14
2,10,6,3,3.08631938094380137e-14
2,11,6,3,2.99497941367004444e-14
2,12,6,3,2.87309882645008646e-14
2,13,6,3,2.72052718623249506e-14
2,14,6,3,2.53693313372830437e-14
2,15,6,3,2.32130005999421976e-14
2,16,6,3,2.07225424699638422e-14
2,17,6,3,1.78894053027124980e-14
2,18,6,3,1.47211497142753570e-14
2,19,6,3,1.12499172168689307e-14
2,20,6,3,7.53266738806428193e-15
2,21,6,3,3.64109394354996188e-15
2,22,6,3,-3.52635909567963063e-16
2,23,6,3,-4.38394988510498219e-15
2,24,6,3,-8.39301145808468360e-15
2,25,6,3,-1.23162791814193651e-14
2,26,6,3,-1.60826958846803370e-14
2,27,6,3,-1.96205678521790480e-14
2,28,6,3,-2.28718309753812160e-14
2,29,6,3,-2.58034645218710793e-14
2,30,6,3,-2.84088362236716366e-14
2,31,6,3,-3.07020237683662545e-14
2,32,6,3,-3.27132628440401224e-14
2,33,6,3,-3.44879866039180666e-14
2,34,6,3,-3.60855585050754574e-14
2,35,6,3,-3.75762822821344017e-14
2,36,6,3,-3.90390709125928992e-14
2,37,6,3,-4.05587767689750966e-14
2,38,6,3,-4.22186767425232479e-14
2,39,6,3,-4.40876379999809165e-14
2,40,6,3,-4.62072972929033349e-14
2,41,6,3,-4.85839599345498641e-14
2,42,6,3,-5.11853607458936932e-14
2,43,6,3,-5.39420599659189148e-14
2,44,6,3,-5.67545007301370474e-14
2,45,6,3,-5.95054875599659860e-14
2,46,6,3,-6.20750602612837876e-14
2,47,6,3,-6.43546834203610751e-14
2,48,6,3,-6.62599993319148983e-14
2,49,6,3,-6.77412702212824847e-14
2,50,6,3,-6.87904052297516611e-14
2,51,6,3,-6.94423427723307729e-14
2,52,6,3,-6.97689722293191872e-14
2,53,6,3,-6.98643549154435994e-14
2,54,6,3,-6.98233110869514451e-14
2,55,6,3,-6.97214841741643221e-14
2,56,6,3,-6.96078530102242632e-14
2,57,6,3,-6.95151672770039086e-14
2,58,6,3,-6.94798764962895055e-14
2,59,6,3,-6.95541714501590747e-14
2,60,6,3,-6.97998381099171339e-14
2,61,6,3,-7.02708968488077734e-14
2,62,6,3,-7.10003819517739110e-14
2,63,6,3,-7.19975633473902976e-14
2,0,7,3,3.53308487609400868e-14
2,1,7,3,3.53309063591805000e-14
2,2,7,3,3.53315196110343122e-14
2,3,7,3,3.53346299160166299e-14
2,4,7,3,3.53452347685162538e-14
2,5,7,3,3.53728107731470648e-14
2,6,7,3,3.54311374618949959e-14
2,7,7,3,3.55350006418873182e-14
2,8,7,3,3.56930129441317134e-14
2,9,7,3,3.58981677120884940e-14
2,10,7,3,3.61205375776652710e-14
2,11,7,3,3.63067899583711245e-14
2,12,7,3,3.63874342712133120e-14
2,13,7,3,3.62858682445739433e-14
2,14,7,3,3.59213357572617936e-14
2,15,7,3,3.52054031814517249e-14
2,16,7,3,3.40407227145816949e-14
2,17,7,3,3.23300007641982856e-14
2,18,7,3,2.99949274402619426e-14
2,19,7,3,2.69971135155372063e-14
2,20,7,3,2.33503791795914781e-14
2,21,7,3,1.91182688441277754e-14
2,22,7,3,1.44019470421684684e-14
2,23,7,3,9.32968844324574831e-15
2,24,7,3,4.05100156233005083e-15
2,25,7,3,-1.27205131617605079e-15
2,26,7,3,-6.48252695148671468e-15
2,27,7,3,-1.14531365145412352e-14
2,28,7,3,-1.61095519113059818e-14
2,29,7,3,-2.04416273811387425e-14
2,30,7,3,-2.44952407695616520e-14
2,31,7,3,-2.83498081916433789e-14
2,32,7,3,-3.20958808575771970e-14
2,33,7,3,-3.58213655406950521e-14
2,34,7,3,-3.96036183719378904e-14
2,35,7,3,-4.35027583617700331e-14
2,36,7,3,-4.75551537168147909e-14
2,37,7,3,-5.17664490646326664e-14
2,38,7,3,-5.61041488332351956e-14
2,39,7,3,-6.04942799412727661e-14
2,40,7,3,-6.48265688634082349e-14
2,41,7,3,-6.89663034797102781e-14
2,42,7,3,-7.27687563526792369e-14
2,43,7,3,-7.60970672868295506e-14
2,44,7,3,-7.88457366345148014e-14
2,45,7,3,-8.09645522826217545e-14
2,46,7,3,-8.24716407362216519e-14
2,47,7,3,-8.34483645920959527e-14
2,48,7,3,-8.40176317190230448e-14
2,49,7,3,-8.43137950949646164e-14
2,50,7,3,-8.44561779452662753e-14
2,51,7,3,-8.45367612717362604e-14
2,52,7,3,-8.46221692978738060e-14
2,53,7,3,-8.47580198300862397e-14
2,54,7,3,-8.49644858050453700e-14
2,55,7,3,-8.52277097637341163e-14
2,56,7,3,-8.55038628333297523e-14
2,57,7,3,-8.57449284101183262e-14
2,58,7,3,-8.59352058913895323e-14
2,59,7,3,-8.61158543021163514e-14
2,60,7,3,-8.63834896083943982e-14
2,61,7,3,-8.68670844349044013e-14
2,62,7,3,-8.76963974529021417e-14
2,63,7,3,-8.89706738187515112e-14
2,0,0,4,0.00000000000000000e0
2,1,0,4,0.00000000000000000e0
2,2,0,4,0.00000000000000000e0
2,3,0,4,0.00000000000000000e0
2,4,0,4,0.00000000000000000e0
2,5,0,4,0.00000000000000000e0
2,6,0,4,0.00000000000000000e0
2,7,0,4,0.00000000000000000e0
2,8,0,4,0.00000000000000000e0
2,9,0,4,0.00000000000000000e0
2,10,0,4,0.00000000000000000e0
2,11,0,4,0.00000000000000000e0
2,12,0,4,0.00000000000000000e0
2,13,0,4,0.00000000000000000e0
2,14,0,4,0.00000000000000000e0
2,15,0,4,0.00000000000000000e0
2,16,0,4,0.00000000000000000e0
2,17,0,4,0.00000000000000000e0
2,18,0,4,0.00000000000000000e0
2,19,0,4,0.00000000000000000e0
2,20,0,4,0.00000000000000000e0
2,21,0,4,0.00000000000000000e0
2,22,0,4,0.00000000000000000e0
2,23,0,4,0.00000000000000000e0
2,24,0,4,0.00000000000000000e0
2,25,0,4,0.00000000000000000e0
2,26,0,4,0.00000000000000000e0
2,27,0,4,0.00000000000000000e0
2,28,0,4,0.00000000000000000e0
2,29,0,4,0.00000000000000000e0
2,30,0,4,0.00000000000000000e0
2,31,0,4,0.00000000000000000e0
2,32,0,4,0.00000000000000000e0
2,33,0,4,0.00000000000000000e0
2,34,0,4,0.00000000000000000e0
2,35,0,4,0.00000000000000000e0
2,36,0,4,0.00000000000000000e0
2,37,0,4,0.00000000000000000e0
2,38,0,4,0.00000000000000000e0
2,39,0,4,0.00000000000000000e0
2,40,0,4,0.00000000000000000e0
2,41,0,4,0.00000000000000000e0
2,42,0,4,0.00000000000000000e0
2,43,0,4,0.00000000000000000e0
2,44,0,4,0.00000000000000000e0
2,45,0,4,0.00000000000000000e0
2,46,0,4,0.00000000000000000e0
2,47,0,4,0.00000000000000000e0
2,48,0,4,0.00000000000000000e0
2,49,0,4,0.00000000000000000e0
2,50,0,4,0.00000000000000000e0
2,51,0,4,0.00000000000000000e0
2,52,0,4,0.00000000000000000e0
2,53,0,4,0.00000000000000000e0
2,54,0,4,0.00000000000000000e0
2,55,0,4,0.00000000000000000e0
2,56,0,4,0.00000000000000000e0
2,57,0,4,0.00000000000000000e0
2,58,0,4,0.00000000000000000e0
2,59,0,4,0.00000000000000000e0
2,60,0,4,0.00000000000000000e0
2,61,0,4,0.00000000000000000e0
2,62,0,4,0.00000000000000000e0
2,63,0,4,0.00000000000000000e0
2,0,1,4,0.00000000000000000e0
2,1,1,4,0.00000000000000000e0
2,2,1,4,0.00000000000000000e0
2,3,1,4,0.00000000000000000e0
2,4,1,4,0.00000000000000000e0
2,5,1,4,0.00000000000000000e0
2,6,1,4,0.00000000000000000e0
2,7,1,4,0.00000000000000000e0
2,8,1,4,0.00000000000000000e0
2,9,1,4,0.00000000000000000e0
2,10,1,4,0.00000000000000000e0
2,11,1,4,0.00000000000000000e0
2,12,1,4,0.00000000000000000e0
2,13,1,4,0.00000000000000000e0
2,14,1,4,0.00000000000000000e0
2,15,1,4,0.00000000000000000e0
2,16,1,4,0.00000000000000000e0
2,17,1,4,0.00000000000000000e0
2,18,1,4,0.00000000000000000e0
2,19,1,4,0.00000000000000000e0
2,20,1,4,0.00000000000000000e0
2,21,1,4,0.00000000000000000e0
2,22,1,4,0.00000000000000000e0
2,23,1,4,0.00000000000000000e0
2,24,1,4,0.00000000000000000e0
2,25,1,4,0.00000000000000000e0
2,26,1,4,0.00000000000000000e0
2,27,1,4,0.00000000000000000e0
2,28,1,4,0.00000000000000000e0
2,29,1,4,0.00000000000000000e0
2,30,1,4,0.00000000000000000e0
2,31,1,4,0.00000000000000000e0
2,32,1,4,0.00000000000000000e0
2,33,1,4,0.00000000000000000e0
2,34,1,4,0.00000000000000000e0
2,35,1,4,0.00000000000000000e0
2,36,1,4,0.00000000000000000e0
2,37,1,4,0.00000000000000000e0
2,38,1,4,0.00000000000000000e0
2,39,1,4,0.00000000000000000e0
2,40,1,4,0.00000000000000000e0
2,41,1,4,0.00000000000000000e0
2,42,1,4,0.00000000000000000e0
2,43,1,4,0.00000000000000000e0
2,44,1,4,0.00000000000000000e0
2,45,1,4,0.00000000000000000e0
2,46,1,4,0.00000000000000000e0
2,47,1,4,0.00000000000000000e0
2,48,1,4,0.00000000000000000e0
2,49,1,4,0.00000000000000000e0
2,50,1,4,0.00000000000000000e0
2,51,1,4,0.00000000000000000e0
2,52,1,4,0.00000000000000000e0
2,53,1,4,0.00000000000000000e0
2,54,1,4,0.00000000000000000e0
2,55,1,4,0.00000000000000000e0
2,56,1,4,0.00000000000000000e0
2,57,1,4,0.00000000000000000e0
2,58,1,4,0.00000000000000000e0
2,59,1,4,0.00000000000000000e0
2,60,1,4,0.00000000000000000e0
2,61,1,4,0.00000000000000000e0
2,62,1,4,0.00000000000000000e0
2,63,1,4,0.00000000000000000e0
2,0,2,4,0.00000000000000000e0
2,1,2,4,0.00000000000000000e0
2,2,2,4,0.00000000000000000e0
2,3,2,4,0.00000000000000000e0
2,4,2,4,0.00000000000000000e0
2,5,2,4,0.00000000000000000e0
2,6,2,4,0.00000000000000000e0
2,7,2,4,0.00000000000000000e0
2,8,2,4,0.00000000000000000e0
2,9,2,4,0.00000000000000000e0
2,10,2,4,0.00000000000000000e0
2,11,2,4,0.00000000000000000e0
2,12,2,4,0.00000000000000000e0
2,13,2,4,0.00000000000000000e0
2,14,2,4,0.00000000000000000e0
2,15,2,4,0.00000000000000000e0
2,16,2,4,0.00000000000000000e0
2,17,2,4,0.00000000000000000e0
2,18,2,4,0.00000000000000000e0
2,19,2,4,0.00000000000000000e0
2,20,2,4,0.00000000000000000e0
2,21,2,4,0.00000000000000000e0
2,22,2,4,0.00000000000000000e0
2,23,2,4,0.00000000000000000e0
2,24,2,4,0.00000000000000000e0
2,25,2,4,0.00000000000000000e0
2,26,2,4,0.00000000000000000e0
2,27,2,4,0.00000000000000000e0
2,28,2,4,0.00000000000000000e0
2,29,2,4,0.00000000000000000e0
2,30,2,4,0.00000000000000000e0
2,31,2,4,0.00000000000000000e0
2,32,2,4,0.00000000000000000e0
2,33,2,4,0.00000000000000000e0
2,34,2,4,0.00000000000000000e0
2,35,2,4,0.00000000000000000e0
2,36,2,4,0.00000000000000000e0
2,37,2,4,0.00000000000000000e0
2,38,2,4,0.00000000000000000e0
2,39,2,4,0.00000000000000000e0
2,40,2,4,0.00000000000000000e0
2,41,2,4,0.00000000000000000e0
2,42,2,4,0.00000000000000000e0
2,43,2,4,0.00000000000000000e0
2,44,2,4,0.00000000000000000e0
2,45,2,4,0.00000000000000000e0
2,46,2,4,0.00000000000000000e0
2,47,2,4,0.00000000000000000e0
2,48,2,4,0.00000000000000000e0
2,49,2,4,0.00000000000000000e0
2,50,2,4,0.00000000000000000e0
2,51,2,4,0.00000000000000000e0
2,52,2,4,0.00000000000000000e0
2,53,2,4,0.00000000000000000e0
2,54,2,4,0.00000000000000000e0
2,55,2,4,0.00000000000000000e0
2,56,2,4,0.00000000000000000e0
2,57,2,4,0.00000000000000000e0
2,58,2,4,0.00000000000000000e0
2,59,2,4,0.00000000000000000e0
2,60,2,4,0.00000000000000000e0
2,61,2,4,0.00000000000000000e0
2,62,2,4,0.00000000000000000e0
2,63,2,4,0.00000000000000000e0
2,0,3,4,0.00000000000000000e0
2,1,3,4,0.00000000000000000e0
2,2,3,4,0.00000000000000000e0
2,3,3,4,0.00000000000000000e0
2,4,3,4,0.00000000000000000e0
2,5,3,4,0.00000000000000000e0
2,6,3,4,0.00000000000000000e0
2,7,3,4,0.00000000000000000e0
2,8,3,4,0.00000000000000000e0
2,9,3,4,0.00000000000000000e0
2,10,3,4,0.00000000000000000e0
2,11,3,4,0.00000000000000000e0
2,12,3,4,0.00000000000000000e0
2,13,3,4,0.00000000000000000e0
2,14,3,4,0.00000000000000000e0
2,15,3,4,0.00000000000000000e0
2,16,3,4,0.00000000000000000e0
2,17,3,4,0.00000000000000000e0
2,18,3,4,0.00000000000000000e0
2,19,3,4,0.00000000000000000e0
2,20,3,4,0.00000000000000000e0
2,21,3,4,0.00000000000000000e0
2,22,3,4,0.00000000000000000e0
2,23,3,4,0.00000000000000000e0
2,24,3,4,0.00000000000000000e0
2,25,3,4,0.00000000000000000e0
2,26,3,4,0.00000000000000000e0
2,27,3,4,0.00000000000000000e0
2,28,3,4,0.00000000000000000e0
2,29,3,4,0.00000000000000000e0
2,30,3,4,0.00000000000000000e0
2,31,3,4,0.00000000000000000e0
2,32,3,4,0.00000000000000000e0
2,33,3,4,0.00000000000000000e0
2,34,3,4,0.00000000000000000e0
2,35,3,4,0.00000000000000000e0
2,36,3,4,0.00000000000000000e0
2,37,3,4,0.00000000000000000e0
2,38,3,4,0.00000000000000000e0
2,39,3,4,0.00000000000000000e0
2,40,3,4,0.00000000000000000e0
2,41,3,4,0.00000000000000000e0
2,42,3,4,0.00000000000000000e0
2,43,3,4,0.00000000000000000e0
2,44,3,4,0.00000000000000000e0
2,45,3,4,0.00000000000000000e0
2,46,3,4,0.00000000000000000e0
2,47,3,4,0.00000000000000000e0
2,48,3,4,0.00000000000000000e0
2,49,3,4,0.00000000000000000e0
2,50,3,4,0.00000000000000000e0
2,51,3,4,0.00000000000000000e0
2,52,3,4,0.00000000000000000e0
2,53,3,4,0.00000000000000000e0
2,54,3,4,0.00000000000000000e0
2,55,3,4,0.00000000000000000e0
2,56,3,4,0.00000000000000000e0
2,57,3,4,0.00000000000000000e0
2,58,3,4,0.00000000000000000e0
2,59,3,4,0.00000000000000000e0
2,60,3,4,0.00000000000000000e0
2,61,3,4,0.00000000000000000e0
2,62,3,4,0.00000000000000000e0
2,63,3,4,0.00000000000000000e0
2,0,4,4,0.00000000000000000e0
2,1,4,4,0.00000000000000000e0
2,2,4,4,0.00000000000000000e0
2,3,4,4,0.00000000000000000e0
2,4,4,4,0.00000000000000000e0
2,5,4,4,0.00000000000000000e0
2,6,4,4,0.00000000000000000e0
2,7,4,4,0.00000000000000000e0
2,8,4,4,0.00000000000000000e0
2,9,4,4,0.00000000000000000e0
2,10,4,4,0.00000000000000000e0
2,11,4,4,0.00000000000000000e0
2,12,4,4,0.00000000000000000e0
2,13,4,4,0.00000000000000000e0
2,14,4,4,0.00000000000000000e0
2,15,4,4,0.00000000000000000e0
2,16,4,4,0.00000000000000000e0
2,17,4,4,0.00000000000000000e0
2,18,4,4,0.00000000000000000e0
2,19,4,4,0.00000000000000000e0
2,20,4,4,0.00000000000000000e0
2,21,4,4,0.00000000000000000e0
2,22,4,4,0.00000000000000000e0
2,23,4,4,0.00000000000000000e0
2,24,4,4,0.00000000000000000e0
2,25,4,4,0.00000000000000000e0
2,26,4,4,0.00000000000000000e0
2,27,4,4,0.00000000000000000e0
2,28,4,4,0.00000000000000000e0
2,29,4,4,0.00000000000000000e0
2,30,4,4,0.00000000000000000e0
2,31,4,4,0.00000000000000000e0
2,32,4,4,0.00000000000000000e0
2,33,4,4,0.00000000000000000e0
2,34,4,4,0.00000000000000000e0
2,35,4,4,0.00000000000000000e0
2,36,4,4,0.00000000000000000e0
2,37,4,4,0.00000000000000000e0
2,38,4,4,0.00000000000000000e0
2,39,4,4,0.00000000000000000e0
2,40,4,4,0.00000000000000000e0
2,41,4,4,0.00000000000000000e0
2,42,4,4,0.00000000000000000e0
2,43,4,4,0.00000000000000000e0
2,44,4,4,0.00000000000000000e0
2,45,4,4,0.00000000000000000e0
2,46,4,4,0.00000000000000000e0
2,47,4,4,0.00000000000000000e0
2,48,4,4,0.00000000000000000e0
2,49,4,4,0.00000000000000000e0
2,50,4,4,0.00000000000000000e0
2,51,4,4,0.00000000000000000e0
2,52,4,4,0.00000000000000000e0
2,53,4,4,0.00000000000000000e0
2,54,4,4,0.00000000000000000e0
2,55,4,4,0.00000000000000000e0
2,56,4,4,0.00000000000000000e0
2,57,4,4,0.00000000000000000e0
2,58,4,4,0.00000000000000000e0
2,59,4,4,0.00000000000000000e0
2,60,4,4,0.00000000000000000e0
2,61,4,4,0.00000000000000000e0
2,62,4,4,0.00000000000000000e0
2,63,4,4,0.00000000000000000e0
2,0,5,4,0.00000000000000000e0
2,1,5,4,0.00000000000000000e0
2,2,5,4,0.00000000000000000e0
2,3,5,4,0.00000000000000000e0
2,4,5,4,0.00000000000000000e0
2,5,5,4,0.00000000000000000e0
2,6,5,4,0.00000000000000000e0
2,7,5,4,0.00000000000000000e0
2,8,5,4,0.00000000000000000e0
2,9,5,4,0.00000000000000000e0
2,10,5,4,0.00000000000000000e0
2,11,5,4,0.00000000000000000e0
2,12,5,4,0.00000000000000000e0
2,13,5,4,0.00000000000000000e0
2,14,5,4,0.00000000000000000e0
2,15,5,4,0.00000000000000000e0
2,16,5,4,0.00000000000000000e0
2,17,5,4,0.00000000000000000e0
2,18,5,4,0.00000000000000000e0
2,19,5,4,0.00000000000000000e0
2,20,5,4,0.00000000000000000e0
2,21,5,4,0.00000000000000000e0
2,22,5,4,0.00000000000000000e0
2,23,5,4,0.00000000000000000e0
2,24,5,4,0.00000000000000000e0
2,25,5,4,0.00000000000000000e0
2,26,5,4,0.00000000000000000e0
2,27,5,4,0.00000000000000000e0
2,28,5,4,0.00000000000000000e0
2,29,5,4,0.00000000000000000e0
2,30,5,4,0.00000000000000000e0
2,31,5,4,0.00000000000000000e0
2,32,5,4,0.00000000000000000e0
2,33,5,4,0.00000000000000000e0
2,34,5,4,0.00000000000000000e0
2,35,5,4,0.00000000000000000e0
2,36,5,4,0.00000000000000000e0
2,37,5,4,0.00000000000000000e0
2,38,5,4,0.00000000000000000e0
2,39,5,4,0.00000000000000000e0
2,40,5,4,0.00000000000000000e0
2,41,5,4,0.00000000000000000e0
2,42,5,4,0.00000000000000000e0
2,43,5,4,0.00000000000000000e0
2,44,5,4,0.00000000000000000e0
2,45,5,4,0.00000000000000000e0
2,46,5,4,0.00000000000000000e0
2,47,5,4,0.00000000000000000e0
2,48,5,4,0.00000000000000000e0
2,49,5,4,0.00000000000000000e0
2,50,5,4,0.00000000000000000e0
2,51,5,4,0.00000000000000000e0
2,52,5,4,0.00000000000000000e0
2,53,5,4,0.00000000000000000e0
2,54,5,4,0.00000000000000000e0
2,55,5,4,0.00000000000000000e0
2,56,5,4,0.00000000000000000e0
2,57,5,4,0.00000000000000000e0
2,58,5,4,0.00000000000000000e0
2,59,5,4,0.00000000000000000e0
2,60,5,4,0.00000000000000000e0
2,61,5,4,0.00000000000000000e0
2,62,5,4,0.00000000000000000e0
2,63,5,4,0.00000000000000000e0
2,0,6,4,0.00000000000000000e0
2,1,6,4,0.00000000000000000e0
2,2,6,4,0.00000000000000000e0
2,3,6,4,0.00000000000000000e0
2,4,6,4,0.00000000000000000e0
2,5,6,4,0.00000000000000000e0
2,6,6,4,0.00000000000000000e0
2,7,6,4,0.00000000000000000e0
2,8,6,4,0.00000000000000000e0
2,9,6,4,0.00000000000000000e0
2,10,6,4,0.00000000000000000e0
2,11,6,4,0.00000000000000000e0
2,12,6,4,0.00000000000000000e0
2,13,6,4,0.00000000000000000e0
2,14,6,4,0.00000000000000000e0
2,15,6,4,0.00000000000000000e0
2,16,6,4,0.00000000000000000e0
2,17,6,4,0.00000000000000000e0
2,18,6,4,0.00000000000000000e0
2,19,6,4,0.00000000000000000e0
2,20,6,4,0.00000000000000000e0
2,21,6,4,0.00000000000000000e0
2,22,6,4,0.00000000000000000e0
2,23,6,4,0.00000000000000000e0
2,24,6,4,0.00000000000000000e0
2,25,6,4,0.00000000000000000e0
2,26,6,4,0.00000000000000000e0
2,27,6,4,0.00000000000000000e0
2,28,6,4,0.00000000000000000e0
2,29,6,4,0.00000000000000000e0
2,30,6,4,0.00000000000000000e0
2,31,6,4,0.00000000000000000e0
2,32,6,4,0.00000000000000000e0
2,33,6,4,0.00000000000000000e0
2,34,6,4,0.00000000000000000e0
2,35,6,4,0.00000000000000000e0
2,36,6,4,0.00000000000000000e0
2,37,6,4,0.00000000000000000e0
2,38,6,4,0.00000000000000000e0
2,39,6,4,0.00000000000000000e0
2,40,6,4,0.00000000000000000e0
2,41,6,4,0.00000000000000000e0
2,42,6,4,0.00000000000000000e0
2,43,6,4,0.00000000000000000e0
2,44,6,4,0.00000000000000000e0
2,45,6,4,0.00000000000000000e0
2,46,6,4,0.00000000000000000e0
2,47,6,4,0.00000000000000000e0
2,48,6,4,0.00000000000000000e0
2,49,6,4,0.00000000000000000e0
2,50,6,4,0.00000000000000000e0
2,51,6,4,0.00000000000000000e0
2,52,6,4,0.00000000000000000e0
2,53,6,4,0.00000000000000000e0
2,54,6,4,0.00000000000000000e0
2,55,6,4,0.00000000000000000e0
2,56,6,4,0.00000000000000000e0
2,57,6,4,0.00000000000000000e0
2,58,6,4,0.00000000000000000e0
2,59,6,4,0.00000000000000000e0
2,60,6,4,0.00000000000000000e0
2,61,6,4,0.00000000000000000e0
2,62,6,4,0.00000000000000000e0
2,63,6,4,0.00000000000000000e0
2,0,7,4,0.00000000000000000e0
2,1,7,4,0.00000000000000000e0
2,2,7,4,0.00000000000000000e0
2,3,7,4,0.00000000000000000e0
2,4,7,4,0.00000000000000000e0
2,5,7,4,0.00000000000000000e0
2,6,7,4,0.00000000000000000e0
2,7,7,4,0.00000000000000000e0
2,8,7,4,0.00000000000000000e0
2,9,7,4,0.00000000000000000e0
2,10,7,4,0.00000000000000000e0
2,11,7,4,0.00000000000000000e0
2,12,7,4,0.00000000000000000e0
2,13,7,4,0.00000000000000000e0
2,14,7,4,0.00000000000000000e0
2,15,7,4,0.00000000000000000e0
2,16,7,4,0.00000000000000000e0
2,17,7,4,0.00000000000000000e0
2,18,7,4,0.00000000000000000e0
2,19,7,4,0.00000000000000000e0
2,20,7,4,0.00000000000000000e0
2,21,7,4,0.00000000000000000e0
2,22,7,4,0.00000000000000000e0
2,23,7,4,0.00000000000000000e0
2,24,7,4,0.00000000000000000e0
2,25,7,4,0.00000000000000000e0
2,26,7,4,0.00000000000000000e0
2,27,7,4,0.00000000000000000e0
2,28,7,4,0.00000000000000000e0
2,29,7,4,0.00000000000000000e0
2,30,7,4,0.00000000000000000e0
2,31,7,4,0.00000000000000000e0
2,32,7,4,0.00000000000000000e0
2,33,7,4,0.00000000000000000e0
2,34,7,4,0.00000000000000000e0
2,35,7,4,0.00000000000000000e0
2,36,7,4,0.00000000000000000e0
2,37,7,4,0.00000000000000000e0
2,38,7,4,0.00000000000000000e0
2,39,7,4,0.00000000000000000e0
2,40,7,4,0.00000000000000000e0
2,41,7,4,0.00000000000000000e0
2,42,7,4,0.00000000000000000e0
2,43,7,4,0.00000000000000000e0
2,44,7,4,0.00000000000000000e0
2,45,7,4,0.00000000000000000e0
2,46,7,4,0.00000000000000000e0
2,47,7,4,0.00000000000000000e0
2,48,7,4,0.00000000000000000e0
2,49,7,4,0.00000000000000000e0
2,50,7,4,0.00000000000000000e0
2,51,7,4,0.00000000000000000e0
2,52,7,4,0.00000000000000000e0
2,53,7,4,0.00000000000000000e0
2,54,7,4,0.00000000000000000e0
2,55,7,4,0.00000000000000000e0
2,56,7,4,0.00000000000000000e0
2,57,7,4,0.00000000000000000e0
2,58,7,4,0.00000000000000000e0
2,59,7,4,0.00000000000000000e0
2,60,7,4,0.00000000000000000e0
2,61,7,4,0.00000000000000000e0
2,62,7,4,0.00000000000000000e0
2,63,7,4,0.00000000000000000e0
