step,layer,position,dual_length,mass,before0,before1,force0,force1,after0,after1
1,0,3.92156862745098034e-2,7.84313725490196068e-2,1.76470588235294101e-1,9.92420494556427002e-1,4.96210247278213501e-1,-8.59882934018969536e-2,-4.29941467009484768e-2,9.92230176925659180e-1,4.96115088462829590e-1
1,1,1.17647058823529410e-1,7.84313725490196068e-2,1.76470588235294101e-1,9.32472229003906250e-1,4.66236114501953125e-1,-8.07941051200032068e-2,-4.03970525600016034e-2,9.32293415069580078e-1,4.66146707534790039e-1
1,2,1.96078431372549017e-1,7.84313725490196068e-2,1.76470588235294101e-1,8.16196918487548828e-1,4.08098459243774414e-1,-7.07194112241268380e-2,-3.53597056120634190e-2,8.16040396690368652e-1,4.08020198345184326e-1
1,3,2.74509803921568651e-1,7.84313725490196068e-2,1.76470588235294101e-1,6.50618314743041992e-1,3.25309157371520996e-1,-5.63728963024913987e-2,-2.81864481512456994e-2,6.50493502616882324e-1,3.25246751308441162e-1
1,4,3.52941176470588203e-1,7.84313725490196068e-2,1.76470588235294101e-1,4.45738345384597778e-1,2.22869172692298889e-1,-3.86209708638489135e-2,-1.93104854319244568e-2,4.45652842521667480e-1,2.22826421260833740e-1
1,5,4.31372549019607865e-1,7.84313725490196068e-2,1.76470588235294101e-1,2.13933080434799194e-1,1.06966540217399597e-1,-1.85362469928804785e-2,-9.26812349644023925e-3,2.13892042636871338e-1,1.06946021318435669e-1
1,6,5.09803921568627416e-1,7.84313725490196068e-2,1.76470588235294101e-1,-3.07950582355260849e-2,-1.53975291177630424e-2,2.66824235441159852e-3,1.33412117720579926e-3,-3.07891517877578735e-2,-1.53945758938789368e-2
1,7,5.88235294117647078e-1,7.84313725490196068e-2,1.76470588235294101e-1,-2.73662984371185303e-1,-1.36831492185592651e-1,2.37115247582551092e-2,1.18557623791275546e-2,-2.73610502481460571e-1,-1.36805251240730286e-1
1,8,6.66666666666666630e-1,7.84313725490196068e-2,1.76470588235294101e-1,-5.00000000000000000e-1,-2.50000000000000000e-1,4.33224918320775365e-2,2.16612459160387683e-2,-4.99904096126556396e-1,-2.49952048063278198e-1
1,9,7.45098039215686292e-1,7.84313725490196068e-2,1.76470588235294101e-1,-6.96133971214294434e-1,-3.48066985607147217e-1,6.03165859356522283e-2,3.01582929678261141e-2,-6.96000456809997559e-1,-3.48000228404998779e-1
1,10,8.23529411764705843e-1,7.84313725490196068e-2,1.76470588235294101e-1,-8.50217163562774658e-1,-4.25108581781387329e-1,7.36671220511198044e-2,3.68335610255599022e-2,-8.50054085254669189e-1,-4.25027042627334595e-1
1,11,9.01960784313725505e-1,7.84313725490196068e-2,1.76470588235294101e-1,-9.52942013740539551e-1,-4.76471006870269775e-1,8.25677074491977664e-2,4.12838537245988832e-2,-9.52759265899658203e-1,-4.76379632949829102e-1
1,12,9.80392156862745057e-1,5.88235294117647189e-2,1.32352941176470618e-1,-9.98103320598602295e-1,-4.99051660299301147e-1,6.47782495245337459e-2,3.23891247622668729e-2,-9.97912108898162842e-1,-4.98956054449081421e-1
2,0,3.92156862745098034e-2,7.84313725490196068e-2,1.76470588235294101e-1,9.92230176925659180e-1,4.96115088462829590e-1,-8.59717927873134558e-2,-4.29858963936567279e-2,9.92039859294891357e-1,4.96019929647445679e-1
2,1,1.17647058823529410e-1,7.84313725490196068e-2,1.76470588235294101e-1,9.32293415069580078e-1,4.66146707534790039e-1,-8.07786304503679276e-2,-4.03893152251839638e-2,9.32114601135253906e-1,4.66057300567626953e-1
2,2,1.96078431372549017e-1,7.84313725490196068e-2,1.76470588235294101e-1,8.16040396690368652e-1,4.08020198345184326e-1,-7.07059029489755519e-2,-3.53529514744877760e-2,8.15883874893188477e-1,4.07941937446594238e-1
2,3,2.74509803921568651e-1,7.84313725490196068e-2,1.76470588235294101e-1,6.50493502616882324e-1,3.25246751308441162e-1,-5.63619956374168674e-2,-2.81809978187084337e-2,6.50368750095367432e-1,3.25184375047683716e-1
2,4,3.52941176470588203e-1,7.84313725490196068e-2,1.76470588235294101e-1,4.45652842521667480e-1,2.22826421260833740e-1,-3.86135755106806755e-2,-1.93067877553403378e-2,4.45567369461059570e-1,2.22783684730529785e-1
2,5,4.31372549019607865e-1,7.84313725490196068e-2,1.76470588235294101e-1,2.13892042636871338e-1,1.06946021318435669e-1,-1.85326909180730248e-2,-9.26634545903651241e-3,2.13851019740104675e-1,1.06925509870052338e-1
2,6,5.09803921568627416e-1,7.84313725490196068e-2,1.76470588235294101e-1,-3.07891517877578735e-2,-1.53945758938789368e-2,2.66771335154769584e-3,1.33385667577384792e-3,-3.07832472026348114e-2,-1.53916236013174057e-2
2,7,5.88235294117647078e-1,7.84313725490196068e-2,1.76470588235294101e-1,-2.73610502481460571e-1,-1.36805251240730286e-1,2.37070015165954939e-2,1.18535007582977470e-2,-2.73558020591735840e-1,-1.36779010295867920e-1
2,8,6.66666666666666630e-1,7.84313725490196068e-2,1.76470588235294101e-1,-4.99904096126556396e-1,-2.49952048063278198e-1,4.33141560293733852e-2,2.16570780146866926e-2,-4.99808222055435181e-1,-2.49904111027717590e-1
2,9,7.45098039215686292e-1,7.84313725490196068e-2,1.76470588235294101e-1,-6.96000456809997559e-1,-3.48000228404998779e-1,6.03050440549850741e-2,3.01525220274925371e-2,-6.95866942405700684e-1,-3.47933471202850342e-1
2,10,8.23529411764705843e-1,7.84313725490196068e-2,1.76470588235294101e-1,-8.50054085254669189e-1,-4.25027042627334595e-1,7.36529298126697429e-2,3.68264649063348715e-2,-8.49891066551208496e-1,-4.24945533275604248e-1
2,11,9.01960784313725505e-1,7.84313725490196068e-2,1.76470588235294101e-1,-9.52759265899658203e-1,-4.76379632949829102e-1,8.25516343116760171e-2,4.12758171558380085e-2,-9.52576518058776855e-1,-4.76288259029388428e-1
2,12,9.80392156862745057e-1,5.88235294117647189e-2,1.32352941176470618e-1,-9.97912108898162842e-1,-4.98956054449081421e-1,6.47661091759800939e-2,3.23830545879900469e-2,-9.97720956802368164e-1,-4.98860478401184082e-1
3,0,3.92156862745098034e-2,7.84313725490196068e-2,1.76470588235294101e-1,9.92039859294891357e-1,4.96019929647445679e-1,-8.59552921727299718e-2,-4.29776460863649859e-2,9.91849601268768311e-1,4.95924800634384155e-1
3,1,1.17647058823529410e-1,7.84313725490196068e-2,1.76470588235294101e-1,9.32114601135253906e-1,4.66057300567626953e-1,-8.07631557807326345e-2,-4.03815778903663172e-2,9.31935846805572510e-1,4.65967923402786255e-1
3,2,1.96078431372549017e-1,7.84313725490196068e-2,1.76470588235294101e-1,8.15883874893188477e-1,4.07941937446594238e-1,-7.06923091784119606e-2,-3.53461545892059803e-2,8.15727412700653076e-1,4.07863706350326538e-1
3,3,2.74509803921568651e-1,7.84313725490196068e-2,1.76470588235294101e-1,6.50368750095367432e-1,3.25184375047683716e-1,-5.63512232154607384e-2,-2.81756116077303692e-2,6.50243997573852539e-1,3.25121998786926270e-1
3,4,3.52941176470588203e-1,7.84313725490196068e-2,1.76470588235294101e-1,4.45567369461059570e-1,2.22783684730529785e-1,-3.86061587836593612e-2,-1.93030793918296806e-2,4.45481926202774048e-1,2.22740963101387024e-1
3,5,4.31372549019607865e-1,7.84313725490196068e-2,1.76470588235294101e-1,2.13851019740104675e-1,1.06925509870052338e-1,-1.85291375149972959e-2,-9.26456875749864794e-3,2.13810011744499207e-1,1.06905005872249603e-1
3,6,5.09803921568627416e-1,7.84313725490196068e-2,1.76470588235294101e-1,-3.07832472026348114e-2,-1.53916236013174057e-2,2.66721106600020796e-3,1.33360553300010398e-3,-3.07773426175117493e-2,-1.53886713087558746e-2
3,7,5.88235294117647078e-1,7.84313725490196068e-2,1.76470588235294101e-1,-2.73558020591735840e-1,-1.36779010295867920e-1,2.37024328554980013e-2,1.18512164277490006e-2,-2.73505568504333496e-1,-1.36752784252166748e-1
3,8,6.66666666666666630e-1,7.84313725490196068e-2,1.76470588235294101e-1,-4.99808222055435181e-1,-2.49904111027717590e-1,4.33059057220817056e-2,2.16529528610408528e-2,-4.99712347984313965e-1,-2.49856173992156982e-1
3,9,7.45098039215686292e-1,7.84313725490196068e-2,1.76470588235294101e-1,-6.95866942405700684e-1,-3.47933471202850342e-1,6.02933739311992956e-2,3.01466869655996478e-2,-6.95733487606048584e-1,-3.47866743803024292e-1
3,10,8.23529411764705843e-1,7.84313725490196068e-2,1.76470588235294101e-1,-8.49891066551208496e-1,-4.24945533275604248e-1,7.36389085650444031e-2,3.68194542825222015e-2,-8.49728047847747803e-1,-4.24864023923873901e-1
3,11,9.01960784313725505e-1,7.84313725490196068e-2,1.76470588235294101e-1,-9.52576518058776855e-1,-4.76288259029388428e-1,8.25353901833295739e-2,4.12676950916647869e-2,-9.52393829822540283e-1,-4.76196914911270142e-1
3,12,9.80392156862745057e-1,5.88235294117647189e-2,1.32352941176470618e-1,-9.97720956802368164e-1,-4.98860478401184082e-1,6.47540543228387749e-2,3.23770271614193875e-2,-9.97529864311218262e-1,-4.98764932155609131e-1
4,0,3.92156862745098034e-2,7.84313725490196068e-2,1.76470588235294101e-1,9.91849601268768311e-1,4.95924800634384155e-1,-8.59387915581464740e-2,-4.29693957790732370e-2,9.91659343242645264e-1,4.95829671621322632e-1
4,1,1.17647058823529410e-1,7.84313725490196068e-2,1.76470588235294101e-1,9.31935846805572510e-1,4.65967923402786255e-1,-8.07476811110973275e-2,-4.03738405555486637e-2,9.31757092475891113e-1,4.65878546237945557e-1
4,2,1.96078431372549017e-1,7.84313725490196068e-2,1.76470588235294101e-1,8.15727412700653076e-1,4.07863706350326538e-1,-7.06788009032607023e-2,-3.53394004516303512e-2,8.15570950508117676e-1,4.07785475254058838e-1
4,3,2.74509803921568651e-1,7.84313725490196068e-2,1.76470588235294101e-1,6.50243997573852539e-1,3.25121998786926270e-1,-5.63403225503862071e-2,-2.81701612751931035e-2,6.50119304656982422e-1,3.25059652328491211e-1
4,4,3.52941176470588203e-1,7.84313725490196068e-2,1.76470588235294101e-1,4.45481926202774048e-1,2.22740963101387024e-1,-3.85988061781972758e-2,-1.92994030890986379e-2,4.45396482944488525e-1,2.22698241472244263e-1
4,5,4.31372549019607865e-1,7.84313725490196068e-2,1.76470588235294101e-1,2.13810011744499207e-1,1.06905005872249603e-1,-1.85255841119214559e-2,-9.26279205596072797e-3,2.13769003748893738e-1,1.06884501874446869e-1
4,6,5.09803921568627416e-1,7.84313725490196068e-2,1.76470588235294101e-1,-3.07773426175117493e-2,-1.53886713087558746e-2,2.66668740659953274e-3,1.33334370329976637e-3,-3.07714398950338364e-2,-1.53857199475169182e-2
4,7,5.88235294117647078e-1,7.84313725490196068e-2,1.76470588235294101e-1,-2.73505568504333496e-1,-1.36752784252166748e-1,2.36979496898129249e-2,1.18489748449064625e-2,-2.73453116416931152e-1,-1.36726558208465576e-1
4,8,6.66666666666666630e-1,7.84313725490196068e-2,1.76470588235294101e-1,-4.99712347984313965e-1,-2.49856173992156982e-1,4.32975271716714016e-2,2.16487635858357008e-2,-4.99616503715515137e-1,-2.49808251857757568e-1
4,9,7.45098039215686292e-1,7.84313725490196068e-2,1.76470588235294101e-1,-6.95733487606048584e-1,-3.47866743803024292e-1,6.02818747982382663e-2,3.01409373991191332e-2,-6.95600032806396484e-1,-3.47800016403198242e-1
4,10,8.23529411764705843e-1,7.84313725490196068e-2,1.76470588235294101e-1,-8.49728047847747803e-1,-4.24864023923873901e-1,7.36247163265943694e-2,3.68123581632971847e-2,-8.49565088748931885e-1,-4.24782544374465942e-1
4,11,9.01960784313725505e-1,7.84313725490196068e-2,1.76470588235294101e-1,-9.52393829822540283e-1,-4.76196914911270142e-1,8.25192315503954776e-2,4.12596157751977388e-2,-9.52211141586303711e-1,-4.76105570793151855e-1
4,12,9.80392156862745057e-1,5.88235294117647189e-2,1.32352941176470618e-1,-9.97529864311218262e-1,-4.98764932155609131e-1,6.47419994696974699e-2,3.23709997348487349e-2,-9.97338771820068359e-1,-4.98669385910034180e-1
5,0,3.92156862745098034e-2,7.84313725490196068e-2,1.76470588235294101e-1,9.91659343242645264e-1,4.95829671621322632e-1,-8.59222909435629761e-2,-4.29611454717814881e-2,9.91469144821166992e-1,4.95734572410583496e-1
5,1,1.17647058823529410e-1,7.84313725490196068e-2,1.76470588235294101e-1,9.31757092475891113e-1,4.65878546237945557e-1,-8.07322064414620483e-2,-4.03661032207310241e-2,9.31578397750854492e-1,4.65789198875427246e-1
5,2,1.96078431372549017e-1,7.84313725490196068e-2,1.76470588235294101e-1,8.15570950508117676e-1,4.07785475254058838e-1,-7.06652071326971110e-2,-3.53326035663485555e-2,8.15414547920227051e-1,4.07707273960113525e-1
5,3,2.74509803921568651e-1,7.84313725490196068e-2,1.76470588235294101e-1,6.50119304656982422e-1,3.25059652328491211e-1,-5.63295928761362863e-2,-2.81647964380681431e-2,6.49994611740112305e-1,3.24997305870056152e-1
5,4,3.52941176470588203e-1,7.84313725490196068e-2,1.76470588235294101e-1,4.45396482944488525e-1,2.22698241472244263e-1,-3.85913680773228296e-2,-1.92956840386614148e-2,4.45311069488525391e-1,2.22655534744262695e-1
5,5,4.31372549019607865e-1,7.84313725490196068e-2,1.76470588235294101e-1,2.13769003748893738e-1,1.06884501874446869e-1,-1.85220333805773407e-2,-9.26101669028867036e-3,2.13728010654449463e-1,1.06864005327224731e-1
5,6,5.09803921568627416e-1,7.84313725490196068e-2,1.76470588235294101e-1,-3.07714398950338364e-2,-1.53857199475169182e-2,2.66616909066214047e-3,1.33308454533107024e-3,-3.07655390352010727e-2,-1.53827695176005363e-2
5,7,5.88235294117647078e-1,7.84313725490196068e-2,1.76470588235294101e-1,-2.73453116416931152e-1,-1.36726558208465576e-1,2.36934211046900822e-2,1.18467105523450411e-2,-2.73400664329528809e-1,-1.36700332164764404e-1
5,8,6.66666666666666630e-1,7.84313725490196068e-2,1.76470588235294101e-1,-4.99616503715515137e-1,-2.49808251857757568e-1,4.32892341166734584e-2,2.16446170583367292e-2,-4.99520689249038696e-1,-2.49760344624519348e-1
5,9,7.45098039215686292e-1,7.84313725490196068e-2,1.76470588235294101e-1,-6.95600032806396484e-1,-3.47800016403198242e-1,6.02702474221586959e-2,3.01351237110793480e-2,-6.95466637611389160e-1,-3.47733318805694580e-1
5,10,8.23529411764705843e-1,7.84313725490196068e-2,1.76470588235294101e-1,-8.49565088748931885e-1,-4.24782544374465942e-1,7.36106950789690018e-2,3.68053475394845009e-2,-8.49402129650115967e-1,-4.24701064825057983e-1
5,11,9.01960784313725505e-1,7.84313725490196068e-2,1.76470588235294101e-1,-9.52211141586303711e-1,-4.76105570793151855e-1,8.25029874220490483e-2,4.12514937110245242e-2,-9.52028512954711914e-1,-4.76014256477355957e-1
5,12,9.80392156862745057e-1,5.88235294117647189e-2,1.32352941176470618e-1,-9.97338771820068359e-1,-4.98669385910034180e-1,6.47299446165561648e-2,3.23649723082780824e-2,-9.97147738933563232e-1,-4.98573869466781616e-1
6,0,3.92156862745098034e-2,7.84313725490196068e-2,1.76470588235294101e-1,9.91469144821166992e-1,4.95734572410583496e-1,-8.59057903289794922e-2,-4.29528951644897461e-2,9.91279006004333496e-1,4.95639503002166748e-1
6,1,1.17647058823529410e-1,7.84313725490196068e-2,1.76470588235294101e-1,9.31578397750854492e-1,4.65789198875427246e-1,-8.07167317718267274e-2,-4.03583658859133637e-2,9.31399703025817871e-1,4.65699851512908936e-1
6,2,1.96078431372549017e-1,7.84313725490196068e-2,1.76470588235294101e-1,8.15414547920227051e-1,4.07707273960113525e-1,-7.06516988575458527e-2,-3.53258494287729263e-2,8.15258145332336426e-1,4.07629072666168213e-1
6,3,2.74509803921568651e-1,7.84313725490196068e-2,1.76470588235294101e-1,6.49994611740112305e-1,3.24997305870056152e-1,-5.63187349587679076e-2,-2.81593674793839538e-2,6.49869918823242188e-1,3.24934959411621094e-1
6,4,3.52941176470588203e-1,7.84313725490196068e-2,1.76470588235294101e-1,4.45311069488525391e-1,2.22655534744262695e-1,-3.85839940980076679e-2,-1.92919970490038339e-2,4.45225656032562256e-1,2.22612828016281128e-1
6,5,4.31372549019607865e-1,7.84313725490196068e-2,1.76470588235294101e-1,2.13728010654449463e-1,1.06864005327224731e-1,-1.85184853209648392e-2,-9.25924266048241962e-3,2.13687017560005188e-1,1.06843508780002594e-1
6,6,5.09803921568627416e-1,7.84313725490196068e-2,1.76470588235294101e-1,-3.07655390352010727e-2,-1.53827695176005363e-2,2.66567749204116300e-3,1.33283874602058150e-3,-3.07596381753683090e-2,-1.53798190876841545e-2
6,7,5.88235294117647078e-1,7.84313725490196068e-2,1.76470588235294101e-1,-2.73400664329528809e-1,-1.36700332164764404e-1,2.36888471001293621e-2,1.18444235500646811e-2,-2.73348242044448853e-1,-1.36674121022224426e-1
6,8,6.66666666666666630e-1,7.84313725490196068e-2,1.76470588235294101e-1,-4.99520689249038696e-1,-2.49760344624519348e-1,4.32809410616755152e-2,2.16404705308377576e-2,-4.99424874782562256e-1,-2.49712437391281128e-1
6,9,7.45098039215686292e-1,7.84313725490196068e-2,1.76470588235294101e-1,-6.95466637611389160e-1,-3.47733318805694580e-1,6.02587482891976944e-2,3.01293741445988472e-2,-6.95333242416381836e-1,-3.47666621208190918e-1
6,10,8.23529411764705843e-1,7.84313725490196068e-2,1.76470588235294101e-1,-8.49402129650115967e-1,-4.24701064825057983e-1,7.35965028405189403e-2,3.67982514202594702e-2,-8.49239230155944824e-1,-4.24619615077972412e-1
6,11,9.01960784313725505e-1,7.84313725490196068e-2,1.76470588235294101e-1,-9.52028512954711914e-1,-4.76014256477355957e-1,8.24868287891149521e-2,4.12434143945574760e-2,-9.51845943927764893e-1,-4.75922971963882446e-1
6,12,9.80392156862745057e-1,5.88235294117647189e-2,1.32352941176470618e-1,-9.97147738933563232e-1,-4.98573869466781616e-1,6.47178897634148598e-2,3.23589448817074299e-2,-9.96956706047058105e-1,-4.98478353023529053e-1
7,0,3.92156862745098034e-2,7.84313725490196068e-2,1.76470588235294101e-1,9.91279006004333496e-1,4.95639503002166748e-1,-8.58893752098083413e-2,-4.29446876049041706e-2,9.91088867187500000e-1,4.95544433593750000e-1
7,1,1.17647058823529410e-1,7.84313725490196068e-2,1.76470588235294101e-1,9.31399703025817871e-1,4.65699851512908936e-1,-8.07011716067791013e-2,-4.03505858033895506e-2,9.31221067905426025e-1,4.65610533952713013e-1
7,2,1.96078431372549017e-1,7.84313725490196068e-2,1.76470588235294101e-1,8.15258145332336426e-1,4.07629072666168213e-1,-7.06381905823945944e-2,-3.53190952911972972e-2,8.15101802349090576e-1,4.07550901174545288e-1
7,3,2.74509803921568651e-1,7.84313725490196068e-2,1.76470588235294101e-1,6.49869918823242188e-1,3.24934959411621094e-1,-5.63078770413995011e-2,-2.81539385206997506e-2,6.49745285511016846e-1,3.24872642755508423e-1
7,4,3.52941176470588203e-1,7.84313725490196068e-2,1.76470588235294101e-1,4.45225656032562256e-1,2.22612828016281128e-1,-3.85766201186925062e-2,-1.92883100593462531e-2,4.45140272378921509e-1,2.22570136189460754e-1
7,5,4.31372549019607865e-1,7.84313725490196068e-2,1.76470588235294101e-1,2.13687017560005188e-1,1.06843508780002594e-1,-1.85149372613522822e-2,-9.25746863067614112e-3,2.13646039366722107e-1,1.06823019683361053e-1
7,6,5.09803921568627416e-1,7.84313725490196068e-2,1.76470588235294101e-1,-3.07596381753683090e-2,-1.53798190876841545e-2,2.66514314571392186e-3,1.33257157285696093e-3,-3.07537391781806946e-2,-1.53768695890903473e-2
7,7,5.88235294117647078e-1,7.84313725490196068e-2,1.76470588235294101e-1,-2.73348242044448853e-1,-1.36674121022224426e-1,2.36843585909810028e-2,1.18421792954905014e-2,-2.73295819759368896e-1,-1.36647909879684448e-1
7,8,6.66666666666666630e-1,7.84313725490196068e-2,1.76470588235294101e-1,-4.99424874782562256e-1,-2.49712437391281128e-1,4.32726052589714749e-2,2.16363026294857375e-2,-4.99329090118408203e-1,-2.49664545059204102e-1
7,9,7.45098039215686292e-1,7.84313725490196068e-2,1.76470588235294101e-1,-6.95333242416381836e-1,-3.47666621208190918e-1,6.02471636608242767e-2,3.01235818304121383e-2,-6.95199906826019287e-1,-3.47599953413009644e-1
7,10,8.23529411764705843e-1,7.84313725490196068e-2,1.76470588235294101e-1,-8.49239230155944824e-1,-4.24619615077972412e-1,7.35823960974812397e-2,3.67911980487406198e-2,-8.49076330661773682e-1,-4.24538165330886841e-1
7,11,9.01960784313725505e-1,7.84313725490196068e-2,1.76470588235294101e-1,-9.51845943927764893e-1,-4.75922971963882446e-1,8.24707556515932166e-2,4.12353778257966083e-2,-9.51663374900817871e-1,-4.75831687450408936e-1
7,12,9.80392156862745057e-1,5.88235294117647189e-2,1.32352941176470618e-1,-9.96956706047058105e-1,-4.98478353023529053e-1,6.47057494148611939e-2,3.23528747074305970e-2,-9.96765732765197754e-1,-4.98382866382598877e-1
8,0,3.92156862745098034e-2,7.84313725490196068e-2,1.76470588235294101e-1,9.91088867187500000e-1,4.95544433593750000e-1,-8.58728745952248573e-2,-4.29364372976124287e-2,9.90898787975311279e-1,4.95449393987655640e-1
8,1,1.17647058823529410e-1,7.84313725490196068e-2,1.76470588235294101e-1,9.31221067905426025e-1,4.65610533952713013e-1,-8.06856969371438082e-2,-4.03428484685719041e-2,9.31042492389678955e-1,4.65521246194839478e-1
8,2,1.96078431372549017e-1,7.84313725490196068e-2,1.76470588235294101e-1,8.15101802349090576e-1,4.07550901174545288e-1,-7.06246823072433361e-2,-3.53123411536216680e-2,8.14945459365844727e-1,4.07472729682922363e-1
8,3,2.74509803921568651e-1,7.84313725490196068e-2,1.76470588235294101e-1,6.49745285511016846e-1,3.24872642755508423e-1,-5.62970618717372473e-2,-2.81485309358686236e-2,6.49620652198791504e-1,3.24810326099395752e-1
8,4,3.52941176470588203e-1,7.84313725490196068e-2,1.76470588235294101e-1,4.45140272378921509e-1,2.22570136189460754e-1,-3.85692247655242682e-2,-1.92846123827621341e-2,4.45054888725280762e-1,2.22527444362640381e-1
8,5,4.31372549019607865e-1,7.84313725490196068e-2,1.76470588235294101e-1,2.13646039366722107e-1,1.06823019683361053e-1,-1.85113918734714500e-2,-9.25569593673572499e-3,2.13605061173439026e-1,1.06802530586719513e-1
8,6,5.09803921568627416e-1,7.84313725490196068e-2,1.76470588235294101e-1,-3.07537391781806946e-2,-1.53768695890903473e-2,2.66463551670315102e-3,1.33231775835157551e-3,-3.07478401809930801e-2,-1.53739200904965401e-2
8,7,5.88235294117647078e-1,7.84313725490196068e-2,1.76470588235294101e-1,-2.73295819759368896e-1,-1.36647909879684448e-1,2.36798246623948216e-2,1.18399123311974108e-2,-2.73243397474288940e-1,-1.36621698737144470e-1
8,8,6.66666666666666630e-1,7.84313725490196068e-2,1.76470588235294101e-1,-4.99329090118408203e-1,-2.49664545059204102e-1,4.32642694562673791e-2,2.16321347281336895e-2,-4.99233335256576538e-1,-2.49616667628288269e-1
8,9,7.45098039215686292e-1,7.84313725490196068e-2,1.76470588235294101e-1,-6.95199906826019287e-1,-3.47599953413009644e-1,6.02357072755694001e-2,3.01178536377847000e-2,-6.95066571235656738e-1,-3.47533285617828369e-1
8,10,8.23529411764705843e-1,7.84313725490196068e-2,1.76470588235294101e-1,-8.49076330661773682e-1,-4.24538165330886841e-1,7.35682038590312060e-2,3.67841019295156030e-2,-8.48913490772247314e-1,-4.24456745386123657e-1
8,11,9.01960784313725505e-1,7.84313725490196068e-2,1.76470588235294101e-1,-9.51663374900817871e-1,-4.75831687450408936e-1,8.24545970186591204e-2,4.12272985093295602e-2,-9.51480865478515625e-1,-4.75740432739257812e-1
8,12,9.80392156862745057e-1,5.88235294117647189e-2,1.32352941176470618e-1,-9.96765732765197754e-1,-4.98382866382598877e-1,6.46936945617198889e-2,3.23468472808599444e-2,-9.96574819087982178e-1,-4.98287409543991089e-1
9,0,3.92156862745098034e-2,7.84313725490196068e-2,1.76470588235294101e-1,9.90898787975311279e-1,4.95449393987655640e-1,-8.58563739806413595e-2,-4.29281869903206798e-2,9.90708768367767334e-1,4.95354384183883667e-1
9,1,1.17647058823529410e-1,7.84313725490196068e-2,1.76470588235294101e-1,9.31042492389678955e-1,4.65521246194839478e-1,-8.06703077629208620e-2,-4.03351538814604310e-2,9.30863916873931885e-1,4.65431958436965942e-1
9,2,1.96078431372549017e-1,7.84313725490196068e-2,1.76470588235294101e-1,8.14945459365844727e-1,4.07472729682922363e-1,-7.06110885366797447e-2,-3.53055442683398724e-2,8.14789175987243652e-1,4.07394587993621826e-1
9,3,2.74509803921568651e-1,7.84313725490196068e-2,1.76470588235294101e-1,6.49620652198791504e-1,3.24810326099395752e-1,-5.62862467020749935e-2,-2.81431233510374967e-2,6.49496078491210938e-1,3.24748039245605469e-1
9,4,3.52941176470588203e-1,7.84313725490196068e-2,1.76470588235294101e-1,4.45054888725280762e-1,2.22527444362640381e-1,-3.85618294123560301e-2,-1.92809147061780151e-2,4.44969534873962402e-1,2.22484767436981201e-1
9,5,4.31372549019607865e-1,7.84313725490196068e-2,1.76470588235294101e-1,2.13605061173439026e-1,1.06802530586719513e-1,-1.85078464855905622e-2,-9.25392324279528111e-3,2.13564097881317139e-1,1.06782048940658569e-1
9,6,5.09803921568627416e-1,7.84313725490196068e-2,1.76470588235294101e-1,-3.07478401809930801e-2,-1.53739200904965401e-2,2.66412788769232467e-3,1.33206394384616233e-3,-3.07419430464506149e-2,-1.53709715232253075e-2
9,7,5.88235294117647078e-1,7.84313725490196068e-2,1.76470588235294101e-1,-2.73243397474288940e-1,-1.36621698737144470e-1,2.36752479861024878e-2,1.18376239930512439e-2,-2.73191004991531372e-1,-1.36595502495765686e-1
9,8,6.66666666666666630e-1,7.84313725490196068e-2,1.76470588235294101e-1,-4.99233335256576538e-1,-2.49616667628288269e-1,4.32560191489755885e-2,2.16280095744877943e-2,-4.99137580394744873e-1,-2.49568790197372437e-1
9,9,7.45098039215686292e-1,7.84313725490196068e-2,1.76470588235294101e-1,-6.95066571235656738e-1,-3.47533285617828369e-1,6.02241226471960378e-2,3.01120613235980189e-2,-6.94933235645294189e-1,-3.47466617822647095e-1
9,10,8.23529411764705843e-1,7.84313725490196068e-2,1.76470588235294101e-1,-8.48913490772247314e-1,-4.24456745386123657e-1,7.35540971159935053e-2,3.67770485579967527e-2,-8.48750650882720947e-1,-4.24375325441360474e-1
9,11,9.01960784313725505e-1,7.84313725490196068e-2,1.76470588235294101e-1,-9.51480865478515625e-1,-4.75740432739257812e-1,8.24384383857250241e-2,4.12192191928625121e-2,-9.51298356056213379e-1,-4.75649178028106689e-1
9,12,9.80392156862745057e-1,5.88235294117647189e-2,1.32352941176470618e-1,-9.96574819087982178e-1,-4.98287409543991089e-1,6.46816397085785838e-2,3.23408198542892919e-2,-9.96383905410766602e-1,-4.98191952705383301e-1
10,0,3.92156862745098034e-2,7.84313725490196068e-2,1.76470588235294101e-1,9.90708768367767334e-1,4.95354384183883667e-1,-8.58399588614702225e-2,-4.29199794307351112e-2,9.90518748760223389e-1,4.95259374380111694e-1
10,1,1.17647058823529410e-1,7.84313725490196068e-2,1.76470588235294101e-1,9.30863916873931885e-1,4.65431958436965942e-1,-8.06547475978731943e-2,-4.03273737989365971e-2,9.30685400962829590e-1,4.65342700481414795e-1
10,2,1.96078431372549017e-1,7.84313725490196068e-2,1.76470588235294101e-1,8.14789175987243652e-1,4.07394587993621826e-1,-7.05975802615285142e-2,-3.52987901307642571e-2,8.14632892608642578e-1,4.07316446304321289e-1
10,3,2.74509803921568651e-1,7.84313725490196068e-2,1.76470588235294101e-1,6.49496078491210938e-1,3.24748039245605469e-1,-5.62754742801189478e-2,-2.81377371400594739e-2,6.49371504783630371e-1,3.24685752391815186e-1
10,4,3.52941176470588203e-1,7.84313725490196068e-2,1.76470588235294101e-1,4.44969534873962402e-1,2.22484767436981201e-1,-3.85544126853346603e-2,-1.92772063426673301e-2,4.44884181022644043e-1,2.22442090511322021e-1
10,5,4.31372549019607865e-1,7.84313725490196068e-2,1.76470588235294101e-1,2.13564097881317139e-1,1.06782048940658569e-1,-1.85043037694413437e-2,-9.25215188472067185e-3,2.13523134589195251e-1,1.06761567294597626e-1
10,6,5.09803921568627416e-1,7.84313725490196068e-2,1.76470588235294101e-1,-3.07419430464506149e-2,-1.53709715232253075e-2,2.66360422829170496e-3,1.33180211414585248e-3,-3.07360477745532990e-2,-1.53680238872766495e-2
10,7,5.88235294117647078e-1,7.84313725490196068e-2,1.76470588235294101e-1,-2.73191004991531372e-1,-1.36595502495765686e-1,2.36707541334908456e-2,1.18353770667454228e-2,-2.73138612508773804e-1,-1.36569306254386902e-1
10,8,6.66666666666666630e-1,7.84313725490196068e-2,1.76470588235294101e-1,-4.99137580394744873e-1,-2.49568790197372437e-1,4.32477260939776453e-2,2.16238630469888227e-2,-4.99041855335235596e-1,-2.49520927667617798e-1
10,9,7.45098039215686292e-1,7.84313725490196068e-2,1.76470588235294101e-1,-6.94933235645294189e-1,-3.47466617822647095e-1,6.02125380188226755e-2,3.01062690094113378e-2,-6.94799959659576416e-1,-3.47399979829788208e-1
10,10,8.23529411764705843e-1,7.84313725490196068e-2,1.76470588235294101e-1,-8.48750650882720947e-1,-4.24375325441360474e-1,7.35399903729558047e-2,3.67699951864779023e-2,-8.48587870597839355e-1,-4.24293935298919678e-1
10,11,9.01960784313725505e-1,7.84313725490196068e-2,1.76470588235294101e-1,-9.51298356056213379e-1,-4.75649178028106689e-1,8.24222797527909279e-2,4.12111398763954639e-2,-9.51115906238555908e-1,-4.75557953119277954e-1
10,12,9.80392156862745057e-1,5.88235294117647189e-2,1.32352941176470618e-1,-9.96383905410766602e-1,-4.98191952705383301e-1,6.46695848554372787e-2,3.23347924277186394e-2,-9.96193051338195801e-1,-4.98096525669097900e-1
11,0,3.92156862745098034e-2,7.84313725490196068e-2,1.76470588235294101e-1,9.90518748760223389e-1,4.95259374380111694e-1,-8.58234582468867246e-2,-4.29117291234433623e-2,9.90328788757324219e-1,4.95164394378662109e-1
11,1,1.17647058823529410e-1,7.84313725490196068e-2,1.76470588235294101e-1,9.30685400962829590e-1,4.65342700481414795e-1,-8.06393584236502758e-2,-4.03196792118251379e-2,9.30506885051727295e-1,4.65253442525863647e-1
11,2,1.96078431372549017e-1,7.84313725490196068e-2,1.76470588235294101e-1,8.14632892608642578e-1,4.07316446304321289e-1,-7.05839864909648673e-2,-3.52919932454824337e-2,8.14476668834686279e-1,4.07238334417343140e-1
11,3,2.74509803921568651e-1,7.84313725490196068e-2,1.76470588235294101e-1,6.49371504783630371e-1,3.24685752391815186e-1,-5.62647018581628744e-2,-2.81323509290814372e-2,6.49246931076049805e-1,3.24623465538024902e-1
11,4,3.52941176470588203e-1,7.84313725490196068e-2,1.76470588235294101e-1,4.44884181022644043e-1,2.22442090511322021e-1,-3.85469959583133459e-2,-1.92734979791566730e-2,4.44798856973648071e-1,2.22399428486824036e-1
11,5,4.31372549019607865e-1,7.84313725490196068e-2,1.76470588235294101e-1,2.13523134589195251e-1,1.06761567294597626e-1,-1.85007637250237389e-2,-9.25038186251186945e-3,2.13482186198234558e-1,1.06741093099117279e-1
11,6,5.09803921568627416e-1,7.84313725490196068e-2,1.76470588235294101e-1,-3.07360477745532990e-2,-1.53680238872766495e-2,2.66308591235431269e-3,1.33154295617715634e-3,-3.07301525026559830e-2,-1.53650762513279915e-2
11,7,5.88235294117647078e-1,7.84313725490196068e-2,1.76470588235294101e-1,-2.73138612508773804e-1,-1.36569306254386902e-1,2.36662148614413814e-2,1.18331074307206907e-2,-2.73086220026016235e-1,-1.36543110013008118e-1
11,8,6.66666666666666630e-1,7.84313725490196068e-2,1.76470588235294101e-1,-4.99041855335235596e-1,-2.49520927667617798e-1,4.32394330389797577e-2,2.16197165194898788e-2,-4.98946130275726318e-1,-2.49473065137863159e-1
11,9,7.45098039215686292e-1,7.84313725490196068e-2,1.76470588235294101e-1,-6.94799959659576416e-1,-3.47399979829788208e-1,6.02009961381554659e-2,3.01004980690777330e-2,-6.94666683673858643e-1,-3.47333341836929321e-1
11,10,8.23529411764705843e-1,7.84313725490196068e-2,1.76470588235294101e-1,-8.48587870597839355e-1,-4.24293935298919678e-1,7.35258836299181040e-2,3.67629418149590520e-2,-8.48425090312957764e-1,-4.24212545156478882e-1
11,11,9.01960784313725505e-1,7.84313725490196068e-2,1.76470588235294101e-1,-9.51115906238555908e-1,-4.75557953119277954e-1,8.24061211198568316e-2,4.12030605599284158e-2,-9.50933516025543213e-1,-4.75466758012771606e-1
11,12,9.80392156862745057e-1,5.88235294117647189e-2,1.32352941176470618e-1,-9.96193051338195801e-1,-4.98096525669097900e-1,6.46575300022959737e-2,3.23287650011479868e-2,-9.96002197265625000e-1,-4.98001098632812500e-1
12,0,3.92156862745098034e-2,7.84313725490196068e-2,1.76470588235294101e-1,9.90328788757324219e-1,4.95164394378662109e-1,-8.58070431277155876e-2,-4.29035215638577938e-2,9.90138828754425049e-1,4.95069414377212524e-1
12,1,1.17647058823529410e-1,7.84313725490196068e-2,1.76470588235294101e-1,9.30506885051727295e-1,4.65253442525863647e-1,-8.06237982586026081e-2,-4.03118991293013040e-2,9.30328428745269775e-1,4.65164214372634888e-1
12,2,1.96078431372549017e-1,7.84313725490196068e-2,1.76470588235294101e-1,8.14476668834686279e-1,4.07238334417343140e-1,-7.05705637112259976e-2,-3.52852818556129988e-2,8.14320445060729980e-1,4.07160222530364990e-1
12,3,2.74509803921568651e-1,7.84313725490196068e-2,1.76470588235294101e-1,6.49246931076049805e-1,3.24623465538024902e-1,-5.62538011930882598e-2,-2.81269005965441299e-2,6.49122416973114014e-1,3.24561208486557007e-1
12,4,3.52941176470588203e-1,7.84313725490196068e-2,1.76470588235294101e-1,4.44798856973648071e-1,2.22399428486824036e-1,-3.85396433528513160e-2,-1.92698216764256580e-2,4.44713562726974487e-1,2.22356781363487244e-1
12,5,4.31372549019607865e-1,7.84313725490196068e-2,1.76470588235294101e-1,2.13482186198234558e-1,1.06741093099117279e-1,-1.84972236806060786e-2,-9.24861184030303929e-3,2.13441237807273865e-1,1.06720618903636932e-1
12,6,5.09803921568627416e-1,7.84313725490196068e-2,1.76470588235294101e-1,-3.07301525026559830e-2,-1.53650762513279915e-2,2.66258897026999675e-3,1.33129448513499837e-3,-3.07242590934038162e-2,-1.53621295467019081e-2
12,7,5.88235294117647078e-1,7.84313725490196068e-2,1.76470588235294101e-1,-2.73086220026016235e-1,-1.36543110013008118e-1,2.36616755893919728e-2,1.18308377946959864e-2,-2.73033857345581055e-1,-1.36516928672790527e-1
12,8,6.66666666666666630e-1,7.84313725490196068e-2,1.76470588235294101e-1,-4.98946130275726318e-1,-2.49473065137863159e-1,4.32311399839818145e-2,2.16155699919909072e-2,-4.98850435018539429e-1,-2.49425217509269714e-1
12,9,7.45098039215686292e-1,7.84313725490196068e-2,1.76470588235294101e-1,-6.94666683673858643e-1,-3.47333341836929321e-1,6.01894542574882563e-2,3.00947271287441281e-2,-6.94533467292785645e-1,-3.47266733646392822e-1
12,10,8.23529411764705843e-1,7.84313725490196068e-2,1.76470588235294101e-1,-8.48425090312957764e-1,-4.24212545156478882e-1,7.35116913914680703e-2,3.67558456957340352e-2,-8.48262369632720947e-1,-4.24131184816360474e-1
12,11,9.01960784313725505e-1,7.84313725490196068e-2,1.76470588235294101e-1,-9.50933516025543213e-1,-4.75466758012771606e-1,8.23901334777474292e-2,4.11950667388737146e-2,-9.50751125812530518e-1,-4.75375562906265259e-1
12,12,9.80392156862745057e-1,5.88235294117647189e-2,1.32352941176470618e-1,-9.96002197265625000e-1,-4.98001098632812500e-1,6.46453896537423078e-2,3.23226948268711539e-2,-9.95811402797698975e-1,-4.97905701398849487e-1
13,0,3.92156862745098034e-2,7.84313725490196068e-2,1.76470588235294101e-1,9.90138828754425049e-1,4.95069414377212524e-1,-8.57905425131320898e-2,-4.28952712565660449e-2,9.89948928356170654e-1,4.94974464178085327e-1
13,1,1.17647058823529410e-1,7.84313725490196068e-2,1.76470588235294101e-1,9.30328428745269775e-1,4.65164214372634888e-1,-8.06084090843796619e-2,-4.03042045421898310e-2,9.30149972438812256e-1,4.65074986219406128e-1
13,2,1.96078431372549017e-1,7.84313725490196068e-2,1.76470588235294101e-1,8.14320445060729980e-1,4.07160222530364990e-1,-7.05569699406624062e-2,-3.52784849703312031e-2,8.14164280891418457e-1,4.07082140445709229e-1
13,3,2.74509803921568651e-1,7.84313725490196068e-2,1.76470588235294101e-1,6.49122416973114014e-1,3.24561208486557007e-1,-5.62430287711322141e-2,-2.81215143855661071e-2,6.48997902870178223e-1,3.24498951435089111e-1
13,4,3.52941176470588203e-1,7.84313725490196068e-2,1.76470588235294101e-1,4.44713562726974487e-1,2.22356781363487244e-1,-3.85322907473891751e-2,-1.92661453736945876e-2,4.44628268480300903e-1,2.22314134240150452e-1
13,5,4.31372549019607865e-1,7.84313725490196068e-2,1.76470588235294101e-1,2.13441237807273865e-1,1.06720618903636932e-1,-1.84936435602139904e-2,-9.24682178010699518e-3,2.13400304317474365e-1,1.06700152158737183e-1
13,6,5.09803921568627416e-1,7.84313725490196068e-2,1.76470588235294101e-1,-3.07242590934038162e-2,-1.53621295467019081e-2,2.66205462394281112e-3,1.33102731197140556e-3,-3.07183656841516495e-2,-1.53591828420758247e-2
13,7,5.88235294117647078e-1,7.84313725490196068e-2,1.76470588235294101e-1,-2.73033857345581055e-1,-1.36516928672790527e-1,2.36571763933170476e-2,1.18285881966585238e-2,-2.72981494665145874e-1,-1.36490747332572937e-1
13,8,6.66666666666666630e-1,7.84313725490196068e-2,1.76470588235294101e-1,-4.98850435018539429e-1,-2.49425217509269714e-1,4.32228041812777741e-2,2.16114020906388871e-2,-4.98754769563674927e-1,-2.49377384781837463e-1
13,9,7.45098039215686292e-1,7.84313725490196068e-2,1.76470588235294101e-1,-6.94533467292785645e-1,-3.47266733646392822e-1,6.01779551245271993e-2,3.00889775622635997e-2,-6.94400250911712646e-1,-3.47200125455856323e-1
13,10,8.23529411764705843e-1,7.84313725490196068e-2,1.76470588235294101e-1,-8.48262369632720947e-1,-4.24131184816360474e-1,7.34975846484303696e-2,3.67487923242151848e-2,-8.48099708557128906e-1,-4.24049854278564453e-1
13,11,9.01960784313725505e-1,7.84313725490196068e-2,1.76470588235294101e-1,-9.50751125812530518e-1,-4.75375562906265259e-1,8.23739748448133330e-2,4.11869874224066665e-2,-9.50568795204162598e-1,-4.75284397602081299e-1
13,12,9.80392156862745057e-1,5.88235294117647189e-2,1.32352941176470618e-1,-9.95811402797698975e-1,-4.97905701398849487e-1,6.46333348006010028e-2,3.23166674003005014e-2,-9.95620667934417725e-1,-4.97810333967208862e-1
14,0,3.92156862745098034e-2,7.84313725490196068e-2,1.76470588235294101e-1,9.89948928356170654e-1,4.94974464178085327e-1,-8.57741273939609528e-2,-4.28870636969804764e-2,9.89759087562561035e-1,4.94879543781280518e-1
14,1,1.17647058823529410e-1,7.84313725490196068e-2,1.76470588235294101e-1,9.30149972438812256e-1,4.65074986219406128e-1,-8.05928489193320219e-2,-4.02964244596660109e-2,9.29971575736999512e-1,4.64985787868499756e-1
14,2,1.96078431372549017e-1,7.84313725490196068e-2,1.76470588235294101e-1,8.14164280891418457e-1,4.07082140445709229e-1,-7.05435471609234810e-2,-3.52717735804617405e-2,8.14008116722106934e-1,4.07004058361053467e-1
14,3,2.74509803921568651e-1,7.84313725490196068e-2,1.76470588235294101e-1,6.48997902870178223e-1,3.24498951435089111e-1,-5.62321708537638354e-2,-2.81160854268819177e-2,6.48873448371887207e-1,3.24436724185943604e-1
14,4,3.52941176470588203e-1,7.84313725490196068e-2,1.76470588235294101e-1,4.44628268480300903e-1,2.22314134240150452e-1,-3.85249167680740134e-2,-1.92624583840370067e-2,4.44543004035949707e-1,2.22271502017974854e-1
14,5,4.31372549019607865e-1,7.84313725490196068e-2,1.76470588235294101e-1,2.13400304317474365e-1,1.06700152158737183e-1,-1.84901061875279993e-2,-9.24505309376399964e-3,2.13359370827674866e-1,1.06679685413837433e-1
14,6,5.09803921568627416e-1,7.84313725490196068e-2,1.76470588235294101e-1,-3.07183656841516495e-2,-1.53591828420758247e-2,2.66154165146870181e-3,1.33077082573435090e-3,-3.07124741375446320e-2,-1.53562370687723160e-2
14,7,5.88235294117647078e-1,7.84313725490196068e-2,1.76470588235294101e-1,-2.72981494665145874e-1,-1.36490747332572937e-1,2.36526344495360252e-2,1.18263172247680126e-2,-2.72929131984710693e-1,-1.36464565992355347e-1
14,8,6.66666666666666630e-1,7.84313725490196068e-2,1.76470588235294101e-1,-4.98754769563674927e-1,-2.49377384781837463e-1,4.32145538739859836e-2,2.16072769369929918e-2,-4.98659104108810425e-1,-2.49329552054405212e-1
14,9,7.45098039215686292e-1,7.84313725490196068e-2,1.76470588235294101e-1,-6.94400250911712646e-1,-3.47200125455856323e-1,6.01663277484476566e-2,3.00831638742238283e-2,-6.94267094135284424e-1,-3.47133547067642212e-1
14,10,8.23529411764705843e-1,7.84313725490196068e-2,1.76470588235294101e-1,-8.48099708557128906e-1,-4.24049854278564453e-1,7.34835634008050020e-2,3.67417817004025010e-2,-8.47937047481536865e-1,-4.23968523740768433e-1
14,11,9.01960784313725505e-1,7.84313725490196068e-2,1.76470588235294101e-1,-9.50568795204162598e-1,-4.75284397602081299e-1,8.23578162118792367e-2,4.11789081059396184e-2,-9.50386464595794678e-1,-4.75193232297897339e-1
14,12,9.80392156862745057e-1,5.88235294117647189e-2,1.32352941176470618e-1,-9.95620667934417725e-1,-4.97810333967208862e-1,6.46212799474596977e-2,3.23106399737298489e-2,-9.95429933071136475e-1,-4.97714966535568237e-1
15,0,3.92156862745098034e-2,7.84313725490196068e-2,1.76470588235294101e-1,9.89759087562561035e-1,4.94879543781280518e-1,-8.57577122747898019e-2,-4.28788561373949009e-2,9.89569246768951416e-1,4.94784623384475708e-1
15,1,1.17647058823529410e-1,7.84313725490196068e-2,1.76470588235294101e-1,9.29971575736999512e-1,4.64985787868499756e-1,-8.05773742496967288e-2,-4.02886871248483644e-2,9.29793238639831543e-1,4.64896619319915771e-1
15,2,1.96078431372549017e-1,7.84313725490196068e-2,1.76470588235294101e-1,8.14008116722106934e-1,4.07004058361053467e-1,-7.05299533903598896e-2,-3.52649766951799448e-2,8.13852012157440186e-1,4.06926006078720093e-1
15,3,2.74509803921568651e-1,7.84313725490196068e-2,1.76470588235294101e-1,6.48873448371887207e-1,3.24436724185943604e-1,-5.62214411795139424e-2,-2.81107205897569712e-2,6.48748993873596191e-1,3.24374496936798096e-1
15,4,3.52941176470588203e-1,7.84313725490196068e-2,1.76470588235294101e-1,4.44543004035949707e-1,2.22271502017974854e-1,-3.85175427887588517e-2,-1.92587713943794259e-2,4.44457739591598511e-1,2.22228869795799255e-1
15,5,4.31372549019607865e-1,7.84313725490196068e-2,1.76470588235294101e-1,2.13359370827674866e-1,1.06679685413837433e-1,-1.84865287388674693e-2,-9.24326436943373464e-3,2.13318452239036560e-1,1.06659226119518280e-1
15,6,5.09803921568627416e-1,7.84313725490196068e-2,1.76470588235294101e-1,-3.07124741375446320e-2,-1.53562370687723160e-2,2.66103402245787546e-3,1.33051701122893773e-3,-3.07065844535827637e-2,-1.53532922267913818e-2
15,7,5.88235294117647078e-1,7.84313725490196068e-2,1.76470588235294101e-1,-2.72929131984710693e-1,-1.36464565992355347e-1,2.36480898340232781e-2,1.18240449170116391e-2,-2.72876799106597900e-1,-1.36438399553298950e-1
15,8,6.66666666666666630e-1,7.84313725490196068e-2,1.76470588235294101e-1,-4.98659104108810425e-1,-2.49329552054405212e-1,4.32062180712818877e-2,2.16031090356409439e-2,-4.98563468456268311e-1,-2.49281734228134155e-1
15,9,7.45098039215686292e-1,7.84313725490196068e-2,1.76470588235294101e-1,-6.94267094135284424e-1,-3.47133547067642212e-1,6.01548713631928078e-2,3.00774356815964039e-2,-6.94133937358856201e-1,-3.47066968679428101e-1
15,10,8.23529411764705843e-1,7.84313725490196068e-2,1.76470588235294101e-1,-8.47937047481536865e-1,-4.23968523740768433e-1,7.34694566577673014e-2,3.67347283288836507e-2,-8.47774446010589600e-1,-4.23887223005294800e-1
15,11,9.01960784313725505e-1,7.84313725490196068e-2,1.76470588235294101e-1,-9.50386464595794678e-1,-4.75193232297897339e-1,8.23416575789451405e-2,4.11708287894725702e-2,-9.50204193592071533e-1,-4.75102096796035767e-1
15,12,9.80392156862745057e-1,5.88235294117647189e-2,1.32352941176470618e-1,-9.95429933071136475e-1,-4.97714966535568237e-1,6.46092250943183927e-2,3.23046125471591963e-2,-9.95239257812500000e-1,-4.97619628906250000e-1
16,0,3.92156862745098034e-2,7.84313725490196068e-2,1.76470588235294101e-1,9.89569246768951416e-1,4.94784623384475708e-1,-8.57412116602063179e-2,-4.28706058301031590e-2,9.89379465579986572e-1,4.94689732789993286e-1
16,1,1.17647058823529410e-1,7.84313725490196068e-2,1.76470588235294101e-1,9.29793238639831543e-1,4.64896619319915771e-1,-8.05619850754737687e-2,-4.02809925377368844e-2,9.29614901542663574e-1,4.64807450771331787e-1
16,2,1.96078431372549017e-1,7.84313725490196068e-2,1.76470588235294101e-1,8.13852012157440186e-1,4.06926006078720093e-1,-7.05164451152086313e-2,-3.52582225576043157e-2,8.13695907592773438e-1,4.06847953796386719e-1
16,3,2.74509803921568651e-1,7.84313725490196068e-2,1.76470588235294101e-1,6.48748993873596191e-1,3.24374496936798096e-1,-5.62106260098517163e-2,-2.81053130049258582e-2,6.48624598979949951e-1,3.24312299489974976e-1
16,4,3.52941176470588203e-1,7.84313725490196068e-2,1.76470588235294101e-1,4.44457739591598511e-1,2.22228869795799255e-1,-3.85101474355906137e-2,-1.92550737177953069e-2,4.44372504949569702e-1,2.22186252474784851e-1
16,5,4.31372549019607865e-1,7.84313725490196068e-2,1.76470588235294101e-1,2.13318452239036560e-1,1.06659226119518280e-1,-1.84829967096447612e-2,-9.24149835482238058e-3,2.13277533650398254e-1,1.06638766825199127e-1
16,6,5.09803921568627416e-1,7.84313725490196068e-2,1.76470588235294101e-1,-3.07065844535827637e-2,-1.53532922267913818e-2,2.66051036305725574e-3,1.33025518152862787e-3,-3.07006947696208954e-2,-1.53503473848104477e-2
16,7,5.88235294117647078e-1,7.84313725490196068e-2,1.76470588235294101e-1,-2.72876799106597900e-1,-1.36438399553298950e-1,2.36435852944850700e-2,1.18217926472425350e-2,-2.72824466228485107e-1,-1.36412233114242554e-1
16,8,6.66666666666666630e-1,7.84313725490196068e-2,1.76470588235294101e-1,-4.98563468456268311e-1,-2.49281734228134155e-1,4.31979250162840001e-2,2.15989625081420000e-2,-4.98467862606048584e-1,-2.49233931303024292e-1
16,9,7.45098039215686292e-1,7.84313725490196068e-2,1.76470588235294101e-1,-6.94133937358856201e-1,-3.47066968679428101e-1,6.01432867348193900e-2,3.00716433674096950e-2,-6.94000780582427979e-1,-3.47000390291213989e-1
16,10,8.23529411764705843e-1,7.84313725490196068e-2,1.76470588235294101e-1,-8.47774446010589600e-1,-4.23887223005294800e-1,7.34554354101419615e-2,3.67277177050709808e-2,-8.47611844539642334e-1,-4.23805922269821167e-1
16,11,9.01960784313725505e-1,7.84313725490196068e-2,1.76470588235294101e-1,-9.50204193592071533e-1,-4.75102096796035767e-1,8.23254989460110581e-2,4.11627494730055291e-2,-9.50021982192993164e-1,-4.75010991096496582e-1
16,12,9.80392156862745057e-1,5.88235294117647189e-2,1.32352941176470618e-1,-9.95239257812500000e-1,-4.97619628906250000e-1,6.45971702411770737e-2,3.22985851205885369e-2,-9.95048582553863525e-1,-4.97524291276931763e-1
17,0,3.92156862745098034e-2,7.84313725490196068e-2,1.76470588235294101e-1,9.89379465579986572e-1,4.94689732789993286e-1,-8.57247965410351670e-2,-4.28623982705175835e-2,9.89189684391021729e-1,4.94594842195510864e-1
17,1,1.17647058823529410e-1,7.84313725490196068e-2,1.76470588235294101e-1,9.29614901542663574e-1,4.64807450771331787e-1,-8.05465104058385034e-2,-4.02732552029192517e-2,9.29436624050140381e-1,4.64718312025070190e-1
17,2,1.96078431372549017e-1,7.84313725490196068e-2,1.76470588235294101e-1,8.13695907592773438e-1,4.06847953796386719e-1,-7.05028513446450122e-2,-3.52514256723225061e-2,8.13539862632751465e-1,4.06769931316375732e-1
17,3,2.74509803921568651e-1,7.84313725490196068e-2,1.76470588235294101e-1,6.48624598979949951e-1,3.24312299489974976e-1,-5.61999390833079759e-2,-2.80999695416539880e-2,6.48500204086303711e-1,3.24250102043151855e-1
17,4,3.52941176470588203e-1,7.84313725490196068e-2,1.76470588235294101e-1,4.44372504949569702e-1,2.22186252474784851e-1,-3.85027520824223757e-2,-1.92513760412111878e-2,4.44287270307540894e-1,2.22143635153770447e-1
17,5,4.31372549019607865e-1,7.84313725490196068e-2,1.76470588235294101e-1,2.13277533650398254e-1,1.06638766825199127e-1,-1.84794219327159004e-2,-9.23971096635795019e-3,2.13236629962921143e-1,1.06618314981460571e-1
17,6,5.09803921568627416e-1,7.84313725490196068e-2,1.76470588235294101e-1,-3.07006947696208954e-2,-1.53503473848104477e-2,2.65998670365658052e-3,1.32999335182829026e-3,-3.06948069483041763e-2,-1.53474034741520882e-2
17,7,5.88235294117647078e-1,7.84313725490196068e-2,1.76470588235294101e-1,-2.72824466228485107e-1,-1.36412233114242554e-1,2.36390380072407646e-2,1.18195190036203823e-2,-2.72772133350372314e-1,-1.36386066675186157e-1
17,8,6.66666666666666630e-1,7.84313725490196068e-2,1.76470588235294101e-1,-4.98467862606048584e-1,-2.49233931303024292e-1,4.31897174566984177e-2,2.15948587283492088e-2,-4.98372256755828857e-1,-2.49186128377914429e-1
17,9,7.45098039215686292e-1,7.84313725490196068e-2,1.76470588235294101e-1,-6.94000780582427979e-1,-3.47000390291213989e-1,6.01316593587398474e-2,3.00658296793699237e-2,-6.93867683410644531e-1,-3.46933841705322266e-1
17,10,8.23529411764705843e-1,7.84313725490196068e-2,1.76470588235294101e-1,-8.47611844539642334e-1,-4.23805922269821167e-1,7.34413286671042331e-2,3.67206643335521166e-2,-8.47449302673339844e-1,-4.23724651336669922e-1
17,11,9.01960784313725505e-1,7.84313725490196068e-2,1.76470588235294101e-1,-9.50021982192993164e-1,-4.75010991096496582e-1,8.23095113039016696e-2,4.11547556519508348e-2,-9.49839770793914795e-1,-4.74919885396957397e-1
17,12,9.80392156862745057e-1,5.88235294117647189e-2,1.32352941176470618e-1,-9.95048582553863525e-1,-4.97524291276931763e-1,6.45850298926234218e-2,3.22925149463117109e-2,-9.94857966899871826e-1,-4.97428983449935913e-1
18,0,3.92156862745098034e-2,7.84313725490196068e-2,1.76470588235294101e-1,9.89189684391021729e-1,4.94594842195510864e-1,-8.57082959264516830e-2,-4.28541479632258415e-2,9.88999962806701660e-1,4.94499981403350830e-1
18,1,1.17647058823529410e-1,7.84313725490196068e-2,1.76470588235294101e-1,9.29436624050140381e-1,4.64718312025070190e-1,-8.05311212316155434e-2,-4.02655606158077717e-2,9.29258346557617188e-1,4.64629173278808594e-1
18,2,1.96078431372549017e-1,7.84313725490196068e-2,1.76470588235294101e-1,8.13539862632751465e-1,4.06769931316375732e-1,-7.04893430694937539e-2,-3.52446715347468770e-2,8.13383817672729492e-1,4.06691908836364746e-1
18,3,2.74509803921568651e-1,7.84313725490196068e-2,1.76470588235294101e-1,6.48500204086303711e-1,3.24250102043151855e-1,-5.61891666613519025e-2,-2.80945833306759513e-2,6.48375809192657471e-1,3.24187904596328735e-1
18,4,3.52941176470588203e-1,7.84313725490196068e-2,1.76470588235294101e-1,4.44287270307540894e-1,2.22143635153770447e-1,-3.84953353554010613e-2,-1.92476676777005307e-2,4.44202065467834473e-1,2.22101032733917236e-1
18,5,4.31372549019607865e-1,7.84313725490196068e-2,1.76470588235294101e-1,2.13236629962921143e-1,1.06618314981460571e-1,-1.84758925752248615e-2,-9.23794628761243075e-3,2.13195726275444031e-1,1.06597863137722015e-1
18,6,5.09803921568627416e-1,7.84313725490196068e-2,1.76470588235294101e-1,-3.06948069483041763e-2,-1.53474034741520882e-2,2.65948976157232009e-3,1.32974488078616004e-3,-3.06889191269874573e-2,-1.53444595634937286e-2
18,7,5.88235294117647078e-1,7.84313725490196068e-2,1.76470588235294101e-1,-2.72772133350372314e-1,-1.36386066675186157e-1,2.36344880482647901e-2,1.18172440241323951e-2,-2.72719830274581909e-1,-1.36359915137290955e-1
18,8,6.66666666666666630e-1,7.84313725490196068e-2,1.76470588235294101e-1,-4.98372256755828857e-1,-2.49186128377914429e-1,4.31814244017004745e-2,2.15907122008502372e-2,-4.98276680707931519e-1,-2.49138340353965759e-1
18,9,7.45098039215686292e-1,7.84313725490196068e-2,1.76470588235294101e-1,-6.93867683410644531e-1,-3.46933841705322266e-1,6.01201174780726377e-2,3.00600587390363189e-2,-6.93734586238861084e-1,-3.46867293119430542e-1
18,10,8.23529411764705843e-1,7.84313725490196068e-2,1.76470588235294101e-1,-8.47449302673339844e-1,-4.23724651336669922e-1,7.34273074194788933e-2,3.67136537097394466e-2,-8.47286760807037354e-1,-4.23643380403518677e-1
18,11,9.01960784313725505e-1,7.84313725490196068e-2,1.76470588235294101e-1,-9.49839770793914795e-1,-4.74919885396957397e-1,8.22933526709675733e-2,4.11466763354837867e-2,-9.49657618999481201e-1,-4.74828809499740601e-1
18,12,9.80392156862745057e-1,5.88235294117647189e-2,1.32352941176470618e-1,-9.94857966899871826e-1,-4.97428983449935913e-1,6.45729750394821167e-2,3.22864875197410583e-2,-9.94667410850524902e-1,-4.97333705425262451e-1
19,0,3.92156862745098034e-2,7.84313725490196068e-2,1.76470588235294101e-1,9.88999962806701660e-1,4.94499981403350830e-1,-8.56918808072805321e-2,-4.28459404036402661e-2,9.88810300827026367e-1,4.94405150413513184e-1
19,1,1.17647058823529410e-1,7.84313725490196068e-2,1.76470588235294101e-1,9.29258346557617188e-1,4.64629173278808594e-1,-8.05156465619802503e-2,-4.02578232809901251e-2,9.29080128669738770e-1,4.64540064334869385e-1
19,2,1.96078431372549017e-1,7.84313725490196068e-2,1.76470588235294101e-1,8.13383817672729492e-1,4.06691908836364746e-1,-7.04758347943425234e-2,-3.52379173971712617e-2,8.13227832317352295e-1,4.06613916158676147e-1
19,3,2.74509803921568651e-1,7.84313725490196068e-2,1.76470588235294101e-1,6.48375809192657471e-1,3.24187904596328735e-1,-5.61783514916896487e-2,-2.80891757458448244e-2,6.48251473903656006e-1,3.24125736951828003e-1
19,4,3.52941176470588203e-1,7.84313725490196068e-2,1.76470588235294101e-1,4.44202065467834473e-1,2.22101032733917236e-1,-3.84880041237920523e-2,-1.92440020618960261e-2,4.44116860628128052e-1,2.22058430314064026e-1
19,5,4.31372549019607865e-1,7.84313725490196068e-2,1.76470588235294101e-1,2.13195726275444031e-1,1.06597863137722015e-1,-1.84723204700276700e-2,-9.23616023501383498e-3,2.13154837489128113e-1,1.06577418744564056e-1
19,6,5.09803921568627416e-1,7.84313725490196068e-2,1.76470588235294101e-1,-3.06889191269874573e-2,-1.53444595634937286e-2,2.65895007178190701e-3,1.32947503589095350e-3,-3.06830331683158875e-2,-1.53415165841579437e-2
19,7,5.88235294117647078e-1,7.84313725490196068e-2,1.76470588235294101e-1,-2.72719830274581909e-1,-1.36359915137290955e-1,2.36299808369949127e-2,1.18149904184974563e-2,-2.72667527198791504e-1,-1.36333763599395752e-1
19,8,6.66666666666666630e-1,7.84313725490196068e-2,1.76470588235294101e-1,-4.98276680707931519e-1,-2.49138340353965759e-1,4.31731740944087949e-2,2.15865870472043975e-2,-4.98181104660034180e-1,-2.49090552330017090e-1
19,9,7.45098039215686292e-1,7.84313725490196068e-2,1.76470588235294101e-1,-6.93734586238861084e-1,-3.46867293119430542e-1,6.01085328496992199e-2,3.00542664248496100e-2,-6.93601548671722412e-1,-3.46800774335861206e-1
19,10,8.23529411764705843e-1,7.84313725490196068e-2,1.76470588235294101e-1,-8.47286760807037354e-1,-4.23643380403518677e-1,7.34132006764411926e-2,3.67066003382205963e-2,-8.47124278545379639e-1,-4.23562139272689819e-1
19,11,9.01960784313725505e-1,7.84313725490196068e-2,1.76470588235294101e-1,-9.49657618999481201e-1,-4.74828809499740601e-1,8.22772795334458379e-2,4.11386397667229189e-2,-9.49475467205047607e-1,-4.74737733602523804e-1
19,12,9.80392156862745057e-1,5.88235294117647189e-2,1.32352941176470618e-1,-9.94667410850524902e-1,-4.97333705425262451e-1,6.45609201863408116e-2,3.22804600931704058e-2,-9.94476854801177979e-1,-4.97238427400588989e-1
20,0,3.92156862745098034e-2,7.84313725490196068e-2,1.76470588235294101e-1,9.88810300827026367e-1,4.94405150413513184e-1,-8.56754656881093951e-2,-4.28377328440546976e-2,9.88620638847351074e-1,4.94310319423675537e-1
20,1,1.17647058823529410e-1,7.84313725490196068e-2,1.76470588235294101e-1,9.29080128669738770e-1,4.64540064334869385e-1,-8.05001718923449433e-2,-4.02500859461724717e-2,9.28901910781860352e-1,4.64450955390930176e-1
20,2,1.96078431372549017e-1,7.84313725490196068e-2,1.76470588235294101e-1,8.13227832317352295e-1,4.06613916158676147e-1,-7.04623265191912651e-2,-3.52311632595956326e-2,8.13071846961975098e-1,4.06535923480987549e-1
20,3,2.74509803921568651e-1,7.84313725490196068e-2,1.76470588235294101e-1,6.48251473903656006e-1,3.24125736951828003e-1,-5.61676218174397834e-2,-2.80838109087198917e-2,6.48127138614654541e-1,3.24063569307327271e-1
20,4,3.52941176470588203e-1,7.84313725490196068e-2,1.76470588235294101e-1,4.44116860628128052e-1,2.22058430314064026e-1,-3.84805660229176616e-2,-1.92402830114588308e-2,4.44031685590744019e-1,2.22015842795372009e-1
20,5,4.31372549019607865e-1,7.84313725490196068e-2,1.76470588235294101e-1,2.13154837489128113e-1,1.06577418744564056e-1,-1.84687937842681893e-2,-9.23439689213409465e-3,2.13113948702812195e-1,1.06556974351406097e-1
20,6,5.09803921568627416e-1,7.84313725490196068e-2,1.76470588235294101e-1,-3.06830331683158875e-2,-1.53415165841579437e-2,2.65843709930779770e-3,1.32921854965389885e-3,-3.06771490722894669e-2,-1.53385745361447334e-2
20,7,5.88235294117647078e-1,7.84313725490196068e-2,1.76470588235294101e-1,-2.72667527198791504e-1,-1.36333763599395752e-1,2.36254709539934771e-2,1.18127354769967385e-2,-2.72615224123001099e-1,-1.36307612061500549e-1
20,8,6.66666666666666630e-1,7.84313725490196068e-2,1.76470588235294101e-1,-4.98181104660034180e-1,-2.49090552330017090e-1,4.31648382917046436e-2,2.15824191458523218e-2,-4.98085558414459229e-1,-2.49042779207229614e-1
20,9,7.45098039215686292e-1,7.84313725490196068e-2,1.76470588235294101e-1,-6.93601548671722412e-1,-3.46800774335861206e-1,6.00970337167382462e-2,3.00485168583691231e-2,-6.93468511104583740e-1,-3.46734255552291870e-1
20,10,8.23529411764705843e-1,7.84313725490196068e-2,1.76470588235294101e-1,-8.47124278545379639e-1,-4.23562139272689819e-1,7.33991794288158250e-2,3.66995897144079125e-2,-8.46961796283721924e-1,-4.23480898141860962e-1
20,11,9.01960784313725505e-1,7.84313725490196068e-2,1.76470588235294101e-1,-9.49475467205047607e-1,-4.74737733602523804e-1,8.22611209005117555e-2,4.11305604502558778e-2,-9.49293375015258789e-1,-4.74646687507629395e-1
20,12,9.80392156862745057e-1,5.88235294117647189e-2,1.32352941176470618e-1,-9.94476854801177979e-1,-4.97238427400588989e-1,6.45488653331994927e-2,3.22744326665997464e-2,-9.94286358356475830e-1,-4.97143179178237915e-1
21,0,3.92156862745098034e-2,7.84313725490196068e-2,1.76470588235294101e-1,9.88620638847351074e-1,4.94310319423675537e-1,-8.56590505689382581e-2,-4.28295252844691290e-2,9.88431036472320557e-1,4.94215518236160278e-1
21,1,1.17647058823529410e-1,7.84313725490196068e-2,1.76470588235294101e-1,9.28901910781860352e-1,4.64450955390930176e-1,-8.04846972227096363e-2,-4.02423486113548182e-2,9.28723752498626709e-1,4.64361876249313354e-1
21,2,1.96078431372549017e-1,7.84313725490196068e-2,1.76470588235294101e-1,8.13071846961975098e-1,4.06535923480987549e-1,-7.04488182440400346e-2,-3.52244091220200173e-2,8.12915921211242676e-1,4.06457960605621338e-1
21,3,2.74509803921568651e-1,7.84313725490196068e-2,1.76470588235294101e-1,6.48127138614654541e-1,3.24063569307327271e-1,-5.61568493954837378e-2,-2.80784246977418689e-2,6.48002803325653076e-1,3.24001401662826538e-1
21,4,3.52941176470588203e-1,7.84313725490196068e-2,1.76470588235294101e-1,4.44031685590744019e-1,2.22015842795372009e-1,-3.84732134174555207e-2,-1.92366067087277604e-2,4.43946510553359985e-1,2.21973255276679993e-1
21,5,4.31372549019607865e-1,7.84313725490196068e-2,1.76470588235294101e-1,2.13113948702812195e-1,1.06556974351406097e-1,-1.84652270225342252e-2,-9.23261351126711260e-3,2.13073074817657471e-1,1.06536537408828735e-1
21,6,5.09803921568627416e-1,7.84313725490196068e-2,1.76470588235294101e-1,-3.06771490722894669e-2,-1.53385745361447334e-2,2.65792947029691584e-3,1.32896473514845792e-3,-3.06712649762630463e-2,-1.53356324881315231e-2
21,7,5.88235294117647078e-1,7.84313725490196068e-2,1.76470588235294101e-1,-2.72615224123001099e-1,-1.36307612061500549e-1,2.36209156515542751e-2,1.18104578257771375e-2,-2.72562950849533081e-1,-1.36281475424766541e-1
21,8,6.66666666666666630e-1,7.84313725490196068e-2,1.76470588235294101e-1,-4.98085558414459229e-1,-2.49042779207229614e-1,4.31565879844129086e-2,2.15782939922064543e-2,-4.97990041971206665e-1,-2.48995020985603333e-1
21,9,7.45098039215686292e-1,7.84313725490196068e-2,1.76470588235294101e-1,-6.93468511104583740e-1,-3.46734255552291870e-1,6.00854918360709811e-2,3.00427459180354905e-2,-6.93335533142089844e-1,-3.46667766571044922e-1
21,10,8.23529411764705843e-1,7.84313725490196068e-2,1.76470588235294101e-1,-8.46961796283721924e-1,-4.23480898141860962e-1,7.33850726857781521e-2,3.66925363428890761e-2,-8.46799373626708984e-1,-4.23399686813354492e-1
21,11,9.01960784313725505e-1,7.84313725490196068e-2,1.76470588235294101e-1,-9.49293375015258789e-1,-4.74646687507629395e-1,8.22450477629899923e-2,4.11225238814949962e-2,-9.49111342430114746e-1,-4.74555671215057373e-1
21,12,9.80392156862745057e-1,5.88235294117647189e-2,1.32352941176470618e-1,-9.94286358356475830e-1,-4.97143179178237915e-1,6.45368104800581877e-2,3.22684052400290938e-2,-9.94095861911773682e-1,-4.97047930955886841e-1
22,0,3.92156862745098034e-2,7.84313725490196068e-2,1.76470588235294101e-1,9.88431036472320557e-1,4.94215518236160278e-1,-8.56426354497671072e-2,-4.28213177248835536e-2,9.88241434097290039e-1,4.94120717048645020e-1
22,1,1.17647058823529410e-1,7.84313725490196068e-2,1.76470588235294101e-1,9.28723752498626709e-1,4.64361876249313354e-1,-8.04692225530743710e-2,-4.02346112765371855e-2,9.28545653820037842e-1,4.64272826910018921e-1
22,2,1.96078431372549017e-1,7.84313725490196068e-2,1.76470588235294101e-1,8.12915921211242676e-1,4.06457960605621338e-1,-7.04353954643011093e-2,-3.52176977321505547e-2,8.12759995460510254e-1,4.06379997730255127e-1
22,3,2.74509803921568651e-1,7.84313725490196068e-2,1.76470588235294101e-1,6.48002803325653076e-1,3.24001401662826538e-1,-5.61459914781153036e-2,-2.80729957390576518e-2,6.47878527641296387e-1,3.23939263820648193e-1
22,4,3.52941176470588203e-1,7.84313725490196068e-2,1.76470588235294101e-1,4.43946510553359985e-1,2.21973255276679993e-1,-3.84658394381404145e-2,-1.92329197190702073e-2,4.43861365318298340e-1,2.21930682659149170e-1
22,5,4.31372549019607865e-1,7.84313725490196068e-2,1.76470588235294101e-1,2.13073074817657471e-1,1.06536537408828735e-1,-1.84617030085064138e-2,-9.23085150425320689e-3,2.13032215833663940e-1,1.06516107916831970e-1
22,6,5.09803921568627416e-1,7.84313725490196068e-2,1.76470588235294101e-1,-3.06712649762630463e-2,-1.53356324881315231e-2,2.65740046743301317e-3,1.32870023371650658e-3,-3.06653827428817749e-2,-1.53326913714408875e-2
22,7,5.88235294117647078e-1,7.84313725490196068e-2,1.76470588235294101e-1,-2.72562950849533081e-1,-1.36281475424766541e-1,2.36164030968211702e-2,1.18082015484105851e-2,-2.72510677576065063e-1,-1.36255338788032532e-1
22,8,6.66666666666666630e-1,7.84313725490196068e-2,1.76470588235294101e-1,-4.97990041971206665e-1,-2.48995020985603333e-1,4.31482949294149654e-2,2.15741474647074827e-2,-4.97894525527954102e-1,-2.48947262763977051e-1
22,9,7.45098039215686292e-1,7.84313725490196068e-2,1.76470588235294101e-1,-6.93335533142089844e-1,-3.46667766571044922e-1,6.00739927031100074e-2,3.00369963515550037e-2,-6.93202555179595947e-1,-3.46601277589797974e-1
22,10,8.23529411764705843e-1,7.84313725490196068e-2,1.76470588235294101e-1,-8.46799373626708984e-1,-4.23399686813354492e-1,7.33709659427404237e-2,3.66854829713702119e-2,-8.46636950969696045e-1,-4.23318475484848022e-1
22,11,9.01960784313725505e-1,7.84313725490196068e-2,1.76470588235294101e-1,-9.49111342430114746e-1,-4.74555671215057373e-1,8.22290601208806038e-2,4.11145300604403019e-2,-9.48929309844970703e-1,-4.74464654922485352e-1
22,12,9.80392156862745057e-1,5.88235294117647189e-2,1.32352941176470618e-1,-9.94095861911773682e-1,-4.97047930955886841e-1,6.45246701315045357e-2,3.22623350657522678e-2,-9.93905425071716309e-1,-4.96952712535858154e-1
23,0,3.92156862745098034e-2,7.84313725490196068e-2,1.76470588235294101e-1,9.88241434097290039e-1,4.94120717048645020e-1,-8.56261348351836232e-2,-4.28130674175918116e-2,9.88051891326904297e-1,4.94025945663452148e-1
23,1,1.17647058823529410e-1,7.84313725490196068e-2,1.76470588235294101e-1,9.28545653820037842e-1,4.64272826910018921e-1,-8.04539188742637440e-2,-4.02269594371318720e-2,9.28367555141448975e-1,4.64183777570724487e-1
23,2,1.96078431372549017e-1,7.84313725490196068e-2,1.76470588235294101e-1,8.12759995460510254e-1,4.06379997730255127e-1,-7.04218016937375180e-2,-3.52109008468687590e-2,8.12604129314422607e-1,4.06302064657211304e-1
23,3,2.74509803921568651e-1,7.84313725490196068e-2,1.76470588235294101e-1,6.47878527641296387e-1,3.23939263820648193e-1,-5.61352618038654383e-2,-2.80676309019327191e-2,6.47754251956939697e-1,3.23877125978469849e-1
23,4,3.52941176470588203e-1,7.84313725490196068e-2,1.76470588235294101e-1,4.43861365318298340e-1,2.21930682659149170e-1,-3.84584440849721210e-2,-1.92292220424860605e-2,4.43776249885559082e-1,2.21888124942779541e-1
23,5,4.31372549019607865e-1,7.84313725490196068e-2,1.76470588235294101e-1,2.13032215833663940e-1,1.06516107916831970e-1,-1.84581816662103271e-2,-9.22909083310516354e-3,2.12991356849670410e-1,1.06495678424835205e-1
23,6,5.09803921568627416e-1,7.84313725490196068e-2,1.76470588235294101e-1,-3.06653827428817749e-2,-1.53326913714408875e-2,2.65689818188552529e-3,1.32844909094276264e-3,-3.06595023721456528e-2,-1.53297511860728264e-2
23,7,5.88235294117647078e-1,7.84313725490196068e-2,1.76470588235294101e-1,-2.72510677576065063e-1,-1.36255338788032532e-1,2.36118878703563961e-2,1.18059439351781981e-2,-2.72458404302597046e-1,-1.36229202151298523e-1
23,8,6.66666666666666630e-1,7.84313725490196068e-2,1.76470588235294101e-1,-4.97894525527954102e-1,-2.48947262763977051e-1,4.31400018744170777e-2,2.15700009372085388e-2,-4.97799038887023926e-1,-2.48899519443511963e-1
23,9,7.45098039215686292e-1,7.84313725490196068e-2,1.76470588235294101e-1,-6.93202555179595947e-1,-3.46601277589797974e-1,6.00624935701489504e-2,3.00312467850744752e-2,-6.93069577217102051e-1,-3.46534788608551025e-1
23,10,8.23529411764705843e-1,7.84313725490196068e-2,1.76470588235294101e-1,-8.46636950969696045e-1,-4.23318475484848022e-1,7.33568591997027508e-2,3.66784295998513754e-2,-8.46474587917327881e-1,-4.23237293958663940e-1
23,11,9.01960784313725505e-1,7.84313725490196068e-2,1.76470588235294101e-1,-9.48929309844970703e-1,-4.74464654922485352e-1,8.22129869833588406e-2,4.11064934916794203e-2,-9.48747336864471436e-1,-4.74373668432235718e-1
23,12,9.80392156862745057e-1,5.88235294117647189e-2,1.32352941176470618e-1,-9.93905425071716309e-1,-4.96952712535858154e-1,6.45126152783632306e-2,3.22563076391816153e-2,-9.93715047836303711e-1,-4.96857523918151855e-1
24,0,3.92156862745098034e-2,7.84313725490196068e-2,1.76470588235294101e-1,9.88051891326904297e-1,4.94025945663452148e-1,-8.56097197160124723e-2,-4.28048598580062362e-2,9.87862408161163330e-1,4.93931204080581665e-1
24,1,1.17647058823529410e-1,7.84313725490196068e-2,1.76470588235294101e-1,9.28367555141448975e-1,4.64183777570724487e-1,-8.04384442046284787e-2,-4.02192221023142393e-2,9.28189516067504883e-1,4.64094758033752441e-1
24,2,1.96078431372549017e-1,7.84313725490196068e-2,1.76470588235294101e-1,8.12604129314422607e-1,4.06302064657211304e-1,-7.04083789139985927e-2,-3.52041894569992964e-2,8.12448263168334961e-1,4.06224131584167480e-1
24,3,2.74509803921568651e-1,7.84313725490196068e-2,1.76470588235294101e-1,6.47754251956939697e-1,3.23877125978469849e-1,-5.61244038864970041e-2,-2.80622019432485020e-2,6.47630035877227783e-1,3.23815017938613892e-1
24,4,3.52941176470588203e-1,7.84313725490196068e-2,1.76470588235294101e-1,4.43776249885559082e-1,2.21888124942779541e-1,-3.84511342272162437e-2,-1.92255671136081219e-2,4.43691134452819824e-1,2.21845567226409912e-1
24,5,4.31372549019607865e-1,7.84313725490196068e-2,1.76470588235294101e-1,2.12991356849670410e-1,1.06495678424835205e-1,-1.84546202479395904e-2,-9.22731012396979522e-3,2.12950512766838074e-1,1.06475256383419037e-1
24,6,5.09803921568627416e-1,7.84313725490196068e-2,1.76470588235294101e-1,-3.06595023721456528e-2,-1.53297511860728264e-2,2.65640123980115384e-3,1.32820061990057692e-3,-3.06536220014095306e-2,-1.53268110007047653e-2
24,7,5.88235294117647078e-1,7.84313725490196068e-2,1.76470588235294101e-1,-2.72458404302597046e-1,-1.36229202151298523e-1,2.36073272244539112e-2,1.18036636122269556e-2,-2.72406160831451416e-1,-1.36203080415725708e-1
24,8,6.66666666666666630e-1,7.84313725490196068e-2,1.76470588235294101e-1,-4.97799038887023926e-1,-2.48899519443511963e-1,4.31317943148314953e-2,2.15658971574157476e-2,-4.97703552246093750e-1,-2.48851776123046875e-1
24,9,7.45098039215686292e-1,7.84313725490196068e-2,1.76470588235294101e-1,-6.93069577217102051e-1,-3.46534788608551025e-1,6.00508661940694077e-2,3.00254330970347039e-2,-6.92936658859252930e-1,-3.46468329429626465e-1
24,10,8.23529411764705843e-1,7.84313725490196068e-2,1.76470588235294101e-1,-8.46474587917327881e-1,-4.23237293958663940e-1,7.33428379520773832e-2,3.66714189760386916e-2,-8.46312224864959717e-1,-4.23156112432479858e-1
24,11,9.01960784313725505e-1,7.84313725490196068e-2,1.76470588235294101e-1,-9.48747336864471436e-1,-4.74373668432235718e-1,8.21969138458371190e-2,4.10984569229185595e-2,-9.48565363883972168e-1,-4.74282681941986084e-1
24,12,9.80392156862745057e-1,5.88235294117647189e-2,1.32352941176470618e-1,-9.93715047836303711e-1,-4.96857523918151855e-1,6.45005604252219117e-2,3.22502802126109558e-2,-9.93524670600891113e-1,-4.96762335300445557e-1
25,0,3.92156862745098034e-2,7.84313725490196068e-2,1.76470588235294101e-1,9.87862408161163330e-1,4.93931204080581665e-1,-8.55933045968413353e-2,-4.27966522984206676e-2,9.87672924995422363e-1,4.93836462497711182e-1
25,1,1.17647058823529410e-1,7.84313725490196068e-2,1.76470588235294101e-1,9.28189516067504883e-1,4.64094758033752441e-1,-8.04230550304055047e-2,-4.02115275152027524e-2,9.28011476993560791e-1,4.64005738496780396e-1
25,2,1.96078431372549017e-1,7.84313725490196068e-2,1.76470588235294101e-1,8.12448263168334961e-1,4.06224131584167480e-1,-7.03947851434350014e-2,-3.51973925717175007e-2,8.12292456626892090e-1,4.06146228313446045e-1
25,3,2.74509803921568651e-1,7.84313725490196068e-2,1.76470588235294101e-1,6.47630035877227783e-1,3.23815017938613892e-1,-5.61137169599532915e-2,-2.80568584799766457e-2,6.47505819797515869e-1,3.23752909898757935e-1
25,4,3.52941176470588203e-1,7.84313725490196068e-2,1.76470588235294101e-1,4.43691134452819824e-1,2.21845567226409912e-1,-3.84437175001949294e-2,-1.92218587500974647e-2,4.43606048822402954e-1,2.21803024411201477e-1
25,5,4.31372549019607865e-1,7.84313725490196068e-2,1.76470588235294101e-1,2.12950512766838074e-1,1.06475256383419037e-1,-1.84511015773750620e-2,-9.22555078868753098e-3,2.12909668684005737e-1,1.06454834342002869e-1
25,6,5.09803921568627416e-1,7.84313725490196068e-2,1.76470588235294101e-1,-3.06536220014095306e-2,-1.53268110007047653e-2,2.65588292386381708e-3,1.32794146193190854e-3,-3.06477434933185577e-2,-1.53238717466592789e-2
25,7,5.88235294117647078e-1,7.84313725490196068e-2,1.76470588235294101e-1,-2.72406160831451416e-1,-1.36203080415725708e-1,2.36028520739637315e-2,1.18014260369818658e-2,-2.72353917360305786e-1,-1.36176958680152893e-1
25,8,6.66666666666666630e-1,7.84313725490196068e-2,1.76470588235294101e-1,-4.97703552246093750e-1,-2.48851776123046875e-1,4.31234585121273994e-2,2.15617292560636997e-2,-4.97608095407485962e-1,-2.48804047703742981e-1
25,9,7.45098039215686292e-1,7.84313725490196068e-2,1.76470588235294101e-1,-6.92936658859252930e-1,-3.46468329429626465e-1,6.00394098088145034e-2,3.00197049044072517e-2,-6.92803740501403809e-1,-3.46401870250701904e-1
25,10,8.23529411764705843e-1,7.84313725490196068e-2,1.76470588235294101e-1,-8.46312224864959717e-1,-4.23156112432479858e-1,7.33287312090396826e-2,3.66643656045198413e-2,-8.46149921417236328e-1,-4.23074960708618164e-1
25,11,9.01960784313725505e-1,7.84313725490196068e-2,1.76470588235294101e-1,-9.48565363883972168e-1,-4.74282681941986084e-1,8.21808407083153836e-2,4.10904203541576918e-2,-9.48383450508117676e-1,-4.74191725254058838e-1
25,12,9.80392156862745057e-1,5.88235294117647189e-2,1.32352941176470618e-1,-9.93524670600891113e-1,-4.96762335300445557e-1,6.44885055720806066e-2,3.22442527860403033e-2,-9.93334352970123291e-1,-4.96667176485061646e-1
26,0,3.92156862745098034e-2,7.84313725490196068e-2,1.76470588235294101e-1,9.87672924995422363e-1,4.93836462497711182e-1,-8.55768894776701844e-2,-4.27884447388350922e-2,9.87483501434326172e-1,4.93741750717163086e-1
26,1,1.17647058823529410e-1,7.84313725490196068e-2,1.76470588235294101e-1,9.28011476993560791e-1,4.64005738496780396e-1,-8.04075803607702394e-2,-4.02037901803851197e-2,9.27833497524261475e-1,4.63916748762130737e-1
26,2,1.96078431372549017e-1,7.84313725490196068e-2,1.76470588235294101e-1,8.12292456626892090e-1,4.06146228313446045e-1,-7.03813623636960761e-2,-3.51906811818480381e-2,8.12136650085449219e-1,4.06068325042724609e-1
26,3,2.74509803921568651e-1,7.84313725490196068e-2,1.76470588235294101e-1,6.47505819797515869e-1,3.23752909898757935e-1,-5.61029017902910654e-2,-2.80514508951455327e-2,6.47381663322448730e-1,3.23690831661224365e-1
26,4,3.52941176470588203e-1,7.84313725490196068e-2,1.76470588235294101e-1,4.43606048822402954e-1,2.21803024411201477e-1,-3.84363862685859203e-2,-1.92181931342929602e-2,4.43520963191986084e-1,2.21760481595993042e-1
26,5,4.31372549019607865e-1,7.84313725490196068e-2,1.76470588235294101e-1,2.12909668684005737e-1,1.06454834342002869e-1,-1.84475428308360501e-2,-9.22377141541802503e-3,2.12868839502334595e-1,1.06434419751167297e-1
26,6,5.09803921568627416e-1,7.84313725490196068e-2,1.76470588235294101e-1,-3.06477434933185577e-2,-1.53238717466592789e-2,2.65536995138976328e-3,1.32768497569488164e-3,-3.06418649852275848e-2,-1.53209324926137924e-2
26,7,5.88235294117647078e-1,7.84313725490196068e-2,1.76470588235294101e-1,-2.72353917360305786e-1,-1.36176958680152893e-1,2.35983315040357300e-2,1.17991657520178650e-2,-2.72301673889160156e-1,-1.36150836944580078e-1
26,8,6.66666666666666630e-1,7.84313725490196068e-2,1.76470588235294101e-1,-4.97608095407485962e-1,-2.48804047703742981e-1,4.31152082048356644e-2,2.15576041024178322e-2,-4.97512668371200562e-1,-2.48756334185600281e-1
26,9,7.45098039215686292e-1,7.84313725490196068e-2,1.76470588235294101e-1,-6.92803740501403809e-1,-3.46401870250701904e-1,6.00278251804411134e-2,3.00139125902205567e-2,-6.92670881748199463e-1,-3.46335440874099731e-1
26,10,8.23529411764705843e-1,7.84313725490196068e-2,1.76470588235294101e-1,-8.46149921417236328e-1,-4.23074960708618164e-1,7.33147099614143427e-2,3.66573549807071714e-2,-8.45987617969512939e-1,-4.22993808984756470e-1
26,11,9.01960784313725505e-1,7.84313725490196068e-2,1.76470588235294101e-1,-9.48383450508117676e-1,-4.74191725254058838e-1,8.21647675707936204e-2,4.10823837853968102e-2,-9.48201596736907959e-1,-4.74100798368453979e-1
26,12,9.80392156862745057e-1,5.88235294117647189e-2,1.32352941176470618e-1,-9.93334352970123291e-1,-4.96667176485061646e-1,6.44764507189393016e-2,3.22382253594696508e-2,-9.93144035339355469e-1,-4.96572017669677734e-1
27,0,3.92156862745098034e-2,7.84313725490196068e-2,1.76470588235294101e-1,9.87483501434326172e-1,4.93741750717163086e-1,-8.55604743584990474e-2,-4.27802371792495237e-2,9.87294137477874756e-1,4.93647068738937378e-1
27,1,1.17647058823529410e-1,7.84313725490196068e-2,1.76470588235294101e-1,9.27833497524261475e-1,4.63916748762130737e-1,-8.03921911865472655e-2,-4.01960955932736327e-2,9.27655518054962158e-1,4.63827759027481079e-1
27,2,1.96078431372549017e-1,7.84313725490196068e-2,1.76470588235294101e-1,8.12136650085449219e-1,4.06068325042724609e-1,-7.03677685931325125e-2,-3.51838842965662563e-2,8.11980903148651123e-1,4.05990451574325562e-1
27,3,2.74509803921568651e-1,7.84313725490196068e-2,1.76470588235294101e-1,6.47381663322448730e-1,3.23690831661224365e-1,-5.60922576114535332e-2,-2.80461288057267666e-2,6.47257506847381592e-1,3.23628753423690796e-1
27,4,3.52941176470588203e-1,7.84313725490196068e-2,1.76470588235294101e-1,4.43520963191986084e-1,2.21760481595993042e-1,-3.84289481677114741e-2,-1.92144740838557371e-2,4.43435907363891602e-1,2.21717953681945801e-1
27,5,4.31372549019607865e-1,7.84313725490196068e-2,1.76470588235294101e-1,2.12868839502334595e-1,1.06434419751167297e-1,-1.84440268320031353e-2,-9.22201341600156765e-3,2.12828010320663452e-1,1.06414005160331726e-1
27,6,5.09803921568627416e-1,7.84313725490196068e-2,1.76470588235294101e-1,-3.06418649852275848e-2,-1.53209324926137924e-2,2.65487835276867479e-3,1.32743917638433739e-3,-3.06359883397817612e-2,-1.53179941698908806e-2
27,7,5.88235294117647078e-1,7.84313725490196068e-2,1.76470588235294101e-1,-2.72301673889160156e-1,-1.36150836944580078e-1,2.35937681864015758e-2,1.17968840932007879e-2,-2.72249460220336914e-1,-1.36124730110168457e-1
27,8,6.66666666666666630e-1,7.84313725490196068e-2,1.76470588235294101e-1,-4.97512668371200562e-1,-2.48756334185600281e-1,4.31069578975439294e-2,2.15534789487719647e-2,-4.97417241334915161e-1,-2.48708620667457581e-1
27,9,7.45098039215686292e-1,7.84313725490196068e-2,1.76470588235294101e-1,-6.92670881748199463e-1,-3.46335440874099731e-1,6.00163687951862646e-2,3.00081843975931323e-2,-6.92538022994995117e-1,-3.46269011497497559e-1
27,10,8.23529411764705843e-1,7.84313725490196068e-2,1.76470588235294101e-1,-8.45987617969512939e-1,-4.22993808984756470e-1,7.33005177229643090e-2,3.66502588614821545e-2,-8.45825374126434326e-1,-4.22912687063217163e-1
27,11,9.01960784313725505e-1,7.84313725490196068e-2,1.76470588235294101e-1,-9.48201596736907959e-1,-4.74100798368453979e-1,8.21488654240965649e-2,4.10744327120482824e-2,-9.48019742965698242e-1,-4.74009871482849121e-1
27,12,9.80392156862745057e-1,5.88235294117647189e-2,1.32352941176470618e-1,-9.93144035339355469e-1,-4.96572017669677734e-1,6.44643103703856496e-2,3.22321551851928248e-2,-9.92953777313232422e-1,-4.96476888656616211e-1
28,0,3.92156862745098034e-2,7.84313725490196068e-2,1.76470588235294101e-1,9.87294137477874756e-1,4.93647068738937378e-1,-8.55441447347402573e-2,-4.27720723673701286e-2,9.87104773521423340e-1,4.93552386760711670e-1
28,1,1.17647058823529410e-1,7.84313725490196068e-2,1.76470588235294101e-1,9.27655518054962158e-1,4.63827759027481079e-1,-8.03766310214996393e-2,-4.01883155107498197e-2,9.27477598190307617e-1,4.63738799095153809e-1
28,2,1.96078431372549017e-1,7.84313725490196068e-2,1.76470588235294101e-1,8.11980903148651123e-1,4.05990451574325562e-1,-7.03543458133935873e-2,-3.51771729066967936e-2,8.11825156211853027e-1,4.05912578105926514e-1
28,3,2.74509803921568651e-1,7.84313725490196068e-2,1.76470588235294101e-1,6.47257506847381592e-1,3.23628753423690796e-1,-5.60814851894974598e-2,-2.80407425947487299e-2,6.47133350372314453e-1,3.23566675186157227e-1
28,4,3.52941176470588203e-1,7.84313725490196068e-2,1.76470588235294101e-1,4.43435907363891602e-1,2.21717953681945801e-1,-3.84215955622494443e-2,-1.92107977811247221e-2,4.43350851535797119e-1,2.21675425767898560e-1
28,5,4.31372549019607865e-1,7.84313725490196068e-2,1.76470588235294101e-1,2.12828010320663452e-1,1.06414005160331726e-1,-1.84404707571956816e-2,-9.22023537859784081e-3,2.12787196040153503e-1,1.06393598020076752e-1
28,6,5.09803921568627416e-1,7.84313725490196068e-2,1.76470588235294101e-1,-3.06359883397817612e-2,-1.53179941698908806e-2,2.65434934990477212e-3,1.32717467495238606e-3,-3.06301135569810867e-2,-1.53150567784905434e-2
28,7,5.88235294117647078e-1,7.84313725490196068e-2,1.76470588235294101e-1,-2.72249460220336914e-1,-1.36124730110168457e-1,2.35892876924481132e-2,1.17946438462240566e-2,-2.72197246551513672e-1,-1.36098623275756836e-1
28,8,6.66666666666666630e-1,7.84313725490196068e-2,1.76470588235294101e-1,-4.97417241334915161e-1,-2.48708620667457581e-1,4.30986648425459862e-2,2.15493324212729931e-2,-4.97321844100952148e-1,-2.48660922050476074e-1
28,9,7.45098039215686292e-1,7.84313725490196068e-2,1.76470588235294101e-1,-6.92538022994995117e-1,-3.46269011497497559e-1,6.00048269145190827e-2,3.00024134572595413e-2,-6.92405223846435547e-1,-3.46202611923217773e-1
28,10,8.23529411764705843e-1,7.84313725490196068e-2,1.76470588235294101e-1,-8.45825374126434326e-1,-4.22912687063217163e-1,7.32864964753389414e-2,3.66432482376694707e-2,-8.45663130283355713e-1,-4.22831565141677856e-1
28,11,9.01960784313725505e-1,7.84313725490196068e-2,1.76470588235294101e-1,-9.48019742965698242e-1,-4.74009871482849121e-1,8.21327922865748433e-2,4.10663961432874217e-2,-9.47837948799133301e-1,-4.73918974399566650e-1
28,12,9.80392156862745057e-1,5.88235294117647189e-2,1.32352941176470618e-1,-9.92953777313232422e-1,-4.96476888656616211e-1,6.44522555172443307e-2,3.22261277586221653e-2,-9.92763578891754150e-1,-4.96381789445877075e-1
29,0,3.92156862745098034e-2,7.84313725490196068e-2,1.76470588235294101e-1,9.87104773521423340e-1,4.93552386760711670e-1,-8.55277296155691064e-2,-4.27638648077845532e-2,9.86915469169616699e-1,4.93457734584808350e-1
29,1,1.17647058823529410e-1,7.84313725490196068e-2,1.76470588235294101e-1,9.27477598190307617e-1,4.63738799095153809e-1,-8.03612418472766793e-2,-4.01806209236383396e-2,9.27299737930297852e-1,4.63649868965148926e-1
29,2,1.96078431372549017e-1,7.84313725490196068e-2,1.76470588235294101e-1,8.11825156211853027e-1,4.05912578105926514e-1,-7.03408375382423567e-2,-3.51704187691211784e-2,8.11669468879699707e-1,4.05834734439849854e-1
29,3,2.74509803921568651e-1,7.84313725490196068e-2,1.76470588235294101e-1,6.47133350372314453e-1,3.23566675186157227e-1,-5.60707127675413863e-2,-2.80353563837706932e-2,6.47009253501892090e-1,3.23504626750946045e-1
29,4,3.52941176470588203e-1,7.84313725490196068e-2,1.76470588235294101e-1,4.43350851535797119e-1,2.21675425767898560e-1,-3.84142215829342826e-2,-1.92071107914671413e-2,4.43265825510025024e-1,2.21632912755012512e-1
29,5,4.31372549019607865e-1,7.84313725490196068e-2,1.76470588235294101e-1,2.12787196040153503e-1,1.06393598020076752e-1,-1.84369601018261053e-2,-9.21848005091305267e-3,2.12746381759643555e-1,1.06373190879821777e-1
29,6,5.09803921568627416e-1,7.84313725490196068e-2,1.76470588235294101e-1,-3.06301135569810867e-2,-1.53150567784905434e-2,2.65384706435722872e-3,1.32692353217861436e-3,-3.06242387741804123e-2,-1.53121193870902061e-2
29,7,5.88235294117647078e-1,7.84313725490196068e-2,1.76470588235294101e-1,-2.72197246551513672e-1,-1.36098623275756836e-1,2.35847617790568842e-2,1.17923808895284421e-2,-2.72145032882690430e-1,-1.36072516441345215e-1
29,8,6.66666666666666630e-1,7.84313725490196068e-2,1.76470588235294101e-1,-4.97321844100952148e-1,-2.48660922050476074e-1,4.30903717875480430e-2,2.15451858937740215e-2,-4.97226446866989136e-1,-2.48613223433494568e-1
29,9,7.45098039215686292e-1,7.84313725490196068e-2,1.76470588235294101e-1,-6.92405223846435547e-1,-3.46202611923217773e-1,5.99934132769704143e-2,2.99967066384852071e-2,-6.92272424697875977e-1,-3.46136212348937988e-1
29,10,8.23529411764705843e-1,7.84313725490196068e-2,1.76470588235294101e-1,-8.45663130283355713e-1,-4.22831565141677856e-1,7.32723042368888799e-2,3.66361521184444400e-2,-8.45500946044921875e-1,-4.22750473022460938e-1
29,11,9.01960784313725505e-1,7.84313725490196068e-2,1.76470588235294101e-1,-9.47837948799133301e-1,-4.73918974399566650e-1,8.21168046444654409e-2,4.10584023222327205e-2,-9.47656154632568359e-1,-4.73828077316284180e-1
29,12,9.80392156862745057e-1,5.88235294117647189e-2,1.32352941176470618e-1,-9.92763578891754150e-1,-4.96381789445877075e-1,6.44402006641030256e-2,3.22201003320515128e-2,-9.92573380470275879e-1,-4.96286690235137939e-1
30,0,3.92156862745098034e-2,7.84313725490196068e-2,1.76470588235294101e-1,9.86915469169616699e-1,4.93457734584808350e-1,-8.55113144963979693e-2,-4.27556572481989847e-2,9.86726164817810059e-1,4.93363082408905029e-1
30,1,1.17647058823529410e-1,7.84313725490196068e-2,1.76470588235294101e-1,9.27299737930297852e-1,4.63649868965148926e-1,-8.03458526730537331e-2,-4.01729263365268666e-2,9.27121877670288086e-1,4.63560938835144043e-1
30,2,1.96078431372549017e-1,7.84313725490196068e-2,1.76470588235294101e-1,8.11669468879699707e-1,4.05834734439849854e-1,-7.03273292630910984e-2,-3.51636646315455492e-2,8.11513781547546387e-1,4.05756890773773193e-1
30,3,2.74509803921568651e-1,7.84313725490196068e-2,1.76470588235294101e-1,6.47009253501892090e-1,3.23504626750946045e-1,-5.60599830932915211e-2,-2.80299915466457605e-2,6.46885156631469727e-1,3.23442578315734863e-1
30,4,3.52941176470588203e-1,7.84313725490196068e-2,1.76470588235294101e-1,4.43265825510025024e-1,2.21632912755012512e-1,-3.84068476036190654e-2,-1.92034238018095327e-2,4.43180799484252930e-1,2.21590399742126465e-1
30,5,4.31372549019607865e-1,7.84313725490196068e-2,1.76470588235294101e-1,2.12746381759643555e-1,1.06373190879821777e-1,-1.84334066987503764e-2,-9.21670334937518820e-3,2.12705582380294800e-1,1.06352791190147400e-1
30,6,5.09803921568627416e-1,7.84313725490196068e-2,1.76470588235294101e-1,-3.06242387741804123e-2,-1.53121193870902061e-2,2.65334477880974084e-3,1.32667238940487042e-3,-3.06183658540248871e-2,-1.53091829270124435e-2
30,7,5.88235294117647078e-1,7.84313725490196068e-2,1.76470588235294101e-1,-2.72145032882690430e-1,-1.36072516441345215e-1,2.35802358656655997e-2,1.17901179328327999e-2,-2.72092849016189575e-1,-1.36046424508094788e-1
30,8,6.66666666666666630e-1,7.84313725490196068e-2,1.76470588235294101e-1,-4.97226446866989136e-1,-2.48613223433494568e-1,4.30820787325500998e-2,2.15410393662750499e-2,-4.97131079435348511e-1,-2.48565539717674255e-1
30,9,7.45098039215686292e-1,7.84313725490196068e-2,1.76470588235294101e-1,-6.92272424697875977e-1,-3.46136212348937988e-1,5.99819141440093573e-2,2.99909570720046786e-2,-6.92139625549316406e-1,-3.46069812774658203e-1
30,10,8.23529411764705843e-1,7.84313725490196068e-2,1.76470588235294101e-1,-8.45500946044921875e-1,-4.22750473022460938e-1,7.32582829892635401e-2,3.66291414946317700e-2,-8.45338761806488037e-1,-4.22669380903244019e-1
30,11,9.01960784313725505e-1,7.84313725490196068e-2,1.76470588235294101e-1,-9.47656154632568359e-1,-4.73828077316284180e-1,8.21007315069437055e-2,4.10503657534718527e-2,-9.47474420070648193e-1,-4.73737210035324097e-1
30,12,9.80392156862745057e-1,5.88235294117647189e-2,1.32352941176470618e-1,-9.92573380470275879e-1,-4.96286690235137939e-1,6.44281458109617206e-2,3.22140729054808603e-2,-9.92383241653442383e-1,-4.96191620826721191e-1
31,0,3.92156862745098034e-2,7.84313725490196068e-2,1.76470588235294101e-1,9.86726164817810059e-1,4.93363082408905029e-1,-8.54948993772268323e-2,-4.27474496886134162e-2,9.86536920070648193e-1,4.93268460035324097e-1
31,1,1.17647058823529410e-1,7.84313725490196068e-2,1.76470588235294101e-1,9.27121877670288086e-1,4.63560938835144043e-1,-8.03304634988307870e-2,-4.01652317494153935e-2,9.26944077014923096e-1,4.63472038507461548e-1
31,2,1.96078431372549017e-1,7.84313725490196068e-2,1.76470588235294101e-1,8.11513781547546387e-1,4.05756890773773193e-1,-7.03138209879398401e-2,-3.51569104939699201e-2,8.11358153820037842e-1,4.05679076910018921e-1
31,3,2.74509803921568651e-1,7.84313725490196068e-2,1.76470588235294101e-1,6.46885156631469727e-1,3.23442578315734863e-1,-5.60492534190416003e-2,-2.80246267095208001e-2,6.46761059761047363e-1,3.23380529880523682e-1
31,4,3.52941176470588203e-1,7.84313725490196068e-2,1.76470588235294101e-1,4.43180799484252930e-1,2.21590399742126465e-1,-3.83994522504508828e-2,-1.91997261252254414e-2,4.43095803260803223e-1,2.21547901630401611e-1
31,5,4.31372549019607865e-1,7.84313725490196068e-2,1.76470588235294101e-1,2.12705582380294800e-1,1.06352791190147400e-1,-1.84298987151123583e-2,-9.21494935755617917e-3,2.12664783000946045e-1,1.06332391500473022e-1
31,6,5.09803921568627416e-1,7.84313725490196068e-2,1.76470588235294101e-1,-3.06183658540248871e-2,-1.53091829270124435e-2,2.65282646287234858e-3,1.32641323143617429e-3,-3.06124929338693619e-2,-1.53062464669346809e-2
31,7,5.88235294117647078e-1,7.84313725490196068e-2,1.76470588235294101e-1,-2.72092849016189575e-1,-1.36046424508094788e-1,2.35757500282488541e-2,1.17878750141244271e-2,-2.72040665149688721e-1,-1.36020332574844360e-1
31,8,6.66666666666666630e-1,7.84313725490196068e-2,1.76470588235294101e-1,-4.97131079435348511e-1,-2.48565539717674255e-1,4.30738284252584203e-2,2.15369142126292101e-2,-4.97035741806030273e-1,-2.48517870903015137e-1
31,9,7.45098039215686292e-1,7.84313725490196068e-2,1.76470588235294101e-1,-6.92139625549316406e-1,-3.46069812774658203e-1,5.99703722633421199e-2,2.99851861316710600e-2,-6.92006886005401611e-1,-3.46003443002700806e-1
31,10,8.23529411764705843e-1,7.84313725490196068e-2,1.76470588235294101e-1,-8.45338761806488037e-1,-4.22669380903244019e-1,7.32441762462258394e-2,3.66220881231129197e-2,-8.45176637172698975e-1,-4.22588318586349487e-1
31,11,9.01960784313725505e-1,7.84313725490196068e-2,1.76470588235294101e-1,-9.47474420070648193e-1,-4.73737210035324097e-1,8.20847438648343031e-2,4.10423719324171515e-2,-9.47292745113372803e-1,-4.73646372556686401e-1
31,12,9.80392156862745057e-1,5.88235294117647189e-2,1.32352941176470618e-1,-9.92383241653442383e-1,-4.96191620826721191e-1,6.44160909578204155e-2,3.22080454789102077e-2,-9.92193102836608887e-1,-4.96096551418304443e-1
32,0,3.92156862745098034e-2,7.84313725490196068e-2,1.76470588235294101e-1,9.86536920070648193e-1,4.93268460035324097e-1,-8.54784842580556814e-2,-4.27392421290278407e-2,9.86347734928131104e-1,4.93173867464065552e-1
32,1,1.17647058823529410e-1,7.84313725490196068e-2,1.76470588235294101e-1,9.26944077014923096e-1,4.63472038507461548e-1,-8.03150743246078547e-2,-4.01575371623039273e-2,9.26766276359558105e-1,4.63383138179779053e-1
32,2,1.96078431372549017e-1,7.84313725490196068e-2,1.76470588235294101e-1,8.11358153820037842e-1,4.05679076910018921e-1,-7.03003982082009149e-2,-3.51501991041004574e-2,8.11202526092529297e-1,4.05601263046264648e-1
32,3,2.74509803921568651e-1,7.84313725490196068e-2,1.76470588235294101e-1,6.46761059761047363e-1,3.23380529880523682e-1,-5.60383955016732493e-2,-2.80191977508366247e-2,6.46637022495269775e-1,3.23318511247634888e-1
32,4,3.52941176470588203e-1,7.84313725490196068e-2,1.76470588235294101e-1,4.43095803260803223e-1,2.21547901630401611e-1,-3.83921423926949501e-2,-1.91960711963474751e-2,4.43010807037353516e-1,2.21505403518676758e-1
32,5,4.31372549019607865e-1,7.84313725490196068e-2,1.76470588235294101e-1,2.12664783000946045e-1,1.06332391500473022e-1,-1.84263479837681876e-2,-9.21317399188409381e-3,2.12623998522758484e-1,1.06311999261379242e-1
32,6,5.09803921568627416e-1,7.84313725490196068e-2,1.76470588235294101e-1,-3.06124929338693619e-2,-1.53062464669346809e-2,2.65230814693495631e-3,1.32615407346747816e-3,-3.06066218763589859e-2,-1.53033109381794930e-2
32,7,5.88235294117647078e-1,7.84313725490196068e-2,1.76470588235294101e-1,-2.72040665149688721e-1,-1.36020332574844360e-1,2.35712214431259559e-2,1.17856107215629780e-2,-2.71988481283187866e-1,-1.35994240641593933e-1
32,8,6.66666666666666630e-1,7.84313725490196068e-2,1.76470588235294101e-1,-4.97035741806030273e-1,-2.48517870903015137e-1,4.30655781179666852e-2,2.15327890589833426e-2,-4.96940404176712036e-1,-2.48470202088356018e-1
32,9,7.45098039215686292e-1,7.84313725490196068e-2,1.76470588235294101e-1,-6.92006886005401611e-1,-3.46003443002700806e-1,5.99588731303810907e-2,2.99794365651905453e-2,-6.91874146461486816e-1,-3.45937073230743408e-1
32,10,8.23529411764705843e-1,7.84313725490196068e-2,1.76470588235294101e-1,-8.45176637172698975e-1,-4.22588318586349487e-1,7.32300695031881388e-2,3.66150347515940694e-2,-8.45014512538909912e-1,-4.22507256269454956e-1
32,11,9.01960784313725505e-1,7.84313725490196068e-2,1.76470588235294101e-1,-9.47292745113372803e-1,-4.73646372556686401e-1,8.20688417181372615e-2,4.10344208590686307e-2,-9.47111070156097412e-1,-4.73555535078048706e-1
32,12,9.80392156862745057e-1,5.88235294117647189e-2,1.32352941176470618e-1,-9.92193102836608887e-1,-4.96096551418304443e-1,6.44039506092667496e-2,3.22019753046333748e-2,-9.92003023624420166e-1,-4.96001511812210083e-1
33,0,3.92156862745098034e-2,7.84313725490196068e-2,1.76470588235294101e-1,9.86347734928131104e-1,4.93173867464065552e-1,-8.54621546342968913e-2,-4.27310773171484456e-2,9.86158549785614014e-1,4.93079274892807007e-1
33,1,1.17647058823529410e-1,7.84313725490196068e-2,1.76470588235294101e-1,9.26766276359558105e-1,4.63383138179779053e-1,-8.02995996549725616e-2,-4.01497998274862808e-2,9.26588535308837891e-1,4.63294267654418945e-1
33,2,1.96078431372549017e-1,7.84313725490196068e-2,1.76470588235294101e-1,8.11202526092529297e-1,4.05601263046264648e-1,-7.02868899330496566e-2,-3.51434449665248283e-2,8.11046957969665527e-1,4.05523478984832764e-1
33,3,2.74509803921568651e-1,7.84313725490196068e-2,1.76470588235294101e-1,6.46637022495269775e-1,3.23318511247634888e-1,-5.60277085751295367e-2,-2.80138542875647684e-2,6.46512985229492188e-1,3.23256492614746094e-1
33,4,3.52941176470588203e-1,7.84313725490196068e-2,1.76470588235294101e-1,4.43010807037353516e-1,2.21505403518676758e-1,-3.83847256656735802e-2,-1.91923628328367901e-2,4.42925840616226196e-1,2.21462920308113098e-1
33,5,4.31372549019607865e-1,7.84313725490196068e-2,1.76470588235294101e-1,2.12623998522758484e-1,1.06311999261379242e-1,-1.84228426718618943e-2,-9.21142133593094714e-3,2.12583214044570923e-1,1.06291607022285461e-1
33,6,5.09803921568627416e-1,7.84313725490196068e-2,1.76470588235294101e-1,-3.06066218763589859e-2,-1.53033109381794930e-2,2.65181654831397884e-3,1.32590827415698942e-3,-3.06007526814937592e-2,-1.53003763407468796e-2
33,7,5.88235294117647078e-1,7.84313725490196068e-2,1.76470588235294101e-1,-2.71988481283187866e-1,-1.35994240641593933e-1,2.35666901862714440e-2,1.17833450931357220e-2,-2.71936327219009399e-1,-1.35968163609504700e-1
33,8,6.66666666666666630e-1,7.84313725490196068e-2,1.76470588235294101e-1,-4.96940404176712036e-1,-2.48470202088356018e-1,4.30573278106748947e-2,2.15286639053374473e-2,-4.96845096349716187e-1,-2.48422548174858093e-1
33,9,7.45098039215686292e-1,7.84313725490196068e-2,1.76470588235294101e-1,-6.91874146461486816e-1,-3.45937073230743408e-1,5.99473739974200615e-2,2.99736869987100307e-2,-6.91741466522216797e-1,-3.45870733261108398e-1
33,10,8.23529411764705843e-1,7.84313725490196068e-2,1.76470588235294101e-1,-8.45014512538909912e-1,-4.22507256269454956e-1,7.32159627601504381e-2,3.66079813800752191e-2,-8.44852447509765625e-1,-4.22426223754882812e-1
33,11,9.01960784313725505e-1,7.84313725490196068e-2,1.76470588235294101e-1,-9.47111070156097412e-1,-4.73555535078048706e-1,8.20528540760278591e-2,4.10264270380139295e-2,-9.46929454803466797e-1,-4.73464727401733398e-1
33,12,9.80392156862745057e-1,5.88235294117647189e-2,1.32352941176470618e-1,-9.92003023624420166e-1,-4.96001511812210083e-1,6.43918957561254446e-2,3.21959478780627223e-2,-9.91813004016876221e-1,-4.95906502008438110e-1
34,0,3.92156862745098034e-2,7.84313725490196068e-2,1.76470588235294101e-1,9.86158549785614014e-1,4.93079274892807007e-1,-8.54457395151257543e-2,-4.27228697575628771e-2,9.85969424247741699e-1,4.92984712123870850e-1
34,1,1.17647058823529410e-1,7.84313725490196068e-2,1.76470588235294101e-1,9.26588535308837891e-1,4.63294267654418945e-1,-8.02842104807495877e-2,-4.01421052403747938e-2,9.26410794258117676e-1,4.63205397129058838e-1
34,2,1.96078431372549017e-1,7.84313725490196068e-2,1.76470588235294101e-1,8.11046957969665527e-1,4.05523478984832764e-1,-7.02734671533107869e-2,-3.51367335766553934e-2,8.10891389846801758e-1,4.05445694923400879e-1
34,3,2.74509803921568651e-1,7.84313725490196068e-2,1.76470588235294101e-1,6.46512985229492188e-1,3.23256492614746094e-1,-5.60168934054672552e-2,-2.80084467027336276e-2,6.46389007568359375e-1,3.23194503784179688e-1
34,4,3.52941176470588203e-1,7.84313725490196068e-2,1.76470588235294101e-1,4.42925840616226196e-1,2.21462920308113098e-1,-3.83773944340646267e-2,-1.91886972170323133e-2,4.42840903997421265e-1,2.21420451998710632e-1
34,5,4.31372549019607865e-1,7.84313725490196068e-2,1.76470588235294101e-1,2.12583214044570923e-1,1.06291607022285461e-1,-1.84192972839810065e-2,-9.20964864199050326e-3,2.12542444467544556e-1,1.06271222233772278e-1
34,6,5.09803921568627416e-1,7.84313725490196068e-2,1.76470588235294101e-1,-3.06007526814937592e-2,-1.53003763407468796e-2,2.65128754545002066e-3,1.32564377272501033e-3,-3.05948834866285324e-2,-1.52974417433142662e-2
34,7,5.88235294117647078e-1,7.84313725490196068e-2,1.76470588235294101e-1,-2.71936327219009399e-1,-1.35968163609504700e-1,2.35621990053914709e-2,1.17810995026957355e-2,-2.71884173154830933e-1,-1.35942086577415466e-1
34,8,6.66666666666666630e-1,7.84313725490196068e-2,1.76470588235294101e-1,-4.96845096349716187e-1,-2.48422548174858093e-1,4.30490347556769515e-2,2.15245173778384757e-2,-4.96749818325042725e-1,-2.48374909162521362e-1
34,9,7.45098039215686292e-1,7.84313725490196068e-2,1.76470588235294101e-1,-6.91741466522216797e-1,-3.45870733261108398e-1,5.99359176121652404e-2,2.99679588060826202e-2,-6.91608786582946777e-1,-3.45804393291473389e-1
34,10,8.23529411764705843e-1,7.84313725490196068e-2,1.76470588235294101e-1,-8.44852447509765625e-1,-4.22426223754882812e-1,7.32018560171127097e-2,3.66009280085563549e-2,-8.44690382480621338e-1,-4.22345191240310669e-1
34,11,9.01960784313725505e-1,7.84313725490196068e-2,1.76470588235294101e-1,-9.46929454803466797e-1,-4.73464727401733398e-1,8.20368664339184844e-2,4.10184332169592422e-2,-9.46747839450836182e-1,-4.73373919725418091e-1
34,12,9.80392156862745057e-1,5.88235294117647189e-2,1.32352941176470618e-1,-9.91813004016876221e-1,-4.95906502008438110e-1,6.43798409029841395e-2,3.21899204514920698e-2,-9.91622984409332275e-1,-4.95811492204666138e-1
35,0,3.92156862745098034e-2,7.84313725490196068e-2,1.76470588235294101e-1,9.85969424247741699e-1,4.92984712123870850e-1,-8.54294098913669503e-2,-4.27147049456834751e-2,9.85780298709869385e-1,4.92890149354934692e-1
35,1,1.17647058823529410e-1,7.84313725490196068e-2,1.76470588235294101e-1,9.26410794258117676e-1,4.63205397129058838e-1,-8.02687358111143084e-2,-4.01343679055571542e-2,9.26233112812042236e-1,4.63116556406021118e-1
35,2,1.96078431372549017e-1,7.84313725490196068e-2,1.76470588235294101e-1,8.10891389846801758e-1,4.05445694923400879e-1,-7.02599588781595286e-2,-3.51299794390797643e-2,8.10735881328582764e-1,4.05367940664291382e-1
35,3,2.74509803921568651e-1,7.84313725490196068e-2,1.76470588235294101e-1,6.46389007568359375e-1,3.23194503784179688e-1,-5.60062064789235425e-2,-2.80031032394617713e-2,6.46265029907226562e-1,3.23132514953613281e-1
35,4,3.52941176470588203e-1,7.84313725490196068e-2,1.76470588235294101e-1,4.42840903997421265e-1,2.21420451998710632e-1,-3.83700418286025413e-2,-1.91850209143012707e-2,4.42755967378616333e-1,2.21377983689308167e-1
35,5,4.31372549019607865e-1,7.84313725490196068e-2,1.76470588235294101e-1,2.12542444467544556e-1,1.06271222233772278e-1,-1.84157518961001188e-2,-9.20787594805005938e-3,2.12501674890518188e-1,1.06250837445259094e-1
35,6,5.09803921568627416e-1,7.84313725490196068e-2,1.76470588235294101e-1,-3.05948834866285324e-2,-1.52974417433142662e-2,2.65077991643919431e-3,1.32538995821959715e-3,-3.05890161544084549e-2,-1.52945080772042274e-2
35,7,5.88235294117647078e-1,7.84313725490196068e-2,1.76470588235294101e-1,-2.71884173154830933e-1,-1.35942086577415466e-1,2.35576650768052898e-2,1.17788325384026449e-2,-2.71832019090652466e-1,-1.35916009545326233e-1
35,8,6.66666666666666630e-1,7.84313725490196068e-2,1.76470588235294101e-1,-4.96749818325042725e-1,-2.48374909162521362e-1,4.30408271960913691e-2,2.15204135980456845e-2,-4.96654540300369263e-1,-2.48327270150184631e-1
35,9,7.45098039215686292e-1,7.84313725490196068e-2,1.76470588235294101e-1,-6.91608786582946777e-1,-3.45804393291473389e-1,5.99244184792041834e-2,2.99622092396020917e-2,-6.91476166248321533e-1,-3.45738083124160767e-1
35,10,8.23529411764705843e-1,7.84313725490196068e-2,1.76470588235294101e-1,-8.44690382480621338e-1,-4.22345191240310669e-1,7.31877492740750368e-2,3.65938746370375184e-2,-8.44528377056121826e-1,-4.22264188528060913e-1
35,11,9.01960784313725505e-1,7.84313725490196068e-2,1.76470588235294101e-1,-9.46747839450836182e-1,-4.73373919725418091e-1,8.20208787918090820e-2,4.10104393959045410e-2,-9.46566283702850342e-1,-4.73283141851425171e-1
35,12,9.80392156862745057e-1,5.88235294117647189e-2,1.32352941176470618e-1,-9.91622984409332275e-1,-4.95811492204666138e-1,6.43677860498428345e-2,3.21838930249214172e-2,-9.91433024406433105e-1,-4.95716512203216553e-1
36,0,3.92156862745098034e-2,7.84313725490196068e-2,1.76470588235294101e-1,9.85780298709869385e-1,4.92890149354934692e-1,-8.54129947721958133e-2,-4.27064973860979066e-2,9.85591232776641846e-1,4.92795616388320923e-1
36,1,1.17647058823529410e-1,7.84313725490196068e-2,1.76470588235294101e-1,9.26233112812042236e-1,4.63116556406021118e-1,-8.02533466368913623e-2,-4.01266733184456811e-2,9.26055490970611572e-1,4.63027745485305786e-1
36,2,1.96078431372549017e-1,7.84313725490196068e-2,1.76470588235294101e-1,8.10735881328582764e-1,4.05367940664291382e-1,-7.02465360984206311e-2,-3.51232680492103155e-2,8.10580372810363770e-1,4.05290186405181885e-1
36,3,2.74509803921568651e-1,7.84313725490196068e-2,1.76470588235294101e-1,6.46265029907226562e-1,3.23132514953613281e-1,-5.59954340569674691e-2,-2.79977170284837346e-2,6.46141052246093750e-1,3.23070526123046875e-1
36,4,3.52941176470588203e-1,7.84313725490196068e-2,1.76470588235294101e-1,4.42755967378616333e-1,2.21377983689308167e-1,-3.83626892231405114e-2,-1.91813446115702557e-2,4.42671060562133789e-1,2.21335530281066895e-1
36,5,4.31372549019607865e-1,7.84313725490196068e-2,1.76470588235294101e-1,2.12501674890518188e-1,1.06250837445259094e-1,-1.84122091799508447e-2,-9.20610458997542236e-3,2.12460920214653015e-1,1.06230460107326508e-1
36,6,5.09803921568627416e-1,7.84313725490196068e-2,1.76470588235294101e-1,-3.05890161544084549e-2,-1.52945080772042274e-2,2.65027763089165092e-3,1.32513881544582546e-3,-3.05831488221883774e-2,-1.52915744110941887e-2
36,7,5.88235294117647078e-1,7.84313725490196068e-2,1.76470588235294101e-1,-2.71832019090652466e-1,-1.35916009545326233e-1,2.35531284764874393e-2,1.17765642382437197e-2,-2.71779894828796387e-1,-1.35889947414398193e-1
36,8,6.66666666666666630e-1,7.84313725490196068e-2,1.76470588235294101e-1,-4.96654540300369263e-1,-2.48327270150184631e-1,4.30325341410935369e-2,2.15162670705467685e-2,-4.96559292078018188e-1,-2.48279646039009094e-1
36,9,7.45098039215686292e-1,7.84313725490196068e-2,1.76470588235294101e-1,-6.91476166248321533e-1,-3.45738083124160767e-1,5.99130048416554595e-2,2.99565024208277297e-2,-6.91343545913696289e-1,-3.45671772956848145e-1
36,10,8.23529411764705843e-1,7.84313725490196068e-2,1.76470588235294101e-1,-8.44528377056121826e-1,-4.22264188528060913e-1,7.31736425310373362e-2,3.65868212655186681e-2,-8.44366431236267090e-1,-4.22183215618133545e-1
36,11,9.01960784313725505e-1,7.84313725490196068e-2,1.76470588235294101e-1,-9.46566283702850342e-1,-4.73283141851425171e-1,8.20048911496996796e-2,4.10024455748498398e-2,-9.46384787559509277e-1,-4.73192393779754639e-1
36,12,9.80392156862745057e-1,5.88235294117647189e-2,1.32352941176470618e-1,-9.91433024406433105e-1,-4.95716512203216553e-1,6.43557311967015294e-2,3.21778655983507647e-2,-9.91243064403533936e-1,-4.95621532201766968e-1
37,0,3.92156862745098034e-2,7.84313725490196068e-2,1.76470588235294101e-1,9.85591232776641846e-1,4.92795616388320923e-1,-8.53965796530246762e-2,-4.26982898265123381e-2,9.85402226448059082e-1,4.92701113224029541e-1
37,1,1.17647058823529410e-1,7.84313725490196068e-2,1.76470588235294101e-1,9.26055490970611572e-1,4.63027745485305786e-1,-8.02380429580807492e-2,-4.01190214790403746e-2,9.25877869129180908e-1,4.62938934564590454e-1
37,2,1.96078431372549017e-1,7.84313725490196068e-2,1.76470588235294101e-1,8.10580372810363770e-1,4.05290186405181885e-1,-7.02330278232693728e-2,-3.51165139116346864e-2,8.10424923896789551e-1,4.05212461948394775e-1
37,3,2.74509803921568651e-1,7.84313725490196068e-2,1.76470588235294101e-1,6.46141052246093750e-1,3.23070526123046875e-1,-5.59846188873052708e-2,-2.79923094436526354e-2,6.46017134189605713e-1,3.23008567094802856e-1
37,4,3.52941176470588203e-1,7.84313725490196068e-2,1.76470588235294101e-1,4.42671060562133789e-1,2.21335530281066895e-1,-3.83554007392376550e-2,-1.91777003696188275e-2,4.42586153745651245e-1,2.21293076872825623e-1
37,5,4.31372549019607865e-1,7.84313725490196068e-2,1.76470588235294101e-1,2.12460920214653015e-1,1.06230460107326508e-1,-1.84086664638016262e-2,-9.20433323190081309e-3,2.12420165538787842e-1,1.06210082769393921e-1
37,6,5.09803921568627416e-1,7.84313725490196068e-2,1.76470588235294101e-1,-3.05831488221883774e-2,-1.52915744110941887e-2,2.64975397149097569e-3,1.32487698574548785e-3,-3.05772833526134491e-2,-1.52886416763067245e-2
37,7,5.88235294117647078e-1,7.84313725490196068e-2,1.76470588235294101e-1,-2.71779894828796387e-1,-1.35889947414398193e-1,2.35486346238758526e-2,1.17743173119379263e-2,-2.71727770566940308e-1,-1.35863885283470154e-1
37,8,6.66666666666666630e-1,7.84313725490196068e-2,1.76470588235294101e-1,-4.96559292078018188e-1,-2.48279646039009094e-1,4.30242838338017464e-2,2.15121419169008732e-2,-4.96464043855667114e-1,-2.48232021927833557e-1
37,9,7.45098039215686292e-1,7.84313725490196068e-2,1.76470588235294101e-1,-6.91343545913696289e-1,-3.45671772956848145e-1,5.99014629609882776e-2,2.99507314804941388e-2,-6.91210925579071045e-1,-3.45605462789535522e-1
37,10,8.23529411764705843e-1,7.84313725490196068e-2,1.76470588235294101e-1,-8.44366431236267090e-1,-4.22183215618133545e-1,7.31596212834119963e-2,3.65798106417059982e-2,-8.44204485416412354e-1,-4.22102242708206177e-1
37,11,9.01960784313725505e-1,7.84313725490196068e-2,1.76470588235294101e-1,-9.46384787559509277e-1,-4.73192393779754639e-1,8.19889890030026380e-2,4.09944945015013190e-2,-9.46203291416168213e-1,-4.73101645708084106e-1
37,12,9.80392156862745057e-1,5.88235294117647189e-2,1.32352941176470618e-1,-9.91243064403533936e-1,-4.95621532201766968e-1,6.43435908481478636e-2,3.21717954240739318e-2,-9.91053164005279541e-1,-4.95526582002639771e-1
38,0,3.92156862745098034e-2,7.84313725490196068e-2,1.76470588235294101e-1,9.85402226448059082e-1,4.92701113224029541e-1,-8.53802500292658723e-2,-4.26901250146329361e-2,9.85213220119476318e-1,4.92606610059738159e-1
38,1,1.17647058823529410e-1,7.84313725490196068e-2,1.76470588235294101e-1,9.25877869129180908e-1,4.62938934564590454e-1,-8.02225682884454699e-2,-4.01112841442227350e-2,9.25700306892395020e-1,4.62850153446197510e-1
38,2,1.96078431372549017e-1,7.84313725490196068e-2,1.76470588235294101e-1,8.10424923896789551e-1,4.05212461948394775e-1,-7.02196050435304753e-2,-3.51098025217652376e-2,8.10269474983215332e-1,4.05134737491607666e-1
38,3,2.74509803921568651e-1,7.84313725490196068e-2,1.76470588235294101e-1,6.46017134189605713e-1,3.23008567094802856e-1,-5.59738892130553500e-2,-2.79869446065276750e-2,6.45893216133117676e-1,3.22946608066558838e-1
38,4,3.52941176470588203e-1,7.84313725490196068e-2,1.76470588235294101e-1,4.42586153745651245e-1,2.21293076872825623e-1,-3.83480267599224933e-2,-1.91740133799612467e-2,4.42501276731491089e-1,2.21250638365745544e-1
38,5,4.31372549019607865e-1,7.84313725490196068e-2,1.76470588235294101e-1,2.12420165538787842e-1,1.06210082769393921e-1,-1.84051264193840769e-2,-9.20256320969203845e-3,2.12379425764083862e-1,1.06189712882041931e-1
38,6,5.09803921568627416e-1,7.84313725490196068e-2,1.76470588235294101e-1,-3.05772833526134491e-2,-1.52886416763067245e-2,2.64923565555363894e-3,1.32461782777681947e-3,-3.05714197456836700e-2,-1.52857098728418350e-2
38,7,5.88235294117647078e-1,7.84313725490196068e-2,1.76470588235294101e-1,-2.71727770566940308e-1,-1.35863885283470154e-1,2.35441380995325966e-2,1.17720690497662983e-2,-2.71675646305084229e-1,-1.35837823152542114e-1
38,8,6.66666666666666630e-1,7.84313725490196068e-2,1.76470588235294101e-1,-4.96464043855667114e-1,-2.48232021927833557e-1,4.30160335265100113e-2,2.15080167632550057e-2,-4.96368825435638428e-1,-2.48184412717819214e-1
38,9,7.45098039215686292e-1,7.84313725490196068e-2,1.76470588235294101e-1,-6.91210925579071045e-1,-3.45605462789535522e-1,5.98899210803210680e-2,2.99449605401605340e-2,-6.91078364849090576e-1,-3.45539182424545288e-1
38,10,8.23529411764705843e-1,7.84313725490196068e-2,1.76470588235294101e-1,-8.44204485416412354e-1,-4.22102242708206177e-1,7.31456000357866287e-2,3.65728000178933144e-2,-8.44042599201202393e-1,-4.22021299600601196e-1
38,11,9.01960784313725505e-1,7.84313725490196068e-2,1.76470588235294101e-1,-9.46203291416168213e-1,-4.73101645708084106e-1,8.19730013608932356e-2,4.09865006804466178e-2,-9.46021854877471924e-1,-4.73010927438735962e-1
38,12,9.80392156862745057e-1,5.88235294117647189e-2,1.32352941176470618e-1,-9.91053164005279541e-1,-4.95526582002639771e-1,6.43315359950065585e-2,3.21657679975032793e-2,-9.90863323211669922e-1,-4.95431661605834961e-1
39,0,3.92156862745098034e-2,7.84313725490196068e-2,1.76470588235294101e-1,9.85213220119476318e-1,4.92606610059738159e-1,-8.53638349100947352e-2,-4.26819174550473676e-2,9.85024273395538330e-1,4.92512136697769165e-1
39,1,1.17647058823529410e-1,7.84313725490196068e-2,1.76470588235294101e-1,9.25700306892395020e-1,4.62850153446197510e-1,-8.02072646096348846e-2,-4.01036323048174423e-2,9.25522744655609131e-1,4.62761372327804565e-1
39,2,1.96078431372549017e-1,7.84313725490196068e-2,1.76470588235294101e-1,8.10269474983215332e-1,4.05134737491607666e-1,-7.02060967683791892e-2,-3.51030483841895946e-2,8.10114085674285889e-1,4.05057042837142944e-1
39,3,2.74509803921568651e-1,7.84313725490196068e-2,1.76470588235294101e-1,6.45893216133117676e-1,3.22946608066558838e-1,-5.59631167910993044e-2,-2.79815583955496522e-2,6.45769357681274414e-1,3.22884678840637207e-1
39,4,3.52941176470588203e-1,7.84313725490196068e-2,1.76470588235294101e-1,4.42501276731491089e-1,2.21250638365745544e-1,-3.83407169021666161e-2,-1.91703584510833080e-2,4.42416399717330933e-1,2.21208199858665466e-1
39,5,4.31372549019607865e-1,7.84313725490196068e-2,1.76470588235294101e-1,2.12379425764083862e-1,1.06189712882041931e-1,-1.84015890466980858e-2,-9.20079452334904291e-3,2.12338685989379883e-1,1.06169342994689941e-1
39,6,5.09803921568627416e-1,7.84313725490196068e-2,1.76470588235294101e-1,-3.05714197456836700e-2,-1.52857098728418350e-2,2.64874405693266146e-3,1.32437202846633073e-3,-3.05655561387538910e-2,-1.52827780693769455e-2
39,7,5.88235294117647078e-1,7.84313725490196068e-2,1.76470588235294101e-1,-2.71675646305084229e-1,-1.35837823152542114e-1,2.35395961557514632e-2,1.17697980778757316e-2,-2.71623551845550537e-1,-1.35811775922775269e-1
39,8,6.66666666666666630e-1,7.84313725490196068e-2,1.76470588235294101e-1,-4.96368825435638428e-1,-2.48184412717819214e-1,4.30077832192182763e-2,2.15038916096091381e-2,-4.96273636817932129e-1,-2.48136818408966064e-1
39,9,7.45098039215686292e-1,7.84313725490196068e-2,1.76470588235294101e-1,-6.91078364849090576e-1,-3.45539182424545288e-1,5.98784219473600388e-2,2.99392109736800194e-2,-6.90945804119110107e-1,-3.45472902059555054e-1
39,10,8.23529411764705843e-1,7.84313725490196068e-2,1.76470588235294101e-1,-8.44042599201202393e-1,-4.22021299600601196e-1,7.31315787881612611e-2,3.65657893940806306e-2,-8.43880712985992432e-1,-4.21940356492996216e-1
39,11,9.01960784313725505e-1,7.84313725490196068e-2,1.76470588235294101e-1,-9.46021854877471924e-1,-4.73010927438735962e-1,8.19570137187838610e-2,4.09785068593919305e-2,-9.45840418338775635e-1,-4.72920209169387817e-1
39,12,9.80392156862745057e-1,5.88235294117647189e-2,1.32352941176470618e-1,-9.90863323211669922e-1,-4.95431661605834961e-1,6.43194811418652534e-2,3.21597405709326267e-2,-9.90673482418060303e-1,-4.95336741209030151e-1
40,0,3.92156862745098034e-2,7.84313725490196068e-2,1.76470588235294101e-1,9.85024273395538330e-1,4.92512136697769165e-1,-8.53475052863359451e-2,-4.26737526431679726e-2,9.84835326671600342e-1,4.92417663335800171e-1
40,1,1.17647058823529410e-1,7.84313725490196068e-2,1.76470588235294101e-1,9.25522744655609131e-1,4.62761372327804565e-1,-8.01917899399995637e-2,-4.00958949699997819e-2,9.25345242023468018e-1,4.62672621011734009e-1
40,2,1.96078431372549017e-1,7.84313725490196068e-2,1.76470588235294101e-1,8.10114085674285889e-1,4.05057042837142944e-1,-7.01926739886403195e-2,-3.50963369943201597e-2,8.09958696365356445e-1,4.04979348182678223e-1
40,3,2.74509803921568651e-1,7.84313725490196068e-2,1.76470588235294101e-1,6.45769357681274414e-1,3.22884678840637207e-1,-5.59524298645555918e-2,-2.79762149322777959e-2,6.45645499229431152e-1,3.22822749614715576e-1
40,4,3.52941176470588203e-1,7.84313725490196068e-2,1.76470588235294101e-1,4.42416399717330933e-1,2.21208199858665466e-1,-3.83333215489983781e-2,-1.91666607744991890e-2,4.42331552505493164e-1,2.21165776252746582e-1
40,5,4.31372549019607865e-1,7.84313725490196068e-2,1.76470588235294101e-1,2.12338685989379883e-1,1.06169342994689941e-1,-1.83980516740120947e-2,-9.19902583700604737e-3,2.12297961115837097e-1,1.06148980557918549e-1
40,6,5.09803921568627416e-1,7.84313725490196068e-2,1.76470588235294101e-1,-3.05655561387538910e-2,-1.52827780693769455e-2,2.64820971060547583e-3,1.32410485530273792e-3,-3.05596943944692612e-2,-1.52798471972346306e-2
40,7,5.88235294117647078e-1,7.84313725490196068e-2,1.76470588235294101e-1,-2.71623551845550537e-1,-1.35811775922775269e-1,2.35350969596765935e-2,1.17675484798382968e-2,-2.71571457386016846e-1,-1.35785728693008423e-1
40,8,6.66666666666666630e-1,7.84313725490196068e-2,1.76470588235294101e-1,-4.96273636817932129e-1,-2.48136818408966064e-1,4.29995756596326939e-2,2.14997878298163470e-2,-4.96178448200225830e-1,-2.48089224100112915e-1
40,9,7.45098039215686292e-1,7.84313725490196068e-2,1.76470588235294101e-1,-6.90945804119110107e-1,-3.45472902059555054e-1,5.98668800666928014e-2,2.99334400333464007e-2,-6.90813302993774414e-1,-3.45406651496887207e-1
40,10,8.23529411764705843e-1,7.84313725490196068e-2,1.76470588235294101e-1,-8.43880712985992432e-1,-4.21940356492996216e-1,7.31175575405359213e-2,3.65587787702679606e-2,-8.43718886375427246e-1,-4.21859443187713623e-1
40,11,9.01960784313725505e-1,7.84313725490196068e-2,1.76470588235294101e-1,-9.45840418338775635e-1,-4.72920209169387817e-1,8.19410260766744586e-2,4.09705130383372293e-2,-9.45659041404724121e-1,-4.72829520702362061e-1
40,12,9.80392156862745057e-1,5.88235294117647189e-2,1.32352941176470618e-1,-9.90673482418060303e-1,-4.95336741209030151e-1,6.43074262887239484e-2,3.21537131443619742e-2,-9.90483701229095459e-1,-4.95241850614547729e-1
41,0,3.92156862745098034e-2,7.84313725490196068e-2,1.76470588235294101e-1,9.84835326671600342e-1,4.92417663335800171e-1,-8.53310901671647942e-2,-4.26655450835823971e-2,9.84646439552307129e-1,4.92323219776153564e-1
41,1,1.17647058823529410e-1,7.84313725490196068e-2,1.76470588235294101e-1,9.25345242023468018e-1,4.62672621011734009e-1,-8.01764862611889922e-2,-4.00882431305944961e-2,9.25167739391326904e-1,4.62583869695663452e-1
41,2,1.96078431372549017e-1,7.84313725490196068e-2,1.76470588235294101e-1,8.09958696365356445e-1,4.04979348182678223e-1,-7.01791657134890612e-2,-3.50895828567445306e-2,8.09803366661071777e-1,4.04901683330535889e-1
41,3,2.74509803921568651e-1,7.84313725490196068e-2,1.76470588235294101e-1,6.45645499229431152e-1,3.22822749614715576e-1,-5.59417001903056710e-2,-2.79708500951528355e-2,6.45521640777587891e-1,3.22760820388793945e-1
41,4,3.52941176470588203e-1,7.84313725490196068e-2,1.76470588235294101e-1,4.42331552505493164e-1,2.21165776252746582e-1,-3.83259903173893690e-2,-1.91629951586946845e-2,4.42246705293655396e-1,2.21123352646827698e-1
41,5,4.31372549019607865e-1,7.84313725490196068e-2,1.76470588235294101e-1,2.12297961115837097e-1,1.06148980557918549e-1,-1.83945169730577729e-2,-9.19725848652888645e-3,2.12257251143455505e-1,1.06128625571727753e-1
41,6,5.09803921568627416e-1,7.84313725490196068e-2,1.76470588235294101e-1,-3.05596943944692612e-2,-1.52798471972346306e-2,2.64770208159459397e-3,1.32385104079729699e-3,-3.05538345128297806e-2,-1.52769172564148903e-2
41,7,5.88235294117647078e-1,7.84313725490196068e-2,1.76470588235294101e-1,-2.71571457386016846e-1,-1.35785728693008423e-1,2.35305950918700546e-2,1.17652975459350273e-2,-2.71519362926483154e-1,-1.35759681463241577e-1
41,8,6.66666666666666630e-1,7.84313725490196068e-2,1.76470588235294101e-1,-4.96178448200225830e-1,-2.48089224100112915e-1,4.29912826046347507e-2,2.14956413023173754e-2,-4.96083289384841919e-1,-2.48041644692420959e-1
41,9,7.45098039215686292e-1,7.84313725490196068e-2,1.76470588235294101e-1,-6.90813302993774414e-1,-3.45406651496887207e-1,5.98554236814379803e-2,2.99277118407189902e-2,-6.90680801868438721e-1,-3.45340400934219360e-1
41,10,8.23529411764705843e-1,7.84313725490196068e-2,1.76470588235294101e-1,-8.43718886375427246e-1,-4.21859443187713623e-1,7.31035362929105814e-2,3.65517681464552907e-2,-8.43557059764862061e-1,-4.21778529882431030e-1
41,11,9.01960784313725505e-1,7.84313725490196068e-2,1.76470588235294101e-1,-9.45659041404724121e-1,-4.72829520702362061e-1,8.19250384345650701e-2,4.09625192172825350e-2,-9.45477724075317383e-1,-4.72738862037658691e-1
41,12,9.80392156862745057e-1,5.88235294117647189e-2,1.32352941176470618e-1,-9.90483701229095459e-1,-4.95241850614547729e-1,6.42953714355826295e-2,3.21476857177913147e-2,-9.90293920040130615e-1,-4.95146960020065308e-1
42,0,3.92156862745098034e-2,7.84313725490196068e-2,1.76470588235294101e-1,9.84646439552307129e-1,4.92323219776153564e-1,-8.53147605434060041e-2,-4.26573802717030021e-2,9.84457612037658691e-1,4.92228806018829346e-1
42,1,1.17647058823529410e-1,7.84313725490196068e-2,1.76470588235294101e-1,9.25167739391326904e-1,4.62583869695663452e-1,-8.01610115915536992e-2,-4.00805057957768496e-2,9.24990296363830566e-1,4.62495148181915283e-1
42,2,1.96078431372549017e-1,7.84313725490196068e-2,1.76470588235294101e-1,8.09803366661071777e-1,4.04901683330535889e-1,-7.01658284291624967e-2,-3.50829142145812484e-2,8.09648036956787109e-1,4.04824018478393555e-1
42,3,2.74509803921568651e-1,7.84313725490196068e-2,1.76470588235294101e-1,6.45521640777587891e-1,3.22760820388793945e-1,-5.59308850206434727e-2,-2.79654425103217363e-2,6.45397841930389404e-1,3.22698920965194702e-1
42,4,3.52941176470588203e-1,7.84313725490196068e-2,1.76470588235294101e-1,4.42246705293655396e-1,2.21123352646827698e-1,-3.83186377119272836e-2,-1.91593188559636418e-2,4.42161887884140015e-1,2.21080943942070007e-1
42,5,4.31372549019607865e-1,7.84313725490196068e-2,1.76470588235294101e-1,2.12257251143455505e-1,1.06128625571727753e-1,-1.83910276915412174e-2,-9.19551384577060871e-3,2.12216541171073914e-1,1.06108270585536957e-1
42,6,5.09803921568627416e-1,7.84313725490196068e-2,1.76470588235294101e-1,-3.05538345128297806e-2,-1.52769172564148903e-2,2.64722116990012690e-3,1.32361058495006345e-3,-3.05479746311903000e-2,-1.52739873155951500e-2
42,7,5.88235294117647078e-1,7.84313725490196068e-2,1.76470588235294101e-1,-2.71519362926483154e-1,-1.35759681463241577e-1,2.35260478046256938e-2,1.17630239023128469e-2,-2.71467298269271851e-1,-1.35733649134635925e-1
42,8,6.66666666666666630e-1,7.84313725490196068e-2,1.76470588235294101e-1,-4.96083289384841919e-1,-2.48041644692420959e-1,4.29830750450492238e-2,2.14915375225246119e-2,-4.95988130569458008e-1,-2.47994065284729004e-1
42,9,7.45098039215686292e-1,7.84313725490196068e-2,1.76470588235294101e-1,-6.90680801868438721e-1,-3.45340400934219360e-1,5.98439245484768956e-2,2.99219622742384478e-2,-6.90548360347747803e-1,-3.45274180173873901e-1
42,10,8.23529411764705843e-1,7.84313725490196068e-2,1.76470588235294101e-1,-8.43557059764862061e-1,-4.21778529882431030e-1,7.30894295498728808e-2,3.65447147749364404e-2,-8.43395292758941650e-1,-4.21697646379470825e-1
42,11,9.01960784313725505e-1,7.84313725490196068e-2,1.76470588235294101e-1,-9.45477724075317383e-1,-4.72738862037658691e-1,8.19092217832803754e-2,4.09546108916401877e-2,-9.45296406745910645e-1,-4.72648203372955322e-1
42,12,9.80392156862745057e-1,5.88235294117647189e-2,1.32352941176470618e-1,-9.90293920040130615e-1,-4.95146960020065308e-1,6.42832310870289775e-2,3.21416155435144887e-2,-9.90104198455810547e-1,-4.95052099227905273e-1
43,0,3.92156862745098034e-2,7.84313725490196068e-2,1.76470588235294101e-1,9.84457612037658691e-1,4.92228806018829346e-1,-8.52984309196472140e-2,-4.26492154598236070e-2,9.84268784523010254e-1,4.92134392261505127e-1
43,1,1.17647058823529410e-1,7.84313725490196068e-2,1.76470588235294101e-1,9.24990296363830566e-1,4.62495148181915283e-1,-8.01456224173307391e-2,-4.00728112086653696e-2,9.24812912940979004e-1,4.62406456470489502e-1
43,2,1.96078431372549017e-1,7.84313725490196068e-2,1.76470588235294101e-1,8.09648036956787109e-1,4.04824018478393555e-1,-7.01523201540112384e-2,-3.50761600770056192e-2,8.09492766857147217e-1,4.04746383428573608e-1
43,3,2.74509803921568651e-1,7.84313725490196068e-2,1.76470588235294101e-1,6.45397841930389404e-1,3.22698920965194702e-1,-5.59201980940997878e-2,-2.79600990470498939e-2,6.45274043083190918e-1,3.22637021541595459e-1
43,4,3.52941176470588203e-1,7.84313725490196068e-2,1.76470588235294101e-1,4.42161887884140015e-1,2.21080943942070007e-1,-3.83112851064651982e-2,-1.91556425532325991e-2,4.42077070474624634e-1,2.21038535237312317e-1
43,5,4.31372549019607865e-1,7.84313725490196068e-2,1.76470588235294101e-1,2.12216541171073914e-1,1.06108270585536957e-1,-1.83874956623185648e-2,-9.19374783115928240e-3,2.12175846099853516e-1,1.06087923049926758e-1
43,6,5.09803921568627416e-1,7.84313725490196068e-2,1.76470588235294101e-1,-3.05479746311903000e-2,-1.52739873155951500e-2,2.64669751049950719e-3,1.32334875524975359e-3,-3.05421166121959686e-2,-1.52710583060979843e-2
43,7,5.88235294117647078e-1,7.84313725490196068e-2,1.76470588235294101e-1,-2.71467298269271851e-1,-1.35733649134635925e-1,2.35215860127937493e-2,1.17607930063968746e-2,-2.71415233612060547e-1,-1.35707616806030273e-1
43,8,6.66666666666666630e-1,7.84313725490196068e-2,1.76470588235294101e-1,-4.95988130569458008e-1,-2.47994065284729004e-1,4.29747392423450725e-2,2.14873696211725362e-2,-4.95893001556396484e-1,-2.47946500778198242e-1
43,9,7.45098039215686292e-1,7.84313725490196068e-2,1.76470588235294101e-1,-6.90548360347747803e-1,-3.45274180173873901e-1,5.98325109109282549e-2,2.99162554554641275e-2,-6.90415918827056885e-1,-3.45207959413528442e-1
43,10,8.23529411764705843e-1,7.84313725490196068e-2,1.76470588235294101e-1,-8.43395292758941650e-1,-4.21697646379470825e-1,7.30754083022475132e-2,3.65377041511237566e-2,-8.43233525753021240e-1,-4.21616762876510620e-1
43,11,9.01960784313725505e-1,7.84313725490196068e-2,1.76470588235294101e-1,-9.45296406745910645e-1,-4.72648203372955322e-1,8.18932341411709730e-2,4.09466170705854865e-2,-9.45115149021148682e-1,-4.72557574510574341e-1
43,12,9.80392156862745057e-1,5.88235294117647189e-2,1.32352941176470618e-1,-9.90104198455810547e-1,-4.95052099227905273e-1,6.42711762338876724e-2,3.21355881169438362e-2,-9.89914536476135254e-1,-4.94957268238067627e-1
44,0,3.92156862745098034e-2,7.84313725490196068e-2,1.76470588235294101e-1,9.84268784523010254e-1,4.92134392261505127e-1,-8.52820158004760770e-2,-4.26410079002380385e-2,9.84080016613006592e-1,4.92040008306503296e-1
44,1,1.17647058823529410e-1,7.84313725490196068e-2,1.76470588235294101e-1,9.24812912940979004e-1,4.62406456470489502e-1,-8.01303187385201260e-2,-4.00651593692600630e-2,9.24635529518127441e-1,4.62317764759063721e-1
44,2,1.96078431372549017e-1,7.84313725490196068e-2,1.76470588235294101e-1,8.09492766857147217e-1,4.04746383428573608e-1,-7.01388973742723687e-2,-3.50694486871361844e-2,8.09337496757507324e-1,4.04668748378753662e-1
44,3,2.74509803921568651e-1,7.84313725490196068e-2,1.76470588235294101e-1,6.45274043083190918e-1,3.22637021541595459e-1,-5.59094256721436589e-2,-2.79547128360718294e-2,6.45150303840637207e-1,3.22575151920318604e-1
44,4,3.52941176470588203e-1,7.84313725490196068e-2,1.76470588235294101e-1,4.42077070474624634e-1,2.21038535237312317e-1,-3.83039111271500921e-2,-1.91519555635750460e-2,4.41992282867431641e-1,2.20996141433715820e-1
44,5,4.31372549019607865e-1,7.84313725490196068e-2,1.76470588235294101e-1,2.12175846099853516e-1,1.06087923049926758e-1,-1.83840090525336231e-2,-9.19200452626681153e-3,2.12135151028633118e-1,1.06067575514316559e-1
44,6,5.09803921568627416e-1,7.84313725490196068e-2,1.76470588235294101e-1,-3.05421166121959686e-2,-1.52710583060979843e-2,2.64620056841519125e-3,1.32310028420759562e-3,-3.05362585932016373e-2,-1.52681292966008186e-2
44,7,5.88235294117647078e-1,7.84313725490196068e-2,1.76470588235294101e-1,-2.71415233612060547e-1,-1.35707616806030273e-1,2.35170788015239274e-2,1.17585394007619637e-2,-2.71363168954849243e-1,-1.35681584477424622e-1
44,8,6.66666666666666630e-1,7.84313725490196068e-2,1.76470588235294101e-1,-4.95893001556396484e-1,-2.47946500778198242e-1,4.29664889350533374e-2,2.14832444675266687e-2,-4.95797902345657349e-1,-2.47898951172828674e-1
44,9,7.45098039215686292e-1,7.84313725490196068e-2,1.76470588235294101e-1,-6.90415918827056885e-1,-3.45207959413528442e-1,5.98210545256733783e-2,2.99105272628366892e-2,-6.90283477306365967e-1,-3.45141738653182983e-1
44,10,8.23529411764705843e-1,7.84313725490196068e-2,1.76470588235294101e-1,-8.43233525753021240e-1,-4.21616762876510620e-1,7.30613015592098125e-2,3.65306507796049063e-2,-8.43071818351745605e-1,-4.21535909175872803e-1
44,11,9.01960784313725505e-1,7.84313725490196068e-2,1.76470588235294101e-1,-9.45115149021148682e-1,-4.72557574510574341e-1,8.18773319944739314e-2,4.09386659972369657e-2,-9.44933891296386719e-1,-4.72466945648193359e-1
44,12,9.80392156862745057e-1,5.88235294117647189e-2,1.32352941176470618e-1,-9.89914536476135254e-1,-4.94957268238067627e-1,6.42591213807463674e-2,3.21295606903731837e-2,-9.89724874496459961e-1,-4.94862437248229980e-1
45,0,3.92156862745098034e-2,7.84313725490196068e-2,1.76470588235294101e-1,9.84080016613006592e-1,4.92040008306503296e-1,-8.52656861767172730e-2,-4.26328430883586365e-2,9.83891248703002930e-1,4.91945624351501465e-1
45,1,1.17647058823529410e-1,7.84313725490196068e-2,1.76470588235294101e-1,9.24635529518127441e-1,4.62317764759063721e-1,-8.01149295642972076e-2,-4.00574647821486038e-2,9.24458205699920654e-1,4.62229102849960327e-1
45,2,1.96078431372549017e-1,7.84313725490196068e-2,1.76470588235294101e-1,8.09337496757507324e-1,4.04668748378753662e-1,-7.01253890991210826e-2,-3.50626945495605413e-2,8.09182286262512207e-1,4.04591143131256104e-1
45,3,2.74509803921568651e-1,7.84313725490196068e-2,1.76470588235294101e-1,6.45150303840637207e-1,3.22575151920318604e-1,-5.58987814933061822e-2,-2.79493907466530911e-2,6.45026564598083496e-1,3.22513282299041748e-1
45,4,3.52941176470588203e-1,7.84313725490196068e-2,1.76470588235294101e-1,4.41992282867431641e-1,2.20996141433715820e-1,-3.82965371478348748e-2,-1.91482685739174374e-2,4.41907525062561035e-1,2.20953762531280518e-1
45,5,4.31372549019607865e-1,7.84313725490196068e-2,1.76470588235294101e-1,2.12135151028633118e-1,1.06067575514316559e-1,-1.83804796950425842e-2,-9.19023984752129208e-3,2.12094470858573914e-1,1.06047235429286957e-1
45,6,5.09803921568627416e-1,7.84313725490196068e-2,1.76470588235294101e-1,-3.05362585932016373e-2,-1.52681292966008186e-2,2.64570362633093081e-3,1.32285181316546541e-3,-3.05304024368524551e-2,-1.52652012184262276e-2
45,7,5.88235294117647078e-1,7.84313725490196068e-2,1.76470588235294101e-1,-2.71363168954849243e-1,-1.35681584477424622e-1,2.35125288425478973e-2,1.17562644212739487e-2,-2.71311134099960327e-1,-1.35655567049980164e-1
45,8,6.66666666666666630e-1,7.84313725490196068e-2,1.76470588235294101e-1,-4.95797902345657349e-1,-2.47898951172828674e-1,4.29583241231739632e-2,2.14791620615869816e-2,-4.95702803134918213e-1,-2.47851401567459106e-1
45,9,7.45098039215686292e-1,7.84313725490196068e-2,1.76470588235294101e-1,-6.90283477306365967e-1,-3.45141738653182983e-1,5.98094698972999883e-2,2.99047349486499942e-2,-6.90151095390319824e-1,-3.45075547695159912e-1
45,10,8.23529411764705843e-1,7.84313725490196068e-2,1.76470588235294101e-1,-8.43071818351745605e-1,-4.21535909175872803e-1,7.30473658069968335e-2,3.65236829034984167e-2,-8.42910110950469971e-1,-4.21455055475234985e-1
45,11,9.01960784313725505e-1,7.84313725490196068e-2,1.76470588235294101e-1,-9.44933891296386719e-1,-4.72466945648193359e-1,8.18613443523645429e-2,4.09306721761822714e-2,-9.44752693176269531e-1,-4.72376346588134766e-1
45,12,9.80392156862745057e-1,5.88235294117647189e-2,1.32352941176470618e-1,-9.89724874496459961e-1,-4.94862437248229980e-1,6.42470665276050484e-2,3.21235332638025242e-2,-9.89535272121429443e-1,-4.94767636060714722e-1
46,0,3.92156862745098034e-2,7.84313725490196068e-2,1.76470588235294101e-1,9.83891248703002930e-1,4.91945624351501465e-1,-8.52492710575461360e-2,-4.26246355287730680e-2,9.83702540397644043e-1,4.91851270198822021e-1
46,1,1.17647058823529410e-1,7.84313725490196068e-2,1.76470588235294101e-1,9.24458205699920654e-1,4.62229102849960327e-1,-8.00996258854865945e-2,-4.00498129427432972e-2,9.24280881881713867e-1,4.62140440940856934e-1
46,2,1.96078431372549017e-1,7.84313725490196068e-2,1.76470588235294101e-1,8.09182286262512207e-1,4.04591143131256104e-1,-7.01119663193821852e-2,-3.50559831596910926e-2,8.09027075767517090e-1,4.04513537883758545e-1
46,3,2.74509803921568651e-1,7.84313725490196068e-2,1.76470588235294101e-1,6.45026564598083496e-1,3.22513282299041748e-1,-5.58880090713500810e-2,-2.79440045356750405e-2,6.44902825355529785e-1,3.22451412677764893e-1
46,4,3.52941176470588203e-1,7.84313725490196068e-2,1.76470588235294101e-1,4.41907525062561035e-1,2.20953762531280518e-1,-3.82892272900789976e-2,-1.91446136450394988e-2,4.41822767257690430e-1,2.20911383628845215e-1
46,5,4.31372549019607865e-1,7.84313725490196068e-2,1.76470588235294101e-1,2.12094470858573914e-1,1.06047235429286957e-1,-1.83769530092832145e-2,-9.18847650464160726e-3,2.12053790688514709e-1,1.06026895344257355e-1
46,6,5.09803921568627416e-1,7.84313725490196068e-2,1.76470588235294101e-1,-3.05304024368524551e-2,-1.52652012184262276e-2,2.64519065385687702e-3,1.32259532692843851e-3,-3.05245462805032730e-2,-1.52622731402516365e-2
46,7,5.88235294117647078e-1,7.84313725490196068e-2,1.76470588235294101e-1,-2.71311134099960327e-1,-1.35655567049980164e-1,2.35080617072526143e-2,1.17540308536263072e-2,-2.71259099245071411e-1,-1.35629549622535706e-1
46,8,6.66666666666666630e-1,7.84313725490196068e-2,1.76470588235294101e-1,-4.95702803134918213e-1,-2.47851401567459106e-1,4.29500310681760200e-2,2.14750155340880100e-2,-4.95607733726501465e-1,-2.47803866863250732e-1
46,9,7.45098039215686292e-1,7.84313725490196068e-2,1.76470588235294101e-1,-6.90151095390319824e-1,-3.45075547695159912e-1,5.97980562597513476e-2,2.98990281298756738e-2,-6.90018713474273682e-1,-3.45009356737136841e-1
46,10,8.23529411764705843e-1,7.84313725490196068e-2,1.76470588235294101e-1,-8.42910110950469971e-1,-4.21455055475234985e-1,7.30332590639591051e-2,3.65166295319795525e-2,-8.42748463153839111e-1,-4.21374231576919556e-1
46,11,9.01960784313725505e-1,7.84313725490196068e-2,1.76470588235294101e-1,-9.44752693176269531e-1,-4.72376346588134766e-1,8.18454422056675013e-2,4.09227211028337506e-2,-9.44571554660797119e-1,-4.72285777330398560e-1
46,12,9.80392156862745057e-1,5.88235294117647189e-2,1.32352941176470618e-1,-9.89535272121429443e-1,-4.94767636060714722e-1,6.42350116744637434e-2,3.21175058372318717e-2,-9.89345669746398926e-1,-4.94672834873199463e-1
47,0,3.92156862745098034e-2,7.84313725490196068e-2,1.76470588235294101e-1,9.83702540397644043e-1,4.91851270198822021e-1,-8.52329414337873459e-2,-4.26164707168936729e-2,9.83513891696929932e-1,4.91756945848464966e-1
47,1,1.17647058823529410e-1,7.84313725490196068e-2,1.76470588235294101e-1,9.24280881881713867e-1,4.62140440940856934e-1,-8.00842367112636622e-2,-4.00421183556318311e-2,9.24103617668151855e-1,4.62051808834075928e-1
47,2,1.96078431372549017e-1,7.84313725490196068e-2,1.76470588235294101e-1,8.09027075767517090e-1,4.04513537883758545e-1,-7.00985435396432877e-2,-3.50492717698216438e-2,8.08871924877166748e-1,4.04435962438583374e-1
47,3,2.74509803921568651e-1,7.84313725490196068e-2,1.76470588235294101e-1,6.44902825355529785e-1,3.22451412677764893e-1,-5.58772366493940076e-2,-2.79386183246970038e-2,6.44779145717620850e-1,3.22389572858810425e-1
47,4,3.52941176470588203e-1,7.84313725490196068e-2,1.76470588235294101e-1,4.41822767257690430e-1,2.20911383628845215e-1,-3.82819174323231204e-2,-1.91409587161615602e-2,4.41738039255142212e-1,2.20869019627571106e-1
47,5,4.31372549019607865e-1,7.84313725490196068e-2,1.76470588235294101e-1,2.12053790688514709e-1,1.06026895344257355e-1,-1.83734263235237338e-2,-9.18671316176186692e-3,2.12013125419616699e-1,1.06006562709808350e-1
47,6,5.09803921568627416e-1,7.84313725490196068e-2,1.76470588235294101e-1,-3.05245462805032730e-2,-1.52622731402516365e-2,2.64467768138276771e-3,1.32233884069138385e-3,-3.05186919867992401e-2,-1.52593459933996201e-2
47,7,5.88235294117647078e-1,7.84313725490196068e-2,1.76470588235294101e-1,-2.71259099245071411e-1,-1.35629549622535706e-1,2.35035518242511787e-2,1.17517759121255894e-2,-2.71207064390182495e-1,-1.35603532195091248e-1
47,8,6.66666666666666630e-1,7.84313725490196068e-2,1.76470588235294101e-1,-4.95607733726501465e-1,-2.47803866863250732e-1,4.29418235085904376e-2,2.14709117542952188e-2,-4.95512694120407104e-1,-2.47756347060203552e-1
47,9,7.45098039215686292e-1,7.84313725490196068e-2,1.76470588235294101e-1,-6.90018713474273682e-1,-3.45009356737136841e-1,5.97865143790841103e-2,2.98932571895420551e-2,-6.89886391162872314e-1,-3.44943195581436157e-1
47,10,8.23529411764705843e-1,7.84313725490196068e-2,1.76470588235294101e-1,-8.42748463153839111e-1,-4.21374231576919556e-1,7.30192378163337652e-2,3.65096189081668826e-2,-8.42586815357208252e-1,-4.21293407678604126e-1
47,11,9.01960784313725505e-1,7.84313725490196068e-2,1.76470588235294101e-1,-9.44571554660797119e-1,-4.72285777330398560e-1,8.18296255543828066e-2,4.09148127771914033e-2,-9.44390416145324707e-1,-4.72195208072662354e-1
47,12,9.80392156862745057e-1,5.88235294117647189e-2,1.32352941176470618e-1,-9.89345669746398926e-1,-4.94672834873199463e-1,6.42228713259100914e-2,3.21114356629550457e-2,-9.89156126976013184e-1,-4.94578063488006592e-1
48,0,3.92156862745098034e-2,7.84313725490196068e-2,1.76470588235294101e-1,9.83513891696929932e-1,4.91756945848464966e-1,-8.52166118100285558e-2,-4.26083059050142779e-2,9.83325242996215820e-1,4.91662621498107910e-1
48,1,1.17647058823529410e-1,7.84313725490196068e-2,1.76470588235294101e-1,9.24103617668151855e-1,4.62051808834075928e-1,-8.00688475370407021e-2,-4.00344237685203511e-2,9.23926353454589844e-1,4.61963176727294922e-1
48,2,1.96078431372549017e-1,7.84313725490196068e-2,1.76470588235294101e-1,8.08871924877166748e-1,4.04435962438583374e-1,-7.00851207599043902e-2,-3.50425603799521951e-2,8.08716773986816406e-1,4.04358386993408203e-1
48,3,2.74509803921568651e-1,7.84313725490196068e-2,1.76470588235294101e-1,6.44779145717620850e-1,3.22389572858810425e-1,-5.58665069751441146e-2,-2.79332534875720573e-2,6.44655466079711914e-1,3.22327733039855957e-1
48,4,3.52941176470588203e-1,7.84313725490196068e-2,1.76470588235294101e-1,4.41738039255142212e-1,2.20869019627571106e-1,-3.82745862007141113e-2,-1.91372931003570557e-2,4.41653311252593994e-1,2.20826655626296997e-1
48,5,4.31372549019607865e-1,7.84313725490196068e-2,1.76470588235294101e-1,2.12013125419616699e-1,1.06006562709808350e-1,-1.83699023094959779e-2,-9.18495115474798896e-3,2.11972460150718689e-1,1.05986230075359344e-1
48,6,5.09803921568627416e-1,7.84313725490196068e-2,1.76470588235294101e-1,-3.05186919867992401e-2,-1.52593459933996201e-2,2.64419142622501768e-3,1.32209571311250884e-3,-3.05128395557403564e-2,-1.52564197778701782e-2
48,7,5.88235294117647078e-1,7.84313725490196068e-2,1.76470588235294101e-1,-2.71207064390182495e-1,-1.35603532195091248e-1,2.34989965218119212e-2,1.17494982609059606e-2,-2.71155059337615967e-1,-1.35577529668807983e-1
48,8,6.66666666666666630e-1,7.84313725490196068e-2,1.76470588235294101e-1,-4.95512694120407104e-1,-2.47756347060203552e-1,4.29336159490049107e-2,2.14668079745024554e-2,-4.95417654514312744e-1,-2.47708827257156372e-1
48,9,7.45098039215686292e-1,7.84313725490196068e-2,1.76470588235294101e-1,-6.89886391162872314e-1,-3.44943195581436157e-1,5.97751007415353863e-2,2.98875503707676932e-2,-6.89754068851470947e-1,-3.44877034425735474e-1
48,10,8.23529411764705843e-1,7.84313725490196068e-2,1.76470588235294101e-1,-8.42586815357208252e-1,-4.21293407678604126e-1,7.30051310732960923e-2,3.65025655366480462e-2,-8.42425227165222168e-1,-4.21212613582611084e-1
48,11,9.01960784313725505e-1,7.84313725490196068e-2,1.76470588235294101e-1,-9.44390416145324707e-1,-4.72195208072662354e-1,8.18137234076857373e-2,4.09068617038428686e-2,-9.44209337234497070e-1,-4.72104668617248535e-1
48,12,9.80392156862745057e-1,5.88235294117647189e-2,1.32352941176470618e-1,-9.89156126976013184e-1,-4.94578063488006592e-1,6.42108164727687863e-2,3.21054082363843932e-2,-9.88966643810272217e-1,-4.94483321905136108e-1
49,0,3.92156862745098034e-2,7.84313725490196068e-2,1.76470588235294101e-1,9.83325242996215820e-1,4.91662621498107910e-1,-8.52002821862697518e-2,-4.26001410931348759e-2,9.83136653900146484e-1,4.91568326950073242e-1
49,1,1.17647058823529410e-1,7.84313725490196068e-2,1.76470588235294101e-1,9.23926353454589844e-1,4.61963176727294922e-1,-8.00534583628177560e-2,-4.00267291814088780e-2,9.23749148845672607e-1,4.61874574422836304e-1
49,2,1.96078431372549017e-1,7.84313725490196068e-2,1.76470588235294101e-1,8.08716773986816406e-1,4.04358386993408203e-1,-7.00716979801654927e-2,-3.50358489900827463e-2,8.08561682701110840e-1,4.04280841350555420e-1
49,3,2.74509803921568651e-1,7.84313725490196068e-2,1.76470588235294101e-1,6.44655466079711914e-1,3.22327733039855957e-1,-5.58557773008942771e-2,-2.79278886504471385e-2,6.44531846046447754e-1,3.22265923023223877e-1
49,4,3.52941176470588203e-1,7.84313725490196068e-2,1.76470588235294101e-1,4.41653311252593994e-1,2.20826655626296997e-1,-3.82672549691051023e-2,-1.91336274845525511e-2,4.41568613052368164e-1,2.20784306526184082e-1
49,5,4.31372549019607865e-1,7.84313725490196068e-2,1.76470588235294101e-1,2.11972460150718689e-1,1.05986230075359344e-1,-1.83663809671997802e-2,-9.18319048359989010e-3,2.11931809782981873e-1,1.05965904891490936e-1
49,6,5.09803921568627416e-1,7.84313725490196068e-2,1.76470588235294101e-1,-3.05128395557403564e-2,-1.52564197778701782e-2,2.64366776682434246e-3,1.32183388341217123e-3,-3.05069871246814728e-2,-1.52534935623407364e-2
49,7,5.88235294117647078e-1,7.84313725490196068e-2,1.76470588235294101e-1,-2.71155059337615967e-1,-1.35577529668807983e-1,2.34945240430534108e-2,1.17472620215267054e-2,-2.71103054285049438e-1,-1.35551527142524719e-1
49,8,6.66666666666666630e-1,7.84313725490196068e-2,1.76470588235294101e-1,-4.95417654514312744e-1,-2.47708827257156372e-1,4.29253656417131202e-2,2.14626828208565601e-2,-4.95322644710540771e-1,-2.47661322355270386e-1
49,9,7.45098039215686292e-1,7.84313725490196068e-2,1.76470588235294101e-1,-6.89754068851470947e-1,-3.44877034425735474e-1,5.97636016085743849e-2,2.98818008042871924e-2,-6.89621806144714355e-1,-3.44810903072357178e-1
49,10,8.23529411764705843e-1,7.84313725490196068e-2,1.76470588235294101e-1,-8.42425227165222168e-1,-4.21212613582611084e-1,7.29911098256707247e-2,3.64955549128353623e-2,-8.42263638973236084e-1,-4.21131819486618042e-1
49,11,9.01960784313725505e-1,7.84313725490196068e-2,1.76470588235294101e-1,-9.44209337234497070e-1,-4.72104668617248535e-1,8.17978212609887095e-2,4.08989106304943548e-2,-9.44028258323669434e-1,-4.72014129161834717e-1
49,12,9.80392156862745057e-1,5.88235294117647189e-2,1.32352941176470618e-1,-9.88966643810272217e-1,-4.94483321905136108e-1,6.41987616196274674e-2,3.20993808098137337e-2,-9.88777160644531250e-1,-4.94388580322265625e-1
50,0,3.92156862745098034e-2,7.84313725490196068e-2,1.76470588235294101e-1,9.83136653900146484e-1,4.91568326950073242e-1,-8.51839525625109617e-2,-4.25919762812554809e-2,9.82948124408721924e-1,4.91474062204360962e-1
50,1,1.17647058823529410e-1,7.84313725490196068e-2,1.76470588235294101e-1,9.23749148845672607e-1,4.61874574422836304e-1,-8.00380691885948237e-2,-4.00190345942974118e-2,9.23572003841400146e-1,4.61786001920700073e-1
50,2,1.96078431372549017e-1,7.84313725490196068e-2,1.76470588235294101e-1,8.08561682701110840e-1,4.04280841350555420e-1,-7.00582752004265674e-2,-3.50291376002132837e-2,8.08406591415405273e-1,4.04203295707702637e-1
50,3,2.74509803921568651e-1,7.84313725490196068e-2,1.76470588235294101e-1,6.44531846046447754e-1,3.22265923023223877e-1,-5.58450903743505367e-2,-2.79225451871752683e-2,6.44408226013183594e-1,3.22204113006591797e-1
50,4,3.52941176470588203e-1,7.84313725490196068e-2,1.76470588235294101e-1,4.41568613052368164e-1,2.20784306526184082e-1,-3.82599023636430724e-2,-1.91299511818215362e-2,4.41483914852142334e-1,2.20741957426071167e-1
50,5,4.31372549019607865e-1,7.84313725490196068e-2,1.76470588235294101e-1,2.11931809782981873e-1,1.05965904891490936e-1,-1.83628596249036380e-2,-9.18142981245181899e-3,2.11891159415245056e-1,1.05945579707622528e-1
50,6,5.09803921568627416e-1,7.84313725490196068e-2,1.76470588235294101e-1,-3.05069871246814728e-2,-1.52534935623407364e-2,2.64316548127679907e-3,1.32158274063839953e-3,-3.05011365562677383e-2,-1.52505682781338692e-2
50,7,5.88235294117647078e-1,7.84313725490196068e-2,1.76470588235294101e-1,-2.71103054285049438e-1,-1.35551527142524719e-1,2.34900088165886922e-2,1.17450044082943461e-2,-2.71051049232482910e-1,-1.35525524616241455e-1
50,8,6.66666666666666630e-1,7.84313725490196068e-2,1.76470588235294101e-1,-4.95322644710540771e-1,-2.47661322355270386e-1,4.29171153344213852e-2,2.14585576672106926e-2,-4.95227634906768799e-1,-2.47613817453384399e-1
50,9,7.45098039215686292e-1,7.84313725490196068e-2,1.76470588235294101e-1,-6.89621806144714355e-1,-3.44810903072357178e-1,5.97522307187318691e-2,2.98761153593659345e-2,-6.89489543437957764e-1,-3.44744771718978882e-1
50,10,8.23529411764705843e-1,7.84313725490196068e-2,1.76470588235294101e-1,-8.42263638973236084e-1,-4.21131819486618042e-1,7.29770030826330240e-2,3.64885015413165120e-2,-8.42102110385894775e-1,-4.21051055192947388e-1
50,11,9.01960784313725505e-1,7.84313725490196068e-2,1.76470588235294101e-1,-9.44028258323669434e-1,-4.72014129161834717e-1,8.17819191142916679e-2,4.08909595571458340e-2,-9.43847239017486572e-1,-4.71923619508743286e-1
50,12,9.80392156862745057e-1,5.88235294117647189e-2,1.32352941176470618e-1,-9.88777160644531250e-1,-4.94388580322265625e-1,6.41867067664861624e-2,3.20933533832430812e-2,-9.88587737083435059e-1,-4.94293868541717529e-1
51,0,3.92156862745098034e-2,7.84313725490196068e-2,1.76470588235294101e-1,9.82948124408721924e-1,4.91474062204360962e-1,-8.51676229387521716e-2,-4.25838114693760858e-2,9.82759594917297363e-1,4.91379797458648682e-1
51,1,1.17647058823529410e-1,7.84313725490196068e-2,1.76470588235294101e-1,9.23572003841400146e-1,4.61786001920700073e-1,-8.00227655097842244e-2,-4.00113827548921122e-2,9.23394858837127686e-1,4.61697429418563843e-1
51,2,1.96078431372549017e-1,7.84313725490196068e-2,1.76470588235294101e-1,8.08406591415405273e-1,4.04203295707702637e-1,-7.00447669252753091e-2,-3.50223834626376546e-2,8.08251559734344482e-1,4.04125779867172241e-1
51,3,2.74509803921568651e-1,7.84313725490196068e-2,1.76470588235294101e-1,6.44408226013183594e-1,3.22204113006591797e-1,-5.58344034478068518e-2,-2.79172017239034259e-2,6.44284605979919434e-1,3.22142302989959717e-1
51,4,3.52941176470588203e-1,7.84313725490196068e-2,1.76470588235294101e-1,4.41483914852142334e-1,2.20741957426071167e-1,-3.82525497581809870e-2,-1.91262748790904935e-2,4.41399246454238892e-1,2.20699623227119446e-1
51,5,4.31372549019607865e-1,7.84313725490196068e-2,1.76470588235294101e-1,2.11891159415245056e-1,1.05945579707622528e-1,-1.83593409543391095e-2,-9.17967047716955475e-3,2.11850523948669434e-1,1.05925261974334717e-1
51,6,5.09803921568627416e-1,7.84313725490196068e-2,1.76470588235294101e-1,-3.05011365562677383e-2,-1.52505682781338692e-2,2.64266853919253863e-3,1.32133426959626932e-3,-3.04952859878540039e-2,-1.52476429939270020e-2
51,7,5.88235294117647078e-1,7.84313725490196068e-2,1.76470588235294101e-1,-2.71051049232482910e-1,-1.35525524616241455e-1,2.34854909183923044e-2,1.17427454591961522e-2,-2.70999073982238770e-1,-1.35499536991119385e-1
51,8,6.66666666666666630e-1,7.84313725490196068e-2,1.76470588235294101e-1,-4.95227634906768799e-1,-2.47613817453384399e-1,4.29088650271296501e-2,2.14544325135648251e-2,-4.95132654905319214e-1,-2.47566327452659607e-1
51,9,7.45098039215686292e-1,7.84313725490196068e-2,1.76470588235294101e-1,-6.89489543437957764e-1,-3.44744771718978882e-1,5.97407743334770203e-2,2.98703871667385101e-2,-6.89357280731201172e-1,-3.44678640365600586e-1
51,10,8.23529411764705843e-1,7.84313725490196068e-2,1.76470588235294101e-1,-8.42102110385894775e-1,-4.21051055192947388e-1,7.29629818350076564e-2,3.64814909175038282e-2,-8.41940581798553467e-1,-4.20970290899276733e-1
51,11,9.01960784313725505e-1,7.84313725490196068e-2,1.76470588235294101e-1,-9.43847239017486572e-1,-4.71923619508743286e-1,8.17660169675946263e-2,4.08830084837973132e-2,-9.43666219711303711e-1,-4.71833109855651855e-1
51,12,9.80392156862745057e-1,5.88235294117647189e-2,1.32352941176470618e-1,-9.88587737083435059e-1,-4.94293868541717529e-1,6.41746519133448573e-2,3.20873259566724287e-2,-9.88398313522338867e-1,-4.94199156761169434e-1
52,0,3.92156862745098034e-2,7.84313725490196068e-2,1.76470588235294101e-1,9.82759594917297363e-1,4.91379797458648682e-1,-8.51512933149933815e-2,-4.25756466574966908e-2,9.82571125030517578e-1,4.91285562515258789e-1
52,1,1.17647058823529410e-1,7.84313725490196068e-2,1.76470588235294101e-1,9.23394858837127686e-1,4.61697429418563843e-1,-8.00073763355612644e-2,-4.00036881677806322e-2,9.23217773437500000e-1,4.61608886718750000e-1
52,2,1.96078431372549017e-1,7.84313725490196068e-2,1.76470588235294101e-1,8.08251559734344482e-1,4.04125779867172241e-1,-7.00314296409487724e-2,-3.50157148204743862e-2,8.08096528053283691e-1,4.04048264026641846e-1
52,3,2.74509803921568651e-1,7.84313725490196068e-2,1.76470588235294101e-1,6.44284605979919434e-1,3.22142302989959717e-1,-5.58235882781445980e-2,-2.79117941390722990e-2,6.44161045551300049e-1,3.22080522775650024e-1
52,4,3.52941176470588203e-1,7.84313725490196068e-2,1.76470588235294101e-1,4.41399246454238892e-1,2.20699623227119446e-1,-3.82452612742781861e-2,-1.91226306371390931e-2,4.41314578056335449e-1,2.20657289028167725e-1
52,5,4.31372549019607865e-1,7.84313725490196068e-2,1.76470588235294101e-1,2.11850523948669434e-1,1.05925261974334717e-1,-1.83558222837745810e-2,-9.17791114188729051e-3,2.11809888482093811e-1,1.05904944241046906e-1
52,6,5.09803921568627416e-1,7.84313725490196068e-2,1.76470588235294101e-1,-3.04952859878540039e-2,-1.52476429939270020e-2,2.64215022325514637e-3,1.32107511162757318e-3,-3.04894372820854187e-2,-1.52447186410427094e-2
52,7,5.88235294117647078e-1,7.84313725490196068e-2,1.76470588235294101e-1,-2.70999073982238770e-1,-1.35499536991119385e-1,2.34810157679021247e-2,1.17405078839510624e-2,-2.70947098731994629e-1,-1.35473549365997314e-1
52,8,6.66666666666666630e-1,7.84313725490196068e-2,1.76470588235294101e-1,-4.95132654905319214e-1,-2.47566327452659607e-1,4.29006574675440677e-2,2.14503287337720339e-2,-4.95037704706192017e-1,-2.47518852353096008e-1
52,9,7.45098039215686292e-1,7.84313725490196068e-2,1.76470588235294101e-1,-6.89357280731201172e-1,-3.44678640365600586e-1,5.97292752005159910e-2,2.98646376002579955e-2,-6.89225077629089355e-1,-3.44612538814544678e-1
52,10,8.23529411764705843e-1,7.84313725490196068e-2,1.76470588235294101e-1,-8.41940581798553467e-1,-4.20970290899276733e-1,7.29489605873823166e-2,3.64744802936911583e-2,-8.41779112815856934e-1,-4.20889556407928467e-1
52,11,9.01960784313725505e-1,7.84313725490196068e-2,1.76470588235294101e-1,-9.43666219711303711e-1,-4.71833109855651855e-1,8.17501148208975847e-2,4.08750574104487924e-2,-9.43485260009765625e-1,-4.71742630004882812e-1
52,12,9.80392156862745057e-1,5.88235294117647189e-2,1.32352941176470618e-1,-9.88398313522338867e-1,-4.94199156761169434e-1,6.41625970602035522e-2,3.20812985301017761e-2,-9.88208949565887451e-1,-4.94104474782943726e-1
53,0,3.92156862745098034e-2,7.84313725490196068e-2,1.76470588235294101e-1,9.82571125030517578e-1,4.91285562515258789e-1,-8.51349636912345914e-2,-4.25674818456172957e-2,9.82382655143737793e-1,4.91191327571868896e-1
53,1,1.17647058823529410e-1,7.84313725490196068e-2,1.76470588235294101e-1,9.23217773437500000e-1,4.61608886718750000e-1,-7.99920726567506651e-2,-3.99960363283753326e-2,9.23040688037872314e-1,4.61520344018936157e-1
53,2,1.96078431372549017e-1,7.84313725490196068e-2,1.76470588235294101e-1,8.08096528053283691e-1,4.04048264026641846e-1,-7.00179213657975141e-2,-3.50089606828987571e-2,8.07941555976867676e-1,4.03970777988433838e-1
53,3,2.74509803921568651e-1,7.84313725490196068e-2,1.76470588235294101e-1,6.44161045551300049e-1,3.22080522775650024e-1,-5.58129440993070658e-2,-2.79064720496535329e-2,6.44037485122680664e-1,3.22018742561340332e-1
53,4,3.52941176470588203e-1,7.84313725490196068e-2,1.76470588235294101e-1,4.41314578056335449e-1,2.20657289028167725e-1,-3.82378872949630244e-2,-1.91189436474815122e-2,4.41229939460754395e-1,2.20614969730377197e-1
53,5,4.31372549019607865e-1,7.84313725490196068e-2,1.76470588235294101e-1,2.11809888482093811e-1,1.05904944241046906e-1,-1.83523062849417218e-2,-9.17615314247086089e-3,2.11769267916679382e-1,1.05884633958339691e-1
53,6,5.09803921568627416e-1,7.84313725490196068e-2,1.76470588235294101e-1,-3.04894372820854187e-2,-1.52447186410427094e-2,2.64163725078109257e-3,1.32081862539054629e-3,-3.04835904389619827e-2,-1.52417952194809914e-2
53,7,5.88235294117647078e-1,7.84313725490196068e-2,1.76470588235294101e-1,-2.70947098731994629e-1,-1.35473549365997314e-1,2.34764951979741232e-2,1.17382475989870616e-2,-2.70895123481750488e-1,-1.35447561740875244e-1
53,8,6.66666666666666630e-1,7.84313725490196068e-2,1.76470588235294101e-1,-4.95037704706192017e-1,-2.47518852353096008e-1,4.28924499079584853e-2,2.14462249539792427e-2,-4.94942754507064819e-1,-2.47471377253532410e-1
53,9,7.45098039215686292e-1,7.84313725490196068e-2,1.76470588235294101e-1,-6.89225077629089355e-1,-3.44612538814544678e-1,5.97178188152611422e-2,2.98589094076305711e-2,-6.89092874526977539e-1,-3.44546437263488770e-1
53,10,8.23529411764705843e-1,7.84313725490196068e-2,1.76470588235294101e-1,-8.41779112815856934e-1,-4.20889556407928467e-1,7.29349393397569767e-2,3.64674696698784884e-2,-8.41617643833160400e-1,-4.20808821916580200e-1
53,11,9.01960784313725505e-1,7.84313725490196068e-2,1.76470588235294101e-1,-9.43485260009765625e-1,-4.71742630004882812e-1,8.17342126742005154e-2,4.08671063371002577e-2,-9.43304359912872314e-1,-4.71652179956436157e-1
53,12,9.80392156862745057e-1,5.88235294117647189e-2,1.32352941176470618e-1,-9.88208949565887451e-1,-4.94104474782943726e-1,6.41505422070622472e-2,3.20752711035311236e-2,-9.88019645214080811e-1,-4.94009822607040405e-1
54,0,3.92156862745098034e-2,7.84313725490196068e-2,1.76470588235294101e-1,9.82382655143737793e-1,4.91191327571868896e-1,-8.51186340674757874e-2,-4.25593170337378937e-2,9.82194244861602783e-1,4.91097122430801392e-1
54,1,1.17647058823529410e-1,7.84313725490196068e-2,1.76470588235294101e-1,9.23040688037872314e-1,4.61520344018936157e-1,-7.99766834825277467e-2,-3.99883417412638734e-2,9.22863662242889404e-1,4.61431831121444702e-1
54,2,1.96078431372549017e-1,7.84313725490196068e-2,1.76470588235294101e-1,8.07941555976867676e-1,4.03970777988433838e-1,-7.00045840814709497e-2,-3.50022920407354748e-2,8.07786583900451660e-1,4.03893291950225830e-1
54,3,2.74509803921568651e-1,7.84313725490196068e-2,1.76470588235294101e-1,6.44037485122680664e-1,3.22018742561340332e-1,-5.58021716773510201e-2,-2.79010858386755101e-2,6.43913984298706055e-1,3.21956992149353027e-1
54,4,3.52941176470588203e-1,7.84313725490196068e-2,1.76470588235294101e-1,4.41229939460754395e-1,2.20614969730377197e-1,-3.82305774372070917e-2,-1.91152887186035458e-2,4.41145300865173340e-1,2.20572650432586670e-1
54,5,4.31372549019607865e-1,7.84313725490196068e-2,1.76470588235294101e-1,2.11769267916679382e-1,1.05884633958339691e-1,-1.83487929578404763e-2,-9.17439647892023813e-3,2.11728647351264954e-1,1.05864323675632477e-1
54,6,5.09803921568627416e-1,7.84313725490196068e-2,1.76470588235294101e-1,-3.04835904389619827e-2,-1.52417952194809914e-2,2.64115099562334255e-3,1.32057549781167127e-3,-3.04777435958385468e-2,-1.52388717979192734e-2
54,7,5.88235294117647078e-1,7.84313725490196068e-2,1.76470588235294101e-1,-2.70895123481750488e-1,-1.35447561740875244e-1,2.34719719563145079e-2,1.17359859781572540e-2,-2.70843178033828735e-1,-1.35421589016914368e-1
54,8,6.66666666666666630e-1,7.84313725490196068e-2,1.76470588235294101e-1,-4.94942754507064819e-1,-2.47471377253532410e-1,4.28842423483729029e-2,2.14421211741864515e-2,-4.94847834110260010e-1,-2.47423917055130005e-1
54,9,7.45098039215686292e-1,7.84313725490196068e-2,1.76470588235294101e-1,-6.89092874526977539e-1,-3.44546437263488770e-1,5.97063624300062934e-2,2.98531812150031467e-2,-6.88960731029510498e-1,-3.44480365514755249e-1
54,10,8.23529411764705843e-1,7.84313725490196068e-2,1.76470588235294101e-1,-8.41617643833160400e-1,-4.20808821916580200e-1,7.29208325967192483e-2,3.64604162983596242e-2,-8.41456234455108643e-1,-4.20728117227554321e-1
54,11,9.01960784313725505e-1,7.84313725490196068e-2,1.76470588235294101e-1,-9.43304359912872314e-1,-4.71652179956436157e-1,8.17183960229158485e-2,4.08591980114579242e-2,-9.43123459815979004e-1,-4.71561729907989502e-1
54,12,9.80392156862745057e-1,5.88235294117647189e-2,1.32352941176470618e-1,-9.88019645214080811e-1,-4.94009822607040405e-1,6.41384873539209283e-2,3.20692436769604641e-2,-9.87830340862274170e-1,-4.93915170431137085e-1
55,0,3.92156862745098034e-2,7.84313725490196068e-2,1.76470588235294101e-1,9.82194244861602783e-1,4.91097122430801392e-1,-8.51023044437169973e-2,-4.25511522218584987e-2,9.82005894184112549e-1,4.91002947092056274e-1
55,1,1.17647058823529410e-1,7.84313725490196068e-2,1.76470588235294101e-1,9.22863662242889404e-1,4.61431831121444702e-1,-7.99613798037171475e-2,-3.99806899018585737e-2,9.22686636447906494e-1,4.61343318223953247e-1
55,2,1.96078431372549017e-1,7.84313725490196068e-2,1.76470588235294101e-1,8.07786583900451660e-1,4.03893291950225830e-1,-6.99910758063196914e-2,-3.49955379031598457e-2,8.07631671428680420e-1,4.03815835714340210e-1
55,3,2.74509803921568651e-1,7.84313725490196068e-2,1.76470588235294101e-1,6.43913984298706055e-1,3.21956992149353027e-1,-5.57915702462196406e-2,-2.78957851231098203e-2,6.43790483474731445e-1,3.21895241737365723e-1
55,4,3.52941176470588203e-1,7.84313725490196068e-2,1.76470588235294101e-1,4.41145300865173340e-1,2.20572650432586670e-1,-3.82231820840388536e-2,-1.91115910420194268e-2,4.41060692071914673e-1,2.20530346035957336e-1
55,5,4.31372549019607865e-1,7.84313725490196068e-2,1.76470588235294101e-1,2.11728647351264954e-1,1.05864323675632477e-1,-1.83452796307392307e-2,-9.17263981536961537e-3,2.11688041687011719e-1,1.05844020843505859e-1
55,6,5.09803921568627416e-1,7.84313725490196068e-2,1.76470588235294101e-1,-3.04777435958385468e-2,-1.52388717979192734e-2,2.64062199275938436e-3,1.32031099637969218e-3,-3.04718986153602600e-2,-1.52359493076801300e-2
55,7,5.88235294117647078e-1,7.84313725490196068e-2,1.76470588235294101e-1,-2.70843178033828735e-1,-1.35421589016914368e-1,2.34674914623611008e-2,1.17337457311805504e-2,-2.70791232585906982e-1,-1.35395616292953491e-1
55,8,6.66666666666666630e-1,7.84313725490196068e-2,1.76470588235294101e-1,-4.94847834110260010e-1,-2.47423917055130005e-1,4.28759920410811679e-2,2.14379960205405840e-2,-4.94752913713455200e-1,-2.47376456856727600e-1
55,9,7.45098039215686292e-1,7.84313725490196068e-2,1.76470588235294101e-1,-6.88960731029510498e-1,-3.44480365514755249e-1,5.96949487924575695e-2,2.98474743962287847e-2,-6.88828587532043457e-1,-3.44414293766021729e-1
55,10,8.23529411764705843e-1,7.84313725490196068e-2,1.76470588235294101e-1,-8.41456234455108643e-1,-4.20728117227554321e-1,7.29068113490939085e-2,3.64534056745469542e-2,-8.41294825077056885e-1,-4.20647412538528442e-1
55,11,9.01960784313725505e-1,7.84313725490196068e-2,1.76470588235294101e-1,-9.43123459815979004e-1,-4.71561729907989502e-1,8.17024938762188069e-2,4.08512469381094034e-2,-9.42942619323730469e-1,-4.71471309661865234e-1
55,12,9.80392156862745057e-1,5.88235294117647189e-2,1.32352941176470618e-1,-9.87830340862274170e-1,-4.93915170431137085e-1,6.41264325007796232e-2,3.20632162503898116e-2,-9.87641096115112305e-1,-4.93820548057556152e-1
56,0,3.92156862745098034e-2,7.84313725490196068e-2,1.76470588235294101e-1,9.82005894184112549e-1,4.91002947092056274e-1,-8.50860603153705541e-2,-4.25430301576852771e-2,9.81817543506622314e-1,4.90908771753311157e-1
56,1,1.17647058823529410e-1,7.84313725490196068e-2,1.76470588235294101e-1,9.22686636447906494e-1,4.61343318223953247e-1,-7.99459051340818405e-2,-3.99729525670409203e-2,9.22509670257568359e-1,4.61254835128784180e-1
56,2,1.96078431372549017e-1,7.84313725490196068e-2,1.76470588235294101e-1,8.07631671428680420e-1,4.03815835714340210e-1,-6.99777385219931547e-2,-3.49888692609965773e-2,8.07476758956909180e-1,4.03738379478454590e-1
56,3,2.74509803921568651e-1,7.84313725490196068e-2,1.76470588235294101e-1,6.43790483474731445e-1,3.21895241737365723e-1,-5.57808405719697475e-2,-2.78904202859848738e-2,6.43666982650756836e-1,3.21833491325378418e-1
56,4,3.52941176470588203e-1,7.84313725490196068e-2,1.76470588235294101e-1,4.41060692071914673e-1,2.20530346035957336e-1,-3.82158508524298446e-2,-1.91079254262149223e-2,4.40976113080978394e-1,2.20488056540489197e-1
56,5,4.31372549019607865e-1,7.84313725490196068e-2,1.76470588235294101e-1,2.11688041687011719e-1,1.05844020843505859e-1,-1.83417689753696544e-2,-9.17088448768482722e-3,2.11647436022758484e-1,1.05823718011379242e-1
56,6,5.09803921568627416e-1,7.84313725490196068e-2,1.76470588235294101e-1,-3.04718986153602600e-2,-1.52359493076801300e-2,2.64011970721184097e-3,1.32005985360592049e-3,-3.04660554975271225e-2,-1.52330277487635612e-2
56,7,5.88235294117647078e-1,7.84313725490196068e-2,1.76470588235294101e-1,-2.70791232585906982e-1,-1.35395616292953491e-1,2.34630082966759690e-2,1.17315041483379845e-2,-2.70739287137985229e-1,-1.35369643568992615e-1
56,8,6.66666666666666630e-1,7.84313725490196068e-2,1.76470588235294101e-1,-4.94752913713455200e-1,-2.47376456856727600e-1,4.28677417337894884e-2,2.14338708668947442e-2,-4.94658023118972778e-1,-2.47329011559486389e-1
56,9,7.45098039215686292e-1,7.84313725490196068e-2,1.76470588235294101e-1,-6.88828587532043457e-1,-3.44414293766021729e-1,5.96835351549088733e-2,2.98417675774544366e-2,-6.88696503639221191e-1,-3.44348251819610596e-1
56,10,8.23529411764705843e-1,7.84313725490196068e-2,1.76470588235294101e-1,-8.41294825077056885e-1,-4.20647412538528442e-1,7.28927046060562078e-2,3.64463523030281039e-2,-8.41133475303649902e-1,-4.20566737651824951e-1
56,11,9.01960784313725505e-1,7.84313725490196068e-2,1.76470588235294101e-1,-9.42942619323730469e-1,-4.71471309661865234e-1,8.16866772249340983e-2,4.08433386124670492e-2,-9.42761778831481934e-1,-4.71380889415740967e-1
56,12,9.80392156862745057e-1,5.88235294117647189e-2,1.32352941176470618e-1,-9.87641096115112305e-1,-4.93820548057556152e-1,6.41143776476383181e-2,3.20571888238191591e-2,-9.87451851367950439e-1,-4.93725925683975220e-1
57,0,3.92156862745098034e-2,7.84313725490196068e-2,1.76470588235294101e-1,9.81817543506622314e-1,4.90908771753311157e-1,-8.50697306916117640e-2,-4.25348653458058820e-2,9.81629252433776855e-1,4.90814626216888428e-1
57,1,1.17647058823529410e-1,7.84313725490196068e-2,1.76470588235294101e-1,9.22509670257568359e-1,4.61254835128784180e-1,-7.99306014552712413e-2,-3.99653007276356206e-2,9.22332763671875000e-1,4.61166381835937500e-1
57,2,1.96078431372549017e-1,7.84313725490196068e-2,1.76470588235294101e-1,8.07476758956909180e-1,4.03738379478454590e-1,-6.99643157422542572e-2,-3.49821578711271286e-2,8.07321906089782715e-1,4.03660953044891357e-1
57,3,2.74509803921568651e-1,7.84313725490196068e-2,1.76470588235294101e-1,6.43666982650756836e-1,3.21833491325378418e-1,-5.57700681500137019e-2,-2.78850340750068509e-2,6.43543541431427002e-1,3.21771770715713501e-1
57,4,3.52941176470588203e-1,7.84313725490196068e-2,1.76470588235294101e-1,4.40976113080978394e-1,2.20488056540489197e-1,-3.82086051162331963e-2,-1.91043025581165982e-2,4.40891534090042114e-1,2.20445767045021057e-1
57,5,4.31372549019607865e-1,7.84313725490196068e-2,1.76470588235294101e-1,2.11647436022758484e-1,1.05823718011379242e-1,-1.83382182440254837e-2,-9.16910912201274186e-3,2.11606845259666443e-1,1.05803422629833221e-1
57,6,5.09803921568627416e-1,7.84313725490196068e-2,1.76470588235294101e-1,-3.04660554975271225e-2,-1.52330277487635612e-2,2.63962276512758054e-3,1.31981138256379027e-3,-3.04602123796939850e-2,-1.52301061898469925e-2
57,7,5.88235294117647078e-1,7.84313725490196068e-2,1.76470588235294101e-1,-2.70739287137985229e-1,-1.35369643568992615e-1,2.34584797115530708e-2,1.17292398557765354e-2,-2.70687371492385864e-1,-1.35343685746192932e-1
57,8,6.66666666666666630e-1,7.84313725490196068e-2,1.76470588235294101e-1,-4.94658023118972778e-1,-2.47329011559486389e-1,4.28594914264976978e-2,2.14297457132488489e-2,-4.94563162326812744e-1,-2.47281581163406372e-1
57,9,7.45098039215686292e-1,7.84313725490196068e-2,1.76470588235294101e-1,-6.88696503639221191e-1,-3.44348251819610596e-1,5.96721642650663575e-2,2.98360821325331788e-2,-6.88564419746398926e-1,-3.44282209873199463e-1
57,10,8.23529411764705843e-1,7.84313725490196068e-2,1.76470588235294101e-1,-8.41133475303649902e-1,-4.20566737651824951e-1,7.28786833584308680e-2,3.64393416792154340e-2,-8.40972125530242920e-1,-4.20486062765121460e-1
57,11,9.01960784313725505e-1,7.84313725490196068e-2,1.76470588235294101e-1,-9.42761778831481934e-1,-4.71380889415740967e-1,8.16707750782370567e-2,4.08353875391185284e-2,-9.42580997943878174e-1,-4.71290498971939087e-1
57,12,9.80392156862745057e-1,5.88235294117647189e-2,1.32352941176470618e-1,-9.87451851367950439e-1,-4.93725925683975220e-1,6.41023227944970131e-2,3.20511613972485065e-2,-9.87262666225433350e-1,-4.93631333112716675e-1
58,0,3.92156862745098034e-2,7.84313725490196068e-2,1.76470588235294101e-1,9.81629252433776855e-1,4.90814626216888428e-1,-8.50534010678529739e-2,-4.25267005339264870e-2,9.81440961360931396e-1,4.90720480680465698e-1
58,1,1.17647058823529410e-1,7.84313725490196068e-2,1.76470588235294101e-1,9.22332763671875000e-1,4.61166381835937500e-1,-7.99152977764606420e-2,-3.99576488882303210e-2,9.22155857086181641e-1,4.61077928543090820e-1
58,2,1.96078431372549017e-1,7.84313725490196068e-2,1.76470588235294101e-1,8.07321906089782715e-1,4.03660953044891357e-1,-6.99508929625153597e-2,-3.49754464812576799e-2,8.07167053222656250e-1,4.03583526611328125e-1
58,3,2.74509803921568651e-1,7.84313725490196068e-2,1.76470588235294101e-1,6.43543541431427002e-1,3.21771770715713501e-1,-5.57593812234699615e-2,-2.78796906117349808e-2,6.43420100212097168e-1,3.21710050106048584e-1
58,4,3.52941176470588203e-1,7.84313725490196068e-2,1.76470588235294101e-1,4.40891534090042114e-1,2.20445767045021057e-1,-3.82012525107711665e-2,-1.91006262553855832e-2,4.40806984901428223e-1,2.20403492450714111e-1
58,5,4.31372549019607865e-1,7.84313725490196068e-2,1.76470588235294101e-1,2.11606845259666443e-1,1.05803422629833221e-1,-1.83347102603875212e-2,-9.16735513019376058e-3,2.11566254496574402e-1,1.05783127248287201e-1
58,6,5.09803921568627416e-1,7.84313725490196068e-2,1.76470588235294101e-1,-3.04602123796939850e-2,-1.52301061898469925e-2,2.63910444919024378e-3,1.31955222459512189e-3,-3.04543711245059967e-2,-1.52271855622529984e-2
58,7,5.88235294117647078e-1,7.84313725490196068e-2,1.76470588235294101e-1,-2.70687371492385864e-1,-1.35343685746192932e-1,2.34539938741363252e-2,1.17269969370681626e-2,-2.70635455846786499e-1,-1.35317727923393250e-1
58,8,6.66666666666666630e-1,7.84313725490196068e-2,1.76470588235294101e-1,-4.94563162326812744e-1,-2.47281581163406372e-1,4.28512838669121154e-2,2.14256419334560577e-2,-4.94468301534652710e-1,-2.47234150767326355e-1
58,9,7.45098039215686292e-1,7.84313725490196068e-2,1.76470588235294101e-1,-6.88564419746398926e-1,-3.44282209873199463e-1,5.96607506275177168e-2,2.98303753137588584e-2,-6.88432335853576660e-1,-3.44216167926788330e-1
58,10,8.23529411764705843e-1,7.84313725490196068e-2,1.76470588235294101e-1,-8.40972125530242920e-1,-4.20486062765121460e-1,7.28645766153931673e-2,3.64322883076965837e-2,-8.40810835361480713e-1,-4.20405417680740356e-1
58,11,9.01960784313725505e-1,7.84313725490196068e-2,1.76470588235294101e-1,-9.42580997943878174e-1,-4.71290498971939087e-1,8.16549584269523482e-2,4.08274792134761741e-2,-9.42400276660919189e-1,-4.71200138330459595e-1
58,12,9.80392156862745057e-1,5.88235294117647189e-2,1.32352941176470618e-1,-9.87262666225433350e-1,-4.93631333112716675e-1,6.40902679413557080e-2,3.20451339706778540e-2,-9.87073540687561035e-1,-4.93536770343780518e-1
59,0,3.92156862745098034e-2,7.84313725490196068e-2,1.76470588235294101e-1,9.81440961360931396e-1,4.90720480680465698e-1,-8.50370714440941838e-2,-4.25185357220470919e-2,9.81252729892730713e-1,4.90626364946365356e-1
59,1,1.17647058823529410e-1,7.84313725490196068e-2,1.76470588235294101e-1,9.22155857086181641e-1,4.61077928543090820e-1,-7.98999940976500428e-2,-3.99499970488250214e-2,9.21979010105133057e-1,4.60989505052566528e-1
59,2,1.96078431372549017e-1,7.84313725490196068e-2,1.76470588235294101e-1,8.07167053222656250e-1,4.03583526611328125e-1,-6.99374701827764622e-2,-3.49687350913882311e-2,8.07012259960174561e-1,4.03506129980087280e-1
59,3,2.74509803921568651e-1,7.84313725490196068e-2,1.76470588235294101e-1,6.43420100212097168e-1,3.21710050106048584e-1,-5.57486515492200685e-2,-2.78743257746100342e-2,6.43296718597412109e-1,3.21648359298706055e-1
59,4,3.52941176470588203e-1,7.84313725490196068e-2,1.76470588235294101e-1,4.40806984901428223e-1,2.20403492450714111e-1,-3.81939854007214419e-2,-1.90969927003607209e-2,4.40722435712814331e-1,2.20361217856407166e-1
59,5,4.31372549019607865e-1,7.84313725490196068e-2,1.76470588235294101e-1,2.11566254496574402e-1,1.05783127248287201e-1,-1.83311622007749642e-2,-9.16558110038748208e-3,2.11525678634643555e-1,1.05762839317321777e-1
59,6,5.09803921568627416e-1,7.84313725490196068e-2,1.76470588235294101e-1,-3.04543711245059967e-2,-1.52271855622529984e-2,2.63859147671607897e-3,1.31929573835803948e-3,-3.04485298693180084e-2,-1.52242649346590042e-2
59,7,5.88235294117647078e-1,7.84313725490196068e-2,1.76470588235294101e-1,-2.70635455846786499e-1,-1.35317727923393250e-1,2.34495053649880214e-2,1.17247526824940107e-2,-2.70583540201187134e-1,-1.35291770100593567e-1
59,8,6.66666666666666630e-1,7.84313725490196068e-2,1.76470588235294101e-1,-4.94468301534652710e-1,-2.47234150767326355e-1,4.28430763073265330e-2,2.14215381536632665e-2,-4.94373470544815063e-1,-2.47186735272407532e-1
59,9,7.45098039215686292e-1,7.84313725490196068e-2,1.76470588235294101e-1,-6.88432335853576660e-1,-3.44216167926788330e-1,5.96492514945566599e-2,2.98246257472783299e-2,-6.88300311565399170e-1,-3.44150155782699585e-1
59,10,8.23529411764705843e-1,7.84313725490196068e-2,1.76470588235294101e-1,-8.40810835361480713e-1,-4.20405417680740356e-1,7.28505553677677997e-2,3.64252776838838999e-2,-8.40649604797363281e-1,-4.20324802398681641e-1
59,11,9.01960784313725505e-1,7.84313725490196068e-2,1.76470588235294101e-1,-9.42400276660919189e-1,-4.71200138330459595e-1,8.16391417756676813e-2,4.08195708878338406e-2,-9.42219555377960205e-1,-4.71109777688980103e-1
59,12,9.80392156862745057e-1,5.88235294117647189e-2,1.32352941176470618e-1,-9.87073540687561035e-1,-4.93536770343780518e-1,6.40782130882143891e-2,3.20391065441071946e-2,-9.86884415149688721e-1,-4.93442207574844360e-1
60,0,3.92156862745098034e-2,7.84313725490196068e-2,1.76470588235294101e-1,9.81252729892730713e-1,4.90626364946365356e-1,-8.50207418203353799e-2,-4.25103709101676899e-2,9.81064558029174805e-1,4.90532279014587402e-1
60,1,1.17647058823529410e-1,7.84313725490196068e-2,1.76470588235294101e-1,9.21979010105133057e-1,4.60989505052566528e-1,-7.98846904188394574e-2,-3.99423452094197287e-2,9.21802163124084473e-1,4.60901081562042236e-1
60,2,1.96078431372549017e-1,7.84313725490196068e-2,1.76470588235294101e-1,8.07012259960174561e-1,4.03506129980087280e-1,-6.99240474030375370e-2,-3.49620237015187685e-2,8.06857466697692871e-1,4.03428733348846436e-1
60,3,2.74509803921568651e-1,7.84313725490196068e-2,1.76470588235294101e-1,6.43296718597412109e-1,3.21648359298706055e-1,-5.57380073703825640e-2,-2.78690036851912820e-2,6.43173336982727051e-1,3.21586668491363525e-1
60,4,3.52941176470588203e-1,7.84313725490196068e-2,1.76470588235294101e-1,4.40722435712814331e-1,2.20361217856407166e-1,-3.81866114214062802e-2,-1.90933057107031401e-2,4.40637916326522827e-1,2.20318958163261414e-1
60,5,4.31372549019607865e-1,7.84313725490196068e-2,1.76470588235294101e-1,2.11525678634643555e-1,1.05762839317321777e-1,-1.83276568888686153e-2,-9.16382844443430766e-3,2.11485102772712708e-1,1.05742551386356354e-1
60,6,5.09803921568627416e-1,7.84313725490196068e-2,1.76470588235294101e-1,-3.04485298693180084e-2,-1.52242649346590042e-2,2.63809987809504598e-3,1.31904993904752299e-3,-3.04426904767751694e-2,-1.52213452383875847e-2
60,7,5.88235294117647078e-1,7.84313725490196068e-2,1.76470588235294101e-1,-2.70583540201187134e-1,-1.35291770100593567e-1,2.34449741081335095e-2,1.17224870540667547e-2,-2.70531654357910156e-1,-1.35265827178955078e-1
60,8,6.66666666666666630e-1,7.84313725490196068e-2,1.76470588235294101e-1,-4.94373470544815063e-1,-2.47186735272407532e-1,4.28348687477409507e-2,2.14174343738704753e-2,-4.94278639554977417e-1,-2.47139319777488708e-1
60,9,7.45098039215686292e-1,7.84313725490196068e-2,1.76470588235294101e-1,-6.88300311565399170e-1,-3.44150155782699585e-1,5.96377951093018110e-2,2.98188975546509055e-2,-6.88168287277221680e-1,-3.44084143638610840e-1
60,10,8.23529411764705843e-1,7.84313725490196068e-2,1.76470588235294101e-1,-8.40649604797363281e-1,-4.20324802398681641e-1,7.28366196155548207e-2,3.64183098077774103e-2,-8.40488374233245850e-1,-4.20244187116622925e-1
60,11,9.01960784313725505e-1,7.84313725490196068e-2,1.76470588235294101e-1,-9.42219555377960205e-1,-4.71109777688980103e-1,8.16232396289706119e-2,4.08116198144853060e-2,-9.42038893699645996e-1,-4.71019446849822998e-1
60,12,9.80392156862745057e-1,5.88235294117647189e-2,1.32352941176470618e-1,-9.86884415149688721e-1,-4.93442207574844360e-1,6.40661582350730840e-2,3.20330791175365420e-2,-9.86695349216461182e-1,-4.93347674608230591e-1
61,0,3.92156862745098034e-2,7.84313725490196068e-2,1.76470588235294101e-1,9.81064558029174805e-1,4.90532279014587402e-1,-8.50044976919889367e-2,-4.25022488459944683e-2,9.80876386165618896e-1,4.90438193082809448e-1
61,1,1.17647058823529410e-1,7.84313725490196068e-2,1.76470588235294101e-1,9.21802163124084473e-1,4.60901081562042236e-1,-7.98693012446165113e-2,-3.99346506223082556e-2,9.21625375747680664e-1,4.60812687873840332e-1
61,2,1.96078431372549017e-1,7.84313725490196068e-2,1.76470588235294101e-1,8.06857466697692871e-1,4.03428733348846436e-1,-6.99106246232986395e-2,-3.49553123116493197e-2,8.06702733039855957e-1,4.03351366519927979e-1
61,3,2.74509803921568651e-1,7.84313725490196068e-2,1.76470588235294101e-1,6.43173336982727051e-1,3.21586668491363525e-1,-5.57273204438388237e-2,-2.78636602219194118e-2,6.43049955368041992e-1,3.21524977684020996e-1
61,4,3.52941176470588203e-1,7.84313725490196068e-2,1.76470588235294101e-1,4.40637916326522827e-1,2.20318958163261414e-1,-3.81793229375034793e-2,-1.90896614687517396e-2,4.40553396940231323e-1,2.20276698470115662e-1
61,5,4.31372549019607865e-1,7.84313725490196068e-2,1.76470588235294101e-1,2.11485102772712708e-1,1.05742551386356354e-1,-1.83241115009877831e-2,-9.16205575049389154e-3,2.11444541811943054e-1,1.05722270905971527e-1
61,6,5.09803921568627416e-1,7.84313725490196068e-2,1.76470588235294101e-1,-3.04426904767751694e-2,-1.52213452383875847e-2,2.63757087523119882e-3,1.31878543761559941e-3,-3.04368529468774796e-2,-1.52184264734387398e-2
61,7,5.88235294117647078e-1,7.84313725490196068e-2,1.76470588235294101e-1,-2.70531654357910156e-1,-1.35265827178955078e-1,2.34405256749596336e-2,1.17202628374798168e-2,-2.70479768514633179e-1,-1.35239884257316589e-1
61,8,6.66666666666666630e-1,7.84313725490196068e-2,1.76470588235294101e-1,-4.94278639554977417e-1,-2.47139319777488708e-1,4.28266184404492156e-2,2.14133092202246078e-2,-4.94183838367462158e-1,-2.47091919183731079e-1
61,9,7.45098039215686292e-1,7.84313725490196068e-2,1.76470588235294101e-1,-6.88168287277221680e-1,-3.44084143638610840e-1,5.96263387240469622e-2,2.98131693620234811e-2,-6.88036322593688965e-1,-3.44018161296844482e-1
61,10,8.23529411764705843e-1,7.84313725490196068e-2,1.76470588235294101e-1,-8.40488374233245850e-1,-4.20244187116622925e-1,7.28225983679294531e-2,3.64112991839647265e-2,-8.40327203273773193e-1,-4.20163601636886597e-1
61,11,9.01960784313725505e-1,7.84313725490196068e-2,1.76470588235294101e-1,-9.42038893699645996e-1,-4.71019446849822998e-1,8.16074229776859311e-2,4.08037114888429656e-2,-9.41858232021331787e-1,-4.70929116010665894e-1
61,12,9.80392156862745057e-1,5.88235294117647189e-2,1.32352941176470618e-1,-9.86695349216461182e-1,-4.93347674608230591e-1,6.40541033819317790e-2,3.20270516909658895e-2,-9.86506283283233643e-1,-4.93253141641616821e-1
62,0,3.92156862745098034e-2,7.84313725490196068e-2,1.76470588235294101e-1,9.80876386165618896e-1,4.90438193082809448e-1,-8.49881680682301466e-2,-4.24940840341150733e-2,9.80688273906707764e-1,4.90344136953353882e-1
62,1,1.17647058823529410e-1,7.84313725490196068e-2,1.76470588235294101e-1,9.21625375747680664e-1,4.60812687873840332e-1,-7.98539975658059120e-2,-3.99269987829029560e-2,9.21448588371276855e-1,4.60724294185638428e-1
62,2,1.96078431372549017e-1,7.84313725490196068e-2,1.76470588235294101e-1,8.06702733039855957e-1,4.03351366519927979e-1,-6.98972873389721028e-2,-3.49486436694860514e-2,8.06547999382019043e-1,4.03273999691009521e-1
62,3,2.74509803921568651e-1,7.84313725490196068e-2,1.76470588235294101e-1,6.43049955368041992e-1,3.21524977684020996e-1,-5.57165480218827780e-2,-2.78582740109413890e-2,6.42926633358001709e-1,3.21463316679000854e-1
62,4,3.52941176470588203e-1,7.84313725490196068e-2,1.76470588235294101e-1,4.40553396940231323e-1,2.20276698470115662e-1,-3.81720130797475465e-2,-1.90860065398737733e-2,4.40468907356262207e-1,2.20234453678131104e-1
62,5,4.31372549019607865e-1,7.84313725490196068e-2,1.76470588235294101e-1,2.11444541811943054e-1,1.05722270905971527e-1,-1.83206115325447172e-2,-9.16030576627235860e-3,2.11403995752334595e-1,1.05701997876167297e-1
62,6,5.09803921568627416e-1,7.84313725490196068e-2,1.76470588235294101e-1,-3.04368529468774796e-2,-1.52184264734387398e-2,2.63706858968365543e-3,1.31853429484182771e-3,-3.04310154169797897e-2,-1.52155077084898949e-2
62,7,5.88235294117647078e-1,7.84313725490196068e-2,1.76470588235294101e-1,-2.70479768514633179e-1,-1.35239884257316589e-1,2.34360318223479913e-2,1.17180159111739957e-2,-2.70427882671356201e-1,-1.35213941335678101e-1
62,8,6.66666666666666630e-1,7.84313725490196068e-2,1.76470588235294101e-1,-4.94183838367462158e-1,-2.47091919183731079e-1,4.28183681331574806e-2,2.14091840665787403e-2,-4.94089066982269287e-1,-2.47044533491134644e-1
62,9,7.45098039215686292e-1,7.84313725490196068e-2,1.76470588235294101e-1,-6.88036322593688965e-1,-3.44018161296844482e-1,5.96149250864982660e-2,2.98074625432491330e-2,-6.87904357910156250e-1,-3.43952178955078125e-1
62,10,8.23529411764705843e-1,7.84313725490196068e-2,1.76470588235294101e-1,-8.40327203273773193e-1,-4.20163601636886597e-1,7.28086626157164463e-2,3.64043313078582231e-2,-8.40166032314300537e-1,-4.20083016157150269e-1
62,11,9.01960784313725505e-1,7.84313725490196068e-2,1.76470588235294101e-1,-9.41858232021331787e-1,-4.70929116010665894e-1,8.15915208309888895e-2,4.07957604154944448e-2,-9.41677629947662354e-1,-4.70838814973831177e-1
62,12,9.80392156862745057e-1,5.88235294117647189e-2,1.32352941176470618e-1,-9.86506283283233643e-1,-4.93253141641616821e-1,6.40420485287904739e-2,3.20210242643952370e-2,-9.86317276954650879e-1,-4.93158638477325439e-1
63,0,3.92156862745098034e-2,7.84313725490196068e-2,1.76470588235294101e-1,9.80688273906707764e-1,4.90344136953353882e-1,-8.49719239398837034e-2,-4.24859619699418517e-2,9.80500161647796631e-1,4.90250080823898315e-1
63,1,1.17647058823529410e-1,7.84313725490196068e-2,1.76470588235294101e-1,9.21448588371276855e-1,4.60724294185638428e-1,-7.98386083915829659e-2,-3.99193041957914829e-2,9.21271860599517822e-1,4.60635930299758911e-1
63,2,1.96078431372549017e-1,7.84313725490196068e-2,1.76470588235294101e-1,8.06547999382019043e-1,4.03273999691009521e-1,-6.98838645592331775e-2,-3.49419322796165888e-2,8.06393325328826904e-1,4.03196662664413452e-1
63,3,2.74509803921568651e-1,7.84313725490196068e-2,1.76470588235294101e-1,6.42926633358001709e-1,3.21463316679000854e-1,-5.57059038430452180e-2,-2.78529519215226090e-2,6.42803311347961426e-1,3.21401655673980713e-1
63,4,3.52941176470588203e-1,7.84313725490196068e-2,1.76470588235294101e-1,4.40468907356262207e-1,2.20234453678131104e-1,-3.81646818481385930e-2,-1.90823409240692965e-2,4.40384417772293091e-1,2.20192208886146545e-1
63,5,4.31372549019607865e-1,7.84313725490196068e-2,1.76470588235294101e-1,2.11403995752334595e-1,1.05701997876167297e-1,-1.83171115641016513e-2,-9.15855578205082566e-3,2.11363449692726135e-1,1.05681724846363068e-1
63,6,5.09803921568627416e-1,7.84313725490196068e-2,1.76470588235294101e-1,-3.04310154169797897e-2,-1.52155077084898949e-2,2.63658767798913285e-3,1.31829383899456642e-3,-3.04251797497272491e-2,-1.52125898748636246e-2
63,7,5.88235294117647078e-1,7.84313725490196068e-2,1.76470588235294101e-1,-2.70427882671356201e-1,-1.35213941335678101e-1,2.34314952220302519e-2,1.17157476110151260e-2,-2.70376026630401611e-1,-1.35188013315200806e-1
63,8,6.66666666666666630e-1,7.84313725490196068e-2,1.76470588235294101e-1,-4.94089066982269287e-1,-2.47044533491134644e-1,4.28102033212780508e-2,2.14051016606390254e-2,-4.93994295597076416e-1,-2.46997147798538208e-1
63,9,7.45098039215686292e-1,7.84313725490196068e-2,1.76470588235294101e-1,-6.87904357910156250e-1,-3.43952178955078125e-1,5.96034687012434172e-2,2.98017343506217086e-2,-6.87772452831268311e-1,-3.43886226415634155e-1
63,10,8.23529411764705843e-1,7.84313725490196068e-2,1.76470588235294101e-1,-8.40166032314300537e-1,-4.20083016157150269e-1,7.27946413680911064e-2,3.63973206840455532e-2,-8.40004920959472656e-1,-4.20002460479736328e-1
63,11,9.01960784313725505e-1,7.84313725490196068e-2,1.76470588235294101e-1,-9.41677629947662354e-1,-4.70838814973831177e-1,8.15757041797041810e-2,4.07878520898520905e-2,-9.41497087478637695e-1,-4.70748543739318848e-1
63,12,9.80392156862745057e-1,5.88235294117647189e-2,1.32352941176470618e-1,-9.86317276954650879e-1,-4.93158638477325439e-1,6.40299936756491689e-2,3.20149968378245844e-2,-9.86128270626068115e-1,-4.93064135313034058e-1
64,0,3.92156862745098034e-2,7.84313725490196068e-2,1.76470588235294101e-1,9.80500161647796631e-1,4.90250080823898315e-1,-8.49555943161249133e-2,-4.24777971580624567e-2,9.80312108993530273e-1,4.90156054496765137e-1
64,1,1.17647058823529410e-1,7.84313725490196068e-2,1.76470588235294101e-1,9.21271860599517822e-1,4.60635930299758911e-1,-7.98233047127723666e-2,-3.99116523563861833e-2,9.21095192432403564e-1,4.60547596216201782e-1
64,2,1.96078431372549017e-1,7.84313725490196068e-2,1.76470588235294101e-1,8.06393325328826904e-1,4.03196662664413452e-1,-6.98705272749066408e-2,-3.49352636374533204e-2,8.06238651275634766e-1,4.03119325637817383e-1
64,3,2.74509803921568651e-1,7.84313725490196068e-2,1.76470588235294101e-1,6.42803311347961426e-1,3.21401655673980713e-1,-5.56951741687953250e-2,-2.78475870843976625e-2,6.42680048942565918e-1,3.21340024471282959e-1
64,4,3.52941176470588203e-1,7.84313725490196068e-2,1.76470588235294101e-1,4.40384417772293091e-1,2.20192208886146545e-1,-3.81573506165295839e-2,-1.90786753082647920e-2,4.40299957990646362e-1,2.20149978995323181e-1
64,5,4.31372549019607865e-1,7.84313725490196068e-2,1.76470588235294101e-1,2.11363449692726135e-1,1.05681724846363068e-1,-1.83136142673902547e-2,-9.15680713369512733e-3,2.11322918534278870e-1,1.05661459267139435e-1
64,6,5.09803921568627416e-1,7.84313725490196068e-2,1.76470588235294101e-1,-3.04251797497272491e-2,-1.52125898748636246e-2,2.63606936205179609e-3,1.31803468102589805e-3,-3.04193440824747086e-2,-1.52096720412373543e-2
64,7,5.88235294117647078e-1,7.84313725490196068e-2,1.76470588235294101e-1,-2.70376026630401611e-1,-1.35188013315200806e-1,2.34270414453931486e-2,1.17135207226965743e-2,-2.70324170589447021e-1,-1.35162085294723511e-1
64,8,6.66666666666666630e-1,7.84313725490196068e-2,1.76470588235294101e-1,-4.93994295597076416e-1,-2.46997147798538208e-1,4.28019102662801632e-2,2.14009551331400816e-2,-4.93899554014205933e-1,-2.46949777007102966e-1
64,9,7.45098039215686292e-1,7.84313725490196068e-2,1.76470588235294101e-1,-6.87772452831268311e-1,-3.43886226415634155e-1,5.95920978114008737e-2,2.97960489057004368e-2,-6.87640547752380371e-1,-3.43820273876190186e-1
64,10,8.23529411764705843e-1,7.84313725490196068e-2,1.76470588235294101e-1,-8.40004920959472656e-1,-4.20002460479736328e-1,7.27806201204657666e-2,3.63903100602328833e-2,-8.39843809604644775e-1,-4.19921904802322388e-1
64,11,9.01960784313725505e-1,7.84313725490196068e-2,1.76470588235294101e-1,-9.41497087478637695e-1,-4.70748543739318848e-1,8.15599730238318332e-2,4.07799865119159166e-2,-9.41316545009613037e-1,-4.70658272504806519e-1
64,12,9.80392156862745057e-1,5.88235294117647189e-2,1.32352941176470618e-1,-9.86128270626068115e-1,-4.93064135313034058e-1,6.40178533270955030e-2,3.20089266635477515e-2,-9.85939323902130127e-1,-4.92969661951065063e-1
65,0,3.92156862745098034e-2,7.84313725490196068e-2,1.76470588235294101e-1,9.80312108993530273e-1,4.90156054496765137e-1,-8.49392646923661232e-2,-4.24696323461830616e-2,9.80124115943908691e-1,4.90062057971954346e-1
65,1,1.17647058823529410e-1,7.84313725490196068e-2,1.76470588235294101e-1,9.21095192432403564e-1,4.60547596216201782e-1,-7.98080865293741282e-2,-3.99040432646870641e-2,9.20918524265289307e-1,4.60459262132644653e-1
65,2,1.96078431372549017e-1,7.84313725490196068e-2,1.76470588235294101e-1,8.06238651275634766e-1,4.03119325637817383e-1,-6.98570189997553825e-2,-3.49285094998776913e-2,8.06084036827087402e-1,4.03042018413543701e-1
65,3,2.74509803921568651e-1,7.84313725490196068e-2,1.76470588235294101e-1,6.42680048942565918e-1,3.21340024471282959e-1,-5.56845727376639454e-2,-2.78422863688319727e-2,6.42556786537170410e-1,3.21278393268585205e-1
65,4,3.52941176470588203e-1,7.84313725490196068e-2,1.76470588235294101e-1,4.40299957990646362e-1,2.20149978995323181e-1,-3.81499980110675541e-2,-1.90749990055337770e-2,4.40215498208999634e-1,2.20107749104499817e-1
65,5,4.31372549019607865e-1,7.84313725490196068e-2,1.76470588235294101e-1,2.11322918534278870e-1,1.05661459267139435e-1,-1.83101169706787470e-2,-9.15505848533937350e-3,2.11282387375831604e-1,1.05641193687915802e-1
65,6,5.09803921568627416e-1,7.84313725490196068e-2,1.76470588235294101e-1,-3.04193440824747086e-2,-1.52096720412373543e-2,2.63557241996748015e-3,1.31778620998374008e-3,-3.04135102778673172e-2,-1.52067551389336586e-2
65,7,5.88235294117647078e-1,7.84313725490196068e-2,1.76470588235294101e-1,-2.70324170589447021e-1,-1.35162085294723511e-1,2.34225449210498371e-2,1.17112724605249185e-2,-2.70272314548492432e-1,-1.35136157274246216e-1
65,8,6.66666666666666630e-1,7.84313725490196068e-2,1.76470588235294101e-1,-4.93899554014205933e-1,-2.46949777007102966e-1,4.27937027066946363e-2,2.13968513533473181e-2,-4.93804842233657837e-1,-2.46902421116828918e-1
65,9,7.45098039215686292e-1,7.84313725490196068e-2,1.76470588235294101e-1,-6.87640547752380371e-1,-3.43820273876190186e-1,5.95806841738521775e-2,2.97903420869260888e-2,-6.87508642673492432e-1,-3.43754321336746216e-1
65,10,8.23529411764705843e-1,7.84313725490196068e-2,1.76470588235294101e-1,-8.39843809604644775e-1,-4.19921904802322388e-1,7.27665988728403990e-2,3.63832994364201995e-2,-8.39682757854461670e-1,-4.19841378927230835e-1
65,11,9.01960784313725505e-1,7.84313725490196068e-2,1.76470588235294101e-1,-9.41316545009613037e-1,-4.70658272504806519e-1,8.15441563725471524e-2,4.07720781862735762e-2,-9.41136062145233154e-1,-4.70568031072616577e-1
65,12,9.80392156862745057e-1,5.88235294117647189e-2,1.32352941176470618e-1,-9.85939323902130127e-1,-4.92969661951065063e-1,6.40057984739541980e-2,3.20028992369770990e-2,-9.85750436782836914e-1,-4.92875218391418457e-1
66,0,3.92156862745098034e-2,7.84313725490196068e-2,1.76470588235294101e-1,9.80124115943908691e-1,4.90062057971954346e-1,-8.49230205640196800e-2,-4.24615102820098400e-2,9.79936122894287109e-1,4.89968061447143555e-1
66,1,1.17647058823529410e-1,7.84313725490196068e-2,1.76470588235294101e-1,9.20918524265289307e-1,4.60459262132644653e-1,-7.97926973551511820e-2,-3.98963486775755910e-2,9.20741915702819824e-1,4.60370957851409912e-1
66,2,1.96078431372549017e-1,7.84313725490196068e-2,1.76470588235294101e-1,8.06084036827087402e-1,4.03042018413543701e-1,-6.98436817154288181e-2,-3.49218408577144090e-2,8.05929422378540039e-1,4.02964711189270020e-1
66,3,2.74509803921568651e-1,7.84313725490196068e-2,1.76470588235294101e-1,6.42556786537170410e-1,3.21278393268585205e-1,-5.56738858111202883e-2,-2.78369429055601442e-2,6.42433524131774902e-1,3.21216762065887451e-1
66,4,3.52941176470588203e-1,7.84313725490196068e-2,1.76470588235294101e-1,4.40215498208999634e-1,2.20107749104499817e-1,-3.81426454056054132e-2,-1.90713227028027066e-2,4.40131068229675293e-1,2.20065534114837646e-1
66,5,4.31372549019607865e-1,7.84313725490196068e-2,1.76470588235294101e-1,2.11282387375831604e-1,1.05641193687915802e-1,-1.83066223456990196e-2,-9.15331117284950979e-3,2.11241871118545532e-1,1.05620935559272766e-1
66,6,5.09803921568627416e-1,7.84313725490196068e-2,1.76470588235294101e-1,-3.04135102778673172e-2,-1.52067551389336586e-2,2.63508082134650268e-3,1.31754041067325134e-3,-3.04076783359050751e-2,-1.52038391679525375e-2
66,7,5.88235294117647078e-1,7.84313725490196068e-2,1.76470588235294101e-1,-2.70272314548492432e-1,-1.35136157274246216e-1,2.34180029772687592e-2,1.17090014886343796e-2,-2.70220488309860229e-1,-1.35110244154930115e-1
66,8,6.66666666666666630e-1,7.84313725490196068e-2,1.76470588235294101e-1,-4.93804842233657837e-1,-2.46902421116828918e-1,4.27855806425214147e-2,2.13927903212607073e-2,-4.93710130453109741e-1,-2.46855065226554871e-1
66,9,7.45098039215686292e-1,7.84313725490196068e-2,1.76470588235294101e-1,-6.87508642673492432e-1,-3.43754321336746216e-1,5.95691422931849679e-2,2.97845711465924839e-2,-6.87376797199249268e-1,-3.43688398599624634e-1
66,10,8.23529411764705843e-1,7.84313725490196068e-2,1.76470588235294101e-1,-8.39682757854461670e-1,-4.19841378927230835e-1,7.27526631206274199e-2,3.63763315603137100e-2,-8.39521706104278564e-1,-4.19760853052139282e-1
66,11,9.01960784313725505e-1,7.84313725490196068e-2,1.76470588235294101e-1,-9.41136062145233154e-1,-4.70568031072616577e-1,8.15283397212624439e-2,4.07641698606312219e-2,-9.40955579280853271e-1,-4.70477789640426636e-1
66,12,9.80392156862745057e-1,5.88235294117647189e-2,1.32352941176470618e-1,-9.85750436782836914e-1,-4.92875218391418457e-1,6.39937436208128929e-2,3.19968718104064465e-2,-9.85561549663543701e-1,-4.92780774831771851e-1
67,0,3.92156862745098034e-2,7.84313725490196068e-2,1.76470588235294101e-1,9.79936122894287109e-1,4.89968061447143555e-1,-8.49066909402608899e-2,-4.24533454701304450e-2,9.79748189449310303e-1,4.89874094724655151e-1
67,1,1.17647058823529410e-1,7.84313725490196068e-2,1.76470588235294101e-1,9.20741915702819824e-1,4.60370957851409912e-1,-7.97774791717529158e-2,-3.98887395858764579e-2,9.20565307140350342e-1,4.60282653570175171e-1
67,2,1.96078431372549017e-1,7.84313725490196068e-2,1.76470588235294101e-1,8.05929422378540039e-1,4.02964711189270020e-1,-6.98302589356899206e-2,-3.49151294678449603e-2,8.05774867534637451e-1,4.02887433767318726e-1
67,3,2.74509803921568651e-1,7.84313725490196068e-2,1.76470588235294101e-1,6.42433524131774902e-1,3.21216762065887451e-1,-5.56631561368703676e-2,-2.78315780684351838e-2,6.42310321331024170e-1,3.21155160665512085e-1
67,4,3.52941176470588203e-1,7.84313725490196068e-2,1.76470588235294101e-1,4.40131068229675293e-1,2.20065534114837646e-1,-3.81353569217026678e-2,-1.90676784608513339e-2,4.40046668052673340e-1,2.20023334026336670e-1
67,5,4.31372549019607865e-1,7.84313725490196068e-2,1.76470588235294101e-1,2.11241871118545532e-1,1.05620935559272766e-1,-1.83031303924507949e-2,-9.15156519622539744e-3,2.11201354861259460e-1,1.05600677430629730e-1
67,6,5.09803921568627416e-1,7.84313725490196068e-2,1.76470588235294101e-1,-3.04076783359050751e-2,-1.52038391679525375e-2,2.63457319233562082e-3,1.31728659616781041e-3,-3.04018463939428329e-2,-1.52009231969714165e-2
67,7,5.88235294117647078e-1,7.84313725490196068e-2,1.76470588235294101e-1,-2.70220488309860229e-1,-1.35110244154930115e-1,2.34135438571684285e-2,1.17067719285842142e-2,-2.70168662071228027e-1,-1.35084331035614014e-1
67,8,6.66666666666666630e-1,7.84313725490196068e-2,1.76470588235294101e-1,-4.93710130453109741e-1,-2.46855065226554871e-1,4.27773303352296241e-2,2.13886651676148121e-2,-4.93615448474884033e-1,-2.46807724237442017e-1
67,9,7.45098039215686292e-1,7.84313725490196068e-2,1.76470588235294101e-1,-6.87376797199249268e-1,-3.43688398599624634e-1,5.95577714033424799e-2,2.97788857016712399e-2,-6.87244951725006104e-1,-3.43622475862503052e-1
67,10,8.23529411764705843e-1,7.84313725490196068e-2,1.76470588235294101e-1,-8.39521706104278564e-1,-4.19760853052139282e-1,7.27386418730020523e-2,3.63693209365010262e-2,-8.39360713958740234e-1,-4.19680356979370117e-1
67,11,9.01960784313725505e-1,7.84313725490196068e-2,1.76470588235294101e-1,-9.40955579280853271e-1,-4.70477789640426636e-1,8.15125230699777631e-2,4.07562615349888815e-2,-9.40775156021118164e-1,-4.70387578010559082e-1
67,12,9.80392156862745057e-1,5.88235294117647189e-2,1.32352941176470618e-1,-9.85561549663543701e-1,-4.92780774831771851e-1,6.39816887676715879e-2,3.19908443838357939e-2,-9.85372722148895264e-1,-4.92686361074447632e-1
68,0,3.92156862745098034e-2,7.84313725490196068e-2,1.76470588235294101e-1,9.79748189449310303e-1,4.89874094724655151e-1,-8.48904468119144467e-2,-4.24452234059572234e-2,9.79560256004333496e-1,4.89780128002166748e-1
68,1,1.17647058823529410e-1,7.84313725490196068e-2,1.76470588235294101e-1,9.20565307140350342e-1,4.60282653570175171e-1,-7.97620899975299696e-2,-3.98810449987649848e-2,9.20388758182525635e-1,4.60194379091262817e-1
68,2,1.96078431372549017e-1,7.84313725490196068e-2,1.76470588235294101e-1,8.05774867534637451e-1,4.02887433767318726e-1,-6.98169216513633839e-2,-3.49084608256816920e-2,8.05620312690734863e-1,4.02810156345367432e-1
68,3,2.74509803921568651e-1,7.84313725490196068e-2,1.76470588235294101e-1,6.42310321331024170e-1,3.21155160665512085e-1,-5.56524692103266827e-2,-2.78262346051633414e-2,6.42187118530273438e-1,3.21093559265136719e-1
68,4,3.52941176470588203e-1,7.84313725490196068e-2,1.76470588235294101e-1,4.40046668052673340e-1,2.20023334026336670e-1,-3.81280684377998114e-2,-1.90640342188999057e-2,4.39962267875671387e-1,2.19981133937835693e-1
68,5,4.31372549019607865e-1,7.84313725490196068e-2,1.76470588235294101e-1,2.11201354861259460e-1,1.05600677430629730e-1,-1.82995956914964730e-2,-9.14979784574823651e-3,2.11160853505134583e-1,1.05580426752567291e-1
68,6,5.09803921568627416e-1,7.84313725490196068e-2,1.76470588235294101e-1,-3.04018463939428329e-2,-1.52009231969714165e-2,2.63406556332484998e-3,1.31703278166242499e-3,-3.03960163146257401e-2,-1.51980081573128700e-2
68,7,5.88235294117647078e-1,7.84313725490196068e-2,1.76470588235294101e-1,-2.70168662071228027e-1,-1.35084331035614014e-1,2.34090419893618340e-2,1.17045209946809170e-2,-2.70116835832595825e-1,-1.35058417916297913e-1
68,8,6.66666666666666630e-1,7.84313725490196068e-2,1.76470588235294101e-1,-4.93615448474884033e-1,-2.46807724237442017e-1,4.27691655233502499e-2,2.13845827616751250e-2,-4.93520766496658325e-1,-2.46760383248329163e-1
68,9,7.45098039215686292e-1,7.84313725490196068e-2,1.76470588235294101e-1,-6.87244951725006104e-1,-3.43622475862503052e-1,5.95462722703814507e-2,2.97731361351907253e-2,-6.87113165855407715e-1,-3.43556582927703857e-1
68,10,8.23529411764705843e-1,7.84313725490196068e-2,1.76470588235294101e-1,-8.39360713958740234e-1,-4.19680356979370117e-1,7.27247061207890455e-2,3.63623530603945228e-2,-8.39199721813201904e-1,-4.19599860906600952e-1
68,11,9.01960784313725505e-1,7.84313725490196068e-2,1.76470588235294101e-1,-9.40775156021118164e-1,-4.70387578010559082e-1,8.14967064186930684e-2,4.07483532093465342e-2,-9.40594732761383057e-1,-4.70297366380691528e-1
68,12,9.80392156862745057e-1,5.88235294117647189e-2,1.32352941176470618e-1,-9.85372722148895264e-1,-4.92686361074447632e-1,6.39696339145302689e-2,3.19848169572651345e-2,-9.85183894634246826e-1,-4.92591947317123413e-1
69,0,3.92156862745098034e-2,7.84313725490196068e-2,1.76470588235294101e-1,9.79560256004333496e-1,4.89780128002166748e-1,-8.48741171881556428e-2,-4.24370585940778214e-2,9.79372382164001465e-1,4.89686191082000732e-1
69,1,1.17647058823529410e-1,7.84313725490196068e-2,1.76470588235294101e-1,9.20388758182525635e-1,4.60194379091262817e-1,-7.97468718141317451e-2,-3.98734359070658725e-2,9.20212209224700928e-1,4.60106104612350464e-1
69,2,1.96078431372549017e-1,7.84313725490196068e-2,1.76470588235294101e-1,8.05620312690734863e-1,4.02810156345367432e-1,-6.98034988716244587e-2,-3.49017494358122293e-2,8.05465817451477051e-1,4.02732908725738525e-1
69,3,2.74509803921568651e-1,7.84313725490196068e-2,1.76470588235294101e-1,6.42187118530273438e-1,3.21093559265136719e-1,-5.56417822837829701e-2,-2.78208911418914850e-2,6.42063975334167480e-1,3.21031987667083740e-1
69,4,3.52941176470588203e-1,7.84313725490196068e-2,1.76470588235294101e-1,4.39962267875671387e-1,2.19981133937835693e-1,-3.81207585800438786e-2,-1.90603792900219393e-2,4.39877897500991821e-1,2.19938948750495911e-1
69,5,4.31372549019607865e-1,7.84313725490196068e-2,1.76470588235294101e-1,2.11160853505134583e-1,1.05580426752567291e-1,-1.82961064099800286e-2,-9.14805320499001429e-3,2.11120352149009705e-1,1.05560176074504852e-1
69,6,5.09803921568627416e-1,7.84313725490196068e-2,1.76470588235294101e-1,-3.03960163146257401e-2,-1.51980081573128700e-2,2.63358465163038291e-3,1.31679232581519146e-3,-3.03901862353086472e-2,-1.51950931176543236e-2
69,7,5.88235294117647078e-1,7.84313725490196068e-2,1.76470588235294101e-1,-2.70116835832595825e-1,-1.35058417916297913e-1,2.34045374498236813e-2,1.17022687249118407e-2,-2.70065039396286011e-1,-1.35032519698143005e-1
69,8,6.66666666666666630e-1,7.84313725490196068e-2,1.76470588235294101e-1,-4.93520766496658325e-1,-2.46760383248329163e-1,4.27609152160585149e-2,2.13804576080292574e-2,-4.93426114320755005e-1,-2.46713057160377502e-1
69,9,7.45098039215686292e-1,7.84313725490196068e-2,1.76470588235294101e-1,-6.87113165855407715e-1,-3.43556582927703857e-1,5.95349441282451153e-2,2.97674720641225576e-2,-6.86981379985809326e-1,-3.43490689992904663e-1
69,10,8.23529411764705843e-1,7.84313725490196068e-2,1.76470588235294101e-1,-8.39199721813201904e-1,-4.19599860906600952e-1,7.27106848731637057e-2,3.63553424365818528e-2,-8.39038789272308350e-1,-4.19519394636154175e-1
69,11,9.01960784313725505e-1,7.84313725490196068e-2,1.76470588235294101e-1,-9.40594732761383057e-1,-4.70297366380691528e-1,8.14808897674083599e-2,4.07404448837041799e-2,-9.40414369106292725e-1,-4.70207184553146362e-1
69,12,9.80392156862745057e-1,5.88235294117647189e-2,1.32352941176470618e-1,-9.85183894634246826e-1,-4.92591947317123413e-1,6.39575790613889639e-2,3.19787895306944819e-2,-9.84995126724243164e-1,-4.92497563362121582e-1
70,0,3.92156862745098034e-2,7.84313725490196068e-2,1.76470588235294101e-1,9.79372382164001465e-1,4.89686191082000732e-1,-8.48578730598091996e-2,-4.24289365299045998e-2,9.79184567928314209e-1,4.89592283964157104e-1
70,1,1.17647058823529410e-1,7.84313725490196068e-2,1.76470588235294101e-1,9.20212209224700928e-1,4.60106104612350464e-1,-7.97314826399087989e-2,-3.98657413199543995e-2,9.20035719871520996e-1,4.60017859935760498e-1
70,2,1.96078431372549017e-1,7.84313725490196068e-2,1.76470588235294101e-1,8.05465817451477051e-1,4.02732908725738525e-1,-6.97901615872979220e-2,-3.48950807936489610e-2,8.05311322212219238e-1,4.02655661106109619e-1
70,3,2.74509803921568651e-1,7.84313725490196068e-2,1.76470588235294101e-1,6.42063975334167480e-1,3.21031987667083740e-1,-5.56311381049453824e-2,-2.78155690524726912e-2,6.41940832138061523e-1,3.20970416069030762e-1
70,4,3.52941176470588203e-1,7.84313725490196068e-2,1.76470588235294101e-1,4.39877897500991821e-1,2.19938948750495911e-1,-3.81134487222880569e-2,-1.90567243611440285e-2,4.39793527126312256e-1,2.19896763563156128e-1
70,5,4.31372549019607865e-1,7.84313725490196068e-2,1.76470588235294101e-1,2.11120352149009705e-1,1.05560176074504852e-1,-1.82925743807572649e-2,-9.14628719037863247e-3,2.11079865694046021e-1,1.05539932847023010e-1
70,6,5.09803921568627416e-1,7.84313725490196068e-2,1.76470588235294101e-1,-3.03901862353086472e-2,-1.51950931176543236e-2,2.63306099222970769e-3,1.31653049611485384e-3,-3.03843580186367035e-2,-1.51921790093183517e-2
70,7,5.88235294117647078e-1,7.84313725490196068e-2,1.76470588235294101e-1,-2.70065039396286011e-1,-1.35032519698143005e-1,2.34000756579917368e-2,1.17000378289958684e-2,-2.70013242959976196e-1,-1.35006621479988098e-1
70,8,6.66666666666666630e-1,7.84313725490196068e-2,1.76470588235294101e-1,-4.93426114320755005e-1,-2.46713057160377502e-1,4.27527076564728770e-2,2.13763538282364385e-2,-4.93331491947174072e-1,-2.46665745973587036e-1
70,9,7.45098039215686292e-1,7.84313725490196068e-2,1.76470588235294101e-1,-6.86981379985809326e-1,-3.43490689992904663e-1,5.95234877429902665e-2,2.97617438714951332e-2,-6.86849594116210938e-1,-3.43424797058105469e-1
70,10,8.23529411764705843e-1,7.84313725490196068e-2,1.76470588235294101e-1,-8.39038789272308350e-1,-4.19519394636154175e-1,7.26967491209506989e-2,3.63483745604753494e-2,-8.38877856731414795e-1,-4.19438928365707397e-1
70,11,9.01960784313725505e-1,7.84313725490196068e-2,1.76470588235294101e-1,-9.40414369106292725e-1,-4.70207184553146362e-1,8.14650731161236791e-2,4.07325365580618395e-2,-9.40234065055847168e-1,-4.70117032527923584e-1
70,12,9.80392156862745057e-1,5.88235294117647189e-2,1.32352941176470618e-1,-9.84995126724243164e-1,-4.92497563362121582e-1,6.39455242082476588e-2,3.19727621041238294e-2,-9.84806418418884277e-1,-4.92403209209442139e-1
71,0,3.92156862745098034e-2,7.84313725490196068e-2,1.76470588235294101e-1,9.79184567928314209e-1,4.89592283964157104e-1,-8.48416289314627564e-2,-4.24208144657313782e-2,9.78996753692626953e-1,4.89498376846313477e-1
71,1,1.17647058823529410e-1,7.84313725490196068e-2,1.76470588235294101e-1,9.20035719871520996e-1,4.60017859935760498e-1,-7.97161789610981858e-2,-3.98580894805490929e-2,9.19859290122985840e-1,4.59929645061492920e-1
71,2,1.96078431372549017e-1,7.84313725490196068e-2,1.76470588235294101e-1,8.05311322212219238e-1,4.02655661106109619e-1,-6.97767388075590245e-2,-3.48883694037795122e-2,8.05156886577606201e-1,4.02578443288803101e-1
71,3,2.74509803921568651e-1,7.84313725490196068e-2,1.76470588235294101e-1,6.41940832138061523e-1,3.20970416069030762e-1,-5.56204939261078779e-2,-2.78102469630539390e-2,6.41817688941955566e-1,3.20908844470977783e-1
71,4,3.52941176470588203e-1,7.84313725490196068e-2,1.76470588235294101e-1,4.39793527126312256e-1,2.19896763563156128e-1,-3.81061174906790479e-2,-1.90530587453395239e-2,4.39709186553955078e-1,2.19854593276977539e-1
71,5,4.31372549019607865e-1,7.84313725490196068e-2,1.76470588235294101e-1,2.11079865694046021e-1,1.05539932847023010e-1,-1.82890877709723787e-2,-9.14454388548618935e-3,2.11039379239082336e-1,1.05519689619541168e-1
71,6,5.09803921568627416e-1,7.84313725490196068e-2,1.76470588235294101e-1,-3.03843580186367035e-2,-1.51921790093183517e-2,2.63256405014544725e-3,1.31628202507272363e-3,-3.03785298019647598e-2,-1.51892649009823799e-2
71,7,5.88235294117647078e-1,7.84313725490196068e-2,1.76470588235294101e-1,-2.70013242959976196e-1,-1.35006621479988098e-1,2.33955684467218594e-2,1.16977842233609297e-2,-2.69961446523666382e-1,-1.34980723261833191e-1
71,8,6.66666666666666630e-1,7.84313725490196068e-2,1.76470588235294101e-1,-4.93331491947174072e-1,-2.46665745973587036e-1,4.27445855922997109e-2,2.13722927961498554e-2,-4.93236869573593140e-1,-2.46618434786796570e-1
71,9,7.45098039215686292e-1,7.84313725490196068e-2,1.76470588235294101e-1,-6.86849594116210938e-1,-3.43424797058105469e-1,5.95119886100292372e-2,2.97559943050146186e-2,-6.86717867851257324e-1,-3.43358933925628662e-1
71,10,8.23529411764705843e-1,7.84313725490196068e-2,1.76470588235294101e-1,-8.38877856731414795e-1,-4.19438928365707397e-1,7.26827278733253312e-2,3.63413639366626656e-2,-8.38716983795166016e-1,-4.19358491897583008e-1
71,11,9.01960784313725505e-1,7.84313725490196068e-2,1.76470588235294101e-1,-9.40234065055847168e-1,-4.70117032527923584e-1,8.14493419602513313e-2,4.07246709801256657e-2,-9.40053761005401611e-1,-4.70026880502700806e-1
71,12,9.80392156862745057e-1,5.88235294117647189e-2,1.32352941176470618e-1,-9.84806418418884277e-1,-4.92403209209442139e-1,6.39334693551063538e-2,3.19667346775531769e-2,-9.84617710113525391e-1,-4.92308855056762695e-1
72,0,3.92156862745098034e-2,7.84313725490196068e-2,1.76470588235294101e-1,9.78996753692626953e-1,4.89498376846313477e-1,-8.48252993077039663e-2,-4.24126496538519832e-2,9.78808999061584473e-1,4.89404499530792236e-1
72,1,1.17647058823529410e-1,7.84313725490196068e-2,1.76470588235294101e-1,9.19859290122985840e-1,4.59929645061492920e-1,-7.97009607776999474e-2,-3.98504803888499737e-2,9.19682860374450684e-1,4.59841430187225342e-1
72,2,1.96078431372549017e-1,7.84313725490196068e-2,1.76470588235294101e-1,8.05156886577606201e-1,4.02578443288803101e-1,-6.97634015232324600e-2,-3.48817007616162300e-2,8.05002450942993164e-1,4.02501225471496582e-1
72,3,2.74509803921568651e-1,7.84313725490196068e-2,1.76470588235294101e-1,6.41817688941955566e-1,3.20908844470977783e-1,-5.56097215041518045e-2,-2.78048607520759022e-2,6.41694605350494385e-1,3.20847302675247192e-1
72,4,3.52941176470588203e-1,7.84313725490196068e-2,1.76470588235294101e-1,4.39709186553955078e-1,2.19854593276977539e-1,-3.80988717544823996e-2,-1.90494358772411998e-2,4.39624845981597900e-1,2.19812422990798950e-1
72,5,4.31372549019607865e-1,7.84313725490196068e-2,1.76470588235294101e-1,2.11039379239082336e-1,1.05519689619541168e-1,-1.82855584134813398e-2,-9.14277920674066991e-3,2.10998907685279846e-1,1.05499453842639923e-1
72,6,5.09803921568627416e-1,7.84313725490196068e-2,1.76470588235294101e-1,-3.03785298019647598e-2,-1.51892649009823799e-2,2.63206710806118682e-3,1.31603355403059341e-3,-3.03727034479379654e-2,-1.51863517239689827e-2
72,7,5.88235294117647078e-1,7.84313725490196068e-2,1.76470588235294101e-1,-2.69961446523666382e-1,-1.34980723261833191e-1,2.33910612354520375e-2,1.16955306177260188e-2,-2.69909679889678955e-1,-1.34954839944839478e-1
72,8,6.66666666666666630e-1,7.84313725490196068e-2,1.76470588235294101e-1,-4.93236869573593140e-1,-2.46618434786796570e-1,4.27363780327141285e-2,2.13681890163570642e-2,-4.93142277002334595e-1,-2.46571138501167297e-1
72,9,7.45098039215686292e-1,7.84313725490196068e-2,1.76470588235294101e-1,-6.86717867851257324e-1,-3.43358933925628662e-1,5.95005749724805411e-2,2.97502874862402705e-2,-6.86586141586303711e-1,-3.43293070793151855e-1
72,10,8.23529411764705843e-1,7.84313725490196068e-2,1.76470588235294101e-1,-8.38716983795166016e-1,-4.19358491897583008e-1,7.26687921211123522e-2,3.63343960605561761e-2,-8.38556110858917236e-1,-4.19278055429458618e-1
72,11,9.01960784313725505e-1,7.84313725490196068e-2,1.76470588235294101e-1,-9.40053761005401611e-1,-4.70026880502700806e-1,8.14335253089666228e-2,4.07167626544833114e-2,-9.39873516559600830e-1,-4.69936758279800415e-1
72,12,9.80392156862745057e-1,5.88235294117647189e-2,1.32352941176470618e-1,-9.84617710113525391e-1,-4.92308855056762695e-1,6.39214145019650487e-2,3.19607072509825244e-2,-9.84429061412811279e-1,-4.92214530706405640e-1
73,0,3.92156862745098034e-2,7.84313725490196068e-2,1.76470588235294101e-1,9.78808999061584473e-1,4.89404499530792236e-1,-8.48090551793575231e-2,-4.24045275896787616e-2,9.78621244430541992e-1,4.89310622215270996e-1
73,1,1.17647058823529410e-1,7.84313725490196068e-2,1.76470588235294101e-1,9.19682860374450684e-1,4.59841430187225342e-1,-7.96856570988893620e-2,-3.98428285494446810e-2,9.19506490230560303e-1,4.59753245115280151e-1
73,2,1.96078431372549017e-1,7.84313725490196068e-2,1.76470588235294101e-1,8.05002450942993164e-1,4.02501225471496582e-1,-6.97499787434935348e-2,-3.48749893717467674e-2,8.04848074913024902e-1,4.02424037456512451e-1
73,3,2.74509803921568651e-1,7.84313725490196068e-2,1.76470588235294101e-1,6.41694605350494385e-1,3.20847302675247192e-1,-5.55991200730204527e-2,-2.77995600365102263e-2,6.41571521759033203e-1,3.20785760879516602e-1
73,4,3.52941176470588203e-1,7.84313725490196068e-2,1.76470588235294101e-1,4.39624845981597900e-1,2.19812422990798950e-1,-3.80915191490203142e-2,-1.90457595745101571e-2,4.39540535211563110e-1,2.19770267605781555e-1
73,5,4.31372549019607865e-1,7.84313725490196068e-2,1.76470588235294101e-1,2.10998907685279846e-1,1.05499453842639923e-1,-1.82820744754281228e-2,-9.14103723771406140e-3,2.10958436131477356e-1,1.05479218065738678e-1
73,6,5.09803921568627416e-1,7.84313725490196068e-2,1.76470588235294101e-1,-3.03727034479379654e-2,-1.51863517239689827e-2,2.63155413558707751e-3,1.31577706779353876e-3,-3.03668789565563202e-2,-1.51834394782781601e-2
73,7,5.88235294117647078e-1,7.84313725490196068e-2,1.76470588235294101e-1,-2.69909679889678955e-1,-1.34954839944839478e-1,2.33865941001568101e-2,1.16932970500784050e-2,-2.69857913255691528e-1,-1.34928956627845764e-1
73,8,6.66666666666666630e-1,7.84313725490196068e-2,1.76470588235294101e-1,-4.93142277002334595e-1,-2.46571138501167297e-1,4.27282132208347543e-2,2.13641066104173771e-2,-4.93047684431076050e-1,-2.46523842215538025e-1
73,9,7.45098039215686292e-1,7.84313725490196068e-2,1.76470588235294101e-1,-6.86586141586303711e-1,-3.43293070793151855e-1,5.94891185872256367e-2,2.97445592936128184e-2,-6.86454474925994873e-1,-3.43227237462997437e-1
73,10,8.23529411764705843e-1,7.84313725490196068e-2,1.76470588235294101e-1,-8.38556110858917236e-1,-4.19278055429458618e-1,7.26547708734870124e-2,3.63273854367435062e-2,-8.38395297527313232e-1,-4.19197648763656616e-1
73,11,9.01960784313725505e-1,7.84313725490196068e-2,1.76470588235294101e-1,-9.39873516559600830e-1,-4.69936758279800415e-1,8.14177941530942889e-2,4.07088970765471445e-2,-9.39693272113800049e-1,-4.69846636056900024e-1
73,12,9.80392156862745057e-1,5.88235294117647189e-2,1.32352941176470618e-1,-9.84429061412811279e-1,-4.92214530706405640e-1,6.39093596488237298e-2,3.19546798244118649e-2,-9.84240412712097168e-1,-4.92120206356048584e-1
74,0,3.92156862745098034e-2,7.84313725490196068e-2,1.76470588235294101e-1,9.78621244430541992e-1,4.89310622215270996e-1,-8.47927255555987330e-2,-4.23963627777993665e-2,9.78433549404144287e-1,4.89216774702072144e-1
74,1,1.17647058823529410e-1,7.84313725490196068e-2,1.76470588235294101e-1,9.19506490230560303e-1,4.59753245115280151e-1,-7.96704389154910958e-2,-3.98352194577455479e-2,9.19330120086669922e-1,4.59665060043334961e-1
74,2,1.96078431372549017e-1,7.84313725490196068e-2,1.76470588235294101e-1,8.04848074913024902e-1,4.02424037456512451e-1,-6.97366414591669981e-2,-3.48683207295834990e-2,8.04693698883056641e-1,4.02346849441528320e-1
74,3,2.74509803921568651e-1,7.84313725490196068e-2,1.76470588235294101e-1,6.41571521759033203e-1,3.20785760879516602e-1,-5.55883903987705874e-2,-2.77941951993852937e-2,6.41448497772216797e-1,3.20724248886108398e-1
74,4,3.52941176470588203e-1,7.84313725490196068e-2,1.76470588235294101e-1,4.39540535211563110e-1,2.19770267605781555e-1,-3.80842520389705896e-2,-1.90421260194852948e-2,4.39456224441528320e-1,2.19728112220764160e-1
74,5,4.31372549019607865e-1,7.84313725490196068e-2,1.76470588235294101e-1,2.10958436131477356e-1,1.05479218065738678e-1,-1.82785504614003114e-2,-9.13927523070015568e-3,2.10917979478836060e-1,1.05458989739418030e-1
74,6,5.09803921568627416e-1,7.84313725490196068e-2,1.76470588235294101e-1,-3.03668789565563202e-2,-1.51834394782781601e-2,2.63104650657625116e-3,1.31552325328812558e-3,-3.03610544651746750e-2,-1.51805272325873375e-2
74,7,5.88235294117647078e-1,7.84313725490196068e-2,1.76470588235294101e-1,-2.69857913255691528e-1,-1.34928956627845764e-1,2.33821242931299134e-2,1.16910621465649567e-2,-2.69806146621704102e-1,-1.34903073310852051e-1
74,8,6.66666666666666630e-1,7.84313725490196068e-2,1.76470588235294101e-1,-4.93047684431076050e-1,-2.46523842215538025e-1,4.27199629135429637e-2,2.13599814567714819e-2,-4.92953121662139893e-1,-2.46476560831069946e-1
74,9,7.45098039215686292e-1,7.84313725490196068e-2,1.76470588235294101e-1,-6.86454474925994873e-1,-3.43227237462997437e-1,5.94777476973831765e-2,2.97388738486915882e-2,-6.86322808265686035e-1,-3.43161404132843018e-1
74,10,8.23529411764705843e-1,7.84313725490196068e-2,1.76470588235294101e-1,-8.38395297527313232e-1,-4.19197648763656616e-1,7.26408351212739778e-2,3.63204175606369889e-2,-8.38234484195709229e-1,-4.19117242097854614e-1
74,11,9.01960784313725505e-1,7.84313725490196068e-2,1.76470588235294101e-1,-9.39693272113800049e-1,-4.69846636056900024e-1,8.14019775018096081e-2,4.07009887509048041e-2,-9.39513087272644043e-1,-4.69756543636322021e-1
74,12,9.80392156862745057e-1,5.88235294117647189e-2,1.32352941176470618e-1,-9.84240412712097168e-1,-4.92120206356048584e-1,6.38973047956824247e-2,3.19486523978412124e-2,-9.84051823616027832e-1,-4.92025911808013916e-1
75,0,3.92156862745098034e-2,7.84313725490196068e-2,1.76470588235294101e-1,9.78433549404144287e-1,4.89216774702072144e-1,-8.47764814272522899e-2,-4.23882407136261449e-2,9.78245913982391357e-1,4.89122956991195679e-1
75,1,1.17647058823529410e-1,7.84313725490196068e-2,1.76470588235294101e-1,9.19330120086669922e-1,4.59665060043334961e-1,-7.96551352366805104e-2,-3.98275676183402552e-2,9.19153809547424316e-1,4.59576904773712158e-1
75,2,1.96078431372549017e-1,7.84313725490196068e-2,1.76470588235294101e-1,8.04693698883056641e-1,4.02346849441528320e-1,-6.97232186794281006e-2,-3.48616093397140503e-2,8.04539382457733154e-1,4.02269691228866577e-1
75,3,2.74509803921568651e-1,7.84313725490196068e-2,1.76470588235294101e-1,6.41448497772216797e-1,3.20724248886108398e-1,-5.55778317153453605e-2,-2.77889158576726802e-2,6.41325473785400391e-1,3.20662736892700195e-1
75,4,3.52941176470588203e-1,7.84313725490196068e-2,1.76470588235294101e-1,4.39456224441528320e-1,2.19728112220764160e-1,-3.80768780596554279e-2,-1.90384390298277140e-2,4.39371943473815918e-1,2.19685971736907959e-1
75,5,4.31372549019607865e-1,7.84313725490196068e-2,1.76470588235294101e-1,2.10917979478836060e-1,1.05458989739418030e-1,-1.82750691950787081e-2,-9.13753459753935404e-3,2.10877522826194763e-1,1.05438761413097382e-1
75,6,5.09803921568627416e-1,7.84313725490196068e-2,1.76470588235294101e-1,-3.03610544651746750e-2,-1.51805272325873375e-2,2.63056025141850114e-3,1.31528012570925057e-3,-3.03552318364381790e-2,-1.51776159182190895e-2
75,7,5.88235294117647078e-1,7.84313725490196068e-2,1.76470588235294101e-1,-2.69806146621704102e-1,-1.34903073310852051e-1,2.33776117383968085e-2,1.16888058691984043e-2,-2.69754409790039062e-1,-1.34877204895019531e-1
75,8,6.66666666666666630e-1,7.84313725490196068e-2,1.76470588235294101e-1,-4.92953121662139893e-1,-2.46476560831069946e-1,4.27117981016635895e-2,2.13558990508317947e-2,-4.92858588695526123e-1,-2.46429294347763062e-1
75,9,7.45098039215686292e-1,7.84313725490196068e-2,1.76470588235294101e-1,-6.86322808265686035e-1,-3.43161404132843018e-1,5.94663340598344803e-2,2.97331670299172401e-2,-6.86191201210021973e-1,-3.43095600605010986e-1
75,10,8.23529411764705843e-1,7.84313725490196068e-2,1.76470588235294101e-1,-8.38234484195709229e-1,-4.19117242097854614e-1,7.26268138736486379e-2,3.63134069368243190e-2,-8.38073730468750000e-1,-4.19036865234375000e-1
75,11,9.01960784313725505e-1,7.84313725490196068e-2,1.76470588235294101e-1,-9.39513087272644043e-1,-4.69756543636322021e-1,8.13862463459372604e-2,4.06931231729686302e-2,-9.39332962036132812e-1,-4.69666481018066406e-1
75,12,9.80392156862745057e-1,5.88235294117647189e-2,1.32352941176470618e-1,-9.84051823616027832e-1,-4.92025911808013916e-1,6.38852499425411197e-2,3.19426249712705598e-2,-9.83863294124603271e-1,-4.91931647062301636e-1
76,0,3.92156862745098034e-2,7.84313725490196068e-2,1.76470588235294101e-1,9.78245913982391357e-1,4.89122956991195679e-1,-8.47602372989058467e-2,-4.23801186494529233e-2,9.78058278560638428e-1,4.89029139280319214e-1
76,1,1.17647058823529410e-1,7.84313725490196068e-2,1.76470588235294101e-1,9.19153809547424316e-1,4.59576904773712158e-1,-7.96398315578698973e-2,-3.98199157789349487e-2,9.18977499008178711e-1,4.59488749504089355e-1
76,2,1.96078431372549017e-1,7.84313725490196068e-2,1.76470588235294101e-1,8.04539382457733154e-1,4.02269691228866577e-1,-6.97098813951015639e-2,-3.48549406975507819e-2,8.04385066032409668e-1,4.02192533016204834e-1
76,3,2.74509803921568651e-1,7.84313725490196068e-2,1.76470588235294101e-1,6.41325473785400391e-1,3.20662736892700195e-1,-5.55671447888016479e-2,-2.77835723944008239e-2,6.41202449798583984e-1,3.20601224899291992e-1
76,4,3.52941176470588203e-1,7.84313725490196068e-2,1.76470588235294101e-1,4.39371943473815918e-1,2.19685971736907959e-1,-3.80695895757526270e-2,-1.90347947878763135e-2,4.39287662506103516e-1,2.19643831253051758e-1
76,5,4.31372549019607865e-1,7.84313725490196068e-2,1.76470588235294101e-1,2.10877522826194763e-1,1.05438761413097382e-1,-1.82715478527825104e-2,-9.13577392639125518e-3,2.10837081074714661e-1,1.05418540537357330e-1
76,6,5.09803921568627416e-1,7.84313725490196068e-2,1.76470588235294101e-1,-3.03552318364381790e-2,-1.51776159182190895e-2,2.63003659201782591e-3,1.31501829600891296e-3,-3.03494110703468323e-2,-1.51747055351734161e-2
76,7,5.88235294117647078e-1,7.84313725490196068e-2,1.76470588235294101e-1,-2.69754409790039062e-1,-1.34877204895019531e-1,2.33731392596382981e-2,1.16865696298191490e-2,-2.69702672958374023e-1,-1.34851336479187012e-1
76,8,6.66666666666666630e-1,7.84313725490196068e-2,1.76470588235294101e-1,-4.92858588695526123e-1,-2.46429294347763062e-1,4.27035905420780071e-2,2.13517952710390035e-2,-4.92764055728912354e-1,-2.46382027864456177e-1
76,9,7.45098039215686292e-1,7.84313725490196068e-2,1.76470588235294101e-1,-6.86191201210021973e-1,-3.43095600605010986e-1,5.94549631699919645e-2,2.97274815849959823e-2,-6.86059594154357910e-1,-3.43029797077178955e-1
76,10,8.23529411764705843e-1,7.84313725490196068e-2,1.76470588235294101e-1,-8.38073730468750000e-1,-4.19036865234375000e-1,7.26127926260232703e-2,3.63063963130116352e-2,-8.37912976741790771e-1,-4.18956488370895386e-1
76,11,9.01960784313725505e-1,7.84313725490196068e-2,1.76470588235294101e-1,-9.39332962036132812e-1,-4.69666481018066406e-1,8.13705151900649126e-2,4.06852575950324563e-2,-9.39152836799621582e-1,-4.69576418399810791e-1
76,12,9.80392156862745057e-1,5.88235294117647189e-2,1.32352941176470618e-1,-9.83863294124603271e-1,-4.91931647062301636e-1,6.38731950893998146e-2,3.19365975446999073e-2,-9.83674764633178711e-1,-4.91837382316589355e-1
77,0,3.92156862745098034e-2,7.84313725490196068e-2,1.76470588235294101e-1,9.78058278560638428e-1,4.89029139280319214e-1,-8.47439931705594035e-2,-4.23719965852797018e-2,9.77870702743530273e-1,4.88935351371765137e-1
77,1,1.17647058823529410e-1,7.84313725490196068e-2,1.76470588235294101e-1,9.18977499008178711e-1,4.59488749504089355e-1,-7.96245278790593120e-2,-3.98122639395296560e-2,9.18801248073577881e-1,4.59400624036788940e-1
77,2,1.96078431372549017e-1,7.84313725490196068e-2,1.76470588235294101e-1,8.04385066032409668e-1,4.02192533016204834e-1,-6.96965441107749994e-2,-3.48482720553874997e-2,8.04230809211730957e-1,4.02115404605865479e-1
77,3,2.74509803921568651e-1,7.84313725490196068e-2,1.76470588235294101e-1,6.41202449798583984e-1,3.20601224899291992e-1,-5.55564578622579353e-2,-2.77782289311289676e-2,6.41079485416412354e-1,3.20539742708206177e-1
77,4,3.52941176470588203e-1,7.84313725490196068e-2,1.76470588235294101e-1,4.39287662506103516e-1,2.19643831253051758e-1,-3.80622797179967498e-2,-1.90311398589983749e-2,4.39203411340713501e-1,2.19601705670356750e-1
77,5,4.31372549019607865e-1,7.84313725490196068e-2,1.76470588235294101e-1,2.10837081074714661e-1,1.05418540537357330e-1,-1.82680719299241900e-2,-9.13403596496209502e-3,2.10796639323234558e-1,1.05398319661617279e-1
77,6,5.09803921568627416e-1,7.84313725490196068e-2,1.76470588235294101e-1,-3.03494110703468323e-2,-1.51747055351734161e-2,2.62953964993362099e-3,1.31476982496681050e-3,-3.03435903042554855e-2,-1.51717951521277428e-2
77,7,5.88235294117647078e-1,7.84313725490196068e-2,1.76470588235294101e-1,-2.69702672958374023e-1,-1.34851336479187012e-1,2.33686641091480629e-2,1.16843320545740315e-2,-2.69650936126708984e-1,-1.34825468063354492e-1
77,8,6.66666666666666630e-1,7.84313725490196068e-2,1.76470588235294101e-1,-4.92764055728912354e-1,-2.46382027864456177e-1,4.26953829824924247e-2,2.13476914912462123e-2,-4.92669552564620972e-1,-2.46334776282310486e-1
77,9,7.45098039215686292e-1,7.84313725490196068e-2,1.76470588235294101e-1,-6.86059594154357910e-1,-3.43029797077178955e-1,5.94435922801494765e-2,2.97217961400747382e-2,-6.85927987098693848e-1,-3.42963993549346924e-1
77,10,8.23529411764705843e-1,7.84313725490196068e-2,1.76470588235294101e-1,-8.37912976741790771e-1,-4.18956488370895386e-1,7.25987713783979305e-2,3.62993856891989652e-2,-8.37752282619476318e-1,-4.18876141309738159e-1
77,11,9.01960784313725505e-1,7.84313725490196068e-2,1.76470588235294101e-1,-9.39152836799621582e-1,-4.69576418399810791e-1,8.13547840341925649e-2,4.06773920170962824e-2,-9.38972771167755127e-1,-4.69486385583877563e-1
77,12,9.80392156862745057e-1,5.88235294117647189e-2,1.32352941176470618e-1,-9.83674764633178711e-1,-4.91837382316589355e-1,6.38611402362585096e-2,3.19305701181292548e-2,-9.83486294746398926e-1,-4.91743147373199463e-1
78,0,3.92156862745098034e-2,7.84313725490196068e-2,1.76470588235294101e-1,9.77870702743530273e-1,4.88935351371765137e-1,-8.47277490422129603e-2,-4.23638745211064802e-2,9.77683126926422119e-1,4.88841563463211060e-1
78,1,1.17647058823529410e-1,7.84313725490196068e-2,1.76470588235294101e-1,9.18801248073577881e-1,4.59400624036788940e-1,-7.96092242002487266e-2,-3.98046121001243633e-2,9.18625056743621826e-1,4.59312528371810913e-1
78,2,1.96078431372549017e-1,7.84313725490196068e-2,1.76470588235294101e-1,8.04230809211730957e-1,4.02115404605865479e-1,-6.96832068264484350e-2,-3.48416034132242175e-2,8.04076552391052246e-1,4.02038276195526123e-1
78,3,2.74509803921568651e-1,7.84313725490196068e-2,1.76470588235294101e-1,6.41079485416412354e-1,3.20539742708206177e-1,-5.55458136834204308e-2,-2.77729068417102154e-2,6.40956521034240723e-1,3.20478260517120361e-1
78,4,3.52941176470588203e-1,7.84313725490196068e-2,1.76470588235294101e-1,4.39203411340713501e-1,2.19601705670356750e-1,-3.80549698602408171e-2,-1.90274849301204085e-2,4.39119189977645874e-1,2.19559594988822937e-1
78,5,4.31372549019607865e-1,7.84313725490196068e-2,1.76470588235294101e-1,2.10796639323234558e-1,1.05398319661617279e-1,-1.82645532593596616e-2,-9.13227662967983078e-3,2.10756212472915649e-1,1.05378106236457825e-1
78,6,5.09803921568627416e-1,7.84313725490196068e-2,1.76470588235294101e-1,-3.03435903042554855e-2,-1.51717951521277428e-2,2.62904270784930505e-3,1.31452135392465252e-3,-3.03377714008092880e-2,-1.51688857004046440e-2
78,7,5.88235294117647078e-1,7.84313725490196068e-2,1.76470588235294101e-1,-2.69650936126708984e-1,-1.34825468063354492e-1,2.33641462109517306e-2,1.16820731054758653e-2,-2.69599229097366333e-1,-1.34799614548683167e-1
78,8,6.66666666666666630e-1,7.84313725490196068e-2,1.76470588235294101e-1,-4.92669552564620972e-1,-2.46334776282310486e-1,4.26872609183192031e-2,2.13436304591596016e-2,-4.92575049400329590e-1,-2.46287524700164795e-1
78,9,7.45098039215686292e-1,7.84313725490196068e-2,1.76470588235294101e-1,-6.85927987098693848e-1,-3.42963993549346924e-1,5.94320931471884473e-2,2.97160465735942236e-2,-6.85796439647674561e-1,-3.42898219823837280e-1
78,10,8.23529411764705843e-1,7.84313725490196068e-2,1.76470588235294101e-1,-8.37752282619476318e-1,-4.18876141309738159e-1,7.25848356261849237e-2,3.62924178130924618e-2,-8.37591588497161865e-1,-4.18795794248580933e-1
78,11,9.01960784313725505e-1,7.84313725490196068e-2,1.76470588235294101e-1,-9.38972771167755127e-1,-4.69486385583877563e-1,8.13390528783202310e-2,4.06695264391601155e-2,-9.38792705535888672e-1,-4.69396352767944336e-1
78,12,9.80392156862745057e-1,5.88235294117647189e-2,1.32352941176470618e-1,-9.83486294746398926e-1,-4.91743147373199463e-1,6.38490853831171906e-2,3.19245426915585953e-2,-9.83297824859619141e-1,-4.91648912429809570e-1
79,0,3.92156862745098034e-2,7.84313725490196068e-2,1.76470588235294101e-1,9.77683126926422119e-1,4.88841563463211060e-1,-8.47114194184541702e-2,-4.23557097092270851e-2,9.77495610713958740e-1,4.88747805356979370e-1
79,1,1.17647058823529410e-1,7.84313725490196068e-2,1.76470588235294101e-1,9.18625056743621826e-1,4.59312528371810913e-1,-7.95940915122628212e-2,-3.97970457561314106e-2,9.18448865413665771e-1,4.59224432706832886e-1
79,2,1.96078431372549017e-1,7.84313725490196068e-2,1.76470588235294101e-1,8.04076552391052246e-1,4.02038276195526123e-1,-6.96697840467095375e-2,-3.48348920233547688e-2,8.03922355175018311e-1,4.01961177587509155e-1
79,3,2.74509803921568651e-1,7.84313725490196068e-2,1.76470588235294101e-1,6.40956521034240723e-1,3.20478260517120361e-1,-5.55351267568767182e-2,-2.77675633784383591e-2,6.40833616256713867e-1,3.20416808128356934e-1
79,4,3.52941176470588203e-1,7.84313725490196068e-2,1.76470588235294101e-1,4.39119189977645874e-1,2.19559594988822937e-1,-3.80477241240441688e-2,-1.90238620620220844e-2,4.39034968614578247e-1,2.19517484307289124e-1
79,5,4.31372549019607865e-1,7.84313725490196068e-2,1.76470588235294101e-1,2.10756212472915649e-1,1.05378106236457825e-1,-1.82610372605268023e-2,-9.13051863026340116e-3,2.10715785622596741e-1,1.05357892811298370e-1
79,6,5.09803921568627416e-1,7.84313725490196068e-2,1.76470588235294101e-1,-3.03377714008092880e-2,-1.51688857004046440e-2,2.62852973537519574e-3,1.31426486768759787e-3,-3.03319524973630905e-2,-1.51659762486815453e-2
79,7,5.88235294117647078e-1,7.84313725490196068e-2,1.76470588235294101e-1,-2.69599229097366333e-1,-1.34799614548683167e-1,2.33597111364360899e-2,1.16798555682180449e-2,-2.69547522068023682e-1,-1.34773761034011841e-1
79,8,6.66666666666666630e-1,7.84313725490196068e-2,1.76470588235294101e-1,-4.92575049400329590e-1,-2.46287524700164795e-1,4.26790106110275236e-2,2.13395053055137618e-2,-4.92480576038360596e-1,-2.46240288019180298e-1
79,9,7.45098039215686292e-1,7.84313725490196068e-2,1.76470588235294101e-1,-6.85796439647674561e-1,-3.42898219823837280e-1,5.94207650050520564e-2,2.97103825025260282e-2,-6.85664892196655273e-1,-3.42832446098327637e-1
79,10,8.23529411764705843e-1,7.84313725490196068e-2,1.76470588235294101e-1,-8.37591588497161865e-1,-4.18795794248580933e-1,7.25708143785595838e-2,3.62854071892797919e-2,-8.37430953979492188e-1,-4.18715476989746094e-1
79,11,9.01960784313725505e-1,7.84313725490196068e-2,1.76470588235294101e-1,-9.38792705535888672e-1,-4.69396352767944336e-1,8.13233217224478833e-2,4.06616608612239416e-2,-9.38612699508666992e-1,-4.69306349754333496e-1
79,12,9.80392156862745057e-1,5.88235294117647189e-2,1.32352941176470618e-1,-9.83297824859619141e-1,-4.91648912429809570e-1,6.38370305299758856e-2,3.19185152649879428e-2,-9.83109414577484131e-1,-4.91554707288742065e-1
80,0,3.92156862745098034e-2,7.84313725490196068e-2,1.76470588235294101e-1,9.77495610713958740e-1,4.88747805356979370e-1,-8.46951752901077271e-2,-4.23475876450538635e-2,9.77308154106140137e-1,4.88654077053070068e-1
80,1,1.17647058823529410e-1,7.84313725490196068e-2,1.76470588235294101e-1,9.18448865413665771e-1,4.59224432706832886e-1,-7.95787878334522081e-2,-3.97893939167261040e-2,9.18272733688354492e-1,4.59136366844177246e-1
80,2,1.96078431372549017e-1,7.84313725490196068e-2,1.76470588235294101e-1,8.03922355175018311e-1,4.01961177587509155e-1,-6.96564467623830008e-2,-3.48282233811915004e-2,8.03768157958984375e-1,4.01884078979492188e-1
80,3,2.74509803921568651e-1,7.84313725490196068e-2,1.76470588235294101e-1,6.40833616256713867e-1,3.20416808128356934e-1,-5.55245253257453109e-2,-2.77622626628726554e-2,6.40710711479187012e-1,3.20355355739593506e-1
80,4,3.52941176470588203e-1,7.84313725490196068e-2,1.76470588235294101e-1,4.39034968614578247e-1,2.19517484307289124e-1,-3.80403928924352153e-2,-1.90201964462176076e-2,4.38950777053833008e-1,2.19475388526916504e-1
80,5,4.31372549019607865e-1,7.84313725490196068e-2,1.76470588235294101e-1,2.10715785622596741e-1,1.05357892811298370e-1,-1.82575212616938876e-2,-9.12876063084694378e-3,2.10675373673439026e-1,1.05337686836719513e-1
80,6,5.09803921568627416e-1,7.84313725490196068e-2,1.76470588235294101e-1,-3.03319524973630905e-2,-1.51659762486815453e-2,2.62801676290108643e-3,1.31400838145054322e-3,-3.03261354565620422e-2,-1.51630677282810211e-2
80,7,5.88235294117647078e-1,7.84313725490196068e-2,1.76470588235294101e-1,-2.69547522068023682e-1,-1.34773761034011841e-1,2.33552333142142410e-2,1.16776166571071205e-2,-2.69495815038681030e-1,-1.34747907519340515e-1
80,8,6.66666666666666630e-1,7.84313725490196068e-2,1.76470588235294101e-1,-4.92480576038360596e-1,-2.46240288019180298e-1,4.26708457991480938e-2,2.13354228995740469e-2,-4.92386132478713989e-1,-2.46193066239356995e-1
80,9,7.45098039215686292e-1,7.84313725490196068e-2,1.76470588235294101e-1,-6.85664892196655273e-1,-3.42832446098327637e-1,5.94093086197972353e-2,2.97046543098986177e-2,-6.85533404350280762e-1,-3.42766702175140381e-1
80,10,8.23529411764705843e-1,7.84313725490196068e-2,1.76470588235294101e-1,-8.37430953979492188e-1,-4.18715476989746094e-1,7.25568786263465770e-2,3.62784393131732885e-2,-8.37270319461822510e-1,-4.18635159730911255e-1
80,11,9.01960784313725505e-1,7.84313725490196068e-2,1.76470588235294101e-1,-9.38612699508666992e-1,-4.69306349754333496e-1,8.13075905665755355e-2,4.06537952832877678e-2,-9.38432693481445312e-1,-4.69216346740722656e-1
80,12,9.80392156862745057e-1,5.88235294117647189e-2,1.32352941176470618e-1,-9.83109414577484131e-1,-4.91554707288742065e-1,6.38249756768345805e-2,3.19124878384172903e-2,-9.82921063899993896e-1,-4.91460531949996948e-1
81,0,3.92156862745098034e-2,7.84313725490196068e-2,1.76470588235294101e-1,9.77308154106140137e-1,4.88654077053070068e-1,-8.46789311617612839e-2,-4.23394655808806419e-2,9.77120697498321533e-1,4.88560348749160767e-1
81,1,1.17647058823529410e-1,7.84313725490196068e-2,1.76470588235294101e-1,9.18272733688354492e-1,4.59136366844177246e-1,-7.95635696500539835e-2,-3.97817848250269918e-2,9.18096601963043213e-1,4.59048300981521606e-1
81,2,1.96078431372549017e-1,7.84313725490196068e-2,1.76470588235294101e-1,8.03768157958984375e-1,4.01884078979492188e-1,-6.96430239826440756e-2,-3.48215119913220378e-2,8.03614020347595215e-1,4.01807010173797607e-1
81,3,2.74509803921568651e-1,7.84313725490196068e-2,1.76470588235294101e-1,6.40710711479187012e-1,3.20355355739593506e-1,-5.55138811469078064e-2,-2.77569405734539032e-2,6.40587806701660156e-1,3.20293903350830078e-1
81,4,3.52941176470588203e-1,7.84313725490196068e-2,1.76470588235294101e-1,4.38950777053833008e-1,2.19475388526916504e-1,-3.80331257823854352e-2,-1.90165628911927176e-2,4.38866585493087769e-1,2.19433292746543884e-1
81,5,4.31372549019607865e-1,7.84313725490196068e-2,1.76470588235294101e-1,2.10675373673439026e-1,1.05337686836719513e-1,-1.82540079345926975e-2,-9.12700396729634877e-3,2.10634961724281311e-1,1.05317480862140656e-1
81,6,5.09803921568627416e-1,7.84313725490196068e-2,1.76470588235294101e-1,-3.03261354565620422e-2,-1.51630677282810211e-2,2.62753050774339192e-3,1.31376525387169596e-3,-3.03203184157609940e-2,-1.51601592078804970e-2
81,7,5.88235294117647078e-1,7.84313725490196068e-2,1.76470588235294101e-1,-2.69495815038681030e-1,-1.34747907519340515e-1,2.33507100725546257e-2,1.16753550362773129e-2,-2.69444137811660767e-1,-1.34722068905830383e-1
81,8,6.66666666666666630e-1,7.84313725490196068e-2,1.76470588235294101e-1,-4.92386132478713989e-1,-2.46193066239356995e-1,4.26626809872686641e-2,2.13313404936343320e-2,-4.92291688919067383e-1,-2.46145844459533691e-1
81,9,7.45098039215686292e-1,7.84313725490196068e-2,1.76470588235294101e-1,-6.85533404350280762e-1,-3.42766702175140381e-1,5.93979804776608999e-2,2.96989902388304500e-2,-6.85401916503906250e-1,-3.42700958251953125e-1
81,10,8.23529411764705843e-1,7.84313725490196068e-2,1.76470588235294101e-1,-8.37270319461822510e-1,-4.18635159730911255e-1,7.25428573787212372e-2,3.62714286893606186e-2,-8.37109744548797607e-1,-4.18554872274398804e-1
81,11,9.01960784313725505e-1,7.84313725490196068e-2,1.76470588235294101e-1,-9.38432693481445312e-1,-4.69216346740722656e-1,8.12917739152908408e-2,4.06458869576454204e-2,-9.38252747058868408e-1,-4.69126373529434204e-1
81,12,9.80392156862745057e-1,5.88235294117647189e-2,1.32352941176470618e-1,-9.82921063899993896e-1,-4.91460531949996948e-1,6.38130063191056224e-2,3.19065031595528112e-2,-9.82732713222503662e-1,-4.91366356611251831e-1
82,0,3.92156862745098034e-2,7.84313725490196068e-2,1.76470588235294101e-1,9.77120697498321533e-1,4.88560348749160767e-1,-8.46626870334148407e-2,-4.23313435167074203e-2,9.76933300495147705e-1,4.88466650247573853e-1
82,1,1.17647058823529410e-1,7.84313725490196068e-2,1.76470588235294101e-1,9.18096601963043213e-1,4.59048300981521606e-1,-7.95482659712433704e-2,-3.97741329856216852e-2,9.17920529842376709e-1,4.58960264921188354e-1
82,2,1.96078431372549017e-1,7.84313725490196068e-2,1.76470588235294101e-1,8.03614020347595215e-1,4.01807010173797607e-1,-6.96297721937298719e-2,-3.48148860968649360e-2,8.03459882736206055e-1,4.01729941368103027e-1
82,3,2.74509803921568651e-1,7.84313725490196068e-2,1.76470588235294101e-1,6.40587806701660156e-1,3.20293903350830078e-1,-5.55031514726579134e-2,-2.77515757363289567e-2,6.40464961528778076e-1,3.20232480764389038e-1
82,4,3.52941176470588203e-1,7.84313725490196068e-2,1.76470588235294101e-1,4.38866585493087769e-1,2.19433292746543884e-1,-3.80258586723357661e-2,-1.90129293361678831e-2,4.38782423734664917e-1,2.19391211867332458e-1
82,5,4.31372549019607865e-1,7.84313725490196068e-2,1.76470588235294101e-1,2.10634961724281311e-1,1.05317480862140656e-1,-1.82504946074913965e-2,-9.12524730374569826e-3,2.10594564676284790e-1,1.05297282338142395e-1
82,6,5.09803921568627416e-1,7.84313725490196068e-2,1.76470588235294101e-1,-3.03203184157609940e-2,-1.51601592078804970e-2,2.62700150487943374e-3,1.31350075243971687e-3,-3.03145032376050949e-2,-1.51572516188025475e-2
82,7,5.88235294117647078e-1,7.84313725490196068e-2,1.76470588235294101e-1,-2.69444137811660767e-1,-1.34722068905830383e-1,2.33462723263073713e-2,1.16731361631536856e-2,-2.69392460584640503e-1,-1.34696230292320251e-1
82,8,6.66666666666666630e-1,7.84313725490196068e-2,1.76470588235294101e-1,-4.92291688919067383e-1,-2.46145844459533691e-1,4.26544734276831372e-2,2.13272367138415686e-2,-4.92197275161743164e-1,-2.46098637580871582e-1
82,9,7.45098039215686292e-1,7.84313725490196068e-2,1.76470588235294101e-1,-6.85401916503906250e-1,-3.42700958251953125e-1,5.93865668401121760e-2,2.96932834200560880e-2,-6.85270488262176514e-1,-3.42635244131088257e-1
82,10,8.23529411764705843e-1,7.84313725490196068e-2,1.76470588235294101e-1,-8.37109744548797607e-1,-4.18554872274398804e-1,7.25289216265082304e-2,3.62644608132541152e-2,-8.36949169635772705e-1,-4.18474584817886353e-1
82,11,9.01960784313725505e-1,7.84313725490196068e-2,1.76470588235294101e-1,-9.38252747058868408e-1,-4.69126373529434204e-1,8.12760427594184931e-2,4.06380213797092465e-2,-9.38072860240936279e-1,-4.69036430120468140e-1
82,12,9.80392156862745057e-1,5.88235294117647189e-2,1.32352941176470618e-1,-9.82732713222503662e-1,-4.91366356611251831e-1,6.38009514659643173e-2,3.19004757329821587e-2,-9.82544422149658203e-1,-4.91272211074829102e-1
83,0,3.92156862745098034e-2,7.84313725490196068e-2,1.76470588235294101e-1,9.76933300495147705e-1,4.88466650247573853e-1,-8.46464429050683975e-2,-4.23232214525341988e-2,9.76745903491973877e-1,4.88372951745986938e-1
83,1,1.17647058823529410e-1,7.84313725490196068e-2,1.76470588235294101e-1,9.17920529842376709e-1,4.58960264921188354e-1,-7.95330477878451181e-2,-3.97665238939225590e-2,9.17744457721710205e-1,4.58872228860855103e-1
83,2,1.96078431372549017e-1,7.84313725490196068e-2,1.76470588235294101e-1,8.03459882736206055e-1,4.01729941368103027e-1,-6.96163494139909744e-2,-3.48081747069954872e-2,8.03305804729461670e-1,4.01652902364730835e-1
83,3,2.74509803921568651e-1,7.84313725490196068e-2,1.76470588235294101e-1,6.40464961528778076e-1,3.20232480764389038e-1,-5.54925500415265616e-2,-2.77462750207632808e-2,6.40342116355895996e-1,3.20171058177947998e-1
83,4,3.52941176470588203e-1,7.84313725490196068e-2,1.76470588235294101e-1,4.38782423734664917e-1,2.19391211867332458e-1,-3.80185701884329097e-2,-1.90092850942164548e-2,4.38698261976242065e-1,2.19349130988121033e-1
83,5,4.31372549019607865e-1,7.84313725490196068e-2,1.76470588235294101e-1,2.10594564676284790e-1,1.05297282338142395e-1,-1.82469839521218202e-2,-9.12349197606091011e-3,2.10554167628288269e-1,1.05277083814144135e-1
83,6,5.09803921568627416e-1,7.84313725490196068e-2,1.76470588235294101e-1,-3.03145032376050949e-2,-1.51572516188025475e-2,2.62649921933189034e-3,1.31324960966594517e-3,-3.03086899220943451e-2,-1.51543449610471725e-2
83,7,5.88235294117647078e-1,7.84313725490196068e-2,1.76470588235294101e-1,-2.69392460584640503e-1,-1.34696230292320251e-1,2.33417891606222949e-2,1.16708945803111475e-2,-2.69340783357620239e-1,-1.34670391678810120e-1
83,8,6.66666666666666630e-1,7.84313725490196068e-2,1.76470588235294101e-1,-4.92197275161743164e-1,-2.46098637580871582e-1,4.26462658680974993e-2,2.13231329340487497e-2,-4.92102861404418945e-1,-2.46051430702209473e-1
83,9,7.45098039215686292e-1,7.84313725490196068e-2,1.76470588235294101e-1,-6.85270488262176514e-1,-3.42635244131088257e-1,5.93752814456820766e-2,2.96876407228410383e-2,-6.85139060020446777e-1,-3.42569530010223389e-1
83,10,8.23529411764705843e-1,7.84313725490196068e-2,1.76470588235294101e-1,-8.36949169635772705e-1,-4.18474584817886353e-1,7.25148148834705297e-2,3.62574074417352649e-2,-8.36788654327392578e-1,-4.18394327163696289e-1
83,11,9.01960784313725505e-1,7.84313725490196068e-2,1.76470588235294101e-1,-9.38072860240936279e-1,-4.69036430120468140e-1,8.12603970989584784e-2,4.06301985494792392e-2,-9.37892973423004150e-1,-4.68946486711502075e-1
83,12,9.80392156862745057e-1,5.88235294117647189e-2,1.32352941176470618e-1,-9.82544422149658203e-1,-4.91272211074829102e-1,6.37888966128230123e-2,3.18944483064115061e-2,-9.82356131076812744e-1,-4.91178065538406372e-1
84,0,3.92156862745098034e-2,7.84313725490196068e-2,1.76470588235294101e-1,9.76745903491973877e-1,4.88372951745986938e-1,-8.46301987767219543e-2,-4.23150993883609772e-2,9.76558566093444824e-1,4.88279283046722412e-1
84,1,1.17647058823529410e-1,7.84313725490196068e-2,1.76470588235294101e-1,9.17744457721710205e-1,4.58872228860855103e-1,-7.95177441090345327e-2,-3.97588720545172664e-2,9.17568445205688477e-1,4.58784222602844238e-1
84,2,1.96078431372549017e-1,7.84313725490196068e-2,1.76470588235294101e-1,8.03305804729461670e-1,4.01652902364730835e-1,-6.96030976250767708e-2,-3.48015488125383854e-2,8.03151726722717285e-1,4.01575863361358643e-1
84,3,2.74509803921568651e-1,7.84313725490196068e-2,1.76470588235294101e-1,6.40342116355895996e-1,3.20171058177947998e-1,-5.54818631149828490e-2,-2.77409315574914245e-2,6.40219330787658691e-1,3.20109665393829346e-1
84,4,3.52941176470588203e-1,7.84313725490196068e-2,1.76470588235294101e-1,4.38698261976242065e-1,2.19349130988121033e-1,-3.80112817045301088e-2,-1.90056408522650544e-2,4.38614130020141602e-1,2.19307065010070801e-1
84,5,4.31372549019607865e-1,7.84313725490196068e-2,1.76470588235294101e-1,2.10554167628288269e-1,1.05277083814144135e-1,-1.82434759684838577e-2,-9.12173798424192883e-3,2.10513785481452942e-1,1.05256892740726471e-1
84,6,5.09803921568627416e-1,7.84313725490196068e-2,1.76470588235294101e-1,-3.03086899220943451e-2,-1.51543449610471725e-2,2.62600227724762991e-3,1.31300113862381496e-3,-3.03028766065835953e-2,-1.51514383032917976e-2
84,7,5.88235294117647078e-1,7.84313725490196068e-2,1.76470588235294101e-1,-2.69340783357620239e-1,-1.34670391678810120e-1,2.33373033232055493e-2,1.16686516616027747e-2,-2.69289135932922363e-1,-1.34644567966461182e-1
84,8,6.66666666666666630e-1,7.84313725490196068e-2,1.76470588235294101e-1,-4.92102861404418945e-1,-2.46051430702209473e-1,4.26380583085119724e-2,2.13190291542559862e-2,-4.92008477449417114e-1,-2.46004238724708557e-1
84,9,7.45098039215686292e-1,7.84313725490196068e-2,1.76470588235294101e-1,-6.85139060020446777e-1,-3.42569530010223389e-1,5.93639105558395330e-2,2.96819552779197665e-2,-6.85007631778717041e-1,-3.42503815889358521e-1
84,10,8.23529411764705843e-1,7.84313725490196068e-2,1.76470588235294101e-1,-8.36788654327392578e-1,-4.18394327163696289e-1,7.25008791312575507e-2,3.62504395656287753e-2,-8.36628198623657227e-1,-4.18314099311828613e-1
84,11,9.01960784313725505e-1,7.84313725490196068e-2,1.76470588235294101e-1,-9.37892973423004150e-1,-4.68946486711502075e-1,8.12446659430861445e-2,4.06223329715430723e-2,-9.37713146209716797e-1,-4.68856573104858398e-1
84,12,9.80392156862745057e-1,5.88235294117647189e-2,1.32352941176470618e-1,-9.82356131076812744e-1,-4.91178065538406372e-1,6.37768417596816933e-2,3.18884208798408467e-2,-9.82167899608612061e-1,-4.91083949804306030e-1
85,0,3.92156862745098034e-2,7.84313725490196068e-2,1.76470588235294101e-1,9.76558566093444824e-1,4.88279283046722412e-1,-8.46139546483755112e-2,-4.23069773241877556e-2,9.76371288299560547e-1,4.88185644149780273e-1
85,1,1.17647058823529410e-1,7.84313725490196068e-2,1.76470588235294101e-1,9.17568445205688477e-1,4.58784222602844238e-1,-7.95025259256362804e-2,-3.97512629628181402e-2,9.17392492294311523e-1,4.58696246147155762e-1
85,2,1.96078431372549017e-1,7.84313725490196068e-2,1.76470588235294101e-1,8.03151726722717285e-1,4.01575863361358643e-1,-6.95896748453378733e-2,-3.47948374226689366e-2,8.02997708320617676e-1,4.01498854160308838e-1
85,3,2.74509803921568651e-1,7.84313725490196068e-2,1.76470588235294101e-1,6.40219330787658691e-1,3.20109665393829346e-1,-5.54713044315576498e-2,-2.77356522157788249e-2,6.40096545219421387e-1,3.20048272609710693e-1
85,4,3.52941176470588203e-1,7.84313725490196068e-2,1.76470588235294101e-1,4.38614130020141602e-1,2.19307065010070801e-1,-3.80039718467742316e-2,-1.90019859233871158e-2,4.38529998064041138e-1,2.19264999032020569e-1
85,5,4.31372549019607865e-1,7.84313725490196068e-2,1.76470588235294101e-1,2.10513785481452942e-1,1.05256892740726471e-1,-1.82399679848458396e-2,-9.11998399242291979e-3,2.10473403334617615e-1,1.05236701667308807e-1
85,6,5.09803921568627416e-1,7.84313725490196068e-2,1.76470588235294101e-1,-3.03028766065835953e-2,-1.51514383032917976e-2,2.62548396131023765e-3,1.31274198065511882e-3,-3.02970651537179947e-2,-1.51485325768589973e-2
85,7,5.88235294117647078e-1,7.84313725490196068e-2,1.76470588235294101e-1,-2.69289135932922363e-1,-1.34644567966461182e-1,2.33328602334950119e-2,1.16664301167475060e-2,-2.69237488508224487e-1,-1.34618744254112244e-1
85,8,6.66666666666666630e-1,7.84313725490196068e-2,1.76470588235294101e-1,-4.92008477449417114e-1,-2.46004238724708557e-1,4.26298934966325427e-2,2.13149467483162713e-2,-4.91914123296737671e-1,-2.45957061648368835e-1
85,9,7.45098039215686292e-1,7.84313725490196068e-2,1.76470588235294101e-1,-6.85007631778717041e-1,-3.42503815889358521e-1,5.93524114228785316e-2,2.96762057114392658e-2,-6.84876263141632080e-1,-3.42438131570816040e-1
85,10,8.23529411764705843e-1,7.84313725490196068e-2,1.76470588235294101e-1,-8.36628198623657227e-1,-4.18314099311828613e-1,7.24870288744568769e-2,3.62435144372284385e-2,-8.36467742919921875e-1,-4.18233871459960938e-1
85,11,9.01960784313725505e-1,7.84313725490196068e-2,1.76470588235294101e-1,-9.37713146209716797e-1,-4.68856573104858398e-1,8.12289347872137968e-2,4.06144673936068984e-2,-9.37533318996429443e-1,-4.68766659498214722e-1
85,12,9.80392156862745057e-1,5.88235294117647189e-2,1.32352941176470618e-1,-9.82167899608612061e-1,-4.91083949804306030e-1,6.37647869065403883e-2,3.18823934532701941e-2,-9.81979727745056152e-1,-4.90989863872528076e-1
86,0,3.92156862745098034e-2,7.84313725490196068e-2,1.76470588235294101e-1,9.76371288299560547e-1,4.88185644149780273e-1,-8.45977105200290680e-2,-4.22988552600145340e-2,9.76184010505676270e-1,4.88092005252838135e-1
86,1,1.17647058823529410e-1,7.84313725490196068e-2,1.76470588235294101e-1,9.17392492294311523e-1,4.58696246147155762e-1,-7.94873077422380281e-2,-3.97436538711190140e-2,9.17216539382934570e-1,4.58608269691467285e-1
86,2,1.96078431372549017e-1,7.84313725490196068e-2,1.76470588235294101e-1,8.02997708320617676e-1,4.01498854160308838e-1,-6.95763375610113366e-2,-3.47881687805056683e-2,8.02843689918518066e-1,4.01421844959259033e-1
86,3,2.74509803921568651e-1,7.84313725490196068e-2,1.76470588235294101e-1,6.40096545219421387e-1,3.20048272609710693e-1,-5.54606602527200898e-2,-2.77303301263600449e-2,6.39973759651184082e-1,3.19986879825592041e-1
86,4,3.52941176470588203e-1,7.84313725490196068e-2,1.76470588235294101e-1,4.38529998064041138e-1,2.19264999032020569e-1,-3.79966619890183543e-2,-1.89983309945091772e-2,4.38445895910263062e-1,2.19222947955131531e-1
86,5,4.31372549019607865e-1,7.84313725490196068e-2,1.76470588235294101e-1,2.10473403334617615e-1,1.05236701667308807e-1,-1.82364626729394907e-2,-9.11823133646974537e-3,2.10433036088943481e-1,1.05216518044471741e-1
86,6,5.09803921568627416e-1,7.84313725490196068e-2,1.76470588235294101e-1,-3.02970651537179947e-2,-1.51485325768589973e-2,2.62497098883612834e-3,1.31248549441806417e-3,-3.02912555634975433e-2,-1.51456277817487717e-2
86,7,5.88235294117647078e-1,7.84313725490196068e-2,1.76470588235294101e-1,-2.69237488508224487e-1,-1.34618744254112244e-1,2.33283717243466526e-2,1.16641858621733263e-2,-2.69185841083526611e-1,-1.34592920541763306e-1
86,8,6.66666666666666630e-1,7.84313725490196068e-2,1.76470588235294101e-1,-4.91914123296737671e-1,-2.45957061648368835e-1,4.26217286847531684e-2,2.13108643423765842e-2,-4.91819769144058228e-1,-2.45909884572029114e-1
86,9,7.45098039215686292e-1,7.84313725490196068e-2,1.76470588235294101e-1,-6.84876263141632080e-1,-3.42438131570816040e-1,5.93410405330359880e-2,2.96705202665179940e-2,-6.84744894504547119e-1,-3.42372447252273560e-1
86,10,8.23529411764705843e-1,7.84313725490196068e-2,1.76470588235294101e-1,-8.36467742919921875e-1,-4.18233871459960938e-1,7.24730931222438979e-2,3.62365465611219489e-2,-8.36307346820831299e-1,-4.18153673410415649e-1
86,11,9.01960784313725505e-1,7.84313725490196068e-2,1.76470588235294101e-1,-9.37533318996429443e-1,-4.68766659498214722e-1,8.12131181359291021e-2,4.06065590679645511e-2,-9.37353551387786865e-1,-4.68676775693893433e-1
86,12,9.80392156862745057e-1,5.88235294117647189e-2,1.32352941176470618e-1,-9.81979727745056152e-1,-4.90989863872528076e-1,6.37528175488114301e-2,3.18764087744057151e-2,-9.81791555881500244e-1,-4.90895777940750122e-1
87,0,3.92156862745098034e-2,7.84313725490196068e-2,1.76470588235294101e-1,9.76184010505676270e-1,4.88092005252838135e-1,-8.45814663916826248e-2,-4.22907331958413124e-2,9.75996792316436768e-1,4.87998396158218384e-1
87,1,1.17647058823529410e-1,7.84313725490196068e-2,1.76470588235294101e-1,9.17216539382934570e-1,4.58608269691467285e-1,-7.94720895588398035e-2,-3.97360447794199018e-2,9.17040646076202393e-1,4.58520323038101196e-1
87,2,1.96078431372549017e-1,7.84313725490196068e-2,1.76470588235294101e-1,8.02843689918518066e-1,4.01421844959259033e-1,-6.95630002766847444e-2,-3.47815001383423722e-2,8.02689731121063232e-1,4.01344865560531616e-1
87,3,2.74509803921568651e-1,7.84313725490196068e-2,1.76470588235294101e-1,6.39973759651184082e-1,3.19986879825592041e-1,-5.54499733261764050e-2,-2.77249866630882025e-2,6.39851033687591553e-1,3.19925516843795776e-1
87,4,3.52941176470588203e-1,7.84313725490196068e-2,1.76470588235294101e-1,4.38445895910263062e-1,2.19222947955131531e-1,-3.79894162528217061e-2,-1.89947081264108530e-2,4.38361793756484985e-1,2.19180896878242493e-1
87,5,4.31372549019607865e-1,7.84313725490196068e-2,1.76470588235294101e-1,2.10433036088943481e-1,1.05216518044471741e-1,-1.82329600327648111e-2,-9.11648001638240557e-3,2.10392683744430542e-1,1.05196341872215271e-1
87,6,5.09803921568627416e-1,7.84313725490196068e-2,1.76470588235294101e-1,-3.02912555634975433e-2,-1.51456277817487717e-2,2.62448473367843382e-3,1.31224236683921691e-3,-3.02854459732770920e-2,-1.51427229866385460e-2
87,7,5.88235294117647078e-1,7.84313725490196068e-2,1.76470588235294101e-1,-2.69185841083526611e-1,-1.34592920541763306e-1,2.33238805434666241e-2,1.16619402717333120e-2,-2.69134223461151123e-1,-1.34567111730575562e-1
87,8,6.66666666666666630e-1,7.84313725490196068e-2,1.76470588235294101e-1,-4.91819769144058228e-1,-2.45909884572029114e-1,4.26135638728737942e-2,2.13067819364368971e-2,-4.91725444793701172e-1,-2.45862722396850586e-1
87,9,7.45098039215686292e-1,7.84313725490196068e-2,1.76470588235294101e-1,-6.84744894504547119e-1,-3.42372447252273560e-1,5.93295841477811392e-2,2.96647920738905696e-2,-6.84613585472106934e-1,-3.42306792736053467e-1
87,10,8.23529411764705843e-1,7.84313725490196068e-2,1.76470588235294101e-1,-8.36307346820831299e-1,-4.18153673410415649e-1,7.24592428654432241e-2,3.62296214327216121e-2,-8.36146950721740723e-1,-4.18073475360870361e-1
87,11,9.01960784313725505e-1,7.84313725490196068e-2,1.76470588235294101e-1,-9.37353551387786865e-1,-4.68676775693893433e-1,8.11973869800567544e-2,4.05986934900283772e-2,-9.37173843383789062e-1,-4.68586921691894531e-1
87,12,9.80392156862745057e-1,5.88235294117647189e-2,1.32352941176470618e-1,-9.81791555881500244e-1,-4.90895777940750122e-1,6.37407626956701251e-2,3.18703813478350625e-2,-9.81603443622589111e-1,-4.90801721811294556e-1
88,0,3.92156862745098034e-2,7.84313725490196068e-2,1.76470588235294101e-1,9.75996792316436768e-1,4.87998396158218384e-1,-8.45652222633361816e-2,-4.22826111316680908e-2,9.75809574127197266e-1,4.87904787063598633e-1
88,1,1.17647058823529410e-1,7.84313725490196068e-2,1.76470588235294101e-1,9.17040646076202393e-1,4.58520323038101196e-1,-7.94568713754415512e-2,-3.97284356877207756e-2,9.16864752769470215e-1,4.58432376384735107e-1
88,2,1.96078431372549017e-1,7.84313725490196068e-2,1.76470588235294101e-1,8.02689731121063232e-1,4.01344865560531616e-1,-6.95496629923582077e-2,-3.47748314961791039e-2,8.02535772323608398e-1,4.01267886161804199e-1
88,3,2.74509803921568651e-1,7.84313725490196068e-2,1.76470588235294101e-1,6.39851033687591553e-1,3.19925516843795776e-1,-5.54393718950450531e-2,-2.77196859475225266e-2,6.39728307723999023e-1,3.19864153861999512e-1
88,4,3.52941176470588203e-1,7.84313725490196068e-2,1.76470588235294101e-1,4.38361793756484985e-1,2.19180896878242493e-1,-3.79820636473595652e-2,-1.89910318236797826e-2,4.38277721405029297e-1,2.19138860702514648e-1
88,5,4.31372549019607865e-1,7.84313725490196068e-2,1.76470588235294101e-1,2.10392683744430542e-1,1.05196341872215271e-1,-1.82295001402963397e-2,-9.11475007014816985e-3,2.10352331399917603e-1,1.05176165699958801e-1
88,6,5.09803921568627416e-1,7.84313725490196068e-2,1.76470588235294101e-1,-3.02854459732770920e-2,-1.51427229866385460e-2,2.62397710466760747e-3,1.31198855233380374e-3,-3.02796382457017899e-2,-1.51398191228508949e-2
88,7,5.88235294117647078e-1,7.84313725490196068e-2,1.76470588235294101e-1,-2.69134223461151123e-1,-1.34567111730575562e-1,2.33194321102928037e-2,1.16597160551464019e-2,-2.69082605838775635e-1,-1.34541302919387817e-1
88,8,6.66666666666666630e-1,7.84313725490196068e-2,1.76470588235294101e-1,-4.91725444793701172e-1,-2.45862722396850586e-1,4.26053563132882118e-2,2.13026781566441059e-2,-4.91631150245666504e-1,-2.45815575122833252e-1
88,9,7.45098039215686292e-1,7.84313725490196068e-2,1.76470588235294101e-1,-6.84613585472106934e-1,-3.42306792736053467e-1,5.93182560056448038e-2,2.96591280028224019e-2,-6.84482276439666748e-1,-3.42241138219833374e-1
88,10,8.23529411764705843e-1,7.84313725490196068e-2,1.76470588235294101e-1,-8.36146950721740723e-1,-4.18073475360870361e-1,7.24452216178178843e-2,3.62226108089089421e-2,-8.35986614227294922e-1,-4.17993307113647461e-1
88,11,9.01960784313725505e-1,7.84313725490196068e-2,1.76470588235294101e-1,-9.37173843383789062e-1,-4.68586921691894531e-1,8.11817413195967674e-2,4.05908706597983837e-2,-9.36994135379791260e-1,-4.68497067689895630e-1
88,12,9.80392156862745057e-1,5.88235294117647189e-2,1.32352941176470618e-1,-9.81603443622589111e-1,-4.90801721811294556e-1,6.37287078425288200e-2,3.18643539212644100e-2,-9.81415331363677979e-1,-4.90707665681838989e-1
89,0,3.92156862745098034e-2,7.84313725490196068e-2,1.76470588235294101e-1,9.75809574127197266e-1,4.87904787063598633e-1,-8.45489781349897385e-2,-4.22744890674948692e-2,9.75622415542602539e-1,4.87811207771301270e-1
89,1,1.17647058823529410e-1,7.84313725490196068e-2,1.76470588235294101e-1,9.16864752769470215e-1,4.58432376384735107e-1,-7.94416531920432989e-2,-3.97208265960216494e-2,9.16688919067382812e-1,4.58344459533691406e-1
89,2,1.96078431372549017e-1,7.84313725490196068e-2,1.76470588235294101e-1,8.02535772323608398e-1,4.01267886161804199e-1,-6.95363257080316433e-2,-3.47681628540158216e-2,8.02381873130798340e-1,4.01190936565399170e-1
89,3,2.74509803921568651e-1,7.84313725490196068e-2,1.76470588235294101e-1,6.39728307723999023e-1,3.19864153861999512e-1,-5.54287277162075209e-2,-2.77143638581037605e-2,6.39605641365051270e-1,3.19802820682525635e-1
89,4,3.52941176470588203e-1,7.84313725490196068e-2,1.76470588235294101e-1,4.38277721405029297e-1,2.19138860702514648e-1,-3.79747965373098961e-2,-1.89873982686549481e-2,4.38193649053573608e-1,2.19096824526786804e-1
89,5,4.31372549019607865e-1,7.84313725490196068e-2,1.76470588235294101e-1,2.10352331399917603e-1,1.05176165699958801e-1,-1.82260001718532183e-2,-9.11300008592660915e-3,2.10311993956565857e-1,1.05155996978282928e-1
89,6,5.09803921568627416e-1,7.84313725490196068e-2,1.76470588235294101e-1,-3.02796382457017899e-2,-1.51398191228508949e-2,2.62347481912000857e-3,1.31173740956000429e-3,-3.02738305181264877e-2,-1.51369152590632439e-2
89,7,5.88235294117647078e-1,7.84313725490196068e-2,1.76470588235294101e-1,-2.69082605838775635e-1,-1.34541302919387817e-1,2.33149382576812170e-2,1.16574691288406085e-2,-2.69030988216400146e-1,-1.34515494108200073e-1
89,8,6.66666666666666630e-1,7.84313725490196068e-2,1.76470588235294101e-1,-4.91631150245666504e-1,-2.45815575122833252e-1,4.25972342491149902e-2,2.12986171245574951e-2,-4.91536855697631836e-1,-2.45768427848815918e-1
89,9,7.45098039215686292e-1,7.84313725490196068e-2,1.76470588235294101e-1,-6.84482276439666748e-1,-3.42241138219833374e-1,5.93067996203899550e-2,2.96533998101949775e-2,-6.84351027011871338e-1,-3.42175513505935669e-1
89,10,8.23529411764705843e-1,7.84313725490196068e-2,1.76470588235294101e-1,-8.35986614227294922e-1,-4.17993307113647461e-1,7.24313713610172105e-2,3.62156856805086053e-2,-8.35826277732849121e-1,-4.17913138866424561e-1
89,11,9.01960784313725505e-1,7.84313725490196068e-2,1.76470588235294101e-1,-9.36994135379791260e-1,-4.68497067689895630e-1,8.11660101637244197e-2,4.05830050818622098e-2,-9.36814486980438232e-1,-4.68407243490219116e-1
89,12,9.80392156862745057e-1,5.88235294117647189e-2,1.32352941176470618e-1,-9.81415331363677979e-1,-4.90707665681838989e-1,6.37166529893875150e-2,3.18583264946937575e-2,-9.81227278709411621e-1,-4.90613639354705811e-1
90,0,3.92156862745098034e-2,7.84313725490196068e-2,1.76470588235294101e-1,9.75622415542602539e-1,4.87811207771301270e-1,-8.45327340066432953e-2,-4.22663670033216476e-2,9.75435316562652588e-1,4.87717658281326294e-1
90,1,1.17647058823529410e-1,7.84313725490196068e-2,1.76470588235294101e-1,9.16688919067382812e-1,4.58344459533691406e-1,-7.94264350086450466e-2,-3.97132175043225233e-2,9.16513085365295410e-1,4.58256542682647705e-1
90,2,1.96078431372549017e-1,7.84313725490196068e-2,1.76470588235294101e-1,8.02381873130798340e-1,4.01190936565399170e-1,-6.95229884237051066e-2,-3.47614942118525533e-2,8.02227973937988281e-1,4.01113986968994141e-1
90,3,2.74509803921568651e-1,7.84313725490196068e-2,1.76470588235294101e-1,6.39605641365051270e-1,3.19802820682525635e-1,-5.54181690327823218e-2,-2.77090845163911609e-2,6.39482975006103516e-1,3.19741487503051758e-1
90,4,3.52941176470588203e-1,7.84313725490196068e-2,1.76470588235294101e-1,4.38193649053573608e-1,2.19096824526786804e-1,-3.79674225579947344e-2,-1.89837112789973672e-2,4.38109606504440308e-1,2.19054803252220154e-1
90,5,4.31372549019607865e-1,7.84313725490196068e-2,1.76470588235294101e-1,2.10311993956565857e-1,1.05155996978282928e-1,-1.82225429511163051e-2,-9.11127147555815253e-3,2.10271656513214111e-1,1.05135828256607056e-1
90,6,5.09803921568627416e-1,7.84313725490196068e-2,1.76470588235294101e-1,-3.02738305181264877e-2,-1.51369152590632439e-2,2.62299390742554150e-3,1.31149695371277075e-3,-3.02680246531963348e-2,-1.51340123265981674e-2
90,7,5.88235294117647078e-1,7.84313725490196068e-2,1.76470588235294101e-1,-2.69030988216400146e-1,-1.34515494108200073e-1,2.33104444050695747e-2,1.16552222025347874e-2,-2.68979400396347046e-1,-1.34489700198173523e-1
90,8,6.66666666666666630e-1,7.84313725490196068e-2,1.76470588235294101e-1,-4.91536855697631836e-1,-2.45768427848815918e-1,4.25890266895294078e-2,2.12945133447647039e-2,-4.91442590951919556e-1,-2.45721295475959778e-1
90,9,7.45098039215686292e-1,7.84313725490196068e-2,1.76470588235294101e-1,-6.84351027011871338e-1,-3.42175513505935669e-1,5.92955142259597723e-2,2.96477571129798861e-2,-6.84219777584075928e-1,-3.42109888792037964e-1
90,10,8.23529411764705843e-1,7.84313725490196068e-2,1.76470588235294101e-1,-8.35826277732849121e-1,-4.17913138866424561e-1,7.24173501133918984e-2,3.62086750566959492e-2,-8.35666000843048096e-1,-4.17833000421524048e-1
90,11,9.01960784313725505e-1,7.84313725490196068e-2,1.76470588235294101e-1,-9.36814486980438232e-1,-4.68407243490219116e-1,8.11503645032644189e-2,4.05751822516322094e-2,-9.36634838581085205e-1,-4.68317419290542603e-1
90,12,9.80392156862745057e-1,5.88235294117647189e-2,1.32352941176470618e-1,-9.81227278709411621e-1,-4.90613639354705811e-1,6.37045981362461960e-2,3.18522990681230980e-2,-9.81039285659790039e-1,-4.90519642829895020e-1
91,0,3.92156862745098034e-2,7.84313725490196068e-2,1.76470588235294101e-1,9.75435316562652588e-1,4.87717658281326294e-1,-8.45165753737091990e-2,-4.22582876868545995e-2,9.75248217582702637e-1,4.87624108791351318e-1
91,1,1.17647058823529410e-1,7.84313725490196068e-2,1.76470588235294101e-1,9.16513085365295410e-1,4.58256542682647705e-1,-7.94111313298344473e-2,-3.97055656649172237e-2,9.16337311267852783e-1,4.58168655633926392e-1
91,2,1.96078431372549017e-1,7.84313725490196068e-2,1.76470588235294101e-1,8.02227973937988281e-1,4.01113986968994141e-1,-6.95096511393785699e-2,-3.47548255696892849e-2,8.02074134349822998e-1,4.01037067174911499e-1
91,3,2.74509803921568651e-1,7.84313725490196068e-2,1.76470588235294101e-1,6.39482975006103516e-1,3.19741487503051758e-1,-5.54075676016509144e-2,-2.77037838008254572e-2,6.39360308647155762e-1,3.19680154323577881e-1
91,4,3.52941176470588203e-1,7.84313725490196068e-2,1.76470588235294101e-1,4.38109606504440308e-1,2.19054803252220154e-1,-3.79601340740919335e-2,-1.89800670370459668e-2,4.38025593757629395e-1,2.19012796878814697e-1
91,5,4.31372549019607865e-1,7.84313725490196068e-2,1.76470588235294101e-1,2.10271656513214111e-1,1.05135828256607056e-1,-1.82190456544049084e-2,-9.10952282720245421e-3,2.10231333971023560e-1,1.05115666985511780e-1
91,6,5.09803921568627416e-1,7.84313725490196068e-2,1.76470588235294101e-1,-3.02680246531963348e-2,-1.51340123265981674e-2,2.62247559148820475e-3,1.31123779574410237e-3,-3.02622187882661819e-2,-1.51311093941330910e-2
91,7,5.88235294117647078e-1,7.84313725490196068e-2,1.76470588235294101e-1,-2.68979400396347046e-1,-1.34489700198173523e-1,2.33059906284324714e-2,1.16529953142162357e-2,-2.68927812576293945e-1,-1.34463906288146973e-1
91,8,6.66666666666666630e-1,7.84313725490196068e-2,1.76470588235294101e-1,-4.91442590951919556e-1,-2.45721295475959778e-1,4.25808618776500336e-2,2.12904309388250168e-2,-4.91348326206207275e-1,-2.45674163103103638e-1
91,9,7.45098039215686292e-1,7.84313725490196068e-2,1.76470588235294101e-1,-6.84219777584075928e-1,-3.42109888792037964e-1,5.92841005884110761e-2,2.96420502942055381e-2,-6.84088528156280518e-1,-3.42044264078140259e-1
91,10,8.23529411764705843e-1,7.84313725490196068e-2,1.76470588235294101e-1,-8.35666000843048096e-1,-4.17833000421524048e-1,7.24034998565912247e-2,3.62017499282956123e-2,-8.35505723953247070e-1,-4.17752861976623535e-1
91,11,9.01960784313725505e-1,7.84313725490196068e-2,1.76470588235294101e-1,-9.36634838581085205e-1,-4.68317419290542603e-1,8.11345478519797242e-2,4.05672739259898621e-2,-9.36455249786376953e-1,-4.68227624893188477e-1
91,12,9.80392156862745057e-1,5.88235294117647189e-2,1.32352941176470618e-1,-9.81039285659790039e-1,-4.90519642829895020e-1,6.36926287785172379e-2,3.18463143892586190e-2,-9.80851292610168457e-1,-4.90425646305084229e-1
92,0,3.92156862745098034e-2,7.84313725490196068e-2,1.76470588235294101e-1,9.75248217582702637e-1,4.87624108791351318e-1,-8.45003312453627559e-2,-4.22501656226813779e-2,9.75061178207397461e-1,4.87530589103698730e-1
92,1,1.17647058823529410e-1,7.84313725490196068e-2,1.76470588235294101e-1,9.16337311267852783e-1,4.58168655633926392e-1,-7.93959131464362228e-2,-3.96979565732181114e-2,9.16161537170410156e-1,4.58080768585205078e-1
92,2,1.96078431372549017e-1,7.84313725490196068e-2,1.76470588235294101e-1,8.02074134349822998e-1,4.01037067174911499e-1,-6.94963993504643385e-2,-3.47481996752321692e-2,8.01920294761657715e-1,4.00960147380828857e-1
92,3,2.74509803921568651e-1,7.84313725490196068e-2,1.76470588235294101e-1,6.39360308647155762e-1,3.19680154323577881e-1,-5.53968379274010769e-2,-2.76984189637005385e-2,6.39237701892852783e-1,3.19618850946426392e-1
92,4,3.52941176470588203e-1,7.84313725490196068e-2,1.76470588235294101e-1,4.38025593757629395e-1,2.19012796878814697e-1,-3.79529097117483616e-2,-1.89764548558741808e-2,4.37941581010818481e-1,2.18970790505409241e-1
92,5,4.31372549019607865e-1,7.84313725490196068e-2,1.76470588235294101e-1,2.10231333971023560e-1,1.05115666985511780e-1,-1.82155483576934563e-2,-9.10777417884672813e-3,2.10191011428833008e-1,1.05095505714416504e-1
92,6,5.09803921568627416e-1,7.84313725490196068e-2,1.76470588235294101e-1,-3.02622187882661819e-2,-1.51311093941330910e-2,2.62197864940388881e-3,1.31098932470194440e-3,-3.02564147859811783e-2,-1.51282073929905891e-2
92,7,5.88235294117647078e-1,7.84313725490196068e-2,1.76470588235294101e-1,-2.68927812576293945e-1,-1.34463906288146973e-1,2.33015368517954236e-2,1.16507684258977118e-2,-2.68876224756240845e-1,-1.34438112378120422e-1
92,8,6.66666666666666630e-1,7.84313725490196068e-2,1.76470588235294101e-1,-4.91348326206207275e-1,-2.45674163103103638e-1,4.25726970657706039e-2,2.12863485328853019e-2,-4.91254091262817383e-1,-2.45627045631408691e-1
92,9,7.45098039215686292e-1,7.84313725490196068e-2,1.76470588235294101e-1,-6.84088528156280518e-1,-3.42044264078140259e-1,5.92726869508624077e-2,2.96363434754312038e-2,-6.83957338333129883e-1,-3.41978669166564941e-1
92,10,8.23529411764705843e-1,7.84313725490196068e-2,1.76470588235294101e-1,-8.35505723953247070e-1,-4.17752861976623535e-1,7.23895641043782179e-2,3.61947820521891089e-2,-8.35345506668090820e-1,-4.17672753334045410e-1
92,11,9.01960784313725505e-1,7.84313725490196068e-2,1.76470588235294101e-1,-9.36455249786376953e-1,-4.68227624893188477e-1,8.11189021915197372e-2,4.05594510957598686e-2,-9.36275660991668701e-1,-4.68137830495834351e-1
92,12,9.80392156862745057e-1,5.88235294117647189e-2,1.32352941176470618e-1,-9.80851292610168457e-1,-4.90425646305084229e-1,6.36805739253759329e-2,3.18402869626879664e-2,-9.80663359165191650e-1,-4.90331679582595825e-1
93,0,3.92156862745098034e-2,7.84313725490196068e-2,1.76470588235294101e-1,9.75061178207397461e-1,4.87530589103698730e-1,-8.44841726124286596e-2,-4.22420863062143298e-2,9.74874198436737061e-1,4.87437099218368530e-1
93,1,1.17647058823529410e-1,7.84313725490196068e-2,1.76470588235294101e-1,9.16161537170410156e-1,4.58080768585205078e-1,-7.93806094676256235e-2,-3.96903047338128118e-2,9.15985822677612305e-1,4.57992911338806152e-1
93,2,1.96078431372549017e-1,7.84313725490196068e-2,1.76470588235294101e-1,8.01920294761657715e-1,4.00960147380828857e-1,-6.94830620661377740e-2,-3.47415310330688870e-2,8.01766514778137207e-1,4.00883257389068604e-1
93,3,2.74509803921568651e-1,7.84313725490196068e-2,1.76470588235294101e-1,6.39237701892852783e-1,3.19618850946426392e-1,-5.53862792439759055e-2,-2.76931396219879528e-2,6.39115095138549805e-1,3.19557547569274902e-1
93,4,3.52941176470588203e-1,7.84313725490196068e-2,1.76470588235294101e-1,4.37941581010818481e-1,2.18970790505409241e-1,-3.79455998539924289e-2,-1.89727999269962144e-2,4.37857598066329956e-1,2.18928799033164978e-1
93,5,4.31372549019607865e-1,7.84313725490196068e-2,1.76470588235294101e-1,2.10191011428833008e-1,1.05095505714416504e-1,-1.82120537327136733e-2,-9.10602686635683667e-3,2.10150703787803650e-1,1.05075351893901825e-1
93,6,5.09803921568627416e-1,7.84313725490196068e-2,1.76470588235294101e-1,-3.02564147859811783e-2,-1.51282073929905891e-2,2.62148705078285582e-3,1.31074352539142791e-3,-3.02506126463413239e-2,-1.51253063231706619e-2
93,7,5.88235294117647078e-1,7.84313725490196068e-2,1.76470588235294101e-1,-2.68876224756240845e-1,-1.34438112378120422e-1,2.32970376557204983e-2,1.16485188278602492e-2,-2.68824666738510132e-1,-1.34412333369255066e-1
93,8,6.66666666666666630e-1,7.84313725490196068e-2,1.76470588235294101e-1,-4.91254091262817383e-1,-2.45627045631408691e-1,4.25645322538912296e-2,2.12822661269456148e-2,-4.91159886121749878e-1,-2.45579943060874939e-1
93,9,7.45098039215686292e-1,7.84313725490196068e-2,1.76470588235294101e-1,-6.83957338333129883e-1,-3.41978669166564941e-1,5.92613160610198919e-2,2.96306580305099460e-2,-6.83826148509979248e-1,-3.41913074254989624e-1
93,10,8.23529411764705843e-1,7.84313725490196068e-2,1.76470588235294101e-1,-8.35345506668090820e-1,-4.17672753334045410e-1,7.23757138475775719e-2,3.61878569237887859e-2,-8.35185289382934570e-1,-4.17592644691467285e-1
93,11,9.01960784313725505e-1,7.84313725490196068e-2,1.76470588235294101e-1,-9.36275660991668701e-1,-4.68137830495834351e-1,8.11030855402350426e-2,4.05515427701175213e-2,-9.36096131801605225e-1,-4.68048065900802612e-1
93,12,9.80392156862745057e-1,5.88235294117647189e-2,1.32352941176470618e-1,-9.80663359165191650e-1,-4.90331679582595825e-1,6.36686045676469747e-2,3.18343022838234874e-2,-9.80475425720214844e-1,-4.90237712860107422e-1
94,0,3.92156862745098034e-2,7.84313725490196068e-2,1.76470588235294101e-1,9.74874198436737061e-1,4.87437099218368530e-1,-8.44680139794945634e-2,-4.22340069897472817e-2,9.74687218666076660e-1,4.87343609333038330e-1
94,1,1.17647058823529410e-1,7.84313725490196068e-2,1.76470588235294101e-1,9.15985822677612305e-1,4.57992911338806152e-1,-7.93653057888150243e-2,-3.96826528944075121e-2,9.15810167789459229e-1,4.57905083894729614e-1
94,2,1.96078431372549017e-1,7.84313725490196068e-2,1.76470588235294101e-1,8.01766514778137207e-1,4.00883257389068604e-1,-6.94698102772235981e-2,-3.47349051386117991e-2,8.01612734794616699e-1,4.00806367397308350e-1
94,3,2.74509803921568651e-1,7.84313725490196068e-2,1.76470588235294101e-1,6.39115095138549805e-1,3.19557547569274902e-1,-5.53755923174321374e-2,-2.76877961587160687e-2,6.38992547988891602e-1,3.19496273994445801e-1
94,4,3.52941176470588203e-1,7.84313725490196068e-2,1.76470588235294101e-1,4.37857598066329956e-1,2.18928799033164978e-1,-3.79383541177958361e-2,-1.89691770588979181e-2,4.37773615121841431e-1,2.18886807560920715e-1
94,5,4.31372549019607865e-1,7.84313725490196068e-2,1.76470588235294101e-1,2.10150703787803650e-1,1.05075351893901825e-1,-1.82085617794655041e-2,-9.10428088973275207e-3,2.10110396146774292e-1,1.05055198073387146e-1
94,6,5.09803921568627416e-1,7.84313725490196068e-2,1.76470588235294101e-1,-3.02506126463413239e-2,-1.51253063231706619e-2,2.62097942177202947e-3,1.31048971088601474e-3,-3.02448105067014694e-2,-1.51224052533507347e-2
94,7,5.88235294117647078e-1,7.84313725490196068e-2,1.76470588235294101e-1,-2.68824666738510132e-1,-1.34412333369255066e-1,2.32925785356201120e-2,1.16462892678100560e-2,-2.68773108720779419e-1,-1.34386554360389709e-1
94,8,6.66666666666666630e-1,7.84313725490196068e-2,1.76470588235294101e-1,-4.91159886121749878e-1,-2.45579943060874939e-1,4.25564101897180080e-2,2.12782050948590040e-2,-4.91065680980682373e-1,-2.45532840490341187e-1
94,9,7.45098039215686292e-1,7.84313725490196068e-2,1.76470588235294101e-1,-6.83826148509979248e-1,-3.41913074254989624e-1,5.92499024234712235e-2,2.96249512117356117e-2,-6.83695018291473389e-1,-3.41847509145736694e-1
94,10,8.23529411764705843e-1,7.84313725490196068e-2,1.76470588235294101e-1,-8.35185289382934570e-1,-4.17592644691467285e-1,7.23617780953645651e-2,3.61808890476822825e-2,-8.35025131702423096e-1,-4.17512565851211548e-1
94,11,9.01960784313725505e-1,7.84313725490196068e-2,1.76470588235294101e-1,-9.36096131801605225e-1,-4.68048065900802612e-1,8.10874398797750556e-2,4.05437199398875278e-2,-9.35916662216186523e-1,-4.67958331108093262e-1
94,12,9.80392156862745057e-1,5.88235294117647189e-2,1.32352941176470618e-1,-9.80475425720214844e-1,-4.90237712860107422e-1,6.36565497145056697e-2,3.18282748572528348e-2,-9.80287551879882812e-1,-4.90143775939941406e-1
95,0,3.92156862745098034e-2,7.84313725490196068e-2,1.76470588235294101e-1,9.74687218666076660e-1,4.87343609333038330e-1,-8.44517698511481202e-2,-4.22258849255740601e-2,9.74500298500061035e-1,4.87250149250030518e-1
95,1,1.17647058823529410e-1,7.84313725490196068e-2,1.76470588235294101e-1,9.15810167789459229e-1,4.57905083894729614e-1,-7.93501731008291328e-2,-3.96750865504145664e-2,9.15634512901306152e-1,4.57817256450653076e-1
95,2,1.96078431372549017e-1,7.84313725490196068e-2,1.76470588235294101e-1,8.01612734794616699e-1,4.00806367397308350e-1,-6.94563874974846729e-2,-3.47281937487423364e-2,8.01459014415740967e-1,4.00729507207870483e-1
95,3,2.74509803921568651e-1,7.84313725490196068e-2,1.76470588235294101e-1,6.38992547988891602e-1,3.19496273994445801e-1,-5.53650763817131741e-2,-2.76825381908565871e-2,6.38870000839233398e-1,3.19435000419616699e-1
95,4,3.52941176470588203e-1,7.84313725490196068e-2,1.76470588235294101e-1,4.37773615121841431e-1,2.18886807560920715e-1,-3.79310228861868270e-2,-1.89655114430934135e-2,4.37689661979675293e-1,2.18844830989837646e-1
95,5,4.31372549019607865e-1,7.84313725490196068e-2,1.76470588235294101e-1,2.10110396146774292e-1,1.05055198073387146e-1,-1.82050698262173349e-2,-9.10253491310866747e-3,2.10070103406906128e-1,1.05035051703453064e-1
95,6,5.09803921568627416e-1,7.84313725490196068e-2,1.76470588235294101e-1,-3.02448105067014694e-2,-1.51224052533507347e-2,2.62047179276120312e-3,1.31023589638060156e-3,-3.02390102297067642e-2,-1.51195051148533821e-2
95,7,5.88235294117647078e-1,7.84313725490196068e-2,1.76470588235294101e-1,-2.68773108720779419e-1,-1.34386554360389709e-1,2.32881194155197813e-2,1.16440597077598906e-2,-2.68721550703048706e-1,-1.34360775351524353e-1
95,8,6.66666666666666630e-1,7.84313725490196068e-2,1.76470588235294101e-1,-4.91065680980682373e-1,-2.45532840490341187e-1,4.25482026301324257e-2,2.12741013150662128e-2,-4.90971505641937256e-1,-2.45485752820968628e-1
95,9,7.45098039215686292e-1,7.84313725490196068e-2,1.76470588235294101e-1,-6.83695018291473389e-1,-3.41847509145736694e-1,5.92385742813348604e-2,2.96192871406674302e-2,-6.83563888072967529e-1,-3.41781944036483765e-1
95,10,8.23529411764705843e-1,7.84313725490196068e-2,1.76470588235294101e-1,-8.35025131702423096e-1,-4.17512565851211548e-1,7.23478423431515860e-2,3.61739211715757930e-2,-8.34864974021911621e-1,-4.17432487010955811e-1
95,11,9.01960784313725505e-1,7.84313725490196068e-2,1.76470588235294101e-1,-9.35916662216186523e-1,-4.67958331108093262e-1,8.10717942193150409e-2,4.05358971096575205e-2,-9.35737192630767822e-1,-4.67868596315383911e-1
95,12,9.80392156862745057e-1,5.88235294117647189e-2,1.32352941176470618e-1,-9.80287551879882812e-1,-4.90143775939941406e-1,6.36444948613643646e-2,3.18222474306821823e-2,-9.80099737644195557e-1,-4.90049868822097778e-1
96,0,3.92156862745098034e-2,7.84313725490196068e-2,1.76470588235294101e-1,9.74500298500061035e-1,4.87250149250030518e-1,-8.44356112182140378e-2,-4.22178056091070189e-2,9.74313378334045410e-1,4.87156689167022705e-1
96,1,1.17647058823529410e-1,7.84313725490196068e-2,1.76470588235294101e-1,9.15634512901306152e-1,4.57817256450653076e-1,-7.93348694220185197e-2,-3.96674347110092598e-2,9.15458917617797852e-1,4.57729458808898926e-1
96,2,1.96078431372549017e-1,7.84313725490196068e-2,1.76470588235294101e-1,8.01459014415740967e-1,4.00729507207870483e-1,-6.94431357085704692e-2,-3.47215678542852346e-2,8.01305294036865234e-1,4.00652647018432617e-1
96,3,2.74509803921568651e-1,7.84313725490196068e-2,1.76470588235294101e-1,6.38870000839233398e-1,3.19435000419616699e-1,-5.53544322028756419e-2,-2.76772161014378210e-2,6.38747453689575195e-1,3.19373726844787598e-1
96,4,3.52941176470588203e-1,7.84313725490196068e-2,1.76470588235294101e-1,4.37689661979675293e-1,2.18844830989837646e-1,-3.79237557761371025e-2,-1.89618778880685512e-2,4.37605708837509155e-1,2.18802854418754578e-1
96,5,4.31372549019607865e-1,7.84313725490196068e-2,1.76470588235294101e-1,2.10070103406906128e-1,1.05035051703453064e-1,-1.82015805447008350e-2,-9.10079027235041749e-3,2.10029810667037964e-1,1.05014905333518982e-1
96,6,5.09803921568627416e-1,7.84313725490196068e-2,1.76470588235294101e-1,-3.02390102297067642e-2,-1.51195051148533821e-2,2.61999088106679157e-3,1.30999544053339578e-3,-3.02332099527120590e-2,-1.51166049763560295e-2
96,7,5.88235294117647078e-1,7.84313725490196068e-2,1.76470588235294101e-1,-2.68721550703048706e-1,-1.34360775351524353e-1,2.32836148759815731e-2,1.16418074379907865e-2,-2.68670022487640381e-1,-1.34335011243820190e-1
96,8,6.66666666666666630e-1,7.84313725490196068e-2,1.76470588235294101e-1,-4.90971505641937256e-1,-2.45485752820968628e-1,4.25400805659592041e-2,2.12700402829796020e-2,-4.90877330303192139e-1,-2.45438665151596069e-1
96,9,7.45098039215686292e-1,7.84313725490196068e-2,1.76470588235294101e-1,-6.83563888072967529e-1,-3.41781944036483765e-1,5.92272033914923723e-2,2.96136016957461862e-2,-6.83432757854461670e-1,-3.41716378927230835e-1
96,10,8.23529411764705843e-1,7.84313725490196068e-2,1.76470588235294101e-1,-8.34864974021911621e-1,-4.17432487010955811e-1,7.23339065909385515e-2,3.61669532954692757e-2,-8.34704875946044922e-1,-4.17352437973022461e-1
96,11,9.01960784313725505e-1,7.84313725490196068e-2,1.76470588235294101e-1,-9.35737192630767822e-1,-4.67868596315383911e-1,8.10560630634427071e-2,4.05280315317213535e-2,-9.35557782649993896e-1,-4.67778891324996948e-1
96,12,9.80392156862745057e-1,5.88235294117647189e-2,1.32352941176470618e-1,-9.80099737644195557e-1,-4.90049868822097778e-1,6.36325255036354065e-2,3.18162627518177032e-2,-9.79911923408508301e-1,-4.89955961704254150e-1
97,0,3.92156862745098034e-2,7.84313725490196068e-2,1.76470588235294101e-1,9.74313378334045410e-1,4.87156689167022705e-1,-8.44193670898675946e-2,-4.22096835449337973e-2,9.74126517772674561e-1,4.87063258886337280e-1
97,1,1.17647058823529410e-1,7.84313725490196068e-2,1.76470588235294101e-1,9.15458917617797852e-1,4.57729458808898926e-1,-7.93197367340326281e-2,-3.96598683670163141e-2,9.15283322334289551e-1,4.57641661167144775e-1
97,2,1.96078431372549017e-1,7.84313725490196068e-2,1.76470588235294101e-1,8.01305294036865234e-1,4.00652647018432617e-1,-6.94297984242439326e-2,-3.47148992121219663e-2,8.01151633262634277e-1,4.00575816631317139e-1
97,3,2.74509803921568651e-1,7.84313725490196068e-2,1.76470588235294101e-1,6.38747453689575195e-1,3.19373726844787598e-1,-5.53437880240380820e-2,-2.76718940120190410e-2,6.38624966144561768e-1,3.19312483072280884e-1
97,4,3.52941176470588203e-1,7.84313725490196068e-2,1.76470588235294101e-1,4.37605708837509155e-1,2.18802854418754578e-1,-3.79164886660873779e-2,-1.89582443330436889e-2,4.37521785497665405e-1,2.18760892748832703e-1
97,5,4.31372549019607865e-1,7.84313725490196068e-2,1.76470588235294101e-1,2.10029810667037964e-1,1.05014905333518982e-1,-1.81980912631843350e-2,-9.09904563159216750e-3,2.09989532828330994e-1,1.04994766414165497e-1
97,6,5.09803921568627416e-1,7.84313725490196068e-2,1.76470588235294101e-1,-3.02332099527120590e-2,-1.51166049763560295e-2,2.61946722166617185e-3,1.30973361083308593e-3,-3.02274115383625031e-2,-1.51137057691812515e-2
97,7,5.88235294117647078e-1,7.84313725490196068e-2,1.76470588235294101e-1,-2.68670022487640381e-1,-1.34335011243820190e-1,2.32791958318557257e-2,1.16395979159278629e-2,-2.68618494272232056e-1,-1.34309247136116028e-1
97,8,6.66666666666666630e-1,7.84313725490196068e-2,1.76470588235294101e-1,-4.90877330303192139e-1,-2.45438665151596069e-1,4.25319157540798298e-2,2.12659578770399149e-2,-4.90783184766769409e-1,-2.45391592383384705e-1
97,9,7.45098039215686292e-1,7.84313725490196068e-2,1.76470588235294101e-1,-6.83432757854461670e-1,-3.41716378927230835e-1,5.92157470062374958e-2,2.96078735031187479e-2,-6.83301687240600586e-1,-3.41650843620300293e-1
97,10,8.23529411764705843e-1,7.84313725490196068e-2,1.76470588235294101e-1,-8.34704875946044922e-1,-4.17352437973022461e-1,7.23200563341379332e-2,3.61600281670689666e-2,-8.34544777870178223e-1,-4.17272388935089111e-1
97,11,9.01960784313725505e-1,7.84313725490196068e-2,1.76470588235294101e-1,-9.35557782649993896e-1,-4.67778891324996948e-1,8.10404174029826924e-2,4.05202087014913462e-2,-9.35378372669219971e-1,-4.67689186334609985e-1
97,12,9.80392156862745057e-1,5.88235294117647189e-2,1.32352941176470618e-1,-9.79911923408508301e-1,-4.89955961704254150e-1,6.36204706504941014e-2,3.18102353252470507e-2,-9.79724168777465820e-1,-4.89862084388732910e-1
98,0,3.92156862745098034e-2,7.84313725490196068e-2,1.76470588235294101e-1,9.74126517772674561e-1,4.87063258886337280e-1,-8.44032084569334984e-2,-4.22016042284667492e-2,9.73939716815948486e-1,4.86969858407974243e-1
98,1,1.17647058823529410e-1,7.84313725490196068e-2,1.76470588235294101e-1,9.15283322334289551e-1,4.57641661167144775e-1,-7.93044330552220289e-2,-3.96522165276110145e-2,9.15107786655426025e-1,4.57553893327713013e-1
98,2,1.96078431372549017e-1,7.84313725490196068e-2,1.76470588235294101e-1,8.01151633262634277e-1,4.00575816631317139e-1,-6.94165466353297289e-2,-3.47082733176648645e-2,8.00997972488403320e-1,4.00498986244201660e-1
98,3,2.74509803921568651e-1,7.84313725490196068e-2,1.76470588235294101e-1,6.38624966144561768e-1,3.19312483072280884e-1,-5.53331865929067024e-2,-2.76665932964533512e-2,6.38502478599548340e-1,3.19251239299774170e-1
98,4,3.52941176470588203e-1,7.84313725490196068e-2,1.76470588235294101e-1,4.37521785497665405e-1,2.18760892748832703e-1,-3.79092001821845770e-2,-1.89546000910922885e-2,4.37437862157821655e-1,2.18718931078910828e-1
98,5,4.31372549019607865e-1,7.84313725490196068e-2,1.76470588235294101e-1,2.09989532828330994e-1,1.04994766414165497e-1,-1.81946046533994488e-2,-9.09730232669972438e-3,2.09949254989624023e-1,1.04974627494812012e-1
98,6,5.09803921568627416e-1,7.84313725490196068e-2,1.76470588235294101e-1,-3.02274115383625031e-2,-1.51137057691812515e-2,2.61897027958185591e-3,1.30948513979092795e-3,-3.02216149866580963e-2,-1.51108074933290482e-2
98,7,5.88235294117647078e-1,7.84313725490196068e-2,1.76470588235294101e-1,-2.68618494272232056e-1,-1.34309247136116028e-1,2.32747313682921120e-2,1.16373656841460560e-2,-2.68566966056823730e-1,-1.34283483028411865e-1
98,8,6.66666666666666630e-1,7.84313725490196068e-2,1.76470588235294101e-1,-4.90783184766769409e-1,-2.45391592383384705e-1,4.25237509422004556e-2,2.12618754711002278e-2,-4.90689069032669067e-1,-2.45344534516334534e-1
98,9,7.45098039215686292e-1,7.84313725490196068e-2,1.76470588235294101e-1,-6.83301687240600586e-1,-3.41650843620300293e-1,5.92044188641011326e-2,2.96022094320505663e-2,-6.83170616626739502e-1,-3.41585308313369751e-1
98,10,8.23529411764705843e-1,7.84313725490196068e-2,1.76470588235294101e-1,-8.34544777870178223e-1,-4.17272388935089111e-1,7.23061205819249264e-2,3.61530602909624632e-2,-8.34384739398956299e-1,-4.17192369699478149e-1
98,11,9.01960784313725505e-1,7.84313725490196068e-2,1.76470588235294101e-1,-9.35378372669219971e-1,-4.67689186334609985e-1,8.10246862471103585e-2,4.05123431235551792e-2,-9.35199022293090820e-1,-4.67599511146545410e-1
98,12,9.80392156862745057e-1,5.88235294117647189e-2,1.32352941176470618e-1,-9.79724168777465820e-1,-4.89862084388732910e-1,6.36085012927651433e-2,3.18042506463825717e-2,-9.79536414146423340e-1,-4.89768207073211670e-1
99,0,3.92156862745098034e-2,7.84313725490196068e-2,1.76470588235294101e-1,9.73939716815948486e-1,4.86969858407974243e-1,-8.43870498239994021e-2,-4.21935249119997011e-2,9.73752915859222412e-1,4.86876457929611206e-1
99,1,1.17647058823529410e-1,7.84313725490196068e-2,1.76470588235294101e-1,9.15107786655426025e-1,4.57553893327713013e-1,-7.92892148718237905e-2,-3.96446074359118952e-2,9.14932250976562500e-1,4.57466125488281250e-1
99,2,1.96078431372549017e-1,7.84313725490196068e-2,1.76470588235294101e-1,8.00997972488403320e-1,4.00498986244201660e-1,-6.94032093510031645e-2,-3.47016046755015822e-2,8.00844371318817139e-1,4.00422185659408569e-1
99,3,2.74509803921568651e-1,7.84313725490196068e-2,1.76470588235294101e-1,6.38502478599548340e-1,3.19251239299774170e-1,-5.53225851617753228e-2,-2.76612925808876614e-2,6.38379991054534912e-1,3.19189995527267456e-1
99,4,3.52941176470588203e-1,7.84313725490196068e-2,1.76470588235294101e-1,4.37437862157821655e-1,2.18718931078910828e-1,-3.79019116982817761e-2,-1.89509558491408880e-2,4.37353968620300293e-1,2.18676984310150146e-1
99,5,4.31372549019607865e-1,7.84313725490196068e-2,1.76470588235294101e-1,2.09949254989624023e-1,1.04974627494812012e-1,-1.81911207153461763e-2,-9.09556035767308813e-3,2.09908992052078247e-1,1.04954496026039124e-1
99,6,5.09803921568627416e-1,7.84313725490196068e-2,1.76470588235294101e-1,-3.02216149866580963e-2,-1.51108074933290482e-2,2.61847868096082292e-3,1.30923934048041146e-3,-3.02158184349536896e-2,-1.51079092174768448e-2
99,7,5.88235294117647078e-1,7.84313725490196068e-2,1.76470588235294101e-1,-2.68566966056823730e-1,-1.34283483028411865e-1,2.32702214852906764e-2,1.16351107426453382e-2,-2.68515467643737793e-1,-1.34257733821868896e-1
99,8,6.66666666666666630e-1,7.84313725490196068e-2,1.76470588235294101e-1,-4.90689069032669067e-1,-2.45344534516334534e-1,4.25156716257333867e-2,2.12578358128666933e-2,-4.90594953298568726e-1,-2.45297476649284363e-1
99,9,7.45098039215686292e-1,7.84313725490196068e-2,1.76470588235294101e-1,-6.83170616626739502e-1,-3.41585308313369751e-1,5.91929624788462838e-2,2.95964812394231419e-2,-6.83039605617523193e-1,-3.41519802808761597e-1
99,10,8.23529411764705843e-1,7.84313725490196068e-2,1.76470588235294101e-1,-8.34384739398956299e-1,-4.17192369699478149e-1,7.22922703251242527e-2,3.61461351625621263e-2,-8.34224700927734375e-1,-4.17112350463867188e-1
99,11,9.01960784313725505e-1,7.84313725490196068e-2,1.76470588235294101e-1,-9.35199022293090820e-1,-4.67599511146545410e-1,8.10090405866503854e-2,4.05045202933251927e-2,-9.35019731521606445e-1,-4.67509865760803223e-1
99,12,9.80392156862745057e-1,5.88235294117647189e-2,1.32352941176470618e-1,-9.79536414146423340e-1,-4.89768207073211670e-1,6.35964464396238244e-2,3.17982232198119122e-2,-9.79348719120025635e-1,-4.89674359560012817e-1
100,0,3.92156862745098034e-2,7.84313725490196068e-2,1.76470588235294101e-1,9.73752915859222412e-1,4.86876457929611206e-1,-8.43708911910653059e-2,-4.21854455955326529e-2,9.73566174507141113e-1,4.86783087253570557e-1
100,1,1.17647058823529410e-1,7.84313725490196068e-2,1.76470588235294101e-1,9.14932250976562500e-1,4.57466125488281250e-1,-7.92739111930131912e-2,-3.96369555965065956e-2,9.14756774902343750e-1,4.57378387451171875e-1
100,2,1.96078431372549017e-1,7.84313725490196068e-2,1.76470588235294101e-1,8.00844371318817139e-1,4.00422185659408569e-1,-6.93900430575013216e-2,-3.46950215287506608e-2,8.00690770149230957e-1,4.00345385074615479e-1
100,3,2.74509803921568651e-1,7.84313725490196068e-2,1.76470588235294101e-1,6.38379991054534912e-1,3.19189995527267456e-1,-5.53118554875254298e-2,-2.76559277437627149e-2,6.38257563114166260e-1,3.19128781557083130e-1
100,4,3.52941176470588203e-1,7.84313725490196068e-2,1.76470588235294101e-1,4.37353968620300293e-1,2.18676984310150146e-1,-3.78946873359382597e-2,-1.89473436679691298e-2,4.37270075082778931e-1,2.18635037541389465e-1
100,5,4.31372549019607865e-1,7.84313725490196068e-2,1.76470588235294101e-1,2.09908992052078247e-1,1.04954496026039124e-1,-1.81876367772929037e-2,-9.09381838864645187e-3,2.09868729114532471e-1,1.04934364557266235e-1
100,6,5.09803921568627416e-1,7.84313725490196068e-2,1.76470588235294101e-1,-3.02158184349536896e-2,-1.51079092174768448e-2,2.61796570848671362e-3,1.30898285424335681e-3,-3.02100237458944321e-2,-1.51050118729472160e-2
100,7,5.88235294117647078e-1,7.84313725490196068e-2,1.76470588235294101e-1,-2.68515467643737793e-1,-1.34257733821868896e-1,2.32657970977016015e-2,1.16328985488508008e-2,-2.68463969230651855e-1,-1.34231984615325928e-1
100,8,6.66666666666666630e-1,7.84313725490196068e-2,1.76470588235294101e-1,-4.90594953298568726e-1,-2.45297476649284363e-1,4.25074640661478043e-2,2.12537320330739021e-2,-4.90500867366790771e-1,-2.45250433683395386e-1
100,9,7.45098039215686292e-1,7.84313725490196068e-2,1.76470588235294101e-1,-6.83039605617523193e-1,-3.41519802808761597e-1,5.91816770844161288e-2,2.95908385422080644e-2,-6.82908594608306885e-1,-3.41454297304153442e-1
100,10,8.23529411764705843e-1,7.84313725490196068e-2,1.76470588235294101e-1,-8.34224700927734375e-1,-4.17112350463867188e-1,7.22782490774989128e-2,3.61391245387494564e-2,-8.34064722061157227e-1,-4.17032361030578613e-1
100,11,9.01960784313725505e-1,7.84313725490196068e-2,1.76470588235294101e-1,-9.35019731521606445e-1,-4.67509865760803223e-1,8.09934804216027315e-2,4.04967402108013658e-2,-9.34840440750122070e-1,-4.67420220375061035e-1
100,12,9.80392156862745057e-1,5.88235294117647189e-2,1.32352941176470618e-1,-9.79348719120025635e-1,-4.89674359560012817e-1,6.35843915864825193e-2,3.17921957932412597e-2,-9.79161083698272705e-1,-4.89580541849136353e-1
101,0,3.92156862745098034e-2,7.84313725490196068e-2,1.76470588235294101e-1,9.73566174507141113e-1,4.86783087253570557e-1,-8.43547325581312096e-2,-4.21773662790656048e-2,9.73379433155059814e-1,4.86689716577529907e-1
101,1,1.17647058823529410e-1,7.84313725490196068e-2,1.76470588235294101e-1,9.14756774902343750e-1,4.57378387451171875e-1,-7.92586930096149528e-2,-3.96293465048074764e-2,9.14581358432769775e-1,4.57290679216384888e-1
101,2,1.96078431372549017e-1,7.84313725490196068e-2,1.76470588235294101e-1,8.00690770149230957e-1,4.00345385074615479e-1,-6.93767057731747572e-2,-3.46883528865873786e-2,8.00537228584289551e-1,4.00268614292144775e-1
101,3,2.74509803921568651e-1,7.84313725490196068e-2,1.76470588235294101e-1,6.38257563114166260e-1,3.19128781557083130e-1,-5.53012968041002584e-2,-2.76506484020501292e-2,6.38135135173797607e-1,3.19067567586898804e-1
101,4,3.52941176470588203e-1,7.84313725490196068e-2,1.76470588235294101e-1,4.37270075082778931e-1,2.18635037541389465e-1,-3.78873774781823269e-2,-1.89436887390911635e-2,4.37186211347579956e-1,2.18593105673789978e-1
101,5,4.31372549019607865e-1,7.84313725490196068e-2,1.76470588235294101e-1,2.09868729114532471e-1,1.04934364557266235e-1,-1.81841555109713005e-2,-9.09207775548565023e-3,2.09828481078147888e-1,1.04914240539073944e-1
101,6,5.09803921568627416e-1,7.84313725490196068e-2,1.76470588235294101e-1,-3.02100237458944321e-2,-1.51050118729472160e-2,2.61745807947588727e-3,1.30872903973794363e-3,-3.02042290568351746e-2,-1.51021145284175873e-2
101,7,5.88235294117647078e-1,7.84313725490196068e-2,1.76470588235294101e-1,-2.68463969230651855e-1,-1.34231984615325928e-1,2.32613272906746493e-2,1.16306636453373247e-2,-2.68412470817565918e-1,-1.34206235408782959e-1
101,8,6.66666666666666630e-1,7.84313725490196068e-2,1.76470588235294101e-1,-4.90500867366790771e-1,-2.45250433683395386e-1,4.24993420019745827e-2,2.12496710009872913e-2,-4.90406781435012817e-1,-2.45203390717506409e-1
101,9,7.45098039215686292e-1,7.84313725490196068e-2,1.76470588235294101e-1,-6.82908594608306885e-1,-3.41454297304153442e-1,5.91702634468674882e-2,2.95851317234337441e-2,-6.82777643203735352e-1,-3.41388821601867676e-1
101,10,8.23529411764705843e-1,7.84313725490196068e-2,1.76470588235294101e-1,-8.34064722061157227e-1,-4.17032361030578613e-1,7.22643988206982668e-2,3.61321994103491334e-2,-8.33904743194580078e-1,-4.16952371597290039e-1
101,11,9.01960784313725505e-1,7.84313725490196068e-2,1.76470588235294101e-1,-9.34840440750122070e-1,-4.67420220375061035e-1,8.09777492657303699e-2,4.04888746328651850e-2,-9.34661209583282471e-1,-4.67330604791641235e-1
101,12,9.80392156862745057e-1,5.88235294117647189e-2,1.32352941176470618e-1,-9.79161083698272705e-1,-4.89580541849136353e-1,6.35724222287535612e-2,3.17862111143767806e-2,-9.78973448276519775e-1,-4.89486724138259888e-1
102,0,3.92156862745098034e-2,7.84313725490196068e-2,1.76470588235294101e-1,9.73379433155059814e-1,4.86689716577529907e-1,-8.43384884297847665e-2,-4.21692442148923832e-2,9.73192751407623291e-1,4.86596375703811646e-1
102,1,1.17647058823529410e-1,7.84313725490196068e-2,1.76470588235294101e-1,9.14581358432769775e-1,4.57290679216384888e-1,-7.92435603216290613e-2,-3.96217801608145306e-2,9.14405941963195801e-1,4.57202970981597900e-1
102,2,1.96078431372549017e-1,7.84313725490196068e-2,1.76470588235294101e-1,8.00537228584289551e-1,4.00268614292144775e-1,-6.93634539842605535e-2,-3.46817269921302768e-2,8.00383687019348145e-1,4.00191843509674072e-1
102,3,2.74509803921568651e-1,7.84313725490196068e-2,1.76470588235294101e-1,6.38135135173797607e-1,3.19067567586898804e-1,-5.52906098775565735e-2,-2.76453049387782868e-2,6.38012766838073730e-1,3.19006383419036865e-1
102,4,3.52941176470588203e-1,7.84313725490196068e-2,1.76470588235294101e-1,4.37186211347579956e-1,2.18593105673789978e-1,-3.78801317419856787e-2,-1.89400658709928393e-2,4.37102347612380981e-1,2.18551173806190491e-1
102,5,4.31372549019607865e-1,7.84313725490196068e-2,1.76470588235294101e-1,2.09828481078147888e-1,1.04914240539073944e-1,-1.81806742446496972e-2,-9.09033712232484858e-3,2.09788233041763306e-1,1.04894116520881653e-1
102,6,5.09803921568627416e-1,7.84313725490196068e-2,1.76470588235294101e-1,-3.02042290568351746e-2,-1.51021145284175873e-2,2.61697182431819275e-3,1.30848591215909638e-3,-3.01984362304210663e-2,-1.50992181152105331e-2
102,7,5.88235294117647078e-1,7.84313725490196068e-2,1.76470588235294101e-1,-2.68412470817565918e-1,-1.34206235408782959e-1,2.32568574836477526e-2,1.16284287418238763e-2,-2.68361002206802368e-1,-1.34180501103401184e-1
102,8,6.66666666666666630e-1,7.84313725490196068e-2,1.76470588235294101e-1,-4.90406781435012817e-1,-2.45203390717506409e-1,4.24911344423890003e-2,2.12455672211945001e-2,-4.90312725305557251e-1,-2.45156362652778625e-1
102,9,7.45098039215686292e-1,7.84313725490196068e-2,1.76470588235294101e-1,-6.82777643203735352e-1,-3.41388821601867676e-1,5.91590208001434859e-2,2.95795104000717429e-2,-6.82646691799163818e-1,-3.41323345899581909e-1
102,10,8.23529411764705843e-1,7.84313725490196068e-2,1.76470588235294101e-1,-8.33904743194580078e-1,-4.16952371597290039e-1,7.22503775730728992e-2,3.61251887865364496e-2,-8.33744823932647705e-1,-4.16872411966323853e-1
102,11,9.01960784313725505e-1,7.84313725490196068e-2,1.76470588235294101e-1,-9.34661209583282471e-1,-4.67330604791641235e-1,8.09621891006827438e-2,4.04810945503413719e-2,-9.34481978416442871e-1,-4.67240989208221436e-1
102,12,9.80392156862745057e-1,5.88235294117647189e-2,1.32352941176470618e-1,-9.78973448276519775e-1,-4.89486724138259888e-1,6.35603673756122561e-2,3.17801836878061281e-2,-9.78785872459411621e-1,-4.89392936229705811e-1
103,0,3.92156862745098034e-2,7.84313725490196068e-2,1.76470588235294101e-1,9.73192751407623291e-1,4.86596375703811646e-1,-8.43223297968506841e-2,-4.21611648984253420e-2,9.73006129264831543e-1,4.86503064632415771e-1
103,1,1.17647058823529410e-1,7.84313725490196068e-2,1.76470588235294101e-1,9.14405941963195801e-1,4.57202970981597900e-1,-7.92283421382307812e-2,-3.96141710691153906e-2,9.14230585098266602e-1,4.57115292549133301e-1
103,2,1.96078431372549017e-1,7.84313725490196068e-2,1.76470588235294101e-1,8.00383687019348145e-1,4.00191843509674072e-1,-6.93501166999340168e-2,-3.46750583499670084e-2,8.00230205059051514e-1,4.00115102529525757e-1
103,3,2.74509803921568651e-1,7.84313725490196068e-2,1.76470588235294101e-1,6.38012766838073730e-1,3.19006383419036865e-1,-5.52800939418375548e-2,-2.76400469709187774e-2,6.37890398502349854e-1,3.18945199251174927e-1
103,4,3.52941176470588203e-1,7.84313725490196068e-2,1.76470588235294101e-1,4.37102347612380981e-1,2.18551173806190491e-1,-3.78728005103766696e-2,-1.89364002551883348e-2,4.37018513679504395e-1,2.18509256839752197e-1
103,5,4.31372549019607865e-1,7.84313725490196068e-2,1.76470588235294101e-1,2.09788233041763306e-1,1.04894116520881653e-1,-1.81771956500597631e-2,-9.08859782502988156e-3,2.09747999906539917e-1,1.04873999953269958e-1
103,6,5.09803921568627416e-1,7.84313725490196068e-2,1.76470588235294101e-1,-3.01984362304210663e-2,-1.50992181152105331e-2,2.61644816491757304e-3,1.30822408245878652e-3,-3.01926452666521072e-2,-1.50963226333260536e-2
103,7,5.88235294117647078e-1,7.84313725490196068e-2,1.76470588235294101e-1,-2.68361002206802368e-1,-1.34180501103401184e-1,2.32524277525953948e-2,1.16262138762976974e-2,-2.68309533596038818e-1,-1.34154766798019409e-1
103,8,6.66666666666666630e-1,7.84313725490196068e-2,1.76470588235294101e-1,-4.90312725305557251e-1,-2.45156362652778625e-1,4.24829696305095705e-2,2.12414848152547853e-2,-4.90218698978424072e-1,-2.45109349489212036e-1
103,9,7.45098039215686292e-1,7.84313725490196068e-2,1.76470588235294101e-1,-6.82646691799163818e-1,-3.41323345899581909e-1,5.91476499103009978e-2,2.95738249551504989e-2,-6.82515740394592285e-1,-3.41257870197296143e-1
103,10,8.23529411764705843e-1,7.84313725490196068e-2,1.76470588235294101e-1,-8.33744823932647705e-1,-4.16872411966323853e-1,7.22365273162722532e-2,3.61182636581361266e-2,-8.33584904670715332e-1,-4.16792452335357666e-1
103,11,9.01960784313725505e-1,7.84313725490196068e-2,1.76470588235294101e-1,-9.34481978416442871e-1,-4.67240989208221436e-1,8.09464579448103821e-2,4.04732289724051911e-2,-9.34302806854248047e-1,-4.67151403427124023e-1
103,12,9.80392156862745057e-1,5.88235294117647189e-2,1.32352941176470618e-1,-9.78785872459411621e-1,-4.89392936229705811e-1,6.35483980178832980e-2,3.17741990089416490e-2,-9.78598296642303467e-1,-4.89299148321151733e-1
104,0,3.92156862745098034e-2,7.84313725490196068e-2,1.76470588235294101e-1,9.73006129264831543e-1,4.86503064632415771e-1,-8.43061711639165878e-2,-4.21530855819582939e-2,9.72819507122039795e-1,4.86409753561019897e-1
104,1,1.17647058823529410e-1,7.84313725490196068e-2,1.76470588235294101e-1,9.14230585098266602e-1,4.57115292549133301e-1,-7.92131239548325428e-2,-3.96065619774162714e-2,9.14055228233337402e-1,4.57027614116668701e-1
104,2,1.96078431372549017e-1,7.84313725490196068e-2,1.76470588235294101e-1,8.00230205059051514e-1,4.00115102529525757e-1,-6.93368649110198132e-2,-3.46684324555099066e-2,8.00076723098754883e-1,4.00038361549377441e-1
104,3,2.74509803921568651e-1,7.84313725490196068e-2,1.76470588235294101e-1,6.37890398502349854e-1,3.18945199251174927e-1,-5.52694497630000225e-2,-2.76347248815000113e-2,6.37768030166625977e-1,3.18884015083312988e-1
104,4,3.52941176470588203e-1,7.84313725490196068e-2,1.76470588235294101e-1,4.37018513679504395e-1,2.18509256839752197e-1,-3.78655334003269450e-2,-1.89327667001634725e-2,4.36934709548950195e-1,2.18467354774475098e-1
104,5,4.31372549019607865e-1,7.84313725490196068e-2,1.76470588235294101e-1,2.09747999906539917e-1,1.04873999953269958e-1,-1.81737197272013873e-2,-9.08685986360069364e-3,2.09707766771316528e-1,1.04853883385658264e-1
104,6,5.09803921568627416e-1,7.84313725490196068e-2,1.76470588235294101e-1,-3.01926452666521072e-2,-1.50963226333260536e-2,2.61595122283325709e-3,1.30797561141662855e-3,-3.01868543028831482e-2,-1.50934271514415741e-2
104,7,5.88235294117647078e-1,7.84313725490196068e-2,1.76470588235294101e-1,-2.68309533596038818e-1,-1.34154766798019409e-1,2.32479526021052152e-2,1.16239763010526076e-2,-2.68258064985275269e-1,-1.34129032492637634e-1
104,8,6.66666666666666630e-1,7.84313725490196068e-2,1.76470588235294101e-1,-4.90218698978424072e-1,-2.45109349489212036e-1,4.24748903140425571e-2,2.12374451570212786e-2,-4.90124672651290894e-1,-2.45062336325645447e-1
104,9,7.45098039215686292e-1,7.84313725490196068e-2,1.76470588235294101e-1,-6.82515740394592285e-1,-3.41257870197296143e-1,5.91362362727522739e-2,2.95681181363761370e-2,-6.82384848594665527e-1,-3.41192424297332764e-1
104,10,8.23529411764705843e-1,7.84313725490196068e-2,1.76470588235294101e-1,-8.33584904670715332e-1,-4.16792452335357666e-1,7.22225915640592742e-2,3.61112957820296371e-2,-8.33425045013427734e-1,-4.16712522506713867e-1
104,11,9.01960784313725505e-1,7.84313725490196068e-2,1.76470588235294101e-1,-9.34302806854248047e-1,-4.67151403427124023e-1,8.09308977797627283e-2,4.04654488898813641e-2,-9.34123635292053223e-1,-4.67061817646026611e-1
104,12,9.80392156862745057e-1,5.88235294117647189e-2,1.32352941176470618e-1,-9.78598296642303467e-1,-4.89299148321151733e-1,6.35363431647419930e-2,3.17681715823709965e-2,-9.78410780429840088e-1,-4.89205390214920044e-1
105,0,3.92156862745098034e-2,7.84313725490196068e-2,1.76470588235294101e-1,9.72819507122039795e-1,4.86409753561019897e-1,-8.42900125309824916e-2,-4.21450062654912458e-2,9.72632944583892822e-1,4.86316472291946411e-1
105,1,1.17647058823529410e-1,7.84313725490196068e-2,1.76470588235294101e-1,9.14055228233337402e-1,4.57027614116668701e-1,-7.91979057714343043e-2,-3.95989528857171522e-2,9.13879930973052979e-1,4.56939965486526489e-1
105,2,1.96078431372549017e-1,7.84313725490196068e-2,1.76470588235294101e-1,8.00076723098754883e-1,4.00038361549377441e-1,-6.93236131221056096e-2,-3.46618065610528048e-2,7.99923300743103027e-1,3.99961650371551514e-1
105,3,2.74509803921568651e-1,7.84313725490196068e-2,1.76470588235294101e-1,6.37768030166625977e-1,3.18884015083312988e-1,-5.52587628364562822e-2,-2.76293814182281411e-2,6.37645721435546875e-1,3.18822860717773438e-1
105,4,3.52941176470588203e-1,7.84313725490196068e-2,1.76470588235294101e-1,4.36934709548950195e-1,2.18467354774475098e-1,-3.78583517856895813e-2,-1.89291758928447906e-2,4.36850905418395996e-1,2.18425452709197998e-1
105,5,4.31372549019607865e-1,7.84313725490196068e-2,1.76470588235294101e-1,2.09707766771316528e-1,1.04853883385658264e-1,-1.81702010566368588e-2,-9.08510052831842940e-3,2.09667548537254333e-1,1.04833774268627167e-1
105,6,5.09803921568627416e-1,7.84313725490196068e-2,1.76470588235294101e-1,-3.01868543028831482e-2,-1.50934271514415741e-2,2.61545428074894115e-3,1.30772714037447058e-3,-3.01810652017593384e-2,-1.50905326008796692e-2
105,7,5.88235294117647078e-1,7.84313725490196068e-2,1.76470588235294101e-1,-2.68258064985275269e-1,-1.34129032492637634e-1,2.32434774516150355e-2,1.16217387258075178e-2,-2.68206626176834106e-1,-1.34103313088417053e-1
105,8,6.66666666666666630e-1,7.84313725490196068e-2,1.76470588235294101e-1,-4.90124672651290894e-1,-2.45062336325645447e-1,4.24667255021631829e-2,2.12333627510815914e-2,-4.90030676126480103e-1,-2.45015338063240051e-1
105,9,7.45098039215686292e-1,7.84313725490196068e-2,1.76470588235294101e-1,-6.82384848594665527e-1,-3.41192424297332764e-1,5.91249081306159385e-2,2.95624540653079693e-2,-6.82253956794738770e-1,-3.41126978397369385e-1
105,10,8.23529411764705843e-1,7.84313725490196068e-2,1.76470588235294101e-1,-8.33425045013427734e-1,-4.16712522506713867e-1,7.22087413072586004e-2,3.61043706536293002e-2,-8.33265185356140137e-1,-4.16632592678070068e-1
105,11,9.01960784313725505e-1,7.84313725490196068e-2,1.76470588235294101e-1,-9.34123635292053223e-1,-4.67061817646026611e-1,8.09151666238903944e-2,4.04575833119451972e-2,-9.33944523334503174e-1,-4.66972261667251587e-1
105,12,9.80392156862745057e-1,5.88235294117647189e-2,1.32352941176470618e-1,-9.78410780429840088e-1,-4.89205390214920044e-1,6.35243738070130348e-2,3.17621869035065174e-2,-9.78223323822021484e-1,-4.89111661911010742e-1
106,0,3.92156862745098034e-2,7.84313725490196068e-2,1.76470588235294101e-1,9.72632944583892822e-1,4.86316472291946411e-1,-8.42738538980483953e-2,-4.21369269490241977e-2,9.72446382045745850e-1,4.86223191022872925e-1
106,1,1.17647058823529410e-1,7.84313725490196068e-2,1.76470588235294101e-1,9.13879930973052979e-1,4.56939965486526489e-1,-7.91826875880360659e-2,-3.95913437940180329e-2,9.13704633712768555e-1,4.56852316856384277e-1
106,2,1.96078431372549017e-1,7.84313725490196068e-2,1.76470588235294101e-1,7.99923300743103027e-1,3.99961650371551514e-1,-6.93103613331913782e-2,-3.46551806665956891e-2,7.99769878387451172e-1,3.99884939193725586e-1
106,3,2.74509803921568651e-1,7.84313725490196068e-2,1.76470588235294101e-1,6.37645721435546875e-1,3.18822860717773438e-1,-5.52481614053249304e-2,-2.76240807026624652e-2,6.37523412704467773e-1,3.18761706352233887e-1
106,4,3.52941176470588203e-1,7.84313725490196068e-2,1.76470588235294101e-1,4.36850905418395996e-1,2.18425452709197998e-1,-3.78510633017867804e-2,-1.89255316508933902e-2,4.36767131090164185e-1,2.18383565545082092e-1
106,5,4.31372549019607865e-1,7.84313725490196068e-2,1.76470588235294101e-1,2.09667548537254333e-1,1.04833774268627167e-1,-1.81667278055101522e-2,-9.08336390275507610e-3,2.09627330303192139e-1,1.04813665151596069e-1
106,6,5.09803921568627416e-1,7.84313725490196068e-2,1.76470588235294101e-1,-3.01810652017593384e-2,-1.50905326008796692e-2,2.61494130827483184e-3,1.30747065413741592e-3,-3.01752761006355286e-2,-1.50876380503177643e-2
106,7,5.88235294117647078e-1,7.84313725490196068e-2,1.76470588235294101e-1,-2.68206626176834106e-1,-1.34103313088417053e-1,2.32390423770993948e-2,1.16195211885496974e-2,-2.68155187368392944e-1,-1.34077593684196472e-1
106,8,6.66666666666666630e-1,7.84313725490196068e-2,1.76470588235294101e-1,-4.90030676126480103e-1,-2.45015338063240051e-1,4.24586034379899613e-2,2.12293017189949806e-2,-4.89936679601669312e-1,-2.44968339800834656e-1
106,9,7.45098039215686292e-1,7.84313725490196068e-2,1.76470588235294101e-1,-6.82253956794738770e-1,-3.41126978397369385e-1,5.91135372407734228e-2,2.95567686203867114e-2,-6.82123124599456787e-1,-3.41061562299728394e-1
106,10,8.23529411764705843e-1,7.84313725490196068e-2,1.76470588235294101e-1,-8.33265185356140137e-1,-4.16632592678070068e-1,7.21948055550456214e-2,3.60974027775228107e-2,-8.33105385303497314e-1,-4.16552692651748657e-1
106,11,9.01960784313725505e-1,7.84313725490196068e-2,1.76470588235294101e-1,-9.33944523334503174e-1,-4.66972261667251587e-1,8.08995209634303936e-2,4.04497604817151968e-2,-9.33765470981597900e-1,-4.66882735490798950e-1
106,12,9.80392156862745057e-1,5.88235294117647189e-2,1.32352941176470618e-1,-9.78223323822021484e-1,-4.89111661911010742e-1,6.35124044492840767e-2,3.17562022246420383e-2,-9.78035867214202881e-1,-4.89017933607101440e-1
107,0,3.92156862745098034e-2,7.84313725490196068e-2,1.76470588235294101e-1,9.72446382045745850e-1,4.86223191022872925e-1,-8.42576952651142991e-2,-4.21288476325571495e-2,9.72259879112243652e-1,4.86129939556121826e-1
107,1,1.17647058823529410e-1,7.84313725490196068e-2,1.76470588235294101e-1,9.13704633712768555e-1,4.56852316856384277e-1,-7.91674694046378274e-2,-3.95837347023189137e-2,9.13529396057128906e-1,4.56764698028564453e-1
107,2,1.96078431372549017e-1,7.84313725490196068e-2,1.76470588235294101e-1,7.99769878387451172e-1,3.99884939193725586e-1,-6.92971095442771745e-2,-3.46485547721385873e-2,7.99616515636444092e-1,3.99808257818222046e-1
107,3,2.74509803921568651e-1,7.84313725490196068e-2,1.76470588235294101e-1,6.37523412704467773e-1,3.18761706352233887e-1,-5.52375172264873981e-2,-2.76187586132436991e-2,6.37401163578033447e-1,3.18700581789016724e-1
107,4,3.52941176470588203e-1,7.84313725490196068e-2,1.76470588235294101e-1,4.36767131090164185e-1,2.18383565545082092e-1,-3.78438603132963403e-2,-1.89219301566481701e-2,4.36683356761932373e-1,2.18341678380966187e-1
107,5,4.31372549019607865e-1,7.84313725490196068e-2,1.76470588235294101e-1,2.09627330303192139e-1,1.04813665151596069e-1,-1.81632118066772374e-2,-9.08160590333861872e-3,2.09587126970291138e-1,1.04793563485145569e-1
107,6,5.09803921568627416e-1,7.84313725490196068e-2,1.76470588235294101e-1,-3.01752761006355286e-2,-1.50876380503177643e-2,2.61442833580072254e-3,1.30721416790036127e-3,-3.01694888621568680e-2,-1.50847444310784340e-2
107,7,5.88235294117647078e-1,7.84313725490196068e-2,1.76470588235294101e-1,-2.68155187368392944e-1,-1.34077593684196472e-1,2.32346073025837541e-2,1.16173036512918770e-2,-2.68103748559951782e-1,-1.34051874279975891e-1
107,8,6.66666666666666630e-1,7.84313725490196068e-2,1.76470588235294101e-1,-4.89936679601669312e-1,-2.44968339800834656e-1,4.24503958784043789e-2,2.12251979392021894e-2,-4.89842712879180908e-1,-2.44921356439590454e-1
107,9,7.45098039215686292e-1,7.84313725490196068e-2,1.76470588235294101e-1,-6.82123124599456787e-1,-3.41061562299728394e-1,5.91022518463432955e-2,2.95511259231716478e-2,-6.81992292404174805e-1,-3.40996146202087402e-1
107,10,8.23529411764705843e-1,7.84313725490196068e-2,1.76470588235294101e-1,-8.33105385303497314e-1,-4.16552692651748657e-1,7.21808698028326146e-2,3.60904349014163073e-2,-8.32945585250854492e-1,-4.16472792625427246e-1
107,11,9.01960784313725505e-1,7.84313725490196068e-2,1.76470588235294101e-1,-9.33765470981597900e-1,-4.66882735490798950e-1,8.08839607983827397e-2,4.04419803991913698e-2,-9.33586418628692627e-1,-4.66793209314346313e-1
107,12,9.80392156862745057e-1,5.88235294117647189e-2,1.32352941176470618e-1,-9.78035867214202881e-1,-4.89017933607101440e-1,6.35003495961427716e-2,3.17501747980713858e-2,-9.77848470211029053e-1,-4.88924235105514526e-1
108,0,3.92156862745098034e-2,7.84313725490196068e-2,1.76470588235294101e-1,9.72259879112243652e-1,4.86129939556121826e-1,-8.42415366321802167e-2,-4.21207683160901084e-2,9.72073435783386230e-1,4.86036717891693115e-1
108,1,1.17647058823529410e-1,7.84313725490196068e-2,1.76470588235294101e-1,9.13529396057128906e-1,4.56764698028564453e-1,-7.91522512212395474e-2,-3.95761256106197737e-2,9.13354218006134033e-1,4.56677109003067017e-1
108,2,1.96078431372549017e-1,7.84313725490196068e-2,1.76470588235294101e-1,7.99616515636444092e-1,3.99808257818222046e-1,-6.92838577553629986e-2,-3.46419288776814993e-2,7.99463152885437012e-1,3.99731576442718506e-1
108,3,2.74509803921568651e-1,7.84313725490196068e-2,1.76470588235294101e-1,6.37401163578033447e-1,3.18700581789016724e-1,-5.52269585430622267e-2,-2.76134792715311134e-2,6.37278914451599121e-1,3.18639457225799561e-1
108,4,3.52941176470588203e-1,7.84313725490196068e-2,1.76470588235294101e-1,4.36683356761932373e-1,2.18341678380966187e-1,-3.78365504555404075e-2,-1.89182752277702038e-2,4.36599612236022949e-1,2.18299806118011475e-1
108,5,4.31372549019607865e-1,7.84313725490196068e-2,1.76470588235294101e-1,2.09587126970291138e-1,1.04793563485145569e-1,-1.81597412272822001e-2,-9.07987061364110004e-3,2.09546923637390137e-1,1.04773461818695068e-1
108,6,5.09803921568627416e-1,7.84313725490196068e-2,1.76470588235294101e-1,-3.01694888621568680e-2,-1.50847444310784340e-2,2.61394208064302802e-3,1.30697104032151401e-3,-3.01637034863233566e-2,-1.50818517431616783e-2
108,7,5.88235294117647078e-1,7.84313725490196068e-2,1.76470588235294101e-1,-2.68103748559951782e-1,-1.34051874279975891e-1,2.32301268086302914e-2,1.16150634043151457e-2,-2.68052339553833008e-1,-1.34026169776916504e-1
108,8,6.66666666666666630e-1,7.84313725490196068e-2,1.76470588235294101e-1,-4.89842712879180908e-1,-2.44921356439590454e-1,4.24422738142311573e-2,2.12211369071155787e-2,-4.89748775959014893e-1,-2.44874387979507446e-1
108,9,7.45098039215686292e-1,7.84313725490196068e-2,1.76470588235294101e-1,-6.81992292404174805e-1,-3.40996146202087402e-1,5.90909237042069602e-2,2.95454618521034801e-2,-6.81861519813537598e-1,-3.40930759906768799e-1
108,10,8.23529411764705843e-1,7.84313725490196068e-2,1.76470588235294101e-1,-8.32945585250854492e-1,-4.16472792625427246e-1,7.21669340506195800e-2,3.60834670253097900e-2,-8.32785844802856445e-1,-4.16392922401428223e-1
108,11,9.01960784313725505e-1,7.84313725490196068e-2,1.76470588235294101e-1,-9.33586418628692627e-1,-4.66793209314346313e-1,8.08683151379227666e-2,4.04341575689613833e-2,-9.33407425880432129e-1,-4.66703712940216064e-1
108,12,9.80392156862745057e-1,5.88235294117647189e-2,1.32352941176470618e-1,-9.77848470211029053e-1,-4.88924235105514526e-1,6.34883802384138135e-2,3.17441901192069068e-2,-9.77661073207855225e-1,-4.88830536603927612e-1
109,0,3.92156862745098034e-2,7.84313725490196068e-2,1.76470588235294101e-1,9.72073435783386230e-1,4.86036717891693115e-1,-8.42253779992461205e-2,-4.21126889996230602e-2,9.71886992454528809e-1,4.85943496227264404e-1
109,1,1.17647058823529410e-1,7.84313725490196068e-2,1.76470588235294101e-1,9.13354218006134033e-1,4.56677109003067017e-1,-7.91371185332536697e-2,-3.95685592666268349e-2,9.13179039955139160e-1,4.56589519977569580e-1
109,2,1.96078431372549017e-1,7.84313725490196068e-2,1.76470588235294101e-1,7.99463152885437012e-1,3.99731576442718506e-1,-6.92705204710364342e-2,-3.46352602355182171e-2,7.99309790134429932e-1,3.99654895067214966e-1
109,3,2.74509803921568651e-1,7.84313725490196068e-2,1.76470588235294101e-1,6.37278914451599121e-1,3.18639457225799561e-1,-5.52163571119308472e-2,-2.76081785559654236e-2,6.37156665325164795e-1,3.18578332662582397e-1
109,4,3.52941176470588203e-1,7.84313725490196068e-2,1.76470588235294101e-1,4.36599612236022949e-1,2.18299806118011475e-1,-3.78293260931968356e-2,-1.89146630465984178e-2,4.36515867710113525e-1,2.18257933855056763e-1
109,5,4.31372549019607865e-1,7.84313725490196068e-2,1.76470588235294101e-1,2.09546923637390137e-1,1.04773461818695068e-1,-1.81562305719126238e-2,-9.07811528595631190e-3,2.09506735205650330e-1,1.04753367602825165e-1
109,6,5.09803921568627416e-1,7.84313725490196068e-2,1.76470588235294101e-1,-3.01637034863233566e-2,-1.50818517431616783e-2,2.61341842124240831e-3,1.30670921062120415e-3,-3.01579181104898453e-2,-1.50789590552449226e-2
109,7,5.88235294117647078e-1,7.84313725490196068e-2,1.76470588235294101e-1,-2.68052339553833008e-1,-1.34026169776916504e-1,2.32256863906513678e-2,1.16128431953256839e-2,-2.68000930547714233e-1,-1.34000465273857117e-1
109,8,6.66666666666666630e-1,7.84313725490196068e-2,1.76470588235294101e-1,-4.89748775959014893e-1,-2.44874387979507446e-1,4.24341090023517831e-2,2.12170545011758915e-2,-4.89654839038848877e-1,-2.44827419519424438e-1
109,9,7.45098039215686292e-1,7.84313725490196068e-2,1.76470588235294101e-1,-6.81861519813537598e-1,-3.40930759906768799e-1,5.90796383097767497e-2,2.95398191548883748e-2,-6.81730747222900391e-1,-3.40865373611450195e-1
109,10,8.23529411764705843e-1,7.84313725490196068e-2,1.76470588235294101e-1,-8.32785844802856445e-1,-4.16392922401428223e-1,7.21529982984066010e-2,3.60764991492033005e-2,-8.32626104354858398e-1,-4.16313052177429199e-1
109,11,9.01960784313725505e-1,7.84313725490196068e-2,1.76470588235294101e-1,-9.33407425880432129e-1,-4.66703712940216064e-1,8.08527549728751266e-2,4.04263774864375633e-2,-9.33228433132171631e-1,-4.66614216566085815e-1
109,12,9.80392156862745057e-1,5.88235294117647189e-2,1.32352941176470618e-1,-9.77661073207855225e-1,-4.88830536603927612e-1,6.34763253852724946e-2,3.17381626926362473e-2,-9.77473735809326172e-1,-4.88736867904663086e-1
110,0,3.92156862745098034e-2,7.84313725490196068e-2,1.76470588235294101e-1,9.71886992454528809e-1,4.85943496227264404e-1,-8.42092193663120242e-2,-4.21046096831560121e-2,9.71700608730316162e-1,4.85850304365158081e-1
110,1,1.17647058823529410e-1,7.84313725490196068e-2,1.76470588235294101e-1,9.13179039955139160e-1,4.56589519977569580e-1,-7.91219858452677643e-2,-3.95609929226338822e-2,9.13003921508789062e-1,4.56501960754394531e-1
110,2,1.96078431372549017e-1,7.84313725490196068e-2,1.76470588235294101e-1,7.99309790134429932e-1,3.99654895067214966e-1,-6.92571831867098975e-2,-3.46285915933549487e-2,7.99156486988067627e-1,3.99578243494033813e-1
110,3,2.74509803921568651e-1,7.84313725490196068e-2,1.76470588235294101e-1,6.37156665325164795e-1,3.18578332662582397e-1,-5.52057556807994676e-2,-2.76028778403997338e-2,6.37034475803375244e-1,3.18517237901687622e-1
110,4,3.52941176470588203e-1,7.84313725490196068e-2,1.76470588235294101e-1,4.36515867710113525e-1,2.18257933855056763e-1,-3.78220803570002428e-2,-1.89110401785001214e-2,4.36432152986526489e-1,2.18216076493263245e-1
110,5,4.31372549019607865e-1,7.84313725490196068e-2,1.76470588235294101e-1,2.09506735205650330e-1,1.04753367602825165e-1,-1.81527626642491446e-2,-9.07638133212457232e-3,2.09466546773910522e-1,1.04733273386955261e-1
110,6,5.09803921568627416e-1,7.84313725490196068e-2,1.76470588235294101e-1,-3.01579181104898453e-2,-1.50789590552449226e-2,2.61291613569480941e-3,1.30645806784740470e-3,-3.01521345973014832e-2,-1.50760672986507416e-2
110,7,5.88235294117647078e-1,7.84313725490196068e-2,1.76470588235294101e-1,-2.68000930547714233e-1,-1.34000465273857117e-1,2.32212459726724996e-2,1.16106229863362498e-2,-2.67949521541595459e-1,-1.33974760770797729e-1
110,8,6.66666666666666630e-1,7.84313725490196068e-2,1.76470588235294101e-1,-4.89654839038848877e-1,-2.44827419519424438e-1,4.24259441904723533e-2,2.12129720952361767e-2,-4.89560931921005249e-1,-2.44780465960502625e-1
110,9,7.45098039215686292e-1,7.84313725490196068e-2,1.76470588235294101e-1,-6.81730747222900391e-1,-3.40865373611450195e-1,5.90683529153466225e-2,2.95341764576733112e-2,-6.81599974632263184e-1,-3.40799987316131592e-1
110,10,8.23529411764705843e-1,7.84313725490196068e-2,1.76470588235294101e-1,-8.32626104354858398e-1,-4.16313052177429199e-1,7.21390625461935941e-2,3.60695312730967971e-2,-8.32466423511505127e-1,-4.16233211755752563e-1
110,11,9.01960784313725505e-1,7.84313725490196068e-2,1.76470588235294101e-1,-9.33228433132171631e-1,-4.66614216566085815e-1,8.08371093124151258e-2,4.04185546562075629e-2,-9.33049499988555908e-1,-4.66524749994277954e-1
110,12,9.80392156862745057e-1,5.88235294117647189e-2,1.32352941176470618e-1,-9.77473735809326172e-1,-4.88736867904663086e-1,6.34643560275435364e-2,3.17321780137717682e-2,-9.77286398410797119e-1,-4.88643199205398560e-1
111,0,3.92156862745098034e-2,7.84313725490196068e-2,1.76470588235294101e-1,9.71700608730316162e-1,4.85850304365158081e-1,-8.41930607333779280e-2,-4.20965303666889640e-2,9.71514225006103516e-1,4.85757112503051758e-1
111,1,1.17647058823529410e-1,7.84313725490196068e-2,1.76470588235294101e-1,9.13003921508789062e-1,4.56501960754394531e-1,-7.91068531572818867e-2,-3.95534265786409434e-2,9.12828803062438965e-1,4.56414401531219482e-1
111,2,1.96078431372549017e-1,7.84313725490196068e-2,1.76470588235294101e-1,7.99156486988067627e-1,3.99578243494033813e-1,-6.92438459023833053e-2,-3.46219229511916526e-2,7.99003183841705322e-1,3.99501591920852661e-1
111,3,2.74509803921568651e-1,7.84313725490196068e-2,1.76470588235294101e-1,6.37034475803375244e-1,3.18517237901687622e-1,-5.51951969973743239e-2,-2.75975984986871620e-2,6.36912286281585693e-1,3.18456143140792847e-1
111,4,3.52941176470588203e-1,7.84313725490196068e-2,1.76470588235294101e-1,4.36432152986526489e-1,2.18216076493263245e-1,-3.78148346208035946e-2,-1.89074173104017973e-2,4.36348438262939453e-1,2.18174219131469727e-1
111,5,4.31372549019607865e-1,7.84313725490196068e-2,1.76470588235294101e-1,2.09466546773910522e-1,1.04733273386955261e-1,-1.81492546806111821e-2,-9.07462734030559104e-3,2.09426373243331909e-1,1.04713186621665955e-1
111,6,5.09803921568627416e-1,7.84313725490196068e-2,1.76470588235294101e-1,-3.01521345973014832e-2,-1.50760672986507416e-2,2.61241919361054897e-3,1.30620959680527449e-3,-3.01463510841131210e-2,-1.50731755420565605e-2
111,7,5.88235294117647078e-1,7.84313725490196068e-2,1.76470588235294101e-1,-2.67949521541595459e-1,-1.33974760770797729e-1,2.32167601352557540e-2,1.16083800676278770e-2,-2.67898142337799072e-1,-1.33949071168899536e-1
111,8,6.66666666666666630e-1,7.84313725490196068e-2,1.76470588235294101e-1,-4.89560931921005249e-1,-2.44780465960502625e-1,4.24178648740053399e-2,2.12089324370026699e-2,-4.89467024803161621e-1,-2.44733512401580811e-1
111,9,7.45098039215686292e-1,7.84313725490196068e-2,1.76470588235294101e-1,-6.81599974632263184e-1,-3.40799987316131592e-1,5.90569392777979263e-2,2.95284696388989631e-2,-6.81469261646270752e-1,-3.40734630823135376e-1
111,10,8.23529411764705843e-1,7.84313725490196068e-2,1.76470588235294101e-1,-8.32466423511505127e-1,-4.16233211755752563e-1,7.21252122893929482e-2,3.60626061446964741e-2,-8.32306742668151855e-1,-4.16153371334075928e-1
111,11,9.01960784313725505e-1,7.84313725490196068e-2,1.76470588235294101e-1,-9.33049499988555908e-1,-4.66524749994277954e-1,8.08215491473674719e-2,4.04107745736837359e-2,-9.32870626449584961e-1,-4.66435313224792480e-1
111,12,9.80392156862745057e-1,5.88235294117647189e-2,1.32352941176470618e-1,-9.77286398410797119e-1,-4.88643199205398560e-1,6.34523011744022314e-2,3.17261505872011157e-2,-9.77099120616912842e-1,-4.88549560308456421e-1
112,0,3.92156862745098034e-2,7.84313725490196068e-2,1.76470588235294101e-1,9.71514225006103516e-1,4.85757112503051758e-1,-8.41769021004438317e-2,-4.20884510502219159e-2,9.71327900886535645e-1,4.85663950443267822e-1
112,1,1.17647058823529410e-1,7.84313725490196068e-2,1.76470588235294101e-1,9.12828803062438965e-1,4.56414401531219482e-1,-7.90917204692959813e-2,-3.95458602346479907e-2,9.12653744220733643e-1,4.56326872110366821e-1
112,2,1.96078431372549017e-1,7.84313725490196068e-2,1.76470588235294101e-1,7.99003183841705322e-1,3.99501591920852661e-1,-6.92305086180567686e-2,-3.46152543090283843e-2,7.98849940299987793e-1,3.99424970149993896e-1
112,3,2.74509803921568651e-1,7.84313725490196068e-2,1.76470588235294101e-1,6.36912286281585693e-1,3.18456143140792847e-1,-5.51846383139490970e-2,-2.75923191569745485e-2,6.36790156364440918e-1,3.18395078182220459e-1
112,4,3.52941176470588203e-1,7.84313725490196068e-2,1.76470588235294101e-1,4.36348438262939453e-1,2.18174219131469727e-1,-3.78075675107538700e-2,-1.89037837553769350e-2,4.36264753341674805e-1,2.18132376670837402e-1
112,5,4.31372549019607865e-1,7.84313725490196068e-2,1.76470588235294101e-1,2.09426373243331909e-1,1.04713186621665955e-1,-1.81457894446794277e-2,-9.07289472233971384e-3,2.09386199712753296e-1,1.04693099856376648e-1
112,6,5.09803921568627416e-1,7.84313725490196068e-2,1.76470588235294101e-1,-3.01463510841131210e-2,-1.50731755420565605e-2,2.61190087767321222e-3,1.30595043883660611e-3,-3.01405694335699081e-2,-1.50702847167849541e-2
112,7,5.88235294117647078e-1,7.84313725490196068e-2,1.76470588235294101e-1,-2.67898142337799072e-1,-1.33949071168899536e-1,2.32123597932513692e-2,1.16061798966256846e-2,-2.67846763134002686e-1,-1.33923381567001343e-1
112,8,6.66666666666666630e-1,7.84313725490196068e-2,1.76470588235294101e-1,-4.89467024803161621e-1,-2.44733512401580811e-1,4.24096573144197575e-2,2.12048286572098788e-2,-4.89373147487640381e-1,-2.44686573743820190e-1
112,9,7.45098039215686292e-1,7.84313725490196068e-2,1.76470588235294101e-1,-6.81469261646270752e-1,-3.40734630823135376e-1,5.90456966310739240e-2,2.95228483155369620e-2,-6.81338548660278320e-1,-3.40669274330139160e-1
112,10,8.23529411764705843e-1,7.84313725490196068e-2,1.76470588235294101e-1,-8.32306742668151855e-1,-4.16153371334075928e-1,7.21111910417676083e-2,3.60555955208838042e-2,-8.32147121429443359e-1,-4.16073560714721680e-1
112,11,9.01960784313725505e-1,7.84313725490196068e-2,1.76470588235294101e-1,-9.32870626449584961e-1,-4.66435313224792480e-1,8.08060744777321788e-2,4.04030372388660894e-2,-9.32691752910614014e-1,-4.66345876455307007e-1
112,12,9.80392156862745057e-1,5.88235294117647189e-2,1.32352941176470618e-1,-9.77099120616912842e-1,-4.88549560308456421e-1,6.34402463212609263e-2,3.17201231606304632e-2,-9.76911902427673340e-1,-4.88455951213836670e-1
113,0,3.92156862745098034e-2,7.84313725490196068e-2,1.76470588235294101e-1,9.71327900886535645e-1,4.85663950443267822e-1,-8.41607434675097493e-2,-4.20803717337548747e-2,9.71141636371612549e-1,4.85570818185806274e-1
113,1,1.17647058823529410e-1,7.84313725490196068e-2,1.76470588235294101e-1,9.12653744220733643e-1,4.56326872110366821e-1,-7.90765877813100621e-2,-3.95382938906550310e-2,9.12478685379028320e-1,4.56239342689514160e-1
113,2,1.96078431372549017e-1,7.84313725490196068e-2,1.76470588235294101e-1,7.98849940299987793e-1,3.99424970149993896e-1,-6.92171713337302319e-2,-3.46085856668651159e-2,7.98696696758270264e-1,3.99348348379135132e-1
113,3,2.74509803921568651e-1,7.84313725490196068e-2,1.76470588235294101e-1,6.36790156364440918e-1,3.18395078182220459e-1,-5.51741223782300783e-2,-2.75870611891150391e-2,6.36668026447296143e-1,3.18334013223648071e-1
113,4,3.52941176470588203e-1,7.84313725490196068e-2,1.76470588235294101e-1,4.36264753341674805e-1,2.18132376670837402e-1,-3.78003004007041454e-2,-1.89001502003520727e-2,4.36181068420410156e-1,2.18090534210205078e-1
113,5,4.31372549019607865e-1,7.84313725490196068e-2,1.76470588235294101e-1,2.09386199712753296e-1,1.04693099856376648e-1,-1.81422841327730788e-2,-9.07114206638653942e-3,2.09346041083335876e-1,1.04673020541667938e-1
113,6,5.09803921568627416e-1,7.84313725490196068e-2,1.76470588235294101e-1,-3.01405694335699081e-2,-1.50702847167849541e-2,2.61138790519910291e-3,1.30569395259955146e-3,-3.01347896456718445e-2,-1.50673948228359222e-2
113,7,5.88235294117647078e-1,7.84313725490196068e-2,1.76470588235294101e-1,-2.67846763134002686e-1,-1.33923381567001343e-1,2.32079140318091626e-2,1.16039570159045813e-2,-2.67795383930206299e-1,-1.33897691965103149e-1
113,8,6.66666666666666630e-1,7.84313725490196068e-2,1.76470588235294101e-1,-4.89373147487640381e-1,-2.44686573743820190e-1,4.24015352502465359e-2,2.12007676251232680e-2,-4.89279299974441528e-1,-2.44639649987220764e-1
113,9,7.45098039215686292e-1,7.84313725490196068e-2,1.76470588235294101e-1,-6.81338548660278320e-1,-3.40669274330139160e-1,5.90343257412314359e-2,2.95171628706157180e-2,-6.81207895278930664e-1,-3.40603947639465332e-1
113,10,8.23529411764705843e-1,7.84313725490196068e-2,1.76470588235294101e-1,-8.32147121429443359e-1,-4.16073560714721680e-1,7.20973407849669623e-2,3.60486703924834812e-2,-8.31987559795379639e-1,-4.15993779897689819e-1
113,11,9.01960784313725505e-1,7.84313725490196068e-2,1.76470588235294101e-1,-9.32691752910614014e-1,-4.66345876455307007e-1,8.07904288172721780e-2,4.03952144086360890e-2,-9.32512938976287842e-1,-4.66256469488143921e-1
113,12,9.80392156862745057e-1,5.88235294117647189e-2,1.32352941176470618e-1,-9.76911902427673340e-1,-4.88455951213836670e-1,6.34282769635319682e-2,3.17141384817659841e-2,-9.76724684238433838e-1,-4.88362342119216919e-1
114,0,3.92156862745098034e-2,7.84313725490196068e-2,1.76470588235294101e-1,9.71141636371612549e-1,4.85570818185806274e-1,-8.41446703299880000e-2,-4.20723351649940000e-2,9.70955371856689453e-1,4.85477685928344727e-1
114,1,1.17647058823529410e-1,7.84313725490196068e-2,1.76470588235294101e-1,9.12478685379028320e-1,4.56239342689514160e-1,-7.90613695979118375e-2,-3.95306847989559187e-2,9.12303686141967773e-1,4.56151843070983887e-1
114,2,1.96078431372549017e-1,7.84313725490196068e-2,1.76470588235294101e-1,7.98696696758270264e-1,3.99348348379135132e-1,-6.92038340494036674e-2,-3.46019170247018337e-2,7.98543512821197510e-1,3.99271756410598755e-1
114,3,2.74509803921568651e-1,7.84313725490196068e-2,1.76470588235294101e-1,6.36668026447296143e-1,3.18334013223648071e-1,-5.51636064425110595e-2,-2.75818032212555297e-2,6.36545896530151367e-1,3.18272948265075684e-1
114,4,3.52941176470588203e-1,7.84313725490196068e-2,1.76470588235294101e-1,4.36181068420410156e-1,2.18090534210205078e-1,-3.77930119168013445e-2,-1.88965059584006723e-2,4.36097413301467896e-1,2.18048706650733948e-1
114,5,4.31372549019607865e-1,7.84313725490196068e-2,1.76470588235294101e-1,2.09346041083335876e-1,1.04673020541667938e-1,-1.81388242403045519e-2,-9.06941212015227594e-3,2.09305897355079651e-1,1.04652948677539825e-1
114,6,5.09803921568627416e-1,7.84313725490196068e-2,1.76470588235294101e-1,-3.01347896456718445e-2,-1.50673948228359222e-2,2.61090165004135288e-3,1.30545082502067644e-3,-3.01290098577737808e-2,-1.50645049288868904e-2
114,7,5.88235294117647078e-1,7.84313725490196068e-2,1.76470588235294101e-1,-2.67795383930206299e-1,-1.33897691965103149e-1,2.32034228509291895e-2,1.16017114254645948e-2,-2.67744034528732300e-1,-1.33872017264366150e-1
114,8,6.66666666666666630e-1,7.84313725490196068e-2,1.76470588235294101e-1,-4.89279299974441528e-1,-2.44639649987220764e-1,4.23934131860733143e-2,2.11967065930366572e-2,-4.89185452461242676e-1,-2.44592726230621338e-1
114,9,7.45098039215686292e-1,7.84313725490196068e-2,1.76470588235294101e-1,-6.81207895278930664e-1,-3.40603947639465332e-1,5.90229975990951006e-2,2.95114987995475503e-2,-6.81077241897583008e-1,-3.40538620948791504e-1
114,10,8.23529411764705843e-1,7.84313725490196068e-2,1.76470588235294101e-1,-8.31987559795379639e-1,-4.15993779897689819e-1,7.20834905281663163e-2,3.60417452640831582e-2,-8.31827998161315918e-1,-4.15913999080657959e-1
114,11,9.01960784313725505e-1,7.84313725490196068e-2,1.76470588235294101e-1,-9.32512938976287842e-1,-4.66256469488143921e-1,8.07748686522245241e-2,4.03874343261122620e-2,-9.32334125041961670e-1,-4.66167062520980835e-1
114,12,9.80392156862745057e-1,5.88235294117647189e-2,1.32352941176470618e-1,-9.76724684238433838e-1,-4.88362342119216919e-1,6.34162221103906631e-2,3.17081110551953316e-2,-9.76537525653839111e-1,-4.88268762826919556e-1
115,0,3.92156862745098034e-2,7.84313725490196068e-2,1.76470588235294101e-1,9.70955371856689453e-1,4.85477685928344727e-1,-8.41285116970539038e-2,-4.20642558485269519e-2,9.70769166946411133e-1,4.85384583473205566e-1
115,1,1.17647058823529410e-1,7.84313725490196068e-2,1.76470588235294101e-1,9.12303686141967773e-1,4.56151843070983887e-1,-7.90462369099259321e-2,-3.95231184549629661e-2,9.12128686904907227e-1,4.56064343452453613e-1
115,2,1.96078431372549017e-1,7.84313725490196068e-2,1.76470588235294101e-1,7.98543512821197510e-1,3.99271756410598755e-1,-6.91905822604894638e-2,-3.45952911302447319e-2,7.98390328884124756e-1,3.99195164442062378e-1
115,3,2.74509803921568651e-1,7.84313725490196068e-2,1.76470588235294101e-1,6.36545896530151367e-1,3.18272948265075684e-1,-5.51529622636735550e-2,-2.75764811318367775e-2,6.36423826217651367e-1,3.18211913108825684e-1
115,4,3.52941176470588203e-1,7.84313725490196068e-2,1.76470588235294101e-1,4.36097413301467896e-1,2.18048706650733948e-1,-3.77857875544577726e-2,-1.88928937772288863e-2,4.36013758182525635e-1,2.18006879091262817e-1
115,5,4.31372549019607865e-1,7.84313725490196068e-2,1.76470588235294101e-1,2.09305897355079651e-1,1.04652948677539825e-1,-1.81353643478360249e-2,-9.06768217391801246e-3,2.09265753626823425e-1,1.04632876813411713e-1
115,6,5.09803921568627416e-1,7.84313725490196068e-2,1.76470588235294101e-1,-3.01290098577737808e-2,-1.50645049288868904e-2,2.61039402103052653e-3,1.30519701051526327e-3,-3.01232319325208664e-2,-1.50616159662604332e-2
115,7,5.88235294117647078e-1,7.84313725490196068e-2,1.76470588235294101e-1,-2.67744034528732300e-1,-1.33872017264366150e-1,2.31990171654615773e-2,1.15995085827307887e-2,-2.67692685127258301e-1,-1.33846342563629150e-1
115,8,6.66666666666666630e-1,7.84313725490196068e-2,1.76470588235294101e-1,-4.89185452461242676e-1,-2.44592726230621338e-1,4.23852483741938846e-2,2.11926241870969423e-2,-4.89091634750366211e-1,-2.44545817375183105e-1
115,9,7.45098039215686292e-1,7.84313725490196068e-2,1.76470588235294101e-1,-6.81077241897583008e-1,-3.40538620948791504e-1,5.90116694569587652e-2,2.95058347284793826e-2,-6.80946588516235352e-1,-3.40473294258117676e-1
115,10,8.23529411764705843e-1,7.84313725490196068e-2,1.76470588235294101e-1,-8.31827998161315918e-1,-4.15913999080657959e-1,7.20696402713656425e-2,3.60348201356828213e-2,-8.31668496131896973e-1,-4.15834248065948486e-1
115,11,9.01960784313725505e-1,7.84313725490196068e-2,1.76470588235294101e-1,-9.32334125041961670e-1,-4.66167062520980835e-1,8.07592229917645510e-2,4.03796114958822755e-2,-9.32155370712280273e-1,-4.66077685356140137e-1
115,12,9.80392156862745057e-1,5.88235294117647189e-2,1.32352941176470618e-1,-9.76537525653839111e-1,-4.88268762826919556e-1,6.34042527526617050e-2,3.17021263763308525e-2,-9.76350367069244385e-1,-4.88175183534622192e-1
116,0,3.92156862745098034e-2,7.84313725490196068e-2,1.76470588235294101e-1,9.70769166946411133e-1,4.85384583473205566e-1,-8.41124385595321683e-2,-4.20562192797660842e-2,9.70582962036132812e-1,4.85291481018066406e-1
116,1,1.17647058823529410e-1,7.84313725490196068e-2,1.76470588235294101e-1,9.12128686904907227e-1,4.56064343452453613e-1,-7.90310187265276937e-2,-3.95155093632638468e-2,9.11953747272491455e-1,4.55976873636245728e-1
116,2,1.96078431372549017e-1,7.84313725490196068e-2,1.76470588235294101e-1,7.98390328884124756e-1,3.99195164442062378e-1,-6.91772449761628994e-2,-3.45886224880814497e-2,7.98237204551696777e-1,3.99118602275848389e-1
116,3,2.74509803921568651e-1,7.84313725490196068e-2,1.76470588235294101e-1,6.36423826217651367e-1,3.18211913108825684e-1,-5.51424890756606889e-2,-2.75712445378303445e-2,6.36301755905151367e-1,3.18150877952575684e-1
116,4,3.52941176470588203e-1,7.84313725490196068e-2,1.76470588235294101e-1,4.36013758182525635e-1,2.18006879091262817e-1,-3.77784776967018954e-2,-1.88892388483509477e-2,4.35930132865905762e-1,2.17965066432952881e-1
116,5,4.31372549019607865e-1,7.84313725490196068e-2,1.76470588235294101e-1,2.09265753626823425e-1,1.04632876813411713e-1,-1.81319071270991117e-2,-9.06595356354955584e-3,2.09225624799728394e-1,1.04612812399864197e-1
116,6,5.09803921568627416e-1,7.84313725490196068e-2,1.76470588235294101e-1,-3.01232319325208664e-2,-1.50616159662604332e-2,2.60989173548298314e-3,1.30494586774149157e-3,-3.01174540072679520e-2,-1.50587270036339760e-2
116,7,5.88235294117647078e-1,7.84313725490196068e-2,1.76470588235294101e-1,-2.67692685127258301e-1,-1.33846342563629150e-1,2.31945660605560877e-2,1.15972830302780439e-2,-2.67641335725784302e-1,-1.33820667862892151e-1
116,8,6.66666666666666630e-1,7.84313725490196068e-2,1.76470588235294101e-1,-4.89091634750366211e-1,-2.44545817375183105e-1,4.23771690577268711e-2,2.11885845288634356e-2,-4.88997817039489746e-1,-2.44498908519744873e-1
116,9,7.45098039215686292e-1,7.84313725490196068e-2,1.76470588235294101e-1,-6.80946588516235352e-1,-3.40473294258117676e-1,5.90002130717038886e-2,2.95001065358519443e-2,-6.80815994739532471e-1,-3.40407997369766235e-1
116,10,8.23529411764705843e-1,7.84313725490196068e-2,1.76470588235294101e-1,-8.31668496131896973e-1,-4.15834248065948486e-1,7.20558755099773296e-2,3.60279377549886648e-2,-8.31508994102478027e-1,-4.15754497051239014e-1
116,11,9.01960784313725505e-1,7.84313725490196068e-2,1.76470588235294101e-1,-9.32155370712280273e-1,-4.66077685356140137e-1,8.07436628267168971e-2,4.03718314133584485e-2,-9.31976616382598877e-1,-4.65988308191299438e-1
116,12,9.80392156862745057e-1,5.88235294117647189e-2,1.32352941176470618e-1,-9.76350367069244385e-1,-4.88175183534622192e-1,6.33921978995204000e-2,3.16960989497602000e-2,-9.76163268089294434e-1,-4.88081634044647217e-1
117,0,3.92156862745098034e-2,7.84313725490196068e-2,1.76470588235294101e-1,9.70582962036132812e-1,4.85291481018066406e-1,-8.40962799265980721e-2,-4.20481399632990360e-2,9.70396816730499268e-1,4.85198408365249634e-1
117,1,1.17647058823529410e-1,7.84313725490196068e-2,1.76470588235294101e-1,9.11953747272491455e-1,4.55976873636245728e-1,-7.90158860385417883e-2,-3.95079430192708941e-2,9.11778867244720459e-1,4.55889433622360229e-1
117,2,1.96078431372549017e-1,7.84313725490196068e-2,1.76470588235294101e-1,7.98237204551696777e-1,3.99118602275848389e-1,-6.91639931872486957e-2,-3.45819965936243479e-2,7.98084080219268799e-1,3.99042040109634399e-1
117,3,2.74509803921568651e-1,7.84313725490196068e-2,1.76470588235294101e-1,6.36301755905151367e-1,3.18150877952575684e-1,-5.51318876445293371e-2,-2.75659438222646686e-2,6.36179745197296143e-1,3.18089872598648071e-1
117,4,3.52941176470588203e-1,7.84313725490196068e-2,1.76470588235294101e-1,4.35930132865905762e-1,2.17965066432952881e-1,-3.77712319605052471e-2,-1.88856159802526236e-2,4.35846537351608276e-1,2.17923268675804138e-1
117,5,4.31372549019607865e-1,7.84313725490196068e-2,1.76470588235294101e-1,2.09225624799728394e-1,1.04612812399864197e-1,-1.81284499063622540e-2,-9.06422495318112698e-3,2.09185495972633362e-1,1.04592747986316681e-1
117,6,5.09803921568627416e-1,7.84313725490196068e-2,1.76470588235294101e-1,-3.01174540072679520e-2,-1.50587270036339760e-2,2.60941082378851608e-3,1.30470541189425804e-3,-3.01116779446601868e-2,-1.50558389723300934e-2
117,7,5.88235294117647078e-1,7.84313725490196068e-2,1.76470588235294101e-1,-2.67641335725784302e-1,-1.33820667862892151e-1,2.31901149556506536e-2,1.15950574778253268e-2,-2.67590016126632690e-1,-1.33795008063316345e-1
117,8,6.66666666666666630e-1,7.84313725490196068e-2,1.76470588235294101e-1,-4.88997817039489746e-1,-2.44498908519744873e-1,4.23690042458474414e-2,2.11845021229237207e-2,-4.88904029130935669e-1,-2.44452014565467834e-1
117,9,7.45098039215686292e-1,7.84313725490196068e-2,1.76470588235294101e-1,-6.80815994739532471e-1,-3.40407997369766235e-1,5.89889276772737614e-2,2.94944638386368807e-2,-6.80685400962829590e-1,-3.40342700481414795e-1
117,10,8.23529411764705843e-1,7.84313725490196068e-2,1.76470588235294101e-1,-8.31508994102478027e-1,-4.15754497051239014e-1,7.20420252531766836e-2,3.60210126265883418e-2,-8.31349551677703857e-1,-4.15674775838851929e-1
117,11,9.01960784313725505e-1,7.84313725490196068e-2,1.76470588235294101e-1,-9.31976616382598877e-1,-4.65988308191299438e-1,8.07280171662568963e-2,4.03640085831284481e-2,-9.31797921657562256e-1,-4.65898960828781128e-1
117,12,9.80392156862745057e-1,5.88235294117647189e-2,1.32352941176470618e-1,-9.76163268089294434e-1,-4.88081634044647217e-1,6.33802285417914418e-2,3.16901142708957209e-2,-9.75976228713989258e-1,-4.87988114356994629e-1
118,0,3.92156862745098034e-2,7.84313725490196068e-2,1.76470588235294101e-1,9.70396816730499268e-1,4.85198408365249634e-1,-8.40801212936639758e-2,-4.20400606468319879e-2,9.70210731029510498e-1,4.85105365514755249e-1
118,1,1.17647058823529410e-1,7.84313725490196068e-2,1.76470588235294101e-1,9.11778867244720459e-1,4.55889433622360229e-1,-7.90008388459682437e-2,-3.95004194229841218e-2,9.11603987216949463e-1,4.55801993608474731e-1
118,2,1.96078431372549017e-1,7.84313725490196068e-2,1.76470588235294101e-1,7.98084080219268799e-1,3.99042040109634399e-1,-6.91505704075097982e-2,-3.45752852037548991e-2,7.97931015491485596e-1,3.98965507745742798e-1
118,3,2.74509803921568651e-1,7.84313725490196068e-2,1.76470588235294101e-1,6.36179745197296143e-1,3.18089872598648071e-1,-5.51214144565165265e-2,-2.75607072282582632e-2,6.36057734489440918e-1,3.18028867244720459e-1
118,4,3.52941176470588203e-1,7.84313725490196068e-2,1.76470588235294101e-1,4.35846537351608276e-1,2.17923268675804138e-1,-3.77639862243085989e-2,-1.88819931121542994e-2,4.35762941837310791e-1,2.17881470918655396e-1
118,5,4.31372549019607865e-1,7.84313725490196068e-2,1.76470588235294101e-1,2.09185495972633362e-1,1.04592747986316681e-1,-1.81249526096508018e-2,-9.06247630482540090e-3,2.09145382046699524e-1,1.04572691023349762e-1
118,6,5.09803921568627416e-1,7.84313725490196068e-2,1.76470588235294101e-1,-3.01116779446601868e-2,-1.50558389723300934e-2,2.60889250785112381e-3,1.30444625392556190e-3,-3.01059037446975708e-2,-1.50529518723487854e-2
118,7,5.88235294117647078e-1,7.84313725490196068e-2,1.76470588235294101e-1,-2.67590016126632690e-1,-1.33795008063316345e-1,2.31857039267197584e-2,1.15928519633598792e-2,-2.67538696527481079e-1,-1.33769348263740540e-1
118,8,6.66666666666666630e-1,7.84313725490196068e-2,1.76470588235294101e-1,-4.88904029130935669e-1,-2.44452014565467834e-1,4.23608821816742198e-2,2.11804410908371099e-2,-4.88810271024703979e-1,-2.44405135512351990e-1
118,9,7.45098039215686292e-1,7.84313725490196068e-2,1.76470588235294101e-1,-6.80685400962829590e-1,-3.40342700481414795e-1,5.89775140397250652e-2,2.94887570198625326e-2,-6.80554866790771484e-1,-3.40277433395385742e-1
118,10,8.23529411764705843e-1,7.84313725490196068e-2,1.76470588235294101e-1,-8.31349551677703857e-1,-4.15674775838851929e-1,7.20282604917883984e-2,3.60141302458941992e-2,-8.31190109252929688e-1,-4.15595054626464844e-1
118,11,9.01960784313725505e-1,7.84313725490196068e-2,1.76470588235294101e-1,-9.31797921657562256e-1,-4.65898960828781128e-1,8.07123715057968955e-2,4.03561857528984477e-2,-9.31619286537170410e-1,-4.65809643268585205e-1
118,12,9.80392156862745057e-1,5.88235294117647189e-2,1.32352941176470618e-1,-9.75976228713989258e-1,-4.87988114356994629e-1,6.33682591840624837e-2,3.16841295920312419e-2,-9.75789189338684082e-1,-4.87894594669342041e-1
119,0,3.92156862745098034e-2,7.84313725490196068e-2,1.76470588235294101e-1,9.70210731029510498e-1,4.85105365514755249e-1,-8.40640481561422265e-2,-4.20320240780711132e-2,9.70024645328521729e-1,4.85012322664260864e-1
119,1,1.17647058823529410e-1,7.84313725490196068e-2,1.76470588235294101e-1,9.11603987216949463e-1,4.55801993608474731e-1,-7.89856206625699914e-2,-3.94928103312849957e-2,9.11429166793823242e-1,4.55714583396911621e-1
119,2,1.96078431372549017e-1,7.84313725490196068e-2,1.76470588235294101e-1,7.97931015491485596e-1,3.98965507745742798e-1,-6.91373186185956223e-2,-3.45686593092978112e-2,7.97777950763702393e-1,3.98888975381851196e-1
119,3,2.74509803921568651e-1,7.84313725490196068e-2,1.76470588235294101e-1,6.36057734489440918e-1,3.18028867244720459e-1,-5.51108557730912996e-2,-2.75554278865456498e-2,6.35935723781585693e-1,3.17967861890792847e-1
119,4,3.52941176470588203e-1,7.84313725490196068e-2,1.76470588235294101e-1,4.35762941837310791e-1,2.17881470918655396e-1,-3.77567191142588743e-2,-1.88783595571294371e-2,4.35679376125335693e-1,2.17839688062667847e-1
119,5,4.31372549019607865e-1,7.84313725490196068e-2,1.76470588235294101e-1,2.09145382046699524e-1,1.04572691023349762e-1,-1.81215007323771715e-2,-9.06075036618858576e-3,2.09105268120765686e-1,1.04552634060382843e-1
119,6,5.09803921568627416e-1,7.84313725490196068e-2,1.76470588235294101e-1,-3.01059037446975708e-2,-1.50529518723487854e-2,2.60840090923009083e-3,1.30420045461504541e-3,-3.01001295447349548e-2,-1.50500647723674774e-2
119,7,5.88235294117647078e-1,7.84313725490196068e-2,1.76470588235294101e-1,-2.67538696527481079e-1,-1.33769348263740540e-1,2.31812474783509859e-2,1.15906237391754929e-2,-2.67487376928329468e-1,-1.33743688464164734e-1
119,8,6.66666666666666630e-1,7.84313725490196068e-2,1.76470588235294101e-1,-4.88810271024703979e-1,-2.44405135512351990e-1,4.23527601175010537e-2,2.11763800587505269e-2,-4.88716512918472290e-1,-2.44358256459236145e-1
119,9,7.45098039215686292e-1,7.84313725490196068e-2,1.76470588235294101e-1,-6.80554866790771484e-1,-3.40277433395385742e-1,5.89662286452948825e-2,2.94831143226474413e-2,-6.80424332618713379e-1,-3.40212166309356689e-1
119,10,8.23529411764705843e-1,7.84313725490196068e-2,1.76470588235294101e-1,-8.31190109252929688e-1,-4.15595054626464844e-1,7.20143247395753916e-2,3.60071623697876958e-2,-8.31030726432800293e-1,-4.15515363216400146e-1
119,11,9.01960784313725505e-1,7.84313725490196068e-2,1.76470588235294101e-1,-9.31619286537170410e-1,-4.65809643268585205e-1,8.06968968361616162e-2,4.03484484180808081e-2,-9.31440651416778564e-1,-4.65720325708389282e-1
119,12,9.80392156862745057e-1,5.88235294117647189e-2,1.32352941176470618e-1,-9.75789189338684082e-1,-4.87894594669342041e-1,6.33562043309211648e-2,3.16781021654605824e-2,-9.75602209568023682e-1,-4.87801104784011841e-1
120,0,3.92156862745098034e-2,7.84313725490196068e-2,1.76470588235294101e-1,9.70024645328521729e-1,4.85012322664260864e-1,-8.40478895232081441e-2,-4.20239447616040721e-2,9.69838619232177734e-1,4.84919309616088867e-1
120,1,1.17647058823529410e-1,7.84313725490196068e-2,1.76470588235294101e-1,9.11429166793823242e-1,4.55714583396911621e-1,-7.89705734699964329e-2,-3.94852867349982165e-2,9.11254346370697021e-1,4.55627173185348511e-1
120,2,1.96078431372549017e-1,7.84313725490196068e-2,1.76470588235294101e-1,7.97777950763702393e-1,3.98888975381851196e-1,-6.91239813342690579e-2,-3.45619906671345289e-2,7.97624945640563965e-1,3.98812472820281982e-1
120,3,2.74509803921568651e-1,7.84313725490196068e-2,1.76470588235294101e-1,6.35935723781585693e-1,3.17967861890792847e-1,-5.51002543419599478e-2,-2.75501271709799739e-2,6.35813772678375244e-1,3.17906886339187622e-1
120,4,3.52941176470588203e-1,7.84313725490196068e-2,1.76470588235294101e-1,4.35679376125335693e-1,2.17839688062667847e-1,-3.77495374996215105e-2,-1.88747687498107553e-2,4.35595810413360596e-1,2.17797905206680298e-1
120,5,4.31372549019607865e-1,7.84313725490196068e-2,1.76470588235294101e-1,2.09105268120765686e-1,1.04552634060382843e-1,-1.81180061073973886e-2,-9.05900305369869430e-3,2.09065169095993042e-1,1.04532584547996521e-1
120,6,5.09803921568627416e-1,7.84313725490196068e-2,1.76470588235294101e-1,-3.01001295447349548e-2,-1.50500647723674774e-2,2.60790931060911335e-3,1.30395465530455668e-3,-3.00943572074174881e-2,-1.50471786037087440e-2
120,7,5.88235294117647078e-1,7.84313725490196068e-2,1.76470588235294101e-1,-2.67487376928329468e-1,-1.33743688464164734e-1,2.31767910299822688e-2,1.15883955149911344e-2,-2.67436087131500244e-1,-1.33718043565750122e-1
120,8,6.66666666666666630e-1,7.84313725490196068e-2,1.76470588235294101e-1,-4.88716512918472290e-1,-2.44358256459236145e-1,4.23446380533277766e-2,2.11723190266638883e-2,-4.88622784614562988e-1,-2.44311392307281494e-1
120,9,7.45098039215686292e-1,7.84313725490196068e-2,1.76470588235294101e-1,-6.80424332618713379e-1,-3.40212166309356689e-1,5.89548577554524222e-2,2.94774288777262111e-2,-6.80293858051300049e-1,-3.40146929025650024e-1
120,10,8.23529411764705843e-1,7.84313725490196068e-2,1.76470588235294101e-1,-8.31030726432800293e-1,-4.15515363216400146e-1,7.20005599781870786e-2,3.60002799890935393e-2,-8.30871343612670898e-1,-4.15435671806335449e-1
120,11,9.01960784313725505e-1,7.84313725490196068e-2,1.76470588235294101e-1,-9.31440651416778564e-1,-4.65720325708389282e-1,8.06812511757016154e-2,4.03406255878508077e-2,-9.31262075901031494e-1,-4.65631037950515747e-1
120,12,9.80392156862745057e-1,5.88235294117647189e-2,1.32352941176470618e-1,-9.75602209568023682e-1,-4.87801104784011841e-1,6.33442349731922066e-2,3.16721174865961033e-2,-9.75415229797363281e-1,-4.87707614898681641e-1
121,0,3.92156862745098034e-2,7.84313725490196068e-2,1.76470588235294101e-1,9.69838619232177734e-1,4.84919309616088867e-1,-8.40318163856863948e-2,-4.20159081928431974e-2,9.69652593135833740e-1,4.84826296567916870e-1
121,1,1.17647058823529410e-1,7.84313725490196068e-2,1.76470588235294101e-1,9.11254346370697021e-1,4.55627173185348511e-1,-7.89553552865982083e-2,-3.94776776432991042e-2,9.11079585552215576e-1,4.55539792776107788e-1
121,2,1.96078431372549017e-1,7.84313725490196068e-2,1.76470588235294101e-1,7.97624945640563965e-1,3.98812472820281982e-1,-6.91107295453548265e-2,-3.45553647726774132e-2,7.97471940517425537e-1,3.98735970258712769e-1
121,3,2.74509803921568651e-1,7.84313725490196068e-2,1.76470588235294101e-1,6.35813772678375244e-1,3.17906886339187622e-1,-5.50897384062409567e-2,-2.75448692031204784e-2,6.35691821575164795e-1,3.17845910787582397e-1
121,4,3.52941176470588203e-1,7.84313725490196068e-2,1.76470588235294101e-1,4.35595810413360596e-1,2.17797905206680298e-1,-3.77422490157187096e-2,-1.88711245078593548e-2,4.35512274503707886e-1,2.17756137251853943e-1
121,5,4.31372549019607865e-1,7.84313725490196068e-2,1.76470588235294101e-1,2.09065169095993042e-1,1.04532584547996521e-1,-1.81145569018553720e-2,-9.05727845092768602e-3,2.09025070071220398e-1,1.04512535035610199e-1
121,6,5.09803921568627416e-1,7.84313725490196068e-2,1.76470588235294101e-1,-3.00943572074174881e-2,-1.50471786037087440e-2,2.60740168159828700e-3,1.30370084079914350e-3,-3.00885848701000214e-2,-1.50442924350500107e-2
121,7,5.88235294117647078e-1,7.84313725490196068e-2,1.76470588235294101e-1,-2.67436087131500244e-1,-1.33718043565750122e-1,2.31723746575880907e-2,1.15861873287940453e-2,-2.67384797334671021e-1,-1.33692398667335510e-1
121,8,6.66666666666666630e-1,7.84313725490196068e-2,1.76470588235294101e-1,-4.88622784614562988e-1,-2.44311392307281494e-1,4.23364732414484024e-2,2.11682366207242012e-2,-4.88529056310653687e-1,-2.44264528155326843e-1
121,9,7.45098039215686292e-1,7.84313725490196068e-2,1.76470588235294101e-1,-6.80293858051300049e-1,-3.40146929025650024e-1,5.89436151087283922e-2,2.94718075543641961e-2,-6.80163383483886719e-1,-3.40081691741943359e-1
121,10,8.23529411764705843e-1,7.84313725490196068e-2,1.76470588235294101e-1,-8.30871343612670898e-1,-4.15435671806335449e-1,7.19866242259740718e-2,3.59933121129870359e-2,-8.30712020397186279e-1,-4.15356010198593140e-1
121,11,9.01960784313725505e-1,7.84313725490196068e-2,1.76470588235294101e-1,-9.31262075901031494e-1,-4.65631037950515747e-1,8.06657765060663223e-2,4.03328882530331612e-2,-9.31083500385284424e-1,-4.65541750192642212e-1
121,12,9.80392156862745057e-1,5.88235294117647189e-2,1.32352941176470618e-1,-9.75415229797363281e-1,-4.87707614898681641e-1,6.33321801200509016e-2,3.16660900600254508e-2,-9.75228309631347656e-1,-4.87614154815673828e-1
122,0,3.92156862745098034e-2,7.84313725490196068e-2,1.76470588235294101e-1,9.69652593135833740e-1,4.84826296567916870e-1,-8.40156577527522985e-2,-4.20078288763761493e-2,9.69466626644134521e-1,4.84733313322067261e-1
122,1,1.17647058823529410e-1,7.84313725490196068e-2,1.76470588235294101e-1,9.11079585552215576e-1,4.55539792776107788e-1,-7.89403080940246638e-2,-3.94701540470123319e-2,9.10904824733734131e-1,4.55452412366867065e-1
122,2,1.96078431372549017e-1,7.84313725490196068e-2,1.76470588235294101e-1,7.97471940517425537e-1,3.98735970258712769e-1,-6.90973922610282898e-2,-3.45486961305141449e-2,7.97318994998931885e-1,3.98659497499465942e-1
122,3,2.74509803921568651e-1,7.84313725490196068e-2,1.76470588235294101e-1,6.35691821575164795e-1,3.17845910787582397e-1,-5.50791797228157298e-2,-2.75395898614078649e-2,6.35569930076599121e-1,3.17784965038299561e-1
122,4,3.52941176470588203e-1,7.84313725490196068e-2,1.76470588235294101e-1,4.35512274503707886e-1,2.17756137251853943e-1,-3.77350460272282695e-2,-1.88675230136141348e-2,4.35428738594055176e-1,2.17714369297027588e-1
122,5,4.31372549019607865e-1,7.84313725490196068e-2,1.76470588235294101e-1,2.09025070071220398e-1,1.04512535035610199e-1,-1.81110649486072028e-2,-9.05553247430360142e-3,2.08984985947608948e-1,1.04492492973804474e-1
122,6,5.09803921568627416e-1,7.84313725490196068e-2,1.76470588235294101e-1,-3.00885848701000214e-2,-1.50442924350500107e-2,2.60689405258746065e-3,1.30344702629373033e-3,-3.00828143954277039e-2,-1.50414071977138519e-2
122,7,5.88235294117647078e-1,7.84313725490196068e-2,1.76470588235294101e-1,-2.67384797334671021e-1,-1.33692398667335510e-1,2.31679582851938570e-2,1.15839791425969285e-2,-2.67333507537841797e-1,-1.33666753768920898e-1
122,8,6.66666666666666630e-1,7.84313725490196068e-2,1.76470588235294101e-1,-4.88529056310653687e-1,-2.44264528155326843e-1,4.23283084295690282e-2,2.11641542147845141e-2,-4.88435357809066772e-1,-2.44217678904533386e-1
122,9,7.45098039215686292e-1,7.84313725490196068e-2,1.76470588235294101e-1,-6.80163383483886719e-1,-3.40081691741943359e-1,5.89322869665920568e-2,2.94661434832960284e-2,-6.80032908916473389e-1,-3.40016454458236694e-1
122,10,8.23529411764705843e-1,7.84313725490196068e-2,1.76470588235294101e-1,-8.30712020397186279e-1,-4.15356010198593140e-1,7.19728594645857866e-2,3.59864297322928933e-2,-8.30552697181701660e-1,-4.15276348590850830e-1
122,11,9.01960784313725505e-1,7.84313725490196068e-2,1.76470588235294101e-1,-9.31083500385284424e-1,-4.65541750192642212e-1,8.06501308456063215e-2,4.03250654228031608e-2,-9.30904984474182129e-1,-4.65452492237091064e-1
122,12,9.80392156862745057e-1,5.88235294117647189e-2,1.32352941176470618e-1,-9.75228309631347656e-1,-4.87614154815673828e-1,6.33202107623219435e-2,3.16601053811609717e-2,-9.75041449069976807e-1,-4.87520724534988403e-1
123,0,3.92156862745098034e-2,7.84313725490196068e-2,1.76470588235294101e-1,9.69466626644134521e-1,4.84733313322067261e-1,-8.39995846152305631e-2,-4.19997923076152815e-2,9.69280719757080078e-1,4.84640359878540039e-1
123,1,1.17647058823529410e-1,7.84313725490196068e-2,1.76470588235294101e-1,9.10904824733734131e-1,4.55452412366867065e-1,-7.89250899106263976e-2,-3.94625449553131988e-2,9.10730123519897461e-1,4.55365061759948730e-1
123,2,1.96078431372549017e-1,7.84313725490196068e-2,1.76470588235294101e-1,7.97318994998931885e-1,3.98659497499465942e-1,-6.90841404721140862e-2,-3.45420702360570431e-2,7.97166049480438232e-1,3.98583024740219116e-1
123,3,2.74509803921568651e-1,7.84313725490196068e-2,1.76470588235294101e-1,6.35569930076599121e-1,3.17784965038299561e-1,-5.50687065348028915e-2,-2.75343532674014457e-2,6.35448038578033447e-1,3.17724019289016724e-1
123,4,3.52941176470588203e-1,7.84313725490196068e-2,1.76470588235294101e-1,4.35428738594055176e-1,2.17714369297027588e-1,-3.77277361694723368e-2,-1.88638680847361684e-2,4.35345232486724854e-1,2.17672616243362427e-1
123,5,4.31372549019607865e-1,7.84313725490196068e-2,1.76470588235294101e-1,2.08984985947608948e-1,1.04492492973804474e-1,-1.81076184147969110e-2,-9.05380920739845552e-3,2.08944901823997498e-1,1.04472450911998749e-1
123,6,5.09803921568627416e-1,7.84313725490196068e-2,1.76470588235294101e-1,-3.00828143954277039e-2,-1.50414071977138519e-2,2.60641314089299359e-3,1.30320657044649679e-3,-3.00770457834005356e-2,-1.50385228917002678e-2
123,7,5.88235294117647078e-1,7.84313725490196068e-2,1.76470588235294101e-1,-2.67333507537841797e-1,-1.33666753768920898e-1,2.31634964933618570e-2,1.15817482466809285e-2,-2.67282247543334961e-1,-1.33641123771667480e-1
123,8,6.66666666666666630e-1,7.84313725490196068e-2,1.76470588235294101e-1,-4.88435357809066772e-1,-2.44217678904533386e-1,4.23202291131019592e-2,2.11601145565509796e-2,-4.88341689109802246e-1,-2.44170844554901123e-1
123,9,7.45098039215686292e-1,7.84313725490196068e-2,1.76470588235294101e-1,-6.80032908916473389e-1,-3.40016454458236694e-1,5.89209160767495688e-2,2.94604580383747844e-2,-6.79902493953704834e-1,-3.39951246976852417e-1
123,10,8.23529411764705843e-1,7.84313725490196068e-2,1.76470588235294101e-1,-8.30552697181701660e-1,-4.15276348590850830e-1,7.19590092077851406e-2,3.59795046038925703e-2,-8.30393433570861816e-1,-4.15196716785430908e-1
123,11,9.01960784313725505e-1,7.84313725490196068e-2,1.76470588235294101e-1,-9.30904984474182129e-1,-4.65452492237091064e-1,8.06345706805586815e-2,4.03172853402793407e-2,-9.30726468563079834e-1,-4.65363234281539917e-1
123,12,9.80392156862745057e-1,5.88235294117647189e-2,1.32352941176470618e-1,-9.75041449069976807e-1,-4.87520724534988403e-1,6.33082414045929853e-2,3.16541207022964927e-2,-9.74854588508605957e-1,-4.87427294254302979e-1
124,0,3.92156862745098034e-2,7.84313725490196068e-2,1.76470588235294101e-1,9.69280719757080078e-1,4.84640359878540039e-1,-8.39835114777088138e-2,-4.19917557388544069e-2,9.69094812870025635e-1,4.84547406435012817e-1
124,1,1.17647058823529410e-1,7.84313725490196068e-2,1.76470588235294101e-1,9.10730123519897461e-1,4.55365061759948730e-1,-7.89099572226405060e-2,-3.94549786113202530e-2,9.10555481910705566e-1,4.55277740955352783e-1
124,2,1.96078431372549017e-1,7.84313725490196068e-2,1.76470588235294101e-1,7.97166049480438232e-1,3.98583024740219116e-1,-6.90708031877875495e-2,-3.45354015938937747e-2,7.97013163566589355e-1,3.98506581783294678e-1
124,3,2.74509803921568651e-1,7.84313725490196068e-2,1.76470588235294101e-1,6.35448038578033447e-1,3.17724019289016724e-1,-5.50581905990838727e-2,-2.75290952995419363e-2,6.35326147079467773e-1,3.17663073539733887e-1
124,4,3.52941176470588203e-1,7.84313725490196068e-2,1.76470588235294101e-1,4.35345232486724854e-1,2.17672616243362427e-1,-3.77205118071288203e-2,-1.88602559035644102e-2,4.35261726379394531e-1,2.17630863189697266e-1
124,5,4.31372549019607865e-1,7.84313725490196068e-2,1.76470588235294101e-1,2.08944901823997498e-1,1.04472450911998749e-1,-1.81041318050119693e-2,-9.05206590250598464e-3,2.08904832601547241e-1,1.04452416300773621e-1
124,6,5.09803921568627416e-1,7.84313725490196068e-2,1.76470588235294101e-1,-3.00770457834005356e-2,-1.50385228917002678e-2,2.60589482495560132e-3,1.30294741247780066e-3,-3.00712771713733673e-2,-1.50356385856866837e-2
124,7,5.88235294117647078e-1,7.84313725490196068e-2,1.76470588235294101e-1,-2.67282247543334961e-1,-1.33641123771667480e-1,2.31590747775044514e-2,1.15795373887522257e-2,-2.67230987548828125e-1,-1.33615493774414062e-1
124,8,6.66666666666666630e-1,7.84313725490196068e-2,1.76470588235294101e-1,-4.88341689109802246e-1,-2.44170844554901123e-1,4.23121070489287376e-2,2.11560535244643688e-2,-4.88248020410537720e-1,-2.44124010205268860e-1
124,9,7.45098039215686292e-1,7.84313725490196068e-2,1.76470588235294101e-1,-6.79902493953704834e-1,-3.39951246976852417e-1,5.89095879346132056e-2,2.94547939673066028e-2,-6.79772078990936279e-1,-3.39886039495468140e-1
124,10,8.23529411764705843e-1,7.84313725490196068e-2,1.76470588235294101e-1,-8.30393433570861816e-1,-4.15196716785430908e-1,7.19452444463968277e-2,3.59726222231984138e-2,-8.30234169960021973e-1,-4.15117084980010986e-1
124,11,9.01960784313725505e-1,7.84313725490196068e-2,1.76470588235294101e-1,-9.30726468563079834e-1,-4.65363234281539917e-1,8.06189250200986807e-2,4.03094625100493403e-2,-9.30548012256622314e-1,-4.65274006128311157e-1
124,12,9.80392156862745057e-1,5.88235294117647189e-2,1.32352941176470618e-1,-9.74854588508605957e-1,-4.87427294254302979e-1,6.32962720468640272e-2,3.16481360234320136e-2,-9.74667787551879883e-1,-4.87333893775939941e-1
125,0,3.92156862745098034e-2,7.84313725490196068e-2,1.76470588235294101e-1,9.69094812870025635e-1,4.84547406435012817e-1,-8.39673528447747175e-2,-4.19836764223873588e-2,9.68908965587615967e-1,4.84454482793807983e-1
125,1,1.17647058823529410e-1,7.84313725490196068e-2,1.76470588235294101e-1,9.10555481910705566e-1,4.55277740955352783e-1,-7.88949100300669615e-2,-3.94474550150334807e-2,9.10380840301513672e-1,4.55190420150756836e-1
125,2,1.96078431372549017e-1,7.84313725490196068e-2,1.76470588235294101e-1,7.97013163566589355e-1,3.98506581783294678e-1,-6.90575513988733458e-2,-3.45287756994366729e-2,7.96860277652740479e-1,3.98430138826370239e-1
125,3,2.74509803921568651e-1,7.84313725490196068e-2,1.76470588235294101e-1,6.35326147079467773e-1,3.17663073539733887e-1,-5.50475891679525209e-2,-2.75237945839762604e-2,6.35204315185546875e-1,3.17602157592773438e-1
125,4,3.52941176470588203e-1,7.84313725490196068e-2,1.76470588235294101e-1,4.35261726379394531e-1,2.17630863189697266e-1,-3.77132660709321721e-2,-1.88566330354660860e-2,4.35178250074386597e-1,2.17589125037193298e-1
125,5,4.31372549019607865e-1,7.84313725490196068e-2,1.76470588235294101e-1,2.08904832601547241e-1,1.04452416300773621e-1,-1.81006879429332912e-2,-9.05034397146664560e-3,2.08864763379096985e-1,1.04432381689548492e-1
125,6,5.09803921568627416e-1,7.84313725490196068e-2,1.76470588235294101e-1,-3.00712771713733673e-2,-1.50356385856866837e-2,2.60539788287134089e-3,1.30269894143567044e-3,-3.00655104219913483e-2,-1.50327552109956741e-2
125,7,5.88235294117647078e-1,7.84313725490196068e-2,1.76470588235294101e-1,-2.67230987548828125e-1,-1.33615493774414062e-1,2.31546530616469903e-2,1.15773265308234952e-2,-2.67179727554321289e-1,-1.33589863777160645e-1
125,8,6.66666666666666630e-1,7.84313725490196068e-2,1.76470588235294101e-1,-4.88248020410537720e-1,-2.44124010205268860e-1,4.23039849847555161e-2,2.11519924923777580e-2,-4.88154381513595581e-1,-2.44077190756797791e-1
125,9,7.45098039215686292e-1,7.84313725490196068e-2,1.76470588235294101e-1,-6.79772078990936279e-1,-3.39886039495468140e-1,5.88982597924768703e-2,2.94491298962384351e-2,-6.79641723632812500e-1,-3.39820861816406250e-1
125,10,8.23529411764705843e-1,7.84313725490196068e-2,1.76470588235294101e-1,-8.30234169960021973e-1,-4.15117084980010986e-1,7.19313941895961817e-2,3.59656970947980908e-2,-8.30074965953826904e-1,-4.15037482976913452e-1
125,11,9.01960784313725505e-1,7.84313725490196068e-2,1.76470588235294101e-1,-9.30548012256622314e-1,-4.65274006128311157e-1,8.06033648550510406e-2,4.03016824275255203e-2,-9.30369615554809570e-1,-4.65184807777404785e-1
125,12,9.80392156862745057e-1,5.88235294117647189e-2,1.32352941176470618e-1,-9.74667787551879883e-1,-4.87333893775939941e-1,6.32843026891350691e-2,3.16421513445675345e-2,-9.74480986595153809e-1,-4.87240493297576904e-1
126,0,3.92156862745098034e-2,7.84313725490196068e-2,1.76470588235294101e-1,9.68908965587615967e-1,4.84454482793807983e-1,-8.39512797072529821e-2,-4.19756398536264910e-2,9.68723118305206299e-1,4.84361559152603149e-1
126,1,1.17647058823529410e-1,7.84313725490196068e-2,1.76470588235294101e-1,9.10380840301513672e-1,4.55190420150756836e-1,-7.88797773420810561e-2,-3.94398886710405280e-2,9.10206258296966553e-1,4.55103129148483276e-1
126,2,1.96078431372549017e-1,7.84313725490196068e-2,1.76470588235294101e-1,7.96860277652740479e-1,3.98430138826370239e-1,-6.90442141145467814e-2,-3.45221070572733907e-2,7.96707451343536377e-1,3.98353725671768188e-1
126,3,2.74509803921568651e-1,7.84313725490196068e-2,1.76470588235294101e-1,6.35204315185546875e-1,3.17602157592773438e-1,-5.50371159799396825e-2,-2.75185579899698413e-2,6.35082483291625977e-1,3.17541241645812988e-1
126,4,3.52941176470588203e-1,7.84313725490196068e-2,1.76470588235294101e-1,4.35178250074386597e-1,2.17589125037193298e-1,-3.77060203347355238e-2,-1.88530101673677619e-2,4.35094773769378662e-1,2.17547386884689331e-1
126,5,4.31372549019607865e-1,7.84313725490196068e-2,1.76470588235294101e-1,2.08864763379096985e-1,1.04432381689548492e-1,-1.80972040048800187e-2,-9.04860200244000934e-3,2.08824709057807922e-1,1.04412354528903961e-1
126,6,5.09803921568627416e-1,7.84313725490196068e-2,1.76470588235294101e-1,-3.00655104219913483e-2,-1.50327552109956741e-2,2.60490628425030790e-3,1.30245314212515395e-3,-3.00597436726093292e-2,-1.50298718363046646e-2
126,7,5.88235294117647078e-1,7.84313725490196068e-2,1.76470588235294101e-1,-2.67179727554321289e-1,-1.33589863777160645e-1,2.31501859263517074e-2,1.15750929631758537e-2,-2.67128497362136841e-1,-1.33564248681068420e-1
126,8,6.66666666666666630e-1,7.84313725490196068e-2,1.76470588235294101e-1,-4.88154381513595581e-1,-2.44077190756797791e-1,4.22958629205822945e-2,2.11479314602911472e-2,-4.88060772418975830e-1,-2.44030386209487915e-1
126,9,7.45098039215686292e-1,7.84313725490196068e-2,1.76470588235294101e-1,-6.79641723632812500e-1,-3.39820861816406250e-1,5.88869743980467153e-2,2.94434871990233576e-2,-6.79511368274688721e-1,-3.39755684137344360e-1
126,10,8.23529411764705843e-1,7.84313725490196068e-2,1.76470588235294101e-1,-8.30074965953826904e-1,-4.15037482976913452e-1,7.19175439327955079e-2,3.59587719663977540e-2,-8.29915761947631836e-1,-4.14957880973815918e-1
126,11,9.01960784313725505e-1,7.84313725490196068e-2,1.76470588235294101e-1,-9.30369615554809570e-1,-4.65184807777404785e-1,8.05878901854157476e-2,4.02939450927078738e-2,-9.30191218852996826e-1,-4.65095609426498413e-1
126,12,9.80392156862745057e-1,5.88235294117647189e-2,1.32352941176470618e-1,-9.74480986595153809e-1,-4.87240493297576904e-1,6.32722478359937640e-2,3.16361239179968820e-2,-9.74294245243072510e-1,-4.87147122621536255e-1
127,0,3.92156862745098034e-2,7.84313725490196068e-2,1.76470588235294101e-1,9.68723118305206299e-1,4.84361559152603149e-1,-8.39351210743188858e-2,-4.19675605371594429e-2,9.68537330627441406e-1,4.84268665313720703e-1
127,1,1.17647058823529410e-1,7.84313725490196068e-2,1.76470588235294101e-1,9.10206258296966553e-1,4.55103129148483276e-1,-7.88647301495075115e-2,-3.94323650747537557e-2,9.10031676292419434e-1,4.55015838146209717e-1
127,2,1.96078431372549017e-1,7.84313725490196068e-2,1.76470588235294101e-1,7.96707451343536377e-1,3.98353725671768188e-1,-6.90309623256325777e-2,-3.45154811628162889e-2,7.96554625034332275e-1,3.98277312517166138e-1
127,3,2.74509803921568651e-1,7.84313725490196068e-2,1.76470588235294101e-1,6.35082483291625977e-1,3.17541241645812988e-1,-5.50265572965144834e-2,-2.75132786482572417e-2,6.34960651397705078e-1,3.17480325698852539e-1
127,4,3.52941176470588203e-1,7.84313725490196068e-2,1.76470588235294101e-1,4.35094773769378662e-1,2.17547386884689331e-1,-3.76987532246857993e-2,-1.88493766123428996e-2,4.35011327266693115e-1,2.17505663633346558e-1
127,5,4.31372549019607865e-1,7.84313725490196068e-2,1.76470588235294101e-1,2.08824709057807922e-1,1.04412354528903961e-1,-1.80937628145329543e-2,-9.04688140726647716e-3,2.08784654736518860e-1,1.04392327368259430e-1
127,6,5.09803921568627416e-1,7.84313725490196068e-2,1.76470588235294101e-1,-3.00597436726093292e-2,-1.50298718363046646e-2,2.60439331177619859e-3,1.30219665588809930e-3,-3.00539787858724594e-2,-1.50269893929362297e-2
127,7,5.88235294117647078e-1,7.84313725490196068e-2,1.76470588235294101e-1,-2.67128497362136841e-1,-1.33564248681068420e-1,2.31457615387625770e-2,1.15728807693812885e-2,-2.67077267169952393e-1,-1.33538633584976196e-1
127,8,6.66666666666666630e-1,7.84313725490196068e-2,1.76470588235294101e-1,-4.88060772418975830e-1,-2.44030386209487915e-1,4.22877836041152810e-2,2.11438918020576405e-2,-4.87967163324356079e-1,-2.43983581662178040e-1
127,9,7.45098039215686292e-1,7.84313725490196068e-2,1.76470588235294101e-1,-6.79511368274688721e-1,-3.39755684137344360e-1,5.88756462559103799e-2,2.94378231279551900e-2,-6.79381072521209717e-1,-3.39690536260604858e-1
127,10,8.23529411764705843e-1,7.84313725490196068e-2,1.76470588235294101e-1,-8.29915761947631836e-1,-4.14957880973815918e-1,7.19036936759948619e-2,3.59518468379974310e-2,-8.29756617546081543e-1,-4.14878308773040771e-1
127,11,9.01960784313725505e-1,7.84313725490196068e-2,1.76470588235294101e-1,-9.30191218852996826e-1,-4.65095609426498413e-1,8.05723300203681075e-2,4.02861650101840538e-2,-9.30012881755828857e-1,-4.65006440877914429e-1
127,12,9.80392156862745057e-1,5.88235294117647189e-2,1.32352941176470618e-1,-9.74294245243072510e-1,-4.87147122621536255e-1,6.32602784782648059e-2,3.16301392391324029e-2,-9.74107563495635986e-1,-4.87053781747817993e-1
128,0,3.92156862745098034e-2,7.84313725490196068e-2,1.76470588235294101e-1,9.68537330627441406e-1,4.84268665313720703e-1,-8.39190479367971365e-2,-4.19595239683985682e-2,9.68351542949676514e-1,4.84175771474838257e-1
128,1,1.17647058823529410e-1,7.84313725490196068e-2,1.76470588235294101e-1,9.10031676292419434e-1,4.55015838146209717e-1,-7.88495974615216200e-2,-3.94247987307608100e-2,9.09857153892517090e-1,4.54928576946258545e-1
128,2,1.96078431372549017e-1,7.84313725490196068e-2,1.76470588235294101e-1,7.96554625034332275e-1,3.98277312517166138e-1,-6.90177105367183741e-2,-3.45088552683591870e-2,7.96401858329772949e-1,3.98200929164886475e-1
128,3,2.74509803921568651e-1,7.84313725490196068e-2,1.76470588235294101e-1,6.34960651397705078e-1,3.17480325698852539e-1,-5.50159558653831315e-2,-2.75079779326915658e-2,6.34838879108428955e-1,3.17419439554214478e-1
128,4,3.52941176470588203e-1,7.84313725490196068e-2,1.76470588235294101e-1,4.35011327266693115e-1,2.17505663633346558e-1,-3.76915716100484355e-2,-1.88457858050242177e-2,4.34927880764007568e-1,2.17463940382003784e-1
128,5,4.31372549019607865e-1,7.84313725490196068e-2,1.76470588235294101e-1,2.08784654736518860e-1,1.04392327368259430e-1,-1.80902815482113510e-2,-9.04514077410567552e-3,2.08744615316390991e-1,1.04372307658195496e-1
128,6,5.09803921568627416e-1,7.84313725490196068e-2,1.76470588235294101e-1,-3.00539787858724594e-2,-1.50269893929362297e-2,2.60388568276542776e-3,1.30194284138271388e-3,-3.00482157617807388e-2,-1.50241078808903694e-2
128,7,5.88235294117647078e-1,7.84313725490196068e-2,1.76470588235294101e-1,-2.67077267169952393e-1,-1.33538633584976196e-1,2.31413344794418330e-2,1.15706672397209165e-2,-2.67026036977767944e-1,-1.33513018488883972e-1
128,8,6.66666666666666630e-1,7.84313725490196068e-2,1.76470588235294101e-1,-4.87967163324356079e-1,-2.43983581662178040e-1,4.22796187922358513e-2,2.11398093961179256e-2,-4.87873584032058716e-1,-2.43936792016029358e-1
128,9,7.45098039215686292e-1,7.84313725490196068e-2,1.76470588235294101e-1,-6.79381072521209717e-1,-3.39690536260604858e-1,5.88644036091864054e-2,2.94322018045932027e-2,-6.79250776767730713e-1,-3.39625388383865356e-1
128,10,8.23529411764705843e-1,7.84313725490196068e-2,1.76470588235294101e-1,-8.29756617546081543e-1,-4.14878308773040771e-1,7.18898434191942437e-2,3.59449217095971219e-2,-8.29597473144531250e-1,-4.14798736572265625e-1
128,11,9.01960784313725505e-1,7.84313725490196068e-2,1.76470588235294101e-1,-9.30012881755828857e-1,-4.65006440877914429e-1,8.05567698553204398e-2,4.02783849276602199e-2,-9.29834544658660889e-1,-4.64917272329330444e-1
128,12,9.80392156862745057e-1,5.88235294117647189e-2,1.32352941176470618e-1,-9.74107563495635986e-1,-4.87053781747817993e-1,6.32483091205358477e-2,3.16241545602679239e-2,-9.73920881748199463e-1,-4.86960440874099731e-1
129,0,3.92156862745098034e-2,7.84313725490196068e-2,1.76470588235294101e-1,9.68351542949676514e-1,4.84175771474838257e-1,-8.39028893038630402e-2,-4.19514446519315201e-2,9.68165814876556396e-1,4.84082907438278198e-1
129,1,1.17647058823529410e-1,7.84313725490196068e-2,1.76470588235294101e-1,9.09857153892517090e-1,4.54928576946258545e-1,-7.88345502689480754e-2,-3.94172751344740377e-2,9.09682631492614746e-1,4.54841315746307373e-1
129,2,1.96078431372549017e-1,7.84313725490196068e-2,1.76470588235294101e-1,7.96401858329772949e-1,3.98200929164886475e-1,-6.90044587478041704e-2,-3.45022293739020852e-2,7.96249091625213623e-1,3.98124545812606812e-1
129,3,2.74509803921568651e-1,7.84313725490196068e-2,1.76470588235294101e-1,6.34838879108428955e-1,3.17419439554214478e-1,-5.50054399296641405e-2,-2.75027199648320703e-2,6.34717106819152832e-1,3.17358553409576416e-1
129,4,3.52941176470588203e-1,7.84313725490196068e-2,1.76470588235294101e-1,4.34927880764007568e-1,2.17463940382003784e-1,-3.76842831261455791e-2,-1.88421415630727895e-2,4.34844464063644409e-1,2.17422232031822205e-1
129,5,4.31372549019607865e-1,7.84313725490196068e-2,1.76470588235294101e-1,2.08744615316390991e-1,1.04372307658195496e-1,-1.80868457013275696e-2,-9.04342285066378482e-3,2.08704575896263123e-1,1.04352287948131561e-1
129,6,5.09803921568627416e-1,7.84313725490196068e-2,1.76470588235294101e-1,-3.00482157617807388e-2,-1.50241078808903694e-2,2.60340477107096069e-3,1.30170238553548034e-3,-3.00424527376890182e-2,-1.50212263688445091e-2
129,7,5.88235294117647078e-1,7.84313725490196068e-2,1.76470588235294101e-1,-2.67026036977767944e-1,-1.33513018488883972e-1,2.31368620006833225e-2,1.15684310003416613e-2,-2.66974836587905884e-1,-1.33487418293952942e-1
129,8,6.66666666666666630e-1,7.84313725490196068e-2,1.76470588235294101e-1,-4.87873584032058716e-1,-2.43936792016029358e-1,4.22715394757687823e-2,2.11357697378843912e-2,-4.87780004739761353e-1,-2.43890002369880676e-1
129,9,7.45098039215686292e-1,7.84313725490196068e-2,1.76470588235294101e-1,-6.79250776767730713e-1,-3.39625388383865356e-1,5.88531182147562504e-2,2.94265591073781252e-2,-6.79120481014251709e-1,-3.39560240507125854e-1
129,10,8.23529411764705843e-1,7.84313725490196068e-2,1.76470588235294101e-1,-8.29597473144531250e-1,-4.14798736572265625e-1,7.18759931623935699e-2,3.59379965811967850e-2,-8.29438388347625732e-1,-4.14719194173812866e-1
129,11,9.01960784313725505e-1,7.84313725490196068e-2,1.76470588235294101e-1,-9.29834544658660889e-1,-4.64917272329330444e-1,8.05412096902727997e-2,4.02706048451363999e-2,-9.29656267166137695e-1,-4.64828133583068848e-1
129,12,9.80392156862745057e-1,5.88235294117647189e-2,1.32352941176470618e-1,-9.73920881748199463e-1,-4.86960440874099731e-1,6.32363397628068896e-2,3.16181698814034448e-2,-9.73734259605407715e-1,-4.86867129802703857e-1
130,0,3.92156862745098034e-2,7.84313725490196068e-2,1.76470588235294101e-1,9.68165814876556396e-1,4.84082907438278198e-1,-8.38868161663413048e-2,-4.19434080831706524e-2,9.67980146408081055e-1,4.83990073204040527e-1
130,1,1.17647058823529410e-1,7.84313725490196068e-2,1.76470588235294101e-1,9.09682631492614746e-1,4.54841315746307373e-1,-7.88194175809621700e-2,-3.94097087904810850e-2,9.09508168697357178e-1,4.54754084348678589e-1
130,2,1.96078431372549017e-1,7.84313725490196068e-2,1.76470588235294101e-1,7.96249091625213623e-1,3.98124545812606812e-1,-6.89912069588899668e-2,-3.44956034794449834e-2,7.96096384525299072e-1,3.98048192262649536e-1
130,3,2.74509803921568651e-1,7.84313725490196068e-2,1.76470588235294101e-1,6.34717106819152832e-1,3.17358553409576416e-1,-5.49948812462389414e-2,-2.74974406231194707e-2,6.34595394134521484e-1,3.17297697067260742e-1
130,4,3.52941176470588203e-1,7.84313725490196068e-2,1.76470588235294101e-1,4.34844464063644409e-1,2.17422232031822205e-1,-3.76770801376551390e-2,-1.88385400688275695e-2,4.34761077165603638e-1,2.17380538582801819e-1
130,5,4.31372549019607865e-1,7.84313725490196068e-2,1.76470588235294101e-1,2.08704575896263123e-1,1.04352287948131561e-1,-1.80833671067375801e-2,-9.04168355336879004e-3,2.08664551377296448e-1,1.04332275688648224e-1
130,6,5.09803921568627416e-1,7.84313725490196068e-2,1.76470588235294101e-1,-3.00424527376890182e-2,-1.50212263688445091e-2,2.60288111167028546e-3,1.30144055583514273e-3,-3.00366915762424469e-2,-1.50183457881212234e-2
130,7,5.88235294117647078e-1,7.84313725490196068e-2,1.76470588235294101e-1,-2.66974836587905884e-1,-1.33487418293952942e-1,2.31324750173371174e-2,1.15662375086685587e-2,-2.66923636198043823e-1,-1.33461818099021912e-1
130,8,6.66666666666666630e-1,7.84313725490196068e-2,1.76470588235294101e-1,-4.87780004739761353e-1,-2.43890002369880676e-1,4.22634174115956163e-2,2.11317087057978081e-2,-4.87686455249786377e-1,-2.43843227624893188e-1
130,9,7.45098039215686292e-1,7.84313725490196068e-2,1.76470588235294101e-1,-6.79120481014251709e-1,-3.39560240507125854e-1,5.88417473249137346e-2,2.94208736624568673e-2,-6.78990244865417480e-1,-3.39495122432708740e-1
130,10,8.23529411764705843e-1,7.84313725490196068e-2,1.76470588235294101e-1,-8.29438388347625732e-1,-4.14719194173812866e-1,7.18622284010052570e-2,3.59311142005026285e-2,-8.29279303550720215e-1,-4.14639651775360107e-1
130,11,9.01960784313725505e-1,7.84313725490196068e-2,1.76470588235294101e-1,-9.29656267166137695e-1,-4.64828133583068848e-1,8.05256495252251597e-2,4.02628247626125799e-2,-9.29478049278259277e-1,-4.64739024639129639e-1
130,12,9.80392156862745057e-1,5.88235294117647189e-2,1.32352941176470618e-1,-9.73734259605407715e-1,-4.86867129802703857e-1,6.32243704050779315e-2,3.16121852025389657e-2,-9.73547637462615967e-1,-4.86773818731307983e-1
131,0,3.92156862745098034e-2,7.84313725490196068e-2,1.76470588235294101e-1,9.67980146408081055e-1,4.83990073204040527e-1,-8.38707430288195555e-2,-4.19353715144097777e-2,9.67794477939605713e-1,4.83897238969802856e-1
131,1,1.17647058823529410e-1,7.84313725490196068e-2,1.76470588235294101e-1,9.09508168697357178e-1,4.54754084348678589e-1,-7.88042848929762785e-2,-3.94021424464881392e-2,9.09333705902099609e-1,4.54666852951049805e-1
131,2,1.96078431372549017e-1,7.84313725490196068e-2,1.76470588235294101e-1,7.96096384525299072e-1,3.98048192262649536e-1,-6.89779551699757631e-2,-3.44889775849878816e-2,7.95943677425384521e-1,3.97971838712692261e-1
131,3,2.74509803921568651e-1,7.84313725490196068e-2,1.76470588235294101e-1,6.34595394134521484e-1,3.17297697067260742e-1,-5.49843653105199504e-2,-2.74921826552599752e-2,6.34473681449890137e-1,3.17236840724945068e-1
131,4,3.52941176470588203e-1,7.84313725490196068e-2,1.76470588235294101e-1,4.34761077165603638e-1,2.17380538582801819e-1,-3.76698557753115670e-2,-1.88349278876557835e-2,4.34677690267562866e-1,2.17338845133781433e-1
131,5,4.31372549019607865e-1,7.84313725490196068e-2,1.76470588235294101e-1,2.08664551377296448e-1,1.04332275688648224e-1,-1.80798911838792042e-2,-9.03994559193960212e-3,2.08624526858329773e-1,1.04312263429164886e-1
131,6,5.09803921568627416e-1,7.84313725490196068e-2,1.76470588235294101e-1,-3.00366915762424469e-2,-1.50183457881212234e-2,2.60238416958596952e-3,1.30119208479298476e-3,-3.00309304147958755e-2,-1.50154652073979378e-2
131,7,5.88235294117647078e-1,7.84313725490196068e-2,1.76470588235294101e-1,-2.66923636198043823e-1,-1.33461818099021912e-1,2.31280426145531459e-2,1.15640213072765730e-2,-2.66872435808181763e-1,-1.33436217904090881e-1
131,8,6.66666666666666630e-1,7.84313725490196068e-2,1.76470588235294101e-1,-4.87686455249786377e-1,-2.43843227624893188e-1,4.22552953474223392e-2,2.11276476737111696e-2,-4.87592935562133789e-1,-2.43796467781066895e-1
131,9,7.45098039215686292e-1,7.84313725490196068e-2,1.76470588235294101e-1,-6.78990244865417480e-1,-3.39495122432708740e-1,5.88305046781897600e-2,2.94152523390948800e-2,-6.78860008716583252e-1,-3.39430004358291626e-1
131,10,8.23529411764705843e-1,7.84313725490196068e-2,1.76470588235294101e-1,-8.29279303550720215e-1,-4.14639651775360107e-1,7.18482926487922779e-2,3.59241463243961390e-2,-8.29120278358459473e-1,-4.14560139179229736e-1
131,11,9.01960784313725505e-1,7.84313725490196068e-2,1.76470588235294101e-1,-9.29478049278259277e-1,-4.64739024639129639e-1,8.05102603510021997e-2,4.02551301755010998e-2,-9.29299831390380859e-1,-4.64649915695190430e-1
131,12,9.80392156862745057e-1,5.88235294117647189e-2,1.32352941176470618e-1,-9.73547637462615967e-1,-4.86773818731307983e-1,6.32123155519366264e-2,3.16061577759683132e-2,-9.73361074924468994e-1,-4.86680537462234497e-1
132,0,3.92156862745098034e-2,7.84313725490196068e-2,1.76470588235294101e-1,9.67794477939605713e-1,4.83897238969802856e-1,-8.38546698912978200e-2,-4.19273349456489100e-2,9.67608869075775146e-1,4.83804434537887573e-1
132,1,1.17647058823529410e-1,7.84313725490196068e-2,1.76470588235294101e-1,9.09333705902099609e-1,4.54666852951049805e-1,-7.87891522049903731e-2,-3.93945761024951865e-2,9.09159302711486816e-1,4.54579651355743408e-1
132,2,1.96078431372549017e-1,7.84313725490196068e-2,1.76470588235294101e-1,7.95943677425384521e-1,3.97971838712692261e-1,-6.89647033810615595e-2,-3.44823516905307798e-2,7.95791029930114746e-1,3.97895514965057373e-1
132,3,2.74509803921568651e-1,7.84313725490196068e-2,1.76470588235294101e-1,6.34473681449890137e-1,3.17236840724945068e-1,-5.49738493748009038e-2,-2.74869246874004519e-2,6.34351968765258789e-1,3.17175984382629395e-1
132,4,3.52941176470588203e-1,7.84313725490196068e-2,1.76470588235294101e-1,4.34677690267562866e-1,2.17338845133781433e-1,-3.76626314129680506e-2,-1.88313157064840253e-2,4.34594333171844482e-1,2.17297166585922241e-1
132,5,4.31372549019607865e-1,7.84313725490196068e-2,1.76470588235294101e-1,2.08624526858329773e-1,1.04312263429164886e-1,-1.80764152610208839e-2,-9.03820763051044196e-3,2.08584517240524292e-1,1.04292258620262146e-1
132,6,5.09803921568627416e-1,7.84313725490196068e-2,1.76470588235294101e-1,-3.00309304147958755e-2,-1.50154652073979378e-2,2.60188722750170909e-3,1.30094361375085454e-3,-3.00251711159944534e-2,-1.50125855579972267e-2
132,7,5.88235294117647078e-1,7.84313725490196068e-2,1.76470588235294101e-1,-2.66872435808181763e-1,-1.33436217904090881e-1,2.31235674640629663e-2,1.15617837320314831e-2,-2.66821265220642090e-1,-1.33410632610321045e-1
132,8,6.66666666666666630e-1,7.84313725490196068e-2,1.76470588235294101e-1,-4.87592935562133789e-1,-2.43796467781066895e-1,4.22472587786614784e-2,2.11236293893307392e-2,-4.87499415874481201e-1,-2.43749707937240601e-1
132,9,7.45098039215686292e-1,7.84313725490196068e-2,1.76470588235294101e-1,-6.78860008716583252e-1,-3.39430004358291626e-1,5.88191337883472443e-2,2.94095668941736221e-2,-6.78729832172393799e-1,-3.39364916086196899e-1
132,10,8.23529411764705843e-1,7.84313725490196068e-2,1.76470588235294101e-1,-8.29120278358459473e-1,-4.14560139179229736e-1,7.18345278874039650e-2,3.59172639437019825e-2,-8.28961253166198730e-1,-4.14480626583099365e-1
132,11,9.01960784313725505e-1,7.84313725490196068e-2,1.76470588235294101e-1,-9.29299831390380859e-1,-4.64649915695190430e-1,8.04947001859545597e-2,4.02473500929772798e-2,-9.29121673107147217e-1,-4.64560836553573608e-1
132,12,9.80392156862745057e-1,5.88235294117647189e-2,1.32352941176470618e-1,-9.73361074924468994e-1,-4.86680537462234497e-1,6.32003461942076683e-2,3.16001730971038342e-2,-9.73174571990966797e-1,-4.86587285995483398e-1
133,0,3.92156862745098034e-2,7.84313725490196068e-2,1.76470588235294101e-1,9.67608869075775146e-1,4.83804434537887573e-1,-8.38385967537760707e-2,-4.19192983768880353e-2,9.67423260211944580e-1,4.83711630105972290e-1
133,1,1.17647058823529410e-1,7.84313725490196068e-2,1.76470588235294101e-1,9.09159302711486816e-1,4.54579651355743408e-1,-7.87740195170044816e-2,-3.93870097585022408e-2,9.08984959125518799e-1,4.54492479562759399e-1
133,2,1.96078431372549017e-1,7.84313725490196068e-2,1.76470588235294101e-1,7.95791029930114746e-1,3.97895514965057373e-1,-6.89515370875597167e-2,-3.44757685437798583e-2,7.95638382434844971e-1,3.97819191217422485e-1
133,3,2.74509803921568651e-1,7.84313725490196068e-2,1.76470588235294101e-1,6.34351968765258789e-1,3.17175984382629395e-1,-5.49632051959633439e-2,-2.74816025979816719e-2,6.34230315685272217e-1,3.17115157842636108e-1
133,4,3.52941176470588203e-1,7.84313725490196068e-2,1.76470588235294101e-1,4.34594333171844482e-1,2.17297166585922241e-1,-3.76554711721837632e-2,-1.88277355860918816e-2,4.34510976076126099e-1,2.17255488038063049e-1
133,5,4.31372549019607865e-1,7.84313725490196068e-2,1.76470588235294101e-1,2.08584517240524292e-1,1.04292258620262146e-1,-1.80729420098941773e-2,-9.03647100494708866e-3,2.08544507622718811e-1,1.04272253811359406e-1
133,6,5.09803921568627416e-1,7.84313725490196068e-2,1.76470588235294101e-1,-3.00251711159944534e-2,-1.50125855579972267e-2,2.60137425502759978e-3,1.30068712751379989e-3,-3.00194136798381805e-2,-1.50097068399190903e-2
133,7,5.88235294117647078e-1,7.84313725490196068e-2,1.76470588235294101e-1,-2.66821265220642090e-1,-1.33410632610321045e-1,2.31191751372534782e-2,1.15595875686267391e-2,-2.66770094633102417e-1,-1.33385047316551208e-1
133,8,6.66666666666666630e-1,7.84313725490196068e-2,1.76470588235294101e-1,-4.87499415874481201e-1,-2.43749707937240601e-1,4.22390939667821042e-2,2.11195469833910521e-2,-4.87405925989151001e-1,-2.43702962994575500e-1
133,9,7.45098039215686292e-1,7.84313725490196068e-2,1.76470588235294101e-1,-6.78729832172393799e-1,-3.39364916086196899e-1,5.88079338893294223e-2,2.94039669446647112e-2,-6.78599655628204346e-1,-3.39299827814102173e-1
133,10,8.23529411764705843e-1,7.84313725490196068e-2,1.76470588235294101e-1,-8.28961253166198730e-1,-4.14480626583099365e-1,7.18205921351909582e-2,3.59102960675954791e-2,-8.28802287578582764e-1,-4.14401143789291382e-1
133,11,9.01960784313725505e-1,7.84313725490196068e-2,1.76470588235294101e-1,-9.29121673107147217e-1,-4.64560836553573608e-1,8.04792255163192805e-2,4.02396127581596402e-2,-9.28943514823913574e-1,-4.64471757411956787e-1
133,12,9.80392156862745057e-1,5.88235294117647189e-2,1.32352941176470618e-1,-9.73174571990966797e-1,-4.86587285995483398e-1,6.31883768364787102e-2,3.15941884182393551e-2,-9.72988069057464600e-1,-4.86494034528732300e-1
134,0,3.92156862745098034e-2,7.84313725490196068e-2,1.76470588235294101e-1,9.67423260211944580e-1,4.83711630105972290e-1,-8.38224381208419744e-2,-4.19112190604209872e-2,9.67237710952758789e-1,4.83618855476379395e-1
134,1,1.17647058823529410e-1,7.84313725490196068e-2,1.76470588235294101e-1,9.08984959125518799e-1,4.54492479562759399e-1,-7.87590578198432978e-2,-3.93795289099216489e-2,9.08810615539550781e-1,4.54405307769775391e-1
134,2,1.96078431372549017e-1,7.84313725490196068e-2,1.76470588235294101e-1,7.95638382434844971e-1,3.97819191217422485e-1,-6.89381998032331522e-2,-3.44690999016165761e-2,7.95485794544219971e-1,3.97742897272109985e-1
134,3,2.74509803921568651e-1,7.84313725490196068e-2,1.76470588235294101e-1,6.34230315685272217e-1,3.17115157842636108e-1,-5.49527320079505055e-2,-2.74763660039752527e-2,6.34108662605285645e-1,3.17054331302642822e-1
134,4,3.52941176470588203e-1,7.84313725490196068e-2,1.76470588235294101e-1,4.34510976076126099e-1,2.17255488038063049e-1,-3.76482254359871149e-2,-1.88241127179935575e-2,4.34427648782730103e-1,2.17213824391365051e-1
134,5,4.31372549019607865e-1,7.84313725490196068e-2,1.76470588235294101e-1,2.08544507622718811e-1,1.04272253811359406e-1,-1.80694714304991400e-2,-9.03473571524956998e-3,2.08504512906074524e-1,1.04252256453037262e-1
134,6,5.09803921568627416e-1,7.84313725490196068e-2,1.76470588235294101e-1,-3.00194136798381805e-2,-1.50097068399190903e-2,2.60086662601682894e-3,1.30043331300841447e-3,-3.00136562436819077e-2,-1.50068281218409538e-2
134,7,5.88235294117647078e-1,7.84313725490196068e-2,1.76470588235294101e-1,-2.66770094633102417e-1,-1.33385047316551208e-1,2.31147373910061682e-2,1.15573686955030841e-2,-2.66718924045562744e-1,-1.33359462022781372e-1
134,8,6.66666666666666630e-1,7.84313725490196068e-2,1.76470588235294101e-1,-4.87405925989151001e-1,-2.43702962994575500e-1,4.22310146503150352e-2,2.11155073251575176e-2,-4.87312436103820801e-1,-2.43656218051910400e-1
134,9,7.45098039215686292e-1,7.84313725490196068e-2,1.76470588235294101e-1,-6.78599655628204346e-1,-3.39299827814102173e-1,5.87966057471931147e-2,2.93983028735965574e-2,-6.78469479084014893e-1,-3.39234739542007446e-1
134,10,8.23529411764705843e-1,7.84313725490196068e-2,1.76470588235294101e-1,-8.28802287578582764e-1,-4.14401143789291382e-1,7.18068273738026730e-2,3.59034136869013365e-2,-8.28643321990966797e-1,-4.14321660995483398e-1
134,11,9.01960784313725505e-1,7.84313725490196068e-2,1.76470588235294101e-1,-9.28943514823913574e-1,-4.64471757411956787e-1,8.04636653512716127e-2,4.02318326756358063e-2,-9.28765416145324707e-1,-4.64382708072662354e-1
134,12,9.80392156862745057e-1,5.88235294117647189e-2,1.32352941176470618e-1,-9.72988069057464600e-1,-4.86494034528732300e-1,6.31764074787497520e-2,3.15882037393748760e-2,-9.72801625728607178e-1,-4.86400812864303589e-1
135,0,3.92156862745098034e-2,7.84313725490196068e-2,1.76470588235294101e-1,9.67237710952758789e-1,4.83618855476379395e-1,-8.38063649833202390e-2,-4.19031824916601195e-2,9.67052221298217773e-1,4.83526110649108887e-1
135,1,1.17647058823529410e-1,7.84313725490196068e-2,1.76470588235294101e-1,9.08810615539550781e-1,4.54405307769775391e-1,-7.87439251318573924e-2,-3.93719625659286962e-2,9.08636331558227539e-1,4.54318165779113770e-1
135,2,1.96078431372549017e-1,7.84313725490196068e-2,1.76470588235294101e-1,7.95485794544219971e-1,3.97742897272109985e-1,-6.89250335097312816e-2,-3.44625167548656408e-2,7.95333206653594971e-1,3.97666603326797485e-1
135,3,2.74509803921568651e-1,7.84313725490196068e-2,1.76470588235294101e-1,6.34108662605285645e-1,3.17054331302642822e-1,-5.49421305768191814e-2,-2.74710652884095907e-2,6.33987069129943848e-1,3.16993534564971924e-1
135,4,3.52941176470588203e-1,7.84313725490196068e-2,1.76470588235294101e-1,4.34427648782730103e-1,2.17213824391365051e-1,-3.76410438213497511e-2,-1.88205219106748756e-2,4.34344321489334106e-1,2.17172160744667053e-1
135,5,4.31372549019607865e-1,7.84313725490196068e-2,1.76470588235294101e-1,2.08504512906074524e-1,1.04252256453037262e-1,-1.80660008511040471e-2,-9.03300042555202354e-3,2.08464518189430237e-1,1.04232259094715118e-1
135,6,5.09803921568627416e-1,7.84313725490196068e-2,1.76470588235294101e-1,-3.00136562436819077e-2,-1.50068281218409538e-2,2.60038037085907892e-3,1.30019018542953946e-3,-3.00079006701707840e-2,-1.50039503350853920e-2
135,7,5.88235294117647078e-1,7.84313725490196068e-2,1.76470588235294101e-1,-2.66718924045562744e-1,-1.33359462022781372e-1,2.31102996447589137e-2,1.15551498223794569e-2,-2.66667783260345459e-1,-1.33333891630172729e-1
135,8,6.66666666666666630e-1,7.84313725490196068e-2,1.76470588235294101e-1,-4.87312436103820801e-1,-2.43656218051910400e-1,4.22229353338480218e-2,2.11114676669240109e-2,-4.87218976020812988e-1,-2.43609488010406494e-1
135,9,7.45098039215686292e-1,7.84313725490196068e-2,1.76470588235294101e-1,-6.78469479084014893e-1,-3.39234739542007446e-1,5.87852776050567516e-2,2.93926388025283758e-2,-6.78339362144470215e-1,-3.39169681072235107e-1
135,10,8.23529411764705843e-1,7.84313725490196068e-2,1.76470588235294101e-1,-8.28643321990966797e-1,-4.14321660995483398e-1,7.17929771170019992e-2,3.58964885585009996e-2,-8.28484416007995605e-1,-4.14242208003997803e-1
135,11,9.01960784313725505e-1,7.84313725490196068e-2,1.76470588235294101e-1,-9.28765416145324707e-1,-4.64382708072662354e-1,8.04481906816363335e-2,4.02240953408181667e-2,-9.28587317466735840e-1,-4.64293658733367920e-1
135,12,9.80392156862745057e-1,5.88235294117647189e-2,1.32352941176470618e-1,-9.72801625728607178e-1,-4.86400812864303589e-1,6.31644381210207939e-2,3.15822190605103970e-2,-9.72615182399749756e-1,-4.86307591199874878e-1
136,0,3.92156862745098034e-2,7.84313725490196068e-2,1.76470588235294101e-1,9.67052221298217773e-1,4.83526110649108887e-1,-8.37902918457984897e-2,-4.18951459228992448e-2,9.66866731643676758e-1,4.83433365821838379e-1
136,1,1.17647058823529410e-1,7.84313725490196068e-2,1.76470588235294101e-1,9.08636331558227539e-1,4.54318165779113770e-1,-7.87288779392838339e-2,-3.93644389696419170e-2,9.08462047576904297e-1,4.54231023788452148e-1
136,2,1.96078431372549017e-1,7.84313725490196068e-2,1.76470588235294101e-1,7.95333206653594971e-1,3.97666603326797485e-1,-6.89116962254047449e-2,-3.44558481127023725e-2,7.95180678367614746e-1,3.97590339183807373e-1
136,3,2.74509803921568651e-1,7.84313725490196068e-2,1.76470588235294101e-1,6.33987069129943848e-1,3.16993534564971924e-1,-5.49317001365124957e-2,-2.74658500682562479e-2,6.33865475654602051e-1,3.16932737827301025e-1
136,4,3.52941176470588203e-1,7.84313725490196068e-2,1.76470588235294101e-1,4.34344321489334106e-1,2.17172160744667053e-1,-3.76337767113000266e-2,-1.88168883556500133e-2,4.34261023998260498e-1,2.17130511999130249e-1
136,5,4.31372549019607865e-1,7.84313725490196068e-2,1.76470588235294101e-1,2.08464518189430237e-1,1.04232259094715118e-1,-1.80625329434406234e-2,-9.03126647172031172e-3,2.08424538373947144e-1,1.04212269186973572e-1
136,6,5.09803921568627416e-1,7.84313725490196068e-2,1.76470588235294101e-1,-3.00079006701707840e-2,-1.50039503350853920e-2,2.59985671145840369e-3,1.29992835572920185e-3,-3.00021450966596603e-2,-1.50010725483298302e-2
136,7,5.88235294117647078e-1,7.84313725490196068e-2,1.76470588235294101e-1,-2.66667783260345459e-1,-1.33333891630172729e-1,2.31059019744861982e-2,1.15529509872430991e-2,-2.66616642475128174e-1,-1.33308321237564087e-1
136,8,6.66666666666666630e-1,7.84313725490196068e-2,1.76470588235294101e-1,-4.87218976020812988e-1,-2.43609488010406494e-1,4.22148132696748002e-2,2.11074066348374001e-2,-4.87125545740127563e-1,-2.43562772870063782e-1
136,9,7.45098039215686292e-1,7.84313725490196068e-2,1.76470588235294101e-1,-6.78339362144470215e-1,-3.39169681072235107e-1,5.87739922106265966e-2,2.93869961053132983e-2,-6.78209245204925537e-1,-3.39104622602462769e-1
136,10,8.23529411764705843e-1,7.84313725490196068e-2,1.76470588235294101e-1,-8.28484416007995605e-1,-4.14242208003997803e-1,7.17792123556136863e-2,3.58896061778068431e-2,-8.28325510025024414e-1,-4.14162755012512207e-1
136,11,9.01960784313725505e-1,7.84313725490196068e-2,1.76470588235294101e-1,-9.28587317466735840e-1,-4.64293658733367920e-1,8.04326305165886934e-2,4.02163152582943467e-2,-9.28409278392791748e-1,-4.64204639196395874e-1
136,12,9.80392156862745057e-1,5.88235294117647189e-2,1.32352941176470618e-1,-9.72615182399749756e-1,-4.86307591199874878e-1,6.31524687632918358e-2,3.15762343816459179e-2,-9.72428798675537109e-1,-4.86214399337768555e-1
137,0,3.92156862745098034e-2,7.84313725490196068e-2,1.76470588235294101e-1,9.66866731643676758e-1,4.83433365821838379e-1,-8.37742187082767403e-2,-4.18871093541383702e-2,9.66681301593780518e-1,4.83340650796890259e-1
137,1,1.17647058823529410e-1,7.84313725490196068e-2,1.76470588235294101e-1,9.08462047576904297e-1,4.54231023788452148e-1,-7.87137452512979424e-2,-3.93568726256489712e-2,9.08287823200225830e-1,4.54143911600112915e-1
137,2,1.96078431372549017e-1,7.84313725490196068e-2,1.76470588235294101e-1,7.95180678367614746e-1,3.97590339183807373e-1,-6.88985299319029021e-2,-3.44492649659514510e-2,7.95028150081634521e-1,3.97514075040817261e-1
137,3,2.74509803921568651e-1,7.84313725490196068e-2,1.76470588235294101e-1,6.33865475654602051e-1,3.16932737827301025e-1,-5.49211414530872966e-2,-2.74605707265436483e-2,6.33743882179260254e-1,3.16871941089630127e-1
137,4,3.52941176470588203e-1,7.84313725490196068e-2,1.76470588235294101e-1,4.34261023998260498e-1,2.17130511999130249e-1,-3.76265737228095865e-2,-1.88132868614047932e-2,4.34177726507186890e-1,2.17088863253593445e-1
137,5,4.31372549019607865e-1,7.84313725490196068e-2,1.76470588235294101e-1,2.08424538373947144e-1,1.04212269186973572e-1,-1.80590650357771443e-2,-9.02953251788857214e-3,2.08384558558464050e-1,1.04192279279232025e-1
137,6,5.09803921568627416e-1,7.84313725490196068e-2,1.76470588235294101e-1,-3.00021450966596603e-2,-1.50010725483298302e-2,2.59935442591086030e-3,1.29967721295543015e-3,-2.99963913857936859e-2,-1.49981956928968430e-2
137,7,5.88235294117647078e-1,7.84313725490196068e-2,1.76470588235294101e-1,-2.66616642475128174e-1,-1.33308321237564087e-1,2.31014615565072745e-2,1.15507307782536373e-2,-2.66565501689910889e-1,-1.33282750844955444e-1
137,8,6.66666666666666630e-1,7.84313725490196068e-2,1.76470588235294101e-1,-4.87125545740127563e-1,-2.43562772870063782e-1,4.22067767009138839e-2,2.11033883504569419e-2,-4.87032115459442139e-1,-2.43516057729721069e-1
137,9,7.45098039215686292e-1,7.84313725490196068e-2,1.76470588235294101e-1,-6.78209245204925537e-1,-3.39104622602462769e-1,5.87626640684902612e-2,2.93813320342451306e-2,-6.78079187870025635e-1,-3.39039593935012817e-1
137,10,8.23529411764705843e-1,7.84313725490196068e-2,1.76470588235294101e-1,-8.28325510025024414e-1,-4.14162755012512207e-1,7.17653620988130680e-2,3.58826810494065340e-2,-8.28166663646697998e-1,-4.14083331823348999e-1
137,11,9.01960784313725505e-1,7.84313725490196068e-2,1.76470588235294101e-1,-9.28409278392791748e-1,-4.64204639196395874e-1,8.04171558469533865e-2,4.02085779234766932e-2,-9.28231298923492432e-1,-4.64115649461746216e-1
137,12,9.80392156862745057e-1,5.88235294117647189e-2,1.32352941176470618e-1,-9.72428798675537109e-1,-4.86214399337768555e-1,6.31404994055628777e-2,3.15702497027814388e-2,-9.72242474555969238e-1,-4.86121237277984619e-1
138,0,3.92156862745098034e-2,7.84313725490196068e-2,1.76470588235294101e-1,9.66681301593780518e-1,4.83340650796890259e-1,-8.37581455707550049e-2,-4.18790727853775024e-2,9.66495871543884277e-1,4.83247935771942139e-1
138,1,1.17647058823529410e-1,7.84313725490196068e-2,1.76470588235294101e-1,9.08287823200225830e-1,4.54143911600112915e-1,-7.86986980587243978e-2,-3.93493490293621989e-2,9.08113598823547363e-1,4.54056799411773682e-1
138,2,1.96078431372549017e-1,7.84313725490196068e-2,1.76470588235294101e-1,7.95028150081634521e-1,3.97514075040817261e-1,-6.88852781429886707e-2,-3.44426390714943353e-2,7.94875681400299072e-1,3.97437840700149536e-1
138,3,2.74509803921568651e-1,7.84313725490196068e-2,1.76470588235294101e-1,6.33743882179260254e-1,3.16871941089630127e-1,-5.49105827696621251e-2,-2.74552913848310626e-2,6.33622348308563232e-1,3.16811174154281616e-1
138,4,3.52941176470588203e-1,7.84313725490196068e-2,1.76470588235294101e-1,4.34177726507186890e-1,2.17088863253593445e-1,-3.76193707343190908e-2,-1.88096853671595454e-2,4.34094458818435669e-1,2.17047229409217834e-1
138,5,4.31372549019607865e-1,7.84313725490196068e-2,1.76470588235294101e-1,2.08384558558464050e-1,1.04192279279232025e-1,-1.80555997998453899e-2,-9.02779989992269494e-3,2.08344593644142151e-1,1.04172296822071075e-1
138,6,5.09803921568627416e-1,7.84313725490196068e-2,1.76470588235294101e-1,-2.99963913857936859e-2,-1.49981956928968430e-2,2.59885748382659987e-3,1.29942874191329993e-3,-2.99906395375728607e-2,-1.49953197687864304e-2
138,7,5.88235294117647078e-1,7.84313725490196068e-2,1.76470588235294101e-1,-2.66565501689910889e-1,-1.33282750844955444e-1,2.30970184667966816e-2,1.15485092333983408e-2,-2.66514360904693604e-1,-1.33257180452346802e-1
138,8,6.66666666666666630e-1,7.84313725490196068e-2,1.76470588235294101e-1,-4.87032115459442139e-1,-2.43516057729721069e-1,4.21986546367407178e-2,2.10993273183703589e-2,-4.86938714981079102e-1,-2.43469357490539551e-1
138,9,7.45098039215686292e-1,7.84313725490196068e-2,1.76470588235294101e-1,-6.78079187870025635e-1,-3.39039593935012817e-1,5.87514214217662589e-2,2.93757107108831295e-2,-6.77949130535125732e-1,-3.38974565267562866e-1
138,10,8.23529411764705843e-1,7.84313725490196068e-2,1.76470588235294101e-1,-8.28166663646697998e-1,-4.14083331823348999e-1,7.17515118420124220e-2,3.58757559210062110e-2,-8.28007817268371582e-1,-4.14003908634185791e-1
138,11,9.01960784313725505e-1,7.84313725490196068e-2,1.76470588235294101e-1,-9.28231298923492432e-1,-4.64115649461746216e-1,8.04016811773180795e-2,4.02008405886590398e-2,-9.28053319454193115e-1,-4.64026659727096558e-1
138,12,9.80392156862745057e-1,5.88235294117647189e-2,1.32352941176470618e-1,-9.72242474555969238e-1,-4.86121237277984619e-1,6.31285300478339195e-2,3.15642650239169598e-2,-9.72056150436401367e-1,-4.86028075218200684e-1
139,0,3.92156862745098034e-2,7.84313725490196068e-2,1.76470588235294101e-1,9.66495871543884277e-1,4.83247935771942139e-1,-8.37420724332332556e-2,-4.18710362166166278e-2,9.66310501098632812e-1,4.83155250549316406e-1
139,1,1.17647058823529410e-1,7.84313725490196068e-2,1.76470588235294101e-1,9.08113598823547363e-1,4.54056799411773682e-1,-7.86835653707385063e-2,-3.93417826853692532e-2,9.07939434051513672e-1,4.53969717025756836e-1
139,2,1.96078431372549017e-1,7.84313725490196068e-2,1.76470588235294101e-1,7.94875681400299072e-1,3.97437840700149536e-1,-6.88721118494868279e-2,-3.44360559247434139e-2,7.94723212718963623e-1,3.97361606359481812e-1
139,3,2.74509803921568651e-1,7.84313725490196068e-2,1.76470588235294101e-1,6.33622348308563232e-1,3.16811174154281616e-1,-5.49000668339431341e-2,-2.74500334169715671e-2,6.33500814437866211e-1,3.16750407218933105e-1
139,4,3.52941176470588203e-1,7.84313725490196068e-2,1.76470588235294101e-1,4.34094458818435669e-1,2.17047229409217834e-1,-3.76121463719755189e-2,-1.88060731859877595e-2,4.34011191129684448e-1,2.17005595564842224e-1
139,5,4.31372549019607865e-1,7.84313725490196068e-2,1.76470588235294101e-1,2.08344593644142151e-1,1.04172296822071075e-1,-1.80521372356451937e-2,-9.02606861782259684e-3,2.08304628729820251e-1,1.04152314364910126e-1
139,6,5.09803921568627416e-1,7.84313725490196068e-2,1.76470588235294101e-1,-2.99906395375728607e-2,-1.49953197687864304e-2,2.59838725905864321e-3,1.29919362952932160e-3,-2.99848876893520355e-2,-1.49924438446760178e-2
139,7,5.88235294117647078e-1,7.84313725490196068e-2,1.76470588235294101e-1,-2.66514360904693604e-1,-1.33257180452346802e-1,2.30925299576483778e-2,1.15462649788241889e-2,-2.66463249921798706e-1,-1.33231624960899353e-1
139,8,6.66666666666666630e-1,7.84313725490196068e-2,1.76470588235294101e-1,-4.86938714981079102e-1,-2.43469357490539551e-1,4.21906180679798015e-2,2.10953090339899008e-2,-4.86845314502716064e-1,-2.43422657251358032e-1
139,9,7.45098039215686292e-1,7.84313725490196068e-2,1.76470588235294101e-1,-6.77949130535125732e-1,-3.38974565267562866e-1,5.87401360273361040e-2,2.93700680136680520e-2,-6.77819132804870605e-1,-3.38909566402435303e-1
139,10,8.23529411764705843e-1,7.84313725490196068e-2,1.76470588235294101e-1,-8.28007817268371582e-1,-4.14003908634185791e-1,7.17376615852117483e-2,3.58688307926058741e-2,-8.27849030494689941e-1,-4.13924515247344971e-1
139,11,9.01960784313725505e-1,7.84313725490196068e-2,1.76470588235294101e-1,-9.28053319454193115e-1,-4.64026659727096558e-1,8.03862065076828003e-2,4.01931032538414001e-2,-9.27875399589538574e-1,-4.63937699794769287e-1
139,12,9.80392156862745057e-1,5.88235294117647189e-2,1.32352941176470618e-1,-9.72056150436401367e-1,-4.86028075218200684e-1,6.31165606901049614e-2,3.15582803450524807e-2,-9.71869885921478271e-1,-4.85934942960739136e-1
140,0,3.92156862745098034e-2,7.84313725490196068e-2,1.76470588235294101e-1,9.66310501098632812e-1,4.83155250549316406e-1,-8.37259992957115201e-2,-4.18629996478557601e-2,9.66125190258026123e-1,4.83062595129013062e-1
140,1,1.17647058823529410e-1,7.84313725490196068e-2,1.76470588235294101e-1,9.07939434051513672e-1,4.53969717025756836e-1,-7.86685181781649617e-2,-3.93342590890824809e-2,9.07765269279479980e-1,4.53882634639739990e-1
140,2,1.96078431372549017e-1,7.84313725490196068e-2,1.76470588235294101e-1,7.94723212718963623e-1,3.97361606359481812e-1,-6.88588600605726242e-2,-3.44294300302863121e-2,7.94570803642272949e-1,3.97285401821136475e-1
140,3,2.74509803921568651e-1,7.84313725490196068e-2,1.76470588235294101e-1,6.33500814437866211e-1,3.16750407218933105e-1,-5.48895508982240876e-2,-2.74447754491120438e-2,6.33379340171813965e-1,3.16689670085906982e-1
140,4,3.52941176470588203e-1,7.84313725490196068e-2,1.76470588235294101e-1,4.34011191129684448e-1,2.17005595564842224e-1,-3.76049220096320025e-2,-1.88024610048160012e-2,4.33927953243255615e-1,2.16963976621627808e-1
140,5,4.31372549019607865e-1,7.84313725490196068e-2,1.76470588235294101e-1,2.08304628729820251e-1,1.04152314364910126e-1,-1.80486746714450530e-2,-9.02433733572252650e-3,2.08264678716659546e-1,1.04132339358329773e-1
140,6,5.09803921568627416e-1,7.84313725490196068e-2,1.76470588235294101e-1,-2.99848876893520355e-2,-1.49924438446760178e-2,2.59787428658458941e-3,1.29893714329229470e-3,-2.99791377037763596e-2,-1.49895688518881798e-2
140,7,5.88235294117647078e-1,7.84313725490196068e-2,1.76470588235294101e-1,-2.66463249921798706e-1,-1.33231624960899353e-1,2.30881269439123238e-2,1.15440634719561619e-2,-2.66412138938903809e-1,-1.33206069469451904e-1
140,8,6.66666666666666630e-1,7.84313725490196068e-2,1.76470588235294101e-1,-4.86845314502716064e-1,-2.43422657251358032e-1,4.21824532561004273e-2,2.10912266280502136e-2,-4.86751943826675415e-1,-2.43375971913337708e-1
140,9,7.45098039215686292e-1,7.84313725490196068e-2,1.76470588235294101e-1,-6.77819132804870605e-1,-3.38909566402435303e-1,5.87289361283183098e-2,2.93644680641591549e-2,-6.77689135074615479e-1,-3.38844567537307739e-1
140,10,8.23529411764705843e-1,7.84313725490196068e-2,1.76470588235294101e-1,-8.27849030494689941e-1,-4.13924515247344971e-1,7.17238113284111023e-2,3.58619056642055511e-2,-8.27690243721008301e-1,-4.13845121860504150e-1
140,11,9.01960784313725505e-1,7.84313725490196068e-2,1.76470588235294101e-1,-9.27875399589538574e-1,-4.63937699794769287e-1,8.03707318380474933e-2,4.01853659190237467e-2,-9.27697479724884033e-1,-4.63848739862442017e-1
140,12,9.80392156862745057e-1,5.88235294117647189e-2,1.32352941176470618e-1,-9.71869885921478271e-1,-4.85934942960739136e-1,6.31045913323760033e-2,3.15522956661880016e-2,-9.71683621406555176e-1,-4.85841810703277588e-1
141,0,3.92156862745098034e-2,7.84313725490196068e-2,1.76470588235294101e-1,9.66125190258026123e-1,4.83062595129013062e-1,-8.37100116536021177e-2,-4.18550058268010589e-2,9.65939879417419434e-1,4.82969939708709717e-1
141,1,1.17647058823529410e-1,7.84313725490196068e-2,1.76470588235294101e-1,9.07765269279479980e-1,4.53882634639739990e-1,-7.86532999947667233e-2,-3.93266499973833616e-2,9.07591164112091064e-1,4.53795582056045532e-1
141,2,1.96078431372549017e-1,7.84313725490196068e-2,1.76470588235294101e-1,7.94570803642272949e-1,3.97285401821136475e-1,-6.88456937670707536e-2,-3.44228468835353768e-2,7.94418394565582275e-1,3.97209197282791138e-1
141,3,2.74509803921568651e-1,7.84313725490196068e-2,1.76470588235294101e-1,6.33379340171813965e-1,3.16689670085906982e-1,-5.48790777102112770e-2,-2.74395388551056385e-2,6.33257865905761719e-1,3.16628932952880859e-1
141,4,3.52941176470588203e-1,7.84313725490196068e-2,1.76470588235294101e-1,4.33927953243255615e-1,2.16963976621627808e-1,-3.75976762734353542e-2,-1.87988381367176771e-2,4.33844715356826782e-1,2.16922357678413391e-1
141,5,4.31372549019607865e-1,7.84313725490196068e-2,1.76470588235294101e-1,2.08264678716659546e-1,1.04132339358329773e-1,-1.80452147789765260e-2,-9.02260738948826302e-3,2.08224728703498840e-1,1.04112364351749420e-1
141,6,5.09803921568627416e-1,7.84313725490196068e-2,1.76470588235294101e-1,-2.99791377037763596e-2,-1.49895688518881798e-2,2.59738803142683938e-3,1.29869401571341969e-3,-2.99733877182006836e-2,-1.49866938591003418e-2
141,7,5.88235294117647078e-1,7.84313725490196068e-2,1.76470588235294101e-1,-2.66412138938903809e-1,-1.33206069469451904e-1,2.30836785107385034e-2,1.15418392553692517e-2,-2.66361027956008911e-1,-1.33180513978004456e-1
141,8,6.66666666666666630e-1,7.84313725490196068e-2,1.76470588235294101e-1,-4.86751943826675415e-1,-2.43375971913337708e-1,4.21743739396334139e-2,2.10871869698167069e-2,-4.86658602952957153e-1,-2.43329301476478577e-1
141,9,7.45098039215686292e-1,7.84313725490196068e-2,1.76470588235294101e-1,-6.77689135074615479e-1,-3.38844567537307739e-1,5.87176934815943075e-2,2.93588467407971537e-2,-6.77559137344360352e-1,-3.38779568672180176e-1
141,10,8.23529411764705843e-1,7.84313725490196068e-2,1.76470588235294101e-1,-8.27690243721008301e-1,-4.13845121860504150e-1,7.17099610716104285e-2,3.58549805358052143e-2,-8.27531516551971436e-1,-4.13765758275985718e-1
141,11,9.01960784313725505e-1,7.84313725490196068e-2,1.76470588235294101e-1,-9.27697479724884033e-1,-4.63848739862442017e-1,8.03552571684122141e-2,4.01776285842061071e-2,-9.27519619464874268e-1,-4.63759809732437134e-1
141,12,9.80392156862745057e-1,5.88235294117647189e-2,1.32352941176470618e-1,-9.71683621406555176e-1,-4.85841810703277588e-1,6.30926219746470451e-2,3.15463109873235226e-2,-9.71497416496276855e-1,-4.85748708248138428e-1
142,0,3.92156862745098034e-2,7.84313725490196068e-2,1.76470588235294101e-1,9.65939879417419434e-1,4.82969939708709717e-1,-8.36939385160803823e-2,-4.18469692580401911e-2,9.65754628181457520e-1,4.82877314090728760e-1
142,1,1.17647058823529410e-1,7.84313725490196068e-2,1.76470588235294101e-1,9.07591164112091064e-1,4.53795582056045532e-1,-7.86382528021931509e-2,-3.93191264010965755e-2,9.07417118549346924e-1,4.53708559274673462e-1
142,2,1.96078431372549017e-1,7.84313725490196068e-2,1.76470588235294101e-1,7.94418394565582275e-1,3.97209197282791138e-1,-6.88324419781565777e-2,-3.44162209890782889e-2,7.94266045093536377e-1,3.97133022546768188e-1
142,3,2.74509803921568651e-1,7.84313725490196068e-2,1.76470588235294101e-1,6.33257865905761719e-1,3.16628932952880859e-1,-5.48686045221984386e-2,-2.74343022610992193e-2,6.33136391639709473e-1,3.16568195819854736e-1
142,4,3.52941176470588203e-1,7.84313725490196068e-2,1.76470588235294101e-1,4.33844715356826782e-1,2.16922357678413391e-1,-3.75904305372387060e-2,-1.87952152686193530e-2,4.33761507272720337e-1,2.16880753636360168e-1
142,5,4.31372549019607865e-1,7.84313725490196068e-2,1.76470588235294101e-1,2.08224728703498840e-1,1.04112364351749420e-1,-1.80417548865079991e-2,-9.02087744325399954e-3,2.08184793591499329e-1,1.04092396795749664e-1
142,6,5.09803921568627416e-1,7.84313725490196068e-2,1.76470588235294101e-1,-2.99733877182006836e-2,-1.49866938591003418e-2,2.59690177626908936e-3,1.29845088813454468e-3,-2.99676395952701569e-2,-1.49838197976350784e-2
142,7,5.88235294117647078e-1,7.84313725490196068e-2,1.76470588235294101e-1,-2.66361027956008911e-1,-1.33180513978004456e-1,2.30791873298585304e-2,1.15395936649292652e-2,-2.66309946775436401e-1,-1.33154973387718201e-1
142,8,6.66666666666666630e-1,7.84313725490196068e-2,1.76470588235294101e-1,-4.86658602952957153e-1,-2.43329301476478577e-1,4.21663801185787057e-2,2.10831900592893529e-2,-4.86565262079238892e-1,-2.43282631039619446e-1
142,9,7.45098039215686292e-1,7.84313725490196068e-2,1.76470588235294101e-1,-6.77559137344360352e-1,-3.38779568672180176e-1,5.87063225917517917e-2,2.93531612958758958e-2,-6.77429199218750000e-1,-3.38714599609375000e-1
142,10,8.23529411764705843e-1,7.84313725490196068e-2,1.76470588235294101e-1,-8.27531516551971436e-1,-4.13765758275985718e-1,7.16961963102221433e-2,3.58480981551110717e-2,-8.27372789382934570e-1,-4.13686394691467285e-1
142,11,9.01960784313725505e-1,7.84313725490196068e-2,1.76470588235294101e-1,-9.27519619464874268e-1,-4.63759809732437134e-1,8.03397824987769071e-2,4.01698912493884536e-2,-9.27341759204864502e-1,-4.63670879602432251e-1
142,12,9.80392156862745057e-1,5.88235294117647189e-2,1.32352941176470618e-1,-9.71497416496276855e-1,-4.85748708248138428e-1,6.30806526169180870e-2,3.15403263084590435e-2,-9.71311211585998535e-1,-4.85655605792999268e-1
143,0,3.92156862745098034e-2,7.84313725490196068e-2,1.76470588235294101e-1,9.65754628181457520e-1,4.82877314090728760e-1,-8.36778653785586329e-2,-4.18389326892793165e-2,9.65569376945495605e-1,4.82784688472747803e-1
143,1,1.17647058823529410e-1,7.84313725490196068e-2,1.76470588235294101e-1,9.07417118549346924e-1,4.53708559274673462e-1,-7.86232056096196202e-2,-3.93116028048098101e-2,9.07243072986602783e-1,4.53621536493301392e-1
143,2,1.96078431372549017e-1,7.84313725490196068e-2,1.76470588235294101e-1,7.94266045093536377e-1,3.97133022546768188e-1,-6.88192756846547071e-2,-3.44096378423273536e-2,7.94113695621490479e-1,3.97056847810745239e-1
143,3,2.74509803921568651e-1,7.84313725490196068e-2,1.76470588235294101e-1,6.33136391639709473e-1,3.16568195819854736e-1,-5.48580030910670591e-2,-2.74290015455335295e-2,6.33014976978302002e-1,3.16507488489151001e-1
143,4,3.52941176470588203e-1,7.84313725490196068e-2,1.76470588235294101e-1,4.33761507272720337e-1,2.16880753636360168e-1,-3.75832489226013422e-2,-1.87916244613006711e-2,4.33678328990936279e-1,2.16839164495468140e-1
143,5,4.31372549019607865e-1,7.84313725490196068e-2,1.76470588235294101e-1,2.08184793591499329e-1,1.04092396795749664e-1,-1.80382976657710858e-2,-9.01914883288554292e-3,2.08144858479499817e-1,1.04072429239749908e-1
143,6,5.09803921568627416e-1,7.84313725490196068e-2,1.76470588235294101e-1,-2.99676395952701569e-2,-1.49838197976350784e-2,2.59639949072149046e-3,1.29819974536074523e-3,-2.99618914723396301e-2,-1.49809457361698151e-2
143,7,5.88235294117647078e-1,7.84313725490196068e-2,1.76470588235294101e-1,-2.66309946775436401e-1,-1.33154973387718201e-1,2.30747789726592489e-2,1.15373894863296245e-2,-2.66258865594863892e-1,-1.33129432797431946e-1
143,8,6.66666666666666630e-1,7.84313725490196068e-2,1.76470588235294101e-1,-4.86565262079238892e-1,-2.43282631039619446e-1,4.21582580544054841e-2,2.10791290272027421e-2,-4.86471951007843018e-1,-2.43235975503921509e-1
143,9,7.45098039215686292e-1,7.84313725490196068e-2,1.76470588235294101e-1,-6.77429199218750000e-1,-3.38714599609375000e-1,5.86951226927339975e-2,2.93475613463669988e-2,-6.77299261093139648e-1,-3.38649630546569824e-1
143,10,8.23529411764705843e-1,7.84313725490196068e-2,1.76470588235294101e-1,-8.27372789382934570e-1,-4.13686394691467285e-1,7.16823460534214973e-2,3.58411730267107487e-2,-8.27214121818542480e-1,-4.13607060909271240e-1
143,11,9.01960784313725505e-1,7.84313725490196068e-2,1.76470588235294101e-1,-9.27341759204864502e-1,-4.63670879602432251e-1,8.03243078291416002e-2,4.01621539145708001e-2,-9.27163958549499512e-1,-4.63581979274749756e-1
143,12,9.80392156862745057e-1,5.88235294117647189e-2,1.32352941176470618e-1,-9.71311211585998535e-1,-4.85655605792999268e-1,6.30686832591891289e-2,3.15343416295945644e-2,-9.71125066280364990e-1,-4.85562533140182495e-1
144,0,3.92156862745098034e-2,7.84313725490196068e-2,1.76470588235294101e-1,9.65569376945495605e-1,4.82784688472747803e-1,-8.36617922410368836e-2,-4.18308961205184418e-2,9.65384185314178467e-1,4.82692092657089233e-1
144,1,1.17647058823529410e-1,7.84313725490196068e-2,1.76470588235294101e-1,9.07243072986602783e-1,4.53621536493301392e-1,-7.86081584170460618e-2,-3.93040792085230309e-2,9.07069087028503418e-1,4.53534543514251709e-1
144,2,1.96078431372549017e-1,7.84313725490196068e-2,1.76470588235294101e-1,7.94113695621490479e-1,3.97056847810745239e-1,-6.88060238957405312e-2,-3.44030119478702656e-2,7.93961405754089355e-1,3.96980702877044678e-1
144,3,2.74509803921568651e-1,7.84313725490196068e-2,1.76470588235294101e-1,6.33014976978302002e-1,3.16507488489151001e-1,-5.48475299030542207e-2,-2.74237649515271104e-2,6.32893562316894531e-1,3.16446781158447266e-1
144,4,3.52941176470588203e-1,7.84313725490196068e-2,1.76470588235294101e-1,4.33678328990936279e-1,2.16839164495468140e-1,-3.75760673079639784e-2,-1.87880336539819892e-2,4.33595150709152222e-1,2.16797575354576111e-1
144,5,4.31372549019607865e-1,7.84313725490196068e-2,1.76470588235294101e-1,2.08144858479499817e-1,1.04072429239749908e-1,-1.80347976973280200e-2,-9.01739884866400998e-3,2.08104938268661499e-1,1.04052469134330750e-1
144,6,5.09803921568627416e-1,7.84313725490196068e-2,1.76470588235294101e-1,-2.99618914723396301e-2,-1.49809457361698151e-2,2.59589720517394706e-3,1.29794860258697353e-3,-2.99561452120542526e-2,-1.49780726060271263e-2
144,7,5.88235294117647078e-1,7.84313725490196068e-2,1.76470588235294101e-1,-2.66258865594863892e-1,-1.33129432797431946e-1,2.30703278677538148e-2,1.15351639338769074e-2,-2.66207784414291382e-1,-1.33103892207145691e-1
144,8,6.66666666666666630e-1,7.84313725490196068e-2,1.76470588235294101e-1,-4.86471951007843018e-1,-2.43235975503921509e-1,4.21502214856445678e-2,2.10751107428222839e-2,-4.86378639936447144e-1,-2.43189319968223572e-1
144,9,7.45098039215686292e-1,7.84313725490196068e-2,1.76470588235294101e-1,-6.77299261093139648e-1,-3.38649630546569824e-1,5.86837945505976899e-2,2.93418972752988449e-2,-6.77169382572174072e-1,-3.38584691286087036e-1
144,10,8.23529411764705843e-1,7.84313725490196068e-2,1.76470588235294101e-1,-8.27214121818542480e-1,-4.13607060909271240e-1,7.16685812920331844e-2,3.58342906460165922e-2,-8.27055454254150391e-1,-4.13527727127075195e-1
144,11,9.01960784313725505e-1,7.84313725490196068e-2,1.76470588235294101e-1,-9.27163958549499512e-1,-4.63581979274749756e-1,8.03088331595063210e-2,4.01544165797531605e-2,-9.26986217498779297e-1,-4.63493108749389648e-1
144,12,9.80392156862745057e-1,5.88235294117647189e-2,1.32352941176470618e-1,-9.71125066280364990e-1,-4.85562533140182495e-1,6.30567139014601707e-2,3.15283569507300854e-2,-9.70938980579376221e-1,-4.85469490289688110e-1
145,0,3.92156862745098034e-2,7.84313725490196068e-2,1.76470588235294101e-1,9.65384185314178467e-1,4.82692092657089233e-1,-8.36457191035151482e-2,-4.18228595517575741e-2,9.65199053287506104e-1,4.82599526643753052e-1
145,1,1.17647058823529410e-1,7.84313725490196068e-2,1.76470588235294101e-1,9.07069087028503418e-1,4.53534543514251709e-1,-7.85931112244725172e-2,-3.92965556122362586e-2,9.06895101070404053e-1,4.53447550535202026e-1
145,2,1.96078431372549017e-1,7.84313725490196068e-2,1.76470588235294101e-1,7.93961405754089355e-1,3.96980702877044678e-1,-6.87928576022386606e-2,-3.43964288011193303e-2,7.93809115886688232e-1,3.96904557943344116e-1
145,3,2.74509803921568651e-1,7.84313725490196068e-2,1.76470588235294101e-1,6.32893562316894531e-1,3.16446781158447266e-1,-5.48369712196290493e-2,-2.74184856098145247e-2,6.32772207260131836e-1,3.16386103630065918e-1
145,4,3.52941176470588203e-1,7.84313725490196068e-2,1.76470588235294101e-1,4.33595150709152222e-1,2.16797575354576111e-1,-3.75688643194734828e-2,-1.87844321597367414e-2,4.33512002229690552e-1,2.16756001114845276e-1
145,5,4.31372549019607865e-1,7.84313725490196068e-2,1.76470588235294101e-1,2.08104938268661499e-1,1.04052469134330750e-1,-1.80313431483227760e-2,-9.01567157416138798e-3,2.08065018057823181e-1,1.04032509028911591e-1
145,6,5.09803921568627416e-1,7.84313725490196068e-2,1.76470588235294101e-1,-2.99561452120542526e-2,-1.49780726060271263e-2,2.59542163694276296e-3,1.29771081847138148e-3,-2.99504008144140244e-2,-1.49752004072070122e-2
145,7,5.88235294117647078e-1,7.84313725490196068e-2,1.76470588235294101e-1,-2.66207784414291382e-1,-1.33103892207145691e-1,2.30658740911167115e-2,1.15329370455583557e-2,-2.66156733036041260e-1,-1.33078366518020630e-1
145,8,6.66666666666666630e-1,7.84313725490196068e-2,1.76470588235294101e-1,-4.86378639936447144e-1,-2.43189319968223572e-1,4.21420994214713462e-2,2.10710497107356731e-2,-4.86285358667373657e-1,-2.43142679333686829e-1
145,9,7.45098039215686292e-1,7.84313725490196068e-2,1.76470588235294101e-1,-6.77169382572174072e-1,-3.38584691286087036e-1,5.86726373992860484e-2,2.93363186996430242e-2,-6.77039504051208496e-1,-3.38519752025604248e-1
145,10,8.23529411764705843e-1,7.84313725490196068e-2,1.76470588235294101e-1,-8.27055454254150391e-1,-4.13527727127075195e-1,7.16546455398201776e-2,3.58273227699100888e-2,-8.26896846294403076e-1,-4.13448423147201538e-1
145,11,9.01960784313725505e-1,7.84313725490196068e-2,1.76470588235294101e-1,-9.26986217498779297e-1,-4.63493108749389648e-1,8.02934439852833748e-2,4.01467219926416874e-2,-9.26808476448059082e-1,-4.63404238224029541e-1
145,12,9.80392156862745057e-1,5.88235294117647189e-2,1.32352941176470618e-1,-9.70938980579376221e-1,-4.85469490289688110e-1,6.30447445437312126e-2,3.15223722718656063e-2,-9.70752894878387451e-1,-4.85376447439193726e-1
146,0,3.92156862745098034e-2,7.84313725490196068e-2,1.76470588235294101e-1,9.65199053287506104e-1,4.82599526643753052e-1,-8.36297314614057458e-2,-4.18148657307028729e-2,9.65013921260833740e-1,4.82506960630416870e-1
146,1,1.17647058823529410e-1,7.84313725490196068e-2,1.76470588235294101e-1,9.06895101070404053e-1,4.53447550535202026e-1,-7.85779785364866395e-2,-3.92889892682433198e-2,9.06721174716949463e-1,4.53360587358474731e-1
146,2,1.96078431372549017e-1,7.84313725490196068e-2,1.76470588235294101e-1,7.93809115886688232e-1,3.96904557943344116e-1,-6.87796058133244292e-2,-3.43898029066622146e-2,7.93656885623931885e-1,3.96828442811965942e-1
146,3,2.74509803921568651e-1,7.84313725490196068e-2,1.76470588235294101e-1,6.32772207260131836e-1,3.16386103630065918e-1,-5.48265407793223913e-2,-2.74132703896611957e-2,6.32650852203369141e-1,3.16325426101684570e-1
146,4,3.52941176470588203e-1,7.84313725490196068e-2,1.76470588235294101e-1,4.33512002229690552e-1,2.16756001114845276e-1,-3.75616613309830427e-2,-1.87808306654915214e-2,4.33428853750228882e-1,2.16714426875114441e-1
146,5,4.31372549019607865e-1,7.84313725490196068e-2,1.76470588235294101e-1,2.08065018057823181e-1,1.04032509028911591e-1,-1.80278485233429930e-2,-9.01392426167149652e-3,2.08025112748146057e-1,1.04012556374073029e-1
146,6,5.09803921568627416e-1,7.84313725490196068e-2,1.76470588235294101e-1,-2.99504008144140244e-2,-1.49752004072070122e-2,2.59490866446870916e-3,1.29745433223435458e-3,-2.99446564167737961e-2,-1.49723282083868980e-2
146,7,5.88235294117647078e-1,7.84313725490196068e-2,1.76470588235294101e-1,-2.66156733036041260e-1,-1.33078366518020630e-1,2.30614603904541471e-2,1.15307301952270735e-2,-2.66105681657791138e-1,-1.33052840828895569e-1
146,8,6.66666666666666630e-1,7.84313725490196068e-2,1.76470588235294101e-1,-4.86285358667373657e-1,-2.43142679333686829e-1,4.21340201050042773e-2,2.10670100525021387e-2,-4.86192107200622559e-1,-2.43096053600311279e-1
146,9,7.45098039215686292e-1,7.84313725490196068e-2,1.76470588235294101e-1,-6.77039504051208496e-1,-3.38519752025604248e-1,5.86613520048558934e-2,2.93306760024279467e-2,-6.76909625530242920e-1,-3.38454812765121460e-1
146,10,8.23529411764705843e-1,7.84313725490196068e-2,1.76470588235294101e-1,-8.26896846294403076e-1,-4.13448423147201538e-1,7.16408807784318924e-2,3.58204403892159462e-2,-8.26738238334655762e-1,-4.13369119167327881e-1
146,11,9.01960784313725505e-1,7.84313725490196068e-2,1.76470588235294101e-1,-9.26808476448059082e-1,-4.63404238224029541e-1,8.02779693156480678e-2,4.01389846578240339e-2,-9.26630795001983643e-1,-4.63315397500991821e-1
146,12,9.80392156862745057e-1,5.88235294117647189e-2,1.32352941176470618e-1,-9.70752894878387451e-1,-4.85376447439193726e-1,6.30327751860022545e-2,3.15163875930011272e-2,-9.70566868782043457e-1,-4.85283434391021729e-1
147,0,3.92156862745098034e-2,7.84313725490196068e-2,1.76470588235294101e-1,9.65013921260833740e-1,4.82506960630416870e-1,-8.36136583238840103e-2,-4.18068291619420052e-2,9.64828848838806152e-1,4.82414424419403076e-1
147,1,1.17647058823529410e-1,7.84313725490196068e-2,1.76470588235294101e-1,9.06721174716949463e-1,4.53360587358474731e-1,-7.85629313439130672e-2,-3.92814656719565336e-2,9.06547248363494873e-1,4.53273624181747437e-1
147,2,1.96078431372549017e-1,7.84313725490196068e-2,1.76470588235294101e-1,7.93656885623931885e-1,3.96828442811965942e-1,-6.87664395198226142e-2,-3.43832197599113071e-2,7.93504655361175537e-1,3.96752327680587769e-1
147,3,2.74509803921568651e-1,7.84313725490196068e-2,1.76470588235294101e-1,6.32650852203369141e-1,3.16325426101684570e-1,-5.48160248436033448e-2,-2.74080124218016724e-2,6.32529497146606445e-1,3.16264748573303223e-1
147,4,3.52941176470588203e-1,7.84313725490196068e-2,1.76470588235294101e-1,4.33428853750228882e-1,2.16714426875114441e-1,-3.75544369686395263e-2,-1.87772184843197631e-2,4.33345735073089600e-1,2.16672867536544800e-1
147,5,4.31372549019607865e-1,7.84313725490196068e-2,1.76470588235294101e-1,2.08025112748146057e-1,1.04012556374073029e-1,-1.80243966460693628e-2,-9.01219832303468138e-3,2.07985222339630127e-1,1.03992611169815063e-1
147,6,5.09803921568627416e-1,7.84313725490196068e-2,1.76470588235294101e-1,-2.99446564167737961e-2,-1.49723282083868980e-2,2.59441706584767617e-3,1.29720853292383809e-3,-2.99389138817787170e-2,-1.49694569408893585e-2
147,7,5.88235294117647078e-1,7.84313725490196068e-2,1.76470588235294101e-1,-2.66105681657791138e-1,-1.33052840828895569e-1,2.30570039420854300e-2,1.15285019710427150e-2,-2.66054630279541016e-1,-1.33027315139770508e-1
147,8,6.66666666666666630e-1,7.84313725490196068e-2,1.76470588235294101e-1,-4.86192107200622559e-1,-2.43096053600311279e-1,4.21260262839496247e-2,2.10630131419748123e-2,-4.86098855733871460e-1,-2.43049427866935730e-1
147,9,7.45098039215686292e-1,7.84313725490196068e-2,1.76470588235294101e-1,-6.76909625530242920e-1,-3.38454812765121460e-1,5.86500238627195303e-2,2.93250119313597651e-2,-6.76779806613922119e-1,-3.38389903306961060e-1
147,10,8.23529411764705843e-1,7.84313725490196068e-2,1.76470588235294101e-1,-8.26738238334655762e-1,-4.13369119167327881e-1,7.16270305216312464e-2,3.58135152608156232e-2,-8.26579689979553223e-1,-4.13289844989776611e-1
147,11,9.01960784313725505e-1,7.84313725490196068e-2,1.76470588235294101e-1,-9.26630795001983643e-1,-4.63315397500991821e-1,8.02625801414251216e-2,4.01312900707125608e-2,-9.26453113555908203e-1,-4.63226556777954102e-1
147,12,9.80392156862745057e-1,5.88235294117647189e-2,1.32352941176470618e-1,-9.70566868782043457e-1,-4.85283434391021729e-1,6.30208058282732964e-2,3.15104029141366482e-2,-9.70380842685699463e-1,-4.85190421342849731e-1
148,0,3.92156862745098034e-2,7.84313725490196068e-2,1.76470588235294101e-1,9.64828848838806152e-1,4.82414424419403076e-1,-8.35976706817746079e-2,-4.17988353408873040e-2,9.64643776416778564e-1,4.82321888208389282e-1
148,1,1.17647058823529410e-1,7.84313725490196068e-2,1.76470588235294101e-1,9.06547248363494873e-1,4.53273624181747437e-1,-7.85477986559271896e-2,-3.92738993279635948e-2,9.06373381614685059e-1,4.53186690807342529e-1
148,2,1.96078431372549017e-1,7.84313725490196068e-2,1.76470588235294101e-1,7.93504655361175537e-1,3.96752327680587769e-1,-6.87532732263207436e-2,-3.43766366131603718e-2,7.93352484703063965e-1,3.96676242351531982e-1
148,3,2.74509803921568651e-1,7.84313725490196068e-2,1.76470588235294101e-1,6.32529497146606445e-1,3.16264748573303223e-1,-5.48054661601781734e-2,-2.74027330800890867e-2,6.32408201694488525e-1,3.16204100847244263e-1
148,4,3.52941176470588203e-1,7.84313725490196068e-2,1.76470588235294101e-1,4.33345735073089600e-1,2.16672867536544800e-1,-3.75472767278551833e-2,-1.87736383639275917e-2,4.33262616395950317e-1,2.16631308197975159e-1
148,5,4.31372549019607865e-1,7.84313725490196068e-2,1.76470588235294101e-1,2.07985222339630127e-1,1.03992611169815063e-1,-1.80209474405274017e-2,-9.01047372026370086e-3,2.07945331931114197e-1,1.03972665965557098e-1
148,6,5.09803921568627416e-1,7.84313725490196068e-2,1.76470588235294101e-1,-2.99389138817787170e-2,-1.49694569408893585e-2,2.59395218454300247e-3,1.29697609227150124e-3,-2.99331713467836380e-2,-1.49665856733918190e-2
148,7,5.88235294117647078e-1,7.84313725490196068e-2,1.76470588235294101e-1,-2.66054630279541016e-1,-1.33027315139770508e-1,2.30525448219850992e-2,1.15262724109925496e-2,-2.66003608703613281e-1,-1.33001804351806641e-1
148,8,6.66666666666666630e-1,7.84313725490196068e-2,1.76470588235294101e-1,-4.86098855733871460e-1,-2.43049427866935730e-1,4.21179469674825557e-2,2.10589734837412779e-2,-4.86005634069442749e-1,-2.43002817034721375e-1
148,9,7.45098039215686292e-1,7.84313725490196068e-2,1.76470588235294101e-1,-6.76779806613922119e-1,-3.38389903306961060e-1,5.86387812159955280e-2,2.93193906079977640e-2,-6.76649987697601318e-1,-3.38324993848800659e-1
148,10,8.23529411764705843e-1,7.84313725490196068e-2,1.76470588235294101e-1,-8.26579689979553223e-1,-4.13289844989776611e-1,7.16132657602429334e-2,3.58066328801214667e-2,-8.26421141624450684e-1,-4.13210570812225342e-1
148,11,9.01960784313725505e-1,7.84313725490196068e-2,1.76470588235294101e-1,-9.26453113555908203e-1,-4.63226556777954102e-1,8.02471054717898424e-2,4.01235527358949212e-2,-9.26275491714477539e-1,-4.63137745857238770e-1
148,12,9.80392156862745057e-1,5.88235294117647189e-2,1.32352941176470618e-1,-9.70380842685699463e-1,-4.85190421342849731e-1,6.30088364705443382e-2,3.15044182352721691e-2,-9.70194876194000244e-1,-4.85097438097000122e-1
149,0,3.92156862745098034e-2,7.84313725490196068e-2,1.76470588235294101e-1,9.64643776416778564e-1,4.82321888208389282e-1,-8.35815975442528725e-2,-4.17907987721264362e-2,9.64458763599395752e-1,4.82229381799697876e-1
149,1,1.17647058823529410e-1,7.84313725490196068e-2,1.76470588235294101e-1,9.06373381614685059e-1,4.53186690807342529e-1,-7.85327514633536172e-2,-3.92663757316768086e-2,9.06199574470520020e-1,4.53099787235260010e-1
149,2,1.96078431372549017e-1,7.84313725490196068e-2,1.76470588235294101e-1,7.93352484703063965e-1,3.96676242351531982e-1,-6.87401069328189007e-2,-3.43700534664094504e-2,7.93200314044952393e-1,3.96600157022476196e-1
149,3,2.74509803921568651e-1,7.84313725490196068e-2,1.76470588235294101e-1,6.32408201694488525e-1,3.16204100847244263e-1,-5.47949929721653628e-2,-2.73974964860826814e-2,6.32286906242370605e-1,3.16143453121185303e-1
149,4,3.52941176470588203e-1,7.84313725490196068e-2,1.76470588235294101e-1,4.33262616395950317e-1,2.16631308197975159e-1,-3.75400309916585351e-2,-1.87700154958292675e-2,4.33179527521133423e-1,2.16589763760566711e-1
149,5,4.31372549019607865e-1,7.84313725490196068e-2,1.76470588235294101e-1,2.07945331931114197e-1,1.03972665965557098e-1,-1.80174982349853852e-2,-9.00874911749269258e-3,2.07905456423759460e-1,1.03952728211879730e-1
149,6,5.09803921568627416e-1,7.84313725490196068e-2,1.76470588235294101e-1,-2.99331713467836380e-2,-1.49665856733918190e-2,2.59344455553217612e-3,1.29672227776608806e-3,-2.99274306744337082e-2,-1.49637153372168541e-2
149,7,5.88235294117647078e-1,7.84313725490196068e-2,1.76470588235294101e-1,-2.66003608703613281e-1,-1.33001804351806641e-1,2.30481284495908656e-2,1.15240642247954328e-2,-2.65952587127685547e-1,-1.32976293563842773e-1
149,8,6.66666666666666630e-1,7.84313725490196068e-2,1.76470588235294101e-1,-4.86005634069442749e-1,-2.43002817034721375e-1,4.21099103987216949e-2,2.10549551993608475e-2,-4.85912412405014038e-1,-2.42956206202507019e-1
149,9,7.45098039215686292e-1,7.84313725490196068e-2,1.76470588235294101e-1,-6.76649987697601318e-1,-3.38324993848800659e-1,5.86274958215653730e-2,2.93137479107826865e-2,-6.76520228385925293e-1,-3.38260114192962646e-1
149,10,8.23529411764705843e-1,7.84313725490196068e-2,1.76470588235294101e-1,-8.26421141624450684e-1,-4.13210570812225342e-1,7.15994155034422874e-2,3.57997077517211437e-2,-8.26262652873992920e-1,-4.13131326436996460e-1
149,11,9.01960784313725505e-1,7.84313725490196068e-2,1.76470588235294101e-1,-9.26275491714477539e-1,-4.63137745857238770e-1,8.02317162975668963e-2,4.01158581487834481e-2,-9.26097869873046875e-1,-4.63048934936523438e-1
149,12,9.80392156862745057e-1,5.88235294117647189e-2,1.32352941176470618e-1,-9.70194876194000244e-1,-4.85097438097000122e-1,6.29968671128153801e-2,3.14984335564076900e-2,-9.70008969306945801e-1,-4.85004484653472900e-1
150,0,3.92156862745098034e-2,7.84313725490196068e-2,1.76470588235294101e-1,9.64458763599395752e-1,4.82229381799697876e-1,-8.35655244067311231e-2,-4.17827622033655616e-2,9.64273810386657715e-1,4.82136905193328857e-1
150,1,1.17647058823529410e-1,7.84313725490196068e-2,1.76470588235294101e-1,9.06199574470520020e-1,4.53099787235260010e-1,-7.85177897661924473e-2,-3.92588948830962237e-2,9.06025767326354980e-1,4.53012883663177490e-1
150,2,1.96078431372549017e-1,7.84313725490196068e-2,1.76470588235294101e-1,7.93200314044952393e-1,3.96600157022476196e-1,-6.87268551439046693e-2,-3.43634275719523347e-2,7.93048202991485596e-1,3.96524101495742798e-1
150,3,2.74509803921568651e-1,7.84313725490196068e-2,1.76470588235294101e-1,6.32286906242370605e-1,3.16143453121185303e-1,-5.47844770364463440e-2,-2.73922385182231720e-2,6.32165610790252686e-1,3.16082805395126343e-1
150,4,3.52941176470588203e-1,7.84313725490196068e-2,1.76470588235294101e-1,4.33179527521133423e-1,2.16589763760566711e-1,-3.75328493770211713e-2,-1.87664246885105856e-2,4.33096438646316528e-1,2.16548219323158264e-1
150,5,4.31372549019607865e-1,7.84313725490196068e-2,1.76470588235294101e-1,2.07905456423759460e-1,1.03952728211879730e-1,-1.80140517011750378e-2,-9.00702585058751892e-3,2.07865580916404724e-1,1.03932790458202362e-1
150,6,5.09803921568627416e-1,7.84313725490196068e-2,1.76470588235294101e-1,-2.99274306744337082e-2,-1.49637153372168541e-2,2.59296364383770905e-3,1.29648182191885453e-3,-2.99216918647289276e-2,-1.49608459323644638e-2
150,7,5.88235294117647078e-1,7.84313725490196068e-2,1.76470588235294101e-1,-2.65952587127685547e-1,-1.32976293563842773e-1,2.30437094054650182e-2,1.15218547027325091e-2,-2.65901565551757812e-1,-1.32950782775878906e-1
150,8,6.66666666666666630e-1,7.84313725490196068e-2,1.76470588235294101e-1,-4.85912412405014038e-1,-2.42956206202507019e-1,4.21017883345484734e-2,2.10508941672742367e-2,-4.85819220542907715e-1,-2.42909610271453857e-1
150,9,7.45098039215686292e-1,7.84313725490196068e-2,1.76470588235294101e-1,-6.76520228385925293e-1,-3.38260114192962646e-1,5.86162959225476066e-2,2.93081479612738033e-2,-6.76390469074249268e-1,-3.38195234537124634e-1
150,10,8.23529411764705843e-1,7.84313725490196068e-2,1.76470588235294101e-1,-8.26262652873992920e-1,-4.13131326436996460e-1,7.15856507420539745e-2,3.57928253710269872e-2,-8.26104223728179932e-1,-4.13052111864089966e-1
150,11,9.01960784313725505e-1,7.84313725490196068e-2,1.76470588235294101e-1,-9.26097869873046875e-1,-4.63048934936523438e-1,8.02161561325192424e-2,4.01080780662596212e-2,-9.25920307636260986e-1,-4.62960153818130493e-1
150,12,9.80392156862745057e-1,5.88235294117647189e-2,1.32352941176470618e-1,-9.70008969306945801e-1,-4.85004484653472900e-1,6.29849832504987689e-2,3.14924916252493844e-2,-9.69823062419891357e-1,-4.84911531209945679e-1
151,0,3.92156862745098034e-2,7.84313725490196068e-2,1.76470588235294101e-1,9.64273810386657715e-1,4.82136905193328857e-1,-8.35495367646217346e-2,-4.17747683823108673e-2,9.64088857173919678e-1,4.82044428586959839e-1
151,1,1.17647058823529410e-1,7.84313725490196068e-2,1.76470588235294101e-1,9.06025767326354980e-1,4.53012883663177490e-1,-7.85026570782065281e-2,-3.92513285391032640e-2,9.05852019786834717e-1,4.52926009893417358e-1
151,2,1.96078431372549017e-1,7.84313725490196068e-2,1.76470588235294101e-1,7.93048202991485596e-1,3.96524101495742798e-1,-6.87137743458151873e-2,-3.43568871729075936e-2,7.92896091938018799e-1,3.96448045969009399e-1
151,3,2.74509803921568651e-1,7.84313725490196068e-2,1.76470588235294101e-1,6.32165610790252686e-1,3.16082805395126343e-1,-5.47738756053149645e-2,-2.73869378026574822e-2,6.32044374942779541e-1,3.16022187471389771e-1
151,4,3.52941176470588203e-1,7.84313725490196068e-2,1.76470588235294101e-1,4.33096438646316528e-1,2.16548219323158264e-1,-3.75256677623838075e-2,-1.87628338811919038e-2,4.33013379573822021e-1,2.16506689786911011e-1
151,5,4.31372549019607865e-1,7.84313725490196068e-2,1.76470588235294101e-1,2.07865580916404724e-1,1.03932790458202362e-1,-1.80106078390963598e-2,-9.00530391954817988e-3,2.07825720310211182e-1,1.03912860155105591e-1
151,6,5.09803921568627416e-1,7.84313725490196068e-2,1.76470588235294101e-1,-2.99216918647289276e-2,-1.49608459323644638e-2,2.59248807560652494e-3,1.29624403780326247e-3,-2.99159530550241470e-2,-1.49579765275120735e-2
151,7,5.88235294117647078e-1,7.84313725490196068e-2,1.76470588235294101e-1,-2.65901565551757812e-1,-1.32950782775878906e-1,2.30392449419014045e-2,1.15196224709507022e-2,-2.65850573778152466e-1,-1.32925286889076233e-1
151,8,6.66666666666666630e-1,7.84313725490196068e-2,1.76470588235294101e-1,-4.85819220542907715e-1,-2.42909610271453857e-1,4.20937517657876126e-2,2.10468758828938063e-2,-4.85726058483123779e-1,-2.42863029241561890e-1
151,9,7.45098039215686292e-1,7.84313725490196068e-2,1.76470588235294101e-1,-6.76390469074249268e-1,-3.38195234537124634e-1,5.86049677804112434e-2,2.93024838902056217e-2,-6.76260769367218018e-1,-3.38130384683609009e-1
151,10,8.23529411764705843e-1,7.84313725490196068e-2,1.76470588235294101e-1,-8.26104223728179932e-1,-4.13052111864089966e-1,7.15719714760780501e-2,3.57859857380390251e-2,-8.25945794582366943e-1,-4.12972897291183472e-1
151,11,9.01960784313725505e-1,7.84313725490196068e-2,1.76470588235294101e-1,-9.25920307636260986e-1,-4.62960153818130493e-1,8.02006814628839354e-2,4.01003407314419677e-2,-9.25742805004119873e-1,-4.62871402502059937e-1
151,12,9.80392156862745057e-1,5.88235294117647189e-2,1.32352941176470618e-1,-9.69823062419891357e-1,-4.84911531209945679e-1,6.29730138927698108e-2,3.14865069463849054e-2,-9.69637215137481689e-1,-4.84818607568740845e-1
152,0,3.92156862745098034e-2,7.84313725490196068e-2,1.76470588235294101e-1,9.64088857173919678e-1,4.82044428586959839e-1,-8.35334636270999853e-2,-4.17667318135499926e-2,9.63903963565826416e-1,4.81951981782913208e-1
152,1,1.17647058823529410e-1,7.84313725490196068e-2,1.76470588235294101e-1,9.05852019786834717e-1,4.52926009893417358e-1,-7.84876953810453304e-2,-3.92438476905226652e-2,9.05678272247314453e-1,4.52839136123657227e-1
152,2,1.96078431372549017e-1,7.84313725490196068e-2,1.76470588235294101e-1,7.92896091938018799e-1,3.96448045969009399e-1,-6.87005225569009836e-2,-3.43502612784504918e-2,7.92744040489196777e-1,3.96372020244598389e-1
152,3,2.74509803921568651e-1,7.84313725490196068e-2,1.76470588235294101e-1,6.32044374942779541e-1,3.16022187471389771e-1,-5.47634024173021539e-2,-2.73817012086510769e-2,6.31923139095306396e-1,3.15961569547653198e-1
152,4,3.52941176470588203e-1,7.84313725490196068e-2,1.76470588235294101e-1,4.33013379573822021e-1,2.16506689786911011e-1,-3.75184647738933119e-2,-1.87592323869466560e-2,4.32930320501327515e-1,2.16465160250663757e-1
152,5,4.31372549019607865e-1,7.84313725490196068e-2,1.76470588235294101e-1,2.07825720310211182e-1,1.03912860155105591e-1,-1.80071639770176262e-2,-9.00358198850881308e-3,2.07785859704017639e-1,1.03892929852008820e-1
152,6,5.09803921568627416e-1,7.84313725490196068e-2,1.76470588235294101e-1,-2.99159530550241470e-2,-1.49579765275120735e-2,2.59199113352220900e-3,1.29599556676110450e-3,-2.99102161079645157e-2,-1.49551080539822578e-2
152,7,5.88235294117647078e-1,7.84313725490196068e-2,1.76470588235294101e-1,-2.65850573778152466e-1,-1.32925286889076233e-1,2.30348232260439434e-2,1.15174116130219717e-2,-2.65799582004547119e-1,-1.32899791002273560e-1
152,8,6.66666666666666630e-1,7.84313725490196068e-2,1.76470588235294101e-1,-4.85726058483123779e-1,-2.42863029241561890e-1,4.20856724493205991e-2,2.10428362246602996e-2,-4.85632896423339844e-1,-2.42816448211669922e-1
152,9,7.45098039215686292e-1,7.84313725490196068e-2,1.76470588235294101e-1,-6.76260769367218018e-1,-3.38130384683609009e-1,5.85937678813933938e-2,2.92968839406966969e-2,-6.76131069660186768e-1,-3.38065534830093384e-1
152,10,8.23529411764705843e-1,7.84313725490196068e-2,1.76470588235294101e-1,-8.25945794582366943e-1,-4.12972897291183472e-1,7.15581212192774041e-2,3.57790606096387021e-2,-8.25787425041198730e-1,-4.12893712520599365e-1
152,11,9.01960784313725505e-1,7.84313725490196068e-2,1.76470588235294101e-1,-9.25742805004119873e-1,-4.62871402502059937e-1,8.01852922886609892e-2,4.00926461443304946e-2,-9.25565302371978760e-1,-4.62782651185989380e-1
152,12,9.80392156862745057e-1,5.88235294117647189e-2,1.32352941176470618e-1,-9.69637215137481689e-1,-4.84818607568740845e-1,6.29610445350408526e-2,3.14805222675204263e-2,-9.69451367855072021e-1,-4.84725683927536011e-1
153,0,3.92156862745098034e-2,7.84313725490196068e-2,1.76470588235294101e-1,9.63903963565826416e-1,4.81951981782913208e-1,-8.35174759849905968e-2,-4.17587379924952984e-2,9.63719069957733154e-1,4.81859534978866577e-1
153,1,1.17647058823529410e-1,7.84313725490196068e-2,1.76470588235294101e-1,9.05678272247314453e-1,4.52839136123657227e-1,-7.84725626930594389e-2,-3.92362813465297194e-2,9.05504584312438965e-1,4.52752292156219482e-1
153,2,1.96078431372549017e-1,7.84313725490196068e-2,1.76470588235294101e-1,7.92744040489196777e-1,3.96372020244598389e-1,-6.86874417588114738e-2,-3.43437208794057369e-2,7.92591989040374756e-1,3.96295994520187378e-1
153,3,2.74509803921568651e-1,7.84313725490196068e-2,1.76470588235294101e-1,6.31923139095306396e-1,3.15961569547653198e-1,-5.47528437338769269e-2,-2.73764218669384635e-2,6.31801962852478027e-1,3.15900981426239014e-1
153,4,3.52941176470588203e-1,7.84313725490196068e-2,1.76470588235294101e-1,4.32930320501327515e-1,2.16465160250663757e-1,-3.75112617854029273e-2,-1.87556308927014637e-2,4.32847291231155396e-1,2.16423645615577698e-1
153,5,4.31372549019607865e-1,7.84313725490196068e-2,1.76470588235294101e-1,2.07785859704017639e-1,1.03892929852008820e-1,-1.80037227866705063e-2,-9.00186139333525315e-3,2.07746013998985291e-1,1.03873006999492645e-1
153,6,5.09803921568627416e-1,7.84313725490196068e-2,1.76470588235294101e-1,-2.99102161079645157e-2,-1.49551080539822578e-2,2.59149953490123153e-3,1.29574976745061576e-3,-2.99044791609048843e-2,-1.49522395804524422e-2
153,7,5.88235294117647078e-1,7.84313725490196068e-2,1.76470588235294101e-1,-2.65799582004547119e-1,-1.32899791002273560e-1,2.30303988384548131e-2,1.15151994192274065e-2,-2.65748590230941772e-1,-1.32874295115470886e-1
153,8,6.66666666666666630e-1,7.84313725490196068e-2,1.76470588235294101e-1,-4.85632896423339844e-1,-2.42816448211669922e-1,4.20775931328535302e-2,2.10387965664267651e-2,-4.85539764165878296e-1,-2.42769882082939148e-1
153,9,7.45098039215686292e-1,7.84313725490196068e-2,1.76470588235294101e-1,-6.76131069660186768e-1,-3.38065534830093384e-1,5.85824824869632665e-2,2.92912412434816333e-2,-6.76001369953155518e-1,-3.38000684976577759e-1
153,10,8.23529411764705843e-1,7.84313725490196068e-2,1.76470588235294101e-1,-8.25787425041198730e-1,-4.12893712520599365e-1,7.15444419533014242e-2,3.57722209766507121e-2,-8.25629055500030518e-1,-4.12814527750015259e-1
153,11,9.01960784313725505e-1,7.84313725490196068e-2,1.76470588235294101e-1,-9.25565302371978760e-1,-4.62782651185989380e-1,8.01698176190257100e-2,4.00849088095128550e-2,-9.25387859344482422e-1,-4.62693929672241211e-1
153,12,9.80392156862745057e-1,5.88235294117647189e-2,1.32352941176470618e-1,-9.69451367855072021e-1,-4.84725683927536011e-1,6.29490751773118945e-2,3.14745375886559473e-2,-9.69265580177307129e-1,-4.84632790088653564e-1
154,0,3.92156862745098034e-2,7.84313725490196068e-2,1.76470588235294101e-1,9.63719069957733154e-1,4.81859534978866577e-1,-8.35014028474688474e-2,-4.17507014237344237e-2,9.63534235954284668e-1,4.81767117977142334e-1
154,1,1.17647058823529410e-1,7.84313725490196068e-2,1.76470588235294101e-1,9.05504584312438965e-1,4.52752292156219482e-1,-7.84576009958982412e-2,-3.92288004979491206e-2,9.05330896377563477e-1,4.52665448188781738e-1
154,2,1.96078431372549017e-1,7.84313725490196068e-2,1.76470588235294101e-1,7.92591989040374756e-1,3.96295994520187378e-1,-6.86741899698972702e-2,-3.43370949849486351e-2,7.92439997196197510e-1,3.96219998598098755e-1
154,3,2.74509803921568651e-1,7.84313725490196068e-2,1.76470588235294101e-1,6.31801962852478027e-1,3.15900981426239014e-1,-5.47424132935702690e-2,-2.73712066467851345e-2,6.31680786609649658e-1,3.15840393304824829e-1
154,4,3.52941176470588203e-1,7.84313725490196068e-2,1.76470588235294101e-1,4.32847291231155396e-1,2.16423645615577698e-1,-3.75040374230593554e-2,-1.87520187115296777e-2,4.32764261960983276e-1,2.16382130980491638e-1
154,5,4.31372549019607865e-1,7.84313725490196068e-2,1.76470588235294101e-1,2.07746013998985291e-1,1.03873006999492645e-1,-1.80002815963234974e-2,-9.00014079816174872e-3,2.07706168293952942e-1,1.03853084146976471e-1
154,6,5.09803921568627416e-1,7.84313725490196068e-2,1.76470588235294101e-1,-2.99044791609048843e-2,-1.49522395804524422e-2,2.59102931013333038e-3,1.29551465506666519e-3,-2.98987440764904022e-2,-1.49493720382452011e-2
154,7,5.88235294117647078e-1,7.84313725490196068e-2,1.76470588235294101e-1,-2.65748590230941772e-1,-1.32874295115470886e-1,2.30259317031595856e-2,1.15129658515797928e-2,-2.65697628259658813e-1,-1.32848814129829407e-1
154,8,6.66666666666666630e-1,7.84313725490196068e-2,1.76470588235294101e-1,-4.85539764165878296e-1,-2.42769882082939148e-1,4.20695993117988221e-2,2.10347996558994110e-2,-4.85446631908416748e-1,-2.42723315954208374e-1
154,9,7.45098039215686292e-1,7.84313725490196068e-2,1.76470588235294101e-1,-6.76001369953155518e-1,-3.38000684976577759e-1,5.85711543448269312e-2,2.92855771724134656e-2,-6.75871729850769043e-1,-3.37935864925384521e-1
154,10,8.23529411764705843e-1,7.84313725490196068e-2,1.76470588235294101e-1,-8.25629055500030518e-1,-4.12814527750015259e-1,7.15306771919131112e-2,3.57653385959565556e-2,-8.25470745563507080e-1,-4.12735372781753540e-1
154,11,9.01960784313725505e-1,7.84313725490196068e-2,1.76470588235294101e-1,-9.25387859344482422e-1,-4.62693929672241211e-1,8.01544284448027639e-2,4.00772142224013819e-2,-9.25210416316986084e-1,-4.62605208158493042e-1
154,12,9.80392156862745057e-1,5.88235294117647189e-2,1.32352941176470618e-1,-9.69265580177307129e-1,-4.84632790088653564e-1,6.29371058195829364e-2,3.14685529097914682e-2,-9.69079852104187012e-1,-4.84539926052093506e-1
155,0,3.92156862745098034e-2,7.84313725490196068e-2,1.76470588235294101e-1,9.63534235954284668e-1,4.81767117977142334e-1,-8.34854152053594589e-2,-4.17427076026797295e-2,9.63349461555480957e-1,4.81674730777740479e-1
155,1,1.17647058823529410e-1,7.84313725490196068e-2,1.76470588235294101e-1,9.05330896377563477e-1,4.52665448188781738e-1,-7.84424683079123497e-2,-3.92212341539561749e-2,9.05157268047332764e-1,4.52578634023666382e-1
155,2,1.96078431372549017e-1,7.84313725490196068e-2,1.76470588235294101e-1,7.92439997196197510e-1,3.96219998598098755e-1,-6.86611091718077604e-2,-3.43305545859038802e-2,7.92288005352020264e-1,3.96144002676010132e-1
155,3,2.74509803921568651e-1,7.84313725490196068e-2,1.76470588235294101e-1,6.31680786609649658e-1,3.15840393304824829e-1,-5.47318973578512502e-2,-2.73659486789256251e-2,6.31559610366821289e-1,3.15779805183410645e-1
155,4,3.52941176470588203e-1,7.84313725490196068e-2,1.76470588235294101e-1,4.32764261960983276e-1,2.16382130980491638e-1,-3.74968130607157835e-2,-1.87484065303578917e-2,4.32681262493133545e-1,2.16340631246566772e-1
155,5,4.31372549019607865e-1,7.84313725490196068e-2,1.76470588235294101e-1,2.07706168293952942e-1,1.03853084146976471e-1,-1.79968430777080468e-2,-8.99842153885402340e-3,2.07666337490081787e-1,1.03833168745040894e-1
155,6,5.09803921568627416e-1,7.84313725490196068e-2,1.76470588235294101e-1,-2.98987440764904022e-2,-1.49493720382452011e-2,2.59052168112244852e-3,1.29526084056122426e-3,-2.98930089920759201e-2,-1.49465044960379601e-2
155,7,5.88235294117647078e-1,7.84313725490196068e-2,1.76470588235294101e-1,-2.65697628259658813e-1,-1.32848814129829407e-1,2.30215473915450497e-2,1.15107736957725248e-2,-2.65646666288375854e-1,-1.32823333144187927e-1
155,8,6.66666666666666630e-1,7.84313725490196068e-2,1.76470588235294101e-1,-4.85446631908416748e-1,-2.42723315954208374e-1,4.20614772476256005e-2,2.10307386238128002e-2,-4.85353529453277588e-1,-2.42676764726638794e-1
155,9,7.45098039215686292e-1,7.84313725490196068e-2,1.76470588235294101e-1,-6.75871729850769043e-1,-3.37935864925384521e-1,5.85599116981029288e-2,2.92799558490514644e-2,-6.75742089748382568e-1,-3.37871044874191284e-1
155,10,8.23529411764705843e-1,7.84313725490196068e-2,1.76470588235294101e-1,-8.25470745563507080e-1,-4.12735372781753540e-1,7.15169979259371869e-2,3.57584989629685934e-2,-8.25312435626983643e-1,-4.12656217813491821e-1
155,11,9.01960784313725505e-1,7.84313725490196068e-2,1.76470588235294101e-1,-9.25210416316986084e-1,-4.62605208158493042e-1,8.01388682797551100e-2,4.00694341398775550e-2,-9.25033032894134521e-1,-4.62516516447067261e-1
155,12,9.80392156862745057e-1,5.88235294117647189e-2,1.32352941176470618e-1,-9.69079852104187012e-1,-4.84539926052093506e-1,6.29252219572663252e-2,3.14626109786331626e-2,-9.68894124031066895e-1,-4.84447062015533447e-1
156,0,3.92156862745098034e-2,7.84313725490196068e-2,1.76470588235294101e-1,9.63349461555480957e-1,4.81674730777740479e-1,-8.34694275632500565e-2,-4.17347137816250283e-2,9.63164687156677246e-1,4.81582343578338623e-1
156,1,1.17647058823529410e-1,7.84313725490196068e-2,1.76470588235294101e-1,9.05157268047332764e-1,4.52578634023666382e-1,-7.84274211153388051e-2,-3.92137105576694026e-2,9.04983639717102051e-1,4.52491819858551025e-1
156,2,1.96078431372549017e-1,7.84313725490196068e-2,1.76470588235294101e-1,7.92288005352020264e-1,3.96144002676010132e-1,-6.86479428783059176e-2,-3.43239714391529588e-2,7.92136073112487793e-1,3.96068036556243896e-1
156,3,2.74509803921568651e-1,7.84313725490196068e-2,1.76470588235294101e-1,6.31559610366821289e-1,3.15779805183410645e-1,-5.47213386744260788e-2,-2.73606693372130394e-2,6.31438493728637695e-1,3.15719246864318848e-1
156,4,3.52941176470588203e-1,7.84313725490196068e-2,1.76470588235294101e-1,4.32681262493133545e-1,2.16340631246566772e-1,-3.74896528199314960e-2,-1.87448264099657480e-2,4.32598263025283813e-1,2.16299131512641907e-1
156,5,4.31372549019607865e-1,7.84313725490196068e-2,1.76470588235294101e-1,2.07666337490081787e-1,1.03833168745040894e-1,-1.79934045590925962e-2,-8.99670227954629809e-3,2.07626506686210632e-1,1.03813253343105316e-1
156,6,5.09803921568627416e-1,7.84313725490196068e-2,1.76470588235294101e-1,-2.98930089920759201e-2,-1.49465044960379601e-2,2.59003542596475400e-3,1.29501771298237700e-3,-2.98872757703065872e-2,-1.49436378851532936e-2
156,7,5.88235294117647078e-1,7.84313725490196068e-2,1.76470588235294101e-1,-2.65646666288375854e-1,-1.32823333144187927e-1,2.30171203322243056e-2,1.15085601661121528e-2,-2.65595704317092896e-1,-1.32797852158546448e-1
156,8,6.66666666666666630e-1,7.84313725490196068e-2,1.76470588235294101e-1,-4.85353529453277588e-1,-2.42676764726638794e-1,4.20534406788646842e-2,2.10267203394323421e-2,-4.85260456800460815e-1,-2.42630228400230408e-1
156,9,7.45098039215686292e-1,7.84313725490196068e-2,1.76470588235294101e-1,-6.75742089748382568e-1,-3.37871044874191284e-1,5.85486263036728016e-2,2.92743131518364008e-2,-6.75612509250640869e-1,-3.37806254625320435e-1
156,10,8.23529411764705843e-1,7.84313725490196068e-2,1.76470588235294101e-1,-8.25312435626983643e-1,-4.12656217813491821e-1,7.15032331645488739e-2,3.57516165822744370e-2,-8.25154185295104980e-1,-4.12577092647552490e-1
156,11,9.01960784313725505e-1,7.84313725490196068e-2,1.76470588235294101e-1,-9.25033032894134521e-1,-4.62516516447067261e-1,8.01234791055321638e-2,4.00617395527660819e-2,-9.24855649471282959e-1,-4.62427824735641479e-1
156,12,9.80392156862745057e-1,5.88235294117647189e-2,1.32352941176470618e-1,-9.68894124031066895e-1,-4.84447062015533447e-1,6.29132525995373670e-2,3.14566262997686835e-2,-9.68708455562591553e-1,-4.84354227781295776e-1
157,0,3.92156862745098034e-2,7.84313725490196068e-2,1.76470588235294101e-1,9.63164687156677246e-1,4.81582343578338623e-1,-8.34534399211406680e-2,-4.17267199605703340e-2,9.62979972362518311e-1,4.81489986181259155e-1
157,1,1.17647058823529410e-1,7.84313725490196068e-2,1.76470588235294101e-1,9.04983639717102051e-1,4.52491819858551025e-1,-7.84122884273529136e-2,-3.92061442136764568e-2,9.04810070991516113e-1,4.52405035495758057e-1
157,2,1.96078431372549017e-1,7.84313725490196068e-2,1.76470588235294101e-1,7.92136073112487793e-1,3.96068036556243896e-1,-6.86348620802164078e-2,-3.43174310401082039e-2,7.91984140872955322e-1,3.95992070436477661e-1
157,3,2.74509803921568651e-1,7.84313725490196068e-2,1.76470588235294101e-1,6.31438493728637695e-1,3.15719246864318848e-1,-5.47108654864132127e-2,-2.73554327432066063e-2,6.31317377090454102e-1,3.15658688545227051e-1
157,4,3.52941176470588203e-1,7.84313725490196068e-2,1.76470588235294101e-1,4.32598263025283813e-1,2.16299131512641907e-1,-3.74824070837349033e-2,-1.87412035418674516e-2,4.32515293359756470e-1,2.16257646679878235e-1
157,5,4.31372549019607865e-1,7.84313725490196068e-2,1.76470588235294101e-1,2.07626506686210632e-1,1.03813253343105316e-1,-1.79899687122087593e-2,-8.99498435610437963e-3,2.07586690783500671e-1,1.03793345391750336e-1
157,6,5.09803921568627416e-1,7.84313725490196068e-2,1.76470588235294101e-1,-2.98872757703065872e-2,-1.49436378851532936e-2,2.58955451427028693e-3,1.29477725713514347e-3,-2.98815444111824036e-2,-1.49407722055912018e-2
157,7,5.88235294117647078e-1,7.84313725490196068e-2,1.76470588235294101e-1,-2.65595704317092896e-1,-1.32797852158546448e-1,2.30126478534657397e-2,1.15063239267328699e-2,-2.65544772148132324e-1,-1.32772386074066162e-1
157,8,6.66666666666666630e-1,7.84313725490196068e-2,1.76470588235294101e-1,-4.85260456800460815e-1,-2.42630228400230408e-1,4.20454041101038234e-2,2.10227020550519117e-2,-4.85167384147644043e-1,-2.42583692073822021e-1
157,9,7.45098039215686292e-1,7.84313725490196068e-2,1.76470588235294101e-1,-6.75612509250640869e-1,-3.37806254625320435e-1,5.85373836569487993e-2,2.92686918284743997e-2,-6.75482928752899170e-1,-3.37741464376449585e-1
157,10,8.23529411764705843e-1,7.84313725490196068e-2,1.76470588235294101e-1,-8.25154185295104980e-1,-4.12577092647552490e-1,7.14895538985729218e-2,3.57447769492864609e-2,-8.24995934963226318e-1,-4.12497967481613159e-1
157,11,9.01960784313725505e-1,7.84313725490196068e-2,1.76470588235294101e-1,-9.24855649471282959e-1,-4.62427824735641479e-1,8.01079189404845377e-2,4.00539594702422688e-2,-9.24678325653076172e-1,-4.62339162826538086e-1
157,12,9.80392156862745057e-1,5.88235294117647189e-2,1.32352941176470618e-1,-9.68708455562591553e-1,-4.84354227781295776e-1,6.29013687372207558e-2,3.14506843686103779e-2,-9.68522787094116211e-1,-4.84261393547058105e-1
158,0,3.92156862745098034e-2,7.84313725490196068e-2,1.76470588235294101e-1,9.62979972362518311e-1,4.81489986181259155e-1,-8.34374522790312795e-2,-4.17187261395156397e-2,9.62795257568359375e-1,4.81397628784179688e-1
158,1,1.17647058823529410e-1,7.84313725490196068e-2,1.76470588235294101e-1,9.04810070991516113e-1,4.52405035495758057e-1,-7.83972412347793551e-2,-3.91986206173896776e-2,9.04636561870574951e-1,4.52318280935287476e-1
158,2,1.96078431372549017e-1,7.84313725490196068e-2,1.76470588235294101e-1,7.91984140872955322e-1,3.95992070436477661e-1,-6.86216957867145372e-2,-3.43108478933572686e-2,7.91832268238067627e-1,3.95916134119033813e-1
158,3,2.74509803921568651e-1,7.84313725490196068e-2,1.76470588235294101e-1,6.31317377090454102e-1,3.15658688545227051e-1,-5.47003495506942217e-2,-2.73501747753471108e-2,6.31196320056915283e-1,3.15598160028457642e-1
158,4,3.52941176470588203e-1,7.84313725490196068e-2,1.76470588235294101e-1,4.32515293359756470e-1,2.16257646679878235e-1,-3.74752254690974840e-2,-1.87376127345487420e-2,4.32432353496551514e-1,2.16216176748275757e-1
158,5,4.31372549019607865e-1,7.84313725490196068e-2,1.76470588235294101e-1,2.07586690783500671e-1,1.03793345391750336e-1,-1.79865355370566471e-2,-8.99326776852832355e-3,2.07546874880790710e-1,1.03773437440395355e-1
158,6,5.09803921568627416e-1,7.84313725490196068e-2,1.76470588235294101e-1,-2.98815444111824036e-2,-1.49407722055912018e-2,2.58905757218597099e-3,1.29452878609298550e-3,-2.98758130520582199e-2,-1.49379065260291100e-2
158,7,5.88235294117647078e-1,7.84313725490196068e-2,1.76470588235294101e-1,-2.65544772148132324e-1,-1.32772386074066162e-1,2.30082581983879209e-2,1.15041290991939604e-2,-2.65493839979171753e-1,-1.32746919989585876e-1
158,8,6.66666666666666630e-1,7.84313725490196068e-2,1.76470588235294101e-1,-4.85167384147644043e-1,-2.42583692073822021e-1,4.20373247936368100e-2,2.10186623968184050e-2,-4.85074341297149658e-1,-2.42537170648574829e-1
158,9,7.45098039215686292e-1,7.84313725490196068e-2,1.76470588235294101e-1,-6.75482928752899170e-1,-3.37741464376449585e-1,5.85261410102248247e-2,2.92630705051124124e-2,-6.75353407859802246e-1,-3.37676703929901123e-1
158,10,8.23529411764705843e-1,7.84313725490196068e-2,1.76470588235294101e-1,-8.24995934963226318e-1,-4.12497967481613159e-1,7.14757891371846088e-2,3.57378945685923044e-2,-8.24837744235992432e-1,-4.12418872117996216e-1
158,11,9.01960784313725505e-1,7.84313725490196068e-2,1.76470588235294101e-1,-9.24678325653076172e-1,-4.62339162826538086e-1,8.00925297662615915e-2,4.00462648831307957e-2,-9.24501061439514160e-1,-4.62250530719757080e-1
158,12,9.80392156862745057e-1,5.88235294117647189e-2,1.32352941176470618e-1,-9.68522787094116211e-1,-4.84261393547058105e-1,6.28893993794917977e-2,3.14446996897458989e-2,-9.68337178230285645e-1,-4.84168589115142822e-1
159,0,3.92156862745098034e-2,7.84313725490196068e-2,1.76470588235294101e-1,9.62795257568359375e-1,4.81397628784179688e-1,-8.34213791415095302e-2,-4.17106895707547651e-2,9.62610602378845215e-1,4.81305301189422607e-1
159,1,1.17647058823529410e-1,7.84313725490196068e-2,1.76470588235294101e-1,9.04636561870574951e-1,4.52318280935287476e-1,-7.83822795376181575e-2,-3.91911397688090787e-2,9.04463052749633789e-1,4.52231526374816895e-1
159,2,1.96078431372549017e-1,7.84313725490196068e-2,1.76470588235294101e-1,7.91832268238067627e-1,3.95916134119033813e-1,-6.86085294932126943e-2,-3.43042647466063472e-2,7.91680395603179932e-1,3.95840197801589966e-1
159,3,2.74509803921568651e-1,7.84313725490196068e-2,1.76470588235294101e-1,6.31196320056915283e-1,3.15598160028457642e-1,-5.46898763626814111e-2,-2.73449381813407055e-2,6.31075263023376465e-1,3.15537631511688232e-1
159,4,3.52941176470588203e-1,7.84313725490196068e-2,1.76470588235294101e-1,4.32432353496551514e-1,2.16216176748275757e-1,-3.74680438544601202e-2,-1.87340219272300601e-2,4.32349413633346558e-1,2.16174706816673279e-1
159,5,4.31372549019607865e-1,7.84313725490196068e-2,1.76470588235294101e-1,2.07546874880790710e-1,1.03773437440395355e-1,-1.79830596141982713e-2,-8.99152980709913563e-3,2.07507073879241943e-1,1.03753536939620972e-1
159,6,5.09803921568627416e-1,7.84313725490196068e-2,1.76470588235294101e-1,-2.98758130520582199e-2,-1.49379065260291100e-2,2.58856063010171056e-3,1.29428031505085528e-3,-2.98700835555791855e-2,-1.49350417777895927e-2
159,7,5.88235294117647078e-1,7.84313725490196068e-2,1.76470588235294101e-1,-2.65493839979171753e-1,-1.32746919989585876e-1,2.30038257956039494e-2,1.15019128978019747e-2,-2.65442907810211182e-1,-1.32721453905105591e-1
159,8,6.66666666666666630e-1,7.84313725490196068e-2,1.76470588235294101e-1,-4.85074341297149658e-1,-2.42537170648574829e-1,4.20292454771697410e-2,2.10146227385848705e-2,-4.84981298446655273e-1,-2.42490649223327637e-1
159,9,7.45098039215686292e-1,7.84313725490196068e-2,1.76470588235294101e-1,-6.75353407859802246e-1,-3.37676703929901123e-1,5.85149411112070028e-2,2.92574705556035014e-2,-6.75223886966705322e-1,-3.37611943483352661e-1
159,10,8.23529411764705843e-1,7.84313725490196068e-2,1.76470588235294101e-1,-8.24837744235992432e-1,-4.12418872117996216e-1,7.14620243757962958e-2,3.57310121878981479e-2,-8.24679553508758545e-1,-4.12339776754379272e-1
159,11,9.01960784313725505e-1,7.84313725490196068e-2,1.76470588235294101e-1,-9.24501061439514160e-1,-4.62250530719757080e-1,8.00771405920386453e-2,4.00385702960193227e-2,-9.24323797225952148e-1,-4.62161898612976074e-1
159,12,9.80392156862745057e-1,5.88235294117647189e-2,1.32352941176470618e-1,-9.68337178230285645e-1,-4.84168589115142822e-1,6.28774300217628396e-2,3.14387150108814198e-2,-9.68151628971099854e-1,-4.84075814485549927e-1
160,0,3.92156862745098034e-2,7.84313725490196068e-2,1.76470588235294101e-1,9.62610602378845215e-1,4.81305301189422607e-1,-8.34053914994001416e-2,-4.17026957497000708e-2,9.62426006793975830e-1,4.81213003396987915e-1
160,1,1.17647058823529410e-1,7.84313725490196068e-2,1.76470588235294101e-1,9.04463052749633789e-1,4.52231526374816895e-1,-7.83672323450445990e-2,-3.91836161725222995e-2,9.04289603233337402e-1,4.52144801616668701e-1
160,2,1.96078431372549017e-1,7.84313725490196068e-2,1.76470588235294101e-1,7.91680395603179932e-1,3.95840197801589966e-1,-6.85953631997108515e-2,-3.42976815998554257e-2,7.91528582572937012e-1,3.95764291286468506e-1
160,3,2.74509803921568651e-1,7.84313725490196068e-2,1.76470588235294101e-1,6.31075263023376465e-1,3.15537631511688232e-1,-5.46794031746685449e-2,-2.73397015873342725e-2,6.30954205989837646e-1,3.15477102994918823e-1
160,4,3.52941176470588203e-1,7.84313725490196068e-2,1.76470588235294101e-1,4.32349413633346558e-1,2.16174706816673279e-1,-3.74608408659696801e-2,-1.87304204329848401e-2,4.32266503572463989e-1,2.16133251786231995e-1
160,5,4.31372549019607865e-1,7.84313725490196068e-2,1.76470588235294101e-1,2.07507073879241943e-1,1.03753536939620972e-1,-1.79796291107777173e-2,-8.98981455538885865e-3,2.07467272877693176e-1,1.03733636438846588e-1
160,6,5.09803921568627416e-1,7.84313725490196068e-2,1.76470588235294101e-1,-2.98700835555791855e-2,-1.49350417777895927e-2,2.58809040533375390e-3,1.29404520266687695e-3,-2.98643540591001511e-2,-1.49321770295500755e-2
160,7,5.88235294117647078e-1,7.84313725490196068e-2,1.76470588235294101e-1,-2.65442907810211182e-1,-1.32721453905105591e-1,2.29993907210883086e-2,1.14996953605441543e-2,-2.65392005443572998e-1,-1.32696002721786499e-1
160,8,6.66666666666666630e-1,7.84313725490196068e-2,1.76470588235294101e-1,-4.84981298446655273e-1,-2.42490649223327637e-1,4.20211661607026721e-2,2.10105830803513360e-2,-4.84888285398483276e-1,-2.42444142699241638e-1
160,9,7.45098039215686292e-1,7.84313725490196068e-2,1.76470588235294101e-1,-6.75223886966705322e-1,-3.37611943483352661e-1,5.85037412121892086e-2,2.92518706060946043e-2,-6.75094366073608398e-1,-3.37547183036804199e-1
160,10,8.23529411764705843e-1,7.84313725490196068e-2,1.76470588235294101e-1,-8.24679553508758545e-1,-4.12339776754379272e-1,7.14482596144080107e-2,3.57241298072040053e-2,-8.24521422386169434e-1,-4.12260711193084717e-1
160,11,9.01960784313725505e-1,7.84313725490196068e-2,1.76470588235294101e-1,-9.24323797225952148e-1,-4.62161898612976074e-1,8.00616659224033383e-2,4.00308329612016692e-2,-9.24146592617034912e-1,-4.62073296308517456e-1
160,12,9.80392156862745057e-1,5.88235294117647189e-2,1.32352941176470618e-1,-9.68151628971099854e-1,-4.84075814485549927e-1,6.28655461594462422e-2,3.14327730797231211e-2,-9.67966079711914062e-1,-4.83983039855957031e-1
161,0,3.92156862745098034e-2,7.84313725490196068e-2,1.76470588235294101e-1,9.62426006793975830e-1,4.81213003396987915e-1,-8.33894038572907392e-2,-4.16947019286453696e-2,9.62241411209106445e-1,4.81120705604553223e-1
161,1,1.17647058823529410e-1,7.84313725490196068e-2,1.76470588235294101e-1,9.04289603233337402e-1,4.52144801616668701e-1,-7.83521851524710544e-2,-3.91760925762355272e-2,9.04116153717041016e-1,4.52058076858520508e-1
161,2,1.96078431372549017e-1,7.84313725490196068e-2,1.76470588235294101e-1,7.91528582572937012e-1,3.95764291286468506e-1,-6.85822824016213417e-2,-3.42911412008106709e-2,7.91376769542694092e-1,3.95688384771347046e-1
161,3,2.74509803921568651e-1,7.84313725490196068e-2,1.76470588235294101e-1,6.30954205989837646e-1,3.15477102994918823e-1,-5.46688017435371931e-2,-2.73344008717685966e-2,6.30833208560943604e-1,3.15416604280471802e-1
161,4,3.52941176470588203e-1,7.84313725490196068e-2,1.76470588235294101e-1,4.32266503572463989e-1,2.16133251786231995e-1,-3.74537233728915453e-2,-1.87268616864457726e-2,4.32183593511581421e-1,2.16091796755790710e-1
161,5,4.31372549019607865e-1,7.84313725490196068e-2,1.76470588235294101e-1,2.07467272877693176e-1,1.03733636438846588e-1,-1.79761558596510662e-2,-8.98807792982553311e-3,2.07427486777305603e-1,1.03713743388652802e-1
161,6,5.09803921568627416e-1,7.84313725490196068e-2,1.76470588235294101e-1,-2.98643540591001511e-2,-1.49321770295500755e-2,2.58757743285970010e-3,1.29378871642985005e-3,-2.98586264252662659e-2,-1.49293132126331329e-2
161,7,5.88235294117647078e-1,7.84313725490196068e-2,1.76470588235294101e-1,-2.65392005443572998e-1,-1.32696002721786499e-1,2.29949983942788205e-2,1.14974991971394103e-2,-2.65341103076934814e-1,-1.32670551538467407e-1
161,8,6.66666666666666630e-1,7.84313725490196068e-2,1.76470588235294101e-1,-4.84888285398483276e-1,-2.42444142699241638e-1,4.20131295919418113e-2,2.10065647959709056e-2,-4.84795302152633667e-1,-2.42397651076316833e-1
161,9,7.45098039215686292e-1,7.84313725490196068e-2,1.76470588235294101e-1,-6.75094366073608398e-1,-3.37547183036804199e-1,5.84924130700528733e-2,2.92462065350264366e-2,-6.74964904785156250e-1,-3.37482452392578125e-1
161,10,8.23529411764705843e-1,7.84313725490196068e-2,1.76470588235294101e-1,-8.24521422386169434e-1,-4.12260711193084717e-1,7.14345803484320585e-2,3.57172901742160293e-2,-8.24363291263580322e-1,-4.12181645631790161e-1
161,11,9.01960784313725505e-1,7.84313725490196068e-2,1.76470588235294101e-1,-9.24146592617034912e-1,-4.62073296308517456e-1,8.00462767481803922e-2,4.00231383740901961e-2,-9.23969388008117676e-1,-4.61984694004058838e-1
161,12,9.80392156862745057e-1,5.88235294117647189e-2,1.32352941176470618e-1,-9.67966079711914062e-1,-4.83983039855957031e-1,6.28535768017172841e-2,3.14267884008586421e-2,-9.67780590057373047e-1,-4.83890295028686523e-1
162,0,3.92156862745098034e-2,7.84313725490196068e-2,1.76470588235294101e-1,9.62241411209106445e-1,4.81120705604553223e-1,-8.33734162151813507e-2,-4.16867081075906754e-2,9.62056875228881836e-1,4.81028437614440918e-1
162,1,1.17647058823529410e-1,7.84313725490196068e-2,1.76470588235294101e-1,9.04116153717041016e-1,4.52058076858520508e-1,-7.83371379598975237e-2,-3.91685689799487619e-2,9.03942763805389404e-1,4.51971381902694702e-1
162,2,1.96078431372549017e-1,7.84313725490196068e-2,1.76470588235294101e-1,7.91376769542694092e-1,3.95688384771347046e-1,-6.85691161081194711e-2,-3.42845580540597356e-2,7.91225016117095947e-1,3.95612508058547974e-1
162,3,2.74509803921568651e-1,7.84313725490196068e-2,1.76470588235294101e-1,6.30833208560943604e-1,3.15416604280471802e-1,-5.46583713032305352e-2,-2.73291856516152676e-2,6.30712211132049561e-1,3.15356105566024780e-1
162,4,3.52941176470588203e-1,7.84313725490196068e-2,1.76470588235294101e-1,4.32183593511581421e-1,2.16091796755790710e-1,-3.74464990105479734e-2,-1.87232495052739867e-2,4.32100713253021240e-1,2.16050356626510620e-1
162,5,4.31372549019607865e-1,7.84313725490196068e-2,1.76470588235294101e-1,2.07427486777305603e-1,1.03713743388652802e-1,-1.79727280279621815e-2,-8.98636401398109075e-3,2.07387700676918030e-1,1.03693850338459015e-1
162,6,5.09803921568627416e-1,7.84313725490196068e-2,1.76470588235294101e-1,-2.98586264252662659e-2,-1.49293132126331329e-2,2.58709117770195007e-3,1.29354558885097504e-3,-2.98529006540775299e-2,-1.49264503270387650e-2
162,7,5.88235294117647078e-1,7.84313725490196068e-2,1.76470588235294101e-1,-2.65341103076934814e-1,-1.32670551538467407e-1,2.29905606480315661e-2,1.14952803240157830e-2,-2.65290200710296631e-1,-1.32645100355148315e-1
162,8,6.66666666666666630e-1,7.84313725490196068e-2,1.76470588235294101e-1,-4.84795302152633667e-1,-2.42397651076316833e-1,4.20050930231809505e-2,2.10025465115904753e-2,-4.84702318906784058e-1,-2.42351159453392029e-1
162,9,7.45098039215686292e-1,7.84313725490196068e-2,1.76470588235294101e-1,-6.74964904785156250e-1,-3.37482452392578125e-1,5.84812131710350513e-2,2.92406065855175257e-2,-6.74835443496704102e-1,-3.37417721748352051e-1
162,10,8.23529411764705843e-1,7.84313725490196068e-2,1.76470588235294101e-1,-8.24363291263580322e-1,-4.12181645631790161e-1,7.14208155870437456e-2,3.57104077935218728e-2,-8.24205219745635986e-1,-4.12102609872817993e-1
162,11,9.01960784313725505e-1,7.84313725490196068e-2,1.76470588235294101e-1,-9.23969388008117676e-1,-4.61984694004058838e-1,8.00308020785450991e-2,4.00154010392725495e-2,-9.23792243003845215e-1,-4.61896121501922607e-1
162,12,9.80392156862745057e-1,5.88235294117647189e-2,1.32352941176470618e-1,-9.67780590057373047e-1,-4.83890295028686523e-1,6.28416929394006729e-2,3.14208464697003365e-2,-9.67595100402832031e-1,-4.83797550201416016e-1
163,0,3.92156862745098034e-2,7.84313725490196068e-2,1.76470588235294101e-1,9.62056875228881836e-1,4.81028437614440918e-1,-8.33574285730719483e-2,-4.16787142865359742e-2,9.61872339248657227e-1,4.80936169624328613e-1
163,1,1.17647058823529410e-1,7.84313725490196068e-2,1.76470588235294101e-1,9.03942763805389404e-1,4.51971381902694702e-1,-7.83220907673239791e-2,-3.91610453836619896e-2,9.03769373893737793e-1,4.51884686946868896e-1
163,2,1.96078431372549017e-1,7.84313725490196068e-2,1.76470588235294101e-1,7.91225016117095947e-1,3.95612508058547974e-1,-6.85560353100299891e-2,-3.42780176550149945e-2,7.91073262691497803e-1,3.95536631345748901e-1
163,3,2.74509803921568651e-1,7.84313725490196068e-2,1.76470588235294101e-1,6.30712211132049561e-1,3.15356105566024780e-1,-5.46478126198053082e-2,-2.73239063099026541e-2,6.30591273307800293e-1,3.15295636653900146e-1
163,4,3.52941176470588203e-1,7.84313725490196068e-2,1.76470588235294101e-1,4.32100713253021240e-1,2.16050356626510620e-1,-3.74393601436168177e-2,-1.87196800718084089e-2,4.32017832994461060e-1,2.16008916497230530e-1
163,5,4.31372549019607865e-1,7.84313725490196068e-2,1.76470588235294101e-1,2.07387700676918030e-1,1.03693850338459015e-1,-1.79692601202987023e-2,-8.98463006014935117e-3,2.07347929477691650e-1,1.03673964738845825e-1
163,6,5.09803921568627416e-1,7.84313725490196068e-2,1.76470588235294101e-1,-2.98529006540775299e-2,-1.49264503270387650e-2,2.58661026600748301e-3,1.29330513300374150e-3,-2.98471748828887939e-2,-1.49235874414443970e-2
163,7,5.88235294117647078e-1,7.84313725490196068e-2,1.76470588235294101e-1,-2.65290200710296631e-1,-1.32645100355148315e-1,2.29861202300526424e-2,1.14930601150263212e-2,-2.65239328145980835e-1,-1.32619664072990417e-1
163,8,6.66666666666666630e-1,7.84313725490196068e-2,1.76470588235294101e-1,-4.84702318906784058e-1,-2.42351159453392029e-1,4.19970564544200897e-2,2.09985282272100449e-2,-4.84609365463256836e-1,-2.42304682731628418e-1
163,9,7.45098039215686292e-1,7.84313725490196068e-2,1.76470588235294101e-1,-6.74835443496704102e-1,-3.37417721748352051e-1,5.84699277766048686e-2,2.92349638883024343e-2,-6.74706041812896729e-1,-3.37353020906448364e-1
163,10,8.23529411764705843e-1,7.84313725490196068e-2,1.76470588235294101e-1,-8.24205219745635986e-1,-4.12102609872817993e-1,7.14071363210677934e-2,3.57035681605338967e-2,-8.24047148227691650e-1,-4.12023574113845825e-1
163,11,9.01960784313725505e-1,7.84313725490196068e-2,1.76470588235294101e-1,-9.23792243003845215e-1,-4.61896121501922607e-1,8.00154129043221529e-2,4.00077064521610765e-2,-9.23615097999572754e-1,-4.61807548999786377e-1
163,12,9.80392156862745057e-1,5.88235294117647189e-2,1.32352941176470618e-1,-9.67595100402832031e-1,-4.83797550201416016e-1,6.28297235816717148e-2,3.14148617908358574e-2,-9.67409670352935791e-1,-4.83704835176467896e-1
164,0,3.92156862745098034e-2,7.84313725490196068e-2,1.76470588235294101e-1,9.61872339248657227e-1,4.80936169624328613e-1,-8.33414409309625598e-2,-4.16707204654812799e-2,9.61687862873077393e-1,4.80843931436538696e-1
164,1,1.17647058823529410e-1,7.84313725490196068e-2,1.76470588235294101e-1,9.03769373893737793e-1,4.51884686946868896e-1,-7.83070435747504207e-2,-3.91535217873752103e-2,9.03596043586730957e-1,4.51798021793365479e-1
164,2,1.96078431372549017e-1,7.84313725490196068e-2,1.76470588235294101e-1,7.91073262691497803e-1,3.95536631345748901e-1,-6.85428690165281185e-2,-3.42714345082640592e-2,7.90921568870544434e-1,3.95460784435272217e-1
164,3,2.74509803921568651e-1,7.84313725490196068e-2,1.76470588235294101e-1,6.30591273307800293e-1,3.15295636653900146e-1,-5.46374249272048307e-2,-2.73187124636024153e-2,6.30470335483551025e-1,3.15235167741775513e-1
164,4,3.52941176470588203e-1,7.84313725490196068e-2,1.76470588235294101e-1,4.32017832994461060e-1,2.16008916497230530e-1,-3.74321144074201695e-2,-1.87160572037100847e-2,4.31934982538223267e-1,2.15967491269111633e-1
164,5,4.31372549019607865e-1,7.84313725490196068e-2,1.76470588235294101e-1,2.07347929477691650e-1,1.03673964738845825e-1,-1.79658349603414869e-2,-8.98291748017074343e-3,2.07308158278465271e-1,1.03654079139232635e-1
164,6,5.09803921568627416e-1,7.84313725490196068e-2,1.76470588235294101e-1,-2.98471748828887939e-2,-1.49235874414443970e-2,2.58610798045993961e-3,1.29305399022996981e-3,-2.98414509743452072e-2,-1.49207254871726036e-2
164,7,5.88235294117647078e-1,7.84313725490196068e-2,1.76470588235294101e-1,-2.65239328145980835e-1,-1.32619664072990417e-1,2.29817225597798713e-2,1.14908612798899357e-2,-2.65188455581665039e-1,-1.32594227790832520e-1
164,8,6.66666666666666630e-1,7.84313725490196068e-2,1.76470588235294101e-1,-4.84609365463256836e-1,-2.42304682731628418e-1,4.19889771379530763e-2,2.09944885689765381e-2,-4.84516412019729614e-1,-2.42258206009864807e-1
164,9,7.45098039215686292e-1,7.84313725490196068e-2,1.76470588235294101e-1,-6.74706041812896729e-1,-3.37353020906448364e-1,5.84587706252932271e-2,2.92293853126466135e-2,-6.74576640129089355e-1,-3.37288320064544678e-1
164,10,8.23529411764705843e-1,7.84313725490196068e-2,1.76470588235294101e-1,-8.24047148227691650e-1,-4.12023574113845825e-1,7.13933715596795082e-2,3.56966857798397541e-2,-8.23889136314392090e-1,-4.11944568157196045e-1
164,11,9.01960784313725505e-1,7.84313725490196068e-2,1.76470588235294101e-1,-9.23615097999572754e-1,-4.61807548999786377e-1,7.99999382346868598e-2,3.99999691173434299e-2,-9.23438012599945068e-1,-4.61719006299972534e-1
164,12,9.80392156862745057e-1,5.88235294117647189e-2,1.32352941176470618e-1,-9.67409670352935791e-1,-4.83704835176467896e-1,6.28178397193551036e-2,3.14089198596775518e-2,-9.67224299907684326e-1,-4.83612149953842163e-1
165,0,3.92156862745098034e-2,7.84313725490196068e-2,1.76470588235294101e-1,9.61687862873077393e-1,4.80843931436538696e-1,-8.33254532888531713e-2,-4.16627266444265856e-2,9.61503446102142334e-1,4.80751723051071167e-1
165,1,1.17647058823529410e-1,7.84313725490196068e-2,1.76470588235294101e-1,9.03596043586730957e-1,4.51798021793365479e-1,-7.82919963821768622e-2,-3.91459981910884311e-2,9.03422713279724121e-1,4.51711356639862061e-1
165,2,1.96078431372549017e-1,7.84313725490196068e-2,1.76470588235294101e-1,7.90921568870544434e-1,3.95460784435272217e-1,-6.85297882184386364e-2,-3.42648941092193182e-2,7.90769875049591064e-1,3.95384937524795532e-1
165,3,2.74509803921568651e-1,7.84313725490196068e-2,1.76470588235294101e-1,6.30470335483551025e-1,3.15235167741775513e-1,-5.46269089914858119e-2,-2.73134544957429060e-2,6.30349397659301758e-1,3.15174698829650879e-1
165,4,3.52941176470588203e-1,7.84313725490196068e-2,1.76470588235294101e-1,4.31934982538223267e-1,2.15967491269111633e-1,-3.74249541666358820e-2,-1.87124770833179410e-2,4.31852132081985474e-1,2.15926066040992737e-1
165,5,4.31372549019607865e-1,7.84313725490196068e-2,1.76470588235294101e-1,2.07308158278465271e-1,1.03654079139232635e-1,-1.79623697244096769e-2,-8.98118486220483847e-3,2.07268401980400085e-1,1.03634200990200043e-1
165,6,5.09803921568627416e-1,7.84313725490196068e-2,1.76470588235294101e-1,-2.98414509743452072e-2,-1.49207254871726036e-2,2.58561103837567918e-3,1.29280551918783959e-3,-2.98357270658016205e-2,-1.49178635329008102e-2
165,7,5.88235294117647078e-1,7.84313725490196068e-2,1.76470588235294101e-1,-2.65188455581665039e-1,-1.32594227790832520e-1,2.29773222177754866e-2,1.14886611088877433e-2,-2.65137583017349243e-1,-1.32568791508674622e-1
165,8,6.66666666666666630e-1,7.84313725490196068e-2,1.76470588235294101e-1,-4.84516412019729614e-1,-2.42258206009864807e-1,4.19808978214860073e-2,2.09904489107430037e-2,-4.84423488378524780e-1,-2.42211744189262390e-1
165,9,7.45098039215686292e-1,7.84313725490196068e-2,1.76470588235294101e-1,-6.74576640129089355e-1,-3.37288320064544678e-1,5.84475279785692525e-2,2.92237639892846263e-2,-6.74447238445281982e-1,-3.37223619222640991e-1
165,10,8.23529411764705843e-1,7.84313725490196068e-2,1.76470588235294101e-1,-8.23889136314392090e-1,-4.11944568157196045e-1,7.13796922937035561e-2,3.56898461468517780e-2,-8.23731124401092529e-1,-4.11865562200546265e-1
165,11,9.01960784313725505e-1,7.84313725490196068e-2,1.76470588235294101e-1,-9.23438012599945068e-1,-4.61719006299972534e-1,7.99844635650515667e-2,3.99922317825257834e-2,-9.23260986804962158e-1,-4.61630493402481079e-1
165,12,9.80392156862745057e-1,5.88235294117647189e-2,1.32352941176470618e-1,-9.67224299907684326e-1,-4.83612149953842163e-1,6.28059558570384924e-2,3.14029779285192462e-2,-9.67038929462432861e-1,-4.83519464731216431e-1
166,0,3.92156862745098034e-2,7.84313725490196068e-2,1.76470588235294101e-1,9.61503446102142334e-1,4.80751723051071167e-1,-8.33095511421561158e-2,-4.16547755710780579e-2,9.61319029331207275e-1,4.80659514665603638e-1
166,1,1.17647058823529410e-1,7.84313725490196068e-2,1.76470588235294101e-1,9.03422713279724121e-1,4.51711356639862061e-1,-7.82768636941909707e-2,-3.91384318470954853e-2,9.03249442577362061e-1,4.51624721288681030e-1
166,2,1.96078431372549017e-1,7.84313725490196068e-2,1.76470588235294101e-1,7.90769875049591064e-1,3.95384937524795532e-1,-6.85167074203491266e-2,-3.42583537101745633e-2,7.90618181228637695e-1,3.95309090614318848e-1
166,3,2.74509803921568651e-1,7.84313725490196068e-2,1.76470588235294101e-1,6.30349397659301758e-1,3.15174698829650879e-1,-5.46163930557668209e-2,-2.73081965278834105e-2,6.30228519439697266e-1,3.15114259719848633e-1
166,4,3.52941176470588203e-1,7.84313725490196068e-2,1.76470588235294101e-1,4.31852132081985474e-1,2.15926066040992737e-1,-3.74177725519985183e-2,-1.87088862759992591e-2,4.31769311428070068e-1,2.15884655714035034e-1
166,5,4.31372549019607865e-1,7.84313725490196068e-2,1.76470588235294101e-1,2.07268401980400085e-1,1.03634200990200043e-1,-1.79589472361840197e-2,-8.97947361809200983e-3,2.07228645682334900e-1,1.03614322841167450e-1
166,6,5.09803921568627416e-1,7.84313725490196068e-2,1.76470588235294101e-1,-2.98357270658016205e-2,-1.49178635329008102e-2,2.58513547014443956e-3,1.29256773507221978e-3,-2.98300050199031830e-2,-1.49150025099515915e-2
166,7,5.88235294117647078e-1,7.84313725490196068e-2,1.76470588235294101e-1,-2.65137583017349243e-1,-1.32568791508674622e-1,2.29728791280650047e-2,1.14864395640325023e-2,-2.65086740255355835e-1,-1.32543370127677917e-1
166,8,6.66666666666666630e-1,7.84313725490196068e-2,1.76470588235294101e-1,-4.84423488378524780e-1,-2.42211744189262390e-1,4.19729040004312992e-2,2.09864520002156496e-2,-4.84330564737319946e-1,-2.42165282368659973e-1
166,9,7.45098039215686292e-1,7.84313725490196068e-2,1.76470588235294101e-1,-6.74447238445281982e-1,-3.37223619222640991e-1,5.84362425841390698e-2,2.92181212920695349e-2,-6.74317896366119385e-1,-3.37158948183059692e-1
166,10,8.23529411764705843e-1,7.84313725490196068e-2,1.76470588235294101e-1,-8.23731124401092529e-1,-4.11865562200546265e-1,7.13659275323152709e-2,3.56829637661576354e-2,-8.23573172092437744e-1,-4.11786586046218872e-1
166,11,9.01960784313725505e-1,7.84313725490196068e-2,1.76470588235294101e-1,-9.23260986804962158e-1,-4.61630493402481079e-1,7.99691598862409536e-2,3.99845799431204768e-2,-9.23083961009979248e-1,-4.61541980504989624e-1
166,12,9.80392156862745057e-1,5.88235294117647189e-2,1.32352941176470618e-1,-9.67038929462432861e-1,-4.83519464731216431e-1,6.27939864993095342e-2,3.13969932496547671e-2,-9.66853618621826172e-1,-4.83426809310913086e-1
167,0,3.92156862745098034e-2,7.84313725490196068e-2,1.76470588235294101e-1,9.61319029331207275e-1,4.80659514665603638e-1,-8.32935635000467273e-2,-4.16467817500233636e-2,9.61134672164916992e-1,4.80567336082458496e-1
167,1,1.17647058823529410e-1,7.84313725490196068e-2,1.76470588235294101e-1,9.03249442577362061e-1,4.51624721288681030e-1,-7.82619019970297730e-2,-3.91309509985148865e-2,9.03076231479644775e-1,4.51538115739822388e-1
167,2,1.96078431372549017e-1,7.84313725490196068e-2,1.76470588235294101e-1,7.90618181228637695e-1,3.95309090614318848e-1,-6.85034556314349230e-2,-3.42517278157174615e-2,7.90466547012329102e-1,3.95233273506164551e-1
167,3,2.74509803921568651e-1,7.84313725490196068e-2,1.76470588235294101e-1,6.30228519439697266e-1,3.15114259719848633e-1,-5.46060053631663156e-2,-2.73030026815831578e-2,6.30107641220092773e-1,3.15053820610046387e-1
167,4,3.52941176470588203e-1,7.84313725490196068e-2,1.76470588235294101e-1,4.31769311428070068e-1,2.15884655714035034e-1,-3.74105909373611545e-2,-1.87052954686805772e-2,4.31686490774154663e-1,2.15843245387077332e-1
167,5,4.31372549019607865e-1,7.84313725490196068e-2,1.76470588235294101e-1,2.07228645682334900e-1,1.03614322841167450e-1,-1.79554846719838235e-2,-8.97774233599191174e-3,2.07188904285430908e-1,1.03594452142715454e-1
167,6,5.09803921568627416e-1,7.84313725490196068e-2,1.76470588235294101e-1,-2.98300050199031830e-2,-1.49150025099515915e-2,2.58462249767033025e-3,1.29231124883516513e-3,-2.98242829740047455e-2,-1.49121414870023727e-2
167,7,5.88235294117647078e-1,7.84313725490196068e-2,1.76470588235294101e-1,-2.65086740255355835e-1,-1.32543370127677917e-1,2.29685188620351033e-2,1.14842594310175516e-2,-2.65035897493362427e-1,-1.32517948746681213e-1
167,8,6.66666666666666630e-1,7.84313725490196068e-2,1.76470588235294101e-1,-4.84330564737319946e-1,-2.42165282368659973e-1,4.19647819362580776e-2,2.09823909681290388e-2,-4.84237670898437500e-1,-2.42118835449218750e-1
167,9,7.45098039215686292e-1,7.84313725490196068e-2,1.76470588235294101e-1,-6.74317896366119385e-1,-3.37158948183059692e-1,5.84250426851213034e-2,2.92125213425606517e-2,-6.74188554286956787e-1,-3.37094277143478394e-1
167,10,8.23529411764705843e-1,7.84313725490196068e-2,1.76470588235294101e-1,-8.23573172092437744e-1,-4.11786586046218872e-1,7.13522482663393187e-2,3.56761241331696594e-2,-8.23415219783782959e-1,-4.11707609891891479e-1
167,11,9.01960784313725505e-1,7.84313725490196068e-2,1.76470588235294101e-1,-9.23083961009979248e-1,-4.61541980504989624e-1,7.99536852166056605e-2,3.99768426083028303e-2,-9.22906994819641113e-1,-4.61453497409820557e-1
167,12,9.80392156862745057e-1,5.88235294117647189e-2,1.32352941176470618e-1,-9.66853618621826172e-1,-4.83426809310913086e-1,6.27821026369929230e-2,3.13910513184964615e-2,-9.66668307781219482e-1,-4.83334153890609741e-1
168,0,3.92156862745098034e-2,7.84313725490196068e-2,1.76470588235294101e-1,9.61134672164916992e-1,4.80567336082458496e-1,-8.32775758579373387e-2,-4.16387879289686694e-2,9.60950314998626709e-1,4.80475157499313354e-1
168,1,1.17647058823529410e-1,7.84313725490196068e-2,1.76470588235294101e-1,9.03076231479644775e-1,4.51538115739822388e-1,-7.82469402998685754e-2,-3.91234701499342877e-2,9.02903020381927490e-1,4.51451510190963745e-1
168,2,1.96078431372549017e-1,7.84313725490196068e-2,1.76470588235294101e-1,7.90466547012329102e-1,3.95233273506164551e-1,-6.84902893379330524e-2,-3.42451446689665262e-2,7.90314912796020508e-1,3.95157456398010254e-1
168,3,2.74509803921568651e-1,7.84313725490196068e-2,1.76470588235294101e-1,6.30107641220092773e-1,3.15053820610046387e-1,-5.45955321751534772e-2,-2.72977660875767386e-2,6.29986763000488281e-1,3.14993381500244141e-1
168,4,3.52941176470588203e-1,7.84313725490196068e-2,1.76470588235294101e-1,4.31686490774154663e-1,2.15843245387077332e-1,-3.74033879488706589e-2,-1.87016939744353294e-2,4.31603699922561646e-1,2.15801849961280823e-1
168,5,4.31372549019607865e-1,7.84313725490196068e-2,1.76470588235294101e-1,2.07188904285430908e-1,1.03594452142715454e-1,-1.79520648554898909e-2,-8.97603242774494547e-3,2.07149162888526917e-1,1.03574581444263458e-1
168,6,5.09803921568627416e-1,7.84313725490196068e-2,1.76470588235294101e-1,-2.98242829740047455e-2,-1.49121414870023727e-2,2.58413089904935278e-3,1.29206544952467639e-3,-2.98185627907514572e-2,-1.49092813953757286e-2
168,7,5.88235294117647078e-1,7.84313725490196068e-2,1.76470588235294101e-1,-2.65035897493362427e-1,-1.32517948746681213e-1,2.29641158482991048e-2,1.14820579241495524e-2,-2.64985054731369019e-1,-1.32492527365684509e-1
168,8,6.66666666666666630e-1,7.84313725490196068e-2,1.76470588235294101e-1,-4.84237670898437500e-1,-2.42118835449218750e-1,4.19567453674972168e-2,2.09783726837486084e-2,-4.84144806861877441e-1,-2.42072403430938721e-1
168,9,7.45098039215686292e-1,7.84313725490196068e-2,1.76470588235294101e-1,-6.74188554286956787e-1,-3.37094277143478394e-1,5.84138000383972733e-2,2.92069000191986367e-2,-6.74059271812438965e-1,-3.37029635906219482e-1
168,10,8.23529411764705843e-1,7.84313725490196068e-2,1.76470588235294101e-1,-8.23415219783782959e-1,-4.11707609891891479e-1,7.13384835049510058e-2,3.56692417524755029e-2,-8.23257327079772949e-1,-4.11628663539886475e-1
168,11,9.01960784313725505e-1,7.84313725490196068e-2,1.76470588235294101e-1,-9.22906994819641113e-1,-4.61453497409820557e-1,7.99383815377950752e-2,3.99691907688975376e-2,-9.22730028629302979e-1,-4.61365014314651489e-1
168,12,9.80392156862745057e-1,5.88235294117647189e-2,1.32352941176470618e-1,-9.66668307781219482e-1,-4.83334153890609741e-1,6.27701332792639649e-2,3.13850666396319825e-2,-9.66483056545257568e-1,-4.83241528272628784e-1
169,0,3.92156862745098034e-2,7.84313725490196068e-2,1.76470588235294101e-1,9.60950314998626709e-1,4.80475157499313354e-1,-8.32615882158279363e-2,-4.16307941079139682e-2,9.60766017436981201e-1,4.80383008718490601e-1
169,1,1.17647058823529410e-1,7.84313725490196068e-2,1.76470588235294101e-1,9.02903020381927490e-1,4.51451510190963745e-1,-7.82319786027073916e-2,-3.91159893013536958e-2,9.02729868888854980e-1,4.51364934444427490e-1
169,2,1.96078431372549017e-1,7.84313725490196068e-2,1.76470588235294101e-1,7.90314912796020508e-1,3.95157456398010254e-1,-6.84771230444312096e-2,-3.42385615222156048e-2,7.90163338184356689e-1,3.95081669092178345e-1
169,3,2.74509803921568651e-1,7.84313725490196068e-2,1.76470588235294101e-1,6.29986763000488281e-1,3.14993381500244141e-1,-5.45850162394344585e-2,-2.72925081197172292e-2,6.29865944385528564e-1,3.14932972192764282e-1
169,4,3.52941176470588203e-1,7.84313725490196068e-2,1.76470588235294101e-1,4.31603699922561646e-1,2.15801849961280823e-1,-3.73962704557925796e-2,-1.86981352278962898e-2,4.31520909070968628e-1,2.15760454535484314e-1
169,5,4.31372549019607865e-1,7.84313725490196068e-2,1.76470588235294101e-1,2.07149162888526917e-1,1.03574581444263458e-1,-1.79486049630213085e-2,-8.97430248151065424e-3,2.07109436392784119e-1,1.03554718196392059e-1
169,6,5.09803921568627416e-1,7.84313725490196068e-2,1.76470588235294101e-1,-2.98185627907514572e-2,-1.49092813953757286e-2,2.58364464389160275e-3,1.29182232194580138e-3,-2.98128444701433182e-2,-1.49064222350716591e-2
169,7,5.88235294117647078e-1,7.84313725490196068e-2,1.76470588235294101e-1,-2.64985054731369019e-1,-1.32492527365684509e-1,2.29596674151252844e-2,1.14798337075626422e-2,-2.64934241771697998e-1,-1.32467120885848999e-1
169,8,6.66666666666666630e-1,7.84313725490196068e-2,1.76470588235294101e-1,-4.84144806861877441e-1,-2.42072403430938721e-1,4.19487087987363005e-2,2.09743543993681503e-2,-4.84051942825317383e-1,-2.42025971412658691e-1
169,9,7.45098039215686292e-1,7.84313725490196068e-2,1.76470588235294101e-1,-6.74059271812438965e-1,-3.37029635906219482e-1,5.84026001393795069e-2,2.92013000696897534e-2,-6.73929989337921143e-1,-3.36964994668960571e-1
169,10,8.23529411764705843e-1,7.84313725490196068e-2,1.76470588235294101e-1,-8.23257327079772949e-1,-4.11628663539886475e-1,7.13248042389750536e-2,3.56624021194875268e-2,-8.23099434375762939e-1,-4.11549717187881470e-1
169,11,9.01960784313725505e-1,7.84313725490196068e-2,1.76470588235294101e-1,-9.22730028629302979e-1,-4.61365014314651489e-1,7.99229068681597682e-2,3.99614534340798841e-2,-9.22553122043609619e-1,-4.61276561021804810e-1
169,12,9.80392156862745057e-1,5.88235294117647189e-2,1.32352941176470618e-1,-9.66483056545257568e-1,-4.83241528272628784e-1,6.27582494169473676e-2,3.13791247084736838e-2,-9.66297805309295654e-1,-4.83148902654647827e-1
170,0,3.92156862745098034e-2,7.84313725490196068e-2,1.76470588235294101e-1,9.60766017436981201e-1,4.80383008718490601e-1,-8.32456005737185478e-2,-4.16228002868592739e-2,9.60581779479980469e-1,4.80290889739990234e-1
170,1,1.17647058823529410e-1,7.84313725490196068e-2,1.76470588235294101e-1,9.02729868888854980e-1,4.51364934444427490e-1,-7.82170169055461939e-2,-3.91085084527730970e-2,9.02556717395782471e-1,4.51278358697891235e-1
170,2,1.96078431372549017e-1,7.84313725490196068e-2,1.76470588235294101e-1,7.90163338184356689e-1,3.95081669092178345e-1,-6.84639567509293390e-2,-3.42319783754646695e-2,7.90011763572692871e-1,3.95005881786346436e-1
170,3,2.74509803921568651e-1,7.84313725490196068e-2,1.76470588235294101e-1,6.29865944385528564e-1,3.14932972192764282e-1,-5.45745857991278283e-2,-2.72872928995639141e-2,6.29745125770568848e-1,3.14872562885284424e-1
170,4,3.52941176470588203e-1,7.84313725490196068e-2,1.76470588235294101e-1,4.31520909070968628e-1,2.15760454535484314e-1,-3.73890460934490076e-2,-1.86945230467245038e-2,4.31438148021697998e-1,2.15719074010848999e-1
170,5,4.31372549019607865e-1,7.84313725490196068e-2,1.76470588235294101e-1,2.07109436392784119e-1,1.03554718196392059e-1,-1.79451904899906034e-2,-8.97259524499530170e-3,2.07069709897041321e-1,1.03534854948520660e-1
170,6,5.09803921568627416e-1,7.84313725490196068e-2,1.76470588235294101e-1,-2.98128444701433182e-2,-1.49064222350716591e-2,2.58314235834405936e-3,1.29157117917202968e-3,-2.98071261495351791e-2,-1.49035630747675896e-2
170,7,5.88235294117647078e-1,7.84313725490196068e-2,1.76470588235294101e-1,-2.64934241771697998e-1,-1.32467120885848999e-1,2.29553018056321556e-2,1.14776509028160778e-2,-2.64883428812026978e-1,-1.32441714406013489e-1
170,8,6.66666666666666630e-1,7.84313725490196068e-2,1.76470588235294101e-1,-4.84051942825317383e-1,-2.42025971412658691e-1,4.19406294822692871e-2,2.09703147411346436e-2,-4.83959108591079712e-1,-2.41979554295539856e-1
170,9,7.45098039215686292e-1,7.84313725490196068e-2,1.76470588235294101e-1,-6.73929989337921143e-1,-3.36964994668960571e-1,5.83914002403616850e-2,2.91957001201808425e-2,-6.73800766468048096e-1,-3.36900383234024048e-1
170,10,8.23529411764705843e-1,7.84313725490196068e-2,1.76470588235294101e-1,-8.23099434375762939e-1,-4.11549717187881470e-1,7.13110394775867684e-2,3.56555197387933842e-2,-8.22941601276397705e-1,-4.11470800638198853e-1
170,11,9.01960784313725505e-1,7.84313725490196068e-2,1.76470588235294101e-1,-9.22553122043609619e-1,-4.61276561021804810e-1,7.99076031893491551e-2,3.99538015946745775e-2,-9.22376215457916260e-1,-4.61188107728958130e-1
170,12,9.80392156862745057e-1,5.88235294117647189e-2,1.32352941176470618e-1,-9.66297805309295654e-1,-4.83148902654647827e-1,6.27462800592184095e-2,3.13731400296092047e-2,-9.66112613677978516e-1,-4.83056306838989258e-1
171,0,3.92156862745098034e-2,7.84313725490196068e-2,1.76470588235294101e-1,9.60581779479980469e-1,4.80290889739990234e-1,-8.32296984270215062e-2,-4.16148492135107531e-2,9.60397541522979736e-1,4.80198770761489868e-1
171,1,1.17647058823529410e-1,7.84313725490196068e-2,1.76470588235294101e-1,9.02556717395782471e-1,4.51278358697891235e-1,-7.82019697129726216e-2,-3.91009848564863108e-2,9.02383625507354736e-1,4.51191812753677368e-1
171,2,1.96078431372549017e-1,7.84313725490196068e-2,1.76470588235294101e-1,7.90011763572692871e-1,3.95005881786346436e-1,-6.84507904574275239e-2,-3.42253952287137619e-2,7.89860248565673828e-1,3.94930124282836914e-1
171,3,2.74509803921568651e-1,7.84313725490196068e-2,1.76470588235294101e-1,6.29745125770568848e-1,3.14872562885284424e-1,-5.45641126111149621e-2,-2.72820563055574811e-2,6.29624366760253906e-1,3.14812183380126953e-1
171,4,3.52941176470588203e-1,7.84313725490196068e-2,1.76470588235294101e-1,4.31438148021697998e-1,2.15719074010848999e-1,-3.73819072265177965e-2,-1.86909536132588983e-2,4.31355386972427368e-1,2.15677693486213684e-1
171,5,4.31372549019607865e-1,7.84313725490196068e-2,1.76470588235294101e-1,2.07069709897041321e-1,1.03534854948520660e-1,-1.79417332692537457e-2,-8.97086663462687284e-3,2.07029998302459717e-1,1.03514999151229858e-1
171,6,5.09803921568627416e-1,7.84313725490196068e-2,1.76470588235294101e-1,-2.98071261495351791e-2,-1.49035630747675896e-2,2.58264007279651597e-3,1.29132003639825799e-3,-2.98014096915721893e-2,-1.49007048457860947e-2
171,7,5.88235294117647078e-1,7.84313725490196068e-2,1.76470588235294101e-1,-2.64883428812026978e-1,-1.32441714406013489e-1,2.29508934484328742e-2,1.14754467242164371e-2,-2.64832615852355957e-1,-1.32416307926177979e-1
171,8,6.66666666666666630e-1,7.84313725490196068e-2,1.76470588235294101e-1,-4.83959108591079712e-1,-2.41979554295539856e-1,4.19325501658022737e-2,2.09662750829011368e-2,-4.83866274356842041e-1,-2.41933137178421021e-1
171,9,7.45098039215686292e-1,7.84313725490196068e-2,1.76470588235294101e-1,-6.73800766468048096e-1,-3.36900383234024048e-1,5.83802430890500157e-2,2.91901215445250078e-2,-6.73671543598175049e-1,-3.36835771799087524e-1
171,10,8.23529411764705843e-1,7.84313725490196068e-2,1.76470588235294101e-1,-8.22941601276397705e-1,-4.11470800638198853e-1,7.12973602116108163e-2,3.56486801058054081e-2,-8.22783768177032471e-1,-4.11391884088516235e-1
171,11,9.01960784313725505e-1,7.84313725490196068e-2,1.76470588235294101e-1,-9.22376215457916260e-1,-4.61188107728958130e-1,7.98921285197138620e-2,3.99460642598569310e-2,-9.22199368476867676e-1,-4.61099684238433838e-1
171,12,9.80392156862745057e-1,5.88235294117647189e-2,1.32352941176470618e-1,-9.66112613677978516e-1,-4.83056306838989258e-1,6.27343961969017982e-2,3.13671980984508991e-2,-9.65927481651306152e-1,-4.82963740825653076e-1
172,0,3.92156862745098034e-2,7.84313725490196068e-2,1.76470588235294101e-1,9.60397541522979736e-1,4.80198770761489868e-1,-8.32137107849121038e-2,-4.16068553924560519e-2,9.60213363170623779e-1,4.80106681585311890e-1
172,1,1.17647058823529410e-1,7.84313725490196068e-2,1.76470588235294101e-1,9.02383625507354736e-1,4.51191812753677368e-1,-7.81870080158114378e-2,-3.90935040079057189e-2,9.02210533618927002e-1,4.51105266809463501e-1
172,2,1.96078431372549017e-1,7.84313725490196068e-2,1.76470588235294101e-1,7.89860248565673828e-1,3.94930124282836914e-1,-6.84376241639256533e-2,-3.42188120819628266e-2,7.89708733558654785e-1,3.94854366779327393e-1
172,3,2.74509803921568651e-1,7.84313725490196068e-2,1.76470588235294101e-1,6.29624366760253906e-1,3.14812183380126953e-1,-5.45537249185144846e-2,-2.72768624592572423e-2,6.29503607749938965e-1,3.14751803874969482e-1
172,4,3.52941176470588203e-1,7.84313725490196068e-2,1.76470588235294101e-1,4.31355386972427368e-1,2.15677693486213684e-1,-3.73746614903211483e-2,-1.86873307451605741e-2,4.31272655725479126e-1,2.15636327862739563e-1
172,5,4.31372549019607865e-1,7.84313725490196068e-2,1.76470588235294101e-1,2.07029998302459717e-1,1.03514999151229858e-1,-1.79383214679546543e-2,-8.96916073397732716e-3,2.06990286707878113e-1,1.03495143353939056e-1
172,6,5.09803921568627416e-1,7.84313725490196068e-2,1.76470588235294101e-1,-2.98014096915721893e-2,-1.49007048457860947e-2,2.58216450456527635e-3,1.29108225228263818e-3,-2.97956932336091995e-2,-1.48978466168045998e-2
172,7,5.88235294117647078e-1,7.84313725490196068e-2,1.76470588235294101e-1,-2.64832615852355957e-1,-1.32416307926177979e-1,2.29464824195019790e-2,1.14732412097509895e-2,-2.64781832695007324e-1,-1.32390916347503662e-1
172,8,6.66666666666666630e-1,7.84313725490196068e-2,1.76470588235294101e-1,-4.83866274356842041e-1,-2.41933137178421021e-1,4.19244708493352047e-2,2.09622354246676024e-2,-4.83773469924926758e-1,-2.41886734962463379e-1
172,9,7.45098039215686292e-1,7.84313725490196068e-2,1.76470588235294101e-1,-6.73671543598175049e-1,-3.36835771799087524e-1,5.83690859377384019e-2,2.91845429688692010e-2,-6.73542320728302002e-1,-3.36771160364151001e-1
172,10,8.23529411764705843e-1,7.84313725490196068e-2,1.76470588235294101e-1,-8.22783768177032471e-1,-4.11391884088516235e-1,7.12835954502225033e-2,3.56417977251112517e-2,-8.22625994682312012e-1,-4.11312997341156006e-1
172,11,9.01960784313725505e-1,7.84313725490196068e-2,1.76470588235294101e-1,-9.22199368476867676e-1,-4.61099684238433838e-1,7.98767393454909297e-2,3.99383696727454648e-2,-9.22022581100463867e-1,-4.61011290550231934e-1
172,12,9.80392156862745057e-1,5.88235294117647189e-2,1.32352941176470618e-1,-9.65927481651306152e-1,-4.82963740825653076e-1,6.27225123345851870e-2,3.13612561672925935e-2,-9.65742349624633789e-1,-4.82871174812316895e-1
173,0,3.92156862745098034e-2,7.84313725490196068e-2,1.76470588235294101e-1,9.60213363170623779e-1,4.80106681585311890e-1,-8.31978086382150622e-2,-4.15989043191075311e-2,9.60029184818267822e-1,4.80014592409133911e-1
173,1,1.17647058823529410e-1,7.84313725490196068e-2,1.76470588235294101e-1,9.02210533618927002e-1,4.51105266809463501e-1,-7.81719608232378932e-2,-3.90859804116189466e-2,9.02037501335144043e-1,4.51018750667572021e-1
173,2,1.96078431372549017e-1,7.84313725490196068e-2,1.76470588235294101e-1,7.89708733558654785e-1,3.94854366779327393e-1,-6.84244578704237827e-2,-3.42122289352118913e-2,7.89557278156280518e-1,3.94778639078140259e-1
173,3,2.74509803921568651e-1,7.84313725490196068e-2,1.76470588235294101e-1,6.29503607749938965e-1,3.14751803874969482e-1,-5.45432944782078544e-2,-2.72716472391039272e-2,6.29382848739624023e-1,3.14691424369812012e-1
173,4,3.52941176470588203e-1,7.84313725490196068e-2,1.76470588235294101e-1,4.31272655725479126e-1,2.15636327862739563e-1,-3.73675012495368608e-2,-1.86837506247684304e-2,4.31189954280853271e-1,2.15594977140426636e-1
173,5,4.31372549019607865e-1,7.84313725490196068e-2,1.76470588235294101e-1,2.06990286707878113e-1,1.03495143353939056e-1,-1.79348669189494103e-2,-8.96743345947470516e-3,2.06950590014457703e-1,1.03475295007228851e-1
173,6,5.09803921568627416e-1,7.84313725490196068e-2,1.76470588235294101e-1,-2.97956932336091995e-2,-1.48978466168045998e-2,2.58164618862793960e-3,1.29082309431396980e-3,-2.97899786382913589e-2,-1.48949893191456795e-2
173,7,5.88235294117647078e-1,7.84313725490196068e-2,1.76470588235294101e-1,-2.64781832695007324e-1,-1.32390916347503662e-1,2.29421141382772364e-2,1.14710570691386182e-2,-2.64731049537658691e-1,-1.32365524768829346e-1
173,8,6.66666666666666630e-1,7.84313725490196068e-2,1.76470588235294101e-1,-4.83773469924926758e-1,-2.41886734962463379e-1,4.19164342805743440e-2,2.09582171402871720e-2,-4.83680695295333862e-1,-2.41840347647666931e-1
173,9,7.45098039215686292e-1,7.84313725490196068e-2,1.76470588235294101e-1,-6.73542320728302002e-1,-3.36771160364151001e-1,5.83578005433082470e-2,2.91789002716541235e-2,-6.73413157463073730e-1,-3.36706578731536865e-1
173,10,8.23529411764705843e-1,7.84313725490196068e-2,1.76470588235294101e-1,-8.22625994682312012e-1,-4.11312997341156006e-1,7.12699161842465234e-2,3.56349580921232617e-2,-8.22468221187591553e-1,-4.11234110593795776e-1
173,11,9.01960784313725505e-1,7.84313725490196068e-2,1.76470588235294101e-1,-9.22022581100463867e-1,-4.61011290550231934e-1,7.98614356666803443e-2,3.99307178333401722e-2,-9.21845793724060059e-1,-4.60922896862030029e-1
173,12,9.80392156862745057e-1,5.88235294117647189e-2,1.32352941176470618e-1,-9.65742349624633789e-1,-4.82871174812316895e-1,6.27105429768562289e-2,3.13552714884281145e-2,-9.65557277202606201e-1,-4.82778638601303101e-1
174,0,3.92156862745098034e-2,7.84313725490196068e-2,1.76470588235294101e-1,9.60029184818267822e-1,4.80014592409133911e-1,-8.31818209961056737e-2,-4.15909104980528369e-2,9.59845066070556641e-1,4.79922533035278320e-1
174,1,1.17647058823529410e-1,7.84313725490196068e-2,1.76470588235294101e-1,9.02037501335144043e-1,4.51018750667572021e-1,-7.81569991260766955e-2,-3.90784995630383478e-2,9.01864469051361084e-1,4.50932234525680542e-1
174,2,1.96078431372549017e-1,7.84313725490196068e-2,1.76470588235294101e-1,7.89557278156280518e-1,3.94778639078140259e-1,-6.84113770723342729e-2,-3.42056885361671364e-2,7.89405822753906250e-1,3.94702911376953125e-1
174,3,2.74509803921568651e-1,7.84313725490196068e-2,1.76470588235294101e-1,6.29382848739624023e-1,3.14691424369812012e-1,-5.45327357947826552e-2,-2.72663678973913276e-2,6.29262149333953857e-1,3.14631074666976929e-1
174,4,3.52941176470588203e-1,7.84313725490196068e-2,1.76470588235294101e-1,4.31189954280853271e-1,2.15594977140426636e-1,-3.73604051303118578e-2,-1.86802025651559289e-2,4.31107252836227417e-1,2.15553626418113708e-1
174,5,4.31372549019607865e-1,7.84313725490196068e-2,1.76470588235294101e-1,2.06950590014457703e-1,1.03475295007228851e-1,-1.79314150416757800e-2,-8.96570752083789002e-3,2.06910893321037292e-1,1.03455446660518646e-1
174,6,5.09803921568627416e-1,7.84313725490196068e-2,1.76470588235294101e-1,-2.97899786382913589e-2,-1.48949893191456795e-2,2.58115459000690661e-3,1.29057729500345331e-3,-2.97842659056186676e-2,-1.48921329528093338e-2
174,7,5.88235294117647078e-1,7.84313725490196068e-2,1.76470588235294101e-1,-2.64731049537658691e-1,-1.32365524768829346e-1,2.29377004376147275e-2,1.14688502188073638e-2,-2.64680266380310059e-1,-1.32340133190155029e-1
174,8,6.66666666666666630e-1,7.84313725490196068e-2,1.76470588235294101e-1,-4.83680695295333862e-1,-2.41840347647666931e-1,4.19083977118134277e-2,2.09541988559067138e-2,-4.83587920665740967e-1,-2.41793960332870483e-1
174,9,7.45098039215686292e-1,7.84313725490196068e-2,1.76470588235294101e-1,-6.73413157463073730e-1,-3.36706578731536865e-1,5.83466433919966332e-2,2.91733216959983166e-2,-6.73283994197845459e-1,-3.36641997098922729e-1
174,10,8.23529411764705843e-1,7.84313725490196068e-2,1.76470588235294101e-1,-8.22468221187591553e-1,-4.11234110593795776e-1,7.12561514228582382e-2,3.56280757114291191e-2,-8.22310507297515869e-1,-4.11155253648757935e-1
174,11,9.01960784313725505e-1,7.84313725490196068e-2,1.76470588235294101e-1,-9.21845793724060059e-1,-4.60922896862030029e-1,7.98460464924573843e-2,3.99230232462286921e-2,-9.21669065952301025e-1,-4.60834532976150513e-1
174,12,9.80392156862745057e-1,5.88235294117647189e-2,1.32352941176470618e-1,-9.65557277202606201e-1,-4.82778638601303101e-1,6.26986591145396177e-2,3.13493295572698089e-2,-9.65372204780578613e-1,-4.82686102390289307e-1
175,0,3.92156862745098034e-2,7.84313725490196068e-2,1.76470588235294101e-1,9.59845066070556641e-1,4.79922533035278320e-1,-8.31659188494086182e-2,-4.15829594247043091e-2,9.59660947322845459e-1,4.79830473661422729e-1
175,1,1.17647058823529410e-1,7.84313725490196068e-2,1.76470588235294101e-1,9.01864469051361084e-1,4.50932234525680542e-1,-7.81419519335031648e-2,-3.90709759667515824e-2,9.01691496372222900e-1,4.50845748186111450e-1
175,2,1.96078431372549017e-1,7.84313725490196068e-2,1.76470588235294101e-1,7.89405822753906250e-1,3.94702911376953125e-1,-6.83982107788324301e-2,-3.41991053894162150e-2,7.89254426956176758e-1,3.94627213478088379e-1
175,3,2.74509803921568651e-1,7.84313725490196068e-2,1.76470588235294101e-1,6.29262149333953857e-1,3.14631074666976929e-1,-5.45223481021821499e-2,-2.72611740510910749e-2,6.29141449928283691e-1,3.14570724964141846e-1
175,4,3.52941176470588203e-1,7.84313725490196068e-2,1.76470588235294101e-1,4.31107252836227417e-1,2.15553626418113708e-1,-3.73532235156744385e-2,-1.86766117578372193e-2,4.31024581193923950e-1,2.15512290596961975e-1
175,5,4.31372549019607865e-1,7.84313725490196068e-2,1.76470588235294101e-1,2.06910893321037292e-1,1.03455446660518646e-1,-1.79279658361338190e-2,-8.96398291806690950e-3,2.06871211528778076e-1,1.03435605764389038e-1
175,6,5.09803921568627416e-1,7.84313725490196068e-2,1.76470588235294101e-1,-2.97842659056186676e-2,-1.48921329528093338e-2,2.58066833484915659e-3,1.29033416742457829e-3,-2.97785531729459763e-2,-1.48892765864729881e-2
175,7,5.88235294117647078e-1,7.84313725490196068e-2,1.76470588235294101e-1,-2.64680266380310059e-1,-1.32340133190155029e-1,2.29332840652204939e-2,1.14666420326102469e-2,-2.64629513025283813e-1,-1.32314756512641907e-1
175,8,6.66666666666666630e-1,7.84313725490196068e-2,1.76470588235294101e-1,-4.83587920665740967e-1,-2.41793960332870483e-1,4.19003611430526224e-2,2.09501805715263112e-2,-4.83495175838470459e-1,-2.41747587919235229e-1
175,9,7.45098039215686292e-1,7.84313725490196068e-2,1.76470588235294101e-1,-6.73283994197845459e-1,-3.36641997098922729e-1,5.83354007452726031e-2,2.91677003726363016e-2,-6.73154890537261963e-1,-3.36577445268630981e-1
175,10,8.23529411764705843e-1,7.84313725490196068e-2,1.76470588235294101e-1,-8.22310507297515869e-1,-4.11155253648757935e-1,7.12424721568822861e-2,3.56212360784411430e-2,-8.22152793407440186e-1,-4.11076396703720093e-1
175,11,9.01960784313725505e-1,7.84313725490196068e-2,1.76470588235294101e-1,-9.21669065952301025e-1,-4.60834532976150513e-1,7.98307428136467989e-2,3.99153714068233995e-2,-9.21492338180541992e-1,-4.60746169090270996e-1
175,12,9.80392156862745057e-1,5.88235294117647189e-2,1.32352941176470618e-1,-9.65372204780578613e-1,-4.82686102390289307e-1,6.26866897568106596e-2,3.13433448784053298e-2,-9.65187191963195801e-1,-4.82593595981597900e-1
176,0,3.92156862745098034e-2,7.84313725490196068e-2,1.76470588235294101e-1,9.59660947322845459e-1,4.79830473661422729e-1,-8.31499312072992297e-2,-4.15749656036496149e-2,9.59476888179779053e-1,4.79738444089889526e-1
176,1,1.17647058823529410e-1,7.84313725490196068e-2,1.76470588235294101e-1,9.01691496372222900e-1,4.50845748186111450e-1,-7.81269902363419394e-2,-3.90634951181709697e-2,9.01518583297729492e-1,4.50759291648864746e-1
176,2,1.96078431372549017e-1,7.84313725490196068e-2,1.76470588235294101e-1,7.89254426956176758e-1,3.94627213478088379e-1,-6.83851299807429480e-2,-3.41925649903714740e-2,7.89103031158447266e-1,3.94551515579223633e-1
176,3,2.74509803921568651e-1,7.84313725490196068e-2,1.76470588235294101e-1,6.29141449928283691e-1,3.14570724964141846e-1,-5.45118321664631034e-2,-2.72559160832315517e-2,6.29020810127258301e-1,3.14510405063629150e-1
176,4,3.52941176470588203e-1,7.84313725490196068e-2,1.76470588235294101e-1,4.31024581193923950e-1,2.15512290596961975e-1,-3.73461060225963593e-2,-1.86730530112981796e-2,4.30941909551620483e-1,2.15470954775810242e-1
176,5,4.31372549019607865e-1,7.84313725490196068e-2,1.76470588235294101e-1,2.06871211528778076e-1,1.03435605764389038e-1,-1.79245166305918580e-2,-8.96225831529592898e-3,2.06831529736518860e-1,1.03415764868259430e-1
176,6,5.09803921568627416e-1,7.84313725490196068e-2,1.76470588235294101e-1,-2.97785531729459763e-2,-1.48892765864729881e-2,2.58016070583838575e-3,1.29008035291919287e-3,-2.97728423029184341e-2,-1.48864211514592171e-2
176,7,5.88235294117647078e-1,7.84313725490196068e-2,1.76470588235294101e-1,-2.64629513025283813e-1,-1.32314756512641907e-1,2.29289104405324684e-2,1.14644552202662342e-2,-2.64578759670257568e-1,-1.32289379835128784e-1
176,8,6.66666666666666630e-1,7.84313725490196068e-2,1.76470588235294101e-1,-4.83495175838470459e-1,-2.41747587919235229e-1,4.18922818265855534e-2,2.09461409132927767e-2,-4.83402431011199951e-1,-2.41701215505599976e-1
176,9,7.45098039215686292e-1,7.84313725490196068e-2,1.76470588235294101e-1,-6.73154890537261963e-1,-3.36577445268630981e-1,5.83242863416671420e-2,2.91621431708335710e-2,-6.73025786876678467e-1,-3.36512893438339233e-1
176,10,8.23529411764705843e-1,7.84313725490196068e-2,1.76470588235294101e-1,-8.22152793407440186e-1,-4.11076396703720093e-1,7.12287073954940009e-2,3.56143536977470004e-2,-8.21995139122009277e-1,-4.10997569561004639e-1
176,11,9.01960784313725505e-1,7.84313725490196068e-2,1.76470588235294101e-1,-9.21492338180541992e-1,-4.60746169090270996e-1,7.98153536394238389e-2,3.99076768197119194e-2,-9.21315670013427734e-1,-4.60657835006713867e-1
176,12,9.80392156862745057e-1,5.88235294117647189e-2,1.32352941176470618e-1,-9.65187191963195801e-1,-4.82593595981597900e-1,6.26748058944940484e-2,3.13374029472470242e-2,-9.65002238750457764e-1,-4.82501119375228882e-1
177,0,3.92156862745098034e-2,7.84313725490196068e-2,1.76470588235294101e-1,9.59476888179779053e-1,4.79738444089889526e-1,-8.31339435651898412e-2,-4.15669717825949206e-2,9.59292888641357422e-1,4.79646444320678711e-1
177,1,1.17647058823529410e-1,7.84313725490196068e-2,1.76470588235294101e-1,9.01518583297729492e-1,4.50759291648864746e-1,-7.81121140345931025e-2,-3.90560570172965513e-2,9.01345670223236084e-1,4.50672835111618042e-1
177,2,1.96078431372549017e-1,7.84313725490196068e-2,1.76470588235294101e-1,7.89103031158447266e-1,3.94551515579223633e-1,-6.83718781918287166e-2,-3.41859390959143583e-2,7.88951694965362549e-1,3.94475847482681274e-1
177,3,2.74509803921568651e-1,7.84313725490196068e-2,1.76470588235294101e-1,6.29020810127258301e-1,3.14510405063629150e-1,-5.45014872215688340e-2,-2.72507436107844170e-2,6.28900170326232910e-1,3.14450085163116455e-1
177,4,3.52941176470588203e-1,7.84313725490196068e-2,1.76470588235294101e-1,4.30941909551620483e-1,2.15470954775810242e-1,-3.73389030341058636e-2,-1.86694515170529318e-2,4.30859267711639404e-1,2.15429633855819702e-1
177,5,4.31372549019607865e-1,7.84313725490196068e-2,1.76470588235294101e-1,2.06831529736518860e-1,1.03415764868259430e-1,-1.79210700967815106e-2,-8.96053504839075532e-3,2.06791862845420837e-1,1.03395931422710419e-1
177,6,5.09803921568627416e-1,7.84313725490196068e-2,1.76470588235294101e-1,-2.97728423029184341e-2,-1.48864211514592171e-2,2.57965842029078685e-3,1.28982921014539342e-3,-2.97671314328908920e-2,-1.48835657164454460e-2
177,7,5.88235294117647078e-1,7.84313725490196068e-2,1.76470588235294101e-1,-2.64578759670257568e-1,-1.32289379835128784e-1,2.29245341441128847e-2,1.14622670720564424e-2,-2.64528006315231323e-1,-1.32264003157615662e-1
177,8,6.66666666666666630e-1,7.84313725490196068e-2,1.76470588235294101e-1,-4.83402431011199951e-1,-2.41701215505599976e-1,4.18842025101184845e-2,2.09421012550592422e-2,-4.83309715986251831e-1,-2.41654857993125916e-1
177,9,7.45098039215686292e-1,7.84313725490196068e-2,1.76470588235294101e-1,-6.73025786876678467e-1,-3.36512893438339233e-1,5.83130864426493478e-2,2.91565432213246739e-2,-6.72896683216094971e-1,-3.36448341608047485e-1
177,10,8.23529411764705843e-1,7.84313725490196068e-2,1.76470588235294101e-1,-8.21995139122009277e-1,-4.10997569561004639e-1,7.12150281295180210e-2,3.56075140647590105e-2,-8.21837484836578369e-1,-4.10918742418289185e-1
177,11,9.01960784313725505e-1,7.84313725490196068e-2,1.76470588235294101e-1,-9.21315670013427734e-1,-4.60657835006713867e-1,7.97999644652008927e-2,3.98999822326004464e-2,-9.21139001846313477e-1,-4.60569500923156738e-1
177,12,9.80392156862745057e-1,5.88235294117647189e-2,1.32352941176470618e-1,-9.65002238750457764e-1,-4.82501119375228882e-1,6.26629220321774510e-2,3.13314610160887255e-2,-9.64817285537719727e-1,-4.82408642768859863e-1
178,0,3.92156862745098034e-2,7.84313725490196068e-2,1.76470588235294101e-1,9.59292888641357422e-1,4.79646444320678711e-1,-8.31180414184927857e-2,-4.15590207092463929e-2,9.59108889102935791e-1,4.79554444551467896e-1
178,1,1.17647058823529410e-1,7.84313725490196068e-2,1.76470588235294101e-1,9.01345670223236084e-1,4.50672835111618042e-1,-7.80970668420195718e-2,-3.90485334210097859e-2,9.01172816753387451e-1,4.50586408376693726e-1
178,2,1.96078431372549017e-1,7.84313725490196068e-2,1.76470588235294101e-1,7.88951694965362549e-1,3.94475847482681274e-1,-6.83587973937392068e-2,-3.41793986968696034e-2,7.88800358772277832e-1,3.94400179386138916e-1
178,3,2.74509803921568651e-1,7.84313725490196068e-2,1.76470588235294101e-1,6.28900170326232910e-1,3.14450085163116455e-1,-5.44910140335559956e-2,-2.72455070167779978e-2,6.28779530525207520e-1,3.14389765262603760e-1
178,4,3.52941176470588203e-1,7.84313725490196068e-2,1.76470588235294101e-1,4.30859267711639404e-1,2.15429633855819702e-1,-3.73317641671747080e-2,-1.86658820835873540e-2,4.30776625871658325e-1,2.15388312935829163e-1
178,5,4.31372549019607865e-1,7.84313725490196068e-2,1.76470588235294101e-1,2.06791862845420837e-1,1.03395931422710419e-1,-1.79176235629711078e-2,-8.95881178148555390e-3,2.06752195954322815e-1,1.03376097977161407e-1
178,6,5.09803921568627416e-1,7.84313725490196068e-2,1.76470588235294101e-1,-2.97671314328908920e-2,-1.48835657164454460e-2,2.57917750859631978e-3,1.28958875429815989e-3,-2.97614224255084991e-2,-1.48807112127542496e-2
178,7,5.88235294117647078e-1,7.84313725490196068e-2,1.76470588235294101e-1,-2.64528006315231323e-1,-1.32264003157615662e-1,2.29201150999870373e-2,1.14600575499935187e-2,-2.64477282762527466e-1,-1.32238641381263733e-1
178,8,6.66666666666666630e-1,7.84313725490196068e-2,1.76470588235294101e-1,-4.83309715986251831e-1,-2.41654857993125916e-1,4.18762086890637764e-2,2.09381043445318882e-2,-4.83217030763626099e-1,-2.41608515381813049e-1
178,9,7.45098039215686292e-1,7.84313725490196068e-2,1.76470588235294101e-1,-6.72896683216094971e-1,-3.36448341608047485e-1,5.83018437959253732e-2,2.91509218979626866e-2,-6.72767639160156250e-1,-3.36383819580078125e-1
178,10,8.23529411764705843e-1,7.84313725490196068e-2,1.76470588235294101e-1,-8.21837484836578369e-1,-4.10918742418289185e-1,7.12013488635420688e-2,3.56006744317710344e-2,-8.21679890155792236e-1,-4.10839945077896118e-1
178,11,9.01960784313725505e-1,7.84313725490196068e-2,1.76470588235294101e-1,-9.21139001846313477e-1,-4.60569500923156738e-1,7.97845752909779604e-2,3.98922876454889802e-2,-9.20962393283843994e-1,-4.60481196641921997e-1
178,12,9.80392156862745057e-1,5.88235294117647189e-2,1.32352941176470618e-1,-9.64817285537719727e-1,-4.82408642768859863e-1,6.26510381698608398e-2,3.13255190849304199e-2,-9.64632391929626465e-1,-4.82316195964813232e-1
179,0,3.92156862745098034e-2,7.84313725490196068e-2,1.76470588235294101e-1,9.59108889102935791e-1,4.79554444551467896e-1,-8.31020537763833972e-2,-4.15510268881916986e-2,9.58924949169158936e-1,4.79462474584579468e-1
179,1,1.17647058823529410e-1,7.84313725490196068e-2,1.76470588235294101e-1,9.01172816753387451e-1,4.50586408376693726e-1,-7.80821906402707072e-2,-3.90410953201353536e-2,9.00999963283538818e-1,4.50499981641769409e-1
179,2,1.96078431372549017e-1,7.84313725490196068e-2,1.76470588235294101e-1,7.88800358772277832e-1,3.94400179386138916e-1,-6.83456311002373640e-2,-3.41728155501186820e-2,7.88649082183837891e-1,3.94324541091918945e-1
179,3,2.74509803921568651e-1,7.84313725490196068e-2,1.76470588235294101e-1,6.28779530525207520e-1,3.14389765262603760e-1,-5.44805408455431572e-2,-2.72402704227715786e-2,6.28658950328826904e-1,3.14329475164413452e-1
179,4,3.52941176470588203e-1,7.84313725490196068e-2,1.76470588235294101e-1,4.30776625871658325e-1,2.15388312935829163e-1,-3.73246253002434969e-2,-1.86623126501217484e-2,4.30694013833999634e-1,2.15347006916999817e-1
179,5,4.31372549019607865e-1,7.84313725490196068e-2,1.76470588235294101e-1,2.06752195954322815e-1,1.03376097977161407e-1,-1.79141797008924297e-2,-8.95708985044621486e-3,2.06712543964385986e-1,1.03356271982192993e-1
179,6,5.09803921568627416e-1,7.84313725490196068e-2,1.76470588235294101e-1,-2.97614224255084991e-2,-1.48807112127542496e-2,2.57865919265898302e-3,1.28932959632949151e-3,-2.97557152807712555e-2,-1.48778576403856277e-2
179,7,5.88235294117647078e-1,7.84313725490196068e-2,1.76470588235294101e-1,-2.64477282762527466e-1,-1.32238641381263733e-1,2.29157361318357289e-2,1.14578680659178644e-2,-2.64426559209823608e-1,-1.32213279604911804e-1
179,8,6.66666666666666630e-1,7.84313725490196068e-2,1.76470588235294101e-1,-4.83217030763626099e-1,-2.41608515381813049e-1,4.18681721203029156e-2,2.09340860601514578e-2,-4.83124345541000366e-1,-2.41562172770500183e-1
179,9,7.45098039215686292e-1,7.84313725490196068e-2,1.76470588235294101e-1,-6.72767639160156250e-1,-3.36383819580078125e-1,5.82906438969075513e-2,2.91453219484537757e-2,-6.72638595104217529e-1,-3.36319297552108765e-1
179,10,8.23529411764705843e-1,7.84313725490196068e-2,1.76470588235294101e-1,-8.21679890155792236e-1,-4.10839945077896118e-1,7.11876695975661444e-2,3.55938347987830722e-2,-8.21522295475006104e-1,-4.10761147737503052e-1
179,11,9.01960784313725505e-1,7.84313725490196068e-2,1.76470588235294101e-1,-9.20962393283843994e-1,-4.60481196641921997e-1,7.97691861167550004e-2,3.98845930583775002e-2,-9.20785844326019287e-1,-4.60392922163009644e-1
179,12,9.80392156862745057e-1,5.88235294117647189e-2,1.32352941176470618e-1,-9.64632391929626465e-1,-4.82316195964813232e-1,6.26391543075442286e-2,3.13195771537721143e-2,-9.64447498321533203e-1,-4.82223749160766602e-1
180,0,3.92156862745098034e-2,7.84313725490196068e-2,1.76470588235294101e-1,9.58924949169158936e-1,4.79462474584579468e-1,-8.30861516296863556e-2,-4.15430758148431778e-2,9.58741009235382080e-1,4.79370504617691040e-1
180,1,1.17647058823529410e-1,7.84313725490196068e-2,1.76470588235294101e-1,9.00999963283538818e-1,4.50499981641769409e-1,-7.80671434476971626e-2,-3.90335717238485813e-2,9.00827169418334961e-1,4.50413584709167480e-1
180,2,1.96078431372549017e-1,7.84313725490196068e-2,1.76470588235294101e-1,7.88649082183837891e-1,3.94324541091918945e-1,-6.83325503021478542e-2,-3.41662751510739271e-2,7.88497805595397949e-1,3.94248902797698975e-1
180,3,2.74509803921568651e-1,7.84313725490196068e-2,1.76470588235294101e-1,6.28658950328826904e-1,3.14329475164413452e-1,-5.44701104052364715e-2,-2.72350552026182358e-2,6.28538370132446289e-1,3.14269185066223145e-1
180,4,3.52941176470588203e-1,7.84313725490196068e-2,1.76470588235294101e-1,4.30694013833999634e-1,2.15347006916999817e-1,-3.73174650594592094e-2,-1.86587325297296047e-2,4.30611401796340942e-1,2.15305700898170471e-1
180,5,4.31372549019607865e-1,7.84313725490196068e-2,1.76470588235294101e-1,2.06712543964385986e-1,1.03356271982192993e-1,-1.79107385105453654e-2,-8.95536925527268268e-3,2.06672891974449158e-1,1.03336445987224579e-1
180,6,5.09803921568627416e-1,7.84313725490196068e-2,1.76470588235294101e-1,-2.97557152807712555e-2,-1.48778576403856277e-2,2.57816759403795004e-3,1.28908379701897502e-3,-2.97500081360340118e-2,-1.48750040680170059e-2
180,7,5.88235294117647078e-1,7.84313725490196068e-2,1.76470588235294101e-1,-2.64426559209823608e-1,-1.32213279604911804e-1,2.29113544919528067e-2,1.14556772459764034e-2,-2.64375835657119751e-1,-1.32187917828559875e-1
180,8,6.66666666666666630e-1,7.84313725490196068e-2,1.76470588235294101e-1,-4.83124345541000366e-1,-2.41562172770500183e-1,4.18601355515420548e-2,2.09300677757710274e-2,-4.83031690120697021e-1,-2.41515845060348511e-1
180,9,7.45098039215686292e-1,7.84313725490196068e-2,1.76470588235294101e-1,-6.72638595104217529e-1,-3.36319297552108765e-1,5.82794439978897572e-2,2.91397219989448786e-2,-6.72509610652923584e-1,-3.36254805326461792e-1
180,10,8.23529411764705843e-1,7.84313725490196068e-2,1.76470588235294101e-1,-8.21522295475006104e-1,-4.10761147737503052e-1,7.11739048361778315e-2,3.55869524180889157e-2,-8.21364760398864746e-1,-4.10682380199432373e-1
180,11,9.01960784313725505e-1,7.84313725490196068e-2,1.76470588235294101e-1,-9.20785844326019287e-1,-4.60392922163009644e-1,7.97539679333567481e-2,3.98769839666783740e-2,-9.20609295368194580e-1,-4.60304647684097290e-1
180,12,9.80392156862745057e-1,5.88235294117647189e-2,1.32352941176470618e-1,-9.64447498321533203e-1,-4.82223749160766602e-1,6.26271849498152705e-2,3.13135924749076353e-2,-9.64262664318084717e-1,-4.82131332159042358e-1
181,0,3.92156862745098034e-2,7.84313725490196068e-2,1.76470588235294101e-1,9.58741009235382080e-1,4.79370504617691040e-1,-8.30701639875769532e-2,-4.15350819937884766e-2,9.58557128906250000e-1,4.79278564453125000e-1
181,1,1.17647058823529410e-1,7.84313725490196068e-2,1.76470588235294101e-1,9.00827169418334961e-1,4.50413584709167480e-1,-7.80522672459483119e-2,-3.90261336229741559e-2,9.00654375553131104e-1,4.50327187776565552e-1
181,2,1.96078431372549017e-1,7.84313725490196068e-2,1.76470588235294101e-1,7.88497805595397949e-1,3.94248902797698975e-1,-6.83193840086460114e-2,-3.41596920043230057e-2,7.88346588611602783e-1,3.94173294305801392e-1
181,3,2.74509803921568651e-1,7.84313725490196068e-2,1.76470588235294101e-1,6.28538370132446289e-1,3.14269185066223145e-1,-5.44596799649298413e-2,-2.72298399824649207e-2,6.28417849540710449e-1,3.14208924770355225e-1
181,4,3.52941176470588203e-1,7.84313725490196068e-2,1.76470588235294101e-1,4.30611401796340942e-1,2.15305700898170471e-1,-3.73103048186749220e-2,-1.86551524093374610e-2,4.30528819561004639e-1,2.15264409780502319e-1
181,5,4.31372549019607865e-1,7.84313725490196068e-2,1.76470588235294101e-1,2.06672891974449158e-1,1.03336445987224579e-1,-1.79072973201982455e-2,-8.95364866009912275e-3,2.06633254885673523e-1,1.03316627442836761e-1
181,6,5.09803921568627416e-1,7.84313725490196068e-2,1.76470588235294101e-1,-2.97500081360340118e-2,-1.48750040680170059e-2,2.57767599541691705e-3,1.28883799770845853e-3,-2.97443028539419174e-2,-1.48721514269709587e-2
181,7,5.88235294117647078e-1,7.84313725490196068e-2,1.76470588235294101e-1,-2.64375835657119751e-1,-1.32187917828559875e-1,2.29069301043637319e-2,1.14534650521818659e-2,-2.64325141906738281e-1,-1.32162570953369141e-1
181,8,6.66666666666666630e-1,7.84313725490196068e-2,1.76470588235294101e-1,-4.83031690120697021e-1,-2.41515845060348511e-1,4.18520989827811940e-2,2.09260494913905970e-2,-4.82939034700393677e-1,-2.41469517350196838e-1
181,9,7.45098039215686292e-1,7.84313725490196068e-2,1.76470588235294101e-1,-6.72509610652923584e-1,-3.36254805326461792e-1,5.82682868465780879e-2,2.91341434232890439e-2,-6.72380626201629639e-1,-3.36190313100814819e-1
181,10,8.23529411764705843e-1,7.84313725490196068e-2,1.76470588235294101e-1,-8.21364760398864746e-1,-4.10682380199432373e-1,7.11602255702018793e-2,3.55801127851009397e-2,-8.21207225322723389e-1,-4.10603612661361694e-1
181,11,9.01960784313725505e-1,7.84313725490196068e-2,1.76470588235294101e-1,-9.20609295368194580e-1,-4.60304647684097290e-1,7.97385787591338158e-2,3.98692893795669079e-2,-9.20432806015014648e-1,-4.60216403007507324e-1
181,12,9.80392156862745057e-1,5.88235294117647189e-2,1.32352941176470618e-1,-9.64262664318084717e-1,-4.82131332159042358e-1,6.26153010874986593e-2,3.13076505437493297e-2,-9.64077889919281006e-1,-4.82038944959640503e-1
182,0,3.92156862745098034e-2,7.84313725490196068e-2,1.76470588235294101e-1,9.58557128906250000e-1,4.79278564453125000e-1,-8.30542618408799116e-2,-4.15271309204399558e-2,9.58373308181762695e-1,4.79186654090881348e-1
182,1,1.17647058823529410e-1,7.84313725490196068e-2,1.76470588235294101e-1,9.00654375553131104e-1,4.50327187776565552e-1,-7.80372200533747673e-2,-3.90186100266873837e-2,9.00481641292572021e-1,4.50240820646286011e-1
182,2,1.96078431372549017e-1,7.84313725490196068e-2,1.76470588235294101e-1,7.88346588611602783e-1,3.94173294305801392e-1,-6.83063032105565016e-2,-3.41531516052782508e-2,7.88195371627807617e-1,3.94097685813903809e-1
182,3,2.74509803921568651e-1,7.84313725490196068e-2,1.76470588235294101e-1,6.28417849540710449e-1,3.14208924770355225e-1,-5.44492922723293082e-2,-2.72246461361646541e-2,6.28297328948974609e-1,3.14148664474487305e-1
182,4,3.52941176470588203e-1,7.84313725490196068e-2,1.76470588235294101e-1,4.30528819561004639e-1,2.15264409780502319e-1,-3.73031232040375582e-2,-1.86515616020187791e-2,4.30446237325668335e-1,2.15223118662834167e-1
182,5,4.31372549019607865e-1,7.84313725490196068e-2,1.76470588235294101e-1,2.06633254885673523e-1,1.03316627442836761e-1,-1.79038588015828504e-2,-8.95192940079142518e-3,2.06593617796897888e-1,1.03296808898448944e-1
182,6,5.09803921568627416e-1,7.84313725490196068e-2,1.76470588235294101e-1,-2.97443028539419174e-2,-1.48721514269709587e-2,2.57716836640614622e-3,1.28858418320307311e-3,-2.97385975718498230e-2,-1.48692987859249115e-2
182,7,5.88235294117647078e-1,7.84313725490196068e-2,1.76470588235294101e-1,-2.64325141906738281e-1,-1.32162570953369141e-1,2.29025885404552931e-2,1.14512942702276466e-2,-2.64274448156356812e-1,-1.32137224078178406e-1
182,8,6.66666666666666630e-1,7.84313725490196068e-2,1.76470588235294101e-1,-4.82939034700393677e-1,-2.41469517350196838e-1,4.18440196663141251e-2,2.09220098331570625e-2,-4.82846409082412720e-1,-2.41423204541206360e-1
182,9,7.45098039215686292e-1,7.84313725490196068e-2,1.76470588235294101e-1,-6.72380626201629639e-1,-3.36190313100814819e-1,5.82571296952665019e-2,2.91285648476332509e-2,-6.72251701354980469e-1,-3.36125850677490234e-1
182,10,8.23529411764705843e-1,7.84313725490196068e-2,1.76470588235294101e-1,-8.21207225322723389e-1,-4.10603612661361694e-1,7.11464608088135664e-2,3.55732304044067832e-2,-8.21049749851226807e-1,-4.10524874925613403e-1
182,11,9.01960784313725505e-1,7.84313725490196068e-2,1.76470588235294101e-1,-9.20432806015014648e-1,-4.60216403007507324e-1,7.97232750803232165e-2,3.98616375401616083e-2,-9.20256316661834717e-1,-4.60128158330917358e-1
182,12,9.80392156862745057e-1,5.88235294117647189e-2,1.32352941176470618e-1,-9.64077889919281006e-1,-4.82038944959640503e-1,6.26034172251820481e-2,3.13017086125910241e-2,-9.63893115520477295e-1,-4.81946557760238647e-1
183,0,3.92156862745098034e-2,7.84313725490196068e-2,1.76470588235294101e-1,9.58373308181762695e-1,4.79186654090881348e-1,-8.30383596941828700e-2,-4.15191798470914350e-2,9.58189487457275391e-1,4.79094743728637695e-1
183,1,1.17647058823529410e-1,7.84313725490196068e-2,1.76470588235294101e-1,9.00481641292572021e-1,4.50240820646286011e-1,-7.80222583562135558e-2,-3.90111291781067779e-2,9.00308907032012939e-1,4.50154453516006470e-1
183,2,1.96078431372549017e-1,7.84313725490196068e-2,1.76470588235294101e-1,7.88195371627807617e-1,3.94097685813903809e-1,-6.82931369170546587e-2,-3.41465684585273294e-2,7.88044214248657227e-1,3.94022107124328613e-1
183,3,2.74509803921568651e-1,7.84313725490196068e-2,1.76470588235294101e-1,6.28297328948974609e-1,3.14148664474487305e-1,-5.44389045797288307e-2,-2.72194522898644153e-2,6.28176808357238770e-1,3.14088404178619385e-1
183,4,3.52941176470588203e-1,7.84313725490196068e-2,1.76470588235294101e-1,4.30446237325668335e-1,2.15223118662834167e-1,-3.72959415894001944e-2,-1.86479707947000972e-2,4.30363684892654419e-1,2.15181842446327209e-1
183,5,4.31372549019607865e-1,7.84313725490196068e-2,1.76470588235294101e-1,2.06593617796897888e-1,1.03296808898448944e-1,-1.79004202829673997e-2,-8.95021014148369987e-3,2.06553995609283447e-1,1.03276997804641724e-1
183,6,5.09803921568627416e-1,7.84313725490196068e-2,1.76470588235294101e-1,-2.97385975718498230e-2,-1.48692987859249115e-2,2.57666073739531987e-3,1.28833036869765993e-3,-2.97328941524028778e-2,-1.48664470762014389e-2
183,7,5.88235294117647078e-1,7.84313725490196068e-2,1.76470588235294101e-1,-2.64274448156356812e-1,-1.32137224078178406e-1,2.28982042288407572e-2,1.14491021144203786e-2,-2.64223754405975342e-1,-1.32111877202987671e-1
183,8,6.66666666666666630e-1,7.84313725490196068e-2,1.76470588235294101e-1,-4.82846409082412720e-1,-2.41423204541206360e-1,4.18359403498470561e-2,2.09179701749235281e-2,-4.82753813266754150e-1,-2.41376906633377075e-1
183,9,7.45098039215686292e-1,7.84313725490196068e-2,1.76470588235294101e-1,-6.72251701354980469e-1,-3.36125850677490234e-1,5.82460152916610407e-2,2.91230076458305204e-2,-6.72122776508331299e-1,-3.36061388254165649e-1
183,10,8.23529411764705843e-1,7.84313725490196068e-2,1.76470588235294101e-1,-8.21049749851226807e-1,-4.10524874925613403e-1,7.11327815428376142e-2,3.55663907714188071e-2,-8.20892274379730225e-1,-4.10446137189865112e-1
183,11,9.01960784313725505e-1,7.84313725490196068e-2,1.76470588235294101e-1,-9.20256316661834717e-1,-4.60128158330917358e-1,7.97078859061002704e-2,3.98539429530501352e-2,-9.20079886913299561e-1,-4.60039943456649780e-1
183,12,9.80392156862745057e-1,5.88235294117647189e-2,1.32352941176470618e-1,-9.63893115520477295e-1,-4.81946557760238647e-1,6.25915333628654508e-2,3.12957666814327254e-2,-9.63708400726318359e-1,-4.81854200363159180e-1
184,0,3.92156862745098034e-2,7.84313725490196068e-2,1.76470588235294101e-1,9.58189487457275391e-1,4.79094743728637695e-1,-8.30224575474858284e-2,-4.15112287737429142e-2,9.58005726337432861e-1,4.79002863168716431e-1
184,1,1.17647058823529410e-1,7.84313725490196068e-2,1.76470588235294101e-1,9.00308907032012939e-1,4.50154453516006470e-1,-7.80072111636400112e-2,-3.90036055818200056e-2,9.00136232376098633e-1,4.50068116188049316e-1
184,2,1.96078431372549017e-1,7.84313725490196068e-2,1.76470588235294101e-1,7.88044214248657227e-1,3.94022107124328613e-1,-6.82801416143775097e-2,-3.41400708071887549e-2,7.87893056869506836e-1,3.93946528434753418e-1
184,3,2.74509803921568651e-1,7.84313725490196068e-2,1.76470588235294101e-1,6.28176808357238770e-1,3.14088404178619385e-1,-5.44283886440098397e-2,-2.72141943220049198e-2,6.28056347370147705e-1,3.14028173685073853e-1
184,4,3.52941176470588203e-1,7.84313725490196068e-2,1.76470588235294101e-1,4.30363684892654419e-1,2.15181842446327209e-1,-3.72888240963220596e-2,-1.86444120481610298e-2,4.30281132459640503e-1,2.15140566229820251e-1
184,5,4.31372549019607865e-1,7.84313725490196068e-2,1.76470588235294101e-1,2.06553995609283447e-1,1.03276997804641724e-1,-1.78969844360835628e-2,-8.94849221804178141e-3,2.06514373421669006e-1,1.03257186710834503e-1
184,6,5.09803921568627416e-1,7.84313725490196068e-2,1.76470588235294101e-1,-2.97328941524028778e-2,-1.48664470762014389e-2,2.57617982570079729e-3,1.28808991285039864e-3,-2.97271925956010818e-2,-1.48635962978005409e-2
184,7,5.88235294117647078e-1,7.84313725490196068e-2,1.76470588235294101e-1,-2.64223754405975342e-1,-1.32111877202987671e-1,2.28937744977883995e-2,1.14468872488941997e-2,-2.64173090457916260e-1,-1.32086545228958130e-1
184,8,6.66666666666666630e-1,7.84313725490196068e-2,1.76470588235294101e-1,-4.82753813266754150e-1,-2.41376906633377075e-1,4.18279465287924035e-2,2.09139732643962017e-2,-4.82661217451095581e-1,-2.41330608725547791e-1
184,9,7.45098039215686292e-1,7.84313725490196068e-2,1.76470588235294101e-1,-6.72122776508331299e-1,-3.36061388254165649e-1,5.82348581403493715e-2,2.91174290701746857e-2,-6.71993851661682129e-1,-3.35996925830841064e-1
184,10,8.23529411764705843e-1,7.84313725490196068e-2,1.76470588235294101e-1,-8.20892274379730225e-1,-4.10446137189865112e-1,7.11190167814493290e-2,3.55595083907246645e-2,-8.20734858512878418e-1,-4.10367429256439209e-1
184,11,9.01960784313725505e-1,7.84313725490196068e-2,1.76470588235294101e-1,-9.20079886913299561e-1,-4.60039943456649780e-1,7.96925822272896711e-2,3.98462911136448356e-2,-9.19903457164764404e-1,-4.59951728582382202e-1
184,12,9.80392156862745057e-1,5.88235294117647189e-2,1.32352941176470618e-1,-9.63708400726318359e-1,-4.81854200363159180e-1,6.25796495005488396e-2,3.12898247502744198e-2,-9.63523685932159424e-1,-4.81761842966079712e-1
185,0,3.92156862745098034e-2,7.84313725490196068e-2,1.76470588235294101e-1,9.58005726337432861e-1,4.79002863168716431e-1,-8.30065554007887868e-2,-4.15032777003943934e-2,9.57821965217590332e-1,4.78910982608795166e-1
185,1,1.17647058823529410e-1,7.84313725490196068e-2,1.76470588235294101e-1,9.00136232376098633e-1,4.50068116188049316e-1,-7.79922494664788274e-2,-3.89961247332394137e-2,8.99963617324829102e-1,4.49981808662414551e-1
185,2,1.96078431372549017e-1,7.84313725490196068e-2,1.76470588235294101e-1,7.87893056869506836e-1,3.93946528434753418e-1,-6.82669753208756391e-2,-3.41334876604378196e-2,7.87741959095001221e-1,3.93870979547500610e-1
185,3,2.74509803921568651e-1,7.84313725490196068e-2,1.76470588235294101e-1,6.28056347370147705e-1,3.14028173685073853e-1,-5.44180436991155148e-2,-2.72090218495577574e-2,6.27935886383056641e-1,3.13967943191528320e-1
185,4,3.52941176470588203e-1,7.84313725490196068e-2,1.76470588235294101e-1,4.30281132459640503e-1,2.15140566229820251e-1,-3.72816211078315640e-2,-1.86408105539157820e-2,4.30198609828948975e-1,2.15099304914474487e-1
185,5,4.31372549019607865e-1,7.84313725490196068e-2,1.76470588235294101e-1,2.06514373421669006e-1,1.03257186710834503e-1,-1.78935512609314507e-2,-8.94677563046572533e-3,2.06474766135215759e-1,1.03237383067607880e-1
185,6,5.09803921568627416e-1,7.84313725490196068e-2,1.76470588235294101e-1,-2.97271925956010818e-2,-1.48635962978005409e-2,2.57566150976346053e-3,1.28783075488173027e-3,-2.97214910387992859e-2,-1.48607455193996429e-2
185,7,5.88235294117647078e-1,7.84313725490196068e-2,1.76470588235294101e-1,-2.64173090457916260e-1,-1.32086545228958130e-1,2.28894275904167332e-2,1.14447137952083666e-2,-2.64122426509857178e-1,-1.32061213254928589e-1
185,8,6.66666666666666630e-1,7.84313725490196068e-2,1.76470588235294101e-1,-4.82661217451095581e-1,-2.41330608725547791e-1,4.18199099600315427e-2,2.09099549800157714e-2,-4.82568651437759399e-1,-2.41284325718879700e-1
185,9,7.45098039215686292e-1,7.84313725490196068e-2,1.76470588235294101e-1,-6.71993851661682129e-1,-3.35996925830841064e-1,5.82236154936253691e-2,2.91118077468126846e-2,-6.71864986419677734e-1,-3.35932493209838867e-1
185,10,8.23529411764705843e-1,7.84313725490196068e-2,1.76470588235294101e-1,-8.20734858512878418e-1,-4.10367429256439209e-1,7.11054230108857099e-2,3.55527115054428550e-2,-8.20577442646026611e-1,-4.10288721323013306e-1
185,11,9.01960784313725505e-1,7.84313725490196068e-2,1.76470588235294101e-1,-9.19903457164764404e-1,-4.59951728582382202e-1,7.96771930530667388e-2,3.98385965265333694e-2,-9.19727087020874023e-1,-4.59863543510437012e-1
185,12,9.80392156862745057e-1,5.88235294117647189e-2,1.32352941176470618e-1,-9.63523685932159424e-1,-4.81761842966079712e-1,6.25677656382322284e-2,3.12838828191161142e-2,-9.63339030742645264e-1,-4.81669515371322632e-1
186,0,3.92156862745098034e-2,7.84313725490196068e-2,1.76470588235294101e-1,9.57821965217590332e-1,4.78910982608795166e-1,-8.29905677586793844e-2,-4.14952838793396922e-2,9.57638263702392578e-1,4.78819131851196289e-1
186,1,1.17647058823529410e-1,7.84313725490196068e-2,1.76470588235294101e-1,8.99963617324829102e-1,4.49981808662414551e-1,-7.79773732647299767e-2,-3.89886866323649883e-2,8.99791002273559570e-1,4.49895501136779785e-1
186,2,1.96078431372549017e-1,7.84313725490196068e-2,1.76470588235294101e-1,7.87741959095001221e-1,3.93870979547500610e-1,-6.82538945227861293e-2,-3.41269472613930647e-2,7.87590861320495605e-1,3.93795430660247803e-1
186,3,2.74509803921568651e-1,7.84313725490196068e-2,1.76470588235294101e-1,6.27935886383056641e-1,3.13967943191528320e-1,-5.44075705111027041e-2,-2.72037852555513521e-2,6.27815425395965576e-1,3.13907712697982788e-1
186,4,3.52941176470588203e-1,7.84313725490196068e-2,1.76470588235294101e-1,4.30198609828948975e-1,2.15099304914474487e-1,-3.72744822409003529e-2,-1.86372411204501764e-2,4.30116087198257446e-1,2.15058043599128723e-1
186,5,4.31372549019607865e-1,7.84313725490196068e-2,1.76470588235294101e-1,2.06474766135215759e-1,1.03237383067607880e-1,-1.78901180857792830e-2,-8.94505904288964149e-3,2.06435158848762512e-1,1.03217579424381256e-1
186,6,5.09803921568627416e-1,7.84313725490196068e-2,1.76470588235294101e-1,-2.97214910387992859e-2,-1.48607455193996429e-2,2.57516456767920010e-3,1.28758228383960005e-3,-2.97157913446426392e-2,-1.48578956723213196e-2
186,7,5.88235294117647078e-1,7.84313725490196068e-2,1.76470588235294101e-1,-2.64122426509857178e-1,-1.32061213254928589e-1,2.28850379353389144e-2,1.14425189676694572e-2,-2.64071762561798096e-1,-1.32035881280899048e-1
186,8,6.66666666666666630e-1,7.84313725490196068e-2,1.76470588235294101e-1,-4.82568651437759399e-1,-2.41284325718879700e-1,4.18118733912706264e-2,2.09059366956353132e-2,-4.82476085424423218e-1,-2.41238042712211609e-1
186,9,7.45098039215686292e-1,7.84313725490196068e-2,1.76470588235294101e-1,-6.71864986419677734e-1,-3.35932493209838867e-1,5.82125010900199358e-2,2.91062505450099679e-2,-6.71736121177673340e-1,-3.35868060588836670e-1
186,10,8.23529411764705843e-1,7.84313725490196068e-2,1.76470588235294101e-1,-8.20577442646026611e-1,-4.10288721323013306e-1,7.10916582494973970e-2,3.55458291247486985e-2,-8.20420086383819580e-1,-4.10210043191909790e-1
186,11,9.01960784313725505e-1,7.84313725490196068e-2,1.76470588235294101e-1,-9.19727087020874023e-1,-4.59863543510437012e-1,7.96618893742561396e-2,3.98309446871280698e-2,-9.19550776481628418e-1,-4.59775388240814209e-1
186,12,9.80392156862745057e-1,5.88235294117647189e-2,1.32352941176470618e-1,-9.63339030742645264e-1,-4.81669515371322632e-1,6.25558817759156172e-2,3.12779408879578086e-2,-9.63154375553131104e-1,-4.81577187776565552e-1
187,0,3.92156862745098034e-2,7.84313725490196068e-2,1.76470588235294101e-1,9.57638263702392578e-1,4.78819131851196289e-1,-8.29746656119823428e-2,-4.14873328059911714e-2,9.57454621791839600e-1,4.78727310895919800e-1
187,1,1.17647058823529410e-1,7.84313725490196068e-2,1.76470588235294101e-1,8.99791002273559570e-1,4.49895501136779785e-1,-7.79624115675687651e-2,-3.89812057837843826e-2,8.99618446826934814e-1,4.49809223413467407e-1
187,2,1.96078431372549017e-1,7.84313725490196068e-2,1.76470588235294101e-1,7.87590861320495605e-1,3.93795430660247803e-1,-6.82408137246966473e-2,-3.41204068623483237e-2,7.87439823150634766e-1,3.93719911575317383e-1
187,3,2.74509803921568651e-1,7.84313725490196068e-2,1.76470588235294101e-1,6.27815425395965576e-1,3.13907712697982788e-1,-5.43970973230898103e-2,-2.71985486615449051e-2,6.27695024013519287e-1,3.13847512006759644e-1
187,4,3.52941176470588203e-1,7.84313725490196068e-2,1.76470588235294101e-1,4.30116087198257446e-1,2.15058043599128723e-1,-3.72673433739691973e-2,-1.86336716869845986e-2,4.30033594369888306e-1,2.15016797184944153e-1
187,5,4.31372549019607865e-1,7.84313725490196068e-2,1.76470588235294101e-1,2.06435158848762512e-1,1.03217579424381256e-1,-1.78866875823587290e-2,-8.94334379117936451e-3,2.06395566463470459e-1,1.03197783231735229e-1
187,6,5.09803921568627416e-1,7.84313725490196068e-2,1.76470588235294101e-1,-2.97157913446426392e-2,-1.48578956723213196e-2,2.57467296905816712e-3,1.28733648452908356e-3,-2.97100916504859924e-2,-1.48550458252429962e-2
187,7,5.88235294117647078e-1,7.84313725490196068e-2,1.76470588235294101e-1,-2.64071762561798096e-1,-1.32035881280899048e-1,2.28806456085294263e-2,1.14403228042647132e-2,-2.64021128416061401e-1,-1.32010564208030701e-1
187,8,6.66666666666666630e-1,7.84313725490196068e-2,1.76470588235294101e-1,-4.82476085424423218e-1,-2.41238042712211609e-1,4.18038368225097656e-2,2.09019184112548828e-2,-4.82383549213409424e-1,-2.41191774606704712e-1
187,9,7.45098039215686292e-1,7.84313725490196068e-2,1.76470588235294101e-1,-6.71736121177673340e-1,-3.35868060588836670e-1,5.82013011910021139e-2,2.91006505955010569e-2,-6.71607315540313721e-1,-3.35803657770156860e-1
187,10,8.23529411764705843e-1,7.84313725490196068e-2,1.76470588235294101e-1,-8.20420086383819580e-1,-4.10210043191909790e-1,7.10779789835214726e-2,3.55389894917607363e-2,-8.20262730121612549e-1,-4.10131365060806274e-1
187,11,9.01960784313725505e-1,7.84313725490196068e-2,1.76470588235294101e-1,-9.19550776481628418e-1,-4.59775388240814209e-1,7.96466711908578873e-2,3.98233355954289436e-2,-9.19374465942382812e-1,-4.59687232971191406e-1
187,12,9.80392156862745057e-1,5.88235294117647189e-2,1.32352941176470618e-1,-9.63154375553131104e-1,-4.81577187776565552e-1,6.25439124181866590e-2,3.12719562090933295e-2,-9.62969779968261719e-1,-4.81484889984130859e-1
188,0,3.92156862745098034e-2,7.84313725490196068e-2,1.76470588235294101e-1,9.57454621791839600e-1,4.78727310895919800e-1,-8.29587634652853012e-2,-4.14793817326426506e-2,9.57270979881286621e-1,4.78635489940643311e-1
188,1,1.17647058823529410e-1,7.84313725490196068e-2,1.76470588235294101e-1,8.99618446826934814e-1,4.49809223413467407e-1,-7.79474498704075813e-2,-3.89737249352037907e-2,8.99445891380310059e-1,4.49722945690155029e-1
188,2,1.96078431372549017e-1,7.84313725490196068e-2,1.76470588235294101e-1,7.87439823150634766e-1,3.93719911575317383e-1,-6.82277329266071375e-2,-3.41138664633035688e-2,7.87288784980773926e-1,3.93644392490386963e-1
188,3,2.74509803921568651e-1,7.84313725490196068e-2,1.76470588235294101e-1,6.27695024013519287e-1,3.13847512006759644e-1,-5.43866668827831801e-2,-2.71933334413915900e-2,6.27574622631072998e-1,3.13787311315536499e-1
188,4,3.52941176470588203e-1,7.84313725490196068e-2,1.76470588235294101e-1,4.30033594369888306e-1,2.15016797184944153e-1,-3.72601831331849098e-2,-1.86300915665924549e-2,4.29951131343841553e-1,2.14975565671920776e-1
188,5,4.31372549019607865e-1,7.84313725490196068e-2,1.76470588235294101e-1,2.06395566463470459e-1,1.03197783231735229e-1,-1.78832570789381751e-2,-8.94162853946908753e-3,2.06355974078178406e-1,1.03177987039089203e-1
188,6,5.09803921568627416e-1,7.84313725490196068e-2,1.76470588235294101e-1,-2.97100916504859924e-2,-1.48550458252429962e-2,2.57415999658405781e-3,1.28707999829202890e-3,-2.97043938189744949e-2,-1.48521969094872475e-2
188,7,5.88235294117647078e-1,7.84313725490196068e-2,1.76470588235294101e-1,-2.64021128416061401e-1,-1.32010564208030701e-1,2.28762960294261464e-2,1.14381480147130732e-2,-2.63970494270324707e-1,-1.31985247135162354e-1
188,8,6.66666666666666630e-1,7.84313725490196068e-2,1.76470588235294101e-1,-4.82383549213409424e-1,-2.41191774606704712e-1,4.17957575060427522e-2,2.08978787530213761e-2,-4.82291042804718018e-1,-2.41145521402359009e-1
188,9,7.45098039215686292e-1,7.84313725490196068e-2,1.76470588235294101e-1,-6.71607315540313721e-1,-3.35803657770156860e-1,5.81902295351028331e-2,2.90951147675514166e-2,-6.71478509902954102e-1,-3.35739254951477051e-1
188,10,8.23529411764705843e-1,7.84313725490196068e-2,1.76470588235294101e-1,-8.20262730121612549e-1,-4.10131365060806274e-1,7.10642142221331596e-2,3.55321071110665798e-2,-8.20105433464050293e-1,-4.10052716732025146e-1
188,11,9.01960784313725505e-1,7.84313725490196068e-2,1.76470588235294101e-1,-9.19374465942382812e-1,-4.59687232971191406e-1,7.96313675120472880e-2,3.98156837560236440e-2,-9.19198215007781982e-1,-4.59599107503890991e-1
188,12,9.80392156862745057e-1,5.88235294117647189e-2,1.32352941176470618e-1,-9.62969779968261719e-1,-4.81484889984130859e-1,6.25320285558700478e-2,3.12660142779350239e-2,-9.62785243988037109e-1,-4.81392621994018555e-1
189,0,3.92156862745098034e-2,7.84313725490196068e-2,1.76470588235294101e-1,9.57270979881286621e-1,4.78635489940643311e-1,-8.29428613185882596e-2,-4.14714306592941298e-2,9.57087397575378418e-1,4.78543698787689209e-1
189,1,1.17647058823529410e-1,7.84313725490196068e-2,1.76470588235294101e-1,8.99445891380310059e-1,4.49722945690155029e-1,-7.79324881732463698e-2,-3.89662440866231849e-2,8.99273395538330078e-1,4.49636697769165039e-1
189,2,1.96078431372549017e-1,7.84313725490196068e-2,1.76470588235294101e-1,7.87288784980773926e-1,3.93644392490386963e-1,-6.82146521285176277e-2,-3.41073260642588139e-2,7.87137806415557861e-1,3.93568903207778931e-1
189,3,2.74509803921568651e-1,7.84313725490196068e-2,1.76470588235294101e-1,6.27574622631072998e-1,3.13787311315536499e-1,-5.43761936947703139e-2,-2.71880968473851570e-2,6.27454280853271484e-1,3.13727140426635742e-1
189,4,3.52941176470588203e-1,7.84313725490196068e-2,1.76470588235294101e-1,4.29951131343841553e-1,2.14975565671920776e-1,-3.72531083878129832e-2,-1.86265541939064916e-2,4.29868668317794800e-1,2.14934334158897400e-1
189,5,4.31372549019607865e-1,7.84313725490196068e-2,1.76470588235294101e-1,2.06355974078178406e-1,1.03177987039089203e-1,-1.78797864995431377e-2,-8.93989324977156885e-3,2.06316396594047546e-1,1.03158198297023773e-1
189,6,5.09803921568627416e-1,7.84313725490196068e-2,1.76470588235294101e-1,-2.97043938189744949e-2,-1.48521969094872475e-2,2.57365236757323146e-3,1.28682618378661573e-3,-2.96986978501081467e-2,-1.48493489250540733e-2
189,7,5.88235294117647078e-1,7.84313725490196068e-2,1.76470588235294101e-1,-2.63970494270324707e-1,-1.31985247135162354e-1,2.28719010308850446e-2,1.14359505154425223e-2,-2.63919860124588013e-1,-1.31959930062294006e-1
189,8,6.66666666666666630e-1,7.84313725490196068e-2,1.76470588235294101e-1,-4.82291042804718018e-1,-2.41145521402359009e-1,4.17877636849880441e-2,2.08938818424940220e-2,-4.82198536396026611e-1,-2.41099268198013306e-1
189,9,7.45098039215686292e-1,7.84313725490196068e-2,1.76470588235294101e-1,-6.71478509902954102e-1,-3.35739254951477051e-1,5.81790296360850390e-2,2.90895148180425195e-2,-6.71349704265594482e-1,-3.35674852132797241e-1
189,10,8.23529411764705843e-1,7.84313725490196068e-2,1.76470588235294101e-1,-8.20105433464050293e-1,-4.10052716732025146e-1,7.10505349561572075e-2,3.55252674780786037e-2,-8.19948136806488037e-1,-4.09974068403244019e-1
189,11,9.01960784313725505e-1,7.84313725490196068e-2,1.76470588235294101e-1,-9.19198215007781982e-1,-4.59599107503890991e-1,7.96160638332366749e-2,3.98080319166183375e-2,-9.19021964073181152e-1,-4.59510982036590576e-1
189,12,9.80392156862745057e-1,5.88235294117647189e-2,1.32352941176470618e-1,-9.62785243988037109e-1,-4.81392621994018555e-1,6.25201446935534505e-2,3.12600723467767252e-2,-9.62600708007812500e-1,-4.81300354003906250e-1
190,0,3.92156862745098034e-2,7.84313725490196068e-2,1.76470588235294101e-1,9.57087397575378418e-1,4.78543698787689209e-1,-8.29269591718912041e-2,-4.14634795859456021e-2,9.56903815269470215e-1,4.78451907634735107e-1
190,1,1.17647058823529410e-1,7.84313725490196068e-2,1.76470588235294101e-1,8.99273395538330078e-1,4.49636697769165039e-1,-7.79175264760851999e-2,-3.89587632380425999e-2,8.99100899696350098e-1,4.49550449848175049e-1
190,2,1.96078431372549017e-1,7.84313725490196068e-2,1.76470588235294101e-1,7.87137806415557861e-1,3.93568903207778931e-1,-6.82015713304281179e-2,-3.41007856652140590e-2,7.86986827850341797e-1,3.93493413925170898e-1
190,3,2.74509803921568651e-1,7.84313725490196068e-2,1.76470588235294101e-1,6.27454280853271484e-1,3.13727140426635742e-1,-5.43658060021698364e-2,-2.71829030010849182e-2,6.27333939075469971e-1,3.13666969537734985e-1
190,4,3.52941176470588203e-1,7.84313725490196068e-2,1.76470588235294101e-1,4.29868668317794800e-1,2.14934334158897400e-1,-3.72459267731756194e-2,-1.86229633865878097e-2,4.29786235094070435e-1,2.14893117547035217e-1
190,5,4.31372549019607865e-1,7.84313725490196068e-2,1.76470588235294101e-1,2.06316396594047546e-1,1.03158198297023773e-1,-1.78763613395858112e-2,-8.93818066979290560e-3,2.06276819109916687e-1,1.03138409554958344e-1
190,6,5.09803921568627416e-1,7.84313725490196068e-2,1.76470588235294101e-1,-2.96986978501081467e-2,-1.48493489250540733e-2,2.57317145587876439e-3,1.28658572793938220e-3,-2.96930018812417984e-2,-1.48465009406208992e-2
190,7,5.88235294117647078e-1,7.84313725490196068e-2,1.76470588235294101e-1,-2.63919860124588013e-1,-1.31959930062294006e-1,2.28675033606122735e-2,1.14337516803061368e-2,-2.63869255781173706e-1,-1.31934627890586853e-1
190,8,6.66666666666666630e-1,7.84313725490196068e-2,1.76470588235294101e-1,-4.82198536396026611e-1,-2.41099268198013306e-1,4.17797698639333359e-2,2.08898849319666680e-2,-4.82106059789657593e-1,-2.41053029894828796e-1
190,9,7.45098039215686292e-1,7.84313725490196068e-2,1.76470588235294101e-1,-6.71349704265594482e-1,-3.35674852132797241e-1,5.81678297370672170e-2,2.90839148685336085e-2,-6.71220958232879639e-1,-3.35610479116439819e-1
190,10,8.23529411764705843e-1,7.84313725490196068e-2,1.76470588235294101e-1,-8.19948136806488037e-1,-4.09974068403244019e-1,7.10368556901812553e-2,3.55184278450906277e-2,-8.19790899753570557e-1,-4.09895449876785278e-1
190,11,9.01960784313725505e-1,7.84313725490196068e-2,1.76470588235294101e-1,-9.19021964073181152e-1,-4.59510982036590576e-1,7.96007601544261034e-2,3.98003800772130517e-2,-9.18845772743225098e-1,-4.59422886371612549e-1
190,12,9.80392156862745057e-1,5.88235294117647189e-2,1.32352941176470618e-1,-9.62600708007812500e-1,-4.81300354003906250e-1,6.25082608312368393e-2,3.12541304156184196e-2,-9.62416231632232666e-1,-4.81208115816116333e-1
191,0,3.92156862745098034e-2,7.84313725490196068e-2,1.76470588235294101e-1,9.56903815269470215e-1,4.78451907634735107e-1,-8.29110570251941625e-2,-4.14555285125970813e-2,9.56720292568206787e-1,4.78360146284103394e-1
191,1,1.17647058823529410e-1,7.84313725490196068e-2,1.76470588235294101e-1,8.99100899696350098e-1,4.49550449848175049e-1,-7.79025647789239883e-2,-3.89512823894619942e-2,8.98928463459014893e-1,4.49464231729507446e-1
191,2,1.96078431372549017e-1,7.84313725490196068e-2,1.76470588235294101e-1,7.86986827850341797e-1,3.93493413925170898e-1,-6.81884905323386081e-2,-3.40942452661693041e-2,7.86835908889770508e-1,3.93417954444885254e-1
191,3,2.74509803921568651e-1,7.84313725490196068e-2,1.76470588235294101e-1,6.27333939075469971e-1,3.13666969537734985e-1,-5.43553755618631784e-2,-2.71776877809315892e-2,6.27213597297668457e-1,3.13606798648834229e-1
191,4,3.52941176470588203e-1,7.84313725490196068e-2,1.76470588235294101e-1,4.29786235094070435e-1,2.14893117547035217e-1,-3.72388306539505609e-2,-1.86194153269752805e-2,4.29703801870346069e-1,2.14851900935173035e-1
191,5,4.31372549019607865e-1,7.84313725490196068e-2,1.76470588235294101e-1,2.06276819109916687e-1,1.03138409554958344e-1,-1.78728934319224431e-2,-8.93644671596122153e-3,2.06237256526947021e-1,1.03118628263473511e-1
191,6,5.09803921568627416e-1,7.84313725490196068e-2,1.76470588235294101e-1,-2.96930018812417984e-2,-1.48465009406208992e-2,2.57264779647814468e-3,1.28632389823907234e-3,-2.96873077750205994e-2,-1.48436538875102997e-2
191,7,5.88235294117647078e-1,7.84313725490196068e-2,1.76470588235294101e-1,-2.63869255781173706e-1,-1.31934627890586853e-1,2.28631484380457106e-2,1.14315742190228553e-2,-2.63818651437759399e-1,-1.31909325718879700e-1
191,8,6.66666666666666630e-1,7.84313725490196068e-2,1.76470588235294101e-1,-4.82106059789657593e-1,-2.41053029894828796e-1,4.17717332951724751e-2,2.08858666475862376e-2,-4.82013583183288574e-1,-2.41006791591644287e-1
191,9,7.45098039215686292e-1,7.84313725490196068e-2,1.76470588235294101e-1,-6.71220958232879639e-1,-3.35610479116439819e-1,5.81566725857555755e-2,2.90783362928777878e-2,-6.71092212200164795e-1,-3.35546106100082397e-1
191,10,8.23529411764705843e-1,7.84313725490196068e-2,1.76470588235294101e-1,-8.19790899753570557e-1,-4.09895449876785278e-1,7.10231764242053032e-2,3.55115882121026516e-2,-8.19633662700653076e-1,-4.09816831350326538e-1
191,11,9.01960784313725505e-1,7.84313725490196068e-2,1.76470588235294101e-1,-9.18845772743225098e-1,-4.59422886371612549e-1,7.95854564756155042e-2,3.97927282378077521e-2,-9.18669581413269043e-1,-4.59334790706634521e-1
191,12,9.80392156862745057e-1,5.88235294117647189e-2,1.32352941176470618e-1,-9.62416231632232666e-1,-4.81208115816116333e-1,6.24963769689202281e-2,3.12481884844601140e-2,-9.62231755256652832e-1,-4.81115877628326416e-1
192,0,3.92156862745098034e-2,7.84313725490196068e-2,1.76470588235294101e-1,9.56720292568206787e-1,4.78360146284103394e-1,-8.28951548784971209e-2,-4.14475774392485605e-2,9.56536829471588135e-1,4.78268414735794067e-1
192,1,1.17647058823529410e-1,7.84313725490196068e-2,1.76470588235294101e-1,8.98928463459014893e-1,4.49464231729507446e-1,-7.78876030817627768e-2,-3.89438015408813884e-2,8.98756027221679688e-1,4.49378013610839844e-1
192,2,1.96078431372549017e-1,7.84313725490196068e-2,1.76470588235294101e-1,7.86835908889770508e-1,3.93417954444885254e-1,-6.81754952296614869e-2,-3.40877476148307434e-2,7.86684989929199219e-1,3.93342494964599609e-1
192,3,2.74509803921568651e-1,7.84313725490196068e-2,1.76470588235294101e-1,6.27213597297668457e-1,3.13606798648834229e-1,-5.43448596261441319e-2,-2.71724298130720660e-2,6.27093315124511719e-1,3.13546657562255859e-1
192,4,3.52941176470588203e-1,7.84313725490196068e-2,1.76470588235294101e-1,4.29703801870346069e-1,2.14851900935173035e-1,-3.72317131608724816e-2,-1.86158565804362408e-2,4.29621398448944092e-1,2.14810699224472046e-1
192,5,4.31372549019607865e-1,7.84313725490196068e-2,1.76470588235294101e-1,2.06237256526947021e-1,1.03118628263473511e-1,-1.78694709436967858e-2,-8.93473547184839290e-3,2.06197708845138550e-1,1.03098854422569275e-1
192,6,5.09803921568627416e-1,7.84313725490196068e-2,1.76470588235294101e-1,-2.96873077750205994e-2,-1.48436538875102997e-2,2.57215085439382873e-3,1.28607542719691437e-3,-2.96816136687994003e-2,-1.48408068343997002e-2
192,7,5.88235294117647078e-1,7.84313725490196068e-2,1.76470588235294101e-1,-2.63818651437759399e-1,-1.31909325718879700e-1,2.28587908437475340e-2,1.14293954218737670e-2,-2.63768047094345093e-1,-1.31884023547172546e-1
192,8,6.66666666666666630e-1,7.84313725490196068e-2,1.76470588235294101e-1,-4.82013583183288574e-1,-2.41006791591644287e-1,4.17636967264116143e-2,2.08818483632058072e-2,-4.81921136379241943e-1,-2.40960568189620972e-1
192,9,7.45098039215686292e-1,7.84313725490196068e-2,1.76470588235294101e-1,-6.71092212200164795e-1,-3.35546106100082397e-1,5.81455154344439340e-2,2.90727577172219670e-2,-6.70963525772094727e-1,-3.35481762886047363e-1
192,10,8.23529411764705843e-1,7.84313725490196068e-2,1.76470588235294101e-1,-8.19633662700653076e-1,-4.09816831350326538e-1,7.10094971582293510e-2,3.55047485791146755e-2,-8.19476485252380371e-1,-4.09738242626190186e-1
192,11,9.01960784313725505e-1,7.84313725490196068e-2,1.76470588235294101e-1,-9.18669581413269043e-1,-4.59334790706634521e-1,7.95701527968049049e-2,3.97850763984024525e-2,-9.18493449687957764e-1,-4.59246724843978882e-1
192,12,9.80392156862745057e-1,5.88235294117647189e-2,1.32352941176470618e-1,-9.62231755256652832e-1,-4.81115877628326416e-1,6.24844931066036238e-2,3.12422465533018119e-2,-9.62047338485717773e-1,-4.81023669242858887e-1
193,0,3.92156862745098034e-2,7.84313725490196068e-2,1.76470588235294101e-1,9.56536829471588135e-1,4.78268414735794067e-1,-8.28793382272124263e-2,-4.14396691136062131e-2,9.56353366374969482e-1,4.78176683187484741e-1
193,1,1.17647058823529410e-1,7.84313725490196068e-2,1.76470588235294101e-1,8.98756027221679688e-1,4.49378013610839844e-1,-7.78725558891892461e-2,-3.89362779445946230e-2,8.98583650588989258e-1,4.49291825294494629e-1
193,2,1.96078431372549017e-1,7.84313725490196068e-2,1.76470588235294101e-1,7.86684989929199219e-1,3.93342494964599609e-1,-6.81624144315719493e-2,-3.40812072157859747e-2,7.86534130573272705e-1,3.93267065286636353e-1
193,3,2.74509803921568651e-1,7.84313725490196068e-2,1.76470588235294101e-1,6.27093315124511719e-1,3.13546657562255859e-1,-5.43344719335436821e-2,-2.71672359667718410e-2,6.26973032951354980e-1,3.13486516475677490e-1
193,4,3.52941176470588203e-1,7.84313725490196068e-2,1.76470588235294101e-1,4.29621398448944092e-1,2.14810699224472046e-1,-3.72245742939412705e-2,-1.86122871469706352e-2,4.29538995027542114e-1,2.14769497513771057e-1
193,5,4.31372549019607865e-1,7.84313725490196068e-2,1.76470588235294101e-1,2.06197708845138550e-1,1.03098854422569275e-1,-1.78660484554711840e-2,-8.93302422773559202e-3,2.06158161163330078e-1,1.03079080581665039e-1
193,6,5.09803921568627416e-1,7.84313725490196068e-2,1.76470588235294101e-1,-2.96816136687994003e-2,-1.48408068343997002e-2,2.57167528616264462e-3,1.28583764308132231e-3,-2.96759214252233505e-2,-1.48379607126116753e-2
193,7,5.88235294117647078e-1,7.84313725490196068e-2,1.76470588235294101e-1,-2.63768047094345093e-1,-1.31884023547172546e-1,2.28543905017432047e-2,1.14271952508716024e-2,-2.63717472553253174e-1,-1.31858736276626587e-1
193,8,6.66666666666666630e-1,7.84313725490196068e-2,1.76470588235294101e-1,-4.81921136379241943e-1,-2.40960568189620972e-1,4.17556601576506980e-2,2.08778300788253490e-2,-4.81828719377517700e-1,-2.40914359688758850e-1
193,9,7.45098039215686292e-1,7.84313725490196068e-2,1.76470588235294101e-1,-6.70963525772094727e-1,-3.35481762886047363e-1,5.81344010308385006e-2,2.90672005154192503e-2,-6.70834839344024658e-1,-3.35417419672012329e-1
193,10,8.23529411764705843e-1,7.84313725490196068e-2,1.76470588235294101e-1,-8.19476485252380371e-1,-4.09738242626190186e-1,7.09958178922533989e-2,3.54979089461266994e-2,-8.19319307804107666e-1,-4.09659653902053833e-1
193,11,9.01960784313725505e-1,7.84313725490196068e-2,1.76470588235294101e-1,-9.18493449687957764e-1,-4.59246724843978882e-1,7.95548491179942918e-2,3.97774245589971459e-2,-9.18317377567291260e-1,-4.59158688783645630e-1
193,12,9.80392156862745057e-1,5.88235294117647189e-2,1.32352941176470618e-1,-9.62047338485717773e-1,-4.81023669242858887e-1,6.24726092442870126e-2,3.12363046221435063e-2,-9.61862981319427490e-1,-4.80931490659713745e-1
194,0,3.92156862745098034e-2,7.84313725490196068e-2,1.76470588235294101e-1,9.56353366374969482e-1,4.78176683187484741e-1,-8.28634360805153847e-2,-4.14317180402576923e-2,9.56169962882995605e-1,4.78084981441497803e-1
194,1,1.17647058823529410e-1,7.84313725490196068e-2,1.76470588235294101e-1,8.98583650588989258e-1,4.49291825294494629e-1,-7.78575941920280346e-2,-3.89287970960140173e-2,8.98411333560943604e-1,4.49205666780471802e-1
194,2,1.96078431372549017e-1,7.84313725490196068e-2,1.76470588235294101e-1,7.86534130573272705e-1,3.93267065286636353e-1,-6.81494191288948004e-2,-3.40747095644474002e-2,7.86383271217346191e-1,3.93191635608673096e-1
194,3,2.74509803921568651e-1,7.84313725490196068e-2,1.76470588235294101e-1,6.26973032951354980e-1,3.13486516475677490e-1,-5.43239987455308715e-2,-2.71619993727654357e-2,6.26852810382843018e-1,3.13426405191421509e-1
194,4,3.52941176470588203e-1,7.84313725490196068e-2,1.76470588235294101e-1,4.29538995027542114e-1,2.14769497513771057e-1,-3.72174354270100594e-2,-1.86087177135050297e-2,4.29456621408462524e-1,2.14728310704231262e-1
194,5,4.31372549019607865e-1,7.84313725490196068e-2,1.76470588235294101e-1,2.06158161163330078e-1,1.03079080581665039e-1,-1.78626286389771405e-2,-8.93131431948857024e-3,2.06118628382682800e-1,1.03059314191341400e-1
194,6,5.09803921568627416e-1,7.84313725490196068e-2,1.76470588235294101e-1,-2.96759214252233505e-2,-1.48379607126116753e-2,2.57116231368853532e-3,1.28558115684426766e-3,-2.96702291816473007e-2,-1.48351145908236504e-2
194,7,5.88235294117647078e-1,7.84313725490196068e-2,1.76470588235294101e-1,-2.63717472553253174e-1,-1.31858736276626587e-1,2.28500302357133589e-2,1.14250151178566794e-2,-2.63666898012161255e-1,-1.31833449006080627e-1
194,8,6.66666666666666630e-1,7.84313725490196068e-2,1.76470588235294101e-1,-4.81828719377517700e-1,-2.40914359688758850e-1,4.17476663365959899e-2,2.08738331682979950e-2,-4.81736302375793457e-1,-2.40868151187896729e-1
194,9,7.45098039215686292e-1,7.84313725490196068e-2,1.76470588235294101e-1,-6.70834839344024658e-1,-3.35417419672012329e-1,5.81232438795268591e-2,2.90616219397634296e-2,-6.70706152915954590e-1,-3.35353076457977295e-1
194,10,8.23529411764705843e-1,7.84313725490196068e-2,1.76470588235294101e-1,-8.19319307804107666e-1,-4.09659653902053833e-1,7.09820531308650859e-2,3.54910265654325430e-2,-8.19162189960479736e-1,-4.09581094980239868e-1
194,11,9.01960784313725505e-1,7.84313725490196068e-2,1.76470588235294101e-1,-9.18317377567291260e-1,-4.59158688783645630e-1,7.95396309345960673e-2,3.97698154672980336e-2,-9.18141305446624756e-1,-4.59070652723312378e-1
194,12,9.80392156862745057e-1,5.88235294117647189e-2,1.32352941176470618e-1,-9.61862981319427490e-1,-4.80931490659713745e-1,6.24607253819704014e-2,3.12303626909852007e-2,-9.61678624153137207e-1,-4.80839312076568604e-1
195,0,3.92156862745098034e-2,7.84313725490196068e-2,1.76470588235294101e-1,9.56169962882995605e-1,4.78084981441497803e-1,-8.28475339338183431e-2,-4.14237669669091715e-2,9.55986559391021729e-1,4.77993279695510864e-1
195,1,1.17647058823529410e-1,7.84313725490196068e-2,1.76470588235294101e-1,8.98411333560943604e-1,4.49205666780471802e-1,-7.78427179902791838e-2,-3.89213589951395919e-2,8.98239016532897949e-1,4.49119508266448975e-1
195,2,1.96078431372549017e-1,7.84313725490196068e-2,1.76470588235294101e-1,7.86383271217346191e-1,3.93191635608673096e-1,-6.81362528353929575e-2,-3.40681264176964788e-2,7.86232471466064453e-1,3.93116235733032227e-1
195,3,2.74509803921568651e-1,7.84313725490196068e-2,1.76470588235294101e-1,6.26852810382843018e-1,3.13426405191421509e-1,-5.43136538006365466e-2,-2.71568269003182733e-2,6.26732587814331055e-1,3.13366293907165527e-1
195,4,3.52941176470588203e-1,7.84313725490196068e-2,1.76470588235294101e-1,4.29456621408462524e-1,2.14728310704231262e-1,-3.72102751862257719e-2,-1.86051375931128860e-2,4.29374247789382935e-1,2.14687123894691467e-1
195,5,4.31372549019607865e-1,7.84313725490196068e-2,1.76470588235294101e-1,2.06118628382682800e-1,1.03059314191341400e-1,-1.78592088224831524e-2,-8.92960441124157622e-3,2.06079095602035522e-1,1.03039547801017761e-1
195,6,5.09803921568627416e-1,7.84313725490196068e-2,1.76470588235294101e-1,-2.96702291816473007e-2,-1.48351145908236504e-2,2.57067071506750233e-3,1.28533535753375117e-3,-2.96645388007164001e-2,-1.48322694003582001e-2
195,7,5.88235294117647078e-1,7.84313725490196068e-2,1.76470588235294101e-1,-2.63666898012161255e-1,-1.31833449006080627e-1,2.28456699696835130e-2,1.14228349848417565e-2,-2.63616323471069336e-1,-1.31808161735534668e-1
195,8,6.66666666666666630e-1,7.84313725490196068e-2,1.76470588235294101e-1,-4.81736302375793457e-1,-2.40868151187896729e-1,4.17396725155413373e-2,2.08698362577706686e-2,-4.81643915176391602e-1,-2.40821957588195801e-1
195,9,7.45098039215686292e-1,7.84313725490196068e-2,1.76470588235294101e-1,-6.70706152915954590e-1,-3.35353076457977295e-1,5.81120012328028568e-2,2.90560006164014284e-2,-6.70577526092529297e-1,-3.35288763046264648e-1
195,10,8.23529411764705843e-1,7.84313725490196068e-2,1.76470588235294101e-1,-8.19162189960479736e-1,-4.09581094980239868e-1,7.09684593603014946e-2,3.54842296801507473e-2,-8.19005072116851807e-1,-4.09502536058425903e-1
195,11,9.01960784313725505e-1,7.84313725490196068e-2,1.76470588235294101e-1,-9.18141305446624756e-1,-4.59070652723312378e-1,7.95243272557854541e-2,3.97621636278927271e-2,-9.17965292930603027e-1,-4.58982646465301514e-1
195,12,9.80392156862745057e-1,5.88235294117647189e-2,1.32352941176470618e-1,-9.61678624153137207e-1,-4.80839312076568604e-1,6.24488415196537971e-2,3.12244207598268986e-2,-9.61494326591491699e-1,-4.80747163295745850e-1
196,0,3.92156862745098034e-2,7.84313725490196068e-2,1.76470588235294101e-1,9.55986559391021729e-1,4.77993279695510864e-1,-8.28316317871212876e-2,-4.14158158935606438e-2,9.55803215503692627e-1,4.77901607751846313e-1
196,1,1.17647058823529410e-1,7.84313725490196068e-2,1.76470588235294101e-1,8.98239016532897949e-1,4.49119508266448975e-1,-7.78277562931180139e-2,-3.89138781465590070e-2,8.98066759109497070e-1,4.49033379554748535e-1
196,2,1.96078431372549017e-1,7.84313725490196068e-2,1.76470588235294101e-1,7.86232471466064453e-1,3.93116235733032227e-1,-6.81232575327157808e-2,-3.40616287663578904e-2,7.86081671714782715e-1,3.93040835857391357e-1
196,3,2.74509803921568651e-1,7.84313725490196068e-2,1.76470588235294101e-1,6.26732587814331055e-1,3.13366293907165527e-1,-5.43032233603298886e-2,-2.71516116801649443e-2,6.26612365245819092e-1,3.13306182622909546e-1
196,4,3.52941176470588203e-1,7.84313725490196068e-2,1.76470588235294101e-1,4.29374247789382935e-1,2.14687123894691467e-1,-3.72031149454414845e-2,-1.86015574727207422e-2,4.29291903972625732e-1,2.14645951986312866e-1
196,5,4.31372549019607865e-1,7.84313725490196068e-2,1.76470588235294101e-1,2.06079095602035522e-1,1.03039547801017761e-1,-1.78557916777208336e-2,-8.92789583886041682e-3,2.06039577722549438e-1,1.03019788861274719e-1
196,6,5.09803921568627416e-1,7.84313725490196068e-2,1.76470588235294101e-1,-2.96645388007164001e-2,-1.48322694003582001e-2,2.57018445990980782e-3,1.28509222995490391e-3,-2.96588502824306488e-2,-1.48294251412153244e-2
196,7,5.88235294117647078e-1,7.84313725490196068e-2,1.76470588235294101e-1,-2.63616323471069336e-1,-1.31808161735534668e-1,2.28412642842158453e-2,1.14206321421079227e-2,-2.63565748929977417e-1,-1.31782874464988708e-1
196,8,6.66666666666666630e-1,7.84313725490196068e-2,1.76470588235294101e-1,-4.81643915176391602e-1,-2.40821957588195801e-1,4.17316786944866291e-2,2.08658393472433146e-2,-4.81551527976989746e-1,-2.40775763988494873e-1
196,9,7.45098039215686292e-1,7.84313725490196068e-2,1.76470588235294101e-1,-6.70577526092529297e-1,-3.35288763046264648e-1,5.81008868291974234e-2,2.90504434145987117e-2,-6.70448899269104004e-1,-3.35224449634552002e-1
196,10,8.23529411764705843e-1,7.84313725490196068e-2,1.76470588235294101e-1,-8.19005072116851807e-1,-4.09502536058425903e-1,7.09546945989131816e-2,3.54773472994565908e-2,-8.18848013877868652e-1,-4.09424006938934326e-1
196,11,9.01960784313725505e-1,7.84313725490196068e-2,1.76470588235294101e-1,-9.17965292930603027e-1,-4.58982646465301514e-1,7.95091090723872157e-2,3.97545545361936078e-2,-9.17789280414581299e-1,-4.58894640207290649e-1
196,12,9.80392156862745057e-1,5.88235294117647189e-2,1.32352941176470618e-1,-9.61494326591491699e-1,-4.80747163295745850e-1,6.24369576573371859e-2,3.12184788286685930e-2,-9.61310029029846191e-1,-4.80655014514923096e-1
197,0,3.92156862745098034e-2,7.84313725490196068e-2,1.76470588235294101e-1,9.55803215503692627e-1,4.77901607751846313e-1,-8.28157296404242460e-2,-4.14078648202121230e-2,9.55619871616363525e-1,4.77809935808181763e-1
197,1,1.17647058823529410e-1,7.84313725490196068e-2,1.76470588235294101e-1,8.98066759109497070e-1,4.49033379554748535e-1,-7.78128800913691632e-2,-3.89064400456845816e-2,8.97894501686096191e-1,4.48947250843048096e-1
197,2,1.96078431372549017e-1,7.84313725490196068e-2,1.76470588235294101e-1,7.86081671714782715e-1,3.93040835857391357e-1,-6.81101767346262710e-2,-3.40550883673131355e-2,7.85930931568145752e-1,3.92965465784072876e-1
197,3,2.74509803921568651e-1,7.84313725490196068e-2,1.76470588235294101e-1,6.26612365245819092e-1,3.13306182622909546e-1,-5.42927501723170225e-2,-2.71463750861585112e-2,6.26492202281951904e-1,3.13246101140975952e-1
197,4,3.52941176470588203e-1,7.84313725490196068e-2,1.76470588235294101e-1,4.29291903972625732e-1,2.14645951986312866e-1,-3.71960188262164815e-2,-1.85980094131082407e-2,4.29209560155868530e-1,2.14604780077934265e-1
197,5,4.31372549019607865e-1,7.84313725490196068e-2,1.76470588235294101e-1,2.06039577722549438e-1,1.03019788861274719e-1,-1.78523772046901286e-2,-8.92618860234506428e-3,2.06000059843063354e-1,1.03000029921531677e-1
197,6,5.09803921568627416e-1,7.84313725490196068e-2,1.76470588235294101e-1,-2.96588502824306488e-2,-1.48294251412153244e-2,2.56972492206841707e-3,1.28486246103420854e-3,-2.96531617641448975e-2,-1.48265808820724487e-2
197,7,5.88235294117647078e-1,7.84313725490196068e-2,1.76470588235294101e-1,-2.63565748929977417e-1,-1.31782874464988708e-1,2.28368559270166194e-2,1.14184279635083097e-2,-2.63515204191207886e-1,-1.31757602095603943e-1
197,8,6.66666666666666630e-1,7.84313725490196068e-2,1.76470588235294101e-1,-4.81551527976989746e-1,-2.40775763988494873e-1,4.17236848734319210e-2,2.08618424367159605e-2,-4.81459170579910278e-1,-2.40729585289955139e-1
197,9,7.45098039215686292e-1,7.84313725490196068e-2,1.76470588235294101e-1,-6.70448899269104004e-1,-3.35224449634552002e-1,5.80896869301795737e-2,2.90448434650897869e-2,-6.70320332050323486e-1,-3.35160166025161743e-1
197,10,8.23529411764705843e-1,7.84313725490196068e-2,1.76470588235294101e-1,-8.18848013877868652e-1,-4.09424006938934326e-1,7.09411008283495903e-2,3.54705504141747952e-2,-8.18690955638885498e-1,-4.09345477819442749e-1
197,11,9.01960784313725505e-1,7.84313725490196068e-2,1.76470588235294101e-1,-9.17789280414581299e-1,-4.58894640207290649e-1,7.94938053935766165e-2,3.97469026967883082e-2,-9.17613327503204346e-1,-4.58806663751602173e-1
197,12,9.80392156862745057e-1,5.88235294117647189e-2,1.32352941176470618e-1,-9.61310029029846191e-1,-4.80655014514923096e-1,6.24250737950205817e-2,3.12125368975102908e-2,-9.61125791072845459e-1,-4.80562895536422729e-1
198,0,3.92156862745098034e-2,7.84313725490196068e-2,1.76470588235294101e-1,9.55619871616363525e-1,4.77809935808181763e-1,-8.27998274937272044e-2,-4.13999137468636022e-2,9.55436587333679199e-1,4.77718293666839600e-1
198,1,1.17647058823529410e-1,7.84313725490196068e-2,1.76470588235294101e-1,8.97894501686096191e-1,4.48947250843048096e-1,-7.77979183942079516e-2,-3.88989591971039758e-2,8.97722303867340088e-1,4.48861151933670044e-1
198,2,1.96078431372549017e-1,7.84313725490196068e-2,1.76470588235294101e-1,7.85930931568145752e-1,3.92965465784072876e-1,-6.80971814319491497e-2,-3.40485907159745749e-2,7.85780191421508789e-1,3.92890095710754395e-1
198,3,2.74509803921568651e-1,7.84313725490196068e-2,1.76470588235294101e-1,6.26492202281951904e-1,3.13246101140975952e-1,-5.42823624797165449e-2,-2.71411812398582725e-2,6.26372039318084717e-1,3.13186019659042358e-1
198,4,3.52941176470588203e-1,7.84313725490196068e-2,1.76470588235294101e-1,4.29209560155868530e-1,2.14604780077934265e-1,-3.71888372115790622e-2,-1.85944186057895311e-2,4.29127246141433716e-1,2.14563623070716858e-1
198,5,4.31372549019607865e-1,7.84313725490196068e-2,1.76470588235294101e-1,2.06000059843063354e-1,1.03000029921531677e-1,-1.78489627316594235e-2,-8.92448136582971174e-3,2.05960556864738464e-1,1.02980278432369232e-1
198,6,5.09803921568627416e-1,7.84313725490196068e-2,1.76470588235294101e-1,-2.96531617641448975e-2,-1.48265808820724487e-2,2.56922263652087368e-3,1.28461131826043684e-3,-2.96474751085042953e-2,-1.48237375542521477e-2
198,7,5.88235294117647078e-1,7.84313725490196068e-2,1.76470588235294101e-1,-2.63515204191207886e-1,-1.31757602095603943e-1,2.28324903175234906e-2,1.14162451587617453e-2,-2.63464659452438354e-1,-1.31732329726219177e-1
198,8,6.66666666666666630e-1,7.84313725490196068e-2,1.76470588235294101e-1,-4.81459170579910278e-1,-2.40729585289955139e-1,4.17156483046710602e-2,2.08578241523355301e-2,-4.81366842985153198e-1,-2.40683421492576599e-1
198,9,7.45098039215686292e-1,7.84313725490196068e-2,1.76470588235294101e-1,-6.70320332050323486e-1,-3.35160166025161743e-1,5.80786152742802930e-2,2.90393076371401465e-2,-6.70191764831542969e-1,-3.35095882415771484e-1
198,10,8.23529411764705843e-1,7.84313725490196068e-2,1.76470588235294101e-1,-8.18690955638885498e-1,-4.09345477819442749e-1,7.09273360669612773e-2,3.54636680334806387e-2,-8.18533957004547119e-1,-4.09266978502273560e-1
198,11,9.01960784313725505e-1,7.84313725490196068e-2,1.76470588235294101e-1,-9.17613327503204346e-1,-4.58806663751602173e-1,7.94785872101783641e-2,3.97392936050891821e-2,-9.17437374591827393e-1,-4.58718687295913696e-1
198,12,9.80392156862745057e-1,5.88235294117647189e-2,1.32352941176470618e-1,-9.61125791072845459e-1,-4.80562895536422729e-1,6.24131899327039705e-2,3.12065949663519852e-2,-9.60941612720489502e-1,-4.80470806360244751e-1
199,0,3.92156862745098034e-2,7.84313725490196068e-2,1.76470588235294101e-1,9.55436587333679199e-1,4.77718293666839600e-1,-8.27839253470301628e-2,-4.13919626735150814e-2,9.55253362655639648e-1,4.77626681327819824e-1
199,1,1.17647058823529410e-1,7.84313725490196068e-2,1.76470588235294101e-1,8.97722303867340088e-1,4.48861151933670044e-1,-7.77830421924591009e-2,-3.88915210962295504e-2,8.97550106048583984e-1,4.48775053024291992e-1
199,2,1.96078431372549017e-1,7.84313725490196068e-2,1.76470588235294101e-1,7.85780191421508789e-1,3.92890095710754395e-1,-6.80841006338596400e-2,-3.40420503169298200e-2,7.85629510879516602e-1,3.92814755439758301e-1
199,3,2.74509803921568651e-1,7.84313725490196068e-2,1.76470588235294101e-1,6.26372039318084717e-1,3.13186019659042358e-1,-5.42719320394098870e-2,-2.71359660197049435e-2,6.26251876354217529e-1,3.13125938177108765e-1
199,4,3.52941176470588203e-1,7.84313725490196068e-2,1.76470588235294101e-1,4.29127246141433716e-1,2.14563623070716858e-1,-3.71817197185009274e-2,-1.85908598592504637e-2,4.29044932126998901e-1,2.14522466063499451e-1
199,5,4.31372549019607865e-1,7.84313725490196068e-2,1.76470588235294101e-1,2.05960556864738464e-1,1.02980278432369232e-1,-1.78455509303603321e-2,-8.92277546518016607e-3,2.05921053886413574e-1,1.02960526943206787e-1
199,6,5.09803921568627416e-1,7.84313725490196068e-2,1.76470588235294101e-1,-2.96474751085042953e-2,-1.48237375542521477e-2,2.56874706828963406e-3,1.28437353414481703e-3,-2.96417884528636932e-2,-1.48208942264318466e-2
199,7,5.88235294117647078e-1,7.84313725490196068e-2,1.76470588235294101e-1,-2.63464659452438354e-1,-1.31732329726219177e-1,2.28280792885925954e-2,1.14140396442962977e-2,-2.63414114713668823e-1,-1.31707057356834412e-1
199,8,6.66666666666666630e-1,7.84313725490196068e-2,1.76470588235294101e-1,-4.81366842985153198e-1,-2.40683421492576599e-1,4.17076972313225047e-2,2.08538486156612524e-2,-4.81274515390396118e-1,-2.40637257695198059e-1
199,9,7.45098039215686292e-1,7.84313725490196068e-2,1.76470588235294101e-1,-6.70191764831542969e-1,-3.35095882415771484e-1,5.80674153752624989e-2,2.90337076876312494e-2,-6.70063257217407227e-1,-3.35031628608703613e-1
199,10,8.23529411764705843e-1,7.84313725490196068e-2,1.76470588235294101e-1,-8.18533957004547119e-1,-4.09266978502273560e-1,7.09137422963976860e-2,3.54568711481988430e-2,-8.18376958370208740e-1,-4.09188479185104370e-1
199,11,9.01960784313725505e-1,7.84313725490196068e-2,1.76470588235294101e-1,-9.17437374591827393e-1,-4.58718687295913696e-1,7.94631980359554180e-2,3.97315990179777090e-2,-9.17261481285095215e-1,-4.58630740642547607e-1
199,12,9.80392156862745057e-1,5.88235294117647189e-2,1.32352941176470618e-1,-9.60941612720489502e-1,-4.80470806360244751e-1,6.24013915657997131e-2,3.12006957828998566e-2,-9.60757434368133545e-1,-4.80378717184066772e-1
200,0,3.92156862745098034e-2,7.84313725490196068e-2,1.76470588235294101e-1,9.55253362655639648e-1,4.77626681327819824e-1,-8.27681086957454681e-2,-4.13840543478727341e-2,9.55070137977600098e-1,4.77535068988800049e-1
200,1,1.17647058823529410e-1,7.84313725490196068e-2,1.76470588235294101e-1,8.97550106048583984e-1,4.48775053024291992e-1,-7.77679949998855424e-2,-3.88839974999427712e-2,8.97377967834472656e-1,4.48688983917236328e-1
200,2,1.96078431372549017e-1,7.84313725490196068e-2,1.76470588235294101e-1,7.85629510879516602e-1,3.92814755439758301e-1,-6.80711908265948518e-2,-3.40355954132974259e-2,7.85478830337524414e-1,3.92739415168762207e-1
200,3,2.74509803921568651e-1,7.84313725490196068e-2,1.76470588235294101e-1,6.26251876354217529e-1,3.13125938177108765e-1,-5.42614161036908682e-2,-2.71307080518454341e-2,6.26131772994995117e-1,3.13065886497497559e-1
200,4,3.52941176470588203e-1,7.84313725490196068e-2,1.76470588235294101e-1,4.29044932126998901e-1,2.14522466063499451e-1,-3.71746022254228481e-2,-1.85873011127114240e-2,4.28962647914886475e-1,2.14481323957443237e-1
200,5,4.31372549019607865e-1,7.84313725490196068e-2,1.76470588235294101e-1,2.05921053886413574e-1,1.02960526943206787e-1,-1.78421391290612408e-2,-8.92106956453062039e-3,2.05881565809249878e-1,1.02940782904624939e-1
200,6,5.09803921568627416e-1,7.84313725490196068e-2,1.76470588235294101e-1,-2.96417884528636932e-2,-1.48208942264318466e-2,2.56827150005844995e-3,1.28413575002922498e-3,-2.96361036598682404e-2,-1.48180518299341202e-2
200,7,5.88235294117647078e-1,7.84313725490196068e-2,1.76470588235294101e-1,-2.63414114713668823e-1,-1.31707057356834412e-1,2.28236682596616447e-2,1.14118341298308223e-2,-2.63363599777221680e-1,-1.31681799888610840e-1
200,8,6.66666666666666630e-1,7.84313725490196068e-2,1.76470588235294101e-1,-4.81274515390396118e-1,-2.40637257695198059e-1,4.16996606625616995e-2,2.08498303312808497e-2,-4.81182217597961426e-1,-2.40591108798980713e-1
200,9,7.45098039215686292e-1,7.84313725490196068e-2,1.76470588235294101e-1,-6.70063257217407227e-1,-3.35031628608703613e-1,5.80563864670693708e-2,2.90281932335346854e-2,-6.69934749603271484e-1,-3.34967374801635742e-1
200,10,8.23529411764705843e-1,7.84313725490196068e-2,1.76470588235294101e-1,-8.18376958370208740e-1,-4.09188479185104370e-1,7.08999775350093731e-2,3.54499887675046865e-2,-8.18220019340515137e-1,-4.09110009670257568e-1
200,11,9.01960784313725505e-1,7.84313725490196068e-2,1.76470588235294101e-1,-9.17261481285095215e-1,-4.58630740642547607e-1,7.94479798525571795e-2,3.97239899262785898e-2,-9.17085647583007812e-1,-4.58542823791503906e-1
200,12,9.80392156862745057e-1,5.88235294117647189e-2,1.32352941176470618e-1,-9.60757434368133545e-1,-4.80378717184066772e-1,6.23895077034831019e-2,3.11947538517415510e-2,-9.60573315620422363e-1,-4.80286657810211182e-1
201,0,3.92156862745098034e-2,7.84313725490196068e-2,1.76470588235294101e-1,9.55070137977600098e-1,4.77535068988800049e-1,-8.27522065490484265e-2,-4.13761032745242133e-2,9.54886972904205322e-1,4.77443486452102661e-1
201,1,1.17647058823529410e-1,7.84313725490196068e-2,1.76470588235294101e-1,8.97377967834472656e-1,4.48688983917236328e-1,-7.77531187981366917e-2,-3.88765593990683458e-2,8.97205829620361328e-1,4.48602914810180664e-1
201,2,1.96078431372549017e-1,7.84313725490196068e-2,1.76470588235294101e-1,7.85478830337524414e-1,3.92739415168762207e-1,-6.80581100285053420e-2,-3.40290550142526710e-2,7.85328209400177002e-1,3.92664104700088501e-1
201,3,2.74509803921568651e-1,7.84313725490196068e-2,1.76470588235294101e-1,6.26131772994995117e-1,3.13065886497497559e-1,-5.42510284110903629e-2,-2.71255142055451814e-2,6.26011669635772705e-1,3.13005834817886353e-1
201,4,3.52941176470588203e-1,7.84313725490196068e-2,1.76470588235294101e-1,4.28962647914886475e-1,2.14481323957443237e-1,-3.71674633584916370e-2,-1.85837316792458185e-2,4.28880363702774048e-1,2.14440181851387024e-1
201,5,4.31372549019607865e-1,7.84313725490196068e-2,1.76470588235294101e-1,2.05881565809249878e-1,1.02940782904624939e-1,-1.78387299994938187e-2,-8.91936499974690933e-3,2.05842077732086182e-1,1.02921038866043091e-1
201,6,5.09803921568627416e-1,7.84313725490196068e-2,1.76470588235294101e-1,-2.96361036598682404e-2,-1.48180518299341202e-2,2.56777990143747248e-3,1.28388995071873624e-3,-2.96304188668727875e-2,-1.48152094334363937e-2
201,7,5.88235294117647078e-1,7.84313725490196068e-2,1.76470588235294101e-1,-2.63363599777221680e-1,-1.31681799888610840e-1,2.28192973067052329e-2,1.14096486533526165e-2,-2.63313084840774536e-1,-1.31656542420387268e-1
201,8,6.66666666666666630e-1,7.84313725490196068e-2,1.76470588235294101e-1,-4.81182217597961426e-1,-2.40591108798980713e-1,4.16916668415069913e-2,2.08458334207534957e-2,-4.81089919805526733e-1,-2.40544959902763367e-1
201,9,7.45098039215686292e-1,7.84313725490196068e-2,1.76470588235294101e-1,-6.69934749603271484e-1,-3.34967374801635742e-1,5.80452293157577293e-2,2.90226146578788646e-2,-6.69806241989135742e-1,-3.34903120994567871e-1
201,10,8.23529411764705843e-1,7.84313725490196068e-2,1.76470588235294101e-1,-8.18220019340515137e-1,-4.09110009670257568e-1,7.08862982690334209e-2,3.54431491345167105e-2,-8.18063080310821533e-1,-4.09031540155410767e-1
201,11,9.01960784313725505e-1,7.84313725490196068e-2,1.76470588235294101e-1,-9.17085647583007812e-1,-4.58542823791503906e-1,7.94327616691589411e-2,3.97163808345794705e-2,-9.16909813880920410e-1,-4.58454906940460205e-1
201,12,9.80392156862745057e-1,5.88235294117647189e-2,1.32352941176470618e-1,-9.60573315620422363e-1,-4.80286657810211182e-1,6.23776238411664977e-2,3.11888119205832488e-2,-9.60389196872711182e-1,-4.80194598436355591e-1
202,0,3.92156862745098034e-2,7.84313725490196068e-2,1.76470588235294101e-1,9.54886972904205322e-1,4.77443486452102661e-1,-8.27363898977637319e-2,-4.13681949488818659e-2,9.54703807830810547e-1,4.77351903915405273e-1
202,1,1.17647058823529410e-1,7.84313725490196068e-2,1.76470588235294101e-1,8.97205829620361328e-1,4.48602914810180664e-1,-7.77380716055631610e-2,-3.88690358027815805e-2,8.97033751010894775e-1,4.48516875505447388e-1
202,2,1.96078431372549017e-1,7.84313725490196068e-2,1.76470588235294101e-1,7.85328209400177002e-1,3.92664104700088501e-1,-6.80452002212405260e-2,-3.40226001106202630e-2,7.85177588462829590e-1,3.92588794231414795e-1
202,3,2.74509803921568651e-1,7.84313725490196068e-2,1.76470588235294101e-1,6.26011669635772705e-1,3.13005834817886353e-1,-5.42405552230774968e-2,-2.71202776115387484e-2,6.25891625881195068e-1,3.12945812940597534e-1
202,4,3.52941176470588203e-1,7.84313725490196068e-2,1.76470588235294101e-1,4.28880363702774048e-1,2.14440181851387024e-1,-3.71603244915604813e-2,-1.85801622457802407e-2,4.28798109292984009e-1,2.14399054646492004e-1
202,5,4.31372549019607865e-1,7.84313725490196068e-2,1.76470588235294101e-1,2.05842077732086182e-1,1.02921038866043091e-1,-1.78353208699263410e-2,-8.91766043496317051e-3,2.05802604556083679e-1,1.02901302278041840e-1
202,6,5.09803921568627416e-1,7.84313725490196068e-2,1.76470588235294101e-1,-2.96304188668727875e-2,-1.48152094334363937e-2,2.56728830281643949e-3,1.28364415140821975e-3,-2.96247359365224838e-2,-1.48123679682612419e-2
202,7,5.88235294117647078e-1,7.84313725490196068e-2,1.76470588235294101e-1,-2.63313084840774536e-1,-1.31656542420387268e-1,2.28149263537488767e-2,1.14074631768744383e-2,-2.63262569904327393e-1,-1.31631284952163696e-1
202,8,6.66666666666666630e-1,7.84313725490196068e-2,1.76470588235294101e-1,-4.81089919805526733e-1,-2.40544959902763367e-1,4.16836730204522832e-2,2.08418365102261416e-2,-4.80997651815414429e-1,-2.40498825907707214e-1
202,9,7.45098039215686292e-1,7.84313725490196068e-2,1.76470588235294101e-1,-6.69806241989135742e-1,-3.34903120994567871e-1,5.80340721644460877e-2,2.90170360822230439e-2,-6.69677793979644775e-1,-3.34838896989822388e-1
202,10,8.23529411764705843e-1,7.84313725490196068e-2,1.76470588235294101e-1,-8.18063080310821533e-1,-4.09031540155410767e-1,7.08726190030574688e-2,3.54363095015287344e-2,-8.17906200885772705e-1,-4.08953100442886353e-1
202,11,9.01960784313725505e-1,7.84313725490196068e-2,1.76470588235294101e-1,-9.16909813880920410e-1,-4.58454906940460205e-1,7.94175434857606888e-2,3.97087717428803444e-2,-9.16734039783477783e-1,-4.58367019891738892e-1
202,12,9.80392156862745057e-1,5.88235294117647189e-2,1.32352941176470618e-1,-9.60389196872711182e-1,-4.80194598436355591e-1,6.23657399788498865e-2,3.11828699894249432e-2,-9.60205137729644775e-1,-4.80102568864822388e-1
203,0,3.92156862745098034e-2,7.84313725490196068e-2,1.76470588235294101e-1,9.54703807830810547e-1,4.77351903915405273e-1,-8.27204877510666764e-2,-4.13602438755333382e-2,9.54520702362060547e-1,4.77260351181030273e-1
203,1,1.17647058823529410e-1,7.84313725490196068e-2,1.76470588235294101e-1,8.97033751010894775e-1,4.48516875505447388e-1,-7.77231954038143241e-2,-3.88615977019071621e-2,8.96861732006072998e-1,4.48430866003036499e-1
203,2,1.96078431372549017e-1,7.84313725490196068e-2,1.76470588235294101e-1,7.85177588462829590e-1,3.92588794231414795e-1,-6.80321194231510162e-2,-3.40160597115755081e-2,7.85026967525482178e-1,3.92513483762741089e-1
203,3,2.74509803921568651e-1,7.84313725490196068e-2,1.76470588235294101e-1,6.25891625881195068e-1,3.12945812940597534e-1,-5.42302102781831996e-2,-2.71151051390915998e-2,6.25771582126617432e-1,3.12885791063308716e-1
203,4,3.52941176470588203e-1,7.84313725490196068e-2,1.76470588235294101e-1,4.28798109292984009e-1,2.14399054646492004e-1,-3.71531642507761939e-2,-1.85765821253880969e-2,4.28715854883193970e-1,2.14357927441596985e-1
203,5,4.31372549019607865e-1,7.84313725490196068e-2,1.76470588235294101e-1,2.05802604556083679e-1,1.02901302278041840e-1,-1.78319144120905326e-2,-8.91595720604526631e-3,2.05763131380081177e-1,1.02881565690040588e-1
203,6,5.09803921568627416e-1,7.84313725490196068e-2,1.76470588235294101e-1,-2.96247359365224838e-2,-1.48123679682612419e-2,2.56682342151176579e-3,1.28341171075588290e-3,-2.96190548688173294e-2,-1.48095274344086647e-2
203,7,5.88235294117647078e-1,7.84313725490196068e-2,1.76470588235294101e-1,-2.63262569904327393e-1,-1.31631284952163696e-1,2.28105099813546985e-2,1.14052549906773493e-2,-2.63212084770202637e-1,-1.31606042385101318e-1
203,8,6.66666666666666630e-1,7.84313725490196068e-2,1.76470588235294101e-1,-4.80997651815414429e-1,-2.40498825907707214e-1,4.16756791993975750e-2,2.08378395996987875e-2,-4.80905413627624512e-1,-2.40452706813812256e-1
203,9,7.45098039215686292e-1,7.84313725490196068e-2,1.76470588235294101e-1,-6.69677793979644775e-1,-3.34838896989822388e-1,5.80229577608406544e-2,2.90114788804203272e-2,-6.69549345970153809e-1,-3.34774672985076904e-1
203,10,8.23529411764705843e-1,7.84313725490196068e-2,1.76470588235294101e-1,-8.17906200885772705e-1,-4.08953100442886353e-1,7.08589397370815444e-2,3.54294698685407722e-2,-8.17749381065368652e-1,-4.08874690532684326e-1
203,11,9.01960784313725505e-1,7.84313725490196068e-2,1.76470588235294101e-1,-9.16734039783477783e-1,-4.58367019891738892e-1,7.94023253023624365e-2,3.97011626511812182e-2,-9.16558265686035156e-1,-4.58279132843017578e-1
203,12,9.80392156862745057e-1,5.88235294117647189e-2,1.32352941176470618e-1,-9.60205137729644775e-1,-4.80102568864822388e-1,6.23538561165332753e-2,3.11769280582666376e-2,-9.60021078586578369e-1,-4.80010539293289185e-1
204,0,3.92156862745098034e-2,7.84313725490196068e-2,1.76470588235294101e-1,9.54520702362060547e-1,4.77260351181030273e-1,-8.27045856043696348e-2,-4.13522928021848174e-2,9.54337656497955322e-1,4.77168828248977661e-1
204,1,1.17647058823529410e-1,7.84313725490196068e-2,1.76470588235294101e-1,8.96861732006072998e-1,4.48430866003036499e-1,-7.77084046974778064e-2,-3.88542023487389032e-2,8.96689713001251221e-1,4.48344856500625610e-1
204,2,1.96078431372549017e-1,7.84313725490196068e-2,1.76470588235294101e-1,7.85026967525482178e-1,3.92513483762741089e-1,-6.80189531296491734e-2,-3.40094765648245867e-2,7.84876406192779541e-1,3.92438203096389771e-1
204,3,2.74509803921568651e-1,7.84313725490196068e-2,1.76470588235294101e-1,6.25771582126617432e-1,3.12885791063308716e-1,-5.42198653332889025e-2,-2.71099326666444512e-2,6.25651538372039795e-1,3.12825769186019897e-1
204,4,3.52941176470588203e-1,7.84313725490196068e-2,1.76470588235294101e-1,4.28715854883193970e-1,2.14357927441596985e-1,-3.71460040099919064e-2,-1.85730020049959532e-2,4.28633630275726318e-1,2.14316815137863159e-1
204,5,4.31372549019607865e-1,7.84313725490196068e-2,1.76470588235294101e-1,2.05763131380081177e-1,1.02881565690040588e-1,-1.78285106259863380e-2,-8.91425531299316898e-3,2.05723673105239868e-1,1.02861836552619934e-1
204,6,5.09803921568627416e-1,7.84313725490196068e-2,1.76470588235294101e-1,-2.96190548688173294e-2,-1.48095274344086647e-2,2.56632113596422240e-3,1.28316056798211120e-3,-2.96133738011121750e-2,-1.48066869005560875e-2
204,7,5.88235294117647078e-1,7.84313725490196068e-2,1.76470588235294101e-1,-2.63212084770202637e-1,-1.31606042385101318e-1,2.28061336849350593e-2,1.14030668424675297e-2,-2.63161599636077881e-1,-1.31580799818038940e-1
204,8,6.66666666666666630e-1,7.84313725490196068e-2,1.76470588235294101e-1,-4.80905413627624512e-1,-2.40452706813812256e-1,4.16677281260490195e-2,2.08338640630245098e-2,-4.80813175439834595e-1,-2.40406587719917297e-1
204,9,7.45098039215686292e-1,7.84313725490196068e-2,1.76470588235294101e-1,-6.69549345970153809e-1,-3.34774672985076904e-1,5.80117151141166798e-2,2.90058575570583399e-2,-6.69420957565307617e-1,-3.34710478782653809e-1
204,10,8.23529411764705843e-1,7.84313725490196068e-2,1.76470588235294101e-1,-8.17749381065368652e-1,-4.08874690532684326e-1,7.08454314619302583e-2,3.54227157309651292e-2,-8.17592561244964600e-1,-4.08796280622482300e-1
204,11,9.01960784313725505e-1,7.84313725490196068e-2,1.76470588235294101e-1,-9.16558265686035156e-1,-4.58279132843017578e-1,7.93870216235518511e-2,3.96935108117759256e-2,-9.16382551193237305e-1,-4.58191275596618652e-1
204,12,9.80392156862745057e-1,5.88235294117647189e-2,1.32352941176470618e-1,-9.60021078586578369e-1,-4.80010539293289185e-1,6.23419722542166710e-2,3.11709861271083355e-2,-9.59837079048156738e-1,-4.79918539524078369e-1
205,0,3.92156862745098034e-2,7.84313725490196068e-2,1.76470588235294101e-1,9.54337656497955322e-1,4.77168828248977661e-1,-8.26887689530849401e-2,-4.13443844765424701e-2,9.54154610633850098e-1,4.77077305316925049e-1
205,1,1.17647058823529410e-1,7.84313725490196068e-2,1.76470588235294101e-1,8.96689713001251221e-1,4.48344856500625610e-1,-7.76934430003166088e-2,-3.88467215001583044e-2,8.96517753601074219e-1,4.48258876800537109e-1
205,2,1.96078431372549017e-1,7.84313725490196068e-2,1.76470588235294101e-1,7.84876406192779541e-1,3.92438203096389771e-1,-6.80059578269720244e-2,-3.40029789134860122e-2,7.84725844860076904e-1,3.92362922430038452e-1
205,3,2.74509803921568651e-1,7.84313725490196068e-2,1.76470588235294101e-1,6.25651538372039795e-1,3.12825769186019897e-1,-5.42093921452760363e-2,-2.71046960726380182e-2,6.25531554222106934e-1,3.12765777111053467e-1
205,4,3.52941176470588203e-1,7.84313725490196068e-2,1.76470588235294101e-1,4.28633630275726318e-1,2.14316815137863159e-1,-3.71389078907669035e-2,-1.85694539453834517e-2,4.28551435470581055e-1,2.14275717735290527e-1
205,5,4.31372549019607865e-1,7.84313725490196068e-2,1.76470588235294101e-1,2.05723673105239868e-1,1.02861836552619934e-1,-1.78251068398821988e-2,-8.91255341994109940e-3,2.05684214830398560e-1,1.02842107415199280e-1
205,6,5.09803921568627416e-1,7.84313725490196068e-2,1.76470588235294101e-1,-2.96133738011121750e-2,-1.48066869005560875e-2,2.56584022426981084e-3,1.28292011213490542e-3,-2.96076945960521698e-2,-1.48038472980260849e-2
205,7,5.88235294117647078e-1,7.84313725490196068e-2,1.76470588235294101e-1,-2.63161599636077881e-1,-1.31580799818038940e-1,2.28017573885153646e-2,1.14008786942576823e-2,-2.63111114501953125e-1,-1.31555557250976562e-1
205,8,6.66666666666666630e-1,7.84313725490196068e-2,1.76470588235294101e-1,-4.80813175439834595e-1,-2.40406587719917297e-1,4.16596915572881588e-2,2.08298457786440794e-2,-4.80720967054367065e-1,-2.40360483527183533e-1
205,9,7.45098039215686292e-1,7.84313725490196068e-2,1.76470588235294101e-1,-6.69420957565307617e-1,-3.34710478782653809e-1,5.80006434582173991e-2,2.90003217291086995e-2,-6.69292569160461426e-1,-3.34646284580230713e-1
205,10,8.23529411764705843e-1,7.84313725490196068e-2,1.76470588235294101e-1,-8.17592561244964600e-1,-4.08796280622482300e-1,7.08317521959543339e-2,3.54158760979771670e-2,-8.17435801029205322e-1,-4.08717900514602661e-1
205,11,9.01960784313725505e-1,7.84313725490196068e-2,1.76470588235294101e-1,-9.16382551193237305e-1,-4.58191275596618652e-1,7.93718034401535849e-2,3.96859017200767925e-2,-9.16206836700439453e-1,-4.58103418350219727e-1
205,12,9.80392156862745057e-1,5.88235294117647189e-2,1.32352941176470618e-1,-9.59837079048156738e-1,-4.79918539524078369e-1,6.23300883919000598e-2,3.11650441959500299e-2,-9.59653139114379883e-1,-4.79826569557189941e-1
206,0,3.92156862745098034e-2,7.84313725490196068e-2,1.76470588235294101e-1,9.54154610633850098e-1,4.77077305316925049e-1,-8.26728668063878985e-2,-4.13364334031939493e-2,9.53971624374389648e-1,4.76985812187194824e-1
206,1,1.17647058823529410e-1,7.84313725490196068e-2,1.76470588235294101e-1,8.96517753601074219e-1,4.48258876800537109e-1,-7.76786522939801188e-2,-3.88393261469900594e-2,8.96345794200897217e-1,4.48172897100448608e-1
206,2,1.96078431372549017e-1,7.84313725490196068e-2,1.76470588235294101e-1,7.84725844860076904e-1,3.92362922430038452e-1,-6.79927915334701538e-2,-3.39963957667350769e-2,7.84575343132019043e-1,3.92287671566009521e-1
206,3,2.74509803921568651e-1,7.84313725490196068e-2,1.76470588235294101e-1,6.25531554222106934e-1,3.12765777111053467e-1,-5.41990472003817392e-2,-2.70995236001908696e-2,6.25411570072174072e-1,3.12705785036087036e-1
206,4,3.52941176470588203e-1,7.84313725490196068e-2,1.76470588235294101e-1,4.28551435470581055e-1,2.14275717735290527e-1,-3.71318117715418450e-2,-1.85659058857709225e-2,4.28469240665435791e-1,2.14234620332717896e-1
206,5,4.31372549019607865e-1,7.84313725490196068e-2,1.76470588235294101e-1,2.05684214830398560e-1,1.02842107415199280e-1,-1.78216629778035207e-2,-8.91083148890176036e-3,2.05644771456718445e-1,1.02822385728359222e-1
206,6,5.09803921568627416e-1,7.84313725490196068e-2,1.76470588235294101e-1,-2.96076945960521698e-2,-1.48038472980260849e-2,2.56536465603862673e-3,1.28268232801931337e-3,-2.96020153909921646e-2,-1.48010076954960823e-2
206,7,5.88235294117647078e-1,7.84313725490196068e-2,1.76470588235294101e-1,-2.63111114501953125e-1,-1.31555557250976562e-1,2.27973356726579035e-2,1.13986678363289518e-2,-2.63060659170150757e-1,-1.31530329585075378e-1
206,8,6.66666666666666630e-1,7.84313725490196068e-2,1.76470588235294101e-1,-4.80720967054367065e-1,-2.40360483527183533e-1,4.16517404839396588e-2,2.08258702419698294e-2,-4.80628758668899536e-1,-2.40314379334449768e-1
206,9,7.45098039215686292e-1,7.84313725490196068e-2,1.76470588235294101e-1,-6.69292569160461426e-1,-3.34646284580230713e-1,5.79894435591995772e-2,2.89947217795997886e-2,-6.69164180755615234e-1,-3.34582090377807617e-1
206,10,8.23529411764705843e-1,7.84313725490196068e-2,1.76470588235294101e-1,-8.17435801029205322e-1,-4.08717900514602661e-1,7.08182439208030479e-2,3.54091219604015239e-2,-8.17279040813446045e-1,-4.08639520406723022e-1
206,11,9.01960784313725505e-1,7.84313725490196068e-2,1.76470588235294101e-1,-9.16206836700439453e-1,-4.58103418350219727e-1,7.93564142659306526e-2,3.96782071329653263e-2,-9.16031181812286377e-1,-4.58015590906143188e-1
206,12,9.80392156862745057e-1,5.88235294117647189e-2,1.32352941176470618e-1,-9.59653139114379883e-1,-4.79826569557189941e-1,6.23182900249958024e-2,3.11591450124979012e-2,-9.59469199180603027e-1,-4.79734599590301514e-1
207,0,3.92156862745098034e-2,7.84313725490196068e-2,1.76470588235294101e-1,9.53971624374389648e-1,4.76985812187194824e-1,-8.26570501551032039e-2,-4.13285250775516019e-2,9.53788638114929199e-1,4.76894319057464600e-1
207,1,1.17647058823529410e-1,7.84313725490196068e-2,1.76470588235294101e-1,8.96345794200897217e-1,4.48172897100448608e-1,-7.76636905968189212e-2,-3.88318452984094606e-2,8.96173894405364990e-1,4.48086947202682495e-1
207,2,1.96078431372549017e-1,7.84313725490196068e-2,1.76470588235294101e-1,7.84575343132019043e-1,3.92287671566009521e-1,-6.79797962307930048e-2,-3.39898981153965024e-2,7.84424841403961182e-1,3.92212420701980591e-1
207,3,2.74509803921568651e-1,7.84313725490196068e-2,1.76470588235294101e-1,6.25411570072174072e-1,3.12705785036087036e-1,-5.41886167600750812e-2,-2.70943083800375406e-2,6.25291645526885986e-1,3.12645822763442993e-1
207,4,3.52941176470588203e-1,7.84313725490196068e-2,1.76470588235294101e-1,4.28469240665435791e-1,2.14234620332717896e-1,-3.71246942784637102e-2,-1.85623471392318551e-2,4.28387075662612915e-1,2.14193537831306458e-1
207,5,4.31372549019607865e-1,7.84313725490196068e-2,1.76470588235294101e-1,2.05644771456718445e-1,1.02822385728359222e-1,-1.78182618634309953e-2,-8.90913093171549764e-3,2.05605328083038330e-1,1.02802664041519165e-1
207,6,5.09803921568627416e-1,7.84313725490196068e-2,1.76470588235294101e-1,-2.96020153909921646e-2,-1.48010076954960823e-2,2.56486771395431079e-3,1.28243385697715540e-3,-2.95963380485773087e-2,-1.47981690242886543e-2
207,7,5.88235294117647078e-1,7.84313725490196068e-2,1.76470588235294101e-1,-2.63060659170150757e-1,-1.31530329585075378e-1,2.27929994522128587e-2,1.13964997261064294e-2,-2.63010203838348389e-1,-1.31505101919174194e-1
207,8,6.66666666666666630e-1,7.84313725490196068e-2,1.76470588235294101e-1,-4.80628758668899536e-1,-2.40314379334449768e-1,4.16437466628849506e-2,2.08218733314424753e-2,-4.80536580085754395e-1,-2.40268290042877197e-1
207,9,7.45098039215686292e-1,7.84313725490196068e-2,1.76470588235294101e-1,-6.69164180755615234e-1,-3.34582090377807617e-1,5.79782436601817275e-2,2.89891218300908637e-2,-6.69035851955413818e-1,-3.34517925977706909e-1
207,10,8.23529411764705843e-1,7.84313725490196068e-2,1.76470588235294101e-1,-8.17279040813446045e-1,-4.08639520406723022e-1,7.08046501502394843e-2,3.54023250751197421e-2,-8.17122340202331543e-1,-4.08561170101165771e-1
207,11,9.01960784313725505e-1,7.84313725490196068e-2,1.76470588235294101e-1,-9.16031181812286377e-1,-4.58015590906143188e-1,7.93411960825324003e-2,3.96705980412662002e-2,-9.15855586528778076e-1,-4.57927793264389038e-1
207,12,9.80392156862745057e-1,5.88235294117647189e-2,1.32352941176470618e-1,-9.59469199180603027e-1,-4.79734599590301514e-1,6.23064061626791912e-2,3.11532030813395956e-2,-9.59285318851470947e-1,-4.79642659425735474e-1
208,0,3.92156862745098034e-2,7.84313725490196068e-2,1.76470588235294101e-1,9.53788638114929199e-1,4.76894319057464600e-1,-8.26411480084061623e-2,-4.13205740042030811e-2,9.53605711460113525e-1,4.76802855730056763e-1
208,1,1.17647058823529410e-1,7.84313725490196068e-2,1.76470588235294101e-1,8.96173894405364990e-1,4.48086947202682495e-1,-7.76488998904824312e-2,-3.88244499452412156e-2,8.96001994609832764e-1,4.48000997304916382e-1
208,2,1.96078431372549017e-1,7.84313725490196068e-2,1.76470588235294101e-1,7.84424841403961182e-1,3.92212420701980591e-1,-6.79666299372911342e-2,-3.39833149686455671e-2,7.84274399280548096e-1,3.92137199640274048e-1
208,3,2.74509803921568651e-1,7.84313725490196068e-2,1.76470588235294101e-1,6.25291645526885986e-1,3.12645822763442993e-1,-5.41783145628869367e-2,-2.70891572814434684e-2,6.25171720981597900e-1,3.12585860490798950e-1
208,4,3.52941176470588203e-1,7.84313725490196068e-2,1.76470588235294101e-1,4.28387075662612915e-1,2.14193537831306458e-1,-3.71175767853856309e-2,-1.85587883926928154e-2,4.28304910659790039e-1,2.14152455329895020e-1
208,5,4.31372549019607865e-1,7.84313725490196068e-2,1.76470588235294101e-1,2.05605328083038330e-1,1.02802664041519165e-1,-1.78148206730838754e-2,-8.90741033654193770e-3,2.05565899610519409e-1,1.02782949805259705e-1
208,6,5.09803921568627416e-1,7.84313725490196068e-2,1.76470588235294101e-1,-2.95963380485773087e-2,-1.47981690242886543e-2,2.56437611533327781e-3,1.28218805766663890e-3,-2.95906625688076019e-2,-1.47953312844038010e-2
208,7,5.88235294117647078e-1,7.84313725490196068e-2,1.76470588235294101e-1,-2.63010203838348389e-1,-1.31505101919174194e-1,2.27886178123299366e-2,1.13943089061649683e-2,-2.62959748506546021e-1,-1.31479874253273010e-1
208,8,6.66666666666666630e-1,7.84313725490196068e-2,1.76470588235294101e-1,-4.80536580085754395e-1,-2.40268290042877197e-1,4.16357528418302425e-2,2.08178764209151212e-2,-4.80444431304931641e-1,-2.40222215652465820e-1
208,9,7.45098039215686292e-1,7.84313725490196068e-2,1.76470588235294101e-1,-6.69035851955413818e-1,-3.34517925977706909e-1,5.79670865088701137e-2,2.89835432544350569e-2,-6.68907523155212402e-1,-3.34453761577606201e-1
208,10,8.23529411764705843e-1,7.84313725490196068e-2,1.76470588235294101e-1,-8.17122340202331543e-1,-4.08561170101165771e-1,7.07910563796758652e-2,3.53955281898379326e-2,-8.16965639591217041e-1,-4.08482819795608521e-1
208,11,9.01960784313725505e-1,7.84313725490196068e-2,1.76470588235294101e-1,-9.15855586528778076e-1,-4.57927793264389038e-1,7.93259778991341480e-2,3.96629889495670740e-2,-9.15679991245269775e-1,-4.57839995622634888e-1
208,12,9.80392156862745057e-1,5.88235294117647189e-2,1.32352941176470618e-1,-9.59285318851470947e-1,-4.79642659425735474e-1,6.22945223003625870e-2,3.11472611501812935e-2,-9.59101438522338867e-1,-4.79550719261169434e-1
209,0,3.92156862745098034e-2,7.84313725490196068e-2,1.76470588235294101e-1,9.53605711460113525e-1,4.76802855730056763e-1,-8.26253313571214676e-2,-4.13126656785607338e-2,9.53422844409942627e-1,4.76711422204971313e-1
209,1,1.17647058823529410e-1,7.84313725490196068e-2,1.76470588235294101e-1,8.96001994609832764e-1,4.48000997304916382e-1,-7.76339381933212336e-2,-3.88169690966606168e-2,8.95830154418945312e-1,4.47915077209472656e-1
209,2,1.96078431372549017e-1,7.84313725490196068e-2,1.76470588235294101e-1,7.84274399280548096e-1,3.92137199640274048e-1,-6.79536346346139852e-2,-3.39768173173069926e-2,7.84123957157135010e-1,3.92061978578567505e-1
209,3,2.74509803921568651e-1,7.84313725490196068e-2,1.76470588235294101e-1,6.25171720981597900e-1,3.12585860490798950e-1,-5.41679268702864314e-2,-2.70839634351432157e-2,6.25051796436309814e-1,3.12525898218154907e-1
209,4,3.52941176470588203e-1,7.84313725490196068e-2,1.76470588235294101e-1,4.28304910659790039e-1,2.14152455329895020e-1,-3.71104379184544197e-2,-1.85552189592272099e-2,4.28222775459289551e-1,2.14111387729644775e-1
209,5,4.31372549019607865e-1,7.84313725490196068e-2,1.76470588235294101e-1,2.05565899610519409e-1,1.02782949805259705e-1,-1.78114249021746329e-2,-8.90571245108731646e-3,2.05526471138000488e-1,1.02763235569000244e-1
209,6,5.09803921568627416e-1,7.84313725490196068e-2,1.76470588235294101e-1,-2.95906625688076019e-2,-1.47953312844038010e-2,2.56391123402865961e-3,1.28195561701432981e-3,-2.95849870890378952e-2,-1.47924935445189476e-2
209,7,5.88235294117647078e-1,7.84313725490196068e-2,1.76470588235294101e-1,-2.62959748506546021e-1,-1.31479874253273010e-1,2.27841907530091370e-2,1.13920953765045685e-2,-2.62909322977066040e-1,-1.31454661488533020e-1
209,8,6.66666666666666630e-1,7.84313725490196068e-2,1.76470588235294101e-1,-4.80444431304931641e-1,-2.40222215652465820e-1,4.16278445161878952e-2,2.08139222580939476e-2,-4.80352282524108887e-1,-2.40176141262054443e-1
209,9,7.45098039215686292e-1,7.84313725490196068e-2,1.76470588235294101e-1,-6.68907523155212402e-1,-3.34453761577606201e-1,5.79558866098523195e-2,2.89779433049261598e-2,-6.68779253959655762e-1,-3.34389626979827881e-1
209,10,8.23529411764705843e-1,7.84313725490196068e-2,1.76470588235294101e-1,-8.16965639591217041e-1,-4.08482819795608521e-1,7.07774626091122738e-2,3.53887313045561369e-2,-8.16808998584747314e-1,-4.08404499292373657e-1
209,11,9.01960784313725505e-1,7.84313725490196068e-2,1.76470588235294101e-1,-9.15679991245269775e-1,-4.57839995622634888e-1,7.93107597157359095e-2,3.96553798578679548e-2,-9.15504455566406250e-1,-4.57752227783203125e-1
209,12,9.80392156862745057e-1,5.88235294117647189e-2,1.32352941176470618e-1,-9.59101438522338867e-1,-4.79550719261169434e-1,6.22826384380459758e-2,3.11413192190229879e-2,-9.58917617797851562e-1,-4.79458808898925781e-1
210,0,3.92156862745098034e-2,7.84313725490196068e-2,1.76470588235294101e-1,9.53422844409942627e-1,4.76711422204971313e-1,-8.26095147058367729e-2,-4.13047573529183865e-2,9.53239977359771729e-1,4.76619988679885864e-1
210,1,1.17647058823529410e-1,7.84313725490196068e-2,1.76470588235294101e-1,8.95830154418945312e-1,4.47915077209472656e-1,-7.76190619915723690e-2,-3.88095309957861845e-2,8.95658314228057861e-1,4.47829157114028931e-1
210,2,1.96078431372549017e-1,7.84313725490196068e-2,1.76470588235294101e-1,7.84123957157135010e-1,3.92061978578567505e-1,-6.79405538365245032e-2,-3.39702769182622516e-2,7.83973574638366699e-1,3.91986787319183350e-1
210,3,2.74509803921568651e-1,7.84313725490196068e-2,1.76470588235294101e-1,6.25051796436309814e-1,3.12525898218154907e-1,-5.41574964299797734e-2,-2.70787482149898867e-2,6.24931931495666504e-1,3.12465965747833252e-1
210,4,3.52941176470588203e-1,7.84313725490196068e-2,1.76470588235294101e-1,4.28222775459289551e-1,2.14111387729644775e-1,-3.71033845469355694e-2,-1.85516922734677847e-2,4.28140640258789062e-1,2.14070320129394531e-1
210,5,4.31372549019607865e-1,7.84313725490196068e-2,1.76470588235294101e-1,2.05526471138000488e-1,1.02763235569000244e-1,-1.78079863835591823e-2,-8.90399319177959114e-3,2.05487057566642761e-1,1.02743528783321381e-1
210,6,5.09803921568627416e-1,7.84313725490196068e-2,1.76470588235294101e-1,-2.95849870890378952e-2,-1.47924935445189476e-2,2.56340360501783326e-3,1.28170180250891663e-3,-2.95793134719133377e-2,-1.47896567359566689e-2
210,7,5.88235294117647078e-1,7.84313725490196068e-2,1.76470588235294101e-1,-2.62909322977066040e-1,-1.31454661488533020e-1,2.27798491891007537e-2,1.13899245945503769e-2,-2.62858897447586060e-1,-1.31429448723793030e-1
210,8,6.66666666666666630e-1,7.84313725490196068e-2,1.76470588235294101e-1,-4.80352282524108887e-1,-2.40176141262054443e-1,4.16198079474270344e-2,2.08099039737135172e-2,-4.80260163545608521e-1,-2.40130081772804260e-1
210,9,7.45098039215686292e-1,7.84313725490196068e-2,1.76470588235294101e-1,-6.68779253959655762e-1,-3.34389626979827881e-1,5.79447722062468584e-2,2.89723861031234292e-2,-6.68650984764099121e-1,-3.34325492382049561e-1
210,10,8.23529411764705843e-1,7.84313725490196068e-2,1.76470588235294101e-1,-8.16808998584747314e-1,-4.08404499292373657e-1,7.07638688385486547e-2,3.53819344192743274e-2,-8.16652357578277588e-1,-4.08326178789138794e-1
210,11,9.01960784313725505e-1,7.84313725490196068e-2,1.76470588235294101e-1,-9.15504455566406250e-1,-4.57752227783203125e-1,7.92955415323376711e-2,3.96477707661688356e-2,-9.15328919887542725e-1,-4.57664459943771362e-1
210,12,9.80392156862745057e-1,5.88235294117647189e-2,1.32352941176470618e-1,-9.58917617797851562e-1,-4.79458808898925781e-1,6.22707545757293715e-2,3.11353772878646858e-2,-9.58733856678009033e-1,-4.79366928339004517e-1
211,0,3.92156862745098034e-2,7.84313725490196068e-2,1.76470588235294101e-1,9.53239977359771729e-1,4.76619988679885864e-1,-8.25936980545520782e-2,-4.12968490272760391e-2,9.53057169914245605e-1,4.76528584957122803e-1
211,1,1.17647058823529410e-1,7.84313725490196068e-2,1.76470588235294101e-1,8.95658314228057861e-1,4.47829157114028931e-1,-7.76041002944111713e-2,-3.88020501472055857e-2,8.95486533641815186e-1,4.47743266820907593e-1
211,2,1.96078431372549017e-1,7.84313725490196068e-2,1.76470588235294101e-1,7.83973574638366699e-1,3.91986787319183350e-1,-6.79275585338473264e-2,-3.39637792669236632e-2,7.83823192119598389e-1,3.91911596059799194e-1
211,3,2.74509803921568651e-1,7.84313725490196068e-2,1.76470588235294101e-1,6.24931931495666504e-1,3.12465965747833252e-1,-5.41471514850855040e-2,-2.70735757425427520e-2,6.24812066555023193e-1,3.12406033277511597e-1
211,4,3.52941176470588203e-1,7.84313725490196068e-2,1.76470588235294101e-1,4.28140640258789062e-1,2.14070320129394531e-1,-3.70962243061512820e-2,-1.85481121530756410e-2,4.28058534860610962e-1,2.14029267430305481e-1
211,5,4.31372549019607865e-1,7.84313725490196068e-2,1.76470588235294101e-1,2.05487057566642761e-1,1.02743528783321381e-1,-1.78045932843815535e-2,-8.90229664219077677e-3,2.05447643995285034e-1,1.02723821997642517e-1
211,6,5.09803921568627416e-1,7.84313725490196068e-2,1.76470588235294101e-1,-2.95793134719133377e-2,-1.47896567359566689e-2,2.56292269332336620e-3,1.28146134666168310e-3,-2.95736398547887802e-2,-1.47868199273943901e-2
211,7,5.88235294117647078e-1,7.84313725490196068e-2,1.76470588235294101e-1,-2.62858897447586060e-1,-1.31429448723793030e-1,2.27754622057546041e-2,1.13877311028773021e-2,-2.62808471918106079e-1,-1.31404235959053040e-1
211,8,6.66666666666666630e-1,7.84313725490196068e-2,1.76470588235294101e-1,-4.80260163545608521e-1,-2.40130081772804260e-1,4.16118568740784789e-2,2.08059284370392394e-2,-4.80168044567108154e-1,-2.40084022283554077e-1
211,9,7.45098039215686292e-1,7.84313725490196068e-2,1.76470588235294101e-1,-6.68650984764099121e-1,-3.34325492382049561e-1,5.79336150549352447e-2,2.89668075274676223e-2,-6.68522775173187256e-1,-3.34261387586593628e-1
211,10,8.23529411764705843e-1,7.84313725490196068e-2,1.76470588235294101e-1,-8.16652357578277588e-1,-4.08326178789138794e-1,7.07502750679850356e-2,3.53751375339925178e-2,-8.16495776176452637e-1,-4.08247888088226318e-1
211,11,9.01960784313725505e-1,7.84313725490196068e-2,1.76470588235294101e-1,-9.15328919887542725e-1,-4.57664459943771362e-1,7.92802378535270857e-2,3.96401189267635429e-2,-9.15153443813323975e-1,-4.57576721906661987e-1
211,12,9.80392156862745057e-1,5.88235294117647189e-2,1.32352941176470618e-1,-9.58733856678009033e-1,-4.79366928339004517e-1,6.22589562088251072e-2,3.11294781044125536e-2,-9.58550095558166504e-1,-4.79275047779083252e-1
212,0,3.92156862745098034e-2,7.84313725490196068e-2,1.76470588235294101e-1,9.53057169914245605e-1,4.76528584957122803e-1,-8.25778814032673836e-2,-4.12889407016336918e-2,9.52874362468719482e-1,4.76437181234359741e-1
212,1,1.17647058823529410e-1,7.84313725490196068e-2,1.76470588235294101e-1,8.95486533641815186e-1,4.47743266820907593e-1,-7.75892240926623344e-2,-3.87946120463311672e-2,8.95314812660217285e-1,4.47657406330108643e-1
212,2,1.96078431372549017e-1,7.84313725490196068e-2,1.76470588235294101e-1,7.83823192119598389e-1,3.91911596059799194e-1,-6.79144777357578167e-2,-3.39572388678789083e-2,7.83672869205474854e-1,3.91836434602737427e-1
212,3,2.74509803921568651e-1,7.84313725490196068e-2,1.76470588235294101e-1,6.24812066555023193e-1,3.12406033277511597e-1,-5.41367637924849987e-2,-2.70683818962424994e-2,6.24692261219024658e-1,3.12346130609512329e-1
212,4,3.52941176470588203e-1,7.84313725490196068e-2,1.76470588235294101e-1,4.28058534860610962e-1,2.14029267430305481e-1,-3.70891495607793553e-2,-1.85445747803896777e-2,4.27976429462432861e-1,2.13988214731216431e-1
212,5,4.31372549019607865e-1,7.84313725490196068e-2,1.76470588235294101e-1,2.05447643995285034e-1,1.02723821997642517e-1,-1.78011574374977166e-2,-8.90057871874885831e-3,2.05408245325088501e-1,1.02704122662544250e-1
212,6,5.09803921568627416e-1,7.84313725490196068e-2,1.76470588235294101e-1,-2.95736398547887802e-2,-1.47868199273943901e-2,2.56244178162884362e-3,1.28122089081442181e-3,-2.95679681003093719e-2,-1.47839840501546860e-2
212,7,5.88235294117647078e-1,7.84313725490196068e-2,1.76470588235294101e-1,-2.62808471918106079e-1,-1.31404235959053040e-1,2.27710752224083990e-2,1.13855376112041995e-2,-2.62758076190948486e-1,-1.31379038095474243e-1
212,8,6.66666666666666630e-1,7.84313725490196068e-2,1.76470588235294101e-1,-4.80168044567108154e-1,-2.40084022283554077e-1,4.16038203053176736e-2,2.08019101526588368e-2,-4.80075955390930176e-1,-2.40037977695465088e-1
212,9,7.45098039215686292e-1,7.84313725490196068e-2,1.76470588235294101e-1,-6.68522775173187256e-1,-3.34261387586593628e-1,5.79225433990359084e-2,2.89612716995179542e-2,-6.68394565582275391e-1,-3.34197282791137695e-1
212,10,8.23529411764705843e-1,7.84313725490196068e-2,1.76470588235294101e-1,-8.16495776176452637e-1,-4.08247888088226318e-1,7.07366812974214720e-2,3.53683406487107360e-2,-8.16339194774627686e-1,-4.08169597387313843e-1
212,11,9.01960784313725505e-1,7.84313725490196068e-2,1.76470588235294101e-1,-9.15153443813323975e-1,-4.57576721906661987e-1,7.92650196701288057e-2,3.96325098350644028e-2,-9.14977967739105225e-1,-4.57488983869552612e-1
212,12,9.80392156862745057e-1,5.88235294117647189e-2,1.32352941176470618e-1,-9.58550095558166504e-1,-4.79275047779083252e-1,6.22470723465085030e-2,3.11235361732542515e-2,-9.58366394042968750e-1,-4.79183197021484375e-1
213,0,3.92156862745098034e-2,7.84313725490196068e-2,1.76470588235294101e-1,9.52874362468719482e-1,4.76437181234359741e-1,-8.25619792565703420e-2,-4.12809896282851710e-2,9.52691614627838135e-1,4.76345807313919067e-1
213,1,1.17647058823529410e-1,7.84313725490196068e-2,1.76470588235294101e-1,8.95314812660217285e-1,4.47657406330108643e-1,-7.75744333863258168e-2,-3.87872166931629084e-2,8.95143091678619385e-1,4.47571545839309692e-1
213,2,1.96078431372549017e-1,7.84313725490196068e-2,1.76470588235294101e-1,7.83672869205474854e-1,3.91836434602737427e-1,-6.79013969376683346e-2,-3.39506984688341673e-2,7.83522546291351318e-1,3.91761273145675659e-1
213,3,2.74509803921568651e-1,7.84313725490196068e-2,1.76470588235294101e-1,6.24692261219024658e-1,3.12346130609512329e-1,-5.41264615952968542e-2,-2.70632307976484271e-2,6.24572455883026123e-1,3.12286227941513062e-1
213,4,3.52941176470588203e-1,7.84313725490196068e-2,1.76470588235294101e-1,4.27976429462432861e-1,2.13988214731216431e-1,-3.70819679461419360e-2,-1.85409839730709680e-2,4.27894353866577148e-1,2.13947176933288574e-1
213,5,4.31372549019607865e-1,7.84313725490196068e-2,1.76470588235294101e-1,2.05408245325088501e-1,1.02704122662544250e-1,-1.77977670100517571e-2,-8.89888350502587855e-3,2.05368846654891968e-1,1.02684423327445984e-1
213,6,5.09803921568627416e-1,7.84313725490196068e-2,1.76470588235294101e-1,-2.95679681003093719e-2,-1.47839840501546860e-2,2.56194483954458319e-3,1.28097241977229159e-3,-2.95622963458299637e-2,-1.47811481729149818e-2
213,7,5.88235294117647078e-1,7.84313725490196068e-2,1.76470588235294101e-1,-2.62758076190948486e-1,-1.31379038095474243e-1,2.27667283150367328e-2,1.13833641575183664e-2,-2.62707680463790894e-1,-1.31353840231895447e-1
213,8,6.66666666666666630e-1,7.84313725490196068e-2,1.76470588235294101e-1,-4.80075955390930176e-1,-2.40037977695465088e-1,4.15958264842629655e-2,2.07979132421314827e-2,-4.79983896017074585e-1,-2.39991948008537292e-1
213,9,7.45098039215686292e-1,7.84313725490196068e-2,1.76470588235294101e-1,-6.68394565582275391e-1,-3.34197282791137695e-1,5.79114289954304473e-2,2.89557144977152237e-2,-6.68266355991363525e-1,-3.34133177995681763e-1
213,10,8.23529411764705843e-1,7.84313725490196068e-2,1.76470588235294101e-1,-8.16339194774627686e-1,-4.08169597387313843e-1,7.07230875268578529e-2,3.53615437634289265e-2,-8.16182672977447510e-1,-4.08091336488723755e-1
213,11,9.01960784313725505e-1,7.84313725490196068e-2,1.76470588235294101e-1,-9.14977967739105225e-1,-4.57488983869552612e-1,7.92497159913182203e-2,3.96248579956591102e-2,-9.14802551269531250e-1,-4.57401275634765625e-1
213,12,9.80392156862745057e-1,5.88235294117647189e-2,1.32352941176470618e-1,-9.58366394042968750e-1,-4.79183197021484375e-1,6.22352739796042456e-2,3.11176369898021228e-2,-9.58182692527770996e-1,-4.79091346263885498e-1
214,0,3.92156862745098034e-2,7.84313725490196068e-2,1.76470588235294101e-1,9.52691614627838135e-1,4.76345807313919067e-1,-8.25461626052856473e-2,-4.12730813026428237e-2,9.52508866786956787e-1,4.76254433393478394e-1
214,1,1.17647058823529410e-1,7.84313725490196068e-2,1.76470588235294101e-1,8.95143091678619385e-1,4.47571545839309692e-1,-7.75595571845769799e-2,-3.87797785922884899e-2,8.94971430301666260e-1,4.47485715150833130e-1
214,2,1.96078431372549017e-1,7.84313725490196068e-2,1.76470588235294101e-1,7.83522546291351318e-1,3.91761273145675659e-1,-6.78883161395788248e-2,-3.39441580697894124e-2,7.83372282981872559e-1,3.91686141490936279e-1
214,3,2.74509803921568651e-1,7.84313725490196068e-2,1.76470588235294101e-1,6.24572455883026123e-1,3.12286227941513062e-1,-5.41161166504025570e-2,-2.70580583252012785e-2,6.24452650547027588e-1,3.12226325273513794e-1
214,4,3.52941176470588203e-1,7.84313725490196068e-2,1.76470588235294101e-1,4.27894353866577148e-1,2.13947176933288574e-1,-3.70748718269169331e-2,-1.85374359134584665e-2,4.27812278270721436e-1,2.13906139135360718e-1
214,5,4.31372549019607865e-1,7.84313725490196068e-2,1.76470588235294101e-1,2.05368846654891968e-1,1.02684423327445984e-1,-1.77943338348995894e-2,-8.89716691744979471e-3,2.05329462885856628e-1,1.02664731442928314e-1
214,6,5.09803921568627416e-1,7.84313725490196068e-2,1.76470588235294101e-1,-2.95622963458299637e-2,-1.47811481729149818e-2,2.56144789746032275e-3,1.28072394873016138e-3,-2.95566264539957047e-2,-1.47783132269978523e-2
214,7,5.88235294117647078e-1,7.84313725490196068e-2,1.76470588235294101e-1,-2.62707680463790894e-1,-1.31353840231895447e-1,2.27623386599589139e-2,1.13811693299794570e-2,-2.62657284736633301e-1,-1.31328642368316650e-1
214,8,6.66666666666666630e-1,7.84313725490196068e-2,1.76470588235294101e-1,-4.79983896017074585e-1,-2.39991948008537292e-1,4.15879181586206181e-2,2.07939590793103091e-2,-4.79891836643218994e-1,-2.39945918321609497e-1
214,9,7.45098039215686292e-1,7.84313725490196068e-2,1.76470588235294101e-1,-6.68266355991363525e-1,-3.34133177995681763e-1,5.79001863487064727e-2,2.89500931743532364e-2,-6.68138206005096436e-1,-3.34069103002548218e-1
214,10,8.23529411764705843e-1,7.84313725490196068e-2,1.76470588235294101e-1,-8.16182672977447510e-1,-4.08091336488723755e-1,7.07095792517065946e-2,3.53547896258532973e-2,-8.16026151180267334e-1,-4.08013075590133667e-1
214,11,9.01960784313725505e-1,7.84313725490196068e-2,1.76470588235294101e-1,-9.14802551269531250e-1,-4.57401275634765625e-1,7.92344978079199680e-2,3.96172489039599840e-2,-9.14627134799957275e-1,-4.57313567399978638e-1
214,12,9.80392156862745057e-1,5.88235294117647189e-2,1.32352941176470618e-1,-9.58182692527770996e-1,-4.79091346263885498e-1,6.22233901172876344e-2,3.11116950586438172e-2,-9.57999050617218018e-1,-4.78999525308609009e-1
215,0,3.92156862745098034e-2,7.84313725490196068e-2,1.76470588235294101e-1,9.52508866786956787e-1,4.76254433393478394e-1,-8.25302604585885918e-2,-4.12651302292942959e-2,9.52326178550720215e-1,4.76163089275360107e-1
215,1,1.17647058823529410e-1,7.84313725490196068e-2,1.76470588235294101e-1,8.94971430301666260e-1,4.47485715150833130e-1,-7.75447664782405038e-2,-3.87723832391202519e-2,8.94799768924713135e-1,4.47399884462356567e-1
215,2,1.96078431372549017e-1,7.84313725490196068e-2,1.76470588235294101e-1,7.83372282981872559e-1,3.91686141490936279e-1,-6.78753208369016481e-2,-3.39376604184508240e-2,7.83222019672393799e-1,3.91611009836196899e-1
215,3,2.74509803921568651e-1,7.84313725490196068e-2,1.76470588235294101e-1,6.24452650547027588e-1,3.12226325273513794e-1,-5.41056862100958713e-2,-2.70528431050479357e-2,6.24332904815673828e-1,3.12166452407836914e-1
215,4,3.52941176470588203e-1,7.84313725490196068e-2,1.76470588235294101e-1,4.27812278270721436e-1,2.13906139135360718e-1,-3.70677543338388538e-2,-1.85338771669194269e-2,4.27730232477188110e-1,2.13865116238594055e-1
215,5,4.31372549019607865e-1,7.84313725490196068e-2,1.76470588235294101e-1,2.05329462885856628e-1,1.02664731442928314e-1,-1.77909460791851881e-2,-8.89547303959259406e-3,2.05290079116821289e-1,1.02645039558410645e-1
215,6,5.09803921568627416e-1,7.84313725490196068e-2,1.76470588235294101e-1,-2.95566264539957047e-2,-1.47783132269978523e-2,2.56097767269236609e-3,1.28048883634618305e-3,-2.95509584248065948e-2,-1.47754792124032974e-2
215,7,5.88235294117647078e-1,7.84313725490196068e-2,1.76470588235294101e-1,-2.62657284736633301e-1,-1.31328642368316650e-1,2.27579463331494258e-2,1.13789731665747129e-2,-2.62606918811798096e-1,-1.31303459405899048e-1
215,8,6.66666666666666630e-1,7.84313725490196068e-2,1.76470588235294101e-1,-4.79891836643218994e-1,-2.39945918321609497e-1,4.15799243375659100e-2,2.07899621687829550e-2,-4.79799807071685791e-1,-2.39899903535842896e-1
215,9,7.45098039215686292e-1,7.84313725490196068e-2,1.76470588235294101e-1,-6.68138206005096436e-1,-3.34069103002548218e-1,5.78891146928071920e-2,2.89445573464035960e-2,-6.68010056018829346e-1,-3.34005028009414673e-1
215,10,8.23529411764705843e-1,7.84313725490196068e-2,1.76470588235294101e-1,-8.16026151180267334e-1,-4.08013075590133667e-1,7.06959854811430033e-2,3.53479927405715016e-2,-8.15869688987731934e-1,-4.07934844493865967e-1
215,11,9.01960784313725505e-1,7.84313725490196068e-2,1.76470588235294101e-1,-9.14627134799957275e-1,-4.57313567399978638e-1,7.92191941291093826e-2,3.96095970645546913e-2,-9.14451777935028076e-1,-4.57225888967514038e-1
215,12,9.80392156862745057e-1,5.88235294117647189e-2,1.32352941176470618e-1,-9.57999050617218018e-1,-4.78999525308609009e-1,6.22115917503833771e-2,3.11057958751916885e-2,-9.57815468311309814e-1,-4.78907734155654907e-1
216,0,3.92156862745098034e-2,7.84313725490196068e-2,1.76470588235294101e-1,9.52326178550720215e-1,4.76163089275360107e-1,-8.25144438073038972e-2,-4.12572219036519486e-2,9.52143549919128418e-1,4.76071774959564209e-1
216,1,1.17647058823529410e-1,7.84313725490196068e-2,1.76470588235294101e-1,8.94799768924713135e-1,4.47399884462356567e-1,-7.75298902764916392e-2,-3.87649451382458196e-2,8.94628167152404785e-1,4.47314083576202393e-1
216,2,1.96078431372549017e-1,7.84313725490196068e-2,1.76470588235294101e-1,7.83222019672393799e-1,3.91611009836196899e-1,-6.78622400388121660e-2,-3.39311200194060830e-2,7.83071815967559814e-1,3.91535907983779907e-1
216,3,2.74509803921568651e-1,7.84313725490196068e-2,1.76470588235294101e-1,6.24332904815673828e-1,3.12166452407836914e-1,-5.40953840129077268e-2,-2.70476920064538634e-2,6.24213159084320068e-1,3.12106579542160034e-1
216,4,3.52941176470588203e-1,7.84313725490196068e-2,1.76470588235294101e-1,4.27730232477188110e-1,2.13865116238594055e-1,-3.70606368407607190e-2,-1.85303184203803595e-2,4.27648186683654785e-1,2.13824093341827393e-1
216,5,4.31372549019607865e-1,7.84313725490196068e-2,1.76470588235294101e-1,2.05290079116821289e-1,1.02645039558410645e-1,-1.77875182474963589e-2,-8.89375912374817945e-3,2.05250710248947144e-1,1.02625355124473572e-1
216,6,5.09803921568627416e-1,7.84313725490196068e-2,1.76470588235294101e-1,-2.95509584248065948e-2,-1.47754792124032974e-2,2.56047004368159525e-3,1.28023502184079763e-3,-2.95452903956174850e-2,-1.47726451978087425e-2
216,7,5.88235294117647078e-1,7.84313725490196068e-2,1.76470588235294101e-1,-2.62606918811798096e-1,-1.31303459405899048e-1,2.27535940823145322e-2,1.13767970411572661e-2,-2.62556552886962891e-1,-1.31278276443481445e-1
216,8,6.66666666666666630e-1,7.84313725490196068e-2,1.76470588235294101e-1,-4.79799807071685791e-1,-2.39899903535842896e-1,4.15719732642173545e-2,2.07859866321086773e-2,-4.79707777500152588e-1,-2.39853888750076294e-1
216,9,7.45098039215686292e-1,7.84313725490196068e-2,1.76470588235294101e-1,-6.68010056018829346e-1,-3.34005028009414673e-1,5.78779147937893701e-2,2.89389573968946850e-2,-6.67881965637207031e-1,-3.33940982818603516e-1
216,10,8.23529411764705843e-1,7.84313725490196068e-2,1.76470588235294101e-1,-8.15869688987731934e-1,-4.07934844493865967e-1,7.06824772059917450e-2,3.53412386029958725e-2,-8.15713226795196533e-1,-4.07856613397598267e-1
216,11,9.01960784313725505e-1,7.84313725490196068e-2,1.76470588235294101e-1,-9.14451777935028076e-1,-4.57225888967514038e-1,7.92038904502987973e-2,3.96019452251493986e-2,-9.14276480674743652e-1,-4.57138240337371826e-1
216,12,9.80392156862745057e-1,5.88235294117647189e-2,1.32352941176470618e-1,-9.57815468311309814e-1,-4.78907734155654907e-1,6.21997933834791197e-2,3.10998966917395599e-2,-9.57631886005401611e-1,-4.78815943002700806e-1
217,0,3.92156862745098034e-2,7.84313725490196068e-2,1.76470588235294101e-1,9.52143549919128418e-1,4.76071774959564209e-1,-8.24986271560192025e-2,-4.12493135780096012e-2,9.51960921287536621e-1,4.75980460643768311e-1
217,1,1.17647058823529410e-1,7.84313725490196068e-2,1.76470588235294101e-1,8.94628167152404785e-1,4.47314083576202393e-1,-7.75150140747428024e-2,-3.87575070373714012e-2,8.94456565380096436e-1,4.47228282690048218e-1
217,2,1.96078431372549017e-1,7.84313725490196068e-2,1.76470588235294101e-1,7.83071815967559814e-1,3.91535907983779907e-1,-6.78492447361349893e-2,-3.39246223680674946e-2,7.82921612262725830e-1,3.91460806131362915e-1
217,3,2.74509803921568651e-1,7.84313725490196068e-2,1.76470588235294101e-1,6.24213159084320068e-1,3.12106579542160034e-1,-5.40849963203072492e-2,-2.70424981601536246e-2,6.24093413352966309e-1,3.12046706676483154e-1
217,4,3.52941176470588203e-1,7.84313725490196068e-2,1.76470588235294101e-1,4.27648186683654785e-1,2.13824093341827393e-1,-3.70534979738295078e-2,-1.85267489869147539e-2,4.27566170692443848e-1,2.13783085346221924e-1
217,5,4.31372549019607865e-1,7.84313725490196068e-2,1.76470588235294101e-1,2.05250710248947144e-1,1.02625355124473572e-1,-1.77841331635136268e-2,-8.89206658175681341e-3,2.05211341381072998e-1,1.02605670690536499e-1
217,6,5.09803921568627416e-1,7.84313725490196068e-2,1.76470588235294101e-1,-2.95452903956174850e-2,-1.47726451978087425e-2,2.55998378852384523e-3,1.27999189426192261e-3,-2.95396242290735245e-2,-1.47698121145367622e-2
217,7,5.88235294117647078e-1,7.84313725490196068e-2,1.76470588235294101e-1,-2.62556552886962891e-1,-1.31278276443481445e-1,2.27492418314795830e-2,1.13746209157397915e-2,-2.62506186962127686e-1,-1.31253093481063843e-1
217,8,6.66666666666666630e-1,7.84313725490196068e-2,1.76470588235294101e-1,-4.79707777500152588e-1,-2.39853888750076294e-1,4.15639366954564937e-2,2.07819683477282469e-2,-4.79615777730941772e-1,-2.39807888865470886e-1
217,9,7.45098039215686292e-1,7.84313725490196068e-2,1.76470588235294101e-1,-6.67881965637207031e-1,-3.33940982818603516e-1,5.78668858855962698e-2,2.89334429427981349e-2,-6.67753875255584717e-1,-3.33876937627792358e-1
217,10,8.23529411764705843e-1,7.84313725490196068e-2,1.76470588235294101e-1,-8.15713226795196533e-1,-4.07856613397598267e-1,7.06687979400157928e-2,3.53343989700078964e-2,-8.15556824207305908e-1,-4.07778412103652954e-1
217,11,9.01960784313725505e-1,7.84313725490196068e-2,1.76470588235294101e-1,-9.14276480674743652e-1,-4.57138240337371826e-1,7.91887577623128780e-2,3.95943788811564390e-2,-9.14101183414459229e-1,-4.57050591707229614e-1
217,12,9.80392156862745057e-1,5.88235294117647189e-2,1.32352941176470618e-1,-9.57631886005401611e-1,-4.78815943002700806e-1,6.21879095211625085e-2,3.10939547605812543e-2,-9.57448363304138184e-1,-4.78724181652069092e-1
218,0,3.92156862745098034e-2,7.84313725490196068e-2,1.76470588235294101e-1,9.51960921287536621e-1,4.75980460643768311e-1,-8.24828105047345078e-2,-4.12414052523672539e-2,9.51778352260589600e-1,4.75889176130294800e-1
218,1,1.17647058823529410e-1,7.84313725490196068e-2,1.76470588235294101e-1,8.94456565380096436e-1,4.47228282690048218e-1,-7.75001378729939377e-2,-3.87500689364969689e-2,8.94285023212432861e-1,4.47142511606216431e-1
218,2,1.96078431372549017e-1,7.84313725490196068e-2,1.76470588235294101e-1,7.82921612262725830e-1,3.91460806131362915e-1,-6.78362494334578681e-2,-3.39181247167289340e-2,7.82771468162536621e-1,3.91385734081268311e-1
218,3,2.74509803921568651e-1,7.84313725490196068e-2,1.76470588235294101e-1,6.24093413352966309e-1,3.12046706676483154e-1,-5.40745658800005913e-2,-2.70372829400002956e-2,6.23973727226257324e-1,3.11986863613128662e-1
218,4,3.52941176470588203e-1,7.84313725490196068e-2,1.76470588235294101e-1,4.27566170692443848e-1,2.13783085346221924e-1,-3.70464446023106575e-2,-1.85232223011553288e-2,4.27484154701232910e-1,2.13742077350616455e-1
218,5,4.31372549019607865e-1,7.84313725490196068e-2,1.76470588235294101e-1,2.05211341381072998e-1,1.02605670690536499e-1,-1.77807080035563558e-2,-8.89035400177817792e-3,2.05171987414360046e-1,1.02585993707180023e-1
218,6,5.09803921568627416e-1,7.84313725490196068e-2,1.76470588235294101e-1,-2.95396242290735245e-2,-1.47698121145367622e-2,2.55950287682937816e-3,1.27975143841468908e-3,-2.95339580625295639e-2,-1.47669790312647820e-2
218,7,5.88235294117647078e-1,7.84313725490196068e-2,1.76470588235294101e-1,-2.62506186962127686e-1,-1.31253093481063843e-1,2.27448441612068675e-2,1.13724220806034337e-2,-2.62455850839614868e-1,-1.31227925419807434e-1
218,8,6.66666666666666630e-1,7.84313725490196068e-2,1.76470588235294101e-1,-4.79615777730941772e-1,-2.39807888865470886e-1,4.15559856221079382e-2,2.07779928110539691e-2,-4.79523777961730957e-1,-2.39761888980865479e-1
218,9,7.45098039215686292e-1,7.84313725490196068e-2,1.76470588235294101e-1,-6.67753875255584717e-1,-3.33876937627792358e-1,5.78557287342846560e-2,2.89278643671423280e-2,-6.67625784873962402e-1,-3.33812892436981201e-1
218,10,8.23529411764705843e-1,7.84313725490196068e-2,1.76470588235294101e-1,-8.15556824207305908e-1,-4.07778412103652954e-1,7.06552896648645345e-2,3.53276448324322673e-2,-8.15400421619415283e-1,-4.07700210809707642e-1
218,11,9.01960784313725505e-1,7.84313725490196068e-2,1.76470588235294101e-1,-9.14101183414459229e-1,-4.57050591707229614e-1,7.91734540835022926e-2,3.95867270417511463e-2,-9.13925945758819580e-1,-4.56962972879409790e-1
218,12,9.80392156862745057e-1,5.88235294117647189e-2,1.32352941176470618e-1,-9.57448363304138184e-1,-4.78724181652069092e-1,6.21761111542582512e-2,3.10880555771291256e-2,-9.57264840602874756e-1,-4.78632420301437378e-1
219,0,3.92156862745098034e-2,7.84313725490196068e-2,1.76470588235294101e-1,9.51778352260589600e-1,4.75889176130294800e-1,-8.24669938534498131e-2,-4.12334969267249066e-2,9.51595783233642578e-1,4.75797891616821289e-1
219,1,1.17647058823529410e-1,7.84313725490196068e-2,1.76470588235294101e-1,8.94285023212432861e-1,4.47142511606216431e-1,-7.74852616712451009e-2,-3.87426308356225504e-2,8.94113481044769287e-1,4.47056740522384644e-1
219,2,1.96078431372549017e-1,7.84313725490196068e-2,1.76470588235294101e-1,7.82771468162536621e-1,3.91385734081268311e-1,-6.78232541307806913e-2,-3.39116270653903457e-2,7.82621324062347412e-1,3.91310662031173706e-1
219,3,2.74509803921568651e-1,7.84313725490196068e-2,1.76470588235294101e-1,6.23973727226257324e-1,3.11986863613128662e-1,-5.40642209351062664e-2,-2.70321104675531332e-2,6.23854041099548340e-1,3.11927020549774170e-1
219,4,3.52941176470588203e-1,7.84313725490196068e-2,1.76470588235294101e-1,4.27484154701232910e-1,2.13742077350616455e-1,-3.70392843615263700e-2,-1.85196421807631850e-2,4.27402168512344360e-1,2.13701084256172180e-1
219,5,4.31372549019607865e-1,7.84313725490196068e-2,1.76470588235294101e-1,2.05171987414360046e-1,1.02585993707180023e-1,-1.77773255913052930e-2,-8.88866279565264650e-3,2.05132633447647095e-1,1.02566316723823547e-1
219,6,5.09803921568627416e-1,7.84313725490196068e-2,1.76470588235294101e-1,-2.95339580625295639e-2,-1.47669790312647820e-2,2.55900059128183477e-3,1.27950029564091738e-3,-2.95282937586307526e-2,-1.47641468793153763e-2
219,7,5.88235294117647078e-1,7.84313725490196068e-2,1.76470588235294101e-1,-2.62455850839614868e-1,-1.31227925419807434e-1,2.27405319863464572e-2,1.13702659931732286e-2,-2.62405514717102051e-1,-1.31202757358551025e-1
219,8,6.66666666666666630e-1,7.84313725490196068e-2,1.76470588235294101e-1,-4.79523777961730957e-1,-2.39761888980865479e-1,4.15479918010532856e-2,2.07739959005266428e-2,-4.79431807994842529e-1,-2.39715903997421265e-1
219,9,7.45098039215686292e-1,7.84313725490196068e-2,1.76470588235294101e-1,-6.67625784873962402e-1,-3.33812892436981201e-1,5.78445715829729867e-2,2.89222857914864934e-2,-6.67497754096984863e-1,-3.33748877048492432e-1
219,10,8.23529411764705843e-1,7.84313725490196068e-2,1.76470588235294101e-1,-8.15400421619415283e-1,-4.07700210809707642e-1,7.06416958943009432e-2,3.53208479471504716e-2,-8.15244078636169434e-1,-4.07622039318084717e-1
219,11,9.01960784313725505e-1,7.84313725490196068e-2,1.76470588235294101e-1,-9.13925945758819580e-1,-4.56962972879409790e-1,7.91583213955163872e-2,3.95791606977581936e-2,-9.13750708103179932e-1,-4.56875354051589966e-1
219,12,9.80392156862745057e-1,5.88235294117647189e-2,1.32352941176470618e-1,-9.57264840602874756e-1,-4.78632420301437378e-1,6.21642272919416400e-2,3.10821136459708200e-2,-9.57081377506256104e-1,-4.78540688753128052e-1
220,0,3.92156862745098034e-2,7.84313725490196068e-2,1.76470588235294101e-1,9.51595783233642578e-1,4.75797891616821289e-1,-8.24511772021651185e-2,-4.12255886010825592e-2,9.51413273811340332e-1,4.75706636905670166e-1
220,1,1.17647058823529410e-1,7.84313725490196068e-2,1.76470588235294101e-1,8.94113481044769287e-1,4.47056740522384644e-1,-7.74703854694962640e-2,-3.87351927347481320e-2,8.93941998481750488e-1,4.46970999240875244e-1
220,2,1.96078431372549017e-1,7.84313725490196068e-2,1.76470588235294101e-1,7.82621324062347412e-1,3.91310662031173706e-1,-6.78102588281035423e-2,-3.39051294140517712e-2,7.82471239566802979e-1,3.91235619783401489e-1
220,3,2.74509803921568651e-1,7.84313725490196068e-2,1.76470588235294101e-1,6.23854041099548340e-1,3.11927020549774170e-1,-5.40538332425057610e-2,-2.70269166212528805e-2,6.23734414577484131e-1,3.11867207288742065e-1
220,4,3.52941176470588203e-1,7.84313725490196068e-2,1.76470588235294101e-1,4.27402168512344360e-1,2.13701084256172180e-1,-3.70322096161544434e-2,-1.85161048080772217e-2,4.27320182323455811e-1,2.13660091161727905e-1
220,5,4.31372549019607865e-1,7.84313725490196068e-2,1.76470588235294101e-1,2.05132633447647095e-1,1.02566316723823547e-1,-1.77739031030796357e-2,-8.88695155153981786e-3,2.05093294382095337e-1,1.02546647191047668e-1
220,6,5.09803921568627416e-1,7.84313725490196068e-2,1.76470588235294101e-1,-2.95282937586307526e-2,-1.47641468793153763e-2,2.55850364919751883e-3,1.27925182459875941e-3,-2.95226313173770905e-2,-1.47613156586885452e-2
220,7,5.88235294117647078e-1,7.84313725490196068e-2,1.76470588235294101e-1,-2.62405514717102051e-1,-1.31202757358551025e-1,2.27361743920482806e-2,1.13680871960241403e-2,-2.62355178594589233e-1,-1.31177589297294617e-1
220,8,6.66666666666666630e-1,7.84313725490196068e-2,1.76470588235294101e-1,-4.79431807994842529e-1,-2.39715903997421265e-1,4.15399979799985775e-2,2.07699989899992887e-2,-4.79339867830276489e-1,-2.39669933915138245e-1
220,9,7.45098039215686292e-1,7.84313725490196068e-2,1.76470588235294101e-1,-6.67497754096984863e-1,-3.33748877048492432e-1,5.78334571793675256e-2,2.89167285896837628e-2,-6.67369723320007324e-1,-3.33684861660003662e-1
220,10,8.23529411764705843e-1,7.84313725490196068e-2,1.76470588235294101e-1,-8.15244078636169434e-1,-4.07622039318084717e-1,7.06281876191496849e-2,3.53140938095748425e-2,-8.15087735652923584e-1,-4.07543867826461792e-1
220,11,9.01960784313725505e-1,7.84313725490196068e-2,1.76470588235294101e-1,-9.13750708103179932e-1,-4.56875354051589966e-1,7.91430177167057880e-2,3.95715088583528940e-2,-9.13575530052185059e-1,-4.56787765026092529e-1
220,12,9.80392156862745057e-1,5.88235294117647189e-2,1.32352941176470618e-1,-9.57081377506256104e-1,-4.78540688753128052e-1,6.21524289250373826e-2,3.10762144625186913e-2,-9.56897914409637451e-1,-4.78448957204818726e-1
221,0,3.92156862745098034e-2,7.84313725490196068e-2,1.76470588235294101e-1,9.51413273811340332e-1,4.75706636905670166e-1,-8.24353605508804238e-2,-4.12176802754402119e-2,9.51230823993682861e-1,4.75615411996841431e-1
221,1,1.17647058823529410e-1,7.84313725490196068e-2,1.76470588235294101e-1,8.93941998481750488e-1,4.46970999240875244e-1,-7.74555092677473994e-2,-3.87277546338736997e-2,8.93770575523376465e-1,4.46885287761688232e-1
221,2,1.96078431372549017e-1,7.84313725490196068e-2,1.76470588235294101e-1,7.82471239566802979e-1,3.91235619783401489e-1,-6.77972635254263933e-2,-3.38986317627131967e-2,7.82321155071258545e-1,3.91160577535629272e-1
221,3,2.74509803921568651e-1,7.84313725490196068e-2,1.76470588235294101e-1,6.23734414577484131e-1,3.11867207288742065e-1,-5.40435310453176443e-2,-2.70217655226588221e-2,6.23614788055419922e-1,3.11807394027709961e-1
221,4,3.52941176470588203e-1,7.84313725490196068e-2,1.76470588235294101e-1,4.27320182323455811e-1,2.13660091161727905e-1,-3.70250280015170796e-2,-1.85125140007585398e-2,4.27238225936889648e-1,2.13619112968444824e-1
221,5,4.31372549019607865e-1,7.84313725490196068e-2,1.76470588235294101e-1,2.05093294382095337e-1,1.02546647191047668e-1,-1.77705260342918003e-2,-8.88526301714590017e-3,2.05053955316543579e-1,1.02526977658271790e-1
221,6,5.09803921568627416e-1,7.84313725490196068e-2,1.76470588235294101e-1,-2.95226313173770905e-2,-1.47613156586885452e-2,2.55803342442956216e-3,1.27901671221478108e-3,-2.95169688761234283e-2,-1.47584844380617142e-2
221,7,5.88235294117647078e-1,7.84313725490196068e-2,1.76470588235294101e-1,-2.62355178594589233e-1,-1.31177589297294617e-1,2.27317713783122821e-2,1.13658856891561411e-2,-2.62304872274398804e-1,-1.31152436137199402e-1
221,8,6.66666666666666630e-1,7.84313725490196068e-2,1.76470588235294101e-1,-4.79339867830276489e-1,-2.39669933915138245e-1,4.15320896543562301e-2,2.07660448271781151e-2,-4.79247927665710449e-1,-2.39623963832855225e-1
221,9,7.45098039215686292e-1,7.84313725490196068e-2,1.76470588235294101e-1,-6.67369723320007324e-1,-3.33684861660003662e-1,5.78223000280559118e-2,2.89111500140279559e-2,-6.67241752147674561e-1,-3.33620876073837280e-1
221,10,8.23529411764705843e-1,7.84313725490196068e-2,1.76470588235294101e-1,-8.15087735652923584e-1,-4.07543867826461792e-1,7.06145938485860936e-2,3.53072969242930468e-2,-8.14931452274322510e-1,-4.07465726137161255e-1
221,11,9.01960784313725505e-1,7.84313725490196068e-2,1.76470588235294101e-1,-9.13575530052185059e-1,-4.56787765026092529e-1,7.91278850287198965e-2,3.95639425143599482e-2,-9.13400352001190186e-1,-4.56700176000595093e-1
221,12,9.80392156862745057e-1,5.88235294117647189e-2,1.32352941176470618e-1,-9.56897914409637451e-1,-4.78448957204818726e-1,6.21405450627207714e-2,3.10702725313603857e-2,-9.56714510917663574e-1,-4.78357255458831787e-1
222,0,3.92156862745098034e-2,7.84313725490196068e-2,1.76470588235294101e-1,9.51230823993682861e-1,4.75615411996841431e-1,-8.24195438995957291e-2,-4.12097719497978646e-2,9.51048374176025391e-1,4.75524187088012695e-1
222,1,1.17647058823529410e-1,7.84313725490196068e-2,1.76470588235294101e-1,8.93770575523376465e-1,4.46885287761688232e-1,-7.74407185614108956e-2,-3.87203592807054478e-2,8.93599152565002441e-1,4.46799576282501221e-1
222,2,1.96078431372549017e-1,7.84313725490196068e-2,1.76470588235294101e-1,7.82321155071258545e-1,3.91160577535629272e-1,-6.77841827273368835e-2,-3.38920913636684418e-2,7.82171130180358887e-1,3.91085565090179443e-1
222,3,2.74509803921568651e-1,7.84313725490196068e-2,1.76470588235294101e-1,6.23614788055419922e-1,3.11807394027709961e-1,-5.40331861004233194e-2,-2.70165930502116597e-2,6.23495161533355713e-1,3.11747580766677856e-1
222,4,3.52941176470588203e-1,7.84313725490196068e-2,1.76470588235294101e-1,4.27238225936889648e-1,2.13619112968444824e-1,-3.70179318822920767e-2,-1.85089659411460383e-2,4.27156299352645874e-1,2.13578149676322937e-1
222,5,4.31372549019607865e-1,7.84313725490196068e-2,1.76470588235294101e-1,2.05053955316543579e-1,1.02526977658271790e-1,-1.77671062177978123e-2,-8.88355310889890615e-3,2.05014631152153015e-1,1.02507315576076508e-1
222,6,5.09803921568627416e-1,7.84313725490196068e-2,1.76470588235294101e-1,-2.95169688761234283e-2,-1.47584844380617142e-2,2.55752045195550837e-3,1.27876022597775418e-3,-2.95113082975149155e-2,-1.47556541487574577e-2
222,7,5.88235294117647078e-1,7.84313725490196068e-2,1.76470588235294101e-1,-2.62304872274398804e-1,-1.31152436137199402e-1,2.27274538599885889e-2,1.13637269299942945e-2,-2.62254565954208374e-1,-1.31127282977104187e-1
222,8,6.66666666666666630e-1,7.84313725490196068e-2,1.76470588235294101e-1,-4.79247927665710449e-1,-2.39623963832855225e-1,4.15240530855953693e-2,2.07620265427976847e-2,-4.79156017303466797e-1,-2.39578008651733398e-1
222,9,7.45098039215686292e-1,7.84313725490196068e-2,1.76470588235294101e-1,-6.67241752147674561e-1,-3.33620876073837280e-1,5.78112283721566034e-2,2.89056141860783017e-2,-6.67113780975341797e-1,-3.33556890487670898e-1
222,10,8.23529411764705843e-1,7.84313725490196068e-2,1.76470588235294101e-1,-8.14931452274322510e-1,-4.07465726137161255e-1,7.06010855734348353e-2,3.53005427867174176e-2,-8.14775168895721436e-1,-4.07387584447860718e-1
222,11,9.01960784313725505e-1,7.84313725490196068e-2,1.76470588235294101e-1,-9.13400352001190186e-1,-4.56700176000595093e-1,7.91125813499092972e-2,3.95562906749546486e-2,-9.13225233554840088e-1,-4.56612616777420044e-1
222,12,9.80392156862745057e-1,5.88235294117647189e-2,1.32352941176470618e-1,-9.56714510917663574e-1,-4.78357255458831787e-1,6.21287466958165141e-2,3.10643733479082571e-2,-9.56531167030334473e-1,-4.78265583515167236e-1
223,0,3.92156862745098034e-2,7.84313725490196068e-2,1.76470588235294101e-1,9.51048374176025391e-1,4.75524187088012695e-1,-8.24037272483110345e-2,-4.12018636241555172e-2,9.50865983963012695e-1,4.75432991981506348e-1
223,1,1.17647058823529410e-1,7.84313725490196068e-2,1.76470588235294101e-1,8.93599152565002441e-1,4.46799576282501221e-1,-7.74258423596620587e-2,-3.87129211798310294e-2,8.93427789211273193e-1,4.46713894605636597e-1
223,2,1.96078431372549017e-1,7.84313725490196068e-2,1.76470588235294101e-1,7.82171130180358887e-1,3.91085565090179443e-1,-6.77712729200720676e-2,-3.38856364600360338e-2,7.82021105289459229e-1,3.91010552644729614e-1
223,3,2.74509803921568651e-1,7.84313725490196068e-2,1.76470588235294101e-1,6.23495161533355713e-1,3.11747580766677856e-1,-5.40227129124104810e-2,-2.70113564562052405e-2,6.23375594615936279e-1,3.11687797307968140e-1
223,4,3.52941176470588203e-1,7.84313725490196068e-2,1.76470588235294101e-1,4.27156299352645874e-1,2.13578149676322937e-1,-3.70108998846263026e-2,-1.85054499423131513e-2,4.27074372768402100e-1,2.13537186384201050e-1
223,5,4.31372549019607865e-1,7.84313725490196068e-2,1.76470588235294101e-1,2.05014631152153015e-1,1.02507315576076508e-1,-1.77636890730354935e-2,-8.88184453651774675e-3,2.04975306987762451e-1,1.02487653493881226e-1
223,6,5.09803921568627416e-1,7.84313725490196068e-2,1.76470588235294101e-1,-2.95113082975149155e-2,-1.47556541487574577e-2,2.55703419679775834e-3,1.27851709839887917e-3,-2.95056477189064026e-2,-1.47528238594532013e-2
223,7,5.88235294117647078e-1,7.84313725490196068e-2,1.76470588235294101e-1,-2.62254565954208374e-1,-1.31127282977104187e-1,2.27230909222271293e-2,1.13615454611135647e-2,-2.62204259634017944e-1,-1.31102129817008972e-1
223,8,6.66666666666666630e-1,7.84313725490196068e-2,1.76470588235294101e-1,-4.79156017303466797e-1,-2.39578008651733398e-1,4.15161020122468694e-2,2.07580510061234347e-2,-4.79064106941223145e-1,-2.39532053470611572e-1
223,9,7.45098039215686292e-1,7.84313725490196068e-2,1.76470588235294101e-1,-6.67113780975341797e-1,-3.33556890487670898e-1,5.78001139685511423e-2,2.89000569842755711e-2,-6.66985809803009033e-1,-3.33492904901504517e-1
223,10,8.23529411764705843e-1,7.84313725490196068e-2,1.76470588235294101e-1,-8.14775168895721436e-1,-4.07387584447860718e-1,7.05874918028712162e-2,3.52937459014356081e-2,-8.14618945121765137e-1,-4.07309472560882568e-1
223,11,9.01960784313725505e-1,7.84313725490196068e-2,1.76470588235294101e-1,-9.13225233554840088e-1,-4.56612616777420044e-1,7.90973631665110588e-2,3.95486815832555294e-2,-9.13050174713134766e-1,-4.56525087356567383e-1
223,12,9.80392156862745057e-1,5.88235294117647189e-2,1.32352941176470618e-1,-9.56531167030334473e-1,-4.78265583515167236e-1,6.21169483289122568e-2,3.10584741644561284e-2,-9.56347823143005371e-1,-4.78173911571502686e-1
224,0,3.92156862745098034e-2,7.84313725490196068e-2,1.76470588235294101e-1,9.50865983963012695e-1,4.75432991981506348e-1,-8.23879105970263398e-2,-4.11939552985131699e-2,9.50683593750000000e-1,4.75341796875000000e-1
224,1,1.17647058823529410e-1,7.84313725490196068e-2,1.76470588235294101e-1,8.93427789211273193e-1,4.46713894605636597e-1,-7.74110516533255549e-2,-3.87055258266627775e-2,8.93256425857543945e-1,4.46628212928771973e-1
224,2,1.96078431372549017e-1,7.84313725490196068e-2,1.76470588235294101e-1,7.82021105289459229e-1,3.91010552644729614e-1,-6.77581921219825856e-2,-3.38790960609912928e-2,7.81871140003204346e-1,3.90935570001602173e-1
224,3,2.74509803921568651e-1,7.84313725490196068e-2,1.76470588235294101e-1,6.23375594615936279e-1,3.11687797307968140e-1,-5.40124107152223365e-2,-2.70062053576111682e-2,6.23256027698516846e-1,3.11628013849258423e-1
224,4,3.52941176470588203e-1,7.84313725490196068e-2,1.76470588235294101e-1,4.27074372768402100e-1,2.13537186384201050e-1,-3.70037823915481678e-2,-1.85018911957740839e-2,4.26992475986480713e-1,2.13496237993240356e-1
224,5,4.31372549019607865e-1,7.84313725490196068e-2,1.76470588235294101e-1,2.04975306987762451e-1,1.02487653493881226e-1,-1.77602719282731192e-2,-8.88013596413655959e-3,2.04935997724533081e-1,1.02467998862266541e-1
224,6,5.09803921568627416e-1,7.84313725490196068e-2,1.76470588235294101e-1,-2.95056477189064026e-2,-1.47528238594532013e-2,2.55654794164000831e-3,1.27827397082000416e-3,-2.94999890029430389e-2,-1.47499945014715195e-2
224,7,5.88235294117647078e-1,7.84313725490196068e-2,1.76470588235294101e-1,-2.62204259634017944e-1,-1.31102129817008972e-1,2.27187279844656698e-2,1.13593639922328349e-2,-2.62153983116149902e-1,-1.31076991558074951e-1
224,8,6.66666666666666630e-1,7.84313725490196068e-2,1.76470588235294101e-1,-4.79064106941223145e-1,-2.39532053470611572e-1,4.15081509388983139e-2,2.07540754694491569e-2,-4.78972226381301880e-1,-2.39486113190650940e-1
224,9,7.45098039215686292e-1,7.84313725490196068e-2,1.76470588235294101e-1,-6.66985809803009033e-1,-3.33492904901504517e-1,5.77889140695333203e-2,2.88944570347666602e-2,-6.66857898235321045e-1,-3.33428949117660522e-1
224,10,8.23529411764705843e-1,7.84313725490196068e-2,1.76470588235294101e-1,-8.14618945121765137e-1,-4.07309472560882568e-1,7.05739835277199856e-2,3.52869917638599928e-2,-8.14462721347808838e-1,-4.07231360673904419e-1
224,11,9.01960784313725505e-1,7.84313725490196068e-2,1.76470588235294101e-1,-9.13050174713134766e-1,-4.56525087356567383e-1,7.90822304785251673e-2,3.95411152392625836e-2,-9.12875115871429443e-1,-4.56437557935714722e-1
224,12,9.80392156862745057e-1,5.88235294117647189e-2,1.32352941176470618e-1,-9.56347823143005371e-1,-4.78173911571502686e-1,6.21050644665956456e-2,3.10525322332978228e-2,-9.56164538860321045e-1,-4.78082269430160522e-1
225,0,3.92156862745098034e-2,7.84313725490196068e-2,1.76470588235294101e-1,9.50683593750000000e-1,4.75341796875000000e-1,-8.23720939457416451e-2,-4.11860469728708226e-2,9.50501263141632080e-1,4.75250631570816040e-1
225,1,1.17647058823529410e-1,7.84313725490196068e-2,1.76470588235294101e-1,8.93256425857543945e-1,4.46628212928771973e-1,-7.73961754515767181e-2,-3.86980877257883590e-2,8.93085122108459473e-1,4.46542561054229736e-1
225,2,1.96078431372549017e-1,7.84313725490196068e-2,1.76470588235294101e-1,7.81871140003204346e-1,3.90935570001602173e-1,-6.77452823147177696e-2,-3.38726411573588848e-2,7.81721174716949463e-1,3.90860587358474731e-1
225,3,2.74509803921568651e-1,7.84313725490196068e-2,1.76470588235294101e-1,6.23256027698516846e-1,3.11628013849258423e-1,-5.40019802749157063e-2,-2.70009901374578531e-2,6.23136520385742188e-1,3.11568260192871094e-1
225,4,3.52941176470588203e-1,7.84313725490196068e-2,1.76470588235294101e-1,4.26992475986480713e-1,2.13496237993240356e-1,-3.69967290200292620e-2,-1.84983645100146310e-2,4.26910579204559326e-1,2.13455289602279663e-1
225,5,4.31372549019607865e-1,7.84313725490196068e-2,1.76470588235294101e-1,2.04935997724533081e-1,1.02467998862266541e-1,-1.77568574552424696e-2,-8.87842872762123481e-3,2.04896688461303711e-1,1.02448344230651855e-1
225,6,5.09803921568627416e-1,7.84313725490196068e-2,1.76470588235294101e-1,-2.94999890029430389e-2,-1.47499945014715195e-2,2.55604565609246492e-3,1.27802282804623246e-3,-2.94943302869796753e-2,-1.47471651434898376e-2
225,7,5.88235294117647078e-1,7.84313725490196068e-2,1.76470588235294101e-1,-2.62153983116149902e-1,-1.31076991558074951e-1,2.27144051226787491e-2,1.13572025613393746e-2,-2.62103706598281860e-1,-1.31051853299140930e-1
225,8,6.66666666666666630e-1,7.84313725490196068e-2,1.76470588235294101e-1,-4.78972226381301880e-1,-2.39486113190650940e-1,4.15001571178436057e-2,2.07500785589218029e-2,-4.78880375623703003e-1,-2.39440187811851501e-1
225,9,7.45098039215686292e-1,7.84313725490196068e-2,1.76470588235294101e-1,-6.66857898235321045e-1,-3.33428949117660522e-1,5.77778424136340674e-2,2.88889212068170337e-2,-6.66729986667633057e-1,-3.33364993333816528e-1
225,10,8.23529411764705843e-1,7.84313725490196068e-2,1.76470588235294101e-1,-8.14462721347808838e-1,-4.07231360673904419e-1,7.05603897571563943e-2,3.52801948785781971e-2,-8.14306557178497314e-1,-4.07153278589248657e-1
225,11,9.01960784313725505e-1,7.84313725490196068e-2,1.76470588235294101e-1,-9.12875115871429443e-1,-4.56437557935714722e-1,7.90670122951269011e-2,3.95335061475634506e-2,-9.12700116634368896e-1,-4.56350058317184448e-1
225,12,9.80392156862745057e-1,5.88235294117647189e-2,1.32352941176470618e-1,-9.56164538860321045e-1,-4.78082269430160522e-1,6.20932660996913882e-2,3.10466330498456941e-2,-9.55981254577636719e-1,-4.77990627288818359e-1
226,0,3.92156862745098034e-2,7.84313725490196068e-2,1.76470588235294101e-1,9.50501263141632080e-1,4.75250631570816040e-1,-8.23562772944569504e-2,-4.11781386472284752e-2,9.50318992137908936e-1,4.75159496068954468e-1
226,1,1.17647058823529410e-1,7.84313725490196068e-2,1.76470588235294101e-1,8.93085122108459473e-1,4.46542561054229736e-1,-7.73813847452402143e-2,-3.86906923726201071e-2,8.92913818359375000e-1,4.46456909179687500e-1
226,2,1.96078431372549017e-1,7.84313725490196068e-2,1.76470588235294101e-1,7.81721174716949463e-1,3.90860587358474731e-1,-6.77322015166282598e-2,-3.38661007583141299e-2,7.81571269035339355e-1,3.90785634517669678e-1
226,3,2.74509803921568651e-1,7.84313725490196068e-2,1.76470588235294101e-1,6.23136520385742188e-1,3.11568260192871094e-1,-5.39917208254337422e-2,-2.69958604127168711e-2,6.23017013072967529e-1,3.11508506536483765e-1
226,4,3.52941176470588203e-1,7.84313725490196068e-2,1.76470588235294101e-1,4.26910579204559326e-1,2.13455289602279663e-1,-3.69895901530981064e-2,-1.84947950765490532e-2,4.26828712224960327e-1,2.13414356112480164e-1
226,5,4.31372549019607865e-1,7.84313725490196068e-2,1.76470588235294101e-1,2.04896688461303711e-1,1.02448344230651855e-1,-1.77534429822117090e-2,-8.87672149110585451e-3,2.04857394099235535e-1,1.02428697049617767e-1
226,6,5.09803921568627416e-1,7.84313725490196068e-2,1.76470588235294101e-1,-2.94943302869796753e-2,-1.47471651434898376e-2,2.55554337054492153e-3,1.27777168527246077e-3,-2.94886734336614609e-2,-1.47443367168307304e-2
226,7,5.88235294117647078e-1,7.84313725490196068e-2,1.76470588235294101e-1,-2.62103706598281860e-1,-1.31051853299140930e-1,2.27100395131856203e-2,1.13550197565928102e-2,-2.62053430080413818e-1,-1.31026715040206909e-1
226,8,6.66666666666666630e-1,7.84313725490196068e-2,1.76470588235294101e-1,-4.78880375623703003e-1,-2.39440187811851501e-1,4.14922487922012584e-2,2.07461243961006292e-2,-4.78788524866104126e-1,-2.39394262433052063e-1
226,9,7.45098039215686292e-1,7.84313725490196068e-2,1.76470588235294101e-1,-6.66729986667633057e-1,-3.33364993333816528e-1,5.77666425146162732e-2,2.88833212573081366e-2,-6.66602134704589844e-1,-3.33301067352294922e-1
226,10,8.23529411764705843e-1,7.84313725490196068e-2,1.76470588235294101e-1,-8.14306557178497314e-1,-4.07153278589248657e-1,7.05468814820051082e-2,3.52734407410025541e-2,-8.14150393009185791e-1,-4.07075196504592896e-1
226,11,9.01960784313725505e-1,7.84313725490196068e-2,1.76470588235294101e-1,-9.12700116634368896e-1,-4.56350058317184448e-1,7.90518796071410235e-2,3.95259398035705117e-2,-9.12525117397308350e-1,-4.56262558698654175e-1
226,12,9.80392156862745057e-1,5.88235294117647189e-2,1.32352941176470618e-1,-9.55981254577636719e-1,-4.77990627288818359e-1,6.20813822373747840e-2,3.10406911186873920e-2,-9.55798029899597168e-1,-4.77899014949798584e-1
227,0,3.92156862745098034e-2,7.84313725490196068e-2,1.76470588235294101e-1,9.50318992137908936e-1,4.75159496068954468e-1,-8.23405461385846166e-2,-4.11702730692923083e-2,9.50136721134185791e-1,4.75068360567092896e-1
227,1,1.17647058823529410e-1,7.84313725490196068e-2,1.76470588235294101e-1,8.92913818359375000e-1,4.46456909179687500e-1,-7.73664230480790166e-2,-3.86832115240395083e-2,8.92742574214935303e-1,4.46371287107467651e-1
227,2,1.96078431372549017e-1,7.84313725490196068e-2,1.76470588235294101e-1,7.81571269035339355e-1,3.90785634517669678e-1,-6.77192917093634439e-2,-3.38596458546817219e-2,7.81421363353729248e-1,3.90710681676864624e-1
227,3,2.74509803921568651e-1,7.84313725490196068e-2,1.76470588235294101e-1,6.23017013072967529e-1,3.11508506536483765e-1,-5.39813331328332646e-2,-2.69906665664166323e-2,6.22897505760192871e-1,3.11448752880096436e-1
227,4,3.52941176470588203e-1,7.84313725490196068e-2,1.76470588235294101e-1,4.26828712224960327e-1,2.13414356112480164e-1,-3.69825154077261242e-2,-1.84912577038630621e-2,4.26746845245361328e-1,2.13373422622680664e-1
227,5,4.31372549019607865e-1,7.84313725490196068e-2,1.76470588235294101e-1,2.04857394099235535e-1,1.02428697049617767e-1,-1.77500311809126732e-2,-8.87501559045633659e-3,2.04818099737167358e-1,1.02409049868583679e-1
227,6,5.09803921568627416e-1,7.84313725490196068e-2,1.76470588235294101e-1,-2.94886734336614609e-2,-1.47443367168307304e-2,2.55506780231373742e-3,1.27753390115686871e-3,-2.94830184429883957e-2,-1.47415092214941978e-2
227,7,5.88235294117647078e-1,7.84313725490196068e-2,1.76470588235294101e-1,-2.62053430080413818e-1,-1.31026715040206909e-1,2.27056712319608778e-2,1.13528356159804389e-2,-2.62003183364868164e-1,-1.31001591682434082e-1
227,8,6.66666666666666630e-1,7.84313725490196068e-2,1.76470588235294101e-1,-4.78788524866104126e-1,-2.39394262433052063e-1,4.14842549711466058e-2,2.07421274855733029e-2,-4.78696703910827637e-1,-2.39348351955413818e-1
227,9,7.45098039215686292e-1,7.84313725490196068e-2,1.76470588235294101e-1,-6.66602134704589844e-1,-3.33301067352294922e-1,5.77556136064231174e-2,2.88778068032115587e-2,-6.66474282741546631e-1,-3.33237141370773315e-1
227,10,8.23529411764705843e-1,7.84313725490196068e-2,1.76470588235294101e-1,-8.14150393009185791e-1,-4.07075196504592896e-1,7.05332877114415169e-2,3.52666438557207584e-2,-8.13994288444519043e-1,-4.06997144222259521e-1
227,11,9.01960784313725505e-1,7.84313725490196068e-2,1.76470588235294101e-1,-9.12525117397308350e-1,-4.56262558698654175e-1,7.90366614237427711e-2,3.95183307118713856e-2,-9.12350177764892578e-1,-4.56175088882446289e-1
227,12,9.80392156862745057e-1,5.88235294117647189e-2,1.32352941176470618e-1,-9.55798029899597168e-1,-4.77899014949798584e-1,6.20695838704705197e-2,3.10347919352352598e-2,-9.55614864826202393e-1,-4.77807432413101196e-1
228,0,3.92156862745098034e-2,7.84313725490196068e-2,1.76470588235294101e-1,9.50136721134185791e-1,4.75068360567092896e-1,-8.23247294872999219e-2,-4.11623647436499610e-2,9.49954509735107422e-1,4.74977254867553711e-1
228,1,1.17647058823529410e-1,7.84313725490196068e-2,1.76470588235294101e-1,8.92742574214935303e-1,4.46371287107467651e-1,-7.73516323417425128e-2,-3.86758161708712564e-2,8.92571330070495605e-1,4.46285665035247803e-1
228,2,1.96078431372549017e-1,7.84313725490196068e-2,1.76470588235294101e-1,7.81421363353729248e-1,3.90710681676864624e-1,-6.77062964066862949e-2,-3.38531482033431474e-2,7.81271517276763916e-1,3.90635758638381958e-1
228,3,2.74509803921568651e-1,7.84313725490196068e-2,1.76470588235294101e-1,6.22897505760192871e-1,3.11448752880096436e-1,-5.39709454402327315e-2,-2.69854727201163658e-2,6.22778058052062988e-1,3.11389029026031494e-1
228,4,3.52941176470588203e-1,7.84313725490196068e-2,1.76470588235294101e-1,4.26746845245361328e-1,2.13373422622680664e-1,-3.69754406623542531e-2,-1.84877203311771265e-2,4.26665008068084717e-1,2.13332504034042358e-1
228,5,4.31372549019607865e-1,7.84313725490196068e-2,1.76470588235294101e-1,2.04818099737167358e-1,1.02409049868583679e-1,-1.77466220513451955e-2,-8.87331102567259777e-3,2.04778820276260376e-1,1.02389410138130188e-1
228,6,5.09803921568627416e-1,7.84313725490196068e-2,1.76470588235294101e-1,-2.94830184429883957e-2,-1.47415092214941978e-2,2.55455482983962812e-3,1.27727741491981406e-3,-2.94773634523153305e-2,-1.47386817261576653e-2
228,7,5.88235294117647078e-1,7.84313725490196068e-2,1.76470588235294101e-1,-2.62003183364868164e-1,-1.31001591682434082e-1,2.27013430267106742e-2,1.13506715133553371e-2,-2.61952936649322510e-1,-1.30976468324661255e-1
228,8,6.66666666666666630e-1,7.84313725490196068e-2,1.76470588235294101e-1,-4.78696703910827637e-1,-2.39348351955413818e-1,4.14763038977980503e-2,2.07381519488990251e-2,-4.78604882955551147e-1,-2.39302441477775574e-1
228,9,7.45098039215686292e-1,7.84313725490196068e-2,1.76470588235294101e-1,-6.66474282741546631e-1,-3.33237141370773315e-1,5.77444564551115036e-2,2.88722282275557518e-2,-6.66346490383148193e-1,-3.33173245191574097e-1
228,10,8.23529411764705843e-1,7.84313725490196068e-2,1.76470588235294101e-1,-8.13994288444519043e-1,-4.06997144222259521e-1,7.05197794362902586e-2,3.52598897181451293e-2,-8.13838183879852295e-1,-4.06919091939926147e-1
228,11,9.01960784313725505e-1,7.84313725490196068e-2,1.76470588235294101e-1,-9.12350177764892578e-1,-4.56175088882446289e-1,7.90214432403445327e-2,3.95107216201722664e-2,-9.12175238132476807e-1,-4.56087619066238403e-1
228,12,9.80392156862745057e-1,5.88235294117647189e-2,1.32352941176470618e-1,-9.55614864826202393e-1,-4.77807432413101196e-1,6.20577855035662623e-2,3.10288927517831312e-2,-9.55431699752807617e-1,-4.77715849876403809e-1
229,0,3.92156862745098034e-2,7.84313725490196068e-2,1.76470588235294101e-1,9.49954509735107422e-1,4.74977254867553711e-1,-8.23089983314275742e-2,-4.11544991657137871e-2,9.49772298336029053e-1,4.74886149168014526e-1
229,1,1.17647058823529410e-1,7.84313725490196068e-2,1.76470588235294101e-1,8.92571330070495605e-1,4.46285665035247803e-1,-7.73366706445813012e-2,-3.86683353222906506e-2,8.92400145530700684e-1,4.46200072765350342e-1
229,2,1.96078431372549017e-1,7.84313725490196068e-2,1.76470588235294101e-1,7.81271517276763916e-1,3.90635758638381958e-1,-6.76933865994215067e-2,-3.38466932997107534e-2,7.81121671199798584e-1,3.90560835599899292e-1
229,3,2.74509803921568651e-1,7.84313725490196068e-2,1.76470588235294101e-1,6.22778058052062988e-1,3.11389029026031494e-1,-5.39606004953384621e-2,-2.69803002476692311e-2,6.22658610343933105e-1,3.11329305171966553e-1
229,4,3.52941176470588203e-1,7.84313725490196068e-2,1.76470588235294101e-1,4.26665008068084717e-1,2.13332504034042358e-1,-3.69683445431291946e-2,-1.84841722715645973e-2,4.26583170890808105e-1,2.13291585445404053e-1
229,5,4.31372549019607865e-1,7.84313725490196068e-2,1.76470588235294101e-1,2.04778820276260376e-1,1.02389410138130188e-1,-1.77432129217777179e-2,-8.87160646088885896e-3,2.04739540815353394e-1,1.02369770407676697e-1
229,6,5.09803921568627416e-1,7.84313725490196068e-2,1.76470588235294101e-1,-2.94773634523153305e-2,-1.47386817261576653e-2,2.55406323121859513e-3,1.27703161560929757e-3,-2.94717103242874146e-2,-1.47358551621437073e-2
229,7,5.88235294117647078e-1,7.84313725490196068e-2,1.76470588235294101e-1,-2.61952936649322510e-1,-1.30976468324661255e-1,2.26970148214604706e-2,1.13485074107302353e-2,-2.61902689933776855e-1,-1.30951344966888428e-1
229,8,6.66666666666666630e-1,7.84313725490196068e-2,1.76470588235294101e-1,-4.78604882955551147e-1,-2.39302441477775574e-1,4.14682673290371895e-2,2.07341336645185947e-2,-4.78513091802597046e-1,-2.39256545901298523e-1
229,9,7.45098039215686292e-1,7.84313725490196068e-2,1.76470588235294101e-1,-6.66346490383148193e-1,-3.33173245191574097e-1,5.77334702946245559e-2,2.88667351473122780e-2,-6.66218698024749756e-1,-3.33109349012374878e-1
229,10,8.23529411764705843e-1,7.84313725490196068e-2,1.76470588235294101e-1,-8.13838183879852295e-1,-4.06919091939926147e-1,7.05061856657266672e-2,3.52530928328633336e-2,-8.13682138919830322e-1,-4.06841069459915161e-1
229,11,9.01960784313725505e-1,7.84313725490196068e-2,1.76470588235294101e-1,-9.12175238132476807e-1,-4.56087619066238403e-1,7.90062250569462665e-2,3.95031125284731333e-2,-9.12000358104705811e-1,-4.56000179052352905e-1
229,12,9.80392156862745057e-1,5.88235294117647189e-2,1.32352941176470618e-1,-9.55431699752807617e-1,-4.77715849876403809e-1,6.20459871366620050e-2,3.10229935683310025e-2,-9.55248594284057617e-1,-4.77624297142028809e-1
230,0,3.92156862745098034e-2,7.84313725490196068e-2,1.76470588235294101e-1,9.49772298336029053e-1,4.74886149168014526e-1,-8.22931816801428795e-2,-4.11465908400714397e-2,9.49590146541595459e-1,4.74795073270797729e-1
230,1,1.17647058823529410e-1,7.84313725490196068e-2,1.76470588235294101e-1,8.92400145530700684e-1,4.46200072765350342e-1,-7.73218799382448252e-2,-3.86609399691224126e-2,8.92228960990905762e-1,4.46114480495452881e-1
230,2,1.96078431372549017e-1,7.84313725490196068e-2,1.76470588235294101e-1,7.81121671199798584e-1,3.90560835599899292e-1,-6.76803912967443300e-2,-3.38401956483721650e-2,7.80971884727478027e-1,3.90485942363739014e-1
230,3,2.74509803921568651e-1,7.84313725490196068e-2,1.76470588235294101e-1,6.22658610343933105e-1,3.11329305171966553e-1,-5.39502555504441372e-2,-2.69751277752220686e-2,6.22539162635803223e-1,3.11269581317901611e-1
230,4,3.52941176470588203e-1,7.84313725490196068e-2,1.76470588235294101e-1,4.26583170890808105e-1,2.13291585445404053e-1,-3.69612484239041916e-2,-1.84806242119520958e-2,4.26501363515853882e-1,2.13250681757926941e-1
230,5,4.31372549019607865e-1,7.84313725490196068e-2,1.76470588235294101e-1,2.04739540815353394e-1,1.02369770407676697e-1,-1.77398064639419095e-2,-8.86990323197095476e-3,2.04700276255607605e-1,1.02350138127803802e-1
230,6,5.09803921568627416e-1,7.84313725490196068e-2,1.76470588235294101e-1,-2.94717103242874146e-2,-1.47358551621437073e-2,2.55357697606084511e-3,1.27678848803042255e-3,-2.94660571962594986e-2,-1.47330285981297493e-2
230,7,5.88235294117647078e-1,7.84313725490196068e-2,1.76470588235294101e-1,-2.61902689933776855e-1,-1.30951344966888428e-1,2.26926411967725006e-2,1.13463205983862503e-2,-2.61852473020553589e-1,-1.30926236510276794e-1
230,8,6.66666666666666630e-1,7.84313725490196068e-2,1.76470588235294101e-1,-4.78513091802597046e-1,-2.39256545901298523e-1,4.14603162556886340e-2,2.07301581278443170e-2,-4.78421330451965332e-1,-2.39210665225982666e-1
230,9,7.45098039215686292e-1,7.84313725490196068e-2,1.76470588235294101e-1,-6.66218698024749756e-1,-3.33109349012374878e-1,5.77223558910191226e-2,2.88611779455095613e-2,-6.66090905666351318e-1,-3.33045452833175659e-1
230,10,8.23529411764705843e-1,7.84313725490196068e-2,1.76470588235294101e-1,-8.13682138919830322e-1,-4.06841069459915161e-1,7.04926773905754089e-2,3.52463386952877045e-2,-8.13526093959808350e-1,-4.06763046979904175e-1
230,11,9.01960784313725505e-1,7.84313725490196068e-2,1.76470588235294101e-1,-9.12000358104705811e-1,-4.56000179052352905e-1,7.89910068735480142e-2,3.94955034367740071e-2,-9.11825537681579590e-1,-4.55912768840789795e-1
230,12,9.80392156862745057e-1,5.88235294117647189e-2,1.32352941176470618e-1,-9.55248594284057617e-1,-4.77624297142028809e-1,6.20341887697577477e-2,3.10170943848788738e-2,-9.55065488815307617e-1,-4.77532744407653809e-1
231,0,3.92156862745098034e-2,7.84313725490196068e-2,1.76470588235294101e-1,9.49590146541595459e-1,4.74795073270797729e-1,-8.22774505242705317e-2,-4.11387252621352659e-2,9.49407994747161865e-1,4.74703997373580933e-1
231,1,1.17647058823529410e-1,7.84313725490196068e-2,1.76470588235294101e-1,8.92228960990905762e-1,4.46114480495452881e-1,-7.73069182410836137e-2,-3.86534591205418068e-2,8.92057836055755615e-1,4.46028918027877808e-1
231,2,1.96078431372549017e-1,7.84313725490196068e-2,1.76470588235294101e-1,7.80971884727478027e-1,3.90485942363739014e-1,-6.76675669848919026e-2,-3.38337834924459513e-2,7.80822098255157471e-1,3.90411049127578735e-1
231,3,2.74509803921568651e-1,7.84313725490196068e-2,1.76470588235294101e-1,6.22539162635803223e-1,3.11269581317901611e-1,-5.39397823624312989e-2,-2.69698911812156494e-2,6.22419774532318115e-1,3.11209887266159058e-1
231,4,3.52941176470588203e-1,7.84313725490196068e-2,1.76470588235294101e-1,4.26501363515853882e-1,2.13250681757926941e-1,-3.69542164262384176e-2,-1.84771082131192088e-2,4.26419556140899658e-1,2.13209778070449829e-1
231,5,4.31372549019607865e-1,7.84313725490196068e-2,1.76470588235294101e-1,2.04700276255607605e-1,1.02350138127803802e-1,-1.77364000061061011e-2,-8.86820000305305056e-3,2.04661011695861816e-1,1.02330505847930908e-1
231,6,5.09803921568627416e-1,7.84313725490196068e-2,1.76470588235294101e-1,-2.94660571962594986e-2,-1.47330285981297493e-2,2.55306934705001876e-3,1.27653467352500938e-3,-2.94604059308767319e-2,-1.47302029654383659e-2
231,7,5.88235294117647078e-1,7.84313725490196068e-2,1.76470588235294101e-1,-2.61852473020553589e-1,-1.30926236510276794e-1,2.26883103197906277e-2,1.13441551598953139e-2,-2.61802256107330322e-1,-1.30901128053665161e-1
231,8,6.66666666666666630e-1,7.84313725490196068e-2,1.76470588235294101e-1,-4.78421330451965332e-1,-2.39210665225982666e-1,4.14524079300463422e-2,2.07262039650231711e-2,-4.78329569101333618e-1,-2.39164784550666809e-1
231,9,7.45098039215686292e-1,7.84313725490196068e-2,1.76470588235294101e-1,-6.66090905666351318e-1,-3.33045452833175659e-1,5.77111987397074533e-2,2.88555993698537266e-2,-6.65963172912597656e-1,-3.32981586456298828e-1
231,10,8.23529411764705843e-1,7.84313725490196068e-2,1.76470588235294101e-1,-8.13526093959808350e-1,-4.06763046979904175e-1,7.04790836200118176e-2,3.52395418100059088e-2,-8.13370108604431152e-1,-4.06685054302215576e-1
231,11,9.01960784313725505e-1,7.84313725490196068e-2,1.76470588235294101e-1,-9.11825537681579590e-1,-4.55912768840789795e-1,7.89759596809744696e-2,3.94879798404872348e-2,-9.11650717258453369e-1,-4.55825358629226685e-1
231,12,9.80392156862745057e-1,5.88235294117647189e-2,1.32352941176470618e-1,-9.55065488815307617e-1,-4.77532744407653809e-1,6.20223049074411364e-2,3.10111524537205682e-2,-9.54882442951202393e-1,-4.77441221475601196e-1
232,0,3.92156862745098034e-2,7.84313725490196068e-2,1.76470588235294101e-1,9.49407994747161865e-1,4.74703997373580933e-1,-8.22616338729858371e-2,-4.11308169364929185e-2,9.49225902557373047e-1,4.74612951278686523e-1
232,1,1.17647058823529410e-1,7.84313725490196068e-2,1.76470588235294101e-1,8.92057836055755615e-1,4.46028918027877808e-1,-7.72921275347471098e-2,-3.86460637673735549e-2,8.91886770725250244e-1,4.45943385362625122e-1
232,2,1.96078431372549017e-1,7.84313725490196068e-2,1.76470588235294101e-1,7.80822098255157471e-1,3.90411049127578735e-1,-6.76545716822147536e-2,-3.38272858411073768e-2,7.80672371387481689e-1,3.90336185693740845e-1
232,3,2.74509803921568651e-1,7.84313725490196068e-2,1.76470588235294101e-1,6.22419774532318115e-1,3.11209887266159058e-1,-5.39294801652431266e-2,-2.69647400826215633e-2,6.22300386428833008e-1,3.11150193214416504e-1
232,4,3.52941176470588203e-1,7.84313725490196068e-2,1.76470588235294101e-1,4.26419556140899658e-1,2.13209778070449829e-1,-3.69470989331603383e-2,-1.84735494665801692e-2,4.26337778568267822e-1,2.13168889284133911e-1
232,5,4.31372549019607865e-1,7.84313725490196068e-2,1.76470588235294101e-1,2.04661011695861816e-1,1.02330505847930908e-1,-1.77329962200019065e-2,-8.86649811000095323e-3,2.04621762037277222e-1,1.02310881018638611e-1
232,6,5.09803921568627416e-1,7.84313725490196068e-2,1.76470588235294101e-1,-2.94604059308767319e-2,-1.47302029654383659e-2,2.55256706150247537e-3,1.27628353075123768e-3,-2.94547565281391144e-2,-1.47273782640695572e-2
232,7,5.88235294117647078e-1,7.84313725490196068e-2,1.76470588235294101e-1,-2.61802256107330322e-1,-1.30901128053665161e-1,2.26839767710771412e-2,1.13419883855385706e-2,-2.61752039194107056e-1,-1.30876019597053528e-1
232,8,6.66666666666666630e-1,7.84313725490196068e-2,1.76470588235294101e-1,-4.78329569101333618e-1,-2.39164784550666809e-1,4.14444141089916340e-2,2.07222070544958170e-2,-4.78237837553024292e-1,-2.39118918776512146e-1
232,9,7.45098039215686292e-1,7.84313725490196068e-2,1.76470588235294101e-1,-6.65963172912597656e-1,-3.32981586456298828e-1,5.77001270838081448e-2,2.88500635419040724e-2,-6.65835440158843994e-1,-3.32917720079421997e-1
232,10,8.23529411764705843e-1,7.84313725490196068e-2,1.76470588235294101e-1,-8.13370108604431152e-1,-4.06685054302215576e-1,7.04655753448605593e-2,3.52327876724302796e-2,-8.13214123249053955e-1,-4.06607061624526978e-1
232,11,9.01960784313725505e-1,7.84313725490196068e-2,1.76470588235294101e-1,-9.11650717258453369e-1,-4.55825358629226685e-1,7.89607414975762312e-2,3.94803707487881156e-2,-9.11475956439971924e-1,-4.55737978219985962e-1
232,12,9.80392156862745057e-1,5.88235294117647189e-2,1.32352941176470618e-1,-9.54882442951202393e-1,-4.77441221475601196e-1,6.20105065405368791e-2,3.10052532702684396e-2,-9.54699397087097168e-1,-4.77349698543548584e-1
233,0,3.92156862745098034e-2,7.84313725490196068e-2,1.76470588235294101e-1,9.49225902557373047e-1,4.74612951278686523e-1,-8.22458172217011424e-2,-4.11229086108505712e-2,9.49043869972229004e-1,4.74521934986114502e-1
233,1,1.17647058823529410e-1,7.84313725490196068e-2,1.76470588235294101e-1,8.91886770725250244e-1,4.45943385362625122e-1,-7.72773368284106338e-2,-3.86386684142053169e-2,8.91715705394744873e-1,4.45857852697372437e-1
233,2,1.96078431372549017e-1,7.84313725490196068e-2,1.76470588235294101e-1,7.80672371387481689e-1,3.90336185693740845e-1,-6.76416618749499099e-2,-3.38208309374749549e-2,7.80522644519805908e-1,3.90261322259902954e-1
233,3,2.74509803921568651e-1,7.84313725490196068e-2,1.76470588235294101e-1,6.22300386428833008e-1,3.11150193214416504e-1,-5.39190497249364686e-2,-2.69595248624682343e-2,6.22181057929992676e-1,3.11090528964996338e-1
233,4,3.52941176470588203e-1,7.84313725490196068e-2,1.76470588235294101e-1,4.26337778568267822e-1,2.13168889284133911e-1,-3.69400455616414880e-2,-1.84700227808207440e-2,4.26256000995635986e-1,2.13128000497817993e-1
233,5,4.31372549019607865e-1,7.84313725490196068e-2,1.76470588235294101e-1,2.04621762037277222e-1,1.02310881018638611e-1,-1.77295951056293810e-2,-8.86479755281469051e-3,2.04582512378692627e-1,1.02291256189346313e-1
233,6,5.09803921568627416e-1,7.84313725490196068e-2,1.76470588235294101e-1,-2.94547565281391144e-2,-1.47273782640695572e-2,2.55209149327129126e-3,1.27604574663564563e-3,-2.94491071254014969e-2,-1.47245535627007484e-2
233,7,5.88235294117647078e-1,7.84313725490196068e-2,1.76470588235294101e-1,-2.61752039194107056e-1,-1.30876019597053528e-1,2.26795978029258327e-2,1.13397989014629164e-2,-2.61701822280883789e-1,-1.30850911140441895e-1
233,8,6.66666666666666630e-1,7.84313725490196068e-2,1.76470588235294101e-1,-4.78237837553024292e-1,-2.39118918776512146e-1,4.14365057833492867e-2,2.07182528916746433e-2,-4.78146106004714966e-1,-2.39073053002357483e-1
233,9,7.45098039215686292e-1,7.84313725490196068e-2,1.76470588235294101e-1,-6.65835440158843994e-1,-3.32917720079421997e-1,5.76890126802027114e-2,2.88445063401013557e-2,-6.65707767009735107e-1,-3.32853883504867554e-1
233,10,8.23529411764705843e-1,7.84313725490196068e-2,1.76470588235294101e-1,-8.13214123249053955e-1,-4.06607061624526978e-1,7.04519815742969402e-2,3.52259907871484701e-2,-8.13058197498321533e-1,-4.06529098749160767e-1
233,11,9.01960784313725505e-1,7.84313725490196068e-2,1.76470588235294101e-1,-9.11475956439971924e-1,-4.55737978219985962e-1,7.89456943050027005e-2,3.94728471525013502e-2,-9.11301195621490479e-1,-4.55650597810745239e-1
233,12,9.80392156862745057e-1,5.88235294117647189e-2,1.32352941176470618e-1,-9.54699397087097168e-1,-4.77349698543548584e-1,6.19986226782202679e-2,3.09993113391101340e-2,-9.54516410827636719e-1,-4.77258205413818359e-1
234,0,3.92156862745098034e-2,7.84313725490196068e-2,1.76470588235294101e-1,9.49043869972229004e-1,4.74521934986114502e-1,-8.22300860658287947e-2,-4.11150430329143973e-2,9.48861837387084961e-1,4.74430918693542480e-1
234,1,1.17647058823529410e-1,7.84313725490196068e-2,1.76470588235294101e-1,8.91715705394744873e-1,4.45857852697372437e-1,-7.72624606266617830e-2,-3.86312303133308915e-2,8.91544699668884277e-1,4.45772349834442139e-1
234,2,1.96078431372549017e-1,7.84313725490196068e-2,1.76470588235294101e-1,7.80522644519805908e-1,3.90261322259902954e-1,-6.76286665722727609e-2,-3.38143332861363805e-2,7.80372917652130127e-1,3.90186458826065063e-1
234,3,2.74509803921568651e-1,7.84313725490196068e-2,1.76470588235294101e-1,6.22181057929992676e-1,3.11090528964996338e-1,-5.39087902754545045e-2,-2.69543951377272523e-2,6.22061729431152344e-1,3.11030864715576172e-1
234,4,3.52941176470588203e-1,7.84313725490196068e-2,1.76470588235294101e-1,4.26256000995635986e-1,2.13128000497817993e-1,-3.69329066947102769e-2,-1.84664533473551384e-2,4.26174253225326538e-1,2.13087126612663269e-1
234,5,4.31372549019607865e-1,7.84313725490196068e-2,1.76470588235294101e-1,2.04582512378692627e-1,1.02291256189346313e-1,-1.77261939912568556e-2,-8.86309699562842779e-3,2.04543277621269226e-1,1.02271638810634613e-1
234,6,5.09803921568627416e-1,7.84313725490196068e-2,1.76470588235294101e-1,-2.94491071254014969e-2,-1.47245535627007484e-2,2.55161592504005164e-3,1.27580796252002582e-3,-2.94434595853090286e-2,-1.47217297926545143e-2
234,7,5.88235294117647078e-1,7.84313725490196068e-2,1.76470588235294101e-1,-2.61701822280883789e-1,-1.30850911140441895e-1,2.26752188347745798e-2,1.13376094173872899e-2,-2.61651635169982910e-1,-1.30825817584991455e-1
234,8,6.66666666666666630e-1,7.84313725490196068e-2,1.76470588235294101e-1,-4.78146106004714966e-1,-2.39073053002357483e-1,4.14285119622945786e-2,2.07142559811472893e-2,-4.78054404258728027e-1,-2.39027202129364014e-1
234,9,7.45098039215686292e-1,7.84313725490196068e-2,1.76470588235294101e-1,-6.65707767009735107e-1,-3.32853883504867554e-1,5.76779837720096111e-2,2.88389918860048056e-2,-6.65580093860626221e-1,-3.32790046930313110e-1
234,10,8.23529411764705843e-1,7.84313725490196068e-2,1.76470588235294101e-1,-8.13058197498321533e-1,-4.06529098749160767e-1,7.04384732991457096e-2,3.52192366495728548e-2,-8.12902271747589111e-1,-4.06451135873794556e-1
234,11,9.01960784313725505e-1,7.84313725490196068e-2,1.76470588235294101e-1,-9.11301195621490479e-1,-4.55650597810745239e-1,7.89304761216044343e-2,3.94652380608022171e-2,-9.11126494407653809e-1,-4.55563247203826904e-1
234,12,9.80392156862745057e-1,5.88235294117647189e-2,1.32352941176470618e-1,-9.54516410827636719e-1,-4.77258205413818359e-1,6.19868243113160106e-2,3.09934121556580053e-2,-9.54333484172821045e-1,-4.77166742086410522e-1
235,0,3.92156862745098034e-2,7.84313725490196068e-2,1.76470588235294101e-1,9.48861837387084961e-1,4.74430918693542480e-1,-8.22142694145441000e-2,-4.11071347072720500e-2,9.48679864406585693e-1,4.74339932203292847e-1
235,1,1.17647058823529410e-1,7.84313725490196068e-2,1.76470588235294101e-1,8.91544699668884277e-1,4.45772349834442139e-1,-7.72477554157376400e-2,-3.86238777078688200e-2,8.91373693943023682e-1,4.45686846971511841e-1
235,2,1.96078431372549017e-1,7.84313725490196068e-2,1.76470588235294101e-1,7.80372917652130127e-1,3.90186458826065063e-1,-6.76155857741832511e-2,-3.38077928870916256e-2,7.80223250389099121e-1,3.90111625194549561e-1
235,3,2.74509803921568651e-1,7.84313725490196068e-2,1.76470588235294101e-1,6.22061729431152344e-1,3.11030864715576172e-1,-5.38984880782663878e-2,-2.69492440391331939e-2,6.21942400932312012e-1,3.10971200466156006e-1
235,4,3.52941176470588203e-1,7.84313725490196068e-2,1.76470588235294101e-1,4.26174253225326538e-1,2.13087126612663269e-1,-3.69258319493382947e-2,-1.84629159746691474e-2,4.26092505455017090e-1,2.13046252727508545e-1
235,5,4.31372549019607865e-1,7.84313725490196068e-2,1.76470588235294101e-1,2.04543277621269226e-1,1.02271638810634613e-1,-1.77227955486159994e-2,-8.86139777430799969e-3,2.04504042863845825e-1,1.02252021431922913e-1
235,6,5.09803921568627416e-1,7.84313725490196068e-2,1.76470588235294101e-1,-2.94434595853090286e-2,-1.47217297926545143e-2,2.55112432641907416e-3,1.27556216320953708e-3,-2.94378120452165604e-2,-1.47189060226082802e-2
235,7,5.88235294117647078e-1,7.84313725490196068e-2,1.76470588235294101e-1,-2.61651635169982910e-1,-1.30825817584991455e-1,2.26708799425978103e-2,1.13354399712989051e-2,-2.61601448059082031e-1,-1.30800724029541016e-1
235,8,6.66666666666666630e-1,7.84313725490196068e-2,1.76470588235294101e-1,-4.78054404258728027e-1,-2.39027202129364014e-1,4.14205608889460786e-2,2.07102804444730393e-2,-4.77962732315063477e-1,-2.38981366157531738e-1
235,9,7.45098039215686292e-1,7.84313725490196068e-2,1.76470588235294101e-1,-6.65580093860626221e-1,-3.32790046930313110e-1,5.76669121161103304e-2,2.88334560580551652e-2,-6.65452420711517334e-1,-3.32726210355758667e-1
235,10,8.23529411764705843e-1,7.84313725490196068e-2,1.76470588235294101e-1,-8.12902271747589111e-1,-4.06451135873794556e-1,7.04248795285820905e-2,3.52124397642910453e-2,-8.12746405601501465e-1,-4.06373202800750732e-1
235,11,9.01960784313725505e-1,7.84313725490196068e-2,1.76470588235294101e-1,-9.11126494407653809e-1,-4.55563247203826904e-1,7.89153434336185289e-2,3.94576717168092644e-2,-9.10951793193817139e-1,-4.55475896596908569e-1
235,12,9.80392156862745057e-1,5.88235294117647189e-2,1.32352941176470618e-1,-9.54333484172821045e-1,-4.77166742086410522e-1,6.19750259444117532e-2,3.09875129722058766e-2,-9.54150557518005371e-1,-4.77075278759002686e-1
236,0,3.92156862745098034e-2,7.84313725490196068e-2,1.76470588235294101e-1,9.48679864406585693e-1,4.74339932203292847e-1,-8.21985382586717522e-2,-4.10992691293358761e-2,9.48497891426086426e-1,4.74248945713043213e-1
236,1,1.17647058823529410e-1,7.84313725490196068e-2,1.76470588235294101e-1,8.91373693943023682e-1,4.45686846971511841e-1,-7.72328792139887893e-2,-3.86164396069943947e-2,8.91202747821807861e-1,4.45601373910903931e-1
236,2,1.96078431372549017e-1,7.84313725490196068e-2,1.76470588235294101e-1,7.80223250389099121e-1,3.90111625194549561e-1,-6.76026759669184629e-2,-3.38013379834592315e-2,7.80073583126068115e-1,3.90036791563034058e-1
236,3,2.74509803921568651e-1,7.84313725490196068e-2,1.76470588235294101e-1,6.21942400932312012e-1,3.10971200466156006e-1,-5.38881003856659102e-2,-2.69440501928329551e-2,6.21823132038116455e-1,3.10911566019058228e-1
236,4,3.52941176470588203e-1,7.84313725490196068e-2,1.76470588235294101e-1,4.26092505455017090e-1,2.13046252727508545e-1,-3.69187572039663681e-2,-1.84593786019831840e-2,4.26010787487030029e-1,2.13005393743515015e-1
236,5,4.31372549019607865e-1,7.84313725490196068e-2,1.76470588235294101e-1,2.04504042863845825e-1,1.02252021431922913e-1,-1.77193971059750877e-2,-8.85969855298754383e-3,2.04464823007583618e-1,1.02232411503791809e-1
236,6,5.09803921568627416e-1,7.84313725490196068e-2,1.76470588235294101e-1,-2.94378120452165604e-2,-1.47189060226082802e-2,2.55063272779809669e-3,1.27531636389904834e-3,-2.94321663677692413e-2,-1.47160831838846207e-2
236,7,5.88235294117647078e-1,7.84313725490196068e-2,1.76470588235294101e-1,-2.61601448059082031e-1,-1.30800724029541016e-1,2.26664983027148881e-2,1.13332491513574440e-2,-2.61551260948181152e-1,-1.30775630474090576e-1
236,8,6.66666666666666630e-1,7.84313725490196068e-2,1.76470588235294101e-1,-4.77962732315063477e-1,-2.38981366157531738e-1,4.14126953110098839e-2,2.07063476555049419e-2,-4.77871060371398926e-1,-2.38935530185699463e-1
236,9,7.45098039215686292e-1,7.84313725490196068e-2,1.76470588235294101e-1,-6.65452420711517334e-1,-3.32726210355758667e-1,5.76557122170925085e-2,2.88278561085462542e-2,-6.65324807167053223e-1,-3.32662403583526611e-1
236,10,8.23529411764705843e-1,7.84313725490196068e-2,1.76470588235294101e-1,-8.12746405601501465e-1,-4.06373202800750732e-1,7.04114567488431931e-2,3.52057283744215965e-2,-8.12590539455413818e-1,-4.06295269727706909e-1
236,11,9.01960784313725505e-1,7.84313725490196068e-2,1.76470588235294101e-1,-9.10951793193817139e-1,-4.55475896596908569e-1,7.89001252502203043e-2,3.94500626251101522e-2,-9.10777151584625244e-1,-4.55388575792312622e-1
236,12,9.80392156862745057e-1,5.88235294117647189e-2,1.32352941176470618e-1,-9.54150557518005371e-1,-4.77075278759002686e-1,6.19632275775074959e-2,3.09816137887537479e-2,-9.53967690467834473e-1,-4.76983845233917236e-1
237,0,3.92156862745098034e-2,7.84313725490196068e-2,1.76470588235294101e-1,9.48497891426086426e-1,4.74248945713043213e-1,-8.21827216073870576e-2,-4.10913608036935288e-2,9.48315978050231934e-1,4.74157989025115967e-1
237,1,1.17647058823529410e-1,7.84313725490196068e-2,1.76470588235294101e-1,8.91202747821807861e-1,4.45601373910903931e-1,-7.72181740030646463e-2,-3.86090870015323231e-2,8.91031801700592041e-1,4.45515900850296021e-1
237,2,1.96078431372549017e-1,7.84313725490196068e-2,1.76470588235294101e-1,7.80073583126068115e-1,3.90036791563034058e-1,-6.75895951688289531e-2,-3.37947975844144766e-2,7.79923975467681885e-1,3.89961987733840942e-1
237,3,2.74509803921568651e-1,7.84313725490196068e-2,1.76470588235294101e-1,6.21823132038116455e-1,3.10911566019058228e-1,-5.38778409361839461e-2,-2.69389204680919730e-2,6.21703863143920898e-1,3.10851931571960449e-1
237,4,3.52941176470588203e-1,7.84313725490196068e-2,1.76470588235294101e-1,4.26010787487030029e-1,2.13005393743515015e-1,-3.69116610847413096e-2,-1.84558305423706548e-2,4.25929069519042969e-1,2.12964534759521484e-1
237,5,4.31372549019607865e-1,7.84313725490196068e-2,1.76470588235294101e-1,2.04464823007583618e-1,1.02232411503791809e-1,-1.77160013350658452e-2,-8.85800066753292259e-3,2.04425603151321411e-1,1.02212801575660706e-1
237,6,5.09803921568627416e-1,7.84313725490196068e-2,1.76470588235294101e-1,-2.94321663677692413e-2,-1.47160831838846207e-2,2.55016784649342299e-3,1.27508392324671149e-3,-2.94265206903219223e-2,-1.47132603451609612e-2
237,7,5.88235294117647078e-1,7.84313725490196068e-2,1.76470588235294101e-1,-2.61551260948181152e-1,-1.30775630474090576e-1,2.26621139911003522e-2,1.13310569955501761e-2,-2.61501103639602661e-1,-1.30750551819801331e-1
237,8,6.66666666666666630e-1,7.84313725490196068e-2,1.76470588235294101e-1,-4.77871060371398926e-1,-2.38935530185699463e-1,4.14047442376613839e-2,2.07023721188306919e-2,-4.77779418230056763e-1,-2.38889709115028381e-1
237,9,7.45098039215686292e-1,7.84313725490196068e-2,1.76470588235294101e-1,-6.65324807167053223e-1,-3.32662403583526611e-1,5.76446833088993804e-2,2.88223416544496902e-2,-6.65197193622589111e-1,-3.32598596811294556e-1
237,10,8.23529411764705843e-1,7.84313725490196068e-2,1.76470588235294101e-1,-8.12590539455413818e-1,-4.06295269727706909e-1,7.03978629782795740e-2,3.51989314891397870e-2,-8.12434732913970947e-1,-4.06217366456985474e-1
237,11,9.01960784313725505e-1,7.84313725490196068e-2,1.76470588235294101e-1,-9.10777151584625244e-1,-4.55388575792312622e-1,7.88849925622344128e-2,3.94424962811172064e-2,-9.10602509975433350e-1,-4.55301254987716675e-1
237,12,9.80392156862745057e-1,5.88235294117647189e-2,1.32352941176470618e-1,-9.53967690467834473e-1,-4.76983845233917236e-1,6.19514292106032385e-2,3.09757146053016193e-2,-9.53784823417663574e-1,-4.76892411708831787e-1
238,0,3.92156862745098034e-2,7.84313725490196068e-2,1.76470588235294101e-1,9.48315978050231934e-1,4.74157989025115967e-1,-8.21669904515147237e-2,-4.10834952257573618e-2,9.48134124279022217e-1,4.74067062139511108e-1
238,1,1.17647058823529410e-1,7.84313725490196068e-2,1.76470588235294101e-1,8.91031801700592041e-1,4.45515900850296021e-1,-7.72032978013157817e-2,-3.86016489006578908e-2,8.90860915184020996e-1,4.45430457592010498e-1
238,2,1.96078431372549017e-1,7.84313725490196068e-2,1.76470588235294101e-1,7.79923975467681885e-1,3.89961987733840942e-1,-6.75766853615641649e-2,-3.37883426807820825e-2,7.79774367809295654e-1,3.89887183904647827e-1
238,3,2.74509803921568651e-1,7.84313725490196068e-2,1.76470588235294101e-1,6.21703863143920898e-1,3.10851931571960449e-1,-5.38674959912896212e-2,-2.69337479956448106e-2,6.21584653854370117e-1,3.10792326927185059e-1
238,4,3.52941176470588203e-1,7.84313725490196068e-2,1.76470588235294101e-1,4.25929069519042969e-1,2.12964534759521484e-1,-3.69045649655163066e-2,-1.84522824827581533e-2,4.25847381353378296e-1,2.12923690676689148e-1
238,5,4.31372549019607865e-1,7.84313725490196068e-2,1.76470588235294101e-1,2.04425603151321411e-1,1.02212801575660706e-1,-1.77126055641565472e-2,-8.85630278207827359e-3,2.04386398196220398e-1,1.02193199098110199e-1
238,6,5.09803921568627416e-1,7.84313725490196068e-2,1.76470588235294101e-1,-2.94265206903219223e-2,-1.47132603451609612e-2,2.54966021748259664e-3,1.27483010874129832e-3,-2.94208768755197525e-2,-1.47104384377598763e-2
238,7,5.88235294117647078e-1,7.84313725490196068e-2,1.76470588235294101e-1,-2.61501103639602661e-1,-1.30750551819801331e-1,2.26577724271919689e-2,1.13288862135959845e-2,-2.61450946331024170e-1,-1.30725473165512085e-1
238,8,6.66666666666666630e-1,7.84313725490196068e-2,1.76470588235294101e-1,-4.77779418230056763e-1,-2.38889709115028381e-1,4.13968359120189811e-2,2.06984179560094905e-2,-4.77687776088714600e-1,-2.38843888044357300e-1
238,9,7.45098039215686292e-1,7.84313725490196068e-2,1.76470588235294101e-1,-6.65197193622589111e-1,-3.32598596811294556e-1,5.76335261575877944e-2,2.88167630787938972e-2,-6.65069639682769775e-1,-3.32534819841384888e-1
238,10,8.23529411764705843e-1,7.84313725490196068e-2,1.76470588235294101e-1,-8.12434732913970947e-1,-4.06217366456985474e-1,7.03844401985406765e-2,3.51922200992703382e-2,-8.12278926372528076e-1,-4.06139463186264038e-1
238,11,9.01960784313725505e-1,7.84313725490196068e-2,1.76470588235294101e-1,-9.10602509975433350e-1,-4.55301254987716675e-1,7.88697743788361605e-2,3.94348871894180802e-2,-9.10427927970886230e-1,-4.55213963985443115e-1
238,12,9.80392156862745057e-1,5.88235294117647189e-2,1.32352941176470618e-1,-9.53784823417663574e-1,-4.76892411708831787e-1,6.19396308436989743e-2,3.09698154218494871e-2,-9.53602015972137451e-1,-4.76801007986068726e-1
239,0,3.92156862745098034e-2,7.84313725490196068e-2,1.76470588235294101e-1,9.48134124279022217e-1,4.74067062139511108e-1,-8.21512592956423759e-2,-4.10756296478211880e-2,9.47952270507812500e-1,4.73976135253906250e-1
239,1,1.17647058823529410e-1,7.84313725490196068e-2,1.76470588235294101e-1,8.90860915184020996e-1,4.45430457592010498e-1,-7.71885070949792917e-2,-3.85942535474896459e-2,8.90690028667449951e-1,4.45345014333724976e-1
239,2,1.96078431372549017e-1,7.84313725490196068e-2,1.76470588235294101e-1,7.79774367809295654e-1,3.89887183904647827e-1,-6.75636045634746552e-2,-3.37818022817373276e-2,7.79624819755554199e-1,3.89812409877777100e-1
239,3,2.74509803921568651e-1,7.84313725490196068e-2,1.76470588235294101e-1,6.21584653854370117e-1,3.10792326927185059e-1,-5.38572792895138097e-2,-2.69286396447569049e-2,6.21465444564819336e-1,3.10732722282409668e-1
239,4,3.52941176470588203e-1,7.84313725490196068e-2,1.76470588235294101e-1,4.25847381353378296e-1,2.12923690676689148e-1,-3.68974474724382273e-2,-1.84487237362191137e-2,4.25765693187713623e-1,2.12882846593856812e-1
239,5,4.31372549019607865e-1,7.84313725490196068e-2,1.76470588235294101e-1,2.04386398196220398e-1,1.02193199098110199e-1,-1.77092124649789184e-2,-8.85460623248945922e-3,2.04347193241119385e-1,1.02173596620559692e-1
239,6,5.09803921568627416e-1,7.84313725490196068e-2,1.76470588235294101e-1,-2.94208768755197525e-2,-1.47104384377598763e-2,2.54917930578812957e-3,1.27458965289406478e-3,-2.94152349233627319e-2,-1.47076174616813660e-2
239,7,5.88235294117647078e-1,7.84313725490196068e-2,1.76470588235294101e-1,-2.61450946331024170e-1,-1.30725473165512085e-1,2.26534281915519720e-2,1.13267140957759860e-2,-2.61400789022445679e-1,-1.30700394511222839e-1
239,8,6.66666666666666630e-1,7.84313725490196068e-2,1.76470588235294101e-1,-4.77687776088714600e-1,-2.38843888044357300e-1,4.13888420909642729e-2,2.06944210454821365e-2,-4.77596163749694824e-1,-2.38798081874847412e-1
239,9,7.45098039215686292e-1,7.84313725490196068e-2,1.76470588235294101e-1,-6.65069639682769775e-1,-3.32534819841384888e-1,5.76225399971008467e-2,2.88112699985504234e-2,-6.64942085742950439e-1,-3.32471042871475220e-1
239,10,8.23529411764705843e-1,7.84313725490196068e-2,1.76470588235294101e-1,-8.12278926372528076e-1,-4.06139463186264038e-1,7.03708464279770851e-2,3.51854232139885426e-2,-8.12123179435729980e-1,-4.06061589717864990e-1
239,11,9.01960784313725505e-1,7.84313725490196068e-2,1.76470588235294101e-1,-9.10427927970886230e-1,-4.55213963985443115e-1,7.88546416908502551e-2,3.94273208454251275e-2,-9.10253405570983887e-1,-4.55126702785491943e-1
239,12,9.80392156862745057e-1,5.88235294117647189e-2,1.32352941176470618e-1,-9.53602015972137451e-1,-4.76801007986068726e-1,6.19278324767947169e-2,3.09639162383973585e-2,-9.53419268131256104e-1,-4.76709634065628052e-1
240,0,3.92156862745098034e-2,7.84313725490196068e-2,1.76470588235294101e-1,9.47952270507812500e-1,4.73976135253906250e-1,-8.21355281397700282e-2,-4.10677640698850141e-2,9.47770476341247559e-1,4.73885238170623779e-1
240,1,1.17647058823529410e-1,7.84313725490196068e-2,1.76470588235294101e-1,8.90690028667449951e-1,4.45345014333724976e-1,-7.71736308932304410e-2,-3.85868154466152205e-2,8.90519201755523682e-1,4.45259600877761841e-1
240,2,1.96078431372549017e-1,7.84313725490196068e-2,1.76470588235294101e-1,7.79624819755554199e-1,3.89812409877777100e-1,-6.75506947562098392e-2,-3.37753473781049196e-2,7.79475271701812744e-1,3.89737635850906372e-1
240,3,2.74509803921568651e-1,7.84313725490196068e-2,1.76470588235294101e-1,6.21465444564819336e-1,3.10732722282409668e-1,-5.38469770923256652e-2,-2.69234885461628326e-2,6.21346235275268555e-1,3.10673117637634277e-1
240,4,3.52941176470588203e-1,7.84313725490196068e-2,1.76470588235294101e-1,4.25765693187713623e-1,2.12882846593856812e-1,-3.68903299793601480e-2,-1.84451649896800740e-2,4.25684034824371338e-1,2.12842017412185669e-1
240,5,4.31372549019607865e-1,7.84313725490196068e-2,1.76470588235294101e-1,2.04347193241119385e-1,1.02173596620559692e-1,-1.77058220375329034e-2,-8.85291101876645170e-3,2.04308003187179565e-1,1.02154001593589783e-1
240,6,5.09803921568627416e-1,7.84313725490196068e-2,1.76470588235294101e-1,-2.94152349233627319e-2,-1.47076174616813660e-2,2.54870373755694546e-3,1.27435186877847273e-3,-2.94095929712057114e-2,-1.47047964856028557e-2
240,7,5.88235294117647078e-1,7.84313725490196068e-2,1.76470588235294101e-1,-2.61400789022445679e-1,-1.30700394511222839e-1,2.26490385364740976e-2,1.13245192682370488e-2,-2.61350661516189575e-1,-1.30675330758094788e-1
240,8,6.66666666666666630e-1,7.84313725490196068e-2,1.76470588235294101e-1,-4.77596163749694824e-1,-2.38798081874847412e-1,4.13809337653219811e-2,2.06904668826609905e-2,-4.77504551410675049e-1,-2.38752275705337524e-1
240,9,7.45098039215686292e-1,7.84313725490196068e-2,1.76470588235294101e-1,-6.64942085742950439e-1,-3.32471042871475220e-1,5.76114255934953579e-2,2.88057127967476789e-2,-6.64814531803131104e-1,-3.32407265901565552e-1
240,10,8.23529411764705843e-1,7.84313725490196068e-2,1.76470588235294101e-1,-8.12123179435729980e-1,-4.06061589717864990e-1,7.03573381528258268e-2,3.51786690764129134e-2,-8.11967432498931885e-1,-4.05983716249465942e-1
240,11,9.01960784313725505e-1,7.84313725490196068e-2,1.76470588235294101e-1,-9.10253405570983887e-1,-4.55126702785491943e-1,7.88395090028643497e-2,3.94197545014321749e-2,-9.10078883171081543e-1,-4.55039441585540771e-1
240,12,9.80392156862745057e-1,5.88235294117647189e-2,1.32352941176470618e-1,-9.53419268131256104e-1,-4.76709634065628052e-1,6.19160341098904596e-2,3.09580170549452298e-2,-9.53236520290374756e-1,-4.76618260145187378e-1
241,0,3.92156862745098034e-2,7.84313725490196068e-2,1.76470588235294101e-1,9.47770476341247559e-1,4.73885238170623779e-1,-8.21197969838976805e-2,-4.10598984919488402e-2,9.47588682174682617e-1,4.73794341087341309e-1
241,1,1.17647058823529410e-1,7.84313725490196068e-2,1.76470588235294101e-1,8.90519201755523682e-1,4.45259600877761841e-1,-7.71588401868939511e-2,-3.85794200934469755e-2,8.90348434448242188e-1,4.45174217224121094e-1
241,2,1.96078431372549017e-1,7.84313725490196068e-2,1.76470588235294101e-1,7.79475271701812744e-1,3.89737635850906372e-1,-6.75376994535326902e-2,-3.37688497267663451e-2,7.79325783252716064e-1,3.89662891626358032e-1
241,3,2.74509803921568651e-1,7.84313725490196068e-2,1.76470588235294101e-1,6.21346235275268555e-1,3.10673117637634277e-1,-5.38366321474313403e-2,-2.69183160737156701e-2,6.21227085590362549e-1,3.10613542795181274e-1
241,4,3.52941176470588203e-1,7.84313725490196068e-2,1.76470588235294101e-1,4.25684034824371338e-1,2.12842017412185669e-1,-3.68832766078412977e-2,-1.84416383039206488e-2,4.25602406263351440e-1,2.12801203131675720e-1
241,5,4.31372549019607865e-1,7.84313725490196068e-2,1.76470588235294101e-1,2.04308003187179565e-1,1.02154001593589783e-1,-1.77024316100868884e-2,-8.85121580504344418e-3,2.04268813133239746e-1,1.02134406566619873e-1
241,6,5.09803921568627416e-1,7.84313725490196068e-2,1.76470588235294101e-1,-2.94095929712057114e-2,-1.47047964856028557e-2,2.54820679547262952e-3,1.27410339773631476e-3,-2.94039528816938400e-2,-1.47019764408469200e-2
241,7,5.88235294117647078e-1,7.84313725490196068e-2,1.76470588235294101e-1,-2.61350661516189575e-1,-1.30675330758094788e-1,2.26447343768086395e-2,1.13223671884043198e-2,-2.61300534009933472e-1,-1.30650267004966736e-1
241,8,6.66666666666666630e-1,7.84313725490196068e-2,1.76470588235294101e-1,-4.77504551410675049e-1,-2.38752275705337524e-1,4.13729826919734256e-2,2.06864913459867128e-2,-4.77412968873977661e-1,-2.38706484436988831e-1
241,9,7.45098039215686292e-1,7.84313725490196068e-2,1.76470588235294101e-1,-6.64814531803131104e-1,-3.32407265901565552e-1,5.76003111898899245e-2,2.88001555949449622e-2,-6.64687037467956543e-1,-3.32343518733978271e-1
241,10,8.23529411764705843e-1,7.84313725490196068e-2,1.76470588235294101e-1,-8.11967432498931885e-1,-4.05983716249465942e-1,7.03438298776745685e-2,3.51719149388372843e-2,-8.11811745166778564e-1,-4.05905872583389282e-1
241,11,9.01960784313725505e-1,7.84313725490196068e-2,1.76470588235294101e-1,-9.10078883171081543e-1,-4.55039441585540771e-1,7.88243763148784582e-2,3.94121881574392291e-2,-9.09904420375823975e-1,-4.54952210187911987e-1
241,12,9.80392156862745057e-1,5.88235294117647189e-2,1.32352941176470618e-1,-9.53236520290374756e-1,-4.76618260145187378e-1,6.19042357429862022e-2,3.09521178714931011e-2,-9.53053832054138184e-1,-4.76526916027069092e-1
242,0,3.92156862745098034e-2,7.84313725490196068e-2,1.76470588235294101e-1,9.47588682174682617e-1,4.73794341087341309e-1,-8.21039803326129858e-2,-4.10519901663064929e-2,9.47406947612762451e-1,4.73703473806381226e-1
242,1,1.17647058823529410e-1,7.84313725490196068e-2,1.76470588235294101e-1,8.90348434448242188e-1,4.45174217224121094e-1,-7.71441349759697803e-2,-3.85720674879848902e-2,8.90177667140960693e-1,4.45088833570480347e-1
242,2,1.96078431372549017e-1,7.84313725490196068e-2,1.76470588235294101e-1,7.79325783252716064e-1,3.89662891626358032e-1,-6.75247041508555412e-2,-3.37623520754277706e-2,7.79176294803619385e-1,3.89588147401809692e-1
242,3,2.74509803921568651e-1,7.84313725490196068e-2,1.76470588235294101e-1,6.21227085590362549e-1,3.10613542795181274e-1,-5.38263299502432513e-2,-2.69131649751216256e-2,6.21107935905456543e-1,3.10553967952728271e-1
242,4,3.52941176470588203e-1,7.84313725490196068e-2,1.76470588235294101e-1,4.25602406263351440e-1,2.12801203131675720e-1,-3.68762232363223919e-2,-1.84381116181611959e-2,4.25520777702331543e-1,2.12760388851165771e-1
242,5,4.31372549019607865e-1,7.84313725490196068e-2,1.76470588235294101e-1,2.04268813133239746e-1,1.02134406566619873e-1,-1.76990011066663899e-2,-8.84950055333319496e-3,2.04229637980461121e-1,1.02114818990230560e-1
242,6,5.09803921568627416e-1,7.84313725490196068e-2,1.76470588235294101e-1,-2.94039528816938400e-2,-1.47019764408469200e-2,2.54771519685165204e-3,1.27385759842582602e-3,-2.93983127921819687e-2,-1.46991563960909843e-2
242,7,5.88235294117647078e-1,7.84313725490196068e-2,1.76470588235294101e-1,-2.61300534009933472e-1,-1.30650267004966736e-1,2.26403847977053041e-2,1.13201923988526520e-2,-2.61250406503677368e-1,-1.30625203251838684e-1
242,8,6.66666666666666630e-1,7.84313725490196068e-2,1.76470588235294101e-1,-4.77412968873977661e-1,-2.38706484436988831e-1,4.13650316186249256e-2,2.06825158093124628e-2,-4.77321416139602661e-1,-2.38660708069801331e-1
242,9,7.45098039215686292e-1,7.84313725490196068e-2,1.76470588235294101e-1,-6.64687037467956543e-1,-3.32343518733978271e-1,5.75892395339906160e-2,2.87946197669953080e-2,-6.64559543132781982e-1,-3.32279771566390991e-1
242,10,8.23529411764705843e-1,7.84313725490196068e-2,1.76470588235294101e-1,-8.11811745166778564e-1,-4.05905872583389282e-1,7.03303216025233380e-2,3.51651608012616690e-2,-8.11656057834625244e-1,-4.05828028917312622e-1
242,11,9.01960784313725505e-1,7.84313725490196068e-2,1.76470588235294101e-1,-9.09904420375823975e-1,-4.54952210187911987e-1,7.88092436268925667e-2,3.94046218134462833e-2,-9.09729957580566406e-1,-4.54864978790283203e-1
242,12,9.80392156862745057e-1,5.88235294117647189e-2,1.32352941176470618e-1,-9.53053832054138184e-1,-4.76526916027069092e-1,6.18924373760819449e-2,3.09462186880409724e-2,-9.52871143817901611e-1,-4.76435571908950806e-1
243,0,3.92156862745098034e-2,7.84313725490196068e-2,1.76470588235294101e-1,9.47406947612762451e-1,4.73703473806381226e-1,-8.20882491767406380e-2,-4.10441245883703190e-2,9.47225213050842285e-1,4.73612606525421143e-1
243,1,1.17647058823529410e-1,7.84313725490196068e-2,1.76470588235294101e-1,8.90177667140960693e-1,4.45088833570480347e-1,-7.71293442696332904e-2,-3.85646721348166452e-2,8.90006959438323975e-1,4.45003479719161987e-1
243,2,1.96078431372549017e-1,7.84313725490196068e-2,1.76470588235294101e-1,7.79176294803619385e-1,3.89588147401809692e-1,-6.75117088481783922e-2,-3.37558544240891961e-2,7.79026865959167480e-1,3.89513432979583740e-1
243,3,2.74509803921568651e-1,7.84313725490196068e-2,1.76470588235294101e-1,6.21107935905456543e-1,3.10553967952728271e-1,-5.38160277530550790e-2,-2.69080138765275395e-2,6.20988786220550537e-1,3.10494393110275269e-1
243,4,3.52941176470588203e-1,7.84313725490196068e-2,1.76470588235294101e-1,4.25520777702331543e-1,2.12760388851165771e-1,-3.68691484909504652e-2,-1.84345742454752326e-2,4.25439178943634033e-1,2.12719589471817017e-1
243,5,4.31372549019607865e-1,7.84313725490196068e-2,1.76470588235294101e-1,2.04229637980461121e-1,1.02114818990230560e-1,-1.76956133509520441e-2,-8.84780667547602206e-3,2.04190462827682495e-1,1.02095231413841248e-1
243,6,5.09803921568627416e-1,7.84313725490196068e-2,1.76470588235294101e-1,-2.93983127921819687e-2,-1.46991563960909843e-2,2.54724497208369538e-3,1.27362248604184769e-3,-2.93926745653152466e-2,-1.46963372826576233e-2
243,7,5.88235294117647078e-1,7.84313725490196068e-2,1.76470588235294101e-1,-2.61250406503677368e-1,-1.30625203251838684e-1,2.26359924708958715e-2,1.13179962354479358e-2,-2.61200308799743652e-1,-1.30600154399871826e-1
243,8,6.66666666666666630e-1,7.84313725490196068e-2,1.76470588235294101e-1,-4.77321416139602661e-1,-2.38660708069801331e-1,4.13571660406887864e-2,2.06785830203443932e-2,-4.77229863405227661e-1,-2.38614931702613831e-1
243,9,7.45098039215686292e-1,7.84313725490196068e-2,1.76470588235294101e-1,-6.64559543132781982e-1,-3.32279771566390991e-1,5.75781251303851271e-2,2.87890625651925636e-2,-6.64432108402252197e-1,-3.32216054201126099e-1
243,10,8.23529411764705843e-1,7.84313725490196068e-2,1.76470588235294101e-1,-8.11656057834625244e-1,-4.05828028917312622e-1,7.03168133273720797e-2,3.51584066636860398e-2,-8.11500430107116699e-1,-4.05750215053558350e-1
243,11,9.01960784313725505e-1,7.84313725490196068e-2,1.76470588235294101e-1,-9.09729957580566406e-1,-4.54864978790283203e-1,7.87941109389066752e-2,3.93970554694533376e-2,-9.09555554389953613e-1,-4.54777777194976807e-1
243,12,9.80392156862745057e-1,5.88235294117647189e-2,1.32352941176470618e-1,-9.52871143817901611e-1,-4.76435571908950806e-1,6.18806390091776806e-2,3.09403195045888403e-2,-9.52688515186309814e-1,-4.76344257593154907e-1
244,0,3.92156862745098034e-2,7.84313725490196068e-2,1.76470588235294101e-1,9.47225213050842285e-1,4.73612606525421143e-1,-8.20724325254559434e-2,-4.10362162627279717e-2,9.47043538093566895e-1,4.73521769046783447e-1
244,1,1.17647058823529410e-1,7.84313725490196068e-2,1.76470588235294101e-1,8.90006959438323975e-1,4.45003479719161987e-1,-7.71146390587091474e-2,-3.85573195293545737e-2,8.89836251735687256e-1,4.44918125867843628e-1
244,2,1.96078431372549017e-1,7.84313725490196068e-2,1.76470588235294101e-1,7.79026865959167480e-1,3.89513432979583740e-1,-6.74987990409135763e-2,-3.37493995204567881e-2,7.78877437114715576e-1,3.89438718557357788e-1
244,3,2.74509803921568651e-1,7.84313725490196068e-2,1.76470588235294101e-1,6.20988786220550537e-1,3.10494393110275269e-1,-5.38055973127484211e-2,-2.69027986563742105e-2,6.20869696140289307e-1,3.10434848070144653e-1
244,4,3.52941176470588203e-1,7.84313725490196068e-2,1.76470588235294101e-1,4.25439178943634033e-1,2.12719589471817017e-1,-3.68621592409908994e-2,-1.84310796204954497e-2,4.25357580184936523e-1,2.12678790092468262e-1
244,5,4.31372549019607865e-1,7.84313725490196068e-2,1.76470588235294101e-1,2.04190462827682495e-1,1.02095231413841248e-1,-1.76921855192631594e-2,-8.84609275963157971e-3,2.04151302576065063e-1,1.02075651288032532e-1
244,6,5.09803921568627416e-1,7.84313725490196068e-2,1.76470588235294101e-1,-2.93926745653152466e-2,-1.46963372826576233e-2,2.54673734307292454e-3,1.27336867153646227e-3,-2.93870363384485245e-2,-1.46935181692242622e-2
244,7,5.88235294117647078e-1,7.84313725490196068e-2,1.76470588235294101e-1,-2.61200308799743652e-1,-1.30600154399871826e-1,2.26316829677671305e-2,1.13158414838835653e-2,-2.61150211095809937e-1,-1.30575105547904968e-1
244,8,6.66666666666666630e-1,7.84313725490196068e-2,1.76470588235294101e-1,-4.77229863405227661e-1,-2.38614931702613831e-1,4.13491722196340228e-2,2.06745861098170114e-2,-4.77138340473175049e-1,-2.38569170236587524e-1
244,9,7.45098039215686292e-1,7.84313725490196068e-2,1.76470588235294101e-1,-6.64432108402252197e-1,-3.32216054201126099e-1,5.75670962221920546e-2,2.87835481110960273e-2,-6.64304673671722412e-1,-3.32152336835861206e-1
244,10,8.23529411764705843e-1,7.84313725490196068e-2,1.76470588235294101e-1,-8.11500430107116699e-1,-4.05750215053558350e-1,7.03033050522208214e-2,3.51516525261104107e-2,-8.11344802379608154e-1,-4.05672401189804077e-1
244,11,9.01960784313725505e-1,7.84313725490196068e-2,1.76470588235294101e-1,-9.09555554389953613e-1,-4.54777777194976807e-1,7.87789782509207698e-2,3.93894891254603849e-2,-9.09381151199340820e-1,-4.54690575599670410e-1
244,12,9.80392156862745057e-1,5.88235294117647189e-2,1.32352941176470618e-1,-9.52688515186309814e-1,-4.76344257593154907e-1,6.18688406422734233e-2,3.09344203211367116e-2,-9.52505886554718018e-1,-4.76252943277359009e-1
245,0,3.92156862745098034e-2,7.84313725490196068e-2,1.76470588235294101e-1,9.47043538093566895e-1,4.73521769046783447e-1,-8.20567013695836095e-2,-4.10283506847918047e-2,9.46861922740936279e-1,4.73430961370468140e-1
245,1,1.17647058823529410e-1,7.84313725490196068e-2,1.76470588235294101e-1,8.89836251735687256e-1,4.44918125867843628e-1,-7.70998483523726436e-2,-3.85499241761863218e-2,8.89665603637695312e-1,4.44832801818847656e-1
245,2,1.96078431372549017e-1,7.84313725490196068e-2,1.76470588235294101e-1,7.78877437114715576e-1,3.89438718557357788e-1,-6.74858037382364273e-2,-3.37429018691182137e-2,7.78728067874908447e-1,3.89364033937454224e-1
245,3,2.74509803921568651e-1,7.84313725490196068e-2,1.76470588235294101e-1,6.20869696140289307e-1,3.10434848070144653e-1,-5.37953378632664569e-2,-2.68976689316332285e-2,6.20750606060028076e-1,3.10375303030014038e-1
245,4,3.52941176470588203e-1,7.84313725490196068e-2,1.76470588235294101e-1,4.25357580184936523e-1,2.12678790092468262e-1,-3.68550631217658409e-2,-1.84275315608829204e-2,4.25276011228561401e-1,2.12638005614280701e-1
245,5,4.31372549019607865e-1,7.84313725490196068e-2,1.76470588235294101e-1,2.04151302576065063e-1,1.02075651288032532e-1,-1.76888004352804273e-2,-8.84440021764021367e-3,2.04112142324447632e-1,1.02056071162223816e-1
245,6,5.09803921568627416e-1,7.84313725490196068e-2,1.76470588235294101e-1,-2.93870363384485245e-2,-1.46935181692242622e-2,2.54625108791511900e-3,1.27312554395755950e-3,-2.93813999742269516e-2,-1.46906999871134758e-2
245,7,5.88235294117647078e-1,7.84313725490196068e-2,1.76470588235294101e-1,-2.61150211095809937e-1,-1.30575105547904968e-1,2.26273307169322369e-2,1.13136653584661184e-2,-2.61100113391876221e-1,-1.30550056695938110e-1
245,8,6.66666666666666630e-1,7.84313725490196068e-2,1.76470588235294101e-1,-4.77138340473175049e-1,-2.38569170236587524e-1,4.13412638939916754e-2,2.06706319469958377e-2,-4.77046817541122437e-1,-2.38523408770561218e-1
245,9,7.45098039215686292e-1,7.84313725490196068e-2,1.76470588235294101e-1,-6.64304673671722412e-1,-3.32152336835861206e-1,5.75560245662927739e-2,2.87780122831463869e-2,-6.64177298545837402e-1,-3.32088649272918701e-1
245,10,8.23529411764705843e-1,7.84313725490196068e-2,1.76470588235294101e-1,-8.11344802379608154e-1,-4.05672401189804077e-1,7.02897967770695631e-2,3.51448983885347815e-2,-8.11189234256744385e-1,-4.05594617128372192e-1
245,11,9.01960784313725505e-1,7.84313725490196068e-2,1.76470588235294101e-1,-9.09381151199340820e-1,-4.54690575599670410e-1,7.87638455629348644e-2,3.93819227814674322e-2,-9.09206807613372803e-1,-4.54603403806686401e-1
245,12,9.80392156862745057e-1,5.88235294117647189e-2,1.32352941176470618e-1,-9.52505886554718018e-1,-4.76252943277359009e-1,6.18570422753691659e-2,3.09285211376845830e-2,-9.52323317527770996e-1,-4.76161658763885498e-1
246,0,3.92156862745098034e-2,7.84313725490196068e-2,1.76470588235294101e-1,9.46861922740936279e-1,4.73430961370468140e-1,-8.20409702137112617e-2,-4.10204851068556309e-2,9.46680307388305664e-1,4.73340153694152832e-1
246,1,1.17647058823529410e-1,7.84313725490196068e-2,1.76470588235294101e-1,8.89665603637695312e-1,4.44832801818847656e-1,-7.70850576460361536e-2,-3.85425288230180768e-2,8.89494955539703369e-1,4.44747477769851685e-1
246,2,1.96078431372549017e-1,7.84313725490196068e-2,1.76470588235294101e-1,7.78728067874908447e-1,3.89364033937454224e-1,-6.74728939309716114e-2,-3.37364469654858057e-2,7.78578698635101318e-1,3.89289349317550659e-1
246,3,2.74509803921568651e-1,7.84313725490196068e-2,1.76470588235294101e-1,6.20750606060028076e-1,3.10375303030014038e-1,-5.37849501706659516e-2,-2.68924750853329758e-2,6.20631575584411621e-1,3.10315787792205811e-1
246,4,3.52941176470588203e-1,7.84313725490196068e-2,1.76470588235294101e-1,4.25276011228561401e-1,2.12638005614280701e-1,-3.68480524979531987e-2,-1.84240262489765994e-2,4.25194442272186279e-1,2.12597221136093140e-1
246,5,4.31372549019607865e-1,7.84313725490196068e-2,1.76470588235294101e-1,2.04112142324447632e-1,1.02056071162223816e-1,-1.76853752753231563e-2,-8.84268763766157817e-3,2.04072996973991394e-1,1.02036498486995697e-1
246,6,5.09803921568627416e-1,7.84313725490196068e-2,1.76470588235294101e-1,-2.93813999742269516e-2,-1.46906999871134758e-2,2.54577017622065194e-3,1.27288508811032597e-3,-2.93757654726505280e-2,-1.46878827363252640e-2
246,7,5.88235294117647078e-1,7.84313725490196068e-2,1.76470588235294101e-1,-2.61100113391876221e-1,-1.30550056695938110e-1,2.26229757943656740e-2,1.13114878971828370e-2,-2.61050045490264893e-1,-1.30525022745132446e-1
246,8,6.66666666666666630e-1,7.84313725490196068e-2,1.76470588235294101e-1,-4.77046817541122437e-1,-2.38523408770561218e-1,4.13332700729369673e-2,2.06666350364684837e-2,-4.76955324411392212e-1,-2.38477662205696106e-1
246,9,7.45098039215686292e-1,7.84313725490196068e-2,1.76470588235294101e-1,-6.64177298545837402e-1,-3.32088649272918701e-1,5.75450384058058539e-2,2.87725192029029270e-2,-6.64049923419952393e-1,-3.32024961709976196e-1
246,10,8.23529411764705843e-1,7.84313725490196068e-2,1.76470588235294101e-1,-8.11189234256744385e-1,-4.05594617128372192e-1,7.02762885019183048e-2,3.51381442509591524e-2,-8.11033666133880615e-1,-4.05516833066940308e-1
246,11,9.01960784313725505e-1,7.84313725490196068e-2,1.76470588235294101e-1,-9.09206807613372803e-1,-4.54603403806686401e-1,7.87487128749489729e-2,3.93743564374744864e-2,-9.09032523632049561e-1,-4.54516261816024780e-1
246,12,9.80392156862745057e-1,5.88235294117647189e-2,1.32352941176470618e-1,-9.52323317527770996e-1,-4.76161658763885498e-1,6.18452439084649086e-2,3.09226219542324543e-2,-9.52140808105468750e-1,-4.76070404052734375e-1
247,0,3.92156862745098034e-2,7.84313725490196068e-2,1.76470588235294101e-1,9.46680307388305664e-1,4.73340153694152832e-1,-8.20252390578389140e-2,-4.10126195289194570e-2,9.46498751640319824e-1,4.73249375820159912e-1
247,1,1.17647058823529410e-1,7.84313725490196068e-2,1.76470588235294101e-1,8.89494955539703369e-1,4.44747477769851685e-1,-7.70702669396996359e-2,-3.85351334698498180e-2,8.89324367046356201e-1,4.44662183523178101e-1
247,2,1.96078431372549017e-1,7.84313725490196068e-2,1.76470588235294101e-1,7.78578698635101318e-1,3.89289349317550659e-1,-6.74598986282944901e-2,-3.37299493141472451e-2,7.78429388999938965e-1,3.89214694499969482e-1
247,3,2.74509803921568651e-1,7.84313725490196068e-2,1.76470588235294101e-1,6.20631575584411621e-1,3.10315787792205811e-1,-5.37747334688901957e-2,-2.68873667344450978e-2,6.20512545108795166e-1,3.10256272554397583e-1
247,4,3.52941176470588203e-1,7.84313725490196068e-2,1.76470588235294101e-1,4.25194442272186279e-1,2.12597221136093140e-1,-3.68409350048750639e-2,-1.84204675024375319e-2,4.25112903118133545e-1,2.12556451559066772e-1
247,5,4.31372549019607865e-1,7.84313725490196068e-2,1.76470588235294101e-1,2.04072996973991394e-1,1.02036498486995697e-1,-1.76819955348037072e-2,-8.84099776740185361e-3,2.04033851623535156e-1,1.02016925811767578e-1
247,6,5.09803921568627416e-1,7.84313725490196068e-2,1.76470588235294101e-1,-2.93757654726505280e-2,-1.46878827363252640e-2,2.54527323413639150e-3,1.27263661706819575e-3,-2.93701309710741043e-2,-1.46850654855370522e-2
247,7,5.88235294117647078e-1,7.84313725490196068e-2,1.76470588235294101e-1,-2.61050045490264893e-1,-1.30525022745132446e-1,2.26186609477736500e-2,1.13093304738868250e-2,-2.60999977588653564e-1,-1.30499988794326782e-1
247,8,6.66666666666666630e-1,7.84313725490196068e-2,1.76470588235294101e-1,-4.76955324411392212e-1,-2.38477662205696106e-1,4.13253189995884673e-2,2.06626594997942337e-2,-4.76863861083984375e-1,-2.38431930541992188e-1
247,9,7.45098039215686292e-1,7.84313725490196068e-2,1.76470588235294101e-1,-6.64049923419952393e-1,-3.32024961709976196e-1,5.75340094976126981e-2,2.87670047488063491e-2,-6.63922548294067383e-1,-3.31961274147033691e-1
247,10,8.23529411764705843e-1,7.84313725490196068e-2,1.76470588235294101e-1,-8.11033666133880615e-1,-4.05516833066940308e-1,7.02626947313547134e-2,3.51313473656773567e-2,-8.10878157615661621e-1,-4.05439078807830811e-1
247,11,9.01960784313725505e-1,7.84313725490196068e-2,1.76470588235294101e-1,-9.09032523632049561e-1,-4.54516261816024780e-1,7.87336656823754422e-2,3.93668328411877211e-2,-9.08858239650726318e-1,-4.54429119825363159e-1
247,12,9.80392156862745057e-1,5.88235294117647189e-2,1.32352941176470618e-1,-9.52140808105468750e-1,-4.76070404052734375e-1,6.18334455415606513e-2,3.09167227707803256e-2,-9.51958298683166504e-1,-4.75979149341583252e-1
248,0,3.92156862745098034e-2,7.84313725490196068e-2,1.76470588235294101e-1,9.46498751640319824e-1,4.73249375820159912e-1,-8.20095079019665663e-2,-4.10047539509832831e-2,9.46317195892333984e-1,4.73158597946166992e-1
248,1,1.17647058823529410e-1,7.84313725490196068e-2,1.76470588235294101e-1,8.89324367046356201e-1,4.44662183523178101e-1,-7.70554762333631460e-2,-3.85277381166815730e-2,8.89153778553009033e-1,4.44576889276504517e-1
248,2,1.96078431372549017e-1,7.84313725490196068e-2,1.76470588235294101e-1,7.78429388999938965e-1,3.89214694499969482e-1,-6.74469888210296742e-2,-3.37234944105148371e-2,7.78280079364776611e-1,3.89140039682388306e-1
248,3,2.74509803921568651e-1,7.84313725490196068e-2,1.76470588235294101e-1,6.20512545108795166e-1,3.10256272554397583e-1,-5.37643885239958430e-2,-2.68821942619979215e-2,6.20393514633178711e-1,3.10196757316589355e-1
248,4,3.52941176470588203e-1,7.84313725490196068e-2,1.76470588235294101e-1,4.25112903118133545e-1,2.12556451559066772e-1,-3.68339030072093454e-2,-1.84169515036046727e-2,4.25031363964080811e-1,2.12515681982040405e-1
248,5,4.31372549019607865e-1,7.84313725490196068e-2,1.76470588235294101e-1,2.04033851623535156e-1,1.02016925811767578e-1,-1.76785730465780500e-2,-8.83928652328902498e-3,2.03994721174240112e-1,1.01997360587120056e-1
248,6,5.09803921568627416e-1,7.84313725490196068e-2,1.76470588235294101e-1,-2.93701309710741043e-2,-1.46850654855370522e-2,2.54477629205207556e-3,1.27238814602603778e-3,-2.93644983321428299e-2,-1.46822491660714149e-2
248,7,5.88235294117647078e-1,7.84313725490196068e-2,1.76470588235294101e-1,-2.60999977588653564e-1,-1.30499988794326782e-1,2.26143033534754179e-2,1.13071516767377089e-2,-2.60949909687042236e-1,-1.30474954843521118e-1
248,8,6.66666666666666630e-1,7.84313725490196068e-2,1.76470588235294101e-1,-4.76863861083984375e-1,-2.38431930541992188e-1,4.13174534216523281e-2,2.06587267108261641e-2,-4.76772397756576538e-1,-2.38386198878288269e-1
248,9,7.45098039215686292e-1,7.84313725490196068e-2,1.76470588235294101e-1,-6.63922548294067383e-1,-3.31961274147033691e-1,5.75228523463010843e-2,2.87614261731505422e-2,-6.63795232772827148e-1,-3.31897616386413574e-1
248,10,8.23529411764705843e-1,7.84313725490196068e-2,1.76470588235294101e-1,-8.10878157615661621e-1,-4.05439078807830811e-1,7.02492719516157882e-2,3.51246359758078941e-2,-8.10722649097442627e-1,-4.05361324548721313e-1
248,11,9.01960784313725505e-1,7.84313725490196068e-2,1.76470588235294101e-1,-9.08858239650726318e-1,-4.54429119825363159e-1,7.87185329943895506e-2,3.93592664971947753e-2,-9.08684015274047852e-1,-4.54342007637023926e-1
248,12,9.80392156862745057e-1,5.88235294117647189e-2,1.32352941176470618e-1,-9.51958298683166504e-1,-4.75979149341583252e-1,6.18216471746563870e-2,3.09108235873281935e-2,-9.51775848865509033e-1,-4.75887924432754517e-1
249,0,3.92156862745098034e-2,7.84313725490196068e-2,1.76470588235294101e-1,9.46317195892333984e-1,4.73158597946166992e-1,-8.19937767460942185e-2,-4.09968883730471093e-2,9.46135699748992920e-1,4.73067849874496460e-1
249,1,1.17647058823529410e-1,7.84313725490196068e-2,1.76470588235294101e-1,8.89153778553009033e-1,4.44576889276504517e-1,-7.70406855270266561e-2,-3.85203427635133280e-2,8.88983249664306641e-1,4.44491624832153320e-1
249,2,1.96078431372549017e-1,7.84313725490196068e-2,1.76470588235294101e-1,7.78280079364776611e-1,3.89140039682388306e-1,-6.74340790137648582e-2,-3.37170395068824291e-2,7.78130829334259033e-1,3.89065414667129517e-1
249,3,2.74509803921568651e-1,7.84313725490196068e-2,1.76470588235294101e-1,6.20393514633178711e-1,3.10196757316589355e-1,-5.37540435791015458e-2,-2.68770217895507729e-2,6.20274543762207031e-1,3.10137271881103516e-1
249,4,3.52941176470588203e-1,7.84313725490196068e-2,1.76470588235294101e-1,4.25031363964080811e-1,2.12515681982040405e-1,-3.68268496356904396e-2,-1.84134248178452198e-2,4.24949854612350464e-1,2.12474927306175232e-1
249,5,4.31372549019607865e-1,7.84313725490196068e-2,1.76470588235294101e-1,2.03994721174240112e-1,1.01997360587120056e-1,-1.76751959777903256e-2,-8.83759798889516279e-3,2.03955590724945068e-1,1.01977795362472534e-1
249,6,5.09803921568627416e-1,7.84313725490196068e-2,1.76470588235294101e-1,-2.93644983321428299e-2,-1.46822491660714149e-2,2.54430606728422992e-3,1.27215303364211496e-3,-2.93588656932115555e-2,-1.46794328466057777e-2
249,7,5.88235294117647078e-1,7.84313725490196068e-2,1.76470588235294101e-1,-2.60949909687042236e-1,-1.30474954843521118e-1,2.26099430874455720e-2,1.13049715437227860e-2,-2.60899871587753296e-1,-1.30449935793876648e-1
249,8,6.66666666666666630e-1,7.84313725490196068e-2,1.76470588235294101e-1,-4.76772397756576538e-1,-2.38386198878288269e-1,4.13095023483037727e-2,2.06547511741518863e-2,-4.76680964231491089e-1,-2.38340482115745544e-1
249,9,7.45098039215686292e-1,7.84313725490196068e-2,1.76470588235294101e-1,-6.63795232772827148e-1,-3.31897616386413574e-1,5.75118661858141367e-2,2.87559330929070683e-2,-6.63667917251586914e-1,-3.31833958625793457e-1
249,10,8.23529411764705843e-1,7.84313725490196068e-2,1.76470588235294101e-1,-8.10722649097442627e-1,-4.05361324548721313e-1,7.02356781810522246e-2,3.51178390905261123e-2,-8.10567200183868408e-1,-4.05283600091934204e-1
249,11,9.01960784313725505e-1,7.84313725490196068e-2,1.76470588235294101e-1,-9.08684015274047852e-1,-4.54342007637023926e-1,7.87034858018159783e-2,3.93517429009079892e-2,-9.08509790897369385e-1,-4.54254895448684692e-1
249,12,9.80392156862745057e-1,5.88235294117647189e-2,1.32352941176470618e-1,-9.51775848865509033e-1,-4.75887924432754517e-1,6.18098488077521296e-2,3.09049244038760648e-2,-9.51593399047851562e-1,-4.75796699523925781e-1
250,0,3.92156862745098034e-2,7.84313725490196068e-2,1.76470588235294101e-1,9.46135699748992920e-1,4.73067849874496460e-1,-8.19780455902218846e-2,-4.09890227951109423e-2,9.45954263210296631e-1,4.72977131605148315e-1
250,1,1.17647058823529410e-1,7.84313725490196068e-2,1.76470588235294101e-1,8.88983249664306641e-1,4.44491624832153320e-1,-7.70258948206901523e-2,-3.85129474103450761e-2,8.88812720775604248e-1,4.44406360387802124e-1
250,2,1.96078431372549017e-1,7.84313725490196068e-2,1.76470588235294101e-1,7.78130829334259033e-1,3.89065414667129517e-1,-6.74211692065000423e-2,-3.37105846032500212e-2,7.77981579303741455e-1,3.88990789651870728e-1
250,3,2.74509803921568651e-1,7.84313725490196068e-2,1.76470588235294101e-1,6.20274543762207031e-1,3.10137271881103516e-1,-5.37437413819134013e-2,-2.68718706909567007e-2,6.20155572891235352e-1,3.10077786445617676e-1
250,4,3.52941176470588203e-1,7.84313725490196068e-2,1.76470588235294101e-1,4.24949854612350464e-1,2.12474927306175232e-1,-3.68197962641716448e-2,-1.84098981320858224e-2,4.24868345260620117e-1,2.12434172630310059e-1
250,5,4.31372549019607865e-1,7.84313725490196068e-2,1.76470588235294101e-1,2.03955590724945068e-1,1.01977795362472534e-1,-1.76717761612962820e-2,-8.83588808064814102e-3,2.03916475176811218e-1,1.01958237588405609e-1
250,6,5.09803921568627416e-1,7.84313725490196068e-2,1.76470588235294101e-1,-2.93588656932115555e-2,-1.46794328466057777e-2,2.54379309481012061e-3,1.27189654740506031e-3,-2.93532349169254303e-2,-1.46766174584627151e-2
250,7,5.88235294117647078e-1,7.84313725490196068e-2,1.76470588235294101e-1,-2.60899871587753296e-1,-1.30449935793876648e-1,2.26056255691218788e-2,1.13028127845609394e-2,-2.60849833488464355e-1,-1.30424916744232178e-1
250,8,6.66666666666666630e-1,7.84313725490196068e-2,1.76470588235294101e-1,-4.76680964231491089e-1,-2.38340482115745544e-1,4.13015940226614808e-2,2.06507970113307404e-2,-4.76589530706405640e-1,-2.38294765353202820e-1
250,9,7.45098039215686292e-1,7.84313725490196068e-2,1.76470588235294101e-1,-6.63667917251586914e-1,-3.31833958625793457e-1,5.75007517822086756e-2,2.87503758911043378e-2,-6.63540661334991455e-1,-3.31770330667495728e-1
250,10,8.23529411764705843e-1,7.84313725490196068e-2,1.76470588235294101e-1,-8.10567200183868408e-1,-4.05283600091934204e-1,7.02222554013132994e-2,3.51111277006566497e-2,-8.10411751270294189e-1,-4.05205875635147095e-1
250,11,9.01960784313725505e-1,7.84313725490196068e-2,1.76470588235294101e-1,-9.08509790897369385e-1,-4.54254895448684692e-1,7.86883531138300729e-2,3.93441765569150365e-2,-9.08335626125335693e-1,-4.54167813062667847e-1
250,12,9.80392156862745057e-1,5.88235294117647189e-2,1.32352941176470618e-1,-9.51593399047851562e-1,-4.75796699523925781e-1,6.17980504408478723e-2,3.08990252204239361e-2,-9.51411008834838867e-1,-4.75705504417419434e-1
251,0,3.92156862745098034e-2,7.84313725490196068e-2,1.76470588235294101e-1,9.45954263210296631e-1,4.72977131605148315e-1,-8.19623999297618838e-2,-4.09811999648809419e-2,9.45772826671600342e-1,4.72886413335800171e-1
251,1,1.17647058823529410e-1,7.84313725490196068e-2,1.76470588235294101e-1,8.88812720775604248e-1,4.44406360387802124e-1,-7.70110186189413154e-2,-3.85055093094706577e-2,8.88642251491546631e-1,4.44321125745773315e-1
251,2,1.96078431372549017e-1,7.84313725490196068e-2,1.76470588235294101e-1,7.77981579303741455e-1,3.88990789651870728e-1,-6.74082593992352264e-2,-3.37041296996176132e-2,7.77832388877868652e-1,3.88916194438934326e-1
251,3,2.74509803921568651e-1,7.84313725490196068e-2,1.76470588235294101e-1,6.20155572891235352e-1,3.10077786445617676e-1,-5.37334391847253123e-2,-2.68667195923626562e-2,6.20036602020263672e-1,3.10018301010131836e-1
251,4,3.52941176470588203e-1,7.84313725490196068e-2,1.76470588235294101e-1,4.24868345260620117e-1,2.12434172630310059e-1,-3.68127215187996626e-2,-1.84063607593998313e-2,4.24786865711212158e-1,2.12393432855606079e-1
251,5,4.31372549019607865e-1,7.84313725490196068e-2,1.76470588235294101e-1,2.03916475176811218e-1,1.01958237588405609e-1,-1.76684017642401159e-2,-8.83420088212005794e-3,2.03877359628677368e-1,1.01938679814338684e-1
251,6,5.09803921568627416e-1,7.84313725490196068e-2,1.76470588235294101e-1,-2.93532349169254303e-2,-1.46766174584627151e-2,2.54330683965237059e-3,1.27165341982618529e-3,-2.93476060032844543e-2,-1.46738030016422272e-2
251,7,5.88235294117647078e-1,7.84313725490196068e-2,1.76470588235294101e-1,-2.60849833488464355e-1,-1.30424916744232178e-1,2.26013053790666274e-2,1.13006526895333137e-2,-2.60799795389175415e-1,-1.30399897694587708e-1
251,8,6.66666666666666630e-1,7.84313725490196068e-2,1.76470588235294101e-1,-4.76589530706405640e-1,-2.38294765353202820e-1,4.12936002016067727e-2,2.06468001008033863e-2,-4.76498126983642578e-1,-2.38249063491821289e-1
251,9,7.45098039215686292e-1,7.84313725490196068e-2,1.76470588235294101e-1,-6.63540661334991455e-1,-3.31770330667495728e-1,5.74898083694278805e-2,2.87449041847139403e-2,-6.63413405418395996e-1,-3.31706702709197998e-1
251,10,8.23529411764705843e-1,7.84313725490196068e-2,1.76470588235294101e-1,-8.10411751270294189e-1,-4.05205875635147095e-1,7.02086616307497080e-2,3.51043308153748540e-2,-8.10256361961364746e-1,-4.05128180980682373e-1
251,11,9.01960784313725505e-1,7.84313725490196068e-2,1.76470588235294101e-1,-9.08335626125335693e-1,-4.54167813062667847e-1,7.86733059212565422e-2,3.93366529606282711e-2,-9.08161461353302002e-1,-4.54080730676651001e-1
251,12,9.80392156862745057e-1,5.88235294117647189e-2,1.32352941176470618e-1,-9.51411008834838867e-1,-4.75705504417419434e-1,6.17862520739436150e-2,3.08931260369718075e-2,-9.51228678226470947e-1,-4.75614339113235474e-1
252,0,3.92156862745098034e-2,7.84313725490196068e-2,1.76470588235294101e-1,9.45772826671600342e-1,4.72886413335800171e-1,-8.19466687738895361e-2,-4.09733343869447680e-2,9.45591449737548828e-1,4.72795724868774414e-1
252,1,1.17647058823529410e-1,7.84313725490196068e-2,1.76470588235294101e-1,8.88642251491546631e-1,4.44321125745773315e-1,-7.69962279126047977e-2,-3.84981139563023989e-2,8.88471841812133789e-1,4.44235920906066895e-1
252,2,1.96078431372549017e-1,7.84313725490196068e-2,1.76470588235294101e-1,7.77832388877868652e-1,3.88916194438934326e-1,-6.73954350873827990e-2,-3.36977175436913995e-2,7.77683198451995850e-1,3.88841599225997925e-1
252,3,2.74509803921568651e-1,7.84313725490196068e-2,1.76470588235294101e-1,6.20036602020263672e-1,3.10018301010131836e-1,-5.37230087444185989e-2,-2.68615043722092994e-2,6.19917690753936768e-1,3.09958845376968384e-1
252,4,3.52941176470588203e-1,7.84313725490196068e-2,1.76470588235294101e-1,4.24786865711212158e-1,2.12393432855606079e-1,-3.68057322688400967e-2,-1.84028661344200484e-2,4.24705386161804199e-1,2.12352693080902100e-1
252,5,4.31372549019607865e-1,7.84313725490196068e-2,1.76470588235294101e-1,2.03877359628677368e-1,1.01938679814338684e-1,-1.76649872912094108e-2,-8.83249364560470540e-3,2.03838258981704712e-1,1.01919129490852356e-1
252,6,5.09803921568627416e-1,7.84313725490196068e-2,1.76470588235294101e-1,-2.93476060032844543e-2,-1.46738030016422272e-2,2.54282592795790352e-3,1.27141296397895176e-3,-2.93419770896434784e-2,-1.46709885448217392e-2
252,7,5.88235294117647078e-1,7.84313725490196068e-2,1.76470588235294101e-1,-2.60799795389175415e-1,-1.30399897694587708e-1,2.25969397695734986e-2,1.12984698847867493e-2,-2.60749787092208862e-1,-1.30374893546104431e-1
252,8,6.66666666666666630e-1,7.84313725490196068e-2,1.76470588235294101e-1,-4.76498126983642578e-1,-2.38249063491821289e-1,4.12856918759644254e-2,2.06428459379822127e-2,-4.76406753063201904e-1,-2.38203376531600952e-1
252,9,7.45098039215686292e-1,7.84313725490196068e-2,1.76470588235294101e-1,-6.63413405418395996e-1,-3.31706702709197998e-1,5.74787367135286276e-2,2.87393683567643138e-2,-6.63286149501800537e-1,-3.31643074750900269e-1
252,10,8.23529411764705843e-1,7.84313725490196068e-2,1.76470588235294101e-1,-8.10256361961364746e-1,-4.05128180980682373e-1,7.01952388510107828e-2,3.50976194255053914e-2,-8.10100972652435303e-1,-4.05050486326217651e-1
252,11,9.01960784313725505e-1,7.84313725490196068e-2,1.76470588235294101e-1,-9.08161461353302002e-1,-4.54080730676651001e-1,7.86580877378582899e-2,3.93290438689291449e-2,-9.07987356185913086e-1,-4.53993678092956543e-1
252,12,9.80392156862745057e-1,5.88235294117647189e-2,1.32352941176470618e-1,-9.51228678226470947e-1,-4.75614339113235474e-1,6.17745392024517045e-2,3.08872696012258523e-2,-9.51046347618103027e-1,-4.75523173809051514e-1
253,0,3.92156862745098034e-2,7.84313725490196068e-2,1.76470588235294101e-1,9.45591449737548828e-1,4.72795724868774414e-1,-8.19309376180171883e-2,-4.09654688090085942e-2,9.45410072803497314e-1,4.72705036401748657e-1
253,1,1.17647058823529410e-1,7.84313725490196068e-2,1.76470588235294101e-1,8.88471841812133789e-1,4.44235920906066895e-1,-7.69815227016806686e-2,-3.84907613508403343e-2,8.88301432132720947e-1,4.44150716066360474e-1
253,2,1.96078431372549017e-1,7.84313725490196068e-2,1.76470588235294101e-1,7.77683198451995850e-1,3.88841599225997925e-1,-6.73824397847056222e-2,-3.36912198923528111e-2,7.77534067630767822e-1,3.88767033815383911e-1
253,3,2.74509803921568651e-1,7.84313725490196068e-2,1.76470588235294101e-1,6.19917690753936768e-1,3.09958845376968384e-1,-5.37127492949366625e-2,-2.68563746474683313e-2,6.19798779487609863e-1,3.09899389743804932e-1
253,4,3.52941176470588203e-1,7.84313725490196068e-2,1.76470588235294101e-1,4.24705386161804199e-1,2.12352693080902100e-1,-3.67986361496150383e-2,-1.83993180748075191e-2,4.24623936414718628e-1,2.12311968207359314e-1
253,5,4.31372549019607865e-1,7.84313725490196068e-2,1.76470588235294101e-1,2.03838258981704712e-1,1.01919129490852356e-1,-1.76616155658848584e-2,-8.83080778294242918e-3,2.03799158334732056e-1,1.01899579167366028e-1
253,6,5.09803921568627416e-1,7.84313725490196068e-2,1.76470588235294101e-1,-2.93419770896434784e-2,-1.46709885448217392e-2,2.54232364241030462e-3,1.27116182120515231e-3,-2.93363500386476517e-2,-1.46681750193238258e-2
253,7,5.88235294117647078e-1,7.84313725490196068e-2,1.76470588235294101e-1,-2.60749787092208862e-1,-1.30374893546104431e-1,2.25926169077865779e-2,1.12963084538932890e-2,-2.60699778795242310e-1,-1.30349889397621155e-1
253,8,6.66666666666666630e-1,7.84313725490196068e-2,1.76470588235294101e-1,-4.76406753063201904e-1,-2.38203376531600952e-1,4.12778262980282307e-2,2.06389131490141153e-2,-4.76315379142761230e-1,-2.38157689571380615e-1
253,9,7.45098039215686292e-1,7.84313725490196068e-2,1.76470588235294101e-1,-6.63286149501800537e-1,-3.31643074750900269e-1,5.74676223099231942e-2,2.87338111549615971e-2,-6.63158953189849854e-1,-3.31579476594924927e-1
253,10,8.23529411764705843e-1,7.84313725490196068e-2,1.76470588235294101e-1,-8.10100972652435303e-1,-4.05050486326217651e-1,7.01817305758595522e-2,3.50908652879297761e-2,-8.09945642948150635e-1,-4.04972821474075317e-1
253,11,9.01960784313725505e-1,7.84313725490196068e-2,1.76470588235294101e-1,-9.07987356185913086e-1,-4.53993678092956543e-1,7.86430405452847314e-2,3.93215202726423657e-2,-9.07813251018524170e-1,-4.53906625509262085e-1
253,12,9.80392156862745057e-1,5.88235294117647189e-2,1.32352941176470618e-1,-9.51046347618103027e-1,-4.75523173809051514e-1,6.17627408355474472e-2,3.08813704177737236e-2,-9.50864076614379883e-1,-4.75432038307189941e-1
254,0,3.92156862745098034e-2,7.84313725490196068e-2,1.76470588235294101e-1,9.45410072803497314e-1,4.72705036401748657e-1,-8.19152064621448545e-2,-4.09576032310724272e-2,9.45228755474090576e-1,4.72614377737045288e-1
254,1,1.17647058823529410e-1,7.84313725490196068e-2,1.76470588235294101e-1,8.88301432132720947e-1,4.44150716066360474e-1,-7.69667319953441648e-2,-3.84833659976720824e-2,8.88131082057952881e-1,4.44065541028976440e-1
254,2,1.96078431372549017e-1,7.84313725490196068e-2,1.76470588235294101e-1,7.77534067630767822e-1,3.88767033815383911e-1,-6.73696154728531671e-2,-3.36848077364265835e-2,7.77384936809539795e-1,3.88692468404769897e-1
254,3,2.74509803921568651e-1,7.84313725490196068e-2,1.76470588235294101e-1,6.19798779487609863e-1,3.09899389743804932e-1,-5.37023616023361572e-2,-2.68511808011680786e-2,6.19679927825927734e-1,3.09839963912963867e-1
254,4,3.52941176470588203e-1,7.84313725490196068e-2,1.76470588235294101e-1,4.24623936414718628e-1,2.12311968207359314e-1,-3.67916255258023961e-2,-1.83958127629011980e-2,4.24542486667633057e-1,2.12271243333816528e-1
254,5,4.31372549019607865e-1,7.84313725490196068e-2,1.76470588235294101e-1,2.03799158334732056e-1,1.01899579167366028e-1,-1.76582037645857670e-2,-8.82910188229288351e-3,2.03760072588920593e-1,1.01880036294460297e-1
254,6,5.09803921568627416e-1,7.84313725490196068e-2,1.76470588235294101e-1,-2.93363500386476517e-2,-1.46681750193238258e-2,2.54182670032604419e-3,1.27091335016302209e-3,-2.93307229876518250e-2,-1.46653614938259125e-2
254,7,5.88235294117647078e-1,7.84313725490196068e-2,1.76470588235294101e-1,-2.60699778795242310e-1,-1.30349889397621155e-1,2.25882913742680436e-2,1.12941456871340218e-2,-2.60649770498275757e-1,-1.30324885249137878e-1
254,8,6.66666666666666630e-1,7.84313725490196068e-2,1.76470588235294101e-1,-4.76315379142761230e-1,-2.38157689571380615e-1,4.12698752246796752e-2,2.06349376123398376e-2,-4.76224035024642944e-1,-2.38112017512321472e-1
254,9,7.45098039215686292e-1,7.84313725490196068e-2,1.76470588235294101e-1,-6.63158953189849854e-1,-3.31579476594924927e-1,5.74565934017300661e-2,2.87282967008650331e-2,-6.63031756877899170e-1,-3.31515878438949585e-1
254,10,8.23529411764705843e-1,7.84313725490196068e-2,1.76470588235294101e-1,-8.09945642948150635e-1,-4.04972821474075317e-1,7.01683077961206547e-2,3.50841538980603274e-2,-8.09790313243865967e-1,-4.04895156621932983e-1
254,11,9.01960784313725505e-1,7.84313725490196068e-2,1.76470588235294101e-1,-9.07813251018524170e-1,-4.53906625509262085e-1,7.86278223618864791e-2,3.93139111809432396e-2,-9.07639205455780029e-1,-4.53819602727890015e-1
254,12,9.80392156862745057e-1,5.88235294117647189e-2,1.32352941176470618e-1,-9.50864076614379883e-1,-4.75432038307189941e-1,6.17510279640555368e-2,3.08755139820277684e-2,-9.50681805610656738e-1,-4.75340902805328369e-1
255,0,3.92156862745098034e-2,7.84313725490196068e-2,1.76470588235294101e-1,9.45228755474090576e-1,4.72614377737045288e-1,-8.18994753062725067e-2,-4.09497376531362534e-2,9.45047438144683838e-1,4.72523719072341919e-1
255,1,1.17647058823529410e-1,7.84313725490196068e-2,1.76470588235294101e-1,8.88131082057952881e-1,4.44065541028976440e-1,-7.69520267844200079e-2,-3.84760133922100039e-2,8.87960731983184814e-1,4.43980365991592407e-1
255,2,1.96078431372549017e-1,7.84313725490196068e-2,1.76470588235294101e-1,7.77384936809539795e-1,3.88692468404769897e-1,-6.73566201701760181e-2,-3.36783100850880091e-2,7.77235865592956543e-1,3.88617932796478271e-1
255,3,2.74509803921568651e-1,7.84313725490196068e-2,1.76470588235294101e-1,6.19679927825927734e-1,3.09839963912963867e-1,-5.36921449005603735e-2,-2.68460724502801867e-2,6.19561076164245605e-1,3.09780538082122803e-1
255,4,3.52941176470588203e-1,7.84313725490196068e-2,1.76470588235294101e-1,4.24542486667633057e-1,2.12271243333816528e-1,-3.67845080327242613e-2,-1.83922540163621306e-2,4.24461066722869873e-1,2.12230533361434937e-1
255,5,4.31372549019607865e-1,7.84313725490196068e-2,1.76470588235294101e-1,2.03760072588920593e-1,1.01880036294460297e-1,-1.76548347109928838e-2,-8.82741735549644191e-3,2.03720986843109131e-1,1.01860493421554565e-1
255,6,5.09803921568627416e-1,7.84313725490196068e-2,1.76470588235294101e-1,-2.93307229876518250e-2,-1.46653614938259125e-2,2.54135113209486008e-3,1.27067556604743004e-3,-2.93250977993011475e-2,-1.46625488996505737e-2
255,7,5.88235294117647078e-1,7.84313725490196068e-2,1.76470588235294101e-1,-2.60649770498275757e-1,-1.30324885249137878e-1,2.25839230930432455e-2,1.12919615465216228e-2,-2.60599792003631592e-1,-1.30299896001815796e-1
255,8,6.66666666666666630e-1,7.84313725490196068e-2,1.76470588235294101e-1,-4.76224035024642944e-1,-2.38112017512321472e-1,4.12620096467435360e-2,2.06310048233717680e-2,-4.76132690906524658e-1,-2.38066345453262329e-1
255,9,7.45098039215686292e-1,7.84313725490196068e-2,1.76470588235294101e-1,-6.63031756877899170e-1,-3.31515878438949585e-1,5.74455217458307854e-2,2.87227608729153927e-2,-6.62904620170593262e-1,-3.31452310085296631e-1
255,10,8.23529411764705843e-1,7.84313725490196068e-2,1.76470588235294101e-1,-8.09790313243865967e-1,-4.04895156621932983e-1,7.01547995209693964e-2,3.50773997604846982e-2,-8.09635043144226074e-1,-4.04817521572113037e-1
255,11,9.01960784313725505e-1,7.84313725490196068e-2,1.76470588235294101e-1,-9.07639205455780029e-1,-4.53819602727890015e-1,7.86127751693129484e-2,3.93063875846564742e-2,-9.07465219497680664e-1,-4.53732609748840332e-1
255,12,9.80392156862745057e-1,5.88235294117647189e-2,1.32352941176470618e-1,-9.50681805610656738e-1,-4.75340902805328369e-1,6.17392295971512794e-2,3.08696147985756397e-2,-9.50499594211578369e-1,-4.75249797105789185e-1
256,0,3.92156862745098034e-2,7.84313725490196068e-2,1.76470588235294101e-1,9.45047438144683838e-1,4.72523719072341919e-1,-8.18837441504001590e-2,-4.09418720752000795e-2,9.44866180419921875e-1,4.72433090209960938e-1
256,1,1.17647058823529410e-1,7.84313725490196068e-2,1.76470588235294101e-1,8.87960731983184814e-1,4.43980365991592407e-1,-7.69372360780835179e-2,-3.84686180390417590e-2,8.87790441513061523e-1,4.43895220756530762e-1
256,2,1.96078431372549017e-1,7.84313725490196068e-2,1.76470588235294101e-1,7.77235865592956543e-1,3.88617932796478271e-1,-6.73437958583235630e-2,-3.36718979291617815e-2,7.77086794376373291e-1,3.88543397188186646e-1
256,3,2.74509803921568651e-1,7.84313725490196068e-2,1.76470588235294101e-1,6.19561076164245605e-1,3.09780538082122803e-1,-5.36817999556660763e-2,-2.68408999778330382e-2,6.19442224502563477e-1,3.09721112251281738e-1
256,4,3.52941176470588203e-1,7.84313725490196068e-2,1.76470588235294101e-1,4.24461066722869873e-1,2.12230533361434937e-1,-3.67774760350584873e-2,-1.83887380175292436e-2,4.24379646778106689e-1,2.12189823389053345e-1
256,5,4.31372549019607865e-1,7.84313725490196068e-2,1.76470588235294101e-1,2.03720986843109131e-1,1.01860493421554565e-1,-1.76514255814254062e-2,-8.82571279071270309e-3,2.03681915998458862e-1,1.01840957999229431e-1
256,6,5.09803921568627416e-1,7.84313725490196068e-2,1.76470588235294101e-1,-2.93250977993011475e-2,-1.46625488996505737e-2,2.54083815962075077e-3,1.27041907981037538e-3,-2.93194744735956192e-2,-1.46597372367978096e-2
256,7,5.88235294117647078e-1,7.84313725490196068e-2,1.76470588235294101e-1,-2.60599792003631592e-1,-1.30299896001815796e-1,2.25796376354992501e-2,1.12898188177496250e-2,-2.60549813508987427e-1,-1.30274906754493713e-1
256,8,6.66666666666666630e-1,7.84313725490196068e-2,1.76470588235294101e-1,-4.76132690906524658e-1,-2.38066345453262329e-1,4.12540158256888279e-2,2.06270079128444139e-2,-4.76041376590728760e-1,-2.38020688295364380e-1
256,9,7.45098039215686292e-1,7.84313725490196068e-2,1.76470588235294101e-1,-6.62904620170593262e-1,-3.31452310085296631e-1,5.74345355853438100e-2,2.87172677926719050e-2,-6.62777483463287354e-1,-3.31388741731643677e-1
256,10,8.23529411764705843e-1,7.84313725490196068e-2,1.76470588235294101e-1,-8.09635043144226074e-1,-4.04817521572113037e-1,7.01412912458181381e-2,3.50706456229090691e-2,-8.09479773044586182e-1,-4.04739886522293091e-1
256,11,9.01960784313725505e-1,7.84313725490196068e-2,1.76470588235294101e-1,-9.07465219497680664e-1,-4.53732609748840332e-1,7.85977279767394177e-2,3.92988639883697088e-2,-9.07291233539581299e-1,-4.53645616769790649e-1
256,12,9.80392156862745057e-1,5.88235294117647189e-2,1.32352941176470618e-1,-9.50499594211578369e-1,-4.75249797105789185e-1,6.17274312302470221e-2,3.08637156151235111e-2,-9.50317382812500000e-1,-4.75158691406250000e-1
