axis,i,j,k,velocity
0,0,0,0,2.50000000000000000e-1
0,1,0,0,2.50000000000000000e-1
0,2,0,0,2.50000000000000000e-1
0,3,0,0,2.50000000000000000e-1
0,4,0,0,2.50000000000000000e-1
0,5,0,0,2.50000000000000000e-1
0,6,0,0,2.50000000000000000e-1
0,7,0,0,2.50000000000000000e-1
0,8,0,0,2.50000000000000000e-1
0,9,0,0,2.50000000000000000e-1
0,10,0,0,2.50000000000000000e-1
0,11,0,0,2.50000000000000000e-1
0,12,0,0,2.50000000000000000e-1
0,13,0,0,2.50000000000000000e-1
0,14,0,0,2.50000000000000000e-1
0,15,0,0,2.50000000000000000e-1
0,16,0,0,2.50000000000000000e-1
0,17,0,0,2.50000000000000000e-1
0,18,0,0,2.50000000000000000e-1
0,19,0,0,2.50000000000000000e-1
0,20,0,0,2.50000000000000000e-1
0,21,0,0,2.50000000000000000e-1
0,22,0,0,2.50000000000000000e-1
0,23,0,0,2.50000000000000000e-1
0,24,0,0,2.50000000000000000e-1
0,25,0,0,2.50000000000000000e-1
0,26,0,0,2.50000000000000000e-1
0,27,0,0,2.50000000000000000e-1
0,28,0,0,2.50000000000000000e-1
0,29,0,0,2.50000000000000000e-1
0,30,0,0,2.50000000000000000e-1
0,31,0,0,2.50000000000000000e-1
0,32,0,0,2.50000000000000000e-1
0,33,0,0,2.50000000000000000e-1
0,34,0,0,2.50000000000000000e-1
0,35,0,0,2.50000000000000000e-1
0,36,0,0,2.50000000000000000e-1
0,37,0,0,2.50000000000000000e-1
0,38,0,0,2.50000000000000000e-1
0,39,0,0,2.50000000000000000e-1
0,40,0,0,2.50000000000000000e-1
0,41,0,0,2.50000000000000000e-1
0,42,0,0,2.50000000000000000e-1
0,43,0,0,2.50000000000000000e-1
0,44,0,0,2.50000000000000000e-1
0,45,0,0,2.50000000000000000e-1
0,46,0,0,2.50000000000000000e-1
0,47,0,0,2.50000000000000000e-1
0,48,0,0,2.50000000000000000e-1
0,49,0,0,2.50000000000000000e-1
0,50,0,0,2.50000000000000000e-1
0,51,0,0,2.50000000000000000e-1
0,52,0,0,2.50000000000000000e-1
0,53,0,0,2.50000000000000000e-1
0,54,0,0,2.50000000000000000e-1
0,55,0,0,2.50000000000000000e-1
0,56,0,0,2.50000000000000000e-1
0,57,0,0,2.50000000000000000e-1
0,58,0,0,2.50000000000000000e-1
0,59,0,0,2.50000000000000000e-1
0,60,0,0,2.50000000000000000e-1
0,61,0,0,2.50000000000000000e-1
0,62,0,0,2.50000000000000000e-1
0,63,0,0,2.50000000000000000e-1
0,64,0,0,2.50000000000000000e-1
0,0,1,0,2.50000000000000000e-1
0,1,1,0,2.50000000000000000e-1
0,2,1,0,2.50000000000000000e-1
0,3,1,0,2.50000000000000000e-1
0,4,1,0,2.50000000000000000e-1
0,5,1,0,2.50000000000000000e-1
0,6,1,0,2.50000000000000000e-1
0,7,1,0,2.50000000000000000e-1
0,8,1,0,2.50000000000000000e-1
0,9,1,0,2.50000000000000000e-1
0,10,1,0,2.50000000000000000e-1
0,11,1,0,2.50000000000000000e-1
0,12,1,0,2.50000000000000000e-1
0,13,1,0,2.50000000000000000e-1
0,14,1,0,2.50000000000000000e-1
0,15,1,0,2.50000000000000000e-1
0,16,1,0,2.50000000000000000e-1
0,17,1,0,2.50000000000000000e-1
0,18,1,0,2.50000000000000000e-1
0,19,1,0,2.50000000000000000e-1
0,20,1,0,2.50000000000000000e-1
0,21,1,0,2.50000000000000000e-1
0,22,1,0,2.50000000000000000e-1
0,23,1,0,2.50000000000000000e-1
0,24,1,0,2.50000000000000000e-1
0,25,1,0,2.50000000000000000e-1
0,26,1,0,2.50000000000000000e-1
0,27,1,0,2.50000000000000000e-1
0,28,1,0,2.50000000000000000e-1
0,29,1,0,2.50000000000000000e-1
0,30,1,0,2.50000000000000000e-1
0,31,1,0,2.50000000000000000e-1
0,32,1,0,2.50000000000000000e-1
0,33,1,0,2.50000000000000000e-1
0,34,1,0,2.50000000000000000e-1
0,35,1,0,2.50000000000000000e-1
0,36,1,0,2.50000000000000000e-1
0,37,1,0,2.50000000000000000e-1
0,38,1,0,2.50000000000000000e-1
0,39,1,0,2.50000000000000000e-1
0,40,1,0,2.50000000000000000e-1
0,41,1,0,2.50000000000000000e-1
0,42,1,0,2.50000000000000000e-1
0,43,1,0,2.50000000000000000e-1
0,44,1,0,2.50000000000000000e-1
0,45,1,0,2.50000000000000000e-1
0,46,1,0,2.50000000000000000e-1
0,47,1,0,2.50000000000000000e-1
0,48,1,0,2.50000000000000000e-1
0,49,1,0,2.50000000000000000e-1
0,50,1,0,2.50000000000000000e-1
0,51,1,0,2.50000000000000000e-1
0,52,1,0,2.50000000000000000e-1
0,53,1,0,2.50000000000000000e-1
0,54,1,0,2.50000000000000000e-1
0,55,1,0,2.50000000000000000e-1
0,56,1,0,2.50000000000000000e-1
0,57,1,0,2.50000000000000000e-1
0,58,1,0,2.50000000000000000e-1
0,59,1,0,2.50000000000000000e-1
0,60,1,0,2.50000000000000000e-1
0,61,1,0,2.50000000000000000e-1
0,62,1,0,2.50000000000000000e-1
0,63,1,0,2.50000000000000000e-1
0,64,1,0,2.50000000000000000e-1
0,0,2,0,2.50000000000000000e-1
0,1,2,0,2.50000000000000000e-1
0,2,2,0,2.50000000000000000e-1
0,3,2,0,2.50000000000000000e-1
0,4,2,0,2.50000000000000000e-1
0,5,2,0,2.50000000000000000e-1
0,6,2,0,2.50000000000000000e-1
0,7,2,0,2.50000000000000000e-1
0,8,2,0,2.50000000000000000e-1
0,9,2,0,2.50000000000000000e-1
0,10,2,0,2.50000000000000000e-1
0,11,2,0,2.50000000000000000e-1
0,12,2,0,2.50000000000000000e-1
0,13,2,0,2.50000000000000000e-1
0,14,2,0,2.50000000000000000e-1
0,15,2,0,2.50000000000000000e-1
0,16,2,0,2.50000000000000000e-1
0,17,2,0,2.50000000000000000e-1
0,18,2,0,2.50000000000000000e-1
0,19,2,0,2.50000000000000000e-1
0,20,2,0,2.50000000000000000e-1
0,21,2,0,2.50000000000000000e-1
0,22,2,0,2.50000000000000000e-1
0,23,2,0,2.50000000000000000e-1
0,24,2,0,2.50000000000000000e-1
0,25,2,0,2.50000000000000000e-1
0,26,2,0,2.50000000000000000e-1
0,27,2,0,2.50000000000000000e-1
0,28,2,0,2.50000000000000000e-1
0,29,2,0,2.50000000000000000e-1
0,30,2,0,2.50000000000000000e-1
0,31,2,0,2.50000000000000000e-1
0,32,2,0,2.50000000000000000e-1
0,33,2,0,2.50000000000000000e-1
0,34,2,0,2.50000000000000000e-1
0,35,2,0,2.50000000000000000e-1
0,36,2,0,2.50000000000000000e-1
0,37,2,0,2.50000000000000000e-1
0,38,2,0,2.50000000000000000e-1
0,39,2,0,2.50000000000000000e-1
0,40,2,0,2.50000000000000000e-1
0,41,2,0,2.50000000000000000e-1
0,42,2,0,2.50000000000000000e-1
0,43,2,0,2.50000000000000000e-1
0,44,2,0,2.50000000000000000e-1
0,45,2,0,2.50000000000000000e-1
0,46,2,0,2.50000000000000000e-1
0,47,2,0,2.50000000000000000e-1
0,48,2,0,2.50000000000000000e-1
0,49,2,0,2.50000000000000000e-1
0,50,2,0,2.50000000000000000e-1
0,51,2,0,2.50000000000000000e-1
0,52,2,0,2.50000000000000000e-1
0,53,2,0,2.50000000000000000e-1
0,54,2,0,2.50000000000000000e-1
0,55,2,0,2.50000000000000000e-1
0,56,2,0,2.50000000000000000e-1
0,57,2,0,2.50000000000000000e-1
0,58,2,0,2.50000000000000000e-1
0,59,2,0,2.50000000000000000e-1
0,60,2,0,2.50000000000000000e-1
0,61,2,0,2.50000000000000000e-1
0,62,2,0,2.50000000000000000e-1
0,63,2,0,2.50000000000000000e-1
0,64,2,0,2.50000000000000000e-1
0,0,3,0,2.50000000000000000e-1
0,1,3,0,2.50000000000000000e-1
0,2,3,0,2.50000000000000000e-1
0,3,3,0,2.50000000000000000e-1
0,4,3,0,2.50000000000000000e-1
0,5,3,0,2.50000000000000000e-1
0,6,3,0,2.50000000000000000e-1
0,7,3,0,2.50000000000000000e-1
0,8,3,0,2.50000000000000000e-1
0,9,3,0,2.50000000000000000e-1
0,10,3,0,2.50000000000000000e-1
0,11,3,0,2.50000000000000000e-1
0,12,3,0,2.50000000000000000e-1
0,13,3,0,2.50000000000000000e-1
0,14,3,0,2.50000000000000000e-1
0,15,3,0,2.50000000000000000e-1
0,16,3,0,2.50000000000000000e-1
0,17,3,0,2.50000000000000000e-1
0,18,3,0,2.50000000000000000e-1
0,19,3,0,2.50000000000000000e-1
0,20,3,0,2.50000000000000000e-1
0,21,3,0,2.50000000000000000e-1
0,22,3,0,2.50000000000000000e-1
0,23,3,0,2.50000000000000000e-1
0,24,3,0,2.50000000000000000e-1
0,25,3,0,2.50000000000000000e-1
0,26,3,0,2.50000000000000000e-1
0,27,3,0,2.50000000000000000e-1
0,28,3,0,2.50000000000000000e-1
0,29,3,0,2.50000000000000000e-1
0,30,3,0,2.50000000000000000e-1
0,31,3,0,2.50000000000000000e-1
0,32,3,0,2.50000000000000000e-1
0,33,3,0,2.50000000000000000e-1
0,34,3,0,2.50000000000000000e-1
0,35,3,0,2.50000000000000000e-1
0,36,3,0,2.50000000000000000e-1
0,37,3,0,2.50000000000000000e-1
0,38,3,0,2.50000000000000000e-1
0,39,3,0,2.50000000000000000e-1
0,40,3,0,2.50000000000000000e-1
0,41,3,0,2.50000000000000000e-1
0,42,3,0,2.50000000000000000e-1
0,43,3,0,2.50000000000000000e-1
0,44,3,0,2.50000000000000000e-1
0,45,3,0,2.50000000000000000e-1
0,46,3,0,2.50000000000000000e-1
0,47,3,0,2.50000000000000000e-1
0,48,3,0,2.50000000000000000e-1
0,49,3,0,2.50000000000000000e-1
0,50,3,0,2.50000000000000000e-1
0,51,3,0,2.50000000000000000e-1
0,52,3,0,2.50000000000000000e-1
0,53,3,0,2.50000000000000000e-1
0,54,3,0,2.50000000000000000e-1
0,55,3,0,2.50000000000000000e-1
0,56,3,0,2.50000000000000000e-1
0,57,3,0,2.50000000000000000e-1
0,58,3,0,2.50000000000000000e-1
0,59,3,0,2.50000000000000000e-1
0,60,3,0,2.50000000000000000e-1
0,61,3,0,2.50000000000000000e-1
0,62,3,0,2.50000000000000000e-1
0,63,3,0,2.50000000000000000e-1
0,64,3,0,2.50000000000000000e-1
0,0,4,0,2.50000000000000000e-1
0,1,4,0,2.50000000000000000e-1
0,2,4,0,2.50000000000000000e-1
0,3,4,0,2.50000000000000000e-1
0,4,4,0,2.50000000000000000e-1
0,5,4,0,2.50000000000000000e-1
0,6,4,0,2.50000000000000000e-1
0,7,4,0,2.50000000000000000e-1
0,8,4,0,2.50000000000000000e-1
0,9,4,0,2.50000000000000000e-1
0,10,4,0,2.50000000000000000e-1
0,11,4,0,2.50000000000000000e-1
0,12,4,0,2.50000000000000000e-1
0,13,4,0,2.50000000000000000e-1
0,14,4,0,2.50000000000000000e-1
0,15,4,0,2.50000000000000000e-1
0,16,4,0,2.50000000000000000e-1
0,17,4,0,2.50000000000000000e-1
0,18,4,0,2.50000000000000000e-1
0,19,4,0,2.50000000000000000e-1
0,20,4,0,2.50000000000000000e-1
0,21,4,0,2.50000000000000000e-1
0,22,4,0,2.50000000000000000e-1
0,23,4,0,2.50000000000000000e-1
0,24,4,0,2.50000000000000000e-1
0,25,4,0,2.50000000000000000e-1
0,26,4,0,2.50000000000000000e-1
0,27,4,0,2.50000000000000000e-1
0,28,4,0,2.50000000000000000e-1
0,29,4,0,2.50000000000000000e-1
0,30,4,0,2.50000000000000000e-1
0,31,4,0,2.50000000000000000e-1
0,32,4,0,2.50000000000000000e-1
0,33,4,0,2.50000000000000000e-1
0,34,4,0,2.50000000000000000e-1
0,35,4,0,2.50000000000000000e-1
0,36,4,0,2.50000000000000000e-1
0,37,4,0,2.50000000000000000e-1
0,38,4,0,2.50000000000000000e-1
0,39,4,0,2.50000000000000000e-1
0,40,4,0,2.50000000000000000e-1
0,41,4,0,2.50000000000000000e-1
0,42,4,0,2.50000000000000000e-1
0,43,4,0,2.50000000000000000e-1
0,44,4,0,2.50000000000000000e-1
0,45,4,0,2.50000000000000000e-1
0,46,4,0,2.50000000000000000e-1
0,47,4,0,2.50000000000000000e-1
0,48,4,0,2.50000000000000000e-1
0,49,4,0,2.50000000000000000e-1
0,50,4,0,2.50000000000000000e-1
0,51,4,0,2.50000000000000000e-1
0,52,4,0,2.50000000000000000e-1
0,53,4,0,2.50000000000000000e-1
0,54,4,0,2.50000000000000000e-1
0,55,4,0,2.50000000000000000e-1
0,56,4,0,2.50000000000000000e-1
0,57,4,0,2.50000000000000000e-1
0,58,4,0,2.50000000000000000e-1
0,59,4,0,2.50000000000000000e-1
0,60,4,0,2.50000000000000000e-1
0,61,4,0,2.50000000000000000e-1
0,62,4,0,2.50000000000000000e-1
0,63,4,0,2.50000000000000000e-1
0,64,4,0,2.50000000000000000e-1
0,0,5,0,2.50000000000000000e-1
0,1,5,0,2.50000000000000000e-1
0,2,5,0,2.50000000000000000e-1
0,3,5,0,2.50000000000000000e-1
0,4,5,0,2.50000000000000000e-1
0,5,5,0,2.50000000000000000e-1
0,6,5,0,2.50000000000000000e-1
0,7,5,0,2.50000000000000000e-1
0,8,5,0,2.50000000000000000e-1
0,9,5,0,2.50000000000000000e-1
0,10,5,0,2.50000000000000000e-1
0,11,5,0,2.50000000000000000e-1
0,12,5,0,2.50000000000000000e-1
0,13,5,0,2.50000000000000000e-1
0,14,5,0,2.50000000000000000e-1
0,15,5,0,2.50000000000000000e-1
0,16,5,0,2.50000000000000000e-1
0,17,5,0,2.50000000000000000e-1
0,18,5,0,2.50000000000000000e-1
0,19,5,0,2.50000000000000000e-1
0,20,5,0,2.50000000000000000e-1
0,21,5,0,2.50000000000000000e-1
0,22,5,0,2.50000000000000000e-1
0,23,5,0,2.50000000000000000e-1
0,24,5,0,2.50000000000000000e-1
0,25,5,0,2.50000000000000000e-1
0,26,5,0,2.50000000000000000e-1
0,27,5,0,2.50000000000000000e-1
0,28,5,0,2.50000000000000000e-1
0,29,5,0,2.50000000000000000e-1
0,30,5,0,2.50000000000000000e-1
0,31,5,0,2.50000000000000000e-1
0,32,5,0,2.50000000000000000e-1
0,33,5,0,2.50000000000000000e-1
0,34,5,0,2.50000000000000000e-1
0,35,5,0,2.50000000000000000e-1
0,36,5,0,2.50000000000000000e-1
0,37,5,0,2.50000000000000000e-1
0,38,5,0,2.50000000000000000e-1
0,39,5,0,2.50000000000000000e-1
0,40,5,0,2.50000000000000000e-1
0,41,5,0,2.50000000000000000e-1
0,42,5,0,2.50000000000000000e-1
0,43,5,0,2.50000000000000000e-1
0,44,5,0,2.50000000000000000e-1
0,45,5,0,2.50000000000000000e-1
0,46,5,0,2.50000000000000000e-1
0,47,5,0,2.50000000000000000e-1
0,48,5,0,2.50000000000000000e-1
0,49,5,0,2.50000000000000000e-1
0,50,5,0,2.50000000000000000e-1
0,51,5,0,2.50000000000000000e-1
0,52,5,0,2.50000000000000000e-1
0,53,5,0,2.50000000000000000e-1
0,54,5,0,2.50000000000000000e-1
0,55,5,0,2.50000000000000000e-1
0,56,5,0,2.50000000000000000e-1
0,57,5,0,2.50000000000000000e-1
0,58,5,0,2.50000000000000000e-1
0,59,5,0,2.50000000000000000e-1
0,60,5,0,2.50000000000000000e-1
0,61,5,0,2.50000000000000000e-1
0,62,5,0,2.50000000000000000e-1
0,63,5,0,2.50000000000000000e-1
0,64,5,0,2.50000000000000000e-1
0,0,6,0,2.50000000000000000e-1
0,1,6,0,2.50000000000000000e-1
0,2,6,0,2.50000000000000000e-1
0,3,6,0,2.50000000000000000e-1
0,4,6,0,2.50000000000000000e-1
0,5,6,0,2.50000000000000000e-1
0,6,6,0,2.50000000000000000e-1
0,7,6,0,2.50000000000000000e-1
0,8,6,0,2.50000000000000000e-1
0,9,6,0,2.50000000000000000e-1
0,10,6,0,2.50000000000000000e-1
0,11,6,0,2.50000000000000000e-1
0,12,6,0,2.50000000000000000e-1
0,13,6,0,2.50000000000000000e-1
0,14,6,0,2.50000000000000000e-1
0,15,6,0,2.50000000000000000e-1
0,16,6,0,2.50000000000000000e-1
0,17,6,0,2.50000000000000000e-1
0,18,6,0,2.50000000000000000e-1
0,19,6,0,2.50000000000000000e-1
0,20,6,0,2.50000000000000000e-1
0,21,6,0,2.50000000000000000e-1
0,22,6,0,2.50000000000000000e-1
0,23,6,0,2.50000000000000000e-1
0,24,6,0,2.50000000000000000e-1
0,25,6,0,2.50000000000000000e-1
0,26,6,0,2.50000000000000000e-1
0,27,6,0,2.50000000000000000e-1
0,28,6,0,2.50000000000000000e-1
0,29,6,0,2.50000000000000000e-1
0,30,6,0,2.50000000000000000e-1
0,31,6,0,2.50000000000000000e-1
0,32,6,0,2.50000000000000000e-1
0,33,6,0,2.50000000000000000e-1
0,34,6,0,2.50000000000000000e-1
0,35,6,0,2.50000000000000000e-1
0,36,6,0,2.50000000000000000e-1
0,37,6,0,2.50000000000000000e-1
0,38,6,0,2.50000000000000000e-1
0,39,6,0,2.50000000000000000e-1
0,40,6,0,2.50000000000000000e-1
0,41,6,0,2.50000000000000000e-1
0,42,6,0,2.50000000000000000e-1
0,43,6,0,2.50000000000000000e-1
0,44,6,0,2.50000000000000000e-1
0,45,6,0,2.50000000000000000e-1
0,46,6,0,2.50000000000000000e-1
0,47,6,0,2.50000000000000000e-1
0,48,6,0,2.50000000000000000e-1
0,49,6,0,2.50000000000000000e-1
0,50,6,0,2.50000000000000000e-1
0,51,6,0,2.50000000000000000e-1
0,52,6,0,2.50000000000000000e-1
0,53,6,0,2.50000000000000000e-1
0,54,6,0,2.50000000000000000e-1
0,55,6,0,2.50000000000000000e-1
0,56,6,0,2.50000000000000000e-1
0,57,6,0,2.50000000000000000e-1
0,58,6,0,2.50000000000000000e-1
0,59,6,0,2.50000000000000000e-1
0,60,6,0,2.50000000000000000e-1
0,61,6,0,2.50000000000000000e-1
0,62,6,0,2.50000000000000000e-1
0,63,6,0,2.50000000000000000e-1
0,64,6,0,2.50000000000000000e-1
0,0,7,0,2.50000000000000000e-1
0,1,7,0,2.50000000000000000e-1
0,2,7,0,2.50000000000000000e-1
0,3,7,0,2.50000000000000000e-1
0,4,7,0,2.50000000000000000e-1
0,5,7,0,2.50000000000000000e-1
0,6,7,0,2.50000000000000000e-1
0,7,7,0,2.50000000000000000e-1
0,8,7,0,2.50000000000000000e-1
0,9,7,0,2.50000000000000000e-1
0,10,7,0,2.50000000000000000e-1
0,11,7,0,2.50000000000000000e-1
0,12,7,0,2.50000000000000000e-1
0,13,7,0,2.50000000000000000e-1
0,14,7,0,2.50000000000000000e-1
0,15,7,0,2.50000000000000000e-1
0,16,7,0,2.50000000000000000e-1
0,17,7,0,2.50000000000000000e-1
0,18,7,0,2.50000000000000000e-1
0,19,7,0,2.50000000000000000e-1
0,20,7,0,2.50000000000000000e-1
0,21,7,0,2.50000000000000000e-1
0,22,7,0,2.50000000000000000e-1
0,23,7,0,2.50000000000000000e-1
0,24,7,0,2.50000000000000000e-1
0,25,7,0,2.50000000000000000e-1
0,26,7,0,2.50000000000000000e-1
0,27,7,0,2.50000000000000000e-1
0,28,7,0,2.50000000000000000e-1
0,29,7,0,2.50000000000000000e-1
0,30,7,0,2.50000000000000000e-1
0,31,7,0,2.50000000000000000e-1
0,32,7,0,2.50000000000000000e-1
0,33,7,0,2.50000000000000000e-1
0,34,7,0,2.50000000000000000e-1
0,35,7,0,2.50000000000000000e-1
0,36,7,0,2.50000000000000000e-1
0,37,7,0,2.50000000000000000e-1
0,38,7,0,2.50000000000000000e-1
0,39,7,0,2.50000000000000000e-1
0,40,7,0,2.50000000000000000e-1
0,41,7,0,2.50000000000000000e-1
0,42,7,0,2.50000000000000000e-1
0,43,7,0,2.50000000000000000e-1
0,44,7,0,2.50000000000000000e-1
0,45,7,0,2.50000000000000000e-1
0,46,7,0,2.50000000000000000e-1
0,47,7,0,2.50000000000000000e-1
0,48,7,0,2.50000000000000000e-1
0,49,7,0,2.50000000000000000e-1
0,50,7,0,2.50000000000000000e-1
0,51,7,0,2.50000000000000000e-1
0,52,7,0,2.50000000000000000e-1
0,53,7,0,2.50000000000000000e-1
0,54,7,0,2.50000000000000000e-1
0,55,7,0,2.50000000000000000e-1
0,56,7,0,2.50000000000000000e-1
0,57,7,0,2.50000000000000000e-1
0,58,7,0,2.50000000000000000e-1
0,59,7,0,2.50000000000000000e-1
0,60,7,0,2.50000000000000000e-1
0,61,7,0,2.50000000000000000e-1
0,62,7,0,2.50000000000000000e-1
0,63,7,0,2.50000000000000000e-1
0,64,7,0,2.50000000000000000e-1
0,0,0,1,2.50000000000000000e-1
0,1,0,1,2.50000000000000000e-1
0,2,0,1,2.50000000000000000e-1
0,3,0,1,2.50000000000000000e-1
0,4,0,1,2.50000000000000000e-1
0,5,0,1,2.50000000000000000e-1
0,6,0,1,2.50000000000000000e-1
0,7,0,1,2.50000000000000000e-1
0,8,0,1,2.50000000000000000e-1
0,9,0,1,2.50000000000000000e-1
0,10,0,1,2.50000000000000000e-1
0,11,0,1,2.50000000000000000e-1
0,12,0,1,2.50000000000000000e-1
0,13,0,1,2.50000000000000000e-1
0,14,0,1,2.50000000000000000e-1
0,15,0,1,2.50000000000000000e-1
0,16,0,1,2.50000000000000000e-1
0,17,0,1,2.50000000000000000e-1
0,18,0,1,2.50000000000000000e-1
0,19,0,1,2.50000000000000000e-1
0,20,0,1,2.50000000000000000e-1
0,21,0,1,2.50000000000000000e-1
0,22,0,1,2.50000000000000000e-1
0,23,0,1,2.50000000000000000e-1
0,24,0,1,2.50000000000000000e-1
0,25,0,1,2.50000000000000000e-1
0,26,0,1,2.50000000000000000e-1
0,27,0,1,2.50000000000000000e-1
0,28,0,1,2.50000000000000000e-1
0,29,0,1,2.50000000000000000e-1
0,30,0,1,2.50000000000000000e-1
0,31,0,1,2.50000000000000000e-1
0,32,0,1,2.50000000000000000e-1
0,33,0,1,2.50000000000000000e-1
0,34,0,1,2.50000000000000000e-1
0,35,0,1,2.50000000000000000e-1
0,36,0,1,2.50000000000000000e-1
0,37,0,1,2.50000000000000000e-1
0,38,0,1,2.50000000000000000e-1
0,39,0,1,2.50000000000000000e-1
0,40,0,1,2.50000000000000000e-1
0,41,0,1,2.50000000000000000e-1
0,42,0,1,2.50000000000000000e-1
0,43,0,1,2.50000000000000000e-1
0,44,0,1,2.50000000000000000e-1
0,45,0,1,2.50000000000000000e-1
0,46,0,1,2.50000000000000000e-1
0,47,0,1,2.50000000000000000e-1
0,48,0,1,2.50000000000000000e-1
0,49,0,1,2.50000000000000000e-1
0,50,0,1,2.50000000000000000e-1
0,51,0,1,2.50000000000000000e-1
0,52,0,1,2.50000000000000000e-1
0,53,0,1,2.50000000000000000e-1
0,54,0,1,2.50000000000000000e-1
0,55,0,1,2.50000000000000000e-1
0,56,0,1,2.50000000000000000e-1
0,57,0,1,2.50000000000000000e-1
0,58,0,1,2.50000000000000000e-1
0,59,0,1,2.50000000000000000e-1
0,60,0,1,2.50000000000000000e-1
0,61,0,1,2.50000000000000000e-1
0,62,0,1,2.50000000000000000e-1
0,63,0,1,2.50000000000000000e-1
0,64,0,1,2.50000000000000000e-1
0,0,1,1,2.50000000000000000e-1
0,1,1,1,2.50000000000000000e-1
0,2,1,1,2.50000000000000000e-1
0,3,1,1,2.50000000000000000e-1
0,4,1,1,2.50000000000000000e-1
0,5,1,1,2.50000000000000000e-1
0,6,1,1,2.50000000000000000e-1
0,7,1,1,2.50000000000000000e-1
0,8,1,1,2.50000000000000000e-1
0,9,1,1,2.50000000000000000e-1
0,10,1,1,2.50000000000000000e-1
0,11,1,1,2.50000000000000000e-1
0,12,1,1,2.50000000000000000e-1
0,13,1,1,2.50000000000000000e-1
0,14,1,1,2.50000000000000000e-1
0,15,1,1,2.50000000000000000e-1
0,16,1,1,2.50000000000000000e-1
0,17,1,1,2.50000000000000000e-1
0,18,1,1,2.50000000000000000e-1
0,19,1,1,2.50000000000000000e-1
0,20,1,1,2.50000000000000000e-1
0,21,1,1,2.50000000000000000e-1
0,22,1,1,2.50000000000000000e-1
0,23,1,1,2.50000000000000000e-1
0,24,1,1,2.50000000000000000e-1
0,25,1,1,2.50000000000000000e-1
0,26,1,1,2.50000000000000000e-1
0,27,1,1,2.50000000000000000e-1
0,28,1,1,2.50000000000000000e-1
0,29,1,1,2.50000000000000000e-1
0,30,1,1,2.50000000000000000e-1
0,31,1,1,2.50000000000000000e-1
0,32,1,1,2.50000000000000000e-1
0,33,1,1,2.50000000000000000e-1
0,34,1,1,2.50000000000000000e-1
0,35,1,1,2.50000000000000000e-1
0,36,1,1,2.50000000000000000e-1
0,37,1,1,2.50000000000000000e-1
0,38,1,1,2.50000000000000000e-1
0,39,1,1,2.50000000000000000e-1
0,40,1,1,2.50000000000000000e-1
0,41,1,1,2.50000000000000000e-1
0,42,1,1,2.50000000000000000e-1
0,43,1,1,2.50000000000000000e-1
0,44,1,1,2.50000000000000000e-1
0,45,1,1,2.50000000000000000e-1
0,46,1,1,2.50000000000000000e-1
0,47,1,1,2.50000000000000000e-1
0,48,1,1,2.50000000000000000e-1
0,49,1,1,2.50000000000000000e-1
0,50,1,1,2.50000000000000000e-1
0,51,1,1,2.50000000000000000e-1
0,52,1,1,2.50000000000000000e-1
0,53,1,1,2.50000000000000000e-1
0,54,1,1,2.50000000000000000e-1
0,55,1,1,2.50000000000000000e-1
0,56,1,1,2.50000000000000000e-1
0,57,1,1,2.50000000000000000e-1
0,58,1,1,2.50000000000000000e-1
0,59,1,1,2.50000000000000000e-1
0,60,1,1,2.50000000000000000e-1
0,61,1,1,2.50000000000000000e-1
0,62,1,1,2.50000000000000000e-1
0,63,1,1,2.50000000000000000e-1
0,64,1,1,2.50000000000000000e-1
0,0,2,1,2.50000000000000000e-1
0,1,2,1,2.50000000000000000e-1
0,2,2,1,2.50000000000000000e-1
0,3,2,1,2.50000000000000000e-1
0,4,2,1,2.50000000000000000e-1
0,5,2,1,2.50000000000000000e-1
0,6,2,1,2.50000000000000000e-1
0,7,2,1,2.50000000000000000e-1
0,8,2,1,2.50000000000000000e-1
0,9,2,1,2.50000000000000000e-1
0,10,2,1,2.50000000000000000e-1
0,11,2,1,2.50000000000000000e-1
0,12,2,1,2.50000000000000000e-1
0,13,2,1,2.50000000000000000e-1
0,14,2,1,2.50000000000000000e-1
0,15,2,1,2.50000000000000000e-1
0,16,2,1,2.50000000000000000e-1
0,17,2,1,2.50000000000000000e-1
0,18,2,1,2.50000000000000000e-1
0,19,2,1,2.50000000000000000e-1
0,20,2,1,2.50000000000000000e-1
0,21,2,1,2.50000000000000000e-1
0,22,2,1,2.50000000000000000e-1
0,23,2,1,2.50000000000000000e-1
0,24,2,1,2.50000000000000000e-1
0,25,2,1,2.50000000000000000e-1
0,26,2,1,2.50000000000000000e-1
0,27,2,1,2.50000000000000000e-1
0,28,2,1,2.50000000000000000e-1
0,29,2,1,2.50000000000000000e-1
0,30,2,1,2.50000000000000000e-1
0,31,2,1,2.50000000000000000e-1
0,32,2,1,2.50000000000000000e-1
0,33,2,1,2.50000000000000000e-1
0,34,2,1,2.50000000000000000e-1
0,35,2,1,2.50000000000000000e-1
0,36,2,1,2.50000000000000000e-1
0,37,2,1,2.50000000000000000e-1
0,38,2,1,2.50000000000000000e-1
0,39,2,1,2.50000000000000000e-1
0,40,2,1,2.50000000000000000e-1
0,41,2,1,2.50000000000000000e-1
0,42,2,1,2.50000000000000000e-1
0,43,2,1,2.50000000000000000e-1
0,44,2,1,2.50000000000000000e-1
0,45,2,1,2.50000000000000000e-1
0,46,2,1,2.50000000000000000e-1
0,47,2,1,2.50000000000000000e-1
0,48,2,1,2.50000000000000000e-1
0,49,2,1,2.50000000000000000e-1
0,50,2,1,2.50000000000000000e-1
0,51,2,1,2.50000000000000000e-1
0,52,2,1,2.50000000000000000e-1
0,53,2,1,2.50000000000000000e-1
0,54,2,1,2.50000000000000000e-1
0,55,2,1,2.50000000000000000e-1
0,56,2,1,2.50000000000000000e-1
0,57,2,1,2.50000000000000000e-1
0,58,2,1,2.50000000000000000e-1
0,59,2,1,2.50000000000000000e-1
0,60,2,1,2.50000000000000000e-1
0,61,2,1,2.50000000000000000e-1
0,62,2,1,2.50000000000000000e-1
0,63,2,1,2.50000000000000000e-1
0,64,2,1,2.50000000000000000e-1
0,0,3,1,2.50000000000000000e-1
0,1,3,1,2.50000000000000000e-1
0,2,3,1,2.50000000000000000e-1
0,3,3,1,2.50000000000000000e-1
0,4,3,1,2.50000000000000000e-1
0,5,3,1,2.50000000000000000e-1
0,6,3,1,2.50000000000000000e-1
0,7,3,1,2.50000000000000000e-1
0,8,3,1,2.50000000000000000e-1
0,9,3,1,2.50000000000000000e-1
0,10,3,1,2.50000000000000000e-1
0,11,3,1,2.50000000000000000e-1
0,12,3,1,2.50000000000000000e-1
0,13,3,1,2.50000000000000000e-1
0,14,3,1,2.50000000000000000e-1
0,15,3,1,2.50000000000000000e-1
0,16,3,1,2.50000000000000000e-1
0,17,3,1,2.50000000000000000e-1
0,18,3,1,2.50000000000000000e-1
0,19,3,1,2.50000000000000000e-1
0,20,3,1,2.50000000000000000e-1
0,21,3,1,2.50000000000000000e-1
0,22,3,1,2.50000000000000000e-1
0,23,3,1,2.50000000000000000e-1
0,24,3,1,2.50000000000000000e-1
0,25,3,1,2.50000000000000000e-1
0,26,3,1,2.50000000000000000e-1
0,27,3,1,2.50000000000000000e-1
0,28,3,1,2.50000000000000000e-1
0,29,3,1,2.50000000000000000e-1
0,30,3,1,2.50000000000000000e-1
0,31,3,1,2.50000000000000000e-1
0,32,3,1,2.50000000000000000e-1
0,33,3,1,2.50000000000000000e-1
0,34,3,1,2.50000000000000000e-1
0,35,3,1,2.50000000000000000e-1
0,36,3,1,2.50000000000000000e-1
0,37,3,1,2.50000000000000000e-1
0,38,3,1,2.50000000000000000e-1
0,39,3,1,2.50000000000000000e-1
0,40,3,1,2.50000000000000000e-1
0,41,3,1,2.50000000000000000e-1
0,42,3,1,2.50000000000000000e-1
0,43,3,1,2.50000000000000000e-1
0,44,3,1,2.50000000000000000e-1
0,45,3,1,2.50000000000000000e-1
0,46,3,1,2.50000000000000000e-1
0,47,3,1,2.50000000000000000e-1
0,48,3,1,2.50000000000000000e-1
0,49,3,1,2.50000000000000000e-1
0,50,3,1,2.50000000000000000e-1
0,51,3,1,2.50000000000000000e-1
0,52,3,1,2.50000000000000000e-1
0,53,3,1,2.50000000000000000e-1
0,54,3,1,2.50000000000000000e-1
0,55,3,1,2.50000000000000000e-1
0,56,3,1,2.50000000000000000e-1
0,57,3,1,2.50000000000000000e-1
0,58,3,1,2.50000000000000000e-1
0,59,3,1,2.50000000000000000e-1
0,60,3,1,2.50000000000000000e-1
0,61,3,1,2.50000000000000000e-1
0,62,3,1,2.50000000000000000e-1
0,63,3,1,2.50000000000000000e-1
0,64,3,1,2.50000000000000000e-1
0,0,4,1,2.50000000000000000e-1
0,1,4,1,2.50000000000000000e-1
0,2,4,1,2.50000000000000000e-1
0,3,4,1,2.50000000000000000e-1
0,4,4,1,2.50000000000000000e-1
0,5,4,1,2.50000000000000000e-1
0,6,4,1,2.50000000000000000e-1
0,7,4,1,2.50000000000000000e-1
0,8,4,1,2.50000000000000000e-1
0,9,4,1,2.50000000000000000e-1
0,10,4,1,2.50000000000000000e-1
0,11,4,1,2.50000000000000000e-1
0,12,4,1,2.50000000000000000e-1
0,13,4,1,2.50000000000000000e-1
0,14,4,1,2.50000000000000000e-1
0,15,4,1,2.50000000000000000e-1
0,16,4,1,2.50000000000000000e-1
0,17,4,1,2.50000000000000000e-1
0,18,4,1,2.50000000000000000e-1
0,19,4,1,2.50000000000000000e-1
0,20,4,1,2.50000000000000000e-1
0,21,4,1,2.50000000000000000e-1
0,22,4,1,2.50000000000000000e-1
0,23,4,1,2.50000000000000000e-1
0,24,4,1,2.50000000000000000e-1
0,25,4,1,2.50000000000000000e-1
0,26,4,1,2.50000000000000000e-1
0,27,4,1,2.50000000000000000e-1
0,28,4,1,2.50000000000000000e-1
0,29,4,1,2.50000000000000000e-1
0,30,4,1,2.50000000000000000e-1
0,31,4,1,2.50000000000000000e-1
0,32,4,1,2.50000000000000000e-1
0,33,4,1,2.50000000000000000e-1
0,34,4,1,2.50000000000000000e-1
0,35,4,1,2.50000000000000000e-1
0,36,4,1,2.50000000000000000e-1
0,37,4,1,2.50000000000000000e-1
0,38,4,1,2.50000000000000000e-1
0,39,4,1,2.50000000000000000e-1
0,40,4,1,2.50000000000000000e-1
0,41,4,1,2.50000000000000000e-1
0,42,4,1,2.50000000000000000e-1
0,43,4,1,2.50000000000000000e-1
0,44,4,1,2.50000000000000000e-1
0,45,4,1,2.50000000000000000e-1
0,46,4,1,2.50000000000000000e-1
0,47,4,1,2.50000000000000000e-1
0,48,4,1,2.50000000000000000e-1
0,49,4,1,2.50000000000000000e-1
0,50,4,1,2.50000000000000000e-1
0,51,4,1,2.50000000000000000e-1
0,52,4,1,2.50000000000000000e-1
0,53,4,1,2.50000000000000000e-1
0,54,4,1,2.50000000000000000e-1
0,55,4,1,2.50000000000000000e-1
0,56,4,1,2.50000000000000000e-1
0,57,4,1,2.50000000000000000e-1
0,58,4,1,2.50000000000000000e-1
0,59,4,1,2.50000000000000000e-1
0,60,4,1,2.50000000000000000e-1
0,61,4,1,2.50000000000000000e-1
0,62,4,1,2.50000000000000000e-1
0,63,4,1,2.50000000000000000e-1
0,64,4,1,2.50000000000000000e-1
0,0,5,1,2.50000000000000000e-1
0,1,5,1,2.50000000000000000e-1
0,2,5,1,2.50000000000000000e-1
0,3,5,1,2.50000000000000000e-1
0,4,5,1,2.50000000000000000e-1
0,5,5,1,2.50000000000000000e-1
0,6,5,1,2.50000000000000000e-1
0,7,5,1,2.50000000000000000e-1
0,8,5,1,2.50000000000000000e-1
0,9,5,1,2.50000000000000000e-1
0,10,5,1,2.50000000000000000e-1
0,11,5,1,2.50000000000000000e-1
0,12,5,1,2.50000000000000000e-1
0,13,5,1,2.50000000000000000e-1
0,14,5,1,2.50000000000000000e-1
0,15,5,1,2.50000000000000000e-1
0,16,5,1,2.50000000000000000e-1
0,17,5,1,2.50000000000000000e-1
0,18,5,1,2.50000000000000000e-1
0,19,5,1,2.50000000000000000e-1
0,20,5,1,2.50000000000000000e-1
0,21,5,1,2.50000000000000000e-1
0,22,5,1,2.50000000000000000e-1
0,23,5,1,2.50000000000000000e-1
0,24,5,1,2.50000000000000000e-1
0,25,5,1,2.50000000000000000e-1
0,26,5,1,2.50000000000000000e-1
0,27,5,1,2.50000000000000000e-1
0,28,5,1,2.50000000000000000e-1
0,29,5,1,2.50000000000000000e-1
0,30,5,1,2.50000000000000000e-1
0,31,5,1,2.50000000000000000e-1
0,32,5,1,2.50000000000000000e-1
0,33,5,1,2.50000000000000000e-1
0,34,5,1,2.50000000000000000e-1
0,35,5,1,2.50000000000000000e-1
0,36,5,1,2.50000000000000000e-1
0,37,5,1,2.50000000000000000e-1
0,38,5,1,2.50000000000000000e-1
0,39,5,1,2.50000000000000000e-1
0,40,5,1,2.50000000000000000e-1
0,41,5,1,2.50000000000000000e-1
0,42,5,1,2.50000000000000000e-1
0,43,5,1,2.50000000000000000e-1
0,44,5,1,2.50000000000000000e-1
0,45,5,1,2.50000000000000000e-1
0,46,5,1,2.50000000000000000e-1
0,47,5,1,2.50000000000000000e-1
0,48,5,1,2.50000000000000000e-1
0,49,5,1,2.50000000000000000e-1
0,50,5,1,2.50000000000000000e-1
0,51,5,1,2.50000000000000000e-1
0,52,5,1,2.50000000000000000e-1
0,53,5,1,2.50000000000000000e-1
0,54,5,1,2.50000000000000000e-1
0,55,5,1,2.50000000000000000e-1
0,56,5,1,2.50000000000000000e-1
0,57,5,1,2.50000000000000000e-1
0,58,5,1,2.50000000000000000e-1
0,59,5,1,2.50000000000000000e-1
0,60,5,1,2.50000000000000000e-1
0,61,5,1,2.50000000000000000e-1
0,62,5,1,2.50000000000000000e-1
0,63,5,1,2.50000000000000000e-1
0,64,5,1,2.50000000000000000e-1
0,0,6,1,2.50000000000000000e-1
0,1,6,1,2.50000000000000000e-1
0,2,6,1,2.50000000000000000e-1
0,3,6,1,2.50000000000000000e-1
0,4,6,1,2.50000000000000000e-1
0,5,6,1,2.50000000000000000e-1
0,6,6,1,2.50000000000000000e-1
0,7,6,1,2.50000000000000000e-1
0,8,6,1,2.50000000000000000e-1
0,9,6,1,2.50000000000000000e-1
0,10,6,1,2.50000000000000000e-1
0,11,6,1,2.50000000000000000e-1
0,12,6,1,2.50000000000000000e-1
0,13,6,1,2.50000000000000000e-1
0,14,6,1,2.50000000000000000e-1
0,15,6,1,2.50000000000000000e-1
0,16,6,1,2.50000000000000000e-1
0,17,6,1,2.50000000000000000e-1
0,18,6,1,2.50000000000000000e-1
0,19,6,1,2.50000000000000000e-1
0,20,6,1,2.50000000000000000e-1
0,21,6,1,2.50000000000000000e-1
0,22,6,1,2.50000000000000000e-1
0,23,6,1,2.50000000000000000e-1
0,24,6,1,2.50000000000000000e-1
0,25,6,1,2.50000000000000000e-1
0,26,6,1,2.50000000000000000e-1
0,27,6,1,2.50000000000000000e-1
0,28,6,1,2.50000000000000000e-1
0,29,6,1,2.50000000000000000e-1
0,30,6,1,2.50000000000000000e-1
0,31,6,1,2.50000000000000000e-1
0,32,6,1,2.50000000000000000e-1
0,33,6,1,2.50000000000000000e-1
0,34,6,1,2.50000000000000000e-1
0,35,6,1,2.50000000000000000e-1
0,36,6,1,2.50000000000000000e-1
0,37,6,1,2.50000000000000000e-1
0,38,6,1,2.50000000000000000e-1
0,39,6,1,2.50000000000000000e-1
0,40,6,1,2.50000000000000000e-1
0,41,6,1,2.50000000000000000e-1
0,42,6,1,2.50000000000000000e-1
0,43,6,1,2.50000000000000000e-1
0,44,6,1,2.50000000000000000e-1
0,45,6,1,2.50000000000000000e-1
0,46,6,1,2.50000000000000000e-1
0,47,6,1,2.50000000000000000e-1
0,48,6,1,2.50000000000000000e-1
0,49,6,1,2.50000000000000000e-1
0,50,6,1,2.50000000000000000e-1
0,51,6,1,2.50000000000000000e-1
0,52,6,1,2.50000000000000000e-1
0,53,6,1,2.50000000000000000e-1
0,54,6,1,2.50000000000000000e-1
0,55,6,1,2.50000000000000000e-1
0,56,6,1,2.50000000000000000e-1
0,57,6,1,2.50000000000000000e-1
0,58,6,1,2.50000000000000000e-1
0,59,6,1,2.50000000000000000e-1
0,60,6,1,2.50000000000000000e-1
0,61,6,1,2.50000000000000000e-1
0,62,6,1,2.50000000000000000e-1
0,63,6,1,2.50000000000000000e-1
0,64,6,1,2.50000000000000000e-1
0,0,7,1,2.50000000000000000e-1
0,1,7,1,2.50000000000000000e-1
0,2,7,1,2.50000000000000000e-1
0,3,7,1,2.50000000000000000e-1
0,4,7,1,2.50000000000000000e-1
0,5,7,1,2.50000000000000000e-1
0,6,7,1,2.50000000000000000e-1
0,7,7,1,2.50000000000000000e-1
0,8,7,1,2.50000000000000000e-1
0,9,7,1,2.50000000000000000e-1
0,10,7,1,2.50000000000000000e-1
0,11,7,1,2.50000000000000000e-1
0,12,7,1,2.50000000000000000e-1
0,13,7,1,2.50000000000000000e-1
0,14,7,1,2.50000000000000000e-1
0,15,7,1,2.50000000000000000e-1
0,16,7,1,2.50000000000000000e-1
0,17,7,1,2.50000000000000000e-1
0,18,7,1,2.50000000000000000e-1
0,19,7,1,2.50000000000000000e-1
0,20,7,1,2.50000000000000000e-1
0,21,7,1,2.50000000000000000e-1
0,22,7,1,2.50000000000000000e-1
0,23,7,1,2.50000000000000000e-1
0,24,7,1,2.50000000000000000e-1
0,25,7,1,2.50000000000000000e-1
0,26,7,1,2.50000000000000000e-1
0,27,7,1,2.50000000000000000e-1
0,28,7,1,2.50000000000000000e-1
0,29,7,1,2.50000000000000000e-1
0,30,7,1,2.50000000000000000e-1
0,31,7,1,2.50000000000000000e-1
0,32,7,1,2.50000000000000000e-1
0,33,7,1,2.50000000000000000e-1
0,34,7,1,2.50000000000000000e-1
0,35,7,1,2.50000000000000000e-1
0,36,7,1,2.50000000000000000e-1
0,37,7,1,2.50000000000000000e-1
0,38,7,1,2.50000000000000000e-1
0,39,7,1,2.50000000000000000e-1
0,40,7,1,2.50000000000000000e-1
0,41,7,1,2.50000000000000000e-1
0,42,7,1,2.50000000000000000e-1
0,43,7,1,2.50000000000000000e-1
0,44,7,1,2.50000000000000000e-1
0,45,7,1,2.50000000000000000e-1
0,46,7,1,2.50000000000000000e-1
0,47,7,1,2.50000000000000000e-1
0,48,7,1,2.50000000000000000e-1
0,49,7,1,2.50000000000000000e-1
0,50,7,1,2.50000000000000000e-1
0,51,7,1,2.50000000000000000e-1
0,52,7,1,2.50000000000000000e-1
0,53,7,1,2.50000000000000000e-1
0,54,7,1,2.50000000000000000e-1
0,55,7,1,2.50000000000000000e-1
0,56,7,1,2.50000000000000000e-1
0,57,7,1,2.50000000000000000e-1
0,58,7,1,2.50000000000000000e-1
0,59,7,1,2.50000000000000000e-1
0,60,7,1,2.50000000000000000e-1
0,61,7,1,2.50000000000000000e-1
0,62,7,1,2.50000000000000000e-1
0,63,7,1,2.50000000000000000e-1
0,64,7,1,2.50000000000000000e-1
0,0,0,2,2.50000000000000000e-1
0,1,0,2,2.50000000000000000e-1
0,2,0,2,2.50000000000000000e-1
0,3,0,2,2.50000000000000000e-1
0,4,0,2,2.50000000000000000e-1
0,5,0,2,2.50000000000000000e-1
0,6,0,2,2.50000000000000000e-1
0,7,0,2,2.50000000000000000e-1
0,8,0,2,2.50000000000000000e-1
0,9,0,2,2.50000000000000000e-1
0,10,0,2,2.50000000000000000e-1
0,11,0,2,2.50000000000000000e-1
0,12,0,2,2.50000000000000000e-1
0,13,0,2,2.50000000000000000e-1
0,14,0,2,2.50000000000000000e-1
0,15,0,2,2.50000000000000000e-1
0,16,0,2,2.50000000000000000e-1
0,17,0,2,2.50000000000000000e-1
0,18,0,2,2.50000000000000000e-1
0,19,0,2,2.50000000000000000e-1
0,20,0,2,2.50000000000000000e-1
0,21,0,2,2.50000000000000000e-1
0,22,0,2,2.50000000000000000e-1
0,23,0,2,2.50000000000000000e-1
0,24,0,2,2.50000000000000000e-1
0,25,0,2,2.50000000000000000e-1
0,26,0,2,2.50000000000000000e-1
0,27,0,2,2.50000000000000000e-1
0,28,0,2,2.50000000000000000e-1
0,29,0,2,2.50000000000000000e-1
0,30,0,2,2.50000000000000000e-1
0,31,0,2,2.50000000000000000e-1
0,32,0,2,2.50000000000000000e-1
0,33,0,2,2.50000000000000000e-1
0,34,0,2,2.50000000000000000e-1
0,35,0,2,2.50000000000000000e-1
0,36,0,2,2.50000000000000000e-1
0,37,0,2,2.50000000000000000e-1
0,38,0,2,2.50000000000000000e-1
0,39,0,2,2.50000000000000000e-1
0,40,0,2,2.50000000000000000e-1
0,41,0,2,2.50000000000000000e-1
0,42,0,2,2.50000000000000000e-1
0,43,0,2,2.50000000000000000e-1
0,44,0,2,2.50000000000000000e-1
0,45,0,2,2.50000000000000000e-1
0,46,0,2,2.50000000000000000e-1
0,47,0,2,2.50000000000000000e-1
0,48,0,2,2.50000000000000000e-1
0,49,0,2,2.50000000000000000e-1
0,50,0,2,2.50000000000000000e-1
0,51,0,2,2.50000000000000000e-1
0,52,0,2,2.50000000000000000e-1
0,53,0,2,2.50000000000000000e-1
0,54,0,2,2.50000000000000000e-1
0,55,0,2,2.50000000000000000e-1
0,56,0,2,2.50000000000000000e-1
0,57,0,2,2.50000000000000000e-1
0,58,0,2,2.50000000000000000e-1
0,59,0,2,2.50000000000000000e-1
0,60,0,2,2.50000000000000000e-1
0,61,0,2,2.50000000000000000e-1
0,62,0,2,2.50000000000000000e-1
0,63,0,2,2.50000000000000000e-1
0,64,0,2,2.50000000000000000e-1
0,0,1,2,2.50000000000000000e-1
0,1,1,2,2.50000000000000000e-1
0,2,1,2,2.50000000000000000e-1
0,3,1,2,2.50000000000000000e-1
0,4,1,2,2.50000000000000000e-1
0,5,1,2,2.50000000000000000e-1
0,6,1,2,2.50000000000000000e-1
0,7,1,2,2.50000000000000000e-1
0,8,1,2,2.50000000000000000e-1
0,9,1,2,2.50000000000000000e-1
0,10,1,2,2.50000000000000000e-1
0,11,1,2,2.50000000000000000e-1
0,12,1,2,2.50000000000000000e-1
0,13,1,2,2.50000000000000000e-1
0,14,1,2,2.50000000000000000e-1
0,15,1,2,2.50000000000000000e-1
0,16,1,2,2.50000000000000000e-1
0,17,1,2,2.50000000000000000e-1
0,18,1,2,2.50000000000000000e-1
0,19,1,2,2.50000000000000000e-1
0,20,1,2,2.50000000000000000e-1
0,21,1,2,2.50000000000000000e-1
0,22,1,2,2.50000000000000000e-1
0,23,1,2,2.50000000000000000e-1
0,24,1,2,2.50000000000000000e-1
0,25,1,2,2.50000000000000000e-1
0,26,1,2,2.50000000000000000e-1
0,27,1,2,2.50000000000000000e-1
0,28,1,2,2.50000000000000000e-1
0,29,1,2,2.50000000000000000e-1
0,30,1,2,2.50000000000000000e-1
0,31,1,2,2.50000000000000000e-1
0,32,1,2,2.50000000000000000e-1
0,33,1,2,2.50000000000000000e-1
0,34,1,2,2.50000000000000000e-1
0,35,1,2,2.50000000000000000e-1
0,36,1,2,2.50000000000000000e-1
0,37,1,2,2.50000000000000000e-1
0,38,1,2,2.50000000000000000e-1
0,39,1,2,2.50000000000000000e-1
0,40,1,2,2.50000000000000000e-1
0,41,1,2,2.50000000000000000e-1
0,42,1,2,2.50000000000000000e-1
0,43,1,2,2.50000000000000000e-1
0,44,1,2,2.50000000000000000e-1
0,45,1,2,2.50000000000000000e-1
0,46,1,2,2.50000000000000000e-1
0,47,1,2,2.50000000000000000e-1
0,48,1,2,2.50000000000000000e-1
0,49,1,2,2.50000000000000000e-1
0,50,1,2,2.50000000000000000e-1
0,51,1,2,2.50000000000000000e-1
0,52,1,2,2.50000000000000000e-1
0,53,1,2,2.50000000000000000e-1
0,54,1,2,2.50000000000000000e-1
0,55,1,2,2.50000000000000000e-1
0,56,1,2,2.50000000000000000e-1
0,57,1,2,2.50000000000000000e-1
0,58,1,2,2.50000000000000000e-1
0,59,1,2,2.50000000000000000e-1
0,60,1,2,2.50000000000000000e-1
0,61,1,2,2.50000000000000000e-1
0,62,1,2,2.50000000000000000e-1
0,63,1,2,2.50000000000000000e-1
0,64,1,2,2.50000000000000000e-1
0,0,2,2,2.50000000000000000e-1
0,1,2,2,2.50000000000000000e-1
0,2,2,2,2.50000000000000000e-1
0,3,2,2,2.50000000000000000e-1
0,4,2,2,2.50000000000000000e-1
0,5,2,2,2.50000000000000000e-1
0,6,2,2,2.50000000000000000e-1
0,7,2,2,2.50000000000000000e-1
0,8,2,2,2.50000000000000000e-1
0,9,2,2,2.50000000000000000e-1
0,10,2,2,2.50000000000000000e-1
0,11,2,2,2.50000000000000000e-1
0,12,2,2,2.50000000000000000e-1
0,13,2,2,2.50000000000000000e-1
0,14,2,2,2.50000000000000000e-1
0,15,2,2,2.50000000000000000e-1
0,16,2,2,2.50000000000000000e-1
0,17,2,2,2.50000000000000000e-1
0,18,2,2,2.50000000000000000e-1
0,19,2,2,2.50000000000000000e-1
0,20,2,2,2.50000000000000000e-1
0,21,2,2,2.50000000000000000e-1
0,22,2,2,2.50000000000000000e-1
0,23,2,2,2.50000000000000000e-1
0,24,2,2,2.50000000000000000e-1
0,25,2,2,2.50000000000000000e-1
0,26,2,2,2.50000000000000000e-1
0,27,2,2,2.50000000000000000e-1
0,28,2,2,2.50000000000000000e-1
0,29,2,2,2.50000000000000000e-1
0,30,2,2,2.50000000000000000e-1
0,31,2,2,2.50000000000000000e-1
0,32,2,2,2.50000000000000000e-1
0,33,2,2,2.50000000000000000e-1
0,34,2,2,2.50000000000000000e-1
0,35,2,2,2.50000000000000000e-1
0,36,2,2,2.50000000000000000e-1
0,37,2,2,2.50000000000000000e-1
0,38,2,2,2.50000000000000000e-1
0,39,2,2,2.50000000000000000e-1
0,40,2,2,2.50000000000000000e-1
0,41,2,2,2.50000000000000000e-1
0,42,2,2,2.50000000000000000e-1
0,43,2,2,2.50000000000000000e-1
0,44,2,2,2.50000000000000000e-1
0,45,2,2,2.50000000000000000e-1
0,46,2,2,2.50000000000000000e-1
0,47,2,2,2.50000000000000000e-1
0,48,2,2,2.50000000000000000e-1
0,49,2,2,2.50000000000000000e-1
0,50,2,2,2.50000000000000000e-1
0,51,2,2,2.50000000000000000e-1
0,52,2,2,2.50000000000000000e-1
0,53,2,2,2.50000000000000000e-1
0,54,2,2,2.50000000000000000e-1
0,55,2,2,2.50000000000000000e-1
0,56,2,2,2.50000000000000000e-1
0,57,2,2,2.50000000000000000e-1
0,58,2,2,2.50000000000000000e-1
0,59,2,2,2.50000000000000000e-1
0,60,2,2,2.50000000000000000e-1
0,61,2,2,2.50000000000000000e-1
0,62,2,2,2.50000000000000000e-1
0,63,2,2,2.50000000000000000e-1
0,64,2,2,2.50000000000000000e-1
0,0,3,2,2.50000000000000000e-1
0,1,3,2,2.50000000000000000e-1
0,2,3,2,2.50000000000000000e-1
0,3,3,2,2.50000000000000000e-1
0,4,3,2,2.50000000000000000e-1
0,5,3,2,2.50000000000000000e-1
0,6,3,2,2.50000000000000000e-1
0,7,3,2,2.50000000000000000e-1
0,8,3,2,2.50000000000000000e-1
0,9,3,2,2.50000000000000000e-1
0,10,3,2,2.50000000000000000e-1
0,11,3,2,2.50000000000000000e-1
0,12,3,2,2.50000000000000000e-1
0,13,3,2,2.50000000000000000e-1
0,14,3,2,2.50000000000000000e-1
0,15,3,2,2.50000000000000000e-1
0,16,3,2,2.50000000000000000e-1
0,17,3,2,2.50000000000000000e-1
0,18,3,2,2.50000000000000000e-1
0,19,3,2,2.50000000000000000e-1
0,20,3,2,2.50000000000000000e-1
0,21,3,2,2.50000000000000000e-1
0,22,3,2,2.50000000000000000e-1
0,23,3,2,2.50000000000000000e-1
0,24,3,2,2.50000000000000000e-1
0,25,3,2,2.50000000000000000e-1
0,26,3,2,2.50000000000000000e-1
0,27,3,2,2.50000000000000000e-1
0,28,3,2,2.50000000000000000e-1
0,29,3,2,2.50000000000000000e-1
0,30,3,2,2.50000000000000000e-1
0,31,3,2,2.50000000000000000e-1
0,32,3,2,2.50000000000000000e-1
0,33,3,2,2.50000000000000000e-1
0,34,3,2,2.50000000000000000e-1
0,35,3,2,2.50000000000000000e-1
0,36,3,2,2.50000000000000000e-1
0,37,3,2,2.50000000000000000e-1
0,38,3,2,2.50000000000000000e-1
0,39,3,2,2.50000000000000000e-1
0,40,3,2,2.50000000000000000e-1
0,41,3,2,2.50000000000000000e-1
0,42,3,2,2.50000000000000000e-1
0,43,3,2,2.50000000000000000e-1
0,44,3,2,2.50000000000000000e-1
0,45,3,2,2.50000000000000000e-1
0,46,3,2,2.50000000000000000e-1
0,47,3,2,2.50000000000000000e-1
0,48,3,2,2.50000000000000000e-1
0,49,3,2,2.50000000000000000e-1
0,50,3,2,2.50000000000000000e-1
0,51,3,2,2.50000000000000000e-1
0,52,3,2,2.50000000000000000e-1
0,53,3,2,2.50000000000000000e-1
0,54,3,2,2.50000000000000000e-1
0,55,3,2,2.50000000000000000e-1
0,56,3,2,2.50000000000000000e-1
0,57,3,2,2.50000000000000000e-1
0,58,3,2,2.50000000000000000e-1
0,59,3,2,2.50000000000000000e-1
0,60,3,2,2.50000000000000000e-1
0,61,3,2,2.50000000000000000e-1
0,62,3,2,2.50000000000000000e-1
0,63,3,2,2.50000000000000000e-1
0,64,3,2,2.50000000000000000e-1
0,0,4,2,2.50000000000000000e-1
0,1,4,2,2.50000000000000000e-1
0,2,4,2,2.50000000000000000e-1
0,3,4,2,2.50000000000000000e-1
0,4,4,2,2.50000000000000000e-1
0,5,4,2,2.50000000000000000e-1
0,6,4,2,2.50000000000000000e-1
0,7,4,2,2.50000000000000000e-1
0,8,4,2,2.50000000000000000e-1
0,9,4,2,2.50000000000000000e-1
0,10,4,2,2.50000000000000000e-1
0,11,4,2,2.50000000000000000e-1
0,12,4,2,2.50000000000000000e-1
0,13,4,2,2.50000000000000000e-1
0,14,4,2,2.50000000000000000e-1
0,15,4,2,2.50000000000000000e-1
0,16,4,2,2.50000000000000000e-1
0,17,4,2,2.50000000000000000e-1
0,18,4,2,2.50000000000000000e-1
0,19,4,2,2.50000000000000000e-1
0,20,4,2,2.50000000000000000e-1
0,21,4,2,2.50000000000000000e-1
0,22,4,2,2.50000000000000000e-1
0,23,4,2,2.50000000000000000e-1
0,24,4,2,2.50000000000000000e-1
0,25,4,2,2.50000000000000000e-1
0,26,4,2,2.50000000000000000e-1
0,27,4,2,2.50000000000000000e-1
0,28,4,2,2.50000000000000000e-1
0,29,4,2,2.50000000000000000e-1
0,30,4,2,2.50000000000000000e-1
0,31,4,2,2.50000000000000000e-1
0,32,4,2,2.50000000000000000e-1
0,33,4,2,2.50000000000000000e-1
0,34,4,2,2.50000000000000000e-1
0,35,4,2,2.50000000000000000e-1
0,36,4,2,2.50000000000000000e-1
0,37,4,2,2.50000000000000000e-1
0,38,4,2,2.50000000000000000e-1
0,39,4,2,2.50000000000000000e-1
0,40,4,2,2.50000000000000000e-1
0,41,4,2,2.50000000000000000e-1
0,42,4,2,2.50000000000000000e-1
0,43,4,2,2.50000000000000000e-1
0,44,4,2,2.50000000000000000e-1
0,45,4,2,2.50000000000000000e-1
0,46,4,2,2.50000000000000000e-1
0,47,4,2,2.50000000000000000e-1
0,48,4,2,2.50000000000000000e-1
0,49,4,2,2.50000000000000000e-1
0,50,4,2,2.50000000000000000e-1
0,51,4,2,2.50000000000000000e-1
0,52,4,2,2.50000000000000000e-1
0,53,4,2,2.50000000000000000e-1
0,54,4,2,2.50000000000000000e-1
0,55,4,2,2.50000000000000000e-1
0,56,4,2,2.50000000000000000e-1
0,57,4,2,2.50000000000000000e-1
0,58,4,2,2.50000000000000000e-1
0,59,4,2,2.50000000000000000e-1
0,60,4,2,2.50000000000000000e-1
0,61,4,2,2.50000000000000000e-1
0,62,4,2,2.50000000000000000e-1
0,63,4,2,2.50000000000000000e-1
0,64,4,2,2.50000000000000000e-1
0,0,5,2,2.50000000000000000e-1
0,1,5,2,2.50000000000000000e-1
0,2,5,2,2.50000000000000000e-1
0,3,5,2,2.50000000000000000e-1
0,4,5,2,2.50000000000000000e-1
0,5,5,2,2.50000000000000000e-1
0,6,5,2,2.50000000000000000e-1
0,7,5,2,2.50000000000000000e-1
0,8,5,2,2.50000000000000000e-1
0,9,5,2,2.50000000000000000e-1
0,10,5,2,2.50000000000000000e-1
0,11,5,2,2.50000000000000000e-1
0,12,5,2,2.50000000000000000e-1
0,13,5,2,2.50000000000000000e-1
0,14,5,2,2.50000000000000000e-1
0,15,5,2,2.50000000000000000e-1
0,16,5,2,2.50000000000000000e-1
0,17,5,2,2.50000000000000000e-1
0,18,5,2,2.50000000000000000e-1
0,19,5,2,2.50000000000000000e-1
0,20,5,2,2.50000000000000000e-1
0,21,5,2,2.50000000000000000e-1
0,22,5,2,2.50000000000000000e-1
0,23,5,2,2.50000000000000000e-1
0,24,5,2,2.50000000000000000e-1
0,25,5,2,2.50000000000000000e-1
0,26,5,2,2.50000000000000000e-1
0,27,5,2,2.50000000000000000e-1
0,28,5,2,2.50000000000000000e-1
0,29,5,2,2.50000000000000000e-1
0,30,5,2,2.50000000000000000e-1
0,31,5,2,2.50000000000000000e-1
0,32,5,2,2.50000000000000000e-1
0,33,5,2,2.50000000000000000e-1
0,34,5,2,2.50000000000000000e-1
0,35,5,2,2.50000000000000000e-1
0,36,5,2,2.50000000000000000e-1
0,37,5,2,2.50000000000000000e-1
0,38,5,2,2.50000000000000000e-1
0,39,5,2,2.50000000000000000e-1
0,40,5,2,2.50000000000000000e-1
0,41,5,2,2.50000000000000000e-1
0,42,5,2,2.50000000000000000e-1
0,43,5,2,2.50000000000000000e-1
0,44,5,2,2.50000000000000000e-1
0,45,5,2,2.50000000000000000e-1
0,46,5,2,2.50000000000000000e-1
0,47,5,2,2.50000000000000000e-1
0,48,5,2,2.50000000000000000e-1
0,49,5,2,2.50000000000000000e-1
0,50,5,2,2.50000000000000000e-1
0,51,5,2,2.50000000000000000e-1
0,52,5,2,2.50000000000000000e-1
0,53,5,2,2.50000000000000000e-1
0,54,5,2,2.50000000000000000e-1
0,55,5,2,2.50000000000000000e-1
0,56,5,2,2.50000000000000000e-1
0,57,5,2,2.50000000000000000e-1
0,58,5,2,2.50000000000000000e-1
0,59,5,2,2.50000000000000000e-1
0,60,5,2,2.50000000000000000e-1
0,61,5,2,2.50000000000000000e-1
0,62,5,2,2.50000000000000000e-1
0,63,5,2,2.50000000000000000e-1
0,64,5,2,2.50000000000000000e-1
0,0,6,2,2.50000000000000000e-1
0,1,6,2,2.50000000000000000e-1
0,2,6,2,2.50000000000000000e-1
0,3,6,2,2.50000000000000000e-1
0,4,6,2,2.50000000000000000e-1
0,5,6,2,2.50000000000000000e-1
0,6,6,2,2.50000000000000000e-1
0,7,6,2,2.50000000000000000e-1
0,8,6,2,2.50000000000000000e-1
0,9,6,2,2.50000000000000000e-1
0,10,6,2,2.50000000000000000e-1
0,11,6,2,2.50000000000000000e-1
0,12,6,2,2.50000000000000000e-1
0,13,6,2,2.50000000000000000e-1
0,14,6,2,2.50000000000000000e-1
0,15,6,2,2.50000000000000000e-1
0,16,6,2,2.50000000000000000e-1
0,17,6,2,2.50000000000000000e-1
0,18,6,2,2.50000000000000000e-1
0,19,6,2,2.50000000000000000e-1
0,20,6,2,2.50000000000000000e-1
0,21,6,2,2.50000000000000000e-1
0,22,6,2,2.50000000000000000e-1
0,23,6,2,2.50000000000000000e-1
0,24,6,2,2.50000000000000000e-1
0,25,6,2,2.50000000000000000e-1
0,26,6,2,2.50000000000000000e-1
0,27,6,2,2.50000000000000000e-1
0,28,6,2,2.50000000000000000e-1
0,29,6,2,2.50000000000000000e-1
0,30,6,2,2.50000000000000000e-1
0,31,6,2,2.50000000000000000e-1
0,32,6,2,2.50000000000000000e-1
0,33,6,2,2.50000000000000000e-1
0,34,6,2,2.50000000000000000e-1
0,35,6,2,2.50000000000000000e-1
0,36,6,2,2.50000000000000000e-1
0,37,6,2,2.50000000000000000e-1
0,38,6,2,2.50000000000000000e-1
0,39,6,2,2.50000000000000000e-1
0,40,6,2,2.50000000000000000e-1
0,41,6,2,2.50000000000000000e-1
0,42,6,2,2.50000000000000000e-1
0,43,6,2,2.50000000000000000e-1
0,44,6,2,2.50000000000000000e-1
0,45,6,2,2.50000000000000000e-1
0,46,6,2,2.50000000000000000e-1
0,47,6,2,2.50000000000000000e-1
0,48,6,2,2.50000000000000000e-1
0,49,6,2,2.50000000000000000e-1
0,50,6,2,2.50000000000000000e-1
0,51,6,2,2.50000000000000000e-1
0,52,6,2,2.50000000000000000e-1
0,53,6,2,2.50000000000000000e-1
0,54,6,2,2.50000000000000000e-1
0,55,6,2,2.50000000000000000e-1
0,56,6,2,2.50000000000000000e-1
0,57,6,2,2.50000000000000000e-1
0,58,6,2,2.50000000000000000e-1
0,59,6,2,2.50000000000000000e-1
0,60,6,2,2.50000000000000000e-1
0,61,6,2,2.50000000000000000e-1
0,62,6,2,2.50000000000000000e-1
0,63,6,2,2.50000000000000000e-1
0,64,6,2,2.50000000000000000e-1
0,0,7,2,2.50000000000000000e-1
0,1,7,2,2.50000000000000000e-1
0,2,7,2,2.50000000000000000e-1
0,3,7,2,2.50000000000000000e-1
0,4,7,2,2.50000000000000000e-1
0,5,7,2,2.50000000000000000e-1
0,6,7,2,2.50000000000000000e-1
0,7,7,2,2.50000000000000000e-1
0,8,7,2,2.50000000000000000e-1
0,9,7,2,2.50000000000000000e-1
0,10,7,2,2.50000000000000000e-1
0,11,7,2,2.50000000000000000e-1
0,12,7,2,2.50000000000000000e-1
0,13,7,2,2.50000000000000000e-1
0,14,7,2,2.50000000000000000e-1
0,15,7,2,2.50000000000000000e-1
0,16,7,2,2.50000000000000000e-1
0,17,7,2,2.50000000000000000e-1
0,18,7,2,2.50000000000000000e-1
0,19,7,2,2.50000000000000000e-1
0,20,7,2,2.50000000000000000e-1
0,21,7,2,2.50000000000000000e-1
0,22,7,2,2.50000000000000000e-1
0,23,7,2,2.50000000000000000e-1
0,24,7,2,2.50000000000000000e-1
0,25,7,2,2.50000000000000000e-1
0,26,7,2,2.50000000000000000e-1
0,27,7,2,2.50000000000000000e-1
0,28,7,2,2.50000000000000000e-1
0,29,7,2,2.50000000000000000e-1
0,30,7,2,2.50000000000000000e-1
0,31,7,2,2.50000000000000000e-1
0,32,7,2,2.50000000000000000e-1
0,33,7,2,2.50000000000000000e-1
0,34,7,2,2.50000000000000000e-1
0,35,7,2,2.50000000000000000e-1
0,36,7,2,2.50000000000000000e-1
0,37,7,2,2.50000000000000000e-1
0,38,7,2,2.50000000000000000e-1
0,39,7,2,2.50000000000000000e-1
0,40,7,2,2.50000000000000000e-1
0,41,7,2,2.50000000000000000e-1
0,42,7,2,2.50000000000000000e-1
0,43,7,2,2.50000000000000000e-1
0,44,7,2,2.50000000000000000e-1
0,45,7,2,2.50000000000000000e-1
0,46,7,2,2.50000000000000000e-1
0,47,7,2,2.50000000000000000e-1
0,48,7,2,2.50000000000000000e-1
0,49,7,2,2.50000000000000000e-1
0,50,7,2,2.50000000000000000e-1
0,51,7,2,2.50000000000000000e-1
0,52,7,2,2.50000000000000000e-1
0,53,7,2,2.50000000000000000e-1
0,54,7,2,2.50000000000000000e-1
0,55,7,2,2.50000000000000000e-1
0,56,7,2,2.50000000000000000e-1
0,57,7,2,2.50000000000000000e-1
0,58,7,2,2.50000000000000000e-1
0,59,7,2,2.50000000000000000e-1
0,60,7,2,2.50000000000000000e-1
0,61,7,2,2.50000000000000000e-1
0,62,7,2,2.50000000000000000e-1
0,63,7,2,2.50000000000000000e-1
0,64,7,2,2.50000000000000000e-1
0,0,0,3,2.50000000000000000e-1
0,1,0,3,2.50000000000000000e-1
0,2,0,3,2.50000000000000000e-1
0,3,0,3,2.50000000000000000e-1
0,4,0,3,2.50000000000000000e-1
0,5,0,3,2.50000000000000000e-1
0,6,0,3,2.50000000000000000e-1
0,7,0,3,2.50000000000000000e-1
0,8,0,3,2.50000000000000000e-1
0,9,0,3,2.50000000000000000e-1
0,10,0,3,2.50000000000000000e-1
0,11,0,3,2.50000000000000000e-1
0,12,0,3,2.50000000000000000e-1
0,13,0,3,2.50000000000000000e-1
0,14,0,3,2.50000000000000000e-1
0,15,0,3,2.50000000000000000e-1
0,16,0,3,2.50000000000000000e-1
0,17,0,3,2.50000000000000000e-1
0,18,0,3,2.50000000000000000e-1
0,19,0,3,2.50000000000000000e-1
0,20,0,3,2.50000000000000000e-1
0,21,0,3,2.50000000000000000e-1
0,22,0,3,2.50000000000000000e-1
0,23,0,3,2.50000000000000000e-1
0,24,0,3,2.50000000000000000e-1
0,25,0,3,2.50000000000000000e-1
0,26,0,3,2.50000000000000000e-1
0,27,0,3,2.50000000000000000e-1
0,28,0,3,2.50000000000000000e-1
0,29,0,3,2.50000000000000000e-1
0,30,0,3,2.50000000000000000e-1
0,31,0,3,2.50000000000000000e-1
0,32,0,3,2.50000000000000000e-1
0,33,0,3,2.50000000000000000e-1
0,34,0,3,2.50000000000000000e-1
0,35,0,3,2.50000000000000000e-1
0,36,0,3,2.50000000000000000e-1
0,37,0,3,2.50000000000000000e-1
0,38,0,3,2.50000000000000000e-1
0,39,0,3,2.50000000000000000e-1
0,40,0,3,2.50000000000000000e-1
0,41,0,3,2.50000000000000000e-1
0,42,0,3,2.50000000000000000e-1
0,43,0,3,2.50000000000000000e-1
0,44,0,3,2.50000000000000000e-1
0,45,0,3,2.50000000000000000e-1
0,46,0,3,2.50000000000000000e-1
0,47,0,3,2.50000000000000000e-1
0,48,0,3,2.50000000000000000e-1
0,49,0,3,2.50000000000000000e-1
0,50,0,3,2.50000000000000000e-1
0,51,0,3,2.50000000000000000e-1
0,52,0,3,2.50000000000000000e-1
0,53,0,3,2.50000000000000000e-1
0,54,0,3,2.50000000000000000e-1
0,55,0,3,2.50000000000000000e-1
0,56,0,3,2.50000000000000000e-1
0,57,0,3,2.50000000000000000e-1
0,58,0,3,2.50000000000000000e-1
0,59,0,3,2.50000000000000000e-1
0,60,0,3,2.50000000000000000e-1
0,61,0,3,2.50000000000000000e-1
0,62,0,3,2.50000000000000000e-1
0,63,0,3,2.50000000000000000e-1
0,64,0,3,2.50000000000000000e-1
0,0,1,3,2.50000000000000000e-1
0,1,1,3,2.50000000000000000e-1
0,2,1,3,2.50000000000000000e-1
0,3,1,3,2.50000000000000000e-1
0,4,1,3,2.50000000000000000e-1
0,5,1,3,2.50000000000000000e-1
0,6,1,3,2.50000000000000000e-1
0,7,1,3,2.50000000000000000e-1
0,8,1,3,2.50000000000000000e-1
0,9,1,3,2.50000000000000000e-1
0,10,1,3,2.50000000000000000e-1
0,11,1,3,2.50000000000000000e-1
0,12,1,3,2.50000000000000000e-1
0,13,1,3,2.50000000000000000e-1
0,14,1,3,2.50000000000000000e-1
0,15,1,3,2.50000000000000000e-1
0,16,1,3,2.50000000000000000e-1
0,17,1,3,2.50000000000000000e-1
0,18,1,3,2.50000000000000000e-1
0,19,1,3,2.50000000000000000e-1
0,20,1,3,2.50000000000000000e-1
0,21,1,3,2.50000000000000000e-1
0,22,1,3,2.50000000000000000e-1
0,23,1,3,2.50000000000000000e-1
0,24,1,3,2.50000000000000000e-1
0,25,1,3,2.50000000000000000e-1
0,26,1,3,2.50000000000000000e-1
0,27,1,3,2.50000000000000000e-1
0,28,1,3,2.50000000000000000e-1
0,29,1,3,2.50000000000000000e-1
0,30,1,3,2.50000000000000000e-1
0,31,1,3,2.50000000000000000e-1
0,32,1,3,2.50000000000000000e-1
0,33,1,3,2.50000000000000000e-1
0,34,1,3,2.50000000000000000e-1
0,35,1,3,2.50000000000000000e-1
0,36,1,3,2.50000000000000000e-1
0,37,1,3,2.50000000000000000e-1
0,38,1,3,2.50000000000000000e-1
0,39,1,3,2.50000000000000000e-1
0,40,1,3,2.50000000000000000e-1
0,41,1,3,2.50000000000000000e-1
0,42,1,3,2.50000000000000000e-1
0,43,1,3,2.50000000000000000e-1
0,44,1,3,2.50000000000000000e-1
0,45,1,3,2.50000000000000000e-1
0,46,1,3,2.50000000000000000e-1
0,47,1,3,2.50000000000000000e-1
0,48,1,3,2.50000000000000000e-1
0,49,1,3,2.50000000000000000e-1
0,50,1,3,2.50000000000000000e-1
0,51,1,3,2.50000000000000000e-1
0,52,1,3,2.50000000000000000e-1
0,53,1,3,2.50000000000000000e-1
0,54,1,3,2.50000000000000000e-1
0,55,1,3,2.50000000000000000e-1
0,56,1,3,2.50000000000000000e-1
0,57,1,3,2.50000000000000000e-1
0,58,1,3,2.50000000000000000e-1
0,59,1,3,2.50000000000000000e-1
0,60,1,3,2.50000000000000000e-1
0,61,1,3,2.50000000000000000e-1
0,62,1,3,2.50000000000000000e-1
0,63,1,3,2.50000000000000000e-1
0,64,1,3,2.50000000000000000e-1
0,0,2,3,2.50000000000000000e-1
0,1,2,3,2.50000000000000000e-1
0,2,2,3,2.50000000000000000e-1
0,3,2,3,2.50000000000000000e-1
0,4,2,3,2.50000000000000000e-1
0,5,2,3,2.50000000000000000e-1
0,6,2,3,2.50000000000000000e-1
0,7,2,3,2.50000000000000000e-1
0,8,2,3,2.50000000000000000e-1
0,9,2,3,2.50000000000000000e-1
0,10,2,3,2.50000000000000000e-1
0,11,2,3,2.50000000000000000e-1
0,12,2,3,2.50000000000000000e-1
0,13,2,3,2.50000000000000000e-1
0,14,2,3,2.50000000000000000e-1
0,15,2,3,2.50000000000000000e-1
0,16,2,3,2.50000000000000000e-1
0,17,2,3,2.50000000000000000e-1
0,18,2,3,2.50000000000000000e-1
0,19,2,3,2.50000000000000000e-1
0,20,2,3,2.50000000000000000e-1
0,21,2,3,2.50000000000000000e-1
0,22,2,3,2.50000000000000000e-1
0,23,2,3,2.50000000000000000e-1
0,24,2,3,2.50000000000000000e-1
0,25,2,3,2.50000000000000000e-1
0,26,2,3,2.50000000000000000e-1
0,27,2,3,2.50000000000000000e-1
0,28,2,3,2.50000000000000000e-1
0,29,2,3,2.50000000000000000e-1
0,30,2,3,2.50000000000000000e-1
0,31,2,3,2.50000000000000000e-1
0,32,2,3,2.50000000000000000e-1
0,33,2,3,2.50000000000000000e-1
0,34,2,3,2.50000000000000000e-1
0,35,2,3,2.50000000000000000e-1
0,36,2,3,2.50000000000000000e-1
0,37,2,3,2.50000000000000000e-1
0,38,2,3,2.50000000000000000e-1
0,39,2,3,2.50000000000000000e-1
0,40,2,3,2.50000000000000000e-1
0,41,2,3,2.50000000000000000e-1
0,42,2,3,2.50000000000000000e-1
0,43,2,3,2.50000000000000000e-1
0,44,2,3,2.50000000000000000e-1
0,45,2,3,2.50000000000000000e-1
0,46,2,3,2.50000000000000000e-1
0,47,2,3,2.50000000000000000e-1
0,48,2,3,2.50000000000000000e-1
0,49,2,3,2.50000000000000000e-1
0,50,2,3,2.50000000000000000e-1
0,51,2,3,2.50000000000000000e-1
0,52,2,3,2.50000000000000000e-1
0,53,2,3,2.50000000000000000e-1
0,54,2,3,2.50000000000000000e-1
0,55,2,3,2.50000000000000000e-1
0,56,2,3,2.50000000000000000e-1
0,57,2,3,2.50000000000000000e-1
0,58,2,3,2.50000000000000000e-1
0,59,2,3,2.50000000000000000e-1
0,60,2,3,2.50000000000000000e-1
0,61,2,3,2.50000000000000000e-1
0,62,2,3,2.50000000000000000e-1
0,63,2,3,2.50000000000000000e-1
0,64,2,3,2.50000000000000000e-1
0,0,3,3,2.50000000000000000e-1
0,1,3,3,2.50000000000000000e-1
0,2,3,3,2.50000000000000000e-1
0,3,3,3,2.50000000000000000e-1
0,4,3,3,2.50000000000000000e-1
0,5,3,3,2.50000000000000000e-1
0,6,3,3,2.50000000000000000e-1
0,7,3,3,2.50000000000000000e-1
0,8,3,3,2.50000000000000000e-1
0,9,3,3,2.50000000000000000e-1
0,10,3,3,2.50000000000000000e-1
0,11,3,3,2.50000000000000000e-1
0,12,3,3,2.50000000000000000e-1
0,13,3,3,2.50000000000000000e-1
0,14,3,3,2.50000000000000000e-1
0,15,3,3,2.50000000000000000e-1
0,16,3,3,2.50000000000000000e-1
0,17,3,3,2.50000000000000000e-1
0,18,3,3,2.50000000000000000e-1
0,19,3,3,2.50000000000000000e-1
0,20,3,3,2.50000000000000000e-1
0,21,3,3,2.50000000000000000e-1
0,22,3,3,2.50000000000000000e-1
0,23,3,3,2.50000000000000000e-1
0,24,3,3,2.50000000000000000e-1
0,25,3,3,2.50000000000000000e-1
0,26,3,3,2.50000000000000000e-1
0,27,3,3,2.50000000000000000e-1
0,28,3,3,2.50000000000000000e-1
0,29,3,3,2.50000000000000000e-1
0,30,3,3,2.50000000000000000e-1
0,31,3,3,2.50000000000000000e-1
0,32,3,3,2.50000000000000000e-1
0,33,3,3,2.50000000000000000e-1
0,34,3,3,2.50000000000000000e-1
0,35,3,3,2.50000000000000000e-1
0,36,3,3,2.50000000000000000e-1
0,37,3,3,2.50000000000000000e-1
0,38,3,3,2.50000000000000000e-1
0,39,3,3,2.50000000000000000e-1
0,40,3,3,2.50000000000000000e-1
0,41,3,3,2.50000000000000000e-1
0,42,3,3,2.50000000000000000e-1
0,43,3,3,2.50000000000000000e-1
0,44,3,3,2.50000000000000000e-1
0,45,3,3,2.50000000000000000e-1
0,46,3,3,2.50000000000000000e-1
0,47,3,3,2.50000000000000000e-1
0,48,3,3,2.50000000000000000e-1
0,49,3,3,2.50000000000000000e-1
0,50,3,3,2.50000000000000000e-1
0,51,3,3,2.50000000000000000e-1
0,52,3,3,2.50000000000000000e-1
0,53,3,3,2.50000000000000000e-1
0,54,3,3,2.50000000000000000e-1
0,55,3,3,2.50000000000000000e-1
0,56,3,3,2.50000000000000000e-1
0,57,3,3,2.50000000000000000e-1
0,58,3,3,2.50000000000000000e-1
0,59,3,3,2.50000000000000000e-1
0,60,3,3,2.50000000000000000e-1
0,61,3,3,2.50000000000000000e-1
0,62,3,3,2.50000000000000000e-1
0,63,3,3,2.50000000000000000e-1
0,64,3,3,2.50000000000000000e-1
0,0,4,3,2.50000000000000000e-1
0,1,4,3,2.50000000000000000e-1
0,2,4,3,2.50000000000000000e-1
0,3,4,3,2.50000000000000000e-1
0,4,4,3,2.50000000000000000e-1
0,5,4,3,2.50000000000000000e-1
0,6,4,3,2.50000000000000000e-1
0,7,4,3,2.50000000000000000e-1
0,8,4,3,2.50000000000000000e-1
0,9,4,3,2.50000000000000000e-1
0,10,4,3,2.50000000000000000e-1
0,11,4,3,2.50000000000000000e-1
0,12,4,3,2.50000000000000000e-1
0,13,4,3,2.50000000000000000e-1
0,14,4,3,2.50000000000000000e-1
0,15,4,3,2.50000000000000000e-1
0,16,4,3,2.50000000000000000e-1
0,17,4,3,2.50000000000000000e-1
0,18,4,3,2.50000000000000000e-1
0,19,4,3,2.50000000000000000e-1
0,20,4,3,2.50000000000000000e-1
0,21,4,3,2.50000000000000000e-1
0,22,4,3,2.50000000000000000e-1
0,23,4,3,2.50000000000000000e-1
0,24,4,3,2.50000000000000000e-1
0,25,4,3,2.50000000000000000e-1
0,26,4,3,2.50000000000000000e-1
0,27,4,3,2.50000000000000000e-1
0,28,4,3,2.50000000000000000e-1
0,29,4,3,2.50000000000000000e-1
0,30,4,3,2.50000000000000000e-1
0,31,4,3,2.50000000000000000e-1
0,32,4,3,2.50000000000000000e-1
0,33,4,3,2.50000000000000000e-1
0,34,4,3,2.50000000000000000e-1
0,35,4,3,2.50000000000000000e-1
0,36,4,3,2.50000000000000000e-1
0,37,4,3,2.50000000000000000e-1
0,38,4,3,2.50000000000000000e-1
0,39,4,3,2.50000000000000000e-1
0,40,4,3,2.50000000000000000e-1
0,41,4,3,2.50000000000000000e-1
0,42,4,3,2.50000000000000000e-1
0,43,4,3,2.50000000000000000e-1
0,44,4,3,2.50000000000000000e-1
0,45,4,3,2.50000000000000000e-1
0,46,4,3,2.50000000000000000e-1
0,47,4,3,2.50000000000000000e-1
0,48,4,3,2.50000000000000000e-1
0,49,4,3,2.50000000000000000e-1
0,50,4,3,2.50000000000000000e-1
0,51,4,3,2.50000000000000000e-1
0,52,4,3,2.50000000000000000e-1
0,53,4,3,2.50000000000000000e-1
0,54,4,3,2.50000000000000000e-1
0,55,4,3,2.50000000000000000e-1
0,56,4,3,2.50000000000000000e-1
0,57,4,3,2.50000000000000000e-1
0,58,4,3,2.50000000000000000e-1
0,59,4,3,2.50000000000000000e-1
0,60,4,3,2.50000000000000000e-1
0,61,4,3,2.50000000000000000e-1
0,62,4,3,2.50000000000000000e-1
0,63,4,3,2.50000000000000000e-1
0,64,4,3,2.50000000000000000e-1
0,0,5,3,2.50000000000000000e-1
0,1,5,3,2.50000000000000000e-1
0,2,5,3,2.50000000000000000e-1
0,3,5,3,2.50000000000000000e-1
0,4,5,3,2.50000000000000000e-1
0,5,5,3,2.50000000000000000e-1
0,6,5,3,2.50000000000000000e-1
0,7,5,3,2.50000000000000000e-1
0,8,5,3,2.50000000000000000e-1
0,9,5,3,2.50000000000000000e-1
0,10,5,3,2.50000000000000000e-1
0,11,5,3,2.50000000000000000e-1
0,12,5,3,2.50000000000000000e-1
0,13,5,3,2.50000000000000000e-1
0,14,5,3,2.50000000000000000e-1
0,15,5,3,2.50000000000000000e-1
0,16,5,3,2.50000000000000000e-1
0,17,5,3,2.50000000000000000e-1
0,18,5,3,2.50000000000000000e-1
0,19,5,3,2.50000000000000000e-1
0,20,5,3,2.50000000000000000e-1
0,21,5,3,2.50000000000000000e-1
0,22,5,3,2.50000000000000000e-1
0,23,5,3,2.50000000000000000e-1
0,24,5,3,2.50000000000000000e-1
0,25,5,3,2.50000000000000000e-1
0,26,5,3,2.50000000000000000e-1
0,27,5,3,2.50000000000000000e-1
0,28,5,3,2.50000000000000000e-1
0,29,5,3,2.50000000000000000e-1
0,30,5,3,2.50000000000000000e-1
0,31,5,3,2.50000000000000000e-1
0,32,5,3,2.50000000000000000e-1
0,33,5,3,2.50000000000000000e-1
0,34,5,3,2.50000000000000000e-1
0,35,5,3,2.50000000000000000e-1
0,36,5,3,2.50000000000000000e-1
0,37,5,3,2.50000000000000000e-1
0,38,5,3,2.50000000000000000e-1
0,39,5,3,2.50000000000000000e-1
0,40,5,3,2.50000000000000000e-1
0,41,5,3,2.50000000000000000e-1
0,42,5,3,2.50000000000000000e-1
0,43,5,3,2.50000000000000000e-1
0,44,5,3,2.50000000000000000e-1
0,45,5,3,2.50000000000000000e-1
0,46,5,3,2.50000000000000000e-1
0,47,5,3,2.50000000000000000e-1
0,48,5,3,2.50000000000000000e-1
0,49,5,3,2.50000000000000000e-1
0,50,5,3,2.50000000000000000e-1
0,51,5,3,2.50000000000000000e-1
0,52,5,3,2.50000000000000000e-1
0,53,5,3,2.50000000000000000e-1
0,54,5,3,2.50000000000000000e-1
0,55,5,3,2.50000000000000000e-1
0,56,5,3,2.50000000000000000e-1
0,57,5,3,2.50000000000000000e-1
0,58,5,3,2.50000000000000000e-1
0,59,5,3,2.50000000000000000e-1
0,60,5,3,2.50000000000000000e-1
0,61,5,3,2.50000000000000000e-1
0,62,5,3,2.50000000000000000e-1
0,63,5,3,2.50000000000000000e-1
0,64,5,3,2.50000000000000000e-1
0,0,6,3,2.50000000000000000e-1
0,1,6,3,2.50000000000000000e-1
0,2,6,3,2.50000000000000000e-1
0,3,6,3,2.50000000000000000e-1
0,4,6,3,2.50000000000000000e-1
0,5,6,3,2.50000000000000000e-1
0,6,6,3,2.50000000000000000e-1
0,7,6,3,2.50000000000000000e-1
0,8,6,3,2.50000000000000000e-1
0,9,6,3,2.50000000000000000e-1
0,10,6,3,2.50000000000000000e-1
0,11,6,3,2.50000000000000000e-1
0,12,6,3,2.50000000000000000e-1
0,13,6,3,2.50000000000000000e-1
0,14,6,3,2.50000000000000000e-1
0,15,6,3,2.50000000000000000e-1
0,16,6,3,2.50000000000000000e-1
0,17,6,3,2.50000000000000000e-1
0,18,6,3,2.50000000000000000e-1
0,19,6,3,2.50000000000000000e-1
0,20,6,3,2.50000000000000000e-1
0,21,6,3,2.50000000000000000e-1
0,22,6,3,2.50000000000000000e-1
0,23,6,3,2.50000000000000000e-1
0,24,6,3,2.50000000000000000e-1
0,25,6,3,2.50000000000000000e-1
0,26,6,3,2.50000000000000000e-1
0,27,6,3,2.50000000000000000e-1
0,28,6,3,2.50000000000000000e-1
0,29,6,3,2.50000000000000000e-1
0,30,6,3,2.50000000000000000e-1
0,31,6,3,2.50000000000000000e-1
0,32,6,3,2.50000000000000000e-1
0,33,6,3,2.50000000000000000e-1
0,34,6,3,2.50000000000000000e-1
0,35,6,3,2.50000000000000000e-1
0,36,6,3,2.50000000000000000e-1
0,37,6,3,2.50000000000000000e-1
0,38,6,3,2.50000000000000000e-1
0,39,6,3,2.50000000000000000e-1
0,40,6,3,2.50000000000000000e-1
0,41,6,3,2.50000000000000000e-1
0,42,6,3,2.50000000000000000e-1
0,43,6,3,2.50000000000000000e-1
0,44,6,3,2.50000000000000000e-1
0,45,6,3,2.50000000000000000e-1
0,46,6,3,2.50000000000000000e-1
0,47,6,3,2.50000000000000000e-1
0,48,6,3,2.50000000000000000e-1
0,49,6,3,2.50000000000000000e-1
0,50,6,3,2.50000000000000000e-1
0,51,6,3,2.50000000000000000e-1
0,52,6,3,2.50000000000000000e-1
0,53,6,3,2.50000000000000000e-1
0,54,6,3,2.50000000000000000e-1
0,55,6,3,2.50000000000000000e-1
0,56,6,3,2.50000000000000000e-1
0,57,6,3,2.50000000000000000e-1
0,58,6,3,2.50000000000000000e-1
0,59,6,3,2.50000000000000000e-1
0,60,6,3,2.50000000000000000e-1
0,61,6,3,2.50000000000000000e-1
0,62,6,3,2.50000000000000000e-1
0,63,6,3,2.50000000000000000e-1
0,64,6,3,2.50000000000000000e-1
0,0,7,3,2.50000000000000000e-1
0,1,7,3,2.50000000000000000e-1
0,2,7,3,2.50000000000000000e-1
0,3,7,3,2.50000000000000000e-1
0,4,7,3,2.50000000000000000e-1
0,5,7,3,2.50000000000000000e-1
0,6,7,3,2.50000000000000000e-1
0,7,7,3,2.50000000000000000e-1
0,8,7,3,2.50000000000000000e-1
0,9,7,3,2.50000000000000000e-1
0,10,7,3,2.50000000000000000e-1
0,11,7,3,2.50000000000000000e-1
0,12,7,3,2.50000000000000000e-1
0,13,7,3,2.50000000000000000e-1
0,14,7,3,2.50000000000000000e-1
0,15,7,3,2.50000000000000000e-1
0,16,7,3,2.50000000000000000e-1
0,17,7,3,2.50000000000000000e-1
0,18,7,3,2.50000000000000000e-1
0,19,7,3,2.50000000000000000e-1
0,20,7,3,2.50000000000000000e-1
0,21,7,3,2.50000000000000000e-1
0,22,7,3,2.50000000000000000e-1
0,23,7,3,2.50000000000000000e-1
0,24,7,3,2.50000000000000000e-1
0,25,7,3,2.50000000000000000e-1
0,26,7,3,2.50000000000000000e-1
0,27,7,3,2.50000000000000000e-1
0,28,7,3,2.50000000000000000e-1
0,29,7,3,2.50000000000000000e-1
0,30,7,3,2.50000000000000000e-1
0,31,7,3,2.50000000000000000e-1
0,32,7,3,2.50000000000000000e-1
0,33,7,3,2.50000000000000000e-1
0,34,7,3,2.50000000000000000e-1
0,35,7,3,2.50000000000000000e-1
0,36,7,3,2.50000000000000000e-1
0,37,7,3,2.50000000000000000e-1
0,38,7,3,2.50000000000000000e-1
0,39,7,3,2.50000000000000000e-1
0,40,7,3,2.50000000000000000e-1
0,41,7,3,2.50000000000000000e-1
0,42,7,3,2.50000000000000000e-1
0,43,7,3,2.50000000000000000e-1
0,44,7,3,2.50000000000000000e-1
0,45,7,3,2.50000000000000000e-1
0,46,7,3,2.50000000000000000e-1
0,47,7,3,2.50000000000000000e-1
0,48,7,3,2.50000000000000000e-1
0,49,7,3,2.50000000000000000e-1
0,50,7,3,2.50000000000000000e-1
0,51,7,3,2.50000000000000000e-1
0,52,7,3,2.50000000000000000e-1
0,53,7,3,2.50000000000000000e-1
0,54,7,3,2.50000000000000000e-1
0,55,7,3,2.50000000000000000e-1
0,56,7,3,2.50000000000000000e-1
0,57,7,3,2.50000000000000000e-1
0,58,7,3,2.50000000000000000e-1
0,59,7,3,2.50000000000000000e-1
0,60,7,3,2.50000000000000000e-1
0,61,7,3,2.50000000000000000e-1
0,62,7,3,2.50000000000000000e-1
0,63,7,3,2.50000000000000000e-1
0,64,7,3,2.50000000000000000e-1
1,0,0,0,0.00000000000000000e0
1,1,0,0,0.00000000000000000e0
1,2,0,0,0.00000000000000000e0
1,3,0,0,0.00000000000000000e0
1,4,0,0,0.00000000000000000e0
1,5,0,0,0.00000000000000000e0
1,6,0,0,0.00000000000000000e0
1,7,0,0,0.00000000000000000e0
1,8,0,0,0.00000000000000000e0
1,9,0,0,0.00000000000000000e0
1,10,0,0,0.00000000000000000e0
1,11,0,0,0.00000000000000000e0
1,12,0,0,0.00000000000000000e0
1,13,0,0,0.00000000000000000e0
1,14,0,0,0.00000000000000000e0
1,15,0,0,0.00000000000000000e0
1,16,0,0,0.00000000000000000e0
1,17,0,0,0.00000000000000000e0
1,18,0,0,0.00000000000000000e0
1,19,0,0,0.00000000000000000e0
1,20,0,0,0.00000000000000000e0
1,21,0,0,0.00000000000000000e0
1,22,0,0,0.00000000000000000e0
1,23,0,0,0.00000000000000000e0
1,24,0,0,0.00000000000000000e0
1,25,0,0,0.00000000000000000e0
1,26,0,0,0.00000000000000000e0
1,27,0,0,0.00000000000000000e0
1,28,0,0,0.00000000000000000e0
1,29,0,0,0.00000000000000000e0
1,30,0,0,0.00000000000000000e0
1,31,0,0,0.00000000000000000e0
1,32,0,0,0.00000000000000000e0
1,33,0,0,0.00000000000000000e0
1,34,0,0,0.00000000000000000e0
1,35,0,0,0.00000000000000000e0
1,36,0,0,0.00000000000000000e0
1,37,0,0,0.00000000000000000e0
1,38,0,0,0.00000000000000000e0
1,39,0,0,0.00000000000000000e0
1,40,0,0,0.00000000000000000e0
1,41,0,0,0.00000000000000000e0
1,42,0,0,0.00000000000000000e0
1,43,0,0,0.00000000000000000e0
1,44,0,0,0.00000000000000000e0
1,45,0,0,0.00000000000000000e0
1,46,0,0,0.00000000000000000e0
1,47,0,0,0.00000000000000000e0
1,48,0,0,0.00000000000000000e0
1,49,0,0,0.00000000000000000e0
1,50,0,0,0.00000000000000000e0
1,51,0,0,0.00000000000000000e0
1,52,0,0,0.00000000000000000e0
1,53,0,0,0.00000000000000000e0
1,54,0,0,0.00000000000000000e0
1,55,0,0,0.00000000000000000e0
1,56,0,0,0.00000000000000000e0
1,57,0,0,0.00000000000000000e0
1,58,0,0,0.00000000000000000e0
1,59,0,0,0.00000000000000000e0
1,60,0,0,0.00000000000000000e0
1,61,0,0,0.00000000000000000e0
1,62,0,0,0.00000000000000000e0
1,63,0,0,0.00000000000000000e0
1,0,1,0,6.25170217243703474e-14
1,1,1,0,6.25167574500908041e-14
1,2,1,0,6.25141892461947291e-14
1,3,1,0,6.25015650671488510e-14
1,4,1,0,6.24597013107637544e-14
1,5,1,0,6.23536392332403600e-14
1,6,1,0,6.21337494801331436e-14
1,7,1,0,6.17449342522891076e-14
1,8,1,0,6.11443878926858086e-14
1,9,1,0,6.03225829747325304e-14
1,10,1,0,5.93163891485573580e-14
1,11,1,0,5.82015650409627161e-14
1,12,1,0,5.70608759352907169e-14
1,13,1,0,5.59376424845957343e-14
1,14,1,0,5.47941784989885300e-14
1,15,1,0,5.34939863130849680e-14
1,16,1,0,5.18185415908888058e-14
1,17,1,0,4.95185252665734238e-14
1,18,1,0,4.63898803268816828e-14
1,19,1,0,4.23571225836860688e-14
1,20,1,0,3.75407102864815101e-14
1,21,1,0,3.22829633305713598e-14
1,22,1,0,2.71111681959508924e-14
1,23,1,0,2.26322273774596031e-14
1,24,1,0,1.93810828388700507e-14
1,25,1,0,1.76754363099065892e-14
1,26,1,0,1.75419761046713071e-14
1,27,1,0,1.87563469123590634e-14
1,28,1,0,2.09809976331595469e-14
1,29,1,0,2.39234816717037377e-14
1,30,1,0,2.74219666071551238e-14
1,31,1,0,3.14194843916131700e-14
1,32,1,0,3.58752707174583158e-14
1,33,1,0,4.07020202047511659e-14
1,34,1,0,4.57723255456975175e-14
1,35,1,0,5.09559537305911275e-14
1,36,1,0,5.61231901338894723e-14
1,37,1,0,6.11073962698133188e-14
1,38,1,0,6.56897699755597253e-14
1,39,1,0,6.96589189325483304e-14
1,40,1,0,7.29085438940305086e-14
1,41,1,0,7.54700731704811834e-14
1,42,1,0,7.74220639855605075e-14
1,43,1,0,7.87397762009450775e-14
1,44,1,0,7.92221174186931443e-14
1,45,1,0,7.85783520499891419e-14
1,46,1,0,7.66199305607742631e-14
1,47,1,0,7.34129689547793896e-14
1,48,1,0,6.92817046679498894e-14
1,49,1,0,6.46708232213306922e-14
1,50,1,0,5.99657110533953486e-14
1,51,1,0,5.53695273224769080e-14
1,52,1,0,5.08730732507681888e-14
1,53,1,0,4.62959274323722358e-14
1,54,1,0,4.13613845322118034e-14
1,55,1,0,3.57779059742373284e-14
1,56,1,0,2.93079396743254478e-14
1,57,1,0,2.18059755365332397e-14
1,58,1,0,1.32154656413020072e-14
1,59,1,0,3.53474578064863227e-15
1,60,1,0,-7.21893570176370888e-15
1,61,1,0,-1.90174363480207290e-14
1,62,1,0,-3.17905051513012876e-14
1,63,1,0,-4.53682806654618492e-14
1,0,2,0,1.01667568949085491e-13
1,1,2,0,1.01667894209737236e-13
1,2,2,0,1.01670963857138086e-13
1,3,2,0,1.01684536713084889e-13
1,4,2,0,1.01721596098593159e-13
1,5,2,0,1.01787244540137156e-13
1,6,2,0,1.01848833999797911e-13
1,7,2,0,1.01803304284817098e-13
1,8,2,0,1.01468394233736325e-13
1,9,2,0,1.00616285865062077e-13
1,10,2,0,9.90419701005045006e-14
1,11,2,0,9.66366201470003627e-14
1,12,2,0,9.34345713320995641e-14
1,13,2,0,8.96179221869346232e-14
1,14,2,0,8.54823414202059151e-14
1,15,2,0,8.13792867186517721e-14
1,16,2,0,7.76536495696034113e-14
1,17,2,0,7.45926080234979305e-14
1,18,2,0,7.23948624572340327e-14
1,19,2,0,7.11603017722155229e-14
1,20,2,0,7.08928765301083952e-14
1,21,2,0,7.15075717280626300e-14
1,22,2,0,7.28386264064323496e-14
1,23,2,0,7.46580938347160550e-14
1,24,2,0,7.67200905127211896e-14
1,25,2,0,7.88351182294880215e-14
1,26,2,0,8.09484112227788766e-14
1,27,2,0,8.31686065502768024e-14
1,28,2,0,8.57027122880271719e-14
1,29,2,0,8.87119560753421577e-14
1,30,2,0,9.21692057528553099e-14
1,31,2,0,9.58103564476127378e-14
1,32,2,0,9.92104754468994821e-14
1,33,2,0,1.01933882883965821e-13
1,34,2,0,1.03673071917640552e-13
1,35,2,0,1.04322068561826797e-13
1,36,2,0,1.03979697844546609e-13
1,37,2,0,1.02899602087789394e-13
1,38,2,0,1.01393963754595196e-13
1,39,2,0,9.96962319014908782e-14
1,40,2,0,9.78221477887682156e-14
1,41,2,0,9.55096258700195710e-14
1,42,2,0,9.23051714815485702e-14
1,43,2,0,8.77741618537236645e-14
1,44,2,0,8.17081997764659840e-14
1,45,2,0,7.41889392258908431e-14
1,46,2,0,6.54779575286375259e-14
1,47,2,0,5.58436421562412411e-14
1,48,2,0,4.54751016845059836e-14
1,49,2,0,3.45349664393045791e-14
1,50,2,0,2.32669040826395668e-14
1,51,2,0,1.20283023789130063e-14
1,52,2,0,1.19370510959888269e-15
1,53,2,0,-9.01050864102843560e-15
1,54,2,0,-1.86239166991876426e-14
1,55,2,0,-2.79413401053571486e-14
1,56,2,0,-3.73786932124624965e-14
1,57,2,0,-4.72909438117754405e-14
1,58,2,0,-5.78321705845333267e-14
1,59,2,0,-6.89094845096084596e-14
1,60,2,0,-8.02258243561351780e-14
1,61,2,0,-9.13675263377287938e-14
1,62,2,0,-1.01889633882801256e-13
1,63,2,0,-1.11377256701260252e-13
1,0,3,0,-3.28570687096931685e-14
1,1,3,0,-3.28570856503521136e-14
1,2,3,0,-3.28566587457466974e-14
1,3,3,0,-3.28505567203946774e-14
1,4,3,0,-3.28137073990573264e-14
1,5,3,0,-3.26708298815144710e-14
1,6,3,0,-3.22613368853620630e-14
1,7,3,0,-3.13287027884582431e-14
1,8,3,0,-2.95633641536358766e-14
1,9,3,0,-2.66988308631616045e-14
1,10,3,0,-2.26214463421069503e-14
1,11,3,0,-1.74373014671155152e-14
1,12,3,0,-1.14591682361586331e-14
1,13,3,0,-5.11658086843722222e-15
1,14,3,0,1.17269149272692438e-15
1,15,3,0,7.11792532873773906e-15
1,16,3,0,1.26144534135777184e-14
1,17,3,0,1.77274288862749527e-14
1,18,3,0,2.26107737269715461e-14
1,19,3,0,2.73968300574124052e-14
1,20,3,0,3.21046595070425406e-14
1,21,3,0,3.66089333869203115e-14
1,22,3,0,4.06855369435975972e-14
1,23,3,0,4.41128152073051033e-14
1,24,3,0,4.67771370141027709e-14
1,25,3,0,4.87289008243522309e-14
1,26,3,0,5.01645471310489116e-14
1,27,3,0,5.13521720263941661e-14
1,28,3,0,5.25417484856498945e-14
1,29,3,0,5.38951343406410266e-14
1,30,3,0,5.54531023693165953e-14
1,31,3,0,5.71435260221520025e-14
1,32,3,0,5.88234295257825113e-14
1,33,3,0,6.03309719890421370e-14
1,34,3,0,6.15138907693324466e-14
1,35,3,0,6.22217257101667642e-14
1,36,3,0,6.22911620830508828e-14
1,37,3,0,6.15744163556114499e-14
1,38,3,0,6.00267787407605946e-14
1,39,3,0,5.78051739504384376e-14
1,40,3,0,5.52923253515323621e-14
1,41,3,0,5.29894155626691593e-14
1,42,3,0,5.13007232451779399e-14
1,43,3,0,5.03153901464277464e-14
1,44,3,0,4.97164057155791844e-14
1,45,3,0,4.88862355002388227e-14
1,46,3,0,4.71607785647049776e-14
1,47,3,0,4.40873330681199049e-14
1,48,3,0,3.95443057368393552e-14
1,49,3,0,3.36830579704058830e-14
1,50,3,0,2.67732342372484222e-14
1,51,3,0,1.90768286042163060e-14
1,52,3,0,1.08214718585217078e-14
1,53,3,0,2.25234086312093695e-15
1,54,3,0,-6.30944254497887644e-15
1,55,3,0,-1.44600535023501134e-14
1,56,3,0,-2.17663631937219451e-14
1,57,3,0,-2.78473516354639170e-14
1,58,3,0,-3.24411856969866741e-14
1,59,3,0,-3.54295958619309931e-14
1,60,3,0,-3.68163751438346787e-14
1,61,3,0,-3.66823440383929472e-14
1,62,3,0,-3.51527075677371403e-14
1,63,3,0,-3.24006670289218174e-14
1,0,4,0,-4.66061989890832751e-14
1,1,4,0,-4.66061176739203387e-14
1,2,4,0,-4.66051723851512029e-14
1,3,4,0,-4.65998293013199227e-14
1,4,4,0,-4.65798020543150421e-14
1,5,4,0,-4.65219835853354635e-14
1,6,4,0,-4.63822434778292381e-14
1,7,4,0,-4.60843284377527446e-14
1,8,4,0,-4.55080004441773406e-14
1,9,4,0,-4.44839647160012036e-14
1,10,4,0,-4.28077034540438883e-14
1,11,4,0,-4.02818105477500965e-14
1,12,4,0,-3.67851433450035181e-14
1,13,4,0,-3.23509089254683108e-14
1,14,4,0,-2.72234695181637620e-14
1,15,4,0,-2.18637889233151347e-14
1,16,4,0,-1.68883123089456910e-14
1,17,4,0,-1.29497039719032869e-14
1,18,4,0,-1.05904444691910446e-14
1,19,4,0,-1.01134929220863569e-14
1,20,4,0,-1.15131699746778837e-14
1,21,4,0,-1.44915173882088216e-14
1,22,4,0,-1.85540974674113651e-14
1,23,4,0,-2.31478502137711858e-14
1,24,4,0,-2.77898448746089280e-14
1,25,4,0,-3.21473974014292035e-14
1,26,4,0,-3.60576911211107909e-14
1,27,4,0,-3.94977697467172040e-14
1,28,4,0,-4.25226531503702931e-14
1,29,4,0,-4.51878728120920503e-14
1,30,4,0,-4.74761560360220658e-14
1,31,4,0,-4.92576289544237322e-14
1,32,4,0,-5.03104976841244056e-14
1,33,4,0,-5.04010658349766244e-14
1,34,4,0,-4.93818005963594236e-14
1,35,4,0,-4.72497610698799364e-14
1,36,4,0,-4.41380398484743364e-14
1,37,4,0,-4.02675803942362243e-14
1,38,4,0,-3.59151320879561031e-14
1,39,4,0,-3.14221271344086034e-14
1,40,4,0,-2.72048093823357498e-14
1,41,4,0,-2.36945879583672081e-14
1,42,4,0,-2.11827032829551079e-14
1,43,4,0,-1.96360736373114853e-14
1,44,4,0,-1.86118752788094755e-14
1,45,4,0,-1.73658932015301887e-14
1,46,4,0,-1.51369717406096491e-14
1,47,4,0,-1.14751881702900536e-14
1,48,4,0,-6.44604651299789284e-15
1,49,4,0,-6.09982518393948660e-16
1,50,4,0,5.20203463435391956e-15
1,51,4,0,1.01979565064877140e-14
1,52,4,0,1.38784654341722602e-14
1,53,4,0,1.61466146849460410e-14
1,54,4,0,1.72667581594494399e-14
1,55,4,0,1.77286858831686781e-14
1,56,4,0,1.80914260487644377e-14
1,57,4,0,1.88614196554000649e-14
1,58,4,0,2.04224827424649008e-14
1,59,4,0,2.30031532694576282e-14
1,60,4,0,2.66577057195065137e-14
1,61,4,0,3.12523647911198965e-14
1,62,4,0,3.64715853004571322e-14
1,63,4,0,4.18662026162482104e-14
1,0,5,0,-7.87709808947219259e-14
1,1,5,0,-7.87708656982410993e-14
1,2,5,0,-7.87699509026580647e-14
1,3,5,0,-7.87674911189792382e-14
1,4,5,0,-7.87686295312603479e-14
1,5,5,0,-7.88009523085275720e-14
1,6,5,0,-7.89373923756712947e-14
1,7,5,0,-7.93071663028610541e-14
1,8,5,0,-8.00733177680479358e-14
1,9,5,0,-8.13732084102222752e-14
1,10,5,0,-8.32433148562246317e-14
1,11,5,0,-8.55625046183340621e-14
1,12,5,0,-8.80391273121519657e-14
1,13,5,0,-9.02482976588084296e-14
1,14,5,0,-9.17084266058125486e-14
1,15,5,0,-9.19769699314100520e-14
1,16,5,0,-9.07416299760800682e-14
1,17,5,0,-8.78847098177357178e-14
1,18,5,0,-8.35046888949565747e-14
1,19,5,0,-7.78893415693746038e-14
1,20,5,0,-7.14471952195823434e-14
1,21,5,0,-6.46170061359939429e-14
1,22,5,0,-5.77862681750557217e-14
1,23,5,0,-5.12510193518330576e-14
1,24,5,0,-4.52329146360952450e-14
1,25,5,0,-3.99381184590721916e-14
1,26,5,0,-3.56136696738965086e-14
1,27,5,0,-3.25519267845107013e-14
1,28,5,0,-3.10201490145642356e-14
1,29,5,0,-3.11366499261295920e-14
1,30,5,0,-3.27521518207144618e-14
1,31,5,0,-3.54020910080677514e-14
1,32,5,0,-3.83657474821615108e-14
1,33,5,0,-4.08175385580977074e-14
1,34,5,0,-4.20151618303523516e-14
1,35,5,0,-4.14620899733767617e-14
1,36,5,0,-3.90054437045869035e-14
1,37,5,0,-3.48585160844967767e-14
1,38,5,0,-2.95479312133369032e-14
1,39,5,0,-2.37879987517904123e-14
1,40,5,0,-1.83058964850751210e-14
1,41,5,0,-1.36776661096302612e-14
1,42,5,0,-1.02460569664634439e-14
1,43,5,0,-8.14558296979633542e-15
1,44,5,0,-7.38421469966259875e-15
1,45,5,0,-7.89234891768750627e-15
1,46,5,0,-9.48925420391540791e-15
1,47,5,0,-1.18029560395595777e-14
1,48,5,0,-1.42349731313421227e-14
1,49,5,0,-1.60385739384578604e-14
1,50,5,0,-1.64988397835345857e-14
1,51,5,0,-1.51293924897976176e-14
1,52,5,0,-1.17874739713496636e-14
1,53,5,0,-6.66052076095683884e-15
1,54,5,0,-1.51788383557309426e-16
1,55,5,0,7.26171340669889281e-15
1,56,5,0,1.51328754892767273e-14
1,57,5,0,2.30877955778108560e-14
1,58,5,0,3.08307931051396422e-14
1,59,5,0,3.81464777571716845e-14
1,60,5,0,4.49143489327646916e-14
1,61,5,0,5.11222195218735687e-14
1,62,5,0,5.68546742346111300e-14
1,63,5,0,6.22478075486786186e-14
1,0,6,0,-1.88155778934814832e-13
1,1,6,0,-1.88156009327776486e-13
1,2,6,0,-1.88157852471469711e-13
1,3,6,0,-1.88162731381245896e-13
1,4,6,0,-1.88159546537364220e-13
1,5,6,0,-1.88089317341641471e-13
1,6,6,0,-1.87795864471131113e-13
1,7,6,0,-1.87001428881769516e-13
1,8,6,0,-1.85351313832828046e-13
1,9,6,0,-1.82529731889043145e-13
1,10,6,0,-1.78391074698650010e-13
1,11,6,0,-1.73029274827367352e-13
1,12,6,0,-1.66742501425155842e-13
1,13,6,0,-1.59912651154746344e-13
1,14,6,0,-1.52862043769491640e-13
1,15,6,0,-1.45752252498146384e-13
1,16,6,0,-1.38561715270005270e-13
1,17,6,0,-1.31141272971188605e-13
1,18,6,0,-1.23317222861137055e-13
1,19,6,0,-1.14996852101575953e-13
1,20,6,0,-1.06233313704011401e-13
1,21,6,0,-9.72237359521919975e-14
1,22,6,0,-8.82405924045905066e-14
1,23,6,0,-7.95242439065833862e-14
1,24,6,0,-7.11828802824575335e-14
1,25,6,0,-6.31460080622106568e-14
1,26,6,0,-5.51957364904910597e-14
1,27,6,0,-4.70624854733737996e-14
1,28,6,0,-3.85380644768191366e-14
1,29,6,0,-2.95529863059661169e-14
1,30,6,0,-2.01917306388420953e-14
1,31,6,0,-1.06598757598774796e-14
1,32,6,0,-1.24017090186553025e-15
1,33,6,0,7.73411553984387767e-15
1,34,6,0,1.58886474127279548e-14
1,35,6,0,2.28230063022355836e-14
1,36,6,0,2.81532558902989130e-14
1,37,6,0,3.15818436669428743e-14
1,38,6,0,3.29685585743425685e-14
1,39,6,0,3.23696012485483187e-14
1,40,6,0,3.00325390912518225e-14
1,41,6,0,2.63606156895206459e-14
1,42,6,0,2.18571888425901292e-14
1,43,6,0,1.70360145261561069e-14
1,44,6,0,1.22844536124921792e-14
1,45,6,0,7.72238752165619463e-15
1,46,6,0,3.16102277410053659e-15
1,47,6,0,-1.75422196266436427e-15
1,48,6,0,-7.25275857438052035e-15
1,49,6,0,-1.31638965814072709e-14
1,50,6,0,-1.88395441825042753e-14
1,51,6,0,-2.33395303816030450e-14
1,52,6,0,-2.57844655728641653e-14
1,53,6,0,-2.56913326062476605e-14
1,54,6,0,-2.31333202105939856e-14
1,55,6,0,-1.86702765064567650e-14
1,56,6,0,-1.31093408833405159e-14
1,57,6,0,-7.22221371926958303e-15
1,58,6,0,-1.54443000695872164e-15
1,59,6,0,3.67727749699077108e-15
1,60,6,0,8.40639966084898507e-15
1,61,6,0,1.26838050831671115e-14
1,62,6,0,1.65234884422996858e-14
1,63,6,0,1.98775203789263236e-14
1,0,7,0,-9.27816309025109032e-14
1,1,7,0,-9.27815563636115448e-14
1,2,7,0,-9.27810074862617240e-14
1,3,7,0,-9.27796047997010709e-14
1,4,7,0,-9.27799368366163946e-14
1,5,7,0,-9.27942415290296252e-14
1,6,7,0,-9.28493596569733570e-14
1,7,7,0,-9.29803380556731840e-14
1,8,7,0,-9.32089014261602844e-14
1,9,7,0,-9.35180616756445260e-14
1,10,7,0,-9.38430106192655877e-14
1,11,7,0,-9.40903577923909995e-14
1,12,7,0,-9.41790048725188456e-14
1,13,7,0,-9.40813656906229479e-14
1,14,7,0,-9.38426447010323739e-14
1,15,7,0,-9.35651770363025992e-14
1,16,7,0,-9.33571592969840991e-14
1,17,7,0,-9.32573042768981841e-14
1,18,7,0,-9.31603291688329338e-14
1,19,7,0,-9.27776667883177530e-14
1,20,7,0,-9.16646790481527585e-14
1,21,7,0,-8.93218875600010342e-14
1,22,7,0,-8.53392199571742505e-14
1,23,7,0,-7.95225837220067677e-14
1,24,7,0,-7.19441731666589646e-14
1,25,7,0,-6.28982068794255167e-14
1,26,7,0,-5.27990364374442828e-14
1,27,7,0,-4.20907815437514266e-14
1,28,7,0,-3.12207535215283660e-14
1,29,7,0,-2.06696283217488661e-14
1,30,7,0,-1.09751753041634204e-14
1,31,7,0,-2.68313991427034278e-15
1,32,7,0,3.78037114755051286e-15
1,33,7,0,8.24368124354964496e-15
1,34,7,0,1.08326323646347304e-14
1,35,7,0,1.18711354155499708e-14
1,36,7,0,1.16840402370615992e-14
1,37,7,0,1.04308854847849630e-14
1,38,7,0,8.10187522268506627e-15
1,39,7,0,4.69354212139232348e-15
1,40,7,0,4.15289560247824371e-16
1,41,7,0,-4.28207680902223387e-15
1,42,7,0,-8.91617796982451319e-15
1,43,7,0,-1.32348305085421350e-14
1,44,7,0,-1.72576627196618232e-14
1,45,7,0,-2.10272998421882559e-14
1,46,7,0,-2.43035944830476830e-14
1,47,7,0,-2.65198714361316104e-14
1,48,7,0,-2.70888488777907416e-14
1,49,7,0,-2.58289483551221721e-14
1,50,7,0,-2.31790159440324606e-14
1,51,7,0,-2.00458918941156389e-14
1,52,7,0,-1.73987038697750312e-14
1,53,7,0,-1.58697890711902850e-14
1,54,7,0,-1.55754010763061584e-14
1,55,7,0,-1.62083345876806728e-14
1,56,7,0,-1.73024402693854745e-14
1,57,7,0,-1.85054760821730738e-14
1,58,7,0,-1.97309972315784857e-14
1,59,7,0,-2.11487440380337885e-14
1,60,7,0,-2.30566518704062098e-14
1,61,7,0,-2.57185528570406247e-14
1,62,7,0,-2.92442902305369706e-14
1,63,7,0,-3.35489523260647932e-14
1,0,8,0,0.00000000000000000e0
1,1,8,0,0.00000000000000000e0
1,2,8,0,0.00000000000000000e0
1,3,8,0,0.00000000000000000e0
1,4,8,0,0.00000000000000000e0
1,5,8,0,0.00000000000000000e0
1,6,8,0,0.00000000000000000e0
1,7,8,0,0.00000000000000000e0
1,8,8,0,0.00000000000000000e0
1,9,8,0,0.00000000000000000e0
1,10,8,0,0.00000000000000000e0
1,11,8,0,0.00000000000000000e0
1,12,8,0,0.00000000000000000e0
1,13,8,0,0.00000000000000000e0
1,14,8,0,0.00000000000000000e0
1,15,8,0,0.00000000000000000e0
1,16,8,0,0.00000000000000000e0
1,17,8,0,0.00000000000000000e0
1,18,8,0,0.00000000000000000e0
1,19,8,0,0.00000000000000000e0
1,20,8,0,0.00000000000000000e0
1,21,8,0,0.00000000000000000e0
1,22,8,0,0.00000000000000000e0
1,23,8,0,0.00000000000000000e0
1,24,8,0,0.00000000000000000e0
1,25,8,0,0.00000000000000000e0
1,26,8,0,0.00000000000000000e0
1,27,8,0,0.00000000000000000e0
1,28,8,0,0.00000000000000000e0
1,29,8,0,0.00000000000000000e0
1,30,8,0,0.00000000000000000e0
1,31,8,0,0.00000000000000000e0
1,32,8,0,0.00000000000000000e0
1,33,8,0,0.00000000000000000e0
1,34,8,0,0.00000000000000000e0
1,35,8,0,0.00000000000000000e0
1,36,8,0,0.00000000000000000e0
1,37,8,0,0.00000000000000000e0
1,38,8,0,0.00000000000000000e0
1,39,8,0,0.00000000000000000e0
1,40,8,0,0.00000000000000000e0
1,41,8,0,0.00000000000000000e0
1,42,8,0,0.00000000000000000e0
1,43,8,0,0.00000000000000000e0
1,44,8,0,0.00000000000000000e0
1,45,8,0,0.00000000000000000e0
1,46,8,0,0.00000000000000000e0
1,47,8,0,0.00000000000000000e0
1,48,8,0,0.00000000000000000e0
1,49,8,0,0.00000000000000000e0
1,50,8,0,0.00000000000000000e0
1,51,8,0,0.00000000000000000e0
1,52,8,0,0.00000000000000000e0
1,53,8,0,0.00000000000000000e0
1,54,8,0,0.00000000000000000e0
1,55,8,0,0.00000000000000000e0
1,56,8,0,0.00000000000000000e0
1,57,8,0,0.00000000000000000e0
1,58,8,0,0.00000000000000000e0
1,59,8,0,0.00000000000000000e0
1,60,8,0,0.00000000000000000e0
1,61,8,0,0.00000000000000000e0
1,62,8,0,0.00000000000000000e0
1,63,8,0,0.00000000000000000e0
1,0,0,1,0.00000000000000000e0
1,1,0,1,0.00000000000000000e0
1,2,0,1,0.00000000000000000e0
1,3,0,1,0.00000000000000000e0
1,4,0,1,0.00000000000000000e0
1,5,0,1,0.00000000000000000e0
1,6,0,1,0.00000000000000000e0
1,7,0,1,0.00000000000000000e0
1,8,0,1,0.00000000000000000e0
1,9,0,1,0.00000000000000000e0
1,10,0,1,0.00000000000000000e0
1,11,0,1,0.00000000000000000e0
1,12,0,1,0.00000000000000000e0
1,13,0,1,0.00000000000000000e0
1,14,0,1,0.00000000000000000e0
1,15,0,1,0.00000000000000000e0
1,16,0,1,0.00000000000000000e0
1,17,0,1,0.00000000000000000e0
1,18,0,1,0.00000000000000000e0
1,19,0,1,0.00000000000000000e0
1,20,0,1,0.00000000000000000e0
1,21,0,1,0.00000000000000000e0
1,22,0,1,0.00000000000000000e0
1,23,0,1,0.00000000000000000e0
1,24,0,1,0.00000000000000000e0
1,25,0,1,0.00000000000000000e0
1,26,0,1,0.00000000000000000e0
1,27,0,1,0.00000000000000000e0
1,28,0,1,0.00000000000000000e0
1,29,0,1,0.00000000000000000e0
1,30,0,1,0.00000000000000000e0
1,31,0,1,0.00000000000000000e0
1,32,0,1,0.00000000000000000e0
1,33,0,1,0.00000000000000000e0
1,34,0,1,0.00000000000000000e0
1,35,0,1,0.00000000000000000e0
1,36,0,1,0.00000000000000000e0
1,37,0,1,0.00000000000000000e0
1,38,0,1,0.00000000000000000e0
1,39,0,1,0.00000000000000000e0
1,40,0,1,0.00000000000000000e0
1,41,0,1,0.00000000000000000e0
1,42,0,1,0.00000000000000000e0
1,43,0,1,0.00000000000000000e0
1,44,0,1,0.00000000000000000e0
1,45,0,1,0.00000000000000000e0
1,46,0,1,0.00000000000000000e0
1,47,0,1,0.00000000000000000e0
1,48,0,1,0.00000000000000000e0
1,49,0,1,0.00000000000000000e0
1,50,0,1,0.00000000000000000e0
1,51,0,1,0.00000000000000000e0
1,52,0,1,0.00000000000000000e0
1,53,0,1,0.00000000000000000e0
1,54,0,1,0.00000000000000000e0
1,55,0,1,0.00000000000000000e0
1,56,0,1,0.00000000000000000e0
1,57,0,1,0.00000000000000000e0
1,58,0,1,0.00000000000000000e0
1,59,0,1,0.00000000000000000e0
1,60,0,1,0.00000000000000000e0
1,61,0,1,0.00000000000000000e0
1,62,0,1,0.00000000000000000e0
1,63,0,1,0.00000000000000000e0
1,0,1,1,2.89002114713186441e-15
1,1,1,1,2.88995063163900549e-15
1,2,1,1,2.88945342329896722e-15
1,3,1,1,2.88849627606856986e-15
1,4,1,1,2.89219526894922939e-15
1,5,1,1,2.92362125008354800e-15
1,6,1,1,3.04195217633144738e-15
1,7,1,1,3.35340470872919592e-15
1,8,1,1,4.00076234416250377e-15
1,9,1,1,5.13013932482392181e-15
1,10,1,1,6.85054455586034221e-15
1,11,1,1,9.20668740084316234e-15
1,12,1,1,1.21745637930801426e-14
1,13,1,1,1.56738144463158466e-14
1,14,1,1,1.95834644209575207e-14
1,15,1,1,2.37514408097869167e-14
1,16,1,1,2.79971053664725827e-14
1,17,1,1,3.21131366127786616e-14
1,18,1,1,3.58761922893049284e-14
1,19,1,1,3.90745378761603313e-14
1,20,1,1,4.15533831844318302e-14
1,21,1,1,4.32655010451123145e-14
1,22,1,1,4.43022185505747429e-14
1,23,1,1,4.48796171937954763e-14
1,24,1,1,4.52720407819948156e-14
1,25,1,1,4.57139514231045402e-14
1,26,1,1,4.63157751083922986e-14
1,27,1,1,4.70409471195910173e-14
1,28,1,1,4.77583603089928865e-14
1,29,1,1,4.83295586710397185e-14
1,30,1,1,4.86575840383252078e-14
1,31,1,1,4.86554529034299160e-14
1,32,1,1,4.81705400936539851e-14
1,33,1,1,4.69541770644742867e-14
1,34,1,1,4.47353234371648117e-14
1,35,1,1,4.13652436143194940e-14
1,36,1,1,3.69320154699256248e-14
1,37,1,1,3.17616857023039073e-14
1,38,1,1,2.63066478323192854e-14
1,39,1,1,2.09990529874632195e-14
1,40,1,1,1.61596454398066011e-14
1,41,1,1,1.19980040103897199e-14
1,42,1,1,8.66536473787893682e-15
1,43,1,1,6.28378676403949094e-15
1,44,1,1,4.90357791670765694e-15
1,45,1,1,4.41157501764673395e-15
1,46,1,1,4.46886917323196207e-15
1,47,1,1,4.55145107394099371e-15
1,48,1,1,4.10359468505801760e-15
1,49,1,1,2.73936659658379367e-15
1,50,1,1,3.95428940505536375e-16
1,51,1,1,-2.63344046784843352e-15
1,52,1,1,-5.78146530961511605e-15
1,53,1,1,-8.37373468227107023e-15
1,54,1,1,-9.80011190742594712e-15
1,55,1,1,-9.65684221362851300e-15
1,56,1,1,-7.83800328379167036e-15
1,57,1,1,-4.57476057361648480e-15
1,58,1,1,-4.23683259708420462e-16
1,59,1,1,3.79701026276637633e-15
1,60,1,1,7.12550457954977054e-15
1,61,1,1,8.62424975861921309e-15
1,62,1,1,7.57450403939506633e-15
1,63,1,1,3.65111773144776927e-15
1,0,2,1,8.48845123422974079e-14
1,1,2,1,8.48844242508708935e-14
1,2,2,1,8.48831299845274889e-14
1,3,2,1,8.48739278185885182e-14
1,4,2,1,8.48316507101251616e-14
1,5,2,1,8.46899861437627743e-14
1,6,2,1,8.43188501875938301e-14
1,7,2,1,8.35240961138440652e-14
1,8,2,1,8.20879212585882978e-14
1,9,2,1,7.98444833470177140e-14
1,10,2,1,7.67573057522917546e-14
1,11,2,1,7.29578073302428187e-14
1,12,2,1,6.87241469244856407e-14
1,13,2,1,6.44098218770955411e-14
1,14,2,1,6.03527847814998297e-14
1,15,2,1,5.67992240697520745e-14
1,16,2,1,5.38650511184863429e-14
1,17,2,1,5.15409688940735716e-14
1,18,2,1,4.97297414023007561e-14
1,19,2,1,4.82930583272766362e-14
1,20,2,1,4.70853316460271426e-14
1,21,2,1,4.59636262427690068e-14
1,22,2,1,4.47798604295314429e-14
1,23,2,1,4.33724677538233766e-14
1,24,2,1,4.15752535751299362e-14
1,25,2,1,3.92515847027954251e-14
1,26,2,1,3.63428024111565884e-14
1,27,2,1,3.29004503491197448e-14
1,28,2,1,2.90707602846988766e-14
1,29,2,1,2.50309552273821068e-14
1,30,2,1,2.09178987607867850e-14
1,31,2,1,1.68011492305414345e-14
1,32,2,1,1.27172722019460761e-14
1,33,2,1,8.73088951261263499e-15
1,34,2,1,4.96748909367683567e-15
1,35,2,1,1.58827190291301219e-15
1,36,2,1,-1.27541329582282151e-15
1,37,2,1,-3.57433080664737793e-15
1,38,2,1,-5.32646589188794442e-15
1,39,2,1,-6.53099587079450025e-15
1,40,2,1,-7.08438197699352151e-15
1,41,2,1,-6.80386880530189399e-15
1,42,2,1,-5.59085325032974458e-15
1,43,2,1,-3.63027902687941897e-15
1,44,2,1,-1.45158831379695388e-15
1,45,2,1,2.40328949292038254e-16
1,46,2,1,8.79180706338798020e-16
1,47,2,1,2.99026532591748352e-16
1,48,2,1,-1.20556007684953547e-15
1,49,2,1,-3.01933809070565207e-15
1,50,2,1,-4.42907683591937593e-15
1,51,2,1,-4.81098535711150035e-15
1,52,2,1,-3.74336088995318346e-15
1,53,2,1,-1.07275706330220433e-15
1,54,2,1,3.03481994715732936e-15
1,55,2,1,8.06832424764432343e-15
1,56,2,1,1.32129389420203476e-14
1,57,2,1,1.74847725816114352e-14
1,58,2,1,1.99397264785726794e-14
1,59,2,1,1.98959348751996321e-14
1,60,2,1,1.70957523717941637e-14
1,61,2,1,1.17515284341670329e-14
1,62,2,1,4.46256682458791645e-15
1,63,2,1,-3.95820910295834223e-15
1,0,3,1,3.64015424519827796e-14
1,1,3,1,3.64019049820842044e-14
1,2,3,1,3.64057572879283170e-14
1,3,3,1,3.64261030193213653e-14
1,4,3,1,3.64973825358987092e-14
1,5,3,1,3.66844853376836061e-14
1,6,3,1,3.70776373742175841e-14
1,7,3,1,3.77656991779311974e-14
1,8,3,1,3.87918795935297822e-14
1,9,3,1,4.01082331680669563e-14
1,10,3,1,4.15507607704271309e-14
1,11,3,1,4.28510173308346842e-14
1,12,3,1,4.36850161350966354e-14
1,13,3,1,4.37434071983485578e-14
1,14,3,1,4.27985182287638627e-14
1,15,3,1,4.07463268041561438e-14
1,16,3,1,3.76119118760277066e-14
1,17,3,1,3.35191943645618551e-14
1,18,3,1,2.86362594878117327e-14
1,19,3,1,2.31152191165111612e-14
1,20,3,1,1.70480694990614301e-14
1,21,3,1,1.04566446037439136e-14
1,22,3,1,3.32512185510390121e-15
1,23,3,1,-4.33173199797264909e-15
1,24,3,1,-1.23907054253957587e-14
1,25,3,1,-2.05734274017974061e-14
1,26,3,1,-2.84655484676221010e-14
1,27,3,1,-3.56027226200861940e-14
1,28,3,1,-4.15826261499028377e-14
1,29,3,1,-4.61471342367257564e-14
1,30,3,1,-4.92029004616357374e-14
1,31,3,1,-5.07902334285267182e-14
1,32,3,1,-5.10361338693782196e-14
1,33,3,1,-5.01211078933819221e-14
1,34,3,1,-4.82624804378807559e-14
1,35,3,1,-4.56954014015596710e-14
1,36,3,1,-4.26364028989229676e-14
1,37,3,1,-3.92434430221064168e-14
1,38,3,1,-3.56141982224555953e-14
1,39,3,1,-3.18469277099837911e-14
1,40,3,1,-2.81209517477565285e-14
1,41,3,1,-2.47043681220410552e-14
1,42,3,1,-2.18430925202819232e-14
1,43,3,1,-1.96080690340093636e-14
1,44,3,1,-1.78475432403932960e-14
1,45,3,1,-1.63097464543236412e-14
1,46,3,1,-1.48308286224835273e-14
1,47,3,1,-1.34037043142691721e-14
1,48,3,1,-1.20547645352181779e-14
1,49,3,1,-1.06531960580554322e-14
1,50,3,1,-8.86086333023701836e-15
1,51,3,1,-6.31513757099974073e-15
1,52,3,1,-2.93421636170427842e-15
1,53,3,1,8.74445474526291261e-16
1,54,3,1,4.25814219903166910e-15
1,55,3,1,6.20515881312824237e-15
1,56,3,1,5.92592677876933698e-15
1,57,3,1,3.14982415150488748e-15
1,58,3,1,-1.77982183942923099e-15
1,59,3,1,-8.03013746128325781e-15
1,60,3,1,-1.45516313164754593e-14
1,61,3,1,-2.03814084207866453e-14
1,62,3,1,-2.48655974554191223e-14
1,63,3,1,-2.77434613504172825e-14
1,0,4,1,-1.80811413747188759e-14
1,1,4,1,-1.80811583153778210e-14
1,2,4,1,-1.80810973290056187e-14
1,3,4,1,-1.80792524912464989e-14
1,4,4,1,-1.80664165539638072e-14
1,5,4,1,-1.80130026563099510e-14
1,6,4,1,-1.78524560314873709e-14
1,7,4,1,-1.74731953352883634e-14
1,8,4,1,-1.67343522123209604e-14
1,9,4,1,-1.55104014619997579e-14
1,10,4,1,-1.37512741197796072e-14
1,11,4,1,-1.15310406757990550e-14
1,12,4,1,-9.06018542931900581e-15
1,13,4,1,-6.65304781277968778e-15
1,14,4,1,-4.66327509308808556e-15
1,15,4,1,-3.41329650260541618e-15
1,16,4,1,-3.14089430665845902e-15
1,17,4,1,-3.97044576443085148e-15
1,18,4,1,-5.90129760176202368e-15
1,19,4,1,-8.80262219181675992e-15
1,20,4,1,-1.24134906116768994e-14
1,21,4,1,-1.63583915564844556e-14
1,22,4,1,-2.01902500252502948e-14
1,23,4,1,-2.34619130899541353e-14
1,24,4,1,-2.58105321647829691e-14
1,25,4,1,-2.70286807394154796e-14
1,26,4,1,-2.70991979263402946e-14
1,27,4,1,-2.61854137006446719e-14
1,28,4,1,-2.45816127191931730e-14
1,29,4,1,-2.26324611585530452e-14
1,30,4,1,-2.06342731665304716e-14
1,31,4,1,-1.87446036475783298e-14
1,32,4,1,-1.69388141073268869e-14
1,33,4,1,-1.50418058949197339e-14
1,34,4,1,-1.28283800547362645e-14
1,35,4,1,-1.01514357629586133e-14
1,36,4,1,-7.04463241484477171e-15
1,37,4,1,-3.74881832323234292e-15
1,38,4,1,-6.28350216096921349e-16
1,39,4,1,1.99934059210554998e-15
1,40,4,1,4.00877739342589759e-15
1,41,4,1,5.44964819934124281e-15
1,42,4,1,6.35755232231702619e-15
1,43,4,1,6.57757124794869884e-15
1,44,4,1,5.83322664598887909e-15
1,45,4,1,4.05882179401557616e-15
1,46,4,1,1.71374554036775187e-15
1,47,4,1,-2.67110437018324722e-16
1,48,4,1,-9.55688533783069071e-16
1,49,4,1,-4.30170380648975728e-17
1,50,4,1,1.84687317929211822e-15
1,51,4,1,3.35823427883620313e-15
1,52,4,1,2.99497191742846124e-15
1,53,4,1,-2.32621028881362926e-16
1,54,4,1,-6.41828246705279139e-15
1,55,4,1,-1.47627407260514376e-14
1,56,4,1,-2.39067019490186300e-14
1,57,4,1,-3.24073043790965021e-14
1,58,4,1,-3.91541996307837037e-14
1,59,4,1,-4.35934925310799137e-14
1,60,4,1,-4.57372245003632993e-14
1,61,4,1,-4.60215599082294119e-14
1,62,4,1,-4.51049482865558543e-14
1,63,4,1,-4.36763459058485404e-14
1,0,5,1,1.26598713202094940e-14
1,1,5,1,1.26597806876841378e-14
1,2,5,1,1.26584203527708473e-14
1,3,5,1,1.26488124580501418e-14
1,4,5,1,1.26052199074196992e-14
1,5,5,1,1.24607194747499046e-14
1,6,5,1,1.20850332575883103e-14
1,7,5,1,1.12836486099274387e-14
1,8,5,1,9.83684010305184084e-15
1,9,5,1,7.57611255496190225e-15
1,10,5,1,4.46899834575641836e-15
1,11,5,1,6.71938319804390831e-16
1,12,5,1,-3.47624417959709314e-15
1,13,5,1,-7.51970439583950212e-15
1,14,5,1,-1.09825944657484208e-14
1,15,5,1,-1.34593679314309357e-14
1,16,5,1,-1.46689301330771293e-14
1,17,5,1,-1.44651695813515294e-14
1,18,5,1,-1.28170484479678964e-14
1,19,5,1,-9.77885476858165320e-15
1,20,5,1,-5.46562239369351166e-15
1,21,5,1,-3.95176339398797382e-17
1,22,5,1,6.29200933637496206e-15
1,23,5,1,1.32675912018430896e-14
1,24,5,1,2.05573778215128317e-14
1,25,5,1,2.77515979489086073e-14
1,26,5,1,3.43653192924966988e-14
1,27,5,1,3.98748654267030295e-14
1,28,5,1,4.37962315610711250e-14
1,29,5,1,4.57963202950273374e-14
1,30,5,1,4.57997626369249788e-14
1,31,5,1,4.40386625549706728e-14
1,32,5,1,4.10091679039527313e-14
1,33,5,1,3.73423656634206541e-14
1,34,5,1,3.36420107537819396e-14
1,35,5,1,3.03590736805501443e-14
1,36,5,1,2.77502223674022663e-14
1,37,5,1,2.59085474293074478e-14
1,38,5,1,2.47991206156527103e-14
1,39,5,1,2.42435737284052433e-14
1,40,5,1,2.38872981182629285e-14
1,41,5,1,2.32527078104435847e-14
1,42,5,1,2.19239689201516583e-14
1,43,5,1,1.97555035888084471e-14
1,44,5,1,1.69202471451230727e-14
1,45,5,1,1.37301440358774014e-14
1,46,5,1,1.03695746989638550e-14
1,47,5,1,6.76127533003273787e-15
1,48,5,1,2.65289490882273347e-15
1,49,5,1,-2.17841034517692392e-15
1,50,5,1,-7.76545999405702306e-15
1,51,5,1,-1.39084825877570581e-14
1,52,5,1,-2.02202637907033037e-14
1,53,5,1,-2.62062405467517606e-14
1,54,5,1,-3.13610729995705134e-14
1,55,5,1,-3.52818631515344761e-14
1,56,5,1,-3.77794177235449280e-14
1,57,5,1,-3.89476116830801689e-14
1,58,5,1,-3.91578249317979521e-14
1,59,5,1,-3.89727143515049973e-14
1,60,5,1,-3.89994772045064442e-14
1,61,5,1,-3.97209629283187121e-14
1,62,5,1,-4.13564107547455262e-14
1,63,5,1,-4.38042682096746738e-14
1,0,6,1,-2.91303914041855794e-14
1,1,6,1,-2.91303778516584233e-14
1,2,6,1,-2.91298018692542904e-14
1,3,6,1,-2.91242893788335594e-14
1,4,6,1,-2.90952124318202138e-14
1,5,6,1,-2.89905123832760042e-14
1,6,6,1,-2.87050690563148830e-14
1,7,6,1,-2.80787305434676907e-14
1,8,6,1,-2.69253901536955012e-14
1,9,6,1,-2.50864341913613689e-14
1,10,6,1,-2.24818112666861844e-14
1,11,6,1,-1.91303373695602547e-14
1,12,6,1,-1.51291316036498633e-14
1,13,6,1,-1.06058215053154992e-14
1,14,6,1,-5.67065137725762496e-15
1,15,6,1,-3.93251483495941586e-16
1,16,6,1,5.18503087145426311e-15
1,17,6,1,1.10090388343617000e-14
1,18,6,1,1.69571286537124194e-14
1,19,6,1,2.28041496547638084e-14
1,20,6,1,2.82245218543491008e-14
1,21,6,1,3.28470262870705215e-14
1,22,6,1,3.63503884382321979e-14
1,23,6,1,3.85653863715657713e-14
1,24,6,1,3.95399858688083583e-14
1,25,6,1,3.95396843250791358e-14
1,26,6,1,3.89870800302904302e-14
1,27,6,1,3.83671806619082650e-14
1,28,6,1,3.81246954579000930e-14
1,29,6,1,3.85702449525512220e-14
1,30,6,1,3.98144753656955869e-14
1,31,6,1,4.17569692473702958e-14
1,32,6,1,4.41465948812416048e-14
1,33,6,1,4.66927386512383524e-14
1,34,6,1,4.91685549696904700e-14
1,35,6,1,5.14423437658270699e-14
1,36,6,1,5.34127592415750696e-14
1,37,6,1,5.48903269028972601e-14
1,38,6,1,5.55221355545178208e-14
1,39,6,1,5.48496151113204294e-14
1,40,6,1,5.25039403230162516e-14
1,41,6,1,4.84366710694177083e-14
1,42,6,1,4.30441103496225635e-14
1,43,6,1,3.71010730818022161e-14
1,44,6,1,3.15177300490993018e-14
1,45,6,1,2.70043200718524459e-14
1,46,6,1,2.37663960235036387e-14
1,47,6,1,2.13763129918408123e-14
1,48,6,1,1.89422435392270702e-14
1,49,6,1,1.55654907908232831e-14
1,50,6,1,1.08761884928484411e-14
1,51,6,1,5.32628716793607376e-15
1,52,6,1,2.92581591244988389e-17
1,53,6,1,-3.78469779184508782e-15
1,54,6,1,-5.38724474101817674e-15
1,55,6,1,-4.90275078903466312e-15
1,56,6,1,-3.22994605677685582e-15
1,57,6,1,-1.61828926825604690e-15
1,58,6,1,-1.13917895180616320e-15
1,59,6,1,-2.30116574802480614e-15
1,60,6,1,-4.95479588144575635e-15
1,61,6,1,-8.48413780364914299e-15
1,62,6,1,-1.21536369970852778e-14
1,63,6,1,-1.54257100257355895e-14
1,0,7,1,-4.68553723652429671e-14
1,1,7,1,-4.68552842738164527e-14
1,2,7,1,-4.68539866193412591e-14
1,3,7,1,-4.68449843531778404e-14
1,4,7,1,-4.68046079866481224e-14
1,5,7,1,-4.66720270016120903e-14
1,6,7,1,-4.63297172707041044e-14
1,7,7,1,-4.56014146257323338e-14
1,8,7,1,-4.42806090460243912e-14
1,9,7,1,-4.21847242738655065e-14
1,10,7,1,-3.92125940821674152e-14
1,11,7,1,-3.53803900239590963e-14
1,12,7,1,-3.08249553540671656e-14
1,13,7,1,-2.57791733110097204e-14
1,14,7,1,-2.05303506942318414e-14
1,15,7,1,-1.53697872164919661e-14
1,16,7,1,-1.05383985297470041e-14
1,17,7,1,-6.17471475493802831e-15
1,18,7,1,-2.27656727596183082e-15
1,19,7,1,1.30817377736553928e-15
1,20,7,1,4.84818958525375099e-15
1,21,7,1,8.64960314879642880e-15
1,22,7,1,1.29475101565698983e-14
1,23,7,1,1.78057065890625116e-14
1,24,7,1,2.30708040968889347e-14
1,25,7,1,2.84090191827882435e-14
1,26,7,1,3.34109300013755994e-14
1,27,7,1,3.77082906728980899e-14
1,28,7,1,4.10448381554275044e-14
1,29,7,1,4.32876899201985882e-14
1,30,7,1,4.44159140890187931e-14
1,31,7,1,4.45265738613798839e-14
1,32,7,1,4.38539924318102903e-14
1,33,7,1,4.27586771870568094e-14
1,34,7,1,4.16555285816071208e-14
1,35,7,1,4.09013643266897819e-14
1,36,7,1,4.06907817716069958e-14
1,37,7,1,4.09941618682591741e-14
1,38,7,1,4.15558870138239139e-14
1,39,7,1,4.19838825976761448e-14
1,40,7,1,4.19491508587069295e-14
1,41,7,1,4.14163772992793416e-14
1,42,7,1,4.07173142316467895e-14
1,43,7,1,4.03268455954897131e-14
1,44,7,1,4.04514407538990317e-14
1,45,7,1,4.07768572597069778e-14
1,46,7,1,4.06622706426024161e-14
1,47,7,1,3.96955146704514039e-14
1,48,7,1,3.81679619008458426e-14
1,49,7,1,3.70416316976956983e-14
1,50,7,1,3.73725877989786875e-14
1,51,7,1,3.95813176885025791e-14
1,52,7,1,4.30707410654842388e-14
1,53,7,1,4.64328723311525221e-14
1,54,7,1,4.80922539205369537e-14
1,55,7,1,4.69957460533937388e-14
1,56,7,1,4.29944505019909384e-14
1,57,7,1,3.67895208112749283e-14
1,58,7,1,2.95535317951841486e-14
1,59,7,1,2.24629410666872531e-14
1,60,7,1,1.63578951951773646e-14
1,61,7,1,1.16324948940893860e-14
1,62,7,1,8.32576974756690097e-15
1,63,7,1,6.29751505053211501e-15
1,0,8,1,0.00000000000000000e0
1,1,8,1,0.00000000000000000e0
1,2,8,1,0.00000000000000000e0
1,3,8,1,0.00000000000000000e0
1,4,8,1,0.00000000000000000e0
1,5,8,1,0.00000000000000000e0
1,6,8,1,0.00000000000000000e0
1,7,8,1,0.00000000000000000e0
1,8,8,1,0.00000000000000000e0
1,9,8,1,0.00000000000000000e0
1,10,8,1,0.00000000000000000e0
1,11,8,1,0.00000000000000000e0
1,12,8,1,0.00000000000000000e0
1,13,8,1,0.00000000000000000e0
1,14,8,1,0.00000000000000000e0
1,15,8,1,0.00000000000000000e0
1,16,8,1,0.00000000000000000e0
1,17,8,1,0.00000000000000000e0
1,18,8,1,0.00000000000000000e0
1,19,8,1,0.00000000000000000e0
1,20,8,1,0.00000000000000000e0
1,21,8,1,0.00000000000000000e0
1,22,8,1,0.00000000000000000e0
1,23,8,1,0.00000000000000000e0
1,24,8,1,0.00000000000000000e0
1,25,8,1,0.00000000000000000e0
1,26,8,1,0.00000000000000000e0
1,27,8,1,0.00000000000000000e0
1,28,8,1,0.00000000000000000e0
1,29,8,1,0.00000000000000000e0
1,30,8,1,0.00000000000000000e0
1,31,8,1,0.00000000000000000e0
1,32,8,1,0.00000000000000000e0
1,33,8,1,0.00000000000000000e0
1,34,8,1,0.00000000000000000e0
1,35,8,1,0.00000000000000000e0
1,36,8,1,0.00000000000000000e0
1,37,8,1,0.00000000000000000e0
1,38,8,1,0.00000000000000000e0
1,39,8,1,0.00000000000000000e0
1,40,8,1,0.00000000000000000e0
1,41,8,1,0.00000000000000000e0
1,42,8,1,0.00000000000000000e0
1,43,8,1,0.00000000000000000e0
1,44,8,1,0.00000000000000000e0
1,45,8,1,0.00000000000000000e0
1,46,8,1,0.00000000000000000e0
1,47,8,1,0.00000000000000000e0
1,48,8,1,0.00000000000000000e0
1,49,8,1,0.00000000000000000e0
1,50,8,1,0.00000000000000000e0
1,51,8,1,0.00000000000000000e0
1,52,8,1,0.00000000000000000e0
1,53,8,1,0.00000000000000000e0
1,54,8,1,0.00000000000000000e0
1,55,8,1,0.00000000000000000e0
1,56,8,1,0.00000000000000000e0
1,57,8,1,0.00000000000000000e0
1,58,8,1,0.00000000000000000e0
1,59,8,1,0.00000000000000000e0
1,60,8,1,0.00000000000000000e0
1,61,8,1,0.00000000000000000e0
1,62,8,1,0.00000000000000000e0
1,63,8,1,0.00000000000000000e0
1,0,0,2,0.00000000000000000e0
1,1,0,2,0.00000000000000000e0
1,2,0,2,0.00000000000000000e0
1,3,0,2,0.00000000000000000e0
1,4,0,2,0.00000000000000000e0
1,5,0,2,0.00000000000000000e0
1,6,0,2,0.00000000000000000e0
1,7,0,2,0.00000000000000000e0
1,8,0,2,0.00000000000000000e0
1,9,0,2,0.00000000000000000e0
1,10,0,2,0.00000000000000000e0
1,11,0,2,0.00000000000000000e0
1,12,0,2,0.00000000000000000e0
1,13,0,2,0.00000000000000000e0
1,14,0,2,0.00000000000000000e0
1,15,0,2,0.00000000000000000e0
1,16,0,2,0.00000000000000000e0
1,17,0,2,0.00000000000000000e0
1,18,0,2,0.00000000000000000e0
1,19,0,2,0.00000000000000000e0
1,20,0,2,0.00000000000000000e0
1,21,0,2,0.00000000000000000e0
1,22,0,2,0.00000000000000000e0
1,23,0,2,0.00000000000000000e0
1,24,0,2,0.00000000000000000e0
1,25,0,2,0.00000000000000000e0
1,26,0,2,0.00000000000000000e0
1,27,0,2,0.00000000000000000e0
1,28,0,2,0.00000000000000000e0
1,29,0,2,0.00000000000000000e0
1,30,0,2,0.00000000000000000e0
1,31,0,2,0.00000000000000000e0
1,32,0,2,0.00000000000000000e0
1,33,0,2,0.00000000000000000e0
1,34,0,2,0.00000000000000000e0
1,35,0,2,0.00000000000000000e0
1,36,0,2,0.00000000000000000e0
1,37,0,2,0.00000000000000000e0
1,38,0,2,0.00000000000000000e0
1,39,0,2,0.00000000000000000e0
1,40,0,2,0.00000000000000000e0
1,41,0,2,0.00000000000000000e0
1,42,0,2,0.00000000000000000e0
1,43,0,2,0.00000000000000000e0
1,44,0,2,0.00000000000000000e0
1,45,0,2,0.00000000000000000e0
1,46,0,2,0.00000000000000000e0
1,47,0,2,0.00000000000000000e0
1,48,0,2,0.00000000000000000e0
1,49,0,2,0.00000000000000000e0
1,50,0,2,0.00000000000000000e0
1,51,0,2,0.00000000000000000e0
1,52,0,2,0.00000000000000000e0
1,53,0,2,0.00000000000000000e0
1,54,0,2,0.00000000000000000e0
1,55,0,2,0.00000000000000000e0
1,56,0,2,0.00000000000000000e0
1,57,0,2,0.00000000000000000e0
1,58,0,2,0.00000000000000000e0
1,59,0,2,0.00000000000000000e0
1,60,0,2,0.00000000000000000e0
1,61,0,2,0.00000000000000000e0
1,62,0,2,0.00000000000000000e0
1,63,0,2,0.00000000000000000e0
1,0,1,2,1.24298103954716480e-14
1,1,1,2,1.24299654025009955e-14
1,2,1,2,1.24321643000320677e-14
1,3,1,2,1.24472838381405569e-14
1,4,1,2,1.25148313275522984e-14
1,5,1,2,1.27367556537988195e-14
1,6,1,2,1.33115666113656911e-14
1,7,1,2,1.45393290099495379e-14
1,8,1,2,1.67717978448531785e-14
1,9,1,2,2.03111707547344242e-14
1,10,1,2,2.52963492844817187e-14
1,11,1,2,3.16285998856313116e-14
1,12,1,2,3.89687197441257460e-14
1,13,1,2,4.68014976816658046e-14
1,14,1,2,5.45353184540440378e-14
1,15,1,2,6.15991361651441194e-14
1,16,1,2,6.75119479092746444e-14
1,17,1,2,7.19189383610943644e-14
1,18,1,2,7.46032941911604908e-14
1,19,1,2,7.54889992746546334e-14
1,20,1,2,7.46471772740918416e-14
1,21,1,2,7.23074418808138109e-14
1,22,1,2,6.88587031903546698e-14
1,23,1,2,6.48126775230732644e-14
1,24,1,2,6.07116353718017976e-14
1,25,1,2,5.69955459781348872e-14
1,26,1,2,5.38837027839848826e-14
1,27,1,2,5.13367356979634037e-14
1,28,1,2,4.91239434384244805e-14
1,29,1,2,4.69511209696005932e-14
1,30,1,2,4.45633655844768217e-14
1,31,1,2,4.17685769868794687e-14
1,32,1,2,3.84054597748605814e-14
1,33,1,2,3.43288731588422408e-14
1,34,1,2,2.94557333710941671e-14
1,35,1,2,2.38378195356820158e-14
1,36,1,2,1.76874997531413850e-14
1,37,1,2,1.13249990643464991e-14
1,38,1,2,5.09798256601435955e-15
1,39,1,2,-6.48686153671517015e-16
1,40,1,2,-5.54069577084160755e-15
1,41,1,2,-9.15522930226451634e-15
1,42,1,2,-1.10972793386748640e-14
1,43,1,2,-1.11600665029230363e-14
1,44,1,2,-9.45981387976769020e-15
1,45,1,2,-6.43897209382242493e-15
1,46,1,2,-2.73790355892564868e-15
1,47,1,2,9.66196612768469108e-16
1,48,1,2,4.05855455512071743e-15
1,49,1,2,6.01835924913846250e-15
1,50,1,2,6.45034732278757655e-15
1,51,1,2,5.17296488712062560e-15
1,52,1,2,2.34341723374150834e-15
1,53,1,2,-1.46592709928631149e-15
1,54,1,2,-5.32276986362260028e-15
1,55,1,2,-8.13730999900050267e-15
1,56,1,2,-8.94780448600909425e-15
1,57,1,2,-7.18754804887025353e-15
1,58,1,2,-2.85143646704382608e-15
1,59,1,2,3.47044899193021603e-15
1,60,1,2,1.06863938203571700e-14
1,61,1,2,1.74031846740660065e-14
1,62,1,2,2.22034321945051641e-14
1,63,1,2,2.39517251382969851e-14
1,0,2,2,1.01678343208174565e-13
1,1,2,2,1.01678200906639427e-13
1,2,2,2,1.01676411973054825e-13
1,3,2,2,1.01664763575964184e-13
1,4,2,2,1.01614077124400487e-13
1,5,2,2,1.01449813719005355e-13
1,6,2,2,1.01028126836544274e-13
1,7,2,2,1.00136465417365039e-13
1,8,2,2,9.85413194185685848e-14
1,9,2,2,9.60797129248396053e-14
1,10,2,2,9.27563689918919909e-14
1,11,2,2,8.87916923688648885e-14
1,12,2,2,8.45851573462105821e-14
1,13,2,2,8.06023609943758157e-14
1,14,2,2,7.72347477314729025e-14
1,15,2,2,7.46928154092899033e-14
1,16,2,2,7.29724169545170609e-14
1,17,2,2,7.18960210376734521e-14
1,18,2,2,7.11993330504250010e-14
1,19,2,2,7.06202809988912272e-14
1,20,2,2,6.99526225248110756e-14
1,21,2,2,6.90450301099598818e-14
1,22,2,2,6.77547211044848829e-14
1,23,2,2,6.58939930072745261e-14
1,24,2,2,6.32181820455803012e-14
1,25,2,2,5.94774948151251259e-14
1,26,2,2,5.45057874973709638e-14
1,27,2,2,4.82863837076522723e-14
1,28,2,2,4.09521625866025168e-14
1,29,2,2,3.27298917948606188e-14
1,30,2,2,2.38784025782508638e-14
1,31,2,2,1.46619963213709056e-14
1,32,2,2,5.35927020738568259e-15
1,33,2,2,-3.72164127111968869e-15
1,34,2,2,-1.22443076389241144e-14
1,35,2,2,-1.98613013920522982e-14
1,36,2,2,-2.62389732879654558e-14
1,37,2,2,-3.10920621117861257e-14
1,38,2,2,-3.42343273412697158e-14
1,39,2,2,-3.56299733640652594e-14
1,40,2,2,-3.54052724638176386e-14
1,41,2,2,-3.37919288091823727e-14
1,42,2,2,-3.10306047892651427e-14
1,43,2,2,-2.73133990061737511e-14
1,44,2,2,-2.28242361940749969e-14
1,45,2,2,-1.78448750866094449e-14
1,46,2,2,-1.28138364990319081e-14
1,47,2,2,-8.24417760485673598e-15
1,48,2,2,-4.51988893226040397e-15
1,49,2,2,-1.69930945196857842e-15
1,50,2,2,5.39333617845835604e-16
1,51,2,2,2.77118877737919048e-15
1,52,2,2,5.59239569732669466e-15
1,53,2,2,9.40643471046467144e-15
1,54,2,2,1.43173809667804935e-14
1,55,2,2,2.01413440369417260e-14
1,56,2,2,2.64898525884809180e-14
1,57,2,2,3.28698351902741853e-14
1,58,2,2,3.87722928036574738e-14
1,59,2,2,4.37513896368434824e-14
1,60,2,2,4.75006014068798249e-14
1,61,2,2,4.99146419184227919e-14
1,62,2,2,5.11113165137765113e-14
1,63,2,2,5.13959433009764793e-14
1,0,3,2,7.91330976440685063e-14
1,1,3,2,7.91329960001148358e-14
1,2,3,2,7.91317356150893214e-14
1,3,3,2,7.91235498886870559e-14
1,4,3,2,7.90870258280014504e-14
1,5,3,2,7.89629253368333284e-14
1,6,3,2,7.86238072260705967e-14
1,7,3,2,7.78501408845756748e-14
1,8,3,2,7.63341890782157084e-14
1,9,3,2,7.37239994530111686e-14
1,10,3,2,6.97016907082528836e-14
1,11,3,2,6.40740173592224682e-14
1,12,3,2,5.68482096791576852e-14
1,13,3,2,4.82695955146376920e-14
1,14,3,2,3.88055710340892007e-14
1,15,3,2,2.90726949079504055e-14
1,16,3,2,1.97203771324858113e-14
1,17,3,2,1.12996829436189626e-14
1,18,3,2,4.15084260637233610e-15
1,19,3,2,-1.66222836124103488e-15
1,20,3,2,-6.35138211081275224e-15
1,21,3,2,-1.03296167667100806e-14
1,22,3,2,-1.40734414072018858e-14
1,23,3,2,-1.79611439111472537e-14
1,24,3,2,-2.21455425747580162e-14
1,25,3,2,-2.65108708640340862e-14
1,26,3,2,-3.07273060077759008e-14
1,27,3,2,-3.43774183111152792e-14
1,28,3,2,-3.71060570236638604e-14
1,29,3,2,-3.87406036070347959e-14
1,30,3,2,-3.93380294972604100e-14
1,31,3,2,-3.91402777972626320e-14
1,32,3,2,-3.84577522008922729e-14
1,33,3,2,-3.75352553943011924e-14
1,34,3,2,-3.64641280223895053e-14
1,35,3,2,-3.51817980672776420e-14
1,36,3,2,-3.35542310353920820e-14
1,37,3,2,-3.14874537034326440e-14
1,38,3,2,-2.89926570706984521e-14
1,39,3,2,-2.61644496352001280e-14
1,40,3,2,-2.31073349338381182e-14
1,41,3,2,-1.98898362379794011e-14
1,42,3,2,-1.65657604685653589e-14
1,43,3,2,-1.32186072865033734e-14
1,44,3,2,-9.95837662548862412e-15
1,45,3,2,-6.86490007025040809e-15
1,46,3,2,-3.94570774368981601e-15
1,47,3,2,-1.15988869560829403e-15
1,48,3,2,1.53009513899674508e-15
1,49,3,2,4.16157451381404808e-15
1,50,3,2,6.84643263441789621e-15
1,51,3,2,9.82793524567735638e-15
1,52,3,2,1.34086865620649219e-14
1,53,3,2,1.77385250178839840e-14
1,54,3,2,2.25859810726054128e-14
1,55,3,2,2.72669087558307516e-14
1,56,3,2,3.08235187861886223e-14
1,57,3,2,3.23954628584938870e-14
1,58,3,2,3.16092807581703356e-14
1,59,3,2,2.88029454074360119e-14
1,60,3,2,2.49916071588503555e-14
1,61,3,2,2.16024623184282380e-14
1,62,3,2,2.00910235036112425e-14
1,63,3,2,2.15675933601215675e-14
1,0,4,2,-2.02660272867775590e-14
1,1,4,2,-2.02660018757891414e-14
1,2,4,2,-2.02654529984393206e-14
1,3,4,2,-2.02605757827290303e-14
1,4,4,2,-2.02345650949847453e-14
1,5,4,2,-2.01380439965792232e-14
1,6,4,2,-1.98672695861986520e-14
1,7,4,2,-1.92623017146106856e-14
1,8,4,2,-1.81480739182109108e-14
1,9,4,2,-1.64177329907031974e-14
1,10,4,2,-1.41245657747993136e-14
1,11,4,2,-1.15334513315669407e-14
1,12,4,2,-9.09820958535419860e-15
1,13,4,2,-7.36617967414966018e-15
1,14,4,2,-6.84367638920753071e-15
1,15,4,2,-7.87005416348282583e-15
1,16,4,2,-1.05404898540937750e-14
1,17,4,2,-1.46947036515961832e-14
1,18,4,2,-1.99624896419971914e-14
1,19,4,2,-2.58398835504712251e-14
1,20,4,2,-3.17693767614649764e-14
1,21,4,2,-3.72094357008103532e-14
1,22,4,2,-4.16898944023431223e-14
1,23,4,2,-4.48524037192660902e-14
1,24,4,2,-4.64737907987684828e-14
1,25,4,2,-4.64724050528667748e-14
1,26,4,2,-4.49014265981213800e-14
1,27,4,2,-4.19322779623976238e-14
1,28,4,2,-3.78267194314513971e-14
1,29,4,2,-3.28975568845719241e-14
1,30,4,2,-2.74662427133740006e-14
1,31,4,2,-2.18316253882419944e-14
1,32,4,2,-1.62586873082631519e-14
1,33,4,2,-1.09834779211124070e-14
1,34,4,2,-6.22127657956507082e-15
1,35,4,2,-2.16422360210159846e-15
1,36,4,2,1.03768725230791612e-15
1,37,4,2,3.30279978408667182e-15
1,38,4,2,4.63035261649420542e-15
1,39,4,2,5.08996878730038661e-15
1,40,4,2,4.80535894075936366e-15
1,41,4,2,3.95332087581973766e-15
1,42,4,2,2.76479198456152601e-15
1,43,4,2,1.48859168925158684e-15
1,44,4,2,3.15673456392594328e-16
1,45,4,2,-6.64770197609132907e-16
1,46,4,2,-1.39768991329726824e-15
1,47,4,2,-1.70959751414592916e-15
1,48,4,2,-1.22376048554542543e-15
1,49,4,2,5.10811159775586329e-16
1,50,4,2,3.70108674610514221e-15
1,51,4,2,8.01563879832510595e-15
1,52,4,2,1.25557337015422613e-14
1,53,4,2,1.61670400374361312e-14
1,54,4,2,1.79394971371472228e-14
1,55,4,2,1.76260509009498745e-14
1,56,4,2,1.57741590514452745e-14
1,57,4,2,1.35386197221078371e-14
1,58,4,2,1.22993224288482812e-14
1,59,4,2,1.32579765308588060e-14
1,60,4,2,1.71430862669526285e-14
1,61,4,2,2.40776247274450753e-14
1,62,4,2,3.36080244038063081e-14
1,63,4,2,4.48601591529311505e-14
1,0,5,2,1.60563260549664161e-14
1,1,5,2,1.60563921235363019e-14
1,2,5,2,1.60568935670410765e-14
1,3,5,2,1.60583402993149868e-14
1,4,5,2,1.60589179757850142e-14
1,5,5,2,1.60486417720689251e-14
1,6,5,2,1.60045249080441321e-14
1,7,5,2,1.58963757413387030e-14
1,8,5,2,1.57084140481452902e-14
1,9,5,2,1.54670282929026542e-14
1,10,5,2,1.52534658759114275e-14
1,11,5,2,1.51845580515863957e-14
1,12,5,2,1.53629855419255140e-14
1,13,5,2,1.58174000834026066e-14
1,14,5,2,1.64613619637503719e-14
1,15,5,2,1.70958794267362518e-14
1,16,5,2,1.74655161345885560e-14
1,17,5,2,1.73557288061631371e-14
1,18,5,2,1.66958291538798348e-14
1,19,5,2,1.56199922787814138e-14
1,20,5,2,1.44480696802123595e-14
1,21,5,2,1.35797321602687190e-14
1,22,5,2,1.33359179615663050e-14
1,23,5,2,1.38101344392843085e-14
1,24,5,2,1.47936286295060129e-14
1,25,5,2,1.58104730479599609e-14
1,26,5,2,1.62526767624694354e-14
1,27,5,2,1.55630936875825535e-14
1,28,5,2,1.33976234647408335e-14
1,29,5,2,9.71595071378675984e-15
1,30,5,2,4.78614018670263722e-15
1,31,5,2,-8.81508035240497617e-16
1,32,5,2,-6.64310025784713327e-15
1,33,5,2,-1.18430943898311172e-14
1,34,5,2,-1.59239466637718305e-14
1,35,5,2,-1.85071345726837977e-14
1,36,5,2,-1.94421623846965583e-14
1,37,5,2,-1.88261915551237585e-14
1,38,5,2,-1.69933816638549035e-14
1,39,5,2,-1.44729182387530117e-14
1,40,5,2,-1.19205707994505736e-14
1,41,5,2,-1.00235414112197392e-14
1,42,5,2,-9.36269138796961761e-15
1,43,5,2,-1.02279948358961932e-14
1,44,5,2,-1.24469890706749124e-14
1,45,5,2,-1.53500276318984177e-14
1,46,5,2,-1.79660499259777506e-14
1,47,5,2,-1.93998242898609993e-14
1,48,5,2,-1.91978577539176840e-14
1,49,5,2,-1.75025213099882018e-14
1,50,5,2,-1.49352660908140880e-14
1,51,5,2,-1.23132764496213486e-14
1,52,5,2,-1.03608875290568149e-14
1,53,5,2,-9.51676329294338583e-15
1,54,5,2,-9.84969043989463583e-15
1,55,5,2,-1.10603122797578446e-14
1,56,5,2,-1.25644124011198288e-14
1,57,5,2,-1.36684715669878158e-14
1,58,5,2,-1.38155842492669427e-14
1,59,5,2,-1.28179335973977772e-14
1,60,5,2,-1.09651930208800284e-14
1,61,5,2,-8.94780702710793602e-15
1,62,5,2,-7.63023372512671577e-15
1,63,5,2,-7.77795965925965477e-15
1,0,6,2,3.63784048999955811e-14
1,1,6,2,3.63782117764836072e-14
1,2,6,2,3.63763618565268038e-14
1,3,6,2,3.63675662664025151e-14
1,4,6,2,3.63397971382597301e-14
1,5,6,2,3.62737929428778860e-14
1,6,6,2,3.61473851339614433e-14
1,7,6,2,3.59451475474750065e-14
1,8,6,2,3.56734701999726622e-14
1,9,6,2,3.53797157857330818e-14
1,10,6,2,3.51695669115192899e-14
1,11,6,2,3.52115560287805801e-14
1,12,6,2,3.57189423167130621e-14
1,13,6,2,3.69078987478514003e-14
1,14,6,2,3.89413300867433310e-14
1,15,6,2,4.18721589519333026e-14
1,16,6,2,4.55981992886645565e-14
1,17,6,2,4.98387409900852285e-14
1,18,6,2,5.41447142926154007e-14
1,19,6,2,5.79558035135145644e-14
1,20,6,2,6.07085589481373700e-14
1,21,6,2,6.19757473422841154e-14
1,22,6,2,6.15891276238393626e-14
1,23,6,2,5.96873556981368514e-14
1,24,6,2,5.66538698278714475e-14
1,25,6,2,5.29602471360975102e-14
1,26,6,2,4.89818960131699344e-14
1,27,6,2,4.48706589733453148e-14
1,28,6,2,4.05375026894718576e-14
1,29,6,2,3.57368011593729717e-14
1,30,6,2,3.01952236272332725e-14
1,31,6,2,2.37243188148158340e-14
1,32,6,2,1.62877828900013372e-14
1,33,6,2,8.02591161390940611e-15
1,34,6,2,-7.52432601935795840e-16
1,35,6,2,-9.60683508248851362e-15
1,36,6,2,-1.80327469943104488e-14
1,37,6,2,-2.55590057310958046e-14
1,38,6,2,-3.18621133166621662e-14
1,39,6,2,-3.68535632783509315e-14
1,40,6,2,-4.06726315496132307e-14
1,41,6,2,-4.35472546965551960e-14
1,42,6,2,-4.55770844513554013e-14
1,43,6,2,-4.65735170698464152e-14
1,44,6,2,-4.60787210796419211e-14
1,45,6,2,-4.35799298395284779e-14
1,46,6,2,-3.88252391391244456e-14
1,47,6,2,-3.21033923457534481e-14
1,48,6,2,-2.43615535594965057e-14
1,49,6,2,-1.70684541939700521e-14
1,50,6,2,-1.18016643143150149e-14
1,51,6,2,-9.67269020007164096e-15
1,52,6,2,-1.08445145428188137e-14
1,53,6,2,-1.44178932844334778e-14
1,54,6,2,-1.88000334836466512e-14
1,55,6,2,-2.24049701317771688e-14
1,56,6,2,-2.43445603845086900e-14
1,57,6,2,-2.47770452429813687e-14
1,58,6,2,-2.47709923455402894e-14
1,59,6,2,-2.57892496149502576e-14
1,60,6,2,-2.90608635517431574e-14
1,61,6,2,-3.51190871359947226e-14
1,62,6,2,-4.36631254156077953e-14
1,63,6,2,-5.37343166652753251e-14
1,0,7,2,9.87727237375607761e-17
1,1,7,2,9.92339000901162405e-17
1,2,7,2,1.03766750585233326e-16
1,3,7,2,1.25818154871145565e-16
1,4,7,2,1.96918140168340938e-16
1,5,7,2,3.68655473122469221e-16
1,6,7,2,7.01633547929672889e-16
1,7,7,2,1.24336559250521825e-15
1,8,7,2,2.00535410251458188e-15
1,9,7,2,2.95088342900740128e-15
1,10,7,2,4.00079114328271042e-15
1,11,7,2,5.05857605220924773e-15
1,12,7,2,6.04955886071762740e-15
1,13,7,2,6.96188153106276283e-15
1,14,7,2,7.87335843901006485e-15
1,15,7,2,8.95117059494148284e-15
1,16,7,2,1.04205000138186780e-14
1,17,7,2,1.25085226261611483e-14
1,18,7,2,1.53766346308375698e-14
1,19,7,2,1.90552360403248994e-14
1,20,7,2,2.33950178159117797e-14
1,21,7,2,2.80490047692167482e-14
1,22,7,2,3.24992040657418046e-14
1,23,7,2,3.61352691746839177e-14
1,24,7,2,3.83771688744222877e-14
1,25,7,2,3.88127166040322380e-14
1,26,7,2,3.73049403596791701e-14
1,27,7,2,3.40269262419368168e-14
1,28,7,2,2.94098580666708742e-14
1,29,7,2,2.40333130458424138e-14
1,30,7,2,1.85138718727462584e-14
1,31,7,2,1.34331420973180481e-14
1,32,7,2,9.30078598501953707e-15
1,33,7,2,6.51704523815322193e-15
1,34,7,2,5.31570476180955216e-15
1,35,7,2,5.71265192946370307e-15
1,36,7,2,7.50034545783000509e-15
1,37,7,2,1.02860462389362667e-14
1,38,7,2,1.35233256952122134e-14
1,39,7,2,1.65167240371829130e-14
1,40,7,2,1.84782304203916919e-14
1,41,7,2,1.87418880599494325e-14
1,42,7,2,1.70945648316021132e-14
1,43,7,2,1.39721616776986891e-14
1,44,7,2,1.02644155585622336e-14
1,45,7,2,6.76895834238080800e-15
1,46,7,2,3.69117349600695151e-15
1,47,7,2,6.23107929186364484e-16
1,48,7,2,-2.94213527272815887e-15
1,49,7,2,-6.96816820959728425e-15
1,50,7,2,-1.06373158843603086e-14
1,51,7,2,-1.27281980799327094e-14
1,52,7,2,-1.23456983297434014e-14
1,53,7,2,-9.49796424371202389e-15
1,54,7,2,-5.15431788030329581e-15
1,55,7,2,-7.80891903111915467e-16
1,56,7,2,2.34348541989376231e-15
1,57,7,2,3.65615207176977521e-15
1,58,7,2,3.45381199429672069e-15
1,59,7,2,2.64588253481065194e-15
1,60,7,2,2.28938267269555157e-15
1,61,7,2,3.13803239408792355e-15
1,62,7,2,5.38757889551586856e-15
1,63,7,2,8.68153544387496867e-15
1,0,8,2,0.00000000000000000e0
1,1,8,2,0.00000000000000000e0
1,2,8,2,0.00000000000000000e0
1,3,8,2,0.00000000000000000e0
1,4,8,2,0.00000000000000000e0
1,5,8,2,0.00000000000000000e0
1,6,8,2,0.00000000000000000e0
1,7,8,2,0.00000000000000000e0
1,8,8,2,0.00000000000000000e0
1,9,8,2,0.00000000000000000e0
1,10,8,2,0.00000000000000000e0
1,11,8,2,0.00000000000000000e0
1,12,8,2,0.00000000000000000e0
1,13,8,2,0.00000000000000000e0
1,14,8,2,0.00000000000000000e0
1,15,8,2,0.00000000000000000e0
1,16,8,2,0.00000000000000000e0
1,17,8,2,0.00000000000000000e0
1,18,8,2,0.00000000000000000e0
1,19,8,2,0.00000000000000000e0
1,20,8,2,0.00000000000000000e0
1,21,8,2,0.00000000000000000e0
1,22,8,2,0.00000000000000000e0
1,23,8,2,0.00000000000000000e0
1,24,8,2,0.00000000000000000e0
1,25,8,2,0.00000000000000000e0
1,26,8,2,0.00000000000000000e0
1,27,8,2,0.00000000000000000e0
1,28,8,2,0.00000000000000000e0
1,29,8,2,0.00000000000000000e0
1,30,8,2,0.00000000000000000e0
1,31,8,2,0.00000000000000000e0
1,32,8,2,0.00000000000000000e0
1,33,8,2,0.00000000000000000e0
1,34,8,2,0.00000000000000000e0
1,35,8,2,0.00000000000000000e0
1,36,8,2,0.00000000000000000e0
1,37,8,2,0.00000000000000000e0
1,38,8,2,0.00000000000000000e0
1,39,8,2,0.00000000000000000e0
1,40,8,2,0.00000000000000000e0
1,41,8,2,0.00000000000000000e0
1,42,8,2,0.00000000000000000e0
1,43,8,2,0.00000000000000000e0
1,44,8,2,0.00000000000000000e0
1,45,8,2,0.00000000000000000e0
1,46,8,2,0.00000000000000000e0
1,47,8,2,0.00000000000000000e0
1,48,8,2,0.00000000000000000e0
1,49,8,2,0.00000000000000000e0
1,50,8,2,0.00000000000000000e0
1,51,8,2,0.00000000000000000e0
1,52,8,2,0.00000000000000000e0
1,53,8,2,0.00000000000000000e0
1,54,8,2,0.00000000000000000e0
1,55,8,2,0.00000000000000000e0
1,56,8,2,0.00000000000000000e0
1,57,8,2,0.00000000000000000e0
1,58,8,2,0.00000000000000000e0
1,59,8,2,0.00000000000000000e0
1,60,8,2,0.00000000000000000e0
1,61,8,2,0.00000000000000000e0
1,62,8,2,0.00000000000000000e0
1,63,8,2,0.00000000000000000e0
1,0,0,3,0.00000000000000000e0
1,1,0,3,0.00000000000000000e0
1,2,0,3,0.00000000000000000e0
1,3,0,3,0.00000000000000000e0
1,4,0,3,0.00000000000000000e0
1,5,0,3,0.00000000000000000e0
1,6,0,3,0.00000000000000000e0
1,7,0,3,0.00000000000000000e0
1,8,0,3,0.00000000000000000e0
1,9,0,3,0.00000000000000000e0
1,10,0,3,0.00000000000000000e0
1,11,0,3,0.00000000000000000e0
1,12,0,3,0.00000000000000000e0
1,13,0,3,0.00000000000000000e0
1,14,0,3,0.00000000000000000e0
1,15,0,3,0.00000000000000000e0
1,16,0,3,0.00000000000000000e0
1,17,0,3,0.00000000000000000e0
1,18,0,3,0.00000000000000000e0
1,19,0,3,0.00000000000000000e0
1,20,0,3,0.00000000000000000e0
1,21,0,3,0.00000000000000000e0
1,22,0,3,0.00000000000000000e0
1,23,0,3,0.00000000000000000e0
1,24,0,3,0.00000000000000000e0
1,25,0,3,0.00000000000000000e0
1,26,0,3,0.00000000000000000e0
1,27,0,3,0.00000000000000000e0
1,28,0,3,0.00000000000000000e0
1,29,0,3,0.00000000000000000e0
1,30,0,3,0.00000000000000000e0
1,31,0,3,0.00000000000000000e0
1,32,0,3,0.00000000000000000e0
1,33,0,3,0.00000000000000000e0
1,34,0,3,0.00000000000000000e0
1,35,0,3,0.00000000000000000e0
1,36,0,3,0.00000000000000000e0
1,37,0,3,0.00000000000000000e0
1,38,0,3,0.00000000000000000e0
1,39,0,3,0.00000000000000000e0
1,40,0,3,0.00000000000000000e0
1,41,0,3,0.00000000000000000e0
1,42,0,3,0.00000000000000000e0
1,43,0,3,0.00000000000000000e0
1,44,0,3,0.00000000000000000e0
1,45,0,3,0.00000000000000000e0
1,46,0,3,0.00000000000000000e0
1,47,0,3,0.00000000000000000e0
1,48,0,3,0.00000000000000000e0
1,49,0,3,0.00000000000000000e0
1,50,0,3,0.00000000000000000e0
1,51,0,3,0.00000000000000000e0
1,52,0,3,0.00000000000000000e0
1,53,0,3,0.00000000000000000e0
1,54,0,3,0.00000000000000000e0
1,55,0,3,0.00000000000000000e0
1,56,0,3,0.00000000000000000e0
1,57,0,3,0.00000000000000000e0
1,58,0,3,0.00000000000000000e0
1,59,0,3,0.00000000000000000e0
1,60,0,3,0.00000000000000000e0
1,61,0,3,0.00000000000000000e0
1,62,0,3,0.00000000000000000e0
1,63,0,3,0.00000000000000000e0
1,0,1,3,1.17113079216996097e-14
1,1,1,3,1.17112020425812029e-14
1,2,1,3,1.17104769823783532e-14
1,3,1,3,1.17089209828542470e-14
1,4,1,3,1.17117678605899687e-14
1,5,1,3,1.17407736568357450e-14
1,6,1,3,1.18435907511382083e-14
1,7,1,3,1.20863199006351896e-14
1,8,1,3,1.25216694245354823e-14
1,9,1,3,1.31459869167705259e-14
1,10,1,3,1.38729605670480545e-14
1,11,1,3,1.45449600849828845e-14
1,12,1,3,1.49804536044842104e-14
1,13,1,3,1.50369185148140766e-14
1,14,1,3,1.46654657683228593e-14
1,15,1,3,1.39429974862917763e-14
1,16,1,3,1.30788290625145215e-14
1,17,1,3,1.23980636006085568e-14
1,18,1,3,1.23043588867526553e-14
1,19,1,3,1.32246788186692922e-14
1,20,1,3,1.55410064564499503e-14
1,21,1,3,1.95178803539175147e-14
1,22,1,3,2.52370027680652934e-14
1,23,1,3,3.25494127907232506e-14
1,24,1,3,4.10533931881947728e-14
1,25,1,3,5.01054682770438187e-14
1,26,1,3,5.88729233549564746e-14
1,27,1,3,6.64336275335748738e-14
1,28,1,3,7.19156450969954397e-14
1,29,1,3,7.46477668090231306e-14
1,30,1,3,7.42757025047439956e-14
1,31,1,3,7.08040668196546763e-14
1,32,1,3,6.45560875264274137e-14
1,33,1,3,5.60821463053973179e-14
1,34,1,3,4.60654226623700286e-14
1,35,1,3,3.52553679609443615e-14
1,36,1,3,2.44244152626440364e-14
1,37,1,3,1.43226291829216812e-14
1,38,1,3,5.61415639725813126e-15
1,39,1,3,-1.19441937013165488e-15
1,40,1,3,-5.80650445056890042e-15
1,41,1,3,-8.14888724532357445e-15
1,42,1,3,-8.34968911096441516e-15
1,43,1,3,-6.69978031454560204e-15
1,44,1,3,-3.61016411196449748e-15
1,45,1,3,4.38945681687199682e-16
1,46,1,3,4.96490183153944740e-15
1,47,1,3,9.55434360371421737e-15
1,48,1,3,1.39088019191781730e-14
1,49,1,3,1.78391559201495839e-14
1,50,1,3,2.12175654649982004e-14
1,51,1,3,2.39256449938510252e-14
1,52,1,3,2.58354078283779334e-14
1,53,1,3,2.68301412987767551e-14
1,54,1,3,2.68454861476492140e-14
1,55,1,3,2.59048831647776256e-14
1,56,1,3,2.41310233785058809e-14
1,57,1,3,2.17222751288173588e-14
1,58,1,3,1.88909556942708223e-14
1,59,1,3,1.57775268544435576e-14
1,60,1,3,1.23780194129447310e-14
1,61,1,3,8.52973951643047276e-15
1,62,1,3,3.97609801528787943e-15
1,63,1,3,-1.51226160144613464e-15
1,0,2,3,-2.65376015297835374e-14
1,1,2,3,-2.65373863834149348e-14
1,2,2,3,-2.65345725399641560e-14
1,3,2,3,-2.65161936190746322e-14
1,4,2,3,-2.64366267321413523e-14
1,5,2,3,-2.61798622467083672e-14
1,6,2,3,-2.55201574120029334e-14
1,7,2,3,-2.41116534290680695e-14
1,8,2,3,-2.15349046646211295e-14
1,9,2,3,-1.74006266345652985e-14
1,10,2,3,-1.14772151201328332e-14
1,11,2,3,-3.79428239315974386e-15
1,12,2,3,5.31249238935709023e-15
1,13,2,3,1.52241009376960154e-14
1,14,2,3,2.51167562768071784e-14
1,15,2,3,3.40765522082505518e-14
1,16,2,3,4.12306161976828955e-14
1,17,2,3,4.58756805059214873e-14
1,18,2,3,4.75830177126476683e-14
1,19,2,3,4.62582378543512085e-14
1,20,2,3,4.21408750722520459e-14
1,21,2,3,3.57430658150508646e-14
1,22,2,3,2.77442694198489631e-14
1,23,2,3,1.88739980946667912e-14
1,24,2,3,9.81774967448662342e-15
1,25,2,3,1.16735666746687998e-15
1,26,2,3,-6.58992310590203467e-15
1,27,2,3,-1.30716462231218050e-14
1,28,2,3,-1.80167058843553468e-14
1,29,2,3,-2.13186452947258451e-14
1,30,2,3,-2.30463553378993866e-14
1,31,2,3,-2.34187364325007946e-14
1,32,2,3,-2.27291296406913895e-14
1,33,2,3,-2.12526614281347351e-14
1,34,2,3,-1.91840290940208102e-14
1,35,2,3,-1.66352137821084226e-14
1,36,2,3,-1.36877923885146864e-14
1,37,2,3,-1.04641857380733186e-14
1,38,2,3,-7.17067515256094787e-15
1,39,2,3,-4.07748447094243016e-15
1,40,2,3,-1.43456898666689163e-15
1,41,2,3,6.39522792429442384e-16
1,42,2,3,2.23852533223474568e-15
1,43,2,3,3.67425655398438862e-15
1,44,2,3,5.39564519027257126e-15
1,45,2,3,7.84143037909626126e-15
1,46,2,3,1.12697106827803692e-14
1,47,2,3,1.56225723411387504e-14
1,48,2,3,2.04840484852031324e-14
1,49,2,3,2.51612695522512864e-14
1,50,2,3,2.88671572811014659e-14
1,51,2,3,3.09397791403969585e-14
1,52,2,3,3.10271929405536023e-14
1,53,2,3,2.91944406475251605e-14
1,54,2,3,2.59423271032439492e-14
1,55,2,3,2.21430336631682489e-14
1,56,2,3,1.88986721644203090e-14
1,57,2,3,1.73339024611782883e-14
1,58,2,3,1.83540316734016884e-14
1,59,2,3,2.24265491431414193e-14
1,60,2,3,2.94535819074081412e-14
1,61,2,3,3.87801024474311584e-14
1,62,2,3,4.93376430747531625e-14
1,63,2,3,5.98821936047960746e-14
1,0,3,3,-4.49363980474146683e-15
1,1,3,3,-4.49396930055794876e-15
1,2,3,3,-4.49796771958546268e-15
1,3,3,3,-4.52216279220730814e-15
1,4,3,3,-4.61967153102932869e-15
1,5,3,3,-4.91430262436931727e-15
1,6,3,3,-5.62707407322023297e-15
1,7,3,3,-7.06739642530223103e-15
1,8,3,3,-9.57286821427066892e-15
1,9,3,3,-1.34109574573965107e-14
1,10,3,3,-1.86805272991844365e-14
1,11,3,3,-2.52521358587009387e-14
1,12,3,3,-3.27658669781964035e-14
1,13,3,3,-4.06819150307151378e-14
1,14,3,3,-4.83662521383147748e-14
1,15,3,3,-5.51924872721053922e-14
1,16,3,3,-6.06437304344863148e-14
1,17,3,3,-6.43989256452620618e-14
1,18,3,3,-6.63862546749008353e-14
1,19,3,3,-6.67869757978514778e-14
1,20,3,3,-6.59823622605956728e-14
1,21,3,3,-6.44541725222137762e-14
1,22,3,3,-6.26665399802196765e-14
1,23,3,3,-6.09644442133711051e-14
1,24,3,3,-5.95171969434288295e-14
1,25,3,3,-5.83190180175607864e-14
1,26,3,3,-5.72405214590079869e-14
1,27,3,3,-5.61111419372477271e-14
1,28,3,3,-5.48033772767957117e-14
1,29,3,3,-5.32895532171992481e-14
1,30,3,3,-5.16524214892732925e-14
1,31,3,3,-5.00498012717502661e-14
1,32,3,3,-4.86510110626545145e-14
1,33,3,3,-4.75714574069835416e-14
1,34,3,3,-4.68279454384108729e-14
1,35,3,3,-4.63248248084007636e-14
1,36,3,3,-4.58683079311485858e-14
1,37,3,3,-4.52002733744398533e-14
1,38,3,3,-4.40408750050289011e-14
1,39,3,3,-4.21269091930177170e-14
1,40,3,3,-3.92329364254286744e-14
1,41,3,3,-3.51715083110343968e-14
1,42,3,3,-2.97870892719282604e-14
1,43,3,3,-2.29718503198588983e-14
1,44,3,3,-1.47225981406151618e-14
1,45,3,3,-5.22522004370263790e-15
1,46,3,3,5.07912295392726892e-15
1,47,3,3,1.54959493858537051e-14
1,48,3,3,2.51703361929186964e-14
1,49,3,3,3.32551775830344787e-14
1,50,3,3,3.91111940739857084e-14
1,51,3,3,4.24833372690905375e-14
1,52,3,3,4.35982088105302257e-14
1,53,3,3,4.31390220854283024e-14
1,54,3,3,4.20849336282835829e-14
1,55,3,3,4.14494657943308836e-14
1,56,3,3,4.20010875309007742e-14
1,57,3,3,4.40714969401380385e-14
1,58,3,3,4.75321550782309421e-14
1,59,3,3,5.19489982172931242e-14
1,60,3,3,5.68408913144934080e-14
1,61,3,3,6.19171868724427421e-14
1,62,3,3,6.71851422694332012e-14
1,63,3,3,7.28884116149401684e-14
1,0,4,3,-2.83883390057299278e-17
1,1,4,3,-2.83155404943803609e-17
1,2,4,3,-2.84040918333153876e-17
1,3,4,3,-3.42190689691672156e-17
1,4,4,3,-7.62502963410812416e-17
1,5,4,3,-2.51230872128131938e-16
1,6,4,3,-7.71862955410658252e-16
1,7,4,3,-1.98686760844075678e-15
1,8,4,3,-4.33425785022136141e-15
1,9,4,3,-8.22731910810753364e-15
1,10,4,3,-1.39171096183248431e-14
1,11,4,3,-2.13908226662272785e-14
1,12,4,3,-3.03441252430970004e-14
1,13,4,3,-4.02288540478877577e-14
1,14,4,3,-5.03495730080471410e-14
1,15,4,3,-5.99738696747433020e-14
1,16,4,3,-6.84283155854593927e-14
1,17,4,3,-7.51669166905270802e-14
1,18,4,3,-7.98124180677664552e-14
1,19,4,3,-8.21770087958487161e-14
1,20,4,3,-8.22665435665052847e-14
1,21,4,3,-8.02665158189212746e-14
1,22,4,3,-7.65073903752702678e-14
1,23,4,3,-7.14134629794908882e-14
1,24,4,3,-6.54470171091402209e-14
1,25,4,3,-5.90611001945184899e-14
1,26,4,3,-5.26678750796278489e-14
1,27,4,3,-4.66231294836329940e-14
1,28,4,3,-4.12245548299123438e-14
1,29,4,3,-3.67197015794986509e-14
1,30,4,3,-3.33142530489077826e-14
1,31,4,3,-3.11659809830271139e-14
1,32,4,3,-3.03535476376022573e-14
1,33,4,3,-3.08251823588970297e-14
1,34,4,3,-3.23500754450482125e-14
1,35,4,3,-3.45019186018345053e-14
1,36,4,3,-3.66950732495242848e-14
1,37,4,3,-3.82750980161463555e-14
1,38,4,3,-3.86461967028656206e-14
1,39,4,3,-3.74025592127843337e-14
1,40,4,3,-3.44225075689635202e-14
1,41,4,3,-2.98923483622176578e-14
1,42,4,3,-2.42563097158001589e-14
1,43,4,3,-1.81257546000507599e-14
1,44,4,3,-1.21935746005483181e-14
1,45,4,3,-7.16975781587907146e-15
1,46,4,3,-3.70585088291697402e-15
1,47,4,3,-2.26274094540556206e-15
1,48,4,3,-2.92619347738612250e-15
1,49,4,3,-5.25246274086870434e-15
1,50,4,3,-8.26030595920540511e-15
1,51,4,3,-1.06333102655527430e-14
1,52,4,3,-1.10847381688578168e-14
1,53,4,3,-8.74194498664019812e-15
1,54,4,3,-3.39185576936980489e-15
1,55,4,3,4.50308676320219405e-15
1,56,4,3,1.40058786711970938e-14
1,57,4,3,2.40285882960626293e-14
1,58,4,3,3.36550957187511240e-14
1,59,4,3,4.23598093721947594e-14
1,60,4,3,5.00704892044540051e-14
1,61,4,3,5.70831495136717160e-14
1,62,4,3,6.38837873117963084e-14
1,63,4,3,7.09475542009195548e-14
1,0,5,3,-5.80063002296980768e-14
1,1,5,3,-5.80065916090319322e-14
1,2,5,3,-5.80086312643689206e-14
1,3,5,3,-5.80124395244997759e-14
1,4,5,3,-5.79979654254970944e-14
1,5,5,3,-5.78782898344454289e-14
1,6,5,3,-5.74365994219019904e-14
1,7,5,3,-5.62924273167508815e-14
1,8,5,3,-5.39444113293804928e-14
1,9,5,3,-4.98937439215481338e-14
1,10,5,3,-4.37989590071612839e-14
1,11,5,3,-3.55949942914754458e-14
1,12,5,3,-2.55350990731924993e-14
1,13,5,3,-1.41542271745462647e-14
1,14,5,3,-2.17966225987296577e-15
1,15,5,3,9.57899819170994829e-15
1,16,5,3,2.03356686416349131e-14
1,17,5,3,2.94159160463096370e-14
1,18,5,3,3.63218908617547742e-14
1,19,5,3,4.07700911605243105e-14
1,20,5,3,4.26963050689527918e-14
1,21,5,3,4.22245720918361378e-14
1,22,5,3,3.96071928509753035e-14
1,23,5,3,3.51554079087729870e-14
1,24,5,3,2.91855366371836233e-14
1,25,5,3,2.19986280981885468e-14
1,26,5,3,1.38976786825148295e-14
1,27,5,3,5.23124625960587862e-15
1,28,5,3,-3.56079479663378058e-15
1,29,5,3,-1.19308097337169836e-14
1,30,5,3,-1.92620577691218764e-14
1,31,5,3,-2.49666518741583493e-14
1,32,5,3,-2.86157883955424908e-14
1,33,5,3,-3.00506689844548536e-14
1,34,5,3,-2.94228379995545991e-14
1,35,5,3,-2.71431504659733203e-14
1,36,5,3,-2.37636363901614842e-14
1,37,5,3,-1.98494734239768392e-14
1,38,5,3,-1.58976513729572680e-14
1,39,5,3,-1.23263038163501197e-14
1,40,5,3,-9.51614495889189019e-15
1,41,5,3,-7.85863446528794335e-15
1,42,5,3,-7.76395396947680491e-15
1,43,5,3,-9.59978438023556882e-15
1,44,5,3,-1.35633225909815615e-14
1,45,5,3,-1.95291187870616847e-14
1,46,5,3,-2.69482769839303124e-14
1,47,5,3,-3.48737423487566200e-14
1,48,5,3,-4.21377986485876183e-14
1,49,5,3,-4.76339616622273310e-14
1,50,5,3,-5.06022734293991999e-14
1,51,5,3,-5.08169725646056419e-14
1,52,5,3,-4.86210735301667585e-14
1,53,5,3,-4.48086595497380891e-14
1,54,5,3,-4.03967088729792478e-14
1,55,5,3,-3.63506967582249985e-14
1,56,5,3,-3.33403484399467931e-14
1,57,5,3,-3.16004106291466885e-14
1,58,5,3,-3.09433536194343717e-14
1,59,5,3,-3.09157538978810376e-14
1,60,5,3,-3.10322039874695588e-14
1,61,5,3,-3.09932506362912280e-14
1,62,5,3,-3.08083060744559351e-14
1,63,5,3,-3.07843350420486384e-14
1,0,6,3,-1.95569946413558238e-14
1,1,6,3,-1.95564728690603151e-14
1,2,6,3,-1.95512907214890133e-14
1,3,6,3,-1.95255832715398453e-14
1,4,6,3,-1.94403260172669110e-14
1,5,6,3,-1.92258589690880166e-14
1,6,6,3,-1.87851748316859163e-14
1,7,6,3,-1.80073461702881868e-14
1,8,6,3,-1.67846541109266043e-14
1,9,6,3,-1.50279298011778140e-14
1,10,6,3,-1.26772998701321984e-14
1,11,6,3,-9.70572702611340044e-15
1,12,6,3,-6.11324769153815187e-15
1,13,6,3,-1.91389423772714111e-15
1,14,6,3,2.87773662829783530e-15
1,15,6,3,8.25190847456632598e-15
1,16,6,3,1.41954488799573425e-14
1,17,6,3,2.06692590153838632e-14
1,18,6,3,2.75780934140589309e-14
1,19,6,3,3.47457522822947062e-14
1,20,6,3,4.19102110600557548e-14
1,21,6,3,4.87448792538692360e-14
1,22,6,3,5.48977672403059419e-14
1,23,6,3,6.00302278589218141e-14
1,24,6,3,6.38400262016093623e-14
1,25,6,3,6.60677160766245941e-14
1,26,6,3,6.65001094555389693e-14
1,27,6,3,6.49890365589551877e-14
1,28,6,3,6.14941989473746786e-14
1,29,6,3,5.61361599023778302e-14
1,30,6,3,4.92238696092779648e-14
1,31,6,3,4.12220171192023699e-14
1,32,6,3,3.26563422299846334e-14
1,33,6,3,2.39989878826878805e-14
1,34,6,3,1.55927821923838167e-14
1,35,6,3,7.64762415856679381e-15
1,36,6,3,2.94013606321440191e-16
1,37,6,3,-6.35549191467283010e-15
1,38,6,3,-1.21881603659494686e-14
1,39,6,3,-1.71395897149463627e-14
1,40,6,3,-2.12865546044861687e-14
1,41,6,3,-2.49206783139131749e-14
1,42,6,3,-2.85328096598976705e-14
1,43,6,3,-3.26792460008783897e-14
1,44,6,3,-3.77671120288872175e-14
1,45,6,3,-4.38460777559511461e-14
1,46,6,3,-5.05039329042229757e-14
1,47,6,3,-5.69351965747089128e-14
1,48,6,3,-6.21914087069186383e-14
1,49,6,3,-6.55370872046194541e-14
1,50,6,3,-6.67603247531990684e-14
1,51,6,3,-6.62807075934093715e-14
1,52,6,3,-6.49875390047044421e-14
1,53,6,3,-6.38861657803121985e-14
1,54,6,3,-6.37334287992633031e-14
1,55,6,3,-6.48390778459732864e-14
1,56,6,3,-6.71057109077714820e-14
1,57,6,3,-7.02463193408102426e-14
1,58,6,3,-7.40348469921263408e-14
1,59,6,3,-7.84499689602397021e-14
1,60,6,3,-8.36492672546575167e-14
1,61,6,3,-8.98084639424853726e-14
1,62,6,3,-9.69249637147728826e-14
1,63,6,3,-1.04692770837126747e-13
1,0,7,3,1.03812823883608039e-14
1,1,7,3,1.03809342578194824e-14
1,2,7,3,1.03772361119717701e-14
1,3,7,3,1.03572656161743555e-14
1,4,7,3,1.02839439031611815e-14
1,5,7,3,1.00777828600630628e-14
1,6,7,3,9.60464889045165027e-15
1,7,7,3,8.68341246888608420e-15
1,8,7,3,7.12215202314453802e-15
1,9,7,3,4.77684992933715205e-15
1,10,7,3,1.61060540887502952e-15
1,11,7,3,-2.27333796285042380e-15
1,12,7,3,-6.63952916694150914e-15
1,13,7,3,-1.11628515472536084e-14
1,14,7,3,-1.54835217184515900e-14
1,15,7,3,-1.92517510722196861e-14
1,16,7,3,-2.21519376735097862e-14
1,17,7,3,-2.39118603796674087e-14
1,18,7,3,-2.43106705962890454e-14
1,19,7,3,-2.31962784754975032e-14
1,20,7,3,-2.05112687359960966e-14
1,21,7,3,-1.63147439487124415e-14
1,22,7,3,-1.07835298646823986e-14
1,23,7,3,-4.18376211835090085e-15
1,24,7,3,3.18028875024407246e-15
1,25,7,3,1.10178691528368261e-14
1,26,7,3,1.90769166956428204e-14
1,27,7,3,2.71271500135996865e-14
1,28,7,3,3.49089280973855637e-14
1,29,7,3,4.20795295580801004e-14
1,30,7,3,4.81984108657504406e-14
1,31,7,3,5.27777792985999888e-14
1,32,7,3,5.53855836790250605e-14
1,33,7,3,5.57491776538316525e-14
1,34,7,3,5.38037157687097645e-14
1,35,7,3,4.96705304111558915e-14
1,36,7,3,4.36037585704006359e-14
1,37,7,3,3.59550476685625148e-14
1,38,7,3,2.71627186211207891e-14
1,39,7,3,1.77233106120854023e-14
1,40,7,3,8.11485600260173842e-15
1,41,7,3,-1.28779522344578488e-15
1,42,7,3,-1.02170435469211424e-14
1,43,7,3,-1.83990531686141490e-14
1,44,7,3,-2.54101515490771229e-14
1,45,7,3,-3.06635345912430191e-14
1,46,7,3,-3.36113447729595449e-14
1,47,7,3,-3.40663268265112978e-14
1,48,7,3,-3.24172519340290566e-14
1,49,7,3,-2.95574518636640415e-14
1,50,7,3,-2.65387704352507484e-14
1,51,7,3,-2.41517130052755144e-14
1,52,7,3,-2.26745959654812632e-14
1,53,7,3,-2.19119139472463351e-14
1,54,7,3,-2.14572859534665344e-14
1,55,7,3,-2.09993782481149652e-14
1,56,7,3,-2.05007723037137213e-14
1,57,7,3,-2.01853135172336967e-14
1,58,7,3,-2.03844238580788706e-14
1,59,7,3,-2.13508156060625634e-14
1,60,7,3,-2.31378569190594796e-14
1,61,7,3,-2.55918638331856935e-14
1,62,7,3,-2.84438237665909227e-14
1,63,7,3,-3.14391626610437819e-14
1,0,8,3,0.00000000000000000e0
1,1,8,3,0.00000000000000000e0
1,2,8,3,0.00000000000000000e0
1,3,8,3,0.00000000000000000e0
1,4,8,3,0.00000000000000000e0
1,5,8,3,0.00000000000000000e0
1,6,8,3,0.00000000000000000e0
1,7,8,3,0.00000000000000000e0
1,8,8,3,0.00000000000000000e0
1,9,8,3,0.00000000000000000e0
1,10,8,3,0.00000000000000000e0
1,11,8,3,0.00000000000000000e0
1,12,8,3,0.00000000000000000e0
1,13,8,3,0.00000000000000000e0
1,14,8,3,0.00000000000000000e0
1,15,8,3,0.00000000000000000e0
1,16,8,3,0.00000000000000000e0
1,17,8,3,0.00000000000000000e0
1,18,8,3,0.00000000000000000e0
1,19,8,3,0.00000000000000000e0
1,20,8,3,0.00000000000000000e0
1,21,8,3,0.00000000000000000e0
1,22,8,3,0.00000000000000000e0
1,23,8,3,0.00000000000000000e0
1,24,8,3,0.00000000000000000e0
1,25,8,3,0.00000000000000000e0
1,26,8,3,0.00000000000000000e0
1,27,8,3,0.00000000000000000e0
1,28,8,3,0.00000000000000000e0
1,29,8,3,0.00000000000000000e0
1,30,8,3,0.00000000000000000e0
1,31,8,3,0.00000000000000000e0
1,32,8,3,0.00000000000000000e0
1,33,8,3,0.00000000000000000e0
1,34,8,3,0.00000000000000000e0
1,35,8,3,0.00000000000000000e0
1,36,8,3,0.00000000000000000e0
1,37,8,3,0.00000000000000000e0
1,38,8,3,0.00000000000000000e0
1,39,8,3,0.00000000000000000e0
1,40,8,3,0.00000000000000000e0
1,41,8,3,0.00000000000000000e0
1,42,8,3,0.00000000000000000e0
1,43,8,3,0.00000000000000000e0
1,44,8,3,0.00000000000000000e0
1,45,8,3,0.00000000000000000e0
1,46,8,3,0.00000000000000000e0
1,47,8,3,0.00000000000000000e0
1,48,8,3,0.00000000000000000e0
1,49,8,3,0.00000000000000000e0
1,50,8,3,0.00000000000000000e0
1,51,8,3,0.00000000000000000e0
1,52,8,3,0.00000000000000000e0
1,53,8,3,0.00000000000000000e0
1,54,8,3,0.00000000000000000e0
1,55,8,3,0.00000000000000000e0
1,56,8,3,0.00000000000000000e0
1,57,8,3,0.00000000000000000e0
1,58,8,3,0.00000000000000000e0
1,59,8,3,0.00000000000000000e0
1,60,8,3,0.00000000000000000e0
1,61,8,3,0.00000000000000000e0
1,62,8,3,0.00000000000000000e0
1,63,8,3,0.00000000000000000e0
2,0,0,0,0.00000000000000000e0
2,1,0,0,0.00000000000000000e0
2,2,0,0,0.00000000000000000e0
2,3,0,0,0.00000000000000000e0
2,4,0,0,0.00000000000000000e0
2,5,0,0,0.00000000000000000e0
2,6,0,0,0.00000000000000000e0
2,7,0,0,0.00000000000000000e0
2,8,0,0,0.00000000000000000e0
2,9,0,0,0.00000000000000000e0
2,10,0,0,0.00000000000000000e0
2,11,0,0,0.00000000000000000e0
2,12,0,0,0.00000000000000000e0
2,13,0,0,0.00000000000000000e0
2,14,0,0,0.00000000000000000e0
2,15,0,0,0.00000000000000000e0
2,16,0,0,0.00000000000000000e0
2,17,0,0,0.00000000000000000e0
2,18,0,0,0.00000000000000000e0
2,19,0,0,0.00000000000000000e0
2,20,0,0,0.00000000000000000e0
2,21,0,0,0.00000000000000000e0
2,22,0,0,0.00000000000000000e0
2,23,0,0,0.00000000000000000e0
2,24,0,0,0.00000000000000000e0
2,25,0,0,0.00000000000000000e0
2,26,0,0,0.00000000000000000e0
2,27,0,0,0.00000000000000000e0
2,28,0,0,0.00000000000000000e0
2,29,0,0,0.00000000000000000e0
2,30,0,0,0.00000000000000000e0
2,31,0,0,0.00000000000000000e0
2,32,0,0,0.00000000000000000e0
2,33,0,0,0.00000000000000000e0
2,34,0,0,0.00000000000000000e0
2,35,0,0,0.00000000000000000e0
2,36,0,0,0.00000000000000000e0
2,37,0,0,0.00000000000000000e0
2,38,0,0,0.00000000000000000e0
2,39,0,0,0.00000000000000000e0
2,40,0,0,0.00000000000000000e0
2,41,0,0,0.00000000000000000e0
2,42,0,0,0.00000000000000000e0
2,43,0,0,0.00000000000000000e0
2,44,0,0,0.00000000000000000e0
2,45,0,0,0.00000000000000000e0
2,46,0,0,0.00000000000000000e0
2,47,0,0,0.00000000000000000e0
2,48,0,0,0.00000000000000000e0
2,49,0,0,0.00000000000000000e0
2,50,0,0,0.00000000000000000e0
2,51,0,0,0.00000000000000000e0
2,52,0,0,0.00000000000000000e0
2,53,0,0,0.00000000000000000e0
2,54,0,0,0.00000000000000000e0
2,55,0,0,0.00000000000000000e0
2,56,0,0,0.00000000000000000e0
2,57,0,0,0.00000000000000000e0
2,58,0,0,0.00000000000000000e0
2,59,0,0,0.00000000000000000e0
2,60,0,0,0.00000000000000000e0
2,61,0,0,0.00000000000000000e0
2,62,0,0,0.00000000000000000e0
2,63,0,0,0.00000000000000000e0
2,0,1,0,0.00000000000000000e0
2,1,1,0,0.00000000000000000e0
2,2,1,0,0.00000000000000000e0
2,3,1,0,0.00000000000000000e0
2,4,1,0,0.00000000000000000e0
2,5,1,0,0.00000000000000000e0
2,6,1,0,0.00000000000000000e0
2,7,1,0,0.00000000000000000e0
2,8,1,0,0.00000000000000000e0
2,9,1,0,0.00000000000000000e0
2,10,1,0,0.00000000000000000e0
2,11,1,0,0.00000000000000000e0
2,12,1,0,0.00000000000000000e0
2,13,1,0,0.00000000000000000e0
2,14,1,0,0.00000000000000000e0
2,15,1,0,0.00000000000000000e0
2,16,1,0,0.00000000000000000e0
2,17,1,0,0.00000000000000000e0
2,18,1,0,0.00000000000000000e0
2,19,1,0,0.00000000000000000e0
2,20,1,0,0.00000000000000000e0
2,21,1,0,0.00000000000000000e0
2,22,1,0,0.00000000000000000e0
2,23,1,0,0.00000000000000000e0
2,24,1,0,0.00000000000000000e0
2,25,1,0,0.00000000000000000e0
2,26,1,0,0.00000000000000000e0
2,27,1,0,0.00000000000000000e0
2,28,1,0,0.00000000000000000e0
2,29,1,0,0.00000000000000000e0
2,30,1,0,0.00000000000000000e0
2,31,1,0,0.00000000000000000e0
2,32,1,0,0.00000000000000000e0
2,33,1,0,0.00000000000000000e0
2,34,1,0,0.00000000000000000e0
2,35,1,0,0.00000000000000000e0
2,36,1,0,0.00000000000000000e0
2,37,1,0,0.00000000000000000e0
2,38,1,0,0.00000000000000000e0
2,39,1,0,0.00000000000000000e0
2,40,1,0,0.00000000000000000e0
2,41,1,0,0.00000000000000000e0
2,42,1,0,0.00000000000000000e0
2,43,1,0,0.00000000000000000e0
2,44,1,0,0.00000000000000000e0
2,45,1,0,0.00000000000000000e0
2,46,1,0,0.00000000000000000e0
2,47,1,0,0.00000000000000000e0
2,48,1,0,0.00000000000000000e0
2,49,1,0,0.00000000000000000e0
2,50,1,0,0.00000000000000000e0
2,51,1,0,0.00000000000000000e0
2,52,1,0,0.00000000000000000e0
2,53,1,0,0.00000000000000000e0
2,54,1,0,0.00000000000000000e0
2,55,1,0,0.00000000000000000e0
2,56,1,0,0.00000000000000000e0
2,57,1,0,0.00000000000000000e0
2,58,1,0,0.00000000000000000e0
2,59,1,0,0.00000000000000000e0
2,60,1,0,0.00000000000000000e0
2,61,1,0,0.00000000000000000e0
2,62,1,0,0.00000000000000000e0
2,63,1,0,0.00000000000000000e0
2,0,2,0,0.00000000000000000e0
2,1,2,0,0.00000000000000000e0
2,2,2,0,0.00000000000000000e0
2,3,2,0,0.00000000000000000e0
2,4,2,0,0.00000000000000000e0
2,5,2,0,0.00000000000000000e0
2,6,2,0,0.00000000000000000e0
2,7,2,0,0.00000000000000000e0
2,8,2,0,0.00000000000000000e0
2,9,2,0,0.00000000000000000e0
2,10,2,0,0.00000000000000000e0
2,11,2,0,0.00000000000000000e0
2,12,2,0,0.00000000000000000e0
2,13,2,0,0.00000000000000000e0
2,14,2,0,0.00000000000000000e0
2,15,2,0,0.00000000000000000e0
2,16,2,0,0.00000000000000000e0
2,17,2,0,0.00000000000000000e0
2,18,2,0,0.00000000000000000e0
2,19,2,0,0.00000000000000000e0
2,20,2,0,0.00000000000000000e0
2,21,2,0,0.00000000000000000e0
2,22,2,0,0.00000000000000000e0
2,23,2,0,0.00000000000000000e0
2,24,2,0,0.00000000000000000e0
2,25,2,0,0.00000000000000000e0
2,26,2,0,0.00000000000000000e0
2,27,2,0,0.00000000000000000e0
2,28,2,0,0.00000000000000000e0
2,29,2,0,0.00000000000000000e0
2,30,2,0,0.00000000000000000e0
2,31,2,0,0.00000000000000000e0
2,32,2,0,0.00000000000000000e0
2,33,2,0,0.00000000000000000e0
2,34,2,0,0.00000000000000000e0
2,35,2,0,0.00000000000000000e0
2,36,2,0,0.00000000000000000e0
2,37,2,0,0.00000000000000000e0
2,38,2,0,0.00000000000000000e0
2,39,2,0,0.00000000000000000e0
2,40,2,0,0.00000000000000000e0
2,41,2,0,0.00000000000000000e0
2,42,2,0,0.00000000000000000e0
2,43,2,0,0.00000000000000000e0
2,44,2,0,0.00000000000000000e0
2,45,2,0,0.00000000000000000e0
2,46,2,0,0.00000000000000000e0
2,47,2,0,0.00000000000000000e0
2,48,2,0,0.00000000000000000e0
2,49,2,0,0.00000000000000000e0
2,50,2,0,0.00000000000000000e0
2,51,2,0,0.00000000000000000e0
2,52,2,0,0.00000000000000000e0
2,53,2,0,0.00000000000000000e0
2,54,2,0,0.00000000000000000e0
2,55,2,0,0.00000000000000000e0
2,56,2,0,0.00000000000000000e0
2,57,2,0,0.00000000000000000e0
2,58,2,0,0.00000000000000000e0
2,59,2,0,0.00000000000000000e0
2,60,2,0,0.00000000000000000e0
2,61,2,0,0.00000000000000000e0
2,62,2,0,0.00000000000000000e0
2,63,2,0,0.00000000000000000e0
2,0,3,0,0.00000000000000000e0
2,1,3,0,0.00000000000000000e0
2,2,3,0,0.00000000000000000e0
2,3,3,0,0.00000000000000000e0
2,4,3,0,0.00000000000000000e0
2,5,3,0,0.00000000000000000e0
2,6,3,0,0.00000000000000000e0
2,7,3,0,0.00000000000000000e0
2,8,3,0,0.00000000000000000e0
2,9,3,0,0.00000000000000000e0
2,10,3,0,0.00000000000000000e0
2,11,3,0,0.00000000000000000e0
2,12,3,0,0.00000000000000000e0
2,13,3,0,0.00000000000000000e0
2,14,3,0,0.00000000000000000e0
2,15,3,0,0.00000000000000000e0
2,16,3,0,0.00000000000000000e0
2,17,3,0,0.00000000000000000e0
2,18,3,0,0.00000000000000000e0
2,19,3,0,0.00000000000000000e0
2,20,3,0,0.00000000000000000e0
2,21,3,0,0.00000000000000000e0
2,22,3,0,0.00000000000000000e0
2,23,3,0,0.00000000000000000e0
2,24,3,0,0.00000000000000000e0
2,25,3,0,0.00000000000000000e0
2,26,3,0,0.00000000000000000e0
2,27,3,0,0.00000000000000000e0
2,28,3,0,0.00000000000000000e0
2,29,3,0,0.00000000000000000e0
2,30,3,0,0.00000000000000000e0
2,31,3,0,0.00000000000000000e0
2,32,3,0,0.00000000000000000e0
2,33,3,0,0.00000000000000000e0
2,34,3,0,0.00000000000000000e0
2,35,3,0,0.00000000000000000e0
2,36,3,0,0.00000000000000000e0
2,37,3,0,0.00000000000000000e0
2,38,3,0,0.00000000000000000e0
2,39,3,0,0.00000000000000000e0
2,40,3,0,0.00000000000000000e0
2,41,3,0,0.00000000000000000e0
2,42,3,0,0.00000000000000000e0
2,43,3,0,0.00000000000000000e0
2,44,3,0,0.00000000000000000e0
2,45,3,0,0.00000000000000000e0
2,46,3,0,0.00000000000000000e0
2,47,3,0,0.00000000000000000e0
2,48,3,0,0.00000000000000000e0
2,49,3,0,0.00000000000000000e0
2,50,3,0,0.00000000000000000e0
2,51,3,0,0.00000000000000000e0
2,52,3,0,0.00000000000000000e0
2,53,3,0,0.00000000000000000e0
2,54,3,0,0.00000000000000000e0
2,55,3,0,0.00000000000000000e0
2,56,3,0,0.00000000000000000e0
2,57,3,0,0.00000000000000000e0
2,58,3,0,0.00000000000000000e0
2,59,3,0,0.00000000000000000e0
2,60,3,0,0.00000000000000000e0
2,61,3,0,0.00000000000000000e0
2,62,3,0,0.00000000000000000e0
2,63,3,0,0.00000000000000000e0
2,0,4,0,0.00000000000000000e0
2,1,4,0,0.00000000000000000e0
2,2,4,0,0.00000000000000000e0
2,3,4,0,0.00000000000000000e0
2,4,4,0,0.00000000000000000e0
2,5,4,0,0.00000000000000000e0
2,6,4,0,0.00000000000000000e0
2,7,4,0,0.00000000000000000e0
2,8,4,0,0.00000000000000000e0
2,9,4,0,0.00000000000000000e0
2,10,4,0,0.00000000000000000e0
2,11,4,0,0.00000000000000000e0
2,12,4,0,0.00000000000000000e0
2,13,4,0,0.00000000000000000e0
2,14,4,0,0.00000000000000000e0
2,15,4,0,0.00000000000000000e0
2,16,4,0,0.00000000000000000e0
2,17,4,0,0.00000000000000000e0
2,18,4,0,0.00000000000000000e0
2,19,4,0,0.00000000000000000e0
2,20,4,0,0.00000000000000000e0
2,21,4,0,0.00000000000000000e0
2,22,4,0,0.00000000000000000e0
2,23,4,0,0.00000000000000000e0
2,24,4,0,0.00000000000000000e0
2,25,4,0,0.00000000000000000e0
2,26,4,0,0.00000000000000000e0
2,27,4,0,0.00000000000000000e0
2,28,4,0,0.00000000000000000e0
2,29,4,0,0.00000000000000000e0
2,30,4,0,0.00000000000000000e0
2,31,4,0,0.00000000000000000e0
2,32,4,0,0.00000000000000000e0
2,33,4,0,0.00000000000000000e0
2,34,4,0,0.00000000000000000e0
2,35,4,0,0.00000000000000000e0
2,36,4,0,0.00000000000000000e0
2,37,4,0,0.00000000000000000e0
2,38,4,0,0.00000000000000000e0
2,39,4,0,0.00000000000000000e0
2,40,4,0,0.00000000000000000e0
2,41,4,0,0.00000000000000000e0
2,42,4,0,0.00000000000000000e0
2,43,4,0,0.00000000000000000e0
2,44,4,0,0.00000000000000000e0
2,45,4,0,0.00000000000000000e0
2,46,4,0,0.00000000000000000e0
2,47,4,0,0.00000000000000000e0
2,48,4,0,0.00000000000000000e0
2,49,4,0,0.00000000000000000e0
2,50,4,0,0.00000000000000000e0
2,51,4,0,0.00000000000000000e0
2,52,4,0,0.00000000000000000e0
2,53,4,0,0.00000000000000000e0
2,54,4,0,0.00000000000000000e0
2,55,4,0,0.00000000000000000e0
2,56,4,0,0.00000000000000000e0
2,57,4,0,0.00000000000000000e0
2,58,4,0,0.00000000000000000e0
2,59,4,0,0.00000000000000000e0
2,60,4,0,0.00000000000000000e0
2,61,4,0,0.00000000000000000e0
2,62,4,0,0.00000000000000000e0
2,63,4,0,0.00000000000000000e0
2,0,5,0,0.00000000000000000e0
2,1,5,0,0.00000000000000000e0
2,2,5,0,0.00000000000000000e0
2,3,5,0,0.00000000000000000e0
2,4,5,0,0.00000000000000000e0
2,5,5,0,0.00000000000000000e0
2,6,5,0,0.00000000000000000e0
2,7,5,0,0.00000000000000000e0
2,8,5,0,0.00000000000000000e0
2,9,5,0,0.00000000000000000e0
2,10,5,0,0.00000000000000000e0
2,11,5,0,0.00000000000000000e0
2,12,5,0,0.00000000000000000e0
2,13,5,0,0.00000000000000000e0
2,14,5,0,0.00000000000000000e0
2,15,5,0,0.00000000000000000e0
2,16,5,0,0.00000000000000000e0
2,17,5,0,0.00000000000000000e0
2,18,5,0,0.00000000000000000e0
2,19,5,0,0.00000000000000000e0
2,20,5,0,0.00000000000000000e0
2,21,5,0,0.00000000000000000e0
2,22,5,0,0.00000000000000000e0
2,23,5,0,0.00000000000000000e0
2,24,5,0,0.00000000000000000e0
2,25,5,0,0.00000000000000000e0
2,26,5,0,0.00000000000000000e0
2,27,5,0,0.00000000000000000e0
2,28,5,0,0.00000000000000000e0
2,29,5,0,0.00000000000000000e0
2,30,5,0,0.00000000000000000e0
2,31,5,0,0.00000000000000000e0
2,32,5,0,0.00000000000000000e0
2,33,5,0,0.00000000000000000e0
2,34,5,0,0.00000000000000000e0
2,35,5,0,0.00000000000000000e0
2,36,5,0,0.00000000000000000e0
2,37,5,0,0.00000000000000000e0
2,38,5,0,0.00000000000000000e0
2,39,5,0,0.00000000000000000e0
2,40,5,0,0.00000000000000000e0
2,41,5,0,0.00000000000000000e0
2,42,5,0,0.00000000000000000e0
2,43,5,0,0.00000000000000000e0
2,44,5,0,0.00000000000000000e0
2,45,5,0,0.00000000000000000e0
2,46,5,0,0.00000000000000000e0
2,47,5,0,0.00000000000000000e0
2,48,5,0,0.00000000000000000e0
2,49,5,0,0.00000000000000000e0
2,50,5,0,0.00000000000000000e0
2,51,5,0,0.00000000000000000e0
2,52,5,0,0.00000000000000000e0
2,53,5,0,0.00000000000000000e0
2,54,5,0,0.00000000000000000e0
2,55,5,0,0.00000000000000000e0
2,56,5,0,0.00000000000000000e0
2,57,5,0,0.00000000000000000e0
2,58,5,0,0.00000000000000000e0
2,59,5,0,0.00000000000000000e0
2,60,5,0,0.00000000000000000e0
2,61,5,0,0.00000000000000000e0
2,62,5,0,0.00000000000000000e0
2,63,5,0,0.00000000000000000e0
2,0,6,0,0.00000000000000000e0
2,1,6,0,0.00000000000000000e0
2,2,6,0,0.00000000000000000e0
2,3,6,0,0.00000000000000000e0
2,4,6,0,0.00000000000000000e0
2,5,6,0,0.00000000000000000e0
2,6,6,0,0.00000000000000000e0
2,7,6,0,0.00000000000000000e0
2,8,6,0,0.00000000000000000e0
2,9,6,0,0.00000000000000000e0
2,10,6,0,0.00000000000000000e0
2,11,6,0,0.00000000000000000e0
2,12,6,0,0.00000000000000000e0
2,13,6,0,0.00000000000000000e0
2,14,6,0,0.00000000000000000e0
2,15,6,0,0.00000000000000000e0
2,16,6,0,0.00000000000000000e0
2,17,6,0,0.00000000000000000e0
2,18,6,0,0.00000000000000000e0
2,19,6,0,0.00000000000000000e0
2,20,6,0,0.00000000000000000e0
2,21,6,0,0.00000000000000000e0
2,22,6,0,0.00000000000000000e0
2,23,6,0,0.00000000000000000e0
2,24,6,0,0.00000000000000000e0
2,25,6,0,0.00000000000000000e0
2,26,6,0,0.00000000000000000e0
2,27,6,0,0.00000000000000000e0
2,28,6,0,0.00000000000000000e0
2,29,6,0,0.00000000000000000e0
2,30,6,0,0.00000000000000000e0
2,31,6,0,0.00000000000000000e0
2,32,6,0,0.00000000000000000e0
2,33,6,0,0.00000000000000000e0
2,34,6,0,0.00000000000000000e0
2,35,6,0,0.00000000000000000e0
2,36,6,0,0.00000000000000000e0
2,37,6,0,0.00000000000000000e0
2,38,6,0,0.00000000000000000e0
2,39,6,0,0.00000000000000000e0
2,40,6,0,0.00000000000000000e0
2,41,6,0,0.00000000000000000e0
2,42,6,0,0.00000000000000000e0
2,43,6,0,0.00000000000000000e0
2,44,6,0,0.00000000000000000e0
2,45,6,0,0.00000000000000000e0
2,46,6,0,0.00000000000000000e0
2,47,6,0,0.00000000000000000e0
2,48,6,0,0.00000000000000000e0
2,49,6,0,0.00000000000000000e0
2,50,6,0,0.00000000000000000e0
2,51,6,0,0.00000000000000000e0
2,52,6,0,0.00000000000000000e0
2,53,6,0,0.00000000000000000e0
2,54,6,0,0.00000000000000000e0
2,55,6,0,0.00000000000000000e0
2,56,6,0,0.00000000000000000e0
2,57,6,0,0.00000000000000000e0
2,58,6,0,0.00000000000000000e0
2,59,6,0,0.00000000000000000e0
2,60,6,0,0.00000000000000000e0
2,61,6,0,0.00000000000000000e0
2,62,6,0,0.00000000000000000e0
2,63,6,0,0.00000000000000000e0
2,0,7,0,0.00000000000000000e0
2,1,7,0,0.00000000000000000e0
2,2,7,0,0.00000000000000000e0
2,3,7,0,0.00000000000000000e0
2,4,7,0,0.00000000000000000e0
2,5,7,0,0.00000000000000000e0
2,6,7,0,0.00000000000000000e0
2,7,7,0,0.00000000000000000e0
2,8,7,0,0.00000000000000000e0
2,9,7,0,0.00000000000000000e0
2,10,7,0,0.00000000000000000e0
2,11,7,0,0.00000000000000000e0
2,12,7,0,0.00000000000000000e0
2,13,7,0,0.00000000000000000e0
2,14,7,0,0.00000000000000000e0
2,15,7,0,0.00000000000000000e0
2,16,7,0,0.00000000000000000e0
2,17,7,0,0.00000000000000000e0
2,18,7,0,0.00000000000000000e0
2,19,7,0,0.00000000000000000e0
2,20,7,0,0.00000000000000000e0
2,21,7,0,0.00000000000000000e0
2,22,7,0,0.00000000000000000e0
2,23,7,0,0.00000000000000000e0
2,24,7,0,0.00000000000000000e0
2,25,7,0,0.00000000000000000e0
2,26,7,0,0.00000000000000000e0
2,27,7,0,0.00000000000000000e0
2,28,7,0,0.00000000000000000e0
2,29,7,0,0.00000000000000000e0
2,30,7,0,0.00000000000000000e0
2,31,7,0,0.00000000000000000e0
2,32,7,0,0.00000000000000000e0
2,33,7,0,0.00000000000000000e0
2,34,7,0,0.00000000000000000e0
2,35,7,0,0.00000000000000000e0
2,36,7,0,0.00000000000000000e0
2,37,7,0,0.00000000000000000e0
2,38,7,0,0.00000000000000000e0
2,39,7,0,0.00000000000000000e0
2,40,7,0,0.00000000000000000e0
2,41,7,0,0.00000000000000000e0
2,42,7,0,0.00000000000000000e0
2,43,7,0,0.00000000000000000e0
2,44,7,0,0.00000000000000000e0
2,45,7,0,0.00000000000000000e0
2,46,7,0,0.00000000000000000e0
2,47,7,0,0.00000000000000000e0
2,48,7,0,0.00000000000000000e0
2,49,7,0,0.00000000000000000e0
2,50,7,0,0.00000000000000000e0
2,51,7,0,0.00000000000000000e0
2,52,7,0,0.00000000000000000e0
2,53,7,0,0.00000000000000000e0
2,54,7,0,0.00000000000000000e0
2,55,7,0,0.00000000000000000e0
2,56,7,0,0.00000000000000000e0
2,57,7,0,0.00000000000000000e0
2,58,7,0,0.00000000000000000e0
2,59,7,0,0.00000000000000000e0
2,60,7,0,0.00000000000000000e0
2,61,7,0,0.00000000000000000e0
2,62,7,0,0.00000000000000000e0
2,63,7,0,0.00000000000000000e0
2,0,0,1,-9.56581412388593511e-14
2,1,0,1,-9.56581480151229291e-14
2,2,0,1,-9.56579718322699002e-14
2,3,0,1,-9.56559660582508020e-14
2,4,0,1,-9.56448936435642938e-14
2,5,0,1,-9.56043648111040700e-14
2,6,0,1,-9.54925700145936585e-14
2,7,0,1,-9.52426343087814375e-14
2,8,0,1,-9.47670286970299369e-14
2,9,0,1,-9.39693133960965710e-14
2,10,0,1,-9.27594386392928405e-14
2,11,0,1,-9.10688354154726154e-14
2,12,0,1,-8.88622807065572728e-14
2,13,0,1,-8.61436708641041826e-14
2,14,0,1,-8.29535821544186147e-14
2,15,0,1,-7.93587607737442080e-14
2,16,0,1,-7.54364290218162425e-14
2,17,0,1,-7.12565111624964553e-14
2,18,0,1,-6.68638186268263879e-14
2,19,0,1,-6.22626407896509360e-14
2,20,0,1,-5.74085999007975523e-14
2,21,0,1,-5.22143804159314745e-14
2,22,0,1,-4.65733713801794874e-14
2,23,0,1,-4.03966072290255773e-14
2,24,0,1,-3.36487023140652486e-14
2,25,0,1,-2.63645205114074882e-14
2,26,0,1,-1.86362461107678762e-14
2,27,0,1,-1.05796693630690226e-14
2,28,0,1,-2.30611729087621797e-15
2,29,0,1,6.07666052689797599e-15
2,30,0,1,1.44407716443388165e-14
2,31,0,1,2.26277109977848431e-14
2,32,0,1,3.04814191194515555e-14
2,33,0,1,3.79104062866401220e-14
2,34,0,1,4.49242659945111450e-14
2,35,0,1,5.16029378244946962e-14
2,36,0,1,5.80169660685699029e-14
2,37,0,1,6.41619868129925108e-14
2,38,0,1,6.99520194373526305e-14
2,39,0,1,7.52572917178673251e-14
2,40,0,1,7.99394730098546002e-14
2,41,0,1,8.38602055635781496e-14
2,42,0,1,8.68821887264198400e-14
2,43,0,1,8.88928755366120982e-14
2,44,0,1,8.98511137454455211e-14
2,45,0,1,8.98249912493521985e-14
2,46,0,1,8.89884547343802734e-14
2,47,0,1,8.75709688140727249e-14
2,48,0,1,8.57820352294716426e-14
2,49,0,1,8.37433082405934781e-14
2,50,0,1,8.14547268610660291e-14
2,51,0,1,7.88041168236185141e-14
2,52,0,1,7.56113311610288885e-14
2,53,0,1,7.16880507321999982e-14
2,54,0,1,6.68972933689018778e-14
2,55,0,1,6.12057063018034420e-14
2,56,0,1,5.47228481604343509e-14
2,57,0,1,4.77159036295447120e-14
2,58,0,1,4.05862748465747603e-14
2,59,0,1,3.38067146163096438e-14
2,60,0,1,2.78359929236412368e-14
2,61,0,1,2.30377901407367511e-14
2,62,0,1,1.96247166195546996e-14
2,63,0,1,1.76352157974391660e-14
2,0,1,1,-1.25471640998083001e-13
2,1,1,1,-1.25471532577865752e-13
2,2,1,1,-1.25470326402948862e-13
2,3,1,1,-1.25462493042252654e-13
2,4,1,1,-1.25428638829416794e-13
2,5,1,1,-1.25319364802957411e-13
2,6,1,1,-1.25038461572593573e-13
2,7,1,1,-1.24438396327704315e-13
2,8,1,1,-1.23338825589423828e-13
2,9,1,1,-1.21565531621160849e-13
2,10,1,1,-1.18992367500146690e-13
2,11,1,1,-1.15566275082565340e-13
2,12,1,1,-1.11305441859860244e-13
2,13,1,1,-1.06275597588738335e-13
2,14,1,1,-1.00558951898928328e-13
2,15,1,1,-9.42300436897886007e-14
2,16,1,1,-8.73471556043538266e-14
2,17,1,1,-7.99592054893938364e-14
2,18,1,1,-7.21206677278124486e-14
2,19,1,1,-6.39039399196773827e-14
2,20,1,1,-5.54022634518223922e-14
2,21,1,1,-4.67231132527268916e-14
2,22,1,1,-3.79778572142958765e-14
2,23,1,1,-2.92729267204177440e-14
2,24,1,1,-2.07032385890959167e-14
2,25,1,1,-1.23452714251379853e-14
2,26,1,1,-4.24935042055564309e-15
2,27,1,1,3.56262862296458614e-15
2,28,1,1,1.10825638352822151e-14
2,29,1,1,1.82796994500824400e-14
2,30,1,1,2.50585837480556475e-14
2,31,1,1,3.12456969477591107e-14
2,32,1,1,3.66290521134834957e-14
2,33,1,1,4.10364796343039989e-14
2,34,1,1,4.44057632461788976e-14
2,35,1,1,4.68075759900953015e-14
2,36,1,1,4.84213702662585066e-14
2,37,1,1,4.94891196707765435e-14
2,38,1,1,5.02604482013370435e-14
2,39,1,1,5.09273578982918224e-14
2,40,1,1,5.15650280179073828e-14
2,41,1,1,5.21241849595760476e-14
2,42,1,1,5.25038556197215261e-14
2,43,1,1,5.26649036880488808e-14
2,44,1,1,5.26918630526940907e-14
2,45,1,1,5.27416143798840192e-14
2,46,1,1,5.29129284875320960e-14
2,47,1,1,5.31402043679393699e-14
2,48,1,1,5.31929745205533128e-14
2,49,1,1,5.27775827869562258e-14
2,50,1,1,5.16695891530482426e-14
2,51,1,1,4.98026336696096722e-14
2,52,1,1,4.72840726805073136e-14
2,53,1,1,4.43532234865266078e-14
2,54,1,1,4.13165459961159498e-14
2,55,1,1,3.84883267021563641e-14
2,56,1,1,3.61498720226945819e-14
2,57,1,1,3.45255338804039552e-14
2,58,1,1,3.37667075561449287e-14
2,59,1,1,3.39378556453353436e-14
2,60,1,1,3.50082274638580798e-14
2,61,1,1,3.68586488641662463e-14
2,62,1,1,3.93072313792982436e-14
2,63,1,1,4.21449171134763434e-14
2,0,2,1,-1.33863162525213464e-13
2,1,2,1,-1.33863270945430712e-13
2,2,2,1,-1.33864246727385949e-13
2,3,2,1,-1.33867797489500839e-13
2,4,2,1,-1.33873611523650793e-13
2,5,2,1,-1.33868014329935336e-13
2,6,2,1,-1.33803463643090981e-13
2,7,2,1,-1.33578017353849776e-13
2,8,2,1,-1.33029085793920365e-13
2,9,2,1,-1.31951429492051242e-13
2,10,2,1,-1.30134686121725907e-13
2,11,2,1,-1.27405667938416955e-13
2,12,2,1,-1.23660630346744682e-13
2,13,2,1,-1.18879624026735353e-13
2,14,2,1,-1.13123723442017793e-13
2,15,2,1,-1.06520071626106660e-13
2,16,2,1,-9.92414497477146773e-14
2,17,2,1,-9.14850335244354884e-14
2,18,2,1,-8.34532367256085594e-14
2,19,2,1,-7.53375701124762986e-14
2,20,2,1,-6.73060511404560691e-14
2,21,2,1,-5.94950995479008593e-14
2,22,2,1,-5.20072402027463299e-14
2,23,2,1,-4.49157346786663997e-14
2,24,2,1,-3.82756536697597544e-14
2,25,2,1,-3.21370432706819670e-14
2,26,2,1,-2.65521637202127334e-14
2,27,2,1,-2.15714592184928361e-14
2,28,2,1,-1.72334240248431941e-14
2,29,2,1,-1.35608111382929525e-14
2,30,2,1,-1.05670841475387182e-14
2,31,2,1,-8.25891428407306630e-15
2,32,2,1,-6.61755332064146995e-15
2,33,2,1,-5.56501747488906753e-15
2,34,2,1,-4.94702858931943441e-15
2,35,2,1,-4.55931662188919715e-15
2,36,2,1,-4.20617926881645954e-15
2,37,2,1,-3.74784338831005322e-15
2,38,2,1,-3.09976662190452647e-15
2,39,2,1,-2.18626339938915535e-15
2,40,2,1,-8.88249358709457780e-16
2,41,2,1,9.67415281421331232e-16
2,42,2,1,3.55582144268397696e-15
2,43,2,1,6.96266249544013130e-15
2,44,2,1,1.11119567255848865e-14
2,45,2,1,1.57673116370996708e-14
2,46,2,1,2.06135513525088424e-14
2,47,2,1,2.53679100159975510e-14
2,48,2,1,2.98526530101775323e-14
2,49,2,1,3.40004344394784913e-14
2,50,2,1,3.78215999643181922e-14
2,51,2,1,4.13829906486303661e-14
2,52,2,1,4.48155374572697940e-14
2,53,2,1,4.83220980048403026e-14
2,54,2,1,5.21459130487390149e-14
2,55,2,1,5.64931639608547836e-14
2,56,2,1,6.14456944526831084e-14
2,57,2,1,6.69133937711632876e-14
2,58,2,1,7.26526383000060394e-14
2,59,2,1,7.83405458559816026e-14
2,60,2,1,8.36689929579331748e-14
2,61,2,1,8.84181440628621640e-14
2,62,2,1,9.24832991222243606e-14
2,63,2,1,9.58544089371335395e-14
2,0,3,1,-9.92338603325072788e-14
2,1,3,1,-9.92337857936079204e-14
2,2,3,1,-9.92330404046143366e-14
2,3,3,1,-9.92294760899722905e-14
2,4,3,1,-9.92180784146340367e-14
2,5,3,1,-9.91903567203362979e-14
2,6,3,1,-9.91339849836306297e-14
2,7,3,1,-9.90308163706550559e-14
2,8,3,1,-9.88514690025352194e-14
2,9,3,1,-9.85479262755571683e-14
2,10,3,1,-9.80486105175461253e-14
2,11,3,1,-9.72615407266938514e-14
2,12,3,1,-9.60885695013360963e-14
2,13,3,1,-9.44496623923526957e-14
2,14,3,1,-9.23108228853726509e-14
2,15,3,1,-8.97058780881775097e-14
2,16,3,1,-8.67427264457203140e-14
2,17,3,1,-8.35891482441931954e-14
2,18,3,1,-8.04404896100237299e-14
2,19,3,1,-7.74783679596303954e-14
2,20,3,1,-7.48343308978535737e-14
2,21,3,1,-7.25712214931159560e-14
2,22,3,1,-7.06874269946859701e-14
2,23,3,1,-6.91379868937233577e-14
2,24,3,1,-6.78595499020370752e-14
2,25,3,1,-6.67881887490319459e-14
2,26,3,1,-6.58671928848234001e-14
2,27,3,1,-6.50488845188763876e-14
2,28,3,1,-6.42955808494334591e-14
2,29,3,1,-6.35819183219220319e-14
2,30,3,1,-6.28950626931253087e-14
2,31,3,1,-6.22257575869956947e-14
2,32,3,1,-6.15472977487721562e-14
2,33,3,1,-6.07910192996184706e-14
2,34,3,1,-5.98351866643552499e-14
2,35,3,1,-5.85178606959946279e-14
2,36,3,1,-5.66699431250785451e-14
2,37,3,1,-5.41567557129935678e-14
2,38,3,1,-5.09202360452713082e-14
2,39,3,1,-4.70122903009195098e-14
2,40,3,1,-4.25948677913214058e-14
2,41,3,1,-3.78794557027474499e-14
2,42,3,1,-3.30160703464199567e-14
2,43,3,1,-2.79990586244489512e-14
2,44,3,1,-2.26700118231707229e-14
2,45,3,1,-1.68306751050168249e-14
2,46,3,1,-1.03822496999865684e-14
2,47,3,1,-3.37760338124106722e-15
2,48,3,1,4.05312888557708001e-15
2,49,3,1,1.18323192837090953e-14
2,50,3,1,2.00045600744214180e-14
2,51,3,1,2.86870137020112104e-14
2,52,3,1,3.79377010763324446e-14
2,53,3,1,4.76331552868615449e-14
2,54,3,1,5.74297079618431294e-14
2,55,3,1,6.68257631305721467e-14
2,56,3,1,7.52918303333245664e-14
2,57,3,1,8.24119757354170590e-14
2,58,3,1,8.79833315578504305e-14
2,59,3,1,9.20402941145467834e-14
2,60,3,1,9.48013775771069933e-14
2,61,3,1,9.65686338945219436e-14
2,62,3,1,9.76268762012399982e-14
2,63,3,1,9.81830312581435938e-14
2,0,4,1,-8.49713298312591847e-14
2,1,4,1,-8.49712959499412945e-14
2,2,4,1,-8.49709977943438610e-14
2,3,4,1,-8.49691817557049478e-14
2,4,4,1,-8.49613822763266302e-14
2,5,4,1,-8.49358696439553307e-14
2,6,4,1,-8.48690963426573797e-14
2,7,4,1,-8.47252565956864434e-14
2,8,4,1,-8.44646550510023963e-14
2,9,4,1,-8.40611421074576037e-14
2,10,4,1,-8.35204030501940364e-14
2,11,4,1,-8.28861583318171724e-14
2,12,4,1,-8.22260892729444193e-14
2,13,4,1,-8.16007350123819364e-14
2,14,4,1,-8.10307224964612605e-14
2,15,4,1,-8.04806321954600057e-14
2,16,4,1,-7.98690134211701985e-14
2,17,4,1,-7.90995077055121898e-14
2,18,4,1,-7.80959091882874046e-14
2,19,4,1,-7.68229338650450178e-14
2,20,4,1,-7.52844848636059771e-14
2,21,4,1,-7.35046585772537731e-14
2,22,4,1,-7.15055117439349075e-14
2,23,4,1,-6.92950268021443050e-14
2,24,4,1,-6.68699037115194628e-14
2,25,4,1,-6.42288346531898202e-14
2,26,4,1,-6.13879471344710992e-14
2,27,4,1,-5.83927166602354886e-14
2,28,4,1,-5.53250784215367913e-14
2,29,4,1,-5.23042235065808436e-14
2,30,4,1,-4.94741271876101424e-14
2,31,4,1,-4.69692576390672023e-14
2,32,4,1,-4.48614703599335002e-14
2,33,4,1,-4.31114054232160232e-14
2,34,4,1,-4.15584823227743011e-14
2,35,4,1,-3.99686963484680718e-14
2,36,4,1,-3.81232385612308156e-14
2,37,4,1,-3.58973748892498640e-14
2,38,4,1,-3.32768480739570327e-14
2,39,4,1,-3.03015601434315773e-14
2,40,4,1,-2.69880773680558975e-14
2,41,4,1,-2.33073431296073816e-14
2,42,4,1,-1.92459455083992051e-14
2,43,4,1,-1.48922351230276750e-14
2,44,4,1,-1.04474602254968352e-14
2,45,4,1,-6.11831718372746886e-15
2,46,4,1,-1.95689047716271665e-15
2,47,4,1,2.22643626625329549e-15
2,48,4,1,6.79830845751964313e-15
2,49,4,1,1.21158025764302700e-14
2,50,4,1,1.83269791351322806e-14
2,51,4,1,2.52671503647239684e-14
2,52,4,1,3.24959480710925591e-14
2,53,4,1,3.94435325330386166e-14
2,54,4,1,4.55871878603502506e-14
2,55,4,1,5.05800574492586141e-14
2,56,4,1,5.42927688755318744e-14
2,57,4,1,5.67776145652017228e-14
2,58,4,1,5.81949852890284447e-14
2,59,4,1,5.87419585087838036e-14
2,60,4,1,5.86039124671720868e-14
2,61,4,1,5.79316732389131839e-14
2,62,4,1,5.68386111017993995e-14
2,63,4,1,5.54117569970952184e-14
2,0,5,1,-3.92559045708264220e-14
2,1,5,1,-3.92559824978575694e-14
2,2,5,1,-3.92568261426730347e-14
2,3,5,1,-3.92610477548821502e-14
2,4,5,1,-3.92744816974256034e-14
2,5,5,1,-3.93050528105579056e-14
2,6,5,1,-3.93579008902029959e-14
2,7,5,1,-3.94298681975335102e-14
2,8,5,1,-3.95095909385290850e-14
2,9,5,1,-3.95865116945351425e-14
2,10,5,1,-3.96642727072248763e-14
2,11,5,1,-3.97689727557690859e-14
2,12,5,1,-3.99446812703475179e-14
2,13,5,1,-4.02364637918858903e-14
2,14,5,1,-4.06678339549999823e-14
2,15,5,1,-4.12218544888764971e-14
2,16,5,1,-4.18326906047230412e-14
2,17,5,1,-4.23897740097368275e-14
2,18,5,1,-4.27521245401768502e-14
2,19,5,1,-4.27677201108016963e-14
2,20,5,1,-4.22937306379135569e-14
2,21,5,1,-4.12159354226410840e-14
2,22,5,1,-3.94663854819555376e-14
2,23,5,1,-3.70357363483828084e-14
2,24,5,1,-3.39747761174402640e-14
2,25,5,1,-3.03839933898583658e-14
2,26,5,1,-2.63984628156698625e-14
2,27,5,1,-2.21793256368263067e-14
2,28,5,1,-1.79168915218509001e-14
2,29,5,1,-1.38377434782000625e-14
2,30,5,1,-1.01981767350540001e-14
2,31,5,1,-7.24888255161388467e-15
2,32,5,1,-5.17401181984343192e-15
2,33,5,1,-4.03145288894036884e-15
2,34,5,1,-3.72989518367420822e-15
2,35,5,1,-4.05811240392225069e-15
2,36,5,1,-4.74540721930212517e-15
2,37,5,1,-5.51384355586422535e-15
2,38,5,1,-6.10332343001164686e-15
2,39,5,1,-6.28577644443259129e-15
2,40,5,1,-5.89148176045276722e-15
2,41,5,1,-4.84215744011987949e-15
2,42,5,1,-3.16093277684989082e-15
2,43,5,1,-9.41691737846165385e-16
2,44,5,1,1.70477090865423734e-15
2,45,5,1,4.69292971657145862e-15
2,46,5,1,7.97252482130986206e-15
2,47,5,1,1.15085511040165060e-14
2,48,5,1,1.52422409952944135e-14
2,49,5,1,1.90458797143895284e-14
2,50,5,1,2.26936643711898520e-14
2,51,5,1,2.58776002335465646e-14
2,52,5,1,2.82795485027345292e-14
2,53,5,1,2.96706662873940513e-14
2,54,5,1,2.99825404304412957e-14
2,55,5,1,2.93082615468454044e-14
2,56,5,1,2.78366214220880995e-14
2,57,5,1,2.57599100877232631e-14
2,58,5,1,2.32006813527573311e-14
2,59,5,1,2.01823692307090408e-14
2,60,5,1,1.66470010926024134e-14
2,61,5,1,1.25100794727182017e-14
2,62,5,1,7.73306945415401861e-15
2,63,5,1,2.38571615330325677e-15
2,0,6,1,4.02567891944882045e-14
2,1,6,1,4.02568366283332507e-14
2,2,6,1,4.02571991584346756e-14
2,3,6,1,4.02581817166534905e-14
2,4,6,1,4.02577006019394501e-14
2,5,6,1,4.02443750796132454e-14
2,6,6,1,4.01875188400617478e-14
2,7,6,1,4.00315055355728727e-14
2,8,6,1,3.97033988531244469e-14
2,9,6,1,3.91351684945247941e-14
2,10,6,1,3.82903852667784012e-14
2,11,6,1,3.71805247722546695e-14
2,12,6,1,3.58620298984268365e-14
2,13,6,1,3.44169815260156331e-14
2,14,6,1,3.29278942166107841e-14
2,15,6,1,3.14576788012707609e-14
2,16,6,1,3.00407146532587210e-14
2,17,6,1,2.86854111156750052e-14
2,18,6,1,2.73850800163680935e-14
2,19,6,1,2.61328027902248128e-14
2,20,6,1,2.49352032348926916e-14
2,21,6,1,2.38194558613855425e-14
2,22,6,1,2.28291049394558146e-14
2,23,6,1,2.20090787906917704e-14
2,24,6,1,2.13866586522585764e-14
2,25,6,1,2.09588578859842140e-14
2,26,6,1,2.06929488328526714e-14
2,27,6,1,2.05355091248806201e-14
2,28,6,1,2.04144867514428202e-14
2,29,6,1,2.02238704569927125e-14
2,30,6,1,1.98049228790830520e-14
2,31,6,1,1.89595365638782140e-14
2,32,6,1,1.75193687953090899e-14
2,33,6,1,1.54478582432403949e-14
2,34,6,1,1.29100602888729439e-14
2,35,6,1,1.02515567513899661e-14
2,36,6,1,7.88434615040184764e-15
2,37,6,1,6.14040187376123023e-15
2,38,6,1,5.17346633062540015e-15
2,39,6,1,4.95423218101935861e-15
2,40,6,1,5.34422139652828906e-15
2,41,6,1,6.19587448499338798e-15
2,42,6,1,7.43253115303987855e-15
2,43,6,1,9.09083870464719168e-15
2,44,6,1,1.13214101857489827e-14
2,45,6,1,1.43338964151860579e-14
2,46,6,1,1.82752118695278867e-14
2,47,6,1,2.30738195341811600e-14
2,48,6,1,2.83397420520982088e-14
2,49,6,1,3.34105776356695416e-14
2,50,6,1,3.75515285912838420e-14
2,51,6,1,4.02105107023820185e-14
2,52,6,1,4.11864112422315881e-14
2,53,6,1,4.06239881415183107e-14
2,54,6,1,3.88555798592950946e-14
2,55,6,1,3.61920271584135339e-14
2,56,6,1,3.27763159766337325e-14
2,57,6,1,2.85618696662520710e-14
2,58,6,1,2.34033051862677158e-14
2,59,6,1,1.71931476082012522e-14
2,60,6,1,9.96640141563091136e-15
2,61,6,1,1.92610421766181185e-15
2,62,6,1,-6.60549453608788410e-15
2,63,6,1,-1.52658969314453316e-14
2,0,7,1,6.32199167690562780e-14
2,1,7,1,6.32199642029013242e-14
2,2,7,1,6.32207028156313300e-14
2,3,7,1,6.32254800814538442e-14
2,4,7,1,6.32453480862646411e-14
2,5,7,1,6.33054603204653843e-14
2,6,7,1,6.34473213984715345e-14
2,7,7,1,6.37209401454889857e-14
2,8,7,1,6.41675162440721869e-14
2,9,7,1,6.48018083962940972e-14
2,10,7,1,6.56055749006026478e-14
2,11,7,1,6.65354883276798870e-14
2,12,7,1,6.75390326347960479e-14
2,13,7,1,6.85680556929656182e-14
2,14,7,1,6.95840073386931601e-14
2,15,7,1,7.05553372887593455e-14
2,16,7,1,7.14500683553394300e-14
2,17,7,1,7.22266823714907968e-14
2,18,7,1,7.28269441280238183e-14
2,19,7,1,7.31757048618580930e-14
2,20,7,1,7.31916290812664738e-14
2,21,7,1,7.28051923219383279e-14
2,22,7,1,7.19724572908336802e-14
2,23,7,1,7.06732103936992540e-14
2,24,7,1,6.88941227200770556e-14
2,25,7,1,6.66124463531356237e-14
2,26,7,1,6.37979184997354565e-14
2,27,7,1,6.04350418450735893e-14
2,28,7,1,5.65472859780525444e-14
2,29,7,1,5.22025355071970704e-14
2,30,7,1,4.75004726578718423e-14
2,31,7,1,4.25643949340109851e-14
2,32,7,1,3.75561771080983736e-14
2,33,7,1,3.27053549444445563e-14
2,34,7,1,2.83215020446120347e-14
2,35,7,1,2.47666623131139255e-14
2,36,7,1,2.23877059062462316e-14
2,37,7,1,2.14220290540700214e-14
2,38,7,1,2.19004603677335624e-14
2,39,7,1,2.35993933135570863e-14
2,40,7,1,2.61111424636976258e-14
2,41,7,1,2.90450951863970713e-14
2,42,7,1,3.22492717480613728e-14
2,43,7,1,3.58716759096301685e-14
2,44,7,1,4.01759619225294101e-14
2,45,7,1,4.52359741191007275e-14
2,46,7,1,5.07581410442211473e-14
2,47,7,1,5.61815032701102474e-14
2,48,7,1,6.09681440532847119e-14
2,49,7,1,6.48458541095513208e-14
2,50,7,1,6.78273219924599435e-14
2,51,7,1,7.00241053292957605e-14
2,52,7,1,7.14211269335976451e-14
2,53,7,1,7.17753154545579253e-14
2,54,7,1,7.06893988873871781e-14
2,55,7,1,6.77940505382917946e-14
2,56,7,1,6.29247562801242555e-14
2,57,7,1,5.62093638778113358e-14
2,58,7,1,4.80455688526160857e-14
2,59,7,1,3.89989859253970367e-14
2,60,7,1,2.96736749484226986e-14
2,61,7,1,2.06016285167432908e-14
2,62,7,1,1.21795358764805253e-14
2,63,7,1,4.65733696861135929e-15
2,0,0,2,-6.93268142545888644e-14
2,1,0,2,-6.93267803732709742e-14
2,2,0,2,-6.93265567565728991e-14
2,3,0,2,-6.93255470932997719e-14
2,4,0,2,-6.93221792903014888e-14
2,5,0,2,-6.93123198267954488e-14
2,6,0,2,-6.92857704260967100e-14
2,7,0,2,-6.92215111185862098e-14
2,8,0,2,-6.90843121099217472e-14
2,9,0,2,-6.88254317361865209e-14
2,10,0,2,-6.83870549165327413e-14
2,11,0,2,-6.77074702185552491e-14
2,12,0,2,-6.67246409491971393e-14
2,13,0,2,-6.53787665823822584e-14
2,14,0,2,-6.36167076591316605e-14
2,15,0,2,-6.13999885548492663e-14
2,16,0,2,-5.87149822034796487e-14
2,17,0,2,-5.55814312489574108e-14
2,18,0,2,-5.20549993084443163e-14
2,19,0,2,-4.82209351658838270e-14
2,20,0,2,-4.41794191020136034e-14
2,21,0,2,-4.00265012649204943e-14
2,22,0,2,-3.58366765082496208e-14
2,23,0,2,-3.16520965795881459e-14
2,24,0,2,-2.74806304150160621e-14
2,25,0,2,-2.33026166857617026e-14
2,26,0,2,-1.90847483622731337e-14
2,27,0,2,-1.47979044518237526e-14
2,28,0,2,-1.04326744183695641e-14
2,29,0,2,-6.00435694748740166e-15
2,30,0,2,-1.54312769380231815e-15
2,31,0,2,2.92416186886213306e-15
2,32,0,2,7.38422062889322953e-15
2,33,0,2,1.18256514403483094e-14
2,34,0,2,1.62084684188863390e-14
2,35,0,2,2.04363181786253525e-14
2,36,0,2,2.43552973741480855e-14
2,37,0,2,2.77848558505496002e-14
2,38,0,2,3.05617110665876851e-14
2,39,0,2,3.25683422830284897e-14
2,40,0,2,3.37309288844529070e-14
2,41,0,2,3.39948474101584019e-14
2,42,0,2,3.33000161191303323e-14
2,43,0,2,3.15751690473185104e-14
2,44,0,2,2.87563585953370254e-14
2,45,0,2,2.48223818344502078e-14
2,46,0,2,1.98353245856259033e-14
2,47,0,2,1.39749653567541009e-14
2,48,0,2,7.55465721040795082e-15
2,49,0,2,1.00414083006926478e-15
2,50,0,2,-5.19101981790782464e-15
2,51,0,2,-1.05872613193752629e-14
2,52,0,2,-1.48900379195624974e-14
2,53,0,2,-1.80303854664535038e-14
2,54,0,2,-2.01814120834786434e-14
2,55,0,2,-2.17111485040222263e-14
2,56,0,2,-2.30930996981265624e-14
2,57,0,2,-2.48055462075905814e-14
2,58,0,2,-2.72448283009617265e-14
2,59,0,2,-3.06658148039370276e-14
2,60,0,2,-3.51530565453114091e-14
2,61,0,2,-4.06214063850950796e-14
2,62,0,2,-4.68422636833512596e-14
2,63,0,2,-5.34882129365164827e-14
2,0,1,2,-6.45569210068475119e-14
2,1,1,2,-6.45567787053123732e-14
2,2,1,2,-6.45551998358986912e-14
2,3,1,2,-6.45461535240220152e-14
2,4,1,2,-6.45108695195711901e-14
2,5,1,2,-6.44057561189487204e-14
2,6,1,2,-6.41509618321510489e-14
2,7,1,2,-6.36285457916024866e-14
2,8,1,2,-6.26987882185875423e-14
2,9,1,2,-6.12349187740883483e-14
2,10,1,2,-5.91641536110132371e-14
2,11,1,2,-5.64965148231941217e-14
2,12,1,2,-5.33275578914766540e-14
2,13,1,2,-4.98149122592130705e-14
2,14,1,2,-4.61407645489624041e-14
2,15,1,2,-4.24761239365117199e-14
2,16,1,2,-3.89575456854855673e-14
2,17,1,2,-3.56785252926018759e-14
2,18,1,2,-3.26914432753188516e-14
2,19,1,2,-3.00137010785048869e-14
2,20,1,2,-2.76325220571835978e-14
2,21,1,2,-2.55055325411356407e-14
2,22,1,2,-2.35584392705573409e-14
2,23,1,2,-2.16855681090151464e-14
2,24,1,2,-1.97608280379148876e-14
2,25,1,2,-1.76618177141806346e-14
2,26,1,2,-1.53007845244768417e-14
2,27,1,2,-1.26500067745057704e-14
2,28,1,2,-9.74988115958787260e-15
2,29,1,2,-6.69357579820696429e-15
2,30,1,2,-3.59023723836386643e-15
2,31,1,2,-5.19277518781189077e-16
2,32,1,2,2.50167686960650181e-15
2,33,1,2,5.51299991104876007e-15
2,34,1,2,8.56867084475217491e-15
2,35,1,2,1.16726035982077717e-14
2,36,1,2,1.47330369746571238e-14
2,37,1,2,1.75665061788237917e-14
2,38,1,2,1.99573735629957755e-14
2,39,1,2,2.17444707801672105e-14
2,40,1,2,2.28807553145134873e-14
2,41,1,2,2.34182282127324420e-14
2,42,1,2,2.34186906927216429e-14
2,43,1,2,2.28532419903207731e-14
2,44,1,2,2.15746643911652464e-14
2,45,1,2,1.93971087022321020e-14
2,46,1,2,1.62319380077888611e-14
2,47,1,2,1.21823378614700426e-14
2,48,1,2,7.53213714543930074e-15
2,49,1,2,2.64363726222571760e-15
2,50,1,2,-2.16356037530389834e-15
2,51,1,2,-6.68405811249514134e-15
2,52,1,2,-1.08275950596974091e-14
2,53,1,2,-1.45764815690820060e-14
2,54,1,2,-1.79427429674011013e-14
2,55,1,2,-2.09513836672576420e-14
2,56,1,2,-2.36480011462682216e-14
2,57,1,2,-2.61119386746680449e-14
2,58,1,2,-2.84587044414082863e-14
2,59,1,2,-3.08290990392451336e-14
2,60,1,2,-3.33726170071053929e-14
2,61,1,2,-3.62319495152835236e-14
2,62,1,2,-3.95278156994222085e-14
2,63,1,2,-4.33379359146297133e-14
2,0,2,2,-5.61600021857771442e-14
2,1,2,2,-5.61598869892963176e-14
2,2,2,2,-5.61585554535032339e-14
2,3,2,2,-5.61507356453341822e-14
2,4,2,2,-5.61196563124335274e-14
2,5,2,2,-5.60258423313274301e-14
2,6,2,2,-5.57963302839394049e-14
2,7,2,2,-5.53223679161055776e-14
2,8,2,2,-5.44721060792563438e-14
2,9,2,2,-5.31173141495727696e-14
2,10,2,2,-5.11646321556084860e-14
2,11,2,2,-4.85795824682784538e-14
2,12,2,2,-4.53970628450095504e-14
2,13,2,2,-4.17186528649683003e-14
2,14,2,2,-3.76997898502394457e-14
2,15,2,2,-3.35293316548745945e-14
2,16,2,2,-2.94038644615361028e-14
2,17,2,2,-2.55009958326701466e-14
2,18,2,2,-2.19566372868613621e-14
2,19,2,2,-1.88500829664340133e-14
2,20,2,2,-1.61988630652644752e-14
2,21,2,2,-1.39648136668812581e-14
2,22,2,2,-1.20709945335205175e-14
2,23,2,2,-1.04247876945976793e-14
2,24,2,2,-8.93934940312960183e-15
2,25,2,2,-7.54884741142273358e-15
2,26,2,2,-6.21928224049076057e-15
2,27,2,2,-4.95703331897592858e-15
2,28,2,2,-3.80917534995484260e-15
2,29,2,2,-2.84410624391828737e-15
2,30,2,2,-2.10998300029122208e-15
2,31,2,2,-1.58885328515218386e-15
2,32,2,2,-1.17732285712427408e-15
2,33,2,2,-7.13265163180046551e-16
2,34,2,2,-3.72277134542022394e-17
2,35,2,2,9.47816421329524417e-16
2,36,2,2,2.25125411984960968e-15
2,37,2,2,3.80763417350731340e-15
2,38,2,2,5.50343267390952275e-15
2,39,2,2,7.19497059858704296e-15
2,40,2,2,8.72029990670606173e-15
2,41,2,2,9.92418698760565154e-15
2,42,2,2,1.06988053941332872e-14
2,43,2,2,1.10116722597947136e-14
2,44,2,2,1.08883324042132260e-14
2,45,2,2,1.03545000536015702e-14
2,46,2,2,9.38542575227392303e-15
2,47,2,2,7.91073376780766085e-15
2,48,2,2,5.87497266479430728e-15
2,49,2,2,3.30365253450632008e-15
2,50,2,2,3.20646439765483529e-16
2,51,2,2,-2.89296903354654619e-15
2,52,2,2,-6.15971380144215465e-15
2,53,2,2,-9.33688144703383183e-15
2,54,2,2,-1.23014552578094676e-14
2,55,2,2,-1.49148661493124154e-14
2,56,2,2,-1.70095396643567265e-14
2,57,2,2,-1.84194039822048808e-14
2,58,2,2,-1.90424187377670473e-14
2,59,2,2,-1.89013657291925777e-14
2,60,2,2,-1.81701797840683535e-14
2,61,2,2,-1.71503775265625935e-14
2,62,2,2,-1.62034234906524924e-14
2,63,2,2,-1.56608379015639107e-14
2,0,3,2,-3.47942262838001753e-14
2,1,3,2,-3.47943414802810019e-14
2,2,3,2,-3.47955713721204152e-14
2,3,3,2,-3.48020155987831259e-14
2,4,3,2,-3.48248414426457348e-14
2,5,3,2,-3.48866240258184634e-14
2,6,3,2,-3.50232538283423711e-14
2,7,3,2,-3.52801555331128114e-14
2,8,3,2,-3.57009581131769588e-14
2,9,3,2,-3.63094428655619250e-14
2,10,3,2,-3.70891773510909767e-14
2,11,3,2,-3.79680892303481399e-14
2,12,3,2,-3.88154677670449200e-14
2,13,3,2,-3.94555604008896277e-14
2,14,3,2,-3.96962668357085657e-14
2,15,3,2,-3.93661509911092528e-14
2,16,3,2,-3.83496369155047340e-14
2,17,3,2,-3.66107528136910138e-14
2,18,3,2,-3.41993448805481132e-14
2,19,3,2,-3.12388054877002497e-14
2,20,3,2,-2.78985886584433296e-14
2,21,3,2,-2.43579418110094134e-14
2,22,3,2,-2.07702727765416220e-14
2,23,3,2,-1.72394904748114294e-14
2,24,3,2,-1.38167667072613097e-14
2,25,3,2,-1.05175666014422318e-14
2,26,3,2,-7.35015719891939784e-15
2,27,3,2,-4.34437608229278766e-15
2,28,3,2,-1.57088644579149927e-15
2,29,3,2,8.59161294388679445e-16
2,30,3,2,2.82245205837996799e-15
2,31,3,2,4.23612315405131994e-15
2,32,3,2,5.11186628305280479e-15
2,33,3,2,5.57966182751414713e-15
2,34,3,2,5.86194826268085153e-15
2,35,3,2,6.20461882962436775e-15
2,36,3,2,6.79234026337328933e-15
2,37,3,2,7.68562798581125250e-15
2,38,3,2,8.81420282627162072e-15
2,39,3,2,1.00362045537811910e-14
2,40,3,2,1.12271032314675834e-14
2,41,3,2,1.23314478474387951e-14
2,42,3,2,1.33374680318597803e-14
2,43,3,2,1.42064010159653406e-14
2,44,3,2,1.48329123235337729e-14
2,45,3,2,1.50769187987152137e-14
2,46,3,2,1.48279808977148583e-14
2,47,3,2,1.40326372890338044e-14
2,48,3,2,1.26673997490446902e-14
2,49,3,2,1.07110373969245866e-14
2,50,3,2,8.17429569264236169e-15
2,51,3,2,5.17856885709966006e-15
2,52,3,2,2.01173946038745843e-15
2,53,3,2,-9.04839240135262100e-16
2,54,3,2,-3.13753412695670121e-15
2,55,3,2,-4.38398800158760864e-15
2,56,3,2,-4.56074175482295251e-15
2,57,3,2,-3.79658293464448654e-15
2,58,3,2,-2.34786479198930385e-15
2,59,3,2,-4.84821859613219445e-16
2,60,3,2,1.60144199469339568e-15
2,61,3,2,3.84156207820958440e-15
2,62,3,2,6.27488783589563726e-15
2,63,3,2,8.99468691260667252e-15
2,0,4,2,-3.58866683927965696e-14
2,1,4,2,-3.58867632604866621e-14
2,2,4,2,-3.58877458187054771e-14
2,3,4,2,-3.58926721623267081e-14
2,4,4,2,-3.59089114779914675e-14
2,5,4,2,-3.59491455429860468e-14
2,6,4,2,-3.60306606056980117e-14
2,7,4,2,-3.61747070287080780e-14
2,8,4,2,-3.64078172720560395e-14
2,9,4,2,-3.67631103239795393e-14
2,10,4,2,-3.72758261432161453e-14
2,11,4,2,-3.79692987933968190e-14
2,12,4,2,-3.88344887389084625e-14
2,13,4,2,-3.98121307784975870e-14
2,14,4,2,-4.07864660014606306e-14
2,15,4,2,-4.15945252687458661e-14
2,16,4,2,-4.20494293952664716e-14
2,17,4,2,-4.19728779456254170e-14
2,18,4,2,-4.12299351831933031e-14
2,19,4,2,-3.97574327788956933e-14
2,20,4,2,-3.75765330038867890e-14
2,21,4,2,-3.47834621891064677e-14
2,22,4,2,-3.15200949650880358e-14
2,23,4,2,-2.79347383305662486e-14
2,24,4,2,-2.41483994123858556e-14
2,25,4,2,-2.02394287581678795e-14
2,26,4,2,-1.62512706877769933e-14
2,27,4,2,-1.22178082131692636e-14
2,28,4,2,-8.19344033131620339e-15
2,29,4,2,-4.27338709801635200e-15
2,30,4,2,-5.93533720893421384e-16
2,31,4,2,2.69261207196125080e-15
2,32,4,2,5.45193010610114590e-15
2,33,4,2,7.60882666145075784e-15
2,34,4,2,9.16550127081586924e-15
2,35,4,2,1.01982241688990463e-14
2,36,4,2,1.08334997263727188e-14
2,37,4,2,1.12114365100751678e-14
2,38,4,2,1.14435540308089473e-14
2,39,4,2,1.15815196042906750e-14
2,40,4,2,1.16253950639255005e-14
2,41,4,2,1.15832848209527529e-14
2,42,4,2,1.15410873335864382e-14
2,43,4,2,1.16619089602157389e-14
2,44,4,2,1.20741353316889365e-14
2,45,4,2,1.27151224323259447e-14
2,46,4,2,1.32722617415142498e-14
2,47,4,2,1.33113921225785567e-14
2,48,4,2,1.25333610203064334e-14
2,49,4,2,1.09879494080409625e-14
2,50,4,2,9.10140120549945281e-15
2,51,4,2,7.50727164623970350e-15
2,52,4,2,6.79212257590584498e-15
2,53,4,2,7.29499417822946153e-15
2,54,4,2,9.04135927503333173e-15
2,55,4,2,1.18104133176272046e-14
2,56,4,2,1.52796984862878932e-14
2,57,4,2,1.91763922449683655e-14
2,58,4,2,2.33789089433208974e-14
2,59,4,2,2.79409284473447830e-14
2,60,4,2,3.30416100838455684e-14
2,61,4,2,3.88911721837387203e-14
2,62,4,2,4.56313894276697690e-14
2,63,4,2,5.32629563826554631e-14
2,0,5,2,-3.41884418724510558e-14
2,1,5,2,-3.41884588131100009e-14
2,2,5,2,-3.41885096350868362e-14
2,3,5,2,-3.41879099357601801e-14
2,4,5,2,-3.41820654084241254e-14
2,5,5,2,-3.41551839708100630e-14
2,6,5,2,-3.40709143569536271e-14
2,7,5,2,-3.38683413454200777e-14
2,8,5,2,-3.34720281819269466e-14
2,9,5,2,-3.28176477963279534e-14
2,10,5,2,-3.18835872959409572e-14
2,11,5,2,-3.07129775984401471e-14
2,12,5,2,-2.94148623373232526e-14
2,13,5,2,-2.81435726096459018e-14
2,14,5,2,-2.70644865161618134e-14
2,15,5,2,-2.63169020131787459e-14
2,16,5,2,-2.59822088025324707e-14
2,17,5,2,-2.60624312929669255e-14
2,18,5,2,-2.64735014644671210e-14
2,19,5,2,-2.70580117963130015e-14
2,20,5,2,-2.76196861199009061e-14
2,21,5,2,-2.79738390654774016e-14
2,22,5,2,-2.79981404407341275e-14
2,23,5,2,-2.76634641707467974e-14
2,24,5,2,-2.70302697732245287e-14
2,25,5,2,-2.62099878205104136e-14
2,26,5,2,-2.53075911057576777e-14
2,27,5,2,-2.43736949297624489e-14
2,28,5,2,-2.33927426854154547e-14
2,29,5,2,-2.23135718886366408e-14
2,30,5,2,-2.11003428813617833e-14
2,31,5,2,-1.97674721643531504e-14
2,32,5,2,-1.83742012219417078e-14
2,33,5,2,-1.69839016711092333e-14
2,34,5,2,-1.56174782849939631e-14
2,35,5,2,-1.42348799577179247e-14
2,36,5,2,-1.27626909556107990e-14
2,37,5,2,-1.11559304410415935e-14
2,38,5,2,-9.45269287378012329e-15
2,39,5,2,-7.77672214412371623e-15
2,40,5,2,-6.27853558328298790e-15
2,41,5,2,-5.05483682526359362e-15
2,42,5,2,-4.10223943234241072e-15
2,43,5,2,-3.32983644048831864e-15
2,44,5,2,-2.60947896456179343e-15
2,45,5,2,-1.82496001343017585e-15
2,46,5,2,-8.95545382879751103e-16
2,47,5,2,2.30848453620555692e-16
2,48,5,2,1.60799167695803956e-15
2,49,5,2,3.32589858431653340e-15
2,50,5,2,5.51650239228565660e-15
2,51,5,2,8.30487937398876816e-15
2,52,5,2,1.17218162124432465e-14
2,53,5,2,1.56397383108478061e-14
2,54,5,2,1.97970522489371650e-14
2,55,5,2,2.39211862124166785e-14
2,56,5,2,2.78871943712368647e-14
2,57,5,2,3.18159567973003848e-14
2,58,5,2,3.60500237788722450e-14
2,59,5,2,4.10183090835194997e-14
2,60,5,2,4.70587381996151466e-14
2,61,5,2,5.42777323466522160e-14
2,62,5,2,6.24944635429190709e-14
2,63,5,2,7.12760945642369748e-14
2,0,6,2,-1.43404297920664671e-15
2,1,6,2,-1.43416558722576177e-15
2,2,6,2,-1.43543550137193278e-15
2,3,6,2,-1.44199195990015469e-15
2,4,6,2,-1.46456803492244197e-15
2,5,6,2,-1.52303967218347198e-15
2,6,6,2,-1.64469710857347582e-15
2,7,6,2,-1.85641246434409615e-15
2,8,6,2,-2.17260689893881108e-15
2,9,6,2,-2.58457873701135876e-15
2,10,6,2,-3.05790138321177223e-15
2,11,6,2,-3.54203767553330773e-15
2,12,6,2,-3.99083045933947347e-15
2,13,6,2,-4.38671121251303121e-15
2,14,6,2,-4.75849218427130960e-15
2,15,6,2,-5.18419569696827037e-15
2,16,6,2,-5.77562374689437677e-15
2,17,6,2,-6.64758106213810852e-15
2,18,6,2,-7.87970949204857760e-15
2,19,6,2,-9.48218740803646529e-15
2,20,6,2,-1.13776709611385606e-14
2,21,6,2,-1.34094802319364992e-14
2,22,6,2,-1.53787708479305452e-14
2,23,6,2,-1.71024778133953628e-14
2,24,6,2,-1.84733277936929841e-14
2,25,6,2,-1.94997064150012264e-14
2,26,6,2,-2.03101763380543476e-14
2,27,6,2,-2.11219439155826624e-14
2,28,6,2,-2.21863289052342053e-14
2,29,6,2,-2.37302853148962933e-14
2,30,6,2,-2.59099585861975734e-14
2,31,6,2,-2.87837889103009087e-14
2,32,6,2,-3.23036038294300526e-14
2,33,6,2,-3.63173101075760230e-14
2,34,6,2,-4.05779671474280901e-14
2,35,6,2,-4.47594638761615593e-14
2,36,6,2,-4.84854398383888219e-14
2,37,6,2,-5.13805950639722314e-14
2,38,6,2,-5.31448156153042223e-14
2,39,6,2,-5.36283121859923440e-14
2,40,6,2,-5.28668194020153609e-14
2,41,6,2,-5.10468030963818348e-14
2,42,6,2,-4.84128389504137613e-14
2,43,6,2,-4.51671340574114760e-14
2,44,6,2,-4.14077070700312466e-14
2,45,6,2,-3.71170820045053224e-14
2,46,6,2,-3.21913617995234907e-14
2,47,6,2,-2.65090073915501268e-14
2,48,6,2,-2.00439115310849583e-14
2,49,6,2,-1.29910789902778177e-14
2,50,6,2,-5.82242697591138676e-15
2,51,6,2,8.05389260616812307e-16
2,52,6,2,6.28492941148533699e-15
2,53,6,2,1.03231411998283215e-14
2,54,6,2,1.30906629598206113e-14
2,55,6,2,1.51700856466496087e-14
2,56,6,2,1.73298976894036699e-14
2,57,6,2,2.02365861155968940e-14
2,58,6,2,2.42341208407138853e-14
2,59,6,2,2.92742684206061948e-14
2,60,6,2,3.50057100819388400e-14
2,61,6,2,4.09602669978418460e-14
2,62,6,2,4.67397252628884430e-14
2,63,6,2,5.21217963266647905e-14
2,0,7,2,2.20430295652836172e-14
2,1,7,2,2.20430939397876086e-14
2,2,7,2,2.20434429173618773e-14
2,3,7,2,2.20434141182416707e-14
2,4,7,2,2.20362024797287476e-14
2,5,7,2,2.19973118089885136e-14
2,6,7,2,2.18709870093009018e-14
2,7,7,2,2.15659856915876788e-14
2,8,7,2,2.09703826162645560e-14
2,9,7,2,1.99832334788754493e-14
2,10,7,2,1.85488001233592367e-14
2,11,7,2,1.66774536211221000e-14
2,12,7,2,1.44464332125582642e-14
2,13,7,2,1.19838187496220522e-14
2,14,7,2,9.44336365289906443e-15
2,15,7,2,6.97628363226492770e-15
2,16,7,2,4.70382510137199068e-15
2,17,7,2,2.69403699313676935e-15
2,18,7,2,9.46889132010517772e-16
2,19,7,2,-6.08659135292982222e-16
2,20,7,2,-2.10426108097428247e-15
2,21,7,2,-3.70978408040754937e-15
2,22,7,2,-5.60293405773995903e-15
2,23,7,2,-7.93770922607886856e-15
2,24,7,2,-1.08201572633875691e-14
2,25,7,2,-1.42978737980052270e-14
2,26,7,2,-1.83631897936274019e-14
2,27,7,2,-2.29626430717222441e-14
2,28,7,2,-2.80038358902714654e-14
2,29,7,2,-3.33574822224038531e-14
2,30,7,2,-3.88609839294985770e-14
2,31,7,2,-4.43305060628812475e-14
2,32,7,2,-4.95802095939242710e-14
2,33,7,2,-5.44381231174125013e-14
2,34,7,2,-5.87478741868874277e-14
2,35,7,2,-6.23538086398298108e-14
2,36,7,2,-6.50806380900030568e-14
2,37,7,2,-6.67346359379747400e-14
2,38,7,2,-6.71610797574676011e-14
2,39,7,2,-6.63618669022834895e-14
2,40,7,2,-6.46022609864481401e-14
2,41,7,2,-6.23840307753878442e-14
2,42,7,2,-6.02241984038430489e-14
2,43,7,2,-5.83444628872963056e-14
2,44,7,2,-5.65012175501172775e-14
2,45,7,2,-5.41210380276737485e-14
2,46,7,2,-5.06769207489748269e-14
2,47,7,2,-4.60452192325121190e-14
2,48,7,2,-4.05989701763882077e-14
2,49,7,2,-3.49959929199679387e-14
2,50,7,2,-2.98273944876904090e-14
2,51,7,2,-2.53493837113752049e-14
2,52,7,2,-2.14233063797544809e-14
2,53,7,2,-1.76422919106805284e-14
2,54,7,2,-1.35326354343354854e-14
2,55,7,2,-8.71824500477602279e-15
2,56,7,2,-2.99559660422706129e-15
2,57,7,2,3.66989348727308172e-15
2,58,7,2,1.11842577638966191e-14
2,59,7,2,1.93657396840634863e-14
2,60,7,2,2.79714538206979335e-14
2,61,7,2,3.67130303480060760e-14
2,62,7,2,4.52706245429070064e-14
2,63,7,2,5.33138054645450332e-14
2,0,0,3,2.06070607084406221e-13
2,1,0,3,2.06070729057150626e-13
2,2,0,3,2.06071881021958891e-13
2,3,0,3,2.06076624406463516e-13
2,4,0,3,2.06086937879629284e-13
2,5,0,3,2.06093673485625850e-13
2,6,0,3,2.06057339160320430e-13
2,7,0,3,2.05890954784425373e-13
2,8,0,3,2.05460241918878350e-13
2,9,0,3,2.04606907046496478e-13
2,10,0,3,2.03184203403233843e-13
2,11,0,3,2.01085987596404114e-13
2,12,0,3,1.98257060182900624e-13
2,13,0,3,1.94684722444778135e-13
2,14,0,3,1.90379355617838197e-13
2,15,0,3,1.85352086326875942e-13
2,16,0,3,1.79595813047661590e-13
2,17,0,3,1.73074242112471188e-13
2,18,0,3,1.65722334943482763e-13
2,19,0,3,1.57459684397079358e-13
2,20,0,3,1.48214597604605369e-13
2,21,0,3,1.37954101267490081e-13
2,22,0,3,1.26712903407780186e-13
2,23,0,3,1.14613315583059205e-13
2,24,0,3,1.01867577144854754e-13
2,25,0,3,8.87582853894251789e-14
2,26,0,3,7.56008008474286231e-14
2,27,0,3,6.27016003679724265e-14
2,28,0,3,5.03315142656116793e-14
2,29,0,3,3.87238594597334729e-14
2,30,0,3,2.80863538399929794e-14
2,31,0,3,1.86011196544452403e-14
2,32,0,3,1.03973794024904247e-14
2,33,0,3,3.51055727253212803e-15
2,34,0,3,-2.14041858815196360e-15
2,35,0,3,-6.74113203951408335e-15
2,36,0,3,-1.05514292846075643e-14
2,37,0,3,-1.38831656199965743e-14
2,38,0,3,-1.70846935096348115e-14
2,39,0,3,-2.05029271555315362e-14
2,40,0,3,-2.44082233808243232e-14
2,41,0,3,-2.89132324853003109e-14
2,42,0,3,-3.39400308259438926e-14
2,43,0,3,-3.92597060546936993e-14
2,44,0,3,-4.45751495068390235e-14
2,45,0,3,-4.95951004331370016e-14
2,46,0,3,-5.40720524182681378e-14
2,47,0,3,-5.78143490113230962e-14
2,48,0,3,-6.06938409036458792e-14
2,49,0,3,-6.26542139567712320e-14
2,50,0,3,-6.37100506899190844e-14
2,51,0,3,-6.39298930091812545e-14
2,52,0,3,-6.34103501043897788e-14
2,53,0,3,-6.22575111581223639e-14
2,54,0,3,-6.05870469896560571e-14
2,55,0,3,-5.85397751324059912e-14
2,56,0,3,-5.62950463426237918e-14
2,57,0,3,-5.40620099956454908e-14
2,58,0,3,-5.20437642634319353e-14
2,59,0,3,-5.03913588374010901e-14
2,60,0,3,-4.91744740359258831e-14
2,61,0,3,-4.83831114820969244e-14
2,62,0,3,-4.79514804328350780e-14
2,63,0,3,-4.77839542565271225e-14
2,0,1,3,2.05711356694553149e-13
2,1,1,3,2.05711329589498837e-13
2,2,1,3,2.05711031433901403e-13
2,3,1,3,2.05707453566732201e-13
2,4,1,3,2.05685417157576433e-13
2,5,1,3,2.05595699427803258e-13
2,6,1,3,2.05323361394602055e-13
2,7,1,3,2.04664464629328302e-13
2,8,1,3,2.03335192108279605e-13
2,9,1,3,2.01024337150371157e-13
2,10,1,3,1.97472517938362957e-13
2,11,1,3,1.92544168543112848e-13
2,12,1,3,1.86262924571981014e-13
2,13,1,3,1.78802434555418166e-13
2,14,1,3,1.70444414875417505e-13
2,15,1,3,1.61523978870967144e-13
2,16,1,3,1.52379207884502377e-13
2,17,1,3,1.43313773392009236e-13
2,18,1,3,1.34572840609741007e-13
2,19,1,3,1.26327496640515902e-13
2,20,1,3,1.18661496102158426e-13
2,21,1,3,1.11559321351074880e-13
2,22,1,3,1.04902062513997918e-13
2,23,1,3,9.84816882990818820e-14
2,24,1,3,9.20384577471171361e-14
2,25,1,3,8.53132465388796446e-14
2,26,1,3,7.80954212973097861e-14
2,27,1,3,7.02500462857781616e-14
2,28,1,3,6.17273634008312644e-14
2,29,1,3,5.25721806853788470e-14
2,30,1,3,4.29425206060606718e-14
2,31,1,3,3.31188628767669496e-14
2,32,1,3,2.34726958193726826e-14
2,33,1,3,1.43871917282272985e-14
2,34,1,3,6.16442372814536219e-15
2,35,1,3,-1.03235697984996322e-15
2,36,1,3,-7.18297152985623855e-15
2,37,1,3,-1.23843518312584042e-14
2,38,1,3,-1.68266076528041097e-14
2,39,1,3,-2.07757971254236146e-14
2,40,1,3,-2.45411313205779955e-14
2,41,1,3,-2.84100661155110498e-14
2,42,1,3,-3.25662416413192990e-14
2,43,1,3,-3.70295665603950080e-14
2,44,1,3,-4.16503244111791904e-14
2,45,1,3,-4.61561432791527532e-14
2,46,1,3,-5.02206512053432474e-14
2,47,1,3,-5.35202816038995305e-14
2,48,1,3,-5.57687271742542817e-14
2,49,1,3,-5.67438145624744872e-14
2,50,1,3,-5.63264407717808252e-14
2,51,1,3,-5.45535567674643174e-14
2,52,1,3,-5.16643714300931561e-14
2,53,1,3,-4.81094995113430512e-14
2,54,1,3,-4.45029416421514890e-14
2,55,1,3,-4.15186921030440831e-14
2,56,1,3,-3.97556404571793032e-14
2,57,1,3,-3.96070979832852110e-14
2,58,1,3,-4.11725707238734528e-14
2,59,1,3,-4.42378203296608929e-14
2,60,1,3,-4.83286608161156289e-14
2,61,1,3,-5.28198294022334813e-14
2,62,1,3,-5.70651449813448786e-14
2,63,1,3,-6.05159436559317421e-14
2,0,2,3,1.41603390254804729e-13
2,1,2,3,1.41603552885130601e-13
2,2,2,3,1.41605545106622543e-13
2,3,2,3,1.41616969887015109e-13
2,4,2,3,1.41660053370844252e-13
2,5,2,3,1.41780833492859137e-13
2,6,2,3,1.42049200635603612e-13
2,7,2,3,1.42540371324793858e-13
2,8,2,3,1.43297049573498647e-13
2,9,2,3,1.44284147888910919e-13
2,10,2,3,1.45355719106086967e-13
2,11,2,3,1.46251175232869901e-13
2,12,2,3,1.46626580235093007e-13
2,13,2,3,1.46113291821584057e-13
2,14,2,3,1.44385412371821065e-13
2,15,2,3,1.41215828635722629e-13
2,16,2,3,1.36508317670480661e-13
2,17,2,3,1.30303604820199148e-13
2,18,2,3,1.22764686328984129e-13
2,19,2,3,1.14146485232641259e-13
2,20,2,3,1.04755634234340173e-13
2,21,2,3,9.49083273451591103e-14
2,22,2,3,8.48968180369551184e-14
2,23,2,3,7.49716789843167530e-14
2,24,2,3,6.53382309736584566e-14
2,25,2,3,5.61581759827428639e-14
2,26,2,3,4.75475575253438143e-14
2,27,2,3,3.95710347085229119e-14
2,28,2,3,3.22429393297476996e-14
2,29,2,3,2.55479248460798239e-14
2,30,2,3,1.94801535064468082e-14
2,31,2,3,1.40785058171935193e-14
2,32,2,3,9.42850245983948773e-15
2,33,2,3,5.62168736719216924e-15
2,34,2,3,2.69456723576175054e-15
2,35,2,3,5.80687725094481072e-16
2,36,2,3,-9.07380762493498628e-16
2,37,2,3,-2.07041237385257974e-15
2,38,2,3,-3.29478092317501536e-15
2,39,2,3,-4.99955056127983181e-15
2,40,2,3,-7.55577868203011552e-15
2,41,2,3,-1.11943408441007343e-14
2,42,2,3,-1.59316783805143677e-14
2,43,2,3,-2.15357415331730168e-14
2,44,2,3,-2.75403902835107475e-14
2,45,2,3,-3.33129926638822682e-14
2,46,2,3,-3.81788818496018451e-14
2,47,2,3,-4.15869087484841554e-14
2,48,2,3,-4.32667580420060399e-14
2,49,2,3,-4.33135244250898443e-14
2,50,2,3,-4.21625286225156548e-14
2,51,2,3,-4.04692589389774732e-14
2,52,2,3,-3.89469645499084666e-14
2,53,2,3,-3.82154872254503869e-14
2,54,2,3,-3.86904592565573413e-14
2,55,2,3,-4.05178447488319798e-14
2,56,2,3,-4.35512323632755022e-14
2,57,2,3,-4.73750745122285266e-14
2,58,2,3,-5.13817029830672400e-14
2,59,2,3,-5.49002405765119245e-14
2,60,2,3,-5.73521671777196818e-14
2,61,2,3,-5.83870923614657200e-14
2,62,2,3,-5.79519681483293969e-14
2,63,2,3,-5.62728032574288939e-14
2,0,3,3,9.97900221656744524e-14
2,1,3,3,9.97900831520466547e-14
2,2,3,3,9.97907133445594119e-14
2,3,3,3,9.97941353576663193e-14
2,4,3,3,9.98067392079214633e-14
2,5,3,3,9.98422468290703635e-14
2,6,3,3,9.99237856087048515e-14
2,7,3,3,1.00081631892491585e-13
2,8,3,3,1.00343548032309771e-13
2,9,3,3,1.00716689762497813e-13
2,10,3,3,1.01164627890060199e-13
2,11,3,3,1.01588124034896615e-13
2,12,3,3,1.01819567317404380e-13
2,13,3,3,1.01637556877698376e-13
2,14,3,3,1.00799516032212128e-13
2,15,3,3,9.90832646507490422e-14
2,16,3,3,9.63262808276535432e-14
2,17,3,3,9.24543102666375294e-14
2,18,3,3,8.74961317591169130e-14
2,19,3,3,8.15840992852978619e-14
2,20,3,3,7.49401354773610029e-14
2,21,3,3,6.78460515849896306e-14
2,22,3,3,6.06002742561603802e-14
2,23,3,3,5.34700322213366164e-14
2,24,3,3,4.66524063304218917e-14
2,25,3,3,4.02541024059795138e-14
2,26,3,3,3.42909464115959822e-14
2,27,3,3,2.87041712013907935e-14
2,28,3,3,2.33942741209840904e-14
2,29,3,3,1.82734483469317033e-14
2,30,3,3,1.33229566634074197e-14
2,31,3,3,8.62374577401559678e-15
2,32,3,3,4.33187472302426144e-15
2,33,3,3,6.03586784367468251e-16
2,34,3,3,-2.48734316631482773e-15
2,35,3,3,-4.99082823950548066e-15
2,36,3,3,-7.06442164559147392e-15
2,37,3,3,-8.92682432693855249e-15
2,38,3,3,-1.08188934902302657e-14
2,39,3,3,-1.29807849988698362e-14
2,40,3,3,-1.56185845100230772e-14
2,41,3,3,-1.88351819628259157e-14
2,42,3,3,-2.25423470173605547e-14
2,43,3,3,-2.64123643204002001e-14
2,44,3,3,-2.99224959588763328e-14
2,45,3,3,-3.24931494742348309e-14
2,46,3,3,-3.36664595127714877e-14
2,47,3,3,-3.32589892312971230e-14
2,48,3,3,-3.14466402679021428e-14
2,49,3,3,-2.87667262786114181e-14
2,50,3,3,-2.60301508673470641e-14
2,51,3,3,-2.41415604683697244e-14
2,52,3,3,-2.38522055432581828e-14
2,53,3,3,-2.55152446209088585e-14
2,54,3,3,-2.89409880609159398e-14
2,55,3,3,-3.34265696177137028e-14
2,56,3,3,-3.79624446027876372e-14
2,57,3,3,-4.15370490010769783e-14
2,58,3,3,-4.34202641289710423e-14
2,59,3,3,-4.33272124775174738e-14
2,60,3,3,-4.14275276409969972e-14
2,61,3,3,-3.82297444840185713e-14
2,62,3,3,-3.44049265531103099e-14
2,63,3,3,-3.06124144588103275e-14
2,0,4,3,1.09908840383900197e-13
2,1,4,3,1.09908921699063133e-13
2,2,4,3,1.09909233407187723e-13
2,3,4,3,1.09907308948331561e-13
2,4,4,3,1.09885889179161395e-13
2,5,4,3,1.09785654688315110e-13
2,6,4,3,1.09471493556310279e-13
2,7,4,3,1.08719368956729928e-13
2,8,4,3,1.07250478300919411e-13
2,9,4,3,1.04811911103355748e-13
2,10,4,3,1.01268372485439906e-13
2,11,4,3,9.66594426027311826e-14
2,12,4,3,9.11966154177636101e-14
2,13,4,3,8.52062222319281692e-14
2,14,4,3,7.90465579819134290e-14
2,15,4,3,7.30313501188552261e-14
2,16,4,3,6.73823518683447364e-14
2,17,4,3,6.22181952768426083e-14
2,18,4,3,5.75711692402981756e-14
2,19,4,3,5.34155375096420637e-14
2,20,4,3,4.96915571570385323e-14
2,21,4,3,4.63175166081318535e-14
2,22,4,3,4.31915313518944910e-14
2,23,4,3,4.01895008971583229e-14
2,24,4,3,3.71657863989724446e-14
2,25,4,3,3.39597497529559728e-14
2,26,4,3,3.04077238649086423e-14
2,27,4,3,2.63587437467072139e-14
2,28,4,3,2.16953547276877226e-14
2,29,4,3,1.63623776935342344e-14
2,30,4,3,1.03989540367393704e-14
2,31,4,3,3.95656882365598428e-15
2,32,4,3,-2.71555374757939672e-15
2,33,4,3,-9.31726585804131674e-15
2,34,4,3,-1.55517434460893458e-14
2,35,4,3,-2.11596758452510525e-14
2,36,4,3,-2.59308006788977127e-14
2,37,4,3,-2.97157690977694483e-14
2,38,4,3,-3.24571641265036792e-14
2,39,4,3,-3.42270428579233288e-14
2,40,4,3,-3.52325082357638625e-14
2,41,4,3,-3.57580074762404304e-14
2,42,4,3,-3.60528901383657535e-14
2,43,4,3,-3.62195252360131975e-14
2,44,4,3,-3.61771126022782802e-14
2,45,4,3,-3.57456407952105176e-14
2,46,4,3,-3.48205385152736829e-14
2,47,4,3,-3.35355556529710191e-14
2,48,4,3,-3.22978507816523014e-14
2,49,4,3,-3.16483594702248600e-14
2,50,4,3,-3.20108421378046543e-14
2,51,4,3,-3.34660278005285972e-14
2,52,4,3,-3.56724334316452230e-14
2,53,4,3,-3.79697290861340242e-14
2,54,4,3,-3.96066575261526388e-14
2,55,4,3,-3.99880459691151491e-14
2,56,4,3,-3.88465809812634649e-14
2,57,4,3,-3.62920617494842668e-14
2,58,4,3,-3.27423804486349362e-14
2,59,4,3,-2.87763045271789697e-14
2,60,4,3,-2.49638363366416760e-14
2,61,4,3,-2.17269931023335652e-14
2,62,4,3,-1.92670569575765713e-14
2,63,4,3,-1.75687321814091760e-14
2,0,5,3,7.28775289356338452e-14
2,1,5,3,7.28774272916801746e-14
2,2,5,3,7.28764650622520938e-14
2,3,5,3,7.28719114131276546e-14
2,4,5,3,7.28574373141249731e-14
2,5,5,3,7.28221804147284602e-14
2,6,5,3,7.27509212269418504e-14
2,7,5,3,7.26249437107626128e-14
2,8,5,3,7.24240410482010488e-14
2,9,5,3,7.21315029732737256e-14
2,10,5,3,7.17421524206070249e-14
2,11,5,3,7.12696503375742640e-14
2,12,5,3,7.07475527814138694e-14
2,13,5,3,7.02203933563606830e-14
2,14,5,3,6.97260378232887612e-14
2,15,5,3,6.92729023015620227e-14
2,16,5,3,6.88174289689008623e-14
2,17,5,3,6.82482905909817528e-14
2,18,5,3,6.73842017883015398e-14
2,19,5,3,6.59905886445794065e-14
2,20,5,3,6.38156655340463286e-14
2,21,5,3,6.06399357268826156e-14
2,22,5,3,5.63271692201154639e-14
2,23,5,3,5.08621397494850302e-14
2,24,5,3,4.43617412498441971e-14
2,25,5,3,3.70538289721361602e-14
2,26,5,3,2.92302260954807602e-14
2,27,5,3,2.11928253266747968e-14
2,28,5,3,1.32161517379892832e-14
2,29,5,3,5.53900128143062533e-15
2,30,5,3,-1.62514430589817595e-15
2,31,5,3,-8.08600351931941519e-15
2,32,5,3,-1.37018971811523650e-14
2,33,5,3,-1.84210506142543431e-14
2,34,5,3,-2.23011882669477829e-14
2,35,5,3,-2.54776837918958138e-14
2,36,5,3,-2.80915359875642812e-14
2,37,5,3,-3.02274074910971469e-14
2,38,5,3,-3.19092964399560197e-14
2,39,5,3,-3.31537335291395147e-14
2,40,5,3,-3.40302974330668889e-14
2,41,5,3,-3.46755569678898479e-14
2,42,5,3,-3.52535248172511362e-14
2,43,5,3,-3.59054250903805688e-14
2,44,5,3,-3.67352835975963410e-14
2,45,5,3,-3.78351863727921511e-14
2,46,5,3,-3.93116528912829111e-14
2,47,5,3,-4.12725138353858823e-14
2,48,5,3,-4.37678152997566378e-14
2,49,5,3,-4.67140703289820047e-14
2,50,5,3,-4.98443415719324739e-14
2,51,5,3,-5.27178703523065867e-14
2,52,5,3,-5.48025200794530903e-14
2,53,5,3,-5.56156649325536406e-14
2,54,5,3,-5.48801557312666305e-14
2,55,5,3,-5.26332280439533590e-14
2,56,5,3,-4.92345456125451580e-14
2,57,5,3,-4.52580376333108075e-14
2,58,5,3,-4.13062765686634387e-14
2,59,5,3,-3.78252286534642296e-14
2,60,5,3,-3.49973583370789126e-14
2,61,5,3,-3.27497225302217365e-14
2,62,5,3,-3.08560922852082337e-14
2,63,5,3,-2.90719156376389315e-14
2,0,6,3,4.49098257768263537e-14
2,1,6,3,4.49100798867105300e-14
2,2,6,3,4.49126379262112380e-14
2,3,6,3,4.49253400322882634e-14
2,4,6,3,4.49673799715263889e-14
2,5,6,3,4.50723544587455088e-14
2,6,6,3,4.52846446322499596e-14
2,7,6,3,4.56487027811116469e-14
2,8,6,3,4.61949882101138354e-14
2,9,6,3,4.69276886501477503e-14
2,10,6,3,4.78187164886824390e-14
2,11,6,3,4.88110155863908518e-14
2,12,6,3,4.98314598948706305e-14
2,13,6,3,5.08094983458790700e-14
2,14,6,3,5.16942445880769208e-14
2,15,6,3,5.24627779099114816e-14
2,16,6,3,5.31160571526790443e-14
2,17,6,3,5.36635521447299119e-14
2,18,6,3,5.41008854197926742e-14
2,19,6,3,5.43855528645741104e-14
2,20,6,3,5.44164865078078375e-14
2,21,6,3,5.40244898242139143e-14
2,22,6,3,5.29814805580192810e-14
2,23,6,3,5.10335758298775116e-14
2,24,6,3,4.79548177426472599e-14
2,25,6,3,4.36075668305314912e-14
2,26,6,3,3.79893328166652777e-14
2,27,6,3,3.12520124254138387e-14
2,28,6,3,2.36945015610065882e-14
2,29,6,3,1.57386819234824754e-14
2,30,6,3,7.88917932039888067e-15
2,31,6,3,6.62844468203550256e-16
2,32,6,3,-5.51762047577603228e-15
2,33,6,3,-1.04345167150298422e-14
2,34,6,3,-1.41285824050351935e-14
2,35,6,3,-1.68504533243352128e-14
2,36,6,3,-1.89281590753801257e-14
2,37,6,3,-2.06256571473910008e-14
2,38,6,3,-2.20723250467973545e-14
2,39,6,3,-2.32967501355690193e-14
2,40,6,3,-2.43372623486351469e-14
2,41,6,3,-2.53622721647006263e-14
2,42,6,3,-2.67313908096540598e-14
2,43,6,3,-2.89582980262260287e-14
2,44,6,3,-3.25794858484825672e-14
2,45,6,3,-3.79682688013329578e-14
2,46,6,3,-4.51510065500957541e-14
2,47,6,3,-5.36884210320612981e-14
2,48,6,3,-6.26827488026983348e-14
2,49,6,3,-7.09483876813396530e-14
2,50,6,3,-7.73236726384074480e-14
2,51,6,3,-8.10218794724919256e-14
2,52,6,3,-8.18740352750112199e-14
2,53,6,3,-8.03498096508224735e-14
2,54,6,3,-7.73468474598443256e-14
2,55,6,3,-7.38502751247878397e-14
2,56,6,3,-7.06151107097811870e-14
2,57,6,3,-6.79926628237639830e-14
2,58,6,3,-6.59381877983304665e-14
2,59,6,3,-6.41555629151205342e-14
2,60,6,3,-6.22915280012840966e-14
2,61,6,3,-6.00943922987422219e-14
2,62,6,3,-5.74870012703954103e-14
2,63,6,3,-5.45511308651033811e-14
2,0,7,3,5.00510819855665146e-14
2,1,7,3,5.00509329077677978e-14
2,2,7,3,5.00493709790130609e-14
2,3,7,3,5.00410666679981797e-14
2,4,7,3,5.00108953544169815e-14
2,5,7,3,4.99269272842897682e-14
2,6,7,3,4.97361619120409437e-14
2,7,7,3,4.93687291839173953e-14
2,8,7,3,4.87533868527914582e-14
2,9,7,3,4.78406715826752704e-14
2,10,7,3,4.66236241508741905e-14
2,11,7,3,4.51450569906742399e-14
2,12,7,3,4.34869154575245886e-14
2,13,7,3,4.17471335007867789e-14
2,14,7,3,4.00158049328625670e-14
2,15,7,3,3.83613158057814763e-14
2,16,7,3,3.68298361914324440e-14
2,17,7,3,3.54533602182991597e-14
2,18,7,3,3.42572311121634721e-14
2,19,7,3,3.32597989947946981e-14
2,20,7,3,3.24633474670186356e-14
2,21,7,3,3.18426213944799502e-14
2,22,7,3,3.13401207925872310e-14
2,23,7,3,3.08740629362171809e-14
2,24,7,3,3.03563868920414537e-14
2,25,7,3,2.97101515752632578e-14
2,26,7,3,2.88753328431083645e-14
2,27,7,3,2.78021353226735879e-14
2,28,7,3,2.64440433526275109e-14
2,29,7,3,2.47617901796013187e-14
2,30,7,3,2.27314488169009718e-14
2,31,7,3,2.03351638099983495e-14
2,32,7,3,1.75247796417761503e-14
2,33,7,3,1.41815524574246885e-14
2,34,7,3,1.01154241572060967e-14
2,35,7,3,5.12848379892851328e-15
2,36,7,3,-8.76454054342027224e-16
2,37,7,3,-7.79115812664377128e-15
2,38,7,3,-1.52526307014254348e-14
2,39,7,3,-2.26934576951507219e-14
2,40,7,3,-2.95189457458818610e-14
2,41,7,3,-3.53771103123873276e-14
2,42,7,3,-4.03871916107838985e-14
2,43,7,3,-4.51438982496023961e-14
2,44,7,3,-5.04167664376869301e-14
2,45,7,3,-5.66845154799031081e-14
2,46,7,3,-6.38022620846889765e-14
2,47,7,3,-7.10331316336465513e-14
2,48,7,3,-7.74203021570302186e-14
2,49,7,3,-8.22430299318895053e-14
2,50,7,3,-8.52743982197867734e-14
2,51,7,3,-8.67336394762621699e-14
2,52,7,3,-8.70384832458472035e-14
2,53,7,3,-8.65567789968754719e-14
2,54,7,3,-8.54983334022500763e-14
2,55,7,3,-8.39595252588413998e-14
2,56,7,3,-8.20372483595517565e-14
2,57,7,3,-7.99133979476063239e-14
2,58,7,3,-7.78573033951776572e-14
2,59,7,3,-7.61539133619856812e-14
2,60,7,3,-7.50051537263922430e-14
2,61,7,3,-7.44593392477087279e-14
2,62,7,3,-7.44027032367235164e-14
2,63,7,3,-7.46114866938263344e-14
2,0,0,4,0.00000000000000000e0
2,1,0,4,0.00000000000000000e0
2,2,0,4,0.00000000000000000e0
2,3,0,4,0.00000000000000000e0
2,4,0,4,0.00000000000000000e0
2,5,0,4,0.00000000000000000e0
2,6,0,4,0.00000000000000000e0
2,7,0,4,0.00000000000000000e0
2,8,0,4,0.00000000000000000e0
2,9,0,4,0.00000000000000000e0
2,10,0,4,0.00000000000000000e0
2,11,0,4,0.00000000000000000e0
2,12,0,4,0.00000000000000000e0
2,13,0,4,0.00000000000000000e0
2,14,0,4,0.00000000000000000e0
2,15,0,4,0.00000000000000000e0
2,16,0,4,0.00000000000000000e0
2,17,0,4,0.00000000000000000e0
2,18,0,4,0.00000000000000000e0
2,19,0,4,0.00000000000000000e0
2,20,0,4,0.00000000000000000e0
2,21,0,4,0.00000000000000000e0
2,22,0,4,0.00000000000000000e0
2,23,0,4,0.00000000000000000e0
2,24,0,4,0.00000000000000000e0
2,25,0,4,0.00000000000000000e0
2,26,0,4,0.00000000000000000e0
2,27,0,4,0.00000000000000000e0
2,28,0,4,0.00000000000000000e0
2,29,0,4,0.00000000000000000e0
2,30,0,4,0.00000000000000000e0
2,31,0,4,0.00000000000000000e0
2,32,0,4,0.00000000000000000e0
2,33,0,4,0.00000000000000000e0
2,34,0,4,0.00000000000000000e0
2,35,0,4,0.00000000000000000e0
2,36,0,4,0.00000000000000000e0
2,37,0,4,0.00000000000000000e0
2,38,0,4,0.00000000000000000e0
2,39,0,4,0.00000000000000000e0
2,40,0,4,0.00000000000000000e0
2,41,0,4,0.00000000000000000e0
2,42,0,4,0.00000000000000000e0
2,43,0,4,0.00000000000000000e0
2,44,0,4,0.00000000000000000e0
2,45,0,4,0.00000000000000000e0
2,46,0,4,0.00000000000000000e0
2,47,0,4,0.00000000000000000e0
2,48,0,4,0.00000000000000000e0
2,49,0,4,0.00000000000000000e0
2,50,0,4,0.00000000000000000e0
2,51,0,4,0.00000000000000000e0
2,52,0,4,0.00000000000000000e0
2,53,0,4,0.00000000000000000e0
2,54,0,4,0.00000000000000000e0
2,55,0,4,0.00000000000000000e0
2,56,0,4,0.00000000000000000e0
2,57,0,4,0.00000000000000000e0
2,58,0,4,0.00000000000000000e0
2,59,0,4,0.00000000000000000e0
2,60,0,4,0.00000000000000000e0
2,61,0,4,0.00000000000000000e0
2,62,0,4,0.00000000000000000e0
2,63,0,4,0.00000000000000000e0
2,0,1,4,0.00000000000000000e0
2,1,1,4,0.00000000000000000e0
2,2,1,4,0.00000000000000000e0
2,3,1,4,0.00000000000000000e0
2,4,1,4,0.00000000000000000e0
2,5,1,4,0.00000000000000000e0
2,6,1,4,0.00000000000000000e0
2,7,1,4,0.00000000000000000e0
2,8,1,4,0.00000000000000000e0
2,9,1,4,0.00000000000000000e0
2,10,1,4,0.00000000000000000e0
2,11,1,4,0.00000000000000000e0
2,12,1,4,0.00000000000000000e0
2,13,1,4,0.00000000000000000e0
2,14,1,4,0.00000000000000000e0
2,15,1,4,0.00000000000000000e0
2,16,1,4,0.00000000000000000e0
2,17,1,4,0.00000000000000000e0
2,18,1,4,0.00000000000000000e0
2,19,1,4,0.00000000000000000e0
2,20,1,4,0.00000000000000000e0
2,21,1,4,0.00000000000000000e0
2,22,1,4,0.00000000000000000e0
2,23,1,4,0.00000000000000000e0
2,24,1,4,0.00000000000000000e0
2,25,1,4,0.00000000000000000e0
2,26,1,4,0.00000000000000000e0
2,27,1,4,0.00000000000000000e0
2,28,1,4,0.00000000000000000e0
2,29,1,4,0.00000000000000000e0
2,30,1,4,0.00000000000000000e0
2,31,1,4,0.00000000000000000e0
2,32,1,4,0.00000000000000000e0
2,33,1,4,0.00000000000000000e0
2,34,1,4,0.00000000000000000e0
2,35,1,4,0.00000000000000000e0
2,36,1,4,0.00000000000000000e0
2,37,1,4,0.00000000000000000e0
2,38,1,4,0.00000000000000000e0
2,39,1,4,0.00000000000000000e0
2,40,1,4,0.00000000000000000e0
2,41,1,4,0.00000000000000000e0
2,42,1,4,0.00000000000000000e0
2,43,1,4,0.00000000000000000e0
2,44,1,4,0.00000000000000000e0
2,45,1,4,0.00000000000000000e0
2,46,1,4,0.00000000000000000e0
2,47,1,4,0.00000000000000000e0
2,48,1,4,0.00000000000000000e0
2,49,1,4,0.00000000000000000e0
2,50,1,4,0.00000000000000000e0
2,51,1,4,0.00000000000000000e0
2,52,1,4,0.00000000000000000e0
2,53,1,4,0.00000000000000000e0
2,54,1,4,0.00000000000000000e0
2,55,1,4,0.00000000000000000e0
2,56,1,4,0.00000000000000000e0
2,57,1,4,0.00000000000000000e0
2,58,1,4,0.00000000000000000e0
2,59,1,4,0.00000000000000000e0
2,60,1,4,0.00000000000000000e0
2,61,1,4,0.00000000000000000e0
2,62,1,4,0.00000000000000000e0
2,63,1,4,0.00000000000000000e0
2,0,2,4,0.00000000000000000e0
2,1,2,4,0.00000000000000000e0
2,2,2,4,0.00000000000000000e0
2,3,2,4,0.00000000000000000e0
2,4,2,4,0.00000000000000000e0
2,5,2,4,0.00000000000000000e0
2,6,2,4,0.00000000000000000e0
2,7,2,4,0.00000000000000000e0
2,8,2,4,0.00000000000000000e0
2,9,2,4,0.00000000000000000e0
2,10,2,4,0.00000000000000000e0
2,11,2,4,0.00000000000000000e0
2,12,2,4,0.00000000000000000e0
2,13,2,4,0.00000000000000000e0
2,14,2,4,0.00000000000000000e0
2,15,2,4,0.00000000000000000e0
2,16,2,4,0.00000000000000000e0
2,17,2,4,0.00000000000000000e0
2,18,2,4,0.00000000000000000e0
2,19,2,4,0.00000000000000000e0
2,20,2,4,0.00000000000000000e0
2,21,2,4,0.00000000000000000e0
2,22,2,4,0.00000000000000000e0
2,23,2,4,0.00000000000000000e0
2,24,2,4,0.00000000000000000e0
2,25,2,4,0.00000000000000000e0
2,26,2,4,0.00000000000000000e0
2,27,2,4,0.00000000000000000e0
2,28,2,4,0.00000000000000000e0
2,29,2,4,0.00000000000000000e0
2,30,2,4,0.00000000000000000e0
2,31,2,4,0.00000000000000000e0
2,32,2,4,0.00000000000000000e0
2,33,2,4,0.00000000000000000e0
2,34,2,4,0.00000000000000000e0
2,35,2,4,0.00000000000000000e0
2,36,2,4,0.00000000000000000e0
2,37,2,4,0.00000000000000000e0
2,38,2,4,0.00000000000000000e0
2,39,2,4,0.00000000000000000e0
2,40,2,4,0.00000000000000000e0
2,41,2,4,0.00000000000000000e0
2,42,2,4,0.00000000000000000e0
2,43,2,4,0.00000000000000000e0
2,44,2,4,0.00000000000000000e0
2,45,2,4,0.00000000000000000e0
2,46,2,4,0.00000000000000000e0
2,47,2,4,0.00000000000000000e0
2,48,2,4,0.00000000000000000e0
2,49,2,4,0.00000000000000000e0
2,50,2,4,0.00000000000000000e0
2,51,2,4,0.00000000000000000e0
2,52,2,4,0.00000000000000000e0
2,53,2,4,0.00000000000000000e0
2,54,2,4,0.00000000000000000e0
2,55,2,4,0.00000000000000000e0
2,56,2,4,0.00000000000000000e0
2,57,2,4,0.00000000000000000e0
2,58,2,4,0.00000000000000000e0
2,59,2,4,0.00000000000000000e0
2,60,2,4,0.00000000000000000e0
2,61,2,4,0.00000000000000000e0
2,62,2,4,0.00000000000000000e0
2,63,2,4,0.00000000000000000e0
2,0,3,4,0.00000000000000000e0
2,1,3,4,0.00000000000000000e0
2,2,3,4,0.00000000000000000e0
2,3,3,4,0.00000000000000000e0
2,4,3,4,0.00000000000000000e0
2,5,3,4,0.00000000000000000e0
2,6,3,4,0.00000000000000000e0
2,7,3,4,0.00000000000000000e0
2,8,3,4,0.00000000000000000e0
2,9,3,4,0.00000000000000000e0
2,10,3,4,0.00000000000000000e0
2,11,3,4,0.00000000000000000e0
2,12,3,4,0.00000000000000000e0
2,13,3,4,0.00000000000000000e0
2,14,3,4,0.00000000000000000e0
2,15,3,4,0.00000000000000000e0
2,16,3,4,0.00000000000000000e0
2,17,3,4,0.00000000000000000e0
2,18,3,4,0.00000000000000000e0
2,19,3,4,0.00000000000000000e0
2,20,3,4,0.00000000000000000e0
2,21,3,4,0.00000000000000000e0
2,22,3,4,0.00000000000000000e0
2,23,3,4,0.00000000000000000e0
2,24,3,4,0.00000000000000000e0
2,25,3,4,0.00000000000000000e0
2,26,3,4,0.00000000000000000e0
2,27,3,4,0.00000000000000000e0
2,28,3,4,0.00000000000000000e0
2,29,3,4,0.00000000000000000e0
2,30,3,4,0.00000000000000000e0
2,31,3,4,0.00000000000000000e0
2,32,3,4,0.00000000000000000e0
2,33,3,4,0.00000000000000000e0
2,34,3,4,0.00000000000000000e0
2,35,3,4,0.00000000000000000e0
2,36,3,4,0.00000000000000000e0
2,37,3,4,0.00000000000000000e0
2,38,3,4,0.00000000000000000e0
2,39,3,4,0.00000000000000000e0
2,40,3,4,0.00000000000000000e0
2,41,3,4,0.00000000000000000e0
2,42,3,4,0.00000000000000000e0
2,43,3,4,0.00000000000000000e0
2,44,3,4,0.00000000000000000e0
2,45,3,4,0.00000000000000000e0
2,46,3,4,0.00000000000000000e0
2,47,3,4,0.00000000000000000e0
2,48,3,4,0.00000000000000000e0
2,49,3,4,0.00000000000000000e0
2,50,3,4,0.00000000000000000e0
2,51,3,4,0.00000000000000000e0
2,52,3,4,0.00000000000000000e0
2,53,3,4,0.00000000000000000e0
2,54,3,4,0.00000000000000000e0
2,55,3,4,0.00000000000000000e0
2,56,3,4,0.00000000000000000e0
2,57,3,4,0.00000000000000000e0
2,58,3,4,0.00000000000000000e0
2,59,3,4,0.00000000000000000e0
2,60,3,4,0.00000000000000000e0
2,61,3,4,0.00000000000000000e0
2,62,3,4,0.00000000000000000e0
2,63,3,4,0.00000000000000000e0
2,0,4,4,0.00000000000000000e0
2,1,4,4,0.00000000000000000e0
2,2,4,4,0.00000000000000000e0
2,3,4,4,0.00000000000000000e0
2,4,4,4,0.00000000000000000e0
2,5,4,4,0.00000000000000000e0
2,6,4,4,0.00000000000000000e0
2,7,4,4,0.00000000000000000e0
2,8,4,4,0.00000000000000000e0
2,9,4,4,0.00000000000000000e0
2,10,4,4,0.00000000000000000e0
2,11,4,4,0.00000000000000000e0
2,12,4,4,0.00000000000000000e0
2,13,4,4,0.00000000000000000e0
2,14,4,4,0.00000000000000000e0
2,15,4,4,0.00000000000000000e0
2,16,4,4,0.00000000000000000e0
2,17,4,4,0.00000000000000000e0
2,18,4,4,0.00000000000000000e0
2,19,4,4,0.00000000000000000e0
2,20,4,4,0.00000000000000000e0
2,21,4,4,0.00000000000000000e0
2,22,4,4,0.00000000000000000e0
2,23,4,4,0.00000000000000000e0
2,24,4,4,0.00000000000000000e0
2,25,4,4,0.00000000000000000e0
2,26,4,4,0.00000000000000000e0
2,27,4,4,0.00000000000000000e0
2,28,4,4,0.00000000000000000e0
2,29,4,4,0.00000000000000000e0
2,30,4,4,0.00000000000000000e0
2,31,4,4,0.00000000000000000e0
2,32,4,4,0.00000000000000000e0
2,33,4,4,0.00000000000000000e0
2,34,4,4,0.00000000000000000e0
2,35,4,4,0.00000000000000000e0
2,36,4,4,0.00000000000000000e0
2,37,4,4,0.00000000000000000e0
2,38,4,4,0.00000000000000000e0
2,39,4,4,0.00000000000000000e0
2,40,4,4,0.00000000000000000e0
2,41,4,4,0.00000000000000000e0
2,42,4,4,0.00000000000000000e0
2,43,4,4,0.00000000000000000e0
2,44,4,4,0.00000000000000000e0
2,45,4,4,0.00000000000000000e0
2,46,4,4,0.00000000000000000e0
2,47,4,4,0.00000000000000000e0
2,48,4,4,0.00000000000000000e0
2,49,4,4,0.00000000000000000e0
2,50,4,4,0.00000000000000000e0
2,51,4,4,0.00000000000000000e0
2,52,4,4,0.00000000000000000e0
2,53,4,4,0.00000000000000000e0
2,54,4,4,0.00000000000000000e0
2,55,4,4,0.00000000000000000e0
2,56,4,4,0.00000000000000000e0
2,57,4,4,0.00000000000000000e0
2,58,4,4,0.00000000000000000e0
2,59,4,4,0.00000000000000000e0
2,60,4,4,0.00000000000000000e0
2,61,4,4,0.00000000000000000e0
2,62,4,4,0.00000000000000000e0
2,63,4,4,0.00000000000000000e0
2,0,5,4,0.00000000000000000e0
2,1,5,4,0.00000000000000000e0
2,2,5,4,0.00000000000000000e0
2,3,5,4,0.00000000000000000e0
2,4,5,4,0.00000000000000000e0
2,5,5,4,0.00000000000000000e0
2,6,5,4,0.00000000000000000e0
2,7,5,4,0.00000000000000000e0
2,8,5,4,0.00000000000000000e0
2,9,5,4,0.00000000000000000e0
2,10,5,4,0.00000000000000000e0
2,11,5,4,0.00000000000000000e0
2,12,5,4,0.00000000000000000e0
2,13,5,4,0.00000000000000000e0
2,14,5,4,0.00000000000000000e0
2,15,5,4,0.00000000000000000e0
2,16,5,4,0.00000000000000000e0
2,17,5,4,0.00000000000000000e0
2,18,5,4,0.00000000000000000e0
2,19,5,4,0.00000000000000000e0
2,20,5,4,0.00000000000000000e0
2,21,5,4,0.00000000000000000e0
2,22,5,4,0.00000000000000000e0
2,23,5,4,0.00000000000000000e0
2,24,5,4,0.00000000000000000e0
2,25,5,4,0.00000000000000000e0
2,26,5,4,0.00000000000000000e0
2,27,5,4,0.00000000000000000e0
2,28,5,4,0.00000000000000000e0
2,29,5,4,0.00000000000000000e0
2,30,5,4,0.00000000000000000e0
2,31,5,4,0.00000000000000000e0
2,32,5,4,0.00000000000000000e0
2,33,5,4,0.00000000000000000e0
2,34,5,4,0.00000000000000000e0
2,35,5,4,0.00000000000000000e0
2,36,5,4,0.00000000000000000e0
2,37,5,4,0.00000000000000000e0
2,38,5,4,0.00000000000000000e0
2,39,5,4,0.00000000000000000e0
2,40,5,4,0.00000000000000000e0
2,41,5,4,0.00000000000000000e0
2,42,5,4,0.00000000000000000e0
2,43,5,4,0.00000000000000000e0
2,44,5,4,0.00000000000000000e0
2,45,5,4,0.00000000000000000e0
2,46,5,4,0.00000000000000000e0
2,47,5,4,0.00000000000000000e0
2,48,5,4,0.00000000000000000e0
2,49,5,4,0.00000000000000000e0
2,50,5,4,0.00000000000000000e0
2,51,5,4,0.00000000000000000e0
2,52,5,4,0.00000000000000000e0
2,53,5,4,0.00000000000000000e0
2,54,5,4,0.00000000000000000e0
2,55,5,4,0.00000000000000000e0
2,56,5,4,0.00000000000000000e0
2,57,5,4,0.00000000000000000e0
2,58,5,4,0.00000000000000000e0
2,59,5,4,0.00000000000000000e0
2,60,5,4,0.00000000000000000e0
2,61,5,4,0.00000000000000000e0
2,62,5,4,0.00000000000000000e0
2,63,5,4,0.00000000000000000e0
2,0,6,4,0.00000000000000000e0
2,1,6,4,0.00000000000000000e0
2,2,6,4,0.00000000000000000e0
2,3,6,4,0.00000000000000000e0
2,4,6,4,0.00000000000000000e0
2,5,6,4,0.00000000000000000e0
2,6,6,4,0.00000000000000000e0
2,7,6,4,0.00000000000000000e0
2,8,6,4,0.00000000000000000e0
2,9,6,4,0.00000000000000000e0
2,10,6,4,0.00000000000000000e0
2,11,6,4,0.00000000000000000e0
2,12,6,4,0.00000000000000000e0
2,13,6,4,0.00000000000000000e0
2,14,6,4,0.00000000000000000e0
2,15,6,4,0.00000000000000000e0
2,16,6,4,0.00000000000000000e0
2,17,6,4,0.00000000000000000e0
2,18,6,4,0.00000000000000000e0
2,19,6,4,0.00000000000000000e0
2,20,6,4,0.00000000000000000e0
2,21,6,4,0.00000000000000000e0
2,22,6,4,0.00000000000000000e0
2,23,6,4,0.00000000000000000e0
2,24,6,4,0.00000000000000000e0
2,25,6,4,0.00000000000000000e0
2,26,6,4,0.00000000000000000e0
2,27,6,4,0.00000000000000000e0
2,28,6,4,0.00000000000000000e0
2,29,6,4,0.00000000000000000e0
2,30,6,4,0.00000000000000000e0
2,31,6,4,0.00000000000000000e0
2,32,6,4,0.00000000000000000e0
2,33,6,4,0.00000000000000000e0
2,34,6,4,0.00000000000000000e0
2,35,6,4,0.00000000000000000e0
2,36,6,4,0.00000000000000000e0
2,37,6,4,0.00000000000000000e0
2,38,6,4,0.00000000000000000e0
2,39,6,4,0.00000000000000000e0
2,40,6,4,0.00000000000000000e0
2,41,6,4,0.00000000000000000e0
2,42,6,4,0.00000000000000000e0
2,43,6,4,0.00000000000000000e0
2,44,6,4,0.00000000000000000e0
2,45,6,4,0.00000000000000000e0
2,46,6,4,0.00000000000000000e0
2,47,6,4,0.00000000000000000e0
2,48,6,4,0.00000000000000000e0
2,49,6,4,0.00000000000000000e0
2,50,6,4,0.00000000000000000e0
2,51,6,4,0.00000000000000000e0
2,52,6,4,0.00000000000000000e0
2,53,6,4,0.00000000000000000e0
2,54,6,4,0.00000000000000000e0
2,55,6,4,0.00000000000000000e0
2,56,6,4,0.00000000000000000e0
2,57,6,4,0.00000000000000000e0
2,58,6,4,0.00000000000000000e0
2,59,6,4,0.00000000000000000e0
2,60,6,4,0.00000000000000000e0
2,61,6,4,0.00000000000000000e0
2,62,6,4,0.00000000000000000e0
2,63,6,4,0.00000000000000000e0
2,0,7,4,0.00000000000000000e0
2,1,7,4,0.00000000000000000e0
2,2,7,4,0.00000000000000000e0
2,3,7,4,0.00000000000000000e0
2,4,7,4,0.00000000000000000e0
2,5,7,4,0.00000000000000000e0
2,6,7,4,0.00000000000000000e0
2,7,7,4,0.00000000000000000e0
2,8,7,4,0.00000000000000000e0
2,9,7,4,0.00000000000000000e0
2,10,7,4,0.00000000000000000e0
2,11,7,4,0.00000000000000000e0
2,12,7,4,0.00000000000000000e0
2,13,7,4,0.00000000000000000e0
2,14,7,4,0.00000000000000000e0
2,15,7,4,0.00000000000000000e0
2,16,7,4,0.00000000000000000e0
2,17,7,4,0.00000000000000000e0
2,18,7,4,0.00000000000000000e0
2,19,7,4,0.00000000000000000e0
2,20,7,4,0.00000000000000000e0
2,21,7,4,0.00000000000000000e0
2,22,7,4,0.00000000000000000e0
2,23,7,4,0.00000000000000000e0
2,24,7,4,0.00000000000000000e0
2,25,7,4,0.00000000000000000e0
2,26,7,4,0.00000000000000000e0
2,27,7,4,0.00000000000000000e0
2,28,7,4,0.00000000000000000e0
2,29,7,4,0.00000000000000000e0
2,30,7,4,0.00000000000000000e0
2,31,7,4,0.00000000000000000e0
2,32,7,4,0.00000000000000000e0
2,33,7,4,0.00000000000000000e0
2,34,7,4,0.00000000000000000e0
2,35,7,4,0.00000000000000000e0
2,36,7,4,0.00000000000000000e0
2,37,7,4,0.00000000000000000e0
2,38,7,4,0.00000000000000000e0
2,39,7,4,0.00000000000000000e0
2,40,7,4,0.00000000000000000e0
2,41,7,4,0.00000000000000000e0
2,42,7,4,0.00000000000000000e0
2,43,7,4,0.00000000000000000e0
2,44,7,4,0.00000000000000000e0
2,45,7,4,0.00000000000000000e0
2,46,7,4,0.00000000000000000e0
2,47,7,4,0.00000000000000000e0
2,48,7,4,0.00000000000000000e0
2,49,7,4,0.00000000000000000e0
2,50,7,4,0.00000000000000000e0
2,51,7,4,0.00000000000000000e0
2,52,7,4,0.00000000000000000e0
2,53,7,4,0.00000000000000000e0
2,54,7,4,0.00000000000000000e0
2,55,7,4,0.00000000000000000e0
2,56,7,4,0.00000000000000000e0
2,57,7,4,0.00000000000000000e0
2,58,7,4,0.00000000000000000e0
2,59,7,4,0.00000000000000000e0
2,60,7,4,0.00000000000000000e0
2,61,7,4,0.00000000000000000e0
2,62,7,4,0.00000000000000000e0
2,63,7,4,0.00000000000000000e0
