i,j,k,x,fraction,pressure
0,0,0,7.81250000000000000e-3,0.00000000000000000e0,0.00000000000000000e0
1,0,0,2.34375000000000000e-2,0.00000000000000000e0,0.00000000000000000e0
2,0,0,3.90625000000000000e-2,0.00000000000000000e0,0.00000000000000000e0
3,0,0,5.46875000000000000e-2,0.00000000000000000e0,0.00000000000000000e0
4,0,0,7.03125000000000000e-2,0.00000000000000000e0,0.00000000000000000e0
5,0,0,8.59375000000000000e-2,0.00000000000000000e0,0.00000000000000000e0
6,0,0,1.01562500000000000e-1,0.00000000000000000e0,0.00000000000000000e0
7,0,0,1.17187500000000000e-1,0.00000000000000000e0,0.00000000000000000e0
8,0,0,1.32812500000000000e-1,0.00000000000000000e0,0.00000000000000000e0
9,0,0,1.48437500000000000e-1,0.00000000000000000e0,0.00000000000000000e0
10,0,0,1.64062500000000000e-1,0.00000000000000000e0,0.00000000000000000e0
11,0,0,1.79687500000000000e-1,0.00000000000000000e0,0.00000000000000000e0
12,0,0,1.95312500000000000e-1,0.00000000000000000e0,0.00000000000000000e0
13,0,0,2.10937500000000000e-1,0.00000000000000000e0,0.00000000000000000e0
14,0,0,2.26562500000000000e-1,0.00000000000000000e0,0.00000000000000000e0
15,0,0,2.42187500000000000e-1,0.00000000000000000e0,0.00000000000000000e0
16,0,0,2.57812500000000000e-1,5.02262128602866376e-5,0.00000000000000000e0
17,0,0,2.73437500000000000e-1,5.85972483370017223e-4,0.00000000000000000e0
18,0,0,2.89062500000000000e-1,3.35399488100366185e-3,0.00000000000000000e0
19,0,0,3.04687500000000000e-1,1.25807362064492886e-2,0.00000000000000000e0
20,0,0,3.20312500000000000e-1,3.48786944096099588e-2,0.00000000000000000e0
21,0,0,3.35937500000000000e-1,7.65015497221774310e-2,0.00000000000000000e0
22,0,0,3.51562500000000000e-1,1.38935832691030048e-1,0.00000000000000000e0
23,0,0,3.67187500000000000e-1,2.16235421128658872e-1,0.00000000000000000e0
24,0,0,3.82812500000000000e-1,2.96755825751190638e-1,0.00000000000000000e0
25,0,0,3.98437500000000000e-1,3.68329518748998164e-1,0.00000000000000000e0
26,0,0,4.14062500000000000e-1,4.23202683380651590e-1,0.00000000000000000e0
27,0,0,4.29687500000000000e-1,4.59784793135087744e-1,0.00000000000000000e0
28,0,0,4.45312500000000000e-1,4.81124357158509042e-1,0.00000000000000000e0
29,0,0,4.60937500000000000e-1,4.92067723324365935e-1,0.00000000000000000e0
30,0,0,4.76562500000000000e-1,4.97018293732729377e-1,0.00000000000000000e0
31,0,0,4.92187500000000000e-1,4.98998521896074132e-1,0.00000000000000000e0
32,0,0,5.07812500000000000e-1,4.99649626491064536e-1,0.00000000000000000e0
33,0,0,5.23437500000000000e-1,4.99333905572037218e-1,0.00000000000000000e0
34,0,0,5.39062500000000000e-1,4.96627001327593853e-1,0.00000000000000000e0
35,0,0,5.54687500000000000e-1,4.87415271478372325e-1,0.00000000000000000e0
36,0,0,5.70312500000000000e-1,4.65120565761729776e-1,0.00000000000000000e0
37,0,0,5.85937500000000000e-1,4.23498329970406762e-1,0.00000000000000000e0
38,0,0,6.01562500000000000e-1,3.61064150255096972e-1,0.00000000000000000e0
39,0,0,6.17187500000000000e-1,2.83764576781750488e-1,0.00000000000000000e0
40,0,0,6.32812500000000000e-1,2.03244174029753283e-1,0.00000000000000000e0
41,0,0,6.48437500000000000e-1,1.31670481231467768e-1,0.00000000000000000e0
42,0,0,6.64062500000000000e-1,7.67973166177180894e-2,0.00000000000000000e0
43,0,0,6.79687500000000000e-1,4.02152068646061747e-2,0.00000000000000000e0
44,0,0,6.95312500000000000e-1,1.88756428412621552e-2,0.00000000000000000e0
45,0,0,7.10937500000000000e-1,7.93227667540755306e-3,0.00000000000000000e0
46,0,0,7.26562500000000000e-1,2.98170626704311265e-3,0.00000000000000000e0
47,0,0,7.42187500000000000e-1,1.00147810369724424e-3,0.00000000000000000e0
48,0,0,7.57812500000000000e-1,3.00147295845566426e-4,0.00000000000000000e0
49,0,0,7.73437500000000000e-1,8.01219443626828077e-5,0.00000000000000000e0
50,0,0,7.89062500000000000e-1,1.90037911729918237e-5,0.00000000000000000e0
51,0,0,8.04687500000000000e-1,3.99231495096221598e-6,0.00000000000000000e0
52,0,0,8.20312500000000000e-1,7.39828436189084454e-7,0.00000000000000000e0
53,0,0,8.35937500000000000e-1,1.20307195279907609e-7,0.00000000000000000e0
54,0,0,8.51562500000000000e-1,1.70536551283766883e-8,0.00000000000000000e0
55,0,0,8.67187500000000000e-1,2.08937394699519302e-9,0.00000000000000000e0
56,0,0,8.82812500000000000e-1,2.18838799322481766e-10,0.00000000000000000e0
57,0,0,8.98437500000000000e-1,1.93150502373901048e-11,0.00000000000000000e0
58,0,0,9.14062500000000000e-1,1.40907275539448032e-12,0.00000000000000000e0
59,0,0,9.29687500000000000e-1,8.27040530244179204e-14,0.00000000000000000e0
60,0,0,9.45312500000000000e-1,3.75353502619902673e-15,0.00000000000000000e0
61,0,0,9.60937500000000000e-1,1.23626152717657523e-16,0.00000000000000000e0
62,0,0,9.76562500000000000e-1,2.62919026827732630e-18,0.00000000000000000e0
63,0,0,9.92187500000000000e-1,2.71050543121376109e-20,0.00000000000000000e0
0,1,0,7.81250000000000000e-3,0.00000000000000000e0,0.00000000000000000e0
1,1,0,2.34375000000000000e-2,0.00000000000000000e0,0.00000000000000000e0
2,1,0,3.90625000000000000e-2,0.00000000000000000e0,0.00000000000000000e0
3,1,0,5.46875000000000000e-2,0.00000000000000000e0,0.00000000000000000e0
4,1,0,7.03125000000000000e-2,0.00000000000000000e0,0.00000000000000000e0
5,1,0,8.59375000000000000e-2,0.00000000000000000e0,0.00000000000000000e0
6,1,0,1.01562500000000000e-1,0.00000000000000000e0,0.00000000000000000e0
7,1,0,1.17187500000000000e-1,0.00000000000000000e0,0.00000000000000000e0
8,1,0,1.32812500000000000e-1,0.00000000000000000e0,0.00000000000000000e0
9,1,0,1.48437500000000000e-1,0.00000000000000000e0,0.00000000000000000e0
10,1,0,1.64062500000000000e-1,0.00000000000000000e0,0.00000000000000000e0
11,1,0,1.79687500000000000e-1,0.00000000000000000e0,0.00000000000000000e0
12,1,0,1.95312500000000000e-1,0.00000000000000000e0,0.00000000000000000e0
13,1,0,2.10937500000000000e-1,0.00000000000000000e0,0.00000000000000000e0
14,1,0,2.26562500000000000e-1,0.00000000000000000e0,0.00000000000000000e0
15,1,0,2.42187500000000000e-1,0.00000000000000000e0,0.00000000000000000e0
16,1,0,2.57812500000000000e-1,5.02262128603198142e-5,0.00000000000000000e0
17,1,0,2.73437500000000000e-1,5.85972483370392140e-4,0.00000000000000000e0
18,1,0,2.89062500000000000e-1,3.35399488100573137e-3,0.00000000000000000e0
19,1,0,3.04687500000000000e-1,1.25807362064567115e-2,0.00000000000000000e0
20,1,0,3.20312500000000000e-1,3.48786944096294849e-2,0.00000000000000000e0
21,1,0,3.35937500000000000e-1,7.65015497222176627e-2,0.00000000000000000e0
22,1,0,3.51562500000000000e-1,1.38935832691098243e-1,0.00000000000000000e0
23,1,0,3.67187500000000000e-1,2.16235421128757682e-1,0.00000000000000000e0
24,1,0,3.82812500000000000e-1,2.96755825751317204e-1,0.00000000000000000e0
25,1,0,3.98437500000000000e-1,3.68329518749145546e-1,0.00000000000000000e0
26,1,0,4.14062500000000000e-1,4.23202683380811684e-1,0.00000000000000000e0
27,1,0,4.29687500000000000e-1,4.59784793135253611e-1,0.00000000000000000e0
28,1,0,4.45312500000000000e-1,4.81124357158676130e-1,0.00000000000000000e0
29,1,0,4.60937500000000000e-1,4.92067723324532247e-1,0.00000000000000000e0
30,1,0,4.76562500000000000e-1,4.97018293732895189e-1,0.00000000000000000e0
31,1,0,4.92187500000000000e-1,4.98998521896241054e-1,0.00000000000000000e0
32,1,0,5.07812500000000000e-1,4.99649626491234178e-1,0.00000000000000000e0
33,1,0,5.23437500000000000e-1,4.99333905572209746e-1,0.00000000000000000e0
34,1,0,5.39062500000000000e-1,4.96627001327766826e-1,0.00000000000000000e0
35,1,0,5.54687500000000000e-1,4.87415271478539747e-1,0.00000000000000000e0
36,1,0,5.70312500000000000e-1,4.65120565761883376e-1,0.00000000000000000e0
37,1,0,5.85937500000000000e-1,4.23498329970538434e-1,0.00000000000000000e0
38,1,0,6.01562500000000000e-1,3.61064150255200722e-1,0.00000000000000000e0
39,1,0,6.17187500000000000e-1,2.83764576781824707e-1,0.00000000000000000e0
40,1,0,6.32812500000000000e-1,2.03244174029801133e-1,0.00000000000000000e0
41,1,0,6.48437500000000000e-1,1.31670481231495357e-1,0.00000000000000000e0
42,1,0,6.64062500000000000e-1,7.67973166177322031e-2,0.00000000000000000e0
43,1,0,6.79687500000000000e-1,4.02152068646125863e-2,0.00000000000000000e0
44,1,0,6.95312500000000000e-1,1.88756428412647469e-2,0.00000000000000000e0
45,1,0,7.10937500000000000e-1,7.93227667540848808e-3,0.00000000000000000e0
46,1,0,7.26562500000000000e-1,2.98170626704341449e-3,0.00000000000000000e0
47,1,0,7.42187500000000000e-1,1.00147810369733119e-3,0.00000000000000000e0
48,1,0,7.57812500000000000e-1,3.00147295845589141e-4,0.00000000000000000e0
49,1,0,7.73437500000000000e-1,8.01219443626881880e-5,0.00000000000000000e0
50,1,0,7.89062500000000000e-1,1.90037911729929791e-5,0.00000000000000000e0
51,1,0,8.04687500000000000e-1,3.99231495096243875e-6,0.00000000000000000e0
52,1,0,8.20312500000000000e-1,7.39828436189122571e-7,0.00000000000000000e0
53,1,0,8.35937500000000000e-1,1.20307195279913405e-7,0.00000000000000000e0
54,1,0,8.51562500000000000e-1,1.70536551283774460e-8,0.00000000000000000e0
55,1,0,8.67187500000000000e-1,2.08937394699527781e-9,0.00000000000000000e0
56,1,0,8.82812500000000000e-1,2.18838799322489883e-10,0.00000000000000000e0
57,1,0,8.98437500000000000e-1,1.93150502373907446e-11,0.00000000000000000e0
58,1,0,9.14062500000000000e-1,1.40907275539452011e-12,0.00000000000000000e0
59,1,0,9.29687500000000000e-1,8.27040530244198137e-14,0.00000000000000000e0
60,1,0,9.45312500000000000e-1,3.75353502619909141e-15,0.00000000000000000e0
61,1,0,9.60937500000000000e-1,1.23626152717658928e-16,0.00000000000000000e0
62,1,0,9.76562500000000000e-1,2.62919026827734132e-18,0.00000000000000000e0
63,1,0,9.92187500000000000e-1,2.71050543121376109e-20,0.00000000000000000e0
0,2,0,7.81250000000000000e-3,0.00000000000000000e0,0.00000000000000000e0
1,2,0,2.34375000000000000e-2,0.00000000000000000e0,0.00000000000000000e0
2,2,0,3.90625000000000000e-2,0.00000000000000000e0,0.00000000000000000e0
3,2,0,5.46875000000000000e-2,0.00000000000000000e0,0.00000000000000000e0
4,2,0,7.03125000000000000e-2,0.00000000000000000e0,0.00000000000000000e0
5,2,0,8.59375000000000000e-2,0.00000000000000000e0,0.00000000000000000e0
6,2,0,1.01562500000000000e-1,0.00000000000000000e0,0.00000000000000000e0
7,2,0,1.17187500000000000e-1,0.00000000000000000e0,0.00000000000000000e0
8,2,0,1.32812500000000000e-1,0.00000000000000000e0,0.00000000000000000e0
9,2,0,1.48437500000000000e-1,0.00000000000000000e0,0.00000000000000000e0
10,2,0,1.64062500000000000e-1,0.00000000000000000e0,0.00000000000000000e0
11,2,0,1.79687500000000000e-1,0.00000000000000000e0,0.00000000000000000e0
12,2,0,1.95312500000000000e-1,0.00000000000000000e0,0.00000000000000000e0
13,2,0,2.10937500000000000e-1,0.00000000000000000e0,0.00000000000000000e0
14,2,0,2.26562500000000000e-1,0.00000000000000000e0,0.00000000000000000e0
15,2,0,2.42187500000000000e-1,0.00000000000000000e0,0.00000000000000000e0
16,2,0,2.57812500000000000e-1,5.02262128603478747e-5,0.00000000000000000e0
17,2,0,2.73437500000000000e-1,5.85972483370708294e-4,0.00000000000000000e0
18,2,0,2.89062500000000000e-1,3.35399488100748605e-3,0.00000000000000000e0
19,2,0,3.04687500000000000e-1,1.25807362064631334e-2,0.00000000000000000e0
20,2,0,3.20312500000000000e-1,3.48786944096469292e-2,0.00000000000000000e0
21,2,0,3.35937500000000000e-1,7.65015497222553409e-2,0.00000000000000000e0
22,2,0,3.51562500000000000e-1,1.38935832691165773e-1,0.00000000000000000e0
23,2,0,3.67187500000000000e-1,2.16235421128861433e-1,0.00000000000000000e0
24,2,0,3.82812500000000000e-1,2.96755825751457258e-1,0.00000000000000000e0
25,2,0,3.98437500000000000e-1,3.68329518749316132e-1,0.00000000000000000e0
26,2,0,4.14062500000000000e-1,4.23202683381003586e-1,0.00000000000000000e0
27,2,0,4.29687500000000000e-1,4.59784793135457004e-1,0.00000000000000000e0
28,2,0,4.45312500000000000e-1,4.81124357158882243e-1,0.00000000000000000e0
29,2,0,4.60937500000000000e-1,4.92067723324733863e-1,0.00000000000000000e0
30,2,0,4.76562500000000000e-1,4.97018293733086092e-1,0.00000000000000000e0
31,2,0,4.92187500000000000e-1,4.98998521896416025e-1,0.00000000000000000e0
32,2,0,5.07812500000000000e-1,4.99649626491389942e-1,0.00000000000000000e0
33,2,0,5.23437500000000000e-1,4.99333905572345416e-1,0.00000000000000000e0
34,2,0,5.39062500000000000e-1,4.96627001327883566e-1,0.00000000000000000e0
35,2,0,5.54687500000000000e-1,4.87415271478639889e-1,0.00000000000000000e0
36,2,0,5.70312500000000000e-1,4.65120565761968252e-1,0.00000000000000000e0
37,2,0,5.85937500000000000e-1,4.23498329970607879e-1,0.00000000000000000e0
38,2,0,6.01562500000000000e-1,3.61064150255254679e-1,0.00000000000000000e0
39,2,0,6.17187500000000000e-1,2.83764576781863842e-1,0.00000000000000000e0
40,2,0,6.32812500000000000e-1,2.03244174029827335e-1,0.00000000000000000e0
41,2,0,6.48437500000000000e-1,1.31670481231511399e-1,0.00000000000000000e0
42,2,0,6.64062500000000000e-1,7.67973166177412375e-2,0.00000000000000000e0
43,2,0,6.79687500000000000e-1,4.02152068646171937e-2,0.00000000000000000e0
44,2,0,6.95312500000000000e-1,1.88756428412668563e-2,0.00000000000000000e0
45,2,0,7.10937500000000000e-1,7.93227667540934850e-3,0.00000000000000000e0
46,2,0,7.26562500000000000e-1,2.98170626704372544e-3,0.00000000000000000e0
47,2,0,7.42187500000000000e-1,1.00147810369743116e-3,0.00000000000000000e0
48,2,0,7.57812500000000000e-1,3.00147295845617330e-4,0.00000000000000000e0
49,2,0,7.73437500000000000e-1,8.01219443626951540e-5,0.00000000000000000e0
50,2,0,7.89062500000000000e-1,1.90037911729944800e-5,0.00000000000000000e0
51,2,0,8.04687500000000000e-1,3.99231495096271997e-6,0.00000000000000000e0
52,2,0,8.20312500000000000e-1,7.39828436189168416e-7,0.00000000000000000e0
53,2,0,8.35937500000000000e-1,1.20307195279919758e-7,0.00000000000000000e0
54,2,0,8.51562500000000000e-1,1.70536551283782037e-8,0.00000000000000000e0
55,2,0,8.67187500000000000e-1,2.08937394699535432e-9,0.00000000000000000e0
56,2,0,8.82812500000000000e-1,2.18838799322496268e-10,0.00000000000000000e0
57,2,0,8.98437500000000000e-1,1.93150502373911679e-11,0.00000000000000000e0
58,2,0,9.14062500000000000e-1,1.40907275539454192e-12,0.00000000000000000e0
59,2,0,9.29687500000000000e-1,8.27040530244206720e-14,0.00000000000000000e0
60,2,0,9.45312500000000000e-1,3.75353502619911429e-15,0.00000000000000000e0
61,2,0,9.60937500000000000e-1,1.23626152717659397e-16,0.00000000000000000e0
62,2,0,9.76562500000000000e-1,2.62919026827734710e-18,0.00000000000000000e0
63,2,0,9.92187500000000000e-1,2.71050543121376109e-20,0.00000000000000000e0
0,3,0,7.81250000000000000e-3,0.00000000000000000e0,0.00000000000000000e0
1,3,0,2.34375000000000000e-2,0.00000000000000000e0,0.00000000000000000e0
2,3,0,3.90625000000000000e-2,0.00000000000000000e0,0.00000000000000000e0
3,3,0,5.46875000000000000e-2,0.00000000000000000e0,0.00000000000000000e0
4,3,0,7.03125000000000000e-2,0.00000000000000000e0,0.00000000000000000e0
5,3,0,8.59375000000000000e-2,0.00000000000000000e0,0.00000000000000000e0
6,3,0,1.01562500000000000e-1,0.00000000000000000e0,0.00000000000000000e0
7,3,0,1.17187500000000000e-1,0.00000000000000000e0,0.00000000000000000e0
8,3,0,1.32812500000000000e-1,0.00000000000000000e0,0.00000000000000000e0
9,3,0,1.48437500000000000e-1,0.00000000000000000e0,0.00000000000000000e0
10,3,0,1.64062500000000000e-1,0.00000000000000000e0,0.00000000000000000e0
11,3,0,1.79687500000000000e-1,0.00000000000000000e0,0.00000000000000000e0
12,3,0,1.95312500000000000e-1,0.00000000000000000e0,0.00000000000000000e0
13,3,0,2.10937500000000000e-1,0.00000000000000000e0,0.00000000000000000e0
14,3,0,2.26562500000000000e-1,0.00000000000000000e0,0.00000000000000000e0
15,3,0,2.42187500000000000e-1,0.00000000000000000e0,0.00000000000000000e0
16,3,0,2.57812500000000000e-1,5.02262128603364838e-5,0.00000000000000000e0
17,3,0,2.73437500000000000e-1,5.85972483370586863e-4,0.00000000000000000e0
18,3,0,2.89062500000000000e-1,3.35399488100685591e-3,0.00000000000000000e0
19,3,0,3.04687500000000000e-1,1.25807362064610309e-2,0.00000000000000000e0
20,3,0,3.20312500000000000e-1,3.48786944096418638e-2,0.00000000000000000e0
21,3,0,3.35937500000000000e-1,7.65015497222460705e-2,0.00000000000000000e0
22,3,0,3.51562500000000000e-1,1.38935832691152616e-1,0.00000000000000000e0
23,3,0,3.67187500000000000e-1,2.16235421128847000e-1,0.00000000000000000e0
24,3,0,3.82812500000000000e-1,2.96755825751445823e-1,0.00000000000000000e0
25,3,0,3.98437500000000000e-1,3.68329518749312024e-1,0.00000000000000000e0
26,3,0,4.14062500000000000e-1,4.23202683381009859e-1,0.00000000000000000e0
27,3,0,4.29687500000000000e-1,4.59784793135475989e-1,0.00000000000000000e0
28,3,0,4.45312500000000000e-1,4.81124357158915994e-1,0.00000000000000000e0
29,3,0,4.60937500000000000e-1,4.92067723324784989e-1,0.00000000000000000e0
30,3,0,4.76562500000000000e-1,4.97018293733157590e-1,0.00000000000000000e0
31,3,0,4.92187500000000000e-1,4.98998521896510117e-1,0.00000000000000000e0
32,3,0,5.07812500000000000e-1,4.99649626491507126e-1,0.00000000000000000e0
33,3,0,5.23437500000000000e-1,4.99333905572484527e-1,0.00000000000000000e0
34,3,0,5.39062500000000000e-1,4.96627001328041828e-1,0.00000000000000000e0
35,3,0,5.54687500000000000e-1,4.87415271478812473e-1,0.00000000000000000e0
36,3,0,5.70312500000000000e-1,4.65120565762147276e-1,0.00000000000000000e0
37,3,0,5.85937500000000000e-1,4.23498329970781684e-1,0.00000000000000000e0
38,3,0,6.01562500000000000e-1,3.61064150255409722e-1,0.00000000000000000e0
39,3,0,6.17187500000000000e-1,2.83764576781989075e-1,0.00000000000000000e0
40,3,0,6.32812500000000000e-1,2.03244174029917762e-1,0.00000000000000000e0
41,3,0,6.48437500000000000e-1,1.31670481231569575e-1,0.00000000000000000e0
42,3,0,6.64062500000000000e-1,7.67973166177744887e-2,0.00000000000000000e0
43,3,0,6.79687500000000000e-1,4.02152068646340830e-2,0.00000000000000000e0
44,3,0,6.95312500000000000e-1,1.88756428412744717e-2,0.00000000000000000e0
45,3,0,7.10937500000000000e-1,7.93227667541239641e-3,0.00000000000000000e0
46,3,0,7.26562500000000000e-1,2.98170626704480704e-3,0.00000000000000000e0
47,3,0,7.42187500000000000e-1,1.00147810369777160e-3,0.00000000000000000e0
48,3,0,7.57812500000000000e-1,3.00147295845712143e-4,0.00000000000000000e0
49,3,0,7.73437500000000000e-1,8.01219443627184915e-5,0.00000000000000000e0
50,3,0,7.89062500000000000e-1,1.90037911729995487e-5,0.00000000000000000e0
51,3,0,8.04687500000000000e-1,3.99231495096368559e-6,0.00000000000000000e0
52,3,0,8.20312500000000000e-1,7.39828436189329247e-7,0.00000000000000000e0
53,3,0,8.35937500000000000e-1,1.20307195279942972e-7,0.00000000000000000e0
54,3,0,8.51562500000000000e-1,1.70536551283810955e-8,0.00000000000000000e0
55,3,0,8.67187500000000000e-1,2.08937394699566121e-9,0.00000000000000000e0
56,3,0,8.82812500000000000e-1,2.18838799322523539e-10,0.00000000000000000e0
57,3,0,8.98437500000000000e-1,1.93150502373931777e-11,0.00000000000000000e0
58,3,0,9.14062500000000000e-1,1.40907275539466107e-12,0.00000000000000000e0
59,3,0,9.29687500000000000e-1,8.27040530244261246e-14,0.00000000000000000e0
60,3,0,9.45312500000000000e-1,3.75353502619929415e-15,0.00000000000000000e0
61,3,0,9.60937500000000000e-1,1.23626152717663168e-16,0.00000000000000000e0
62,3,0,9.76562500000000000e-1,2.62919026827738523e-18,0.00000000000000000e0
63,3,0,9.92187500000000000e-1,2.71050543121376109e-20,0.00000000000000000e0
0,4,0,7.81250000000000000e-3,0.00000000000000000e0,0.00000000000000000e0
1,4,0,2.34375000000000000e-2,0.00000000000000000e0,0.00000000000000000e0
2,4,0,3.90625000000000000e-2,0.00000000000000000e0,0.00000000000000000e0
3,4,0,5.46875000000000000e-2,0.00000000000000000e0,0.00000000000000000e0
4,4,0,7.03125000000000000e-2,0.00000000000000000e0,0.00000000000000000e0
5,4,0,8.59375000000000000e-2,0.00000000000000000e0,0.00000000000000000e0
6,4,0,1.01562500000000000e-1,0.00000000000000000e0,0.00000000000000000e0
7,4,0,1.17187500000000000e-1,0.00000000000000000e0,0.00000000000000000e0
8,4,0,1.32812500000000000e-1,0.00000000000000000e0,0.00000000000000000e0
9,4,0,1.48437500000000000e-1,0.00000000000000000e0,0.00000000000000000e0
10,4,0,1.64062500000000000e-1,0.00000000000000000e0,0.00000000000000000e0
11,4,0,1.79687500000000000e-1,0.00000000000000000e0,0.00000000000000000e0
12,4,0,1.95312500000000000e-1,0.00000000000000000e0,0.00000000000000000e0
13,4,0,2.10937500000000000e-1,0.00000000000000000e0,0.00000000000000000e0
14,4,0,2.26562500000000000e-1,0.00000000000000000e0,0.00000000000000000e0
15,4,0,2.42187500000000000e-1,0.00000000000000000e0,0.00000000000000000e0
16,4,0,2.57812500000000000e-1,5.02262128603291383e-5,0.00000000000000000e0
17,4,0,2.73437500000000000e-1,5.85972483370502729e-4,0.00000000000000000e0
18,4,0,2.89062500000000000e-1,3.35399488100637582e-3,0.00000000000000000e0
19,4,0,3.04687500000000000e-1,1.25807362064592042e-2,0.00000000000000000e0
20,4,0,3.20312500000000000e-1,3.48786944096366736e-2,0.00000000000000000e0
21,4,0,3.35937500000000000e-1,7.65015497222341218e-2,0.00000000000000000e0
22,4,0,3.51562500000000000e-1,1.38935832691129635e-1,0.00000000000000000e0
23,4,0,3.67187500000000000e-1,2.16235421128808863e-1,0.00000000000000000e0
24,4,0,3.82812500000000000e-1,2.96755825751390701e-1,0.00000000000000000e0
25,4,0,3.98437500000000000e-1,3.68329518749240858e-1,0.00000000000000000e0
26,4,0,4.14062500000000000e-1,4.23202683380925870e-1,0.00000000000000000e0
27,4,0,4.29687500000000000e-1,4.59784793135383008e-1,0.00000000000000000e0
28,4,0,4.45312500000000000e-1,4.81124357158817018e-1,0.00000000000000000e0
29,4,0,4.60937500000000000e-1,4.92067723324681350e-1,0.00000000000000000e0
30,4,0,4.76562500000000000e-1,4.97018293733049288e-1,0.00000000000000000e0
31,4,0,4.92187500000000000e-1,4.98998521896397429e-1,0.00000000000000000e0
32,4,0,5.07812500000000000e-1,4.99649626491390109e-1,0.00000000000000000e0
33,4,0,5.23437500000000000e-1,4.99333905572363512e-1,0.00000000000000000e0
34,4,0,5.39062500000000000e-1,4.96627001327917539e-1,0.00000000000000000e0
35,4,0,5.54687500000000000e-1,4.87415271478686296e-1,0.00000000000000000e0
36,4,0,5.70312500000000000e-1,4.65120565762022486e-1,0.00000000000000000e0
37,4,0,5.85937500000000000e-1,4.23498329970664555e-1,0.00000000000000000e0
38,4,0,6.01562500000000000e-1,3.61064150255307470e-1,0.00000000000000000e0
39,4,0,6.17187500000000000e-1,2.83764576781907640e-1,0.00000000000000000e0
40,4,0,6.32812500000000000e-1,2.03244174029859531e-1,0.00000000000000000e0
41,4,0,6.48437500000000000e-1,1.31670481231532382e-1,0.00000000000000000e0
42,4,0,6.64062500000000000e-1,7.67973166177533112e-2,0.00000000000000000e0
43,4,0,6.79687500000000000e-1,4.02152068646233415e-2,0.00000000000000000e0
44,4,0,6.95312500000000000e-1,1.88756428412696353e-2,0.00000000000000000e0
45,4,0,7.10937500000000000e-1,7.93227667541046913e-3,0.00000000000000000e0
46,4,0,7.26562500000000000e-1,2.98170626704412529e-3,0.00000000000000000e0
47,4,0,7.42187500000000000e-1,1.00147810369755844e-3,0.00000000000000000e0
48,4,0,7.57812500000000000e-1,3.00147295845653163e-4,0.00000000000000000e0
49,4,0,7.73437500000000000e-1,8.01219443627040851e-5,0.00000000000000000e0
50,4,0,7.89062500000000000e-1,1.90037911729964553e-5,0.00000000000000000e0
51,4,0,8.04687500000000000e-1,3.99231495096310283e-6,0.00000000000000000e0
52,4,0,8.20312500000000000e-1,7.39828436189233320e-7,0.00000000000000000e0
53,4,0,8.35937500000000000e-1,1.20307195279929314e-7,0.00000000000000000e0
54,4,0,8.51562500000000000e-1,1.70536551283794213e-8,0.00000000000000000e0
55,4,0,8.67187500000000000e-1,2.08937394699548585e-9,0.00000000000000000e0
56,4,0,8.82812500000000000e-1,2.18838799322508184e-10,0.00000000000000000e0
57,4,0,8.98437500000000000e-1,1.93150502373920662e-11,0.00000000000000000e0
58,4,0,9.14062500000000000e-1,1.40907275539459705e-12,0.00000000000000000e0
59,4,0,9.29687500000000000e-1,8.27040530244232973e-14,0.00000000000000000e0
60,4,0,9.45312500000000000e-1,3.75353502619920264e-15,0.00000000000000000e0
61,4,0,9.60937500000000000e-1,1.23626152717661270e-16,0.00000000000000000e0
62,4,0,9.76562500000000000e-1,2.62919026827736790e-18,0.00000000000000000e0
63,4,0,9.92187500000000000e-1,2.71050543121376109e-20,0.00000000000000000e0
0,5,0,7.81250000000000000e-3,0.00000000000000000e0,0.00000000000000000e0
1,5,0,2.34375000000000000e-2,0.00000000000000000e0,0.00000000000000000e0
2,5,0,3.90625000000000000e-2,0.00000000000000000e0,0.00000000000000000e0
3,5,0,5.46875000000000000e-2,0.00000000000000000e0,0.00000000000000000e0
4,5,0,7.03125000000000000e-2,0.00000000000000000e0,0.00000000000000000e0
5,5,0,8.59375000000000000e-2,0.00000000000000000e0,0.00000000000000000e0
6,5,0,1.01562500000000000e-1,0.00000000000000000e0,0.00000000000000000e0
7,5,0,1.17187500000000000e-1,0.00000000000000000e0,0.00000000000000000e0
8,5,0,1.32812500000000000e-1,0.00000000000000000e0,0.00000000000000000e0
9,5,0,1.48437500000000000e-1,0.00000000000000000e0,0.00000000000000000e0
10,5,0,1.64062500000000000e-1,0.00000000000000000e0,0.00000000000000000e0
11,5,0,1.79687500000000000e-1,0.00000000000000000e0,0.00000000000000000e0
12,5,0,1.95312500000000000e-1,0.00000000000000000e0,0.00000000000000000e0
13,5,0,2.10937500000000000e-1,0.00000000000000000e0,0.00000000000000000e0
14,5,0,2.26562500000000000e-1,0.00000000000000000e0,0.00000000000000000e0
15,5,0,2.42187500000000000e-1,0.00000000000000000e0,0.00000000000000000e0
16,5,0,2.57812500000000000e-1,5.02262128603179507e-5,0.00000000000000000e0
17,5,0,2.73437500000000000e-1,5.85972483370373926e-4,0.00000000000000000e0
18,5,0,2.89062500000000000e-1,3.35399488100565808e-3,0.00000000000000000e0
19,5,0,3.04687500000000000e-1,1.25807362064566091e-2,0.00000000000000000e0
20,5,0,3.20312500000000000e-1,3.48786944096297902e-2,0.00000000000000000e0
21,5,0,3.35937500000000000e-1,7.65015497222198831e-2,0.00000000000000000e0
22,5,0,3.51562500000000000e-1,1.38935832691105488e-1,0.00000000000000000e0
23,5,0,3.67187500000000000e-1,2.16235421128774169e-1,0.00000000000000000e0
24,5,0,3.82812500000000000e-1,2.96755825751347013e-1,0.00000000000000000e0
25,5,0,3.98437500000000000e-1,3.68329518749191454e-1,0.00000000000000000e0
26,5,0,4.14062500000000000e-1,4.23202683380874467e-1,0.00000000000000000e0
27,5,0,4.29687500000000000e-1,4.59784793135332270e-1,0.00000000000000000e0
28,5,0,4.45312500000000000e-1,4.81124357158768390e-1,0.00000000000000000e0
29,5,0,4.60937500000000000e-1,4.92067723324635331e-1,0.00000000000000000e0
30,5,0,4.76562500000000000e-1,4.97018293733005601e-1,0.00000000000000000e0
31,5,0,4.92187500000000000e-1,4.98998521896355185e-1,0.00000000000000000e0
32,5,0,5.07812500000000000e-1,4.99649626491348697e-1,0.00000000000000000e0
33,5,0,5.23437500000000000e-1,4.99333905572322045e-1,0.00000000000000000e0
34,5,0,5.39062500000000000e-1,4.96627001327874906e-1,0.00000000000000000e0
35,5,0,5.54687500000000000e-1,4.87415271478642165e-1,0.00000000000000000e0
36,5,0,5.70312500000000000e-1,4.65120565761977911e-1,0.00000000000000000e0
37,5,0,5.85937500000000000e-1,4.23498329970621701e-1,0.00000000000000000e0
38,5,0,6.01562500000000000e-1,3.61064150255269445e-1,0.00000000000000000e0
39,5,0,6.17187500000000000e-1,2.83764576781876776e-1,0.00000000000000000e0
40,5,0,6.32812500000000000e-1,2.03244174029836883e-1,0.00000000000000000e0
41,5,0,6.48437500000000000e-1,1.31670481231517450e-1,0.00000000000000000e0
42,5,0,6.64062500000000000e-1,7.67973166177444572e-2,0.00000000000000000e0
43,5,0,6.79687500000000000e-1,4.02152068646186370e-2,0.00000000000000000e0
44,5,0,6.95312500000000000e-1,1.88756428412674079e-2,0.00000000000000000e0
45,5,0,7.10937500000000000e-1,7.93227667540952197e-3,0.00000000000000000e0
46,5,0,7.26562500000000000e-1,2.98170626704376794e-3,0.00000000000000000e0
47,5,0,7.42187500000000000e-1,1.00147810369743810e-3,0.00000000000000000e0
48,5,0,7.57812500000000000e-1,3.00147295845617601e-4,0.00000000000000000e0
49,5,0,7.73437500000000000e-1,8.01219443626948017e-5,0.00000000000000000e0
50,5,0,7.89062500000000000e-1,1.90037911729943242e-5,0.00000000000000000e0
51,5,0,8.04687500000000000e-1,3.99231495096267508e-6,0.00000000000000000e0
52,5,0,8.20312500000000000e-1,7.39828436189158887e-7,0.00000000000000000e0
53,5,0,8.35937500000000000e-1,1.20307195279918143e-7,0.00000000000000000e0
54,5,0,8.51562500000000000e-1,1.70536551283779787e-8,0.00000000000000000e0
55,5,0,8.67187500000000000e-1,2.08937394699532868e-9,0.00000000000000000e0
56,5,0,8.82812500000000000e-1,2.18838799322493838e-10,0.00000000000000000e0
57,5,0,8.98437500000000000e-1,1.93150502373909870e-11,0.00000000000000000e0
58,5,0,9.14062500000000000e-1,1.40907275539453121e-12,0.00000000000000000e0
59,5,0,9.29687500000000000e-1,8.27040530244202302e-14,0.00000000000000000e0
60,5,0,9.45312500000000000e-1,3.75353502619909930e-15,0.00000000000000000e0
61,5,0,9.60937500000000000e-1,1.23626152717659051e-16,0.00000000000000000e0
62,5,0,9.76562500000000000e-1,2.62919026827734402e-18,0.00000000000000000e0
63,5,0,9.92187500000000000e-1,2.71050543121376109e-20,0.00000000000000000e0
0,6,0,7.81250000000000000e-3,0.00000000000000000e0,0.00000000000000000e0
1,6,0,2.34375000000000000e-2,0.00000000000000000e0,0.00000000000000000e0
2,6,0,3.90625000000000000e-2,0.00000000000000000e0,0.00000000000000000e0
3,6,0,5.46875000000000000e-2,0.00000000000000000e0,0.00000000000000000e0
4,6,0,7.03125000000000000e-2,0.00000000000000000e0,0.00000000000000000e0
5,6,0,8.59375000000000000e-2,0.00000000000000000e0,0.00000000000000000e0
6,6,0,1.01562500000000000e-1,0.00000000000000000e0,0.00000000000000000e0
7,6,0,1.17187500000000000e-1,0.00000000000000000e0,0.00000000000000000e0
8,6,0,1.32812500000000000e-1,0.00000000000000000e0,0.00000000000000000e0
9,6,0,1.48437500000000000e-1,0.00000000000000000e0,0.00000000000000000e0
10,6,0,1.64062500000000000e-1,0.00000000000000000e0,0.00000000000000000e0
11,6,0,1.79687500000000000e-1,0.00000000000000000e0,0.00000000000000000e0
12,6,0,1.95312500000000000e-1,0.00000000000000000e0,0.00000000000000000e0
13,6,0,2.10937500000000000e-1,0.00000000000000000e0,0.00000000000000000e0
14,6,0,2.26562500000000000e-1,0.00000000000000000e0,0.00000000000000000e0
15,6,0,2.42187500000000000e-1,0.00000000000000000e0,0.00000000000000000e0
16,6,0,2.57812500000000000e-1,5.02262128603021824e-5,0.00000000000000000e0
17,6,0,2.73437500000000000e-1,5.85972483370193189e-4,0.00000000000000000e0
18,6,0,2.89062500000000000e-1,3.35399488100463156e-3,0.00000000000000000e0
19,6,0,3.04687500000000000e-1,1.25807362064527650e-2,0.00000000000000000e0
20,6,0,3.20312500000000000e-1,3.48786944096190904e-2,0.00000000000000000e0
21,6,0,3.35937500000000000e-1,7.65015497221962493e-2,0.00000000000000000e0
22,6,0,3.51562500000000000e-1,1.38935832691062078e-1,0.00000000000000000e0
23,6,0,3.67187500000000000e-1,2.16235421128705529e-1,0.00000000000000000e0
24,6,0,3.82812500000000000e-1,2.96755825751251145e-1,0.00000000000000000e0
25,6,0,3.98437500000000000e-1,3.68329518749070273e-1,0.00000000000000000e0
26,6,0,4.14062500000000000e-1,4.23202683380732914e-1,0.00000000000000000e0
27,6,0,4.29687500000000000e-1,4.59784793135177117e-1,0.00000000000000000e0
28,6,0,4.45312500000000000e-1,4.81124357158606464e-1,0.00000000000000000e0
29,6,0,4.60937500000000000e-1,4.92067723324472628e-1,0.00000000000000000e0
30,6,0,4.76562500000000000e-1,4.97018293732846783e-1,0.00000000000000000e0
31,6,0,4.92187500000000000e-1,4.98998521896203640e-1,0.00000000000000000e0
32,6,0,5.07812500000000000e-1,4.99649626491207144e-1,0.00000000000000000e0
33,6,0,5.23437500000000000e-1,4.99333905572192316e-1,0.00000000000000000e0
34,6,0,5.39062500000000000e-1,4.96627001327758777e-1,0.00000000000000000e0
35,6,0,5.54687500000000000e-1,4.87415271478541412e-1,0.00000000000000000e0
36,6,0,5.70312500000000000e-1,4.65120565761894200e-1,0.00000000000000000e0
37,6,0,5.85937500000000000e-1,4.23498329970555920e-1,0.00000000000000000e0
38,6,0,6.01562500000000000e-1,3.61064150255221150e-1,0.00000000000000000e0
39,6,0,6.17187500000000000e-1,2.83764576781844302e-1,0.00000000000000000e0
40,6,0,6.32812500000000000e-1,2.03244174029817121e-1,0.00000000000000000e0
41,6,0,6.48437500000000000e-1,1.31670481231506681e-1,0.00000000000000000e0
42,6,0,6.64062500000000000e-1,7.67973166177392808e-2,0.00000000000000000e0
43,6,0,6.79687500000000000e-1,4.02152068646164790e-2,0.00000000000000000e0
44,6,0,6.95312500000000000e-1,1.88756428412666169e-2,0.00000000000000000e0
45,6,0,7.10937500000000000e-1,7.93227667540927391e-3,0.00000000000000000e0
46,6,0,7.26562500000000000e-1,2.98170626704370332e-3,0.00000000000000000e0
47,6,0,7.42187500000000000e-1,1.00147810369742422e-3,0.00000000000000000e0
48,6,0,7.57812500000000000e-1,3.00147295845615270e-4,0.00000000000000000e0
49,6,0,7.73437500000000000e-1,8.01219443626945577e-5,0.00000000000000000e0
50,6,0,7.89062500000000000e-1,1.90037911729943309e-5,0.00000000000000000e0
51,6,0,8.04687500000000000e-1,3.99231495096268609e-6,0.00000000000000000e0
52,6,0,8.20312500000000000e-1,7.39828436189161958e-7,0.00000000000000000e0
53,6,0,8.35937500000000000e-1,1.20307195279918699e-7,0.00000000000000000e0
54,6,0,8.51562500000000000e-1,1.70536551283780548e-8,0.00000000000000000e0
55,6,0,8.67187500000000000e-1,2.08937394699533571e-9,0.00000000000000000e0
56,6,0,8.82812500000000000e-1,2.18838799322494381e-10,0.00000000000000000e0
57,6,0,8.98437500000000000e-1,1.93150502373910128e-11,0.00000000000000000e0
58,6,0,9.14062500000000000e-1,1.40907275539453263e-12,0.00000000000000000e0
59,6,0,9.29687500000000000e-1,8.27040530244202428e-14,0.00000000000000000e0
60,6,0,9.45312500000000000e-1,3.75353502619909851e-15,0.00000000000000000e0
61,6,0,9.60937500000000000e-1,1.23626152717658928e-16,0.00000000000000000e0
62,6,0,9.76562500000000000e-1,2.62919026827733862e-18,0.00000000000000000e0
63,6,0,9.92187500000000000e-1,2.71050543121376109e-20,0.00000000000000000e0
0,7,0,7.81250000000000000e-3,0.00000000000000000e0,0.00000000000000000e0
1,7,0,2.34375000000000000e-2,0.00000000000000000e0,0.00000000000000000e0
2,7,0,3.90625000000000000e-2,0.00000000000000000e0,0.00000000000000000e0
3,7,0,5.46875000000000000e-2,0.00000000000000000e0,0.00000000000000000e0
4,7,0,7.03125000000000000e-2,0.00000000000000000e0,0.00000000000000000e0
5,7,0,8.59375000000000000e-2,0.00000000000000000e0,0.00000000000000000e0
6,7,0,1.01562500000000000e-1,0.00000000000000000e0,0.00000000000000000e0
7,7,0,1.17187500000000000e-1,0.00000000000000000e0,0.00000000000000000e0
8,7,0,1.32812500000000000e-1,0.00000000000000000e0,0.00000000000000000e0
9,7,0,1.48437500000000000e-1,0.00000000000000000e0,0.00000000000000000e0
10,7,0,1.64062500000000000e-1,0.00000000000000000e0,0.00000000000000000e0
11,7,0,1.79687500000000000e-1,0.00000000000000000e0,0.00000000000000000e0
12,7,0,1.95312500000000000e-1,0.00000000000000000e0,0.00000000000000000e0
13,7,0,2.10937500000000000e-1,0.00000000000000000e0,0.00000000000000000e0
14,7,0,2.26562500000000000e-1,0.00000000000000000e0,0.00000000000000000e0
15,7,0,2.42187500000000000e-1,0.00000000000000000e0,0.00000000000000000e0
16,7,0,2.57812500000000000e-1,5.02262128602821992e-5,0.00000000000000000e0
17,7,0,2.73437500000000000e-1,5.85972483369980143e-4,0.00000000000000000e0
18,7,0,2.89062500000000000e-1,3.35399488100352741e-3,0.00000000000000000e0
19,7,0,3.04687500000000000e-1,1.25807362064490457e-2,0.00000000000000000e0
20,7,0,3.20312500000000000e-1,3.48786944096099102e-2,0.00000000000000000e0
21,7,0,3.35937500000000000e-1,7.65015497221784302e-2,0.00000000000000000e0
22,7,0,3.51562500000000000e-1,1.38935832691033573e-1,0.00000000000000000e0
23,7,0,3.67187500000000000e-1,2.16235421128666561e-1,0.00000000000000000e0
24,7,0,3.82812500000000000e-1,2.96755825751203794e-1,0.00000000000000000e0
25,7,0,3.98437500000000000e-1,3.68329518749016760e-1,0.00000000000000000e0
26,7,0,4.14062500000000000e-1,4.23202683380674571e-1,0.00000000000000000e0
27,7,0,4.29687500000000000e-1,4.59784793135113112e-1,0.00000000000000000e0
28,7,0,4.45312500000000000e-1,4.81124357158534244e-1,0.00000000000000000e0
29,7,0,4.60937500000000000e-1,4.92067723324388417e-1,0.00000000000000000e0
30,7,0,4.76562500000000000e-1,4.97018293732747141e-1,0.00000000000000000e0
31,7,0,4.92187500000000000e-1,4.98998521896085678e-1,0.00000000000000000e0
32,7,0,5.07812500000000000e-1,4.99649626491069088e-1,0.00000000000000000e0
33,7,0,5.23437500000000000e-1,4.99333905572034331e-1,0.00000000000000000e0
34,7,0,5.39062500000000000e-1,4.96627001327583029e-1,0.00000000000000000e0
35,7,0,5.54687500000000000e-1,4.87415271478353451e-1,0.00000000000000000e0
36,7,0,5.70312500000000000e-1,4.65120565761703797e-1,0.00000000000000000e0
37,7,0,5.85937500000000000e-1,4.23498329970376286e-1,0.00000000000000000e0
38,7,0,6.01562500000000000e-1,3.61064150255065774e-1,0.00000000000000000e0
39,7,0,6.17187500000000000e-1,2.83764576781722511e-1,0.00000000000000000e0
40,7,0,6.32812500000000000e-1,2.03244174029731217e-1,0.00000000000000000e0
41,7,0,6.48437500000000000e-1,1.31670481231452363e-1,0.00000000000000000e0
42,7,0,6.64062500000000000e-1,7.67973166177085831e-2,0.00000000000000000e0
43,7,0,6.79687500000000000e-1,4.02152068646010261e-2,0.00000000000000000e0
44,7,0,6.95312500000000000e-1,1.88756428412597058e-2,0.00000000000000000e0
45,7,0,7.10937500000000000e-1,7.93227667540652957e-3,0.00000000000000000e0
46,7,0,7.26562500000000000e-1,2.98170626704273665e-3,0.00000000000000000e0
47,7,0,7.42187500000000000e-1,1.00147810369712259e-3,0.00000000000000000e0
48,7,0,7.57812500000000000e-1,3.00147295845531895e-4,0.00000000000000000e0
49,7,0,7.73437500000000000e-1,8.01219443626742289e-5,0.00000000000000000e0
50,7,0,7.89062500000000000e-1,1.90037911729899501e-5,0.00000000000000000e0
51,7,0,8.04687500000000000e-1,3.99231495096185600e-6,0.00000000000000000e0
52,7,0,8.20312500000000000e-1,7.39828436189024527e-7,0.00000000000000000e0
53,7,0,8.35937500000000000e-1,1.20307195279898900e-7,0.00000000000000000e0
54,7,0,8.51562500000000000e-1,1.70536551283755931e-8,0.00000000000000000e0
55,7,0,8.67187500000000000e-1,2.08937394699507556e-9,0.00000000000000000e0
56,7,0,8.82812500000000000e-1,2.18838799322471065e-10,0.00000000000000000e0
57,7,0,8.98437500000000000e-1,1.93150502373892971e-11,0.00000000000000000e0
58,7,0,9.14062500000000000e-1,1.40907275539443044e-12,0.00000000000000000e0
59,7,0,9.29687500000000000e-1,8.27040530244155475e-14,0.00000000000000000e0
60,7,0,9.45312500000000000e-1,3.75353502619894311e-15,0.00000000000000000e0
61,7,0,9.60937500000000000e-1,1.23626152717655576e-16,0.00000000000000000e0
62,7,0,9.76562500000000000e-1,2.62919026827730434e-18,0.00000000000000000e0
63,7,0,9.92187500000000000e-1,2.71050543121376109e-20,0.00000000000000000e0
0,0,1,7.81250000000000000e-3,0.00000000000000000e0,0.00000000000000000e0
1,0,1,2.34375000000000000e-2,0.00000000000000000e0,0.00000000000000000e0
2,0,1,3.90625000000000000e-2,0.00000000000000000e0,0.00000000000000000e0
3,0,1,5.46875000000000000e-2,0.00000000000000000e0,0.00000000000000000e0
4,0,1,7.03125000000000000e-2,0.00000000000000000e0,0.00000000000000000e0
5,0,1,8.59375000000000000e-2,0.00000000000000000e0,0.00000000000000000e0
6,0,1,1.01562500000000000e-1,0.00000000000000000e0,0.00000000000000000e0
7,0,1,1.17187500000000000e-1,0.00000000000000000e0,0.00000000000000000e0
8,0,1,1.32812500000000000e-1,0.00000000000000000e0,0.00000000000000000e0
9,0,1,1.48437500000000000e-1,0.00000000000000000e0,0.00000000000000000e0
10,0,1,1.64062500000000000e-1,0.00000000000000000e0,0.00000000000000000e0
11,0,1,1.79687500000000000e-1,0.00000000000000000e0,0.00000000000000000e0
12,0,1,1.95312500000000000e-1,0.00000000000000000e0,0.00000000000000000e0
13,0,1,2.10937500000000000e-1,0.00000000000000000e0,0.00000000000000000e0
14,0,1,2.26562500000000000e-1,0.00000000000000000e0,0.00000000000000000e0
15,0,1,2.42187500000000000e-1,0.00000000000000000e0,0.00000000000000000e0
16,0,1,2.57812500000000000e-1,5.02262128603063904e-5,0.00000000000000000e0
17,0,1,2.73437500000000000e-1,5.85972483370236340e-4,0.00000000000000000e0
18,0,1,2.89062500000000000e-1,3.35399488100484493e-3,0.00000000000000000e0
19,0,1,3.04687500000000000e-1,1.25807362064534294e-2,0.00000000000000000e0
20,0,1,3.20312500000000000e-1,3.48786944096205545e-2,0.00000000000000000e0
21,0,1,3.35937500000000000e-1,7.65015497221985807e-2,0.00000000000000000e0
22,0,1,3.51562500000000000e-1,1.38935832691064631e-1,0.00000000000000000e0
23,0,1,3.67187500000000000e-1,2.16235421128707084e-1,0.00000000000000000e0
24,0,1,3.82812500000000000e-1,2.96755825751249758e-1,0.00000000000000000e0
25,0,1,3.98437500000000000e-1,3.68329518749063833e-1,0.00000000000000000e0
26,0,1,4.14062500000000000e-1,4.23202683380719480e-1,0.00000000000000000e0
27,0,1,4.29687500000000000e-1,4.59784793135154690e-1,0.00000000000000000e0
28,0,1,4.45312500000000000e-1,4.81124357158573046e-1,0.00000000000000000e0
29,0,1,4.60937500000000000e-1,4.92067723324426332e-1,0.00000000000000000e0
30,0,1,4.76562500000000000e-1,4.97018293732786165e-1,0.00000000000000000e0
31,0,1,4.92187500000000000e-1,4.98998521896127312e-1,0.00000000000000000e0
32,0,1,5.07812500000000000e-1,4.99649626491113885e-1,0.00000000000000000e0
33,0,1,5.23437500000000000e-1,4.99333905572082015e-1,0.00000000000000000e0
34,0,1,5.39062500000000000e-1,4.96627001327632656e-1,0.00000000000000000e0
35,0,1,5.54687500000000000e-1,4.87415271478403689e-1,0.00000000000000000e0
36,0,1,5.70312500000000000e-1,4.65120565761752480e-1,0.00000000000000000e0
37,0,1,5.85937500000000000e-1,4.23498329970420972e-1,0.00000000000000000e0
38,0,1,6.01562500000000000e-1,3.61064150255104022e-1,0.00000000000000000e0
39,0,1,6.17187500000000000e-1,2.83764576781752653e-1,0.00000000000000000e0
40,0,1,6.32812500000000000e-1,2.03244174029752922e-1,0.00000000000000000e0
41,0,1,6.48437500000000000e-1,1.31670481231466657e-1,0.00000000000000000e0
42,0,1,6.64062500000000000e-1,7.67973166177170624e-2,0.00000000000000000e0
43,0,1,6.79687500000000000e-1,4.02152068646055294e-2,0.00000000000000000e0
44,0,1,6.95312500000000000e-1,1.88756428412618256e-2,0.00000000000000000e0
45,0,1,7.10937500000000000e-1,7.93227667540741255e-3,0.00000000000000000e0
46,0,1,7.26562500000000000e-1,2.98170626704306191e-3,0.00000000000000000e0
47,0,1,7.42187500000000000e-1,1.00147810369722798e-3,0.00000000000000000e0
48,0,1,7.57812500000000000e-1,3.00147295845561927e-4,0.00000000000000000e0
49,0,1,7.73437500000000000e-1,8.01219443626817099e-5,0.00000000000000000e0
50,0,1,7.89062500000000000e-1,1.90037911729915899e-5,0.00000000000000000e0
51,0,1,8.04687500000000000e-1,3.99231495096216940e-6,0.00000000000000000e0
52,0,1,8.20312500000000000e-1,7.39828436189076408e-7,0.00000000000000000e0
53,0,1,8.35937500000000000e-1,1.20307195279906338e-7,0.00000000000000000e0
54,0,1,8.51562500000000000e-1,1.70536551283765096e-8,0.00000000000000000e0
55,0,1,8.67187500000000000e-1,2.08937394699517069e-9,0.00000000000000000e0
56,0,1,8.82812500000000000e-1,2.18838799322479543e-10,0.00000000000000000e0
57,0,1,8.98437500000000000e-1,1.93150502373899077e-11,0.00000000000000000e0
58,0,1,9.14062500000000000e-1,1.40907275539446619e-12,0.00000000000000000e0
59,0,1,9.29687500000000000e-1,8.27040530244171757e-14,0.00000000000000000e0
60,0,1,9.45312500000000000e-1,3.75353502619899596e-15,0.00000000000000000e0
61,0,1,9.60937500000000000e-1,1.23626152717656710e-16,0.00000000000000000e0
62,0,1,9.76562500000000000e-1,2.62919026827731821e-18,0.00000000000000000e0
63,0,1,9.92187500000000000e-1,2.71050543121376109e-20,0.00000000000000000e0
0,1,1,7.81250000000000000e-3,0.00000000000000000e0,0.00000000000000000e0
1,1,1,2.34375000000000000e-2,0.00000000000000000e0,0.00000000000000000e0
2,1,1,3.90625000000000000e-2,0.00000000000000000e0,0.00000000000000000e0
3,1,1,5.46875000000000000e-2,0.00000000000000000e0,0.00000000000000000e0
4,1,1,7.03125000000000000e-2,0.00000000000000000e0,0.00000000000000000e0
5,1,1,8.59375000000000000e-2,0.00000000000000000e0,0.00000000000000000e0
6,1,1,1.01562500000000000e-1,0.00000000000000000e0,0.00000000000000000e0
7,1,1,1.17187500000000000e-1,0.00000000000000000e0,0.00000000000000000e0
8,1,1,1.32812500000000000e-1,0.00000000000000000e0,0.00000000000000000e0
9,1,1,1.48437500000000000e-1,0.00000000000000000e0,0.00000000000000000e0
10,1,1,1.64062500000000000e-1,0.00000000000000000e0,0.00000000000000000e0
11,1,1,1.79687500000000000e-1,0.00000000000000000e0,0.00000000000000000e0
12,1,1,1.95312500000000000e-1,0.00000000000000000e0,0.00000000000000000e0
13,1,1,2.10937500000000000e-1,0.00000000000000000e0,0.00000000000000000e0
14,1,1,2.26562500000000000e-1,0.00000000000000000e0,0.00000000000000000e0
15,1,1,2.42187500000000000e-1,0.00000000000000000e0,0.00000000000000000e0
16,1,1,2.57812500000000000e-1,5.02262128603283387e-5,0.00000000000000000e0
17,1,1,2.73437500000000000e-1,5.85972483370493405e-4,0.00000000000000000e0
18,1,1,2.89062500000000000e-1,3.35399488100632465e-3,0.00000000000000000e0
19,1,1,3.04687500000000000e-1,1.25807362064590030e-2,0.00000000000000000e0
20,1,1,3.20312500000000000e-1,3.48786944096360768e-2,0.00000000000000000e0
21,1,1,3.35937500000000000e-1,7.65015497222327617e-2,0.00000000000000000e0
22,1,1,3.51562500000000000e-1,1.38935832691126915e-1,0.00000000000000000e0
23,1,1,3.67187500000000000e-1,2.16235421128804089e-1,0.00000000000000000e0
24,1,1,3.82812500000000000e-1,2.96755825751383262e-1,0.00000000000000000e0
25,1,1,3.98437500000000000e-1,3.68329518749230478e-1,0.00000000000000000e0
26,1,1,4.14062500000000000e-1,4.23202683380912770e-1,0.00000000000000000e0
27,1,1,4.29687500000000000e-1,4.59784793135367464e-1,0.00000000000000000e0
28,1,1,4.45312500000000000e-1,4.81124357158799754e-1,0.00000000000000000e0
29,1,1,4.60937500000000000e-1,4.92067723324663087e-1,0.00000000000000000e0
30,1,1,4.76562500000000000e-1,4.97018293733030525e-1,0.00000000000000000e0
31,1,1,4.92187500000000000e-1,4.98998521896378222e-1,0.00000000000000000e0
32,1,1,5.07812500000000000e-1,4.99649626491370513e-1,0.00000000000000000e0
33,1,1,5.23437500000000000e-1,4.99333905572343417e-1,0.00000000000000000e0
34,1,1,5.39062500000000000e-1,4.96627001327896833e-1,0.00000000000000000e0
35,1,1,5.54687500000000000e-1,4.87415271478665146e-1,0.00000000000000000e0
36,1,1,5.70312500000000000e-1,4.65120565762001781e-1,0.00000000000000000e0
37,1,1,5.85937500000000000e-1,4.23498329970644682e-1,0.00000000000000000e0
38,1,1,6.01562500000000000e-1,3.61064150255289706e-1,0.00000000000000000e0
39,1,1,6.17187500000000000e-1,2.83764576781892985e-1,0.00000000000000000e0
40,1,1,6.32812500000000000e-1,2.03244174029848595e-1,0.00000000000000000e0
41,1,1,6.48437500000000000e-1,1.31670481231525083e-1,0.00000000000000000e0
42,1,1,6.64062500000000000e-1,7.67973166177489536e-2,0.00000000000000000e0
43,1,1,6.79687500000000000e-1,4.02152068646210378e-2,0.00000000000000000e0
44,1,1,6.95312500000000000e-1,1.88756428412685563e-2,0.00000000000000000e0
45,1,1,7.10937500000000000e-1,7.93227667541001463e-3,0.00000000000000000e0
46,1,1,7.26562500000000000e-1,2.98170626704395703e-3,0.00000000000000000e0
47,1,1,7.42187500000000000e-1,1.00147810369750293e-3,0.00000000000000000e0
48,1,1,7.57812500000000000e-1,3.00147295845637008e-4,0.00000000000000000e0
49,1,1,7.73437500000000000e-1,8.01219443626999516e-5,0.00000000000000000e0
50,1,1,7.89062500000000000e-1,1.90037911729955168e-5,0.00000000000000000e0
51,1,1,8.04687500000000000e-1,3.99231495096291648e-6,0.00000000000000000e0
52,1,1,8.20312500000000000e-1,7.39828436189201027e-7,0.00000000000000000e0
53,1,1,8.35937500000000000e-1,1.20307195279924470e-7,0.00000000000000000e0
54,1,1,8.51562500000000000e-1,1.70536551283787893e-8,0.00000000000000000e0
55,1,1,8.67187500000000000e-1,2.08937394699541636e-9,0.00000000000000000e0
56,1,1,8.82812500000000000e-1,2.18838799322501825e-10,0.00000000000000000e0
57,1,1,8.98437500000000000e-1,1.93150502373915783e-11,0.00000000000000000e0
58,1,1,9.14062500000000000e-1,1.40907275539456655e-12,0.00000000000000000e0
59,1,1,9.29687500000000000e-1,8.27040530244217827e-14,0.00000000000000000e0
60,1,1,9.45312500000000000e-1,3.75353502619915137e-15,0.00000000000000000e0
61,1,1,9.60937500000000000e-1,1.23626152717660087e-16,0.00000000000000000e0
62,1,1,9.76562500000000000e-1,2.62919026827735287e-18,0.00000000000000000e0
63,1,1,9.92187500000000000e-1,2.71050543121376109e-20,0.00000000000000000e0
0,2,1,7.81250000000000000e-3,0.00000000000000000e0,0.00000000000000000e0
1,2,1,2.34375000000000000e-2,0.00000000000000000e0,0.00000000000000000e0
2,2,1,3.90625000000000000e-2,0.00000000000000000e0,0.00000000000000000e0
3,2,1,5.46875000000000000e-2,0.00000000000000000e0,0.00000000000000000e0
4,2,1,7.03125000000000000e-2,0.00000000000000000e0,0.00000000000000000e0
5,2,1,8.59375000000000000e-2,0.00000000000000000e0,0.00000000000000000e0
6,2,1,1.01562500000000000e-1,0.00000000000000000e0,0.00000000000000000e0
7,2,1,1.17187500000000000e-1,0.00000000000000000e0,0.00000000000000000e0
8,2,1,1.32812500000000000e-1,0.00000000000000000e0,0.00000000000000000e0
9,2,1,1.48437500000000000e-1,0.00000000000000000e0,0.00000000000000000e0
10,2,1,1.64062500000000000e-1,0.00000000000000000e0,0.00000000000000000e0
11,2,1,1.79687500000000000e-1,0.00000000000000000e0,0.00000000000000000e0
12,2,1,1.95312500000000000e-1,0.00000000000000000e0,0.00000000000000000e0
13,2,1,2.10937500000000000e-1,0.00000000000000000e0,0.00000000000000000e0
14,2,1,2.26562500000000000e-1,0.00000000000000000e0,0.00000000000000000e0
15,2,1,2.42187500000000000e-1,0.00000000000000000e0,0.00000000000000000e0
16,2,1,2.57812500000000000e-1,5.02262128603331499e-5,0.00000000000000000e0
17,2,1,2.73437500000000000e-1,5.85972483370556072e-4,0.00000000000000000e0
18,2,1,2.89062500000000000e-1,3.35399488100672580e-3,0.00000000000000000e0
19,2,1,3.04687500000000000e-1,1.25807362064606926e-2,0.00000000000000000e0
20,2,1,3.20312500000000000e-1,3.48786944096412810e-2,0.00000000000000000e0
21,2,1,3.35937500000000000e-1,7.65015497222453766e-2,0.00000000000000000e0
22,2,1,3.51562500000000000e-1,1.38935832691152034e-1,0.00000000000000000e0
23,2,1,3.67187500000000000e-1,2.16235421128846528e-1,0.00000000000000000e0
24,2,1,3.82812500000000000e-1,2.96755825751445157e-1,0.00000000000000000e0
25,2,1,3.98437500000000000e-1,3.68329518749310414e-1,0.00000000000000000e0
26,2,1,4.14062500000000000e-1,4.23202683381006084e-1,0.00000000000000000e0
27,2,1,4.29687500000000000e-1,4.59784793135468550e-1,0.00000000000000000e0
28,2,1,4.45312500000000000e-1,4.81124357158903282e-1,0.00000000000000000e0
29,2,1,4.60937500000000000e-1,4.92067723324765505e-1,0.00000000000000000e0
30,2,1,4.76562500000000000e-1,4.97018293733129501e-1,0.00000000000000000e0
31,2,1,4.92187500000000000e-1,4.98998521896472647e-1,0.00000000000000000e0
32,2,1,5.07812500000000000e-1,4.99649626491459942e-1,0.00000000000000000e0
33,2,1,5.23437500000000000e-1,4.99333905572427794e-1,0.00000000000000000e0
34,2,1,5.39062500000000000e-1,4.96627001327976270e-1,0.00000000000000000e0
35,2,1,5.54687500000000000e-1,4.87415271478740031e-1,0.00000000000000000e0
36,2,1,5.70312500000000000e-1,4.65120565762071336e-1,0.00000000000000000e0
37,2,1,5.85937500000000000e-1,4.23498329970707466e-1,0.00000000000000000e0
38,2,1,6.01562500000000000e-1,3.61064150255342942e-1,0.00000000000000000e0
39,2,1,6.17187500000000000e-1,2.83764576781934619e-1,0.00000000000000000e0
40,2,1,6.32812500000000000e-1,2.03244174029878016e-1,0.00000000000000000e0
41,2,1,6.48437500000000000e-1,1.31670481231543735e-1,0.00000000000000000e0
42,2,1,6.64062500000000000e-1,7.67973166177594868e-2,0.00000000000000000e0
43,2,1,6.79687500000000000e-1,4.02152068646263183e-2,0.00000000000000000e0
44,2,1,6.95312500000000000e-1,1.88756428412709017e-2,0.00000000000000000e0
45,2,1,7.10937500000000000e-1,7.93227667541093924e-3,0.00000000000000000e0
46,2,1,7.26562500000000000e-1,2.98170626704428055e-3,0.00000000000000000e0
47,2,1,7.42187500000000000e-1,1.00147810369760333e-3,0.00000000000000000e0
48,2,1,7.57812500000000000e-1,3.00147295845664764e-4,0.00000000000000000e0
49,2,1,7.73437500000000000e-1,8.01219443627067685e-5,0.00000000000000000e0
50,2,1,7.89062500000000000e-1,1.90037911729969974e-5,0.00000000000000000e0
51,2,1,8.04687500000000000e-1,3.99231495096320193e-6,0.00000000000000000e0
52,2,1,8.20312500000000000e-1,7.39828436189249626e-7,0.00000000000000000e0
53,2,1,8.35937500000000000e-1,1.20307195279931749e-7,0.00000000000000000e0
54,2,1,8.51562500000000000e-1,1.70536551283797389e-8,0.00000000000000000e0
55,2,1,8.67187500000000000e-1,2.08937394699552307e-9,0.00000000000000000e0
56,2,1,8.82812500000000000e-1,2.18838799322511829e-10,0.00000000000000000e0
57,2,1,8.98437500000000000e-1,1.93150502373923602e-11,0.00000000000000000e0
58,2,1,9.14062500000000000e-1,1.40907275539461563e-12,0.00000000000000000e0
59,2,1,9.29687500000000000e-1,8.27040530244242313e-14,0.00000000000000000e0
60,2,1,9.45312500000000000e-1,3.75353502619923577e-15,0.00000000000000000e0
61,2,1,9.60937500000000000e-1,1.23626152717662010e-16,0.00000000000000000e0
62,2,1,9.76562500000000000e-1,2.62919026827737290e-18,0.00000000000000000e0
63,2,1,9.92187500000000000e-1,2.71050543121376109e-20,0.00000000000000000e0
0,3,1,7.81250000000000000e-3,0.00000000000000000e0,0.00000000000000000e0
1,3,1,2.34375000000000000e-2,0.00000000000000000e0,0.00000000000000000e0
2,3,1,3.90625000000000000e-2,0.00000000000000000e0,0.00000000000000000e0
3,3,1,5.46875000000000000e-2,0.00000000000000000e0,0.00000000000000000e0
4,3,1,7.03125000000000000e-2,0.00000000000000000e0,0.00000000000000000e0
5,3,1,8.59375000000000000e-2,0.00000000000000000e0,0.00000000000000000e0
6,3,1,1.01562500000000000e-1,0.00000000000000000e0,0.00000000000000000e0
7,3,1,1.17187500000000000e-1,0.00000000000000000e0,0.00000000000000000e0
8,3,1,1.32812500000000000e-1,0.00000000000000000e0,0.00000000000000000e0
9,3,1,1.48437500000000000e-1,0.00000000000000000e0,0.00000000000000000e0
10,3,1,1.64062500000000000e-1,0.00000000000000000e0,0.00000000000000000e0
11,3,1,1.79687500000000000e-1,0.00000000000000000e0,0.00000000000000000e0
12,3,1,1.95312500000000000e-1,0.00000000000000000e0,0.00000000000000000e0
13,3,1,2.10937500000000000e-1,0.00000000000000000e0,0.00000000000000000e0
14,3,1,2.26562500000000000e-1,0.00000000000000000e0,0.00000000000000000e0
15,3,1,2.42187500000000000e-1,0.00000000000000000e0,0.00000000000000000e0
16,3,1,2.57812500000000000e-1,5.02262128603210136e-5,0.00000000000000000e0
17,3,1,2.73437500000000000e-1,5.85972483370408295e-4,0.00000000000000000e0
18,3,1,2.89062500000000000e-1,3.35399488100583979e-3,0.00000000000000000e0
19,3,1,3.04687500000000000e-1,1.25807362064572197e-2,0.00000000000000000e0
20,3,1,3.20312500000000000e-1,3.48786944096312473e-2,0.00000000000000000e0
21,3,1,3.35937500000000000e-1,7.65015497222225060e-2,0.00000000000000000e0
22,3,1,3.51562500000000000e-1,1.38935832691108985e-1,0.00000000000000000e0
23,3,1,3.67187500000000000e-1,2.16235421128777361e-1,0.00000000000000000e0
24,3,1,3.82812500000000000e-1,2.96755825751347679e-1,0.00000000000000000e0
25,3,1,3.98437500000000000e-1,3.68329518749186680e-1,0.00000000000000000e0
26,3,1,4.14062500000000000e-1,4.23202683380861810e-1,0.00000000000000000e0
27,3,1,4.29687500000000000e-1,4.59784793135310565e-1,0.00000000000000000e0
28,3,1,4.45312500000000000e-1,4.81124357158737526e-1,0.00000000000000000e0
29,3,1,4.60937500000000000e-1,4.92067723324596529e-1,0.00000000000000000e0
30,3,1,4.76562500000000000e-1,4.97018293732960692e-1,0.00000000000000000e0
31,3,1,4.92187500000000000e-1,4.98998521896306557e-1,0.00000000000000000e0
32,3,1,5.07812500000000000e-1,4.99649626491299126e-1,0.00000000000000000e0
33,3,1,5.23437500000000000e-1,4.99333905572274805e-1,0.00000000000000000e0
34,3,1,5.39062500000000000e-1,4.96627001327833717e-1,0.00000000000000000e0
35,3,1,5.54687500000000000e-1,4.87415271478610523e-1,0.00000000000000000e0
36,3,1,5.70312500000000000e-1,4.65120565761957927e-1,0.00000000000000000e0
37,3,1,5.85937500000000000e-1,4.23498329970613152e-1,0.00000000000000000e0
38,3,1,6.01562500000000000e-1,3.61064150255270000e-1,0.00000000000000000e0
39,3,1,6.17187500000000000e-1,2.83764576781882938e-1,0.00000000000000000e0
40,3,1,6.32812500000000000e-1,2.03244174029844932e-1,0.00000000000000000e0
41,3,1,6.48437500000000000e-1,1.31670481231524694e-1,0.00000000000000000e0
42,3,1,6.64062500000000000e-1,7.67973166177496891e-2,0.00000000000000000e0
43,3,1,6.79687500000000000e-1,4.02152068646218219e-2,0.00000000000000000e0
44,3,1,6.95312500000000000e-1,1.88756428412690698e-2,0.00000000000000000e0
45,3,1,7.10937500000000000e-1,7.93227667541027311e-3,0.00000000000000000e0
46,3,1,7.26562500000000000e-1,2.98170626704406545e-3,0.00000000000000000e0
47,3,1,7.42187500000000000e-1,1.00147810369754088e-3,0.00000000000000000e0
48,3,1,7.57812500000000000e-1,3.00147295845648609e-4,0.00000000000000000e0
49,3,1,7.73437500000000000e-1,8.01219443627030416e-5,0.00000000000000000e0
50,3,1,7.89062500000000000e-1,1.90037911729962418e-5,0.00000000000000000e0
51,3,1,8.04687500000000000e-1,3.99231495096306556e-6,0.00000000000000000e0
52,3,1,8.20312500000000000e-1,7.39828436189227815e-7,0.00000000000000000e0
53,3,1,8.35937500000000000e-1,1.20307195279928705e-7,0.00000000000000000e0
54,3,1,8.51562500000000000e-1,1.70536551283793683e-8,0.00000000000000000e0
55,3,1,8.67187500000000000e-1,2.08937394699548378e-9,0.00000000000000000e0
56,3,1,8.82812500000000000e-1,2.18838799322508443e-10,0.00000000000000000e0
57,3,1,8.98437500000000000e-1,1.93150502373921243e-11,0.00000000000000000e0
58,3,1,9.14062500000000000e-1,1.40907275539460270e-12,0.00000000000000000e0
59,3,1,9.29687500000000000e-1,8.27040530244236633e-14,0.00000000000000000e0
60,3,1,9.45312500000000000e-1,3.75353502619922157e-15,0.00000000000000000e0
61,3,1,9.60937500000000000e-1,1.23626152717661763e-16,0.00000000000000000e0
62,3,1,9.76562500000000000e-1,2.62919026827737213e-18,0.00000000000000000e0
63,3,1,9.92187500000000000e-1,2.71050543121376109e-20,0.00000000000000000e0
0,4,1,7.81250000000000000e-3,0.00000000000000000e0,0.00000000000000000e0
1,4,1,2.34375000000000000e-2,0.00000000000000000e0,0.00000000000000000e0
2,4,1,3.90625000000000000e-2,0.00000000000000000e0,0.00000000000000000e0
3,4,1,5.46875000000000000e-2,0.00000000000000000e0,0.00000000000000000e0
4,4,1,7.03125000000000000e-2,0.00000000000000000e0,0.00000000000000000e0
5,4,1,8.59375000000000000e-2,0.00000000000000000e0,0.00000000000000000e0
6,4,1,1.01562500000000000e-1,0.00000000000000000e0,0.00000000000000000e0
7,4,1,1.17187500000000000e-1,0.00000000000000000e0,0.00000000000000000e0
8,4,1,1.32812500000000000e-1,0.00000000000000000e0,0.00000000000000000e0
9,4,1,1.48437500000000000e-1,0.00000000000000000e0,0.00000000000000000e0
10,4,1,1.64062500000000000e-1,0.00000000000000000e0,0.00000000000000000e0
11,4,1,1.79687500000000000e-1,0.00000000000000000e0,0.00000000000000000e0
12,4,1,1.95312500000000000e-1,0.00000000000000000e0,0.00000000000000000e0
13,4,1,2.10937500000000000e-1,0.00000000000000000e0,0.00000000000000000e0
14,4,1,2.26562500000000000e-1,0.00000000000000000e0,0.00000000000000000e0
15,4,1,2.42187500000000000e-1,0.00000000000000000e0,0.00000000000000000e0
16,4,1,2.57812500000000000e-1,5.02262128603254317e-5,0.00000000000000000e0
17,4,1,2.73437500000000000e-1,5.85972483370453289e-4,0.00000000000000000e0
18,4,1,2.89062500000000000e-1,3.35399488100605403e-3,0.00000000000000000e0
19,4,1,3.04687500000000000e-1,1.25807362064578356e-2,0.00000000000000000e0
20,4,1,3.20312500000000000e-1,3.48786944096323853e-2,0.00000000000000000e0
21,4,1,3.35937500000000000e-1,7.65015497222237134e-2,0.00000000000000000e0
22,4,1,3.51562500000000000e-1,1.38935832691108763e-1,0.00000000000000000e0
23,4,1,3.67187500000000000e-1,2.16235421128773447e-1,0.00000000000000000e0
24,4,1,3.82812500000000000e-1,2.96755825751337798e-1,0.00000000000000000e0
25,4,1,3.98437500000000000e-1,3.68329518749169860e-1,0.00000000000000000e0
26,4,1,4.14062500000000000e-1,4.23202683380838274e-1,0.00000000000000000e0
27,4,1,4.29687500000000000e-1,4.59784793135280978e-1,0.00000000000000000e0
28,4,1,4.45312500000000000e-1,4.81124357158702887e-1,0.00000000000000000e0
29,4,1,4.60937500000000000e-1,4.92067723324556783e-1,0.00000000000000000e0
30,4,1,4.76562500000000000e-1,4.97018293732915839e-1,0.00000000000000000e0
31,4,1,4.92187500000000000e-1,4.98998521896256375e-1,0.00000000000000000e0
32,4,1,5.07812500000000000e-1,4.99649626491243837e-1,0.00000000000000000e0
33,4,1,5.23437500000000000e-1,4.99333905572214853e-1,0.00000000000000000e0
34,4,1,5.39062500000000000e-1,4.96627001327769768e-1,0.00000000000000000e0
35,4,1,5.54687500000000000e-1,4.87415271478544077e-1,0.00000000000000000e0
36,4,1,5.70312500000000000e-1,4.65120565761891813e-1,0.00000000000000000e0
37,4,1,5.85937500000000000e-1,4.23498329970551812e-1,0.00000000000000000e0
38,4,1,6.01562500000000000e-1,3.61064150255218097e-1,0.00000000000000000e0
39,4,1,6.17187500000000000e-1,2.83764576781843469e-1,0.00000000000000000e0
40,4,1,6.32812500000000000e-1,2.03244174029818259e-1,0.00000000000000000e0
41,4,1,6.48437500000000000e-1,1.31670481231508735e-1,0.00000000000000000e0
42,4,1,6.64062500000000000e-1,7.67973166177412792e-2,0.00000000000000000e0
43,4,1,6.79687500000000000e-1,4.02152068646179431e-2,0.00000000000000000e0
44,4,1,6.95312500000000000e-1,1.88756428412675016e-2,0.00000000000000000e0
45,4,1,7.10937500000000000e-1,7.93227667540972493e-3,0.00000000000000000e0
46,4,1,7.26562500000000000e-1,2.98170626704389718e-3,0.00000000000000000e0
47,4,1,7.42187500000000000e-1,1.00147810369749664e-3,0.00000000000000000e0
48,4,1,7.57812500000000000e-1,3.00147295845638580e-4,0.00000000000000000e0
49,4,1,7.73437500000000000e-1,8.01219443627010629e-5,0.00000000000000000e0
50,4,1,7.89062500000000000e-1,1.90037911729959064e-5,0.00000000000000000e0
51,4,1,8.04687500000000000e-1,3.99231495096301558e-6,0.00000000000000000e0
52,4,1,8.20312500000000000e-1,7.39828436189221144e-7,0.00000000000000000e0
53,4,1,8.35937500000000000e-1,1.20307195279927911e-7,0.00000000000000000e0
54,4,1,8.51562500000000000e-1,1.70536551283792724e-8,0.00000000000000000e0
55,4,1,8.67187500000000000e-1,2.08937394699547344e-9,0.00000000000000000e0
56,4,1,8.82812500000000000e-1,2.18838799322507280e-10,0.00000000000000000e0
57,4,1,8.98437500000000000e-1,1.93150502373920177e-11,0.00000000000000000e0
58,4,1,9.14062500000000000e-1,1.40907275539459462e-12,0.00000000000000000e0
59,4,1,9.29687500000000000e-1,8.27040530244232216e-14,0.00000000000000000e0
60,4,1,9.45312500000000000e-1,3.75353502619920343e-15,0.00000000000000000e0
61,4,1,9.60937500000000000e-1,1.23626152717661295e-16,0.00000000000000000e0
62,4,1,9.76562500000000000e-1,2.62919026827736597e-18,0.00000000000000000e0
63,4,1,9.92187500000000000e-1,2.71050543121376109e-20,0.00000000000000000e0
0,5,1,7.81250000000000000e-3,0.00000000000000000e0,0.00000000000000000e0
1,5,1,2.34375000000000000e-2,0.00000000000000000e0,0.00000000000000000e0
2,5,1,3.90625000000000000e-2,0.00000000000000000e0,0.00000000000000000e0
3,5,1,5.46875000000000000e-2,0.00000000000000000e0,0.00000000000000000e0
4,5,1,7.03125000000000000e-2,0.00000000000000000e0,0.00000000000000000e0
5,5,1,8.59375000000000000e-2,0.00000000000000000e0,0.00000000000000000e0
6,5,1,1.01562500000000000e-1,0.00000000000000000e0,0.00000000000000000e0
7,5,1,1.17187500000000000e-1,0.00000000000000000e0,0.00000000000000000e0
8,5,1,1.32812500000000000e-1,0.00000000000000000e0,0.00000000000000000e0
9,5,1,1.48437500000000000e-1,0.00000000000000000e0,0.00000000000000000e0
10,5,1,1.64062500000000000e-1,0.00000000000000000e0,0.00000000000000000e0
11,5,1,1.79687500000000000e-1,0.00000000000000000e0,0.00000000000000000e0
12,5,1,1.95312500000000000e-1,0.00000000000000000e0,0.00000000000000000e0
13,5,1,2.10937500000000000e-1,0.00000000000000000e0,0.00000000000000000e0
14,5,1,2.26562500000000000e-1,0.00000000000000000e0,0.00000000000000000e0
15,5,1,2.42187500000000000e-1,0.00000000000000000e0,0.00000000000000000e0
16,5,1,2.57812500000000000e-1,5.02262128603306020e-5,0.00000000000000000e0
17,5,1,2.73437500000000000e-1,5.85972483370514980e-4,0.00000000000000000e0
18,5,1,2.89062500000000000e-1,3.35399488100642483e-3,0.00000000000000000e0
19,5,1,3.04687500000000000e-1,1.25807362064593291e-2,0.00000000000000000e0
20,5,1,3.20312500000000000e-1,3.48786944096368887e-2,0.00000000000000000e0
21,5,1,3.35937500000000000e-1,7.65015497222345381e-2,0.00000000000000000e0
22,5,1,3.51562500000000000e-1,1.38935832691130468e-1,0.00000000000000000e0
23,5,1,3.67187500000000000e-1,2.16235421128810584e-1,0.00000000000000000e0
24,5,1,3.82812500000000000e-1,2.96755825751393865e-1,0.00000000000000000e0
25,5,1,3.98437500000000000e-1,3.68329518749245743e-1,0.00000000000000000e0
26,5,1,4.14062500000000000e-1,4.23202683380932310e-1,0.00000000000000000e0
27,5,1,4.29687500000000000e-1,4.59784793135390113e-1,0.00000000000000000e0
28,5,1,4.45312500000000000e-1,4.81124357158823790e-1,0.00000000000000000e0
29,5,1,4.60937500000000000e-1,4.92067723324686956e-1,0.00000000000000000e0
30,5,1,4.76562500000000000e-1,4.97018293733053396e-1,0.00000000000000000e0
31,5,1,4.92187500000000000e-1,4.98998521896399094e-1,0.00000000000000000e0
32,5,1,5.07812500000000000e-1,4.99649626491388610e-1,0.00000000000000000e0
33,5,1,5.23437500000000000e-1,4.99333905572357628e-1,0.00000000000000000e0
34,5,1,5.39062500000000000e-1,4.96627001327906159e-1,0.00000000000000000e0
35,5,1,5.54687500000000000e-1,4.87415271478668977e-1,0.00000000000000000e0
36,5,1,5.70312500000000000e-1,4.65120565762000115e-1,0.00000000000000000e0
37,5,1,5.85937500000000000e-1,4.23498329970638965e-1,0.00000000000000000e0
38,5,1,6.01562500000000000e-1,3.61064150255281768e-1,0.00000000000000000e0
39,5,1,6.17187500000000000e-1,2.83764576781884770e-1,0.00000000000000000e0
40,5,1,6.32812500000000000e-1,2.03244174029841407e-1,0.00000000000000000e0
41,5,1,6.48437500000000000e-1,1.31670481231519698e-1,0.00000000000000000e0
42,5,1,6.64062500000000000e-1,7.67973166177454702e-2,0.00000000000000000e0
43,5,1,6.79687500000000000e-1,4.02152068646190741e-2,0.00000000000000000e0
44,5,1,6.95312500000000000e-1,1.88756428412675918e-2,0.00000000000000000e0
45,5,1,7.10937500000000000e-1,7.93227667540959830e-3,0.00000000000000000e0
46,5,1,7.26562500000000000e-1,2.98170626704379873e-3,0.00000000000000000e0
47,5,1,7.42187500000000000e-1,1.00147810369744937e-3,0.00000000000000000e0
48,5,1,7.57812500000000000e-1,3.00147295845621287e-4,0.00000000000000000e0
49,5,1,7.73437500000000000e-1,8.01219443626958859e-5,0.00000000000000000e0
50,5,1,7.89062500000000000e-1,1.90037911729945952e-5,0.00000000000000000e0
51,5,1,8.04687500000000000e-1,3.99231495096273606e-6,0.00000000000000000e0
52,5,1,8.20312500000000000e-1,7.39828436189170216e-7,0.00000000000000000e0
53,5,1,8.35937500000000000e-1,1.20307195279919890e-7,0.00000000000000000e0
54,5,1,8.51562500000000000e-1,1.70536551283782037e-8,0.00000000000000000e0
55,5,1,8.67187500000000000e-1,2.08937394699535226e-9,0.00000000000000000e0
56,5,1,8.82812500000000000e-1,2.18838799322495777e-10,0.00000000000000000e0
57,5,1,8.98437500000000000e-1,1.93150502373911097e-11,0.00000000000000000e0
58,5,1,9.14062500000000000e-1,1.40907275539453727e-12,0.00000000000000000e0
59,5,1,9.29687500000000000e-1,8.27040530244203943e-14,0.00000000000000000e0
60,5,1,9.45312500000000000e-1,3.75353502619910009e-15,0.00000000000000000e0
61,5,1,9.60937500000000000e-1,1.23626152717658879e-16,0.00000000000000000e0
62,5,1,9.76562500000000000e-1,2.62919026827734132e-18,0.00000000000000000e0
63,5,1,9.92187500000000000e-1,2.71050543121376109e-20,0.00000000000000000e0
0,6,1,7.81250000000000000e-3,0.00000000000000000e0,0.00000000000000000e0
1,6,1,2.34375000000000000e-2,0.00000000000000000e0,0.00000000000000000e0
2,6,1,3.90625000000000000e-2,0.00000000000000000e0,0.00000000000000000e0
3,6,1,5.46875000000000000e-2,0.00000000000000000e0,0.00000000000000000e0
4,6,1,7.03125000000000000e-2,0.00000000000000000e0,0.00000000000000000e0
5,6,1,8.59375000000000000e-2,0.00000000000000000e0,0.00000000000000000e0
6,6,1,1.01562500000000000e-1,0.00000000000000000e0,0.00000000000000000e0
7,6,1,1.17187500000000000e-1,0.00000000000000000e0,0.00000000000000000e0
8,6,1,1.32812500000000000e-1,0.00000000000000000e0,0.00000000000000000e0
9,6,1,1.48437500000000000e-1,0.00000000000000000e0,0.00000000000000000e0
10,6,1,1.64062500000000000e-1,0.00000000000000000e0,0.00000000000000000e0
11,6,1,1.79687500000000000e-1,0.00000000000000000e0,0.00000000000000000e0
12,6,1,1.95312500000000000e-1,0.00000000000000000e0,0.00000000000000000e0
13,6,1,2.10937500000000000e-1,0.00000000000000000e0,0.00000000000000000e0
14,6,1,2.26562500000000000e-1,0.00000000000000000e0,0.00000000000000000e0
15,6,1,2.42187500000000000e-1,0.00000000000000000e0,0.00000000000000000e0
16,6,1,2.57812500000000000e-1,5.02262128603284743e-5,0.00000000000000000e0
17,6,1,2.73437500000000000e-1,5.85972483370490152e-4,0.00000000000000000e0
18,6,1,2.89062500000000000e-1,3.35399488100627348e-3,0.00000000000000000e0
19,6,1,3.04687500000000000e-1,1.25807362064586908e-2,0.00000000000000000e0
20,6,1,3.20312500000000000e-1,3.48786944096348209e-2,0.00000000000000000e0
21,6,1,3.35937500000000000e-1,7.65015497222291813e-2,0.00000000000000000e0
22,6,1,3.51562500000000000e-1,1.38935832691118810e-1,0.00000000000000000e0
23,6,1,3.67187500000000000e-1,2.16235421128789213e-1,0.00000000000000000e0
24,6,1,3.82812500000000000e-1,2.96755825751359781e-1,0.00000000000000000e0
25,6,1,3.98437500000000000e-1,3.68329518749197726e-1,0.00000000000000000e0
26,6,1,4.14062500000000000e-1,4.23202683380872080e-1,0.00000000000000000e0
27,6,1,4.29687500000000000e-1,4.59784793135321557e-1,0.00000000000000000e0
28,6,1,4.45312500000000000e-1,4.81124357158752070e-1,0.00000000000000000e0
29,6,1,4.60937500000000000e-1,4.92067723324617179e-1,0.00000000000000000e0
30,6,1,4.76562500000000000e-1,4.97018293732989280e-1,0.00000000000000000e0
31,6,1,4.92187500000000000e-1,4.98998521896343139e-1,0.00000000000000000e0
32,6,1,5.07812500000000000e-1,4.99649626491342203e-1,0.00000000000000000e0
33,6,1,5.23437500000000000e-1,4.99333905572321490e-1,0.00000000000000000e0
34,6,1,5.39062500000000000e-1,4.96627001327879902e-1,0.00000000000000000e0
35,6,1,5.54687500000000000e-1,4.87415271478651713e-1,0.00000000000000000e0
36,6,1,5.70312500000000000e-1,4.65120565761990068e-1,0.00000000000000000e0
37,6,1,5.85937500000000000e-1,4.23498329970633913e-1,0.00000000000000000e0
38,6,1,6.01562500000000000e-1,3.61064150255279659e-1,0.00000000000000000e0
39,6,1,6.17187500000000000e-1,2.83764576781884104e-1,0.00000000000000000e0
40,6,1,6.32812500000000000e-1,2.03244174029841407e-1,0.00000000000000000e0
41,6,1,6.48437500000000000e-1,1.31670481231519920e-1,0.00000000000000000e0
42,6,1,6.64062500000000000e-1,7.67973166177457062e-2,0.00000000000000000e0
43,6,1,6.79687500000000000e-1,4.02152068646192337e-2,0.00000000000000000e0
44,6,1,6.95312500000000000e-1,1.88756428412676786e-2,0.00000000000000000e0
45,6,1,7.10937500000000000e-1,7.93227667540964340e-3,0.00000000000000000e0
46,6,1,7.26562500000000000e-1,2.98170626704381738e-3,0.00000000000000000e0
47,6,1,7.42187500000000000e-1,1.00147810369745631e-3,0.00000000000000000e0
48,6,1,7.57812500000000000e-1,3.00147295845623130e-4,0.00000000000000000e0
49,6,1,7.73437500000000000e-1,8.01219443626963060e-5,0.00000000000000000e0
50,6,1,7.89062500000000000e-1,1.90037911729946664e-5,0.00000000000000000e0
51,6,1,8.04687500000000000e-1,3.99231495096274199e-6,0.00000000000000000e0
52,6,1,8.20312500000000000e-1,7.39828436189169369e-7,0.00000000000000000e0
53,6,1,8.35937500000000000e-1,1.20307195279919573e-7,0.00000000000000000e0
54,6,1,8.51562500000000000e-1,1.70536551283781342e-8,0.00000000000000000e0
55,6,1,8.67187500000000000e-1,2.08937394699534192e-9,0.00000000000000000e0
56,6,1,8.82812500000000000e-1,2.18838799322494768e-10,0.00000000000000000e0
57,6,1,8.98437500000000000e-1,1.93150502373910290e-11,0.00000000000000000e0
58,6,1,9.14062500000000000e-1,1.40907275539453303e-12,0.00000000000000000e0
59,6,1,9.29687500000000000e-1,8.27040530244202176e-14,0.00000000000000000e0
60,6,1,9.45312500000000000e-1,3.75353502619909614e-15,0.00000000000000000e0
61,6,1,9.60937500000000000e-1,1.23626152717658854e-16,0.00000000000000000e0
62,6,1,9.76562500000000000e-1,2.62919026827733747e-18,0.00000000000000000e0
63,6,1,9.92187500000000000e-1,2.71050543121376109e-20,0.00000000000000000e0
0,7,1,7.81250000000000000e-3,0.00000000000000000e0,0.00000000000000000e0
1,7,1,2.34375000000000000e-2,0.00000000000000000e0,0.00000000000000000e0
2,7,1,3.90625000000000000e-2,0.00000000000000000e0,0.00000000000000000e0
3,7,1,5.46875000000000000e-2,0.00000000000000000e0,0.00000000000000000e0
4,7,1,7.03125000000000000e-2,0.00000000000000000e0,0.00000000000000000e0
5,7,1,8.59375000000000000e-2,0.00000000000000000e0,0.00000000000000000e0
6,7,1,1.01562500000000000e-1,0.00000000000000000e0,0.00000000000000000e0
7,7,1,1.17187500000000000e-1,0.00000000000000000e0,0.00000000000000000e0
8,7,1,1.32812500000000000e-1,0.00000000000000000e0,0.00000000000000000e0
9,7,1,1.48437500000000000e-1,0.00000000000000000e0,0.00000000000000000e0
10,7,1,1.64062500000000000e-1,0.00000000000000000e0,0.00000000000000000e0
11,7,1,1.79687500000000000e-1,0.00000000000000000e0,0.00000000000000000e0
12,7,1,1.95312500000000000e-1,0.00000000000000000e0,0.00000000000000000e0
13,7,1,2.10937500000000000e-1,0.00000000000000000e0,0.00000000000000000e0
14,7,1,2.26562500000000000e-1,0.00000000000000000e0,0.00000000000000000e0
15,7,1,2.42187500000000000e-1,0.00000000000000000e0,0.00000000000000000e0
16,7,1,2.57812500000000000e-1,5.02262128603154029e-5,0.00000000000000000e0
17,7,1,2.73437500000000000e-1,5.85972483370351374e-4,0.00000000000000000e0
18,7,1,2.89062500000000000e-1,3.35399488100556788e-3,0.00000000000000000e0
19,7,1,3.04687500000000000e-1,1.25807362064564218e-2,0.00000000000000000e0
20,7,1,3.20312500000000000e-1,3.48786944096297000e-2,0.00000000000000000e0
21,7,1,3.35937500000000000e-1,7.65015497222206603e-2,0.00000000000000000e0
22,7,1,3.51562500000000000e-1,1.38935832691108513e-1,0.00000000000000000e0
23,7,1,3.67187500000000000e-1,2.16235421128781247e-1,0.00000000000000000e0
24,7,1,3.82812500000000000e-1,2.96755825751359503e-1,0.00000000000000000e0
25,7,1,3.98437500000000000e-1,3.68329518749209495e-1,0.00000000000000000e0
26,7,1,4.14062500000000000e-1,4.23202683380897060e-1,0.00000000000000000e0
27,7,1,4.29687500000000000e-1,4.59784793135357528e-1,0.00000000000000000e0
28,7,1,4.45312500000000000e-1,4.81124357158794758e-1,0.00000000000000000e0
29,7,1,4.60937500000000000e-1,4.92067723324661477e-1,0.00000000000000000e0
30,7,1,4.76562500000000000e-1,4.97018293733031247e-1,0.00000000000000000e0
31,7,1,4.92187500000000000e-1,4.98998521896380998e-1,0.00000000000000000e0
32,7,1,5.07812500000000000e-1,4.99649626491376508e-1,0.00000000000000000e0
33,7,1,5.23437500000000000e-1,4.99333905572354741e-1,0.00000000000000000e0
34,7,1,5.39062500000000000e-1,4.96627001327915762e-1,0.00000000000000000e0
35,7,1,5.54687500000000000e-1,4.87415271478693624e-1,0.00000000000000000e0
36,7,1,5.70312500000000000e-1,4.65120565762039362e-1,0.00000000000000000e0
37,7,1,5.85937500000000000e-1,4.23498329970689091e-1,0.00000000000000000e0
38,7,1,6.01562500000000000e-1,3.61064150255335892e-1,0.00000000000000000e0
39,7,1,6.17187500000000000e-1,2.83764576781935007e-1,0.00000000000000000e0
40,7,1,6.32812500000000000e-1,2.03244174029882069e-1,0.00000000000000000e0
41,7,1,6.48437500000000000e-1,1.31670481231548370e-1,0.00000000000000000e0
42,7,1,6.64062500000000000e-1,7.67973166177630950e-2,0.00000000000000000e0
43,7,1,6.79687500000000000e-1,4.02152068646285735e-2,0.00000000000000000e0
44,7,1,6.95312500000000000e-1,1.88756428412720709e-2,0.00000000000000000e0
45,7,1,7.10937500000000000e-1,7.93227667541145792e-3,0.00000000000000000e0
46,7,1,7.26562500000000000e-1,2.98170626704447831e-3,0.00000000000000000e0
47,7,1,7.42187500000000000e-1,1.00147810369766838e-3,0.00000000000000000e0
48,7,1,7.57812500000000000e-1,3.00147295845683520e-4,0.00000000000000000e0
49,7,1,7.73437500000000000e-1,8.01219443627114577e-5,0.00000000000000000e0
50,7,1,7.89062500000000000e-1,1.90037911729980206e-5,0.00000000000000000e0
51,7,1,8.04687500000000000e-1,3.99231495096339336e-6,0.00000000000000000e0
52,7,1,8.20312500000000000e-1,7.39828436189280437e-7,0.00000000000000000e0
53,7,1,8.35937500000000000e-1,1.20307195279936011e-7,0.00000000000000000e0
54,7,1,8.51562500000000000e-1,1.70536551283802385e-8,0.00000000000000000e0
55,7,1,8.67187500000000000e-1,2.08937394699557229e-9,0.00000000000000000e0
56,7,1,8.82812500000000000e-1,2.18838799322515913e-10,0.00000000000000000e0
57,7,1,8.98437500000000000e-1,1.93150502373926284e-11,0.00000000000000000e0
58,7,1,9.14062500000000000e-1,1.40907275539463017e-12,0.00000000000000000e0
59,7,1,9.29687500000000000e-1,8.27040530244247867e-14,0.00000000000000000e0
60,7,1,9.45312500000000000e-1,3.75353502619925234e-15,0.00000000000000000e0
61,7,1,9.60937500000000000e-1,1.23626152717662305e-16,0.00000000000000000e0
62,7,1,9.76562500000000000e-1,2.62919026827737637e-18,0.00000000000000000e0
63,7,1,9.92187500000000000e-1,2.71050543121376109e-20,0.00000000000000000e0
0,0,2,7.81250000000000000e-3,0.00000000000000000e0,0.00000000000000000e0
1,0,2,2.34375000000000000e-2,0.00000000000000000e0,0.00000000000000000e0
2,0,2,3.90625000000000000e-2,0.00000000000000000e0,0.00000000000000000e0
3,0,2,5.46875000000000000e-2,0.00000000000000000e0,0.00000000000000000e0
4,0,2,7.03125000000000000e-2,0.00000000000000000e0,0.00000000000000000e0
5,0,2,8.59375000000000000e-2,0.00000000000000000e0,0.00000000000000000e0
6,0,2,1.01562500000000000e-1,0.00000000000000000e0,0.00000000000000000e0
7,0,2,1.17187500000000000e-1,0.00000000000000000e0,0.00000000000000000e0
8,0,2,1.32812500000000000e-1,0.00000000000000000e0,0.00000000000000000e0
9,0,2,1.48437500000000000e-1,0.00000000000000000e0,0.00000000000000000e0
10,0,2,1.64062500000000000e-1,0.00000000000000000e0,0.00000000000000000e0
11,0,2,1.79687500000000000e-1,0.00000000000000000e0,0.00000000000000000e0
12,0,2,1.95312500000000000e-1,0.00000000000000000e0,0.00000000000000000e0
13,0,2,2.10937500000000000e-1,0.00000000000000000e0,0.00000000000000000e0
14,0,2,2.26562500000000000e-1,0.00000000000000000e0,0.00000000000000000e0
15,0,2,2.42187500000000000e-1,0.00000000000000000e0,0.00000000000000000e0
16,0,2,2.57812500000000000e-1,5.02262128602799765e-5,0.00000000000000000e0
17,0,2,2.73437500000000000e-1,5.85972483369945449e-4,0.00000000000000000e0
18,0,2,2.89062500000000000e-1,3.35399488100328498e-3,0.00000000000000000e0
19,0,2,3.04687500000000000e-1,1.25807362064479945e-2,0.00000000000000000e0
20,0,2,3.20312500000000000e-1,3.48786944096067045e-2,0.00000000000000000e0
21,0,2,3.35937500000000000e-1,7.65015497221709501e-2,0.00000000000000000e0
22,0,2,3.51562500000000000e-1,1.38935832691019473e-1,0.00000000000000000e0
23,0,2,3.67187500000000000e-1,2.16235421128644384e-1,0.00000000000000000e0
24,0,2,3.82812500000000000e-1,2.96755825751173929e-1,0.00000000000000000e0
25,0,2,3.98437500000000000e-1,3.68329518748981899e-1,0.00000000000000000e0
26,0,2,4.14062500000000000e-1,4.23202683380638434e-1,0.00000000000000000e0
27,0,2,4.29687500000000000e-1,4.59784793135079528e-1,0.00000000000000000e0
28,0,2,4.45312500000000000e-1,4.81124357158506488e-1,0.00000000000000000e0
29,0,2,4.60937500000000000e-1,4.92067723324368766e-1,0.00000000000000000e0
30,0,2,4.76562500000000000e-1,4.97018293732736594e-1,0.00000000000000000e0
31,0,2,4.92187500000000000e-1,4.98998521896084624e-1,0.00000000000000000e0
32,0,2,5.07812500000000000e-1,4.99649626491076804e-1,0.00000000000000000e0
33,0,2,5.23437500000000000e-1,4.99333905572049819e-1,0.00000000000000000e0
34,0,2,5.39062500000000000e-1,4.96627001327605011e-1,0.00000000000000000e0
35,0,2,5.54687500000000000e-1,4.87415271478380319e-1,0.00000000000000000e0
36,0,2,5.70312500000000000e-1,4.65120565761733329e-1,0.00000000000000000e0
37,0,2,5.85937500000000000e-1,4.23498329970405873e-1,0.00000000000000000e0
38,0,2,6.01562500000000000e-1,3.61064150255092420e-1,0.00000000000000000e0
39,0,2,6.17187500000000000e-1,2.83764576781744160e-1,0.00000000000000000e0
40,0,2,6.32812500000000000e-1,2.03244174029747066e-1,0.00000000000000000e0
41,0,2,6.48437500000000000e-1,1.31670481231462771e-1,0.00000000000000000e0
42,0,2,6.64062500000000000e-1,7.67973166177147309e-2,0.00000000000000000e0
43,0,2,6.79687500000000000e-1,4.02152068646042318e-2,0.00000000000000000e0
44,0,2,6.95312500000000000e-1,1.88756428412611768e-2,0.00000000000000000e0
45,0,2,7.10937500000000000e-1,7.93227667540712111e-3,0.00000000000000000e0
46,0,2,7.26562500000000000e-1,2.98170626704294351e-3,0.00000000000000000e0
47,0,2,7.42187500000000000e-1,1.00147810369718613e-3,0.00000000000000000e0
48,0,2,7.57812500000000000e-1,3.00147295845548862e-4,0.00000000000000000e0
49,0,2,7.73437500000000000e-1,8.01219443626781321e-5,0.00000000000000000e0
50,0,2,7.89062500000000000e-1,1.90037911729907327e-5,0.00000000000000000e0
51,0,2,8.04687500000000000e-1,3.99231495096199237e-6,0.00000000000000000e0
52,0,2,8.20312500000000000e-1,7.39828436189044220e-7,0.00000000000000000e0
53,0,2,8.35937500000000000e-1,1.20307195279901309e-7,0.00000000000000000e0
54,0,2,8.51562500000000000e-1,1.70536551283758346e-8,0.00000000000000000e0
55,0,2,8.67187500000000000e-1,2.08937394699509459e-9,0.00000000000000000e0
56,0,2,8.82812500000000000e-1,2.18838799322472254e-10,0.00000000000000000e0
57,0,2,8.98437500000000000e-1,1.93150502373893423e-11,0.00000000000000000e0
58,0,2,9.14062500000000000e-1,1.40907275539443084e-12,0.00000000000000000e0
59,0,2,9.29687500000000000e-1,8.27040530244154844e-14,0.00000000000000000e0
60,0,2,9.45312500000000000e-1,3.75353502619893679e-15,0.00000000000000000e0
61,0,2,9.60937500000000000e-1,1.23626152717655403e-16,0.00000000000000000e0
62,0,2,9.76562500000000000e-1,2.62919026827730396e-18,0.00000000000000000e0
63,0,2,9.92187500000000000e-1,2.71050543121376109e-20,0.00000000000000000e0
0,1,2,7.81250000000000000e-3,0.00000000000000000e0,0.00000000000000000e0
1,1,2,2.34375000000000000e-2,0.00000000000000000e0,0.00000000000000000e0
2,1,2,3.90625000000000000e-2,0.00000000000000000e0,0.00000000000000000e0
3,1,2,5.46875000000000000e-2,0.00000000000000000e0,0.00000000000000000e0
4,1,2,7.03125000000000000e-2,0.00000000000000000e0,0.00000000000000000e0
5,1,2,8.59375000000000000e-2,0.00000000000000000e0,0.00000000000000000e0
6,1,2,1.01562500000000000e-1,0.00000000000000000e0,0.00000000000000000e0
7,1,2,1.17187500000000000e-1,0.00000000000000000e0,0.00000000000000000e0
8,1,2,1.32812500000000000e-1,0.00000000000000000e0,0.00000000000000000e0
9,1,2,1.48437500000000000e-1,0.00000000000000000e0,0.00000000000000000e0
10,1,2,1.64062500000000000e-1,0.00000000000000000e0,0.00000000000000000e0
11,1,2,1.79687500000000000e-1,0.00000000000000000e0,0.00000000000000000e0
12,1,2,1.95312500000000000e-1,0.00000000000000000e0,0.00000000000000000e0
13,1,2,2.10937500000000000e-1,0.00000000000000000e0,0.00000000000000000e0
14,1,2,2.26562500000000000e-1,0.00000000000000000e0,0.00000000000000000e0
15,1,2,2.42187500000000000e-1,0.00000000000000000e0,0.00000000000000000e0
16,1,2,2.57812500000000000e-1,5.02262128602993499e-5,0.00000000000000000e0
17,1,2,2.73437500000000000e-1,5.85972483370178661e-4,0.00000000000000000e0
18,1,2,2.89062500000000000e-1,3.35399488100465671e-3,0.00000000000000000e0
19,1,2,3.04687500000000000e-1,1.25807362064532541e-2,0.00000000000000000e0
20,1,2,3.20312500000000000e-1,3.48786944096215260e-2,0.00000000000000000e0
21,1,2,3.35937500000000000e-1,7.65015497222038404e-2,0.00000000000000000e0
22,1,2,3.51562500000000000e-1,1.38935832691079703e-1,0.00000000000000000e0
23,1,2,3.67187500000000000e-1,2.16235421128738725e-1,0.00000000000000000e0
24,1,2,3.82812500000000000e-1,2.96755825751304103e-1,0.00000000000000000e0
25,1,2,3.98437500000000000e-1,3.68329518749144325e-1,0.00000000000000000e0
26,1,2,4.14062500000000000e-1,4.23202683380826339e-1,0.00000000000000000e0
27,1,2,4.29687500000000000e-1,4.59784793135285752e-1,0.00000000000000000e0
28,1,2,4.45312500000000000e-1,4.81124357158725202e-1,0.00000000000000000e0
29,1,2,4.60937500000000000e-1,4.92067723324596362e-1,0.00000000000000000e0
30,1,2,4.76562500000000000e-1,4.97018293732971128e-1,0.00000000000000000e0
31,1,2,4.92187500000000000e-1,4.98998521896324931e-1,0.00000000000000000e0
32,1,2,5.07812500000000000e-1,4.99649626491321774e-1,0.00000000000000000e0
33,1,2,5.23437500000000000e-1,4.99333905572297287e-1,0.00000000000000000e0
34,1,2,5.39062500000000000e-1,4.96627001327851092e-1,0.00000000000000000e0
35,1,2,5.54687500000000000e-1,4.87415271478618628e-1,0.00000000000000000e0
36,1,2,5.70312500000000000e-1,4.65120565761954430e-1,0.00000000000000000e0
37,1,2,5.85937500000000000e-1,4.23498329970598664e-1,0.00000000000000000e0
38,1,2,6.01562500000000000e-1,3.61064150255248073e-1,0.00000000000000000e0
39,1,2,6.17187500000000000e-1,2.83764576781858457e-1,0.00000000000000000e0
40,1,2,6.32812500000000000e-1,2.03244174029822700e-1,0.00000000000000000e0
41,1,2,6.48437500000000000e-1,1.31670481231507569e-1,0.00000000000000000e0
42,1,2,6.64062500000000000e-1,7.67973166177383926e-2,0.00000000000000000e0
43,1,2,6.79687500000000000e-1,4.02152068646153688e-2,0.00000000000000000e0
44,1,2,6.95312500000000000e-1,1.88756428412658397e-2,0.00000000000000000e0
45,1,2,7.10937500000000000e-1,7.93227667540886104e-3,0.00000000000000000e0
46,1,2,7.26562500000000000e-1,2.98170626704352335e-3,0.00000000000000000e0
47,1,2,7.42187500000000000e-1,1.00147810369735808e-3,0.00000000000000000e0
48,1,2,7.57812500000000000e-1,3.00147295845594453e-4,0.00000000000000000e0
49,1,2,7.73437500000000000e-1,8.01219443626889063e-5,0.00000000000000000e0
50,1,2,7.89062500000000000e-1,1.90037911729929892e-5,0.00000000000000000e0
51,1,2,8.04687500000000000e-1,3.99231495096240995e-6,0.00000000000000000e0
52,1,2,8.20312500000000000e-1,7.39828436189112195e-7,0.00000000000000000e0
53,1,2,8.35937500000000000e-1,1.20307195279910997e-7,0.00000000000000000e0
54,1,2,8.51562500000000000e-1,1.70536551283770357e-8,0.00000000000000000e0
55,1,2,8.67187500000000000e-1,2.08937394699522239e-9,0.00000000000000000e0
56,1,2,8.82812500000000000e-1,2.18838799322483627e-10,0.00000000000000000e0
57,1,2,8.98437500000000000e-1,1.93150502373901856e-11,0.00000000000000000e0
58,1,2,9.14062500000000000e-1,1.40907275539448073e-12,0.00000000000000000e0
59,1,2,9.29687500000000000e-1,8.27040530244177437e-14,0.00000000000000000e0
60,1,2,9.45312500000000000e-1,3.75353502619901253e-15,0.00000000000000000e0
61,1,2,9.60937500000000000e-1,1.23626152717657030e-16,0.00000000000000000e0
62,1,2,9.76562500000000000e-1,2.62919026827732090e-18,0.00000000000000000e0
63,1,2,9.92187500000000000e-1,2.71050543121376109e-20,0.00000000000000000e0
0,2,2,7.81250000000000000e-3,0.00000000000000000e0,0.00000000000000000e0
1,2,2,2.34375000000000000e-2,0.00000000000000000e0,0.00000000000000000e0
2,2,2,3.90625000000000000e-2,0.00000000000000000e0,0.00000000000000000e0
3,2,2,5.46875000000000000e-2,0.00000000000000000e0,0.00000000000000000e0
4,2,2,7.03125000000000000e-2,0.00000000000000000e0,0.00000000000000000e0
5,2,2,8.59375000000000000e-2,0.00000000000000000e0,0.00000000000000000e0
6,2,2,1.01562500000000000e-1,0.00000000000000000e0,0.00000000000000000e0
7,2,2,1.17187500000000000e-1,0.00000000000000000e0,0.00000000000000000e0
8,2,2,1.32812500000000000e-1,0.00000000000000000e0,0.00000000000000000e0
9,2,2,1.48437500000000000e-1,0.00000000000000000e0,0.00000000000000000e0
10,2,2,1.64062500000000000e-1,0.00000000000000000e0,0.00000000000000000e0
11,2,2,1.79687500000000000e-1,0.00000000000000000e0,0.00000000000000000e0
12,2,2,1.95312500000000000e-1,0.00000000000000000e0,0.00000000000000000e0
13,2,2,2.10937500000000000e-1,0.00000000000000000e0,0.00000000000000000e0
14,2,2,2.26562500000000000e-1,0.00000000000000000e0,0.00000000000000000e0
15,2,2,2.42187500000000000e-1,0.00000000000000000e0,0.00000000000000000e0
16,2,2,2.57812500000000000e-1,5.02262128602966936e-5,0.00000000000000000e0
17,2,2,2.73437500000000000e-1,5.85972483370152532e-4,0.00000000000000000e0
18,2,2,2.89062500000000000e-1,3.35399488100454222e-3,0.00000000000000000e0
19,2,2,3.04687500000000000e-1,1.25807362064529835e-2,0.00000000000000000e0
20,2,2,3.20312500000000000e-1,3.48786944096212762e-2,0.00000000000000000e0
21,2,2,3.35937500000000000e-1,7.65015497222044927e-2,0.00000000000000000e0
22,2,2,3.51562500000000000e-1,1.38935832691083255e-1,0.00000000000000000e0
23,2,2,3.67187500000000000e-1,2.16235421128747968e-1,0.00000000000000000e0
24,2,2,3.82812500000000000e-1,2.96755825751321756e-1,0.00000000000000000e0
25,2,2,3.98437500000000000e-1,3.68329518749171858e-1,0.00000000000000000e0
26,2,2,4.14062500000000000e-1,4.23202683380864197e-1,0.00000000000000000e0
27,2,2,4.29687500000000000e-1,4.59784793135332659e-1,0.00000000000000000e0
28,2,2,4.45312500000000000e-1,4.81124357158779437e-1,0.00000000000000000e0
29,2,2,4.60937500000000000e-1,4.92067723324655926e-1,0.00000000000000000e0
30,2,2,4.76562500000000000e-1,4.97018293733034300e-1,0.00000000000000000e0
31,2,2,4.92187500000000000e-1,4.98998521896390657e-1,0.00000000000000000e0
32,2,2,5.07812500000000000e-1,4.99649626491389942e-1,0.00000000000000000e0
33,2,2,5.23437500000000000e-1,4.99333905572368564e-1,0.00000000000000000e0
34,2,2,5.39062500000000000e-1,4.96627001327926365e-1,0.00000000000000000e0
35,2,2,5.54687500000000000e-1,4.87415271478697232e-1,0.00000000000000000e0
36,2,2,5.70312500000000000e-1,4.65120565762033589e-1,0.00000000000000000e0
37,2,2,5.85937500000000000e-1,4.23498329970673382e-1,0.00000000000000000e0
38,2,2,6.01562500000000000e-1,3.61064150255312744e-1,0.00000000000000000e0
39,2,2,6.17187500000000000e-1,2.83764576781909139e-1,0.00000000000000000e0
40,2,2,6.32812500000000000e-1,2.03244174029858227e-1,0.00000000000000000e0
41,2,2,6.48437500000000000e-1,1.31670481231529746e-1,0.00000000000000000e0
42,2,2,6.64062500000000000e-1,7.67973166177506744e-2,0.00000000000000000e0
43,2,2,6.79687500000000000e-1,4.02152068646213640e-2,0.00000000000000000e0
44,2,2,6.95312500000000000e-1,1.88756428412684453e-2,0.00000000000000000e0
45,2,2,7.10937500000000000e-1,7.93227667540985851e-3,0.00000000000000000e0
46,2,2,7.26562500000000000e-1,2.98170626704386162e-3,0.00000000000000000e0
47,2,2,7.42187500000000000e-1,1.00147810369745978e-3,0.00000000000000000e0
48,2,2,7.57812500000000000e-1,3.00147295845621612e-4,0.00000000000000000e0
49,2,2,7.73437500000000000e-1,8.01219443626953573e-5,0.00000000000000000e0
50,2,2,7.89062500000000000e-1,1.90037911729943479e-5,0.00000000000000000e0
51,2,2,8.04687500000000000e-1,3.99231495096266576e-6,0.00000000000000000e0
52,2,2,8.20312500000000000e-1,7.39828436189155182e-7,0.00000000000000000e0
53,2,2,8.35937500000000000e-1,1.20307195279917270e-7,0.00000000000000000e0
54,2,2,8.51562500000000000e-1,1.70536551283778331e-8,0.00000000000000000e0
55,2,2,8.67187500000000000e-1,2.08937394699530966e-9,0.00000000000000000e0
56,2,2,8.82812500000000000e-1,2.18838799322491822e-10,0.00000000000000000e0
57,2,2,8.98437500000000000e-1,1.93150502373908125e-11,0.00000000000000000e0
58,2,2,9.14062500000000000e-1,1.40907275539451950e-12,0.00000000000000000e0
59,2,2,9.29687500000000000e-1,8.27040530244196117e-14,0.00000000000000000e0
60,2,2,9.45312500000000000e-1,3.75353502619907721e-15,0.00000000000000000e0
61,2,2,9.60937500000000000e-1,1.23626152717658534e-16,0.00000000000000000e0
62,2,2,9.76562500000000000e-1,2.62919026827733362e-18,0.00000000000000000e0
63,2,2,9.92187500000000000e-1,2.71050543121376109e-20,0.00000000000000000e0
0,3,2,7.81250000000000000e-3,0.00000000000000000e0,0.00000000000000000e0
1,3,2,2.34375000000000000e-2,0.00000000000000000e0,0.00000000000000000e0
2,3,2,3.90625000000000000e-2,0.00000000000000000e0,0.00000000000000000e0
3,3,2,5.46875000000000000e-2,0.00000000000000000e0,0.00000000000000000e0
4,3,2,7.03125000000000000e-2,0.00000000000000000e0,0.00000000000000000e0
5,3,2,8.59375000000000000e-2,0.00000000000000000e0,0.00000000000000000e0
6,3,2,1.01562500000000000e-1,0.00000000000000000e0,0.00000000000000000e0
7,3,2,1.17187500000000000e-1,0.00000000000000000e0,0.00000000000000000e0
8,3,2,1.32812500000000000e-1,0.00000000000000000e0,0.00000000000000000e0
9,3,2,1.48437500000000000e-1,0.00000000000000000e0,0.00000000000000000e0
10,3,2,1.64062500000000000e-1,0.00000000000000000e0,0.00000000000000000e0
11,3,2,1.79687500000000000e-1,0.00000000000000000e0,0.00000000000000000e0
12,3,2,1.95312500000000000e-1,0.00000000000000000e0,0.00000000000000000e0
13,3,2,2.10937500000000000e-1,0.00000000000000000e0,0.00000000000000000e0
14,3,2,2.26562500000000000e-1,0.00000000000000000e0,0.00000000000000000e0
15,3,2,2.42187500000000000e-1,0.00000000000000000e0,0.00000000000000000e0
16,3,2,2.57812500000000000e-1,5.02262128603066140e-5,0.00000000000000000e0
17,3,2,2.73437500000000000e-1,5.85972483370245990e-4,0.00000000000000000e0
18,3,2,2.89062500000000000e-1,3.35399488100494988e-3,0.00000000000000000e0
19,3,2,3.04687500000000000e-1,1.25807362064540330e-2,0.00000000000000000e0
20,3,2,3.20312500000000000e-1,3.48786944096228235e-2,0.00000000000000000e0
21,3,2,3.35937500000000000e-1,7.65015497222048951e-2,0.00000000000000000e0
22,3,2,3.51562500000000000e-1,1.38935832691078398e-1,0.00000000000000000e0
23,3,2,3.67187500000000000e-1,2.16235421128731564e-1,0.00000000000000000e0
24,3,2,3.82812500000000000e-1,2.96755825751286839e-1,0.00000000000000000e0
25,3,2,3.98437500000000000e-1,3.68329518749113016e-1,0.00000000000000000e0
26,3,2,4.14062500000000000e-1,4.23202683380778100e-1,0.00000000000000000e0
27,3,2,4.29687500000000000e-1,4.59784793135219194e-1,0.00000000000000000e0
28,3,2,4.45312500000000000e-1,4.81124357158639993e-1,0.00000000000000000e0
29,3,2,4.60937500000000000e-1,4.92067723324493334e-1,0.00000000000000000e0
30,3,2,4.76562500000000000e-1,4.97018293732852001e-1,0.00000000000000000e0
31,3,2,4.92187500000000000e-1,4.98998521896192482e-1,0.00000000000000000e0
32,3,2,5.07812500000000000e-1,4.99649626491180332e-1,0.00000000000000000e0
33,3,2,5.23437500000000000e-1,4.99333905572152514e-1,0.00000000000000000e0
34,3,2,5.39062500000000000e-1,4.96627001327709816e-1,0.00000000000000000e0
35,3,2,5.54687500000000000e-1,4.87415271478488177e-1,0.00000000000000000e0
36,3,2,5.70312500000000000e-1,4.65120565761841964e-1,0.00000000000000000e0
37,3,2,5.85937500000000000e-1,4.23498329970509568e-1,0.00000000000000000e0
38,3,2,6.01562500000000000e-1,3.61064150255184291e-1,0.00000000000000000e0
39,3,2,6.17187500000000000e-1,2.83764576781818101e-1,0.00000000000000000e0
40,3,2,6.32812500000000000e-1,2.03244174029800523e-1,0.00000000000000000e0
41,3,2,6.48437500000000000e-1,1.31670481231497272e-1,0.00000000000000000e0
42,3,2,6.64062500000000000e-1,7.67973166177344929e-2,0.00000000000000000e0
43,3,2,6.79687500000000000e-1,4.02152068646142793e-2,0.00000000000000000e0
44,3,2,6.95312500000000000e-1,1.88756428412657218e-2,0.00000000000000000e0
45,3,2,7.10937500000000000e-1,7.93227667540894431e-3,0.00000000000000000e0
46,3,2,7.26562500000000000e-1,2.98170626704359447e-3,0.00000000000000000e0
47,3,2,7.42187500000000000e-1,1.00147810369739234e-3,0.00000000000000000e0
48,3,2,7.57812500000000000e-1,3.00147295845606759e-4,0.00000000000000000e0
49,3,2,7.73437500000000000e-1,8.01219443626926062e-5,0.00000000000000000e0
50,3,2,7.89062500000000000e-1,1.90037911729939311e-5,0.00000000000000000e0
51,3,2,8.04687500000000000e-1,3.99231495096261578e-6,0.00000000000000000e0
52,3,2,8.20312500000000000e-1,7.39828436189151158e-7,0.00000000000000000e0
53,3,2,8.35937500000000000e-1,1.20307195279917349e-7,0.00000000000000000e0
54,3,2,8.51562500000000000e-1,1.70536551283779191e-8,0.00000000000000000e0
55,3,2,8.67187500000000000e-1,2.08937394699532661e-9,0.00000000000000000e0
56,3,2,8.82812500000000000e-1,2.18838799322494045e-10,0.00000000000000000e0
57,3,2,8.98437500000000000e-1,1.93150502373910225e-11,0.00000000000000000e0
58,3,2,9.14062500000000000e-1,1.40907275539453525e-12,0.00000000000000000e0
59,3,2,9.29687500000000000e-1,8.27040530244204700e-14,0.00000000000000000e0
60,3,2,9.45312500000000000e-1,3.75353502619911113e-15,0.00000000000000000e0
61,3,2,9.60937500000000000e-1,1.23626152717659273e-16,0.00000000000000000e0
62,3,2,9.76562500000000000e-1,2.62919026827734556e-18,0.00000000000000000e0
63,3,2,9.92187500000000000e-1,2.71050543121376109e-20,0.00000000000000000e0
0,4,2,7.81250000000000000e-3,0.00000000000000000e0,0.00000000000000000e0
1,4,2,2.34375000000000000e-2,0.00000000000000000e0,0.00000000000000000e0
2,4,2,3.90625000000000000e-2,0.00000000000000000e0,0.00000000000000000e0
3,4,2,5.46875000000000000e-2,0.00000000000000000e0,0.00000000000000000e0
4,4,2,7.03125000000000000e-2,0.00000000000000000e0,0.00000000000000000e0
5,4,2,8.59375000000000000e-2,0.00000000000000000e0,0.00000000000000000e0
6,4,2,1.01562500000000000e-1,0.00000000000000000e0,0.00000000000000000e0
7,4,2,1.17187500000000000e-1,0.00000000000000000e0,0.00000000000000000e0
8,4,2,1.32812500000000000e-1,0.00000000000000000e0,0.00000000000000000e0
9,4,2,1.48437500000000000e-1,0.00000000000000000e0,0.00000000000000000e0
10,4,2,1.64062500000000000e-1,0.00000000000000000e0,0.00000000000000000e0
11,4,2,1.79687500000000000e-1,0.00000000000000000e0,0.00000000000000000e0
12,4,2,1.95312500000000000e-1,0.00000000000000000e0,0.00000000000000000e0
13,4,2,2.10937500000000000e-1,0.00000000000000000e0,0.00000000000000000e0
14,4,2,2.26562500000000000e-1,0.00000000000000000e0,0.00000000000000000e0
15,4,2,2.42187500000000000e-1,0.00000000000000000e0,0.00000000000000000e0
16,4,2,2.57812500000000000e-1,5.02262128602996209e-5,0.00000000000000000e0
17,4,2,2.73437500000000000e-1,5.85972483370165759e-4,0.00000000000000000e0
18,4,2,2.89062500000000000e-1,3.35399488100449061e-3,0.00000000000000000e0
19,4,2,3.04687500000000000e-1,1.25807362064522740e-2,0.00000000000000000e0
20,4,2,3.20312500000000000e-1,3.48786944096177928e-2,0.00000000000000000e0
21,4,2,3.35937500000000000e-1,7.65015497221934182e-2,0.00000000000000000e0
22,4,2,3.51562500000000000e-1,1.38935832691056554e-1,0.00000000000000000e0
23,4,2,3.67187500000000000e-1,2.16235421128696065e-1,0.00000000000000000e0
24,4,2,3.82812500000000000e-1,2.96755825751236157e-1,0.00000000000000000e0
25,4,2,3.98437500000000000e-1,3.68329518749048068e-1,0.00000000000000000e0
26,4,2,4.14062500000000000e-1,4.23202683380701550e-1,0.00000000000000000e0
27,4,2,4.29687500000000000e-1,4.59784793135134207e-1,0.00000000000000000e0
28,4,2,4.45312500000000000e-1,4.81124357158549953e-1,0.00000000000000000e0
29,4,2,4.60937500000000000e-1,4.92067723324401241e-1,0.00000000000000000e0
30,4,2,4.76562500000000000e-1,4.97018293732760630e-1,0.00000000000000000e0
31,4,2,4.92187500000000000e-1,4.98998521896104552e-1,0.00000000000000000e0
32,4,2,5.07812500000000000e-1,4.99649626491098175e-1,0.00000000000000000e0
33,4,2,5.23437500000000000e-1,4.99333905572078185e-1,0.00000000000000000e0
34,4,2,5.39062500000000000e-1,4.96627001327645479e-1,0.00000000000000000e0
35,4,2,5.54687500000000000e-1,4.87415271478435941e-1,0.00000000000000000e0
36,4,2,5.70312500000000000e-1,4.65120565761803662e-1,0.00000000000000000e0
37,4,2,5.85937500000000000e-1,4.23498329970485921e-1,0.00000000000000000e0
38,4,2,6.01562500000000000e-1,3.61064150255174077e-1,0.00000000000000000e0
39,4,2,6.17187500000000000e-1,2.83764576781817990e-1,0.00000000000000000e0
40,4,2,6.32812500000000000e-1,2.03244174029805991e-1,0.00000000000000000e0
41,4,2,6.48437500000000000e-1,1.31670481231504294e-1,0.00000000000000000e0
42,4,2,6.64062500000000000e-1,7.67973166177405020e-2,0.00000000000000000e0
43,4,2,6.79687500000000000e-1,4.02152068646183664e-2,0.00000000000000000e0
44,4,2,6.95312500000000000e-1,1.88756428412680394e-2,0.00000000000000000e0
45,4,2,7.10937500000000000e-1,7.93227667541006667e-3,0.00000000000000000e0
46,4,2,7.26562500000000000e-1,2.98170626704406154e-3,0.00000000000000000e0
47,4,2,7.42187500000000000e-1,1.00147810369756105e-3,0.00000000000000000e0
48,4,2,7.57812500000000000e-1,3.00147295845659993e-4,0.00000000000000000e0
49,4,2,7.73437500000000000e-1,8.01219443627071887e-5,0.00000000000000000e0
50,4,2,7.89062500000000000e-1,1.90037911729974074e-5,0.00000000000000000e0
51,4,2,8.04687500000000000e-1,3.99231495096333576e-6,0.00000000000000000e0
52,4,2,8.20312500000000000e-1,7.39828436189279907e-7,0.00000000000000000e0
53,4,2,8.35937500000000000e-1,1.20307195279937149e-7,0.00000000000000000e0
54,4,2,8.51562500000000000e-1,1.70536551283805297e-8,0.00000000000000000e0
55,4,2,8.67187500000000000e-1,2.08937394699561695e-9,0.00000000000000000e0
56,4,2,8.82812500000000000e-1,2.18838799322521031e-10,0.00000000000000000e0
57,4,2,8.98437500000000000e-1,1.93150502373930937e-11,0.00000000000000000e0
58,4,2,9.14062500000000000e-1,1.40907275539466248e-12,0.00000000000000000e0
59,4,2,9.29687500000000000e-1,8.27040530244264654e-14,0.00000000000000000e0
60,4,2,9.45312500000000000e-1,3.75353502619931387e-15,0.00000000000000000e0
61,4,2,9.60937500000000000e-1,1.23626152717663735e-16,0.00000000000000000e0
62,4,2,9.76562500000000000e-1,2.62919026827739255e-18,0.00000000000000000e0
63,4,2,9.92187500000000000e-1,2.71050543121376109e-20,0.00000000000000000e0
0,5,2,7.81250000000000000e-3,0.00000000000000000e0,0.00000000000000000e0
1,5,2,2.34375000000000000e-2,0.00000000000000000e0,0.00000000000000000e0
2,5,2,3.90625000000000000e-2,0.00000000000000000e0,0.00000000000000000e0
3,5,2,5.46875000000000000e-2,0.00000000000000000e0,0.00000000000000000e0
4,5,2,7.03125000000000000e-2,0.00000000000000000e0,0.00000000000000000e0
5,5,2,8.59375000000000000e-2,0.00000000000000000e0,0.00000000000000000e0
6,5,2,1.01562500000000000e-1,0.00000000000000000e0,0.00000000000000000e0
7,5,2,1.17187500000000000e-1,0.00000000000000000e0,0.00000000000000000e0
8,5,2,1.32812500000000000e-1,0.00000000000000000e0,0.00000000000000000e0
9,5,2,1.48437500000000000e-1,0.00000000000000000e0,0.00000000000000000e0
10,5,2,1.64062500000000000e-1,0.00000000000000000e0,0.00000000000000000e0
11,5,2,1.79687500000000000e-1,0.00000000000000000e0,0.00000000000000000e0
12,5,2,1.95312500000000000e-1,0.00000000000000000e0,0.00000000000000000e0
13,5,2,2.10937500000000000e-1,0.00000000000000000e0,0.00000000000000000e0
14,5,2,2.26562500000000000e-1,0.00000000000000000e0,0.00000000000000000e0
15,5,2,2.42187500000000000e-1,0.00000000000000000e0,0.00000000000000000e0
16,5,2,2.57812500000000000e-1,5.02262128603023314e-5,0.00000000000000000e0
17,5,2,2.73437500000000000e-1,5.85972483370207284e-4,0.00000000000000000e0
18,5,2,2.89062500000000000e-1,3.35399488100478161e-3,0.00000000000000000e0
19,5,2,3.04687500000000000e-1,1.25807362064535699e-2,0.00000000000000000e0
20,5,2,3.20312500000000000e-1,3.48786944096219562e-2,0.00000000000000000e0
21,5,2,3.35937500000000000e-1,7.65015497222039098e-2,0.00000000000000000e0
22,5,2,3.51562500000000000e-1,1.38935832691078370e-1,0.00000000000000000e0
23,5,2,3.67187500000000000e-1,2.16235421128734590e-1,0.00000000000000000e0
24,5,2,3.82812500000000000e-1,2.96755825751296110e-1,0.00000000000000000e0
25,5,2,3.98437500000000000e-1,3.68329518749132001e-1,0.00000000000000000e0
26,5,2,4.14062500000000000e-1,4.23202683380809797e-1,0.00000000000000000e0
27,5,2,4.29687500000000000e-1,4.59784793135265546e-1,0.00000000000000000e0
28,5,2,4.45312500000000000e-1,4.81124357158702387e-1,0.00000000000000000e0
29,5,2,4.60937500000000000e-1,4.92067723324572048e-1,0.00000000000000000e0
30,5,2,4.76562500000000000e-1,4.97018293732946648e-1,0.00000000000000000e0
31,5,2,4.92187500000000000e-1,4.98998521896301894e-1,0.00000000000000000e0
32,5,2,5.07812500000000000e-1,4.99649626491301846e-1,0.00000000000000000e0
33,5,2,5.23437500000000000e-1,4.99333905572282355e-1,0.00000000000000000e0
34,5,2,5.39062500000000000e-1,4.96627001327843376e-1,0.00000000000000000e0
35,5,2,5.54687500000000000e-1,4.87415271478619572e-1,0.00000000000000000e0
36,5,2,5.70312500000000000e-1,4.65120565761964422e-1,0.00000000000000000e0
37,5,2,5.85937500000000000e-1,4.23498329970616483e-1,0.00000000000000000e0
38,5,2,6.01562500000000000e-1,3.61064150255270389e-1,0.00000000000000000e0
39,5,2,6.17187500000000000e-1,2.83764576781881384e-1,0.00000000000000000e0
40,5,2,6.32812500000000000e-1,2.03244174029842656e-1,0.00000000000000000e0
41,5,2,6.48437500000000000e-1,1.31670481231522668e-1,0.00000000000000000e0
42,5,2,6.64062500000000000e-1,7.67973166177483291e-2,0.00000000000000000e0
43,5,2,6.79687500000000000e-1,4.02152068646211072e-2,0.00000000000000000e0
44,5,2,6.95312500000000000e-1,1.88756428412687714e-2,0.00000000000000000e0
45,5,2,7.10937500000000000e-1,7.93227667541017943e-3,0.00000000000000000e0
46,5,2,7.26562500000000000e-1,2.98170626704404680e-3,0.00000000000000000e0
47,5,2,7.42187500000000000e-1,1.00147810369754088e-3,0.00000000000000000e0
48,5,2,7.57812500000000000e-1,3.00147295845650615e-4,0.00000000000000000e0
49,5,2,7.73437500000000000e-1,8.01219443627040580e-5,0.00000000000000000e0
50,5,2,7.89062500000000000e-1,1.90037911729965739e-5,0.00000000000000000e0
51,5,2,8.04687500000000000e-1,3.99231495096314941e-6,0.00000000000000000e0
52,5,2,8.20312500000000000e-1,7.39828436189244967e-7,0.00000000000000000e0
53,5,2,8.35937500000000000e-1,1.20307195279931564e-7,0.00000000000000000e0
54,5,2,8.51562500000000000e-1,1.70536551283797687e-8,0.00000000000000000e0
55,5,2,8.67187500000000000e-1,2.08937394699553010e-9,0.00000000000000000e0
56,5,2,8.82812500000000000e-1,2.18838799322512708e-10,0.00000000000000000e0
57,5,2,8.98437500000000000e-1,1.93150502373924378e-11,0.00000000000000000e0
58,5,2,9.14062500000000000e-1,1.40907275539462088e-12,0.00000000000000000e0
59,5,2,9.29687500000000000e-1,8.27040530244244711e-14,0.00000000000000000e0
60,5,2,9.45312500000000000e-1,3.75353502619924524e-15,0.00000000000000000e0
61,5,2,9.60937500000000000e-1,1.23626152717662207e-16,0.00000000000000000e0
62,5,2,9.76562500000000000e-1,2.62919026827737445e-18,0.00000000000000000e0
63,5,2,9.92187500000000000e-1,2.71050543121376109e-20,0.00000000000000000e0
0,6,2,7.81250000000000000e-3,0.00000000000000000e0,0.00000000000000000e0
1,6,2,2.34375000000000000e-2,0.00000000000000000e0,0.00000000000000000e0
2,6,2,3.90625000000000000e-2,0.00000000000000000e0,0.00000000000000000e0
3,6,2,5.46875000000000000e-2,0.00000000000000000e0,0.00000000000000000e0
4,6,2,7.03125000000000000e-2,0.00000000000000000e0,0.00000000000000000e0
5,6,2,8.59375000000000000e-2,0.00000000000000000e0,0.00000000000000000e0
6,6,2,1.01562500000000000e-1,0.00000000000000000e0,0.00000000000000000e0
7,6,2,1.17187500000000000e-1,0.00000000000000000e0,0.00000000000000000e0
8,6,2,1.32812500000000000e-1,0.00000000000000000e0,0.00000000000000000e0
9,6,2,1.48437500000000000e-1,0.00000000000000000e0,0.00000000000000000e0
10,6,2,1.64062500000000000e-1,0.00000000000000000e0,0.00000000000000000e0
11,6,2,1.79687500000000000e-1,0.00000000000000000e0,0.00000000000000000e0
12,6,2,1.95312500000000000e-1,0.00000000000000000e0,0.00000000000000000e0
13,6,2,2.10937500000000000e-1,0.00000000000000000e0,0.00000000000000000e0
14,6,2,2.26562500000000000e-1,0.00000000000000000e0,0.00000000000000000e0
15,6,2,2.42187500000000000e-1,0.00000000000000000e0,0.00000000000000000e0
16,6,2,2.57812500000000000e-1,5.02262128603179440e-5,0.00000000000000000e0
17,6,2,2.73437500000000000e-1,5.85972483370380214e-4,0.00000000000000000e0
18,6,2,2.89062500000000000e-1,3.35399488100572270e-3,0.00000000000000000e0
19,6,2,3.04687500000000000e-1,1.25807362064569370e-2,0.00000000000000000e0
20,6,2,3.20312500000000000e-1,3.48786944096308588e-2,0.00000000000000000e0
21,6,2,3.35937500000000000e-1,7.65015497222224089e-2,0.00000000000000000e0
22,6,2,3.51562500000000000e-1,1.38935832691109984e-1,0.00000000000000000e0
23,6,2,3.67187500000000000e-1,2.16235421128780497e-1,0.00000000000000000e0
24,6,2,3.82812500000000000e-1,2.96755825751353786e-1,0.00000000000000000e0
25,6,2,3.98437500000000000e-1,3.68329518749196561e-1,0.00000000000000000e0
26,6,2,4.14062500000000000e-1,4.23202683380875577e-1,0.00000000000000000e0
27,6,2,4.29687500000000000e-1,4.59784793135327718e-1,0.00000000000000000e0
28,6,2,4.45312500000000000e-1,4.81124357158757454e-1,0.00000000000000000e0
29,6,2,4.60937500000000000e-1,4.92067723324617790e-1,0.00000000000000000e0
30,6,2,4.76562500000000000e-1,4.97018293732981287e-1,0.00000000000000000e0
31,6,2,4.92187500000000000e-1,4.98998521896324099e-1,0.00000000000000000e0
32,6,2,5.07812500000000000e-1,4.99649626491310783e-1,0.00000000000000000e0
33,6,2,5.23437500000000000e-1,4.99333905572277748e-1,0.00000000000000000e0
34,6,2,5.39062500000000000e-1,4.96627001327825501e-1,0.00000000000000000e0
35,6,2,5.54687500000000000e-1,4.87415271478590040e-1,0.00000000000000000e0
36,6,2,5.70312500000000000e-1,4.65120565761926119e-1,0.00000000000000000e0
37,6,2,5.85937500000000000e-1,4.23498329970573739e-1,0.00000000000000000e0
38,6,2,6.01562500000000000e-1,3.61064150255228644e-1,0.00000000000000000e0
39,6,2,6.17187500000000000e-1,2.83764576781845301e-1,0.00000000000000000e0
40,6,2,6.32812500000000000e-1,2.03244174029815206e-1,0.00000000000000000e0
41,6,2,6.48437500000000000e-1,1.31670481231504183e-1,0.00000000000000000e0
42,6,2,6.64062500000000000e-1,7.67973166177372685e-2,0.00000000000000000e0
43,6,2,6.79687500000000000e-1,4.02152068646152161e-2,0.00000000000000000e0
44,6,2,6.95312500000000000e-1,1.88756428412659751e-2,0.00000000000000000e0
45,6,2,7.10937500000000000e-1,7.93227667540899462e-3,0.00000000000000000e0
46,6,2,7.26562500000000000e-1,2.98170626704359707e-3,0.00000000000000000e0
47,6,2,7.42187500000000000e-1,1.00147810369738952e-3,0.00000000000000000e0
48,6,2,7.57812500000000000e-1,3.00147295845605349e-4,0.00000000000000000e0
49,6,2,7.73437500000000000e-1,8.01219443626921047e-5,0.00000000000000000e0
50,6,2,7.89062500000000000e-1,1.90037911729937922e-5,0.00000000000000000e0
51,6,2,8.04687500000000000e-1,3.99231495096258360e-6,0.00000000000000000e0
52,6,2,8.20312500000000000e-1,7.39828436189144594e-7,0.00000000000000000e0
53,6,2,8.35937500000000000e-1,1.20307195279916185e-7,0.00000000000000000e0
54,6,2,8.51562500000000000e-1,1.70536551283777471e-8,0.00000000000000000e0
55,6,2,8.67187500000000000e-1,2.08937394699530428e-9,0.00000000000000000e0
56,6,2,8.82812500000000000e-1,2.18838799322491718e-10,0.00000000000000000e0
57,6,2,8.98437500000000000e-1,1.93150502373908383e-11,0.00000000000000000e0
58,6,2,9.14062500000000000e-1,1.40907275539452313e-12,0.00000000000000000e0
59,6,2,9.29687500000000000e-1,8.27040530244198642e-14,0.00000000000000000e0
60,6,2,9.45312500000000000e-1,3.75353502619908905e-15,0.00000000000000000e0
61,6,2,9.60937500000000000e-1,1.23626152717658879e-16,0.00000000000000000e0
62,6,2,9.76562500000000000e-1,2.62919026827734093e-18,0.00000000000000000e0
63,6,2,9.92187500000000000e-1,2.71050543121376109e-20,0.00000000000000000e0
0,7,2,7.81250000000000000e-3,0.00000000000000000e0,0.00000000000000000e0
1,7,2,2.34375000000000000e-2,0.00000000000000000e0,0.00000000000000000e0
2,7,2,3.90625000000000000e-2,0.00000000000000000e0,0.00000000000000000e0
3,7,2,5.46875000000000000e-2,0.00000000000000000e0,0.00000000000000000e0
4,7,2,7.03125000000000000e-2,0.00000000000000000e0,0.00000000000000000e0
5,7,2,8.59375000000000000e-2,0.00000000000000000e0,0.00000000000000000e0
6,7,2,1.01562500000000000e-1,0.00000000000000000e0,0.00000000000000000e0
7,7,2,1.17187500000000000e-1,0.00000000000000000e0,0.00000000000000000e0
8,7,2,1.32812500000000000e-1,0.00000000000000000e0,0.00000000000000000e0
9,7,2,1.48437500000000000e-1,0.00000000000000000e0,0.00000000000000000e0
10,7,2,1.64062500000000000e-1,0.00000000000000000e0,0.00000000000000000e0
11,7,2,1.79687500000000000e-1,0.00000000000000000e0,0.00000000000000000e0
12,7,2,1.95312500000000000e-1,0.00000000000000000e0,0.00000000000000000e0
13,7,2,2.10937500000000000e-1,0.00000000000000000e0,0.00000000000000000e0
14,7,2,2.26562500000000000e-1,0.00000000000000000e0,0.00000000000000000e0
15,7,2,2.42187500000000000e-1,0.00000000000000000e0,0.00000000000000000e0
16,7,2,2.57812500000000000e-1,5.02262128603298702e-5,0.00000000000000000e0
17,7,2,2.73437500000000000e-1,5.85972483370518558e-4,0.00000000000000000e0
18,7,2,2.89062500000000000e-1,3.35399488100651417e-3,0.00000000000000000e0
19,7,2,3.04687500000000000e-1,1.25807362064599051e-2,0.00000000000000000e0
20,7,2,3.20312500000000000e-1,3.48786944096391507e-2,0.00000000000000000e0
21,7,2,3.35937500000000000e-1,7.65015497222408525e-2,0.00000000000000000e0
22,7,2,3.51562500000000000e-1,1.38935832691144262e-1,0.00000000000000000e0
23,7,2,3.67187500000000000e-1,2.16235421128835509e-1,0.00000000000000000e0
24,7,2,3.82812500000000000e-1,2.96755825751432223e-1,0.00000000000000000e0
25,7,2,3.98437500000000000e-1,3.68329518749298257e-1,0.00000000000000000e0
26,7,2,4.14062500000000000e-1,4.23202683380998423e-1,0.00000000000000000e0
27,7,2,4.29687500000000000e-1,4.59784793135468328e-1,0.00000000000000000e0
28,7,2,4.45312500000000000e-1,4.81124357158912275e-1,0.00000000000000000e0
29,7,2,4.60937500000000000e-1,4.92067723324784212e-1,0.00000000000000000e0
30,7,2,4.76562500000000000e-1,4.97018293733157646e-1,0.00000000000000000e0
31,7,2,4.92187500000000000e-1,4.98998521896509006e-1,0.00000000000000000e0
32,7,2,5.07812500000000000e-1,4.99649626491503518e-1,0.00000000000000000e0
33,7,2,5.23437500000000000e-1,4.99333905572477199e-1,0.00000000000000000e0
34,7,2,5.39062500000000000e-1,4.96627001328029560e-1,0.00000000000000000e0
35,7,2,5.54687500000000000e-1,4.87415271478793766e-1,0.00000000000000000e0
36,7,2,5.70312500000000000e-1,4.65120565762121629e-1,0.00000000000000000e0
37,7,2,5.85937500000000000e-1,4.23498329970750653e-1,0.00000000000000000e0
38,7,2,6.01562500000000000e-1,3.61064150255376914e-1,0.00000000000000000e0
39,7,2,6.17187500000000000e-1,2.83764576781958822e-1,0.00000000000000000e0
40,7,2,6.32812500000000000e-1,2.03244174029893560e-1,0.00000000000000000e0
41,7,2,6.48437500000000000e-1,1.31670481231552644e-1,0.00000000000000000e0
42,7,2,6.64062500000000000e-1,7.67973166177640804e-2,0.00000000000000000e0
43,7,2,6.79687500000000000e-1,4.02152068646284278e-2,0.00000000000000000e0
44,7,2,6.95312500000000000e-1,1.88756428412717586e-2,0.00000000000000000e0
45,7,2,7.10937500000000000e-1,7.93227667541124802e-3,0.00000000000000000e0
46,7,2,7.26562500000000000e-1,2.98170626704437900e-3,0.00000000000000000e0
47,7,2,7.42187500000000000e-1,1.00147810369763065e-3,0.00000000000000000e0
48,7,2,7.57812500000000000e-1,3.00147295845671215e-4,0.00000000000000000e0
49,7,2,7.73437500000000000e-1,8.01219443627080289e-5,0.00000000000000000e0
50,7,2,7.89062500000000000e-1,1.90037911729972041e-5,0.00000000000000000e0
51,7,2,8.04687500000000000e-1,3.99231495096322988e-6,0.00000000000000000e0
52,7,2,8.20312500000000000e-1,7.39828436189252061e-7,0.00000000000000000e0
53,7,2,8.35937500000000000e-1,1.20307195279931749e-7,0.00000000000000000e0
54,7,2,8.51562500000000000e-1,1.70536551283796893e-8,0.00000000000000000e0
55,7,2,8.67187500000000000e-1,2.08937394699551232e-9,0.00000000000000000e0
56,7,2,8.82812500000000000e-1,2.18838799322510433e-10,0.00000000000000000e0
57,7,2,8.98437500000000000e-1,1.93150502373922277e-11,0.00000000000000000e0
58,7,2,9.14062500000000000e-1,1.40907275539460593e-12,0.00000000000000000e0
59,7,2,9.29687500000000000e-1,8.27040530244237138e-14,0.00000000000000000e0
60,7,2,9.45312500000000000e-1,3.75353502619921763e-15,0.00000000000000000e0
61,7,2,9.60937500000000000e-1,1.23626152717661566e-16,0.00000000000000000e0
62,7,2,9.76562500000000000e-1,2.62919026827736905e-18,0.00000000000000000e0
63,7,2,9.92187500000000000e-1,2.71050543121376109e-20,0.00000000000000000e0
0,0,3,7.81250000000000000e-3,0.00000000000000000e0,0.00000000000000000e0
1,0,3,2.34375000000000000e-2,0.00000000000000000e0,0.00000000000000000e0
2,0,3,3.90625000000000000e-2,0.00000000000000000e0,0.00000000000000000e0
3,0,3,5.46875000000000000e-2,0.00000000000000000e0,0.00000000000000000e0
4,0,3,7.03125000000000000e-2,0.00000000000000000e0,0.00000000000000000e0
5,0,3,8.59375000000000000e-2,0.00000000000000000e0,0.00000000000000000e0
6,0,3,1.01562500000000000e-1,0.00000000000000000e0,0.00000000000000000e0
7,0,3,1.17187500000000000e-1,0.00000000000000000e0,0.00000000000000000e0
8,0,3,1.32812500000000000e-1,0.00000000000000000e0,0.00000000000000000e0
9,0,3,1.48437500000000000e-1,0.00000000000000000e0,0.00000000000000000e0
10,0,3,1.64062500000000000e-1,0.00000000000000000e0,0.00000000000000000e0
11,0,3,1.79687500000000000e-1,0.00000000000000000e0,0.00000000000000000e0
12,0,3,1.95312500000000000e-1,0.00000000000000000e0,0.00000000000000000e0
13,0,3,2.10937500000000000e-1,0.00000000000000000e0,0.00000000000000000e0
14,0,3,2.26562500000000000e-1,0.00000000000000000e0,0.00000000000000000e0
15,0,3,2.42187500000000000e-1,0.00000000000000000e0,0.00000000000000000e0
16,0,3,2.57812500000000000e-1,5.02262128603640225e-5,0.00000000000000000e0
17,0,3,2.73437500000000000e-1,5.85972483370889681e-4,0.00000000000000000e0
18,0,3,2.89062500000000000e-1,3.35399488100847007e-3,0.00000000000000000e0
19,0,3,3.04687500000000000e-1,1.25807362064665751e-2,0.00000000000000000e0
20,0,3,3.20312500000000000e-1,3.48786944096556653e-2,0.00000000000000000e0
21,0,3,3.35937500000000000e-1,7.65015497222726465e-2,0.00000000000000000e0
22,0,3,3.51562500000000000e-1,1.38935832691193667e-1,0.00000000000000000e0
23,0,3,3.67187500000000000e-1,2.16235421128899152e-1,0.00000000000000000e0
24,0,3,3.82812500000000000e-1,2.96755825751501612e-1,0.00000000000000000e0
25,0,3,3.98437500000000000e-1,3.68329518749362261e-1,0.00000000000000000e0
26,0,3,4.14062500000000000e-1,4.23202683381047329e-1,0.00000000000000000e0
27,0,3,4.29687500000000000e-1,4.59784793135496306e-1,0.00000000000000000e0
28,0,3,4.45312500000000000e-1,4.81124357158917937e-1,0.00000000000000000e0
29,0,3,4.60937500000000000e-1,4.92067723324769501e-1,0.00000000000000000e0
30,0,3,4.76562500000000000e-1,4.97018293733126726e-1,0.00000000000000000e0
31,0,3,4.92187500000000000e-1,4.98998521896467095e-1,0.00000000000000000e0
32,0,3,5.07812500000000000e-1,4.99649626491456056e-1,0.00000000000000000e0
33,0,3,5.23437500000000000e-1,4.99333905572429793e-1,0.00000000000000000e0
34,0,3,5.39062500000000000e-1,4.96627001327987150e-1,0.00000000000000000e0
35,0,3,5.54687500000000000e-1,4.87415271478760792e-1,0.00000000000000000e0
36,0,3,5.70312500000000000e-1,4.65120565762100868e-1,0.00000000000000000e0
37,0,3,5.85937500000000000e-1,4.23498329970742549e-1,0.00000000000000000e0
38,0,3,6.01562500000000000e-1,3.61064150255379135e-1,0.00000000000000000e0
39,0,3,6.17187500000000000e-1,2.83764576781967259e-1,0.00000000000000000e0
40,0,3,6.32812500000000000e-1,2.03244174029903968e-1,0.00000000000000000e0
41,0,3,6.48437500000000000e-1,1.31670481231561942e-1,0.00000000000000000e0
42,0,3,6.64062500000000000e-1,7.67973166177707833e-2,0.00000000000000000e0
43,0,3,6.79687500000000000e-1,4.02152068646325286e-2,0.00000000000000000e0
44,0,3,6.95312500000000000e-1,1.88756428412739270e-2,0.00000000000000000e0
45,0,3,7.10937500000000000e-1,7.93227667541224549e-3,0.00000000000000000e0
46,0,3,7.26562500000000000e-1,2.98170626704477798e-3,0.00000000000000000e0
47,0,3,7.42187500000000000e-1,1.00147810369777073e-3,0.00000000000000000e0
48,0,3,7.57812500000000000e-1,3.00147295845714637e-4,0.00000000000000000e0
49,0,3,7.73437500000000000e-1,8.01219443627198467e-5,0.00000000000000000e0
50,0,3,7.89062500000000000e-1,1.90037911730000128e-5,0.00000000000000000e0
51,0,3,8.04687500000000000e-1,3.99231495096381010e-6,0.00000000000000000e0
52,0,3,8.20312500000000000e-1,7.39828436189356564e-7,0.00000000000000000e0
53,0,3,8.35937500000000000e-1,1.20307195279947922e-7,0.00000000000000000e0
54,0,3,8.51562500000000000e-1,1.70536551283818433e-8,0.00000000000000000e0
55,0,3,8.67187500000000000e-1,2.08937394699575385e-9,0.00000000000000000e0
56,0,3,8.82812500000000000e-1,2.18838799322533103e-10,0.00000000000000000e0
57,0,3,8.98437500000000000e-1,1.93150502373939693e-11,0.00000000000000000e0
58,0,3,9.14062500000000000e-1,1.40907275539471317e-12,0.00000000000000000e0
59,0,3,9.29687500000000000e-1,8.27040530244286994e-14,0.00000000000000000e0
60,0,3,9.45312500000000000e-1,3.75353502619938645e-15,0.00000000000000000e0
61,0,3,9.60937500000000000e-1,1.23626152717665264e-16,0.00000000000000000e0
62,0,3,9.76562500000000000e-1,2.62919026827740719e-18,0.00000000000000000e0
63,0,3,9.92187500000000000e-1,2.71050543121376109e-20,0.00000000000000000e0
0,1,3,7.81250000000000000e-3,0.00000000000000000e0,0.00000000000000000e0
1,1,3,2.34375000000000000e-2,0.00000000000000000e0,0.00000000000000000e0
2,1,3,3.90625000000000000e-2,0.00000000000000000e0,0.00000000000000000e0
3,1,3,5.46875000000000000e-2,0.00000000000000000e0,0.00000000000000000e0
4,1,3,7.03125000000000000e-2,0.00000000000000000e0,0.00000000000000000e0
5,1,3,8.59375000000000000e-2,0.00000000000000000e0,0.00000000000000000e0
6,1,3,1.01562500000000000e-1,0.00000000000000000e0,0.00000000000000000e0
7,1,3,1.17187500000000000e-1,0.00000000000000000e0,0.00000000000000000e0
8,1,3,1.32812500000000000e-1,0.00000000000000000e0,0.00000000000000000e0
9,1,3,1.48437500000000000e-1,0.00000000000000000e0,0.00000000000000000e0
10,1,3,1.64062500000000000e-1,0.00000000000000000e0,0.00000000000000000e0
11,1,3,1.79687500000000000e-1,0.00000000000000000e0,0.00000000000000000e0
12,1,3,1.95312500000000000e-1,0.00000000000000000e0,0.00000000000000000e0
13,1,3,2.10937500000000000e-1,0.00000000000000000e0,0.00000000000000000e0
14,1,3,2.26562500000000000e-1,0.00000000000000000e0,0.00000000000000000e0
15,1,3,2.42187500000000000e-1,0.00000000000000000e0,0.00000000000000000e0
16,1,3,2.57812500000000000e-1,5.02262128603238935e-5,0.00000000000000000e0
17,1,3,2.73437500000000000e-1,5.85972483370441905e-4,0.00000000000000000e0
18,1,3,2.89062500000000000e-1,3.35399488100604709e-3,0.00000000000000000e0
19,1,3,3.04687500000000000e-1,1.25807362064580888e-2,0.00000000000000000e0
20,1,3,3.20312500000000000e-1,3.48786944096340229e-2,0.00000000000000000e0
21,1,3,3.35937500000000000e-1,7.65015497222296809e-2,0.00000000000000000e0
22,1,3,3.51562500000000000e-1,1.38935832691124583e-1,0.00000000000000000e0
23,1,3,3.67187500000000000e-1,2.16235421128806532e-1,0.00000000000000000e0
24,1,3,3.82812500000000000e-1,2.96755825751396252e-1,0.00000000000000000e0
25,1,3,3.98437500000000000e-1,3.68329518749259788e-1,0.00000000000000000e0
26,1,3,4.14062500000000000e-1,4.23202683380963285e-1,0.00000000000000000e0
27,1,3,4.29687500000000000e-1,4.59784793135442460e-1,0.00000000000000000e0
28,1,3,4.45312500000000000e-1,4.81124357158900118e-1,0.00000000000000000e0
29,1,3,4.60937500000000000e-1,4.92067723324789097e-1,0.00000000000000000e0
30,1,3,4.76562500000000000e-1,4.97018293733181293e-1,0.00000000000000000e0
31,1,3,4.92187500000000000e-1,4.98998521896551916e-1,0.00000000000000000e0
32,1,3,5.07812500000000000e-1,4.99649626491564469e-1,0.00000000000000000e0
33,1,3,5.23437500000000000e-1,4.99333905572553471e-1,0.00000000000000000e0
34,1,3,5.39062500000000000e-1,4.96627001328117046e-1,0.00000000000000000e0
35,1,3,5.54687500000000000e-1,4.87415271478887135e-1,0.00000000000000000e0
36,1,3,5.70312500000000000e-1,4.65120565762213944e-1,0.00000000000000000e0
37,1,3,5.85937500000000000e-1,4.23498329970834309e-1,0.00000000000000000e0
38,1,3,6.01562500000000000e-1,3.61064150255445526e-1,0.00000000000000000e0
39,1,3,6.17187500000000000e-1,2.83764576782009115e-1,0.00000000000000000e0
40,1,3,6.32812500000000000e-1,2.03244174029926283e-1,0.00000000000000000e0
41,1,3,6.48437500000000000e-1,1.31670481231571379e-1,0.00000000000000000e0
42,1,3,6.64062500000000000e-1,7.67973166177734062e-2,0.00000000000000000e0
43,1,3,6.79687500000000000e-1,4.02152068646325078e-2,0.00000000000000000e0
44,1,3,6.95312500000000000e-1,1.88756428412733025e-2,0.00000000000000000e0
45,1,3,7.10937500000000000e-1,7.93227667541175109e-3,0.00000000000000000e0
46,1,3,7.26562500000000000e-1,2.98170626704451647e-3,0.00000000000000000e0
47,1,3,7.42187500000000000e-1,1.00147810369766123e-3,0.00000000000000000e0
48,1,3,7.57812500000000000e-1,3.00147295845676310e-4,0.00000000000000000e0
49,1,3,7.73437500000000000e-1,8.01219443627084762e-5,0.00000000000000000e0
50,1,3,7.89062500000000000e-1,1.90037911729971261e-5,0.00000000000000000e0
51,1,3,8.04687500000000000e-1,3.99231495096318075e-6,0.00000000000000000e0
52,1,3,8.20312500000000000e-1,7.39828436189238403e-7,0.00000000000000000e0
53,1,3,8.35937500000000000e-1,1.20307195279929023e-7,0.00000000000000000e0
54,1,3,8.51562500000000000e-1,1.70536551283792592e-8,0.00000000000000000e0
55,1,3,8.67187500000000000e-1,2.08937394699545814e-9,0.00000000000000000e0
56,1,3,8.82812500000000000e-1,2.18838799322504901e-10,0.00000000000000000e0
57,1,3,8.98437500000000000e-1,1.93150502373917786e-11,0.00000000000000000e0
58,1,3,9.14062500000000000e-1,1.40907275539457766e-12,0.00000000000000000e0
59,1,3,9.29687500000000000e-1,8.27040530244222623e-14,0.00000000000000000e0
60,1,3,9.45312500000000000e-1,3.75353502619916635e-15,0.00000000000000000e0
61,1,3,9.60937500000000000e-1,1.23626152717660432e-16,0.00000000000000000e0
62,1,3,9.76562500000000000e-1,2.62919026827735711e-18,0.00000000000000000e0
63,1,3,9.92187500000000000e-1,2.71050543121376109e-20,0.00000000000000000e0
0,2,3,7.81250000000000000e-3,0.00000000000000000e0,0.00000000000000000e0
1,2,3,2.34375000000000000e-2,0.00000000000000000e0,0.00000000000000000e0
2,2,3,3.90625000000000000e-2,0.00000000000000000e0,0.00000000000000000e0
3,2,3,5.46875000000000000e-2,0.00000000000000000e0,0.00000000000000000e0
4,2,3,7.03125000000000000e-2,0.00000000000000000e0,0.00000000000000000e0
5,2,3,8.59375000000000000e-2,0.00000000000000000e0,0.00000000000000000e0
6,2,3,1.01562500000000000e-1,0.00000000000000000e0,0.00000000000000000e0
7,2,3,1.17187500000000000e-1,0.00000000000000000e0,0.00000000000000000e0
8,2,3,1.32812500000000000e-1,0.00000000000000000e0,0.00000000000000000e0
9,2,3,1.48437500000000000e-1,0.00000000000000000e0,0.00000000000000000e0
10,2,3,1.64062500000000000e-1,0.00000000000000000e0,0.00000000000000000e0
11,2,3,1.79687500000000000e-1,0.00000000000000000e0,0.00000000000000000e0
12,2,3,1.95312500000000000e-1,0.00000000000000000e0,0.00000000000000000e0
13,2,3,2.10937500000000000e-1,0.00000000000000000e0,0.00000000000000000e0
14,2,3,2.26562500000000000e-1,0.00000000000000000e0,0.00000000000000000e0
15,2,3,2.42187500000000000e-1,0.00000000000000000e0,0.00000000000000000e0
16,2,3,2.57812500000000000e-1,5.02262128603129431e-5,0.00000000000000000e0
17,2,3,2.73437500000000000e-1,5.85972483370318089e-4,0.00000000000000000e0
18,2,3,2.89062500000000000e-1,3.35399488100534757e-3,0.00000000000000000e0
19,2,3,3.04687500000000000e-1,1.25807362064554590e-2,0.00000000000000000e0
20,2,3,3.20312500000000000e-1,3.48786944096265844e-2,0.00000000000000000e0
21,2,3,3.35937500000000000e-1,7.65015497222128193e-2,0.00000000000000000e0
22,2,3,3.51562500000000000e-1,1.38935832691092442e-1,0.00000000000000000e0
23,2,3,3.67187500000000000e-1,2.16235421128753269e-1,0.00000000000000000e0
24,2,3,3.82812500000000000e-1,2.96755825751317204e-1,0.00000000000000000e0
25,2,3,3.98437500000000000e-1,3.68329518749152596e-1,0.00000000000000000e0
26,2,3,4.14062500000000000e-1,4.23202683380827227e-1,0.00000000000000000e0
27,2,3,4.29687500000000000e-1,4.59784793135277814e-1,0.00000000000000000e0
28,2,3,4.45312500000000000e-1,4.81124357158707827e-1,0.00000000000000000e0
29,2,3,4.60937500000000000e-1,4.92067723324569273e-1,0.00000000000000000e0
30,2,3,4.76562500000000000e-1,4.97018293732934269e-1,0.00000000000000000e0
31,2,3,4.92187500000000000e-1,4.98998521896278080e-1,0.00000000000000000e0
32,2,3,5.07812500000000000e-1,4.99649626491265708e-1,0.00000000000000000e0
33,2,3,5.23437500000000000e-1,4.99333905572233616e-1,0.00000000000000000e0
34,2,3,5.39062500000000000e-1,4.96627001327782813e-1,0.00000000000000000e0
35,2,3,5.54687500000000000e-1,4.87415271478549350e-1,0.00000000000000000e0
36,2,3,5.70312500000000000e-1,4.65120565761888594e-1,0.00000000000000000e0
37,2,3,5.85937500000000000e-1,4.23498329970541099e-1,0.00000000000000000e0
38,2,3,6.01562500000000000e-1,3.61064150255202554e-1,0.00000000000000000e0
39,2,3,6.17187500000000000e-1,2.83764576781826483e-1,0.00000000000000000e0
40,2,3,6.32812500000000000e-1,2.03244174029802965e-1,0.00000000000000000e0
41,2,3,6.48437500000000000e-1,1.31670481231497216e-1,0.00000000000000000e0
42,2,3,6.64062500000000000e-1,7.67973166177338129e-2,0.00000000000000000e0
43,2,3,6.79687500000000000e-1,4.02152068646137381e-2,0.00000000000000000e0
44,2,3,6.95312500000000000e-1,1.88756428412654199e-2,0.00000000000000000e0
45,2,3,7.10937500000000000e-1,7.93227667540881767e-3,0.00000000000000000e0
46,2,3,7.26562500000000000e-1,2.98170626704354893e-3,0.00000000000000000e0
47,2,3,7.42187500000000000e-1,1.00147810369737847e-3,0.00000000000000000e0
48,2,3,7.57812500000000000e-1,3.00147295845603235e-4,0.00000000000000000e0
49,2,3,7.73437500000000000e-1,8.01219443626917117e-5,0.00000000000000000e0
50,2,3,7.89062500000000000e-1,1.90037911729937177e-5,0.00000000000000000e0
51,2,3,8.04687500000000000e-1,3.99231495096256835e-6,0.00000000000000000e0
52,2,3,8.20312500000000000e-1,7.39828436189141206e-7,0.00000000000000000e0
53,2,3,8.35937500000000000e-1,1.20307195279915444e-7,0.00000000000000000e0
54,2,3,8.51562500000000000e-1,1.70536551283776114e-8,0.00000000000000000e0
55,2,3,8.67187500000000000e-1,2.08937394699528360e-9,0.00000000000000000e0
56,2,3,8.82812500000000000e-1,2.18838799322489185e-10,0.00000000000000000e0
57,2,3,8.98437500000000000e-1,1.93150502373905863e-11,0.00000000000000000e0
58,2,3,9.14062500000000000e-1,1.40907275539450456e-12,0.00000000000000000e0
59,2,3,9.29687500000000000e-1,8.27040530244188418e-14,0.00000000000000000e0
60,2,3,9.45312500000000000e-1,3.75353502619904724e-15,0.00000000000000000e0
61,2,3,9.60937500000000000e-1,1.23626152717657794e-16,0.00000000000000000e0
62,2,3,9.76562500000000000e-1,2.62919026827732784e-18,0.00000000000000000e0
63,2,3,9.92187500000000000e-1,2.71050543121376109e-20,0.00000000000000000e0
0,3,3,7.81250000000000000e-3,0.00000000000000000e0,0.00000000000000000e0
1,3,3,2.34375000000000000e-2,0.00000000000000000e0,0.00000000000000000e0
2,3,3,3.90625000000000000e-2,0.00000000000000000e0,0.00000000000000000e0
3,3,3,5.46875000000000000e-2,0.00000000000000000e0,0.00000000000000000e0
4,3,3,7.03125000000000000e-2,0.00000000000000000e0,0.00000000000000000e0
5,3,3,8.59375000000000000e-2,0.00000000000000000e0,0.00000000000000000e0
6,3,3,1.01562500000000000e-1,0.00000000000000000e0,0.00000000000000000e0
7,3,3,1.17187500000000000e-1,0.00000000000000000e0,0.00000000000000000e0
8,3,3,1.32812500000000000e-1,0.00000000000000000e0,0.00000000000000000e0
9,3,3,1.48437500000000000e-1,0.00000000000000000e0,0.00000000000000000e0
10,3,3,1.64062500000000000e-1,0.00000000000000000e0,0.00000000000000000e0
11,3,3,1.79687500000000000e-1,0.00000000000000000e0,0.00000000000000000e0
12,3,3,1.95312500000000000e-1,0.00000000000000000e0,0.00000000000000000e0
13,3,3,2.10937500000000000e-1,0.00000000000000000e0,0.00000000000000000e0
14,3,3,2.26562500000000000e-1,0.00000000000000000e0,0.00000000000000000e0
15,3,3,2.42187500000000000e-1,0.00000000000000000e0,0.00000000000000000e0
16,3,3,2.57812500000000000e-1,5.02262128603230126e-5,0.00000000000000000e0
17,3,3,2.73437500000000000e-1,5.85972483370420546e-4,0.00000000000000000e0
18,3,3,2.89062500000000000e-1,3.35399488100584890e-3,0.00000000000000000e0
19,3,3,3.04687500000000000e-1,1.25807362064570081e-2,0.00000000000000000e0
20,3,3,3.20312500000000000e-1,3.48786944096299914e-2,0.00000000000000000e0
21,3,3,3.35937500000000000e-1,7.65015497222182317e-2,0.00000000000000000e0
22,3,3,3.51562500000000000e-1,1.38935832691098438e-1,0.00000000000000000e0
23,3,3,3.67187500000000000e-1,2.16235421128756433e-1,0.00000000000000000e0
24,3,3,3.82812500000000000e-1,2.96755825751312374e-1,0.00000000000000000e0
25,3,3,3.98437500000000000e-1,3.68329518749134166e-1,0.00000000000000000e0
26,3,3,4.14062500000000000e-1,4.23202683380790423e-1,0.00000000000000000e0
27,3,3,4.29687500000000000e-1,4.59784793135219250e-1,0.00000000000000000e0
28,3,3,4.45312500000000000e-1,4.81124357158626170e-1,0.00000000000000000e0
29,3,3,4.60937500000000000e-1,4.92067723324464468e-1,0.00000000000000000e0
30,3,3,4.76562500000000000e-1,4.97018293732807370e-1,0.00000000000000000e0
31,3,3,4.92187500000000000e-1,4.98998521896131364e-1,0.00000000000000000e0
32,3,3,5.07812500000000000e-1,4.99649626491101673e-1,0.00000000000000000e0
33,3,3,5.23437500000000000e-1,4.99333905572055425e-1,0.00000000000000000e0
34,3,3,5.39062500000000000e-1,4.96627001327594964e-1,0.00000000000000000e0
35,3,3,5.54687500000000000e-1,4.87415271478358836e-1,0.00000000000000000e0
36,3,3,5.70312500000000000e-1,4.65120565761705296e-1,0.00000000000000000e0
37,3,3,5.85937500000000000e-1,4.23498329970376286e-1,0.00000000000000000e0
38,3,3,6.01562500000000000e-1,3.61064150255066219e-1,0.00000000000000000e0
39,3,3,6.17187500000000000e-1,2.83764576781724120e-1,0.00000000000000000e0
40,3,3,6.32812500000000000e-1,2.03244174029733937e-1,0.00000000000000000e0
41,3,3,6.48437500000000000e-1,1.31670481231455527e-1,0.00000000000000000e0
42,3,3,6.64062500000000000e-1,7.67973166177113864e-2,0.00000000000000000e0
43,3,3,6.79687500000000000e-1,4.02152068646030036e-2,0.00000000000000000e0
44,3,3,6.95312500000000000e-1,1.88756428412608750e-2,0.00000000000000000e0
45,3,3,7.10937500000000000e-1,7.93227667540711244e-3,0.00000000000000000e0
46,3,3,7.26562500000000000e-1,2.98170626704298558e-3,0.00000000000000000e0
47,3,3,7.42187500000000000e-1,1.00147810369721475e-3,0.00000000000000000e0
48,3,3,7.57812500000000000e-1,3.00147295845561439e-4,0.00000000000000000e0
49,3,3,7.73437500000000000e-1,8.01219443626824553e-5,0.00000000000000000e0
50,3,3,7.89062500000000000e-1,1.90037911729919491e-5,0.00000000000000000e0
51,3,3,8.04687500000000000e-1,3.99231495096227612e-6,0.00000000000000000e0
52,3,3,8.20312500000000000e-1,7.39828436189100654e-7,0.00000000000000000e0
53,3,3,8.35937500000000000e-1,1.20307195279910758e-7,0.00000000000000000e0
54,3,3,8.51562500000000000e-1,1.70536551283771680e-8,0.00000000000000000e0
55,3,3,8.67187500000000000e-1,2.08937394699525299e-9,0.00000000000000000e0
56,3,3,8.82812500000000000e-1,2.18838799322487841e-10,0.00000000000000000e0
57,3,3,8.98437500000000000e-1,1.93150502373905831e-11,0.00000000000000000e0
58,3,3,9.14062500000000000e-1,1.40907275539450960e-12,0.00000000000000000e0
59,3,3,9.29687500000000000e-1,8.27040530244192710e-14,0.00000000000000000e0
60,3,3,9.45312500000000000e-1,3.75353502619907090e-15,0.00000000000000000e0
61,3,3,9.60937500000000000e-1,1.23626152717658435e-16,0.00000000000000000e0
62,3,3,9.76562500000000000e-1,2.62919026827733631e-18,0.00000000000000000e0
63,3,3,9.92187500000000000e-1,2.71050543121376109e-20,0.00000000000000000e0
0,4,3,7.81250000000000000e-3,0.00000000000000000e0,0.00000000000000000e0
1,4,3,2.34375000000000000e-2,0.00000000000000000e0,0.00000000000000000e0
2,4,3,3.90625000000000000e-2,0.00000000000000000e0,0.00000000000000000e0
3,4,3,5.46875000000000000e-2,0.00000000000000000e0,0.00000000000000000e0
4,4,3,7.03125000000000000e-2,0.00000000000000000e0,0.00000000000000000e0
5,4,3,8.59375000000000000e-2,0.00000000000000000e0,0.00000000000000000e0
6,4,3,1.01562500000000000e-1,0.00000000000000000e0,0.00000000000000000e0
7,4,3,1.17187500000000000e-1,0.00000000000000000e0,0.00000000000000000e0
8,4,3,1.32812500000000000e-1,0.00000000000000000e0,0.00000000000000000e0
9,4,3,1.48437500000000000e-1,0.00000000000000000e0,0.00000000000000000e0
10,4,3,1.64062500000000000e-1,0.00000000000000000e0,0.00000000000000000e0
11,4,3,1.79687500000000000e-1,0.00000000000000000e0,0.00000000000000000e0
12,4,3,1.95312500000000000e-1,0.00000000000000000e0,0.00000000000000000e0
13,4,3,2.10937500000000000e-1,0.00000000000000000e0,0.00000000000000000e0
14,4,3,2.26562500000000000e-1,0.00000000000000000e0,0.00000000000000000e0
15,4,3,2.42187500000000000e-1,0.00000000000000000e0,0.00000000000000000e0
16,4,3,2.57812500000000000e-1,5.02262128603097650e-5,0.00000000000000000e0
17,4,3,2.73437500000000000e-1,5.85972483370282094e-4,0.00000000000000000e0
18,4,3,2.89062500000000000e-1,3.35399488100515241e-3,0.00000000000000000e0
19,4,3,3.04687500000000000e-1,1.25807362064547720e-2,0.00000000000000000e0
20,4,3,3.20312500000000000e-1,3.48786944096248080e-2,0.00000000000000000e0
21,4,3,3.35937500000000000e-1,7.65015497222090307e-2,0.00000000000000000e0
22,4,3,3.51562500000000000e-1,1.38935832691085476e-1,0.00000000000000000e0
23,4,3,3.67187500000000000e-1,2.16235421128741917e-1,0.00000000000000000e0
24,4,3,3.82812500000000000e-1,2.96755825751300273e-1,0.00000000000000000e0
25,4,3,3.98437500000000000e-1,3.68329518749129003e-1,0.00000000000000000e0
26,4,3,4.14062500000000000e-1,4.23202683380796529e-1,0.00000000000000000e0
27,4,3,4.29687500000000000e-1,4.59784793135239511e-1,0.00000000000000000e0
28,4,3,4.45312500000000000e-1,4.81124357158662197e-1,0.00000000000000000e0
29,4,3,4.60937500000000000e-1,4.92067723324517259e-1,0.00000000000000000e0
30,4,3,4.76562500000000000e-1,4.97018293732877647e-1,0.00000000000000000e0
31,4,3,4.92187500000000000e-1,4.98998521896219682e-1,0.00000000000000000e0
32,4,3,5.07812500000000000e-1,4.99649626491208365e-1,0.00000000000000000e0
33,4,3,5.23437500000000000e-1,4.99333905572180159e-1,0.00000000000000000e0
34,4,3,5.39062500000000000e-1,4.96627001327735518e-1,0.00000000000000000e0
35,4,3,5.54687500000000000e-1,4.87415271478510104e-1,0.00000000000000000e0
36,4,3,5.70312500000000000e-1,4.65120565761858951e-1,0.00000000000000000e0
37,4,3,5.85937500000000000e-1,4.23498329970521448e-1,0.00000000000000000e0
38,4,3,6.01562500000000000e-1,3.61064150255191452e-1,0.00000000000000000e0
39,4,3,6.17187500000000000e-1,2.83764576781821598e-1,0.00000000000000000e0
40,4,3,6.32812500000000000e-1,2.03244174029801716e-1,0.00000000000000000e0
41,4,3,6.48437500000000000e-1,1.31670481231497383e-1,0.00000000000000000e0
42,4,3,6.64062500000000000e-1,7.67973166177342709e-2,0.00000000000000000e0
43,4,3,6.79687500000000000e-1,4.02152068646140712e-2,0.00000000000000000e0
44,4,3,6.95312500000000000e-1,1.88756428412655969e-2,0.00000000000000000e0
45,4,3,7.10937500000000000e-1,7.93227667540889400e-3,0.00000000000000000e0
46,4,3,7.26562500000000000e-1,2.98170626704357886e-3,0.00000000000000000e0
47,4,3,7.42187500000000000e-1,1.00147810369738931e-3,0.00000000000000000e0
48,4,3,7.57812500000000000e-1,3.00147295845606813e-4,0.00000000000000000e0
49,4,3,7.73437500000000000e-1,8.01219443626928637e-5,0.00000000000000000e0
50,4,3,7.89062500000000000e-1,1.90037911729940700e-5,0.00000000000000000e0
51,4,3,8.04687500000000000e-1,3.99231495096266068e-6,0.00000000000000000e0
52,4,3,8.20312500000000000e-1,7.39828436189162170e-7,0.00000000000000000e0
53,4,3,8.35937500000000000e-1,1.20307195279919493e-7,0.00000000000000000e0
54,4,3,8.51562500000000000e-1,1.70536551283782665e-8,0.00000000000000000e0
55,4,3,8.67187500000000000e-1,2.08937394699537169e-9,0.00000000000000000e0
56,4,3,8.82812500000000000e-1,2.18838799322498904e-10,0.00000000000000000e0
57,4,3,8.98437500000000000e-1,1.93150502373914587e-11,0.00000000000000000e0
58,4,3,9.14062500000000000e-1,1.40907275539456514e-12,0.00000000000000000e0
59,4,3,9.29687500000000000e-1,8.27040530244219846e-14,0.00000000000000000e0
60,4,3,9.45312500000000000e-1,3.75353502619916556e-15,0.00000000000000000e0
61,4,3,9.60937500000000000e-1,1.23626152717660654e-16,0.00000000000000000e0
62,4,3,9.76562500000000000e-1,2.62919026827736135e-18,0.00000000000000000e0
63,4,3,9.92187500000000000e-1,2.71050543121376109e-20,0.00000000000000000e0
0,5,3,7.81250000000000000e-3,0.00000000000000000e0,0.00000000000000000e0
1,5,3,2.34375000000000000e-2,0.00000000000000000e0,0.00000000000000000e0
2,5,3,3.90625000000000000e-2,0.00000000000000000e0,0.00000000000000000e0
3,5,3,5.46875000000000000e-2,0.00000000000000000e0,0.00000000000000000e0
4,5,3,7.03125000000000000e-2,0.00000000000000000e0,0.00000000000000000e0
5,5,3,8.59375000000000000e-2,0.00000000000000000e0,0.00000000000000000e0
6,5,3,1.01562500000000000e-1,0.00000000000000000e0,0.00000000000000000e0
7,5,3,1.17187500000000000e-1,0.00000000000000000e0,0.00000000000000000e0
8,5,3,1.32812500000000000e-1,0.00000000000000000e0,0.00000000000000000e0
9,5,3,1.48437500000000000e-1,0.00000000000000000e0,0.00000000000000000e0
10,5,3,1.64062500000000000e-1,0.00000000000000000e0,0.00000000000000000e0
11,5,3,1.79687500000000000e-1,0.00000000000000000e0,0.00000000000000000e0
12,5,3,1.95312500000000000e-1,0.00000000000000000e0,0.00000000000000000e0
13,5,3,2.10937500000000000e-1,0.00000000000000000e0,0.00000000000000000e0
14,5,3,2.26562500000000000e-1,0.00000000000000000e0,0.00000000000000000e0
15,5,3,2.42187500000000000e-1,0.00000000000000000e0,0.00000000000000000e0
16,5,3,2.57812500000000000e-1,5.02262128603017622e-5,0.00000000000000000e0
17,5,3,2.73437500000000000e-1,5.85972483370190045e-4,0.00000000000000000e0
18,5,3,2.89062500000000000e-1,3.35399488100462202e-3,0.00000000000000000e0
19,5,3,3.04687500000000000e-1,1.25807362064527493e-2,0.00000000000000000e0
20,5,3,3.20312500000000000e-1,3.48786944096190696e-2,0.00000000000000000e0
21,5,3,3.35937500000000000e-1,7.65015497221961382e-2,0.00000000000000000e0
22,5,3,3.51562500000000000e-1,1.38935832691061523e-1,0.00000000000000000e0
23,5,3,3.67187500000000000e-1,2.16235421128703836e-1,0.00000000000000000e0
24,5,3,3.82812500000000000e-1,2.96755825751247093e-1,0.00000000000000000e0
25,5,3,3.98437500000000000e-1,3.68329518749062501e-1,0.00000000000000000e0
26,5,3,4.14062500000000000e-1,4.23202683380719757e-1,0.00000000000000000e0
27,5,3,4.29687500000000000e-1,4.59784793135156911e-1,0.00000000000000000e0
28,5,3,4.45312500000000000e-1,4.81124357158577987e-1,0.00000000000000000e0
29,5,3,4.60937500000000000e-1,4.92067723324435324e-1,0.00000000000000000e0
30,5,3,4.76562500000000000e-1,4.97018293732800820e-1,0.00000000000000000e0
31,5,3,4.92187500000000000e-1,4.98998521896149794e-1,0.00000000000000000e0
32,5,3,5.07812500000000000e-1,4.99649626491146193e-1,0.00000000000000000e0
33,5,3,5.23437500000000000e-1,4.99333905572125814e-1,0.00000000000000000e0
34,5,3,5.39062500000000000e-1,4.96627001327688999e-1,0.00000000000000000e0
35,5,3,5.54687500000000000e-1,4.87415271478471690e-1,0.00000000000000000e0
36,5,3,5.70312500000000000e-1,4.65120565761828864e-1,0.00000000000000000e0
37,5,3,5.85937500000000000e-1,4.23498329970499521e-1,0.00000000000000000e0
38,5,3,6.01562500000000000e-1,3.61064150255177130e-1,0.00000000000000000e0
39,5,3,6.17187500000000000e-1,2.83764576781813493e-1,0.00000000000000000e0
40,5,3,6.32812500000000000e-1,2.03244174029797886e-1,0.00000000000000000e0
41,5,3,6.48437500000000000e-1,1.31670481231496050e-1,0.00000000000000000e0
42,5,3,6.64062500000000000e-1,7.67973166177341321e-2,0.00000000000000000e0
43,5,3,6.79687500000000000e-1,4.02152068646142863e-2,0.00000000000000000e0
44,5,3,6.95312500000000000e-1,1.88756428412658224e-2,0.00000000000000000e0
45,5,3,7.10937500000000000e-1,7.93227667540903278e-3,0.00000000000000000e0
46,5,3,7.26562500000000000e-1,2.98170626704364304e-3,0.00000000000000000e0
47,5,3,7.42187500000000000e-1,1.00147810369741338e-3,0.00000000000000000e0
48,5,3,7.57812500000000000e-1,3.00147295845614457e-4,0.00000000000000000e0
49,5,3,7.73437500000000000e-1,8.01219443626948830e-5,0.00000000000000000e0
50,5,3,7.89062500000000000e-1,1.90037911729945173e-5,0.00000000000000000e0
51,5,3,8.04687500000000000e-1,3.99231495096274453e-6,0.00000000000000000e0
52,5,3,8.20312500000000000e-1,7.39828436189175405e-7,0.00000000000000000e0
53,5,3,8.35937500000000000e-1,1.20307195279921187e-7,0.00000000000000000e0
54,5,3,8.51562500000000000e-1,1.70536551283784353e-8,0.00000000000000000e0
55,5,3,8.67187500000000000e-1,2.08937394699538452e-9,0.00000000000000000e0
56,5,3,8.82812500000000000e-1,2.18838799322499499e-10,0.00000000000000000e0
57,5,3,8.98437500000000000e-1,1.93150502373914619e-11,0.00000000000000000e0
58,5,3,9.14062500000000000e-1,1.40907275539456251e-12,0.00000000000000000e0
59,5,3,9.29687500000000000e-1,8.27040530244217701e-14,0.00000000000000000e0
60,5,3,9.45312500000000000e-1,3.75353502619915531e-15,0.00000000000000000e0
61,5,3,9.60937500000000000e-1,1.23626152717660259e-16,0.00000000000000000e0
62,5,3,9.76562500000000000e-1,2.62919026827735326e-18,0.00000000000000000e0
63,5,3,9.92187500000000000e-1,2.71050543121376109e-20,0.00000000000000000e0
0,6,3,7.81250000000000000e-3,0.00000000000000000e0,0.00000000000000000e0
1,6,3,2.34375000000000000e-2,0.00000000000000000e0,0.00000000000000000e0
2,6,3,3.90625000000000000e-2,0.00000000000000000e0,0.00000000000000000e0
3,6,3,5.46875000000000000e-2,0.00000000000000000e0,0.00000000000000000e0
4,6,3,7.03125000000000000e-2,0.00000000000000000e0,0.00000000000000000e0
5,6,3,8.59375000000000000e-2,0.00000000000000000e0,0.00000000000000000e0
6,6,3,1.01562500000000000e-1,0.00000000000000000e0,0.00000000000000000e0
7,6,3,1.17187500000000000e-1,0.00000000000000000e0,0.00000000000000000e0
8,6,3,1.32812500000000000e-1,0.00000000000000000e0,0.00000000000000000e0
9,6,3,1.48437500000000000e-1,0.00000000000000000e0,0.00000000000000000e0
10,6,3,1.64062500000000000e-1,0.00000000000000000e0,0.00000000000000000e0
11,6,3,1.79687500000000000e-1,0.00000000000000000e0,0.00000000000000000e0
12,6,3,1.95312500000000000e-1,0.00000000000000000e0,0.00000000000000000e0
13,6,3,2.10937500000000000e-1,0.00000000000000000e0,0.00000000000000000e0
14,6,3,2.26562500000000000e-1,0.00000000000000000e0,0.00000000000000000e0
15,6,3,2.42187500000000000e-1,0.00000000000000000e0,0.00000000000000000e0
16,6,3,2.57812500000000000e-1,5.02262128603139324e-5,0.00000000000000000e0
17,6,3,2.73437500000000000e-1,5.85972483370326004e-4,0.00000000000000000e0
18,6,3,2.89062500000000000e-1,3.35399488100537272e-3,0.00000000000000000e0
19,6,3,3.04687500000000000e-1,1.25807362064554885e-2,0.00000000000000000e0
20,6,3,3.20312500000000000e-1,3.48786944096265428e-2,0.00000000000000000e0
21,6,3,3.35937500000000000e-1,7.65015497222124446e-2,0.00000000000000000e0
22,6,3,3.51562500000000000e-1,1.38935832691091360e-1,0.00000000000000000e0
23,6,3,3.67187500000000000e-1,2.16235421128751104e-1,0.00000000000000000e0
24,6,3,3.82812500000000000e-1,2.96755825751313540e-1,0.00000000000000000e0
25,6,3,3.98437500000000000e-1,3.68329518749147156e-1,0.00000000000000000e0
26,6,3,4.14062500000000000e-1,4.23202683380819900e-1,0.00000000000000000e0
27,6,3,4.29687500000000000e-1,4.59784793135268766e-1,0.00000000000000000e0
28,6,3,4.45312500000000000e-1,4.81124357158697724e-1,0.00000000000000000e0
29,6,3,4.60937500000000000e-1,4.92067723324559558e-1,0.00000000000000000e0
30,6,3,4.76562500000000000e-1,4.97018293732926331e-1,0.00000000000000000e0
31,6,3,4.92187500000000000e-1,4.98998521896273695e-1,0.00000000000000000e0
32,6,3,5.07812500000000000e-1,4.99649626491266430e-1,0.00000000000000000e0
33,6,3,5.23437500000000000e-1,4.99333905572240666e-1,0.00000000000000000e0
34,6,3,5.39062500000000000e-1,4.96627001327796747e-1,0.00000000000000000e0
35,6,3,5.54687500000000000e-1,4.87415271478569778e-1,0.00000000000000000e0
36,6,3,5.70312500000000000e-1,4.65120565761913962e-1,0.00000000000000000e0
37,6,3,5.85937500000000000e-1,4.23498329970568299e-1,0.00000000000000000e0
38,6,3,6.01562500000000000e-1,3.61064150255227589e-1,0.00000000000000000e0
39,6,3,6.17187500000000000e-1,2.83764576781846356e-1,0.00000000000000000e0
40,6,3,6.32812500000000000e-1,2.03244174029816621e-1,0.00000000000000000e0
41,6,3,6.48437500000000000e-1,1.31670481231505071e-1,0.00000000000000000e0
42,6,3,6.64062500000000000e-1,7.67973166177376015e-2,0.00000000000000000e0
43,6,3,6.79687500000000000e-1,4.02152068646152161e-2,0.00000000000000000e0
44,6,3,6.95312500000000000e-1,1.88756428412658571e-2,0.00000000000000000e0
45,6,3,7.10937500000000000e-1,7.93227667540889400e-3,0.00000000000000000e0
46,6,3,7.26562500000000000e-1,2.98170626704353896e-3,0.00000000000000000e0
47,6,3,7.42187500000000000e-1,1.00147810369736307e-3,0.00000000000000000e0
48,6,3,7.57812500000000000e-1,3.00147295845595483e-4,0.00000000000000000e0
49,6,3,7.73437500000000000e-1,8.01219443626890012e-5,0.00000000000000000e0
50,6,3,7.89062500000000000e-1,1.90037911729929791e-5,0.00000000000000000e0
51,6,3,8.04687500000000000e-1,3.99231495096239979e-6,0.00000000000000000e0
52,6,3,8.20312500000000000e-1,7.39828436189109018e-7,0.00000000000000000e0
53,6,3,8.35937500000000000e-1,1.20307195279910282e-7,0.00000000000000000e0
54,6,3,8.51562500000000000e-1,1.70536551283769166e-8,0.00000000000000000e0
55,6,3,8.67187500000000000e-1,2.08937394699520543e-9,0.00000000000000000e0
56,6,3,8.82812500000000000e-1,2.18838799322481792e-10,0.00000000000000000e0
57,6,3,8.98437500000000000e-1,1.93150502373900305e-11,0.00000000000000000e0
58,6,3,9.14062500000000000e-1,1.40907275539447063e-12,0.00000000000000000e0
59,6,3,9.29687500000000000e-1,8.27040530244172388e-14,0.00000000000000000e0
60,6,3,9.45312500000000000e-1,3.75353502619899280e-15,0.00000000000000000e0
61,6,3,9.60937500000000000e-1,1.23626152717656611e-16,0.00000000000000000e0
62,6,3,9.76562500000000000e-1,2.62919026827731628e-18,0.00000000000000000e0
63,6,3,9.92187500000000000e-1,2.71050543121376109e-20,0.00000000000000000e0
0,7,3,7.81250000000000000e-3,0.00000000000000000e0,0.00000000000000000e0
1,7,3,2.34375000000000000e-2,0.00000000000000000e0,0.00000000000000000e0
2,7,3,3.90625000000000000e-2,0.00000000000000000e0,0.00000000000000000e0
3,7,3,5.46875000000000000e-2,0.00000000000000000e0,0.00000000000000000e0
4,7,3,7.03125000000000000e-2,0.00000000000000000e0,0.00000000000000000e0
5,7,3,8.59375000000000000e-2,0.00000000000000000e0,0.00000000000000000e0
6,7,3,1.01562500000000000e-1,0.00000000000000000e0,0.00000000000000000e0
7,7,3,1.17187500000000000e-1,0.00000000000000000e0,0.00000000000000000e0
8,7,3,1.32812500000000000e-1,0.00000000000000000e0,0.00000000000000000e0
9,7,3,1.48437500000000000e-1,0.00000000000000000e0,0.00000000000000000e0
10,7,3,1.64062500000000000e-1,0.00000000000000000e0,0.00000000000000000e0
11,7,3,1.79687500000000000e-1,0.00000000000000000e0,0.00000000000000000e0
12,7,3,1.95312500000000000e-1,0.00000000000000000e0,0.00000000000000000e0
13,7,3,2.10937500000000000e-1,0.00000000000000000e0,0.00000000000000000e0
14,7,3,2.26562500000000000e-1,0.00000000000000000e0,0.00000000000000000e0
15,7,3,2.42187500000000000e-1,0.00000000000000000e0,0.00000000000000000e0
16,7,3,2.57812500000000000e-1,5.02262128603399126e-5,0.00000000000000000e0
17,7,3,2.73437500000000000e-1,5.85972483370625461e-4,0.00000000000000000e0
18,7,3,2.89062500000000000e-1,3.35399488100705931e-3,0.00000000000000000e0
19,7,3,3.04687500000000000e-1,1.25807362064616866e-2,0.00000000000000000e0
20,7,3,3.20312500000000000e-1,3.48786944096433071e-2,0.00000000000000000e0
21,7,3,3.35937500000000000e-1,7.65015497222481522e-2,0.00000000000000000e0
22,7,3,3.51562500000000000e-1,1.38935832691154004e-1,0.00000000000000000e0
23,7,3,3.67187500000000000e-1,2.16235421128845112e-1,0.00000000000000000e0
24,7,3,3.82812500000000000e-1,2.96755825751437718e-1,0.00000000000000000e0
25,7,3,3.98437500000000000e-1,3.68329518749295426e-1,0.00000000000000000e0
26,7,3,4.14062500000000000e-1,4.23202683380984046e-1,0.00000000000000000e0
27,7,3,4.29687500000000000e-1,4.59784793135440684e-1,0.00000000000000000e0
28,7,3,4.45312500000000000e-1,4.81124357158871141e-1,0.00000000000000000e0
29,7,3,4.60937500000000000e-1,4.92067723324729867e-1,0.00000000000000000e0
30,7,3,4.76562500000000000e-1,4.97018293733090422e-1,0.00000000000000000e0
31,7,3,4.92187500000000000e-1,4.98998521896429625e-1,0.00000000000000000e0
32,7,3,5.07812500000000000e-1,4.99649626491411869e-1,0.00000000000000000e0
33,7,3,5.23437500000000000e-1,4.99333905572373282e-1,0.00000000000000000e0
34,7,3,5.39062500000000000e-1,4.96627001327913653e-1,0.00000000000000000e0
35,7,3,5.54687500000000000e-1,4.87415271478668088e-1,0.00000000000000000e0
36,7,3,5.70312500000000000e-1,4.65120565761991234e-1,0.00000000000000000e0
37,7,3,5.85937500000000000e-1,4.23498329970623866e-1,0.00000000000000000e0
38,7,3,6.01562500000000000e-1,3.61064150255263228e-1,0.00000000000000000e0
39,7,3,6.17187500000000000e-1,2.83764576781866340e-1,0.00000000000000000e0
40,7,3,6.32812500000000000e-1,2.03244174029825919e-1,0.00000000000000000e0
41,7,3,6.48437500000000000e-1,1.31670481231508429e-1,0.00000000000000000e0
42,7,3,6.64062500000000000e-1,7.67973166177383232e-2,0.00000000000000000e0
43,7,3,6.79687500000000000e-1,4.02152068646150912e-2,0.00000000000000000e0
44,7,3,6.95312500000000000e-1,1.88756428412656420e-2,0.00000000000000000e0
45,7,3,7.10937500000000000e-1,7.93227667540876043e-3,0.00000000000000000e0
46,7,3,7.26562500000000000e-1,2.98170626704348128e-3,0.00000000000000000e0
47,7,3,7.42187500000000000e-1,1.00147810369734355e-3,0.00000000000000000e0
48,7,3,7.57812500000000000e-1,3.00147295845590008e-4,0.00000000000000000e0
49,7,3,7.73437500000000000e-1,8.01219443626877408e-5,0.00000000000000000e0
50,7,3,7.89062500000000000e-1,1.90037911729927250e-5,0.00000000000000000e0
51,7,3,8.04687500000000000e-1,3.99231495096235913e-6,0.00000000000000000e0
52,7,3,8.20312500000000000e-1,7.39828436189104042e-7,0.00000000000000000e0
53,7,3,8.35937500000000000e-1,1.20307195279909832e-7,0.00000000000000000e0
54,7,3,8.51562500000000000e-1,1.70536551283768868e-8,0.00000000000000000e0
55,7,3,8.67187500000000000e-1,2.08937394699520585e-9,0.00000000000000000e0
56,7,3,8.82812500000000000e-1,2.18838799322482232e-10,0.00000000000000000e0
57,7,3,8.98437500000000000e-1,1.93150502373900790e-11,0.00000000000000000e0
58,7,3,9.14062500000000000e-1,1.40907275539447467e-12,0.00000000000000000e0
59,7,3,9.29687500000000000e-1,8.27040530244174534e-14,0.00000000000000000e0
60,7,3,9.45312500000000000e-1,3.75353502619900306e-15,0.00000000000000000e0
61,7,3,9.60937500000000000e-1,1.23626152717656783e-16,0.00000000000000000e0
62,7,3,9.76562500000000000e-1,2.62919026827731513e-18,0.00000000000000000e0
63,7,3,9.92187500000000000e-1,2.71050543121376109e-20,0.00000000000000000e0
