  % Total    % Received % Xferd  Average Speed   Time    Time     Time  Current
                                 Dload  Upload   Total   Spent    Left  Speed

  0     0    0     0    0     0      0      0 --:--:-- --:--:-- --:--:--     0
  0     0    0     0    0     0      0      0 --:--:-- --:--:-- --:--:--     0

 41 1075k   41  445k    0     0   820k      0  0:00:01 --:--:--  0:00:01  820k
100 1075k  100 1075k    0     0  1905k      0 --:--:-- --:--:-- --:--:-- 30.7M

installing leantar 0.1.15
Attempting to download 6641 file(s)

Downloaded: 0 file(s) [attempted 21/6641 = 0%], 21 failed
Downloaded: 0 file(s) [attempted 49/6641 = 0%], 49 failed
Downloaded: 0 file(s) [attempted 81/6641 = 1%], 81 failedThe requested URL returned error: 403
The requested URL returned error: 403
The requested URL returned error: 403
The requested URL returned error: 403
The requested URL returned error: 403
The requested URL returned error: 403
The requested URL returned error: 403
The requested URL returned error: 403
The requested URL returned error: 403
The requested URL returned error: 403
The requested URL returned error: 403
The requested URL returned error: 403
The requested URL returned error: 403
The requested URL returned error: 403
The requested URL returned error: 403
The requested URL returned error: 403
The requested URL returned error: 403
The requested URL returned error: 403
The requested URL returned error: 403
The requested URL returned error: 403
The requested URL returned error: 403
The requested URL returned error: 403
The requested URL returned error: 403
The requested URL returned error: 403
The requested URL returned error: 403
The requested URL returned error: 403
The requested URL returned error: 403
The requested URL returned error: 403
The requested URL returned error: 403
The requested URL returned error: 403
The requested URL returned error: 403
The requested URL returned error: 403
The requested URL returned error: 403
The requested URL returned error: 403
The requested URL returned error: 403
The requested URL returned error: 403
The requested URL returned error: 403
The requested URL returned error: 403
The requested URL returned error: 403
The requested URL returned error: 403
The requested URL returned error: 403
The requested URL returned error: 403
The requested URL returned error: 403
The requested URL returned error: 403
The requested URL returned error: 403
The requested URL returned error: 403
The requested URL returned error: 403
The requested URL returned error: 403
The requested URL returned error: 403
The requested URL returned error: 403
The requested URL returned error: 403
The requested URL returned error: 403
The requested URL returned error: 403
The requested URL returned error: 403
The requested URL returned error: 403
The requested URL returned error: 403
The requested URL returned error: 403
The requested URL returned error: 403
The requested URL returned error: 403
The requested URL returned error: 403
The requested URL returned error: 403
The requested URL returned error: 403
The requested URL returned error: 403
The requested URL returned error: 403
The requested URL returned error: 403
The requested URL returned error: 403
The requested URL returned error: 403
The requested URL returned error: 403
The requested URL returned error: 403
The requested URL returned error: 403
The requested URL returned error: 403
The requested URL returned error: 403
The requested URL returned error: 403
The requested URL returned error: 403
The requested URL returned error: 403
The requested URL returned error: 403
The requested URL returned error: 403
The requested URL returned error: 403
The requested URL returned error: 403
The requested URL returned error: 403
The requested URL returned error: 403
The requested URL returned error: 403
The requested URL returned error: 403
The requested URL returned error: 403
The requested URL returned error: 403
The requested URL returned error: 403
The requested URL returned error: 403
The requested URL returned error: 403
The requested URL returned error: 403
The requested URL returned error: 403
The requested URL returned error: 403
The requested URL returned error: 403
The requested URL returned error: 403
The requested URL returned error: 403
The requested URL returned error: 403
The requested URL returned error: 403
The requested URL returned error: 403
The requested URL returned error: 403
The requested URL returned error: 403
The requested URL returned error: 403
The requested URL returned error: 403
The requested URL returned error: 403
The requested URL returned error: 403
The requested URL returned error: 403
The requested URL returned error: 403
The requested URL returned error: 403
The requested URL returned error: 403
The requested URL returned err
Downloaded: 0 file(s) [attempted 112/6641 = 1%], 112 failed
Downloaded: 0 file(s) [attempted 144/6641 = 2%], 144 failed
Downloaded: 0 file(s) [attempted 176/6641 = 2%], 176 failed
Downloaded: 0 file(s) [attempted 208/6641 = 3%], 208 failedor: 403
The requested URL returned error: 403
The requested URL returned error: 403
The requested URL returned error: 403
The requested URL returned error: 403
The requested URL returned error: 403
The requested URL returned error: 403
The requested URL returned error: 403
The requested URL returned error: 403
The requested URL returned error: 403
The requested URL returned error: 403
The requested URL returned error: 403
The requested URL returned error: 403
The requested URL returned error: 403
The requested URL returned error: 403
The requested URL returned error: 403
The requested URL returned error: 403
The requested URL returned error: 403
The requested URL returned error: 403
The requested URL returned error: 403
The requested URL returned error: 403
The requested URL returned error: 403
The requested URL returned error: 403
The requested URL returned error: 403
The requested URL returned error: 403
The requested URL returned error: 403
The requested URL returned error: 403
The requested URL returned error: 403
The requested URL returned error: 403
The requested URL returned error: 403
The requested URL returned error: 403
The requested URL returned error: 403
The requested URL returned error: 403
The requested URL returned error: 403
The requested URL returned error: 403
The requested URL returned error: 403
The requested URL returned error: 403
The requested URL returned error: 403
The requested URL returned error: 403
The requested URL returned error: 403
The requested URL returned error: 403
The requested URL returned error: 403
The requested URL returned error: 403
The requested URL returned error: 403
The requested URL returned error: 403
The requested URL returned error: 403
The requested URL returned error: 403
The requested URL returned error: 403
The requested URL returned error: 403
The requested URL returned error: 403
The requested URL returned error: 403
The requested URL returned error: 403
The requested URL returned error: 403
The requested URL returned error: 403
The requested URL returned error: 403
The requested URL returned error: 403
The requested URL returned error: 403
The requested URL returned error: 403
The requested URL returned error: 403
The requested URL returned error: 403
The requested URL returned error: 403
The requested URL returned error: 403
The requested URL returned error: 403
The requested URL returned error: 403
The requested URL returned error: 403
The requested URL returned error: 403
The requested URL returned error: 403
The requested URL returned error: 403
The requested URL returned error: 403
The requested URL returned error: 403
The requested URL returned error: 403
The requested URL returned error: 403
The requested URL returned error: 403
The requested URL returned error: 403
The requested URL returned error: 403
The requested URL returned error: 403
The requested URL returned error: 403
The requested URL returned error: 403
The requested URL returned error: 403
The requested URL returned error: 403
The requested URL returned error: 403
The requested URL returned error: 403
The requested URL returned error: 403
The requested URL returned error: 403
The requested URL returned error: 403
The requested URL returned error: 403
The requested URL returned error: 403
The requested URL returned error: 403
The requested URL returned error: 403
The requested URL returned error: 403
The requested URL returned error: 403
The requested URL returned error: 403
The requested URL returned error: 403
The requested URL returned error: 403
The requested URL returned error: 403
The requested URL returned error: 403
The requested URL returned error: 403
The requested URL returned error: 403
The requested URL returned error: 403
The requested URL returned error: 403
The requested URL returned error: 403
The requested URL returned error: 403
The requested URL returned error: 403
The requested URL returned error: 403
The requested URL returned error: 403
The requested URL returned error: 403
The requested URL returned error: 403
The requested URL returned error: 403
The requested URL retu
Downloaded: 0 file(s) [attempted 243/6641 = 3%], 243 failed
Downloaded: 0 file(s) [attempted 272/6641 = 4%], 272 failed
Downloaded: 0 file(s) [attempted 304/6641 = 4%], 304 failedrned error: 403
The requested URL returned error: 403
The requested URL returned error: 403
The requested URL returned error: 403
The requested URL returned error: 403
The requested URL returned error: 403
The requested URL returned error: 403
The requested URL returned error: 403
The requested URL returned error: 403
The requested URL returned error: 403
The requested URL returned error: 403
The requested URL returned error: 403
The requested URL returned error: 403
The requested URL returned error: 403
The requested URL returned error: 403
The requested URL returned error: 403
The requested URL returned error: 403
The requested URL returned error: 403
The requested URL returned error: 403
The requested URL returned error: 403
The requested URL returned error: 403
The requested URL returned error: 403
The requested URL returned error: 403
The requested URL returned error: 403
The requested URL returned error: 403
The requested URL returned error: 403
The requested URL returned error: 403
The requested URL returned error: 403
The requested URL returned error: 403
The requested URL returned error: 403
The requested URL returned error: 403
The requested URL returned error: 403
The requested URL returned error: 403
The requested URL returned error: 403
The requested URL returned error: 403
The requested URL returned error: 403
The requested URL returned error: 403
The requested URL returned error: 403
The requested URL returned error: 403
The requested URL returned error: 403
The requested URL returned error: 403
The requested URL returned error: 403
The requested URL returned error: 403
The requested URL returned error: 403
The requested URL returned error: 403
The requested URL returned error: 403
The requested URL returned error: 403
The requested URL returned error: 403
The requested URL returned error: 403
The requested URL returned error: 403
The requested URL returned error: 403
The requested URL returned error: 403
The requested URL returned error: 403
The requested URL returned error: 403
The requested URL returned error: 403
The requested URL returned error: 403
The requested URL returned error: 403
The requested URL returned error: 403
The requested URL returned error: 403
The requested URL returned error: 403
The requested URL returned error: 403
The requested URL returned error: 403
The requested URL returned error: 403
The requested URL returned error: 403
The requested URL returned error: 403
The requested URL returned error: 403
The requested URL returned error: 403
The requested URL returned error: 403
The requested URL returned error: 403
The requested URL returned error: 403
The requested URL returned error: 403
The requested URL returned error: 403
The requested URL returned error: 403
The requested URL returned error: 403
The requested URL returned error: 403
The requested URL returned error: 403
The requested URL returned error: 403
The requested URL returned error: 403
The requested URL returned error: 403
The requested URL returned error: 403
The requested URL returned error: 403
The requested URL returned error: 403
The requested URL returned error: 403
The requested URL returned error: 403
The requested URL returned error: 403
The requested URL returned error: 403
The requested URL returned error: 403
The requested URL returned error: 403
The requested URL returned error: 403
The requested URL returned error: 403
The requested URL returned error: 403
The requested URL returned error: 403
The requested URL returned error: 403
The requested URL returned error: 403
The requested URL returned error: 403
The requested URL returned error: 403
The requested URL returned error: 403
The requested URL returned error: 403
The requested URL returned error: 403
The requested URL returned error: 403
The requested URL returned error: 403
The requested URL returned error: 403
The requested URL returned error: 403
The requested URL returned error: 403
The requested URL returned error: 403
The requested URL returned error: 403
The requested URL returned error: 403
The requested URL returned error: 403
The requested
Downloaded: 0 file(s) [attempted 334/6641 = 5%], 334 failed
Downloaded: 0 file(s) [attempted 357/6641 = 5%], 357 failed
Downloaded: 0 file(s) [attempted 391/6641 = 5%], 391 failed
Downloaded: 0 file(s) [attempted 418/6641 = 6%], 418 failedURL returned error: 403
The requested URL returned error: 403
The requested URL returned error: 403
The requested URL returned error: 403
The requested URL returned error: 403
The requested URL returned error: 403
The requested URL returned error: 403
The requested URL returned error: 403
The requested URL returned error: 403
The requested URL returned error: 403
The requested URL returned error: 403
The requested URL returned error: 403
The requested URL returned error: 403
The requested URL returned error: 403
The requested URL returned error: 403
The requested URL returned error: 403
The requested URL returned error: 403
The requested URL returned error: 403
The requested URL returned error: 403
The requested URL returned error: 403
The requested URL returned error: 403
The requested URL returned error: 403
The requested URL returned error: 403
The requested URL returned error: 403
The requested URL returned error: 403
The requested URL returned error: 403
The requested URL returned error: 403
The requested URL returned error: 403
The requested URL returned error: 403
The requested URL returned error: 403
The requested URL returned error: 403
The requested URL returned error: 403
The requested URL returned error: 403
The requested URL returned error: 403
The requested URL returned error: 403
The requested URL returned error: 403
The requested URL returned error: 403
The requested URL returned error: 403
The requested URL returned error: 403
The requested URL returned error: 403
The requested URL returned error: 403
The requested URL returned error: 403
The requested URL returned error: 403
The requested URL returned error: 403
The requested URL returned error: 403
The requested URL returned error: 403
The requested URL returned error: 403
The requested URL returned error: 403
The requested URL returned error: 403
The requested URL returned error: 403
The requested URL returned error: 403
The requested URL returned error: 403
The requested URL returned error: 403
The requested URL returned error: 403
The requested URL returned error: 403
The requested URL returned error: 403
The requested URL returned error: 403
The requested URL returned error: 403
The requested URL returned error: 403
The requested URL returned error: 403
The requested URL returned error: 403
The requested URL returned error: 403
The requested URL returned error: 403
The requested URL returned error: 403
The requested URL returned error: 403
The requested URL returned error: 403
The requested URL returned error: 403
The requested URL returned error: 403
The requested URL returned error: 403
The requested URL returned error: 403
The requested URL returned error: 403
The requested URL returned error: 403
The requested URL returned error: 403
The requested URL returned error: 403
The requested URL returned error: 403
The requested URL returned error: 403
The requested URL returned error: 403
The requested URL returned error: 403
The requested URL returned error: 403
The requested URL returned error: 403
The requested URL returned error: 403
The requested URL returned error: 403
The requested URL returned error: 403
The requested URL returned error: 403
The requested URL returned error: 403
The requested URL returned error: 403
The requested URL returned error: 403
The requested URL returned error: 403
The requested URL returned error: 403
The requested URL returned error: 403
The requested URL returned error: 403
The requested URL returned error: 403
The requested URL returned error: 403
The requested URL returned error: 403
The requested URL returned error: 403
The requested URL returned error: 403
The requested URL returned error: 403
The requested URL returned error: 403
The requested URL returned error: 403
The requested URL returned error: 403
The requested URL returned error: 403
The requested URL returned error: 403
The requested URL returned error: 403
The requested URL returned error: 403
The requested URL returned error: 403
The requested URL returned error: 403
The requested URL returned error: 403
The requested URL returned error: 403
The re
Downloaded: 0 file(s) [attempted 439/6641 = 6%], 439 failed
Downloaded: 0 file(s) [attempted 468/6641 = 7%], 468 failed
Downloaded: 0 file(s) [attempted 500/6641 = 7%], 500 failed
Downloaded: 0 file(s) [attempted 532/6641 = 8%], 532 failedquested URL returned error: 403
The requested URL returned error: 403
The requested URL returned error: 403
The requested URL returned error: 403
The requested URL returned error: 403
The requested URL returned error: 403
The requested URL returned error: 403
The requested URL returned error: 403
The requested URL returned error: 403
The requested URL returned error: 403
The requested URL returned error: 403
The requested URL returned error: 403
The requested URL returned error: 403
The requested URL returned error: 403
The requested URL returned error: 403
The requested URL returned error: 403
The requested URL returned error: 403
The requested URL returned error: 403
The requested URL returned error: 403
The requested URL returned error: 403
The requested URL returned error: 403
The requested URL returned error: 403
The requested URL returned error: 403
The requested URL returned error: 403
The requested URL returned error: 403
The requested URL returned error: 403
The requested URL returned error: 403
The requested URL returned error: 403
The requested URL returned error: 403
The requested URL returned error: 403
The requested URL returned error: 403
The requested URL returned error: 403
The requested URL returned error: 403
The requested URL returned error: 403
The requested URL returned error: 403
The requested URL returned error: 403
The requested URL returned error: 403
The requested URL returned error: 403
The requested URL returned error: 403
The requested URL returned error: 403
The requested URL returned error: 403
The requested URL returned error: 403
The requested URL returned error: 403
The requested URL returned error: 403
The requested URL returned error: 403
The requested URL returned error: 403
The requested URL returned error: 403
The requested URL returned error: 403
The requested URL returned error: 403
The requested URL returned error: 403
The requested URL returned error: 403
The requested URL returned error: 403
The requested URL returned error: 403
The requested URL returned error: 403
The requested URL returned error: 403
The requested URL returned error: 403
The requested URL returned error: 403
The requested URL returned error: 403
The requested URL returned error: 403
The requested URL returned error: 403
The requested URL returned error: 403
The requested URL returned error: 403
The requested URL returned error: 403
The requested URL returned error: 403
The requested URL returned error: 403
The requested URL returned error: 403
The requested URL returned error: 403
The requested URL returned error: 403
The requested URL returned error: 403
The requested URL returned error: 403
The requested URL returned error: 403
The requested URL returned error: 403
The requested URL returned error: 403
The requested URL returned error: 403
The requested URL returned error: 403
The requested URL returned error: 403
The requested URL returned error: 403
The requested URL returned error: 403
The requested URL returned error: 403
The requested URL returned error: 403
The requested URL returned error: 403
The requested URL returned error: 403
The requested URL returned error: 403
The requested URL returned error: 403
The requested URL returned error: 403
The requested URL returned error: 403
The requested URL returned error: 403
The requested URL returned error: 403
The requested URL returned error: 403
The requested URL returned error: 403
The requested URL returned error: 403
The requested URL returned error: 403
The requested URL returned error: 403
The requested URL returned error: 403
The requested URL returned error: 403
The requested URL returned error: 403
The requested URL returned error: 403
The requested URL returned error: 403
The requested URL returned error: 403
The requested URL returned error: 403
The requested URL returned error: 403
The requested URL returned error: 403
The requested URL returned error: 403
The requested URL returned error: 403
The requested URL returned error: 403
The requested URL returned error: 403
The requested URL returned error: 403
The requested URL returned error: 40
Downloaded: 0 file(s) [attempted 562/6641 = 8%], 562 failed
Downloaded: 0 file(s) [attempted 591/6641 = 8%], 591 failed
Downloaded: 0 file(s) [attempted 603/6641 = 9%], 603 failed
Downloaded: 0 file(s) [attempted 633/6641 = 9%], 633 failed3
The requested URL returned error: 403
The requested URL returned error: 403
The requested URL returned error: 403
The requested URL returned error: 403
The requested URL returned error: 403
The requested URL returned error: 403
The requested URL returned error: 403
The requested URL returned error: 403
The requested URL returned error: 403
The requested URL returned error: 403
The requested URL returned error: 403
The requested URL returned error: 403
The requested URL returned error: 403
The requested URL returned error: 403
The requested URL returned error: 403
The requested URL returned error: 403
The requested URL returned error: 403
The requested URL returned error: 403
The requested URL returned error: 403
The requested URL returned error: 403
The requested URL returned error: 403
The requested URL returned error: 403
The requested URL returned error: 403
The requested URL returned error: 403
The requested URL returned error: 403
The requested URL returned error: 403
The requested URL returned error: 403
The requested URL returned error: 403
The requested URL returned error: 403
The requested URL returned error: 403
The requested URL returned error: 403
The requested URL returned error: 403
The requested URL returned error: 403
The requested URL returned error: 403
The requested URL returned error: 403
The requested URL returned error: 403
The requested URL returned error: 403
The requested URL returned error: 403
The requested URL returned error: 403
The requested URL returned error: 403
The requested URL returned error: 403
The requested URL returned error: 403
The requested URL returned error: 403
The requested URL returned error: 403
The requested URL returned error: 403
The requested URL returned error: 403
The requested URL returned error: 403
The requested URL returned error: 403
The requested URL returned error: 403
The requested URL returned error: 403
The requested URL returned error: 403
The requested URL returned error: 403
The requested URL returned error: 403
The requested URL returned error: 403
The requested URL returned error: 403
The requested URL returned error: 403
The requested URL returned error: 403
The requested URL returned error: 403
The requested URL returned error: 403
The requested URL returned error: 403
The requested URL returned error: 403
The requested URL returned error: 403
The requested URL returned error: 403
The requested URL returned error: 403
The requested URL returned error: 403
The requested URL returned error: 403
The requested URL returned error: 403
The requested URL returned error: 403
The requested URL returned error: 403
The requested URL returned error: 403
The requested URL returned error: 403
The requested URL returned error: 403
The requested URL returned error: 403
The requested URL returned error: 403
The requested URL returned error: 403
The requested URL returned error: 403
The requested URL returned error: 403
The requested URL returned error: 403
The requested URL returned error: 403
The requested URL returned error: 403
The requested URL returned error: 403
The requested URL returned error: 403
The requested URL returned error: 403
The requested URL returned error: 403
The requested URL returned error: 403
The requested URL returned error: 403
The requested URL returned error: 403
The requested URL returned error: 403
The requested URL returned error: 403
The requested URL returned error: 403
The requested URL returned error: 403
The requested URL returned error: 403
The requested URL returned error: 403
The requested URL returned error: 403
The requested URL returned error: 403
The requested URL returned error: 403
The requested URL returned error: 403
The requested URL returned error: 403
The requested URL returned error: 403
The requested URL returned error: 403
The requested URL returned error: 403
The requested URL returned error: 403
The requested URL returned error: 403
The requested URL returned error: 403
The requested URL returned error: 403
The requested URL returned error: 403
The requested URL returned error: 403
The requested URL returned e
Downloaded: 0 file(s) [attempted 665/6641 = 10%], 665 failed
Downloaded: 0 file(s) [attempted 697/6641 = 10%], 697 failed
Downloaded: 0 file(s) [attempted 726/6641 = 10%], 726 failedrror: 403
The requested URL returned error: 403
The requested URL returned error: 403
The requested URL returned error: 403
The requested URL returned error: 403
The requested URL returned error: 403
The requested URL returned error: 403
The requested URL returned error: 403
The requested URL returned error: 403
The requested URL returned error: 403
The requested URL returned error: 403
The requested URL returned error: 403
The requested URL returned error: 403
The requested URL returned error: 403
The requested URL returned error: 403
The requested URL returned error: 403
The requested URL returned error: 403
The requested URL returned error: 403
The requested URL returned error: 403
The requested URL returned error: 403
The requested URL returned error: 403
The requested URL returned error: 403
The requested URL returned error: 403
The requested URL returned error: 403
The requested URL returned error: 403
The requested URL returned error: 403
The requested URL returned error: 403
The requested URL returned error: 403
The requested URL returned error: 403
The requested URL returned error: 403
The requested URL returned error: 403
The requested URL returned error: 403
The requested URL returned error: 403
The requested URL returned error: 403
The requested URL returned error: 403
The requested URL returned error: 403
The requested URL returned error: 403
The requested URL returned error: 403
The requested URL returned error: 403
The requested URL returned error: 403
The requested URL returned error: 403
The requested URL returned error: 403
The requested URL returned error: 403
The requested URL returned error: 403
The requested URL returned error: 403
The requested URL returned error: 403
The requested URL returned error: 403
The requested URL returned error: 403
The requested URL returned error: 403
The requested URL returned error: 403
The requested URL returned error: 403
The requested URL returned error: 403
The requested URL returned error: 403
The requested URL returned error: 403
The requested URL returned error: 403
The requested URL returned error: 403
The requested URL returned error: 403
The requested URL returned error: 403
The requested URL returned error: 403
The requested URL returned error: 403
The requested URL returned error: 403
The requested URL returned error: 403
The requested URL returned error: 403
The requested URL returned error: 403
The requested URL returned error: 403
The requested URL returned error: 403
The requested URL returned error: 403
The requested URL returned error: 403
The requested URL returned error: 403
The requested URL returned error: 403
The requested URL returned error: 403
The requested URL returned error: 403
The requested URL returned error: 403
The requested URL returned error: 403
The requested URL returned error: 403
The requested URL returned error: 403
The requested URL returned error: 403
The requested URL returned error: 403
The requested URL returned error: 403
The requested URL returned error: 403
The requested URL returned error: 403
The requested URL returned error: 403
The requested URL returned error: 403
The requested URL returned error: 403
The requested URL returned error: 403
The requested URL returned error: 403
The requested URL returned error: 403
The requested URL returned error: 403
The requested URL returned error: 403
The requested URL returned error: 403
The requested URL returned error: 403
The requested URL returned error: 403
The requested URL returned error: 403
The requested URL returned error: 403
The requested URL returned error: 403
The requested URL returned error: 403
The requested URL returned error: 403
The requested URL returned error: 403
The requested URL returned error: 403
The requested URL returned error: 403
The requested URL returned error: 403
The requested URL returned error: 403
The requested URL returned error: 403
The requested URL returned error: 403
The requested URL returned error: 403
The requested URL returned error: 403
The requested URL returned error: 403
The requested URL returned error: 403
The requested URL re
Downloaded: 0 file(s) [attempted 758/6641 = 11%], 758 failed
Downloaded: 0 file(s) [attempted 790/6641 = 11%], 790 failed
Downloaded: 0 file(s) [attempted 824/6641 = 12%], 824 failed
Downloaded: 0 file(s) [attempted 856/6641 = 12%], 856 failedturned error: 403
The requested URL returned error: 403
The requested URL returned error: 403
The requested URL returned error: 403
The requested URL returned error: 403
The requested URL returned error: 403
The requested URL returned error: 403
The requested URL returned error: 403
The requested URL returned error: 403
The requested URL returned error: 403
The requested URL returned error: 403
The requested URL returned error: 403
The requested URL returned error: 403
The requested URL returned error: 403
The requested URL returned error: 403
The requested URL returned error: 403
The requested URL returned error: 403
The requested URL returned error: 403
The requested URL returned error: 403
The requested URL returned error: 403
The requested URL returned error: 403
The requested URL returned error: 403
The requested URL returned error: 403
The requested URL returned error: 403
The requested URL returned error: 403
The requested URL returned error: 403
The requested URL returned error: 403
The requested URL returned error: 403
The requested URL returned error: 403
The requested URL returned error: 403
The requested URL returned error: 403
The requested URL returned error: 403
The requested URL returned error: 403
The requested URL returned error: 403
The requested URL returned error: 403
The requested URL returned error: 403
The requested URL returned error: 403
The requested URL returned error: 403
The requested URL returned error: 403
The requested URL returned error: 403
The requested URL returned error: 403
The requested URL returned error: 403
The requested URL returned error: 403
The requested URL returned error: 403
The requested URL returned error: 403
The requested URL returned error: 403
The requested URL returned error: 403
The requested URL returned error: 403
The requested URL returned error: 403
The requested URL returned error: 403
The requested URL returned error: 403
The requested URL returned error: 403
The requested URL returned error: 403
The requested URL returned error: 403
The requested URL returned error: 403
The requested URL returned error: 403
The requested URL returned error: 403
The requested URL returned error: 403
The requested URL returned error: 403
The requested URL returned error: 403
The requested URL returned error: 403
The requested URL returned error: 403
The requested URL returned error: 403
The requested URL returned error: 403
The requested URL returned error: 403
The requested URL returned error: 403
The requested URL returned error: 403
The requested URL returned error: 403
The requested URL returned error: 403
The requested URL returned error: 403
The requested URL returned error: 403
The requested URL returned error: 403
The requested URL returned error: 403
The requested URL returned error: 403
The requested URL returned error: 403
The requested URL returned error: 403
The requested URL returned error: 403
The requested URL returned error: 403
The requested URL returned error: 403
The requested URL returned error: 403
The requested URL returned error: 403
The requested URL returned error: 403
The requested URL returned error: 403
The requested URL returned error: 403
The requested URL returned error: 403
The requested URL returned error: 403
The requested URL returned error: 403
The requested URL returned error: 403
The requested URL returned error: 403
The requested URL returned error: 403
The requested URL returned error: 403
The requested URL returned error: 403
The requested URL returned error: 403
The requested URL returned error: 403
The requested URL returned error: 403
The requested URL returned error: 403
The requested URL returned error: 403
The requested URL returned error: 403
The requested URL returned error: 403
The requested URL returned error: 403
The requested URL returned error: 403
The requested URL returned error: 403
The requested URL returned error: 403
The requested URL returned error: 403
The requested URL returned error: 403
The requested URL returned error: 403
The requested URL returned error: 403
The requested URL returned error: 403
The requeste
Downloaded: 0 file(s) [attempted 891/6641 = 13%], 891 failed
Downloaded: 0 file(s) [attempted 927/6641 = 13%], 927 failed
Downloaded: 0 file(s) [attempted 957/6641 = 14%], 957 failedd URL returned error: 403
The requested URL returned error: 403
The requested URL returned error: 403
The requested URL returned error: 403
The requested URL returned error: 403
The requested URL returned error: 403
The requested URL returned error: 403
The requested URL returned error: 403
The requested URL returned error: 403
The requested URL returned error: 403
The requested URL returned error: 403
The requested URL returned error: 403
The requested URL returned error: 403
The requested URL returned error: 403
The requested URL returned error: 403
The requested URL returned error: 403
The requested URL returned error: 403
The requested URL returned error: 403
The requested URL returned error: 403
The requested URL returned error: 403
The requested URL returned error: 403
The requested URL returned error: 403
The requested URL returned error: 403
The requested URL returned error: 403
The requested URL returned error: 403
The requested URL returned error: 403
The requested URL returned error: 403
The requested URL returned error: 403
The requested URL returned error: 403
The requested URL returned error: 403
The requested URL returned error: 403
The requested URL returned error: 403
The requested URL returned error: 403
The requested URL returned error: 403
The requested URL returned error: 403
The requested URL returned error: 403
The requested URL returned error: 403
The requested URL returned error: 403
The requested URL returned error: 403
The requested URL returned error: 403
The requested URL returned error: 403
The requested URL returned error: 403
The requested URL returned error: 403
The requested URL returned error: 403
The requested URL returned error: 403
The requested URL returned error: 403
The requested URL returned error: 403
The requested URL returned error: 403
The requested URL returned error: 403
The requested URL returned error: 403
The requested URL returned error: 403
The requested URL returned error: 403
The requested URL returned error: 403
The requested URL returned error: 403
The requested URL returned error: 403
The requested URL returned error: 403
The requested URL returned error: 403
The requested URL returned error: 403
The requested URL returned error: 403
The requested URL returned error: 403
The requested URL returned error: 403
The requested URL returned error: 403
The requested URL returned error: 403
The requested URL returned error: 403
The requested URL returned error: 403
The requested URL returned error: 403
The requested URL returned error: 403
The requested URL returned error: 403
The requested URL returned error: 403
The requested URL returned error: 403
The requested URL returned error: 403
The requested URL returned error: 403
The requested URL returned error: 403
The requested URL returned error: 403
The requested URL returned error: 403
The requested URL returned error: 403
The requested URL returned error: 403
The requested URL returned error: 403
The requested URL returned error: 403
The requested URL returned error: 403
The requested URL returned error: 403
The requested URL returned error: 403
The requested URL returned error: 403
The requested URL returned error: 403
The requested URL returned error: 403
The requested URL returned error: 403
The requested URL returned error: 403
The requested URL returned error: 403
The requested URL returned error: 403
The requested URL returned error: 403
The requested URL returned error: 403
The requested URL returned error: 403
The requested URL returned error: 403
The requested URL returned error: 403
The requested URL returned error: 403
The requested URL returned error: 403
The requested URL returned error: 403
The requested URL returned error: 403
The requested URL returned error: 403
The requested URL returned error: 403
The requested URL returned error: 403
The requested URL returned error: 403
The requested URL returned error: 403
The requested URL returned error: 403
The requested URL returned error: 403
The requested URL returned error: 403
The requested URL returned error: 403
The requested URL returned error: 403
The
Downloaded: 0 file(s) [attempted 991/6641 = 14%], 991 failed
Downloaded: 0 file(s) [attempted 1021/6641 = 15%], 1021 failed
Downloaded: 0 file(s) [attempted 1050/6641 = 15%], 1050 failed
Downloaded: 0 file(s) [attempted 1075/6641 = 16%], 1075 failedrequested URL returned error: 403
The requested URL returned error: 403
The requested URL returned error: 403
The requested URL returned error: 403
The requested URL returned error: 403
The requested URL returned error: 403
The requested URL returned error: 403
The requested URL returned error: 403
The requested URL returned error: 403
The requested URL returned error: 403
The requested URL returned error: 403
The requested URL returned error: 403
The requested URL returned error: 403
The requested URL returned error: 403
The requested URL returned error: 403
The requested URL returned error: 403
The requested URL returned error: 403
The requested URL returned error: 403
The requested URL returned error: 403
The requested URL returned error: 403
The requested URL returned error: 403
The requested URL returned error: 403
The requested URL returned error: 403
The requested URL returned error: 403
The requested URL returned error: 403
The requested URL returned error: 403
The requested URL returned error: 403
The requested URL returned error: 403
The requested URL returned error: 403
The requested URL returned error: 403
The requested URL returned error: 403
The requested URL returned error: 403
The requested URL returned error: 403
The requested URL returned error: 403
The requested URL returned error: 403
The requested URL returned error: 403
The requested URL returned error: 403
The requested URL returned error: 403
The requested URL returned error: 403
The requested URL returned error: 403
The requested URL returned error: 403
The requested URL returned error: 403
The requested URL returned error: 403
The requested URL returned error: 403
The requested URL returned error: 403
The requested URL returned error: 403
The requested URL returned error: 403
The requested URL returned error: 403
The requested URL returned error: 403
The requested URL returned error: 403
The requested URL returned error: 403
The requested URL returned error: 403
The requested URL returned error: 403
The requested URL returned error: 403
The requested URL returned error: 403
The requested URL returned error: 403
The requested URL returned error: 403
The requested URL returned error: 403
The requested URL returned error: 403
The requested URL returned error: 403
The requested URL returned error: 403
The requested URL returned error: 403
The requested URL returned error: 403
The requested URL returned error: 403
The requested URL returned error: 403
The requested URL returned error: 403
The requested URL returned error: 403
The requested URL returned error: 403
The requested URL returned error: 403
The requested URL returned error: 403
The requested URL returned error: 403
The requested URL returned error: 403
The requested URL returned error: 403
The requested URL returned error: 403
The requested URL returned error: 403
The requested URL returned error: 403
The requested URL returned error: 403
The requested URL returned error: 403
The requested URL returned error: 403
The requested URL returned error: 403
The requested URL returned error: 403
The requested URL returned error: 403
The requested URL returned error: 403
The requested URL returned error: 403
The requested URL returned error: 403
The requested URL returned error: 403
The requested URL returned error: 403
The requested URL returned error: 403
The requested URL returned error: 403
The requested URL returned error: 403
The requested URL returned error: 403
The requested URL returned error: 403
The requested URL returned error: 403
The requested URL returned error: 403
The requested URL returned error: 403
The requested URL returned error: 403
The requested URL returned error: 403
The requested URL returned error: 403
The requested URL returned error: 403
The requested URL returned error: 403
The requested URL returned error: 403
The requested URL returned error: 403
The requested URL returned error: 403
The requested URL returned error: 403
The requested URL returned error: 403
The requested URL returned error: 403
The requested URL returned error: 403
The requested URL returned error:
Downloaded: 0 file(s) [attempted 1107/6641 = 16%], 1107 failed
Downloaded: 0 file(s) [attempted 1144/6641 = 17%], 1144 failed
Downloaded: 0 file(s) [attempted 1173/6641 = 17%], 1173 failed403
The requested URL returned error: 403
The requested URL returned error: 403
The requested URL returned error: 403
The requested URL returned error: 403
The requested URL returned error: 403
The requested URL returned error: 403
The requested URL returned error: 403
The requested URL returned error: 403
The requested URL returned error: 403
The requested URL returned error: 403
The requested URL returned error: 403
The requested URL returned error: 403
The requested URL returned error: 403
The requested URL returned error: 403
The requested URL returned error: 403
The requested URL returned error: 403
The requested URL returned error: 403
The requested URL returned error: 403
The requested URL returned error: 403
The requested URL returned error: 403
The requested URL returned error: 403
The requested URL returned error: 403
The requested URL returned error: 403
The requested URL returned error: 403
The requested URL returned error: 403
The requested URL returned error: 403
The requested URL returned error: 403
The requested URL returned error: 403
The requested URL returned error: 403
The requested URL returned error: 403
The requested URL returned error: 403
The requested URL returned error: 403
The requested URL returned error: 403
The requested URL returned error: 403
The requested URL returned error: 403
The requested URL returned error: 403
The requested URL returned error: 403
The requested URL returned error: 403
The requested URL returned error: 403
The requested URL returned error: 403
The requested URL returned error: 403
The requested URL returned error: 403
The requested URL returned error: 403
The requested URL returned error: 403
The requested URL returned error: 403
The requested URL returned error: 403
The requested URL returned error: 403
The requested URL returned error: 403
The requested URL returned error: 403
The requested URL returned error: 403
The requested URL returned error: 403
The requested URL returned error: 403
The requested URL returned error: 403
The requested URL returned error: 403
The requested URL returned error: 403
The requested URL returned error: 403
The requested URL returned error: 403
The requested URL returned error: 403
The requested URL returned error: 403
The requested URL returned error: 403
The requested URL returned error: 403
The requested URL returned error: 403
The requested URL returned error: 403
The requested URL returned error: 403
The requested URL returned error: 403
The requested URL returned error: 403
The requested URL returned error: 403
The requested URL returned error: 403
The requested URL returned error: 403
The requested URL returned error: 403
The requested URL returned error: 403
The requested URL returned error: 403
The requested URL returned error: 403
The requested URL returned error: 403
The requested URL returned error: 403
The requested URL returned error: 403
The requested URL returned error: 403
The requested URL returned error: 403
The requested URL returned error: 403
The requested URL returned error: 403
The requested URL returned error: 403
The requested URL returned error: 403
The requested URL returned error: 403
The requested URL returned error: 403
The requested URL returned error: 403
The requested URL returned error: 403
The requested URL returned error: 403
The requested URL returned error: 403
The requested URL returned error: 403
The requested URL returned error: 403
The requested URL returned error: 403
The requested URL returned error: 403
The requested URL returned error: 403
The requested URL returned error: 403
The requested URL returned error: 403
The requested URL returned error: 403
The requested URL returned error: 403
The requested URL returned error: 403
The requested URL returned error: 403
The requested URL returned error: 403
The requested URL returned error: 403
The requested URL returned error: 403
The requested URL returned error: 403
The requested URL returned error: 403
The requested URL returned error: 403
The requested URL returned error: 403
The requested URL returned error: 403
The requested URL returned
Downloaded: 0 file(s) [attempted 1207/6641 = 18%], 1207 failed
Downloaded: 0 file(s) [attempted 1242/6641 = 18%], 1242 failed
Downloaded: 0 file(s) [attempted 1274/6641 = 19%], 1274 failed error: 403
The requested URL returned error: 403
The requested URL returned error: 403
The requested URL returned error: 403
The requested URL returned error: 403
The requested URL returned error: 403
The requested URL returned error: 403
The requested URL returned error: 403
The requested URL returned error: 403
The requested URL returned error: 403
The requested URL returned error: 403
The requested URL returned error: 403
The requested URL returned error: 403
The requested URL returned error: 403
The requested URL returned error: 403
The requested URL returned error: 403
The requested URL returned error: 403
The requested URL returned error: 403
The requested URL returned error: 403
The requested URL returned error: 403
The requested URL returned error: 403
The requested URL returned error: 403
The requested URL returned error: 403
The requested URL returned error: 403
The requested URL returned error: 403
The requested URL returned error: 403
The requested URL returned error: 403
The requested URL returned error: 403
The requested URL returned error: 403
The requested URL returned error: 403
The requested URL returned error: 403
The requested URL returned error: 403
The requested URL returned error: 403
The requested URL returned error: 403
The requested URL returned error: 403
The requested URL returned error: 403
The requested URL returned error: 403
The requested URL returned error: 403
The requested URL returned error: 403
The requested URL returned error: 403
The requested URL returned error: 403
The requested URL returned error: 403
The requested URL returned error: 403
The requested URL returned error: 403
The requested URL returned error: 403
The requested URL returned error: 403
The requested URL returned error: 403
The requested URL returned error: 403
The requested URL returned error: 403
The requested URL returned error: 403
The requested URL returned error: 403
The requested URL returned error: 403
The requested URL returned error: 403
The requested URL returned error: 403
The requested URL returned error: 403
The requested URL returned error: 403
The requested URL returned error: 403
The requested URL returned error: 403
The requested URL returned error: 403
The requested URL returned error: 403
The requested URL returned error: 403
The requested URL returned error: 403
The requested URL returned error: 403
The requested URL returned error: 403
The requested URL returned error: 403
The requested URL returned error: 403
The requested URL returned error: 403
The requested URL returned error: 403
The requested URL returned error: 403
The requested URL returned error: 403
The requested URL returned error: 403
The requested URL returned error: 403
The requested URL returned error: 403
The requested URL returned error: 403
The requested URL returned error: 403
The requested URL returned error: 403
The requested URL returned error: 403
The requested URL returned error: 403
The requested URL returned error: 403
The requested URL returned error: 403
The requested URL returned error: 403
The requested URL returned error: 403
The requested URL returned error: 403
The requested URL returned error: 403
The requested URL returned error: 403
The requested URL returned error: 403
The requested URL returned error: 403
The requested URL returned error: 403
The requested URL returned error: 403
The requested URL returned error: 403
The requested URL returned error: 403
The requested URL returned error: 403
The requested URL returned error: 403
The requested URL returned error: 403
The requested URL returned error: 403
The requested URL returned error: 403
The requested URL returned error: 403
The requested URL returned error: 403
The requested URL returned error: 403
The requested URL returned error: 403
The requested URL returned error: 403
The requested URL returned error: 403
The requested URL returned error: 403
The requested URL returned error: 403
The requested URL returned error: 403
The requested URL returned error: 403
The requested URL returned error: 403
The requested URL returned error: 403
The requested URL
Downloaded: 0 file(s) [attempted 1308/6641 = 19%], 1308 failed
Downloaded: 0 file(s) [attempted 1340/6641 = 20%], 1340 failed
Downloaded: 0 file(s) [attempted 1371/6641 = 20%], 1371 failed
Downloaded: 0 file(s) [attempted 1401/6641 = 21%], 1401 failedreturned error: 403
The requested URL returned error: 403
The requested URL returned error: 403
The requested URL returned error: 403
The requested URL returned error: 403
The requested URL returned error: 403
The requested URL returned error: 403
The requested URL returned error: 403
The requested URL returned error: 403
The requested URL returned error: 403
The requested URL returned error: 403
The requested URL returned error: 403
The requested URL returned error: 403
The requested URL returned error: 403
The requested URL returned error: 403
The requested URL returned error: 403
The requested URL returned error: 403
The requested URL returned error: 403
The requested URL returned error: 403
The requested URL returned error: 403
The requested URL returned error: 403
The requested URL returned error: 403
The requested URL returned error: 403
The requested URL returned error: 403
The requested URL returned error: 403
The requested URL returned error: 403
The requested URL returned error: 403
The requested URL returned error: 403
The requested URL returned error: 403
The requested URL returned error: 403
The requested URL returned error: 403
The requested URL returned error: 403
The requested URL returned error: 403
The requested URL returned error: 403
The requested URL returned error: 403
The requested URL returned error: 403
The requested URL returned error: 403
The requested URL returned error: 403
The requested URL returned error: 403
The requested URL returned error: 403
The requested URL returned error: 403
The requested URL returned error: 403
The requested URL returned error: 403
The requested URL returned error: 403
The requested URL returned error: 403
The requested URL returned error: 403
The requested URL returned error: 403
The requested URL returned error: 403
The requested URL returned error: 403
The requested URL returned error: 403
The requested URL returned error: 403
The requested URL returned error: 403
The requested URL returned error: 403
The requested URL returned error: 403
The requested URL returned error: 403
The requested URL returned error: 403
The requested URL returned error: 403
The requested URL returned error: 403
The requested URL returned error: 403
The requested URL returned error: 403
The requested URL returned error: 403
The requested URL returned error: 403
The requested URL returned error: 403
The requested URL returned error: 403
The requested URL returned error: 403
The requested URL returned error: 403
The requested URL returned error: 403
The requested URL returned error: 403
The requested URL returned error: 403
The requested URL returned error: 403
The requested URL returned error: 403
The requested URL returned error: 403
The requested URL returned error: 403
The requested URL returned error: 403
The requested URL returned error: 403
The requested URL returned error: 403
The requested URL returned error: 403
The requested URL returned error: 403
The requested URL returned error: 403
The requested URL returned error: 403
The requested URL returned error: 403
The requested URL returned error: 403
The requested URL returned error: 403
The requested URL returned error: 403
The requested URL returned error: 403
The requested URL returned error: 403
The requested URL returned error: 403
The requested URL returned error: 403
The requested URL returned error: 403
The requested URL returned error: 403
The requested URL returned error: 403
The requested URL returned error: 403
The requested URL returned error: 403
The requested URL returned error: 403
The requested URL returned error: 403
The requested URL returned error: 403
The requested URL returned error: 403
The requested URL returned error: 403
The requested URL returned error: 403
The requested URL returned error: 403
The requested URL returned error: 403
The requested URL returned error: 403
The requested URL returned error: 403
The requested URL returned error: 403
The requested URL returned error: 403
The requested URL returned error: 403
The requested URL returned error: 403
The requested URL returned error: 403
The reques
Downloaded: 0 file(s) [attempted 1431/6641 = 21%], 1431 failed
Downloaded: 0 file(s) [attempted 1467/6641 = 22%], 1467 failed
Downloaded: 0 file(s) [attempted 1499/6641 = 22%], 1499 failedted URL returned error: 403
The requested URL returned error: 403
The requested URL returned error: 403
The requested URL returned error: 403
The requested URL returned error: 403
The requested URL returned error: 403
The requested URL returned error: 403
The requested URL returned error: 403
The requested URL returned error: 403
The requested URL returned error: 403
The requested URL returned error: 403
The requested URL returned error: 403
The requested URL returned error: 403
The requested URL returned error: 403
The requested URL returned error: 403
The requested URL returned error: 403
The requested URL returned error: 403
The requested URL returned error: 403
The requested URL returned error: 403
The requested URL returned error: 403
The requested URL returned error: 403
The requested URL returned error: 403
The requested URL returned error: 403
The requested URL returned error: 403
The requested URL returned error: 403
The requested URL returned error: 403
The requested URL returned error: 403
The requested URL returned error: 403
The requested URL returned error: 403
The requested URL returned error: 403
The requested URL returned error: 403
The requested URL returned error: 403
The requested URL returned error: 403
The requested URL returned error: 403
The requested URL returned error: 403
The requested URL returned error: 403
The requested URL returned error: 403
The requested URL returned error: 403
The requested URL returned error: 403
The requested URL returned error: 403
The requested URL returned error: 403
The requested URL returned error: 403
The requested URL returned error: 403
The requested URL returned error: 403
The requested URL returned error: 403
The requested URL returned error: 403
The requested URL returned error: 403
The requested URL returned error: 403
The requested URL returned error: 403
The requested URL returned error: 403
The requested URL returned error: 403
The requested URL returned error: 403
The requested URL returned error: 403
The requested URL returned error: 403
The requested URL returned error: 403
The requested URL returned error: 403
The requested URL returned error: 403
The requested URL returned error: 403
The requested URL returned error: 403
The requested URL returned error: 403
The requested URL returned error: 403
The requested URL returned error: 403
The requested URL returned error: 403
The requested URL returned error: 403
The requested URL returned error: 403
The requested URL returned error: 403
The requested URL returned error: 403
The requested URL returned error: 403
The requested URL returned error: 403
The requested URL returned error: 403
The requested URL returned error: 403
The requested URL returned error: 403
The requested URL returned error: 403
The requested URL returned error: 403
The requested URL returned error: 403
The requested URL returned error: 403
The requested URL returned error: 403
The requested URL returned error: 403
The requested URL returned error: 403
The requested URL returned error: 403
The requested URL returned error: 403
The requested URL returned error: 403
The requested URL returned error: 403
The requested URL returned error: 403
The requested URL returned error: 403
The requested URL returned error: 403
The requested URL returned error: 403
The requested URL returned error: 403
The requested URL returned error: 403
The requested URL returned error: 403
The requested URL returned error: 403
The requested URL returned error: 403
The requested URL returned error: 403
The requested URL returned error: 403
The requested URL returned error: 403
The requested URL returned error: 403
The requested URL returned error: 403
The requested URL returned error: 403
The requested URL returned error: 403
The requested URL returned error: 403
The requested URL returned error: 403
The requested URL returned error: 403
The requested URL returned error: 403
The requested URL returned error: 403
The requested URL returned error: 403
The requested URL returned error: 403
The requested URL returned error: 403
The requested URL returned error: 403
Th
Downloaded: 0 file(s) [attempted 1531/6641 = 23%], 1531 failed
Downloaded: 0 file(s) [attempted 1558/6641 = 23%], 1558 failed
Downloaded: 0 file(s) [attempted 1581/6641 = 23%], 1581 failed
Downloaded: 0 file(s) [attempted 1611/6641 = 24%], 1611 failede requested URL returned error: 403
The requested URL returned error: 403
The requested URL returned error: 403
The requested URL returned error: 403
The requested URL returned error: 403
The requested URL returned error: 403
The requested URL returned error: 403
The requested URL returned error: 403
The requested URL returned error: 403
The requested URL returned error: 403
The requested URL returned error: 403
The requested URL returned error: 403
The requested URL returned error: 403
The requested URL returned error: 403
The requested URL returned error: 403
The requested URL returned error: 403
The requested URL returned error: 403
The requested URL returned error: 403
The requested URL returned error: 403
The requested URL returned error: 403
The requested URL returned error: 403
The requested URL returned error: 403
The requested URL returned error: 403
The requested URL returned error: 403
The requested URL returned error: 403
The requested URL returned error: 403
The requested URL returned error: 403
The requested URL returned error: 403
The requested URL returned error: 403
The requested URL returned error: 403
The requested URL returned error: 403
The requested URL returned error: 403
The requested URL returned error: 403
The requested URL returned error: 403
The requested URL returned error: 403
The requested URL returned error: 403
The requested URL returned error: 403
The requested URL returned error: 403
The requested URL returned error: 403
The requested URL returned error: 403
The requested URL returned error: 403
The requested URL returned error: 403
The requested URL returned error: 403
The requested URL returned error: 403
The requested URL returned error: 403
The requested URL returned error: 403
The requested URL returned error: 403
The requested URL returned error: 403
The requested URL returned error: 403
The requested URL returned error: 403
The requested URL returned error: 403
The requested URL returned error: 403
The requested URL returned error: 403
The requested URL returned error: 403
The requested URL returned error: 403
The requested URL returned error: 403
The requested URL returned error: 403
The requested URL returned error: 403
The requested URL returned error: 403
The requested URL returned error: 403
The requested URL returned error: 403
The requested URL returned error: 403
The requested URL returned error: 403
The requested URL returned error: 403
The requested URL returned error: 403
The requested URL returned error: 403
The requested URL returned error: 403
The requested URL returned error: 403
The requested URL returned error: 403
The requested URL returned error: 403
The requested URL returned error: 403
The requested URL returned error: 403
The requested URL returned error: 403
The requested URL returned error: 403
The requested URL returned error: 403
The requested URL returned error: 403
The requested URL returned error: 403
The requested URL returned error: 403
The requested URL returned error: 403
The requested URL returned error: 403
The requested URL returned error: 403
The requested URL returned error: 403
The requested URL returned error: 403
The requested URL returned error: 403
The requested URL returned error: 403
The requested URL returned error: 403
The requested URL returned error: 403
The requested URL returned error: 403
The requested URL returned error: 403
The requested URL returned error: 403
The requested URL returned error: 403
The requested URL returned error: 403
The requested URL returned error: 403
The requested URL returned error: 403
The requested URL returned error: 403
The requested URL returned error: 403
The requested URL returned error: 403
The requested URL returned error: 403
The requested URL returned error: 403
The requested URL returned error: 403
The requested URL returned error: 403
The requested URL returned error: 403
The requested URL returned error: 403
The requested URL returned error: 403
The requested URL returned error: 403
The requested URL returned error: 403
The requested URL returned error: 403
The requested URL returned error
Downloaded: 0 file(s) [attempted 1643/6641 = 24%], 1643 failed
Downloaded: 0 file(s) [attempted 1677/6641 = 25%], 1677 failed
Downloaded: 0 file(s) [attempted 1709/6641 = 25%], 1709 failed: 403
The requested URL returned error: 403
The requested URL returned error: 403
The requested URL returned error: 403
The requested URL returned error: 403
The requested URL returned error: 403
The requested URL returned error: 403
The requested URL returned error: 403
The requested URL returned error: 403
The requested URL returned error: 403
The requested URL returned error: 403
The requested URL returned error: 403
The requested URL returned error: 403
The requested URL returned error: 403
The requested URL returned error: 403
The requested URL returned error: 403
The requested URL returned error: 403
The requested URL returned error: 403
The requested URL returned error: 403
The requested URL returned error: 403
The requested URL returned error: 403
The requested URL returned error: 403
The requested URL returned error: 403
The requested URL returned error: 403
The requested URL returned error: 403
The requested URL returned error: 403
The requested URL returned error: 403
The requested URL returned error: 403
The requested URL returned error: 403
The requested URL returned error: 403
The requested URL returned error: 403
The requested URL returned error: 403
The requested URL returned error: 403
The requested URL returned error: 403
The requested URL returned error: 403
The requested URL returned error: 403
The requested URL returned error: 403
The requested URL returned error: 403
The requested URL returned error: 403
The requested URL returned error: 403
The requested URL returned error: 403
The requested URL returned error: 403
The requested URL returned error: 403
The requested URL returned error: 403
The requested URL returned error: 403
The requested URL returned error: 403
The requested URL returned error: 403
The requested URL returned error: 403
The requested URL returned error: 403
The requested URL returned error: 403
The requested URL returned error: 403
The requested URL returned error: 403
The requested URL returned error: 403
The requested URL returned error: 403
The requested URL returned error: 403
The requested URL returned error: 403
The requested URL returned error: 403
The requested URL returned error: 403
The requested URL returned error: 403
The requested URL returned error: 403
The requested URL returned error: 403
The requested URL returned error: 403
The requested URL returned error: 403
The requested URL returned error: 403
The requested URL returned error: 403
The requested URL returned error: 403
The requested URL returned error: 403
The requested URL returned error: 403
The requested URL returned error: 403
The requested URL returned error: 403
The requested URL returned error: 403
The requested URL returned error: 403
The requested URL returned error: 403
The requested URL returned error: 403
The requested URL returned error: 403
The requested URL returned error: 403
The requested URL returned error: 403
The requested URL returned error: 403
The requested URL returned error: 403
The requested URL returned error: 403
The requested URL returned error: 403
The requested URL returned error: 403
The requested URL returned error: 403
The requested URL returned error: 403
The requested URL returned error: 403
The requested URL returned error: 403
The requested URL returned error: 403
The requested URL returned error: 403
The requested URL returned error: 403
The requested URL returned error: 403
The requested URL returned error: 403
The requested URL returned error: 403
The requested URL returned error: 403
The requested URL returned error: 403
The requested URL returned error: 403
The requested URL returned error: 403
The requested URL returned error: 403
The requested URL returned error: 403
The requested URL returned error: 403
The requested URL returned error: 403
The requested URL returned error: 403
The requested URL returned error: 403
The requested URL returned error: 403
The requested URL returned error: 403
The requested URL returned error: 403
The requested URL returned error: 403
The requested URL returned error: 403
The requested URL returned error: 403
The requested URL return
Downloaded: 0 file(s) [attempted 1736/6641 = 26%], 1736 failed
Downloaded: 0 file(s) [attempted 1771/6641 = 26%], 1771 failed
Downloaded: 0 file(s) [attempted 1800/6641 = 27%], 1800 faileded error: 403
The requested URL returned error: 403
The requested URL returned error: 403
The requested URL returned error: 403
The requested URL returned error: 403
The requested URL returned error: 403
The requested URL returned error: 403
The requested URL returned error: 403
The requested URL returned error: 403
The requested URL returned error: 403
The requested URL returned error: 403
The requested URL returned error: 403
The requested URL returned error: 403
The requested URL returned error: 403
The requested URL returned error: 403
The requested URL returned error: 403
The requested URL returned error: 403
The requested URL returned error: 403
The requested URL returned error: 403
The requested URL returned error: 403
The requested URL returned error: 403
The requested URL returned error: 403
The requested URL returned error: 403
The requested URL returned error: 403
The requested URL returned error: 403
The requested URL returned error: 403
The requested URL returned error: 403
The requested URL returned error: 403
The requested URL returned error: 403
The requested URL returned error: 403
The requested URL returned error: 403
The requested URL returned error: 403
The requested URL returned error: 403
The requested URL returned error: 403
The requested URL returned error: 403
The requested URL returned error: 403
The requested URL returned error: 403
The requested URL returned error: 403
The requested URL returned error: 403
The requested URL returned error: 403
The requested URL returned error: 403
The requested URL returned error: 403
The requested URL returned error: 403
The requested URL returned error: 403
The requested URL returned error: 403
The requested URL returned error: 403
The requested URL returned error: 403
The requested URL returned error: 403
The requested URL returned error: 403
The requested URL returned error: 403
The requested URL returned error: 403
The requested URL returned error: 403
The requested URL returned error: 403
The requested URL returned error: 403
The requested URL returned error: 403
The requested URL returned error: 403
The requested URL returned error: 403
The requested URL returned error: 403
The requested URL returned error: 403
The requested URL returned error: 403
The requested URL returned error: 403
The requested URL returned error: 403
The requested URL returned error: 403
The requested URL returned error: 403
The requested URL returned error: 403
The requested URL returned error: 403
The requested URL returned error: 403
The requested URL returned error: 403
The requested URL returned error: 403
The requested URL returned error: 403
The requested URL returned error: 403
The requested URL returned error: 403
The requested URL returned error: 403
The requested URL returned error: 403
The requested URL returned error: 403
The requested URL returned error: 403
The requested URL returned error: 403
The requested URL returned error: 403
The requested URL returned error: 403
The requested URL returned error: 403
The requested URL returned error: 403
The requested URL returned error: 403
The requested URL returned error: 403
The requested URL returned error: 403
The requested URL returned error: 403
The requested URL returned error: 403
The requested URL returned error: 403
The requested URL returned error: 403
The requested URL returned error: 403
The requested URL returned error: 403
The requested URL returned error: 403
The requested URL returned error: 403
The requested URL returned error: 403
The requested URL returned error: 403
The requested URL returned error: 403
The requested URL returned error: 403
The requested URL returned error: 403
The requested URL returned error: 403
The requested URL returned error: 403
The requested URL returned error: 403
The requested URL returned error: 403
The requested URL returned error: 403
The requested URL returned error: 403
The requested URL returned error: 403
The requested URL returned error: 403
The requested URL returned error: 403
The requested URL returned error: 403
The requested URL returned error: 403
The requested UR
Downloaded: 0 file(s) [attempted 1836/6641 = 27%], 1836 failed
Downloaded: 0 file(s) [attempted 1868/6641 = 28%], 1868 failed
Downloaded: 0 file(s) [attempted 1898/6641 = 28%], 1898 failed
Downloaded: 0 file(s) [attempted 1932/6641 = 29%], 1932 failedL returned error: 403
The requested URL returned error: 403
The requested URL returned error: 403
The requested URL returned error: 403
The requested URL returned error: 403
The requested URL returned error: 403
The requested URL returned error: 403
The requested URL returned error: 403
The requested URL returned error: 403
The requested URL returned error: 403
The requested URL returned error: 403
The requested URL returned error: 403
The requested URL returned error: 403
The requested URL returned error: 403
The requested URL returned error: 403
The requested URL returned error: 403
The requested URL returned error: 403
The requested URL returned error: 403
The requested URL returned error: 403
The requested URL returned error: 403
The requested URL returned error: 403
The requested URL returned error: 403
The requested URL returned error: 403
The requested URL returned error: 403
The requested URL returned error: 403
The requested URL returned error: 403
The requested URL returned error: 403
The requested URL returned error: 403
The requested URL returned error: 403
The requested URL returned error: 403
The requested URL returned error: 403
The requested URL returned error: 403
The requested URL returned error: 403
The requested URL returned error: 403
The requested URL returned error: 403
The requested URL returned error: 403
The requested URL returned error: 403
The requested URL returned error: 403
The requested URL returned error: 403
The requested URL returned error: 403
The requested URL returned error: 403
The requested URL returned error: 403
The requested URL returned error: 403
The requested URL returned error: 403
The requested URL returned error: 403
The requested URL returned error: 403
The requested URL returned error: 403
The requested URL returned error: 403
The requested URL returned error: 403
The requested URL returned error: 403
The requested URL returned error: 403
The requested URL returned error: 403
The requested URL returned error: 403
The requested URL returned error: 403
The requested URL returned error: 403
The requested URL returned error: 403
The requested URL returned error: 403
The requested URL returned error: 403
The requested URL returned error: 403
The requested URL returned error: 403
The requested URL returned error: 403
The requested URL returned error: 403
The requested URL returned error: 403
The requested URL returned error: 403
The requested URL returned error: 403
The requested URL returned error: 403
The requested URL returned error: 403
The requested URL returned error: 403
The requested URL returned error: 403
The requested URL returned error: 403
The requested URL returned error: 403
The requested URL returned error: 403
The requested URL returned error: 403
The requested URL returned error: 403
The requested URL returned error: 403
The requested URL returned error: 403
The requested URL returned error: 403
The requested URL returned error: 403
The requested URL returned error: 403
The requested URL returned error: 403
The requested URL returned error: 403
The requested URL returned error: 403
The requested URL returned error: 403
The requested URL returned error: 403
The requested URL returned error: 403
The requested URL returned error: 403
The requested URL returned error: 403
The requested URL returned error: 403
The requested URL returned error: 403
The requested URL returned error: 403
The requested URL returned error: 403
The requested URL returned error: 403
The requested URL returned error: 403
The requested URL returned error: 403
The requested URL returned error: 403
The requested URL returned error: 403
The requested URL returned error: 403
The requested URL returned error: 403
The requested URL returned error: 403
The requested URL returned error: 403
The requested URL returned error: 403
The requested URL returned error: 403
The requested URL returned error: 403
The requested URL returned error: 403
The requested URL returned error: 403
The requested URL returned error: 403
The requested URL returned error: 403
The requested URL returned error: 403
The requ
Downloaded: 0 file(s) [attempted 1965/6641 = 29%], 1965 failed
Downloaded: 0 file(s) [attempted 1998/6641 = 30%], 1998 failed
Downloaded: 0 file(s) [attempted 2034/6641 = 30%], 2034 failedested URL returned error: 403
The requested URL returned error: 403
The requested URL returned error: 403
The requested URL returned error: 403
The requested URL returned error: 403
The requested URL returned error: 403
The requested URL returned error: 403
The requested URL returned error: 403
The requested URL returned error: 403
The requested URL returned error: 403
The requested URL returned error: 403
The requested URL returned error: 403
The requested URL returned error: 403
The requested URL returned error: 403
The requested URL returned error: 403
The requested URL returned error: 403
The requested URL returned error: 403
The requested URL returned error: 403
The requested URL returned error: 403
The requested URL returned error: 403
The requested URL returned error: 403
The requested URL returned error: 403
The requested URL returned error: 403
The requested URL returned error: 403
The requested URL returned error: 403
The requested URL returned error: 403
The requested URL returned error: 403
The requested URL returned error: 403
The requested URL returned error: 403
The requested URL returned error: 403
The requested URL returned error: 403
The requested URL returned error: 403
The requested URL returned error: 403
The requested URL returned error: 403
The requested URL returned error: 403
The requested URL returned error: 403
The requested URL returned error: 403
The requested URL returned error: 403
The requested URL returned error: 403
The requested URL returned error: 403
The requested URL returned error: 403
The requested URL returned error: 403
The requested URL returned error: 403
The requested URL returned error: 403
The requested URL returned error: 403
The requested URL returned error: 403
The requested URL returned error: 403
The requested URL returned error: 403
The requested URL returned error: 403
The requested URL returned error: 403
The requested URL returned error: 403
The requested URL returned error: 403
The requested URL returned error: 403
The requested URL returned error: 403
The requested URL returned error: 403
The requested URL returned error: 403
The requested URL returned error: 403
The requested URL returned error: 403
The requested URL returned error: 403
The requested URL returned error: 403
The requested URL returned error: 403
The requested URL returned error: 403
The requested URL returned error: 403
The requested URL returned error: 403
The requested URL returned error: 403
The requested URL returned error: 403
The requested URL returned error: 403
The requested URL returned error: 403
The requested URL returned error: 403
The requested URL returned error: 403
The requested URL returned error: 403
The requested URL returned error: 403
The requested URL returned error: 403
The requested URL returned error: 403
The requested URL returned error: 403
The requested URL returned error: 403
The requested URL returned error: 403
The requested URL returned error: 403
The requested URL returned error: 403
The requested URL returned error: 403
The requested URL returned error: 403
The requested URL returned error: 403
The requested URL returned error: 403
The requested URL returned error: 403
The requested URL returned error: 403
The requested URL returned error: 403
The requested URL returned error: 403
The requested URL returned error: 403
The requested URL returned error: 403
The requested URL returned error: 403
The requested URL returned error: 403
The requested URL returned error: 403
The requested URL returned error: 403
The requested URL returned error: 403
The requested URL returned error: 403
The requested URL returned error: 403
The requested URL returned error: 403
The requested URL returned error: 403
The requested URL returned error: 403
The requested URL returned error: 403
The requested URL returned error: 403
The requested URL returned error: 403
The requested URL returned error: 403
The requested URL returned error: 403
The requested URL returned error: 403
The requested URL returned error: 403
The requested URL returned error: 403
The requested URL returned error: 403

Downloaded: 0 file(s) [attempted 2064/6641 = 31%], 2064 failed
Downloaded: 0 file(s) [attempted 2098/6641 = 31%], 2098 failed
Downloaded: 0 file(s) [attempted 2130/6641 = 32%], 2130 failedThe requested URL returned error: 403
The requested URL returned error: 403
The requested URL returned error: 403
The requested URL returned error: 403
The requested URL returned error: 403
The requested URL returned error: 403
The requested URL returned error: 403
The requested URL returned error: 403
The requested URL returned error: 403
The requested URL returned error: 403
The requested URL returned error: 403
The requested URL returned error: 403
The requested URL returned error: 403
The requested URL returned error: 403
The requested URL returned error: 403
The requested URL returned error: 403
The requested URL returned error: 403
The requested URL returned error: 403
The requested URL returned error: 403
The requested URL returned error: 403
The requested URL returned error: 403
The requested URL returned error: 403
The requested URL returned error: 403
The requested URL returned error: 403
The requested URL returned error: 403
The requested URL returned error: 403
The requested URL returned error: 403
The requested URL returned error: 403
The requested URL returned error: 403
The requested URL returned error: 403
The requested URL returned error: 403
The requested URL returned error: 403
The requested URL returned error: 403
The requested URL returned error: 403
The requested URL returned error: 403
The requested URL returned error: 403
The requested URL returned error: 403
The requested URL returned error: 403
The requested URL returned error: 403
The requested URL returned error: 403
The requested URL returned error: 403
The requested URL returned error: 403
The requested URL returned error: 403
The requested URL returned error: 403
The requested URL returned error: 403
The requested URL returned error: 403
The requested URL returned error: 403
The requested URL returned error: 403
The requested URL returned error: 403
The requested URL returned error: 403
The requested URL returned error: 403
The requested URL returned error: 403
The requested URL returned error: 403
The requested URL returned error: 403
The requested URL returned error: 403
The requested URL returned error: 403
The requested URL returned error: 403
The requested URL returned error: 403
The requested URL returned error: 403
The requested URL returned error: 403
The requested URL returned error: 403
The requested URL returned error: 403
The requested URL returned error: 403
The requested URL returned error: 403
The requested URL returned error: 403
The requested URL returned error: 403
The requested URL returned error: 403
The requested URL returned error: 403
The requested URL returned error: 403
The requested URL returned error: 403
The requested URL returned error: 403
The requested URL returned error: 403
The requested URL returned error: 403
The requested URL returned error: 403
The requested URL returned error: 403
The requested URL returned error: 403
The requested URL returned error: 403
The requested URL returned error: 403
The requested URL returned error: 403
The requested URL returned error: 403
The requested URL returned error: 403
The requested URL returned error: 403
The requested URL returned error: 403
The requested URL returned error: 403
The requested URL returned error: 403
The requested URL returned error: 403
The requested URL returned error: 403
The requested URL returned error: 403
The requested URL returned error: 403
The requested URL returned error: 403
The requested URL returned error: 403
The requested URL returned error: 403
The requested URL returned error: 403
The requested URL returned error: 403
The requested URL returned error: 403
The requested URL returned error: 403
The requested URL returned error: 403
The requested URL returned error: 403
The requested URL returned error: 403
The requested URL returned error: 403
The requested URL returned error: 403
The requested URL returned error: 403
The requested URL returned error: 403
The requested URL returned error: 403
The requested URL returned error: 403
The requested URL returned error: 403
The requested URL returned error: 403
The requested URL returned err
Downloaded: 0 file(s) [attempted 2164/6641 = 32%], 2164 failed
Downloaded: 0 file(s) [attempted 2201/6641 = 33%], 2201 failed
Downloaded: 0 file(s) [attempted 2235/6641 = 33%], 2235 failedor: 403
The requested URL returned error: 403
The requested URL returned error: 403
The requested URL returned error: 403
The requested URL returned error: 403
The requested URL returned error: 403
The requested URL returned error: 403
The requested URL returned error: 403
The requested URL returned error: 403
The requested URL returned error: 403
The requested URL returned error: 403
The requested URL returned error: 403
The requested URL returned error: 403
The requested URL returned error: 403
The requested URL returned error: 403
The requested URL returned error: 403
The requested URL returned error: 403
The requested URL returned error: 403
The requested URL returned error: 403
The requested URL returned error: 403
The requested URL returned error: 403
The requested URL returned error: 403
The requested URL returned error: 403
The requested URL returned error: 403
The requested URL returned error: 403
The requested URL returned error: 403
The requested URL returned error: 403
The requested URL returned error: 403
The requested URL returned error: 403
The requested URL returned error: 403
The requested URL returned error: 403
The requested URL returned error: 403
The requested URL returned error: 403
The requested URL returned error: 403
The requested URL returned error: 403
The requested URL returned error: 403
The requested URL returned error: 403
The requested URL returned error: 403
The requested URL returned error: 403
The requested URL returned error: 403
The requested URL returned error: 403
The requested URL returned error: 403
The requested URL returned error: 403
The requested URL returned error: 403
The requested URL returned error: 403
The requested URL returned error: 403
The requested URL returned error: 403
The requested URL returned error: 403
The requested URL returned error: 403
The requested URL returned error: 403
The requested URL returned error: 403
The requested URL returned error: 403
The requested URL returned error: 403
The requested URL returned error: 403
The requested URL returned error: 403
The requested URL returned error: 403
The requested URL returned error: 403
The requested URL returned error: 403
The requested URL returned error: 403
The requested URL returned error: 403
The requested URL returned error: 403
The requested URL returned error: 403
The requested URL returned error: 403
The requested URL returned error: 403
The requested URL returned error: 403
The requested URL returned error: 403
The requested URL returned error: 403
The requested URL returned error: 403
The requested URL returned error: 403
The requested URL returned error: 403
The requested URL returned error: 403
The requested URL returned error: 403
The requested URL returned error: 403
The requested URL returned error: 403
The requested URL returned error: 403
The requested URL returned error: 403
The requested URL returned error: 403
The requested URL returned error: 403
The requested URL returned error: 403
The requested URL returned error: 403
The requested URL returned error: 403
The requested URL returned error: 403
The requested URL returned error: 403
The requested URL returned error: 403
The requested URL returned error: 403
The requested URL returned error: 403
The requested URL returned error: 403
The requested URL returned error: 403
The requested URL returned error: 403
The requested URL returned error: 403
The requested URL returned error: 403
The requested URL returned error: 403
The requested URL returned error: 403
The requested URL returned error: 403
The requested URL returned error: 403
The requested URL returned error: 403
The requested URL returned error: 403
The requested URL returned error: 403
The requested URL returned error: 403
The requested URL returned error: 403
The requested URL returned error: 403
The requested URL returned error: 403
The requested URL returned error: 403
The requested URL returned error: 403
The requested URL returned error: 403
The requested URL returned error: 403
The requested URL returned error: 403
The requested URL returned error: 403
The requested URL retu
Downloaded: 0 file(s) [attempted 2267/6641 = 34%], 2267 failed
Downloaded: 0 file(s) [attempted 2301/6641 = 34%], 2301 failed
Downloaded: 0 file(s) [attempted 2331/6641 = 35%], 2331 failed
Downloaded: 0 file(s) [attempted 2360/6641 = 35%], 2360 failedrned error: 403
The requested URL returned error: 403
The requested URL returned error: 403
The requested URL returned error: 403
The requested URL returned error: 403
The requested URL returned error: 403
The requested URL returned error: 403
The requested URL returned error: 403
The requested URL returned error: 403
The requested URL returned error: 403
The requested URL returned error: 403
The requested URL returned error: 403
The requested URL returned error: 403
The requested URL returned error: 403
The requested URL returned error: 403
The requested URL returned error: 403
The requested URL returned error: 403
The requested URL returned error: 403
The requested URL returned error: 403
The requested URL returned error: 403
The requested URL returned error: 403
The requested URL returned error: 403
The requested URL returned error: 403
The requested URL returned error: 403
The requested URL returned error: 403
The requested URL returned error: 403
The requested URL returned error: 403
The requested URL returned error: 403
The requested URL returned error: 403
The requested URL returned error: 403
The requested URL returned error: 403
The requested URL returned error: 403
The requested URL returned error: 403
The requested URL returned error: 403
The requested URL returned error: 403
The requested URL returned error: 403
The requested URL returned error: 403
The requested URL returned error: 403
The requested URL returned error: 403
The requested URL returned error: 403
The requested URL returned error: 403
The requested URL returned error: 403
The requested URL returned error: 403
The requested URL returned error: 403
The requested URL returned error: 403
The requested URL returned error: 403
The requested URL returned error: 403
The requested URL returned error: 403
The requested URL returned error: 403
The requested URL returned error: 403
The requested URL returned error: 403
The requested URL returned error: 403
The requested URL returned error: 403
The requested URL returned error: 403
The requested URL returned error: 403
The requested URL returned error: 403
The requested URL returned error: 403
The requested URL returned error: 403
The requested URL returned error: 403
The requested URL returned error: 403
The requested URL returned error: 403
The requested URL returned error: 403
The requested URL returned error: 403
The requested URL returned error: 403
The requested URL returned error: 403
The requested URL returned error: 403
The requested URL returned error: 403
The requested URL returned error: 403
The requested URL returned error: 403
The requested URL returned error: 403
The requested URL returned error: 403
The requested URL returned error: 403
The requested URL returned error: 403
The requested URL returned error: 403
The requested URL returned error: 403
The requested URL returned error: 403
The requested URL returned error: 403
The requested URL returned error: 403
The requested URL returned error: 403
The requested URL returned error: 403
The requested URL returned error: 403
The requested URL returned error: 403
The requested URL returned error: 403
The requested URL returned error: 403
The requested URL returned error: 403
The requested URL returned error: 403
The requested URL returned error: 403
The requested URL returned error: 403
The requested URL returned error: 403
The requested URL returned error: 403
The requested URL returned error: 403
The requested URL returned error: 403
The requested URL returned error: 403
The requested URL returned error: 403
The requested URL returned error: 403
The requested URL returned error: 403
The requested URL returned error: 403
The requested URL returned error: 403
The requested URL returned error: 403
The requested URL returned error: 403
The requested URL returned error: 403
The requested URL returned error: 403
The requested URL returned error: 403
The requested URL returned error: 403
The requested URL returned error: 403
The requested URL returned error: 403
The requested URL returned error: 403
The requested URL returned error: 403
The requested
Downloaded: 0 file(s) [attempted 2392/6641 = 36%], 2392 failed
Downloaded: 0 file(s) [attempted 2424/6641 = 36%], 2424 failed
Downloaded: 0 file(s) [attempted 2460/6641 = 37%], 2460 failedURL returned error: 403
The requested URL returned error: 403
The requested URL returned error: 403
The requested URL returned error: 403
The requested URL returned error: 403
The requested URL returned error: 403
The requested URL returned error: 403
The requested URL returned error: 403
The requested URL returned error: 403
The requested URL returned error: 403
The requested URL returned error: 403
The requested URL returned error: 403
The requested URL returned error: 403
The requested URL returned error: 403
The requested URL returned error: 403
The requested URL returned error: 403
The requested URL returned error: 403
The requested URL returned error: 403
The requested URL returned error: 403
The requested URL returned error: 403
The requested URL returned error: 403
The requested URL returned error: 403
The requested URL returned error: 403
The requested URL returned error: 403
The requested URL returned error: 403
The requested URL returned error: 403
The requested URL returned error: 403
The requested URL returned error: 403
The requested URL returned error: 403
The requested URL returned error: 403
The requested URL returned error: 403
The requested URL returned error: 403
The requested URL returned error: 403
The requested URL returned error: 403
The requested URL returned error: 403
The requested URL returned error: 403
The requested URL returned error: 403
The requested URL returned error: 403
The requested URL returned error: 403
The requested URL returned error: 403
The requested URL returned error: 403
The requested URL returned error: 403
The requested URL returned error: 403
The requested URL returned error: 403
The requested URL returned error: 403
The requested URL returned error: 403
The requested URL returned error: 403
The requested URL returned error: 403
The requested URL returned error: 403
The requested URL returned error: 403
The requested URL returned error: 403
The requested URL returned error: 403
The requested URL returned error: 403
The requested URL returned error: 403
The requested URL returned error: 403
The requested URL returned error: 403
The requested URL returned error: 403
The requested URL returned error: 403
The requested URL returned error: 403
The requested URL returned error: 403
The requested URL returned error: 403
The requested URL returned error: 403
The requested URL returned error: 403
The requested URL returned error: 403
The requested URL returned error: 403
The requested URL returned error: 403
The requested URL returned error: 403
The requested URL returned error: 403
The requested URL returned error: 403
The requested URL returned error: 403
The requested URL returned error: 403
The requested URL returned error: 403
The requested URL returned error: 403
The requested URL returned error: 403
The requested URL returned error: 403
The requested URL returned error: 403
The requested URL returned error: 403
The requested URL returned error: 403
The requested URL returned error: 403
The requested URL returned error: 403
The requested URL returned error: 403
The requested URL returned error: 403
The requested URL returned error: 403
The requested URL returned error: 403
The requested URL returned error: 403
The requested URL returned error: 403
The requested URL returned error: 403
The requested URL returned error: 403
The requested URL returned error: 403
The requested URL returned error: 403
The requested URL returned error: 403
The requested URL returned error: 403
The requested URL returned error: 403
The requested URL returned error: 403
The requested URL returned error: 403
The requested URL returned error: 403
The requested URL returned error: 403
The requested URL returned error: 403
The requested URL returned error: 403
The requested URL returned error: 403
The requested URL returned error: 403
The requested URL returned error: 403
The requested URL returned error: 403
The requested URL returned error: 403
The requested URL returned error: 403
The requested URL returned error: 403
The requested URL returned error: 403
The requested URL returned error: 403
The re
Downloaded: 0 file(s) [attempted 2492/6641 = 37%], 2492 failed
Downloaded: 0 file(s) [attempted 2526/6641 = 38%], 2526 failed
Downloaded: 0 file(s) [attempted 2561/6641 = 38%], 2561 failedquested URL returned error: 403
The requested URL returned error: 403
The requested URL returned error: 403
The requested URL returned error: 403
The requested URL returned error: 403
The requested URL returned error: 403
The requested URL returned error: 403
The requested URL returned error: 403
The requested URL returned error: 403
The requested URL returned error: 403
The requested URL returned error: 403
The requested URL returned error: 403
The requested URL returned error: 403
The requested URL returned error: 403
The requested URL returned error: 403
The requested URL returned error: 403
The requested URL returned error: 403
The requested URL returned error: 403
The requested URL returned error: 403
The requested URL returned error: 403
The requested URL returned error: 403
The requested URL returned error: 403
The requested URL returned error: 403
The requested URL returned error: 403
The requested URL returned error: 403
The requested URL returned error: 403
The requested URL returned error: 403
The requested URL returned error: 403
The requested URL returned error: 403
The requested URL returned error: 403
The requested URL returned error: 403
The requested URL returned error: 403
The requested URL returned error: 403
The requested URL returned error: 403
The requested URL returned error: 403
The requested URL returned error: 403
The requested URL returned error: 403
The requested URL returned error: 403
The requested URL returned error: 403
The requested URL returned error: 403
The requested URL returned error: 403
The requested URL returned error: 403
The requested URL returned error: 403
The requested URL returned error: 403
The requested URL returned error: 403
The requested URL returned error: 403
The requested URL returned error: 403
The requested URL returned error: 403
The requested URL returned error: 403
The requested URL returned error: 403
The requested URL returned error: 403
The requested URL returned error: 403
The requested URL returned error: 403
The requested URL returned error: 403
The requested URL returned error: 403
The requested URL returned error: 403
The requested URL returned error: 403
The requested URL returned error: 403
The requested URL returned error: 403
The requested URL returned error: 403
The requested URL returned error: 403
The requested URL returned error: 403
The requested URL returned error: 403
The requested URL returned error: 403
The requested URL returned error: 403
The requested URL returned error: 403
The requested URL returned error: 403
The requested URL returned error: 403
The requested URL returned error: 403
The requested URL returned error: 403
The requested URL returned error: 403
The requested URL returned error: 403
The requested URL returned error: 403
The requested URL returned error: 403
The requested URL returned error: 403
The requested URL returned error: 403
The requested URL returned error: 403
The requested URL returned error: 403
The requested URL returned error: 403
The requested URL returned error: 403
The requested URL returned error: 403
The requested URL returned error: 403
The requested URL returned error: 403
The requested URL returned error: 403
The requested URL returned error: 403
The requested URL returned error: 403
The requested URL returned error: 403
The requested URL returned error: 403
The requested URL returned error: 403
The requested URL returned error: 403
The requested URL returned error: 403
The requested URL returned error: 403
The requested URL returned error: 403
The requested URL returned error: 403
The requested URL returned error: 403
The requested URL returned error: 403
The requested URL returned error: 403
The requested URL returned error: 403
The requested URL returned error: 403
The requested URL returned error: 403
The requested URL returned error: 403
The requested URL returned error: 403
The requested URL returned error: 403
The requested URL returned error: 403
The requested URL returned error: 403
The requested URL returned error: 403
The requested URL returned error: 403
The requested URL returned error: 40
Downloaded: 0 file(s) [attempted 2595/6641 = 39%], 2595 failed
Downloaded: 0 file(s) [attempted 2631/6641 = 39%], 2631 failed
Downloaded: 0 file(s) [attempted 2665/6641 = 40%], 2665 failed3
The requested URL returned error: 403
The requested URL returned error: 403
The requested URL returned error: 403
The requested URL returned error: 403
The requested URL returned error: 403
The requested URL returned error: 403
The requested URL returned error: 403
The requested URL returned error: 403
The requested URL returned error: 403
The requested URL returned error: 403
The requested URL returned error: 403
The requested URL returned error: 403
The requested URL returned error: 403
The requested URL returned error: 403
The requested URL returned error: 403
The requested URL returned error: 403
The requested URL returned error: 403
The requested URL returned error: 403
The requested URL returned error: 403
The requested URL returned error: 403
The requested URL returned error: 403
The requested URL returned error: 403
The requested URL returned error: 403
The requested URL returned error: 403
The requested URL returned error: 403
The requested URL returned error: 403
The requested URL returned error: 403
The requested URL returned error: 403
The requested URL returned error: 403
The requested URL returned error: 403
The requested URL returned error: 403
The requested URL returned error: 403
The requested URL returned error: 403
The requested URL returned error: 403
The requested URL returned error: 403
The requested URL returned error: 403
The requested URL returned error: 403
The requested URL returned error: 403
The requested URL returned error: 403
The requested URL returned error: 403
The requested URL returned error: 403
The requested URL returned error: 403
The requested URL returned error: 403
The requested URL returned error: 403
The requested URL returned error: 403
The requested URL returned error: 403
The requested URL returned error: 403
The requested URL returned error: 403
The requested URL returned error: 403
The requested URL returned error: 403
The requested URL returned error: 403
The requested URL returned error: 403
The requested URL returned error: 403
The requested URL returned error: 403
The requested URL returned error: 403
The requested URL returned error: 403
The requested URL returned error: 403
The requested URL returned error: 403
The requested URL returned error: 403
The requested URL returned error: 403
The requested URL returned error: 403
The requested URL returned error: 403
The requested URL returned error: 403
The requested URL returned error: 403
The requested URL returned error: 403
The requested URL returned error: 403
The requested URL returned error: 403
The requested URL returned error: 403
The requested URL returned error: 403
The requested URL returned error: 403
The requested URL returned error: 403
The requested URL returned error: 403
The requested URL returned error: 403
The requested URL returned error: 403
The requested URL returned error: 403
The requested URL returned error: 403
The requested URL returned error: 403
The requested URL returned error: 403
The requested URL returned error: 403
The requested URL returned error: 403
The requested URL returned error: 403
The requested URL returned error: 403
The requested URL returned error: 403
The requested URL returned error: 403
The requested URL returned error: 403
The requested URL returned error: 403
The requested URL returned error: 403
The requested URL returned error: 403
The requested URL returned error: 403
The requested URL returned error: 403
The requested URL returned error: 403
The requested URL returned error: 403
The requested URL returned error: 403
The requested URL returned error: 403
The requested URL returned error: 403
The requested URL returned error: 403
The requested URL returned error: 403
The requested URL returned error: 403
The requested URL returned error: 403
The requested URL returned error: 403
The requested URL returned error: 403
The requested URL returned error: 403
The requested URL returned error: 403
The requested URL returned error: 403
The requested URL returned error: 403
The requested URL returned error: 403
The requested URL returned error: 403
The requested URL returned e
Downloaded: 0 file(s) [attempted 2697/6641 = 40%], 2697 failed
Downloaded: 0 file(s) [attempted 2734/6641 = 41%], 2734 failed
Downloaded: 0 file(s) [attempted 2766/6641 = 41%], 2766 failed
Downloaded: 0 file(s) [attempted 2800/6641 = 42%], 2800 failedrror: 403
The requested URL returned error: 403
The requested URL returned error: 403
The requested URL returned error: 403
The requested URL returned error: 403
The requested URL returned error: 403
The requested URL returned error: 403
The requested URL returned error: 403
The requested URL returned error: 403
The requested URL returned error: 403
The requested URL returned error: 403
The requested URL returned error: 403
The requested URL returned error: 403
The requested URL returned error: 403
The requested URL returned error: 403
The requested URL returned error: 403
The requested URL returned error: 403
The requested URL returned error: 403
The requested URL returned error: 403
The requested URL returned error: 403
The requested URL returned error: 403
The requested URL returned error: 403
The requested URL returned error: 403
The requested URL returned error: 403
The requested URL returned error: 403
The requested URL returned error: 403
The requested URL returned error: 403
The requested URL returned error: 403
The requested URL returned error: 403
The requested URL returned error: 403
The requested URL returned error: 403
The requested URL returned error: 403
The requested URL returned error: 403
The requested URL returned error: 403
The requested URL returned error: 403
The requested URL returned error: 403
The requested URL returned error: 403
The requested URL returned error: 403
The requested URL returned error: 403
The requested URL returned error: 403
The requested URL returned error: 403
The requested URL returned error: 403
The requested URL returned error: 403
The requested URL returned error: 403
The requested URL returned error: 403
The requested URL returned error: 403
The requested URL returned error: 403
The requested URL returned error: 403
The requested URL returned error: 403
The requested URL returned error: 403
The requested URL returned error: 403
The requested URL returned error: 403
The requested URL returned error: 403
The requested URL returned error: 403
The requested URL returned error: 403
The requested URL returned error: 403
The requested URL returned error: 403
The requested URL returned error: 403
The requested URL returned error: 403
The requested URL returned error: 403
The requested URL returned error: 403
The requested URL returned error: 403
The requested URL returned error: 403
The requested URL returned error: 403
The requested URL returned error: 403
The requested URL returned error: 403
The requested URL returned error: 403
The requested URL returned error: 403
The requested URL returned error: 403
The requested URL returned error: 403
The requested URL returned error: 403
The requested URL returned error: 403
The requested URL returned error: 403
The requested URL returned error: 403
The requested URL returned error: 403
The requested URL returned error: 403
The requested URL returned error: 403
The requested URL returned error: 403
The requested URL returned error: 403
The requested URL returned error: 403
The requested URL returned error: 403
The requested URL returned error: 403
The requested URL returned error: 403
The requested URL returned error: 403
The requested URL returned error: 403
The requested URL returned error: 403
The requested URL returned error: 403
The requested URL returned error: 403
The requested URL returned error: 403
The requested URL returned error: 403
The requested URL returned error: 403
The requested URL returned error: 403
The requested URL returned error: 403
The requested URL returned error: 403
The requested URL returned error: 403
The requested URL returned error: 403
The requested URL returned error: 403
The requested URL returned error: 403
The requested URL returned error: 403
The requested URL returned error: 403
The requested URL returned error: 403
The requested URL returned error: 403
The requested URL returned error: 403
The requested URL returned error: 403
The requested URL returned error: 403
The requested URL returned error: 403
The requested URL returned error: 403
The requested URL returned error: 403
The requested URL re
Downloaded: 0 file(s) [attempted 2836/6641 = 42%], 2836 failed
Downloaded: 0 file(s) [attempted 2870/6641 = 43%], 2870 failed
Downloaded: 0 file(s) [attempted 2905/6641 = 43%], 2905 failedturned error: 403
The requested URL returned error: 403
The requested URL returned error: 403
The requested URL returned error: 403
The requested URL returned error: 403
The requested URL returned error: 403
The requested URL returned error: 403
The requested URL returned error: 403
The requested URL returned error: 403
The requested URL returned error: 403
The requested URL returned error: 403
The requested URL returned error: 403
The requested URL returned error: 403
The requested URL returned error: 403
The requested URL returned error: 403
The requested URL returned error: 403
The requested URL returned error: 403
The requested URL returned error: 403
The requested URL returned error: 403
The requested URL returned error: 403
The requested URL returned error: 403
The requested URL returned error: 403
The requested URL returned error: 403
The requested URL returned error: 403
The requested URL returned error: 403
The requested URL returned error: 403
The requested URL returned error: 403
The requested URL returned error: 403
The requested URL returned error: 403
The requested URL returned error: 403
The requested URL returned error: 403
The requested URL returned error: 403
The requested URL returned error: 403
The requested URL returned error: 403
The requested URL returned error: 403
The requested URL returned error: 403
The requested URL returned error: 403
The requested URL returned error: 403
The requested URL returned error: 403
The requested URL returned error: 403
The requested URL returned error: 403
The requested URL returned error: 403
The requested URL returned error: 403
The requested URL returned error: 403
The requested URL returned error: 403
The requested URL returned error: 403
The requested URL returned error: 403
The requested URL returned error: 403
The requested URL returned error: 403
The requested URL returned error: 403
The requested URL returned error: 403
The requested URL returned error: 403
The requested URL returned error: 403
The requested URL returned error: 403
The requested URL returned error: 403
The requested URL returned error: 403
The requested URL returned error: 403
The requested URL returned error: 403
The requested URL returned error: 403
The requested URL returned error: 403
The requested URL returned error: 403
The requested URL returned error: 403
The requested URL returned error: 403
The requested URL returned error: 403
The requested URL returned error: 403
The requested URL returned error: 403
The requested URL returned error: 403
The requested URL returned error: 403
The requested URL returned error: 403
The requested URL returned error: 403
The requested URL returned error: 403
The requested URL returned error: 403
The requested URL returned error: 403
The requested URL returned error: 403
The requested URL returned error: 403
The requested URL returned error: 403
The requested URL returned error: 403
The requested URL returned error: 403
The requested URL returned error: 403
The requested URL returned error: 403
The requested URL returned error: 403
The requested URL returned error: 403
The requested URL returned error: 403
The requested URL returned error: 403
The requested URL returned error: 403
The requested URL returned error: 403
The requested URL returned error: 403
The requested URL returned error: 403
The requested URL returned error: 403
The requested URL returned error: 403
The requested URL returned error: 403
The requested URL returned error: 403
The requested URL returned error: 403
The requested URL returned error: 403
The requested URL returned error: 403
The requested URL returned error: 403
The requested URL returned error: 403
The requested URL returned error: 403
The requested URL returned error: 403
The requested URL returned error: 403
The requested URL returned error: 403
The requested URL returned error: 403
The requested URL returned error: 403
The requested URL returned error: 403
The requested URL returned error: 403
The requested URL returned error: 403
The requested URL returned error: 403
The requested URL returned error: 403
The requeste
Downloaded: 0 file(s) [attempted 2941/6641 = 44%], 2941 failed
Downloaded: 0 file(s) [attempted 2975/6641 = 44%], 2975 failed
Downloaded: 0 file(s) [attempted 3007/6641 = 45%], 3007 failedd URL returned error: 403
The requested URL returned error: 403
The requested URL returned error: 403
The requested URL returned error: 403
The requested URL returned error: 403
The requested URL returned error: 403
The requested URL returned error: 403
The requested URL returned error: 403
The requested URL returned error: 403
The requested URL returned error: 403
The requested URL returned error: 403
The requested URL returned error: 403
The requested URL returned error: 403
The requested URL returned error: 403
The requested URL returned error: 403
The requested URL returned error: 403
The requested URL returned error: 403
The requested URL returned error: 403
The requested URL returned error: 403
The requested URL returned error: 403
The requested URL returned error: 403
The requested URL returned error: 403
The requested URL returned error: 403
The requested URL returned error: 403
The requested URL returned error: 403
The requested URL returned error: 403
The requested URL returned error: 403
The requested URL returned error: 403
The requested URL returned error: 403
The requested URL returned error: 403
The requested URL returned error: 403
The requested URL returned error: 403
The requested URL returned error: 403
The requested URL returned error: 403
The requested URL returned error: 403
The requested URL returned error: 403
The requested URL returned error: 403
The requested URL returned error: 403
The requested URL returned error: 403
The requested URL returned error: 403
The requested URL returned error: 403
The requested URL returned error: 403
The requested URL returned error: 403
The requested URL returned error: 403
The requested URL returned error: 403
The requested URL returned error: 403
The requested URL returned error: 403
The requested URL returned error: 403
The requested URL returned error: 403
The requested URL returned error: 403
The requested URL returned error: 403
The requested URL returned error: 403
The requested URL returned error: 403
The requested URL returned error: 403
The requested URL returned error: 403
The requested URL returned error: 403
The requested URL returned error: 403
The requested URL returned error: 403
The requested URL returned error: 403
The requested URL returned error: 403
The requested URL returned error: 403
The requested URL returned error: 403
The requested URL returned error: 403
The requested URL returned error: 403
The requested URL returned error: 403
The requested URL returned error: 403
The requested URL returned error: 403
The requested URL returned error: 403
The requested URL returned error: 403
The requested URL returned error: 403
The requested URL returned error: 403
The requested URL returned error: 403
The requested URL returned error: 403
The requested URL returned error: 403
The requested URL returned error: 403
The requested URL returned error: 403
The requested URL returned error: 403
The requested URL returned error: 403
The requested URL returned error: 403
The requested URL returned error: 403
The requested URL returned error: 403
The requested URL returned error: 403
The requested URL returned error: 403
The requested URL returned error: 403
The requested URL returned error: 403
The requested URL returned error: 403
The requested URL returned error: 403
The requested URL returned error: 403
The requested URL returned error: 403
The requested URL returned error: 403
The requested URL returned error: 403
The requested URL returned error: 403
The requested URL returned error: 403
The requested URL returned error: 403
The requested URL returned error: 403
The requested URL returned error: 403
The requested URL returned error: 403
The requested URL returned error: 403
The requested URL returned error: 403
The requested URL returned error: 403
The requested URL returned error: 403
The requested URL returned error: 403
The requested URL returned error: 403
The requested URL returned error: 403
The requested URL returned error: 403
The requested URL returned error: 403
The requested URL returned error: 403
The requested URL returned error: 403
The
Downloaded: 0 file(s) [attempted 3041/6641 = 45%], 3041 failed
Downloaded: 0 file(s) [attempted 3073/6641 = 46%], 3073 failed
Downloaded: 0 file(s) [attempted 3103/6641 = 46%], 3103 failedrequested URL returned error: 403
The requested URL returned error: 403
The requested URL returned error: 403
The requested URL returned error: 403
The requested URL returned error: 403
The requested URL returned error: 403
The requested URL returned error: 403
The requested URL returned error: 403
The requested URL returned error: 403
The requested URL returned error: 403
The requested URL returned error: 403
The requested URL returned error: 403
The requested URL returned error: 403
The requested URL returned error: 403
The requested URL returned error: 403
The requested URL returned error: 403
The requested URL returned error: 403
The requested URL returned error: 403
The requested URL returned error: 403
The requested URL returned error: 403
The requested URL returned error: 403
The requested URL returned error: 403
The requested URL returned error: 403
The requested URL returned error: 403
The requested URL returned error: 403
The requested URL returned error: 403
The requested URL returned error: 403
The requested URL returned error: 403
The requested URL returned error: 403
The requested URL returned error: 403
The requested URL returned error: 403
The requested URL returned error: 403
The requested URL returned error: 403
The requested URL returned error: 403
The requested URL returned error: 403
The requested URL returned error: 403
The requested URL returned error: 403
The requested URL returned error: 403
The requested URL returned error: 403
The requested URL returned error: 403
The requested URL returned error: 403
The requested URL returned error: 403
The requested URL returned error: 403
The requested URL returned error: 403
The requested URL returned error: 403
The requested URL returned error: 403
The requested URL returned error: 403
The requested URL returned error: 403
The requested URL returned error: 403
The requested URL returned error: 403
The requested URL returned error: 403
The requested URL returned error: 403
The requested URL returned error: 403
The requested URL returned error: 403
The requested URL returned error: 403
The requested URL returned error: 403
The requested URL returned error: 403
The requested URL returned error: 403
The requested URL returned error: 403
The requested URL returned error: 403
The requested URL returned error: 403
The requested URL returned error: 403
The requested URL returned error: 403
The requested URL returned error: 403
The requested URL returned error: 403
The requested URL returned error: 403
The requested URL returned error: 403
The requested URL returned error: 403
The requested URL returned error: 403
The requested URL returned error: 403
The requested URL returned error: 403
The requested URL returned error: 403
The requested URL returned error: 403
The requested URL returned error: 403
The requested URL returned error: 403
The requested URL returned error: 403
The requested URL returned error: 403
The requested URL returned error: 403
The requested URL returned error: 403
The requested URL returned error: 403
The requested URL returned error: 403
The requested URL returned error: 403
The requested URL returned error: 403
The requested URL returned error: 403
The requested URL returned error: 403
The requested URL returned error: 403
The requested URL returned error: 403
The requested URL returned error: 403
The requested URL returned error: 403
The requested URL returned error: 403
The requested URL returned error: 403
The requested URL returned error: 403
The requested URL returned error: 403
The requested URL returned error: 403
The requested URL returned error: 403
The requested URL returned error: 403
The requested URL returned error: 403
The requested URL returned error: 403
The requested URL returned error: 403
The requested URL returned error: 403
The requested URL returned error: 403
The requested URL returned error: 403
The requested URL returned error: 403
The requested URL returned error: 403
The requested URL returned error: 403
The requested URL returned error: 403
The requested URL returned error: 403
The requested URL returned error:
Downloaded: 0 file(s) [attempted 3132/6641 = 47%], 3132 failed
Downloaded: 0 file(s) [attempted 3164/6641 = 47%], 3164 failed
Downloaded: 0 file(s) [attempted 3196/6641 = 48%], 3196 failed
Downloaded: 0 file(s) [attempted 3233/6641 = 48%], 3233 failed403
The requested URL returned error: 403
The requested URL returned error: 403
The requested URL returned error: 403
The requested URL returned error: 403
The requested URL returned error: 403
The requested URL returned error: 403
The requested URL returned error: 403
The requested URL returned error: 403
The requested URL returned error: 403
The requested URL returned error: 403
The requested URL returned error: 403
The requested URL returned error: 403
The requested URL returned error: 403
The requested URL returned error: 403
The requested URL returned error: 403
The requested URL returned error: 403
The requested URL returned error: 403
The requested URL returned error: 403
The requested URL returned error: 403
The requested URL returned error: 403
The requested URL returned error: 403
The requested URL returned error: 403
The requested URL returned error: 403
The requested URL returned error: 403
The requested URL returned error: 403
The requested URL returned error: 403
The requested URL returned error: 403
The requested URL returned error: 403
The requested URL returned error: 403
The requested URL returned error: 403
The requested URL returned error: 403
The requested URL returned error: 403
The requested URL returned error: 403
The requested URL returned error: 403
The requested URL returned error: 403
The requested URL returned error: 403
The requested URL returned error: 403
The requested URL returned error: 403
The requested URL returned error: 403
The requested URL returned error: 403
The requested URL returned error: 403
The requested URL returned error: 403
The requested URL returned error: 403
The requested URL returned error: 403
The requested URL returned error: 403
The requested URL returned error: 403
The requested URL returned error: 403
The requested URL returned error: 403
The requested URL returned error: 403
The requested URL returned error: 403
The requested URL returned error: 403
The requested URL returned error: 403
The requested URL returned error: 403
The requested URL returned error: 403
The requested URL returned error: 403
The requested URL returned error: 403
The requested URL returned error: 403
The requested URL returned error: 403
The requested URL returned error: 403
The requested URL returned error: 403
The requested URL returned error: 403
The requested URL returned error: 403
The requested URL returned error: 403
The requested URL returned error: 403
The requested URL returned error: 403
The requested URL returned error: 403
The requested URL returned error: 403
The requested URL returned error: 403
The requested URL returned error: 403
The requested URL returned error: 403
The requested URL returned error: 403
The requested URL returned error: 403
The requested URL returned error: 403
The requested URL returned error: 403
The requested URL returned error: 403
The requested URL returned error: 403
The requested URL returned error: 403
The requested URL returned error: 403
The requested URL returned error: 403
The requested URL returned error: 403
The requested URL returned error: 403
The requested URL returned error: 403
The requested URL returned error: 403
The requested URL returned error: 403
The requested URL returned error: 403
The requested URL returned error: 403
The requested URL returned error: 403
The requested URL returned error: 403
The requested URL returned error: 403
The requested URL returned error: 403
The requested URL returned error: 403
The requested URL returned error: 403
The requested URL returned error: 403
The requested URL returned error: 403
The requested URL returned error: 403
The requested URL returned error: 403
The requested URL returned error: 403
The requested URL returned error: 403
The requested URL returned error: 403
The requested URL returned error: 403
The requested URL returned error: 403
The requested URL returned error: 403
The requested URL returned error: 403
The requested URL returned error: 403
The requested URL returned error: 403
The requested URL returned error: 403
The requested URL returned error: 403
The requested URL returned
Downloaded: 0 file(s) [attempted 3265/6641 = 49%], 3265 failed
Downloaded: 0 file(s) [attempted 3296/6641 = 49%], 3296 failed
Downloaded: 0 file(s) [attempted 3333/6641 = 50%], 3333 failed error: 403
The requested URL returned error: 403
The requested URL returned error: 403
The requested URL returned error: 403
The requested URL returned error: 403
The requested URL returned error: 403
The requested URL returned error: 403
The requested URL returned error: 403
The requested URL returned error: 403
The requested URL returned error: 403
The requested URL returned error: 403
The requested URL returned error: 403
The requested URL returned error: 403
The requested URL returned error: 403
The requested URL returned error: 403
The requested URL returned error: 403
The requested URL returned error: 403
The requested URL returned error: 403
The requested URL returned error: 403
The requested URL returned error: 403
The requested URL returned error: 403
The requested URL returned error: 403
The requested URL returned error: 403
The requested URL returned error: 403
The requested URL returned error: 403
The requested URL returned error: 403
The requested URL returned error: 403
The requested URL returned error: 403
The requested URL returned error: 403
The requested URL returned error: 403
The requested URL returned error: 403
The requested URL returned error: 403
The requested URL returned error: 403
The requested URL returned error: 403
The requested URL returned error: 403
The requested URL returned error: 403
The requested URL returned error: 403
The requested URL returned error: 403
The requested URL returned error: 403
The requested URL returned error: 403
The requested URL returned error: 403
The requested URL returned error: 403
The requested URL returned error: 403
The requested URL returned error: 403
The requested URL returned error: 403
The requested URL returned error: 403
The requested URL returned error: 403
The requested URL returned error: 403
The requested URL returned error: 403
The requested URL returned error: 403
The requested URL returned error: 403
The requested URL returned error: 403
The requested URL returned error: 403
The requested URL returned error: 403
The requested URL returned error: 403
The requested URL returned error: 403
The requested URL returned error: 403
The requested URL returned error: 403
The requested URL returned error: 403
The requested URL returned error: 403
The requested URL returned error: 403
The requested URL returned error: 403
The requested URL returned error: 403
The requested URL returned error: 403
The requested URL returned error: 403
The requested URL returned error: 403
The requested URL returned error: 403
The requested URL returned error: 403
The requested URL returned error: 403
The requested URL returned error: 403
The requested URL returned error: 403
The requested URL returned error: 403
The requested URL returned error: 403
The requested URL returned error: 403
The requested URL returned error: 403
The requested URL returned error: 403
The requested URL returned error: 403
The requested URL returned error: 403
The requested URL returned error: 403
The requested URL returned error: 403
The requested URL returned error: 403
The requested URL returned error: 403
The requested URL returned error: 403
The requested URL returned error: 403
The requested URL returned error: 403
The requested URL returned error: 403
The requested URL returned error: 403
The requested URL returned error: 403
The requested URL returned error: 403
The requested URL returned error: 403
The requested URL returned error: 403
The requested URL returned error: 403
The requested URL returned error: 403
The requested URL returned error: 403
The requested URL returned error: 403
The requested URL returned error: 403
The requested URL returned error: 403
The requested URL returned error: 403
The requested URL returned error: 403
The requested URL returned error: 403
The requested URL returned error: 403
The requested URL returned error: 403
The requested URL returned error: 403
The requested URL returned error: 403
The requested URL returned error: 403
The requested URL returned error: 403
The requested URL returned error: 403
The requested URL returned error: 403
The requested URL
Downloaded: 0 file(s) [attempted 3365/6641 = 50%], 3365 failed
Downloaded: 0 file(s) [attempted 3397/6641 = 51%], 3397 failed
Downloaded: 0 file(s) [attempted 3433/6641 = 51%], 3433 failedreturned error: 403
The requested URL returned error: 403
The requested URL returned error: 403
The requested URL returned error: 403
The requested URL returned error: 403
The requested URL returned error: 403
The requested URL returned error: 403
The requested URL returned error: 403
The requested URL returned error: 403
The requested URL returned error: 403
The requested URL returned error: 403
The requested URL returned error: 403
The requested URL returned error: 403
The requested URL returned error: 403
The requested URL returned error: 403
The requested URL returned error: 403
The requested URL returned error: 403
The requested URL returned error: 403
The requested URL returned error: 403
The requested URL returned error: 403
The requested URL returned error: 403
The requested URL returned error: 403
The requested URL returned error: 403
The requested URL returned error: 403
The requested URL returned error: 403
The requested URL returned error: 403
The requested URL returned error: 403
The requested URL returned error: 403
The requested URL returned error: 403
The requested URL returned error: 403
The requested URL returned error: 403
The requested URL returned error: 403
The requested URL returned error: 403
The requested URL returned error: 403
The requested URL returned error: 403
The requested URL returned error: 403
The requested URL returned error: 403
The requested URL returned error: 403
The requested URL returned error: 403
The requested URL returned error: 403
The requested URL returned error: 403
The requested URL returned error: 403
The requested URL returned error: 403
The requested URL returned error: 403
The requested URL returned error: 403
The requested URL returned error: 403
The requested URL returned error: 403
The requested URL returned error: 403
The requested URL returned error: 403
The requested URL returned error: 403
The requested URL returned error: 403
The requested URL returned error: 403
The requested URL returned error: 403
The requested URL returned error: 403
The requested URL returned error: 403
The requested URL returned error: 403
The requested URL returned error: 403
The requested URL returned error: 403
The requested URL returned error: 403
The requested URL returned error: 403
The requested URL returned error: 403
The requested URL returned error: 403
The requested URL returned error: 403
The requested URL returned error: 403
The requested URL returned error: 403
The requested URL returned error: 403
The requested URL returned error: 403
The requested URL returned error: 403
The requested URL returned error: 403
The requested URL returned error: 403
The requested URL returned error: 403
The requested URL returned error: 403
The requested URL returned error: 403
The requested URL returned error: 403
The requested URL returned error: 403
The requested URL returned error: 403
The requested URL returned error: 403
The requested URL returned error: 403
The requested URL returned error: 403
The requested URL returned error: 403
The requested URL returned error: 403
The requested URL returned error: 403
The requested URL returned error: 403
The requested URL returned error: 403
The requested URL returned error: 403
The requested URL returned error: 403
The requested URL returned error: 403
The requested URL returned error: 403
The requested URL returned error: 403
The requested URL returned error: 403
The requested URL returned error: 403
The requested URL returned error: 403
The requested URL returned error: 403
The requested URL returned error: 403
The requested URL returned error: 403
The requested URL returned error: 403
The requested URL returned error: 403
The requested URL returned error: 403
The requested URL returned error: 403
The requested URL returned error: 403
The requested URL returned error: 403
The requested URL returned error: 403
The requested URL returned error: 403
The requested URL returned error: 403
The requested URL returned error: 403
The requested URL returned error: 403
The requested URL returned error: 403
The requested URL returned error: 403
The reques
Downloaded: 0 file(s) [attempted 3465/6641 = 52%], 3465 failed
Downloaded: 0 file(s) [attempted 3499/6641 = 52%], 3499 failed
Downloaded: 0 file(s) [attempted 3533/6641 = 53%], 3533 failedted URL returned error: 403
The requested URL returned error: 403
The requested URL returned error: 403
The requested URL returned error: 403
The requested URL returned error: 403
The requested URL returned error: 403
The requested URL returned error: 403
The requested URL returned error: 403
The requested URL returned error: 403
The requested URL returned error: 403
The requested URL returned error: 403
The requested URL returned error: 403
The requested URL returned error: 403
The requested URL returned error: 403
The requested URL returned error: 403
The requested URL returned error: 403
The requested URL returned error: 403
The requested URL returned error: 403
The requested URL returned error: 403
The requested URL returned error: 403
The requested URL returned error: 403
The requested URL returned error: 403
The requested URL returned error: 403
The requested URL returned error: 403
The requested URL returned error: 403
The requested URL returned error: 403
The requested URL returned error: 403
The requested URL returned error: 403
The requested URL returned error: 403
The requested URL returned error: 403
The requested URL returned error: 403
The requested URL returned error: 403
The requested URL returned error: 403
The requested URL returned error: 403
The requested URL returned error: 403
The requested URL returned error: 403
The requested URL returned error: 403
The requested URL returned error: 403
The requested URL returned error: 403
The requested URL returned error: 403
The requested URL returned error: 403
The requested URL returned error: 403
The requested URL returned error: 403
The requested URL returned error: 403
The requested URL returned error: 403
The requested URL returned error: 403
The requested URL returned error: 403
The requested URL returned error: 403
The requested URL returned error: 403
The requested URL returned error: 403
The requested URL returned error: 403
The requested URL returned error: 403
The requested URL returned error: 403
The requested URL returned error: 403
The requested URL returned error: 403
The requested URL returned error: 403
The requested URL returned error: 403
The requested URL returned error: 403
The requested URL returned error: 403
The requested URL returned error: 403
The requested URL returned error: 403
The requested URL returned error: 403
The requested URL returned error: 403
The requested URL returned error: 403
The requested URL returned error: 403
The requested URL returned error: 403
The requested URL returned error: 403
The requested URL returned error: 403
The requested URL returned error: 403
The requested URL returned error: 403
The requested URL returned error: 403
The requested URL returned error: 403
The requested URL returned error: 403
The requested URL returned error: 403
The requested URL returned error: 403
The requested URL returned error: 403
The requested URL returned error: 403
The requested URL returned error: 403
The requested URL returned error: 403
The requested URL returned error: 403
The requested URL returned error: 403
The requested URL returned error: 403
The requested URL returned error: 403
The requested URL returned error: 403
The requested URL returned error: 403
The requested URL returned error: 403
The requested URL returned error: 403
The requested URL returned error: 403
The requested URL returned error: 403
The requested URL returned error: 403
The requested URL returned error: 403
The requested URL returned error: 403
The requested URL returned error: 403
The requested URL returned error: 403
The requested URL returned error: 403
The requested URL returned error: 403
The requested URL returned error: 403
The requested URL returned error: 403
The requested URL returned error: 403
The requested URL returned error: 403
The requested URL returned error: 403
The requested URL returned error: 403
The requested URL returned error: 403
The requested URL returned error: 403
The requested URL returned error: 403
The requested URL returned error: 403
The requested URL returned error: 403
The requested URL returned error: 403
Th
Downloaded: 0 file(s) [attempted 3568/6641 = 53%], 3568 failed
Downloaded: 0 file(s) [attempted 3604/6641 = 54%], 3604 failed
Downloaded: 0 file(s) [attempted 3638/6641 = 54%], 3638 failede requested URL returned error: 403
The requested URL returned error: 403
The requested URL returned error: 403
The requested URL returned error: 403
The requested URL returned error: 403
The requested URL returned error: 403
The requested URL returned error: 403
The requested URL returned error: 403
The requested URL returned error: 403
The requested URL returned error: 403
The requested URL returned error: 403
The requested URL returned error: 403
The requested URL returned error: 403
The requested URL returned error: 403
The requested URL returned error: 403
The requested URL returned error: 403
The requested URL returned error: 403
The requested URL returned error: 403
The requested URL returned error: 403
The requested URL returned error: 403
The requested URL returned error: 403
The requested URL returned error: 403
The requested URL returned error: 403
The requested URL returned error: 403
The requested URL returned error: 403
The requested URL returned error: 403
The requested URL returned error: 403
The requested URL returned error: 403
The requested URL returned error: 403
The requested URL returned error: 403
The requested URL returned error: 403
The requested URL returned error: 403
The requested URL returned error: 403
The requested URL returned error: 403
The requested URL returned error: 403
The requested URL returned error: 403
The requested URL returned error: 403
The requested URL returned error: 403
The requested URL returned error: 403
The requested URL returned error: 403
The requested URL returned error: 403
The requested URL returned error: 403
The requested URL returned error: 403
The requested URL returned error: 403
The requested URL returned error: 403
The requested URL returned error: 403
The requested URL returned error: 403
The requested URL returned error: 403
The requested URL returned error: 403
The requested URL returned error: 403
The requested URL returned error: 403
The requested URL returned error: 403
The requested URL returned error: 403
The requested URL returned error: 403
The requested URL returned error: 403
The requested URL returned error: 403
The requested URL returned error: 403
The requested URL returned error: 403
The requested URL returned error: 403
The requested URL returned error: 403
The requested URL returned error: 403
The requested URL returned error: 403
The requested URL returned error: 403
The requested URL returned error: 403
The requested URL returned error: 403
The requested URL returned error: 403
The requested URL returned error: 403
The requested URL returned error: 403
The requested URL returned error: 403
The requested URL returned error: 403
The requested URL returned error: 403
The requested URL returned error: 403
The requested URL returned error: 403
The requested URL returned error: 403
The requested URL returned error: 403
The requested URL returned error: 403
The requested URL returned error: 403
The requested URL returned error: 403
The requested URL returned error: 403
The requested URL returned error: 403
The requested URL returned error: 403
The requested URL returned error: 403
The requested URL returned error: 403
The requested URL returned error: 403
The requested URL returned error: 403
The requested URL returned error: 403
The requested URL returned error: 403
The requested URL returned error: 403
The requested URL returned error: 403
The requested URL returned error: 403
The requested URL returned error: 403
The requested URL returned error: 403
The requested URL returned error: 403
The requested URL returned error: 403
The requested URL returned error: 403
The requested URL returned error: 403
The requested URL returned error: 403
The requested URL returned error: 403
The requested URL returned error: 403
The requested URL returned error: 403
The requested URL returned error: 403
The requested URL returned error: 403
The requested URL returned error: 403
The requested URL returned error: 403
The requested URL returned error: 403
The requested URL returned error: 403
The requested URL returned error: 403
The requested URL returned error
Downloaded: 0 file(s) [attempted 3671/6641 = 55%], 3671 failed
Downloaded: 0 file(s) [attempted 3707/6641 = 55%], 3707 failed
Downloaded: 0 file(s) [attempted 3741/6641 = 56%], 3741 failed: 403
The requested URL returned error: 403
The requested URL returned error: 403
The requested URL returned error: 403
The requested URL returned error: 403
The requested URL returned error: 403
The requested URL returned error: 403
The requested URL returned error: 403
The requested URL returned error: 403
The requested URL returned error: 403
The requested URL returned error: 403
The requested URL returned error: 403
The requested URL returned error: 403
The requested URL returned error: 403
The requested URL returned error: 403
The requested URL returned error: 403
The requested URL returned error: 403
The requested URL returned error: 403
The requested URL returned error: 403
The requested URL returned error: 403
The requested URL returned error: 403
The requested URL returned error: 403
The requested URL returned error: 403
The requested URL returned error: 403
The requested URL returned error: 403
The requested URL returned error: 403
The requested URL returned error: 403
The requested URL returned error: 403
The requested URL returned error: 403
The requested URL returned error: 403
The requested URL returned error: 403
The requested URL returned error: 403
The requested URL returned error: 403
The requested URL returned error: 403
The requested URL returned error: 403
The requested URL returned error: 403
The requested URL returned error: 403
The requested URL returned error: 403
The requested URL returned error: 403
The requested URL returned error: 403
The requested URL returned error: 403
The requested URL returned error: 403
The requested URL returned error: 403
The requested URL returned error: 403
The requested URL returned error: 403
The requested URL returned error: 403
The requested URL returned error: 403
The requested URL returned error: 403
The requested URL returned error: 403
The requested URL returned error: 403
The requested URL returned error: 403
The requested URL returned error: 403
The requested URL returned error: 403
The requested URL returned error: 403
The requested URL returned error: 403
The requested URL returned error: 403
The requested URL returned error: 403
The requested URL returned error: 403
The requested URL returned error: 403
The requested URL returned error: 403
The requested URL returned error: 403
The requested URL returned error: 403
The requested URL returned error: 403
The requested URL returned error: 403
The requested URL returned error: 403
The requested URL returned error: 403
The requested URL returned error: 403
The requested URL returned error: 403
The requested URL returned error: 403
The requested URL returned error: 403
The requested URL returned error: 403
The requested URL returned error: 403
The requested URL returned error: 403
The requested URL returned error: 403
The requested URL returned error: 403
The requested URL returned error: 403
The requested URL returned error: 403
The requested URL returned error: 403
The requested URL returned error: 403
The requested URL returned error: 403
The requested URL returned error: 403
The requested URL returned error: 403
The requested URL returned error: 403
The requested URL returned error: 403
The requested URL returned error: 403
The requested URL returned error: 403
The requested URL returned error: 403
The requested URL returned error: 403
The requested URL returned error: 403
The requested URL returned error: 403
The requested URL returned error: 403
The requested URL returned error: 403
The requested URL returned error: 403
The requested URL returned error: 403
The requested URL returned error: 403
The requested URL returned error: 403
The requested URL returned error: 403
The requested URL returned error: 403
The requested URL returned error: 403
The requested URL returned error: 403
The requested URL returned error: 403
The requested URL returned error: 403
The requested URL returned error: 403
The requested URL returned error: 403
The requested URL returned error: 403
The requested URL returned error: 403
The requested URL returned error: 403
The requested URL returned error: 403
The requested URL return
Downloaded: 0 file(s) [attempted 3775/6641 = 56%], 3775 failed
Downloaded: 0 file(s) [attempted 3811/6641 = 57%], 3811 failed
Downloaded: 0 file(s) [attempted 3845/6641 = 57%], 3845 failed
Downloaded: 0 file(s) [attempted 3877/6641 = 58%], 3877 faileded error: 403
The requested URL returned error: 403
The requested URL returned error: 403
The requested URL returned error: 403
The requested URL returned error: 403
The requested URL returned error: 403
The requested URL returned error: 403
The requested URL returned error: 403
The requested URL returned error: 403
The requested URL returned error: 403
The requested URL returned error: 403
The requested URL returned error: 403
The requested URL returned error: 403
The requested URL returned error: 403
The requested URL returned error: 403
The requested URL returned error: 403
The requested URL returned error: 403
The requested URL returned error: 403
The requested URL returned error: 403
The requested URL returned error: 403
The requested URL returned error: 403
The requested URL returned error: 403
The requested URL returned error: 403
The requested URL returned error: 403
The requested URL returned error: 403
The requested URL returned error: 403
The requested URL returned error: 403
The requested URL returned error: 403
The requested URL returned error: 403
The requested URL returned error: 403
The requested URL returned error: 403
The requested URL returned error: 403
The requested URL returned error: 403
The requested URL returned error: 403
The requested URL returned error: 403
The requested URL returned error: 403
The requested URL returned error: 403
The requested URL returned error: 403
The requested URL returned error: 403
The requested URL returned error: 403
The requested URL returned error: 403
The requested URL returned error: 403
The requested URL returned error: 403
The requested URL returned error: 403
The requested URL returned error: 403
The requested URL returned error: 403
The requested URL returned error: 403
The requested URL returned error: 403
The requested URL returned error: 403
The requested URL returned error: 403
The requested URL returned error: 403
The requested URL returned error: 403
The requested URL returned error: 403
The requested URL returned error: 403
The requested URL returned error: 403
The requested URL returned error: 403
The requested URL returned error: 403
The requested URL returned error: 403
The requested URL returned error: 403
The requested URL returned error: 403
The requested URL returned error: 403
The requested URL returned error: 403
The requested URL returned error: 403
The requested URL returned error: 403
The requested URL returned error: 403
The requested URL returned error: 403
The requested URL returned error: 403
The requested URL returned error: 403
The requested URL returned error: 403
The requested URL returned error: 403
The requested URL returned error: 403
The requested URL returned error: 403
The requested URL returned error: 403
The requested URL returned error: 403
The requested URL returned error: 403
The requested URL returned error: 403
The requested URL returned error: 403
The requested URL returned error: 403
The requested URL returned error: 403
The requested URL returned error: 403
The requested URL returned error: 403
The requested URL returned error: 403
The requested URL returned error: 403
The requested URL returned error: 403
The requested URL returned error: 403
The requested URL returned error: 403
The requested URL returned error: 403
The requested URL returned error: 403
The requested URL returned error: 403
The requested URL returned error: 403
The requested URL returned error: 403
The requested URL returned error: 403
The requested URL returned error: 403
The requested URL returned error: 403
The requested URL returned error: 403
The requested URL returned error: 403
The requested URL returned error: 403
The requested URL returned error: 403
The requested URL returned error: 403
The requested URL returned error: 403
The requested URL returned error: 403
The requested URL returned error: 403
The requested URL returned error: 403
The requested URL returned error: 403
The requested URL returned error: 403
The requested URL returned error: 403
The requested URL returned error: 403
The requested URL returned error: 403
The requested UR
Downloaded: 0 file(s) [attempted 3914/6641 = 58%], 3914 failed
Downloaded: 0 file(s) [attempted 3948/6641 = 59%], 3948 failed
Downloaded: 0 file(s) [attempted 3981/6641 = 59%], 3981 failedL returned error: 403
The requested URL returned error: 403
The requested URL returned error: 403
The requested URL returned error: 403
The requested URL returned error: 403
The requested URL returned error: 403
The requested URL returned error: 403
The requested URL returned error: 403
The requested URL returned error: 403
The requested URL returned error: 403
The requested URL returned error: 403
The requested URL returned error: 403
The requested URL returned error: 403
The requested URL returned error: 403
The requested URL returned error: 403
The requested URL returned error: 403
The requested URL returned error: 403
The requested URL returned error: 403
The requested URL returned error: 403
The requested URL returned error: 403
The requested URL returned error: 403
The requested URL returned error: 403
The requested URL returned error: 403
The requested URL returned error: 403
The requested URL returned error: 403
The requested URL returned error: 403
The requested URL returned error: 403
The requested URL returned error: 403
The requested URL returned error: 403
The requested URL returned error: 403
The requested URL returned error: 403
The requested URL returned error: 403
The requested URL returned error: 403
The requested URL returned error: 403
The requested URL returned error: 403
The requested URL returned error: 403
The requested URL returned error: 403
The requested URL returned error: 403
The requested URL returned error: 403
The requested URL returned error: 403
The requested URL returned error: 403
The requested URL returned error: 403
The requested URL returned error: 403
The requested URL returned error: 403
The requested URL returned error: 403
The requested URL returned error: 403
The requested URL returned error: 403
The requested URL returned error: 403
The requested URL returned error: 403
The requested URL returned error: 403
The requested URL returned error: 403
The requested URL returned error: 403
The requested URL returned error: 403
The requested URL returned error: 403
The requested URL returned error: 403
The requested URL returned error: 403
The requested URL returned error: 403
The requested URL returned error: 403
The requested URL returned error: 403
The requested URL returned error: 403
The requested URL returned error: 403
The requested URL returned error: 403
The requested URL returned error: 403
The requested URL returned error: 403
The requested URL returned error: 403
The requested URL returned error: 403
The requested URL returned error: 403
The requested URL returned error: 403
The requested URL returned error: 403
The requested URL returned error: 403
The requested URL returned error: 403
The requested URL returned error: 403
The requested URL returned error: 403
The requested URL returned error: 403
The requested URL returned error: 403
The requested URL returned error: 403
The requested URL returned error: 403
The requested URL returned error: 403
The requested URL returned error: 403
The requested URL returned error: 403
The requested URL returned error: 403
The requested URL returned error: 403
The requested URL returned error: 403
The requested URL returned error: 403
The requested URL returned error: 403
The requested URL returned error: 403
The requested URL returned error: 403
The requested URL returned error: 403
The requested URL returned error: 403
The requested URL returned error: 403
The requested URL returned error: 403
The requested URL returned error: 403
The requested URL returned error: 403
The requested URL returned error: 403
The requested URL returned error: 403
The requested URL returned error: 403
The requested URL returned error: 403
The requested URL returned error: 403
The requested URL returned error: 403
The requested URL returned error: 403
The requested URL returned error: 403
The requested URL returned error: 403
The requested URL returned error: 403
The requested URL returned error: 403
The requested URL returned error: 403
The requested URL returned error: 403
The requested URL returned error: 403
The requested URL returned error: 403
The requ
Downloaded: 0 file(s) [attempted 4016/6641 = 60%], 4016 failed
Downloaded: 0 file(s) [attempted 4049/6641 = 60%], 4049 failed
Downloaded: 0 file(s) [attempted 4085/6641 = 61%], 4085 failedested URL returned error: 403
The requested URL returned error: 403
The requested URL returned error: 403
The requested URL returned error: 403
The requested URL returned error: 403
The requested URL returned error: 403
The requested URL returned error: 403
The requested URL returned error: 403
The requested URL returned error: 403
The requested URL returned error: 403
The requested URL returned error: 403
The requested URL returned error: 403
The requested URL returned error: 403
The requested URL returned error: 403
The requested URL returned error: 403
The requested URL returned error: 403
The requested URL returned error: 403
The requested URL returned error: 403
The requested URL returned error: 403
The requested URL returned error: 403
The requested URL returned error: 403
The requested URL returned error: 403
The requested URL returned error: 403
The requested URL returned error: 403
The requested URL returned error: 403
The requested URL returned error: 403
The requested URL returned error: 403
The requested URL returned error: 403
The requested URL returned error: 403
The requested URL returned error: 403
The requested URL returned error: 403
The requested URL returned error: 403
The requested URL returned error: 403
The requested URL returned error: 403
The requested URL returned error: 403
The requested URL returned error: 403
The requested URL returned error: 403
The requested URL returned error: 403
The requested URL returned error: 403
The requested URL returned error: 403
The requested URL returned error: 403
The requested URL returned error: 403
The requested URL returned error: 403
The requested URL returned error: 403
The requested URL returned error: 403
The requested URL returned error: 403
The requested URL returned error: 403
The requested URL returned error: 403
The requested URL returned error: 403
The requested URL returned error: 403
The requested URL returned error: 403
The requested URL returned error: 403
The requested URL returned error: 403
The requested URL returned error: 403
The requested URL returned error: 403
The requested URL returned error: 403
The requested URL returned error: 403
The requested URL returned error: 403
The requested URL returned error: 403
The requested URL returned error: 403
The requested URL returned error: 403
The requested URL returned error: 403
The requested URL returned error: 403
The requested URL returned error: 403
The requested URL returned error: 403
The requested URL returned error: 403
The requested URL returned error: 403
The requested URL returned error: 403
The requested URL returned error: 403
The requested URL returned error: 403
The requested URL returned error: 403
The requested URL returned error: 403
The requested URL returned error: 403
The requested URL returned error: 403
The requested URL returned error: 403
The requested URL returned error: 403
The requested URL returned error: 403
The requested URL returned error: 403
The requested URL returned error: 403
The requested URL returned error: 403
The requested URL returned error: 403
The requested URL returned error: 403
The requested URL returned error: 403
The requested URL returned error: 403
The requested URL returned error: 403
The requested URL returned error: 403
The requested URL returned error: 403
The requested URL returned error: 403
The requested URL returned error: 403
The requested URL returned error: 403
The requested URL returned error: 403
The requested URL returned error: 403
The requested URL returned error: 403
The requested URL returned error: 403
The requested URL returned error: 403
The requested URL returned error: 403
The requested URL returned error: 403
The requested URL returned error: 403
The requested URL returned error: 403
The requested URL returned error: 403
The requested URL returned error: 403
The requested URL returned error: 403
The requested URL returned error: 403
The requested URL returned error: 403
The requested URL returned error: 403
The requested URL returned error: 403
The requested URL returned error: 403
The requested URL returned error: 403

Downloaded: 0 file(s) [attempted 4119/6641 = 62%], 4119 failed
Downloaded: 0 file(s) [attempted 4153/6641 = 62%], 4153 failed
Downloaded: 0 file(s) [attempted 4187/6641 = 63%], 4187 failedThe requested URL returned error: 403
The requested URL returned error: 403
The requested URL returned error: 403
The requested URL returned error: 403
The requested URL returned error: 403
The requested URL returned error: 403
The requested URL returned error: 403
The requested URL returned error: 403
The requested URL returned error: 403
The requested URL returned error: 403
The requested URL returned error: 403
The requested URL returned error: 403
The requested URL returned error: 403
The requested URL returned error: 403
The requested URL returned error: 403
The requested URL returned error: 403
The requested URL returned error: 403
The requested URL returned error: 403
The requested URL returned error: 403
The requested URL returned error: 403
The requested URL returned error: 403
The requested URL returned error: 403
The requested URL returned error: 403
The requested URL returned error: 403
The requested URL returned error: 403
The requested URL returned error: 403
The requested URL returned error: 403
The requested URL returned error: 403
The requested URL returned error: 403
The requested URL returned error: 403
The requested URL returned error: 403
The requested URL returned error: 403
The requested URL returned error: 403
The requested URL returned error: 403
The requested URL returned error: 403
The requested URL returned error: 403
The requested URL returned error: 403
The requested URL returned error: 403
The requested URL returned error: 403
The requested URL returned error: 403
The requested URL returned error: 403
The requested URL returned error: 403
The requested URL returned error: 403
The requested URL returned error: 403
The requested URL returned error: 403
The requested URL returned error: 403
The requested URL returned error: 403
The requested URL returned error: 403
The requested URL returned error: 403
The requested URL returned error: 403
The requested URL returned error: 403
The requested URL returned error: 403
The requested URL returned error: 403
The requested URL returned error: 403
The requested URL returned error: 403
The requested URL returned error: 403
The requested URL returned error: 403
The requested URL returned error: 403
The requested URL returned error: 403
The requested URL returned error: 403
The requested URL returned error: 403
The requested URL returned error: 403
The requested URL returned error: 403
The requested URL returned error: 403
The requested URL returned error: 403
The requested URL returned error: 403
The requested URL returned error: 403
The requested URL returned error: 403
The requested URL returned error: 403
The requested URL returned error: 403
The requested URL returned error: 403
The requested URL returned error: 403
The requested URL returned error: 403
The requested URL returned error: 403
The requested URL returned error: 403
The requested URL returned error: 403
The requested URL returned error: 403
The requested URL returned error: 403
The requested URL returned error: 403
The requested URL returned error: 403
The requested URL returned error: 403
The requested URL returned error: 403
The requested URL returned error: 403
The requested URL returned error: 403
The requested URL returned error: 403
The requested URL returned error: 403
The requested URL returned error: 403
The requested URL returned error: 403
The requested URL returned error: 403
The requested URL returned error: 403
The requested URL returned error: 403
The requested URL returned error: 403
The requested URL returned error: 403
The requested URL returned error: 403
The requested URL returned error: 403
The requested URL returned error: 403
The requested URL returned error: 403
The requested URL returned error: 403
The requested URL returned error: 403
The requested URL returned error: 403
The requested URL returned error: 403
The requested URL returned error: 403
The requested URL returned error: 403
The requested URL returned error: 403
The requested URL returned error: 403
The requested URL returned error: 403
The requested URL returned error: 403
The requested URL returned err
Downloaded: 0 file(s) [attempted 4219/6641 = 63%], 4219 failed
Downloaded: 0 file(s) [attempted 4249/6641 = 63%], 4249 failed
Downloaded: 0 file(s) [attempted 4285/6641 = 64%], 4285 failedor: 403
The requested URL returned error: 403
The requested URL returned error: 403
The requested URL returned error: 403
The requested URL returned error: 403
The requested URL returned error: 403
The requested URL returned error: 403
The requested URL returned error: 403
The requested URL returned error: 403
The requested URL returned error: 403
The requested URL returned error: 403
The requested URL returned error: 403
The requested URL returned error: 403
The requested URL returned error: 403
The requested URL returned error: 403
The requested URL returned error: 403
The requested URL returned error: 403
The requested URL returned error: 403
The requested URL returned error: 403
The requested URL returned error: 403
The requested URL returned error: 403
The requested URL returned error: 403
The requested URL returned error: 403
The requested URL returned error: 403
The requested URL returned error: 403
The requested URL returned error: 403
The requested URL returned error: 403
The requested URL returned error: 403
The requested URL returned error: 403
The requested URL returned error: 403
The requested URL returned error: 403
The requested URL returned error: 403
The requested URL returned error: 403
The requested URL returned error: 403
The requested URL returned error: 403
The requested URL returned error: 403
The requested URL returned error: 403
The requested URL returned error: 403
The requested URL returned error: 403
The requested URL returned error: 403
The requested URL returned error: 403
The requested URL returned error: 403
The requested URL returned error: 403
The requested URL returned error: 403
The requested URL returned error: 403
The requested URL returned error: 403
The requested URL returned error: 403
The requested URL returned error: 403
The requested URL returned error: 403
The requested URL returned error: 403
The requested URL returned error: 403
The requested URL returned error: 403
The requested URL returned error: 403
The requested URL returned error: 403
The requested URL returned error: 403
The requested URL returned error: 403
The requested URL returned error: 403
The requested URL returned error: 403
The requested URL returned error: 403
The requested URL returned error: 403
The requested URL returned error: 403
The requested URL returned error: 403
The requested URL returned error: 403
The requested URL returned error: 403
The requested URL returned error: 403
The requested URL returned error: 403
The requested URL returned error: 403
The requested URL returned error: 403
The requested URL returned error: 403
The requested URL returned error: 403
The requested URL returned error: 403
The requested URL returned error: 403
The requested URL returned error: 403
The requested URL returned error: 403
The requested URL returned error: 403
The requested URL returned error: 403
The requested URL returned error: 403
The requested URL returned error: 403
The requested URL returned error: 403
The requested URL returned error: 403
The requested URL returned error: 403
The requested URL returned error: 403
The requested URL returned error: 403
The requested URL returned error: 403
The requested URL returned error: 403
The requested URL returned error: 403
The requested URL returned error: 403
The requested URL returned error: 403
The requested URL returned error: 403
The requested URL returned error: 403
The requested URL returned error: 403
The requested URL returned error: 403
The requested URL returned error: 403
The requested URL returned error: 403
The requested URL returned error: 403
The requested URL returned error: 403
The requested URL returned error: 403
The requested URL returned error: 403
The requested URL returned error: 403
The requested URL returned error: 403
The requested URL returned error: 403
The requested URL returned error: 403
The requested URL returned error: 403
The requested URL returned error: 403
The requested URL returned error: 403
The requested URL returned error: 403
The requested URL returned error: 403
The requested URL returned error: 403
The requested URL retu
Downloaded: 0 file(s) [attempted 4317/6641 = 65%], 4317 failed
Downloaded: 0 file(s) [attempted 4353/6641 = 65%], 4353 failed
Downloaded: 0 file(s) [attempted 4390/6641 = 66%], 4390 failedrned error: 403
The requested URL returned error: 403
The requested URL returned error: 403
The requested URL returned error: 403
The requested URL returned error: 403
The requested URL returned error: 403
The requested URL returned error: 403
The requested URL returned error: 403
The requested URL returned error: 403
The requested URL returned error: 403
The requested URL returned error: 403
The requested URL returned error: 403
The requested URL returned error: 403
The requested URL returned error: 403
The requested URL returned error: 403
The requested URL returned error: 403
The requested URL returned error: 403
The requested URL returned error: 403
The requested URL returned error: 403
The requested URL returned error: 403
The requested URL returned error: 403
The requested URL returned error: 403
The requested URL returned error: 403
The requested URL returned error: 403
The requested URL returned error: 403
The requested URL returned error: 403
The requested URL returned error: 403
The requested URL returned error: 403
The requested URL returned error: 403
The requested URL returned error: 403
The requested URL returned error: 403
The requested URL returned error: 403
The requested URL returned error: 403
The requested URL returned error: 403
The requested URL returned error: 403
The requested URL returned error: 403
The requested URL returned error: 403
The requested URL returned error: 403
The requested URL returned error: 403
The requested URL returned error: 403
The requested URL returned error: 403
The requested URL returned error: 403
The requested URL returned error: 403
The requested URL returned error: 403
The requested URL returned error: 403
The requested URL returned error: 403
The requested URL returned error: 403
The requested URL returned error: 403
The requested URL returned error: 403
The requested URL returned error: 403
The requested URL returned error: 403
The requested URL returned error: 403
The requested URL returned error: 403
The requested URL returned error: 403
The requested URL returned error: 403
The requested URL returned error: 403
The requested URL returned error: 403
The requested URL returned error: 403
The requested URL returned error: 403
The requested URL returned error: 403
The requested URL returned error: 403
The requested URL returned error: 403
The requested URL returned error: 403
The requested URL returned error: 403
The requested URL returned error: 403
The requested URL returned error: 403
The requested URL returned error: 403
The requested URL returned error: 403
The requested URL returned error: 403
The requested URL returned error: 403
The requested URL returned error: 403
The requested URL returned error: 403
The requested URL returned error: 403
The requested URL returned error: 403
The requested URL returned error: 403
The requested URL returned error: 403
The requested URL returned error: 403
The requested URL returned error: 403
The requested URL returned error: 403
The requested URL returned error: 403
The requested URL returned error: 403
The requested URL returned error: 403
The requested URL returned error: 403
The requested URL returned error: 403
The requested URL returned error: 403
The requested URL returned error: 403
The requested URL returned error: 403
The requested URL returned error: 403
The requested URL returned error: 403
The requested URL returned error: 403
The requested URL returned error: 403
The requested URL returned error: 403
The requested URL returned error: 403
The requested URL returned error: 403
The requested URL returned error: 403
The requested URL returned error: 403
The requested URL returned error: 403
The requested URL returned error: 403
The requested URL returned error: 403
The requested URL returned error: 403
The requested URL returned error: 403
The requested URL returned error: 403
The requested URL returned error: 403
The requested URL returned error: 403
The requested URL returned error: 403
The requested URL returned error: 403
The requested URL returned error: 403
The requested URL returned error: 403
The requested
Downloaded: 0 file(s) [attempted 4422/6641 = 66%], 4422 failed
Downloaded: 0 file(s) [attempted 4456/6641 = 67%], 4456 failed
Downloaded: 0 file(s) [attempted 4488/6641 = 67%], 4488 failed
Downloaded: 0 file(s) [attempted 4520/6641 = 68%], 4520 failedURL returned error: 403
The requested URL returned error: 403
The requested URL returned error: 403
The requested URL returned error: 403
The requested URL returned error: 403
The requested URL returned error: 403
The requested URL returned error: 403
The requested URL returned error: 403
The requested URL returned error: 403
The requested URL returned error: 403
The requested URL returned error: 403
The requested URL returned error: 403
The requested URL returned error: 403
The requested URL returned error: 403
The requested URL returned error: 403
The requested URL returned error: 403
The requested URL returned error: 403
The requested URL returned error: 403
The requested URL returned error: 403
The requested URL returned error: 403
The requested URL returned error: 403
The requested URL returned error: 403
The requested URL returned error: 403
The requested URL returned error: 403
The requested URL returned error: 403
The requested URL returned error: 403
The requested URL returned error: 403
The requested URL returned error: 403
The requested URL returned error: 403
The requested URL returned error: 403
The requested URL returned error: 403
The requested URL returned error: 403
The requested URL returned error: 403
The requested URL returned error: 403
The requested URL returned error: 403
The requested URL returned error: 403
The requested URL returned error: 403
The requested URL returned error: 403
The requested URL returned error: 403
The requested URL returned error: 403
The requested URL returned error: 403
The requested URL returned error: 403
The requested URL returned error: 403
The requested URL returned error: 403
The requested URL returned error: 403
The requested URL returned error: 403
The requested URL returned error: 403
The requested URL returned error: 403
The requested URL returned error: 403
The requested URL returned error: 403
The requested URL returned error: 403
The requested URL returned error: 403
The requested URL returned error: 403
The requested URL returned error: 403
The requested URL returned error: 403
The requested URL returned error: 403
The requested URL returned error: 403
The requested URL returned error: 403
The requested URL returned error: 403
The requested URL returned error: 403
The requested URL returned error: 403
The requested URL returned error: 403
The requested URL returned error: 403
The requested URL returned error: 403
The requested URL returned error: 403
The requested URL returned error: 403
The requested URL returned error: 403
The requested URL returned error: 403
The requested URL returned error: 403
The requested URL returned error: 403
The requested URL returned error: 403
The requested URL returned error: 403
The requested URL returned error: 403
The requested URL returned error: 403
The requested URL returned error: 403
The requested URL returned error: 403
The requested URL returned error: 403
The requested URL returned error: 403
The requested URL returned error: 403
The requested URL returned error: 403
The requested URL returned error: 403
The requested URL returned error: 403
The requested URL returned error: 403
The requested URL returned error: 403
The requested URL returned error: 403
The requested URL returned error: 403
The requested URL returned error: 403
The requested URL returned error: 403
The requested URL returned error: 403
The requested URL returned error: 403
The requested URL returned error: 403
The requested URL returned error: 403
The requested URL returned error: 403
The requested URL returned error: 403
The requested URL returned error: 403
The requested URL returned error: 403
The requested URL returned error: 403
The requested URL returned error: 403
The requested URL returned error: 403
The requested URL returned error: 403
The requested URL returned error: 403
The requested URL returned error: 403
The requested URL returned error: 403
The requested URL returned error: 403
The requested URL returned error: 403
The requested URL returned error: 403
The requested URL returned error: 403
The requested URL returned error: 403
The re
Downloaded: 0 file(s) [attempted 4556/6641 = 68%], 4556 failed
Downloaded: 0 file(s) [attempted 4590/6641 = 69%], 4590 failed
Downloaded: 0 file(s) [attempted 4625/6641 = 69%], 4625 failedquested URL returned error: 403
The requested URL returned error: 403
The requested URL returned error: 403
The requested URL returned error: 403
The requested URL returned error: 403
The requested URL returned error: 403
The requested URL returned error: 403
The requested URL returned error: 403
The requested URL returned error: 403
The requested URL returned error: 403
The requested URL returned error: 403
The requested URL returned error: 403
The requested URL returned error: 403
The requested URL returned error: 403
The requested URL returned error: 403
The requested URL returned error: 403
The requested URL returned error: 403
The requested URL returned error: 403
The requested URL returned error: 403
The requested URL returned error: 403
The requested URL returned error: 403
The requested URL returned error: 403
The requested URL returned error: 403
The requested URL returned error: 403
The requested URL returned error: 403
The requested URL returned error: 403
The requested URL returned error: 403
The requested URL returned error: 403
The requested URL returned error: 403
The requested URL returned error: 403
The requested URL returned error: 403
The requested URL returned error: 403
The requested URL returned error: 403
The requested URL returned error: 403
The requested URL returned error: 403
The requested URL returned error: 403
The requested URL returned error: 403
The requested URL returned error: 403
The requested URL returned error: 403
The requested URL returned error: 403
The requested URL returned error: 403
The requested URL returned error: 403
The requested URL returned error: 403
The requested URL returned error: 403
The requested URL returned error: 403
The requested URL returned error: 403
The requested URL returned error: 403
The requested URL returned error: 403
The requested URL returned error: 403
The requested URL returned error: 403
The requested URL returned error: 403
The requested URL returned error: 403
The requested URL returned error: 403
The requested URL returned error: 403
The requested URL returned error: 403
The requested URL returned error: 403
The requested URL returned error: 403
The requested URL returned error: 403
The requested URL returned error: 403
The requested URL returned error: 403
The requested URL returned error: 403
The requested URL returned error: 403
The requested URL returned error: 403
The requested URL returned error: 403
The requested URL returned error: 403
The requested URL returned error: 403
The requested URL returned error: 403
The requested URL returned error: 403
The requested URL returned error: 403
The requested URL returned error: 403
The requested URL returned error: 403
The requested URL returned error: 403
The requested URL returned error: 403
The requested URL returned error: 403
The requested URL returned error: 403
The requested URL returned error: 403
The requested URL returned error: 403
The requested URL returned error: 403
The requested URL returned error: 403
The requested URL returned error: 403
The requested URL returned error: 403
The requested URL returned error: 403
The requested URL returned error: 403
The requested URL returned error: 403
The requested URL returned error: 403
The requested URL returned error: 403
The requested URL returned error: 403
The requested URL returned error: 403
The requested URL returned error: 403
The requested URL returned error: 403
The requested URL returned error: 403
The requested URL returned error: 403
The requested URL returned error: 403
The requested URL returned error: 403
The requested URL returned error: 403
The requested URL returned error: 403
The requested URL returned error: 403
The requested URL returned error: 403
The requested URL returned error: 403
The requested URL returned error: 403
The requested URL returned error: 403
The requested URL returned error: 403
The requested URL returned error: 403
The requested URL returned error: 403
The requested URL returned error: 403
The requested URL returned error: 403
The requested URL returned error: 403
The requested URL returned error: 40
Downloaded: 0 file(s) [attempted 4659/6641 = 70%], 4659 failed
Downloaded: 0 file(s) [attempted 4693/6641 = 70%], 4693 failed
Downloaded: 0 file(s) [attempted 4727/6641 = 71%], 4727 failed3
The requested URL returned error: 403
The requested URL returned error: 403
The requested URL returned error: 403
The requested URL returned error: 403
The requested URL returned error: 403
The requested URL returned error: 403
The requested URL returned error: 403
The requested URL returned error: 403
The requested URL returned error: 403
The requested URL returned error: 403
The requested URL returned error: 403
The requested URL returned error: 403
The requested URL returned error: 403
The requested URL returned error: 403
The requested URL returned error: 403
The requested URL returned error: 403
The requested URL returned error: 403
The requested URL returned error: 403
The requested URL returned error: 403
The requested URL returned error: 403
The requested URL returned error: 403
The requested URL returned error: 403
The requested URL returned error: 403
The requested URL returned error: 403
The requested URL returned error: 403
The requested URL returned error: 403
The requested URL returned error: 403
The requested URL returned error: 403
The requested URL returned error: 403
The requested URL returned error: 403
The requested URL returned error: 403
The requested URL returned error: 403
The requested URL returned error: 403
The requested URL returned error: 403
The requested URL returned error: 403
The requested URL returned error: 403
The requested URL returned error: 403
The requested URL returned error: 403
The requested URL returned error: 403
The requested URL returned error: 403
The requested URL returned error: 403
The requested URL returned error: 403
The requested URL returned error: 403
The requested URL returned error: 403
The requested URL returned error: 403
The requested URL returned error: 403
The requested URL returned error: 403
The requested URL returned error: 403
The requested URL returned error: 403
The requested URL returned error: 403
The requested URL returned error: 403
The requested URL returned error: 403
The requested URL returned error: 403
The requested URL returned error: 403
The requested URL returned error: 403
The requested URL returned error: 403
The requested URL returned error: 403
The requested URL returned error: 403
The requested URL returned error: 403
The requested URL returned error: 403
The requested URL returned error: 403
The requested URL returned error: 403
The requested URL returned error: 403
The requested URL returned error: 403
The requested URL returned error: 403
The requested URL returned error: 403
The requested URL returned error: 403
The requested URL returned error: 403
The requested URL returned error: 403
The requested URL returned error: 403
The requested URL returned error: 403
The requested URL returned error: 403
The requested URL returned error: 403
The requested URL returned error: 403
The requested URL returned error: 403
The requested URL returned error: 403
The requested URL returned error: 403
The requested URL returned error: 403
The requested URL returned error: 403
The requested URL returned error: 403
The requested URL returned error: 403
The requested URL returned error: 403
The requested URL returned error: 403
The requested URL returned error: 403
The requested URL returned error: 403
The requested URL returned error: 403
The requested URL returned error: 403
The requested URL returned error: 403
The requested URL returned error: 403
The requested URL returned error: 403
The requested URL returned error: 403
The requested URL returned error: 403
The requested URL returned error: 403
The requested URL returned error: 403
The requested URL returned error: 403
The requested URL returned error: 403
The requested URL returned error: 403
The requested URL returned error: 403
The requested URL returned error: 403
The requested URL returned error: 403
The requested URL returned error: 403
The requested URL returned error: 403
The requested URL returned error: 403
The requested URL returned error: 403
The requested URL returned error: 403
The requested URL returned error: 403
The requested URL returned error: 403
The requested URL returned e
Downloaded: 0 file(s) [attempted 4764/6641 = 71%], 4764 failed
Downloaded: 0 file(s) [attempted 4795/6641 = 72%], 4795 failed
Downloaded: 0 file(s) [attempted 4830/6641 = 72%], 4830 failedrror: 403
The requested URL returned error: 403
The requested URL returned error: 403
The requested URL returned error: 403
The requested URL returned error: 403
The requested URL returned error: 403
The requested URL returned error: 403
The requested URL returned error: 403
The requested URL returned error: 403
The requested URL returned error: 403
The requested URL returned error: 403
The requested URL returned error: 403
The requested URL returned error: 403
The requested URL returned error: 403
The requested URL returned error: 403
The requested URL returned error: 403
The requested URL returned error: 403
The requested URL returned error: 403
The requested URL returned error: 403
The requested URL returned error: 403
The requested URL returned error: 403
The requested URL returned error: 403
The requested URL returned error: 403
The requested URL returned error: 403
The requested URL returned error: 403
The requested URL returned error: 403
The requested URL returned error: 403
The requested URL returned error: 403
The requested URL returned error: 403
The requested URL returned error: 403
The requested URL returned error: 403
The requested URL returned error: 403
The requested URL returned error: 403
The requested URL returned error: 403
The requested URL returned error: 403
The requested URL returned error: 403
The requested URL returned error: 403
The requested URL returned error: 403
The requested URL returned error: 403
The requested URL returned error: 403
The requested URL returned error: 403
The requested URL returned error: 403
The requested URL returned error: 403
The requested URL returned error: 403
The requested URL returned error: 403
The requested URL returned error: 403
The requested URL returned error: 403
The requested URL returned error: 403
The requested URL returned error: 403
The requested URL returned error: 403
The requested URL returned error: 403
The requested URL returned error: 403
The requested URL returned error: 403
The requested URL returned error: 403
The requested URL returned error: 403
The requested URL returned error: 403
The requested URL returned error: 403
The requested URL returned error: 403
The requested URL returned error: 403
The requested URL returned error: 403
The requested URL returned error: 403
The requested URL returned error: 403
The requested URL returned error: 403
The requested URL returned error: 403
The requested URL returned error: 403
The requested URL returned error: 403
The requested URL returned error: 403
The requested URL returned error: 403
The requested URL returned error: 403
The requested URL returned error: 403
The requested URL returned error: 403
The requested URL returned error: 403
The requested URL returned error: 403
The requested URL returned error: 403
The requested URL returned error: 403
The requested URL returned error: 403
The requested URL returned error: 403
The requested URL returned error: 403
The requested URL returned error: 403
The requested URL returned error: 403
The requested URL returned error: 403
The requested URL returned error: 403
The requested URL returned error: 403
The requested URL returned error: 403
The requested URL returned error: 403
The requested URL returned error: 403
The requested URL returned error: 403
The requested URL returned error: 403
The requested URL returned error: 403
The requested URL returned error: 403
The requested URL returned error: 403
The requested URL returned error: 403
The requested URL returned error: 403
The requested URL returned error: 403
The requested URL returned error: 403
The requested URL returned error: 403
The requested URL returned error: 403
The requested URL returned error: 403
The requested URL returned error: 403
The requested URL returned error: 403
The requested URL returned error: 403
The requested URL returned error: 403
The requested URL returned error: 403
The requested URL returned error: 403
The requested URL returned error: 403
The requested URL returned error: 403
The requested URL returned error: 403
The requested URL returned error: 403
The requested URL re
Downloaded: 0 file(s) [attempted 4862/6641 = 73%], 4862 failed
Downloaded: 0 file(s) [attempted 4895/6641 = 73%], 4895 failed
Downloaded: 0 file(s) [attempted 4930/6641 = 74%], 4930 failedturned error: 403
The requested URL returned error: 403
The requested URL returned error: 403
The requested URL returned error: 403
The requested URL returned error: 403
The requested URL returned error: 403
The requested URL returned error: 403
The requested URL returned error: 403
The requested URL returned error: 403
The requested URL returned error: 403
The requested URL returned error: 403
The requested URL returned error: 403
The requested URL returned error: 403
The requested URL returned error: 403
The requested URL returned error: 403
The requested URL returned error: 403
The requested URL returned error: 403
The requested URL returned error: 403
The requested URL returned error: 403
The requested URL returned error: 403
The requested URL returned error: 403
The requested URL returned error: 403
The requested URL returned error: 403
The requested URL returned error: 403
The requested URL returned error: 403
The requested URL returned error: 403
The requested URL returned error: 403
The requested URL returned error: 403
The requested URL returned error: 403
The requested URL returned error: 403
The requested URL returned error: 403
The requested URL returned error: 403
The requested URL returned error: 403
The requested URL returned error: 403
The requested URL returned error: 403
The requested URL returned error: 403
The requested URL returned error: 403
The requested URL returned error: 403
The requested URL returned error: 403
The requested URL returned error: 403
The requested URL returned error: 403
The requested URL returned error: 403
The requested URL returned error: 403
The requested URL returned error: 403
The requested URL returned error: 403
The requested URL returned error: 403
The requested URL returned error: 403
The requested URL returned error: 403
The requested URL returned error: 403
The requested URL returned error: 403
The requested URL returned error: 403
The requested URL returned error: 403
The requested URL returned error: 403
The requested URL returned error: 403
The requested URL returned error: 403
The requested URL returned error: 403
The requested URL returned error: 403
The requested URL returned error: 403
The requested URL returned error: 403
The requested URL returned error: 403
The requested URL returned error: 403
The requested URL returned error: 403
The requested URL returned error: 403
The requested URL returned error: 403
The requested URL returned error: 403
The requested URL returned error: 403
The requested URL returned error: 403
The requested URL returned error: 403
The requested URL returned error: 403
The requested URL returned error: 403
The requested URL returned error: 403
The requested URL returned error: 403
The requested URL returned error: 403
The requested URL returned error: 403
The requested URL returned error: 403
The requested URL returned error: 403
The requested URL returned error: 403
The requested URL returned error: 403
The requested URL returned error: 403
The requested URL returned error: 403
The requested URL returned error: 403
The requested URL returned error: 403
The requested URL returned error: 403
The requested URL returned error: 403
The requested URL returned error: 403
The requested URL returned error: 403
The requested URL returned error: 403
The requested URL returned error: 403
The requested URL returned error: 403
The requested URL returned error: 403
The requested URL returned error: 403
The requested URL returned error: 403
The requested URL returned error: 403
The requested URL returned error: 403
The requested URL returned error: 403
The requested URL returned error: 403
The requested URL returned error: 403
The requested URL returned error: 403
The requested URL returned error: 403
The requested URL returned error: 403
The requested URL returned error: 403
The requested URL returned error: 403
The requested URL returned error: 403
The requested URL returned error: 403
The requested URL returned error: 403
The requested URL returned error: 403
The requested URL returned error: 403
The requested URL returned error: 403
The requeste
Downloaded: 0 file(s) [attempted 4962/6641 = 74%], 4962 failed
Downloaded: 0 file(s) [attempted 4996/6641 = 75%], 4996 failed
Downloaded: 0 file(s) [attempted 5032/6641 = 75%], 5032 failedd URL returned error: 403
The requested URL returned error: 403
The requested URL returned error: 403
The requested URL returned error: 403
The requested URL returned error: 403
The requested URL returned error: 403
The requested URL returned error: 403
The requested URL returned error: 403
The requested URL returned error: 403
The requested URL returned error: 403
The requested URL returned error: 403
The requested URL returned error: 403
The requested URL returned error: 403
The requested URL returned error: 403
The requested URL returned error: 403
The requested URL returned error: 403
The requested URL returned error: 403
The requested URL returned error: 403
The requested URL returned error: 403
The requested URL returned error: 403
The requested URL returned error: 403
The requested URL returned error: 403
The requested URL returned error: 403
The requested URL returned error: 403
The requested URL returned error: 403
The requested URL returned error: 403
The requested URL returned error: 403
The requested URL returned error: 403
The requested URL returned error: 403
The requested URL returned error: 403
The requested URL returned error: 403
The requested URL returned error: 403
The requested URL returned error: 403
The requested URL returned error: 403
The requested URL returned error: 403
The requested URL returned error: 403
The requested URL returned error: 403
The requested URL returned error: 403
The requested URL returned error: 403
The requested URL returned error: 403
The requested URL returned error: 403
The requested URL returned error: 403
The requested URL returned error: 403
The requested URL returned error: 403
The requested URL returned error: 403
The requested URL returned error: 403
The requested URL returned error: 403
The requested URL returned error: 403
The requested URL returned error: 403
The requested URL returned error: 403
The requested URL returned error: 403
The requested URL returned error: 403
The requested URL returned error: 403
The requested URL returned error: 403
The requested URL returned error: 403
The requested URL returned error: 403
The requested URL returned error: 403
The requested URL returned error: 403
The requested URL returned error: 403
The requested URL returned error: 403
The requested URL returned error: 403
The requested URL returned error: 403
The requested URL returned error: 403
The requested URL returned error: 403
The requested URL returned error: 403
The requested URL returned error: 403
The requested URL returned error: 403
The requested URL returned error: 403
The requested URL returned error: 403
The requested URL returned error: 403
The requested URL returned error: 403
The requested URL returned error: 403
The requested URL returned error: 403
The requested URL returned error: 403
The requested URL returned error: 403
The requested URL returned error: 403
The requested URL returned error: 403
The requested URL returned error: 403
The requested URL returned error: 403
The requested URL returned error: 403
The requested URL returned error: 403
The requested URL returned error: 403
The requested URL returned error: 403
The requested URL returned error: 403
The requested URL returned error: 403
The requested URL returned error: 403
The requested URL returned error: 403
The requested URL returned error: 403
The requested URL returned error: 403
The requested URL returned error: 403
The requested URL returned error: 403
The requested URL returned error: 403
The requested URL returned error: 403
The requested URL returned error: 403
The requested URL returned error: 403
The requested URL returned error: 403
The requested URL returned error: 403
The requested URL returned error: 403
The requested URL returned error: 403
The requested URL returned error: 403
The requested URL returned error: 403
The requested URL returned error: 403
The requested URL returned error: 403
The requested URL returned error: 403
The requested URL returned error: 403
The requested URL returned error: 403
The requested URL returned error: 403
The requested URL returned error: 403
The
Downloaded: 0 file(s) [attempted 5067/6641 = 76%], 5067 failed
Downloaded: 0 file(s) [attempted 5101/6641 = 76%], 5101 failed
Downloaded: 0 file(s) [attempted 5137/6641 = 77%], 5137 failed
Downloaded: 0 file(s) [attempted 5169/6641 = 77%], 5169 failedrequested URL returned error: 403
The requested URL returned error: 403
The requested URL returned error: 403
The requested URL returned error: 403
The requested URL returned error: 403
The requested URL returned error: 403
The requested URL returned error: 403
The requested URL returned error: 403
The requested URL returned error: 403
The requested URL returned error: 403
The requested URL returned error: 403
The requested URL returned error: 403
The requested URL returned error: 403
The requested URL returned error: 403
The requested URL returned error: 403
The requested URL returned error: 403
The requested URL returned error: 403
The requested URL returned error: 403
The requested URL returned error: 403
The requested URL returned error: 403
The requested URL returned error: 403
The requested URL returned error: 403
The requested URL returned error: 403
The requested URL returned error: 403
The requested URL returned error: 403
The requested URL returned error: 403
The requested URL returned error: 403
The requested URL returned error: 403
The requested URL returned error: 403
The requested URL returned error: 403
The requested URL returned error: 403
The requested URL returned error: 403
The requested URL returned error: 403
The requested URL returned error: 403
The requested URL returned error: 403
The requested URL returned error: 403
The requested URL returned error: 403
The requested URL returned error: 403
The requested URL returned error: 403
The requested URL returned error: 403
The requested URL returned error: 403
The requested URL returned error: 403
The requested URL returned error: 403
The requested URL returned error: 403
The requested URL returned error: 403
The requested URL returned error: 403
The requested URL returned error: 403
The requested URL returned error: 403
The requested URL returned error: 403
The requested URL returned error: 403
The requested URL returned error: 403
The requested URL returned error: 403
The requested URL returned error: 403
The requested URL returned error: 403
The requested URL returned error: 403
The requested URL returned error: 403
The requested URL returned error: 403
The requested URL returned error: 403
The requested URL returned error: 403
The requested URL returned error: 403
The requested URL returned error: 403
The requested URL returned error: 403
The requested URL returned error: 403
The requested URL returned error: 403
The requested URL returned error: 403
The requested URL returned error: 403
The requested URL returned error: 403
The requested URL returned error: 403
The requested URL returned error: 403
The requested URL returned error: 403
The requested URL returned error: 403
The requested URL returned error: 403
The requested URL returned error: 403
The requested URL returned error: 403
The requested URL returned error: 403
The requested URL returned error: 403
The requested URL returned error: 403
The requested URL returned error: 403
The requested URL returned error: 403
The requested URL returned error: 403
The requested URL returned error: 403
The requested URL returned error: 403
The requested URL returned error: 403
The requested URL returned error: 403
The requested URL returned error: 403
The requested URL returned error: 403
The requested URL returned error: 403
The requested URL returned error: 403
The requested URL returned error: 403
The requested URL returned error: 403
The requested URL returned error: 403
The requested URL returned error: 403
The requested URL returned error: 403
The requested URL returned error: 403
The requested URL returned error: 403
The requested URL returned error: 403
The requested URL returned error: 403
The requested URL returned error: 403
The requested URL returned error: 403
The requested URL returned error: 403
The requested URL returned error: 403
The requested URL returned error: 403
The requested URL returned error: 403
The requested URL returned error: 403
The requested URL returned error: 403
The requested URL returned error: 403
The requested URL returned error: 403
The requested URL returned error:
Downloaded: 0 file(s) [attempted 5203/6641 = 78%], 5203 failed
Downloaded: 0 file(s) [attempted 5237/6641 = 78%], 5237 failed
Downloaded: 0 file(s) [attempted 5272/6641 = 79%], 5272 failed403
The requested URL returned error: 403
The requested URL returned error: 403
The requested URL returned error: 403
The requested URL returned error: 403
The requested URL returned error: 403
The requested URL returned error: 403
The requested URL returned error: 403
The requested URL returned error: 403
The requested URL returned error: 403
The requested URL returned error: 403
The requested URL returned error: 403
The requested URL returned error: 403
The requested URL returned error: 403
The requested URL returned error: 403
The requested URL returned error: 403
The requested URL returned error: 403
The requested URL returned error: 403
The requested URL returned error: 403
The requested URL returned error: 403
The requested URL returned error: 403
The requested URL returned error: 403
The requested URL returned error: 403
The requested URL returned error: 403
The requested URL returned error: 403
The requested URL returned error: 403
The requested URL returned error: 403
The requested URL returned error: 403
The requested URL returned error: 403
The requested URL returned error: 403
The requested URL returned error: 403
The requested URL returned error: 403
The requested URL returned error: 403
The requested URL returned error: 403
The requested URL returned error: 403
The requested URL returned error: 403
The requested URL returned error: 403
The requested URL returned error: 403
The requested URL returned error: 403
The requested URL returned error: 403
The requested URL returned error: 403
The requested URL returned error: 403
The requested URL returned error: 403
The requested URL returned error: 403
The requested URL returned error: 403
The requested URL returned error: 403
The requested URL returned error: 403
The requested URL returned error: 403
The requested URL returned error: 403
The requested URL returned error: 403
The requested URL returned error: 403
The requested URL returned error: 403
The requested URL returned error: 403
The requested URL returned error: 403
The requested URL returned error: 403
The requested URL returned error: 403
The requested URL returned error: 403
The requested URL returned error: 403
The requested URL returned error: 403
The requested URL returned error: 403
The requested URL returned error: 403
The requested URL returned error: 403
The requested URL returned error: 403
The requested URL returned error: 403
The requested URL returned error: 403
The requested URL returned error: 403
The requested URL returned error: 403
The requested URL returned error: 403
The requested URL returned error: 403
The requested URL returned error: 403
The requested URL returned error: 403
The requested URL returned error: 403
The requested URL returned error: 403
The requested URL returned error: 403
The requested URL returned error: 403
The requested URL returned error: 403
The requested URL returned error: 403
The requested URL returned error: 403
The requested URL returned error: 403
The requested URL returned error: 403
The requested URL returned error: 403
The requested URL returned error: 403
The requested URL returned error: 403
The requested URL returned error: 403
The requested URL returned error: 403
The requested URL returned error: 403
The requested URL returned error: 403
The requested URL returned error: 403
The requested URL returned error: 403
The requested URL returned error: 403
The requested URL returned error: 403
The requested URL returned error: 403
The requested URL returned error: 403
The requested URL returned error: 403
The requested URL returned error: 403
The requested URL returned error: 403
The requested URL returned error: 403
The requested URL returned error: 403
The requested URL returned error: 403
The requested URL returned error: 403
The requested URL returned error: 403
The requested URL returned error: 403
The requested URL returned error: 403
The requested URL returned error: 403
The requested URL returned error: 403
The requested URL returned error: 403
The requested URL returned error: 403
The requested URL returned error: 403
The requested URL returned
Downloaded: 0 file(s) [attempted 5308/6641 = 79%], 5308 failed
Downloaded: 0 file(s) [attempted 5340/6641 = 80%], 5340 failed
Downloaded: 0 file(s) [attempted 5374/6641 = 80%], 5374 failed error: 403
The requested URL returned error: 403
The requested URL returned error: 403
The requested URL returned error: 403
The requested URL returned error: 403
The requested URL returned error: 403
The requested URL returned error: 403
The requested URL returned error: 403
The requested URL returned error: 403
The requested URL returned error: 403
The requested URL returned error: 403
The requested URL returned error: 403
The requested URL returned error: 403
The requested URL returned error: 403
The requested URL returned error: 403
The requested URL returned error: 403
The requested URL returned error: 403
The requested URL returned error: 403
The requested URL returned error: 403
The requested URL returned error: 403
The requested URL returned error: 403
The requested URL returned error: 403
The requested URL returned error: 403
The requested URL returned error: 403
The requested URL returned error: 403
The requested URL returned error: 403
The requested URL returned error: 403
The requested URL returned error: 403
The requested URL returned error: 403
The requested URL returned error: 403
The requested URL returned error: 403
The requested URL returned error: 403
The requested URL returned error: 403
The requested URL returned error: 403
The requested URL returned error: 403
The requested URL returned error: 403
The requested URL returned error: 403
The requested URL returned error: 403
The requested URL returned error: 403
The requested URL returned error: 403
The requested URL returned error: 403
The requested URL returned error: 403
The requested URL returned error: 403
The requested URL returned error: 403
The requested URL returned error: 403
The requested URL returned error: 403
The requested URL returned error: 403
The requested URL returned error: 403
The requested URL returned error: 403
The requested URL returned error: 403
The requested URL returned error: 403
The requested URL returned error: 403
The requested URL returned error: 403
The requested URL returned error: 403
The requested URL returned error: 403
The requested URL returned error: 403
The requested URL returned error: 403
The requested URL returned error: 403
The requested URL returned error: 403
The requested URL returned error: 403
The requested URL returned error: 403
The requested URL returned error: 403
The requested URL returned error: 403
The requested URL returned error: 403
The requested URL returned error: 403
The requested URL returned error: 403
The requested URL returned error: 403
The requested URL returned error: 403
The requested URL returned error: 403
The requested URL returned error: 403
The requested URL returned error: 403
The requested URL returned error: 403
The requested URL returned error: 403
The requested URL returned error: 403
The requested URL returned error: 403
The requested URL returned error: 403
The requested URL returned error: 403
The requested URL returned error: 403
The requested URL returned error: 403
The requested URL returned error: 403
The requested URL returned error: 403
The requested URL returned error: 403
The requested URL returned error: 403
The requested URL returned error: 403
The requested URL returned error: 403
The requested URL returned error: 403
The requested URL returned error: 403
The requested URL returned error: 403
The requested URL returned error: 403
The requested URL returned error: 403
The requested URL returned error: 403
The requested URL returned error: 403
The requested URL returned error: 403
The requested URL returned error: 403
The requested URL returned error: 403
The requested URL returned error: 403
The requested URL returned error: 403
The requested URL returned error: 403
The requested URL returned error: 403
The requested URL returned error: 403
The requested URL returned error: 403
The requested URL returned error: 403
The requested URL returned error: 403
The requested URL returned error: 403
The requested URL returned error: 403
The requested URL returned error: 403
The requested URL returned error: 403
The requested URL returned error: 403
The requested URL
Downloaded: 0 file(s) [attempted 5408/6641 = 81%], 5408 failed
Downloaded: 0 file(s) [attempted 5440/6641 = 81%], 5440 failed
Downloaded: 0 file(s) [attempted 5472/6641 = 82%], 5472 failedreturned error: 403
The requested URL returned error: 403
The requested URL returned error: 403
The requested URL returned error: 403
The requested URL returned error: 403
The requested URL returned error: 403
The requested URL returned error: 403
The requested URL returned error: 403
The requested URL returned error: 403
The requested URL returned error: 403
The requested URL returned error: 403
The requested URL returned error: 403
The requested URL returned error: 403
The requested URL returned error: 403
The requested URL returned error: 403
The requested URL returned error: 403
The requested URL returned error: 403
The requested URL returned error: 403
The requested URL returned error: 403
The requested URL returned error: 403
The requested URL returned error: 403
The requested URL returned error: 403
The requested URL returned error: 403
The requested URL returned error: 403
The requested URL returned error: 403
The requested URL returned error: 403
The requested URL returned error: 403
The requested URL returned error: 403
The requested URL returned error: 403
The requested URL returned error: 403
The requested URL returned error: 403
The requested URL returned error: 403
The requested URL returned error: 403
The requested URL returned error: 403
The requested URL returned error: 403
The requested URL returned error: 403
The requested URL returned error: 403
The requested URL returned error: 403
The requested URL returned error: 403
The requested URL returned error: 403
The requested URL returned error: 403
The requested URL returned error: 403
The requested URL returned error: 403
The requested URL returned error: 403
The requested URL returned error: 403
The requested URL returned error: 403
The requested URL returned error: 403
The requested URL returned error: 403
The requested URL returned error: 403
The requested URL returned error: 403
The requested URL returned error: 403
The requested URL returned error: 403
The requested URL returned error: 403
The requested URL returned error: 403
The requested URL returned error: 403
The requested URL returned error: 403
The requested URL returned error: 403
The requested URL returned error: 403
The requested URL returned error: 403
The requested URL returned error: 403
The requested URL returned error: 403
The requested URL returned error: 403
The requested URL returned error: 403
The requested URL returned error: 403
The requested URL returned error: 403
The requested URL returned error: 403
The requested URL returned error: 403
The requested URL returned error: 403
The requested URL returned error: 403
The requested URL returned error: 403
The requested URL returned error: 403
The requested URL returned error: 403
The requested URL returned error: 403
The requested URL returned error: 403
The requested URL returned error: 403
The requested URL returned error: 403
The requested URL returned error: 403
The requested URL returned error: 403
The requested URL returned error: 403
The requested URL returned error: 403
The requested URL returned error: 403
The requested URL returned error: 403
The requested URL returned error: 403
The requested URL returned error: 403
The requested URL returned error: 403
The requested URL returned error: 403
The requested URL returned error: 403
The requested URL returned error: 403
The requested URL returned error: 403
The requested URL returned error: 403
The requested URL returned error: 403
The requested URL returned error: 403
The requested URL returned error: 403
The requested URL returned error: 403
The requested URL returned error: 403
The requested URL returned error: 403
The requested URL returned error: 403
The requested URL returned error: 403
The requested URL returned error: 403
The requested URL returned error: 403
The requested URL returned error: 403
The requested URL returned error: 403
The requested URL returned error: 403
The requested URL returned error: 403
The requested URL returned error: 403
The requested URL returned error: 403
The requested URL returned error: 403
The requested URL returned error: 403
The reques
Downloaded: 0 file(s) [attempted 5508/6641 = 82%], 5508 failed
Downloaded: 0 file(s) [attempted 5543/6641 = 83%], 5543 failed
Downloaded: 0 file(s) [attempted 5577/6641 = 83%], 5577 failedted URL returned error: 403
The requested URL returned error: 403
The requested URL returned error: 403
The requested URL returned error: 403
The requested URL returned error: 403
The requested URL returned error: 403
The requested URL returned error: 403
The requested URL returned error: 403
The requested URL returned error: 403
The requested URL returned error: 403
The requested URL returned error: 403
The requested URL returned error: 403
The requested URL returned error: 403
The requested URL returned error: 403
The requested URL returned error: 403
The requested URL returned error: 403
The requested URL returned error: 403
The requested URL returned error: 403
The requested URL returned error: 403
The requested URL returned error: 403
The requested URL returned error: 403
The requested URL returned error: 403
The requested URL returned error: 403
The requested URL returned error: 403
The requested URL returned error: 403
The requested URL returned error: 403
The requested URL returned error: 403
The requested URL returned error: 403
The requested URL returned error: 403
The requested URL returned error: 403
The requested URL returned error: 403
The requested URL returned error: 403
The requested URL returned error: 403
The requested URL returned error: 403
The requested URL returned error: 403
The requested URL returned error: 403
The requested URL returned error: 403
The requested URL returned error: 403
The requested URL returned error: 403
The requested URL returned error: 403
The requested URL returned error: 403
The requested URL returned error: 403
The requested URL returned error: 403
The requested URL returned error: 403
The requested URL returned error: 403
The requested URL returned error: 403
The requested URL returned error: 403
The requested URL returned error: 403
The requested URL returned error: 403
The requested URL returned error: 403
The requested URL returned error: 403
The requested URL returned error: 403
The requested URL returned error: 403
The requested URL returned error: 403
The requested URL returned error: 403
The requested URL returned error: 403
The requested URL returned error: 403
The requested URL returned error: 403
The requested URL returned error: 403
The requested URL returned error: 403
The requested URL returned error: 403
The requested URL returned error: 403
The requested URL returned error: 403
The requested URL returned error: 403
The requested URL returned error: 403
The requested URL returned error: 403
The requested URL returned error: 403
The requested URL returned error: 403
The requested URL returned error: 403
The requested URL returned error: 403
The requested URL returned error: 403
The requested URL returned error: 403
The requested URL returned error: 403
The requested URL returned error: 403
The requested URL returned error: 403
The requested URL returned error: 403
The requested URL returned error: 403
The requested URL returned error: 403
The requested URL returned error: 403
The requested URL returned error: 403
The requested URL returned error: 403
The requested URL returned error: 403
The requested URL returned error: 403
The requested URL returned error: 403
The requested URL returned error: 403
The requested URL returned error: 403
The requested URL returned error: 403
The requested URL returned error: 403
The requested URL returned error: 403
The requested URL returned error: 403
The requested URL returned error: 403
The requested URL returned error: 403
The requested URL returned error: 403
The requested URL returned error: 403
The requested URL returned error: 403
The requested URL returned error: 403
The requested URL returned error: 403
The requested URL returned error: 403
The requested URL returned error: 403
The requested URL returned error: 403
The requested URL returned error: 403
The requested URL returned error: 403
The requested URL returned error: 403
The requested URL returned error: 403
The requested URL returned error: 403
The requested URL returned error: 403
The requested URL returned error: 403
The requested URL returned error: 403
Th
Downloaded: 0 file(s) [attempted 5611/6641 = 84%], 5611 failed
Downloaded: 0 file(s) [attempted 5645/6641 = 85%], 5645 failed
Downloaded: 0 file(s) [attempted 5679/6641 = 85%], 5679 failed
Downloaded: 0 file(s) [attempted 5711/6641 = 85%], 5711 failede requested URL returned error: 403
The requested URL returned error: 403
The requested URL returned error: 403
The requested URL returned error: 403
The requested URL returned error: 403
The requested URL returned error: 403
The requested URL returned error: 403
The requested URL returned error: 403
The requested URL returned error: 403
The requested URL returned error: 403
The requested URL returned error: 403
The requested URL returned error: 403
The requested URL returned error: 403
The requested URL returned error: 403
The requested URL returned error: 403
The requested URL returned error: 403
The requested URL returned error: 403
The requested URL returned error: 403
The requested URL returned error: 403
The requested URL returned error: 403
The requested URL returned error: 403
The requested URL returned error: 403
The requested URL returned error: 403
The requested URL returned error: 403
The requested URL returned error: 403
The requested URL returned error: 403
The requested URL returned error: 403
The requested URL returned error: 403
The requested URL returned error: 403
The requested URL returned error: 403
The requested URL returned error: 403
The requested URL returned error: 403
The requested URL returned error: 403
The requested URL returned error: 403
The requested URL returned error: 403
The requested URL returned error: 403
The requested URL returned error: 403
The requested URL returned error: 403
The requested URL returned error: 403
The requested URL returned error: 403
The requested URL returned error: 403
The requested URL returned error: 403
The requested URL returned error: 403
The requested URL returned error: 403
The requested URL returned error: 403
The requested URL returned error: 403
The requested URL returned error: 403
The requested URL returned error: 403
The requested URL returned error: 403
The requested URL returned error: 403
The requested URL returned error: 403
The requested URL returned error: 403
The requested URL returned error: 403
The requested URL returned error: 403
The requested URL returned error: 403
The requested URL returned error: 403
The requested URL returned error: 403
The requested URL returned error: 403
The requested URL returned error: 403
The requested URL returned error: 403
The requested URL returned error: 403
The requested URL returned error: 403
The requested URL returned error: 403
The requested URL returned error: 403
The requested URL returned error: 403
The requested URL returned error: 403
The requested URL returned error: 403
The requested URL returned error: 403
The requested URL returned error: 403
The requested URL returned error: 403
The requested URL returned error: 403
The requested URL returned error: 403
The requested URL returned error: 403
The requested URL returned error: 403
The requested URL returned error: 403
The requested URL returned error: 403
The requested URL returned error: 403
The requested URL returned error: 403
The requested URL returned error: 403
The requested URL returned error: 403
The requested URL returned error: 403
The requested URL returned error: 403
The requested URL returned error: 403
The requested URL returned error: 403
The requested URL returned error: 403
The requested URL returned error: 403
The requested URL returned error: 403
The requested URL returned error: 403
The requested URL returned error: 403
The requested URL returned error: 403
The requested URL returned error: 403
The requested URL returned error: 403
The requested URL returned error: 403
The requested URL returned error: 403
The requested URL returned error: 403
The requested URL returned error: 403
The requested URL returned error: 403
The requested URL returned error: 403
The requested URL returned error: 403
The requested URL returned error: 403
The requested URL returned error: 403
The requested URL returned error: 403
The requested URL returned error: 403
The requested URL returned error: 403
The requested URL returned error: 403
The requested URL returned error: 403
The requested URL returned error: 403
The requested URL returned error
Downloaded: 0 file(s) [attempted 5745/6641 = 86%], 5745 failed
Downloaded: 0 file(s) [attempted 5780/6641 = 87%], 5780 failed
Downloaded: 0 file(s) [attempted 5812/6641 = 87%], 5812 failed: 403
The requested URL returned error: 403
The requested URL returned error: 403
The requested URL returned error: 403
The requested URL returned error: 403
The requested URL returned error: 403
The requested URL returned error: 403
The requested URL returned error: 403
The requested URL returned error: 403
The requested URL returned error: 403
The requested URL returned error: 403
The requested URL returned error: 403
The requested URL returned error: 403
The requested URL returned error: 403
The requested URL returned error: 403
The requested URL returned error: 403
The requested URL returned error: 403
The requested URL returned error: 403
The requested URL returned error: 403
The requested URL returned error: 403
The requested URL returned error: 403
The requested URL returned error: 403
The requested URL returned error: 403
The requested URL returned error: 403
The requested URL returned error: 403
The requested URL returned error: 403
The requested URL returned error: 403
The requested URL returned error: 403
The requested URL returned error: 403
The requested URL returned error: 403
The requested URL returned error: 403
The requested URL returned error: 403
The requested URL returned error: 403
The requested URL returned error: 403
The requested URL returned error: 403
The requested URL returned error: 403
The requested URL returned error: 403
The requested URL returned error: 403
The requested URL returned error: 403
The requested URL returned error: 403
The requested URL returned error: 403
The requested URL returned error: 403
The requested URL returned error: 403
The requested URL returned error: 403
The requested URL returned error: 403
The requested URL returned error: 403
The requested URL returned error: 403
The requested URL returned error: 403
The requested URL returned error: 403
The requested URL returned error: 403
The requested URL returned error: 403
The requested URL returned error: 403
The requested URL returned error: 403
The requested URL returned error: 403
The requested URL returned error: 403
The requested URL returned error: 403
The requested URL returned error: 403
The requested URL returned error: 403
The requested URL returned error: 403
The requested URL returned error: 403
The requested URL returned error: 403
The requested URL returned error: 403
The requested URL returned error: 403
The requested URL returned error: 403
The requested URL returned error: 403
The requested URL returned error: 403
The requested URL returned error: 403
The requested URL returned error: 403
The requested URL returned error: 403
The requested URL returned error: 403
The requested URL returned error: 403
The requested URL returned error: 403
The requested URL returned error: 403
The requested URL returned error: 403
The requested URL returned error: 403
The requested URL returned error: 403
The requested URL returned error: 403
The requested URL returned error: 403
The requested URL returned error: 403
The requested URL returned error: 403
The requested URL returned error: 403
The requested URL returned error: 403
The requested URL returned error: 403
The requested URL returned error: 403
The requested URL returned error: 403
The requested URL returned error: 403
The requested URL returned error: 403
The requested URL returned error: 403
The requested URL returned error: 403
The requested URL returned error: 403
The requested URL returned error: 403
The requested URL returned error: 403
The requested URL returned error: 403
The requested URL returned error: 403
The requested URL returned error: 403
The requested URL returned error: 403
The requested URL returned error: 403
The requested URL returned error: 403
The requested URL returned error: 403
The requested URL returned error: 403
The requested URL returned error: 403
The requested URL returned error: 403
The requested URL returned error: 403
The requested URL returned error: 403
The requested URL returned error: 403
The requested URL returned error: 403
The requested URL returned error: 403
The requested URL returned error: 403
The requested URL return
Downloaded: 0 file(s) [attempted 5843/6641 = 87%], 5843 failed
Downloaded: 0 file(s) [attempted 5880/6641 = 88%], 5880 failed
Downloaded: 0 file(s) [attempted 5912/6641 = 89%], 5912 faileded error: 403
The requested URL returned error: 403
The requested URL returned error: 403
The requested URL returned error: 403
The requested URL returned error: 403
The requested URL returned error: 403
The requested URL returned error: 403
The requested URL returned error: 403
The requested URL returned error: 403
The requested URL returned error: 403
The requested URL returned error: 403
The requested URL returned error: 403
The requested URL returned error: 403
The requested URL returned error: 403
The requested URL returned error: 403
The requested URL returned error: 403
The requested URL returned error: 403
The requested URL returned error: 403
The requested URL returned error: 403
The requested URL returned error: 403
The requested URL returned error: 403
The requested URL returned error: 403
The requested URL returned error: 403
The requested URL returned error: 403
The requested URL returned error: 403
The requested URL returned error: 403
The requested URL returned error: 403
The requested URL returned error: 403
The requested URL returned error: 403
The requested URL returned error: 403
The requested URL returned error: 403
The requested URL returned error: 403
The requested URL returned error: 403
The requested URL returned error: 403
The requested URL returned error: 403
The requested URL returned error: 403
The requested URL returned error: 403
The requested URL returned error: 403
The requested URL returned error: 403
The requested URL returned error: 403
The requested URL returned error: 403
The requested URL returned error: 403
The requested URL returned error: 403
The requested URL returned error: 403
The requested URL returned error: 403
The requested URL returned error: 403
The requested URL returned error: 403
The requested URL returned error: 403
The requested URL returned error: 403
The requested URL returned error: 403
The requested URL returned error: 403
The requested URL returned error: 403
The requested URL returned error: 403
The requested URL returned error: 403
The requested URL returned error: 403
The requested URL returned error: 403
The requested URL returned error: 403
The requested URL returned error: 403
The requested URL returned error: 403
The requested URL returned error: 403
The requested URL returned error: 403
The requested URL returned error: 403
The requested URL returned error: 403
The requested URL returned error: 403
The requested URL returned error: 403
The requested URL returned error: 403
The requested URL returned error: 403
The requested URL returned error: 403
The requested URL returned error: 403
The requested URL returned error: 403
The requested URL returned error: 403
The requested URL returned error: 403
The requested URL returned error: 403
The requested URL returned error: 403
The requested URL returned error: 403
The requested URL returned error: 403
The requested URL returned error: 403
The requested URL returned error: 403
The requested URL returned error: 403
The requested URL returned error: 403
The requested URL returned error: 403
The requested URL returned error: 403
The requested URL returned error: 403
The requested URL returned error: 403
The requested URL returned error: 403
The requested URL returned error: 403
The requested URL returned error: 403
The requested URL returned error: 403
The requested URL returned error: 403
The requested URL returned error: 403
The requested URL returned error: 403
The requested URL returned error: 403
The requested URL returned error: 403
The requested URL returned error: 403
The requested URL returned error: 403
The requested URL returned error: 403
The requested URL returned error: 403
The requested URL returned error: 403
The requested URL returned error: 403
The requested URL returned error: 403
The requested URL returned error: 403
The requested URL returned error: 403
The requested URL returned error: 403
The requested URL returned error: 403
The requested URL returned error: 403
The requested URL returned error: 403
The requested URL returned error: 403
The requested URL returned error: 403
The requested UR
Downloaded: 0 file(s) [attempted 5944/6641 = 89%], 5944 failed
Downloaded: 0 file(s) [attempted 5978/6641 = 90%], 5978 failed
Downloaded: 0 file(s) [attempted 6007/6641 = 90%], 6007 failedL returned error: 403
The requested URL returned error: 403
The requested URL returned error: 403
The requested URL returned error: 403
The requested URL returned error: 403
The requested URL returned error: 403
The requested URL returned error: 403
The requested URL returned error: 403
The requested URL returned error: 403
The requested URL returned error: 403
The requested URL returned error: 403
The requested URL returned error: 403
The requested URL returned error: 403
The requested URL returned error: 403
The requested URL returned error: 403
The requested URL returned error: 403
The requested URL returned error: 403
The requested URL returned error: 403
The requested URL returned error: 403
The requested URL returned error: 403
The requested URL returned error: 403
The requested URL returned error: 403
The requested URL returned error: 403
The requested URL returned error: 403
The requested URL returned error: 403
The requested URL returned error: 403
The requested URL returned error: 403
The requested URL returned error: 403
The requested URL returned error: 403
The requested URL returned error: 403
The requested URL returned error: 403
The requested URL returned error: 403
The requested URL returned error: 403
The requested URL returned error: 403
The requested URL returned error: 403
The requested URL returned error: 403
The requested URL returned error: 403
The requested URL returned error: 403
The requested URL returned error: 403
The requested URL returned error: 403
The requested URL returned error: 403
The requested URL returned error: 403
The requested URL returned error: 403
The requested URL returned error: 403
The requested URL returned error: 403
The requested URL returned error: 403
The requested URL returned error: 403
The requested URL returned error: 403
The requested URL returned error: 403
The requested URL returned error: 403
The requested URL returned error: 403
The requested URL returned error: 403
The requested URL returned error: 403
The requested URL returned error: 403
The requested URL returned error: 403
The requested URL returned error: 403
The requested URL returned error: 403
The requested URL returned error: 403
The requested URL returned error: 403
The requested URL returned error: 403
The requested URL returned error: 403
The requested URL returned error: 403
The requested URL returned error: 403
The requested URL returned error: 403
The requested URL returned error: 403
The requested URL returned error: 403
The requested URL returned error: 403
The requested URL returned error: 403
The requested URL returned error: 403
The requested URL returned error: 403
The requested URL returned error: 403
The requested URL returned error: 403
The requested URL returned error: 403
The requested URL returned error: 403
The requested URL returned error: 403
The requested URL returned error: 403
The requested URL returned error: 403
The requested URL returned error: 403
The requested URL returned error: 403
The requested URL returned error: 403
The requested URL returned error: 403
The requested URL returned error: 403
The requested URL returned error: 403
The requested URL returned error: 403
The requested URL returned error: 403
The requested URL returned error: 403
The requested URL returned error: 403
The requested URL returned error: 403
The requested URL returned error: 403
The requested URL returned error: 403
The requested URL returned error: 403
The requested URL returned error: 403
The requested URL returned error: 403
The requested URL returned error: 403
The requested URL returned error: 403
The requested URL returned error: 403
The requested URL returned error: 403
The requested URL returned error: 403
The requested URL returned error: 403
The requested URL returned error: 403
The requested URL returned error: 403
The requested URL returned error: 403
The requested URL returned error: 403
The requested URL returned error: 403
The requested URL returned error: 403
The requested URL returned error: 403
The requested URL returned error: 403
The requested URL returned error: 403
The requ
Downloaded: 0 file(s) [attempted 6042/6641 = 90%], 6042 failed
Downloaded: 0 file(s) [attempted 6076/6641 = 91%], 6076 failed
Downloaded: 0 file(s) [attempted 6108/6641 = 91%], 6108 failed
Downloaded: 0 file(s) [attempted 6143/6641 = 92%], 6143 failedested URL returned error: 403
The requested URL returned error: 403
The requested URL returned error: 403
The requested URL returned error: 403
The requested URL returned error: 403
The requested URL returned error: 403
The requested URL returned error: 403
The requested URL returned error: 403
The requested URL returned error: 403
The requested URL returned error: 403
The requested URL returned error: 403
The requested URL returned error: 403
The requested URL returned error: 403
The requested URL returned error: 403
The requested URL returned error: 403
The requested URL returned error: 403
The requested URL returned error: 403
The requested URL returned error: 403
The requested URL returned error: 403
The requested URL returned error: 403
The requested URL returned error: 403
The requested URL returned error: 403
The requested URL returned error: 403
The requested URL returned error: 403
The requested URL returned error: 403
The requested URL returned error: 403
The requested URL returned error: 403
The requested URL returned error: 403
The requested URL returned error: 403
The requested URL returned error: 403
The requested URL returned error: 403
The requested URL returned error: 403
The requested URL returned error: 403
The requested URL returned error: 403
The requested URL returned error: 403
The requested URL returned error: 403
The requested URL returned error: 403
The requested URL returned error: 403
The requested URL returned error: 403
The requested URL returned error: 403
The requested URL returned error: 403
The requested URL returned error: 403
The requested URL returned error: 403
The requested URL returned error: 403
The requested URL returned error: 403
The requested URL returned error: 403
The requested URL returned error: 403
The requested URL returned error: 403
The requested URL returned error: 403
The requested URL returned error: 403
The requested URL returned error: 403
The requested URL returned error: 403
The requested URL returned error: 403
The requested URL returned error: 403
The requested URL returned error: 403
The requested URL returned error: 403
The requested URL returned error: 403
The requested URL returned error: 403
The requested URL returned error: 403
The requested URL returned error: 403
The requested URL returned error: 403
The requested URL returned error: 403
The requested URL returned error: 403
The requested URL returned error: 403
The requested URL returned error: 403
The requested URL returned error: 403
The requested URL returned error: 403
The requested URL returned error: 403
The requested URL returned error: 403
The requested URL returned error: 403
The requested URL returned error: 403
The requested URL returned error: 403
The requested URL returned error: 403
The requested URL returned error: 403
The requested URL returned error: 403
The requested URL returned error: 403
The requested URL returned error: 403
The requested URL returned error: 403
The requested URL returned error: 403
The requested URL returned error: 403
The requested URL returned error: 403
The requested URL returned error: 403
The requested URL returned error: 403
The requested URL returned error: 403
The requested URL returned error: 403
The requested URL returned error: 403
The requested URL returned error: 403
The requested URL returned error: 403
The requested URL returned error: 403
The requested URL returned error: 403
The requested URL returned error: 403
The requested URL returned error: 403
The requested URL returned error: 403
The requested URL returned error: 403
The requested URL returned error: 403
The requested URL returned error: 403
The requested URL returned error: 403
The requested URL returned error: 403
The requested URL returned error: 403
The requested URL returned error: 403
The requested URL returned error: 403
The requested URL returned error: 403
The requested URL returned error: 403
The requested URL returned error: 403
The requested URL returned error: 403
The requested URL returned error: 403
The requested URL returned error: 403
The requested URL returned error: 403

Downloaded: 0 file(s) [attempted 6174/6641 = 92%], 6174 failed
Downloaded: 0 file(s) [attempted 6208/6641 = 93%], 6208 failed
Downloaded: 0 file(s) [attempted 6242/6641 = 93%], 6242 failedThe requested URL returned error: 403
The requested URL returned error: 403
The requested URL returned error: 403
The requested URL returned error: 403
The requested URL returned error: 403
The requested URL returned error: 403
The requested URL returned error: 403
The requested URL returned error: 403
The requested URL returned error: 403
The requested URL returned error: 403
The requested URL returned error: 403
The requested URL returned error: 403
The requested URL returned error: 403
The requested URL returned error: 403
The requested URL returned error: 403
The requested URL returned error: 403
The requested URL returned error: 403
The requested URL returned error: 403
The requested URL returned error: 403
The requested URL returned error: 403
The requested URL returned error: 403
The requested URL returned error: 403
The requested URL returned error: 403
The requested URL returned error: 403
The requested URL returned error: 403
The requested URL returned error: 403
The requested URL returned error: 403
The requested URL returned error: 403
The requested URL returned error: 403
The requested URL returned error: 403
The requested URL returned error: 403
The requested URL returned error: 403
The requested URL returned error: 403
The requested URL returned error: 403
The requested URL returned error: 403
The requested URL returned error: 403
The requested URL returned error: 403
The requested URL returned error: 403
The requested URL returned error: 403
The requested URL returned error: 403
The requested URL returned error: 403
The requested URL returned error: 403
The requested URL returned error: 403
The requested URL returned error: 403
The requested URL returned error: 403
The requested URL returned error: 403
The requested URL returned error: 403
The requested URL returned error: 403
The requested URL returned error: 403
The requested URL returned error: 403
The requested URL returned error: 403
The requested URL returned error: 403
The requested URL returned error: 403
The requested URL returned error: 403
The requested URL returned error: 403
The requested URL returned error: 403
The requested URL returned error: 403
The requested URL returned error: 403
The requested URL returned error: 403
The requested URL returned error: 403
The requested URL returned error: 403
The requested URL returned error: 403
The requested URL returned error: 403
The requested URL returned error: 403
The requested URL returned error: 403
The requested URL returned error: 403
The requested URL returned error: 403
The requested URL returned error: 403
The requested URL returned error: 403
The requested URL returned error: 403
The requested URL returned error: 403
The requested URL returned error: 403
The requested URL returned error: 403
The requested URL returned error: 403
The requested URL returned error: 403
The requested URL returned error: 403
The requested URL returned error: 403
The requested URL returned error: 403
The requested URL returned error: 403
The requested URL returned error: 403
The requested URL returned error: 403
The requested URL returned error: 403
The requested URL returned error: 403
The requested URL returned error: 403
The requested URL returned error: 403
The requested URL returned error: 403
The requested URL returned error: 403
The requested URL returned error: 403
The requested URL returned error: 403
The requested URL returned error: 403
The requested URL returned error: 403
The requested URL returned error: 403
The requested URL returned error: 403
The requested URL returned error: 403
The requested URL returned error: 403
The requested URL returned error: 403
The requested URL returned error: 403
The requested URL returned error: 403
The requested URL returned error: 403
The requested URL returned error: 403
The requested URL returned error: 403
The requested URL returned error: 403
The requested URL returned error: 403
The requested URL returned error: 403
The requested URL returned error: 403
The requested URL returned error: 403
The requested URL returned error: 403
The requested URL returned err
Downloaded: 0 file(s) [attempted 6276/6641 = 94%], 6276 failed
Downloaded: 0 file(s) [attempted 6310/6641 = 95%], 6310 failed
Downloaded: 0 file(s) [attempted 6345/6641 = 95%], 6345 failedor: 403
The requested URL returned error: 403
The requested URL returned error: 403
The requested URL returned error: 403
The requested URL returned error: 403
The requested URL returned error: 403
The requested URL returned error: 403
The requested URL returned error: 403
The requested URL returned error: 403
The requested URL returned error: 403
The requested URL returned error: 403
The requested URL returned error: 403
The requested URL returned error: 403
The requested URL returned error: 403
The requested URL returned error: 403
The requested URL returned error: 403
The requested URL returned error: 403
The requested URL returned error: 403
The requested URL returned error: 403
The requested URL returned error: 403
The requested URL returned error: 403
The requested URL returned error: 403
The requested URL returned error: 403
The requested URL returned error: 403
The requested URL returned error: 403
The requested URL returned error: 403
The requested URL returned error: 403
The requested URL returned error: 403
The requested URL returned error: 403
The requested URL returned error: 403
The requested URL returned error: 403
The requested URL returned error: 403
The requested URL returned error: 403
The requested URL returned error: 403
The requested URL returned error: 403
The requested URL returned error: 403
The requested URL returned error: 403
The requested URL returned error: 403
The requested URL returned error: 403
The requested URL returned error: 403
The requested URL returned error: 403
The requested URL returned error: 403
The requested URL returned error: 403
The requested URL returned error: 403
The requested URL returned error: 403
The requested URL returned error: 403
The requested URL returned error: 403
The requested URL returned error: 403
The requested URL returned error: 403
The requested URL returned error: 403
The requested URL returned error: 403
The requested URL returned error: 403
The requested URL returned error: 403
The requested URL returned error: 403
The requested URL returned error: 403
The requested URL returned error: 403
The requested URL returned error: 403
The requested URL returned error: 403
The requested URL returned error: 403
The requested URL returned error: 403
The requested URL returned error: 403
The requested URL returned error: 403
The requested URL returned error: 403
The requested URL returned error: 403
The requested URL returned error: 403
The requested URL returned error: 403
The requested URL returned error: 403
The requested URL returned error: 403
The requested URL returned error: 403
The requested URL returned error: 403
The requested URL returned error: 403
The requested URL returned error: 403
The requested URL returned error: 403
The requested URL returned error: 403
The requested URL returned error: 403
The requested URL returned error: 403
The requested URL returned error: 403
The requested URL returned error: 403
The requested URL returned error: 403
The requested URL returned error: 403
The requested URL returned error: 403
The requested URL returned error: 403
The requested URL returned error: 403
The requested URL returned error: 403
The requested URL returned error: 403
The requested URL returned error: 403
The requested URL returned error: 403
The requested URL returned error: 403
The requested URL returned error: 403
The requested URL returned error: 403
The requested URL returned error: 403
The requested URL returned error: 403
The requested URL returned error: 403
The requested URL returned error: 403
The requested URL returned error: 403
The requested URL returned error: 403
The requested URL returned error: 403
The requested URL returned error: 403
The requested URL returned error: 403
The requested URL returned error: 403
The requested URL returned error: 403
The requested URL returned error: 403
The requested URL returned error: 403
The requested URL returned error: 403
The requested URL returned error: 403
The requested URL returned error: 403
The requested URL returned error: 403
The requested URL returned error: 403
The requested URL retu
Downloaded: 0 file(s) [attempted 6379/6641 = 96%], 6379 failed
Downloaded: 0 file(s) [attempted 6408/6641 = 96%], 6408 failed
Downloaded: 0 file(s) [attempted 6443/6641 = 97%], 6443 failedrned error: 403
The requested URL returned error: 403
The requested URL returned error: 403
The requested URL returned error: 403
The requested URL returned error: 403
The requested URL returned error: 403
The requested URL returned error: 403
The requested URL returned error: 403
The requested URL returned error: 403
The requested URL returned error: 403
The requested URL returned error: 403
The requested URL returned error: 403
The requested URL returned error: 403
The requested URL returned error: 403
The requested URL returned error: 403
The requested URL returned error: 403
The requested URL returned error: 403
The requested URL returned error: 403
The requested URL returned error: 403
The requested URL returned error: 403
The requested URL returned error: 403
The requested URL returned error: 403
The requested URL returned error: 403
The requested URL returned error: 403
The requested URL returned error: 403
The requested URL returned error: 403
The requested URL returned error: 403
The requested URL returned error: 403
The requested URL returned error: 403
The requested URL returned error: 403
The requested URL returned error: 403
The requested URL returned error: 403
The requested URL returned error: 403
The requested URL returned error: 403
The requested URL returned error: 403
The requested URL returned error: 403
The requested URL returned error: 403
The requested URL returned error: 403
The requested URL returned error: 403
The requested URL returned error: 403
The requested URL returned error: 403
The requested URL returned error: 403
The requested URL returned error: 403
The requested URL returned error: 403
The requested URL returned error: 403
The requested URL returned error: 403
The requested URL returned error: 403
The requested URL returned error: 403
The requested URL returned error: 403
The requested URL returned error: 403
The requested URL returned error: 403
The requested URL returned error: 403
The requested URL returned error: 403
The requested URL returned error: 403
The requested URL returned error: 403
The requested URL returned error: 403
The requested URL returned error: 403
The requested URL returned error: 403
The requested URL returned error: 403
The requested URL returned error: 403
The requested URL returned error: 403
The requested URL returned error: 403
The requested URL returned error: 403
The requested URL returned error: 403
The requested URL returned error: 403
The requested URL returned error: 403
The requested URL returned error: 403
The requested URL returned error: 403
The requested URL returned error: 403
The requested URL returned error: 403
The requested URL returned error: 403
The requested URL returned error: 403
The requested URL returned error: 403
The requested URL returned error: 403
The requested URL returned error: 403
The requested URL returned error: 403
The requested URL returned error: 403
The requested URL returned error: 403
The requested URL returned error: 403
The requested URL returned error: 403
The requested URL returned error: 403
The requested URL returned error: 403
The requested URL returned error: 403
The requested URL returned error: 403
The requested URL returned error: 403
The requested URL returned error: 403
The requested URL returned error: 403
The requested URL returned error: 403
The requested URL returned error: 403
The requested URL returned error: 403
The requested URL returned error: 403
The requested URL returned error: 403
The requested URL returned error: 403
The requested URL returned error: 403
The requested URL returned error: 403
The requested URL returned error: 403
The requested URL returned error: 403
The requested URL returned error: 403
The requested URL returned error: 403
The requested URL returned error: 403
The requested URL returned error: 403
The requested URL returned error: 403
The requested URL returned error: 403
The requested URL returned error: 403
The requested URL returned error: 403
The requested URL returned error: 403
The requested URL returned error: 403
The requested URL returned error: 403
The requested
Downloaded: 0 file(s) [attempted 6474/6641 = 97%], 6474 failed
Downloaded: 0 file(s) [attempted 6509/6641 = 98%], 6509 failed
Downloaded: 0 file(s) [attempted 6540/6641 = 98%], 6540 failed
Downloaded: 0 file(s) [attempted 6572/6641 = 98%], 6572 failedURL returned error: 403
The requested URL returned error: 403
The requested URL returned error: 403
The requested URL returned error: 403
The requested URL returned error: 403
The requested URL returned error: 403
The requested URL returned error: 403
The requested URL returned error: 403
The requested URL returned error: 403
The requested URL returned error: 403
The requested URL returned error: 403
The requested URL returned error: 403
The requested URL returned error: 403
The requested URL returned error: 403
The requested URL returned error: 403
The requested URL returned error: 403
The requested URL returned error: 403
The requested URL returned error: 403
The requested URL returned error: 403
The requested URL returned error: 403
The requested URL returned error: 403
The requested URL returned error: 403
The requested URL returned error: 403
The requested URL returned error: 403
The requested URL returned error: 403
The requested URL returned error: 403
The requested URL returned error: 403
The requested URL returned error: 403
The requested URL returned error: 403
The requested URL returned error: 403
The requested URL returned error: 403
The requested URL returned error: 403
The requested URL returned error: 403
The requested URL returned error: 403
The requested URL returned error: 403
The requested URL returned error: 403
The requested URL returned error: 403
The requested URL returned error: 403
The requested URL returned error: 403
The requested URL returned error: 403
The requested URL returned error: 403
The requested URL returned error: 403
The requested URL returned error: 403
The requested URL returned error: 403
The requested URL returned error: 403
The requested URL returned error: 403
The requested URL returned error: 403
The requested URL returned error: 403
The requested URL returned error: 403
The requested URL returned error: 403
The requested URL returned error: 403
The requested URL returned error: 403
The requested URL returned error: 403
The requested URL returned error: 403
The requested URL returned error: 403
The requested URL returned error: 403
The requested URL returned error: 403
The requested URL returned error: 403
The requested URL returned error: 403
The requested URL returned error: 403
The requested URL returned error: 403
The requested URL returned error: 403
The requested URL returned error: 403
The requested URL returned error: 403
The requested URL returned error: 403
The requested URL returned error: 403
The requested URL returned error: 403
The requested URL returned error: 403
The requested URL returned error: 403
The requested URL returned error: 403
The requested URL returned error: 403
The requested URL returned error: 403
The requested URL returned error: 403
The requested URL returned error: 403
The requested URL returned error: 403
The requested URL returned error: 403
The requested URL returned error: 403
The requested URL returned error: 403
The requested URL returned error: 403
The requested URL returned error: 403
The requested URL returned error: 403
The requested URL returned error: 403
The requested URL returned error: 403
The requested URL returned error: 403
The requested URL returned error: 403
The requested URL returned error: 403
The requested URL returned error: 403
The requested URL returned error: 403
The requested URL returned error: 403
The requested URL returned error: 403
The requested URL returned error: 403
The requested URL returned error: 403
The requested URL returned error: 403
The requested URL returned error: 403
The requested URL returned error: 403
The requested URL returned error: 403
The requested URL returned error: 403
The requested URL returned error: 403
The requested URL returned error: 403
The requested URL returned error: 403
The requested URL returned error: 403
The requested URL returned error: 403
The requested URL returned error: 403
The requested URL returned error: 403
The requested URL returned error: 403
The requested URL returned error: 403
The requested URL returned error: 403
The requested URL returned error: 403
The re
Downloaded: 0 file(s) [attempted 6607/6641 = 99%], 6607 failed
Downloaded: 0 file(s) [attempted 6641/6641 = 100%] (0% success), 6641 failed
quested URL returned error: 403
The requested URL returned error: 403
The requested URL returned error: 403
The requested URL returned error: 403
The requested URL returned error: 403
The requested URL returned error: 403
The requested URL returned error: 403
The requested URL returned error: 403
The requested URL returned error: 403
The requested URL returned error: 403
The requested URL returned error: 403
The requested URL returned error: 403
The requested URL returned error: 403
The requested URL returned error: 403
The requested URL returned error: 403
The requested URL returned error: 403
The requested URL returned error: 403
The requested URL returned error: 403
The requested URL returned error: 403
The requested URL returned error: 403
The requested URL returned error: 403
The requested URL returned error: 403
The requested URL returned error: 403
The requested URL returned error: 403
The requested URL returned error: 403
The requested URL returned error: 403
The requested URL returned error: 403
The requested URL returned error: 403
The requested URL returned error: 403
The requested URL returned error: 403
The requested URL returned error: 403
The requested URL returned error: 403
The requested URL returned error: 403
The requested URL returned error: 403
The requested URL returned error: 403
The requested URL returned error: 403
The requested URL returned error: 403
The requested URL returned error: 403
The requested URL returned error: 403
The requested URL returned error: 403
The requested URL returned error: 403
The requested URL returned error: 403
The requested URL returned error: 403
The requested URL returned error: 403
The requested URL returned error: 403
The requested URL returned error: 403
The requested URL returned error: 403
The requested URL returned error: 403
The requested URL returned error: 403
The requested URL returned error: 403
The requested URL returned error: 403
The requested URL returned error: 403
The requested URL returned error: 403
The requested URL returned error: 403
The requested URL returned error: 403
The requested URL returned error: 403
The requested URL returned error: 403
The requested URL returned error: 403
The requested URL returned error: 403
The requested URL returned error: 403
The requested URL returned error: 403
The requested URL returned error: 403
The requested URL returned error: 403
The requested URL returned error: 403
The requested URL returned error: 403
The requested URL returned error: 403
6641 download(s) failed
