step,layer,position,dual_length,mass,before0,before1,force0,force1,after0,after1
1,0,3.92156862745098034e-2,7.84313725490196068e-2,1.76470588235294101e-1,9.92420494556427002e-1,4.96210247278213501e-1,-8.59882934018969536e-2,-4.29941467009484768e-2,9.92039799690246582e-1,4.96019899845123291e-1
1,1,1.17647058823529410e-1,7.84313725490196068e-2,1.76470588235294101e-1,9.32472229003906250e-1,4.66236114501953125e-1,-8.07941051200032068e-2,-4.03970525600016034e-2,9.32114541530609131e-1,4.66057270765304565e-1
1,2,1.96078431372549017e-1,7.84313725490196068e-2,1.76470588235294101e-1,8.16196918487548828e-1,4.08098459243774414e-1,-7.07194112241268380e-2,-3.53597056120634190e-2,8.15883815288543701e-1,4.07941907644271851e-1
1,3,2.74509803921568651e-1,7.84313725490196068e-2,1.76470588235294101e-1,6.50618314743041992e-1,3.25309157371520996e-1,-5.63728963024913987e-2,-2.81864481512456994e-2,6.50368750095367432e-1,3.25184375047683716e-1
1,4,3.52941176470588203e-1,7.84313725490196068e-2,1.76470588235294101e-1,4.45738345384597778e-1,2.22869172692298889e-1,-3.86209708638489135e-2,-1.93104854319244568e-2,4.45567369461059570e-1,2.22783684730529785e-1
1,5,4.31372549019607865e-1,7.84313725490196068e-2,1.76470588235294101e-1,2.13933080434799194e-1,1.06966540217399597e-1,-1.85362469928804785e-2,-9.26812349644023925e-3,2.13851019740104675e-1,1.06925509870052338e-1
1,6,5.09803921568627416e-1,7.84313725490196068e-2,1.76470588235294101e-1,-3.07950582355260849e-2,-1.53975291177630424e-2,2.66824235441159852e-3,1.33412117720579926e-3,-3.07832453399896622e-2,-1.53916226699948311e-2
1,7,5.88235294117647078e-1,7.84313725490196068e-2,1.76470588235294101e-1,-2.73662984371185303e-1,-1.36831492185592651e-1,2.37115247582551092e-2,1.18557623791275546e-2,-2.73558020591735840e-1,-1.36779010295867920e-1
1,8,6.66666666666666630e-1,7.84313725490196068e-2,1.76470588235294101e-1,-5.00000000000000000e-1,-2.50000000000000000e-1,4.33224918320775365e-2,2.16612459160387683e-2,-4.99808222055435181e-1,-2.49904111027717590e-1
1,9,7.45098039215686292e-1,7.84313725490196068e-2,1.76470588235294101e-1,-6.96133971214294434e-1,-3.48066985607147217e-1,6.03165859356522283e-2,3.01582929678261141e-2,-6.95866942405700684e-1,-3.47933471202850342e-1
1,10,8.23529411764705843e-1,7.84313725490196068e-2,1.76470588235294101e-1,-8.50217163562774658e-1,-4.25108581781387329e-1,7.36671220511198044e-2,3.68335610255599022e-2,-8.49891006946563721e-1,-4.24945503473281860e-1
1,11,9.01960784313725505e-1,7.84313725490196068e-2,1.76470588235294101e-1,-9.52942013740539551e-1,-4.76471006870269775e-1,8.25677074491977664e-2,4.12838537245988832e-2,-9.52576458454132080e-1,-4.76288229227066040e-1
1,12,9.80392156862745057e-1,5.88235294117647189e-2,1.32352941176470618e-1,-9.98103320598602295e-1,-4.99051660299301147e-1,6.47782495245337459e-2,3.23891247622668729e-2,-9.97720956802368164e-1,-4.98860478401184082e-1
2,0,3.92156862745098034e-2,7.84313725490196068e-2,1.76470588235294101e-1,9.92039799690246582e-1,4.96019899845123291e-1,-8.59552921727299718e-2,-4.29776460863649859e-2,9.91659283638000488e-1,4.95829641819000244e-1
2,1,1.17647058823529410e-1,7.84313725490196068e-2,1.76470588235294101e-1,9.32114541530609131e-1,4.66057270765304565e-1,-8.07631557807326345e-2,-4.03815778903663172e-2,9.31756973266601562e-1,4.65878486633300781e-1
2,2,1.96078431372549017e-1,7.84313725490196068e-2,1.76470588235294101e-1,8.15883815288543701e-1,4.07941907644271851e-1,-7.06922236829995998e-2,-3.53461118414997999e-2,8.15570831298828125e-1,4.07785415649414062e-1
2,3,2.74509803921568651e-1,7.84313725490196068e-2,1.76470588235294101e-1,6.50368750095367432e-1,3.25184375047683716e-1,-5.63513087108730992e-2,-2.81756543554365496e-2,6.50119304656982422e-1,3.25059652328491211e-1
2,4,3.52941176470588203e-1,7.84313725490196068e-2,1.76470588235294101e-1,4.45567369461059570e-1,2.22783684730529785e-1,-3.86061587836593612e-2,-1.93030793918296806e-2,4.45396453142166138e-1,2.22698226571083069e-1
2,5,4.31372549019607865e-1,7.84313725490196068e-2,1.76470588235294101e-1,2.13851019740104675e-1,1.06925509870052338e-1,-1.85291348432656267e-2,-9.26456742163281333e-3,2.13768988847732544e-1,1.06884494423866272e-1
2,6,5.09803921568627416e-1,7.84313725490196068e-2,1.76470588235294101e-1,-3.07832453399896622e-2,-1.53916226699948311e-2,2.66720572253686949e-3,1.33360286126843475e-3,-3.07714380323886871e-2,-1.53857190161943436e-2
2,7,5.88235294117647078e-1,7.84313725490196068e-2,1.76470588235294101e-1,-2.73558020591735840e-1,-1.36779010295867920e-1,2.37024355272296705e-2,1.18512177636148353e-2,-2.73453086614608765e-1,-1.36726543307304382e-1
2,8,6.66666666666666630e-1,7.84313725490196068e-2,1.76470588235294101e-1,-4.99808222055435181e-1,-2.49904111027717590e-1,4.33059057220817056e-2,2.16529528610408528e-2,-4.99616503715515137e-1,-2.49808251857757568e-1
2,9,7.45098039215686292e-1,7.84313725490196068e-2,1.76470588235294101e-1,-6.95866942405700684e-1,-3.47933471202850342e-1,6.02934594266116286e-2,3.01467297133058143e-2,-6.95600032806396484e-1,-3.47800016403198242e-1
2,10,8.23529411764705843e-1,7.84313725490196068e-2,1.76470588235294101e-1,-8.49891006946563721e-1,-4.24945503473281860e-1,7.36388230696320700e-2,3.68194115348160350e-2,-8.49565029144287109e-1,-4.24782514572143555e-1
2,11,9.01960784313725505e-1,7.84313725490196068e-2,1.76470588235294101e-1,-9.52576458454132080e-1,-4.76288229227066040e-1,8.25353046879172131e-2,4.12676523439586065e-2,-9.52211081981658936e-1,-4.76105540990829468e-1
2,12,9.80392156862745057e-1,5.88235294117647189e-2,1.32352941176470618e-1,-9.97720956802368164e-1,-4.98860478401184082e-1,6.47541398182511357e-2,3.23770699091255679e-2,-9.97338712215423584e-1,-4.98669356107711792e-1
3,0,3.92156862745098034e-2,7.84313725490196068e-2,1.76470588235294101e-1,9.91659283638000488e-1,4.95829641819000244e-1,-8.59223764389753369e-2,-4.29611882194876685e-2,9.91278886795043945e-1,4.95639443397521973e-1
3,1,1.17647058823529410e-1,7.84313725490196068e-2,1.76470588235294101e-1,9.31756973266601562e-1,4.65878486633300781e-1,-8.07321209460496875e-2,-4.03660604730248437e-2,9.31399583816528320e-1,4.65699791908264160e-1
3,2,1.96078431372549017e-1,7.84313725490196068e-2,1.76470588235294101e-1,8.15570831298828125e-1,4.07785415649414062e-1,-7.06650361418723894e-2,-3.53325180709361947e-2,8.15257966518402100e-1,4.07628983259201050e-1
3,3,2.74509803921568651e-1,7.84313725490196068e-2,1.76470588235294101e-1,6.50119304656982422e-1,3.25059652328491211e-1,-5.63298066146671605e-2,-2.81649033073335803e-2,6.49869918823242188e-1,3.24934959411621094e-1
3,4,3.52941176470588203e-1,7.84313725490196068e-2,1.76470588235294101e-1,4.45396453142166138e-1,2.22698226571083069e-1,-3.85913039557636006e-2,-1.92956519778818003e-2,4.45225596427917480e-1,2.22612798213958740e-1
3,5,4.31372549019607865e-1,7.84313725490196068e-2,1.76470588235294101e-1,2.13768988847732544e-1,1.06884494423866272e-1,-1.85220307088457270e-2,-9.26101535442286350e-3,2.13686987757682800e-1,1.06843493878841400e-1
3,6,5.09803921568627416e-1,7.84313725490196068e-2,1.76470588235294101e-1,-3.07714380323886871e-2,-1.53857190161943436e-2,2.66618512105198935e-3,1.33309256052599467e-3,-3.07596344500780106e-2,-1.53798172250390053e-2
3,7,5.88235294117647078e-1,7.84313725490196068e-2,1.76470588235294101e-1,-2.73453086614608765e-1,-1.36726543307304382e-1,2.36933382810093351e-2,1.18466691405046676e-2,-2.73348182439804077e-1,-1.36674091219902039e-1
3,8,6.66666666666666630e-1,7.84313725490196068e-2,1.76470588235294101e-1,-4.99616503715515137e-1,-2.49808251857757568e-1,4.32892768643796666e-2,2.16446384321898333e-2,-4.99424844980239868e-1,-2.49712422490119934e-1
3,9,7.45098039215686292e-1,7.84313725490196068e-2,1.76470588235294101e-1,-6.95600032806396484e-1,-3.47800016403198242e-1,6.02703329175710567e-2,3.01351664587855284e-2,-6.95333182811737061e-1,-3.47666591405868530e-1
3,10,8.23529411764705843e-1,7.84313725490196068e-2,1.76470588235294101e-1,-8.49565029144287109e-1,-4.24782514572143555e-1,7.36106095835566410e-2,3.68053047917783205e-2,-8.49239170551300049e-1,-4.24619585275650024e-1
3,11,9.01960784313725505e-1,7.84313725490196068e-2,1.76470588235294101e-1,-9.52211081981658936e-1,-4.76105540990829468e-1,8.25029874220490483e-2,4.12514937110245242e-2,-9.51845824718475342e-1,-4.75922912359237671e-1
3,12,9.80392156862745057e-1,5.88235294117647189e-2,1.32352941176470618e-1,-9.97338712215423584e-1,-4.98669356107711792e-1,6.47299446165561648e-2,3.23649723082780824e-2,-9.96956646442413330e-1,-4.98478323221206665e-1
4,0,3.92156862745098034e-2,7.84313725490196068e-2,1.76470588235294101e-1,9.91278886795043945e-1,4.95639443397521973e-1,-8.58893752098083413e-2,-4.29446876049041706e-2,9.90898668766021729e-1,4.95449334383010864e-1
4,1,1.17647058823529410e-1,7.84313725490196068e-2,1.76470588235294101e-1,9.31399583816528320e-1,4.65699791908264160e-1,-8.07012571021914621e-2,-4.03506285510957310e-2,9.31042313575744629e-1,4.65521156787872314e-1
4,2,1.96078431372549017e-1,7.84313725490196068e-2,1.76470588235294101e-1,8.15257966518402100e-1,4.07628983259201050e-1,-7.06378486007451789e-2,-3.53189243003725895e-2,8.14945220947265625e-1,4.07472610473632812e-1
4,3,2.74509803921568651e-1,7.84313725490196068e-2,1.76470588235294101e-1,6.49869918823242188e-1,3.24934959411621094e-1,-5.63082190230488611e-2,-2.81541095115244305e-2,6.49620652198791504e-1,3.24810326099395752e-1
4,4,3.52941176470588203e-1,7.84313725490196068e-2,1.76470588235294101e-1,4.45225596427917480e-1,2.22612798213958740e-1,-3.85764918755739927e-2,-1.92882459377869964e-2,4.45054829120635986e-1,2.22527414560317993e-1
4,5,4.31372549019607865e-1,7.84313725490196068e-2,1.76470588235294101e-1,2.13686987757682800e-1,1.06843493878841400e-1,-1.85149319178890548e-2,-9.25746595894452740e-3,2.13605016469955444e-1,1.06802508234977722e-1
4,6,5.09803921568627416e-1,7.84313725490196068e-2,1.76470588235294101e-1,-3.07596344500780106e-2,-1.53798172250390053e-2,2.66517520649356410e-3,1.33258760324678205e-3,-3.07478345930576324e-2,-1.53739172965288162e-2
4,7,5.88235294117647078e-1,7.84313725490196068e-2,1.76470588235294101e-1,-2.73348182439804077e-1,-1.36674091219902039e-1,2.36842356913257723e-2,1.18421178456628862e-2,-2.73243337869644165e-1,-1.36621668934822083e-1
4,8,6.66666666666666630e-1,7.84313725490196068e-2,1.76470588235294101e-1,-4.99424844980239868e-1,-2.49712422490119934e-1,4.32726907543837802e-2,2.16363453771918901e-2,-4.99233275651931763e-1,-2.49616637825965881e-1
4,9,7.45098039215686292e-1,7.84313725490196068e-2,1.76470588235294101e-1,-6.95333182811737061e-1,-3.47666591405868530e-1,6.02471209131181240e-2,3.01235604565590620e-2,-6.95066452026367188e-1,-3.47533226013183594e-1
4,10,8.23529411764705843e-1,7.84313725490196068e-2,1.76470588235294101e-1,-8.49239170551300049e-1,-4.24619585275650024e-1,7.35824815928936005e-2,3.67912407964468002e-2,-8.48913431167602539e-1,-4.24456715583801270e-1
4,11,9.01960784313725505e-1,7.84313725490196068e-2,1.76470588235294101e-1,-9.51845824718475342e-1,-4.75922912359237671e-1,8.24705846607684950e-2,4.12352923303842475e-2,-9.51480746269226074e-1,-4.75740373134613037e-1
4,12,9.80392156862745057e-1,5.88235294117647189e-2,1.32352941176470618e-1,-9.96956646442413330e-1,-4.98478323221206665e-1,6.47058349102735547e-2,3.23529174551367774e-2,-9.96574699878692627e-1,-4.98287349939346313e-1
5,0,3.92156862745098034e-2,7.84313725490196068e-2,1.76470588235294101e-1,9.90898668766021729e-1,4.95449334383010864e-1,-8.58564594760537064e-2,-4.29282297380268532e-2,9.90518569946289062e-1,4.95259284973144531e-1
5,1,1.17647058823529410e-1,7.84313725490196068e-2,1.76470588235294101e-1,9.31042313575744629e-1,4.65521156787872314e-1,-8.06703077629208481e-2,-4.03351538814604241e-2,9.30685162544250488e-1,4.65342581272125244e-1
5,2,1.96078431372549017e-1,7.84313725490196068e-2,1.76470588235294101e-1,8.14945220947265625e-1,4.07472610473632812e-1,-7.06106610596179962e-2,-3.53053305298089981e-2,8.14632594585418701e-1,4.07316297292709351e-1
5,3,2.74509803921568651e-1,7.84313725490196068e-2,1.76470588235294101e-1,6.49620652198791504e-1,3.24810326099395752e-1,-5.62866741791367697e-2,-2.81433370895683849e-2,6.49371445178985596e-1,3.24685722589492798e-1
5,4,3.52941176470588203e-1,7.84313725490196068e-2,1.76470588235294101e-1,4.45054829120635986e-1,2.22527414560317993e-1,-3.85617225430905930e-2,-1.92808612715452965e-2,4.44884121417999268e-1,2.22442060708999634e-1
5,5,4.31372549019607865e-1,7.84313725490196068e-2,1.76470588235294101e-1,2.13605016469955444e-1,1.06802508234977722e-1,-1.85077957226894574e-2,-9.25389786134472869e-3,2.13523074984550476e-1,1.06761537492275238e-1
5,6,5.09803921568627416e-1,7.84313725490196068e-2,1.76470588235294101e-1,-3.07478345930576324e-2,-1.53739172965288162e-2,2.66413323115555212e-3,1.33206661557777606e-3,-3.07360403239727020e-2,-1.53680201619863510e-2
5,7,5.88235294117647078e-1,7.84313725490196068e-2,1.76470588235294101e-1,-2.73243337869644165e-1,-1.36621668934822083e-1,2.36751705058850792e-2,1.18375852529425396e-2,-2.73138523101806641e-1,-1.36569261550903320e-1
5,8,6.66666666666666630e-1,7.84313725490196068e-2,1.76470588235294101e-1,-4.99233275651931763e-1,-2.49616637825965881e-1,4.32561046443879493e-2,2.16280523221939747e-2,-4.99041765928268433e-1,-2.49520882964134216e-1
5,9,7.45098039215686292e-1,7.84313725490196068e-2,1.76470588235294101e-1,-6.95066452026367188e-1,-3.47533226013183594e-1,6.02239516563713440e-2,3.01119758281856720e-2,-6.94799840450286865e-1,-3.47399920225143433e-1
5,10,8.23529411764705843e-1,7.84313725490196068e-2,1.76470588235294101e-1,-8.48913431167602539e-1,-4.24456715583801270e-1,7.35542681068181992e-2,3.67771340534090996e-2,-8.48587810993194580e-1,-4.24293905496597290e-1
5,11,9.01960784313725505e-1,7.84313725490196068e-2,1.76470588235294101e-1,-9.51480746269226074e-1,-4.75740373134613037e-1,8.24383528903126633e-2,4.12191764451563317e-2,-9.51115787029266357e-1,-4.75557893514633179e-1
5,12,9.80392156862745057e-1,5.88235294117647189e-2,1.32352941176470618e-1,-9.96574699878692627e-1,-4.98287349939346313e-1,6.46816397085785838e-2,3.23408198542892919e-2,-9.96192872524261475e-1,-4.98096436262130737e-1
6,0,3.92156862745098034e-2,7.84313725490196068e-2,1.76470588235294101e-1,9.90518569946289062e-1,4.95259284973144531e-1,-8.58235437422990716e-2,-4.29117718711495358e-2,9.90138649940490723e-1,4.95069324970245361e-1
6,1,1.17647058823529410e-1,7.84313725490196068e-2,1.76470588235294101e-1,9.30685162544250488e-1,4.65342581272125244e-1,-8.06393584236502620e-2,-4.03196792118251310e-2,9.30328190326690674e-1,4.65164095163345337e-1
6,2,1.96078431372549017e-1,7.84313725490196068e-2,1.76470588235294101e-1,8.14632594585418701e-1,4.07316297292709351e-1,-7.05835590139031466e-2,-3.52917795069515733e-2,8.14320087432861328e-1,4.07160043716430664e-1
6,3,2.74509803921568651e-1,7.84313725490196068e-2,1.76470588235294101e-1,6.49371445178985596e-1,3.24685722589492798e-1,-5.62650438398122621e-2,-2.81325219199061310e-2,6.49122357368469238e-1,3.24561178684234619e-1
6,4,3.52941176470588203e-1,7.84313725490196068e-2,1.76470588235294101e-1,4.44884121417999268e-1,2.22442060708999634e-1,-3.85469959583133459e-2,-1.92734979791566730e-2,4.44713473320007324e-1,2.22356736660003662e-1
6,5,4.31372549019607865e-1,7.84313725490196068e-2,1.76470588235294101e-1,2.13523074984550476e-1,1.06761537492275238e-1,-1.85006675426848122e-2,-9.25033377134240609e-3,2.13441178202629089e-1,1.06720589101314545e-1
6,6,5.09803921568627416e-1,7.84313725490196068e-2,1.76470588235294101e-1,-3.07360403239727020e-2,-1.53680201619863510e-2,2.66310728620733350e-3,1.33155364310366675e-3,-3.07242497801780701e-2,-1.53621248900890350e-2
6,7,5.88235294117647078e-1,7.84313725490196068e-2,1.76470588235294101e-1,-2.73138523101806641e-1,-1.36569261550903320e-1,2.36660973052494339e-2,1.18330486526247169e-2,-2.73033738136291504e-1,-1.36516869068145752e-1
6,8,6.66666666666666630e-1,7.84313725490196068e-2,1.76470588235294101e-1,-4.99041765928268433e-1,-2.49520882964134216e-1,4.32394757866859658e-2,2.16197378933429829e-2,-4.98850345611572266e-1,-2.49425172805786133e-1
6,9,7.45098039215686292e-1,7.84313725490196068e-2,1.76470588235294101e-1,-6.94799840450286865e-1,-3.47399920225143433e-1,6.02008678950369247e-2,3.01004339475184624e-2,-6.94533348083496094e-1,-3.47266674041748047e-1
6,10,8.23529411764705843e-1,7.84313725490196068e-2,1.76470588235294101e-1,-8.48587810993194580e-1,-4.24293905496597290e-1,7.35260546207427979e-2,3.67630273103713989e-2,-8.48262310028076172e-1,-4.24131155014038086e-1
6,11,9.01960784313725505e-1,7.84313725490196068e-2,1.76470588235294101e-1,-9.51115787029266357e-1,-4.75557893514633179e-1,8.24061211198568316e-2,4.12030605599284158e-2,-9.50750946998596191e-1,-4.75375473499298096e-1
6,12,9.80392156862745057e-1,5.88235294117647189e-2,1.32352941176470618e-1,-9.96192872524261475e-1,-4.98096436262130737e-1,6.46574445068836129e-2,3.23287222534418064e-2,-9.95811223983764648e-1,-4.97905611991882324e-1
7,0,3.92156862745098034e-2,7.84313725490196068e-2,1.76470588235294101e-1,9.90138649940490723e-1,4.95069324970245361e-1,-8.57906280085444367e-2,-4.28953140042722184e-2,9.89758849143981934e-1,4.94879424571990967e-1
7,1,1.17647058823529410e-1,7.84313725490196068e-2,1.76470588235294101e-1,9.30328190326690674e-1,4.65164095163345337e-1,-8.06084945797920366e-2,-4.03042472898960183e-2,9.29971337318420410e-1,4.64985668659210205e-1
7,2,1.96078431372549017e-1,7.84313725490196068e-2,1.76470588235294101e-1,8.14320087432861328e-1,4.07160043716430664e-1,-7.05563714727759361e-2,-3.52781857363879681e-2,8.14007699489593506e-1,4.07003849744796753e-1
7,3,2.74509803921568651e-1,7.84313725490196068e-2,1.76470588235294101e-1,6.49122357368469238e-1,3.24561178684234619e-1,-5.62434989959001153e-2,-2.81217494979500576e-2,6.48873388767242432e-1,3.24436694383621216e-1
7,4,3.52941176470588203e-1,7.84313725490196068e-2,1.76470588235294101e-1,4.44713473320007324e-1,2.22356736660003662e-1,-3.85322052519768699e-2,-1.92661026259884349e-2,4.44542884826660156e-1,2.22271442413330078e-1
7,5,4.31372549019607865e-1,7.84313725490196068e-2,1.76470588235294101e-1,2.13441178202629089e-1,1.06720589101314545e-1,-1.84935874538496026e-2,-9.24679372692480128e-3,2.13359311223030090e-1,1.06679655611515045e-1
7,6,5.09803921568627416e-1,7.84313725490196068e-2,1.76470588235294101e-1,-3.07242497801780701e-2,-1.53621248900890350e-2,2.66211340203881264e-3,1.33105670101940632e-3,-3.07124648243188858e-2,-1.53562324121594429e-2
7,7,5.88235294117647078e-1,7.84313725490196068e-2,1.76470588235294101e-1,-2.73033738136291504e-1,-1.36516869068145752e-1,2.36569760134443530e-2,1.18284880067221765e-2,-2.72929012775421143e-1,-1.36464506387710571e-1
7,8,6.66666666666666630e-1,7.84313725490196068e-2,1.76470588235294101e-1,-4.98850345611572266e-1,-2.49425172805786133e-1,4.32228896766900794e-2,2.16114448383450397e-2,-4.98658984899520874e-1,-2.49329492449760437e-1
7,9,7.45098039215686292e-1,7.84313725490196068e-2,1.76470588235294101e-1,-6.94533348083496094e-1,-3.47266674041748047e-1,6.01778268814087136e-2,3.00889134407043568e-2,-6.94266915321350098e-1,-3.47133457660675049e-1
7,10,8.23529411764705843e-1,7.84313725490196068e-2,1.76470588235294101e-1,-8.48262310028076172e-1,-4.24131155014038086e-1,7.34978411346673965e-2,3.67489205673336983e-2,-8.47936928272247314e-1,-4.23968464136123657e-1
7,11,9.01960784313725505e-1,7.84313725490196068e-2,1.76470588235294101e-1,-9.50750946998596191e-1,-4.75375473499298096e-1,8.23738038539886391e-2,4.11869019269943196e-2,-9.50386285781860352e-1,-4.75193142890930176e-1
7,12,9.80392156862745057e-1,5.88235294117647189e-2,1.32352941176470618e-1,-9.95811223983764648e-1,-4.97905611991882324e-1,6.46333348006010028e-2,3.23166674003005014e-2,-9.95429694652557373e-1,-4.97714847326278687e-1
8,0,3.92156862745098034e-2,7.84313725490196068e-2,1.76470588235294101e-1,9.89758849143981934e-1,4.94879424571990967e-1,-8.57577122747898019e-2,-4.28788561373949009e-2,9.89379167556762695e-1,4.94689583778381348e-1
8,1,1.17647058823529410e-1,7.84313725490196068e-2,1.76470588235294101e-1,9.29971337318420410e-1,4.64985668659210205e-1,-8.05776307359337834e-2,-4.02888153679668917e-2,9.29614603519439697e-1,4.64807301759719849e-1
8,2,1.96078431372549017e-1,7.84313725490196068e-2,1.76470588235294101e-1,8.14007699489593506e-1,4.07003849744796753e-1,-7.05291839316487257e-2,-3.52645919658243628e-2,8.13695490360260010e-1,4.06847745180130005e-1
8,3,2.74509803921568651e-1,7.84313725490196068e-2,1.76470588235294101e-1,6.48873388767242432e-1,3.24436694383621216e-1,-5.62220396474003570e-2,-2.81110198237001785e-2,6.48624479770660400e-1,3.24312239885330200e-1
8,4,3.52941176470588203e-1,7.84313725490196068e-2,1.76470588235294101e-1,4.44542884826660156e-1,2.22271442413330078e-1,-3.85173717979341856e-2,-1.92586858989670928e-2,4.44372355937957764e-1,2.22186177968978882e-1
8,5,4.31372549019607865e-1,7.84313725490196068e-2,1.76470588235294101e-1,2.13359311223030090e-1,1.06679655611515045e-1,-1.84865153802093451e-2,-9.24325769010467257e-3,2.13277474045753479e-1,1.06638737022876740e-1
8,6,5.09803921568627416e-1,7.84313725490196068e-2,1.76470588235294101e-1,-3.07124648243188858e-2,-1.53562324121594429e-2,2.66109280055393249e-3,1.33054640027696625e-3,-3.07006835937500000e-2,-1.53503417968750000e-2
8,7,5.88235294117647078e-1,7.84313725490196068e-2,1.76470588235294101e-1,-2.72929012775421143e-1,-1.36464506387710571e-1,2.36479322018567362e-2,1.18239661009283681e-2,-2.72824317216873169e-1,-1.36412158608436584e-1
8,8,6.66666666666666630e-1,7.84313725490196068e-2,1.76470588235294101e-1,-4.98658984899520874e-1,-2.49329492449760437e-1,4.32063035666942485e-2,2.16031517833471243e-2,-4.98467713594436646e-1,-2.49233856797218323e-1
8,9,7.45098039215686292e-1,7.84313725490196068e-2,1.76470588235294101e-1,-6.94266915321350098e-1,-3.47133457660675049e-1,6.01547003723680862e-2,3.00773501861840431e-2,-6.94000601768493652e-1,-3.47000300884246826e-1
8,10,8.23529411764705843e-1,7.84313725490196068e-2,1.76470588235294101e-1,-8.47936928272247314e-1,-4.23968464136123657e-1,7.34696276485919952e-2,3.67348138242959976e-2,-8.47611665725708008e-1,-4.23805832862854004e-1
8,11,9.01960784313725505e-1,7.84313725490196068e-2,1.76470588235294101e-1,-9.50386285781860352e-1,-4.75193142890930176e-1,8.23416575789451682e-2,4.11708287894725841e-2,-9.50021743774414062e-1,-4.75010871887207031e-1
8,12,9.80392156862745057e-1,5.88235294117647189e-2,1.32352941176470618e-1,-9.95429694652557373e-1,-4.97714847326278687e-1,6.46091395989060319e-2,3.23045697994530159e-2,-9.95048344135284424e-1,-4.97524172067642212e-1
9,0,3.92156862745098034e-2,7.84313725490196068e-2,1.76470588235294101e-1,9.89379167556762695e-1,4.94689583778381348e-1,-8.57247965410351670e-2,-4.28623982705175835e-2,9.88999664783477783e-1,4.94499832391738892e-1
9,1,1.17647058823529410e-1,7.84313725490196068e-2,1.76470588235294101e-1,9.29614603519439697e-1,4.64807301759719849e-1,-8.05466813966631973e-2,-4.02733406983315986e-2,9.29257988929748535e-1,4.64628994464874268e-1
9,2,1.96078431372549017e-1,7.84313725490196068e-2,1.76470588235294101e-1,8.13695490360260010e-1,4.06847745180130005e-1,-7.05022528767585699e-2,-3.52511264383792849e-2,8.13383400440216064e-1,4.06691700220108032e-1
9,3,2.74509803921568651e-1,7.84313725490196068e-2,1.76470588235294101e-1,6.48624479770660400e-1,3.24312239885330200e-1,-5.62004093080758771e-2,-2.81002046540379385e-2,6.48375689983367920e-1,3.24187844991683960e-1
9,4,3.52941176470588203e-1,7.84313725490196068e-2,1.76470588235294101e-1,4.44372355937957764e-1,2.22186177968978882e-1,-3.85025810915977096e-2,-1.92512905457988548e-2,4.44201916456222534e-1,2.22100958228111267e-1
9,5,4.31372549019607865e-1,7.84313725490196068e-2,1.76470588235294101e-1,2.13277474045753479e-1,1.06638737022876740e-1,-1.84794486500322597e-2,-9.23972432501612984e-3,2.13195666670799255e-1,1.06597833335399628e-1
9,6,5.09803921568627416e-1,7.84313725490196068e-2,1.76470588235294101e-1,-3.07006835937500000e-2,-1.53503417968750000e-2,2.66008288599550724e-3,1.33004144299775362e-3,-3.06889079511165619e-2,-1.53444539755582809e-2
9,7,5.88235294117647078e-1,7.84313725490196068e-2,1.76470588235294101e-1,-2.72824317216873169e-1,-1.36412158608436584e-1,2.36388402990996838e-2,1.18194201495498419e-2,-2.72719651460647583e-1,-1.36359825730323792e-1
9,8,6.66666666666666630e-1,7.84313725490196068e-2,1.76470588235294101e-1,-4.98467713594436646e-1,-2.49233856797218323e-1,4.31897602044045703e-2,2.15948801022022852e-2,-4.98276501893997192e-1,-2.49138250946998596e-1
9,9,7.45098039215686292e-1,7.84313725490196068e-2,1.76470588235294101e-1,-6.94000601768493652e-1,-3.47000300884246826e-1,6.01316166110336947e-2,3.00658083055168474e-2,-6.93734407424926758e-1,-3.46867203712463379e-1
9,10,8.23529411764705843e-1,7.84313725490196068e-2,1.76470588235294101e-1,-8.47611665725708008e-1,-4.23805832862854004e-1,7.34414141625165939e-2,3.67207070812582970e-2,-8.47286522388458252e-1,-4.23643261194229126e-1
9,11,9.01960784313725505e-1,7.84313725490196068e-2,1.76470588235294101e-1,-9.50021743774414062e-1,-4.75010871887207031e-1,8.23094258084893088e-2,4.11547129042446544e-2,-9.49657380580902100e-1,-4.74828690290451050e-1
9,12,9.80392156862745057e-1,5.88235294117647189e-2,1.32352941176470618e-1,-9.95048344135284424e-1,-4.97524172067642212e-1,6.45850298926234218e-2,3.22925149463117109e-2,-9.94667112827301025e-1,-4.97333556413650513e-1
10,0,3.92156862745098034e-2,7.84313725490196068e-2,1.76470588235294101e-1,9.88999664783477783e-1,4.94499832391738892e-1,-8.56919663026928929e-2,-4.28459831513464465e-2,9.88620281219482422e-1,4.94310140609741211e-1
10,1,1.17647058823529410e-1,7.84313725490196068e-2,1.76470588235294101e-1,9.29257988929748535e-1,4.64628994464874268e-1,-8.05156465619802503e-2,-4.02578232809901251e-2,9.28901553153991699e-1,4.64450776576995850e-1
10,2,1.96078431372549017e-1,7.84313725490196068e-2,1.76470588235294101e-1,8.13383400440216064e-1,4.06691700220108032e-1,-7.04753218218684141e-2,-3.52376609109342070e-2,8.13071429729461670e-1,4.06535714864730835e-1
10,3,2.74509803921568651e-1,7.84313725490196068e-2,1.76470588235294101e-1,6.48375689983367920e-1,3.24187844991683960e-1,-5.61788217164576054e-2,-2.80894108582288027e-2,6.48126959800720215e-1,3.24063479900360107e-1
10,4,3.52941176470588203e-1,7.84313725490196068e-2,1.76470588235294101e-1,4.44201916456222534e-1,2.22100958228111267e-1,-3.84878331329673307e-2,-1.92439165664836653e-2,4.44031536579132080e-1,2.22015768289566040e-1
10,5,4.31372549019607865e-1,7.84313725490196068e-2,1.76470588235294101e-1,2.13195666670799255e-1,1.06597833335399628e-1,-1.84723471873439737e-2,-9.23617359367198687e-3,2.13113889098167419e-1,1.06556944549083710e-1
10,6,5.09803921568627416e-1,7.84313725490196068e-2,1.76470588235294101e-1,-3.06889079511165619e-2,-1.53444539755582809e-2,2.65908900182693086e-3,1.32954450091346543e-3,-3.06771360337734222e-2,-1.53385680168867111e-2
10,7,5.88235294117647078e-1,7.84313725490196068e-2,1.76470588235294101e-1,-2.72719651460647583e-1,-1.36359825730323792e-1,2.36297403811476792e-2,1.18148701905738396e-2,-2.72615045309066772e-1,-1.36307522654533386e-1
10,8,6.66666666666666630e-1,7.84313725490196068e-2,1.76470588235294101e-1,-4.98276501893997192e-1,-2.49138250946998596e-1,4.31731740944087949e-2,2.15865870472043975e-2,-4.98085379600524902e-1,-2.49042689800262451e-1
10,9,7.45098039215686292e-1,7.84313725490196068e-2,1.76470588235294101e-1,-6.93734407424926758e-1,-3.46867203712463379e-1,6.01086183451115807e-2,3.00543091725557904e-2,-6.93468272686004639e-1,-3.46734136343002319e-1
10,10,8.23529411764705843e-1,7.84313725490196068e-2,1.76470588235294101e-1,-8.47286522388458252e-1,-4.23643261194229126e-1,7.34131151810288318e-2,3.67065575905144159e-2,-8.46961498260498047e-1,-4.23480749130249023e-1
10,11,9.01960784313725505e-1,7.84313725490196068e-2,1.76470588235294101e-1,-9.49657380580902100e-1,-4.74828690290451050e-1,8.22773650288581987e-2,4.11386825144290993e-2,-9.49293136596679688e-1,-4.74646568298339844e-1
10,12,9.80392156862745057e-1,5.88235294117647189e-2,1.32352941176470618e-1,-9.94667112827301025e-1,-4.97333556413650513e-1,6.45608346909284508e-2,3.22804173454642254e-2,-9.94286000728607178e-1,-4.97143000364303589e-1
11,0,3.92156862745098034e-2,7.84313725490196068e-2,1.76470588235294101e-1,9.88620281219482422e-1,4.94310140609741211e-1,-8.56590505689382581e-2,-4.28295252844691290e-2,9.88241076469421387e-1,4.94120538234710693e-1
11,1,1.17647058823529410e-1,7.84313725490196068e-2,1.76470588235294101e-1,9.28901553153991699e-1,4.64450776576995850e-1,-8.04847827181219971e-2,-4.02423913590609986e-2,9.28545236587524414e-1,4.64272618293762207e-1
11,2,1.96078431372549017e-1,7.84313725490196068e-2,1.76470588235294101e-1,8.13071429729461670e-1,4.06535714864730835e-1,-7.04483907669782583e-2,-3.52241953834891292e-2,8.12759578227996826e-1,4.06379789113998413e-1
11,3,2.74509803921568651e-1,7.84313725490196068e-2,1.76470588235294101e-1,6.48126959800720215e-1,3.24063479900360107e-1,-5.61571486294269451e-2,-2.80785743147134725e-2,6.47878348827362061e-1,3.23939174413681030e-1
11,4,3.52941176470588203e-1,7.84313725490196068e-2,1.76470588235294101e-1,4.44031536579132080e-1,2.22015768289566040e-1,-3.84731279220432154e-2,-1.92365639610216077e-2,4.43861216306686401e-1,2.21930608153343201e-1
11,5,4.31372549019607865e-1,7.84313725490196068e-2,1.76470588235294101e-1,2.13113889098167419e-1,1.06556944549083710e-1,-1.84652510681189708e-2,-9.23262553405948538e-3,2.13032141327857971e-1,1.06516070663928986e-1
11,6,5.09803921568627416e-1,7.84313725490196068e-2,1.76470588235294101e-1,-3.06771360337734222e-2,-1.53385680168867111e-2,2.65806305687876776e-3,1.32903152843938388e-3,-3.06653678417205811e-2,-1.53326839208602905e-2
11,7,5.88235294117647078e-1,7.84313725490196068e-2,1.76470588235294101e-1,-2.72615045309066772e-1,-1.36307522654533386e-1,2.36206778674386553e-2,1.18103389337193276e-2,-2.72510468959808350e-1,-1.36255234479904175e-1
11,8,6.66666666666666630e-1,7.84313725490196068e-2,1.76470588235294101e-1,-4.98085379600524902e-1,-2.49042689800262451e-1,4.31566734798252138e-2,2.15783367399126069e-2,-4.97894316911697388e-1,-2.48947158455848694e-1
11,9,7.45098039215686292e-1,7.84313725490196068e-2,1.76470588235294101e-1,-6.93468272686004639e-1,-3.46734136343002319e-1,6.00854918360710366e-2,3.00427459180355183e-2,-6.93202257156372070e-1,-3.46601128578186035e-1
11,10,8.23529411764705843e-1,7.84313725490196068e-2,1.76470588235294101e-1,-8.46961498260498047e-1,-4.23480749130249023e-1,7.33849016949534305e-2,3.66924508474767153e-2,-8.46636593341827393e-1,-4.23318296670913696e-1
11,11,9.01960784313725505e-1,7.84313725490196068e-2,1.76470588235294101e-1,-9.49293136596679688e-1,-4.74646568298339844e-1,8.22453042492270470e-2,4.11226521246135235e-2,-9.48929011821746826e-1,-4.74464505910873413e-1
11,12,9.80392156862745057e-1,5.88235294117647189e-2,1.32352941176470618e-1,-9.94286000728607178e-1,-4.97143000364303589e-1,6.45366394892334938e-2,3.22683197446167469e-2,-9.93905067443847656e-1,-4.96952533721923828e-1
12,0,3.92156862745098034e-2,7.84313725490196068e-2,1.76470588235294101e-1,9.88241076469421387e-1,4.94120538234710693e-1,-8.56262203305959702e-2,-4.28131101652979851e-2,9.87861990928649902e-1,4.93930995464324951e-1
12,1,1.17647058823529410e-1,7.84313725490196068e-2,1.76470588235294101e-1,9.28545236587524414e-1,4.64272618293762207e-1,-8.04538333788513971e-2,-4.02269166894256985e-2,9.28189039230346680e-1,4.64094519615173340e-1
12,2,1.96078431372549017e-1,7.84313725490196068e-2,1.76470588235294101e-1,8.12759578227996826e-1,4.06379789113998413e-1,-7.04214597120881303e-2,-3.52107298560440651e-2,8.12447845935821533e-1,4.06223922967910767e-1
12,3,2.74509803921568651e-1,7.84313725490196068e-2,1.76470588235294101e-1,6.47878348827362061e-1,3.23939174413681030e-1,-5.61355610378086178e-2,-2.80677805189043089e-2,6.47629857063293457e-1,3.23814928531646729e-1
12,4,3.52941176470588203e-1,7.84313725490196068e-2,1.76470588235294101e-1,4.43861216306686401e-1,2.21930608153343201e-1,-3.84583799634128920e-2,-1.92291899817064460e-2,4.43690955638885498e-1,2.21845477819442749e-1
12,5,4.31372549019607865e-1,7.84313725490196068e-2,1.76470588235294101e-1,2.13032141327857971e-1,1.06516070663928986e-1,-1.84581602923571952e-2,-9.22908014617859762e-3,2.12950423359870911e-1,1.06475211679935455e-1
12,6,5.09803921568627416e-1,7.84313725490196068e-2,1.76470588235294101e-1,-3.06653678417205811e-2,-1.53326839208602905e-2,2.65704779885705955e-3,1.32852389942852978e-3,-3.06536052376031876e-2,-1.53268026188015938e-2
12,7,5.88235294117647078e-1,7.84313725490196068e-2,1.76470588235294101e-1,-2.72510468959808350e-1,-1.36255234479904175e-1,2.36116100102662929e-2,1.18058050051331465e-2,-2.72405952215194702e-1,-1.36202976107597351e-1
12,8,6.66666666666666630e-1,7.84313725490196068e-2,1.76470588235294101e-1,-4.97894316911697388e-1,-2.48947158455848694e-1,4.31401301175355911e-2,2.15700650587677956e-2,-4.97703343629837036e-1,-2.48851671814918518e-1
12,9,7.45098039215686292e-1,7.84313725490196068e-2,1.76470588235294101e-1,-6.93202257156372070e-1,-3.46601128578186035e-1,6.00624508224427978e-2,3.00312254112213989e-2,-6.92936360836029053e-1,-3.46468180418014526e-1
12,10,8.23529411764705843e-1,7.84313725490196068e-2,1.76470588235294101e-1,-8.46636593341827393e-1,-4.23318296670913696e-1,7.33566882088780292e-2,3.66783441044390146e-2,-8.46311807632446289e-1,-4.23155903816223145e-1
12,11,9.01960784313725505e-1,7.84313725490196068e-2,1.76470588235294101e-1,-9.48929011821746826e-1,-4.74464505910873413e-1,8.22131579741835622e-2,4.11065789870917811e-2,-9.48565065860748291e-1,-4.74282532930374146e-1
12,12,9.80392156862745057e-1,5.88235294117647189e-2,1.32352941176470618e-1,-9.93905067443847656e-1,-4.96952533721923828e-1,6.45125297829508698e-2,3.22562648914754349e-2,-9.93524253368377686e-1,-4.96762126684188843e-1
13,0,3.92156862745098034e-2,7.84313725490196068e-2,1.76470588235294101e-1,9.87861990928649902e-1,4.93930995464324951e-1,-8.55933900922536822e-2,-4.27966950461268411e-2,9.87483084201812744e-1,4.93741542100906372e-1
13,1,1.17647058823529410e-1,7.84313725490196068e-2,1.76470588235294101e-1,9.28189039230346680e-1,4.64094519615173340e-1,-8.04228840395808248e-2,-4.02114420197904124e-2,9.27833020687103271e-1,4.63916510343551636e-1
13,2,1.96078431372549017e-1,7.84313725490196068e-2,1.76470588235294101e-1,8.12447845935821533e-1,4.06223922967910767e-1,-7.03945286571979467e-2,-3.51972643285989734e-2,8.12136232852935791e-1,4.06068116426467896e-1
13,3,2.74509803921568651e-1,7.84313725490196068e-2,1.76470588235294101e-1,6.47629857063293457e-1,3.23814928531646729e-1,-5.61140589416026792e-2,-2.80570294708013396e-2,6.47381424903869629e-1,3.23690712451934814e-1
13,4,3.52941176470588203e-1,7.84313725490196068e-2,1.76470588235294101e-1,4.43690955638885498e-1,2.21845477819442749e-1,-3.84435892570764159e-2,-1.92217946285382080e-2,4.43520754575729370e-1,2.21760377287864685e-1
13,5,4.31372549019607865e-1,7.84313725490196068e-2,1.76470588235294101e-1,2.12950423359870911e-1,1.06475211679935455e-1,-1.84510775317903719e-2,-9.22553876589518596e-3,2.12868735194206238e-1,1.06434367597103119e-1
13,6,5.09803921568627416e-1,7.84313725490196068e-2,1.76470588235294101e-1,-3.06536052376031876e-2,-1.53268026188015938e-2,2.65600582351910308e-3,1.32800291175955154e-3,-3.06418463587760925e-2,-1.53209231793880463e-2
13,7,5.88235294117647078e-1,7.84313725490196068e-2,1.76470588235294101e-1,-2.72405952215194702e-1,-1.36202976107597351e-1,2.36025768856052420e-2,1.18012884428026210e-2,-2.72301465272903442e-1,-1.36150732636451721e-1
13,8,6.66666666666666630e-1,7.84313725490196068e-2,1.76470588235294101e-1,-4.97703343629837036e-1,-2.48851671814918518e-1,4.31235867552459129e-2,2.15617933776229564e-2,-4.97512429952621460e-1,-2.48756214976310730e-1
13,9,7.45098039215686292e-1,7.84313725490196068e-2,1.76470588235294101e-1,-6.92936360836029053e-1,-3.46468180418014526e-1,6.00394525565206838e-2,3.00197262782603419e-2,-6.92670583724975586e-1,-3.46335291862487793e-1
13,10,8.23529411764705843e-1,7.84313725490196068e-2,1.76470588235294101e-1,-8.46311807632446289e-1,-4.23155903816223145e-1,7.33283892273902949e-2,3.66641946136951474e-2,-8.45987200736999512e-1,-4.22993600368499756e-1
13,11,9.01960784313725505e-1,7.84313725490196068e-2,1.76470588235294101e-1,-9.48565065860748291e-1,-4.74282532930374146e-1,8.21811826899647713e-2,4.10905913449823856e-2,-9.48201239109039307e-1,-4.74100619554519653e-1
13,12,9.80392156862745057e-1,5.88235294117647189e-2,1.32352941176470618e-1,-9.93524253368377686e-1,-4.96762126684188843e-1,6.44883345812559128e-2,3.22441672906279564e-2,-9.93143618106842041e-1,-4.96571809053421021e-1
14,0,3.92156862745098034e-2,7.84313725490196068e-2,1.76470588235294101e-1,9.87483084201812744e-1,4.93741542100906372e-1,-8.55605598539113943e-2,-4.27802799269556971e-2,9.87104296684265137e-1,4.93552148342132568e-1
14,1,1.17647058823529410e-1,7.84313725490196068e-2,1.76470588235294101e-1,9.27833020687103271e-1,4.63916510343551636e-1,-8.03920201957225855e-2,-4.01960100978612928e-2,9.27477121353149414e-1,4.63738560676574707e-1
14,2,1.96078431372549017e-1,7.84313725490196068e-2,1.76470588235294101e-1,8.12136232852935791e-1,4.06068116426467896e-1,-7.03675976023077909e-2,-3.51837988011538955e-2,8.11824738979339600e-1,4.05912369489669800e-1
14,3,2.74509803921568651e-1,7.84313725490196068e-2,1.76470588235294101e-1,6.47381424903869629e-1,3.23690712451934814e-1,-5.60924713499843797e-2,-2.80462356749921898e-2,6.47133111953735352e-1,3.23566555976867676e-1
14,4,3.52941176470588203e-1,7.84313725490196068e-2,1.76470588235294101e-1,4.43520754575729370e-1,2.21760377287864685e-1,-3.84288412984460925e-2,-1.92144206492230463e-2,4.43350613117218018e-1,2.21675306558609009e-1
14,5,4.31372549019607865e-1,7.84313725490196068e-2,1.76470588235294101e-1,2.12868735194206238e-1,1.06434367597103119e-1,-1.84440001146867760e-2,-9.22200005734338801e-3,2.12787076830863953e-1,1.06393538415431976e-1
14,6,5.09803921568627416e-1,7.84313725490196068e-2,1.76470588235294101e-1,-3.06418463587760925e-2,-1.53209231793880463e-2,2.65497453510760151e-3,1.32748726755380075e-3,-3.06300930678844452e-2,-1.53150465339422226e-2
14,7,5.88235294117647078e-1,7.84313725490196068e-2,1.76470588235294101e-1,-2.72301465272903442e-1,-1.36150732636451721e-1,2.35935384174809082e-2,1.17967692087404541e-2,-2.72197008132934570e-1,-1.36098504066467285e-1
14,8,6.66666666666666630e-1,7.84313725490196068e-2,1.76470588235294101e-1,-4.97512429952621460e-1,-2.48756214976310730e-1,4.31070006452500820e-2,2.15535003226250410e-2,-4.97321605682373047e-1,-2.48660802841186523e-1
14,9,7.45098039215686292e-1,7.84313725490196068e-2,1.76470588235294101e-1,-6.92670583724975586e-1,-3.46335291862487793e-1,6.00164542905986254e-2,3.00082271452993127e-2,-6.92404866218566895e-1,-3.46202433109283447e-1
14,10,8.23529411764705843e-1,7.84313725490196068e-2,1.76470588235294101e-1,-8.45987200736999512e-1,-4.22993600368499756e-1,7.33002612367272266e-2,3.66501306183636133e-2,-8.45662713050842285e-1,-4.22831356525421143e-1
14,11,9.01960784313725505e-1,7.84313725490196068e-2,1.76470588235294101e-1,-9.48201239109039307e-1,-4.74100619554519653e-1,8.21490364149212865e-2,4.10745182074606432e-2,-9.47837531566619873e-1,-4.73918765783309937e-1
14,12,9.80392156862745057e-1,5.88235294117647189e-2,1.32352941176470618e-1,-9.93143618106842041e-1,-4.96571809053421021e-1,6.44642248749732888e-2,3.22321124374866444e-2,-9.92763102054595947e-1,-4.96381551027297974e-1
15,0,3.92156862745098034e-2,7.84313725490196068e-2,1.76470588235294101e-1,9.87104296684265137e-1,4.93552148342132568e-1,-8.55277296155691064e-2,-4.27638648077845532e-2,9.86725687980651855e-1,4.93362843990325928e-1
15,1,1.17647058823529410e-1,7.84313725490196068e-2,1.76470588235294101e-1,9.27477121353149414e-1,4.63738560676574707e-1,-8.03611563518643462e-2,-4.01805781759321731e-2,9.27121341228485107e-1,4.63560670614242554e-1
15,2,1.96078431372549017e-1,7.84313725490196068e-2,1.76470588235294101e-1,8.11824738979339600e-1,4.05912369489669800e-1,-7.03406665474176351e-2,-3.51703332737088176e-2,8.11513364315032959e-1,4.05756682157516479e-1
15,3,2.74509803921568651e-1,7.84313725490196068e-2,1.76470588235294101e-1,6.47133111953735352e-1,3.23566555976867676e-1,-5.60709692537784410e-2,-2.80354846268892205e-2,6.46884858608245850e-1,3.23442429304122925e-1
15,4,3.52941176470588203e-1,7.84313725490196068e-2,1.76470588235294101e-1,4.43350613117218018e-1,2.21675306558609009e-1,-3.84140505921095610e-2,-1.92070252960547805e-2,4.43180561065673828e-1,2.21590280532836914e-1
15,5,4.31372549019607865e-1,7.84313725490196068e-2,1.76470588235294101e-1,2.12787076830863953e-1,1.06393538415431976e-1,-1.84369307127781323e-2,-9.21846535638906617e-3,2.12705448269844055e-1,1.06352724134922028e-1
15,6,5.09803921568627416e-1,7.84313725490196068e-2,1.76470588235294101e-1,-3.06300930678844452e-2,-1.53150465339422226e-2,2.65395927708594881e-3,1.32697963854297440e-3,-3.06183435022830963e-2,-1.53091717511415482e-2
15,7,5.88235294117647078e-1,7.84313725490196068e-2,1.76470588235294101e-1,-2.72197008132934570e-1,-1.36098504066467285e-1,2.35844491864554695e-2,1.17922245932277348e-2,-2.72092610597610474e-1,-1.36046305298805237e-1
15,8,6.66666666666666630e-1,7.84313725490196068e-2,1.76470588235294101e-1,-4.97321605682373047e-1,-2.48660802841186523e-1,4.30905427783727646e-2,2.15452713891863823e-2,-4.97130841016769409e-1,-2.48565420508384705e-1
15,9,7.45098039215686292e-1,7.84313725490196068e-2,1.76470588235294101e-1,-6.92404866218566895e-1,-3.46202433109283447e-1,5.99933277815580257e-2,2.99966638907790129e-2,-6.92139267921447754e-1,-3.46069633960723877e-1
15,10,8.23529411764705843e-1,7.84313725490196068e-2,1.76470588235294101e-1,-8.45662713050842285e-1,-4.22831356525421143e-1,7.32722187414765469e-2,3.66361093707382734e-2,-8.45338344573974609e-1,-4.22669172286987305e-1
15,11,9.01960784313725505e-1,7.84313725490196068e-2,1.76470588235294101e-1,-9.47837531566619873e-1,-4.73918765783309937e-1,8.21168901398777878e-2,4.10584450699388939e-2,-9.47474002838134766e-1,-4.73737001419067383e-1
15,12,9.80392156862745057e-1,5.88235294117647189e-2,1.32352941176470618e-1,-9.92763102054595947e-1,-4.96381551027297974e-1,6.44401151686906787e-2,3.22200575843453393e-2,-9.92382705211639404e-1,-4.96191352605819702e-1
16,0,3.92156862745098034e-2,7.84313725490196068e-2,1.76470588235294101e-1,9.86725687980651855e-1,4.93362843990325928e-1,-8.54949848726391792e-2,-4.27474924363195896e-2,9.86347198486328125e-1,4.93173599243164062e-1
16,1,1.17647058823529410e-1,7.84313725490196068e-2,1.76470588235294101e-1,9.27121341228485107e-1,4.63560670614242554e-1,-8.03302070125937462e-2,-4.01651035062968731e-2,9.26765739917755127e-1,4.63382869958877563e-1
16,2,1.96078431372549017e-1,7.84313725490196068e-2,1.76470588235294101e-1,8.11513364315032959e-1,4.05756682157516479e-1,-7.03138209879398401e-2,-3.51569104939699201e-2,8.11202108860015869e-1,4.05601054430007935e-1
16,3,2.74509803921568651e-1,7.84313725490196068e-2,1.76470588235294101e-1,6.46884858608245850e-1,3.23442429304122925e-1,-5.60493389144539889e-2,-2.80246694572269944e-2,6.46636724472045898e-1,3.23318362236022949e-1
16,4,3.52941176470588203e-1,7.84313725490196068e-2,1.76470588235294101e-1,4.43180561065673828e-1,2.21590280532836914e-1,-3.83993881288915428e-2,-1.91996940644457714e-2,4.43010568618774414e-1,2.21505284309387207e-1
16,5,4.31372549019607865e-1,7.84313725490196068e-2,1.76470588235294101e-1,2.12705448269844055e-1,1.06352724134922028e-1,-1.84298239066265634e-2,-9.21491195331328172e-3,2.12623864412307739e-1,1.06311932206153870e-1
16,6,5.09803921568627416e-1,7.84313725490196068e-2,1.76470588235294101e-1,-3.06183435022830963e-2,-1.53091717511415482e-2,2.65291195828465387e-3,1.32645597914232694e-3,-3.06065995246171951e-2,-1.53032997623085976e-2
16,7,5.88235294117647078e-1,7.84313725490196068e-2,1.76470588235294101e-1,-2.72092610597610474e-1,-1.36046305298805237e-1,2.35754401073791087e-2,1.17877200536895543e-2,-2.71988242864608765e-1,-1.35994121432304382e-1
16,8,6.66666666666666630e-1,7.84313725490196068e-2,1.76470588235294101e-1,-4.97130841016769409e-1,-2.48565420508384705e-1,4.30739994160830864e-2,2.15369997080415432e-2,-4.96940135955810547e-1,-2.48470067977905273e-1
16,9,7.45098039215686292e-1,7.84313725490196068e-2,1.76470588235294101e-1,-6.92139267921447754e-1,-3.46069633960723877e-1,5.99702867679298146e-2,2.99851433839649073e-2,-6.91873788833618164e-1,-3.45936894416809082e-1
16,10,8.23529411764705843e-1,7.84313725490196068e-2,1.76470588235294101e-1,-8.45338344573974609e-1,-4.22669172286987305e-1,7.32440907508134786e-2,3.66220453754067393e-2,-8.45014095306396484e-1,-4.22507047653198242e-1
16,11,9.01960784313725505e-1,7.84313725490196068e-2,1.76470588235294101e-1,-9.47474002838134766e-1,-4.73737001419067383e-1,8.20849148556590108e-2,4.10424574278295054e-2,-9.47110593318939209e-1,-4.73555296659469604e-1
16,12,9.80392156862745057e-1,5.88235294117647189e-2,1.32352941176470618e-1,-9.92382705211639404e-1,-4.96191352605819702e-1,6.44159199669957078e-2,3.22079599834978539e-2,-9.92002487182617188e-1,-4.96001243591308594e-1
17,0,3.92156862745098034e-2,7.84313725490196068e-2,1.76470588235294101e-1,9.86347198486328125e-1,4.93173599243164062e-1,-8.54621546342968913e-2,-4.27310773171484456e-2,9.85968828201293945e-1,4.92984414100646973e-1
17,1,1.17647058823529410e-1,7.84313725490196068e-2,1.76470588235294101e-1,9.26765739917755127e-1,4.63382869958877563e-1,-8.02994286641478400e-2,-4.01497143320739200e-2,9.26410257816314697e-1,4.63205128908157349e-1
17,2,1.96078431372549017e-1,7.84313725490196068e-2,1.76470588235294101e-1,8.11202108860015869e-1,4.05601054430007935e-1,-7.02868899330496844e-2,-3.51434449665248422e-2,8.10890972614288330e-1,4.05445486307144165e-1
17,3,2.74509803921568651e-1,7.84313725490196068e-2,1.76470588235294101e-1,6.46636724472045898e-1,3.23318362236022949e-1,-5.60277940705418698e-2,-2.80138970352709349e-2,6.46388709545135498e-1,3.23194354772567749e-1
17,4,3.52941176470588203e-1,7.84313725490196068e-2,1.76470588235294101e-1,4.43010568618774414e-1,2.21505284309387207e-1,-3.83846615441143513e-2,-1.91923307720571756e-2,4.42840635776519775e-1,2.21420317888259888e-1
17,5,4.31372549019607865e-1,7.84313725490196068e-2,1.76470588235294101e-1,2.12623864412307739e-1,1.06311932206153870e-1,-1.84227678633760439e-2,-9.21138393168802194e-3,2.12542310357093811e-1,1.06271155178546906e-1
17,6,5.09803921568627416e-1,7.84313725490196068e-2,1.76470588235294101e-1,-3.06065995246171951e-2,-1.53032997623085976e-2,2.65190204372628413e-3,1.32595102186314207e-3,-3.05948592722415924e-2,-1.52974296361207962e-2
17,7,5.88235294117647078e-1,7.84313725490196068e-2,1.76470588235294101e-1,-2.71988242864608765e-1,-1.35994121432304382e-1,2.35664230131078511e-2,1.17832115065539256e-2,-2.71883904933929443e-1,-1.35941952466964722e-1
17,8,6.66666666666666630e-1,7.84313725490196068e-2,1.76470588235294101e-1,-4.96940135955810547e-1,-2.48470067977905273e-1,4.30574133060872555e-2,2.15287066530436277e-2,-4.96749520301818848e-1,-2.48374760150909424e-1
17,9,7.45098039215686292e-1,7.84313725490196068e-2,1.76470588235294101e-1,-6.91873788833618164e-1,-3.45936894416809082e-1,5.99473312497138811e-2,2.99736656248569405e-2,-6.91608369350433350e-1,-3.45804184675216675e-1
17,10,8.23529411764705843e-1,7.84313725490196068e-2,1.76470588235294101e-1,-8.45014095306396484e-1,-4.22507047653198242e-1,7.32159627601504381e-2,3.66079813800752191e-2,-8.44689965248107910e-1,-4.22344982624053955e-1
17,11,9.01960784313725505e-1,7.84313725490196068e-2,1.76470588235294101e-1,-9.47110593318939209e-1,-4.73555296659469604e-1,8.20528540760278730e-2,4.10264270380139365e-2,-9.46747362613677979e-1,-4.73373681306838989e-1
17,12,9.80392156862745057e-1,5.88235294117647189e-2,1.32352941176470618e-1,-9.92002487182617188e-1,-4.96001243591308594e-1,6.43918102607130977e-2,3.21959051303565488e-2,-9.91622388362884521e-1,-4.95811194181442261e-1
18,0,3.92156862745098034e-2,7.84313725490196068e-2,1.76470588235294101e-1,9.85968828201293945e-1,4.92984414100646973e-1,-8.54293243959546034e-2,-4.27146621979773017e-2,9.85590636730194092e-1,4.92795318365097046e-1
18,1,1.17647058823529410e-1,7.84313725490196068e-2,1.76470588235294101e-1,9.26410257816314697e-1,4.63205128908157349e-1,-8.02686503157019615e-2,-4.01343251578509808e-2,9.26054894924163818e-1,4.63027447462081909e-1
18,2,1.96078431372549017e-1,7.84313725490196068e-2,1.76470588235294101e-1,8.10890972614288330e-1,4.05445486307144165e-1,-7.02599588781595286e-2,-3.51299794390797643e-2,8.10579955577850342e-1,4.05289977788925171e-1
18,3,2.74509803921568651e-1,7.84313725490196068e-2,1.76470588235294101e-1,6.46388709545135498e-1,3.23194354772567749e-1,-5.60063347220420837e-2,-2.80031673610210419e-2,6.46140754222869873e-1,3.23070377111434937e-1
18,4,3.52941176470588203e-1,7.84313725490196068e-2,1.76470588235294101e-1,4.42840635776519775e-1,2.21420317888259888e-1,-3.83698922116309515e-2,-1.91849461058154758e-2,4.42670762538909912e-1,2.21335381269454956e-1
18,5,4.31372549019607865e-1,7.84313725490196068e-2,1.76470588235294101e-1,2.12542310357093811e-1,1.06271155178546906e-1,-1.84157171635888073e-2,-9.20785858179440364e-3,2.12460786104202271e-1,1.06230393052101135e-1
18,6,5.09803921568627416e-1,7.84313725490196068e-2,1.76470588235294101e-1,-3.05948592722415924e-2,-1.52974296361207962e-2,2.65090281609442480e-3,1.32545140804721240e-3,-3.05831227451562881e-2,-1.52915613725781441e-2
18,7,5.88235294117647078e-1,7.84313725490196068e-2,1.76470588235294101e-1,-2.71883904933929443e-1,-1.35941952466964722e-1,2.35573578276671580e-2,1.17786789138335790e-2,-2.71779626607894897e-1,-1.35889813303947449e-1
18,8,6.66666666666666630e-1,7.84313725490196068e-2,1.76470588235294101e-1,-4.96749520301818848e-1,-2.48374760150909424e-1,4.30409554392099380e-2,2.15204777196049690e-2,-4.96558964252471924e-1,-2.48279482126235962e-1
18,9,7.45098039215686292e-1,7.84313725490196068e-2,1.76470588235294101e-1,-6.91608369350433350e-1,-3.45804184675216675e-1,5.99242474883794618e-2,2.99621237441897309e-2,-6.91343069076538086e-1,-3.45671534538269043e-1
18,10,8.23529411764705843e-1,7.84313725490196068e-2,1.76470588235294101e-1,-8.44689965248107910e-1,-4.22344982624053955e-1,7.31878347694873976e-2,3.65939173847436988e-2,-8.44365954399108887e-1,-4.22182977199554443e-1
18,11,9.01960784313725505e-1,7.84313725490196068e-2,1.76470588235294101e-1,-9.46747362613677979e-1,-4.73373681306838989e-1,8.20209642872214290e-2,4.10104821436107145e-2,-9.46384251117706299e-1,-4.73192125558853149e-1
18,12,9.80392156862745057e-1,5.88235294117647189e-2,1.32352941176470618e-1,-9.91622388362884521e-1,-4.95811194181442261e-1,6.43676150590181267e-2,3.21838075295090634e-2,-9.91242468357086182e-1,-4.95621234178543091e-1
19,0,3.92156862745098034e-2,7.84313725490196068e-2,1.76470588235294101e-1,9.85590636730194092e-1,4.92795318365097046e-1,-8.53965796530246762e-2,-4.26982898265123381e-2,9.85212564468383789e-1,4.92606282234191895e-1
19,1,1.17647058823529410e-1,7.84313725490196068e-2,1.76470588235294101e-1,9.26054894924163818e-1,4.63027447462081909e-1,-8.02377864718437223e-2,-4.01188932359218611e-2,9.25699651241302490e-1,4.62849825620651245e-1
19,2,1.96078431372549017e-1,7.84313725490196068e-2,1.76470588235294101e-1,8.10579955577850342e-1,4.05289977788925171e-1,-7.02331133186817058e-2,-3.51165566593408529e-2,8.10268998146057129e-1,4.05134499073028564e-1
19,3,2.74509803921568651e-1,7.84313725490196068e-2,1.76470588235294101e-1,6.46140754222869873e-1,3.23070377111434937e-1,-5.59847898781299647e-2,-2.79923949390649823e-2,6.45892918109893799e-1,3.22946459054946899e-1
19,4,3.52941176470588203e-1,7.84313725490196068e-2,1.76470588235294101e-1,4.42670762538909912e-1,2.21335381269454956e-1,-3.83551656268537045e-2,-1.91775828134268522e-2,4.42500948905944824e-1,2.21250474452972412e-1
19,5,4.31372549019607865e-1,7.84313725490196068e-2,1.76470588235294101e-1,2.12460786104202271e-1,1.06230393052101135e-1,-1.84086718072649091e-2,-9.20433590363245457e-3,2.12379291653633118e-1,1.06189645826816559e-1
19,6,5.09803921568627416e-1,7.84313725490196068e-2,1.76470588235294101e-1,-3.05831227451562881e-2,-1.52915613725781441e-2,2.64987152768297873e-3,1.32493576384148937e-3,-3.05713918060064316e-2,-1.52856959030032158e-2
19,7,5.88235294117647078e-1,7.84313725490196068e-2,1.76470588235294101e-1,-2.71779626607894897e-1,-1.35889813303947449e-1,2.35483727941755427e-2,1.17741863970877714e-2,-2.71675378084182739e-1,-1.35837689042091370e-1
19,8,6.66666666666666630e-1,7.84313725490196068e-2,1.76470588235294101e-1,-4.96558964252471924e-1,-2.48279482126235962e-1,4.30244120769202598e-2,2.15122060384601299e-2,-4.96368497610092163e-1,-2.48184248805046082e-1
19,9,7.45098039215686292e-1,7.84313725490196068e-2,1.76470588235294101e-1,-6.91343069076538086e-1,-3.45671534538269043e-1,5.99012492224574034e-2,2.99506246112287017e-2,-6.91077888011932373e-1,-3.45538944005966187e-1
19,10,8.23529411764705843e-1,7.84313725490196068e-2,1.76470588235294101e-1,-8.44365954399108887e-1,-4.22182977199554443e-1,7.31597067788243294e-2,3.65798533894121647e-2,-8.44042062759399414e-1,-4.22021031379699707e-1
19,11,9.01960784313725505e-1,7.84313725490196068e-2,1.76470588235294101e-1,-9.46384251117706299e-1,-4.73192125558853149e-1,8.19889890030026519e-2,4.09944945015013260e-2,-9.46021258831024170e-1,-4.73010629415512085e-1
19,12,9.80392156862745057e-1,5.88235294117647189e-2,1.32352941176470618e-1,-9.91242468357086182e-1,-4.95621234178543091e-1,6.43435053527355166e-2,3.21717526763677583e-2,-9.90862667560577393e-1,-4.95431333780288696e-1
20,0,3.92156862745098034e-2,7.84313725490196068e-2,1.76470588235294101e-1,9.85212564468383789e-1,4.92606282234191895e-1,-8.53638349100947352e-2,-4.26819174550473676e-2,9.84834671020507812e-1,4.92417335510253906e-1
20,1,1.17647058823529410e-1,7.84313725490196068e-2,1.76470588235294101e-1,9.25699651241302490e-1,4.62849825620651245e-1,-8.02070081233978299e-2,-4.01035040616989150e-2,9.25344586372375488e-1,4.62672293186187744e-1
20,2,1.96078431372549017e-1,7.84313725490196068e-2,1.76470588235294101e-1,8.10268998146057129e-1,4.05134499073028564e-1,-7.02060967683792170e-2,-3.51030483841896085e-2,8.09958219528198242e-1,4.04979109764099121e-1
20,3,2.74509803921568651e-1,7.84313725490196068e-2,1.76470588235294101e-1,6.45892918109893799e-1,3.22946459054946899e-1,-5.59634160250425394e-2,-2.79817080125212697e-2,6.45645141601562500e-1,3.22822570800781250e-1
20,4,3.52941176470588203e-1,7.84313725490196068e-2,1.76470588235294101e-1,4.42500948905944824e-1,2.21250474452972412e-1,-3.83403962943702492e-2,-1.91701981471851246e-2,4.42331224679946899e-1,2.21165612339973450e-1
20,5,4.31372549019607865e-1,7.84313725490196068e-2,1.76470588235294101e-1,2.12379291653633118e-1,1.06189645826816559e-1,-1.84016344661359077e-2,-9.20081723306795385e-3,2.12297827005386353e-1,1.06148913502693176e-1
20,6,5.09803921568627416e-1,7.84313725490196068e-2,1.76470588235294101e-1,-3.05713918060064316e-2,-1.52856959030032158e-2,2.64885626966132603e-3,1.32442813483066302e-3,-3.05596645921468735e-2,-1.52798322960734367e-2
20,7,5.88235294117647078e-1,7.84313725490196068e-2,1.76470588235294101e-1,-2.71675378084182739e-1,-1.35837689042091370e-1,2.35393369977828226e-2,1.17696684988914113e-2,-2.71571159362792969e-1,-1.35785579681396484e-1
20,8,6.66666666666666630e-1,7.84313725490196068e-2,1.76470588235294101e-1,-4.96368497610092163e-1,-2.48184248805046082e-1,4.30079114623367897e-2,2.15039557311683949e-2,-4.96178090572357178e-1,-2.48089045286178589e-1
20,9,7.45098039215686292e-1,7.84313725490196068e-2,1.76470588235294101e-1,-6.91077888011932373e-1,-3.45538944005966187e-1,5.98782937042414976e-2,2.99391468521207488e-2,-6.90812826156616211e-1,-3.45406413078308105e-1
20,10,8.23529411764705843e-1,7.84313725490196068e-2,1.76470588235294101e-1,-8.44042062759399414e-1,-4.22021031379699707e-1,7.31315787881612889e-2,3.65657893940806444e-2,-8.43718290328979492e-1,-4.21859145164489746e-1
20,11,9.01960784313725505e-1,7.84313725490196068e-2,1.76470588235294101e-1,-9.46021258831024170e-1,-4.73010629415512085e-1,8.19570137187838471e-2,4.09785068593919236e-2,-9.45658445358276367e-1,-4.72829222679138184e-1
20,12,9.80392156862745057e-1,5.88235294117647189e-2,1.32352941176470618e-1,-9.90862667560577393e-1,-4.95431333780288696e-1,6.43193956464529065e-2,3.21596978232264533e-2,-9.90482985973358154e-1,-4.95241492986679077e-1
21,0,3.92156862745098034e-2,7.84313725490196068e-2,1.76470588235294101e-1,9.84834671020507812e-1,4.92417335510253906e-1,-8.53310901671647942e-2,-4.26655450835823971e-2,9.84456896781921387e-1,4.92228448390960693e-1
21,1,1.17647058823529410e-1,7.84313725490196068e-2,1.76470588235294101e-1,9.25344586372375488e-1,4.62672293186187744e-1,-8.01762297749519376e-2,-4.00881148874759688e-2,9.24989640712738037e-1,4.62494820356369019e-1
21,2,1.96078431372549017e-1,7.84313725490196068e-2,1.76470588235294101e-1,8.09958219528198242e-1,4.04979109764099121e-1,-7.01792512089013942e-2,-3.50896256044506971e-2,8.09647500514984131e-1,4.04823750257492065e-1
21,3,2.74509803921568651e-1,7.84313725490196068e-2,1.76470588235294101e-1,6.45645141601562500e-1,3.22822570800781250e-1,-5.59418284334242399e-2,-2.79709142167121200e-2,6.45397484302520752e-1,3.22698742151260376e-1
21,4,3.52941176470588203e-1,7.84313725490196068e-2,1.76470588235294101e-1,4.42331224679946899e-1,2.21165612339973450e-1,-3.83257552050054184e-2,-1.91628776025027092e-2,4.42161560058593750e-1,2.21080780029296875e-1
21,5,4.31372549019607865e-1,7.84313725490196068e-2,1.76470588235294101e-1,2.12297827005386353e-1,1.06148913502693176e-1,-1.83945597207639255e-2,-9.19727986038196277e-3,2.12216392159461975e-1,1.06108196079730988e-1
21,6,5.09803921568627416e-1,7.84313725490196068e-2,1.76470588235294101e-1,-3.05596645921468735e-2,-1.52798322960734367e-2,2.64785169856623925e-3,1.32392584928311963e-3,-3.05479429662227631e-2,-1.52739714831113815e-2
21,7,5.88235294117647078e-1,7.84313725490196068e-2,1.76470588235294101e-1,-2.71571159362792969e-1,-1.35785579681396484e-1,2.35302958579268195e-2,1.17651479289634098e-2,-2.71467000246047974e-1,-1.35733500123023987e-1
21,8,6.66666666666666630e-1,7.84313725490196068e-2,1.76470588235294101e-1,-4.96178090572357178e-1,-2.48089045286178589e-1,4.29913681000471115e-2,2.14956840500235558e-2,-4.95987772941589355e-1,-2.47993886470794678e-1
21,9,7.45098039215686292e-1,7.84313725490196068e-2,1.76470588235294101e-1,-6.90812826156616211e-1,-3.45406413078308105e-1,5.98554236814379526e-2,2.99277118407189763e-2,-6.90547823905944824e-1,-3.45273911952972412e-1
21,10,8.23529411764705843e-1,7.84313725490196068e-2,1.76470588235294101e-1,-8.43718290328979492e-1,-4.21859145164489746e-1,7.31033653020858876e-2,3.65516826510429438e-2,-8.43394637107849121e-1,-4.21697318553924561e-1
21,11,9.01960784313725505e-1,7.84313725490196068e-2,1.76470588235294101e-1,-9.45658445358276367e-1,-4.72829222679138184e-1,8.19252094253897639e-2,4.09626047126948820e-2,-9.45295751094818115e-1,-4.72647875547409058e-1
21,12,9.80392156862745057e-1,5.88235294117647189e-2,1.32352941176470618e-1,-9.90482985973358154e-1,-4.95241492986679077e-1,6.42952004447579356e-2,3.21476002223789678e-2,-9.90103483200073242e-1,-4.95051741600036621e-1
22,0,3.92156862745098034e-2,7.84313725490196068e-2,1.76470588235294101e-1,9.84456896781921387e-1,4.92228448390960693e-1,-8.52983454242348671e-2,-4.26491727121174335e-2,9.84079301357269287e-1,4.92039650678634644e-1
22,1,1.17647058823529410e-1,7.84313725490196068e-2,1.76470588235294101e-1,9.24989640712738037e-1,4.62494820356369019e-1,-8.01455369219183922e-2,-4.00727684609591961e-2,9.24634814262390137e-1,4.62317407131195068e-1
22,2,1.96078431372549017e-1,7.84313725490196068e-2,1.76470588235294101e-1,8.09647500514984131e-1,4.04823750257492065e-1,-7.01522346585989054e-2,-3.50761173292994527e-2,8.09336960315704346e-1,4.04668480157852173e-1
22,3,2.74509803921568651e-1,7.84313725490196068e-2,1.76470588235294101e-1,6.45397484302520752e-1,3.22698742151260376e-1,-5.59204118326306066e-2,-2.79602059163153033e-2,6.45149946212768555e-1,3.22574973106384277e-1
22,4,3.52941176470588203e-1,7.84313725490196068e-2,1.76470588235294101e-1,4.42161560058593750e-1,2.21080780029296875e-1,-3.83110713679343795e-2,-1.91555356839671898e-2,4.41991955041885376e-1,2.20995977520942688e-1
22,5,4.31372549019607865e-1,7.84313725490196068e-2,1.76470588235294101e-1,2.12216392159461975e-1,1.06108196079730988e-1,-1.83874929905868956e-2,-9.19374649529344778e-3,2.12134987115859985e-1,1.06067493557929993e-1
22,6,5.09803921568627416e-1,7.84313725490196068e-2,1.76470588235294101e-1,-3.05479429662227631e-2,-1.52739714831113815e-2,2.64682041015479319e-3,1.32341020507739660e-3,-3.05362250655889511e-2,-1.52681125327944756e-2
22,7,5.88235294117647078e-1,7.84313725490196068e-2,1.76470588235294101e-1,-2.71467000246047974e-1,-1.35733500123023987e-1,2.35212894505820724e-2,1.17606447252910362e-2,-2.71362870931625366e-1,-1.35681435465812683e-1
22,8,6.66666666666666630e-1,7.84313725490196068e-2,1.76470588235294101e-1,-4.95987772941589355e-1,-2.47993886470794678e-1,4.29749102331697941e-2,2.14874551165848970e-2,-4.95797514915466309e-1,-2.47898757457733154e-1
22,9,7.45098039215686292e-1,7.84313725490196068e-2,1.76470588235294101e-1,-6.90547823905944824e-1,-3.45273911952972412e-1,5.98324254155159219e-2,2.99162127077579609e-2,-6.90282940864562988e-1,-3.45141470432281494e-1
22,10,8.23529411764705843e-1,7.84313725490196068e-2,1.76470588235294101e-1,-8.43394637107849121e-1,-4.21697318553924561e-1,7.30752373114228193e-2,3.65376186557114097e-2,-8.43071103096008301e-1,-4.21535551548004150e-1
22,11,9.01960784313725505e-1,7.84313725490196068e-2,1.76470588235294101e-1,-9.45295751094818115e-1,-4.72647875547409058e-1,8.18933196365833199e-2,4.09466598182916600e-2,-9.44933176040649414e-1,-4.72466588020324707e-1
22,12,9.80392156862745057e-1,5.88235294117647189e-2,1.32352941176470618e-1,-9.90103483200073242e-1,-4.95051741600036621e-1,6.42710907384753255e-2,3.21355453692376627e-2,-9.89724099636077881e-1,-4.94862049818038940e-1
23,0,3.92156862745098034e-2,7.84313725490196068e-2,1.76470588235294101e-1,9.84079301357269287e-1,4.92039650678634644e-1,-8.52656861767172730e-2,-4.26328430883586365e-2,9.83701825141906738e-1,4.91850912570953369e-1
23,1,1.17647058823529410e-1,7.84313725490196068e-2,1.76470588235294101e-1,9.24634814262390137e-1,4.62317407131195068e-1,-8.01146730780601529e-2,-4.00573365390300765e-2,9.24280166625976562e-1,4.62140083312988281e-1
23,2,1.96078431372549017e-1,7.84313725490196068e-2,1.76470588235294101e-1,8.09336960315704346e-1,4.04668480157852173e-1,-7.01253890991210826e-2,-3.50626945495605413e-2,8.09026479721069336e-1,4.04513239860534668e-1
23,3,2.74509803921568651e-1,7.84313725490196068e-2,1.76470588235294101e-1,6.45149946212768555e-1,3.22574973106384277e-1,-5.58989952318370287e-2,-2.79494976159185143e-2,6.44902467727661133e-1,3.22451233863830566e-1
23,4,3.52941176470588203e-1,7.84313725490196068e-2,1.76470588235294101e-1,4.41991955041885376e-1,2.20995977520942688e-1,-3.82963447831571324e-2,-1.91481723915785662e-2,4.41822409629821777e-1,2.20911204814910889e-1
23,5,4.31372549019607865e-1,7.84313725490196068e-2,1.76470588235294101e-1,2.12134987115859985e-1,1.06067493557929993e-1,-1.83804316038731486e-2,-9.19021580193657428e-3,2.12053611874580383e-1,1.06026805937290192e-1
23,6,5.09803921568627416e-1,7.84313725490196068e-2,1.76470588235294101e-1,-3.05362250655889511e-2,-1.52681125327944756e-2,2.64579980866985753e-3,1.32289990433492877e-3,-3.05245127528905869e-2,-1.52622563764452934e-2
23,7,5.88235294117647078e-1,7.84313725490196068e-2,1.76470588235294101e-1,-2.71362870931625366e-1,-1.35681435465812683e-1,2.35122776997740979e-2,1.17561388498870489e-2,-2.71258771419525146e-1,-1.35629385709762573e-1
23,8,6.66666666666666630e-1,7.84313725490196068e-2,1.76470588235294101e-1,-4.95797514915466309e-1,-2.47898757457733154e-1,4.29584096185863240e-2,2.14792048092931620e-2,-4.95607346296310425e-1,-2.47803673148155212e-1
23,9,7.45098039215686292e-1,7.84313725490196068e-2,1.76470588235294101e-1,-6.90282940864562988e-1,-3.45141470432281494e-1,5.98095126450061687e-2,2.99047563225030844e-2,-6.90018177032470703e-1,-3.45009088516235352e-1
23,10,8.23529411764705843e-1,7.84313725490196068e-2,1.76470588235294101e-1,-8.43071103096008301e-1,-4.21535551548004150e-1,7.30471093207597788e-2,3.65235546603798894e-2,-8.42747688293457031e-1,-4.21373844146728516e-1
23,11,9.01960784313725505e-1,7.84313725490196068e-2,1.76470588235294101e-1,-9.44933176040649414e-1,-4.72466588020324707e-1,8.18614298477768898e-2,4.09307149238884449e-2,-9.44570779800415039e-1,-4.72285389900207520e-1
23,12,9.80392156862745057e-1,5.88235294117647189e-2,1.32352941176470618e-1,-9.89724099636077881e-1,-4.94862049818038940e-1,6.42469810321927015e-2,3.21234905160963508e-2,-9.89344835281372070e-1,-4.94672417640686035e-1
24,0,3.92156862745098034e-2,7.84313725490196068e-2,1.76470588235294101e-1,9.83701825141906738e-1,4.91850912570953369e-1,-8.52329414337873459e-2,-4.26164707168936729e-2,9.83324468135833740e-1,4.91662234067916870e-1
24,1,1.17647058823529410e-1,7.84313725490196068e-2,1.76470588235294101e-1,9.24280166625976562e-1,4.62140083312988281e-1,-8.00840657204389406e-2,-4.00420328602194703e-2,9.23925638198852539e-1,4.61962819099426270e-1
24,2,1.96078431372549017e-1,7.84313725490196068e-2,1.76470588235294101e-1,8.09026479721069336e-1,4.04513239860534668e-1,-7.00983725488185938e-2,-3.50491862744092969e-2,8.08716177940368652e-1,4.04358088970184326e-1
24,3,2.74509803921568651e-1,7.84313725490196068e-2,1.76470588235294101e-1,6.44902467727661133e-1,3.22451233863830566e-1,-5.58775786310434230e-2,-2.79387893155217115e-2,6.44655108451843262e-1,3.22327554225921631e-1
24,4,3.52941176470588203e-1,7.84313725490196068e-2,1.76470588235294101e-1,4.41822409629821777e-1,2.20911204814910889e-1,-3.82816609460860380e-2,-1.91408304730430190e-2,4.41652923822402954e-1,2.20826461911201477e-1
24,5,4.31372549019607865e-1,7.84313725490196068e-2,1.76470588235294101e-1,2.12053611874580383e-1,1.06026805937290192e-1,-1.83733782323542982e-2,-9.18668911617714912e-3,2.11972266435623169e-1,1.05986133217811584e-1
24,6,5.09803921568627416e-1,7.84313725490196068e-2,1.76470588235294101e-1,-3.05245127528905869e-2,-1.52622563764452934e-2,2.64479523757471524e-3,1.32239761878735762e-3,-3.05128041654825211e-2,-1.52564020827412605e-2
24,7,5.88235294117647078e-1,7.84313725490196068e-2,1.76470588235294101e-1,-2.71258771419525146e-1,-1.35629385709762573e-1,2.35032151860650740e-2,1.17516075930325370e-2,-2.71154731512069702e-1,-1.35577365756034851e-1
24,8,6.66666666666666630e-1,7.84313725490196068e-2,1.76470588235294101e-1,-4.95607346296310425e-1,-2.47803673148155212e-1,4.29419517517089511e-2,2.14709758758544755e-2,-4.95417237281799316e-1,-2.47708618640899658e-1
24,9,7.45098039215686292e-1,7.84313725490196068e-2,1.76470588235294101e-1,-6.90018177032470703e-1,-3.45009088516235352e-1,5.97866426222026515e-2,2.98933213111013257e-2,-6.89753472805023193e-1,-3.44876736402511597e-1
24,10,8.23529411764705843e-1,7.84313725490196068e-2,1.76470588235294101e-1,-8.42747688293457031e-1,-4.21373844146728516e-1,7.30188958346843497e-2,3.65094479173421749e-2,-8.42424452304840088e-1,-4.21212226152420044e-1
24,11,9.01960784313725505e-1,7.84313725490196068e-2,1.76470588235294101e-1,-9.44570779800415039e-1,-4.72285389900207520e-1,8.18297110497951535e-2,4.09148555248975768e-2,-9.44208502769470215e-1,-4.72104251384735107e-1
24,12,9.80392156862745057e-1,5.88235294117647189e-2,1.32352941176470618e-1,-9.89344835281372070e-1,-4.94672417640686035e-1,6.42227858304977445e-2,3.21113929152488722e-2,-9.88965749740600586e-1,-4.94482874870300293e-1
25,0,3.92156862745098034e-2,7.84313725490196068e-2,1.76470588235294101e-1,9.83324468135833740e-1,4.91662234067916870e-1,-8.52001966908574049e-2,-4.26000983454287024e-2,9.82947289943695068e-1,4.91473644971847534e-1
25,1,1.17647058823529410e-1,7.84313725490196068e-2,1.76470588235294101e-1,9.23925638198852539e-1,4.61962819099426270e-1,-8.00533728674054090e-2,-4.00266864337027045e-2,9.23571228981018066e-1,4.61785614490509033e-1
25,2,1.96078431372549017e-1,7.84313725490196068e-2,1.76470588235294101e-1,8.08716177940368652e-1,4.04358088970184326e-1,-7.00715269893407988e-2,-3.50357634946703994e-2,8.08405935764312744e-1,4.04202967882156372e-1
25,3,2.74509803921568651e-1,7.84313725490196068e-2,1.76470588235294101e-1,6.44655108451843262e-1,3.22327554225921631e-1,-5.58561620302498174e-2,-2.79280810151249087e-2,6.44407808780670166e-1,3.22203904390335083e-1
25,4,3.52941176470588203e-1,7.84313725490196068e-2,1.76470588235294101e-1,4.41652923822402954e-1,2.20826461911201477e-1,-3.82669343613087909e-2,-1.91334671806543954e-2,4.41483527421951294e-1,2.20741763710975647e-1
25,5,4.31372549019607865e-1,7.84313725490196068e-2,1.76470588235294101e-1,2.11972266435623169e-1,1.05986133217811584e-1,-1.83663302042987309e-2,-9.18316510214936543e-3,2.11890950798988342e-1,1.05945475399494171e-1
25,6,5.09803921568627416e-1,7.84313725490196068e-2,1.76470588235294101e-1,-3.05128041654825211e-2,-1.52564020827412605e-2,2.64375860569998622e-3,1.32187930284999311e-3,-3.05010993033647537e-2,-1.52505496516823769e-2
25,7,5.88235294117647078e-1,7.84313725490196068e-2,1.76470588235294101e-1,-2.71154731512069702e-1,-1.35577365756034851e-1,2.34942328243050724e-2,1.17471164121525362e-2,-2.71050721406936646e-1,-1.35525360703468323e-1
25,8,6.66666666666666630e-1,7.84313725490196068e-2,1.76470588235294101e-1,-4.95417237281799316e-1,-2.47708618640899658e-1,4.29254938848316336e-2,2.14627469424158168e-2,-4.95227187871932983e-1,-2.47613593935966492e-1
25,9,7.45098039215686292e-1,7.84313725490196068e-2,1.76470588235294101e-1,-6.89753472805023193e-1,-3.44876736402511597e-1,5.97636016085744126e-2,2.98818008042872063e-2,-6.89488887786865234e-1,-3.44744443893432617e-1
25,10,8.23529411764705843e-1,7.84313725490196068e-2,1.76470588235294101e-1,-8.42424452304840088e-1,-4.21212226152420044e-1,7.29909388348460031e-2,3.64954694174230015e-2,-8.42101335525512695e-1,-4.21050667762756348e-1
25,11,9.01960784313725505e-1,7.84313725490196068e-2,1.76470588235294101e-1,-9.44208502769470215e-1,-4.72104251384735107e-1,8.17978212609887234e-2,4.08989106304943617e-2,-9.43846404552459717e-1,-4.71923202276229858e-1
25,12,9.80392156862745057e-1,5.88235294117647189e-2,1.32352941176470618e-1,-9.88965749740600586e-1,-4.94482874870300293e-1,6.41986761242151205e-2,3.20993380621075602e-2,-9.88586783409118652e-1,-4.94293391704559326e-1
26,0,3.92156862745098034e-2,7.84313725490196068e-2,1.76470588235294101e-1,9.82947289943695068e-1,4.91473644971847534e-1,-8.51675374433398247e-2,-4.25837687216699123e-2,9.82570230960845947e-1,4.91285115480422974e-1
26,1,1.17647058823529410e-1,7.84313725490196068e-2,1.76470588235294101e-1,9.23571228981018066e-1,4.61785614490509033e-1,-8.00226800143718775e-2,-4.00113400071859387e-2,9.23216938972473145e-1,4.61608469486236572e-1
26,2,1.96078431372549017e-1,7.84313725490196068e-2,1.76470588235294101e-1,8.08405935764312744e-1,4.04202967882156372e-1,-7.00445959344506153e-2,-3.50222979672253076e-2,8.08095812797546387e-1,4.04047906398773193e-1
26,3,2.74509803921568651e-1,7.84313725490196068e-2,1.76470588235294101e-1,6.44407808780670166e-1,3.22203904390335083e-1,-5.58347026817500314e-2,-2.79173513408750157e-2,6.44160628318786621e-1,3.22080314159393311e-1
26,4,3.52941176470588203e-1,7.84313725490196068e-2,1.76470588235294101e-1,4.41483527421951294e-1,2.20741763710975647e-1,-3.82523360196501128e-2,-1.91261680098250564e-2,4.41314190626144409e-1,2.20657095313072205e-1
26,5,4.31372549019607865e-1,7.84313725490196068e-2,1.76470588235294101e-1,2.11890950798988342e-1,1.05945475399494171e-1,-1.83592447720002383e-2,-9.17962238600011915e-3,2.11809679865837097e-1,1.05904839932918549e-1
26,6,5.09803921568627416e-1,7.84313725490196068e-2,1.76470588235294101e-1,-3.05010993033647537e-2,-1.52505496516823769e-2,2.64273266075176760e-3,1.32136633037588380e-3,-3.04894000291824341e-2,-1.52447000145912170e-2
26,7,5.88235294117647078e-1,7.84313725490196068e-2,1.76470588235294101e-1,-2.71050721406936646e-1,-1.35525360703468323e-1,2.34852451190818434e-2,1.17426225595409217e-2,-2.70946741104125977e-1,-1.35473370552062988e-1
26,8,6.66666666666666630e-1,7.84313725490196068e-2,1.76470588235294101e-1,-4.95227187871932983e-1,-2.47613593935966492e-1,4.29089932702481636e-2,2.14544966351240818e-2,-4.95037227869033813e-1,-2.47518613934516907e-1
26,9,7.45098039215686292e-1,7.84313725490196068e-2,1.76470588235294101e-1,-6.89488887786865234e-1,-3.44744443893432617e-1,5.97406460903584791e-2,2.98703230451792395e-2,-6.89224421977996826e-1,-3.44612210988998413e-1
26,10,8.23529411764705843e-1,7.84313725490196068e-2,1.76470588235294101e-1,-8.42101335525512695e-1,-4.21050667762756348e-1,7.29628963395953234e-2,3.64814481697976617e-2,-8.41778337955474854e-1,-4.20889168977737427e-1
26,11,9.01960784313725505e-1,7.84313725490196068e-2,1.76470588235294101e-1,-9.43846404552459717e-1,-4.71923202276229858e-1,8.17661024630069594e-2,4.08830512315034797e-2,-9.43484425544738770e-1,-4.71742212772369385e-1
26,12,9.80392156862745057e-1,5.88235294117647189e-2,1.32352941176470618e-1,-9.88586783409118652e-1,-4.94293391704559326e-1,6.41744809225201635e-2,3.20872404612600817e-2,-9.88207995891571045e-1,-4.94103997945785522e-1
27,0,3.92156862745098034e-2,7.84313725490196068e-2,1.76470588235294101e-1,9.82570230960845947e-1,4.91285115480422974e-1,-8.51348781958222306e-2,-4.25674390979111153e-2,9.82193350791931152e-1,4.91096675395965576e-1
27,1,1.17647058823529410e-1,7.84313725490196068e-2,1.76470588235294101e-1,9.23216938972473145e-1,4.61608469486236572e-1,-7.99919871613383321e-2,-3.99959935806691660e-2,9.22862827777862549e-1,4.61431413888931274e-1
27,2,1.96078431372549017e-1,7.84313725490196068e-2,1.76470588235294101e-1,8.08095812797546387e-1,4.04047906398773193e-1,-7.00176648795604595e-2,-3.50088324397802297e-2,8.07785809040069580e-1,4.03892904520034790e-1
27,3,2.74509803921568651e-1,7.84313725490196068e-2,1.76470588235294101e-1,6.44160628318786621e-1,3.22080314159393311e-1,-5.58133288286626617e-2,-2.79066644143313308e-2,6.43913567066192627e-1,3.21956783533096313e-1
27,4,3.52941176470588203e-1,7.84313725490196068e-2,1.76470588235294101e-1,4.41314190626144409e-1,2.20657095313072205e-1,-3.82376735564320946e-2,-1.91188367782160473e-2,4.41144913434982300e-1,2.20572456717491150e-1
27,5,4.31372549019607865e-1,7.84313725490196068e-2,1.76470588235294101e-1,2.11809679865837097e-1,1.05904839932918549e-1,-1.83522101026028506e-2,-9.17610505130142529e-3,2.11728438735008240e-1,1.05864219367504120e-1
27,6,5.09803921568627416e-1,7.84313725490196068e-2,1.76470588235294101e-1,-3.04894000291824341e-2,-1.52447000145912170e-2,2.64174412004647419e-3,1.32087206002323709e-3,-3.04777044802904129e-2,-1.52388522401452065e-2
27,7,5.88235294117647078e-1,7.84313725490196068e-2,1.76470588235294101e-1,-2.70946741104125977e-1,-1.35473370552062988e-1,2.34762066509575096e-2,1.17381033254787548e-2,-2.70842820405960083e-1,-1.35421410202980042e-1
27,8,6.66666666666666630e-1,7.84313725490196068e-2,1.76470588235294101e-1,-4.95037227869033813e-1,-2.47518613934516907e-1,4.28925354033708461e-2,2.14462677016854231e-2,-4.94847327470779419e-1,-2.47423663735389709e-1
27,9,7.45098039215686292e-1,7.84313725490196068e-2,1.76470588235294101e-1,-6.89224421977996826e-1,-3.44612210988998413e-1,5.97177333198487537e-2,2.98588666599243768e-2,-6.88960075378417969e-1,-3.44480037689208984e-1
27,10,8.23529411764705843e-1,7.84313725490196068e-2,1.76470588235294101e-1,-8.41778337955474854e-1,-4.20889168977737427e-1,7.29348538443446159e-2,3.64674269221723080e-2,-8.41455459594726562e-1,-4.20727729797363281e-1
27,11,9.01960784313725505e-1,7.84313725490196068e-2,1.76470588235294101e-1,-9.43484425544738770e-1,-4.71742212772369385e-1,8.17342981696128901e-2,4.08671490848064450e-2,-9.43122565746307373e-1,-4.71561282873153687e-1
27,12,9.80392156862745057e-1,5.88235294117647189e-2,1.32352941176470618e-1,-9.88207995891571045e-1,-4.94103997945785522e-1,6.41503712162375395e-2,3.20751856081187697e-2,-9.87829327583312988e-1,-4.93914663791656494e-1
28,0,3.92156862745098034e-2,7.84313725490196068e-2,1.76470588235294101e-1,9.82193350791931152e-1,4.91096675395965576e-1,-8.51022189483046504e-2,-4.25511094741523252e-2,9.81816589832305908e-1,4.90908294916152954e-1
28,1,1.17647058823529410e-1,7.84313725490196068e-2,1.76470588235294101e-1,9.22862827777862549e-1,4.61431413888931274e-1,-7.99613798037171336e-2,-3.99806899018585668e-2,9.22508835792541504e-1,4.61254417896270752e-1
28,2,1.96078431372549017e-1,7.84313725490196068e-2,1.76470588235294101e-1,8.07785809040069580e-1,4.03892904520034790e-1,-6.99906483292579706e-2,-3.49953241646289853e-2,8.07475984096527100e-1,4.03737992048263550e-1
28,3,2.74509803921568651e-1,7.84313725490196068e-2,1.76470588235294101e-1,6.43913567066192627e-1,3.21956783533096313e-1,-5.57920404709875695e-2,-2.78960202354937847e-2,6.43666565418243408e-1,3.21833282709121704e-1
28,4,3.52941176470588203e-1,7.84313725490196068e-2,1.76470588235294101e-1,4.41144913434982300e-1,2.20572456717491150e-1,-3.82229683455079794e-2,-1.91114841727539897e-2,4.40975695848464966e-1,2.20487847924232483e-1
28,5,4.31372549019607865e-1,7.84313725490196068e-2,1.76470588235294101e-1,2.11728438735008240e-1,1.05864219367504120e-1,-1.83451807766686903e-2,-9.17259038833434515e-3,2.11647227406501770e-1,1.05823613703250885e-1
28,6,5.09803921568627416e-1,7.84313725490196068e-2,1.76470588235294101e-1,-3.04777044802904129e-2,-1.52388522401452065e-2,2.64072351856159404e-3,1.32036175928079702e-3,-3.04660145193338394e-2,-1.52330072596669197e-2
28,7,5.88235294117647078e-1,7.84313725490196068e-2,1.76470588235294101e-1,-2.70842820405960083e-1,-1.35421410202980042e-1,2.34672483347821981e-2,1.17336241673910990e-2,-2.70738929510116577e-1,-1.35369464755058289e-1
28,8,6.66666666666666630e-1,7.84313725490196068e-2,1.76470588235294101e-1,-4.94847327470779419e-1,-2.47423663735389709e-1,4.28759920410811679e-2,2.14379960205405840e-2,-4.94657516479492188e-1,-2.47328758239746094e-1
28,9,7.45098039215686292e-1,7.84313725490196068e-2,1.76470588235294101e-1,-6.88960075378417969e-1,-3.44480037689208984e-1,5.96949060447513891e-2,2.98474530223756945e-2,-6.88695788383483887e-1,-3.44347894191741943e-1
28,10,8.23529411764705843e-1,7.84313725490196068e-2,1.76470588235294101e-1,-8.41455459594726562e-1,-4.20727729797363281e-1,7.29068113490939362e-2,3.64534056745469681e-2,-8.41132700443267822e-1,-4.20566350221633911e-1
28,11,9.01960784313725505e-1,7.84313725490196068e-2,1.76470588235294101e-1,-9.43122565746307373e-1,-4.71561282873153687e-1,8.17024938762187791e-2,4.08512469381093896e-2,-9.42760884761810303e-1,-4.71380442380905151e-1
28,12,9.80392156862745057e-1,5.88235294117647189e-2,1.32352941176470618e-1,-9.87829327583312988e-1,-4.93914663791656494e-1,6.41262615099549294e-2,3.20631307549774647e-2,-9.87450778484344482e-1,-4.93725389242172241e-1
29,0,3.92156862745098034e-2,7.84313725490196068e-2,1.76470588235294101e-1,9.81816589832305908e-1,4.90908294916152954e-1,-8.50695597007870702e-2,-4.25347798503935351e-2,9.81440007686614990e-1,4.90720003843307495e-1
29,1,1.17647058823529410e-1,7.84313725490196068e-2,1.76470588235294101e-1,9.22508835792541504e-1,4.61254417896270752e-1,-7.99306869506835743e-2,-3.99653434753417872e-2,9.22154963016510010e-1,4.61077481508255005e-1
29,2,1.96078431372549017e-1,7.84313725490196068e-2,1.76470588235294101e-1,8.07475984096527100e-1,4.03737992048263550e-1,-6.99638882651925087e-2,-3.49819441325962543e-2,8.07166218757629395e-1,4.03583109378814697e-1
29,3,2.74509803921568651e-1,7.84313725490196068e-2,1.76470588235294101e-1,6.43666565418243408e-1,3.21833282709121704e-1,-5.57705811224878112e-2,-2.78852905612439056e-2,6.43419682979583740e-1,3.21709841489791870e-1
29,4,3.52941176470588203e-1,7.84313725490196068e-2,1.76470588235294101e-1,4.40975695848464966e-1,2.20487847924232483e-1,-3.82083058822899613e-2,-1.91041529411449806e-2,4.40806537866592407e-1,2.20403268933296204e-1
29,5,4.31372549019607865e-1,7.84313725490196068e-2,1.76470588235294101e-1,2.11647227406501770e-1,1.05823613703250885e-1,-1.83381594659295377e-2,-9.16907973296476886e-3,2.11566045880317688e-1,1.05783022940158844e-1
29,6,5.09803921568627416e-1,7.84313725490196068e-2,1.76470588235294101e-1,-3.04660145193338394e-2,-1.52330072596669197e-2,2.63971894746650726e-3,1.31985947373325363e-3,-3.04543282836675644e-2,-1.52271641418337822e-2
29,7,5.88235294117647078e-1,7.84313725490196068e-2,1.76470588235294101e-1,-2.70738929510116577e-1,-1.35369464755058289e-1,2.34582392557058372e-2,1.17291196278529186e-2,-2.70635068416595459e-1,-1.35317534208297729e-1
29,8,6.66666666666666630e-1,7.84313725490196068e-2,1.76470588235294101e-1,-4.94657516479492188e-1,-2.47328758239746094e-1,4.28595769219100586e-2,2.14297884609550293e-2,-4.94467765092849731e-1,-2.47233882546424866e-1
29,9,7.45098039215686292e-1,7.84313725490196068e-2,1.76470588235294101e-1,-6.88695788383483887e-1,-3.44347894191741943e-1,5.96719505265354833e-2,2.98359752632677416e-2,-6.88431620597839355e-1,-3.44215810298919678e-1
29,10,8.23529411764705843e-1,7.84313725490196068e-2,1.76470588235294101e-1,-8.41132700443267822e-1,-4.20566350221633911e-1,7.28787688538432010e-2,3.64393844269216005e-2,-8.40810060501098633e-1,-4.20405030250549316e-1
29,11,9.01960784313725505e-1,7.84313725490196068e-2,1.76470588235294101e-1,-9.42760884761810303e-1,-4.71380442380905151e-1,8.16708605736494175e-2,4.08354302868247088e-2,-9.42399322986602783e-1,-4.71199661493301392e-1
29,12,9.80392156862745057e-1,5.88235294117647189e-2,1.32352941176470618e-1,-9.87450778484344482e-1,-4.93725389242172241e-1,6.41020663082599584e-2,3.20510331541299792e-2,-9.87072408199310303e-1,-4.93536204099655151e-1
30,0,3.92156862745098034e-2,7.84313725490196068e-2,1.76470588235294101e-1,9.81440007686614990e-1,4.90720003843307495e-1,-8.50369859486818230e-2,-4.25184929743409115e-2,9.81063544750213623e-1,4.90531772375106812e-1
30,1,1.17647058823529410e-1,7.84313725490196068e-2,1.76470588235294101e-1,9.22154963016510010e-1,4.61077481508255005e-1,-7.98999940976500428e-2,-3.99499970488250214e-2,9.21801209449768066e-1,4.60900604724884033e-1
30,2,1.96078431372549017e-1,7.84313725490196068e-2,1.76470588235294101e-1,8.07166218757629395e-1,4.03583109378814697e-1,-6.99369572103023529e-2,-3.49684786051511765e-2,8.06856572628021240e-1,4.03428286314010620e-1
30,3,2.74509803921568651e-1,7.84313725490196068e-2,1.76470588235294101e-1,6.43419682979583740e-1,3.21709841489791870e-1,-5.57492927648126912e-2,-2.78746463824063456e-2,6.43172860145568848e-1,3.21586430072784424e-1
30,4,3.52941176470588203e-1,7.84313725490196068e-2,1.76470588235294101e-1,4.40806537866592407e-1,2.20403268933296204e-1,-3.81936006713659015e-2,-1.90968003356829508e-2,4.40637439489364624e-1,2.20318719744682312e-1
30,5,4.31372549019607865e-1,7.84313725490196068e-2,1.76470588235294101e-1,2.11566045880317688e-1,1.05783022940158844e-1,-1.83311434986535016e-2,-9.16557174932675078e-3,2.11484894156455994e-1,1.05742447078227997e-1
30,6,5.09803921568627416e-1,7.84313725490196068e-2,1.76470588235294101e-1,-3.04543282836675644e-2,-1.52271641418337822e-2,2.63872506329787537e-3,1.31936253164893769e-3,-3.04426457732915878e-2,-1.52213228866457939e-2
30,7,5.88235294117647078e-1,7.84313725490196068e-2,1.76470588235294101e-1,-2.70635068416595459e-1,-1.35317534208297729e-1,2.34492248331662489e-2,1.17246124165831245e-2,-2.70531266927719116e-1,-1.35265633463859558e-1
30,8,6.66666666666666630e-1,7.84313725490196068e-2,1.76470588235294101e-1,-4.94467765092849731e-1,-2.47233882546424866e-1,4.28431190550326857e-2,2.14215595275163428e-2,-4.94278103113174438e-1,-2.47139051556587219e-1
30,9,7.45098039215686292e-1,7.84313725490196068e-2,1.76470588235294101e-1,-6.88431620597839355e-1,-3.44215810298919678e-1,5.96490805037319938e-2,2.98245402518659969e-2,-6.88167572021484375e-1,-3.44083786010742188e-1
30,10,8.23529411764705843e-1,7.84313725490196068e-2,1.76470588235294101e-1,-8.40810060501098633e-1,-4.20405030250549316e-1,7.28507263585924936e-2,3.64253631792962468e-2,-8.40487539768218994e-1,-4.20243769884109497e-1
30,11,9.01960784313725505e-1,7.84313725490196068e-2,1.76470588235294101e-1,-9.42399322986602783e-1,-4.71199661493301392e-1,8.16391417756676674e-2,4.08195708878338337e-2,-9.42037880420684814e-1,-4.71018940210342407e-1
30,12,9.80392156862745057e-1,5.88235294117647189e-2,1.32352941176470618e-1,-9.87072408199310303e-1,-4.93536204099655151e-1,6.40779566019773483e-2,3.20389783009886742e-2,-9.86694157123565674e-1,-4.93347078561782837e-1
31,0,3.92156862745098034e-2,7.84313725490196068e-2,1.76470588235294101e-1,9.81063544750213623e-1,4.90531772375106812e-1,-8.50044121965765898e-2,-4.25022060982882949e-2,9.80687201023101807e-1,4.90343600511550903e-1
31,1,1.17647058823529410e-1,7.84313725490196068e-2,1.76470588235294101e-1,9.21801209449768066e-1,4.60900604724884033e-1,-7.98693012446164974e-2,-3.99346506223082487e-2,9.21447634696960449e-1,4.60723817348480225e-1
31,2,1.96078431372549017e-1,7.84313725490196068e-2,1.76470588235294101e-1,8.06856572628021240e-1,4.03428286314010620e-1,-6.99101116508245579e-2,-3.49550558254122790e-2,8.06547045707702637e-1,4.03273522853851318e-1
31,3,2.74509803921568651e-1,7.84313725490196068e-2,1.76470588235294101e-1,6.43172860145568848e-1,3.21586430072784424e-1,-5.57279189117252660e-2,-2.78639594558626330e-2,6.42926156520843506e-1,3.21463078260421753e-1
31,4,3.52941176470588203e-1,7.84313725490196068e-2,1.76470588235294101e-1,4.40637439489364624e-1,2.20318719744682312e-1,-3.81789382081478834e-2,-1.90894691040739417e-2,4.40468430519104004e-1,2.20234215259552002e-1
31,5,4.31372549019607865e-1,7.84313725490196068e-2,1.76470588235294101e-1,2.11484894156455994e-1,1.05742447078227997e-1,-1.83241328748408594e-2,-9.16206643742042970e-3,2.11403772234916687e-1,1.05701886117458344e-1
31,6,5.09803921568627416e-1,7.84313725490196068e-2,1.76470588235294101e-1,-3.04426457732915878e-2,-1.52213228866457939e-2,2.63769911834965676e-3,1.31884955917482838e-3,-3.04309688508510590e-2,-1.52154844254255295e-2
31,7,5.88235294117647078e-1,7.84313725490196068e-2,1.76470588235294101e-1,-2.70531266927719116e-1,-1.35265633463859558e-1,2.34402478148695304e-2,1.17201239074347652e-2,-2.70427495241165161e-1,-1.35213747620582581e-1
31,8,6.66666666666666630e-1,7.84313725490196068e-2,1.76470588235294101e-1,-4.94278103113174438e-1,-2.47139051556587219e-1,4.28266611881554238e-2,2.14133305940777119e-2,-4.94088500738143921e-1,-2.47044250369071960e-1
31,9,7.45098039215686292e-1,7.84313725490196068e-2,1.76470588235294101e-1,-6.88167572021484375e-1,-3.44083786010742188e-1,5.96262532286345737e-2,2.98131266143172868e-2,-6.87903583049774170e-1,-3.43951791524887085e-1
31,10,8.23529411764705843e-1,7.84313725490196068e-2,1.76470588235294101e-1,-8.40487539768218994e-1,-4.20243769884109497e-1,7.28226838633418139e-2,3.64113419316709069e-2,-8.40165138244628906e-1,-4.20082569122314453e-1
31,11,9.01960784313725505e-1,7.84313725490196068e-2,1.76470588235294101e-1,-9.42037880420684814e-1,-4.71018940210342407e-1,8.16074229776859311e-2,4.08037114888429656e-2,-9.41676616668701172e-1,-4.70838308334350586e-1
31,12,9.80392156862745057e-1,5.88235294117647189e-2,1.32352941176470618e-1,-9.86694157123565674e-1,-4.93347078561782837e-1,6.40538468956947243e-2,3.20269234478473622e-2,-9.86316084861755371e-1,-4.93158042430877686e-1
32,0,3.92156862745098034e-2,7.84313725490196068e-2,1.76470588235294101e-1,9.80687201023101807e-1,4.90343600511550903e-1,-8.49717529490590096e-2,-4.24858764745295048e-2,9.80311036109924316e-1,4.90155518054962158e-1
32,1,1.17647058823529410e-1,7.84313725490196068e-2,1.76470588235294101e-1,9.21447634696960449e-1,4.60723817348480225e-1,-7.98387793824076597e-2,-3.99193896912038299e-2,9.21094179153442383e-1,4.60547089576721191e-1
32,2,1.96078431372549017e-1,7.84313725490196068e-2,1.76470588235294101e-1,8.06547045707702637e-1,4.03273522853851318e-1,-6.98831805959344021e-2,-3.49415902979672011e-2,8.06237637996673584e-1,4.03118818998336792e-1
32,3,2.74509803921568651e-1,7.84313725490196068e-2,1.76470588235294101e-1,6.42926156520843506e-1,3.21463078260421753e-1,-5.57065878063439934e-2,-2.78532939031719967e-2,6.42679512500762939e-1,3.21339756250381470e-1
32,4,3.52941176470588203e-1,7.84313725490196068e-2,1.76470588235294101e-1,4.40468430519104004e-1,2.20234215259552002e-1,-3.81643184926361290e-2,-1.90821592463180645e-2,4.40299481153488159e-1,2.20149740576744080e-1
32,5,4.31372549019607865e-1,7.84313725490196068e-2,1.76470588235294101e-1,2.11403772234916687e-1,1.05701886117458344e-1,-1.83170875185169058e-2,-9.15854375925845288e-3,2.11322680115699768e-1,1.05661340057849884e-1
32,6,5.09803921568627416e-1,7.84313725490196068e-2,1.76470588235294101e-1,-3.04309688508510590e-2,-1.52154844254255295e-2,2.63668920379134253e-3,1.31834460189567126e-3,-3.04192956537008286e-2,-1.52096478268504143e-2
32,7,5.88235294117647078e-1,7.84313725490196068e-2,1.76470588235294101e-1,-2.70427495241165161e-1,-1.35213747620582581e-1,2.34312627813778596e-2,1.17156313906889298e-2,-2.70323753356933594e-1,-1.35161876678466797e-1
32,8,6.66666666666666630e-1,7.84313725490196068e-2,1.76470588235294101e-1,-4.94088500738143921e-1,-2.47044250369071960e-1,4.28102460689842590e-2,2.14051230344921295e-2,-4.93898987770080566e-1,-2.46949493885040283e-1
32,9,7.45098039215686292e-1,7.84313725490196068e-2,1.76470588235294101e-1,-6.87903583049774170e-1,-3.43951791524887085e-1,5.96033404581248760e-2,2.98016702290624380e-2,-6.87639713287353516e-1,-3.43819856643676758e-1
32,10,8.23529411764705843e-1,7.84313725490196068e-2,1.76470588235294101e-1,-8.40165138244628906e-1,-4.20082569122314453e-1,7.27946413680911064e-2,3.63973206840455532e-2,-8.39842855930328369e-1,-4.19921427965164185e-1
32,11,9.01960784313725505e-1,7.84313725490196068e-2,1.76470588235294101e-1,-9.41676616668701172e-1,-4.70838308334350586e-1,8.15757896751165418e-2,4.07878948375582709e-2,-9.41315472126007080e-1,-4.70657736063003540e-1
32,12,9.80392156862745057e-1,5.88235294117647189e-2,1.32352941176470618e-1,-9.86316084861755371e-1,-4.93158042430877686e-1,6.40297371894121142e-2,3.20148685947060571e-2,-9.85938131809234619e-1,-4.92969065904617310e-1
33,0,3.92156862745098034e-2,7.84313725490196068e-2,1.76470588235294101e-1,9.80311036109924316e-1,4.90155518054962158e-1,-8.49391791969537763e-2,-4.24695895984768881e-2,9.79934990406036377e-1,4.89967495203018188e-1
33,1,1.17647058823529410e-1,7.84313725490196068e-2,1.76470588235294101e-1,9.21094179153442383e-1,4.60547089576721191e-1,-7.98081720247864751e-2,-3.99040860123932375e-2,9.20740842819213867e-1,4.60370421409606934e-1
33,2,1.96078431372549017e-1,7.84313725490196068e-2,1.76470588235294101e-1,8.06237637996673584e-1,4.03118818998336792e-1,-6.98563350364565794e-2,-3.49281675182282897e-2,8.05928349494934082e-1,4.02964174747467041e-1
33,3,2.74509803921568651e-1,7.84313725490196068e-2,1.76470588235294101e-1,6.42679512500762939e-1,3.21339756250381470e-1,-5.56851712055504433e-2,-2.78425856027752217e-2,6.42432987689971924e-1,3.21216493844985962e-1
33,4,3.52941176470588203e-1,7.84313725490196068e-2,1.76470588235294101e-1,4.40299481153488159e-1,2.20149740576744080e-1,-3.81497415248304161e-2,-1.90748707624152081e-2,4.40130591392517090e-1,2.20065295696258545e-1
33,5,4.31372549019607865e-1,7.84313725490196068e-2,1.76470588235294101e-1,2.11322680115699768e-1,1.05661340057849884e-1,-1.83100475056562906e-2,-9.15502375282814529e-3,2.11241617798805237e-1,1.05620808899402618e-1
33,6,5.09803921568627416e-1,7.84313725490196068e-2,1.76470588235294101e-1,-3.04192956537008286e-2,-1.52096478268504143e-2,2.63568997615948319e-3,1.31784498807974160e-3,-3.04076280444860458e-2,-1.52038140222430229e-2
33,7,5.88235294117647078e-1,7.84313725490196068e-2,1.76470588235294101e-1,-2.70323753356933594e-1,-1.35161876678466797e-1,2.34222296567168087e-2,1.17111148283584043e-2,-2.70220071077346802e-1,-1.35110035538673401e-1
33,8,6.66666666666666630e-1,7.84313725490196068e-2,1.76470588235294101e-1,-4.93898987770080566e-1,-2.46949493885040283e-1,4.27938736975193024e-2,2.13969368487596512e-2,-4.93709534406661987e-1,-2.46854767203330994e-1
33,9,7.45098039215686292e-1,7.84313725490196068e-2,1.76470588235294101e-1,-6.87639713287353516e-1,-3.43819856643676758e-1,5.95804704353213310e-2,2.97902352176606655e-2,-6.87375962734222412e-1,-3.43687981367111206e-1
33,10,8.23529411764705843e-1,7.84313725490196068e-2,1.76470588235294101e-1,-8.39842855930328369e-1,-4.19921427965164185e-1,7.27665988728403990e-2,3.63832994364201995e-2,-8.39520692825317383e-1,-4.19760346412658691e-1
33,11,9.01960784313725505e-1,7.84313725490196068e-2,1.76470588235294101e-1,-9.41315472126007080e-1,-4.70657736063003540e-1,8.15441563725471524e-2,4.07720781862735762e-2,-9.40954446792602539e-1,-4.70477223396301270e-1
33,12,9.80392156862745057e-1,5.88235294117647189e-2,1.32352941176470618e-1,-9.85938131809234619e-1,-4.92969065904617310e-1,6.40056274831295041e-2,3.20028137415647521e-2,-9.85560297966003418e-1,-4.92780148983001709e-1
34,0,3.92156862745098034e-2,7.84313725490196068e-2,1.76470588235294101e-1,9.79934990406036377e-1,4.89967495203018188e-1,-8.49066054448485291e-2,-4.24533027224242646e-2,9.79559123516082764e-1,4.89779561758041382e-1
34,1,1.17647058823529410e-1,7.84313725490196068e-2,1.76470588235294101e-1,9.20740842819213867e-1,4.60370421409606934e-1,-7.97775646671652766e-2,-3.98887823335826383e-2,9.20387685298919678e-1,4.60193842649459839e-1
34,2,1.96078431372549017e-1,7.84313725490196068e-2,1.76470588235294101e-1,8.05928349494934082e-1,4.02964174747467041e-1,-6.98294894769787844e-2,-3.49147447384893922e-2,8.05619180202484131e-1,4.02809590101242065e-1
34,3,2.74509803921568651e-1,7.84313725490196068e-2,1.76470588235294101e-1,6.42432987689971924e-1,3.21216493844985962e-1,-5.56638401001691985e-2,-2.78319200500845992e-2,6.42186582088470459e-1,3.21093291044235229e-1
34,4,3.52941176470588203e-1,7.84313725490196068e-2,1.76470588235294101e-1,4.40130591392517090e-1,2.20065295696258545e-1,-3.81351218093186617e-2,-1.90675609046593308e-2,4.39961761236190796e-1,2.19980880618095398e-1
34,5,4.31372549019607865e-1,7.84313725490196068e-2,1.76470588235294101e-1,2.11241617798805237e-1,1.05620808899402618e-1,-1.83030155079904611e-2,-9.15150775399523053e-3,2.11160585284233093e-1,1.05580292642116547e-1
34,6,5.09803921568627416e-1,7.84313725490196068e-2,1.76470588235294101e-1,-3.04076280444860458e-2,-1.52038140222430229e-2,2.63466403121126458e-3,1.31733201560563229e-3,-3.03959641605615616e-2,-1.51979820802807808e-2
34,7,5.88235294117647078e-1,7.84313725490196068e-2,1.76470588235294101e-1,-2.70220071077346802e-1,-1.35110035538673401e-1,2.34132740122731664e-2,1.17066370061365832e-2,-2.70116418600082397e-1,-1.35058209300041199e-1
34,8,6.66666666666666630e-1,7.84313725490196068e-2,1.76470588235294101e-1,-4.93709534406661987e-1,-2.46854767203330994e-1,4.27774158306419849e-2,2.13887079153209925e-2,-4.93520140647888184e-1,-2.46760070323944092e-1
34,9,7.45098039215686292e-1,7.84313725490196068e-2,1.76470588235294101e-1,-6.87375962734222412e-1,-3.43687981367111206e-1,5.95576859079301468e-2,2.97788429539650734e-2,-6.87112271785736084e-1,-3.43556135892868042e-1
34,10,8.23529411764705843e-1,7.84313725490196068e-2,1.76470588235294101e-1,-8.39520692825317383e-1,-4.19760346412658691e-1,7.27385563775897193e-2,3.63692781887948596e-2,-8.39198648929595947e-1,-4.19599324464797974e-1
34,11,9.01960784313725505e-1,7.84313725490196068e-2,1.76470588235294101e-1,-9.40954446792602539e-1,-4.70477223396301270e-1,8.15125230699777492e-2,4.07562615349888746e-2,-9.40593600273132324e-1,-4.70296800136566162e-1
34,12,9.80392156862745057e-1,5.88235294117647189e-2,1.32352941176470618e-1,-9.85560297966003418e-1,-4.92780148983001709e-1,6.39815177768468801e-2,3.19907588884234401e-2,-9.85182642936706543e-1,-4.92591321468353271e-1
35,0,3.92156862745098034e-2,7.84313725490196068e-2,1.76470588235294101e-1,9.79559123516082764e-1,4.89779561758041382e-1,-8.48740316927432958e-2,-4.24370158463716479e-2,9.79183375835418701e-1,4.89591687917709351e-1
35,1,1.17647058823529410e-1,7.84313725490196068e-2,1.76470588235294101e-1,9.20387685298919678e-1,4.60193842649459839e-1,-7.97470428049564251e-2,-3.98735214024782125e-2,9.20034646987915039e-1,4.60017323493957520e-1
35,2,1.96078431372549017e-1,7.84313725490196068e-2,1.76470588235294101e-1,8.05619180202484131e-1,4.02809590101242065e-1,-6.98025584220886286e-2,-3.49012792110443143e-2,8.05310130119323730e-1,4.02655065059661865e-1
35,3,2.74509803921568651e-1,7.84313725490196068e-2,1.76470588235294101e-1,6.42186582088470459e-1,3.21093291044235229e-1,-5.56425944902002589e-2,-2.78212972451001295e-2,6.41940236091613770e-1,3.20970118045806885e-1
35,4,3.52941176470588203e-1,7.84313725490196068e-2,1.76470588235294101e-1,4.39961761236190796e-1,2.19980880618095398e-1,-3.81204593461006991e-2,-1.90602296730503495e-2,4.39792990684509277e-1,2.19896495342254639e-1
35,5,4.31372549019607865e-1,7.84313725490196068e-2,1.76470588235294101e-1,2.11160585284233093e-1,1.05580292642116547e-1,-1.82959888537880255e-2,-9.14799442689401276e-3,2.11079582571983337e-1,1.05539791285991669e-1
35,6,5.09803921568627416e-1,7.84313725490196068e-2,1.76470588235294101e-1,-3.03959641605615616e-2,-1.51979820802807808e-2,2.63364877318966739e-3,1.31682438659483370e-3,-3.03843040019273758e-2,-1.51921520009636879e-2
35,7,5.88235294117647078e-1,7.84313725490196068e-2,1.76470588235294101e-1,-2.70116418600082397e-1,-1.35058209300041199e-1,2.34043130243662412e-2,1.17021565121831206e-2,-2.70012795925140381e-1,-1.35006397962570190e-1
35,8,6.66666666666666630e-1,7.84313725490196068e-2,1.76470588235294101e-1,-4.93520140647888184e-1,-2.46760070323944092e-1,4.27610007114708757e-2,2.13805003557354378e-2,-4.93330836296081543e-1,-2.46665418148040771e-1
35,9,7.45098039215686292e-1,7.84313725490196068e-2,1.76470588235294101e-1,-6.87112271785736084e-1,-3.43556135892868042e-1,5.95348158851265741e-2,2.97674079425632870e-2,-6.86848700046539307e-1,-3.43424350023269653e-1
35,10,8.23529411764705843e-1,7.84313725490196068e-2,1.76470588235294101e-1,-8.39198648929595947e-1,-4.19599324464797974e-1,7.27105138823389840e-2,3.63552569411694920e-2,-8.38876724243164062e-1,-4.19438362121582031e-1
35,11,9.01960784313725505e-1,7.84313725490196068e-2,1.76470588235294101e-1,-9.40593600273132324e-1,-4.70296800136566162e-1,8.14809752628207207e-2,4.07404876314103603e-2,-9.40232872962951660e-1,-4.70116436481475830e-1
35,12,9.80392156862745057e-1,5.88235294117647189e-2,1.32352941176470618e-1,-9.85182642936706543e-1,-4.92591321468353271e-1,6.39574080705642700e-2,3.19787040352821350e-2,-9.84805107116699219e-1,-4.92402553558349609e-1
36,0,3.92156862745098034e-2,7.84313725490196068e-2,1.76470588235294101e-1,9.79183375835418701e-1,4.89591687917709351e-1,-8.48414579406380626e-2,-4.24207289703190313e-2,9.78807747364044189e-1,4.89403873682022095e-1
36,1,1.17647058823529410e-1,7.84313725490196068e-2,1.76470588235294101e-1,9.20034646987915039e-1,4.60017323493957520e-1,-7.97165209427476013e-2,-3.98582604713738006e-2,9.19681727886199951e-1,4.59840863943099976e-1
36,2,1.96078431372549017e-1,7.84313725490196068e-2,1.76470588235294101e-1,8.05310130119323730e-1,4.02655065059661865e-1,-6.97757128626108059e-2,-3.48878564313054029e-2,8.05001199245452881e-1,4.02500599622726440e-1
36,3,2.74509803921568651e-1,7.84313725490196068e-2,1.76470588235294101e-1,6.41940236091613770e-1,3.20970118045806885e-1,-5.56212633848190141e-2,-2.78106316924095071e-2,6.41694009304046631e-1,3.20847004652023315e-1
36,4,3.52941176470588203e-1,7.84313725490196068e-2,1.76470588235294101e-1,4.39792990684509277e-1,2.19896495342254639e-1,-3.81058396305888891e-2,-1.90529198152944446e-2,4.39624279737472534e-1,2.19812139868736267e-1
36,5,4.31372549019607865e-1,7.84313725490196068e-2,1.76470588235294101e-1,2.11079582571983337e-1,1.05539791285991669e-1,-1.82889675430488174e-2,-9.14448377152440872e-3,2.10998609662055969e-1,1.05499304831027985e-1
36,6,5.09803921568627416e-1,7.84313725490196068e-2,1.76470588235294101e-1,-3.03843040019273758e-2,-1.51921520009636879e-2,2.63264420209452510e-3,1.31632210104726255e-3,-3.03726494312286377e-2,-1.51863247156143188e-2
36,7,5.88235294117647078e-1,7.84313725490196068e-2,1.76470588235294101e-1,-2.70012795925140381e-1,-1.35006397962570190e-1,2.33953039452899358e-2,1.16976519726449679e-2,-2.69909232854843140e-1,-1.34954616427421570e-1
36,8,6.66666666666666630e-1,7.84313725490196068e-2,1.76470588235294101e-1,-4.93330836296081543e-1,-2.46665418148040771e-1,4.27446283400058635e-2,2.13723141700029318e-2,-4.93141591548919678e-1,-2.46570795774459839e-1
36,9,7.45098039215686292e-1,7.84313725490196068e-2,1.76470588235294101e-1,-6.86848700046539307e-1,-3.43424350023269653e-1,5.95119886100292372e-2,2.97559943050146186e-2,-6.86585247516632080e-1,-3.43292623758316040e-1
36,10,8.23529411764705843e-1,7.84313725490196068e-2,1.76470588235294101e-1,-8.38876724243164062e-1,-4.19438362121582031e-1,7.26824713870883043e-2,3.63412356935441522e-2,-8.38554978370666504e-1,-4.19277489185333252e-1
36,11,9.01960784313725505e-1,7.84313725490196068e-2,1.76470588235294101e-1,-9.40232872962951660e-1,-4.70116436481475830e-1,8.14494274556636783e-2,4.07247137278318391e-2,-9.39872264862060547e-1,-4.69936132431030273e-1
36,12,9.80392156862745057e-1,5.88235294117647189e-2,1.32352941176470618e-1,-9.84805107116699219e-1,-4.92402553558349609e-1,6.39332983642816460e-2,3.19666491821408230e-2,-9.84427750110626221e-1,-4.92213875055313110e-1
37,0,3.92156862745098034e-2,7.84313725490196068e-2,1.76470588235294101e-1,9.78807747364044189e-1,4.89403873682022095e-1,-8.48088841885328293e-2,-4.24044420942664146e-2,9.78432297706604004e-1,4.89216148853302002e-1
37,1,1.17647058823529410e-1,7.84313725490196068e-2,1.76470588235294101e-1,9.19681727886199951e-1,4.59840863943099976e-1,-7.96859990805387497e-2,-3.98429995402693748e-2,9.19328927993774414e-1,4.59664463996887207e-1
37,2,1.96078431372549017e-1,7.84313725490196068e-2,1.76470588235294101e-1,8.05001199245452881e-1,4.02500599622726440e-1,-6.97488673031330109e-2,-3.48744336515665054e-2,8.04692387580871582e-1,4.02346193790435791e-1
37,3,2.74509803921568651e-1,7.84313725490196068e-2,1.76470588235294101e-1,6.41694009304046631e-1,3.20847004652023315e-1,-5.56000177748501301e-2,-2.78000088874250650e-2,6.41447842121124268e-1,3.20723921060562134e-1
37,4,3.52941176470588203e-1,7.84313725490196068e-2,1.76470588235294101e-1,4.39624279737472534e-1,2.19812139868736267e-1,-3.80911771673709265e-2,-1.90455885836854633e-2,4.39455658197402954e-1,2.19727829098701477e-1
37,5,4.31372549019607865e-1,7.84313725490196068e-2,1.76470588235294101e-1,2.10998609662055969e-1,1.05499304831027985e-1,-1.82819542475044505e-2,-9.14097712375222526e-3,2.10917666554450989e-1,1.05458833277225494e-1
37,6,5.09803921568627416e-1,7.84313725490196068e-2,1.76470588235294101e-1,-3.03726494312286377e-2,-1.51863247156143188e-2,2.63161291368307904e-3,1.31580645684153952e-3,-3.03609985858201981e-2,-1.51804992929100990e-2
37,7,5.88235294117647078e-1,7.84313725490196068e-2,1.76470588235294101e-1,-2.69909232854843140e-1,-1.34954616427421570e-1,2.33863723464309836e-2,1.16931861732154918e-2,-2.69805699586868286e-1,-1.34902849793434143e-1
37,8,6.66666666666666630e-1,7.84313725490196068e-2,1.76470588235294101e-1,-4.93141591548919678e-1,-2.46570795774459839e-1,4.27281704731285461e-2,2.13640852365642731e-2,-4.92952436208724976e-1,-2.46476218104362488e-1
37,9,7.45098039215686292e-1,7.84313725490196068e-2,1.76470588235294101e-1,-6.86585247516632080e-1,-3.43292623758316040e-1,5.94891613349318726e-2,2.97445806674659363e-2,-6.86321854591369629e-1,-3.43160927295684814e-1
37,10,8.23529411764705843e-1,7.84313725490196068e-2,1.76470588235294101e-1,-8.38554978370666504e-1,-4.19277489185333252e-1,7.26545998826622907e-2,3.63272999413311454e-2,-8.38233351707458496e-1,-4.19116675853729248e-1
37,11,9.01960784313725505e-1,7.84313725490196068e-2,1.76470588235294101e-1,-9.39872264862060547e-1,-4.69936132431030273e-1,8.14177086576819420e-2,4.07088543288409710e-2,-9.39511835575103760e-1,-4.69755917787551880e-1
37,12,9.80392156862745057e-1,5.88235294117647189e-2,1.32352941176470618e-1,-9.84427750110626221e-1,-4.92213875055313110e-1,6.39092741534113828e-2,3.19546370767056914e-2,-9.84050512313842773e-1,-4.92025256156921387e-1
38,0,3.92156862745098034e-2,7.84313725490196068e-2,1.76470588235294101e-1,9.78432297706604004e-1,4.89216148853302002e-1,-8.47763959318399429e-2,-4.23881979659199715e-2,9.78056967258453369e-1,4.89028483629226685e-1
38,1,1.17647058823529410e-1,7.84313725490196068e-2,1.76470588235294101e-1,9.19328927993774414e-1,4.59664463996887207e-1,-7.96553917229175512e-2,-3.98276958614587756e-2,9.18976306915283203e-1,4.59488153457641602e-1
38,2,1.96078431372549017e-1,7.84313725490196068e-2,1.76470588235294101e-1,8.04692387580871582e-1,4.02346193790435791e-1,-6.97221072390675489e-2,-3.48610536195337745e-2,8.04383695125579834e-1,4.02191847562789917e-1
38,3,2.74509803921568651e-1,7.84313725490196068e-2,1.76470588235294101e-1,6.41447842121124268e-1,3.20723921060562134e-1,-5.55786439217627048e-2,-2.77893219608813524e-2,6.41201794147491455e-1,3.20600897073745728e-1
38,4,3.52941176470588203e-1,7.84313725490196068e-2,1.76470588235294101e-1,4.39455658197402954e-1,2.19727829098701477e-1,-3.80766429472714774e-2,-1.90383214736357387e-2,4.39287096261978149e-1,2.19643548130989075e-1
38,5,4.31372549019607865e-1,7.84313725490196068e-2,1.76470588235294101e-1,2.10917666554450989e-1,1.05458833277225494e-1,-1.82749035477172694e-2,-9.13745177385863472e-3,2.10836768150329590e-1,1.05418384075164795e-1
38,6,5.09803921568627416e-1,7.84313725490196068e-2,1.76470588235294101e-1,-3.03609985858201981e-2,-1.51804992929100990e-2,2.63059231219814338e-3,1.31529615609907169e-3,-3.03493533283472061e-2,-1.51746766641736031e-2
38,7,5.88235294117647078e-1,7.84313725490196068e-2,1.76470588235294101e-1,-2.69805699586868286e-1,-1.34902849793434143e-1,2.33773926564026513e-2,1.16886963282013256e-2,-2.69702196121215820e-1,-1.34851098060607910e-1
38,8,6.66666666666666630e-1,7.84313725490196068e-2,1.76470588235294101e-1,-4.92952436208724976e-1,-2.46476218104362488e-1,4.27118408493697976e-2,2.13559204246848988e-2,-4.92763340473175049e-1,-2.46381670236587524e-1
38,9,7.45098039215686292e-1,7.84313725490196068e-2,1.76470588235294101e-1,-6.86321854591369629e-1,-3.43160927295684814e-1,5.94662058167159391e-2,2.97331029083579695e-2,-6.86058580875396729e-1,-3.43029290437698364e-1
38,10,8.23529411764705843e-1,7.84313725490196068e-2,1.76470588235294101e-1,-8.38233351707458496e-1,-4.19116675853729248e-1,7.26267283782363049e-2,3.63133641891181524e-2,-8.37911844253540039e-1,-4.18955922126770020e-1
38,11,9.01960784313725505e-1,7.84313725490196068e-2,1.76470588235294101e-1,-9.39511835575103760e-1,-4.69755917787551880e-1,8.13861608505248857e-2,4.06930804252624428e-2,-9.39151525497436523e-1,-4.69575762748718262e-1
38,12,9.80392156862745057e-1,5.88235294117647189e-2,1.32352941176470618e-1,-9.84050512313842773e-1,-4.92025256156921387e-1,6.38851644471287727e-2,3.19425822235643864e-2,-9.83673393726348877e-1,-4.91836696863174438e-1
39,0,3.92156862745098034e-2,7.84313725490196068e-2,1.76470588235294101e-1,9.78056967258453369e-1,4.89028483629226685e-1,-8.47438221797347097e-2,-4.23719110898673548e-2,9.77681815624237061e-1,4.88840907812118530e-1
39,1,1.17647058823529410e-1,7.84313725490196068e-2,1.76470588235294101e-1,9.18976306915283203e-1,4.59488153457641602e-1,-7.96249553561210605e-2,-3.98124776780605302e-2,9.18623805046081543e-1,4.59311902523040771e-1
39,2,1.96078431372549017e-1,7.84313725490196068e-2,1.76470588235294101e-1,8.04383695125579834e-1,4.02191847562789917e-1,-6.96952616795897539e-2,-3.48476308397948770e-2,8.04075121879577637e-1,4.02037560939788818e-1
39,3,2.74509803921568651e-1,7.84313725490196068e-2,1.76470588235294101e-1,6.41201794147491455e-1,3.20600897073745728e-1,-5.55573555640876127e-2,-2.77786777820438063e-2,6.40955865383148193e-1,3.20477932691574097e-1
39,4,3.52941176470588203e-1,7.84313725490196068e-2,1.76470588235294101e-1,4.39287096261978149e-1,2.19643548130989075e-1,-3.80620446056127437e-2,-1.90310223028063719e-2,4.39118593931198120e-1,2.19559296965599060e-1
39,5,4.31372549019607865e-1,7.84313725490196068e-2,1.76470588235294101e-1,2.10836768150329590e-1,1.05418384075164795e-1,-1.82679036108311377e-2,-9.13395180541556884e-3,2.10755899548530579e-1,1.05377949774265289e-1
39,6,5.09803921568627416e-1,7.84313725490196068e-2,1.76470588235294101e-1,-3.03493533283472061e-2,-1.51746766641736031e-2,2.62960911495613292e-3,1.31480455747806646e-3,-3.03377117961645126e-2,-1.51688558980822563e-2
39,7,5.88235294117647078e-1,7.84313725490196068e-2,1.76470588235294101e-1,-2.69702196121215820e-1,-1.34851098060607910e-1,2.33684049511793668e-2,1.16842024755896834e-2,-2.69598752260208130e-1,-1.34799376130104065e-1
39,8,6.66666666666666630e-1,7.84313725490196068e-2,1.76470588235294101e-1,-4.92763340473175049e-1,-2.46381670236587524e-1,4.26954684779047855e-2,2.13477342389523927e-2,-4.92574334144592285e-1,-2.46287167072296143e-1
39,9,7.45098039215686292e-1,7.84313725490196068e-2,1.76470588235294101e-1,-6.86058580875396729e-1,-3.43029290437698364e-1,5.94433357939124218e-2,2.97216678969562109e-2,-6.85795426368713379e-1,-3.42897713184356689e-1
39,10,8.23529411764705843e-1,7.84313725490196068e-2,1.76470588235294101e-1,-8.37911844253540039e-1,-4.18955922126770020e-1,7.25988568738102913e-2,3.62994284369051456e-2,-8.37590456008911133e-1,-4.18795228004455566e-1
39,11,9.01960784313725505e-1,7.84313725490196068e-2,1.76470588235294101e-1,-9.39151525497436523e-1,-4.69575762748718262e-1,8.13546130433678710e-2,4.06773065216839355e-2,-9.38791334629058838e-1,-4.69395667314529419e-1
39,12,9.80392156862745057e-1,5.88235294117647189e-2,1.32352941176470618e-1,-9.83673393726348877e-1,-4.91836696863174438e-1,6.38610547408461487e-2,3.19305273704230744e-2,-9.83296453952789307e-1,-4.91648226976394653e-1
40,0,3.92156862745098034e-2,7.84313725490196068e-2,1.76470588235294101e-1,9.77681815624237061e-1,4.88840907812118530e-1,-8.47113339230418233e-2,-4.23556669615209117e-2,9.77306783199310303e-1,4.88653391599655151e-1
40,1,1.17647058823529410e-1,7.84313725490196068e-2,1.76470588235294101e-1,9.18623805046081543e-1,4.59311902523040771e-1,-7.95944334939122228e-2,-3.97972167469561114e-2,9.18271422386169434e-1,4.59135711193084717e-1
40,2,1.96078431372549017e-1,7.84313725490196068e-2,1.76470588235294101e-1,8.04075121879577637e-1,4.02037560939788818e-1,-6.96684161201119312e-2,-3.48342080600559656e-2,8.03766667842864990e-1,4.01883333921432495e-1
40,3,2.74509803921568651e-1,7.84313725490196068e-2,1.76470588235294101e-1,6.40955865383148193e-1,3.20477932691574097e-1,-5.55361527018249090e-2,-2.77680763509124545e-2,6.40709996223449707e-1,3.20354998111724854e-1
40,4,3.52941176470588203e-1,7.84313725490196068e-2,1.76470588235294101e-1,4.39118593931198120e-1,2.19559296965599060e-1,-3.80474035162478574e-2,-1.90237017581239287e-2,4.38950151205062866e-1,2.19475075602531433e-1
40,5,4.31372549019607865e-1,7.84313725490196068e-2,1.76470588235294101e-1,2.10755899548530579e-1,1.05377949774265289e-1,-1.82609090174082889e-2,-9.13045450870414443e-3,2.10675060749053955e-1,1.05337530374526978e-1
40,6,5.09803921568627416e-1,7.84313725490196068e-2,1.76470588235294101e-1,-3.03377117961645126e-2,-1.51688558980822563e-2,2.62859385693448022e-3,1.31429692846724011e-3,-3.03260739892721176e-2,-1.51630369946360588e-2
40,7,5.88235294117647078e-1,7.84313725490196068e-2,1.76470588235294101e-1,-2.69598752260208130e-1,-1.34799376130104065e-1,2.33594546501990630e-2,1.16797273250995315e-2,-2.69495338201522827e-1,-1.34747669100761414e-1
40,8,6.66666666666666630e-1,7.84313725490196068e-2,1.76470588235294101e-1,-4.92574334144592285e-1,-2.46287167072296143e-1,4.26790961064398289e-2,2.13395480532199144e-2,-4.92385387420654297e-1,-2.46192693710327148e-1
40,9,7.45098039215686292e-1,7.84313725490196068e-2,1.76470588235294101e-1,-6.85795426368713379e-1,-3.42897713184356689e-1,5.94205085188150017e-2,2.97102542594075009e-2,-6.85532391071319580e-1,-3.42766195535659790e-1
40,10,8.23529411764705843e-1,7.84313725490196068e-2,1.76470588235294101e-1,-8.37590456008911133e-1,-4.18795228004455566e-1,7.25709853693843054e-2,3.62854926846921527e-2,-8.37269186973571777e-1,-4.18634593486785889e-1
40,11,9.01960784313725505e-1,7.84313725490196068e-2,1.76470588235294101e-1,-9.38791334629058838e-1,-4.69395667314529419e-1,8.13229797407984678e-2,4.06614898703992339e-2,-9.38431322574615479e-1,-4.69215661287307739e-1
40,12,9.80392156862745057e-1,5.88235294117647189e-2,1.32352941176470618e-1,-9.83296453952789307e-1,-4.91648226976394653e-1,6.38370305299758856e-2,3.19185152649879428e-2,-9.82919633388519287e-1,-4.91459816694259644e-1
41,0,3.92156862745098034e-2,7.84313725490196068e-2,1.76470588235294101e-1,9.77306783199310303e-1,4.88653391599655151e-1,-8.46788456663489369e-2,-4.23394228331744685e-2,9.76931929588317871e-1,4.88465964794158936e-1
41,1,1.17647058823529410e-1,7.84313725490196068e-2,1.76470588235294101e-1,9.18271422386169434e-1,4.59135711193084717e-1,-7.95639116317033573e-2,-3.97819558158516787e-2,9.17919158935546875e-1,4.58959579467773438e-1
41,2,1.96078431372549017e-1,7.84313725490196068e-2,1.76470588235294101e-1,8.03766667842864990e-1,4.01883333921432495e-1,-6.96416560560464970e-2,-3.48208280280232485e-2,8.03458333015441895e-1,4.01729166507720947e-1
41,3,2.74509803921568651e-1,7.84313725490196068e-2,1.76470588235294101e-1,6.40709996223449707e-1,3.20354998111724854e-1,-5.55148643441498446e-2,-2.77574321720749223e-2,6.40464246273040771e-1,3.20232123136520386e-1
41,4,3.52941176470588203e-1,7.84313725490196068e-2,1.76470588235294101e-1,4.38950151205062866e-1,2.19475075602531433e-1,-3.80328051745891238e-2,-1.90164025872945619e-2,4.38781768083572388e-1,2.19390884041786194e-1
41,5,4.31372549019607865e-1,7.84313725490196068e-2,1.76470588235294101e-1,2.10675060749053955e-1,1.05337530374526978e-1,-1.82539197674486675e-2,-9.12695988372433376e-3,2.10594251751899719e-1,1.05297125875949860e-1
41,6,5.09803921568627416e-1,7.84313725490196068e-2,1.76470588235294101e-1,-3.03260739892721176e-2,-1.51630369946360588e-2,2.62758928583933793e-3,1.31379464291966896e-3,-3.03144417703151703e-2,-1.51572208851575851e-2
41,7,5.88235294117647078e-1,7.84313725490196068e-2,1.76470588235294101e-1,-2.69495338201522827e-1,-1.34747669100761414e-1,2.33504990057554207e-2,1.16752495028777104e-2,-2.69391953945159912e-1,-1.34695976972579956e-1
41,8,6.66666666666666630e-1,7.84313725490196068e-2,1.76470588235294101e-1,-4.92385387420654297e-1,-2.46192693710327148e-1,4.26626809872686641e-2,2.13313404936343320e-2,-4.92196530103683472e-1,-2.46098265051841736e-1
41,9,7.45098039215686292e-1,7.84313725490196068e-2,1.76470588235294101e-1,-6.85532391071319580e-1,-3.42766195535659790e-1,5.93977667391300257e-2,2.96988833695650128e-2,-6.85269415378570557e-1,-3.42634707689285278e-1
41,10,8.23529411764705843e-1,7.84313725490196068e-2,1.76470588235294101e-1,-8.37269186973571777e-1,-4.18634593486785889e-1,7.25430283695459310e-2,3.62715141847729655e-2,-8.36948037147521973e-1,-4.18474018573760986e-1
41,11,9.01960784313725505e-1,7.84313725490196068e-2,1.76470588235294101e-1,-9.38431322574615479e-1,-4.69215661287307739e-1,8.12915174290537723e-2,4.06457587145268862e-2,-9.38071429729461670e-1,-4.69035714864730835e-1
41,12,9.80392156862745057e-1,5.88235294117647189e-2,1.32352941176470618e-1,-9.82919633388519287e-1,-4.91459816694259644e-1,6.38129208236932755e-2,3.19064604118466377e-2,-9.82542932033538818e-1,-4.91271466016769409e-1
42,0,3.92156862745098034e-2,7.84313725490196068e-2,1.76470588235294101e-1,9.76931929588317871e-1,4.88465964794158936e-1,-8.46464429050683975e-2,-4.23232214525341988e-2,9.76557195186614990e-1,4.88278597593307495e-1
42,1,1.17647058823529410e-1,7.84313725490196068e-2,1.76470588235294101e-1,9.17919158935546875e-1,4.58959579467773438e-1,-7.95333042740821727e-2,-3.97666521370410864e-2,9.17567074298858643e-1,4.58783537149429321e-1
42,2,1.96078431372549017e-1,7.84313725490196068e-2,1.76470588235294101e-1,8.03458333015441895e-1,4.01729166507720947e-1,-6.96148959919810351e-2,-3.48074479959905175e-2,8.03150117397308350e-1,4.01575058698654175e-1
42,3,2.74509803921568651e-1,7.84313725490196068e-2,1.76470588235294101e-1,6.40464246273040771e-1,3.20232123136520386e-1,-5.54936614818870855e-2,-2.77468307409435427e-2,6.40218555927276611e-1,3.20109277963638306e-1
42,4,3.52941176470588203e-1,7.84313725490196068e-2,1.76470588235294101e-1,4.38781768083572388e-1,2.19390884041786194e-1,-3.80181640852242930e-2,-1.90090820426121465e-2,4.38613444566726685e-1,2.19306722283363342e-1
42,5,4.31372549019607865e-1,7.84313725490196068e-2,1.76470588235294101e-1,2.10594251751899719e-1,1.05297125875949860e-1,-1.82469385326839983e-2,-9.12346926634199917e-3,2.10513472557067871e-1,1.05256736278533936e-1
42,6,5.09803921568627416e-1,7.84313725490196068e-2,1.76470588235294101e-1,-3.03144417703151703e-2,-1.51572208851575851e-2,2.62660074513404451e-3,1.31330037256702226e-3,-3.03028132766485214e-2,-1.51514066383242607e-2
42,7,5.88235294117647078e-1,7.84313725490196068e-2,1.76470588235294101e-1,-2.69391953945159912e-1,-1.34695976972579956e-1,2.33414925984107291e-2,1.16707462992053645e-2,-2.69288629293441772e-1,-1.34644314646720886e-1
42,8,6.66666666666666630e-1,7.84313725490196068e-2,1.76470588235294101e-1,-4.92196530103683472e-1,-2.46098265051841736e-1,4.26463941112160683e-2,2.13231970556080341e-2,-4.92007732391357422e-1,-2.46003866195678711e-1
42,9,7.45098039215686292e-1,7.84313725490196068e-2,1.76470588235294101e-1,-6.85269415378570557e-1,-3.42634707689285278e-1,5.93748967163264529e-2,2.96874483581632265e-2,-6.85006558895111084e-1,-3.42503279447555542e-1
42,10,8.23529411764705843e-1,7.84313725490196068e-2,1.76470588235294101e-1,-8.36948037147521973e-1,-4.18474018573760986e-1,7.25151568651199452e-2,3.62575784325599726e-2,-8.36627006530761719e-1,-4.18313503265380859e-1
42,11,9.01960784313725505e-1,7.84313725490196068e-2,1.76470588235294101e-1,-9.38071429729461670e-1,-4.69035714864730835e-1,8.12600551173090907e-2,4.06300275586545453e-2,-9.37711656093597412e-1,-4.68855828046798706e-1
42,12,9.80392156862745057e-1,5.88235294117647189e-2,1.32352941176470618e-1,-9.82542932033538818e-1,-4.91271466016769409e-1,6.37888111174106515e-2,3.18944055587053257e-2,-9.82166409492492676e-1,-4.91083204746246338e-1
43,0,3.92156862745098034e-2,7.84313725490196068e-2,1.76470588235294101e-1,9.76557195186614990e-1,4.88278597593307495e-1,-8.46139546483755112e-2,-4.23069773241877556e-2,9.76182579994201660e-1,4.88091289997100830e-1
43,1,1.17647058823529410e-1,7.84313725490196068e-2,1.76470588235294101e-1,9.17567074298858643e-1,4.58783537149429321e-1,-7.95028679072856959e-2,-3.97514339536428479e-2,9.17215108871459961e-1,4.58607554435729980e-1
43,2,1.96078431372549017e-1,7.84313725490196068e-2,1.76470588235294101e-1,8.03150117397308350e-1,4.01575058698654175e-1,-6.95881359279155731e-2,-3.47940679639577866e-2,8.02842020988464355e-1,4.01421010494232178e-1
43,3,2.74509803921568651e-1,7.84313725490196068e-2,1.76470588235294101e-1,6.40218555927276611e-1,3.20109277963638306e-1,-5.54723731242120210e-2,-2.77361865621060105e-2,6.39972984790802002e-1,3.19986492395401001e-1
43,4,3.52941176470588203e-1,7.84313725490196068e-2,1.76470588235294101e-1,4.38613444566726685e-1,2.19306722283363342e-1,-3.80035657435655594e-2,-1.90017828717827797e-2,4.38445210456848145e-1,2.19222605228424072e-1
43,5,4.31372549019607865e-1,7.84313725490196068e-2,1.76470588235294101e-1,2.10513472557067871e-1,1.05256736278533936e-1,-1.82399626413825566e-2,-9.11998132069127831e-3,2.10432723164558411e-1,1.05216361582279205e-1
43,6,5.09803921568627416e-1,7.84313725490196068e-2,1.76470588235294101e-1,-3.03028132766485214e-2,-1.51514066383242607e-2,2.62558014364910886e-3,1.31279007182455443e-3,-3.02911903709173203e-2,-1.51455951854586601e-2
43,7,5.88235294117647078e-1,7.84313725490196068e-2,1.76470588235294101e-1,-2.69288629293441772e-1,-1.34644314646720886e-1,2.33325663430150598e-2,1.16662831715075299e-2,-2.69185334444046021e-1,-1.34592667222023010e-1
43,8,6.66666666666666630e-1,7.84313725490196068e-2,1.76470588235294101e-1,-4.92007732391357422e-1,-2.46003866195678711e-1,4.26300217397511116e-2,2.13150108698755558e-2,-4.91818994283676147e-1,-2.45909497141838074e-1
43,9,7.45098039215686292e-1,7.84313725490196068e-2,1.76470588235294101e-1,-6.85006558895111084e-1,-3.42503279447555542e-1,5.93521121889352687e-2,2.96760560944676344e-2,-6.84743821620941162e-1,-3.42371910810470581e-1
43,10,8.23529411764705843e-1,7.84313725490196068e-2,1.76470588235294101e-1,-8.36627006530761719e-1,-4.18313503265380859e-1,7.24872853606939316e-2,3.62436426803469658e-2,-8.36306095123291016e-1,-4.18153047561645508e-1
43,11,9.01960784313725505e-1,7.84313725490196068e-2,1.76470588235294101e-1,-9.37711656093597412e-1,-4.68855828046798706e-1,8.12285073101520483e-2,4.06142536550760241e-2,-9.37352061271667480e-1,-4.68676030635833740e-1
43,12,9.80392156862745057e-1,5.88235294117647189e-2,1.32352941176470618e-1,-9.82166409492492676e-1,-4.91083204746246338e-1,6.37647869065403883e-2,3.18823934532701941e-2,-9.81790006160736084e-1,-4.90895003080368042e-1
44,0,3.92156862745098034e-2,7.84313725490196068e-2,1.76470588235294101e-1,9.76182579994201660e-1,4.88091289997100830e-1,-8.45814663916826248e-2,-4.22907331958413124e-2,9.75808143615722656e-1,4.87904071807861328e-1
44,1,1.17647058823529410e-1,7.84313725490196068e-2,1.76470588235294101e-1,9.17215108871459961e-1,4.58607554435729980e-1,-7.94724315404891912e-2,-3.97362157702445956e-2,9.16863262653350830e-1,4.58431631326675415e-1
44,2,1.96078431372549017e-1,7.84313725490196068e-2,1.76470588235294101e-1,8.02842020988464355e-1,4.01421010494232178e-1,-6.95613758638501112e-2,-3.47806879319250556e-2,8.02534043788909912e-1,4.01267021894454956e-1
44,3,2.74509803921568651e-1,7.84313725490196068e-2,1.76470588235294101e-1,6.39972984790802002e-1,3.19986492395401001e-1,-5.54511275142431370e-2,-2.77255637571215685e-2,6.39727473258972168e-1,3.19863736629486084e-1
44,4,3.52941176470588203e-1,7.84313725490196068e-2,1.76470588235294101e-1,4.38445210456848145e-1,2.19222605228424072e-1,-3.79890101496130339e-2,-1.89945050748065170e-2,4.38277035951614380e-1,2.19138517975807190e-1
44,5,4.31372549019607865e-1,7.84313725490196068e-2,1.76470588235294101e-1,2.10432723164558411e-1,1.05216361582279205e-1,-1.82329520175699145e-2,-9.11647600878495723e-3,2.10352003574371338e-1,1.05176001787185669e-1
44,6,5.09803921568627416e-1,7.84313725490196068e-2,1.76470588235294101e-1,-3.02911903709173203e-2,-1.51455951854586601e-2,2.62457557255402207e-3,1.31228778627701104e-3,-3.02795711904764175e-2,-1.51397855952382088e-2
44,7,5.88235294117647078e-1,7.84313725490196068e-2,1.76470588235294101e-1,-2.69185334444046021e-1,-1.34592667222023010e-1,2.33236320724245494e-2,1.16618160362122747e-2,-2.69082069396972656e-1,-1.34541034698486328e-1
44,8,6.66666666666666630e-1,7.84313725490196068e-2,1.76470588235294101e-1,-4.91818994283676147e-1,-2.45909497141838074e-1,4.26136066205799469e-2,2.13068033102899734e-2,-4.91630345582962036e-1,-2.45815172791481018e-1
44,9,7.45098039215686292e-1,7.84313725490196068e-2,1.76470588235294101e-1,-6.84743821620941162e-1,-3.42371910810470581e-1,5.93294131569564176e-2,2.96647065784782088e-2,-6.84481143951416016e-1,-3.42240571975708008e-1
44,10,8.23529411764705843e-1,7.84313725490196068e-2,1.76470588235294101e-1,-8.36306095123291016e-1,-4.18153047561645508e-1,7.24593283608555849e-2,3.62296641804277925e-2,-8.35985302925109863e-1,-4.17992651462554932e-1
44,11,9.01960784313725505e-1,7.84313725490196068e-2,1.76470588235294101e-1,-9.37352061271667480e-1,-4.68676030635833740e-1,8.11971304938197136e-2,4.05985652469098568e-2,-9.36992585659027100e-1,-4.68496292829513550e-1
44,12,9.80392156862745057e-1,5.88235294117647189e-2,1.32352941176470618e-1,-9.81790006160736084e-1,-4.90895003080368042e-1,6.37406772002577782e-2,3.18703386001288891e-2,-9.81413781642913818e-1,-4.90706890821456909e-1
45,0,3.92156862745098034e-2,7.84313725490196068e-2,1.76470588235294101e-1,9.75808143615722656e-1,4.87904071807861328e-1,-8.45490636304020854e-2,-4.22745318152010427e-2,9.75433826446533203e-1,4.87716913223266602e-1
45,1,1.17647058823529410e-1,7.84313725490196068e-2,1.76470588235294101e-1,9.16863262653350830e-1,4.58431631326675415e-1,-7.94419096782803397e-2,-3.97209548391401698e-2,9.16511595249176025e-1,4.58255797624588013e-1
45,2,1.96078431372549017e-1,7.84313725490196068e-2,1.76470588235294101e-1,8.02534043788909912e-1,4.01267021894454956e-1,-6.95347012951970100e-2,-3.47673506475985050e-2,8.02226185798645020e-1,4.01113092899322510e-1
45,3,2.74509803921568651e-1,7.84313725490196068e-2,1.76470588235294101e-1,6.39727473258972168e-1,3.19863736629486084e-1,-5.54297964088618922e-2,-2.77148982044309461e-2,6.39482080936431885e-1,3.19741040468215942e-1
45,4,3.52941176470588203e-1,7.84313725490196068e-2,1.76470588235294101e-1,4.38277035951614380e-1,2.19138517975807190e-1,-3.79744973033666611e-2,-1.89872486516833305e-2,4.38108921051025391e-1,2.19054460525512695e-1
45,5,4.31372549019607865e-1,7.84313725490196068e-2,1.76470588235294101e-1,2.10352003574371338e-1,1.05176001787185669e-1,-1.82259467372204997e-2,-9.11297336861024987e-3,2.10271313786506653e-1,1.05135656893253326e-1
45,6,5.09803921568627416e-1,7.84313725490196068e-2,1.76470588235294101e-1,-3.02795711904764175e-2,-1.51397855952382088e-2,2.62358168838544570e-3,1.31179084419272285e-3,-3.02679557353258133e-2,-1.51339778676629066e-2
45,7,5.88235294117647078e-1,7.84313725490196068e-2,1.76470588235294101e-1,-2.69082069396972656e-1,-1.34541034698486328e-1,2.33146497106645478e-2,1.16573248553322739e-2,-2.68978863954544067e-1,-1.34489431977272034e-1
45,8,6.66666666666666630e-1,7.84313725490196068e-2,1.76470588235294101e-1,-4.91630345582962036e-1,-2.45815172791481018e-1,4.25973197445273510e-2,2.12986598722636755e-2,-4.91441756486892700e-1,-2.45720878243446350e-1
45,9,7.45098039215686292e-1,7.84313725490196068e-2,1.76470588235294101e-1,-6.84481143951416016e-1,-3.42240571975708008e-1,5.93065858818590252e-2,2.96532929409295126e-2,-6.84218585491180420e-1,-3.42109292745590210e-1
45,10,8.23529411764705843e-1,7.84313725490196068e-2,1.76470588235294101e-1,-8.35985302925109863e-1,-4.17992651462554932e-1,7.24314568564295991e-2,3.62157284282147995e-2,-8.35664629936218262e-1,-4.17832314968109131e-1
45,11,9.01960784313725505e-1,7.84313725490196068e-2,1.76470588235294101e-1,-9.36992585659027100e-1,-4.68496292829513550e-1,8.11656681820750042e-2,4.05828340910375021e-2,-9.36633229255676270e-1,-4.68316614627838135e-1
45,12,9.80392156862745057e-1,5.88235294117647189e-2,1.32352941176470618e-1,-9.81413781642913818e-1,-4.90706890821456909e-1,6.37166529893875150e-2,3.18583264946937575e-2,-9.81037676334381104e-1,-4.90518838167190552e-1
46,0,3.92156862745098034e-2,7.84313725490196068e-2,1.76470588235294101e-1,9.75433826446533203e-1,4.87716913223266602e-1,-8.45165753737091990e-2,-4.22582876868545995e-2,9.75059688091278076e-1,4.87529844045639038e-1
46,1,1.17647058823529410e-1,7.84313725490196068e-2,1.76470588235294101e-1,9.16511595249176025e-1,4.58255797624588013e-1,-7.94115588068961958e-2,-3.97057794034480979e-2,9.16160047054290771e-1,4.58080023527145386e-1
46,2,1.96078431372549017e-1,7.84313725490196068e-2,1.76470588235294101e-1,8.02226185798645020e-1,4.01113092899322510e-1,-6.95079412311315759e-2,-3.47539706155657879e-2,8.01918447017669678e-1,4.00959223508834839e-1
46,3,2.74509803921568651e-1,7.84313725490196068e-2,1.76470588235294101e-1,6.39482080936431885e-1,3.19741040468215942e-1,-5.54085507988929804e-2,-2.77042753994464902e-2,6.39236807823181152e-1,3.19618403911590576e-1
46,4,3.52941176470588203e-1,7.84313725490196068e-2,1.76470588235294101e-1,4.38108921051025391e-1,2.19054460525512695e-1,-3.79599417094140801e-2,-1.89799708547070400e-2,4.37940865755081177e-1,2.18970432877540588e-1
46,5,4.31372549019607865e-1,7.84313725490196068e-2,1.76470588235294101e-1,2.10271313786506653e-1,1.05135656893253326e-1,-1.82189468003344235e-2,-9.10947340016721174e-3,2.10190653800964355e-1,1.05095326900482178e-1
46,6,5.09803921568627416e-1,7.84313725490196068e-2,1.76470588235294101e-1,-3.02679557353258133e-2,-1.51339778676629066e-2,2.62255574343728259e-3,1.31127787171864130e-3,-3.02563458681106567e-2,-1.51281729340553284e-2
46,7,5.88235294117647078e-1,7.84313725490196068e-2,1.76470588235294101e-1,-2.68978863954544067e-1,-1.34489431977272034e-1,2.33057475008536241e-2,1.16528737504268121e-2,-2.68875688314437866e-1,-1.34437844157218933e-1
46,8,6.66666666666666630e-1,7.84313725490196068e-2,1.76470588235294101e-1,-4.91441756486892700e-1,-2.45720878243446350e-1,4.25809473730623389e-2,2.12904736865311695e-2,-4.91253256797790527e-1,-2.45626628398895264e-1
46,9,7.45098039215686292e-1,7.84313725490196068e-2,1.76470588235294101e-1,-6.84218585491180420e-1,-3.42109292745590210e-1,5.92838441021740492e-2,2.96419220510870246e-2,-6.83956146240234375e-1,-3.41978073120117188e-1
46,10,8.23529411764705843e-1,7.84313725490196068e-2,1.76470588235294101e-1,-8.35664629936218262e-1,-4.17832314968109131e-1,7.24035853520035855e-2,3.62017926760017927e-2,-8.35344076156616211e-1,-4.17672038078308105e-1
46,11,9.01960784313725505e-1,7.84313725490196068e-2,1.76470588235294101e-1,-9.36633229255676270e-1,-4.68316614627838135e-1,8.11342058703303365e-2,4.05671029351651682e-2,-9.36274051666259766e-1,-4.68137025833129883e-1
46,12,9.80392156862745057e-1,5.88235294117647189e-2,1.32352941176470618e-1,-9.81037676334381104e-1,-4.90518838167190552e-1,6.36926287785172379e-2,3.18463143892586190e-2,-9.80661690235137939e-1,-4.90330845117568970e-1
47,0,3.92156862745098034e-2,7.84313725490196068e-2,1.76470588235294101e-1,9.75059688091278076e-1,4.87529844045639038e-1,-8.44841726124286596e-2,-4.22420863062143298e-2,9.74685668945312500e-1,4.87342834472656250e-1
47,1,1.17647058823529410e-1,7.84313725490196068e-2,1.76470588235294101e-1,9.16160047054290771e-1,4.58080023527145386e-1,-7.93811224400997051e-2,-3.96905612200498525e-2,9.15808618068695068e-1,4.57904309034347534e-1
47,2,1.96078431372549017e-1,7.84313725490196068e-2,1.76470588235294101e-1,8.01918447017669678e-1,4.00959223508834839e-1,-6.94811811670661139e-2,-3.47405905835330570e-2,8.01610827445983887e-1,4.00805413722991943e-1
47,3,2.74509803921568651e-1,7.84313725490196068e-2,1.76470588235294101e-1,6.39236807823181152e-1,3.19618403911590576e-1,-5.53873906843364017e-2,-2.76936953421682008e-2,6.38991594314575195e-1,3.19495797157287598e-1
47,4,3.52941176470588203e-1,7.84313725490196068e-2,1.76470588235294101e-1,4.37940865755081177e-1,2.18970432877540588e-1,-3.79453433677554020e-2,-1.89726716838777010e-2,4.37772870063781738e-1,2.18886435031890869e-1
47,5,4.31372549019607865e-1,7.84313725490196068e-2,1.76470588235294101e-1,2.10190653800964355e-1,1.05095326900482178e-1,-1.82119548786431884e-2,-9.10597743932159420e-3,2.10110023617744446e-1,1.05055011808872223e-1
47,6,5.09803921568627416e-1,7.84313725490196068e-2,1.76470588235294101e-1,-3.02563458681106567e-2,-1.51281729340553284e-2,2.62154582887891285e-3,1.31077291443945643e-3,-3.02447397261857986e-2,-1.51223698630928993e-2
47,7,5.88235294117647078e-1,7.84313725490196068e-2,1.76470588235294101e-1,-2.68875688314437866e-1,-1.34437844157218933e-1,2.32967945281415956e-2,1.16483972640707978e-2,-2.68772542476654053e-1,-1.34386271238327026e-1
47,8,6.66666666666666630e-1,7.84313725490196068e-2,1.76470588235294101e-1,-4.91253256797790527e-1,-2.45626628398895264e-1,4.25646177493035904e-2,2.12823088746517952e-2,-4.91064816713333130e-1,-2.45532408356666565e-1
47,9,7.45098039215686292e-1,7.84313725490196068e-2,1.76470588235294101e-1,-6.83956146240234375e-1,-3.41978073120117188e-1,5.92611450701951703e-2,2.96305725350975852e-2,-6.83693766593933105e-1,-3.41846883296966553e-1
47,10,8.23529411764705843e-1,7.84313725490196068e-2,1.76470588235294101e-1,-8.35344076156616211e-1,-4.17672038078308105e-1,7.23756283521652388e-2,3.61878141760826194e-2,-8.35023641586303711e-1,-4.17511820793151855e-1
47,11,9.01960784313725505e-1,7.84313725490196068e-2,1.76470588235294101e-1,-9.36274051666259766e-1,-4.68137025833129883e-1,8.11029145494103348e-2,4.05514572747051674e-2,-9.35914993286132812e-1,-4.67957496643066406e-1
47,12,9.80392156862745057e-1,5.88235294117647189e-2,1.32352941176470618e-1,-9.80661690235137939e-1,-4.90330845117568970e-1,6.36685190722346278e-2,3.18342595361173139e-2,-9.80285882949829102e-1,-4.90142941474914551e-1
48,0,3.92156862745098034e-2,7.84313725490196068e-2,1.76470588235294101e-1,9.74685668945312500e-1,4.87342834472656250e-1,-8.44517698511481202e-2,-4.22258849255740601e-2,9.74311769008636475e-1,4.87155884504318237e-1
48,1,1.17647058823529410e-1,7.84313725490196068e-2,1.76470588235294101e-1,9.15808618068695068e-1,4.57904309034347534e-1,-7.93506860733032143e-2,-3.96753430366516072e-2,9.15457308292388916e-1,4.57728654146194458e-1
48,2,1.96078431372549017e-1,7.84313725490196068e-2,1.76470588235294101e-1,8.01610827445983887e-1,4.00805413722991943e-1,-6.94545065984130128e-2,-3.47272532992065064e-2,8.01303327083587646e-1,4.00651663541793823e-1
48,3,2.74509803921568651e-1,7.84313725490196068e-2,1.76470588235294101e-1,6.38991594314575195e-1,3.19495797157287598e-1,-5.53661450743675176e-2,-2.76830725371837588e-2,6.38746500015258789e-1,3.19373250007629395e-1
48,4,3.52941176470588203e-1,7.84313725490196068e-2,1.76470588235294101e-1,4.37772870063781738e-1,2.18886435031890869e-1,-3.79307877738028765e-2,-1.89653938869014382e-2,4.37604933977127075e-1,2.18802466988563538e-1
48,5,4.31372549019607865e-1,7.84313725490196068e-2,1.76470588235294101e-1,2.10110023617744446e-1,1.05055011808872223e-1,-1.82049683004151808e-2,-9.10248415020759039e-3,2.10029423236846924e-1,1.05014711618423462e-1
48,6,5.09803921568627416e-1,7.84313725490196068e-2,1.76470588235294101e-1,-3.02447397261857986e-2,-1.51223698630928993e-2,2.62054660124705352e-3,1.31027330062352676e-3,-3.02331391721963882e-2,-1.51165695860981941e-2
48,7,5.88235294117647078e-1,7.84313725490196068e-2,1.76470588235294101e-1,-2.68772542476654053e-1,-1.34386271238327026e-1,2.32878362119663396e-2,1.16439181059831698e-2,-2.68669456243515015e-1,-1.34334728121757507e-1
48,8,6.66666666666666630e-1,7.84313725490196068e-2,1.76470588235294101e-1,-4.91064816713333130e-1,-2.45532408356666565e-1,4.25483308732509391e-2,2.12741654366254695e-2,-4.90876466035842896e-1,-2.45438233017921448e-1
48,9,7.45098039215686292e-1,7.84313725490196068e-2,1.76470588235294101e-1,-6.83693766593933105e-1,-3.41846883296966553e-1,5.92383605428040139e-2,2.96191802714020069e-2,-6.83431506156921387e-1,-3.41715753078460693e-1
48,10,8.23529411764705843e-1,7.84313725490196068e-2,1.76470588235294101e-1,-8.35023641586303711e-1,-4.17511820793151855e-1,7.23477568477392252e-2,3.61738784238696126e-2,-8.34703326225280762e-1,-4.17351663112640381e-1
48,11,9.01960784313725505e-1,7.84313725490196068e-2,1.76470588235294101e-1,-9.35914993286132812e-1,-4.67957496643066406e-1,8.10715377330779863e-2,4.05357688665389931e-2,-9.35556054115295410e-1,-4.67778027057647705e-1
48,12,9.80392156862745057e-1,5.88235294117647189e-2,1.32352941176470618e-1,-9.80285882949829102e-1,-4.90142941474914551e-1,6.36444948613643646e-2,3.18222474306821823e-2,-9.79910194873809814e-1,-4.89955097436904907e-1
49,0,3.92156862745098034e-2,7.84313725490196068e-2,1.76470588235294101e-1,9.74311769008636475e-1,4.87155884504318237e-1,-8.44193670898675946e-2,-4.22096835449337973e-2,9.73938047885894775e-1,4.86969023942947388e-1
49,1,1.17647058823529410e-1,7.84313725490196068e-2,1.76470588235294101e-1,9.15457308292388916e-1,4.57728654146194458e-1,-7.93202497065067097e-2,-3.96601248532533548e-2,9.15106177330017090e-1,4.57553088665008545e-1
49,2,1.96078431372549017e-1,7.84313725490196068e-2,1.76470588235294101e-1,8.01303327083587646e-1,4.00651663541793823e-1,-6.94278320297598839e-2,-3.47139160148799419e-2,8.00995945930480957e-1,4.00497972965240479e-1
49,3,2.74509803921568651e-1,7.84313725490196068e-2,1.76470588235294101e-1,6.38746500015258789e-1,3.19373250007629395e-1,-5.53449849598109667e-2,-2.76724924799054833e-2,6.38501465320587158e-1,3.19250732660293579e-1
49,4,3.52941176470588203e-1,7.84313725490196068e-2,1.76470588235294101e-1,4.37604933977127075e-1,2.18802466988563538e-1,-3.79161894321441983e-2,-1.89580947160720992e-2,4.37437087297439575e-1,2.18718543648719788e-1
49,5,4.31372549019607865e-1,7.84313725490196068e-2,1.76470588235294101e-1,2.10029423236846924e-1,1.05014711618423462e-1,-1.81979897373821253e-2,-9.09899486869106267e-3,2.09948852658271790e-1,1.04974426329135895e-1
49,6,5.09803921568627416e-1,7.84313725490196068e-2,1.76470588235294101e-1,-3.02331391721963882e-2,-1.51165695860981941e-2,2.61952065629883490e-3,1.30976032814941745e-3,-3.02215423434972763e-2,-1.51107711717486382e-2
49,7,5.88235294117647078e-1,7.84313725490196068e-2,1.76470588235294101e-1,-2.68669456243515015e-1,-1.34334728121757507e-1,2.32789126283023395e-2,1.16394563141511698e-2,-2.68566399812698364e-1,-1.34283199906349182e-1
49,8,6.66666666666666630e-1,7.84313725490196068e-2,1.76470588235294101e-1,-4.90876466035842896e-1,-2.45438233017921448e-1,4.25320439971983433e-2,2.12660219985991716e-2,-4.90688174962997437e-1,-2.45344087481498718e-1
49,9,7.45098039215686292e-1,7.84313725490196068e-2,1.76470588235294101e-1,-6.83431506156921387e-1,-3.41715753078460693e-1,5.92156187631189823e-2,2.96078093815594912e-2,-6.83169364929199219e-1,-3.41584682464599609e-1
49,10,8.23529411764705843e-1,7.84313725490196068e-2,1.76470588235294101e-1,-8.34703326225280762e-1,-4.17351663112640381e-1,7.23198853433132116e-2,3.61599426716566058e-2,-8.34383189678192139e-1,-4.17191594839096069e-1
49,11,9.01960784313725505e-1,7.84313725490196068e-2,1.76470588235294101e-1,-9.35556054115295410e-1,-4.67778027057647705e-1,8.10401609167456655e-2,4.05200804583728327e-2,-9.35197293758392334e-1,-4.67598646879196167e-1
49,12,9.80392156862745057e-1,5.88235294117647189e-2,1.32352941176470618e-1,-9.79910194873809814e-1,-4.89955097436904907e-1,6.36204706504941014e-2,3.18102353252470507e-2,-9.79534685611724854e-1,-4.89767342805862427e-1
50,0,3.92156862745098034e-2,7.84313725490196068e-2,1.76470588235294101e-1,9.73938047885894775e-1,4.86969023942947388e-1,-8.43869643285870552e-2,-4.21934821642935276e-2,9.73564445972442627e-1,4.86782222986221313e-1
50,1,1.17647058823529410e-1,7.84313725490196068e-2,1.76470588235294101e-1,9.15106177330017090e-1,4.57553088665008545e-1,-7.92898988351225797e-2,-3.96449494175612899e-2,9.14755165576934814e-1,4.57377582788467407e-1
50,2,1.96078431372549017e-1,7.84313725490196068e-2,1.76470588235294101e-1,8.00995945930480957e-1,4.00497972965240479e-1,-6.94011574611067827e-2,-3.47005787305533914e-2,8.00688683986663818e-1,4.00344341993331909e-1
50,3,2.74509803921568651e-1,7.84313725490196068e-2,1.76470588235294101e-1,6.38501465320587158e-1,3.19250732660293579e-1,-5.53236966021358745e-2,-2.76618483010679372e-2,6.38256549835205078e-1,3.19128274917602539e-1
50,4,3.52941176470588203e-1,7.84313725490196068e-2,1.76470588235294101e-1,4.37437087297439575e-1,2.18718543648719788e-1,-3.79017193336039782e-2,-1.89508596668019891e-2,4.37269300222396851e-1,2.18634650111198425e-1
50,5,4.31372549019607865e-1,7.84313725490196068e-2,1.76470588235294101e-1,2.09948852658271790e-1,1.04974426329135895e-1,-1.81909737701062002e-2,-9.09548688505310010e-3,2.09868326783180237e-1,1.04934163391590118e-1
50,6,5.09803921568627416e-1,7.84313725490196068e-2,1.76470588235294101e-1,-3.02215423434972763e-2,-1.51107711717486382e-2,2.61850539827718221e-3,1.30925269913859110e-3,-3.02099492400884628e-2,-1.51049746200442314e-2
50,7,5.88235294117647078e-1,7.84313725490196068e-2,1.76470588235294101e-1,-2.68566399812698364e-1,-1.34283199906349182e-1,2.32699837011750565e-2,1.16349918505875283e-2,-2.68463373184204102e-1,-1.34231686592102051e-1
50,8,6.66666666666666630e-1,7.84313725490196068e-2,1.76470588235294101e-1,-4.90688174962997437e-1,-2.45344087481498718e-1,4.25157143734395393e-2,2.12578571867197696e-2,-4.90499943494796753e-1,-2.45249971747398376e-1
50,9,7.45098039215686292e-1,7.84313725490196068e-2,1.76470588235294101e-1,-6.83169364929199219e-1,-3.41584682464599609e-1,5.91928769834339785e-2,2.95964384917169893e-2,-6.82907342910766602e-1,-3.41453671455383301e-1
50,10,8.23529411764705843e-1,7.84313725490196068e-2,1.76470588235294101e-1,-8.34383189678192139e-1,-4.17191594839096069e-1,7.22920993342995588e-2,3.61460496671497794e-2,-8.34063172340393066e-1,-4.17031586170196533e-1
50,11,9.01960784313725505e-1,7.84313725490196068e-2,1.76470588235294101e-1,-9.35197293758392334e-1,-4.67598646879196167e-1,8.10087841004133308e-2,4.05043920502066654e-2,-9.34838652610778809e-1,-4.67419326305389404e-1
50,12,9.80392156862745057e-1,5.88235294117647189e-2,1.32352941176470618e-1,-9.79534685611724854e-1,-4.89767342805862427e-1,6.35964464396238244e-2,3.17982232198119122e-2,-9.79159295558929443e-1,-4.89579647779464722e-1
51,0,3.92156862745098034e-2,7.84313725490196068e-2,1.76470588235294101e-1,9.73564445972442627e-1,4.86782222986221313e-1,-8.43545615673065158e-2,-4.21772807836532579e-2,9.73191022872924805e-1,4.86595511436462402e-1
51,1,1.17647058823529410e-1,7.84313725490196068e-2,1.76470588235294101e-1,9.14755165576934814e-1,4.57377582788467407e-1,-7.92595479637384498e-2,-3.96297739818692249e-2,9.14404273033142090e-1,4.57202136516571045e-1
51,2,1.96078431372549017e-1,7.84313725490196068e-2,1.76470588235294101e-1,8.00688683986663818e-1,4.00344341993331909e-1,-6.93744828924536538e-2,-3.46872414462268269e-2,8.00381541252136230e-1,4.00190770626068115e-1
51,3,2.74509803921568651e-1,7.84313725490196068e-2,1.76470588235294101e-1,6.38256549835205078e-1,3.19128274917602539e-1,-5.53024937398731709e-2,-2.76512468699365854e-2,6.38011693954467773e-1,3.19005846977233887e-1
51,4,3.52941176470588203e-1,7.84313725490196068e-2,1.76470588235294101e-1,4.37269300222396851e-1,2.18634650111198425e-1,-3.78871851135045290e-2,-1.89435925567522645e-2,4.37101572751998901e-1,2.18550786375999451e-1
51,5,4.31372549019607865e-1,7.84313725490196068e-2,1.76470588235294101e-1,2.09868326783180237e-1,1.04934163391590118e-1,-1.81840058939997107e-2,-9.09200294699985534e-3,2.09787830710411072e-1,1.04893915355205536e-1
51,6,5.09803921568627416e-1,7.84313725490196068e-2,1.76470588235294101e-1,-3.02099492400884628e-2,-1.51049746200442314e-2,2.61752220103517175e-3,1.30876110051758587e-3,-3.01983617246150970e-2,-1.50991808623075485e-2
51,7,5.88235294117647078e-1,7.84313725490196068e-2,1.76470588235294101e-1,-2.68463373184204102e-1,-1.34231686592102051e-1,2.32610494305845461e-2,1.16305247152922731e-2,-2.68360406160354614e-1,-1.34180203080177307e-1
51,8,6.66666666666666630e-1,7.84313725490196068e-2,1.76470588235294101e-1,-4.90499943494796753e-1,-2.45249971747398376e-1,4.24993420019745827e-2,2.12496710009872913e-2,-4.90311801433563232e-1,-2.45155900716781616e-1
51,9,7.45098039215686292e-1,7.84313725490196068e-2,1.76470588235294101e-1,-6.82907342910766602e-1,-3.41453671455383301e-1,5.91702206991612800e-2,2.95851103495806400e-2,-6.82645380496978760e-1,-3.41322690248489380e-1
51,10,8.23529411764705843e-1,7.84313725490196068e-2,1.76470588235294101e-1,-8.34063172340393066e-1,-4.17031586170196533e-1,7.22643133252859060e-2,3.61321566626429530e-2,-8.33743274211883545e-1,-4.16871637105941772e-1
51,11,9.01960784313725505e-1,7.84313725490196068e-2,1.76470588235294101e-1,-9.34838652610778809e-1,-4.67419326305389404e-1,8.09774072840809822e-2,4.04887036420404911e-2,-9.34480130672454834e-1,-4.67240065336227417e-1
51,12,9.80392156862745057e-1,5.88235294117647189e-2,1.32352941176470618e-1,-9.79159295558929443e-1,-4.89579647779464722e-1,6.35724222287535612e-2,3.17862111143767806e-2,-9.78784024715423584e-1,-4.89392012357711792e-1
52,0,3.92156862745098034e-2,7.84313725490196068e-2,1.76470588235294101e-1,9.73191022872924805e-1,4.86595511436462402e-1,-8.43222443014383233e-2,-4.21611221507191616e-2,9.72817718982696533e-1,4.86408859491348267e-1
52,1,1.17647058823529410e-1,7.84313725490196068e-2,1.76470588235294101e-1,9.14404273033142090e-1,4.57202136516571045e-1,-7.92291115969419452e-2,-3.96145557984709726e-2,9.14053499698638916e-1,4.57026749849319458e-1
52,2,1.96078431372549017e-1,7.84313725490196068e-2,1.76470588235294101e-1,8.00381541252136230e-1,4.00190770626068115e-1,-6.93478938192129135e-2,-3.46739469096064568e-2,8.00074517726898193e-1,4.00037258863449097e-1
52,3,2.74509803921568651e-1,7.84313725490196068e-2,1.76470588235294101e-1,6.38011693954467773e-1,3.19005846977233887e-1,-5.52812053821981064e-2,-2.76406026910990532e-2,6.37766957283020020e-1,3.18883478641510010e-1
52,4,3.52941176470588203e-1,7.84313725490196068e-2,1.76470588235294101e-1,4.37101572751998901e-1,2.18550786375999451e-1,-3.78726936411112325e-2,-1.89363468205556162e-2,4.36933904886245728e-1,2.18466952443122864e-1
52,5,4.31372549019607865e-1,7.84313725490196068e-2,1.76470588235294101e-1,2.09787830710411072e-1,1.04893915355205536e-1,-1.81770460330881178e-2,-9.08852301654405892e-3,2.09707364439964294e-1,1.04853682219982147e-1
52,6,5.09803921568627416e-1,7.84313725490196068e-2,1.76470588235294101e-1,-3.01983617246150970e-2,-1.50991808623075485e-2,2.61651228647680201e-3,1.30825614323840100e-3,-3.01867779344320297e-2,-1.50933889672160149e-2
52,7,5.88235294117647078e-1,7.84313725490196068e-2,1.76470588235294101e-1,-2.68360406160354614e-1,-1.34180203080177307e-1,2.32521498925052361e-2,1.16260749462526181e-2,-2.68257468938827515e-1,-1.34128734469413757e-1
52,8,6.66666666666666630e-1,7.84313725490196068e-2,1.76470588235294101e-1,-4.90311801433563232e-1,-2.45155900716781616e-1,4.24830551259219868e-2,2.12415275629609934e-2,-4.90123718976974487e-1,-2.45061859488487244e-1
52,9,7.45098039215686292e-1,7.84313725490196068e-2,1.76470588235294101e-1,-6.82645380496978760e-1,-3.41322690248489380e-1,5.91474361717700681e-2,2.95737180858850340e-2,-6.82383537292480469e-1,-3.41191768646240234e-1
52,10,8.23529411764705843e-1,7.84313725490196068e-2,1.76470588235294101e-1,-8.33743274211883545e-1,-4.16871637105941772e-1,7.22366128116846140e-2,3.61183064058423070e-2,-8.33423495292663574e-1,-4.16711747646331787e-1
52,11,9.01960784313725505e-1,7.84313725490196068e-2,1.76470588235294101e-1,-9.34480130672454834e-1,-4.67240065336227417e-1,8.09460304677486336e-2,4.04730152338743168e-2,-9.34121787548065186e-1,-4.67060893774032593e-1
52,12,9.80392156862745057e-1,5.88235294117647189e-2,1.32352941176470618e-1,-9.78784024715423584e-1,-4.89392012357711792e-1,6.35483980178832980e-2,3.17741990089416490e-2,-9.78408932685852051e-1,-4.89204466342926025e-1
53,0,3.92156862745098034e-2,7.84313725490196068e-2,1.76470588235294101e-1,9.72817718982696533e-1,4.86408859491348267e-1,-8.42899270355701447e-2,-4.21449635177850723e-2,9.72444534301757812e-1,4.86222267150878906e-1
53,1,1.17647058823529410e-1,7.84313725490196068e-2,1.76470588235294101e-1,9.14053499698638916e-1,4.57026749849319458e-1,-7.91986752301454544e-2,-3.95993376150727272e-2,9.13702905178070068e-1,4.56851452589035034e-1
53,2,1.96078431372549017e-1,7.84313725490196068e-2,1.76470588235294101e-1,8.00074517726898193e-1,4.00037258863449097e-1,-6.93213047459721454e-2,-3.46606523729860727e-2,7.99767613410949707e-1,3.99883806705474854e-1
53,3,2.74509803921568651e-1,7.84313725490196068e-2,1.76470588235294101e-1,6.37766957283020020e-1,3.18883478641510010e-1,-5.52600025199353473e-2,-2.76300012599676736e-2,6.37522339820861816e-1,3.18761169910430908e-1
53,4,3.52941176470588203e-1,7.84313725490196068e-2,1.76470588235294101e-1,4.36933904886245728e-1,2.18466952443122864e-1,-3.78581594210118388e-2,-1.89290797105059194e-2,4.36766296625137329e-1,2.18383148312568665e-1
53,5,4.31372549019607865e-1,7.84313725490196068e-2,1.76470588235294101e-1,2.09707364439964294e-1,1.04853682219982147e-1,-1.81700915156398080e-2,-9.08504575781990398e-3,2.09626927971839905e-1,1.04813463985919952e-1
53,6,5.09803921568627416e-1,7.84313725490196068e-2,1.76470588235294101e-1,-3.01867779344320297e-2,-1.50933889672160149e-2,2.61551305884499818e-3,1.30775652942249909e-3,-3.01751997321844101e-2,-1.50875998660922050e-2
53,7,5.88235294117647078e-1,7.84313725490196068e-2,1.76470588235294101e-1,-2.68257468938827515e-1,-1.34128734469413757e-1,2.32432450109626987e-2,1.16216225054813493e-2,-2.68154561519622803e-1,-1.34077280759811401e-1
53,8,6.66666666666666630e-1,7.84313725490196068e-2,1.76470588235294101e-1,-4.90123718976974487e-1,-2.45061859488487244e-1,4.24667255021631829e-2,2.12333627510815914e-2,-4.89935725927352905e-1,-2.44967862963676453e-1
53,9,7.45098039215686292e-1,7.84313725490196068e-2,1.76470588235294101e-1,-6.82383537292480469e-1,-3.41191768646240234e-1,5.91247371397912169e-2,2.95623685698956085e-2,-6.82121813297271729e-1,-3.41060906648635864e-1
53,10,8.23529411764705843e-1,7.84313725490196068e-2,1.76470588235294101e-1,-8.33423495292663574e-1,-4.16711747646331787e-1,7.22088268026709612e-2,3.61044134013354806e-2,-8.33103835582733154e-1,-4.16551917791366577e-1
53,11,9.01960784313725505e-1,7.84313725490196068e-2,1.76470588235294101e-1,-9.34121787548065186e-1,-4.67060893774032593e-1,8.09147391468286459e-2,4.04573695734143229e-2,-9.33763563632965088e-1,-4.66881781816482544e-1
53,12,9.80392156862745057e-1,5.88235294117647189e-2,1.32352941176470618e-1,-9.78408932685852051e-1,-4.89204466342926025e-1,6.35243738070130348e-2,3.17621869035065174e-2,-9.78033959865570068e-1,-4.89016979932785034e-1
54,0,3.92156862745098034e-2,7.84313725490196068e-2,1.76470588235294101e-1,9.72444534301757812e-1,4.86222267150878906e-1,-8.42575242742896052e-2,-4.21287621371448026e-2,9.72071528434753418e-1,4.86035764217376709e-1
54,1,1.17647058823529410e-1,7.84313725490196068e-2,1.76470588235294101e-1,9.13702905178070068e-1,4.56851452589035034e-1,-7.91684098541736575e-2,-3.95842049270868288e-2,9.13352429866790771e-1,4.56676214933395386e-1
54,2,1.96078431372549017e-1,7.84313725490196068e-2,1.76470588235294101e-1,7.99767613410949707e-1,3.99883806705474854e-1,-6.92946301773190443e-2,-3.46473150886595221e-2,7.99460828304290771e-1,3.99730414152145386e-1
54,3,2.74509803921568651e-1,7.84313725490196068e-2,1.76470588235294101e-1,6.37522339820861816e-1,3.18761169910430908e-1,-5.52388851530850045e-2,-2.76194425765425022e-2,6.37277781963348389e-1,3.18638890981674194e-1
54,4,3.52941176470588203e-1,7.84313725490196068e-2,1.76470588235294101e-1,4.36766296625137329e-1,2.18383148312568665e-1,-3.78435824532061815e-2,-1.89217912266030908e-2,4.36598747968673706e-1,2.18299373984336853e-1
54,5,4.31372549019607865e-1,7.84313725490196068e-2,1.76470588235294101e-1,2.09626927971839905e-1,1.04813463985919952e-1,-1.81631450133863948e-2,-9.08157250669319738e-3,2.09546521306037903e-1,1.04773260653018951e-1
54,6,5.09803921568627416e-1,7.84313725490196068e-2,1.76470588235294101e-1,-3.01751997321844101e-2,-1.50875998660922050e-2,2.61452986160293221e-3,1.30726493080146611e-3,-3.01636252552270889e-2,-1.50818126276135445e-2
54,7,5.88235294117647078e-1,7.84313725490196068e-2,1.76470588235294101e-1,-2.68154561519622803e-1,-1.34077280759811401e-1,2.32342893665191119e-2,1.16171446832595560e-2,-2.68051713705062866e-1,-1.34025856852531433e-1
54,8,6.66666666666666630e-1,7.84313725490196068e-2,1.76470588235294101e-1,-4.89935725927352905e-1,-2.44967862963676453e-1,4.24504386261105315e-2,2.12252193130552658e-2,-4.89747792482376099e-1,-2.44873896241188049e-1
54,9,7.45098039215686292e-1,7.84313725490196068e-2,1.76470588235294101e-1,-6.82121813297271729e-1,-3.41060906648635864e-1,5.91020808555185739e-2,2.95510404277592870e-2,-6.81860148906707764e-1,-3.40930074453353882e-1
54,10,8.23529411764705843e-1,7.84313725490196068e-2,1.76470588235294101e-1,-8.33103835582733154e-1,-4.16551917791366577e-1,7.21810407936573084e-2,3.60905203968286542e-2,-8.32784295082092285e-1,-4.16392147541046143e-1
54,11,9.01960784313725505e-1,7.84313725490196068e-2,1.76470588235294101e-1,-9.33763563632965088e-1,-4.66881781816482544e-1,8.08834478259086581e-2,4.04417239129543291e-2,-9.33405458927154541e-1,-4.66702729463577271e-1
54,12,9.80392156862745057e-1,5.88235294117647189e-2,1.32352941176470618e-1,-9.78033959865570068e-1,-4.89016979932785034e-1,6.35003495961427716e-2,3.17501747980713858e-2,-9.77659106254577637e-1,-4.88829553127288818e-1
55,0,3.92156862745098034e-2,7.84313725490196068e-2,1.76470588235294101e-1,9.72071528434753418e-1,4.86035764217376709e-1,-8.42252070084214127e-2,-4.21126035042107064e-2,9.71698641777038574e-1,4.85849320888519287e-1
55,1,1.17647058823529410e-1,7.84313725490196068e-2,1.76470588235294101e-1,9.13352429866790771e-1,4.56676214933395386e-1,-7.91380589827895137e-2,-3.95690294913947568e-2,9.13002073764801025e-1,4.56501036882400513e-1
55,2,1.96078431372549017e-1,7.84313725490196068e-2,1.76470588235294101e-1,7.99460828304290771e-1,3.99730414152145386e-1,-6.92680411040783039e-2,-3.46340205520391520e-2,7.99154162406921387e-1,3.99577081203460693e-1
55,3,2.74509803921568651e-1,7.84313725490196068e-2,1.76470588235294101e-1,6.37277781963348389e-1,3.18638890981674194e-1,-5.52176822908222453e-2,-2.76088411454111227e-2,6.37033343315124512e-1,3.18516671657562256e-1
55,4,3.52941176470588203e-1,7.84313725490196068e-2,1.76470588235294101e-1,4.36598747968673706e-1,2.18299373984336853e-1,-3.78290482331067324e-2,-1.89145241165533662e-2,4.36431288719177246e-1,2.18215644359588623e-1
55,5,4.31372549019607865e-1,7.84313725490196068e-2,1.76470588235294101e-1,2.09546521306037903e-1,1.04773260653018951e-1,-1.81562038545962645e-2,-9.07810192729813226e-3,2.09466144442558289e-1,1.04733072221279144e-1
55,6,5.09803921568627416e-1,7.84313725490196068e-2,1.76470588235294101e-1,-3.01636252552270889e-2,-1.50818126276135445e-2,2.61351460358127952e-3,1.30675730179063976e-3,-3.01520545035600662e-2,-1.50760272517800331e-2
55,7,5.88235294117647078e-1,7.84313725490196068e-2,1.76470588235294101e-1,-2.68051713705062866e-1,-1.34025856852531433e-1,2.32254138740245475e-2,1.16127069370122737e-2,-2.67948895692825317e-1,-1.33974447846412659e-1
55,8,6.66666666666666630e-1,7.84313725490196068e-2,1.76470588235294101e-1,-4.89747792482376099e-1,-2.44873896241188049e-1,4.24341517500579357e-2,2.12170758750289679e-2,-4.89559918642044067e-1,-2.44779959321022034e-1
55,9,7.45098039215686292e-1,7.84313725490196068e-2,1.76470588235294101e-1,-6.81860148906707764e-1,-3.40930074453353882e-1,5.90793390758335424e-2,2.95396695379167712e-2,-6.81598603725433350e-1,-3.40799301862716675e-1
55,10,8.23529411764705843e-1,7.84313725490196068e-2,1.76470588235294101e-1,-8.32784295082092285e-1,-4.16392147541046143e-1,7.21533402800559887e-2,3.60766701400279943e-2,-8.32464873790740967e-1,-4.16232436895370483e-1
55,11,9.01960784313725505e-1,7.84313725490196068e-2,1.76470588235294101e-1,-9.33405458927154541e-1,-4.66702729463577271e-1,8.08521565049886842e-2,4.04260782524943421e-2,-9.33047533035278320e-1,-4.66523766517639160e-1
55,12,9.80392156862745057e-1,5.88235294117647189e-2,1.32352941176470618e-1,-9.77659106254577637e-1,-4.88829553127288818e-1,6.34763253852724946e-2,3.17381626926362473e-2,-9.77284431457519531e-1,-4.88642215728759766e-1
56,0,3.92156862745098034e-2,7.84313725490196068e-2,1.76470588235294101e-1,9.71698641777038574e-1,4.85849320888519287e-1,-8.41928897425532341e-2,-4.20964448712766171e-2,9.71325933933258057e-1,4.85662966966629028e-1
56,1,1.17647058823529410e-1,7.84313725490196068e-2,1.76470588235294101e-1,9.13002073764801025e-1,4.56501036882400513e-1,-7.91077081114053560e-2,-3.95538540557026780e-2,9.12651836872100830e-1,4.56325918436050415e-1
56,2,1.96078431372549017e-1,7.84313725490196068e-2,1.76470588235294101e-1,7.99154162406921387e-1,3.99577081203460693e-1,-6.92414520308375359e-2,-3.46207260154187679e-2,7.98847615718841553e-1,3.99423807859420776e-1
56,3,2.74509803921568651e-1,7.84313725490196068e-2,1.76470588235294101e-1,6.37033343315124512e-1,3.18516671657562256e-1,-5.51965221762657221e-2,-2.75982610881328611e-2,6.36788964271545410e-1,3.18394482135772705e-1
56,4,3.52941176470588203e-1,7.84313725490196068e-2,1.76470588235294101e-1,4.36431288719177246e-1,2.18215644359588623e-1,-3.78145567607134359e-2,-1.89072783803567179e-2,4.36263889074325562e-1,2.18131944537162781e-1
56,5,4.31372549019607865e-1,7.84313725490196068e-2,1.76470588235294101e-1,2.09466144442558289e-1,1.04733072221279144e-1,-1.81492252915632091e-2,-9.07461264578160454e-3,2.09385797381401062e-1,1.04692898690700531e-1
56,6,5.09803921568627416e-1,7.84313725490196068e-2,1.76470588235294101e-1,-3.01520545035600662e-2,-1.50760272517800331e-2,2.61251003248613722e-3,1.30625501624306861e-3,-3.01404893398284912e-2,-1.50702446699142456e-2
56,7,5.88235294117647078e-1,7.84313725490196068e-2,1.76470588235294101e-1,-2.67948895692825317e-1,-1.33974447846412659e-1,2.32165330380667001e-2,1.16082665190333501e-2,-2.67846107482910156e-1,-1.33923053741455078e-1
56,8,6.66666666666666630e-1,7.84313725490196068e-2,1.76470588235294101e-1,-4.89559918642044067e-1,-2.44779959321022034e-1,4.24178221262991872e-2,2.12089110631495936e-2,-4.89372134208679199e-1,-2.44686067104339600e-1
56,9,7.45098039215686292e-1,7.84313725490196068e-2,1.76470588235294101e-1,-6.81598603725433350e-1,-3.40799301862716675e-1,5.90566827915608716e-2,2.95283413957804358e-2,-6.81337177753448486e-1,-3.40668588876724243e-1
56,10,8.23529411764705843e-1,7.84313725490196068e-2,1.76470588235294101e-1,-8.32464873790740967e-1,-4.16232436895370483e-1,7.21255542710423359e-2,3.60627771355211679e-2,-8.32145571708679199e-1,-4.16072785854339600e-1
56,11,9.01960784313725505e-1,7.84313725490196068e-2,1.76470588235294101e-1,-9.33047533035278320e-1,-4.66523766517639160e-1,8.08209506794810295e-2,4.04104753397405148e-2,-9.32689726352691650e-1,-4.66344863176345825e-1
56,12,9.80392156862745057e-1,5.88235294117647189e-2,1.32352941176470618e-1,-9.77284431457519531e-1,-4.88642215728759766e-1,6.34523011744022314e-2,3.17261505872011157e-2,-9.76909875869750977e-1,-4.88454937934875488e-1
57,0,3.92156862745098034e-2,7.84313725490196068e-2,1.76470588235294101e-1,9.71325933933258057e-1,4.85662966966629028e-1,-8.41606579720973885e-2,-4.20803289860486943e-2,9.70953345298767090e-1,4.85476672649383545e-1
57,1,1.17647058823529410e-1,7.84313725490196068e-2,1.76470588235294101e-1,9.12651836872100830e-1,4.56325918436050415e-1,-7.90772717446088930e-2,-3.95386358723044465e-2,9.12301778793334961e-1,4.56150889396667480e-1
57,2,1.96078431372549017e-1,7.84313725490196068e-2,1.76470588235294101e-1,7.98847615718841553e-1,3.99423807859420776e-1,-6.92149484530091286e-2,-3.46074742265045643e-2,7.98541188240051270e-1,3.99270594120025635e-1
57,3,2.74509803921568651e-1,7.84313725490196068e-2,1.76470588235294101e-1,6.36788964271545410e-1,3.18394482135772705e-1,-5.51752765662968103e-2,-2.75876382831484052e-2,6.36544704437255859e-1,3.18272352218627930e-1
57,4,3.52941176470588203e-1,7.84313725490196068e-2,1.76470588235294101e-1,4.36263889074325562e-1,2.18131944537162781e-1,-3.78001080360263475e-2,-1.89000540180131738e-2,4.36096549034118652e-1,2.18048274517059326e-1
57,5,4.31372549019607865e-1,7.84313725490196068e-2,1.76470588235294101e-1,2.09385797381401062e-1,1.04692898690700531e-1,-1.81422547437250503e-2,-9.07112737186252516e-3,2.09305480122566223e-1,1.04652740061283112e-1
57,6,5.09803921568627416e-1,7.84313725490196068e-2,1.76470588235294101e-1,-3.01404893398284912e-2,-1.50702446699142456e-2,2.61152149178084381e-3,1.30576074589042190e-3,-3.01289279013872147e-2,-1.50644639506936073e-2
57,7,5.88235294117647078e-1,7.84313725490196068e-2,1.76470588235294101e-1,-2.67846107482910156e-1,-1.33923053741455078e-1,2.32076014392078034e-2,1.16038007196039017e-2,-2.67743378877639771e-1,-1.33871689438819885e-1
57,8,6.66666666666666630e-1,7.84313725490196068e-2,1.76470588235294101e-1,-4.89372134208679199e-1,-2.44686067104339600e-1,4.24015352502465359e-2,2.12007676251232680e-2,-4.89184409379959106e-1,-2.44592204689979553e-1
57,9,7.45098039215686292e-1,7.84313725490196068e-2,1.76470588235294101e-1,-6.81337177753448486e-1,-3.40668588876724243e-1,5.90340692549943813e-2,2.95170346274971906e-2,-6.81075811386108398e-1,-3.40537905693054199e-1
57,10,8.23529411764705843e-1,7.84313725490196068e-2,1.76470588235294101e-1,-8.32145571708679199e-1,-4.16072785854339600e-1,7.20977682620287108e-2,3.60488841310143554e-2,-8.31826388835906982e-1,-4.15913194417953491e-1
57,11,9.01960784313725505e-1,7.84313725490196068e-2,1.76470588235294101e-1,-9.32689726352691650e-1,-4.66344863176345825e-1,8.07897448539733748e-2,4.03948724269866874e-2,-9.32332038879394531e-1,-4.66166019439697266e-1
57,12,9.80392156862745057e-1,5.88235294117647189e-2,1.32352941176470618e-1,-9.76909875869750977e-1,-4.88454937934875488e-1,6.34282769635319682e-2,3.17141384817659841e-2,-9.76535499095916748e-1,-4.88267749547958374e-1
58,0,3.92156862745098034e-2,7.84313725490196068e-2,1.76470588235294101e-1,9.70953345298767090e-1,4.85476672649383545e-1,-8.41283407062292099e-2,-4.20641703531146049e-2,9.70580875873565674e-1,4.85290437936782837e-1
58,1,1.17647058823529410e-1,7.84313725490196068e-2,1.76470588235294101e-1,9.12301778793334961e-1,4.56150889396667480e-1,-7.90470063686370683e-2,-3.95235031843185342e-2,9.11951839923858643e-1,4.55975919961929321e-1
58,2,1.96078431372549017e-1,7.84313725490196068e-2,1.76470588235294101e-1,7.98541188240051270e-1,3.99270594120025635e-1,-6.91883593797683882e-2,-3.45941796898841941e-2,7.98234879970550537e-1,3.99117439985275269e-1
58,3,2.74509803921568651e-1,7.84313725490196068e-2,1.76470588235294101e-1,6.36544704437255859e-1,3.18272352218627930e-1,-5.51541164517402316e-2,-2.75770582258701158e-2,6.36300504207611084e-1,3.18150252103805542e-1
58,4,3.52941176470588203e-1,7.84313725490196068e-2,1.76470588235294101e-1,4.36096549034118652e-1,2.18048274517059326e-1,-3.77856165636331065e-2,-1.88928082818165533e-2,4.35929268598556519e-1,2.17964634299278259e-1
58,5,4.31372549019607865e-1,7.84313725490196068e-2,1.76470588235294101e-1,2.09305480122566223e-1,1.04652740061283112e-1,-1.81352895393501745e-2,-9.06764476967508726e-3,2.09225192666053772e-1,1.04612596333026886e-1
58,6,5.09803921568627416e-1,7.84313725490196068e-2,1.76470588235294101e-1,-3.01289279013872147e-2,-1.50644639506936073e-2,2.61050089029590815e-3,1.30525044514795407e-3,-3.01173701882362366e-2,-1.50586850941181183e-2
58,7,5.88235294117647078e-1,7.84313725490196068e-2,1.76470588235294101e-1,-2.67743378877639771e-1,-1.33871689438819885e-1,2.31987499922979845e-2,1.15993749961489923e-2,-2.67640680074691772e-1,-1.33820340037345886e-1
58,8,6.66666666666666630e-1,7.84313725490196068e-2,1.76470588235294101e-1,-4.89184409379959106e-1,-2.44592204689979553e-1,4.23852483741938846e-2,2.11926241870969423e-2,-4.88996773958206177e-1,-2.44498386979103088e-1
58,9,7.45098039215686292e-1,7.84313725490196068e-2,1.76470588235294101e-1,-6.81075811386108398e-1,-3.40537905693054199e-1,5.90113702230155579e-2,2.95056851115077790e-2,-6.80814564228057861e-1,-3.40407282114028931e-1
58,10,8.23529411764705843e-1,7.84313725490196068e-2,1.76470588235294101e-1,-8.31826388835906982e-1,-4.15913194417953491e-1,7.20700677484273911e-2,3.60350338742136955e-2,-8.31507325172424316e-1,-4.15753662586212158e-1
58,11,9.01960784313725505e-1,7.84313725490196068e-2,1.76470588235294101e-1,-9.32332038879394531e-1,-4.66166019439697266e-1,8.07584535330534009e-2,4.03792267665267005e-2,-9.31974530220031738e-1,-4.65987265110015869e-1
58,12,9.80392156862745057e-1,5.88235294117647189e-2,1.32352941176470618e-1,-9.76535499095916748e-1,-4.88267749547958374e-1,6.34043382480740519e-2,3.17021691240370260e-2,-9.76161241531372070e-1,-4.88080620765686035e-1
59,0,3.92156862745098034e-2,7.84313725490196068e-2,1.76470588235294101e-1,9.70580875873565674e-1,4.85290437936782837e-1,-8.40960234403610174e-2,-4.20480117201805087e-2,9.70208585262298584e-1,4.85104292631149292e-1
59,1,1.17647058823529410e-1,7.84313725490196068e-2,1.76470588235294101e-1,9.11951839923858643e-1,4.55975919961929321e-1,-7.90167409926652853e-2,-3.95083704963326426e-2,9.11602020263671875e-1,4.55801010131835938e-1
59,2,1.96078431372549017e-1,7.84313725490196068e-2,1.76470588235294101e-1,7.98234879970550537e-1,3.99117439985275269e-1,-6.91618558019399809e-2,-3.45809279009699905e-2,7.97928690910339355e-1,3.98964345455169678e-1
59,3,2.74509803921568651e-1,7.84313725490196068e-2,1.76470588235294101e-1,6.36300504207611084e-1,3.18150252103805542e-1,-5.51328708417713476e-2,-2.75664354208856738e-2,6.36056423187255859e-1,3.18028211593627930e-1
59,4,3.52941176470588203e-1,7.84313725490196068e-2,1.76470588235294101e-1,4.35929268598556519e-1,2.17964634299278259e-1,-3.77711678389459626e-2,-1.88855839194729813e-2,4.35762047767639160e-1,2.17881023883819580e-1
59,5,4.31372549019607865e-1,7.84313725490196068e-2,1.76470588235294101e-1,2.09225192666053772e-1,1.04612596333026886e-1,-1.81283296784386372e-2,-9.06416483921931859e-3,2.09144935011863708e-1,1.04572467505931854e-1
59,6,5.09803921568627416e-1,7.84313725490196068e-2,1.76470588235294101e-1,-3.01173701882362366e-2,-1.50586850941181183e-2,2.60949097573759392e-3,1.30474548786879696e-3,-3.01058180630207062e-2,-1.50529090315103531e-2
59,7,5.88235294117647078e-1,7.84313725490196068e-2,1.76470588235294101e-1,-2.67640680074691772e-1,-1.33820340037345886e-1,2.31898504542186745e-2,1.15949252271093373e-2,-2.67538011074066162e-1,-1.33769005537033081e-1
59,8,6.66666666666666630e-1,7.84313725490196068e-2,1.76470588235294101e-1,-4.88996773958206177e-1,-2.44498386979103088e-1,4.23690042458474414e-2,2.11845021229237207e-2,-4.88809198141098022e-1,-2.44404599070549011e-1
59,9,7.45098039215686292e-1,7.84313725490196068e-2,1.76470588235294101e-1,-6.80814564228057861e-1,-3.40407282114028931e-1,5.89887139387428872e-2,2.94943569693714436e-2,-6.80553436279296875e-1,-3.40276718139648438e-1
59,10,8.23529411764705843e-1,7.84313725490196068e-2,1.76470588235294101e-1,-8.31507325172424316e-1,-4.15753662586212158e-1,7.20422817394137383e-2,3.60211408697068691e-2,-8.31188380718231201e-1,-4.15594190359115601e-1
59,11,9.01960784313725505e-1,7.84313725490196068e-2,1.76470588235294101e-1,-9.31974530220031738e-1,-4.65987265110015869e-1,8.07273332029581070e-2,4.03636666014790535e-2,-9.31617140769958496e-1,-4.65808570384979248e-1
59,12,9.80392156862745057e-1,5.88235294117647189e-2,1.32352941176470618e-1,-9.76161241531372070e-1,-4.88080620765686035e-1,6.33803140372037888e-2,3.16901570186018944e-2,-9.75787103176116943e-1,-4.87893551588058472e-1
60,0,3.92156862745098034e-2,7.84313725490196068e-2,1.76470588235294101e-1,9.70208585262298584e-1,4.85104292631149292e-1,-8.40637916699051857e-2,-4.20318958349525928e-2,9.69836413860321045e-1,4.84918206930160522e-1
60,1,1.17647058823529410e-1,7.84313725490196068e-2,1.76470588235294101e-1,9.11602020263671875e-1,4.55801010131835938e-1,-7.89863901212811415e-2,-3.94931950606405707e-2,9.11252319812774658e-1,4.55626159906387329e-1
60,2,1.96078431372549017e-1,7.84313725490196068e-2,1.76470588235294101e-1,7.97928690910339355e-1,3.98964345455169678e-1,-6.91353522241115459e-2,-3.45676761120557730e-2,7.97622621059417725e-1,3.98811310529708862e-1
60,3,2.74509803921568651e-1,7.84313725490196068e-2,1.76470588235294101e-1,6.36056423187255859e-1,3.18028211593627930e-1,-5.51117107272147966e-2,-2.75558553636073983e-2,6.35812461376190186e-1,3.17906230688095093e-1
60,4,3.52941176470588203e-1,7.84313725490196068e-2,1.76470588235294101e-1,4.35762047767639160e-1,2.17881023883819580e-1,-3.77566763665527216e-2,-1.88783381832763608e-2,4.35594886541366577e-1,2.17797443270683289e-1
60,5,4.31372549019607865e-1,7.84313725490196068e-2,1.76470588235294101e-1,2.09144935011863708e-1,1.04572467505931854e-1,-1.81213778327219410e-2,-9.06068891636097051e-3,2.09064707159996033e-1,1.04532353579998016e-1
60,6,5.09803921568627416e-1,7.84313725490196068e-2,1.76470588235294101e-1,-3.01058180630207062e-2,-1.50529090315103531e-2,2.60849709156901755e-3,1.30424854578450877e-3,-3.00942696630954742e-2,-1.50471348315477371e-2
60,7,5.88235294117647078e-1,7.84313725490196068e-2,1.76470588235294101e-1,-2.67538011074066162e-1,-1.33769005537033081e-1,2.31809429009445234e-2,1.15904714504722617e-2,-2.67435401678085327e-1,-1.33717700839042664e-1
60,8,6.66666666666666630e-1,7.84313725490196068e-2,1.76470588235294101e-1,-4.88809198141098022e-1,-2.44404599070549011e-1,4.23527173697948456e-2,2.11763586848974228e-2,-4.88621711730957031e-1,-2.44310855865478516e-1
60,9,7.45098039215686292e-1,7.84313725490196068e-2,1.76470588235294101e-1,-6.80553436279296875e-1,-3.40276718139648438e-1,5.89661431498825217e-2,2.94830715749412609e-2,-6.80292367935180664e-1,-3.40146183967590332e-1
60,10,8.23529411764705843e-1,7.84313725490196068e-2,1.76470588235294101e-1,-8.31188380718231201e-1,-4.15594190359115601e-1,7.20144957304000854e-2,3.60072478652000427e-2,-8.30869555473327637e-1,-4.15434777736663818e-1
60,11,9.01960784313725505e-1,7.84313725490196068e-2,1.76470588235294101e-1,-9.31617140769958496e-1,-4.65808570384979248e-1,8.06962128728628131e-2,4.03481064364314065e-2,-9.31259870529174805e-1,-4.65629935264587402e-1
60,12,9.80392156862745057e-1,5.88235294117647189e-2,1.32352941176470618e-1,-9.75787103176116943e-1,-4.87893551588058472e-1,6.33562898263335256e-2,3.16781449131667628e-2,-9.75413143634796143e-1,-4.87706571817398071e-1
61,0,3.92156862745098034e-2,7.84313725490196068e-2,1.76470588235294101e-1,9.69836413860321045e-1,4.84918206930160522e-1,-8.40315598994493401e-2,-4.20157799497246701e-2,9.69464421272277832e-1,4.84732210636138916e-1
61,1,1.17647058823529410e-1,7.84313725490196068e-2,1.76470588235294101e-1,9.11252319812774658e-1,4.55626159906387329e-1,-7.89560392498970115e-2,-3.94780196249485058e-2,9.10902798175811768e-1,4.55451399087905884e-1
61,2,1.96078431372549017e-1,7.84313725490196068e-2,1.76470588235294101e-1,7.97622621059417725e-1,3.98811310529708862e-1,-6.91088486462831386e-2,-3.45544243231415693e-2,7.97316670417785645e-1,3.98658335208892822e-1
61,3,2.74509803921568651e-1,7.84313725490196068e-2,1.76470588235294101e-1,6.35812461376190186e-1,3.17906230688095093e-1,-5.50906361080706342e-2,-2.75453180540353171e-2,6.35568559169769287e-1,3.17784279584884644e-1
61,4,3.52941176470588203e-1,7.84313725490196068e-2,1.76470588235294101e-1,4.35594886541366577e-1,2.17797443270683289e-1,-3.77421421464532170e-2,-1.88710710732266085e-2,4.35427784919738770e-1,2.17713892459869385e-1
61,5,4.31372549019607865e-1,7.84313725490196068e-2,1.76470588235294101e-1,2.09064707159996033e-1,1.04532353579998016e-1,-1.81144313304685278e-2,-9.05721566523426391e-3,2.08984509110450745e-1,1.04492254555225372e-1
61,6,5.09803921568627416e-1,7.84313725490196068e-2,1.76470588235294101e-1,-3.00942696630954742e-2,-1.50471348315477371e-2,2.60747114662079893e-3,1.30373557331039946e-3,-3.00827268511056900e-2,-1.50413634255528450e-2
61,7,5.88235294117647078e-1,7.84313725490196068e-2,1.76470588235294101e-1,-2.67435401678085327e-1,-1.33717700839042664e-1,2.31720727519132419e-2,1.15860363759566209e-2,-2.67332822084426880e-1,-1.33666411042213440e-1
61,8,6.66666666666666630e-1,7.84313725490196068e-2,1.76470588235294101e-1,-4.88621711730957031e-1,-2.44310855865478516e-1,4.23365159891545551e-2,2.11682579945772775e-2,-4.88434284925460815e-1,-2.44217142462730408e-1
61,9,7.45098039215686292e-1,7.84313725490196068e-2,1.76470588235294101e-1,-6.80292367935180664e-1,-3.40146183967590332e-1,5.89434441179037261e-2,2.94717220589518630e-2,-6.80031418800354004e-1,-3.40015709400177002e-1
61,10,8.23529411764705843e-1,7.84313725490196068e-2,1.76470588235294101e-1,-8.30869555473327637e-1,-4.15434777736663818e-1,7.19867952167987657e-2,3.59933976083993828e-2,-8.30550849437713623e-1,-4.15275424718856812e-1
61,11,9.01960784313725505e-1,7.84313725490196068e-2,1.76470588235294101e-1,-9.31259870529174805e-1,-4.65629935264587402e-1,8.06650070473551722e-2,4.03325035236775861e-2,-9.30902779102325439e-1,-4.65451389551162720e-1
61,12,9.80392156862745057e-1,5.88235294117647189e-2,1.32352941176470618e-1,-9.75413143634796143e-1,-4.87706571817398071e-1,6.33323511108756093e-2,3.16661755554378047e-2,-9.75039303302764893e-1,-4.87519651651382446e-1
62,0,3.92156862745098034e-2,7.84313725490196068e-2,1.76470588235294101e-1,9.69464421272277832e-1,4.84732210636138916e-1,-8.39993281289935084e-2,-4.19996640644967542e-2,9.69092547893524170e-1,4.84546273946762085e-1
62,1,1.17647058823529410e-1,7.84313725490196068e-2,1.76470588235294101e-1,9.10902798175811768e-1,4.55451399087905884e-1,-7.89257738739252007e-2,-3.94628869369626004e-2,9.10553395748138428e-1,4.55276697874069214e-1
62,2,1.96078431372549017e-1,7.84313725490196068e-2,1.76470588235294101e-1,7.97316670417785645e-1,3.98658335208892822e-1,-6.90823450684547591e-2,-3.45411725342273795e-2,7.97010838985443115e-1,3.98505419492721558e-1
62,3,2.74509803921568651e-1,7.84313725490196068e-2,1.76470588235294101e-1,6.35568559169769287e-1,3.17784279584884644e-1,-5.50694759935140554e-2,-2.75347379967570277e-2,6.35324776172637939e-1,3.17662388086318970e-1
62,4,3.52941176470588203e-1,7.84313725490196068e-2,1.76470588235294101e-1,4.35427784919738770e-1,2.17713892459869385e-1,-3.77276506740599760e-2,-1.88638253370299880e-2,4.35260772705078125e-1,2.17630386352539062e-1
62,5,4.31372549019607865e-1,7.84313725490196068e-2,1.76470588235294101e-1,2.08984509110450745e-1,1.04492254555225372e-1,-1.81074928434100113e-2,-9.05374642170500565e-3,2.08904340863227844e-1,1.04452170431613922e-1
62,6,5.09803921568627416e-1,7.84313725490196068e-2,1.76470588235294101e-1,-3.00827268511056900e-2,-1.50413634255528450e-2,2.60646123206242919e-3,1.30323061603121459e-3,-3.00711877644062042e-2,-1.50355938822031021e-2
62,7,5.88235294117647078e-1,7.84313725490196068e-2,1.76470588235294101e-1,-2.67332822084426880e-1,-1.33666411042213440e-1,2.31631945876870637e-2,1.15815972938435319e-2,-2.67230272293090820e-1,-1.33615136146545410e-1
62,8,6.66666666666666630e-1,7.84313725490196068e-2,1.76470588235294101e-1,-4.88434284925460815e-1,-2.44217142462730408e-1,4.23202718608081119e-2,2.11601359304040559e-2,-4.88246917724609375e-1,-2.44123458862304688e-1
62,9,7.45098039215686292e-1,7.84313725490196068e-2,1.76470588235294101e-1,-6.80031418800354004e-1,-3.40015709400177002e-1,5.89208305813372080e-2,2.94604152906686040e-2,-6.79770588874816895e-1,-3.39885294437408447e-1
62,10,8.23529411764705843e-1,7.84313725490196068e-2,1.76470588235294101e-1,-8.30550849437713623e-1,-4.15275424718856812e-1,7.19590092077851406e-2,3.59795046038925703e-2,-8.30232262611389160e-1,-4.15116131305694580e-1
62,11,9.01960784313725505e-1,7.84313725490196068e-2,1.76470588235294101e-1,-9.30902779102325439e-1,-4.65451389551162720e-1,8.06339722126722253e-2,4.03169861063361126e-2,-9.30545806884765625e-1,-4.65272903442382812e-1
62,12,9.80392156862745057e-1,5.88235294117647189e-2,1.32352941176470618e-1,-9.75039303302764893e-1,-4.87519651651382446e-1,6.33083269000053322e-2,3.16541634500026661e-2,-9.74665582180023193e-1,-4.87332791090011597e-1
63,0,3.92156862745098034e-2,7.84313725490196068e-2,1.76470588235294101e-1,9.69092547893524170e-1,4.84546273946762085e-1,-8.39670963585376767e-2,-4.19835481792688384e-2,9.68720793724060059e-1,4.84360396862030029e-1
63,1,1.17647058823529410e-1,7.84313725490196068e-2,1.76470588235294101e-1,9.10553395748138428e-1,4.55276697874069214e-1,-7.88955084979534177e-2,-3.94477542489767088e-2,9.10204112529754639e-1,4.55102056264877319e-1
63,2,1.96078431372549017e-1,7.84313725490196068e-2,1.76470588235294101e-1,7.97010838985443115e-1,3.98505419492721558e-1,-6.90558414906263240e-2,-3.45279207453131620e-2,7.96705126762390137e-1,3.98352563381195068e-1
63,3,2.74509803921568651e-1,7.84313725490196068e-2,1.76470588235294101e-1,6.35324776172637939e-1,3.17662388086318970e-1,-5.50483586266636571e-2,-2.75241793133318285e-2,6.35081052780151367e-1,3.17540526390075684e-1
63,4,3.52941176470588203e-1,7.84313725490196068e-2,1.76470588235294101e-1,4.35260772705078125e-1,2.17630386352539062e-1,-3.77132019493728876e-2,-1.88566009746864438e-2,4.35093820095062256e-1,2.17546910047531128e-1
63,5,4.31372549019607865e-1,7.84313725490196068e-2,1.76470588235294101e-1,2.08904340863227844e-1,1.04452170431613922e-1,-1.81005169521086251e-2,-9.05025847605431255e-3,2.08824202418327332e-1,1.04412101209163666e-1
63,6,5.09803921568627416e-1,7.84313725490196068e-2,1.76470588235294101e-1,-3.00711877644062042e-2,-1.50355938822031021e-2,2.60546200443062537e-3,1.30273100221531268e-3,-3.00596524029970169e-2,-1.50298262014985085e-2
63,7,5.88235294117647078e-1,7.84313725490196068e-2,1.76470588235294101e-1,-2.67230272293090820e-1,-1.33615136146545410e-1,2.31543110799975471e-2,1.15771555399987736e-2,-2.67127752304077148e-1,-1.33563876152038574e-1
63,8,6.66666666666666630e-1,7.84313725490196068e-2,1.76470588235294101e-1,-4.88246917724609375e-1,-2.44123458862304688e-1,4.23039849847555161e-2,2.11519924923777580e-2,-4.88059639930725098e-1,-2.44029819965362549e-1
63,9,7.45098039215686292e-1,7.84313725490196068e-2,1.76470588235294101e-1,-6.79770588874816895e-1,-3.39885294437408447e-1,5.88983025401830507e-2,2.94491512700915253e-2,-6.79509818553924561e-1,-3.39754909276962280e-1
63,10,8.23529411764705843e-1,7.84313725490196068e-2,1.76470588235294101e-1,-8.30232262611389160e-1,-4.15116131305694580e-1,7.19312231987714878e-2,3.59656115993857439e-2,-8.29913794994354248e-1,-4.14956897497177124e-1
63,11,9.01960784313725505e-1,7.84313725490196068e-2,1.76470588235294101e-1,-9.30545806884765625e-1,-4.65272903442382812e-1,8.06029373779892921e-2,4.03014686889946461e-2,-9.30188953876495361e-1,-4.65094476938247681e-1
63,12,9.80392156862745057e-1,5.88235294117647189e-2,1.32352941176470618e-1,-9.74665582180023193e-1,-4.87332791090011597e-1,6.32843026891350691e-2,3.16421513445675345e-2,-9.74292039871215820e-1,-4.87146019935607910e-1
64,0,3.92156862745098034e-2,7.84313725490196068e-2,1.76470588235294101e-1,9.68720793724060059e-1,4.84360396862030029e-1,-8.39348645880818311e-2,-4.19674322940409156e-2,9.68349218368530273e-1,4.84174609184265137e-1
64,1,1.17647058823529410e-1,7.84313725490196068e-2,1.76470588235294101e-1,9.10204112529754639e-1,4.55102056264877319e-1,-7.88652431219816208e-2,-3.94326215609908104e-2,9.09854948520660400e-1,4.54927474260330200e-1
64,2,1.96078431372549017e-1,7.84313725490196068e-2,1.76470588235294101e-1,7.96705126762390137e-1,3.98352563381195068e-1,-6.90294234082102776e-2,-3.45147117041051388e-2,7.96399533748626709e-1,3.98199766874313354e-1
64,3,2.74509803921568651e-1,7.84313725490196068e-2,1.76470588235294101e-1,6.35081052780151367e-1,3.17540526390075684e-1,-5.50271557644009535e-2,-2.75135778822004767e-2,6.34837448596954346e-1,3.17418724298477173e-1
64,4,3.52941176470588203e-1,7.84313725490196068e-2,1.76470588235294101e-1,4.35093820095062256e-1,2.17546910047531128e-1,-3.76987959723919519e-2,-1.88493979861959760e-2,4.34926927089691162e-1,2.17463463544845581e-1
64,5,4.31372549019607865e-1,7.84313725490196068e-2,1.76470588235294101e-1,2.08824202418327332e-1,1.04412101209163666e-1,-1.80935464042704663e-2,-9.04677320213523317e-3,2.08744093775749207e-1,1.04372046887874603e-1
64,6,5.09803921568627416e-1,7.84313725490196068e-2,1.76470588235294101e-1,-3.00596524029970169e-2,-1.50298262014985085e-2,2.60447346372527644e-3,1.30223673186263822e-3,-3.00481226295232773e-2,-1.50240613147616386e-2
64,7,5.88235294117647078e-1,7.84313725490196068e-2,1.76470588235294101e-1,-2.67127752304077148e-1,-1.33563876152038574e-1,2.31453794811387059e-2,1.15726897405693530e-2,-2.67025291919708252e-1,-1.33512645959854126e-1
64,8,6.66666666666666630e-1,7.84313725490196068e-2,1.76470588235294101e-1,-4.88059639930725098e-1,-2.44029819965362549e-1,4.22878263518213782e-2,2.11439131759106891e-2,-4.87872421741485596e-1,-2.43936210870742798e-1
64,9,7.45098039215686292e-1,7.84313725490196068e-2,1.76470588235294101e-1,-6.79509818553924561e-1,-3.39754909276962280e-1,5.88756462559104077e-2,2.94378231279552038e-2,-6.79249167442321777e-1,-3.39624583721160889e-1
64,10,8.23529411764705843e-1,7.84313725490196068e-2,1.76470588235294101e-1,-8.29913794994354248e-1,-4.14956897497177124e-1,7.19035226851701681e-2,3.59517613425850840e-2,-8.29595446586608887e-1,-4.14797723293304443e-1
64,11,9.01960784313725505e-1,7.84313725490196068e-2,1.76470588235294101e-1,-9.30188953876495361e-1,-4.65094476938247681e-1,8.05718170478940121e-2,4.02859085239470061e-2,-9.29832279682159424e-1,-4.64916139841079712e-1
64,12,9.80392156862745057e-1,5.88235294117647189e-2,1.32352941176470618e-1,-9.74292039871215820e-1,-4.87146019935607910e-1,6.32603639736771528e-2,3.16301819868385764e-2,-9.73918616771697998e-1,-4.86959308385848999e-1
65,0,3.92156862745098034e-2,7.84313725490196068e-2,1.76470588235294101e-1,9.68349218368530273e-1,4.84174609184265137e-1,-8.39027183130383464e-2,-4.19513591565191732e-2,9.67977762222290039e-1,4.83988881111145020e-1
65,1,1.17647058823529410e-1,7.84313725490196068e-2,1.76470588235294101e-1,9.09854948520660400e-1,4.54927474260330200e-1,-7.88348922505974631e-2,-3.94174461252987315e-2,9.09505963325500488e-1,4.54752981662750244e-1
65,2,1.96078431372549017e-1,7.84313725490196068e-2,1.76470588235294101e-1,7.96399533748626709e-1,3.98199766874313354e-1,-6.90030053257942311e-2,-3.45015026628971155e-2,7.96094059944152832e-1,3.98047029972076416e-1
65,3,2.74509803921568651e-1,7.84313725490196068e-2,1.76470588235294101e-1,6.34837448596954346e-1,3.17418724298477173e-1,-5.50060383975505551e-2,-2.75030191987752776e-2,6.34593904018402100e-1,3.17296952009201050e-1
65,4,3.52941176470588203e-1,7.84313725490196068e-2,1.76470588235294101e-1,4.34926927089691162e-1,2.17463463544845581e-1,-3.76843472477048635e-2,-1.88421736238524318e-2,4.34760093688964844e-1,2.17380046844482422e-1
65,5,4.31372549019607865e-1,7.84313725490196068e-2,1.76470588235294101e-1,2.08744093775749207e-1,1.04372046887874603e-1,-1.80865838716272598e-2,-9.04329193581362989e-3,2.08664029836654663e-1,1.04332014918327332e-1
65,6,5.09803921568627416e-1,7.84313725490196068e-2,1.76470588235294101e-1,-3.00481226295232773e-2,-1.50240613147616386e-2,2.60345820570367925e-3,1.30172910285183963e-3,-3.00365965813398361e-2,-1.50182982906699181e-2
65,7,5.88235294117647078e-1,7.84313725490196068e-2,1.76470588235294101e-1,-2.67025291919708252e-1,-1.33512645959854126e-1,2.31365253624971623e-2,1.15682626812485811e-2,-2.66922861337661743e-1,-1.33461430668830872e-1
65,8,6.66666666666666630e-1,7.84313725490196068e-2,1.76470588235294101e-1,-4.87872421741485596e-1,-2.43936210870742798e-1,4.22715822234749905e-2,2.11357911117374953e-2,-4.87685292959213257e-1,-2.43842646479606628e-1
65,9,7.45098039215686292e-1,7.84313725490196068e-2,1.76470588235294101e-1,-6.79249167442321777e-1,-3.39624583721160889e-1,5.88530754670500700e-2,2.94265377335250350e-2,-6.78988635540008545e-1,-3.39494317770004272e-1
65,10,8.23529411764705843e-1,7.84313725490196068e-2,1.76470588235294101e-1,-8.29595446586608887e-1,-4.14797723293304443e-1,7.18757366761565153e-2,3.59378683380782576e-2,-8.29277217388153076e-1,-4.14638608694076538e-1
65,11,9.01960784313725505e-1,7.84313725490196068e-2,1.76470588235294101e-1,-9.29832279682159424e-1,-4.64916139841079712e-1,8.05408677086234120e-2,4.02704338543117060e-2,-9.29475724697113037e-1,-4.64737862348556519e-1
65,12,9.80392156862745057e-1,5.88235294117647189e-2,1.32352941176470618e-1,-9.73918616771697998e-1,-4.86959308385848999e-1,6.32363397628068896e-2,3.16181698814034448e-2,-9.73545372486114502e-1,-4.86772686243057251e-1
66,0,3.92156862745098034e-2,7.84313725490196068e-2,1.76470588235294101e-1,9.67977762222290039e-1,4.83988881111145020e-1,-8.38704865425825147e-2,-4.19352432712912573e-2,9.67606484889984131e-1,4.83803242444992065e-1
66,1,1.17647058823529410e-1,7.84313725490196068e-2,1.76470588235294101e-1,9.09505963325500488e-1,4.54752981662750244e-1,-7.88047123700380131e-2,-3.94023561850190066e-2,9.09157097339630127e-1,4.54578548669815063e-1
66,2,1.96078431372549017e-1,7.84313725490196068e-2,1.76470588235294101e-1,7.96094059944152832e-1,3.98047029972076416e-1,-6.89765872433781846e-2,-3.44882936216890923e-2,7.95788705348968506e-1,3.97894352674484253e-1
66,3,2.74509803921568651e-1,7.84313725490196068e-2,1.76470588235294101e-1,6.34593904018402100e-1,3.17296952009201050e-1,-5.49848355352878515e-2,-2.74924177676439258e-2,6.34350478649139404e-1,3.17175239324569702e-1
66,4,3.52941176470588203e-1,7.84313725490196068e-2,1.76470588235294101e-1,4.34760093688964844e-1,2.17380046844482422e-1,-3.76699198968708515e-2,-1.88349599484354258e-2,4.34593319892883301e-1,2.17296659946441650e-1
66,5,4.31372549019607865e-1,7.84313725490196068e-2,1.76470588235294101e-1,2.08664029836654663e-1,1.04332014918327332e-1,-1.80796694301534333e-2,-9.03983471507671665e-3,2.08583995699882507e-1,1.04291997849941254e-1
66,6,5.09803921568627416e-1,7.84313725490196068e-2,1.76470588235294101e-1,-3.00365965813398361e-2,-1.50182982906699181e-2,2.60247500846161328e-3,1.30123750423080664e-3,-3.00250761210918427e-2,-1.50125380605459213e-2
66,7,5.88235294117647078e-1,7.84313725490196068e-2,1.76470588235294101e-1,-2.66922861337661743e-1,-1.33461430668830872e-1,2.31276231526862941e-2,1.15638115763431470e-2,-2.66820460557937622e-1,-1.33410230278968811e-1
66,8,6.66666666666666630e-1,7.84313725490196068e-2,1.76470588235294101e-1,-4.87685292959213257e-1,-2.43842646479606628e-1,4.22553808428347000e-2,2.11276904214173500e-2,-4.87498223781585693e-1,-2.43749111890792847e-1
66,9,7.45098039215686292e-1,7.84313725490196068e-2,1.76470588235294101e-1,-6.78988635540008545e-1,-3.39494317770004272e-1,5.88305474258959404e-2,2.94152737129479702e-2,-6.78728163242340088e-1,-3.39364081621170044e-1
66,10,8.23529411764705843e-1,7.84313725490196068e-2,1.76470588235294101e-1,-8.29277217388153076e-1,-4.14638608694076538e-1,7.18479506671428625e-2,3.59239753335714312e-2,-8.28959167003631592e-1,-4.14479583501815796e-1
66,11,9.01960784313725505e-1,7.84313725490196068e-2,1.76470588235294101e-1,-9.29475724697113037e-1,-4.64737862348556519e-1,8.05098328739404651e-2,4.02549164369702325e-2,-9.29119288921356201e-1,-4.64559644460678101e-1
66,12,9.80392156862745057e-1,5.88235294117647189e-2,1.32352941176470618e-1,-9.73545372486114502e-1,-4.86772686243057251e-1,6.32124010473489734e-2,3.16062005236744867e-2,-9.73172247409820557e-1,-4.86586123704910278e-1
67,0,3.92156862745098034e-2,7.84313725490196068e-2,1.76470588235294101e-1,9.67606484889984131e-1,4.83803242444992065e-1,-8.38383402675390160e-2,-4.19191701337695080e-2,9.67235326766967773e-1,4.83617663383483887e-1
67,1,1.17647058823529410e-1,7.84313725490196068e-2,1.76470588235294101e-1,9.09157097339630127e-1,4.54578548669815063e-1,-7.87744469940662301e-2,-3.93872234970331150e-2,9.08808350563049316e-1,4.54404175281524658e-1
67,2,1.96078431372549017e-1,7.84313725490196068e-2,1.76470588235294101e-1,7.95788705348968506e-1,3.97894352674484253e-1,-6.89501691609621103e-2,-3.44750845804810552e-2,7.95483469963073730e-1,3.97741734981536865e-1
67,3,2.74509803921568651e-1,7.84313725490196068e-2,1.76470588235294101e-1,6.34350478649139404e-1,3.17175239324569702e-1,-5.49637181684374809e-2,-2.74818590842187405e-2,6.34107172489166260e-1,3.17053586244583130e-1
67,4,3.52941176470588203e-1,7.84313725490196068e-2,1.76470588235294101e-1,4.34593319892883301e-1,2.17296659946441650e-1,-3.76554497983306868e-2,-1.88277248991653434e-2,4.34426605701446533e-1,2.17213302850723267e-1
67,5,4.31372549019607865e-1,7.84313725490196068e-2,1.76470588235294101e-1,2.08583995699882507e-1,1.04291997849941254e-1,-1.80727630038745590e-2,-9.03638150193727951e-3,2.08503991365432739e-1,1.04251995682716370e-1
67,6,5.09803921568627416e-1,7.84313725490196068e-2,1.76470588235294101e-1,-3.00250761210918427e-2,-1.50125380605459213e-2,2.60150784160945170e-3,1.30075392080472585e-3,-3.00135593861341476e-2,-1.50067796930670738e-2
67,7,5.88235294117647078e-1,7.84313725490196068e-2,1.76470588235294101e-1,-2.66820460557937622e-1,-1.33410230278968811e-1,2.31187129276804182e-2,1.15593564638402091e-2,-2.66718119382858276e-1,-1.33359059691429138e-1
67,8,6.66666666666666630e-1,7.84313725490196068e-2,1.76470588235294101e-1,-4.87498223781585693e-1,-2.43749111890792847e-1,4.22392222099006176e-2,2.11196111049503088e-2,-4.87311214208602905e-1,-2.43655607104301453e-1
67,9,7.45098039215686292e-1,7.84313725490196068e-2,1.76470588235294101e-1,-6.78728163242340088e-1,-3.39364081621170044e-1,5.88078483939170893e-2,2.94039241969585446e-2,-6.78467810153961182e-1,-3.39233905076980591e-1
67,10,8.23529411764705843e-1,7.84313725490196068e-2,1.76470588235294101e-1,-8.28959167003631592e-1,-4.14479583501815796e-1,7.18204211443662643e-2,3.59102105721831322e-2,-8.28641235828399658e-1,-4.14320617914199829e-1
67,11,9.01960784313725505e-1,7.84313725490196068e-2,1.76470588235294101e-1,-9.29119288921356201e-1,-4.64559644460678101e-1,8.04787125438451850e-2,4.02393562719225925e-2,-9.28763031959533691e-1,-4.64381515979766846e-1
67,12,9.80392156862745057e-1,5.88235294117647189e-2,1.32352941176470618e-1,-9.73172247409820557e-1,-4.86586123704910278e-1,6.31884623318910571e-2,3.15942311659455285e-2,-9.72799241542816162e-1,-4.86399620771408081e-1
68,0,3.92156862745098034e-2,7.84313725490196068e-2,1.76470588235294101e-1,9.67235326766967773e-1,4.83617663383483887e-1,-8.38061939924955313e-2,-4.19030969962477656e-2,9.66864287853240967e-1,4.83432143926620483e-1
68,1,1.17647058823529410e-1,7.84313725490196068e-2,1.76470588235294101e-1,9.08808350563049316e-1,4.54404175281524658e-1,-7.87441816180944332e-2,-3.93720908090472166e-2,9.08459722995758057e-1,4.54229861497879028e-1
68,2,1.96078431372549017e-1,7.84313725490196068e-2,1.76470588235294101e-1,7.95483469963073730e-1,3.97741734981536865e-1,-6.89237510785460639e-2,-3.44618755392730319e-2,7.95178353786468506e-1,3.97589176893234253e-1
68,3,2.74509803921568651e-1,7.84313725490196068e-2,1.76470588235294101e-1,6.34107172489166260e-1,3.17053586244583130e-1,-5.49426862969994434e-2,-2.74713431484997217e-2,6.33863925933837891e-1,3.16931962966918945e-1
68,4,3.52941176470588203e-1,7.84313725490196068e-2,1.76470588235294101e-1,4.34426605701446533e-1,2.17213302850723267e-1,-3.76409369520843140e-2,-1.88204684760421570e-2,4.34259980916976929e-1,2.17129990458488464e-1
68,5,4.31372549019607865e-1,7.84313725490196068e-2,1.76470588235294101e-1,2.08503991365432739e-1,1.04251995682716370e-1,-1.80658619210589677e-2,-9.03293096052948385e-3,2.08424016833305359e-1,1.04212008416652679e-1
68,6,5.09803921568627416e-1,7.84313725490196068e-2,1.76470588235294101e-1,-3.00135593861341476e-2,-1.50067796930670738e-2,2.60050861397759236e-3,1.30025430698879618e-3,-3.00020463764667511e-2,-1.50010231882333755e-2
68,7,5.88235294117647078e-1,7.84313725490196068e-2,1.76470588235294101e-1,-2.66718119382858276e-1,-1.33359059691429138e-1,2.31098828546237312e-2,1.15549414273118656e-2,-2.66615808010101318e-1,-1.33307904005050659e-1
68,8,6.66666666666666630e-1,7.84313725490196068e-2,1.76470588235294101e-1,-4.87311214208602905e-1,-2.43655607104301453e-1,4.22229780815541744e-2,2.11114890407770872e-2,-4.87124294042587280e-1,-2.43562147021293640e-1
68,9,7.45098039215686292e-1,7.84313725490196068e-2,1.76470588235294101e-1,-6.78467810153961182e-1,-3.39233905076980591e-1,5.87852348573505712e-2,2.93926174286752856e-2,-6.78207576274871826e-1,-3.39103788137435913e-1
68,10,8.23529411764705843e-1,7.84313725490196068e-2,1.76470588235294101e-1,-8.28641235828399658e-1,-4.14320617914199829e-1,7.17928061261773054e-2,3.58964030630886527e-2,-8.28323423862457275e-1,-4.14161711931228638e-1
68,11,9.01960784313725505e-1,7.84313725490196068e-2,1.76470588235294101e-1,-9.28763031959533691e-1,-4.64381515979766846e-1,8.04477632045745850e-2,4.02238816022872925e-2,-9.28406894207000732e-1,-4.64203447103500366e-1
68,12,9.80392156862745057e-1,5.88235294117647189e-2,1.32352941176470618e-1,-9.72799241542816162e-1,-4.86399620771408081e-1,6.31644381210207939e-2,3.15822190605103970e-2,-9.72426414489746094e-1,-4.86213207244873047e-1
69,0,3.92156862745098034e-2,7.84313725490196068e-2,1.76470588235294101e-1,9.66864287853240967e-1,4.83432143926620483e-1,-8.37740477174520465e-2,-4.18870238587260232e-2,9.66493427753448486e-1,4.83246713876724243e-1
69,1,1.17647058823529410e-1,7.84313725490196068e-2,1.76470588235294101e-1,9.08459722995758057e-1,4.54229861497879028e-1,-7.87139162421226363e-2,-3.93569581210613181e-2,9.08111274242401123e-1,4.54055637121200562e-1
69,2,1.96078431372549017e-1,7.84313725490196068e-2,1.76470588235294101e-1,7.95178353786468506e-1,3.97589176893234253e-1,-6.88974184915423504e-2,-3.44487092457711752e-2,7.94873356819152832e-1,3.97436678409576416e-1
69,3,2.74509803921568651e-1,7.84313725490196068e-2,1.76470588235294101e-1,6.33863925933837891e-1,3.16931962966918945e-1,-5.49215261824429202e-2,-2.74607630912214601e-2,6.33620798587799072e-1,3.16810399293899536e-1
69,4,3.52941176470588203e-1,7.84313725490196068e-2,1.76470588235294101e-1,4.34259980916976929e-1,2.17129990458488464e-1,-3.76265523489564546e-2,-1.88132761744782273e-2,4.34093415737152100e-1,2.17046707868576050e-1
69,5,4.31372549019607865e-1,7.84313725490196068e-2,1.76470588235294101e-1,2.08424016833305359e-1,1.04212008416652679e-1,-1.80589234340004512e-2,-9.02946171700022560e-3,2.08344072103500366e-1,1.04172036051750183e-1
69,6,5.09803921568627416e-1,7.84313725490196068e-2,1.76470588235294101e-1,-3.00020463764667511e-2,-1.50010231882333755e-2,2.59952007327229895e-3,1.29976003663614947e-3,-2.99905389547348022e-2,-1.49952694773674011e-2
69,7,5.88235294117647078e-1,7.84313725490196068e-2,1.76470588235294101e-1,-2.66615808010101318e-1,-1.33307904005050659e-1,2.31010046903974975e-2,1.15505023451987487e-2,-2.66513526439666748e-1,-1.33256763219833374e-1
69,8,6.66666666666666630e-1,7.84313725490196068e-2,1.76470588235294101e-1,-4.87124294042587280e-1,-2.43562147021293640e-1,4.22067767009139394e-2,2.11033883504569697e-2,-4.86937433481216431e-1,-2.43468716740608215e-1
69,9,7.45098039215686292e-1,7.84313725490196068e-2,1.76470588235294101e-1,-6.78207576274871826e-1,-3.39103788137435913e-1,5.87626640684902612e-2,2.93813320342451306e-2,-6.77947402000427246e-1,-3.38973701000213623e-1
69,10,8.23529411764705843e-1,7.84313725490196068e-2,1.76470588235294101e-1,-8.28323423862457275e-1,-4.14161711931228638e-1,7.17651911079883464e-2,3.58825955539941732e-2,-8.28005731105804443e-1,-4.14002865552902222e-1
69,11,9.01960784313725505e-1,7.84313725490196068e-2,1.76470588235294101e-1,-9.28406894207000732e-1,-4.64203447103500366e-1,8.04167283698916380e-2,4.02083641849458190e-2,-9.28050875663757324e-1,-4.64025437831878662e-1
69,12,9.80392156862745057e-1,5.88235294117647189e-2,1.32352941176470618e-1,-9.72426414489746094e-1,-4.86213207244873047e-1,6.31404994055628777e-2,3.15702497027814388e-2,-9.72053706645965576e-1,-4.86026853322982788e-1
70,0,3.92156862745098034e-2,7.84313725490196068e-2,1.76470588235294101e-1,9.66493427753448486e-1,4.83246713876724243e-1,-8.37419014424085617e-2,-4.18709507212042809e-2,9.66122686862945557e-1,4.83061343431472778e-1
70,1,1.17647058823529410e-1,7.84313725490196068e-2,1.76470588235294101e-1,9.08111274242401123e-1,4.54055637121200562e-1,-7.86837363615632002e-2,-3.93418681807816001e-2,9.07762944698333740e-1,4.53881472349166870e-1
70,2,1.96078431372549017e-1,7.84313725490196068e-2,1.76470588235294101e-1,7.94873356819152832e-1,3.97436678409576416e-1,-6.88710004091262762e-2,-3.44355002045631381e-2,7.94568479061126709e-1,3.97284239530563354e-1
70,3,2.74509803921568651e-1,7.84313725490196068e-2,1.76470588235294101e-1,6.33620798587799072e-1,3.16810399293899536e-1,-5.49004515632987022e-2,-2.74502257816493511e-2,6.33377730846405029e-1,3.16688865423202515e-1
70,4,3.52941176470588203e-1,7.84313725490196068e-2,1.76470588235294101e-1,4.34093415737152100e-1,2.17046707868576050e-1,-3.76121249981224426e-2,-1.88060624990612213e-2,4.33926910161972046e-1,2.16963455080986023e-1
70,5,4.31372549019607865e-1,7.84313725490196068e-2,1.76470588235294101e-1,2.08344072103500366e-1,1.04172036051750183e-1,-1.80519929621368869e-2,-9.02599648106844343e-3,2.08264157176017761e-1,1.04132078588008881e-1
70,6,5.09803921568627416e-1,7.84313725490196068e-2,1.76470588235294101e-1,-2.99905389547348022e-2,-1.49952694773674011e-2,2.59854756295679890e-3,1.29927378147839945e-3,-2.99790352582931519e-2,-1.49895176291465759e-2
70,7,5.88235294117647078e-1,7.84313725490196068e-2,1.76470588235294101e-1,-2.66513526439666748e-1,-1.33256763219833374e-1,2.30921185109764782e-2,1.15460592554882391e-2,-2.66411304473876953e-1,-1.33205652236938477e-1
70,8,6.66666666666666630e-1,7.84313725490196068e-2,1.76470588235294101e-1,-4.86937433481216431e-1,-2.43468716740608215e-1,4.21906180679798015e-2,2.10953090339899008e-2,-4.86750662326812744e-1,-2.43375331163406372e-1
70,9,7.45098039215686292e-1,7.84313725490196068e-2,1.76470588235294101e-1,-6.77947402000427246e-1,-3.38973701000213623e-1,5.87400077842175905e-2,2.93700038921087953e-2,-6.77687346935272217e-1,-3.38843673467636108e-1
70,10,8.23529411764705843e-1,7.84313725490196068e-2,1.76470588235294101e-1,-8.28005731105804443e-1,-4.14002865552902222e-1,7.17376615852117483e-2,3.58688307926058741e-2,-8.27688157558441162e-1,-4.13844078779220581e-1
70,11,9.01960784313725505e-1,7.84313725490196068e-2,1.76470588235294101e-1,-9.28050875663757324e-1,-4.64025437831878662e-1,8.03856935352086910e-2,4.01928467676043455e-2,-9.27694976329803467e-1,-4.63847488164901733e-1
70,12,9.80392156862745057e-1,5.88235294117647189e-2,1.32352941176470618e-1,-9.72053706645965576e-1,-4.86026853322982788e-1,6.31165606901049614e-2,3.15582803450524807e-2,-9.71681118011474609e-1,-4.85840559005737305e-1
71,0,3.92156862745098034e-2,7.84313725490196068e-2,1.76470588235294101e-1,9.66122686862945557e-1,4.83061343431472778e-1,-8.37097551673650769e-2,-4.18548775836825385e-2,9.65752124786376953e-1,4.82876062393188477e-1
71,1,1.17647058823529410e-1,7.84313725490196068e-2,1.76470588235294101e-1,9.07762944698333740e-1,4.53881472349166870e-1,-7.86535564810037641e-2,-3.93267782405018820e-2,9.07414734363555908e-1,4.53707367181777954e-1
71,2,1.96078431372549017e-1,7.84313725490196068e-2,1.76470588235294101e-1,7.94568479061126709e-1,3.97284239530563354e-1,-6.88446678221225628e-2,-3.44223339110612814e-2,7.94263720512390137e-1,3.97131860256195068e-1
71,3,2.74509803921568651e-1,7.84313725490196068e-2,1.76470588235294101e-1,6.33377730846405029e-1,3.16688865423202515e-1,-5.48792914487421235e-2,-2.74396457243710618e-2,6.33134782314300537e-1,3.16567391157150269e-1
71,4,3.52941176470588203e-1,7.84313725490196068e-2,1.76470588235294101e-1,4.33926910161972046e-1,2.16963455080986023e-1,-3.75977403949946387e-2,-1.87988701974973194e-2,4.33760464191436768e-1,2.16880232095718384e-1
71,5,4.31372549019607865e-1,7.84313725490196068e-2,1.76470588235294101e-1,2.08264157176017761e-1,1.04132078588008881e-1,-1.80450678337365500e-2,-9.02253391686827499e-3,2.08184272050857544e-1,1.04092136025428772e-1
71,6,5.09803921568627416e-1,7.84313725490196068e-2,1.76470588235294101e-1,-2.99790352582931519e-2,-1.49895176291465759e-2,2.59754299186171211e-3,1.29877149593085606e-3,-2.99675352871417999e-2,-1.49837676435709000e-2
71,7,5.88235294117647078e-1,7.84313725490196068e-2,1.76470588235294101e-1,-2.66411304473876953e-1,-1.33205652236938477e-1,2.30832697357982175e-2,1.15416348678991088e-2,-2.66309112310409546e-1,-1.33154556155204773e-1
71,8,6.66666666666666630e-1,7.84313725490196068e-2,1.76470588235294101e-1,-4.86750662326812744e-1,-2.43375331163406372e-1,4.21744594350457191e-2,2.10872297175228596e-2,-4.86563950777053833e-1,-2.43281975388526917e-1
71,9,7.45098039215686292e-1,7.84313725490196068e-2,1.76470588235294101e-1,-6.77687346935272217e-1,-3.38843673467636108e-1,5.87173942476511279e-2,2.93586971238255640e-2,-6.77427411079406738e-1,-3.38713705539703369e-1
71,10,8.23529411764705843e-1,7.84313725490196068e-2,1.76470588235294101e-1,-8.27688157558441162e-1,-4.13844078779220581e-1,7.17101320624351501e-2,3.58550660312175751e-2,-8.27370703220367432e-1,-4.13685351610183716e-1
71,11,9.01960784313725505e-1,7.84313725490196068e-2,1.76470588235294101e-1,-9.27694976329803467e-1,-4.63847488164901733e-1,8.03546587005257440e-2,4.01773293502628720e-2,-9.27339255809783936e-1,-4.63669627904891968e-1
71,12,9.80392156862745057e-1,5.88235294117647189e-2,1.32352941176470618e-1,-9.71681118011474609e-1,-4.85840559005737305e-1,6.30926219746470451e-2,3.15463109873235226e-2,-9.71308708190917969e-1,-4.85654354095458984e-1
72,0,3.92156862745098034e-2,7.84313725490196068e-2,1.76470588235294101e-1,9.65752124786376953e-1,4.82876062393188477e-1,-8.36776943877339391e-2,-4.18388471938669695e-2,9.65381681919097900e-1,4.82690840959548950e-1
72,1,1.17647058823529410e-1,7.84313725490196068e-2,1.76470588235294101e-1,9.07414734363555908e-1,4.53707367181777954e-1,-7.86232911050319533e-2,-3.93116455525159766e-2,9.07066643238067627e-1,4.53533321619033813e-1
72,2,1.96078431372549017e-1,7.84313725490196068e-2,1.76470588235294101e-1,7.94263720512390137e-1,3.97131860256195068e-1,-6.88183352351188771e-2,-3.44091676175594385e-2,7.93959081172943115e-1,3.96979540586471558e-1
72,3,2.74509803921568651e-1,7.84313725490196068e-2,1.76470588235294101e-1,6.33134782314300537e-1,3.16567391157150269e-1,-5.48582168295979611e-2,-2.74291084147989805e-2,6.32891893386840820e-1,3.16445946693420410e-1
72,4,3.52941176470588203e-1,7.84313725490196068e-2,1.76470588235294101e-1,4.33760464191436768e-1,2.16880232095718384e-1,-3.75833130441605712e-2,-1.87916565220802856e-2,4.33594077825546265e-1,2.16797038912773132e-1
72,5,4.31372549019607865e-1,7.84313725490196068e-2,1.76470588235294101e-1,2.08184272050857544e-1,1.04092136025428772e-1,-1.80381480487994961e-2,-9.01907402439974804e-3,2.08104416728019714e-1,1.04052208364009857e-1
72,6,5.09803921568627416e-1,7.84313725490196068e-2,1.76470588235294101e-1,-2.99675352871417999e-2,-1.49837676435709000e-2,2.59654910769313574e-3,1.29827455384656787e-3,-2.99560409039258957e-2,-1.49780204519629478e-2
72,7,5.88235294117647078e-1,7.84313725490196068e-2,1.76470588235294101e-1,-2.66309112310409546e-1,-1.33154556155204773e-1,2.30744156171567849e-2,1.15372078085783925e-2,-2.66206949949264526e-1,-1.33103474974632263e-1
72,8,6.66666666666666630e-1,7.84313725490196068e-2,1.76470588235294101e-1,-4.86563950777053833e-1,-2.43281975388526917e-1,4.21582580544054286e-2,2.10791290272027143e-2,-4.86377298831939697e-1,-2.43188649415969849e-1
72,9,7.45098039215686292e-1,7.84313725490196068e-2,1.76470588235294101e-1,-6.77427411079406738e-1,-3.38713705539703369e-1,5.86948662064969706e-2,2.93474331032484853e-2,-6.77167534828186035e-1,-3.38583767414093018e-1
72,10,8.23529411764705843e-1,7.84313725490196068e-2,1.76470588235294101e-1,-8.27370703220367432e-1,-4.13685351610183716e-1,7.16825170442461912e-2,3.58412585221230956e-2,-8.27053368091583252e-1,-4.13526684045791626e-1
72,11,9.01960784313725505e-1,7.84313725490196068e-2,1.76470588235294101e-1,-9.27339255809783936e-1,-4.63669627904891968e-1,8.03237093612551578e-2,4.01618546806275789e-2,-9.26983654499053955e-1,-4.63491827249526978e-1
72,12,9.80392156862745057e-1,5.88235294117647189e-2,1.32352941176470618e-1,-9.71308708190917969e-1,-4.85654354095458984e-1,6.30686832591891289e-2,3.15343416295945644e-2,-9.70936417579650879e-1,-4.85468208789825439e-1
73,0,3.92156862745098034e-2,7.84313725490196068e-2,1.76470588235294101e-1,9.65381681919097900e-1,4.82690840959548950e-1,-8.36456336081028012e-2,-4.18228168040514006e-2,9.65011358261108398e-1,4.82505679130554199e-1
73,1,1.17647058823529410e-1,7.84313725490196068e-2,1.76470588235294101e-1,9.07066643238067627e-1,4.53533321619033813e-1,-7.85930257290601703e-2,-3.92965128645300851e-2,9.06718730926513672e-1,4.53359365463256836e-1
73,2,1.96078431372549017e-1,7.84313725490196068e-2,1.76470588235294101e-1,7.93959081172943115e-1,3.96979540586471558e-1,-6.87920881435274967e-2,-3.43960440717637483e-2,7.93654561042785645e-1,3.96827280521392822e-1
73,3,2.74509803921568651e-1,7.84313725490196068e-2,1.76470588235294101e-1,6.32891893386840820e-1,3.16445946693420410e-1,-5.48370567150414101e-2,-2.74185283575207051e-2,6.32649123668670654e-1,3.16324561834335327e-1
73,4,3.52941176470588203e-1,7.84313725490196068e-2,1.76470588235294101e-1,4.33594077825546265e-1,2.16797038912773132e-1,-3.75689284410327673e-2,-1.87844642205163836e-2,4.33427751064300537e-1,2.16713875532150269e-1
73,5,4.31372549019607865e-1,7.84313725490196068e-2,1.76470588235294101e-1,2.08104416728019714e-1,1.04052208364009857e-1,-1.80312362790573388e-2,-9.01561813952866942e-3,2.08024591207504272e-1,1.04012295603752136e-1
73,6,5.09803921568627416e-1,7.84313725490196068e-2,1.76470588235294101e-1,-2.99560409039258957e-2,-1.49780204519629478e-2,2.59557125391440824e-3,1.29778562695720412e-3,-2.99445502460002899e-2,-1.49722751230001450e-2
73,7,5.88235294117647078e-1,7.84313725490196068e-2,1.76470588235294101e-1,-2.66206949949264526e-1,-1.33103474974632263e-1,2.30655534833204001e-2,1.15327767416602001e-2,-2.66104847192764282e-1,-1.33052423596382141e-1
73,8,6.66666666666666630e-1,7.84313725490196068e-2,1.76470588235294101e-1,-4.86377298831939697e-1,-2.43188649415969849e-1,4.21420994214713462e-2,2.10710497107356731e-2,-4.86190736293792725e-1,-2.43095368146896362e-1
73,9,7.45098039215686292e-1,7.84313725490196068e-2,1.76470588235294101e-1,-6.77167534828186035e-1,-3.38583767414093018e-1,5.86722526699304525e-2,2.93361263349652263e-2,-6.76907777786254883e-1,-3.38453888893127441e-1
73,10,8.23529411764705843e-1,7.84313725490196068e-2,1.76470588235294101e-1,-8.27053368091583252e-1,-4.13526684045791626e-1,7.16549875214695930e-2,3.58274937607347965e-2,-8.26736152172088623e-1,-4.13368076086044312e-1
73,11,9.01960784313725505e-1,7.84313725490196068e-2,1.76470588235294101e-1,-9.26983654499053955e-1,-4.63491827249526978e-1,8.02927600219845716e-2,4.01463800109922858e-2,-9.26628172397613525e-1,-4.63314086198806763e-1
73,12,9.80392156862745057e-1,5.88235294117647189e-2,1.32352941176470618e-1,-9.70936417579650879e-1,-4.85468208789825439e-1,6.30447445437312126e-2,3.15223722718656063e-2,-9.70564305782318115e-1,-4.85282152891159058e-1
74,0,3.92156862745098034e-2,7.84313725490196068e-2,1.76470588235294101e-1,9.65011358261108398e-1,4.82505679130554199e-1,-8.36134873330593026e-2,-4.18067436665296513e-2,9.64641213417053223e-1,4.82320606708526611e-1
74,1,1.17647058823529410e-1,7.84313725490196068e-2,1.76470588235294101e-1,9.06718730926513672e-1,4.53359365463256836e-1,-7.85629313439130811e-2,-3.92814656719565405e-2,9.06370937824249268e-1,4.53185468912124634e-1
74,2,1.96078431372549017e-1,7.84313725490196068e-2,1.76470588235294101e-1,7.93654561042785645e-1,3.96827280521392822e-1,-6.87657555565238110e-2,-3.43828777782619055e-2,7.93350100517272949e-1,3.96675050258636475e-1
74,3,2.74509803921568651e-1,7.84313725490196068e-2,1.76470588235294101e-1,6.32649123668670654e-1,3.16324561834335327e-1,-5.48159820958971922e-2,-2.74079910479485961e-2,6.32406473159790039e-1,3.16203236579895020e-1
74,4,3.52941176470588203e-1,7.84313725490196068e-2,1.76470588235294101e-1,4.33427751064300537e-1,2.16713875532150269e-1,-3.75545010901987553e-2,-1.87772505450993776e-2,4.33261483907699585e-1,2.16630741953849792e-1
74,5,4.31372549019607865e-1,7.84313725490196068e-2,1.76470588235294101e-1,2.08024591207504272e-1,1.04012295603752136e-1,-1.80243298527784646e-2,-9.01216492638923228e-3,2.07944795489311218e-1,1.03972397744655609e-1
74,6,5.09803921568627416e-1,7.84313725490196068e-2,1.76470588235294101e-1,-2.99445502460002899e-2,-1.49722751230001450e-2,2.59456133935603850e-3,1.29728066967801925e-3,-2.99330633133649826e-2,-1.49665316566824913e-2
74,7,5.88235294117647078e-1,7.84313725490196068e-2,1.76470588235294101e-1,-2.66104847192764282e-1,-1.33052423596382141e-1,2.30567287537268850e-2,1.15283643768634425e-2,-2.66002774238586426e-1,-1.33001387119293213e-1
74,8,6.66666666666666630e-1,7.84313725490196068e-2,1.76470588235294101e-1,-4.86190736293792725e-1,-2.43095368146896362e-1,4.21259407885372639e-2,2.10629703942686319e-2,-4.86004233360290527e-1,-2.43002116680145264e-1
74,9,7.45098039215686292e-1,7.84313725490196068e-2,1.76470588235294101e-1,-6.76907777786254883e-1,-3.38453888893127441e-1,5.86496818810701426e-2,2.93248409405350713e-2,-6.76648139953613281e-1,-3.38324069976806641e-1
74,10,8.23529411764705843e-1,7.84313725490196068e-2,1.76470588235294101e-1,-8.26736152172088623e-1,-4.13368076086044312e-1,7.16274579986929949e-2,3.58137289993464975e-2,-8.26419055461883545e-1,-4.13209527730941772e-1
74,11,9.01960784313725505e-1,7.84313725490196068e-2,1.76470588235294101e-1,-9.26628172397613525e-1,-4.63314086198806763e-1,8.02617251873016385e-2,4.01308625936508193e-2,-9.26272869110107422e-1,-4.63136434555053711e-1
74,12,9.80392156862745057e-1,5.88235294117647189e-2,1.32352941176470618e-1,-9.70564305782318115e-1,-4.85282152891159058e-1,6.30208913236856433e-2,3.15104456618428216e-2,-9.70192313194274902e-1,-4.85096156597137451e-1
75,0,3.92156862745098034e-2,7.84313725490196068e-2,1.76470588235294101e-1,9.64641213417053223e-1,4.82320606708526611e-1,-8.35814265534281647e-2,-4.17907132767140824e-2,9.64271187782287598e-1,4.82135593891143799e-1
75,1,1.17647058823529410e-1,7.84313725490196068e-2,1.76470588235294101e-1,9.06370937824249268e-1,4.53185468912124634e-1,-7.85328369587659919e-2,-3.92664184793829960e-2,9.06023263931274414e-1,4.53011631965637207e-1
75,2,1.96078431372549017e-1,7.84313725490196068e-2,1.76470588235294101e-1,7.93350100517272949e-1,3.96675050258636475e-1,-6.87392519786953760e-2,-3.43696259893476880e-2,7.93045759201049805e-1,3.96522879600524902e-1
75,3,2.74509803921568651e-1,7.84313725490196068e-2,1.76470588235294101e-1,6.32406473159790039e-1,3.16203236579895020e-1,-5.47950784675777236e-2,-2.73975392337888618e-2,6.32163882255554199e-1,3.16081941127777100e-1
75,4,3.52941176470588203e-1,7.84313725490196068e-2,1.76470588235294101e-1,4.33261483907699585e-1,2.16630741953849792e-1,-3.75400309916585351e-2,-1.87700154958292675e-2,4.33095276355743408e-1,2.16547638177871704e-1
75,5,4.31372549019607865e-1,7.84313725490196068e-2,1.76470588235294101e-1,2.07944795489311218e-1,1.03972397744655609e-1,-1.80174287699628732e-2,-9.00871438498143662e-3,2.07865029573440552e-1,1.03932514786720276e-1
75,6,5.09803921568627416e-1,7.84313725490196068e-2,1.76470588235294101e-1,-2.99330633133649826e-2,-1.49665316566824913e-2,2.59356211172417916e-3,1.29678105586208958e-3,-2.99215819686651230e-2,-1.49607909843325615e-2
75,7,5.88235294117647078e-1,7.84313725490196068e-2,1.76470588235294101e-1,-2.66002774238586426e-1,-1.33001387119293213e-1,2.30478986806701980e-2,1.15239493403350990e-2,-2.65900731086730957e-1,-1.32950365543365479e-1
75,8,6.66666666666666630e-1,7.84313725490196068e-2,1.76470588235294101e-1,-4.86004233360290527e-1,-2.43002116680145264e-1,4.21097394078969733e-2,2.10548697039484867e-2,-4.85817819833755493e-1,-2.42908909916877747e-1
75,9,7.45098039215686292e-1,7.84313725490196068e-2,1.76470588235294101e-1,-6.76648139953613281e-1,-3.38324069976806641e-1,5.86271965876221657e-2,2.93135982938110828e-2,-6.76388621330261230e-1,-3.38194310665130615e-1
75,10,8.23529411764705843e-1,7.84313725490196068e-2,1.76470588235294101e-1,-8.26419055461883545e-1,-4.13209527730941772e-1,7.15998429805040359e-2,3.57999214902520180e-2,-8.26102077960968018e-1,-4.13051038980484009e-1
75,11,9.01960784313725505e-1,7.84313725490196068e-2,1.76470588235294101e-1,-9.26272869110107422e-1,-4.63136434555053711e-1,8.02308613434433854e-2,4.01154306717216927e-2,-9.25917685031890869e-1,-4.62958842515945435e-1
75,12,9.80392156862745057e-1,5.88235294117647189e-2,1.32352941176470618e-1,-9.70192313194274902e-1,-4.85096156597137451e-1,6.29969526082277270e-2,3.14984763041138635e-2,-9.69820439815521240e-1,-4.84910219907760620e-1
76,0,3.92156862745098034e-2,7.84313725490196068e-2,1.76470588235294101e-1,9.64271187782287598e-1,4.82135593891143799e-1,-8.35493657737970269e-2,-4.17746828868985134e-2,9.63901281356811523e-1,4.81950640678405762e-1
76,1,1.17647058823529410e-1,7.84313725490196068e-2,1.76470588235294101e-1,9.06023263931274414e-1,4.53011631965637207e-1,-7.85027425736189027e-2,-3.92513712868094514e-2,9.05675709247589111e-1,4.52837854623794556e-1
76,2,1.96078431372549017e-1,7.84313725490196068e-2,1.76470588235294101e-1,7.93045759201049805e-1,3.96522879600524902e-1,-6.87128338962793295e-2,-3.43564169481396647e-2,7.92741537094116211e-1,3.96370768547058105e-1
76,3,2.74509803921568651e-1,7.84313725490196068e-2,1.76470588235294101e-1,6.32163882255554199e-1,3.16081941127777100e-1,-5.47740893438458110e-2,-2.73870446719229055e-2,6.31921410560607910e-1,3.15960705280303955e-1
76,4,3.52941176470588203e-1,7.84313725490196068e-2,1.76470588235294101e-1,4.33095276355743408e-1,2.16547638177871704e-1,-3.75256036408245786e-2,-1.87628018204122893e-2,4.32929158210754395e-1,2.16464579105377197e-1
76,5,4.31372549019607865e-1,7.84313725490196068e-2,1.76470588235294101e-1,2.07865029573440552e-1,1.03932514786720276e-1,-1.80105357023421786e-2,-9.00526785117108930e-3,2.07785293459892273e-1,1.03892646729946136e-1
76,6,5.09803921568627416e-1,7.84313725490196068e-2,1.76470588235294101e-1,-2.99215819686651230e-2,-1.49607909843325615e-2,2.59257891448216871e-3,1.29628945724108435e-3,-2.99101043492555618e-2,-1.49550521746277809e-2
76,7,5.88235294117647078e-1,7.84313725490196068e-2,1.76470588235294101e-1,-2.65900731086730957e-1,-1.32950365543365479e-1,2.30390178447123506e-2,1.15195089223561753e-2,-2.65798747539520264e-1,-1.32899373769760132e-1
76,8,6.66666666666666630e-1,7.84313725490196068e-2,1.76470588235294101e-1,-4.85817819833755493e-1,-2.42908909916877747e-1,4.20935807749628910e-2,2.10467903874814455e-2,-4.85631465911865234e-1,-2.42815732955932617e-1
76,9,7.45098039215686292e-1,7.84313725490196068e-2,1.76470588235294101e-1,-6.76388621330261230e-1,-3.38194310665130615e-1,5.86047540418803692e-2,2.93023770209401846e-2,-6.76129162311553955e-1,-3.38064581155776978e-1
76,10,8.23529411764705843e-1,7.84313725490196068e-2,1.76470588235294101e-1,-8.26102077960968018e-1,-4.13051038980484009e-1,7.15722279623150770e-2,3.57861139811575385e-2,-8.25785219669342041e-1,-4.12892609834671021e-1
76,11,9.01960784313725505e-1,7.84313725490196068e-2,1.76470588235294101e-1,-9.25917685031890869e-1,-4.62958842515945435e-1,8.01999974995851600e-2,4.00999987497925800e-2,-9.25562620162963867e-1,-4.62781310081481934e-1
76,12,9.80392156862745057e-1,5.88235294117647189e-2,1.32352941176470618e-1,-9.69820439815521240e-1,-4.84910219907760620e-1,6.29730138927698108e-2,3.14865069463849054e-2,-9.69448745250701904e-1,-4.84724372625350952e-1
77,0,3.92156862745098034e-2,7.84313725490196068e-2,1.76470588235294101e-1,9.63901281356811523e-1,4.81950640678405762e-1,-8.35173049941658890e-2,-4.17586524970829445e-2,9.63531553745269775e-1,4.81765776872634888e-1
77,1,1.17647058823529410e-1,7.84313725490196068e-2,1.76470588235294101e-1,9.05675709247589111e-1,4.52837854623794556e-1,-7.84726481884717858e-2,-3.92363240942358929e-2,9.05328333377838135e-1,4.52664166688919067e-1
77,2,1.96078431372549017e-1,7.84313725490196068e-2,1.76470588235294101e-1,7.92741537094116211e-1,3.96370768547058105e-1,-6.86864158138632830e-2,-3.43432079069316415e-2,7.92437434196472168e-1,3.96218717098236084e-1
77,3,2.74509803921568651e-1,7.84313725490196068e-2,1.76470588235294101e-1,6.31921410560607910e-1,3.15960705280303955e-1,-5.47531429678201897e-2,-2.73765714839100949e-2,6.31678998470306396e-1,3.15839499235153198e-1
77,4,3.52941176470588203e-1,7.84313725490196068e-2,1.76470588235294101e-1,4.32929158210754395e-1,2.16464579105377197e-1,-3.75112190376967192e-2,-1.87556095188483596e-2,4.32763099670410156e-1,2.16381549835205078e-1
77,5,4.31372549019607865e-1,7.84313725490196068e-2,1.76470588235294101e-1,2.07785293459892273e-1,1.03892646729946136e-1,-1.80036052304785588e-2,-9.00180261523927938e-3,2.07705587148666382e-1,1.03852793574333191e-1
77,6,5.09803921568627416e-1,7.84313725490196068e-2,1.76470588235294101e-1,-2.99101043492555618e-2,-1.49550521746277809e-2,2.59156365646051601e-3,1.29578182823025800e-3,-2.98986304551362991e-2,-1.49493152275681496e-2
77,7,5.88235294117647078e-1,7.84313725490196068e-2,1.76470588235294101e-1,-2.65798747539520264e-1,-1.32899373769760132e-1,2.30302171607035810e-2,1.15151085803517905e-2,-2.65696793794631958e-1,-1.32848396897315979e-1
77,8,6.66666666666666630e-1,7.84313725490196068e-2,1.76470588235294101e-1,-4.85631465911865234e-1,-2.42815732955932617e-1,4.20774221420288086e-2,2.10387110710144043e-2,-4.85445171594619751e-1,-2.42722585797309875e-1
77,9,7.45098039215686292e-1,7.84313725490196068e-2,1.76470588235294101e-1,-6.76129162311553955e-1,-3.38064581155776978e-1,5.85822260007262396e-2,2.92911130003631198e-2,-6.75869822502136230e-1,-3.37934911251068115e-1
77,10,8.23529411764705843e-1,7.84313725490196068e-2,1.76470588235294101e-1,-8.25785219669342041e-1,-4.12892609834671021e-1,7.15446984395384789e-2,3.57723492197692394e-2,-8.25468480587005615e-1,-4.12734240293502808e-1
77,11,9.01960784313725505e-1,7.84313725490196068e-2,1.76470588235294101e-1,-9.25562620162963867e-1,-4.62781310081481934e-1,8.01690481603145599e-2,4.00845240801572800e-2,-9.25207734107971191e-1,-4.62603867053985596e-1
77,12,9.80392156862745057e-1,5.88235294117647189e-2,1.32352941176470618e-1,-9.69448745250701904e-1,-4.84724372625350952e-1,6.29491606727242414e-2,3.14745803363621207e-2,-9.69077169895172119e-1,-4.84538584947586060e-1
78,0,3.92156862745098034e-2,7.84313725490196068e-2,1.76470588235294101e-1,9.63531553745269775e-1,4.81765776872634888e-1,-8.34852442145347512e-2,-4.17426221072673756e-2,9.63161945343017578e-1,4.81580972671508789e-1
78,1,1.17647058823529410e-1,7.84313725490196068e-2,1.76470588235294101e-1,9.05328333377838135e-1,4.52664166688919067e-1,-7.84426392987370574e-2,-3.92213196493685287e-2,9.04981076717376709e-1,4.52490538358688354e-1
78,2,1.96078431372549017e-1,7.84313725490196068e-2,1.76470588235294101e-1,7.92437434196472168e-1,3.96218717098236084e-1,-6.86599977314472087e-2,-3.43299988657236044e-2,7.92133450508117676e-1,3.96066725254058838e-1
78,3,2.74509803921568651e-1,7.84313725490196068e-2,1.76470588235294101e-1,6.31678998470306396e-1,3.15839499235153198e-1,-5.47321110963821522e-2,-2.73660555481910761e-2,6.31436705589294434e-1,3.15718352794647217e-1
78,4,3.52941176470588203e-1,7.84313725490196068e-2,1.76470588235294101e-1,4.32763099670410156e-1,2.16381549835205078e-1,-3.74968771822750679e-2,-1.87484385911375340e-2,4.32597100734710693e-1,2.16298550367355347e-1
78,5,4.31372549019607865e-1,7.84313725490196068e-2,1.76470588235294101e-1,2.07705587148666382e-1,1.03852793574333191e-1,-1.79966801020782219e-2,-8.99834005103911094e-3,2.07625910639762878e-1,1.03812955319881439e-1
78,6,5.09803921568627416e-1,7.84313725490196068e-2,1.76470588235294101e-1,-2.98986304551362991e-2,-1.49493152275681496e-2,2.59055908536537371e-3,1.29527954268268686e-3,-2.98871621489524841e-2,-1.49435810744762421e-2
78,7,5.88235294117647078e-1,7.84313725490196068e-2,1.76470588235294101e-1,-2.65696793794631958e-1,-1.32848396897315979e-1,2.30214111332315841e-2,1.15107055666157920e-2,-2.65594869852066040e-1,-1.32797434926033020e-1
78,8,6.66666666666666630e-1,7.84313725490196068e-2,1.76470588235294101e-1,-4.85445171594619751e-1,-2.42722585797309875e-1,4.20612207613885736e-2,2.10306103806942868e-2,-4.85258966684341431e-1,-2.42629483342170715e-1
78,9,7.45098039215686292e-1,7.84313725490196068e-2,1.76470588235294101e-1,-6.75869822502136230e-1,-3.37934911251068115e-1,5.85597834549844154e-2,2.92798917274922077e-2,-6.75610601902008057e-1,-3.37805300951004028e-1
78,10,8.23529411764705843e-1,7.84313725490196068e-2,1.76470588235294101e-1,-8.25468480587005615e-1,-4.12734240293502808e-1,7.15170834213495199e-2,3.57585417106747600e-2,-8.25151860713958740e-1,-4.12575930356979370e-1
78,11,9.01960784313725505e-1,7.84313725490196068e-2,1.76470588235294101e-1,-9.25207734107971191e-1,-4.62603867053985596e-1,8.01382698118686676e-2,4.00691349059343338e-2,-9.24852967262268066e-1,-4.62426483631134033e-1
78,12,9.80392156862745057e-1,5.88235294117647189e-2,1.32352941176470618e-1,-9.69077169895172119e-1,-4.84538584947586060e-1,6.29252219572663252e-2,3.14626109786331626e-2,-9.68705713748931885e-1,-4.84352856874465942e-1
79,0,3.92156862745098034e-2,7.84313725490196068e-2,1.76470588235294101e-1,9.63161945343017578e-1,4.81580972671508789e-1,-8.34531834349036133e-2,-4.17265917174518067e-2,9.62792515754699707e-1,4.81396257877349854e-1
79,1,1.17647058823529410e-1,7.84313725490196068e-2,1.76470588235294101e-1,9.04981076717376709e-1,4.52490538358688354e-1,-7.84126304090023013e-2,-3.92063152045011507e-2,9.04633939266204834e-1,4.52316969633102417e-1
79,2,1.96078431372549017e-1,7.84313725490196068e-2,1.76470588235294101e-1,7.92133450508117676e-1,3.96066725254058838e-1,-6.86335796490311623e-2,-3.43167898245155811e-2,7.91829586029052734e-1,3.95914793014526367e-1
79,3,2.74509803921568651e-1,7.84313725490196068e-2,1.76470588235294101e-1,6.31436705589294434e-1,3.15718352794647217e-1,-5.47111647203564755e-2,-2.73555823601782377e-2,6.31194472312927246e-1,3.15597236156463623e-1
79,4,3.52941176470588203e-1,7.84313725490196068e-2,1.76470588235294101e-1,4.32597100734710693e-1,2.16298550367355347e-1,-3.74824925791472086e-2,-1.87412462895736043e-2,4.32431161403656006e-1,2.16215580701828003e-1
79,5,4.31372549019607865e-1,7.84313725490196068e-2,1.76470588235294101e-1,2.07625910639762878e-1,1.03812955319881439e-1,-1.79897629888728372e-2,-8.99488149443641860e-3,2.07546263933181763e-1,1.03773131966590881e-1
79,6,5.09803921568627416e-1,7.84313725490196068e-2,1.76470588235294101e-1,-2.98871621489524841e-2,-1.49435810744762421e-2,2.58957054466008030e-3,1.29478527233004015e-3,-2.98756975680589676e-2,-1.49378487840294838e-2
79,7,5.88235294117647078e-1,7.84313725490196068e-2,1.76470588235294101e-1,-2.65594869852066040e-1,-1.32797434926033020e-1,2.30125543428585377e-2,1.15062771714292689e-2,-2.65493005514144897e-1,-1.32746502757072449e-1
79,8,6.66666666666666630e-1,7.84313725490196068e-2,1.76470588235294101e-1,-4.85258966684341431e-1,-2.42629483342170715e-1,4.20450621284544357e-2,2.10225310642272178e-2,-4.85072821378707886e-1,-2.42536410689353943e-1
79,9,7.45098039215686292e-1,7.84313725490196068e-2,1.76470588235294101e-1,-6.75610601902008057e-1,-3.37805300951004028e-1,5.85373836569487993e-2,2.92686918284743997e-2,-6.75351440906524658e-1,-3.37675720453262329e-1
79,10,8.23529411764705843e-1,7.84313725490196068e-2,1.76470588235294101e-1,-8.25151860713958740e-1,-4.12575930356979370e-1,7.14894684031605609e-2,3.57447342015802805e-2,-8.24835360050201416e-1,-4.12417680025100708e-1
79,11,9.01960784313725505e-1,7.84313725490196068e-2,1.76470588235294101e-1,-9.24852967262268066e-1,-4.62426483631134033e-1,8.01074914634227753e-2,4.00537457317113876e-2,-9.24498319625854492e-1,-4.62249159812927246e-1
79,12,9.80392156862745057e-1,5.88235294117647189e-2,1.32352941176470618e-1,-9.68705713748931885e-1,-4.84352856874465942e-1,6.29012832418084089e-2,3.14506416209042045e-2,-9.68334436416625977e-1,-4.84167218208312988e-1
80,0,3.92156862745098034e-2,7.84313725490196068e-2,1.76470588235294101e-1,9.62792515754699707e-1,4.81396257877349854e-1,-8.34212081506848363e-2,-4.17106040753424182e-2,9.62423205375671387e-1,4.81211602687835693e-1
80,1,1.17647058823529410e-1,7.84313725490196068e-2,1.76470588235294101e-1,9.04633939266204834e-1,4.52316969633102417e-1,-7.83825360238552121e-2,-3.91912680119276061e-2,9.04286921024322510e-1,4.52143460512161255e-1
80,2,1.96078431372549017e-1,7.84313725490196068e-2,1.76470588235294101e-1,7.91829586029052734e-1,3.95914793014526367e-1,-6.86072470620274488e-2,-3.43036235310137244e-2,7.91525840759277344e-1,3.95762920379638672e-1
80,3,2.74509803921568651e-1,7.84313725490196068e-2,1.76470588235294101e-1,6.31194472312927246e-1,3.15597236156463623e-1,-5.46901328489184380e-2,-2.73450664244592190e-2,6.30952358245849609e-1,3.15476179122924805e-1
80,4,3.52941176470588203e-1,7.84313725490196068e-2,1.76470588235294101e-1,4.32431161403656006e-1,2.16215580701828003e-1,-3.74681507237255573e-2,-1.87340753618627787e-2,4.32265281677246094e-1,2.16132640838623047e-1
80,5,4.31372549019607865e-1,7.84313725490196068e-2,1.76470588235294101e-1,2.07546263933181763e-1,1.03773131966590881e-1,-1.79828512191306800e-2,-8.99142560956533998e-3,2.07466647028923035e-1,1.03733323514461517e-1
80,6,5.09803921568627416e-1,7.84313725490196068e-2,1.76470588235294101e-1,-2.98756975680589676e-2,-1.49378487840294838e-2,2.58854994317520015e-3,1.29427497158760008e-3,-2.98642385751008987e-2,-1.49321192875504494e-2
80,7,5.88235294117647078e-1,7.84313725490196068e-2,1.76470588235294101e-1,-2.65493005514144897e-1,-1.32746502757072449e-1,2.30037777044344582e-2,1.15018888522172291e-2,-2.65391170978546143e-1,-1.32695585489273071e-1
80,8,6.66666666666666630e-1,7.84313725490196068e-2,1.76470588235294101e-1,-4.85072821378707886e-1,-2.42536410689353943e-1,4.20289034955203533e-2,2.10144517477601767e-2,-4.84886765480041504e-1,-2.42443382740020752e-1
80,9,7.45098039215686292e-1,7.84313725490196068e-2,1.76470588235294101e-1,-6.75351440906524658e-1,-3.37675720453262329e-1,5.85148983635008224e-2,2.92574491817504112e-2,-6.75092399120330811e-1,-3.37546199560165405e-1
80,10,8.23529411764705843e-1,7.84313725490196068e-2,1.76470588235294101e-1,-8.24835360050201416e-1,-4.12417680025100708e-1,7.14619388803839628e-2,3.57309694401919814e-2,-8.24518978595733643e-1,-4.12259489297866821e-1
80,11,9.01960784313725505e-1,7.84313725490196068e-2,1.76470588235294101e-1,-9.24498319625854492e-1,-4.62249159812927246e-1,8.00766276195645360e-2,4.00383138097822680e-2,-9.24143791198730469e-1,-4.62071895599365234e-1
80,12,9.80392156862745057e-1,5.88235294117647189e-2,1.32352941176470618e-1,-9.68334436416625977e-1,-4.84167218208312988e-1,6.28774300217628396e-2,3.14387150108814198e-2,-9.67963278293609619e-1,-4.83981639146804810e-1
81,0,3.92156862745098034e-2,7.84313725490196068e-2,1.76470588235294101e-1,9.62423205375671387e-1,4.81211602687835693e-1,-8.33892328664660454e-2,-4.16946164332330227e-2,9.62054014205932617e-1,4.81027007102966309e-1
81,1,1.17647058823529410e-1,7.84313725490196068e-2,1.76470588235294101e-1,9.04286921024322510e-1,4.52143460512161255e-1,-7.83524416387081091e-2,-3.91762208193540545e-2,9.03940021991729736e-1,4.51970010995864868e-1
81,2,1.96078431372549017e-1,7.84313725490196068e-2,1.76470588235294101e-1,7.91525840759277344e-1,3.95762920379638672e-1,-6.85809144750237354e-2,-3.42904572375118677e-2,7.91222214698791504e-1,3.95611107349395752e-1
81,3,2.74509803921568651e-1,7.84313725490196068e-2,1.76470588235294101e-1,6.30952358245849609e-1,3.15476179122924805e-1,-5.46691864728927890e-2,-2.73345932364463945e-2,6.30710303783416748e-1,3.15355151891708374e-1
81,4,3.52941176470588203e-1,7.84313725490196068e-2,1.76470588235294101e-1,4.32265281677246094e-1,2.16132640838623047e-1,-3.74537661205976979e-2,-1.87268830602988490e-2,4.32099461555480957e-1,2.16049730777740479e-1
81,5,4.31372549019607865e-1,7.84313725490196068e-2,1.76470588235294101e-1,2.07466647028923035e-1,1.03733323514461517e-1,-1.79759474645834194e-2,-8.98797373229170971e-3,2.07387059926986694e-1,1.03693529963493347e-1
81,6,5.09803921568627416e-1,7.84313725490196068e-2,1.76470588235294101e-1,-2.98642385751008987e-2,-1.49321192875504494e-2,2.58754537208005786e-3,1.29377268604002893e-3,-2.98527833074331284e-2,-1.49263916537165642e-2
81,7,5.88235294117647078e-1,7.84313725490196068e-2,1.76470588235294101e-1,-2.65391170978546143e-1,-1.32695585489273071e-1,2.29949503031093294e-2,1.14974751515546647e-2,-2.65289366245269775e-1,-1.32644683122634888e-1
81,8,6.66666666666666630e-1,7.84313725490196068e-2,1.76470588235294101e-1,-4.84886765480041504e-1,-2.42443382740020752e-1,4.20127876102924236e-2,2.10063938051462118e-2,-4.84700769186019897e-1,-2.42350384593009949e-1
81,9,7.45098039215686292e-1,7.84313725490196068e-2,1.76470588235294101e-1,-6.75092399120330811e-1,-3.37546199560165405e-1,5.84924558177590537e-2,2.92462279088795268e-2,-6.74833476543426514e-1,-3.37416738271713257e-1
81,10,8.23529411764705843e-1,7.84313725490196068e-2,1.76470588235294101e-1,-8.24518978595733643e-1,-4.12259489297866821e-1,7.14344093576073647e-2,3.57172046788036823e-2,-8.24202716350555420e-1,-4.12101358175277710e-1
81,11,9.01960784313725505e-1,7.84313725490196068e-2,1.76470588235294101e-1,-9.24143791198730469e-1,-4.62071895599365234e-1,8.00457637757062829e-2,4.00228818878531414e-2,-9.23789441585540771e-1,-4.61894720792770386e-1
81,12,9.80392156862745057e-1,5.88235294117647189e-2,1.32352941176470618e-1,-9.67963278293609619e-1,-4.83981639146804810e-1,6.28535768017172841e-2,3.14267884008586421e-2,-9.67592239379882812e-1,-4.83796119689941406e-1
82,0,3.92156862745098034e-2,7.84313725490196068e-2,1.76470588235294101e-1,9.62054014205932617e-1,4.81027007102966309e-1,-8.33572575822472545e-2,-4.16786287911236272e-2,9.61685001850128174e-1,4.80842500925064087e-1
82,1,1.17647058823529410e-1,7.84313725490196068e-2,1.76470588235294101e-1,9.03940021991729736e-1,4.51970010995864868e-1,-7.83223472535610060e-2,-3.91611736267805030e-2,9.03593301773071289e-1,4.51796650886535645e-1
82,2,1.96078431372549017e-1,7.84313725490196068e-2,1.76470588235294101e-1,7.91222214698791504e-1,3.95611107349395752e-1,-6.85546673834324105e-2,-3.42773336917162053e-2,7.90918707847595215e-1,3.95459353923797607e-1
82,3,2.74509803921568651e-1,7.84313725490196068e-2,1.76470588235294101e-1,6.30710303783416748e-1,3.15355151891708374e-1,-5.46481546014546959e-2,-2.73240773007273480e-2,6.30468368530273438e-1,3.15234184265136719e-1
82,4,3.52941176470588203e-1,7.84313725490196068e-2,1.76470588235294101e-1,4.32099461555480957e-1,2.16049730777740479e-1,-3.74394242651761022e-2,-1.87197121325880511e-2,4.31933701038360596e-1,2.15966850519180298e-1
82,5,4.31372549019607865e-1,7.84313725490196068e-2,1.76470588235294101e-1,2.07387059926986694e-1,1.03693529963493347e-1,-1.79690490534994418e-2,-8.98452452674972091e-3,2.07307502627372742e-1,1.03653751313686371e-1
82,6,5.09803921568627416e-1,7.84313725490196068e-2,1.76470588235294101e-1,-2.98527833074331284e-2,-1.49263916537165642e-2,2.58655148791148148e-3,1.29327574395574074e-3,-2.98413317650556564e-2,-1.49206658825278282e-2
82,7,5.88235294117647078e-1,7.84313725490196068e-2,1.76470588235294101e-1,-2.65289366245269775e-1,-1.32644683122634888e-1,2.29861175583209731e-2,1.14930587791604866e-2,-2.65187591314315796e-1,-1.32593795657157898e-1
82,8,6.66666666666666630e-1,7.84313725490196068e-2,1.76470588235294101e-1,-4.84700769186019897e-1,-2.42350384593009949e-1,4.19966289773583412e-2,2.09983144886791706e-2,-4.84514832496643066e-1,-2.42257416248321533e-1
82,9,7.45098039215686292e-1,7.84313725490196068e-2,1.76470588235294101e-1,-6.74833476543426514e-1,-3.37416738271713257e-1,5.84700987674295902e-2,2.92350493837147951e-2,-6.74574613571166992e-1,-3.37287306785583496e-1
82,10,8.23529411764705843e-1,7.84313725490196068e-2,1.76470588235294101e-1,-8.24202716350555420e-1,-4.12101358175277710e-1,7.14067943394184057e-2,3.57033971697092029e-2,-8.23886573314666748e-1,-4.11943286657333374e-1
82,11,9.01960784313725505e-1,7.84313725490196068e-2,1.76470588235294101e-1,-9.23789441585540771e-1,-4.61894720792770386e-1,8.00150709226727513e-2,4.00075354613363757e-2,-9.23435211181640625e-1,-4.61717605590820312e-1
82,12,9.80392156862745057e-1,5.88235294117647189e-2,1.32352941176470618e-1,-9.67592239379882812e-1,-4.83796119689941406e-1,6.28296380862593679e-2,3.14148190431296839e-2,-9.67221379280090332e-1,-4.83610689640045166e-1
83,0,3.92156862745098034e-2,7.84313725490196068e-2,1.76470588235294101e-1,9.61685001850128174e-1,4.80842500925064087e-1,-8.33252822980284635e-2,-4.16626411490142318e-2,9.61316108703613281e-1,4.80658054351806641e-1
83,1,1.17647058823529410e-1,7.84313725490196068e-2,1.76470588235294101e-1,9.03593301773071289e-1,4.51796650886535645e-1,-7.82923383638262638e-2,-3.91461691819131319e-2,9.03246700763702393e-1,4.51623350381851196e-1
83,2,1.96078431372549017e-1,7.84313725490196068e-2,1.76470588235294101e-1,7.90918707847595215e-1,3.95459353923797607e-1,-6.85283347964286971e-2,-3.42641673982143485e-2,7.90615320205688477e-1,3.95307660102844238e-1
83,3,2.74509803921568651e-1,7.84313725490196068e-2,1.76470588235294101e-1,6.30468368530273438e-1,3.15234184265136719e-1,-5.46272082254290470e-2,-2.73136041127145235e-2,6.30226552486419678e-1,3.15113276243209839e-1
83,4,3.52941176470588203e-1,7.84313725490196068e-2,1.76470588235294101e-1,4.31933701038360596e-1,2.15966850519180298e-1,-3.74250396620482428e-2,-1.87125198310241214e-2,4.31768029928207397e-1,2.15884014964103699e-1
83,5,4.31372549019607865e-1,7.84313725490196068e-2,1.76470588235294101e-1,2.07307502627372742e-1,1.03653751313686371e-1,-1.79621559858787472e-2,-8.98107799293937359e-3,2.07227990031242371e-1,1.03613995015621185e-1
83,6,5.09803921568627416e-1,7.84313725490196068e-2,1.76470588235294101e-1,-2.98413317650556564e-2,-1.49206658825278282e-2,2.58556829066947103e-3,1.29278414533473551e-3,-2.98298858106136322e-2,-1.49149429053068161e-2
83,7,5.88235294117647078e-1,7.84313725490196068e-2,1.76470588235294101e-1,-2.65187591314315796e-1,-1.32593795657157898e-1,2.29772794700693339e-2,1.14886397350346670e-2,-2.65085875988006592e-1,-1.32542937994003296e-1
83,8,6.66666666666666630e-1,7.84313725490196068e-2,1.76470588235294101e-1,-4.84514832496643066e-1,-2.42257416248321533e-1,4.19805130921304115e-2,2.09902565460652057e-2,-4.84328985214233398e-1,-2.42164492607116699e-1
83,9,7.45098039215686292e-1,7.84313725490196068e-2,1.76470588235294101e-1,-6.74574613571166992e-1,-3.37287306785583496e-1,5.84476562216877937e-2,2.92238281108438969e-2,-6.74315869808197021e-1,-3.37157934904098511e-1
83,10,8.23529411764705843e-1,7.84313725490196068e-2,1.76470588235294101e-1,-8.23886573314666748e-1,-4.11943286657333374e-1,7.13792648166418076e-2,3.56896324083209038e-2,-8.23570549488067627e-1,-4.11785274744033813e-1
83,11,9.01960784313725505e-1,7.84313725490196068e-2,1.76470588235294101e-1,-9.23435211181640625e-1,-4.61717605590820312e-1,7.99842925742268451e-2,3.99921462871134226e-2,-9.23081099987030029e-1,-4.61540549993515015e-1
83,12,9.80392156862745057e-1,5.88235294117647189e-2,1.32352941176470618e-1,-9.67221379280090332e-1,-4.83610689640045166e-1,6.28057848662137985e-2,3.14028924331068993e-2,-9.66850638389587402e-1,-4.83425319194793701e-1
84,0,3.92156862745098034e-2,7.84313725490196068e-2,1.76470588235294101e-1,9.61316108703613281e-1,4.80658054351806641e-1,-8.32933070138096726e-2,-4.16466535069048363e-2,9.60947334766387939e-1,4.80473667383193970e-1
84,1,1.17647058823529410e-1,7.84313725490196068e-2,1.76470588235294101e-1,9.03246700763702393e-1,4.51623350381851196e-1,-7.82623294740915215e-2,-3.91311647370457608e-2,9.02900218963623047e-1,4.51450109481811523e-1
84,2,1.96078431372549017e-1,7.84313725490196068e-2,1.76470588235294101e-1,7.90615320205688477e-1,3.95307660102844238e-1,-6.85020022094249836e-2,-3.42510011047124918e-2,7.90312051773071289e-1,3.95156025886535645e-1
84,3,2.74509803921568651e-1,7.84313725490196068e-2,1.76470588235294101e-1,6.30226552486419678e-1,3.15113276243209839e-1,-5.46063045971095506e-2,-2.73031522985547753e-2,6.29984796047210693e-1,3.14992398023605347e-1
84,4,3.52941176470588203e-1,7.84313725490196068e-2,1.76470588235294101e-1,4.31768029928207397e-1,2.15884014964103699e-1,-3.74106764327734598e-2,-1.87053382163867299e-2,4.31602418422698975e-1,2.15801209211349487e-1
84,5,4.31372549019607865e-1,7.84313725490196068e-2,1.76470588235294101e-1,2.07227990031242371e-1,1.03613995015621185e-1,-1.79552709334530047e-2,-8.97763546672650237e-3,2.07148507237434387e-1,1.03574253618717194e-1
84,6,5.09803921568627416e-1,7.84313725490196068e-2,1.76470588235294101e-1,-2.98298858106136322e-2,-1.49149429053068161e-2,2.58457974996417761e-3,1.29228987498208880e-3,-2.98184435814619064e-2,-1.49092217907309532e-2
84,7,5.88235294117647078e-1,7.84313725490196068e-2,1.76470588235294101e-1,-2.65085875988006592e-1,-1.32542937994003296e-1,2.29684761143289506e-2,1.14842380571644753e-2,-2.64984190464019775e-1,-1.32492095232009888e-1
84,8,6.66666666666666630e-1,7.84313725490196068e-2,1.76470588235294101e-1,-4.84328985214233398e-1,-2.42164492607116699e-1,4.19643972069024818e-2,2.09821986034512409e-2,-4.84143197536468506e-1,-2.42071598768234253e-1
84,9,7.45098039215686292e-1,7.84313725490196068e-2,1.76470588235294101e-1,-6.74315869808197021e-1,-3.37157934904098511e-1,5.84252564236521776e-2,2.92126282118260888e-2,-6.74057245254516602e-1,-3.37028622627258301e-1
84,10,8.23529411764705843e-1,7.84313725490196068e-2,1.76470588235294101e-1,-8.23570549488067627e-1,-4.11785274744033813e-1,7.13517352938652094e-2,3.56758676469326047e-2,-8.23254644870758057e-1,-4.11627322435379028e-1
84,11,9.01960784313725505e-1,7.84313725490196068e-2,1.76470588235294101e-1,-9.23081099987030029e-1,-4.61540549993515015e-1,7.99535142257809667e-2,3.99767571128904833e-2,-9.22727167606353760e-1,-4.61363583803176880e-1
84,12,9.80392156862745057e-1,5.88235294117647189e-2,1.32352941176470618e-1,-9.66850638389587402e-1,-4.83425319194793701e-1,6.27819316461682292e-2,3.13909658230841146e-2,-9.66480076313018799e-1,-4.83240038156509399e-1
85,0,3.92156862745098034e-2,7.84313725490196068e-2,1.76470588235294101e-1,9.60947334766387939e-1,4.80473667383193970e-1,-8.32613317295908956e-2,-4.16306658647954478e-2,9.60578739643096924e-1,4.80289369821548462e-1
85,1,1.17647058823529410e-1,7.84313725490196068e-2,1.76470588235294101e-1,9.02900218963623047e-1,4.51450109481811523e-1,-7.82323205843567654e-2,-3.91161602921783827e-2,9.02553856372833252e-1,4.51276928186416626e-1
85,2,1.96078431372549017e-1,7.84313725490196068e-2,1.76470588235294101e-1,7.90312051773071289e-1,3.95156025886535645e-1,-6.84757551178336310e-2,-3.42378775589168155e-2,7.90008902549743652e-1,3.95004451274871826e-1
85,3,2.74509803921568651e-1,7.84313725490196068e-2,1.76470588235294101e-1,6.29984796047210693e-1,3.14992398023605347e-1,-5.45853154733776935e-2,-2.72926577366888468e-2,6.29743158817291260e-1,3.14871579408645630e-1
85,4,3.52941176470588203e-1,7.84313725490196068e-2,1.76470588235294101e-1,4.31602418422698975e-1,2.15801209211349487e-1,-3.73963559512048849e-2,-1.86981779756024424e-2,4.31436866521835327e-1,2.15718433260917664e-1
85,5,4.31372549019607865e-1,7.84313725490196068e-2,1.76470588235294101e-1,2.07148507237434387e-1,1.03574253618717194e-1,-1.79483912244904897e-2,-8.97419561224524487e-3,2.07069054245948792e-1,1.03534527122974396e-1
85,6,5.09803921568627416e-1,7.84313725490196068e-2,1.76470588235294101e-1,-2.98184435814619064e-2,-1.49092217907309532e-2,2.58360189618545011e-3,1.29180094809272505e-3,-2.98070050776004791e-2,-1.49035025388002396e-2
85,7,5.88235294117647078e-1,7.84313725490196068e-2,1.76470588235294101e-1,-2.64984190464019775e-1,-1.32492095232009888e-1,2.29596674151252844e-2,1.14798337075626422e-2,-2.64882534742355347e-1,-1.32441267371177673e-1
85,8,6.66666666666666630e-1,7.84313725490196068e-2,1.76470588235294101e-1,-4.84143197536468506e-1,-2.42071598768234253e-1,4.19482385739683994e-2,2.09741192869841997e-2,-4.83957499265670776e-1,-2.41978749632835388e-1
85,9,7.45098039215686292e-1,7.84313725490196068e-2,1.76470588235294101e-1,-6.74057245254516602e-1,-3.37028622627258301e-1,5.84029421210288946e-2,2.92014710605144473e-2,-6.73798680305480957e-1,-3.36899340152740479e-1
85,10,8.23529411764705843e-1,7.84313725490196068e-2,1.76470588235294101e-1,-8.23254644870758057e-1,-4.11627322435379028e-1,7.13241202756762505e-2,3.56620601378381252e-2,-8.22938859462738037e-1,-4.11469429731369019e-1
85,11,9.01960784313725505e-1,7.84313725490196068e-2,1.76470588235294101e-1,-9.22727167606353760e-1,-4.61363583803176880e-1,7.99228213727474213e-2,3.99614106863737106e-2,-9.22373354434967041e-1,-4.61186677217483521e-1
85,12,9.80392156862745057e-1,5.88235294117647189e-2,1.32352941176470618e-1,-9.66480076313018799e-1,-4.83240038156509399e-1,6.27580784261226599e-2,3.13790392130613299e-2,-9.66109633445739746e-1,-4.83054816722869873e-1
86,0,3.92156862745098034e-2,7.84313725490196068e-2,1.76470588235294101e-1,9.60578739643096924e-1,4.80289369821548462e-1,-8.32294419407844516e-2,-4.16147209703922258e-2,9.60210263729095459e-1,4.80105131864547729e-1
86,1,1.17647058823529410e-1,7.84313725490196068e-2,1.76470588235294101e-1,9.02553856372833252e-1,4.51276928186416626e-1,-7.82022261992096762e-2,-3.91011130996048381e-2,9.02207672595977783e-1,4.51103836297988892e-1
86,2,1.96078431372549017e-1,7.84313725490196068e-2,1.76470588235294101e-1,7.90008902549743652e-1,3.95004451274871826e-1,-6.84495080262422784e-2,-3.42247540131211392e-2,7.89705872535705566e-1,3.94852936267852783e-1
86,3,2.74509803921568651e-1,7.84313725490196068e-2,1.76470588235294101e-1,6.29743158817291260e-1,3.14871579408645630e-1,-5.45644118450581972e-2,-2.72822059225290986e-2,6.29501581192016602e-1,3.14750790596008301e-1
86,4,3.52941176470588203e-1,7.84313725490196068e-2,1.76470588235294101e-1,4.31436866521835327e-1,2.15718433260917664e-1,-3.73819927219301573e-2,-1.86909963609650787e-2,4.31271374225616455e-1,2.15635687112808228e-1
86,5,4.31372549019607865e-1,7.84313725490196068e-2,1.76470588235294101e-1,2.07069054245948792e-1,1.03534527122974396e-1,-1.79415168589912022e-2,-8.97075842949560109e-3,2.06989631056785583e-1,1.03494815528392792e-1
86,6,5.09803921568627416e-1,7.84313725490196068e-2,1.76470588235294101e-1,-2.98070050776004791e-2,-1.49035025388002396e-2,2.58263472933323301e-3,1.29131736466661651e-3,-2.97955721616744995e-2,-1.48977860808372498e-2
86,7,5.88235294117647078e-1,7.84313725490196068e-2,1.76470588235294101e-1,-2.64882534742355347e-1,-1.32441267371177673e-1,2.29508106247521826e-2,1.14754053123760913e-2,-2.64780938625335693e-1,-1.32390469312667847e-1
86,8,6.66666666666666630e-1,7.84313725490196068e-2,1.76470588235294101e-1,-4.83957499265670776e-1,-2.41978749632835388e-1,4.19322081841528305e-2,2.09661040920764152e-2,-4.83771860599517822e-1,-2.41885930299758911e-1
86,9,7.45098039215686292e-1,7.84313725490196068e-2,1.76470588235294101e-1,-6.73798680305480957e-1,-3.36899340152740479e-1,5.83804995752870981e-2,2.91902497876435491e-2,-6.73540234565734863e-1,-3.36770117282867432e-1
86,10,8.23529411764705843e-1,7.84313725490196068e-2,1.76470588235294101e-1,-8.22938859462738037e-1,-4.11469429731369019e-1,7.12965907528996523e-2,3.56482953764498262e-2,-8.22623252868652344e-1,-4.11311626434326172e-1
86,11,9.01960784313725505e-1,7.84313725490196068e-2,1.76470588235294101e-1,-9.22373354434967041e-1,-4.61186677217483521e-1,7.98921285197138759e-2,3.99460642598569379e-2,-9.22019660472869873e-1,-4.61009830236434937e-1
86,12,9.80392156862745057e-1,5.88235294117647189e-2,1.32352941176470618e-1,-9.66109633445739746e-1,-4.83054816722869873e-1,6.27342252060770905e-2,3.13671126030385453e-2,-9.65739309787750244e-1,-4.82869654893875122e-1
87,0,3.92156862745098034e-2,7.84313725490196068e-2,1.76470588235294101e-1,9.60210263729095459e-1,4.80105131864547729e-1,-8.31974666565656606e-2,-4.15987333282828303e-2,9.59841966629028320e-1,4.79920983314514160e-1
87,1,1.17647058823529410e-1,7.84313725490196068e-2,1.76470588235294101e-1,9.02207672595977783e-1,4.51103836297988892e-1,-7.81723028048872948e-2,-3.90861514024436474e-2,9.01861608028411865e-1,4.50930804014205933e-1
87,2,1.96078431372549017e-1,7.84313725490196068e-2,1.76470588235294101e-1,7.89705872535705566e-1,3.94852936267852783e-1,-6.84232609346508980e-2,-3.42116304673254490e-2,7.89402961730957031e-1,3.94701480865478516e-1
87,3,2.74509803921568651e-1,7.84313725490196068e-2,1.76470588235294101e-1,6.29501581192016602e-1,3.14750790596008301e-1,-5.45434227213263678e-2,-2.72717113606631839e-2,6.29260122776031494e-1,3.14630061388015747e-1
87,4,3.52941176470588203e-1,7.84313725490196068e-2,1.76470588235294101e-1,4.31271374225616455e-1,2.15635687112808228e-1,-3.73676722403615269e-2,-1.86838361201807635e-2,4.31105941534042358e-1,2.15552970767021179e-1
87,5,4.31372549019607865e-1,7.84313725490196068e-2,1.76470588235294101e-1,2.06989631056785583e-1,1.03494815528392792e-1,-1.79346505086869223e-2,-8.96732525434346117e-3,2.06910237669944763e-1,1.03455118834972382e-1
87,6,5.09803921568627416e-1,7.84313725490196068e-2,1.76470588235294101e-1,-2.97955721616744995e-2,-1.48977860808372498e-2,2.58164084516465664e-3,1.29082042258232832e-3,-2.97841429710388184e-2,-1.48920714855194092e-2
87,7,5.88235294117647078e-1,7.84313725490196068e-2,1.76470588235294101e-1,-2.64780938625335693e-1,-1.32390469312667847e-1,2.29420313145965449e-2,1.14710156572982724e-2,-2.64679372310638428e-1,-1.32339686155319214e-1
87,8,6.66666666666666630e-1,7.84313725490196068e-2,1.76470588235294101e-1,-4.83771860599517822e-1,-2.41885930299758911e-1,4.19160922989249007e-2,2.09580461494624504e-2,-4.83586281538009644e-1,-2.41793140769004822e-1
87,9,7.45098039215686292e-1,7.84313725490196068e-2,1.76470588235294101e-1,-6.73540234565734863e-1,-3.36770117282867432e-1,5.83580570295453016e-2,2.91790285147726508e-2,-6.73281908035278320e-1,-3.36640954017639160e-1
87,10,8.23529411764705843e-1,7.84313725490196068e-2,1.76470588235294101e-1,-8.22623252868652344e-1,-4.11311626434326172e-1,7.12692322209477480e-2,3.56346161104738740e-2,-8.22307765483856201e-1,-4.11153882741928101e-1
87,11,9.01960784313725505e-1,7.84313725490196068e-2,1.76470588235294101e-1,-9.22019660472869873e-1,-4.61009830236434937e-1,7.98613501712679835e-2,3.99306750856339918e-2,-9.21666085720062256e-1,-4.60833042860031128e-1
87,12,9.80392156862745057e-1,5.88235294117647189e-2,1.32352941176470618e-1,-9.65739309787750244e-1,-4.82869654893875122e-1,6.27103719860315351e-2,3.13551859930157675e-2,-9.65369164943695068e-1,-4.82684582471847534e-1
88,0,3.92156862745098034e-2,7.84313725490196068e-2,1.76470588235294101e-1,9.59841966629028320e-1,4.79920983314514160e-1,-8.31655768677592305e-2,-4.15827884338796153e-2,9.59473788738250732e-1,4.79736894369125366e-1
88,1,1.17647058823529410e-1,7.84313725490196068e-2,1.76470588235294101e-1,9.01861608028411865e-1,4.50930804014205933e-1,-7.81422939151525525e-2,-3.90711469575762763e-2,9.01515662670135498e-1,4.50757831335067749e-1
88,2,1.96078431372549017e-1,7.84313725490196068e-2,1.76470588235294101e-1,7.89402961730957031e-1,3.94701480865478516e-1,-6.83970138430595176e-2,-3.41985069215297588e-2,7.89100170135498047e-1,3.94550085067749023e-1
88,3,2.74509803921568651e-1,7.84313725490196068e-2,1.76470588235294101e-1,6.29260122776031494e-1,3.14630061388015747e-1,-5.45225190930068437e-2,-2.72612595465034219e-2,6.29018723964691162e-1,3.14509361982345581e-1
88,4,3.52941176470588203e-1,7.84313725490196068e-2,1.76470588235294101e-1,4.31105941534042358e-1,2.15552970767021179e-1,-3.73533090110868549e-2,-1.86766545055434274e-2,4.30940568447113037e-1,2.15470284223556519e-1
88,5,4.31372549019607865e-1,7.84313725490196068e-2,1.76470588235294101e-1,2.06910237669944763e-1,1.03455118834972382e-1,-1.79277895018458144e-2,-8.96389475092290722e-3,2.06830874085426331e-1,1.03415437042713165e-1
88,6,5.09803921568627416e-1,7.84313725490196068e-2,1.76470588235294101e-1,-2.97841429710388184e-2,-1.48920714855194092e-2,2.58065764792264618e-3,1.29032882396132309e-3,-2.97727175056934357e-2,-1.48863587528467178e-2
88,7,5.88235294117647078e-1,7.84313725490196068e-2,1.76470588235294101e-1,-2.64679372310638428e-1,-1.32339686155319214e-1,2.29332466609775687e-2,1.14666233304887843e-2,-2.64577835798263550e-1,-1.32288917899131775e-1
88,8,6.66666666666666630e-1,7.84313725490196068e-2,1.76470588235294101e-1,-4.83586281538009644e-1,-2.41793140769004822e-1,4.18999336659908739e-2,2.09499668329954369e-2,-4.83400791883468628e-1,-2.41700395941734314e-1
88,9,7.45098039215686292e-1,7.84313725490196068e-2,1.76470588235294101e-1,-6.73281908035278320e-1,-3.36640954017639160e-1,5.83356999792158382e-2,2.91678499896079191e-2,-6.73023641109466553e-1,-3.36511820554733276e-1
88,10,8.23529411764705843e-1,7.84313725490196068e-2,1.76470588235294101e-1,-8.22307765483856201e-1,-4.11153882741928101e-1,7.12418736889958437e-2,3.56209368444979219e-2,-8.21992397308349609e-1,-4.10996198654174805e-1
88,11,9.01960784313725505e-1,7.84313725490196068e-2,1.76470588235294101e-1,-9.21666085720062256e-1,-4.60833042860031128e-1,7.98304863274097304e-2,3.99152431637048652e-2,-9.21312689781188965e-1,-4.60656344890594482e-1
88,12,9.80392156862745057e-1,5.88235294117647189e-2,1.32352941176470618e-1,-9.65369164943695068e-1,-4.82684582471847534e-1,6.26866042613983127e-2,3.13433021306991563e-2,-9.64999139308929443e-1,-4.82499569654464722e-1
89,0,3.92156862745098034e-2,7.84313725490196068e-2,1.76470588235294101e-1,9.59473788738250732e-1,4.79736894369125366e-1,-8.31336870789527865e-2,-4.15668435394763933e-2,9.59105730056762695e-1,4.79552865028381348e-1
89,1,1.17647058823529410e-1,7.84313725490196068e-2,1.76470588235294101e-1,9.01515662670135498e-1,4.50757831335067749e-1,-7.81122850254177964e-2,-3.90561425127088982e-2,9.01169836521148682e-1,4.50584918260574341e-1
89,2,1.96078431372549017e-1,7.84313725490196068e-2,1.76470588235294101e-1,7.89100170135498047e-1,3.94550085067749023e-1,-6.83708522468805258e-2,-3.41854261234402629e-2,7.88797497749328613e-1,3.94398748874664307e-1
89,3,2.74509803921568651e-1,7.84313725490196068e-2,1.76470588235294101e-1,6.29018723964691162e-1,3.14509361982345581e-1,-5.45015299692750144e-2,-2.72507649846375072e-2,6.28777444362640381e-1,3.14388722181320190e-1
89,4,3.52941176470588203e-1,7.84313725490196068e-2,1.76470588235294101e-1,4.30940568447113037e-1,2.15470284223556519e-1,-3.73389885295182244e-2,-1.86694942647591122e-2,4.30775254964828491e-1,2.15387627482414246e-1
89,5,4.31372549019607865e-1,7.84313725490196068e-2,1.76470588235294101e-1,2.06830874085426331e-1,1.03415437042713165e-1,-1.79209338384680450e-2,-8.96046691923402250e-3,2.06751540303230286e-1,1.03375770151615143e-1
89,6,5.09803921568627416e-1,7.84313725490196068e-2,1.76470588235294101e-1,-2.97727175056934357e-2,-1.48863587528467178e-2,2.57968513760714613e-3,1.28984256880357306e-3,-2.97612976282835007e-2,-1.48806488141417503e-2
89,7,5.88235294117647078e-1,7.84313725490196068e-2,1.76470588235294101e-1,-2.64577835798263550e-1,-1.32288917899131775e-1,2.29244139161892124e-2,1.14622069580946062e-2,-2.64476358890533447e-1,-1.32238179445266724e-1
89,8,6.66666666666666630e-1,7.84313725490196068e-2,1.76470588235294101e-1,-4.83400791883468628e-1,-2.41700395941734314e-1,4.18839032761752494e-2,2.09419516380876247e-2,-4.83215361833572388e-1,-2.41607680916786194e-1
89,9,7.45098039215686292e-1,7.84313725490196068e-2,1.76470588235294101e-1,-6.73023641109466553e-1,-3.36511820554733276e-1,5.83132146857679168e-2,2.91566073428839584e-2,-6.72765493392944336e-1,-3.36382746696472168e-1
89,10,8.23529411764705843e-1,7.84313725490196068e-2,1.76470588235294101e-1,-8.21992397308349609e-1,-4.10996198654174805e-1,7.12145151570439117e-2,3.56072575785219558e-2,-8.21677148342132568e-1,-4.10838574171066284e-1
89,11,9.01960784313725505e-1,7.84313725490196068e-2,1.76470588235294101e-1,-9.21312689781188965e-1,-4.60656344890594482e-1,7.97997934743762127e-2,3.98998967371881064e-2,-9.20959413051605225e-1,-4.60479706525802612e-1
89,12,9.80392156862745057e-1,5.88235294117647189e-2,1.32352941176470618e-1,-9.64999139308929443e-1,-4.82499569654464722e-1,6.26627510413527433e-2,3.13313755206763717e-2,-9.64629232883453369e-1,-4.82314616441726685e-1
90,0,3.92156862745098034e-2,7.84313725490196068e-2,1.76470588235294101e-1,9.59105730056762695e-1,4.79552865028381348e-1,-8.31017972901463425e-2,-4.15508986450731713e-2,9.58737850189208984e-1,4.79368925094604492e-1
90,1,1.17647058823529410e-1,7.84313725490196068e-2,1.76470588235294101e-1,9.01169836521148682e-1,4.50584918260574341e-1,-7.80822761356830680e-2,-3.90411380678415340e-2,9.00824189186096191e-1,4.50412094593048096e-1
90,2,1.96078431372549017e-1,7.84313725490196068e-2,1.76470588235294101e-1,7.88797497749328613e-1,3.94398748874664307e-1,-6.83446906507015062e-2,-3.41723453253507531e-2,7.88494944572448730e-1,3.94247472286224365e-1
90,3,2.74509803921568651e-1,7.84313725490196068e-2,1.76470588235294101e-1,6.28777444362640381e-1,3.14388722181320190e-1,-5.44806263409554903e-2,-2.72403131704777451e-2,6.28536224365234375e-1,3.14268112182617188e-1
90,4,3.52941176470588203e-1,7.84313725490196068e-2,1.76470588235294101e-1,4.30775254964828491e-1,2.15387627482414246e-1,-3.73246253002434969e-2,-1.86623126501217484e-2,4.30610001087188721e-1,2.15305000543594360e-1
90,5,4.31372549019607865e-1,7.84313725490196068e-2,1.76470588235294101e-1,2.06751540303230286e-1,1.03375770151615143e-1,-1.79140861902851722e-2,-8.95704309514258612e-3,2.06672236323356628e-1,1.03336118161678314e-1
90,6,5.09803921568627416e-1,7.84313725490196068e-2,1.76470588235294101e-1,-2.97612976282835007e-2,-1.48806488141417503e-2,2.57868590997534231e-3,1.28934295498767115e-3,-2.97498814761638641e-2,-1.48749407380819321e-2
90,7,5.88235294117647078e-1,7.84313725490196068e-2,1.76470588235294101e-1,-2.64476358890533447e-1,-1.32238179445266724e-1,2.29156586516182648e-2,1.14578293258091324e-2,-2.64374911785125732e-1,-1.32187455892562866e-1
90,8,6.66666666666666630e-1,7.84313725490196068e-2,1.76470588235294101e-1,-4.83215361833572388e-1,-2.41607680916786194e-1,4.18677873909473197e-2,2.09338936954736599e-2,-4.83030021190643311e-1,-2.41515010595321655e-1
90,9,7.45098039215686292e-1,7.84313725490196068e-2,1.76470588235294101e-1,-6.72765493392944336e-1,-3.36382746696472168e-1,5.82908148877322729e-2,2.91454074438661365e-2,-6.72507464885711670e-1,-3.36253732442855835e-1
90,10,8.23529411764705843e-1,7.84313725490196068e-2,1.76470588235294101e-1,-8.21677148342132568e-1,-4.10838574171066284e-1,7.11871566250920351e-2,3.55935783125460176e-2,-8.21362018585205078e-1,-4.10681009292602539e-1
90,11,9.01960784313725505e-1,7.84313725490196068e-2,1.76470588235294101e-1,-9.20959413051605225e-1,-4.60479706525802612e-1,7.97691006213426673e-2,3.98845503106713337e-2,-9.20606255531311035e-1,-4.60303127765655518e-1
90,12,9.80392156862745057e-1,5.88235294117647189e-2,1.32352941176470618e-1,-9.64629232883453369e-1,-4.82314616441726685e-1,6.26388978213071740e-2,3.13194489106535870e-2,-9.64259505271911621e-1,-4.82129752635955811e-1
91,0,3.92156862745098034e-2,7.84313725490196068e-2,1.76470588235294101e-1,9.58737850189208984e-1,4.79368925094604492e-1,-8.30699075013399124e-2,-4.15349537506699562e-2,9.58370089530944824e-1,4.79185044765472412e-1
91,1,1.17647058823529410e-1,7.84313725490196068e-2,1.76470588235294101e-1,9.00824189186096191e-1,4.50412094593048096e-1,-7.80523527413606588e-2,-3.90261763706803294e-2,9.00478661060333252e-1,4.50239330530166626e-1
91,2,1.96078431372549017e-1,7.84313725490196068e-2,1.76470588235294101e-1,7.88494944572448730e-1,3.94247472286224365e-1,-6.83185290545225143e-2,-3.41592645272612572e-2,7.88192510604858398e-1,3.94096255302429199e-1
91,3,2.74509803921568651e-1,7.84313725490196068e-2,1.76470588235294101e-1,6.28536224365234375e-1,3.14268112182617188e-1,-5.44596372172236609e-2,-2.72298186086118305e-2,6.28295123577117920e-1,3.14147561788558960e-1
91,4,3.52941176470588203e-1,7.84313725490196068e-2,1.76470588235294101e-1,4.30610001087188721e-1,2.15305000543594360e-1,-3.73103048186749220e-2,-1.86551524093374610e-2,4.30444836616516113e-1,2.15222418308258057e-1
91,5,4.31372549019607865e-1,7.84313725490196068e-2,1.76470588235294101e-1,2.06672236323356628e-1,1.03336118161678314e-1,-1.79072438855655269e-2,-8.95362194278276347e-3,2.06592962145805359e-1,1.03296481072902679e-1
91,6,5.09803921568627416e-1,7.84313725490196068e-2,1.76470588235294101e-1,-2.97498814761638641e-2,-1.48749407380819321e-2,2.57769736927004889e-3,1.28884868463502444e-3,-2.97384690493345261e-2,-1.48692345246672630e-2
91,7,5.88235294117647078e-1,7.84313725490196068e-2,1.76470588235294101e-1,-2.64374911785125732e-1,-1.32187455892562866e-1,2.29068552958778815e-2,1.14534276479389407e-2,-2.64273494482040405e-1,-1.32136747241020203e-1
91,8,6.66666666666666630e-1,7.84313725490196068e-2,1.76470588235294101e-1,-4.83030021190643311e-1,-2.41515010595321655e-1,4.18517142534255981e-2,2.09258571267127991e-2,-4.82844740152359009e-1,-2.41422370076179504e-1
91,9,7.45098039215686292e-1,7.84313725490196068e-2,1.76470588235294101e-1,-6.72507464885711670e-1,-3.36253732442855835e-1,5.82684578374028095e-2,2.91342289187014047e-2,-6.72249495983123779e-1,-3.36124747991561890e-1
91,10,8.23529411764705843e-1,7.84313725490196068e-2,1.76470588235294101e-1,-8.21362018585205078e-1,-4.10681009292602539e-1,7.11597980931401308e-2,3.55798990465700654e-2,-8.21047008037567139e-1,-4.10523504018783569e-1
91,11,9.01960784313725505e-1,7.84313725490196068e-2,1.76470588235294101e-1,-9.20606255531311035e-1,-4.60303127765655518e-1,7.97383222728967611e-2,3.98691611364483806e-2,-9.20253276824951172e-1,-4.60126638412475586e-1
91,12,9.80392156862745057e-1,5.88235294117647189e-2,1.32352941176470618e-1,-9.64259505271911621e-1,-4.82129752635955811e-1,6.26151300966739655e-2,3.13075650483369827e-2,-9.63889896869659424e-1,-4.81944948434829712e-1
92,0,3.92156862745098034e-2,7.84313725490196068e-2,1.76470588235294101e-1,9.58370089530944824e-1,4.79185044765472412e-1,-8.30380177125334684e-2,-4.15190088562667342e-2,9.58002448081970215e-1,4.79001224040985107e-1
92,1,1.17647058823529410e-1,7.84313725490196068e-2,1.76470588235294101e-1,9.00478661060333252e-1,4.50239330530166626e-1,-7.80224293470382635e-2,-3.90112146735191317e-2,9.00133252143859863e-1,4.50066626071929932e-1
92,2,1.96078431372549017e-1,7.84313725490196068e-2,1.76470588235294101e-1,7.88192510604858398e-1,3.94096255302429199e-1,-6.82923674583435225e-2,-3.41461837291717613e-2,7.87890195846557617e-1,3.93945097923278809e-1
92,3,2.74509803921568651e-1,7.84313725490196068e-2,1.76470588235294101e-1,6.28295123577117920e-1,3.14147561788558960e-1,-5.44386908411979287e-2,-2.72193454205989643e-2,6.28054141998291016e-1,3.14027070999145508e-1
92,4,3.52941176470588203e-1,7.84313725490196068e-2,1.76470588235294101e-1,4.30444836616516113e-1,2.15222418308258057e-1,-3.72960270848125552e-2,-1.86480135424062776e-2,4.30279731750488281e-1,2.15139865875244141e-1
92,5,4.31372549019607865e-1,7.84313725490196068e-2,1.76470588235294101e-1,2.06592962145805359e-1,1.03296481072902679e-1,-1.79003641766030119e-2,-8.95018208830150597e-3,2.06513717770576477e-1,1.03256858885288239e-1
92,6,5.09803921568627416e-1,7.84313725490196068e-2,1.76470588235294101e-1,-2.97384690493345261e-2,-1.48692345246672630e-2,2.57671951549126588e-3,1.28835975774563294e-3,-2.97270622104406357e-2,-1.48635311052203178e-2
92,7,5.88235294117647078e-1,7.84313725490196068e-2,1.76470588235294101e-1,-2.64273494482040405e-1,-1.32136747241020203e-1,2.28980465966742708e-2,1.14490232983371354e-2,-2.64172136783599854e-1,-1.32086068391799927e-1
92,8,6.66666666666666630e-1,7.84313725490196068e-2,1.76470588235294101e-1,-4.82844740152359009e-1,-2.41422370076179504e-1,4.18356838636100292e-2,2.09178419318050146e-2,-4.82659518718719482e-1,-2.41329759359359741e-1
92,9,7.45098039215686292e-1,7.84313725490196068e-2,1.76470588235294101e-1,-6.72249495983123779e-1,-3.36124747991561890e-1,5.82460152916609852e-2,2.91230076458304926e-2,-6.71991646289825439e-1,-3.35995823144912720e-1
92,10,8.23529411764705843e-1,7.84313725490196068e-2,1.76470588235294101e-1,-8.21047008037567139e-1,-4.10523504018783569e-1,7.11324395611882265e-2,3.55662197805941133e-2,-8.20732116699218750e-1,-4.10366058349609375e-1
92,11,9.01960784313725505e-1,7.84313725490196068e-2,1.76470588235294101e-1,-9.20253276824951172e-1,-4.60126638412475586e-1,7.97077149152755765e-2,3.98538574576377883e-2,-9.19900417327880859e-1,-4.59950208663940430e-1
92,12,9.80392156862745057e-1,5.88235294117647189e-2,1.32352941176470618e-1,-9.63889896869659424e-1,-4.81944948434829712e-1,6.25912768766283961e-2,3.12956384383141981e-2,-9.63520407676696777e-1,-4.81760203838348389e-1
93,0,3.92156862745098034e-2,7.84313725490196068e-2,1.76470588235294101e-1,9.58002448081970215e-1,4.79001224040985107e-1,-8.30061279237270383e-2,-4.15030639618635191e-2,9.57634985446929932e-1,4.78817492723464966e-1
93,1,1.17647058823529410e-1,7.84313725490196068e-2,1.76470588235294101e-1,9.00133252143859863e-1,4.50066626071929932e-1,-7.79925059527158543e-2,-3.89962529763579271e-2,8.99787962436676025e-1,4.49893981218338013e-1
93,2,1.96078431372549017e-1,7.84313725490196068e-2,1.76470588235294101e-1,7.87890195846557617e-1,3.93945097923278809e-1,-6.82662058621645029e-2,-3.41331029310822515e-2,7.87588000297546387e-1,3.93794000148773193e-1
93,3,2.74509803921568651e-1,7.84313725490196068e-2,1.76470588235294101e-1,6.28054141998291016e-1,3.14027070999145508e-1,-5.44178299605846405e-2,-2.72089149802923203e-2,6.27813220024108887e-1,3.13906610012054443e-1
93,4,3.52941176470588203e-1,7.84313725490196068e-2,1.76470588235294101e-1,4.30279731750488281e-1,2.15139865875244141e-1,-3.72817066032439248e-2,-1.86408533016219624e-2,4.30114686489105225e-1,2.15057343244552612e-1
93,5,4.31372549019607865e-1,7.84313725490196068e-2,1.76470588235294101e-1,2.06513717770576477e-1,1.03256858885288239e-1,-1.78934924828354491e-2,-8.94674624141772457e-3,2.06434503197669983e-1,1.03217251598834991e-1
93,6,5.09803921568627416e-1,7.84313725490196068e-2,1.76470588235294101e-1,-2.97270622104406357e-2,-1.48635311052203178e-2,2.57571494439617910e-3,1.28785747219808955e-3,-2.97156590968370438e-2,-1.48578295484185219e-2
93,7,5.88235294117647078e-1,7.84313725490196068e-2,1.76470588235294101e-1,-2.64172136783599854e-1,-1.32086068391799927e-1,2.28893153776880132e-2,1.14446576888440066e-2,-2.64070808887481689e-1,-1.32035404443740845e-1
93,8,6.66666666666666630e-1,7.84313725490196068e-2,1.76470588235294101e-1,-4.82659518718719482e-1,-2.41329759359359741e-1,4.18195679783820995e-2,2.09097839891910497e-2,-4.82474386692047119e-1,-2.41237193346023560e-1
93,9,7.45098039215686292e-1,7.84313725490196068e-2,1.76470588235294101e-1,-6.71991646289825439e-1,-3.35995823144912720e-1,5.82236582413316051e-2,2.91118291206658025e-2,-6.71733856201171875e-1,-3.35866928100585938e-1
93,10,8.23529411764705843e-1,7.84313725490196068e-2,1.76470588235294101e-1,-8.20732116699218750e-1,-4.10366058349609375e-1,7.11050810292362945e-2,3.55525405146181472e-2,-8.20417344570159912e-1,-4.10208672285079956e-1
93,11,9.01960784313725505e-1,7.84313725490196068e-2,1.76470588235294101e-1,-9.19900417327880859e-1,-4.59950208663940430e-1,7.96771075576543919e-2,3.98385537788271960e-2,-9.19547677040100098e-1,-4.59773838520050049e-1
93,12,9.80392156862745057e-1,5.88235294117647189e-2,1.32352941176470618e-1,-9.63520407676696777e-1,-4.81760203838348389e-1,6.25674236565828268e-2,3.12837118282914134e-2,-9.63151097297668457e-1,-4.81575548648834229e-1
94,0,3.92156862745098034e-2,7.84313725490196068e-2,1.76470588235294101e-1,9.57634985446929932e-1,4.78817492723464966e-1,-8.29743236303329412e-2,-4.14871618151664706e-2,9.57267642021179199e-1,4.78633821010589600e-1
94,1,1.17647058823529410e-1,7.84313725490196068e-2,1.76470588235294101e-1,8.99787962436676025e-1,4.49893981218338013e-1,-7.79624970629811398e-2,-3.89812485314905699e-2,8.99442791938781738e-1,4.49721395969390869e-1
94,2,1.96078431372549017e-1,7.84313725490196068e-2,1.76470588235294101e-1,7.87588000297546387e-1,3.93794000148773193e-1,-6.82401297613978164e-2,-3.41200648806989082e-2,7.87285923957824707e-1,3.93642961978912354e-1
94,3,2.74509803921568651e-1,7.84313725490196068e-2,1.76470588235294101e-1,6.27813220024108887e-1,3.13906610012054443e-1,-5.43968835845589915e-2,-2.71984417922794958e-2,6.27572417259216309e-1,3.13786208629608154e-1
94,4,3.52941176470588203e-1,7.84313725490196068e-2,1.76470588235294101e-1,4.30114686489105225e-1,2.15057343244552612e-1,-3.72674288693815026e-2,-1.86337144346907513e-2,4.29949700832366943e-1,2.14974850416183472e-1
94,5,4.31372549019607865e-1,7.84313725490196068e-2,1.76470588235294101e-1,2.06434503197669983e-1,1.03217251598834991e-1,-1.78866261325311138e-2,-8.94331306626555689e-3,2.06355318427085876e-1,1.03177659213542938e-1
94,6,5.09803921568627416e-1,7.84313725490196068e-2,1.76470588235294101e-1,-2.97156590968370438e-2,-1.48578295484185219e-2,2.57472106022760272e-3,1.28736053011380136e-3,-2.97042597085237503e-2,-1.48521298542618752e-2
94,7,5.88235294117647078e-1,7.84313725490196068e-2,1.76470588235294101e-1,-2.64070808887481689e-1,-1.32035404443740845e-1,2.28805360675323755e-2,1.14402680337661877e-2,-2.63969510793685913e-1,-1.31984755396842957e-1
94,8,6.66666666666666630e-1,7.84313725490196068e-2,1.76470588235294101e-1,-4.82474386692047119e-1,-2.41237193346023560e-1,4.18035803362727387e-2,2.09017901681363694e-2,-4.82289314270019531e-1,-2.41144657135009766e-1
94,9,7.45098039215686292e-1,7.84313725490196068e-2,1.76470588235294101e-1,-6.71733856201171875e-1,-3.35866928100585938e-1,5.82011729478835727e-2,2.91005864739417863e-2,-6.71476185321807861e-1,-3.35738092660903931e-1
94,10,8.23529411764705843e-1,7.84313725490196068e-2,1.76470588235294101e-1,-8.20417344570159912e-1,-4.10208672285079956e-1,7.10778079926967787e-2,3.55389039963483894e-2,-8.20102691650390625e-1,-4.10051345825195312e-1
94,11,9.01960784313725505e-1,7.84313725490196068e-2,1.76470588235294101e-1,-9.19547677040100098e-1,-4.59773838520050049e-1,7.96464147046208187e-2,3.98232073523104094e-2,-9.19195055961608887e-1,-4.59597527980804443e-1
94,12,9.80392156862745057e-1,5.88235294117647189e-2,1.32352941176470618e-1,-9.63151097297668457e-1,-4.81575548648834229e-1,6.25436559319496183e-2,3.12718279659748091e-2,-9.62781906127929688e-1,-4.81390953063964844e-1
95,0,3.92156862745098034e-2,7.84313725490196068e-2,1.76470588235294101e-1,9.57267642021179199e-1,4.78633821010589600e-1,-8.29425193369388580e-2,-4.14712596684694290e-2,9.56900477409362793e-1,4.78450238704681396e-1
95,1,1.17647058823529410e-1,7.84313725490196068e-2,1.76470588235294101e-1,8.99442791938781738e-1,4.49721395969390869e-1,-7.79324881732463837e-2,-3.89662440866231918e-2,8.99097800254821777e-1,4.49548900127410889e-1
95,2,1.96078431372549017e-1,7.84313725490196068e-2,1.76470588235294101e-1,7.87285923957824707e-1,3.93642961978912354e-1,-6.82140536606311854e-2,-3.41070268303155927e-2,7.86983907222747803e-1,3.93491953611373901e-1
95,3,2.74509803921568651e-1,7.84313725490196068e-2,1.76470588235294101e-1,6.27572417259216309e-1,3.13786208629608154e-1,-5.43760227039456201e-2,-2.71880113519728100e-2,6.27331674098968506e-1,3.13665837049484253e-1
95,4,3.52941176470588203e-1,7.84313725490196068e-2,1.76470588235294101e-1,4.29949700832366943e-1,2.14974850416183472e-1,-3.72531083878129832e-2,-1.86265541939064916e-2,4.29784774780273438e-1,2.14892387390136719e-1
95,5,4.31372549019607865e-1,7.84313725490196068e-2,1.76470588235294101e-1,2.06355318427085876e-1,1.03177659213542938e-1,-1.78797651256900059e-2,-8.93988256284500293e-3,2.06276163458824158e-1,1.03138081729412079e-1
95,6,5.09803921568627416e-1,7.84313725490196068e-2,1.76470588235294101e-1,-2.97042597085237503e-2,-1.48521298542618752e-2,2.57373786298559226e-3,1.28686893149279613e-3,-2.96928659081459045e-2,-1.48464329540729523e-2
95,7,5.88235294117647078e-1,7.84313725490196068e-2,1.76470588235294101e-1,-2.63969510793685913e-1,-1.31984755396842957e-1,2.28717514139133993e-2,1.14358757069566996e-2,-2.63868242502212524e-1,-1.31934121251106262e-1
95,8,6.66666666666666630e-1,7.84313725490196068e-2,1.76470588235294101e-1,-4.82289314270019531e-1,-2.41144657135009766e-1,4.17875499464571698e-2,2.08937749732285849e-2,-4.82104331254959106e-1,-2.41052165627479553e-1
95,9,7.45098039215686292e-1,7.84313725490196068e-2,1.76470588235294101e-1,-6.71476185321807861e-1,-3.35738092660903931e-1,5.81787731498479843e-2,2.90893865749239922e-2,-6.71218633651733398e-1,-3.35609316825866699e-1
95,10,8.23529411764705843e-1,7.84313725490196068e-2,1.76470588235294101e-1,-8.20102691650390625e-1,-4.10051345825195312e-1,7.10505349561572075e-2,3.55252674780786037e-2,-8.19788157939910889e-1,-4.09894078969955444e-1
95,11,9.01960784313725505e-1,7.84313725490196068e-2,1.76470588235294101e-1,-9.19195055961608887e-1,-4.59597527980804443e-1,7.96157218515872872e-2,3.98078609257936436e-2,-9.18842613697052002e-1,-4.59421306848526001e-1
95,12,9.80392156862745057e-1,5.88235294117647189e-2,1.32352941176470618e-1,-9.62781906127929688e-1,-4.81390953063964844e-1,6.25198882073163958e-2,3.12599441036581979e-2,-9.62412893772125244e-1,-4.81206446886062622e-1
96,0,3.92156862745098034e-2,7.84313725490196068e-2,1.76470588235294101e-1,9.56900477409362793e-1,4.78450238704681396e-1,-8.29107150435447610e-2,-4.14553575217723805e-2,9.56533432006835938e-1,4.78266716003417969e-1
96,1,1.17647058823529410e-1,7.84313725490196068e-2,1.76470588235294101e-1,8.99097800254821777e-1,4.49548900127410889e-1,-7.79026502743363353e-2,-3.89513251371681676e-2,8.98752927780151367e-1,4.49376463890075684e-1
96,2,1.96078431372549017e-1,7.84313725490196068e-2,1.76470588235294101e-1,7.86983907222747803e-1,3.93491953611373901e-1,-6.81878065690398327e-2,-3.40939032845199164e-2,7.86682009696960449e-1,3.93341004848480225e-1
96,3,2.74509803921568651e-1,7.84313725490196068e-2,1.76470588235294101e-1,6.27331674098968506e-1,3.13665837049484253e-1,-5.43551618233322764e-2,-2.71775809116661382e-2,6.27091050148010254e-1,3.13545525074005127e-1
96,4,3.52941176470588203e-1,7.84313725490196068e-2,1.76470588235294101e-1,4.29784774780273438e-1,2.14892387390136719e-1,-3.72388306539506164e-2,-1.86194153269753082e-2,4.29619908332824707e-1,2.14809954166412354e-1
96,5,4.31372549019607865e-1,7.84313725490196068e-2,1.76470588235294101e-1,2.06276163458824158e-1,1.03138081729412079e-1,-1.78729121340438502e-2,-8.93645606702192508e-3,2.06197038292884827e-1,1.03098519146442413e-1
96,6,5.09803921568627416e-1,7.84313725490196068e-2,1.76470588235294101e-1,-2.96928659081459045e-2,-1.48464329540729523e-2,2.57277069613337517e-3,1.28638534806668758e-3,-2.96814758330583572e-2,-1.48407379165291786e-2
96,7,5.88235294117647078e-1,7.84313725490196068e-2,1.76470588235294101e-1,-2.63868242502212524e-1,-1.31934121251106262e-1,2.28629159973934293e-2,1.14314579986967146e-2,-2.63767033815383911e-1,-1.31883516907691956e-1
96,8,6.66666666666666630e-1,7.84313725490196068e-2,1.76470588235294101e-1,-4.82104331254959106e-1,-2.41052165627479553e-1,4.17715623043477535e-2,2.08857811521738768e-2,-4.81919407844543457e-1,-2.40959703922271729e-1
96,9,7.45098039215686292e-1,7.84313725490196068e-2,1.76470588235294101e-1,-6.71218633651733398e-1,-3.35609316825866699e-1,5.81564160995185209e-2,2.90782080497592604e-2,-6.70961141586303711e-1,-3.35480570793151855e-1
96,10,8.23529411764705843e-1,7.84313725490196068e-2,1.76470588235294101e-1,-8.19788157939910889e-1,-4.09894078969955444e-1,7.10231764242053032e-2,3.55115882121026516e-2,-8.19473743438720703e-1,-4.09736871719360352e-1
96,11,9.01960784313725505e-1,7.84313725490196068e-2,1.76470588235294101e-1,-9.18842613697052002e-1,-4.59421306848526001e-1,7.95851144939661026e-2,3.97925572469830513e-2,-9.18490290641784668e-1,-4.59245145320892334e-1
96,12,9.80392156862745057e-1,5.88235294117647189e-2,1.32352941176470618e-1,-9.62412893772125244e-1,-4.81206446886062622e-1,6.24961204826831804e-2,3.12480602413415902e-2,-9.62044000625610352e-1,-4.81022000312805176e-1
97,0,3.92156862745098034e-2,7.84313725490196068e-2,1.76470588235294101e-1,9.56533432006835938e-1,4.78266716003417969e-1,-8.28789107501506778e-2,-4.14394553750753389e-2,9.56166505813598633e-1,4.78083252906799316e-1
97,1,1.17647058823529410e-1,7.84313725490196068e-2,1.76470588235294101e-1,8.98752927780151367e-1,4.49376463890075684e-1,-7.78728123754263007e-2,-3.89364061877131504e-2,8.98408174514770508e-1,4.49204087257385254e-1
97,2,1.96078431372549017e-1,7.84313725490196068e-2,1.76470588235294101e-1,7.86682009696960449e-1,3.93341004848480225e-1,-6.81615594774484523e-2,-3.40807797387242262e-2,7.86380231380462646e-1,3.93190115690231323e-1
97,3,2.74509803921568651e-1,7.84313725490196068e-2,1.76470588235294101e-1,6.27091050148010254e-1,3.13545525074005127e-1,-5.43343864381313491e-2,-2.71671932190656745e-2,6.26850485801696777e-1,3.13425242900848389e-1
97,4,3.52941176470588203e-1,7.84313725490196068e-2,1.76470588235294101e-1,4.29619908332824707e-1,2.14809954166412354e-1,-3.72245101723819860e-2,-1.86122550861909930e-2,4.29455101490020752e-1,2.14727550745010376e-1
97,5,4.31372549019607865e-1,7.84313725490196068e-2,1.76470588235294101e-1,2.06197038292884827e-1,1.03098519146442413e-1,-1.78660644858609774e-2,-8.93303224293048870e-3,2.06117942929267883e-1,1.03058971464633942e-1
97,6,5.09803921568627416e-1,7.84313725490196068e-2,1.76470588235294101e-1,-2.96814758330583572e-2,-1.48407379165291786e-2,2.57177146850151583e-3,1.28588573425075792e-3,-2.96700894832611084e-2,-1.48350447416305542e-2
97,7,5.88235294117647078e-1,7.84313725490196068e-2,1.76470588235294101e-1,-2.63767033815383911e-1,-1.31883516907691956e-1,2.28541607328225371e-2,1.14270803664112686e-2,-2.63665854930877686e-1,-1.31832927465438843e-1
97,8,6.66666666666666630e-1,7.84313725490196068e-2,1.76470588235294101e-1,-4.81919407844543457e-1,-2.40959703922271729e-1,4.17555746622383372e-2,2.08777873311191686e-2,-4.81734544038772583e-1,-2.40867272019386292e-1
97,9,7.45098039215686292e-1,7.84313725490196068e-2,1.76470588235294101e-1,-6.70961141586303711e-1,-3.35480570793151855e-1,5.81339735537767244e-2,2.90669867768883622e-2,-6.70703768730163574e-1,-3.35351884365081787e-1
97,10,8.23529411764705843e-1,7.84313725490196068e-2,1.76470588235294101e-1,-8.19473743438720703e-1,-4.09736871719360352e-1,7.09959033876657597e-2,3.54979516938328798e-2,-8.19159448146820068e-1,-4.09579724073410034e-1
97,11,9.01960784313725505e-1,7.84313725490196068e-2,1.76470588235294101e-1,-9.18490290641784668e-1,-4.59245145320892334e-1,7.95545071363449041e-2,3.97772535681724521e-2,-9.18138086795806885e-1,-4.59069043397903442e-1
97,12,9.80392156862745057e-1,5.88235294117647189e-2,1.32352941176470618e-1,-9.62044000625610352e-1,-4.81022000312805176e-1,6.24723527580499649e-2,3.12361763790249825e-2,-9.61675226688385010e-1,-4.80837613344192505e-1
98,0,3.92156862745098034e-2,7.84313725490196068e-2,1.76470588235294101e-1,9.56166505813598633e-1,4.78083252906799316e-1,-8.28471064567565946e-2,-4.14235532283782973e-2,9.55799758434295654e-1,4.77899879217147827e-1
98,1,1.17647058823529410e-1,7.84313725490196068e-2,1.76470588235294101e-1,8.98408174514770508e-1,4.49204087257385254e-1,-7.78429744765162385e-2,-3.89214872382581192e-2,8.98063540458679199e-1,4.49031770229339600e-1
98,2,1.96078431372549017e-1,7.84313725490196068e-2,1.76470588235294101e-1,7.86380231380462646e-1,3.93190115690231323e-1,-6.81353978812694605e-2,-3.40676989406347303e-2,7.86078572273254395e-1,3.93039286136627197e-1
98,3,2.74509803921568651e-1,7.84313725490196068e-2,1.76470588235294101e-1,6.26850485801696777e-1,3.13425242900848389e-1,-5.43135255575180054e-2,-2.71567627787590027e-2,6.26610040664672852e-1,3.13305020332336426e-1
98,4,3.52941176470588203e-1,7.84313725490196068e-2,1.76470588235294101e-1,4.29455101490020752e-1,2.14727550745010376e-1,-3.72102324385195637e-2,-1.86051162192597819e-2,4.29290354251861572e-1,2.14645177125930786e-1
98,5,4.31372549019607865e-1,7.84313725490196068e-2,1.76470588235294101e-1,2.06117942929267883e-1,1.03058971464633942e-1,-1.78592221811413876e-2,-8.92961109057069380e-3,2.06038877367973328e-1,1.03019438683986664e-1
98,6,5.09803921568627416e-1,7.84313725490196068e-2,1.76470588235294101e-1,-2.96700894832611084e-2,-1.48350447416305542e-2,2.57078292779622242e-3,1.28539146389811121e-3,-2.96587087213993073e-2,-1.48293543606996536e-2
98,7,5.88235294117647078e-1,7.84313725490196068e-2,1.76470588235294101e-1,-2.63665854930877686e-1,-1.31832927465438843e-1,2.28454001247883065e-2,1.14227000623941533e-2,-2.63564705848693848e-1,-1.31782352924346924e-1
98,8,6.66666666666666630e-1,7.84313725490196068e-2,1.76470588235294101e-1,-4.81734544038772583e-1,-2.40867272019386292e-1,4.17395442724227683e-2,2.08697721362113842e-2,-4.81549769639968872e-1,-2.40774884819984436e-1
98,9,7.45098039215686292e-1,7.84313725490196068e-2,1.76470588235294101e-1,-6.70703768730163574e-1,-3.35351884365081787e-1,5.81116165034472887e-2,2.90558082517236443e-2,-6.70446515083312988e-1,-3.35223257541656494e-1
98,10,8.23529411764705843e-1,7.84313725490196068e-2,1.76470588235294101e-1,-8.19159448146820068e-1,-4.09579724073410034e-1,7.09686303511262162e-2,3.54843151755631081e-2,-8.18845272064208984e-1,-4.09422636032104492e-1
98,11,9.01960784313725505e-1,7.84313725490196068e-2,1.76470588235294101e-1,-9.18138086795806885e-1,-4.59069043397903442e-1,7.95238997787237056e-2,3.97619498893618528e-2,-9.17786002159118652e-1,-4.58893001079559326e-1
98,12,9.80392156862745057e-1,5.88235294117647189e-2,1.32352941176470618e-1,-9.61675226688385010e-1,-4.80837613344192505e-1,6.24485850334167494e-2,3.12242925167083747e-2,-9.61306631565093994e-1,-4.80653315782546997e-1
99,0,3.92156862745098034e-2,7.84313725490196068e-2,1.76470588235294101e-1,9.55799758434295654e-1,4.77899879217147827e-1,-8.28153876587748444e-2,-4.14076938293874222e-2,9.55433130264282227e-1,4.77716565132141113e-1
99,1,1.17647058823529410e-1,7.84313725490196068e-2,1.76470588235294101e-1,8.98063540458679199e-1,4.49031770229339600e-1,-7.78130510821938431e-2,-3.89065255410969216e-2,8.97719085216522217e-1,4.48859542608261108e-1
99,2,1.96078431372549017e-1,7.84313725490196068e-2,1.76470588235294101e-1,7.86078572273254395e-1,3.93039286136627197e-1,-6.81092362850904687e-2,-3.40546181425452343e-2,7.85777032375335693e-1,3.92888516187667847e-1
99,3,2.74509803921568651e-1,7.84313725490196068e-2,1.76470588235294101e-1,6.26610040664672852e-1,3.13305020332336426e-1,-5.42927501723170225e-2,-2.71463750861585112e-2,6.26369655132293701e-1,3.13184827566146851e-1
99,4,3.52941176470588203e-1,7.84313725490196068e-2,1.76470588235294101e-1,4.29290354251861572e-1,2.14645177125930786e-1,-3.71959119569509888e-2,-1.85979559784754944e-2,4.29125696420669556e-1,2.14562848210334778e-1
99,5,4.31372549019607865e-1,7.84313725490196068e-2,1.76470588235294101e-1,2.06038877367973328e-1,1.03019438683986664e-1,-1.78523878916166945e-2,-8.92619394580834724e-3,2.05959841609001160e-1,1.02979920804500580e-1
99,6,5.09803921568627416e-1,7.84313725490196068e-2,1.76470588235294101e-1,-2.96587087213993073e-2,-1.48293543606996536e-2,2.56981041748077788e-3,1.28490520874038894e-3,-2.96473316848278046e-2,-1.48236658424139023e-2
99,7,5.88235294117647078e-1,7.84313725490196068e-2,1.76470588235294101e-1,-2.63564705848693848e-1,-1.31782352924346924e-1,2.28365887538529710e-2,1.14182943769264855e-2,-2.63463616371154785e-1,-1.31731808185577393e-1
99,8,6.66666666666666630e-1,7.84313725490196068e-2,1.76470588235294101e-1,-4.81549769639968872e-1,-2.40774884819984436e-1,4.17235566303134076e-2,2.08617783151567038e-2,-4.81365054845809937e-1,-2.40682527422904968e-1
99,9,7.45098039215686292e-1,7.84313725490196068e-2,1.76470588235294101e-1,-6.70446515083312988e-1,-3.35223257541656494e-1,5.80893022008240056e-2,2.90446511004120028e-2,-6.70189321041107178e-1,-3.35094660520553589e-1
99,10,8.23529411764705843e-1,7.84313725490196068e-2,1.76470588235294101e-1,-8.18845272064208984e-1,-4.09422636032104492e-1,7.09413573145866450e-2,3.54706786572933225e-2,-8.18531215190887451e-1,-4.09265607595443726e-1
99,11,9.01960784313725505e-1,7.84313725490196068e-2,1.76470588235294101e-1,-9.17786002159118652e-1,-4.58893001079559326e-1,7.94932069256901741e-2,3.97466034628450871e-2,-9.17434096336364746e-1,-4.58717048168182373e-1
99,12,9.80392156862745057e-1,5.88235294117647189e-2,1.32352941176470618e-1,-9.61306631565093994e-1,-4.80653315782546997e-1,6.24249028041958809e-2,3.12124514020979404e-2,-9.60938155651092529e-1,-4.80469077825546265e-1
100,0,3.92156862745098034e-2,7.84313725490196068e-2,1.76470588235294101e-1,9.55433130264282227e-1,4.77716565132141113e-1,-8.27835833653807612e-2,-4.13917916826903806e-2,9.55066621303558350e-1,4.77533310651779175e-1
100,1,1.17647058823529410e-1,7.84313725490196068e-2,1.76470588235294101e-1,8.97719085216522217e-1,4.48859542608261108e-1,-7.77832986786961417e-2,-3.88916493393480708e-2,8.97374749183654785e-1,4.48687374591827393e-1
100,2,1.96078431372549017e-1,7.84313725490196068e-2,1.76470588235294101e-1,7.85777032375335693e-1,3.92888516187667847e-1,-6.80830746889114491e-2,-3.40415373444557245e-2,7.85475611686706543e-1,3.92737805843353271e-1
100,3,2.74509803921568651e-1,7.84313725490196068e-2,1.76470588235294101e-1,6.26369655132293701e-1,3.13184827566146851e-1,-5.42718465439974984e-2,-2.71359232719987492e-2,6.26129388809204102e-1,3.13064694404602051e-1
100,4,3.52941176470588203e-1,7.84313725490196068e-2,1.76470588235294101e-1,4.29125696420669556e-1,2.14562848210334778e-1,-3.71817197185009829e-2,-1.85908598592504914e-2,4.28961098194122314e-1,2.14480549097061157e-1
100,5,4.31372549019607865e-1,7.84313725490196068e-2,1.76470588235294101e-1,2.05959841609001160e-1,1.02979920804500580e-1,-1.78455161978490762e-2,-8.92275809892453808e-3,2.05880835652351379e-1,1.02940417826175690e-1
100,6,5.09803921568627416e-1,7.84313725490196068e-2,1.76470588235294101e-1,-2.96473316848278046e-2,-1.48236658424139023e-2,2.56880584638563558e-3,1.28440292319281779e-3,-2.96359602361917496e-2,-1.48179801180958748e-2
100,7,5.88235294117647078e-1,7.84313725490196068e-2,1.76470588235294101e-1,-2.63463616371154785e-1,-1.31731808185577393e-1,2.28278575348668245e-2,1.14139287674334122e-2,-2.63362556695938110e-1,-1.31681278347969055e-1
100,8,6.66666666666666630e-1,7.84313725490196068e-2,1.76470588235294101e-1,-4.81365054845809937e-1,-2.40682527422904968e-1,4.17075689882039913e-2,2.08537844941019956e-2,-4.81180399656295776e-1,-2.40590199828147888e-1
100,9,7.45098039215686292e-1,7.84313725490196068e-2,1.76470588235294101e-1,-6.70189321041107178e-1,-3.35094660520553589e-1,5.80669024027883895e-2,2.90334512013941948e-2,-6.69932246208190918e-1,-3.34966123104095459e-1
100,10,8.23529411764705843e-1,7.84313725490196068e-2,1.76470588235294101e-1,-8.18531215190887451e-1,-4.09265607595443726e-1,7.09140842780470737e-2,3.54570421390235369e-2,-8.18217277526855469e-1,-4.09108638763427734e-1
100,11,9.01960784313725505e-1,7.84313725490196068e-2,1.76470588235294101e-1,-9.17434096336364746e-1,-4.58717048168182373e-1,7.94626850634813364e-2,3.97313425317406682e-2,-9.17082309722900391e-1,-4.58541154861450195e-1
100,12,9.80392156862745057e-1,5.88235294117647189e-2,1.32352941176470618e-1,-9.60938155651092529e-1,-4.80469077825546265e-1,6.24011350795626654e-2,3.12005675397813327e-2,-9.60569798946380615e-1,-4.80284899473190308e-1
101,0,3.92156862745098034e-2,7.84313725490196068e-2,1.76470588235294101e-1,9.55066621303558350e-1,4.77533310651779175e-1,-8.27517790719866780e-2,-4.13758895359933390e-2,9.54700291156768799e-1,4.77350145578384399e-1
101,1,1.17647058823529410e-1,7.84313725490196068e-2,1.76470588235294101e-1,8.97374749183654785e-1,4.48687374591827393e-1,-7.77535462751984402e-2,-3.88767731375992201e-2,8.97030532360076904e-1,4.48515266180038452e-1
101,2,1.96078431372549017e-1,7.84313725490196068e-2,1.76470588235294101e-1,7.85475611686706543e-1,3.92737805843353271e-1,-6.80569130927324295e-2,-3.40284565463662148e-2,7.85174310207366943e-1,3.92587155103683472e-1
101,3,2.74509803921568651e-1,7.84313725490196068e-2,1.76470588235294101e-1,6.26129388809204102e-1,3.13064694404602051e-1,-5.42510284110903906e-2,-2.71255142055451953e-2,6.25889241695404053e-1,3.12944620847702026e-1
101,4,3.52941176470588203e-1,7.84313725490196068e-2,1.76470588235294101e-1,4.28961098194122314e-1,2.14480549097061157e-1,-3.71674847323447133e-2,-1.85837423661723566e-2,4.28796559572219849e-1,2.14398279786109924e-1
101,5,4.31372549019607865e-1,7.84313725490196068e-2,1.76470588235294101e-1,2.05880835652351379e-1,1.02940417826175690e-1,-1.78386525192764100e-2,-8.91932625963820502e-3,2.05801859498023987e-1,1.02900929749011993e-1
101,6,5.09803921568627416e-1,7.84313725490196068e-2,1.76470588235294101e-1,-2.96359602361917496e-2,-1.48179801180958748e-2,2.56781730568039768e-3,1.28390865284019884e-3,-2.96245925128459930e-2,-1.48122962564229965e-2
101,7,5.88235294117647078e-1,7.84313725490196068e-2,1.76470588235294101e-1,-2.63362556695938110e-1,-1.31681278347969055e-1,2.28191183006856702e-2,1.14095591503428351e-2,-2.63261526823043823e-1,-1.31630763411521912e-1
101,8,6.66666666666666630e-1,7.84313725490196068e-2,1.76470588235294101e-1,-4.81180399656295776e-1,-2.40590199828147888e-1,4.16915385983884224e-2,2.08457692991942112e-2,-4.80995833873748779e-1,-2.40497916936874390e-1
101,9,7.45098039215686292e-1,7.84313725490196068e-2,1.76470588235294101e-1,-6.69932246208190918e-1,-3.34966123104095459e-1,5.80445881001651065e-2,2.90222940500825533e-2,-6.69675290584564209e-1,-3.34837645292282104e-1
101,10,8.23529411764705843e-1,7.84313725490196068e-2,1.76470588235294101e-1,-8.18217277526855469e-1,-4.09108638763427734e-1,7.08868112415075302e-2,3.54434056207537651e-2,-8.17903459072113037e-1,-4.08951729536056519e-1
101,11,9.01960784313725505e-1,7.84313725490196068e-2,1.76470588235294101e-1,-9.17082309722900391e-1,-4.58541154861450195e-1,7.94321632012724987e-2,3.97160816006362494e-2,-9.16730642318725586e-1,-4.58365321159362793e-1
101,12,9.80392156862745057e-1,5.88235294117647189e-2,1.32352941176470618e-1,-9.60569798946380615e-1,-4.80284899473190308e-1,6.23773673549294430e-2,3.11886836774647215e-2,-9.60201621055603027e-1,-4.80100810527801514e-1
102,0,3.92156862745098034e-2,7.84313725490196068e-2,1.76470588235294101e-1,9.54700291156768799e-1,4.77350145578384399e-1,-8.27200602740049279e-2,-4.13600301370024639e-2,9.54334080219268799e-1,4.77167040109634399e-1
102,1,1.17647058823529410e-1,7.84313725490196068e-2,1.76470588235294101e-1,8.97030532360076904e-1,4.48515266180038452e-1,-7.77237083762884057e-2,-3.88618541881442028e-2,8.96686434745788574e-1,4.48343217372894287e-1
102,2,1.96078431372549017e-1,7.84313725490196068e-2,1.76470588235294101e-1,7.85174310207366943e-1,3.92587155103683472e-1,-6.80307514965534377e-2,-3.40153757482767188e-2,7.84873127937316895e-1,3.92436563968658447e-1
102,3,2.74509803921568651e-1,7.84313725490196068e-2,1.76470588235294101e-1,6.25889241695404053e-1,3.12944620847702026e-1,-5.42302957735955604e-2,-2.71151478867977802e-2,6.25649154186248779e-1,3.12824577093124390e-1
102,4,3.52941176470588203e-1,7.84313725490196068e-2,1.76470588235294101e-1,4.28796559572219849e-1,2.14398279786109924e-1,-3.71532069984823465e-2,-1.85766034992411733e-2,4.28632080554962158e-1,2.14316040277481079e-1
102,5,4.31372549019607865e-1,7.84313725490196068e-2,1.76470588235294101e-1,2.05801859498023987e-1,1.02900929749011993e-1,-1.78317941841669159e-2,-8.91589709208345793e-3,2.05722913146018982e-1,1.02861456573009491e-1
102,6,5.09803921568627416e-1,7.84313725490196068e-2,1.76470588235294101e-1,-2.96245925128459930e-2,-1.48122962564229965e-2,2.56683945190161467e-3,1.28341972595080733e-3,-2.96132285147905350e-2,-1.48066142573952675e-2
102,7,5.88235294117647078e-1,7.84313725490196068e-2,1.76470588235294101e-1,-2.63261526823043823e-1,-1.31630763411521912e-1,2.28103309753350803e-2,1.14051654876675401e-2,-2.63160556554794312e-1,-1.31580278277397156e-1
102,8,6.66666666666666630e-1,7.84313725490196068e-2,1.76470588235294101e-1,-4.80995833873748779e-1,-2.40497916936874390e-1,4.16755509562790061e-2,2.08377754781395030e-2,-4.80811327695846558e-1,-2.40405663847923279e-1
102,9,7.45098039215686292e-1,7.84313725490196068e-2,1.76470588235294101e-1,-6.69675290584564209e-1,-3.34837645292282104e-1,5.80223165452480594e-2,2.90111582726240297e-2,-6.69418394565582275e-1,-3.34709197282791138e-1
102,10,8.23529411764705843e-1,7.84313725490196068e-2,1.76470588235294101e-1,-8.17903459072113037e-1,-4.08951729536056519e-1,7.08595382049679590e-2,3.54297691024839795e-2,-8.17589759826660156e-1,-4.08794879913330078e-1
102,11,9.01960784313725505e-1,7.84313725490196068e-2,1.76470588235294101e-1,-9.16730642318725586e-1,-4.58365321159362793e-1,7.94015558436513003e-2,3.97007779218256501e-2,-9.16379153728485107e-1,-4.58189576864242554e-1
102,12,9.80392156862745057e-1,5.88235294117647189e-2,1.32352941176470618e-1,-9.60201621055603027e-1,-4.80100810527801514e-1,6.23536851257085814e-2,3.11768425628542907e-2,-9.59833562374114990e-1,-4.79916781187057495e-1
103,0,3.92156862745098034e-2,7.84313725490196068e-2,1.76470588235294101e-1,9.54334080219268799e-1,4.77167040109634399e-1,-8.26883414760231916e-2,-4.13441707380115958e-2,9.53967988491058350e-1,4.76983994245529175e-1
103,1,1.17647058823529410e-1,7.84313725490196068e-2,1.76470588235294101e-1,8.96686434745788574e-1,4.48343217372894287e-1,-7.76938704773783573e-2,-3.88469352386891786e-2,8.96342456340789795e-1,4.48171228170394897e-1
103,2,1.96078431372549017e-1,7.84313725490196068e-2,1.76470588235294101e-1,7.84873127937316895e-1,3.92436563968658447e-1,-6.80046753957867789e-2,-3.40023376978933894e-2,7.84572064876556396e-1,3.92286032438278198e-1
103,3,2.74509803921568651e-1,7.84313725490196068e-2,1.76470588235294101e-1,6.25649154186248779e-1,3.12824577093124390e-1,-5.42094776406883971e-2,-2.71047388203441986e-2,6.25409185886383057e-1,3.12704592943191528e-1
103,4,3.52941176470588203e-1,7.84313725490196068e-2,1.76470588235294101e-1,4.28632080554962158e-1,2.14316040277481079e-1,-3.71389720123261324e-2,-1.85694860061630662e-2,4.28467661142349243e-1,2.14233830571174622e-1
103,5,4.31372549019607865e-1,7.84313725490196068e-2,1.76470588235294101e-1,2.05722913146018982e-1,1.02861456573009491e-1,-1.78249411925207601e-2,-8.91247059626038007e-3,2.05643996596336365e-1,1.02821998298168182e-1
103,6,5.09803921568627416e-1,7.84313725490196068e-2,1.76470588235294101e-1,-2.96132285147905350e-2,-1.48066142573952675e-2,2.56582953734318941e-3,1.28291476867159471e-3,-2.96018701046705246e-2,-1.48009350523352623e-2
103,7,5.88235294117647078e-1,7.84313725490196068e-2,1.76470588235294101e-1,-2.63160556554794312e-1,-1.31580278277397156e-1,2.28016238019336237e-2,1.14008119009668119e-2,-2.63059616088867188e-1,-1.31529808044433594e-1
103,8,6.66666666666666630e-1,7.84313725490196068e-2,1.76470588235294101e-1,-4.80811327695846558e-1,-2.40405663847923279e-1,4.16595633141696453e-2,2.08297816570848227e-2,-4.80626910924911499e-1,-2.40313455462455750e-1
103,9,7.45098039215686292e-1,7.84313725490196068e-2,1.76470588235294101e-1,-6.69418394565582275e-1,-3.34709197282791138e-1,5.79999594949185682e-2,2.89999797474592841e-2,-6.69161617755889893e-1,-3.34580808877944946e-1
103,10,8.23529411764705843e-1,7.84313725490196068e-2,1.76470588235294101e-1,-8.17589759826660156e-1,-4.08794879913330078e-1,7.08322651684284432e-2,3.54161325842142216e-2,-8.17276179790496826e-1,-4.08638089895248413e-1
103,11,9.01960784313725505e-1,7.84313725490196068e-2,1.76470588235294101e-1,-9.16379153728485107e-1,-4.58189576864242554e-1,7.93711194768547956e-2,3.96855597384273978e-2,-9.16027784347534180e-1,-4.58013892173767090e-1
103,12,9.80392156862745057e-1,5.88235294117647189e-2,1.32352941176470618e-1,-9.59833562374114990e-1,-4.79916781187057495e-1,6.23299174010753590e-2,3.11649587005376795e-2,-9.59465622901916504e-1,-4.79732811450958252e-1
104,0,3.92156862745098034e-2,7.84313725490196068e-2,1.76470588235294101e-1,9.53967988491058350e-1,4.76983994245529175e-1,-8.26566226780414554e-2,-4.13283113390207277e-2,9.53602075576782227e-1,4.76801037788391113e-1
104,1,1.17647058823529410e-1,7.84313725490196068e-2,1.76470588235294101e-1,8.96342456340789795e-1,4.48171228170394897e-1,-7.76640325784683089e-2,-3.88320162892341544e-2,8.95998656749725342e-1,4.47999328374862671e-1
104,2,1.96078431372549017e-1,7.84313725490196068e-2,1.76470588235294101e-1,7.84572064876556396e-1,3.92286032438278198e-1,-6.79785992950201201e-2,-3.39892996475100601e-2,7.84271121025085449e-1,3.92135560512542725e-1
104,3,2.74509803921568651e-1,7.84313725490196068e-2,1.76470588235294101e-1,6.25409185886383057e-1,3.12704592943191528e-1,-5.41887450031935947e-2,-2.70943725015967973e-2,6.25169277191162109e-1,3.12584638595581055e-1
104,4,3.52941176470588203e-1,7.84313725490196068e-2,1.76470588235294101e-1,4.28467661142349243e-1,2.14233830571174622e-1,-3.71246942784637102e-2,-1.85623471392318551e-2,4.28303301334381104e-1,2.14151650667190552e-1
104,5,4.31372549019607865e-1,7.84313725490196068e-2,1.76470588235294101e-1,2.05643996596336365e-1,1.02821998298168182e-1,-1.78180962160695566e-2,-8.90904810803477831e-3,2.05565109848976135e-1,1.02782554924488068e-1
104,6,5.09803921568627416e-1,7.84313725490196068e-2,1.76470588235294101e-1,-2.96018701046705246e-2,-1.48009350523352623e-2,2.56483565317466855e-3,1.28241782658733428e-3,-2.95905154198408127e-2,-1.47952577099204063e-2
104,7,5.88235294117647078e-1,7.84313725490196068e-2,1.76470588235294101e-1,-2.63059616088867188e-1,-1.31529808044433594e-1,2.27928658656310068e-2,1.13964329328155034e-2,-2.62958705425262451e-1,-1.31479352712631226e-1
104,8,6.66666666666666630e-1,7.84313725490196068e-2,1.76470588235294101e-1,-4.80626910924911499e-1,-2.40313455462455750e-1,4.16436184197664372e-2,2.08218092098832186e-2,-4.80442553758621216e-1,-2.40221276879310608e-1
104,9,7.45098039215686292e-1,7.84313725490196068e-2,1.76470588235294101e-1,-6.69161617755889893e-1,-3.34580808877944946e-1,5.79776451922953129e-2,2.89888225961476564e-2,-6.68904960155487061e-1,-3.34452480077743530e-1
104,10,8.23529411764705843e-1,7.84313725490196068e-2,1.76470588235294101e-1,-8.17276179790496826e-1,-4.08638089895248413e-1,7.08049921318888720e-2,3.54024960659444360e-2,-8.16962718963623047e-1,-4.08481359481811523e-1
104,11,9.01960784313725505e-1,7.84313725490196068e-2,1.76470588235294101e-1,-9.16027784347534180e-1,-4.58013892173767090e-1,7.93406831100583049e-2,3.96703415550291524e-2,-9.15676534175872803e-1,-4.57838267087936401e-1
104,12,9.80392156862745057e-1,5.88235294117647189e-2,1.32352941176470618e-1,-9.59465622901916504e-1,-4.79732811450958252e-1,6.23061496764421435e-2,3.11530748382210718e-2,-9.59097862243652344e-1,-4.79548931121826172e-1
105,0,3.92156862745098034e-2,7.84313725490196068e-2,1.76470588235294101e-1,9.53602075576782227e-1,4.76801037788391113e-1,-8.26249038800597191e-2,-4.13124519400298595e-2,9.53236281871795654e-1,4.76618140935897827e-1
105,1,1.17647058823529410e-1,7.84313725490196068e-2,1.76470588235294101e-1,8.95998656749725342e-1,4.47999328374862671e-1,-7.76342801749706213e-2,-3.88171400874853106e-2,8.95654976367950439e-1,4.47827488183975220e-1
105,2,1.96078431372549017e-1,7.84313725490196068e-2,1.76470588235294101e-1,7.84271121025085449e-1,3.92135560512542725e-1,-6.79525231942534336e-2,-3.39762615971267168e-2,7.83970296382904053e-1,3.91985148191452026e-1
105,3,2.74509803921568651e-1,7.84313725490196068e-2,1.76470588235294101e-1,6.25169277191162109e-1,3.12584638595581055e-1,-5.41679268702864591e-2,-2.70839634351432296e-2,6.24929487705230713e-1,3.12464743852615356e-1
105,4,3.52941176470588203e-1,7.84313725490196068e-2,1.76470588235294101e-1,4.28303301334381104e-1,2.14151650667190552e-1,-3.71104592923074961e-2,-1.85552296461537480e-2,4.28139001131057739e-1,2.14069500565528870e-1
105,5,4.31372549019607865e-1,7.84313725490196068e-2,1.76470588235294101e-1,2.05565109848976135e-1,1.02782554924488068e-1,-1.78112565830815806e-2,-8.90562829154079028e-3,2.05486252903938293e-1,1.02743126451969147e-1
105,6,5.09803921568627416e-1,7.84313725490196068e-2,1.76470588235294101e-1,-2.95905154198408127e-2,-1.47952577099204063e-2,2.56385245593265809e-3,1.28192622796632905e-3,-2.95791644603013992e-2,-1.47895822301506996e-2
105,7,5.88235294117647078e-1,7.84313725490196068e-2,1.76470588235294101e-1,-2.62958705425262451e-1,-1.31479352712631226e-1,2.27841025858651625e-2,1.13920512929325812e-2,-2.62857824563980103e-1,-1.31428912281990051e-1
105,8,6.66666666666666630e-1,7.84313725490196068e-2,1.76470588235294101e-1,-4.80442553758621216e-1,-2.40221276879310608e-1,4.16276307776570764e-2,2.08138153888285382e-2,-4.80258256196975708e-1,-2.40129128098487854e-1
105,9,7.45098039215686292e-1,7.84313725490196068e-2,1.76470588235294101e-1,-6.68904960155487061e-1,-3.34452480077743530e-1,5.79554163850843629e-2,2.89777081925421814e-2,-6.68648362159729004e-1,-3.34324181079864502e-1
105,10,8.23529411764705843e-1,7.84313725490196068e-2,1.76470588235294101e-1,-8.16962718963623047e-1,-4.08481359481811523e-1,7.07777190953493007e-2,3.53888595476746504e-2,-8.16649377346038818e-1,-4.08324688673019409e-1
105,11,9.01960784313725505e-1,7.84313725490196068e-2,1.76470588235294101e-1,-9.15676534175872803e-1,-4.57838267087936401e-1,7.93101612478494811e-2,3.96550806239247405e-2,-9.15325403213500977e-1,-4.57662701606750488e-1
105,12,9.80392156862745057e-1,5.88235294117647189e-2,1.32352941176470618e-1,-9.59097862243652344e-1,-4.79548931121826172e-1,6.22824674472212750e-2,3.11412337236106375e-2,-9.58730220794677734e-1,-4.79365110397338867e-1
106,0,3.92156862745098034e-2,7.84313725490196068e-2,1.76470588235294101e-1,9.53236281871795654e-1,4.76618140935897827e-1,-8.25931850820779828e-2,-4.12965925410389914e-2,9.52870607376098633e-1,4.76435303688049316e-1
106,1,1.17647058823529410e-1,7.84313725490196068e-2,1.76470588235294101e-1,8.95654976367950439e-1,4.47827488183975220e-1,-7.76045277714729337e-2,-3.88022638857364668e-2,8.95311415195465088e-1,4.47655707597732544e-1
106,2,1.96078431372549017e-1,7.84313725490196068e-2,1.76470588235294101e-1,7.83970296382904053e-1,3.91985148191452026e-1,-6.79264470934867748e-2,-3.39632235467433874e-2,7.83669590950012207e-1,3.91834795475006104e-1
106,3,2.74509803921568651e-1,7.84313725490196068e-2,1.76470588235294101e-1,6.24929487705230713e-1,3.12464743852615356e-1,-5.41471942327916567e-2,-2.70735971163958283e-2,6.24689757823944092e-1,3.12344878911972046e-1
106,4,3.52941176470588203e-1,7.84313725490196068e-2,1.76470588235294101e-1,4.28139001131057739e-1,2.14069500565528870e-1,-3.70961815584450738e-2,-1.85480907792225369e-2,4.27974760532379150e-1,2.13987380266189575e-1
106,5,4.31372549019607865e-1,7.84313725490196068e-2,1.76470588235294101e-1,2.05486252903938293e-1,1.02743126451969147e-1,-1.78044222935568874e-2,-8.90221114677844372e-3,2.05407425761222839e-1,1.02703712880611420e-1
106,6,5.09803921568627416e-1,7.84313725490196068e-2,1.76470588235294101e-1,-2.95791644603013992e-2,-1.47895822301506996e-2,2.56287994561715804e-3,1.28143997280857902e-3,-2.95678190886974335e-2,-1.47839095443487167e-2
106,7,5.88235294117647078e-1,7.84313725490196068e-2,1.76470588235294101e-1,-2.62857824563980103e-1,-1.31428912281990051e-1,2.27753339626360907e-2,1.13876669813180453e-2,-2.62757003307342529e-1,-1.31378501653671265e-1
106,8,6.66666666666666630e-1,7.84313725490196068e-2,1.76470588235294101e-1,-4.80258256196975708e-1,-2.40129128098487854e-1,4.16116858832538128e-2,2.08058429416269064e-2,-4.80074048042297363e-1,-2.40037024021148682e-1
106,9,7.45098039215686292e-1,7.84313725490196068e-2,1.76470588235294101e-1,-6.68648362159729004e-1,-3.34324181079864502e-1,5.79331020824611076e-2,2.89665510412305538e-2,-6.68391883373260498e-1,-3.34195941686630249e-1
106,10,8.23529411764705843e-1,7.84313725490196068e-2,1.76470588235294101e-1,-8.16649377346038818e-1,-4.08324688673019409e-1,7.07505315542221180e-2,3.53752657771110590e-2,-8.16336154937744141e-1,-4.08168077468872070e-1
106,11,9.01960784313725505e-1,7.84313725490196068e-2,1.76470588235294101e-1,-9.15325403213500977e-1,-4.57662701606750488e-1,7.92796393856406156e-2,3.96398196928203078e-2,-9.14974451065063477e-1,-4.57487225532531738e-1
106,12,9.80392156862745057e-1,5.88235294117647189e-2,1.32352941176470618e-1,-9.58730220794677734e-1,-4.79365110397338867e-1,6.22587852180004134e-2,3.11293926090002067e-2,-9.58362698554992676e-1,-4.79181349277496338e-1
107,0,3.92156862745098034e-2,7.84313725490196068e-2,1.76470588235294101e-1,9.52870607376098633e-1,4.76435303688049316e-1,-8.25614662840962327e-2,-4.12807331420481163e-2,9.52505111694335938e-1,4.76252555847167969e-1
107,1,1.17647058823529410e-1,7.84313725490196068e-2,1.76470588235294101e-1,8.95311415195465088e-1,4.47655707597732544e-1,-7.75747753679752322e-2,-3.87873876839876161e-2,8.94967973232269287e-1,4.47483986616134644e-1
107,2,1.96078431372549017e-1,7.84313725490196068e-2,1.76470588235294101e-1,7.83669590950012207e-1,3.91834795475006104e-1,-6.79004564881324768e-2,-3.39502282440662384e-2,7.83369004726409912e-1,3.91684502363204956e-1
107,3,2.74509803921568651e-1,7.84313725490196068e-2,1.76470588235294101e-1,6.24689757823944092e-1,3.12344878911972046e-1,-5.41263760998845211e-2,-2.70631880499422606e-2,6.24450147151947021e-1,3.12225073575973511e-1
107,4,3.52941176470588203e-1,7.84313725490196068e-2,1.76470588235294101e-1,4.27974760532379150e-1,2.13987380266189575e-1,-3.70819465722888597e-2,-1.85409732861444299e-2,4.27810609340667725e-1,2.13905304670333862e-1
107,5,4.31372549019607865e-1,7.84313725490196068e-2,1.76470588235294101e-1,2.05407425761222839e-1,1.02703712880611420e-1,-1.77975960192270355e-2,-8.89879800961351775e-3,2.05328628420829773e-1,1.02664314210414886e-1
107,6,5.09803921568627416e-1,7.84313725490196068e-2,1.76470588235294101e-1,-2.95678190886974335e-2,-1.47839095443487167e-2,2.56188071798529871e-3,1.28094035899264935e-3,-2.95564774423837662e-2,-1.47782387211918831e-2
107,7,5.88235294117647078e-1,7.84313725490196068e-2,1.76470588235294101e-1,-2.62757003307342529e-1,-1.31378501653671265e-1,2.27666000719182193e-2,1.13833000359591097e-2,-2.62656211853027344e-1,-1.31328105926513672e-1
107,8,6.66666666666666630e-1,7.84313725490196068e-2,1.76470588235294101e-1,-4.80074048042297363e-1,-2.40037024021148682e-1,4.15957409888506047e-2,2.07978704944253023e-2,-4.79889899492263794e-1,-2.39944949746131897e-1
107,9,7.45098039215686292e-1,7.84313725490196068e-2,1.76470588235294101e-1,-6.68391883373260498e-1,-3.34195941686630249e-1,5.79108305275440050e-2,2.89554152637720025e-2,-6.68135523796081543e-1,-3.34067761898040771e-1
107,10,8.23529411764705843e-1,7.84313725490196068e-2,1.76470588235294101e-1,-8.16336154937744141e-1,-4.08168077468872070e-1,7.07232585176825745e-2,3.53616292588412873e-2,-8.16023051738739014e-1,-4.08011525869369507e-1
107,11,9.01960784313725505e-1,7.84313725490196068e-2,1.76470588235294101e-1,-9.14974451065063477e-1,-4.57487225532531738e-1,7.92492885142564718e-2,3.96246442571282359e-2,-9.14623618125915527e-1,-4.57311809062957764e-1
107,12,9.80392156862745057e-1,5.88235294117647189e-2,1.32352941176470618e-1,-9.58362698554992676e-1,-4.79181349277496338e-1,6.22350174933671910e-2,3.11175087466835955e-2,-9.57995355129241943e-1,-4.78997677564620972e-1
108,0,3.92156862745098034e-2,7.84313725490196068e-2,1.76470588235294101e-1,9.52505111694335938e-1,4.76252555847167969e-1,-8.25298329815268433e-2,-4.12649164907634217e-2,9.52139735221862793e-1,4.76069867610931396e-1
108,1,1.17647058823529410e-1,7.84313725490196068e-2,1.76470588235294101e-1,8.94967973232269287e-1,4.47483986616134644e-1,-7.75449374690651977e-2,-3.87724687345325988e-2,8.94624650478363037e-1,4.47312325239181519e-1
108,2,1.96078431372549017e-1,7.84313725490196068e-2,1.76470588235294101e-1,7.83369004726409912e-1,3.91684502363204956e-1,-6.78744658827781511e-2,-3.39372329413890755e-2,7.83068537712097168e-1,3.91534268856048584e-1
108,3,2.74509803921568651e-1,7.84313725490196068e-2,1.76470588235294101e-1,6.24450147151947021e-1,3.12225073575973511e-1,-5.41056007146835383e-2,-2.70528003573417691e-2,6.24210596084594727e-1,3.12105298042297363e-1
108,4,3.52941176470588203e-1,7.84313725490196068e-2,1.76470588235294101e-1,4.27810609340667725e-1,2.13905304670333862e-1,-3.70677543338387983e-2,-1.85338771669193991e-2,4.27646517753601074e-1,2.13823258876800537e-1
108,5,4.31372549019607865e-1,7.84313725490196068e-2,1.76470588235294101e-1,2.05328628420829773e-1,1.02664314210414886e-1,-1.77907323406543694e-2,-8.89536617032718469e-3,2.05249860882759094e-1,1.02624930441379547e-1
108,6,5.09803921568627416e-1,7.84313725490196068e-2,1.76470588235294101e-1,-2.95564774423837662e-2,-1.47782387211918831e-2,2.56089217728000529e-3,1.28044608864000264e-3,-2.95451395213603973e-2,-1.47725697606801987e-2
108,7,5.88235294117647078e-1,7.84313725490196068e-2,1.76470588235294101e-1,-2.62656211853027344e-1,-1.31328105926513672e-1,2.27578608377371205e-2,1.13789304188685603e-2,-2.62555450201034546e-1,-1.31277725100517273e-1
108,8,6.66666666666666630e-1,7.84313725490196068e-2,1.76470588235294101e-1,-4.79889899492263794e-1,-2.39944949746131897e-1,4.15797533467411884e-2,2.07898766733705942e-2,-4.79705810546875000e-1,-2.39852905273437500e-1
108,9,7.45098039215686292e-1,7.84313725490196068e-2,1.76470588235294101e-1,-6.68135523796081543e-1,-3.34067761898040771e-1,5.78886444680392909e-2,2.89443222340196454e-2,-6.67879223823547363e-1,-3.33939611911773682e-1
108,10,8.23529411764705843e-1,7.84313725490196068e-2,1.76470588235294101e-1,-8.16023051738739014e-1,-4.08011525869369507e-1,7.06959854811429755e-2,3.53479927405714878e-2,-8.15710067749023438e-1,-4.07855033874511719e-1
108,11,9.01960784313725505e-1,7.84313725490196068e-2,1.76470588235294101e-1,-9.14623618125915527e-1,-4.57311809062957764e-1,7.92188521474599949e-2,3.96094260737299975e-2,-9.14272904396057129e-1,-4.57136452198028564e-1
108,12,9.80392156862745057e-1,5.88235294117647189e-2,1.32352941176470618e-1,-9.57995355129241943e-1,-4.78997677564620972e-1,6.22113352641463294e-2,3.11056676320731647e-2,-9.57628130912780762e-1,-4.78814065456390381e-1
109,0,3.92156862745098034e-2,7.84313725490196068e-2,1.76470588235294101e-1,9.52139735221862793e-1,4.76069867610931396e-1,-8.24981996789574540e-2,-4.12490998394787270e-2,9.51774537563323975e-1,4.75887268781661987e-1
109,1,1.17647058823529410e-1,7.84313725490196068e-2,1.76470588235294101e-1,8.94624650478363037e-1,4.47312325239181519e-1,-7.75150995701551354e-2,-3.87575497850775677e-2,8.94281506538391113e-1,4.47140753269195557e-1
109,2,1.96078431372549017e-1,7.84313725490196068e-2,1.76470588235294101e-1,7.83068537712097168e-1,3.91534268856048584e-1,-6.78485607728362139e-2,-3.39242803864181069e-2,7.82768189907073975e-1,3.91384094953536987e-1
109,3,2.74509803921568651e-1,7.84313725490196068e-2,1.76470588235294101e-1,6.24210596084594727e-1,3.12105298042297363e-1,-5.40847398340701946e-2,-2.70423699170350973e-2,6.23971164226531982e-1,3.11985582113265991e-1
109,4,3.52941176470588203e-1,7.84313725490196068e-2,1.76470588235294101e-1,4.27646517753601074e-1,2.13823258876800537e-1,-3.70536048430949450e-2,-1.85268024215474725e-2,4.27482485771179199e-1,2.13741242885589600e-1
109,5,4.31372549019607865e-1,7.84313725490196068e-2,1.76470588235294101e-1,2.05249860882759094e-1,1.02624930441379547e-1,-1.77838740055449307e-2,-8.89193700277246535e-3,2.05171123147010803e-1,1.02585561573505402e-1
109,6,5.09803921568627416e-1,7.84313725490196068e-2,1.76470588235294101e-1,-2.95451395213603973e-2,-1.47725697606801987e-2,2.55991432350127779e-3,1.27995716175063889e-3,-2.95338071882724762e-2,-1.47669035941362381e-2
109,7,5.88235294117647078e-1,7.84313725490196068e-2,1.76470588235294101e-1,-2.62555450201034546e-1,-1.31277725100517273e-1,2.27491162600926833e-2,1.13745581300463416e-2,-2.62454748153686523e-1,-1.31227374076843262e-1
109,8,6.66666666666666630e-1,7.84313725490196068e-2,1.76470588235294101e-1,-4.79705810546875000e-1,-2.39852905273437500e-1,4.15638084523379803e-2,2.07819042261689901e-2,-4.79521811008453369e-1,-2.39760905504226685e-1
109,9,7.45098039215686292e-1,7.84313725490196068e-2,1.76470588235294101e-1,-6.67879223823547363e-1,-3.33939611911773682e-1,5.78663729131221882e-2,2.89331864565610941e-2,-6.67623043060302734e-1,-3.33811521530151367e-1
109,10,8.23529411764705843e-1,7.84313725490196068e-2,1.76470588235294101e-1,-8.15710067749023438e-1,-4.07855033874511719e-1,7.06687979400157928e-2,3.53343989700078964e-2,-8.15397202968597412e-1,-4.07698601484298706e-1
109,11,9.01960784313725505e-1,7.84313725490196068e-2,1.76470588235294101e-1,-9.14272904396057129e-1,-4.57136452198028564e-1,7.91884157806634903e-2,3.95942078903317451e-2,-9.13922309875488281e-1,-4.56961154937744141e-1
109,12,9.80392156862745057e-1,5.88235294117647189e-2,1.32352941176470618e-1,-9.57628130912780762e-1,-4.78814065456390381e-1,6.21876530349254608e-2,3.10938265174627304e-2,-9.57261025905609131e-1,-4.78630512952804565e-1
110,0,3.92156862745098034e-2,7.84313725490196068e-2,1.76470588235294101e-1,9.51774537563323975e-1,4.75887268781661987e-1,-8.24665663763880646e-2,-4.12332831881940323e-2,9.51409459114074707e-1,4.75704729557037354e-1
110,1,1.17647058823529410e-1,7.84313725490196068e-2,1.76470588235294101e-1,8.94281506538391113e-1,4.47140753269195557e-1,-7.74853471666574617e-2,-3.87426735833287308e-2,8.93938481807708740e-1,4.46969240903854370e-1
110,2,1.96078431372549017e-1,7.84313725490196068e-2,1.76470588235294101e-1,7.82768189907073975e-1,3.91384094953536987e-1,-6.78225701674818882e-2,-3.39112850837409441e-2,7.82467961311340332e-1,3.91233980655670166e-1
110,3,2.74509803921568651e-1,7.84313725490196068e-2,1.76470588235294101e-1,6.23971164226531982e-1,3.11985582113265991e-1,-5.40639644488692117e-2,-2.70319822244346059e-2,6.23731791973114014e-1,3.11865895986557007e-1
110,4,3.52941176470588203e-1,7.84313725490196068e-2,1.76470588235294101e-1,4.27482485771179199e-1,2.13741242885589600e-1,-3.70394126046448835e-2,-1.85197063023224417e-2,4.27318513393402100e-1,2.13659256696701050e-1
110,5,4.31372549019607865e-1,7.84313725490196068e-2,1.76470588235294101e-1,2.05171123147010803e-1,1.02585561573505402e-1,-1.77770236856304442e-2,-8.88851184281522211e-3,2.05092430114746094e-1,1.02546215057373047e-1
110,6,5.09803921568627416e-1,7.84313725490196068e-2,1.76470588235294101e-1,-2.95338071882724762e-2,-1.47669035941362381e-2,2.55890975240619101e-3,1.27945487620309550e-3,-2.95224785804748535e-2,-1.47612392902374268e-2
110,7,5.88235294117647078e-1,7.84313725490196068e-2,1.76470588235294101e-1,-2.62454748153686523e-1,-1.31227374076843262e-1,2.27404064149595575e-2,1.13702032074797788e-2,-2.62354075908660889e-1,-1.31177037954330444e-1
110,8,6.66666666666666630e-1,7.84313725490196068e-2,1.76470588235294101e-1,-4.79521811008453369e-1,-2.39760905504226685e-1,4.15478635579347721e-2,2.07739317789673861e-2,-4.79337871074676514e-1,-2.39668935537338257e-1
110,9,7.45098039215686292e-1,7.84313725490196068e-2,1.76470588235294101e-1,-6.67623043060302734e-1,-3.33811521530151367e-1,5.78441441059112660e-2,2.89220720529556330e-2,-6.67366981506347656e-1,-3.33683490753173828e-1
110,10,8.23529411764705843e-1,7.84313725490196068e-2,1.76470588235294101e-1,-8.15397202968597412e-1,-4.07698601484298706e-1,7.06416103988885824e-2,3.53208051994442912e-2,-8.15084457397460938e-1,-4.07542228698730469e-1
110,11,9.01960784313725505e-1,7.84313725490196068e-2,1.76470588235294101e-1,-9.13922309875488281e-1,-4.56961154937744141e-1,7.91579794138669857e-2,3.95789897069334928e-2,-9.13571894168853760e-1,-4.56785947084426880e-1
110,12,9.80392156862745057e-1,5.88235294117647189e-2,1.32352941176470618e-1,-9.57261025905609131e-1,-4.78630512952804565e-1,6.21639708057045923e-2,3.10819854028522961e-2,-9.56894099712371826e-1,-4.78447049856185913e-1
111,0,3.92156862745098034e-2,7.84313725490196068e-2,1.76470588235294101e-1,9.51409459114074707e-1,4.75704729557037354e-1,-8.24349330738186753e-2,-4.12174665369093376e-2,9.51044499874114990e-1,4.75522249937057495e-1
111,1,1.17647058823529410e-1,7.84313725490196068e-2,1.76470588235294101e-1,8.93938481807708740e-1,4.46969240903854370e-1,-7.74555947631597602e-2,-3.87277973815798801e-2,8.93595576286315918e-1,4.46797788143157959e-1
111,2,1.96078431372549017e-1,7.84313725490196068e-2,1.76470588235294101e-1,7.82467961311340332e-1,3.91233980655670166e-1,-6.77966650575399232e-2,-3.38983325287699616e-2,7.82167792320251465e-1,3.91083896160125732e-1
111,3,2.74509803921568651e-1,7.84313725490196068e-2,1.76470588235294101e-1,6.23731791973114014e-1,3.11865895986557007e-1,-5.40431035682558958e-2,-2.70215517841279479e-2,6.23492538928985596e-1,3.11746269464492798e-1
111,4,3.52941176470588203e-1,7.84313725490196068e-2,1.76470588235294101e-1,4.27318513393402100e-1,2.13659256696701050e-1,-3.70252417400479539e-2,-1.85126208700239769e-2,4.27154600620269775e-1,2.13577300310134888e-1
111,5,4.31372549019607865e-1,7.84313725490196068e-2,1.76470588235294101e-1,2.05092430114746094e-1,1.02546215057373047e-1,-1.77702214568853378e-2,-8.88511072844266891e-3,2.05013766884803772e-1,1.02506883442401886e-1
111,6,5.09803921568627416e-1,7.84313725490196068e-2,1.76470588235294101e-1,-2.95224785804748535e-2,-1.47612392902374268e-2,2.55793724209069095e-3,1.27896862104534548e-3,-2.95111536979675293e-2,-1.47555768489837646e-2
111,7,5.88235294117647078e-1,7.84313725490196068e-2,1.76470588235294101e-1,-2.62354075908660889e-1,-1.31177037954330444e-1,2.27316912263632043e-2,1.13658456131816021e-2,-2.62253433465957642e-1,-1.31126716732978821e-1
111,8,6.66666666666666630e-1,7.84313725490196068e-2,1.76470588235294101e-1,-4.79337871074676514e-1,-2.39668935537338257e-1,4.15318759158253559e-2,2.07659379579126779e-2,-4.79154020547866821e-1,-2.39577010273933411e-1
111,9,7.45098039215686292e-1,7.84313725490196068e-2,1.76470588235294101e-1,-6.67366981506347656e-1,-3.33683490753173828e-1,5.78220007941126768e-2,2.89110003970563384e-2,-6.67110979557037354e-1,-3.33555489778518677e-1
111,10,8.23529411764705843e-1,7.84313725490196068e-2,1.76470588235294101e-1,-8.15084457397460938e-1,-4.07542228698730469e-1,7.06143373623490389e-2,3.53071686811745195e-2,-8.14771831035614014e-1,-4.07385915517807007e-1
111,11,9.01960784313725505e-1,7.84313725490196068e-2,1.76470588235294101e-1,-9.13571894168853760e-1,-4.56785947084426880e-1,7.91276285424828557e-2,3.95638142712414279e-2,-9.13221597671508789e-1,-4.56610798835754395e-1
111,12,9.80392156862745057e-1,5.88235294117647189e-2,1.32352941176470618e-1,-9.56894099712371826e-1,-4.78447049856185913e-1,6.21402885764837237e-2,3.10701442882418619e-2,-9.56527292728424072e-1,-4.78263646364212036e-1
112,0,3.92156862745098034e-2,7.84313725490196068e-2,1.76470588235294101e-1,9.51044499874114990e-1,4.75522249937057495e-1,-8.24032997712492860e-2,-4.12016498856246430e-2,9.50679719448089600e-1,4.75339859724044800e-1
112,1,1.17647058823529410e-1,7.84313725490196068e-2,1.76470588235294101e-1,8.93595576286315918e-1,4.46797788143157959e-1,-7.74259278550744195e-2,-3.87129639275372098e-2,8.93252789974212646e-1,4.46626394987106323e-1
112,2,1.96078431372549017e-1,7.84313725490196068e-2,1.76470588235294101e-1,7.82167792320251465e-1,3.91083896160125732e-1,-6.77705889567732644e-2,-3.38852944783866322e-2,7.81867742538452148e-1,3.90933871269226074e-1
112,3,2.74509803921568651e-1,7.84313725490196068e-2,1.76470588235294101e-1,6.23492538928985596e-1,3.11746269464492798e-1,-5.40224136784672737e-2,-2.70112068392336369e-2,6.23253405094146729e-1,3.11626702547073364e-1
112,4,3.52941176470588203e-1,7.84313725490196068e-2,1.76470588235294101e-1,4.27154600620269775e-1,2.13577300310134888e-1,-3.70110281277448161e-2,-1.85055140638724080e-2,4.26990747451782227e-1,2.13495373725891113e-1
112,5,4.31372549019607865e-1,7.84313725490196068e-2,1.76470588235294101e-1,2.05013766884803772e-1,1.02506883442401886e-1,-1.77634245716035144e-2,-8.88171228580175720e-3,2.04935133457183838e-1,1.02467566728591919e-1
112,6,5.09803921568627416e-1,7.84313725490196068e-2,1.76470588235294101e-1,-2.95111536979675293e-2,-1.47555768489837646e-2,2.55697541870175682e-3,1.27848770935087841e-3,-2.94998344033956528e-2,-1.47499172016978264e-2
112,7,5.88235294117647078e-1,7.84313725490196068e-2,1.76470588235294101e-1,-2.62253433465957642e-1,-1.31126716732978821e-1,2.27229279465973599e-2,1.13614639732986800e-2,-2.62152850627899170e-1,-1.31076425313949585e-1
112,8,6.66666666666666630e-1,7.84313725490196068e-2,1.76470588235294101e-1,-4.79154020547866821e-1,-2.39577010273933411e-1,4.15160165168345086e-2,2.07580082584172543e-2,-4.78970229625701904e-1,-2.39485114812850952e-1
112,9,7.45098039215686292e-1,7.84313725490196068e-2,1.76470588235294101e-1,-6.67110979557037354e-1,-3.33555489778518677e-1,5.77997292391955464e-2,2.88998646195977732e-2,-6.66855096817016602e-1,-3.33427548408508301e-1
112,10,8.23529411764705843e-1,7.84313725490196068e-2,1.76470588235294101e-1,-8.14771831035614014e-1,-4.07385915517807007e-1,7.05871498212218285e-2,3.52935749106109142e-2,-8.14459323883056641e-1,-4.07229661941528320e-1
112,11,9.01960784313725505e-1,7.84313725490196068e-2,1.76470588235294101e-1,-9.13221597671508789e-1,-4.56610798835754395e-1,7.90972776710987258e-2,3.95486388355493629e-2,-9.12871420383453369e-1,-4.56435710191726685e-1
112,12,9.80392156862745057e-1,5.88235294117647189e-2,1.32352941176470618e-1,-9.56527292728424072e-1,-4.78263646364212036e-1,6.21166063472628552e-2,3.10583031736314276e-2,-9.56160604953765869e-1,-4.78080302476882935e-1
113,0,3.92156862745098034e-2,7.84313725490196068e-2,1.76470588235294101e-1,9.50679719448089600e-1,4.75339859724044800e-1,-8.23717519640922574e-2,-4.11858759820461287e-2,9.50315058231353760e-1,4.75157529115676880e-1
113,1,1.17647058823529410e-1,7.84313725490196068e-2,1.76470588235294101e-1,8.93252789974212646e-1,4.46626394987106323e-1,-7.73961754515766903e-2,-3.86980877257883452e-2,8.92910122871398926e-1,4.46455061435699463e-1
113,2,1.96078431372549017e-1,7.84313725490196068e-2,1.76470588235294101e-1,7.81867742538452148e-1,3.90933871269226074e-1,-6.77445128560066334e-2,-3.38722564280033167e-2,7.81567811965942383e-1,3.90783905982971191e-1
113,3,2.74509803921568651e-1,7.84313725490196068e-2,1.76470588235294101e-1,6.23253405094146729e-1,3.11626702547073364e-1,-5.40018092840910124e-2,-2.70009046420455062e-2,6.23014330863952637e-1,3.11507165431976318e-1
113,4,3.52941176470588203e-1,7.84313725490196068e-2,1.76470588235294101e-1,4.26990747451782227e-1,2.13495373725891113e-1,-3.69967717677354702e-2,-1.84983858838677351e-2,4.26826953887939453e-1,2.13413476943969727e-1
113,5,4.31372549019607865e-1,7.84313725490196068e-2,1.76470588235294101e-1,2.04935133457183838e-1,1.02467566728591919e-1,-1.77566357015166432e-2,-8.87831785075832158e-3,2.04856529831886292e-1,1.02428264915943146e-1
113,6,5.09803921568627416e-1,7.84313725490196068e-2,1.76470588235294101e-1,-2.94998344033956528e-2,-1.47499172016978264e-2,2.55598687799646340e-3,1.27799343899823170e-3,-2.94885188341140747e-2,-1.47442594170570374e-2
113,7,5.88235294117647078e-1,7.84313725490196068e-2,1.76470588235294101e-1,-2.62152850627899170e-1,-1.31076425313949585e-1,2.27142421470489797e-2,1.13571210735244899e-2,-2.62052297592163086e-1,-1.31026148796081543e-1
113,8,6.66666666666666630e-1,7.84313725490196068e-2,1.76470588235294101e-1,-4.78970229625701904e-1,-2.39485114812850952e-1,4.15000716224312449e-2,2.07500358112156225e-2,-4.78786498308181763e-1,-2.39393249154090881e-1
113,9,7.45098039215686292e-1,7.84313725490196068e-2,1.76470588235294101e-1,-6.66855096817016602e-1,-3.33427548408508301e-1,5.77775431796908323e-2,2.88887715898454162e-2,-6.66599333286285400e-1,-3.33299666643142700e-1
113,10,8.23529411764705843e-1,7.84313725490196068e-2,1.76470588235294101e-1,-8.14459323883056641e-1,-4.07229661941528320e-1,7.05599622800946458e-2,3.52799811400473229e-2,-8.14146935939788818e-1,-4.07073467969894409e-1
113,11,9.01960784313725505e-1,7.84313725490196068e-2,1.76470588235294101e-1,-9.12871420383453369e-1,-4.56435710191726685e-1,7.90669267997145542e-2,3.95334633998572771e-2,-9.12521362304687500e-1,-4.56260681152343750e-1
113,12,9.80392156862745057e-1,5.88235294117647189e-2,1.32352941176470618e-1,-9.56160604953765869e-1,-4.78080302476882935e-1,6.20929241180419936e-2,3.10464620590209968e-2,-9.55794095993041992e-1,-4.77897047996520996e-1
114,0,3.92156862745098034e-2,7.84313725490196068e-2,1.76470588235294101e-1,9.50315058231353760e-1,4.75157529115676880e-1,-8.23402041569352150e-2,-4.11701020784676075e-2,9.49950516223907471e-1,4.74975258111953735e-1
114,1,1.17647058823529410e-1,7.84313725490196068e-2,1.76470588235294101e-1,8.92910122871398926e-1,4.46455061435699463e-1,-7.73664230480790027e-2,-3.86832115240395014e-2,8.92567634582519531e-1,4.46283817291259766e-1
114,2,1.96078431372549017e-1,7.84313725490196068e-2,1.76470588235294101e-1,7.81567811965942383e-1,3.90783905982971191e-1,-6.77185222506523077e-2,-3.38592611253261538e-2,7.81268000602722168e-1,3.90634000301361084e-1
114,3,2.74509803921568651e-1,7.84313725490196068e-2,1.76470588235294101e-1,6.23014330863952637e-1,3.11507165431976318e-1,-5.39811193943023626e-2,-2.69905596971511813e-2,6.22775375843048096e-1,3.11387687921524048e-1
114,4,3.52941176470588203e-1,7.84313725490196068e-2,1.76470588235294101e-1,4.26826953887939453e-1,2.13413476943969727e-1,-3.69825581554323324e-2,-1.84912790777161662e-2,4.26663219928741455e-1,2.13331609964370728e-1
114,5,4.31372549019607865e-1,7.84313725490196068e-2,1.76470588235294101e-1,2.04856529831886292e-1,1.02428264915943146e-1,-1.77498521748930549e-2,-8.87492608744652745e-3,2.04777956008911133e-1,1.02388978004455566e-1
114,6,5.09803921568627416e-1,7.84313725490196068e-2,1.76470588235294101e-1,-2.94885188341140747e-2,-1.47442594170570374e-2,2.55500902421773590e-3,1.27750451210886795e-3,-2.94772069901227951e-2,-1.47386034950613976e-2
114,7,5.88235294117647078e-1,7.84313725490196068e-2,1.76470588235294101e-1,-2.62052297592163086e-1,-1.31026148796081543e-1,2.27055510040372610e-2,1.13527755020186305e-2,-2.61951774358749390e-1,-1.30975887179374695e-1
114,8,6.66666666666666630e-1,7.84313725490196068e-2,1.76470588235294101e-1,-4.78786498308181763e-1,-2.39393249154090881e-1,4.14840839803218842e-2,2.07420419901609421e-2,-4.78602856397628784e-1,-2.39301428198814392e-1
114,9,7.45098039215686292e-1,7.84313725490196068e-2,1.76470588235294101e-1,-6.66599333286285400e-1,-3.33299666643142700e-1,5.77554426155984235e-2,2.88777213077992118e-2,-6.66343629360198975e-1,-3.33171814680099487e-1
114,10,8.23529411764705843e-1,7.84313725490196068e-2,1.76470588235294101e-1,-8.14146935939788818e-1,-4.07073467969894409e-1,7.05327747389674353e-2,3.52663873694837177e-2,-8.13834667205810547e-1,-4.06917333602905273e-1
114,11,9.01960784313725505e-1,7.84313725490196068e-2,1.76470588235294101e-1,-9.12521362304687500e-1,-4.56260681152343750e-1,7.90364904329180634e-2,3.95182452164590317e-2,-9.12171483039855957e-1,-4.56085741519927979e-1
114,12,9.80392156862745057e-1,5.88235294117647189e-2,1.32352941176470618e-1,-9.55794095993041992e-1,-4.77897047996520996e-1,6.20693273842334720e-2,3.10346636921167360e-2,-9.55427706241607666e-1,-4.77713853120803833e-1
115,0,3.92156862745098034e-2,7.84313725490196068e-2,1.76470588235294101e-1,9.49950516223907471e-1,4.74975258111953735e-1,-8.23085708543658257e-2,-4.11542854271829128e-2,9.49586153030395508e-1,4.74793076515197754e-1
115,1,1.17647058823529410e-1,7.84313725490196068e-2,1.76470588235294101e-1,8.92567634582519531e-1,4.46283817291259766e-1,-7.73368416354060229e-2,-3.86684208177030114e-2,8.92225265502929688e-1,4.46112632751464844e-1
115,2,1.96078431372549017e-1,7.84313725490196068e-2,1.76470588235294101e-1,7.81268000602722168e-1,3.90634000301361084e-1,-6.76924461498856489e-2,-3.38462230749428244e-2,7.80968308448791504e-1,3.90484154224395752e-1
115,3,2.74509803921568651e-1,7.84313725490196068e-2,1.76470588235294101e-1,6.22775375843048096e-1,3.11387687921524048e-1,-5.39605149999261013e-2,-2.69802574999630507e-2,6.22536480426788330e-1,3.11268240213394165e-1
115,4,3.52941176470588203e-1,7.84313725490196068e-2,1.76470588235294101e-1,4.26663219928741455e-1,2.13331609964370728e-1,-3.69683017954229864e-2,-1.84841508977114932e-2,4.26499545574188232e-1,2.13249772787094116e-1
115,5,4.31372549019607865e-1,7.84313725490196068e-2,1.76470588235294101e-1,2.04777956008911133e-1,1.02388978004455566e-1,-1.77430739917326941e-2,-8.87153699586634703e-3,2.04699411988258362e-1,1.02349705994129181e-1
115,6,5.09803921568627416e-1,7.84313725490196068e-2,1.76470588235294101e-1,-2.94772069901227951e-2,-1.47386034950613976e-2,2.55404185736551881e-3,1.27702092868275940e-3,-2.94659007340669632e-2,-1.47329503670334816e-2
115,7,5.88235294117647078e-1,7.84313725490196068e-2,1.76470588235294101e-1,-2.61951774358749390e-1,-1.30975887179374695e-1,2.26968117698561622e-2,1.13484058849280811e-2,-2.61851280927658081e-1,-1.30925640463829041e-1
115,8,6.66666666666666630e-1,7.84313725490196068e-2,1.76470588235294101e-1,-4.78602856397628784e-1,-2.39301428198814392e-1,4.14682245813309813e-2,2.07341122906654907e-2,-4.78419274091720581e-1,-2.39209637045860291e-1
115,9,7.45098039215686292e-1,7.84313725490196068e-2,1.76470588235294101e-1,-6.66343629360198975e-1,-3.33171814680099487e-1,5.77332138083875290e-2,2.88666069041937645e-2,-6.66088044643402100e-1,-3.33044022321701050e-1
115,10,8.23529411764705843e-1,7.84313725490196068e-2,1.76470588235294101e-1,-8.13834667205810547e-1,-4.06917333602905273e-1,7.05055871978401971e-2,3.52527935989200986e-2,-8.13522517681121826e-1,-4.06761258840560913e-1
115,11,9.01960784313725505e-1,7.84313725490196068e-2,1.76470588235294101e-1,-9.12171483039855957e-1,-4.56085741519927979e-1,7.90062250569462943e-2,3.95031125284731471e-2,-9.11821722984313965e-1,-4.55910861492156982e-1
115,12,9.80392156862745057e-1,5.88235294117647189e-2,1.32352941176470618e-1,-9.55427706241607666e-1,-4.77713853120803833e-1,6.20456451550126034e-2,3.10228225775063017e-2,-9.55061435699462891e-1,-4.77530717849731445e-1
116,0,3.92156862745098034e-2,7.84313725490196068e-2,1.76470588235294101e-1,9.49586153030395508e-1,4.74793076515197754e-1,-8.22770230472087832e-2,-4.11385115236043916e-2,9.49221909046173096e-1,4.74610954523086548e-1
116,1,1.17647058823529410e-1,7.84313725490196068e-2,1.76470588235294101e-1,8.92225265502929688e-1,4.46112632751464844e-1,-7.73071747273206683e-2,-3.86535873636603342e-2,8.91883015632629395e-1,4.45941507816314697e-1
116,2,1.96078431372549017e-1,7.84313725490196068e-2,1.76470588235294101e-1,7.80968308448791504e-1,3.90484154224395752e-1,-6.76664555445313509e-2,-3.38332277722656755e-2,7.80668735504150391e-1,3.90334367752075195e-1
116,3,2.74509803921568651e-1,7.84313725490196068e-2,1.76470588235294101e-1,6.22536480426788330e-1,3.11268240213394165e-1,-5.39398251101374515e-2,-2.69699125550687258e-2,6.22297704219818115e-1,3.11148852109909058e-1
116,4,3.52941176470588203e-1,7.84313725490196068e-2,1.76470588235294101e-1,4.26499545574188232e-1,2.13249772787094116e-1,-3.69540881831199042e-2,-1.84770440915599521e-2,4.26335960626602173e-1,2.13167980313301086e-1
116,5,4.31372549019607865e-1,7.84313725490196068e-2,1.76470588235294101e-1,2.04699411988258362e-1,1.02349705994129181e-1,-1.77363038237672299e-2,-8.86815191188361496e-3,2.04620897769927979e-1,1.02310448884963989e-1
116,6,5.09803921568627416e-1,7.84313725490196068e-2,1.76470588235294101e-1,-2.94659007340669632e-2,-1.47329503670334816e-2,2.55309072090315059e-3,1.27654536045157530e-3,-2.94545982033014297e-2,-1.47272991016507149e-2
116,7,5.88235294117647078e-1,7.84313725490196068e-2,1.76470588235294101e-1,-2.61851280927658081e-1,-1.30925640463829041e-1,2.26880645204801112e-2,1.13440322602400556e-2,-2.61750847101211548e-1,-1.30875423550605774e-1
116,8,6.66666666666666630e-1,7.84313725490196068e-2,1.76470588235294101e-1,-4.78419274091720581e-1,-2.39209637045860291e-1,4.14523224346339814e-2,2.07261612173169907e-2,-4.78235751390457153e-1,-2.39117875695228577e-1
116,9,7.45098039215686292e-1,7.84313725490196068e-2,1.76470588235294101e-1,-6.66088044643402100e-1,-3.33044022321701050e-1,5.77110704965889121e-2,2.88555352482944560e-2,-6.65832579135894775e-1,-3.32916289567947388e-1
116,10,8.23529411764705843e-1,7.84313725490196068e-2,1.76470588235294101e-1,-8.13522517681121826e-1,-4.06761258840560913e-1,7.04783996567130144e-2,3.52391998283565072e-2,-8.13210487365722656e-1,-4.06605243682861328e-1
116,11,9.01960784313725505e-1,7.84313725490196068e-2,1.76470588235294101e-1,-9.11821722984313965e-1,-4.55910861492156982e-1,7.89759596809744835e-2,3.94879798404872417e-2,-9.11472082138061523e-1,-4.55736041069030762e-1
116,12,9.80392156862745057e-1,5.88235294117647189e-2,1.32352941176470618e-1,-9.55061435699462891e-1,-4.77530717849731445e-1,6.20219629257917418e-2,3.10109814628958709e-2,-9.54695343971252441e-1,-4.77347671985626221e-1
117,0,3.92156862745098034e-2,7.84313725490196068e-2,1.76470588235294101e-1,9.49221909046173096e-1,4.74610954523086548e-1,-8.22454752400517408e-2,-4.11227376200258704e-2,9.48857784271240234e-1,4.74428892135620117e-1
117,1,1.17647058823529410e-1,7.84313725490196068e-2,1.76470588235294101e-1,8.91883015632629395e-1,4.45941507816314697e-1,-7.72775078192353138e-2,-3.86387539096176569e-2,8.91540884971618652e-1,4.45770442485809326e-1
117,2,1.96078431372549017e-1,7.84313725490196068e-2,1.76470588235294101e-1,7.80668735504150391e-1,3.90334367752075195e-1,-6.76404649391770529e-2,-3.38202324695885265e-2,7.80369281768798828e-1,3.90184640884399414e-1
117,3,2.74509803921568651e-1,7.84313725490196068e-2,1.76470588235294101e-1,6.22297704219818115e-1,3.11148852109909058e-1,-5.39191779680550098e-2,-2.69595889840275049e-2,6.22058987617492676e-1,3.11029493808746338e-1
117,4,3.52941176470588203e-1,7.84313725490196068e-2,1.76470588235294101e-1,4.26335960626602173e-1,2.13167980313301086e-1,-3.69399173185229190e-2,-1.84699586592614595e-2,4.26172435283660889e-1,2.13086217641830444e-1
117,5,4.31372549019607865e-1,7.84313725490196068e-2,1.76470588235294101e-1,2.04620897769927979e-1,1.02310448884963989e-1,-1.77294962515588961e-2,-8.86474812577944804e-3,2.04542413353919983e-1,1.02271206676959991e-1
117,6,5.09803921568627416e-1,7.84313725490196068e-2,1.76470588235294101e-1,-2.94545982033014297e-2,-1.47272991016507149e-2,2.55210752366114013e-3,1.27605376183057007e-3,-2.94432993978261948e-2,-1.47216496989130974e-2
117,7,5.88235294117647078e-1,7.84313725490196068e-2,1.76470588235294101e-1,-2.61750847101211548e-1,-1.30875423550605774e-1,2.26793974230531381e-2,1.13396987115265691e-2,-2.61650443077087402e-1,-1.30825221538543701e-1
117,8,6.66666666666666630e-1,7.84313725490196068e-2,1.76470588235294101e-1,-4.78235751390457153e-1,-2.39117875695228577e-1,4.14363347925245651e-2,2.07181673962622825e-2,-4.78052318096160889e-1,-2.39026159048080444e-1
117,9,7.45098039215686292e-1,7.84313725490196068e-2,1.76470588235294101e-1,-6.65832579135894775e-1,-3.32916289567947388e-1,5.76890126802027392e-2,2.88445063401013696e-2,-6.65577173233032227e-1,-3.32788586616516113e-1
117,10,8.23529411764705843e-1,7.84313725490196068e-2,1.76470588235294101e-1,-8.13210487365722656e-1,-4.06605243682861328e-1,7.04512121155858040e-2,3.52256060577929020e-2,-8.12898576259613037e-1,-4.06449288129806519e-1
117,11,9.01960784313725505e-1,7.84313725490196068e-2,1.76470588235294101e-1,-9.11472082138061523e-1,-4.55736041069030762e-1,7.89456088095903258e-2,3.94728044047951629e-2,-9.11122560501098633e-1,-4.55561280250549316e-1
117,12,9.80392156862745057e-1,5.88235294117647189e-2,1.32352941176470618e-1,-9.54695343971252441e-1,-4.77347671985626221e-1,6.19983661919832202e-2,3.09991830959916101e-2,-9.54329371452331543e-1,-4.77164685726165771e-1
118,0,3.92156862745098034e-2,7.84313725490196068e-2,1.76470588235294101e-1,9.48857784271240234e-1,4.74428892135620117e-1,-8.22139274328946984e-2,-4.11069637164473492e-2,9.48493838310241699e-1,4.74246919155120850e-1
118,1,1.17647058823529410e-1,7.84313725490196068e-2,1.76470588235294101e-1,8.91540884971618652e-1,4.45770442485809326e-1,-7.72478409111499870e-2,-3.86239204555749935e-2,8.91198873519897461e-1,4.45599436759948730e-1
118,2,1.96078431372549017e-1,7.84313725490196068e-2,1.76470588235294101e-1,7.80369281768798828e-1,3.90184640884399414e-1,-6.76145598292350603e-2,-3.38072799146175301e-2,7.80069947242736816e-1,3.90034973621368408e-1
118,3,2.74509803921568651e-1,7.84313725490196068e-2,1.76470588235294101e-1,6.22058987617492676e-1,3.11029493808746338e-1,-5.38984453305602351e-2,-2.69492226652801176e-2,6.21820390224456787e-1,3.10910195112228394e-1
118,4,3.52941176470588203e-1,7.84313725490196068e-2,1.76470588235294101e-1,4.26172435283660889e-1,2.13086217641830444e-1,-3.69257892016321421e-2,-1.84628946008160710e-2,4.26008969545364380e-1,2.13004484772682190e-1
118,5,4.31372549019607865e-1,7.84313725490196068e-2,1.76470588235294101e-1,2.04542413353919983e-1,1.02271206676959991e-1,-1.77226940228137897e-2,-8.86134701140689485e-3,2.04463958740234375e-1,1.02231979370117188e-1
118,6,5.09803921568627416e-1,7.84313725490196068e-2,1.76470588235294101e-1,-2.94432993978261948e-2,-1.47216496989130974e-2,2.55113501334564008e-3,1.27556750667282004e-3,-2.94320061802864075e-2,-1.47160030901432037e-2
118,7,5.88235294117647078e-1,7.84313725490196068e-2,1.76470588235294101e-1,-2.61650443077087402e-1,-1.30825221538543701e-1,2.26706822344567294e-2,1.13353411172283647e-2,-2.61550068855285645e-1,-1.30775034427642822e-1
118,8,6.66666666666666630e-1,7.84313725490196068e-2,1.76470588235294101e-1,-4.78052318096160889e-1,-2.39026159048080444e-1,4.14204753935337178e-2,2.07102376967668589e-2,-4.77868944406509399e-1,-2.38934472203254700e-1
118,9,7.45098039215686292e-1,7.84313725490196068e-2,1.76470588235294101e-1,-6.65577173233032227e-1,-3.32788586616516113e-1,5.76668266206979696e-2,2.88334133103489848e-2,-6.65321886539459229e-1,-3.32660943269729614e-1
118,10,8.23529411764705843e-1,7.84313725490196068e-2,1.76470588235294101e-1,-8.12898576259613037e-1,-4.06449288129806519e-1,7.04241100698709543e-2,3.52120550349354772e-2,-8.12586784362792969e-1,-4.06293392181396484e-1
118,11,9.01960784313725505e-1,7.84313725490196068e-2,1.76470588235294101e-1,-9.11122560501098633e-1,-4.55561280250549316e-1,7.89152579382061958e-2,3.94576289691030979e-2,-9.10773217678070068e-1,-4.55386608839035034e-1
118,12,9.80392156862745057e-1,5.88235294117647189e-2,1.32352941176470618e-1,-9.54329371452331543e-1,-4.77164685726165771e-1,6.19747694581747055e-2,3.09873847290873528e-2,-9.53963577747344971e-1,-4.76981788873672485e-1
119,0,3.92156862745098034e-2,7.84313725490196068e-2,1.76470588235294101e-1,9.48493838310241699e-1,4.74246919155120850e-1,-8.21824651211500168e-2,-4.10912325605750084e-2,9.48130011558532715e-1,4.74065005779266357e-1
119,1,1.17647058823529410e-1,7.84313725490196068e-2,1.76470588235294101e-1,8.91198873519897461e-1,4.45599436759948730e-1,-7.72180885076522716e-2,-3.86090442538261358e-2,8.90857040882110596e-1,4.45428520441055298e-1
119,2,1.96078431372549017e-1,7.84313725490196068e-2,1.76470588235294101e-1,7.80069947242736816e-1,3.90034973621368408e-1,-6.75886547192931231e-2,-3.37943273596465615e-2,7.79770731925964355e-1,3.89885365962982178e-1
119,3,2.74509803921568651e-1,7.84313725490196068e-2,1.76470588235294101e-1,6.21820390224456787e-1,3.10910195112228394e-1,-5.38777981884777379e-2,-2.69388990942388690e-2,6.21581852436065674e-1,3.10790926218032837e-1
119,4,3.52941176470588203e-1,7.84313725490196068e-2,1.76470588235294101e-1,4.26008969545364380e-1,2.13004484772682190e-1,-3.69116183370352124e-2,-1.84558091685176062e-2,4.25845563411712646e-1,2.12922781705856323e-1
119,5,4.31372549019607865e-1,7.84313725490196068e-2,1.76470588235294101e-1,2.04463958740234375e-1,1.02231979370117188e-1,-1.77158998092636355e-2,-8.85794990463181775e-3,2.04385533928871155e-1,1.02192766964435577e-1
119,6,5.09803921568627416e-1,7.84313725490196068e-2,1.76470588235294101e-1,-2.94320061802864075e-2,-1.47160030901432037e-2,2.55017853341998890e-3,1.27508926670999445e-3,-2.94207166880369186e-2,-1.47103583440184593e-2
119,7,5.88235294117647078e-1,7.84313725490196068e-2,1.76470588235294101e-1,-2.61550068855285645e-1,-1.30775034427642822e-1,2.26619590306654239e-2,1.13309795153327120e-2,-2.61449754238128662e-1,-1.30724877119064331e-1
119,8,6.66666666666666630e-1,7.84313725490196068e-2,1.76470588235294101e-1,-4.77868944406509399e-1,-2.38934472203254700e-1,4.14045732468366623e-2,2.07022866234183311e-2,-4.77685630321502686e-1,-2.38842815160751343e-1
119,9,7.45098039215686292e-1,7.84313725490196068e-2,1.76470588235294101e-1,-6.65321886539459229e-1,-3.32660943269729614e-1,5.76447260566055886e-2,2.88223630283027943e-2,-6.65066659450531006e-1,-3.32533329725265503e-1
119,10,8.23529411764705843e-1,7.84313725490196068e-2,1.76470588235294101e-1,-8.12586784362792969e-1,-4.06293392181396484e-1,7.03969225287437439e-2,3.51984612643718719e-2,-8.12275111675262451e-1,-4.06137555837631226e-1
119,11,9.01960784313725505e-1,7.84313725490196068e-2,1.76470588235294101e-1,-9.10773217678070068e-1,-4.55386608839035034e-1,7.88849925622344128e-2,3.94424962811172064e-2,-9.10423994064331055e-1,-4.55211997032165527e-1
119,12,9.80392156862745057e-1,5.88235294117647189e-2,1.32352941176470618e-1,-9.53963577747344971e-1,-4.76981788873672485e-1,6.19511727243661839e-2,3.09755863621830919e-2,-9.53597903251647949e-1,-4.76798951625823975e-1
120,0,3.92156862745098034e-2,7.84313725490196068e-2,1.76470588235294101e-1,9.48130011558532715e-1,4.74065005779266357e-1,-8.21509173139929744e-2,-4.10754586569964872e-2,9.47766304016113281e-1,4.73883152008056641e-1
120,1,1.17647058823529410e-1,7.84313725490196068e-2,1.76470588235294101e-1,8.90857040882110596e-1,4.45428520441055298e-1,-7.71885070949792779e-2,-3.85942535474896389e-2,8.90515327453613281e-1,4.45257663726806641e-1
120,2,1.96078431372549017e-1,7.84313725490196068e-2,1.76470588235294101e-1,7.79770731925964355e-1,3.89885365962982178e-1,-6.75627496093511581e-2,-3.37813748046755791e-2,7.79471635818481445e-1,3.89735817909240723e-1
120,3,2.74509803921568651e-1,7.84313725490196068e-2,1.76470588235294101e-1,6.21581852436065674e-1,3.10790926218032837e-1,-5.38570655509829632e-2,-2.69285327754914816e-2,6.21343433856964111e-1,3.10671716928482056e-1
120,4,3.52941176470588203e-1,7.84313725490196068e-2,1.76470588235294101e-1,4.25845563411712646e-1,2.12922781705856323e-1,-3.68974902201443800e-2,-1.84487451100721900e-2,4.25682216882705688e-1,2.12841108441352844e-1
120,5,4.31372549019607865e-1,7.84313725490196068e-2,1.76470588235294101e-1,2.04385533928871155e-1,1.02192766964435577e-1,-1.77091109391767643e-2,-8.85455546958838213e-3,2.04307138919830322e-1,1.02153569459915161e-1
120,6,5.09803921568627416e-1,7.84313725490196068e-2,1.76470588235294101e-1,-2.94207166880369186e-2,-1.47103583440184593e-2,2.54918999271469549e-3,1.27459499635734774e-3,-2.94094309210777283e-2,-1.47047154605388641e-2
120,7,5.88235294117647078e-1,7.84313725490196068e-2,1.76470588235294101e-1,-2.61449754238128662e-1,-1.30724877119064331e-1,2.26533159788231964e-2,1.13266579894115982e-2,-2.61349469423294067e-1,-1.30674734711647034e-1
120,8,6.66666666666666630e-1,7.84313725490196068e-2,1.76470588235294101e-1,-4.77685630321502686e-1,-2.38842815160751343e-1,4.13886711001396623e-2,2.06943355500698312e-2,-4.77502405643463135e-1,-2.38751202821731567e-1
120,9,7.45098039215686292e-1,7.84313725490196068e-2,1.76470588235294101e-1,-6.65066659450531006e-1,-3.32533329725265503e-1,5.76225399971007912e-2,2.88112699985503956e-2,-6.64811551570892334e-1,-3.32405775785446167e-1
120,10,8.23529411764705843e-1,7.84313725490196068e-2,1.76470588235294101e-1,-8.12275111675262451e-1,-4.06137555837631226e-1,7.03698204830288943e-2,3.51849102415144471e-2,-8.11963558197021484e-1,-4.05981779098510742e-1
120,11,9.01960784313725505e-1,7.84313725490196068e-2,1.76470588235294101e-1,-9.10423994064331055e-1,-4.55211997032165527e-1,7.88547271862626020e-2,3.94273635931313010e-2,-9.10074889659881592e-1,-4.55037444829940796e-1
120,12,9.80392156862745057e-1,5.88235294117647189e-2,1.32352941176470618e-1,-9.53597903251647949e-1,-4.76798951625823975e-1,6.19275759905576692e-2,3.09637879952788346e-2,-9.53232347965240479e-1,-4.76616173982620239e-1
121,0,3.92156862745098034e-2,7.84313725490196068e-2,1.76470588235294101e-1,9.47766304016113281e-1,4.73883152008056641e-1,-8.21193695068359319e-2,-4.10596847534179660e-2,9.47402775287628174e-1,4.73701387643814087e-1
121,1,1.17647058823529410e-1,7.84313725490196068e-2,1.76470588235294101e-1,8.90515327453613281e-1,4.45257663726806641e-1,-7.71589256823062841e-2,-3.85794628411531421e-2,8.90173733234405518e-1,4.45086866617202759e-1
121,2,1.96078431372549017e-1,7.84313725490196068e-2,1.76470588235294101e-1,7.79471635818481445e-1,3.89735817909240723e-1,-6.75368444994091932e-2,-3.37684222497045966e-2,7.79172658920288086e-1,3.89586329460144043e-1
121,3,2.74509803921568651e-1,7.84313725490196068e-2,1.76470588235294101e-1,6.21343433856964111e-1,3.10671716928482056e-1,-5.38364184089004938e-2,-2.69182092044502469e-2,6.21105074882507324e-1,3.10552537441253662e-1
121,4,3.52941176470588203e-1,7.84313725490196068e-2,1.76470588235294101e-1,4.25682216882705688e-1,2.12841108441352844e-1,-3.68833193555474503e-2,-1.84416596777737252e-2,4.25518929958343506e-1,2.12759464979171753e-1
121,5,4.31372549019607865e-1,7.84313725490196068e-2,1.76470588235294101e-1,2.04307138919830322e-1,1.02153569459915161e-1,-1.77023274125531205e-2,-8.85116370627656024e-3,2.04228773713111877e-1,1.02114386856555939e-1
121,6,5.09803921568627416e-1,7.84313725490196068e-2,1.76470588235294101e-1,-2.94094309210777283e-2,-1.47047154605388641e-2,2.54821213893591247e-3,1.27410606946795624e-3,-2.93981488794088364e-2,-1.46990744397044182e-2
121,7,5.88235294117647078e-1,7.84313725490196068e-2,1.76470588235294101e-1,-2.61349469423294067e-1,-1.30674734711647034e-1,2.26446248358115887e-2,1.13223124179057943e-2,-2.61249214410781860e-1,-1.30624607205390930e-1
121,8,6.66666666666666630e-1,7.84313725490196068e-2,1.76470588235294101e-1,-4.77502405643463135e-1,-2.38751202821731567e-1,4.13728117011487040e-2,2.06864058505743520e-2,-4.77319240570068359e-1,-2.38659620285034180e-1
121,9,7.45098039215686292e-1,7.84313725490196068e-2,1.76470588235294101e-1,-6.64811551570892334e-1,-3.32405775785446167e-1,5.76003966853022853e-2,2.88001983426511426e-2,-6.64556562900543213e-1,-3.32278281450271606e-1
121,10,8.23529411764705843e-1,7.84313725490196068e-2,1.76470588235294101e-1,-8.11963558197021484e-1,-4.05981779098510742e-1,7.03427184373140169e-2,3.51713592186570084e-2,-8.11652123928070068e-1,-4.05826061964035034e-1
121,11,9.01960784313725505e-1,7.84313725490196068e-2,1.76470588235294101e-1,-9.10074889659881592e-1,-4.55037444829940796e-1,7.88244618102908190e-2,3.94122309051454095e-2,-9.09725904464721680e-1,-4.54862952232360840e-1
121,12,9.80392156862745057e-1,5.88235294117647189e-2,1.32352941176470618e-1,-9.53232347965240479e-1,-4.76616173982620239e-1,6.19039792567491545e-2,3.09519896283745773e-2,-9.52866971492767334e-1,-4.76433485746383667e-1
122,0,3.92156862745098034e-2,7.84313725490196068e-2,1.76470588235294101e-1,9.47402775287628174e-1,4.73701387643814087e-1,-8.20879071950912503e-2,-4.10439535975456252e-2,9.47039365768432617e-1,4.73519682884216309e-1
122,1,1.17647058823529410e-1,7.84313725490196068e-2,1.76470588235294101e-1,8.90173733234405518e-1,4.45086866617202759e-1,-7.71292587742209296e-2,-3.85646293871104648e-2,8.89832258224487305e-1,4.44916129112243652e-1
122,2,1.96078431372549017e-1,7.84313725490196068e-2,1.76470588235294101e-1,7.79172658920288086e-1,3.89586329460144043e-1,-6.75110248848795891e-2,-3.37555124424397945e-2,7.78873801231384277e-1,3.89436900615692139e-1
122,3,2.74509803921568651e-1,7.84313725490196068e-2,1.76470588235294101e-1,6.21105074882507324e-1,3.10552537441253662e-1,-5.38156857714057191e-2,-2.69078428857028595e-2,6.20866835117340088e-1,3.10433417558670044e-1
122,4,3.52941176470588203e-1,7.84313725490196068e-2,1.76470588235294101e-1,4.25518929958343506e-1,2.12759464979171753e-1,-3.68691912386566178e-2,-1.84345956193283089e-2,4.25355702638626099e-1,2.12677851319313049e-1
122,5,4.31372549019607865e-1,7.84313725490196068e-2,1.76470588235294101e-1,2.04228773713111877e-1,1.02114386856555939e-1,-1.76955492293927596e-2,-8.84777461469637982e-3,2.04150438308715820e-1,1.02075219154357910e-1
122,6,5.09803921568627416e-1,7.84313725490196068e-2,1.76470588235294101e-1,-2.93981488794088364e-2,-1.46990744397044182e-2,2.54724497208369538e-3,1.27362248604184769e-3,-2.93868724256753922e-2,-1.46934362128376961e-2
122,7,5.88235294117647078e-1,7.84313725490196068e-2,1.76470588235294101e-1,-2.61249214410781860e-1,-1.30624607205390930e-1,2.26359283493365870e-2,1.13179641746682935e-2,-2.61148989200592041e-1,-1.30574494600296021e-1
122,8,6.66666666666666630e-1,7.84313725490196068e-2,1.76470588235294101e-1,-4.77319240570068359e-1,-2.38659620285034180e-1,4.13569095544517040e-2,2.06784547772258520e-2,-4.77136164903640747e-1,-2.38568082451820374e-1
122,9,7.45098039215686292e-1,7.84313725490196068e-2,1.76470588235294101e-1,-6.64556562900543213e-1,-3.32278281450271606e-1,5.75783388689160569e-2,2.87891694344580285e-2,-6.64301633834838867e-1,-3.32150816917419434e-1
122,10,8.23529411764705843e-1,7.84313725490196068e-2,1.76470588235294101e-1,-8.11652123928070068e-1,-4.05826061964035034e-1,7.03156163915991672e-2,3.51578081957995836e-2,-8.11340808868408203e-1,-4.05670404434204102e-1
122,11,9.01960784313725505e-1,7.84313725490196068e-2,1.76470588235294101e-1,-9.09725904464721680e-1,-4.54862952232360840e-1,7.87941109389066752e-2,3.93970554694533376e-2,-9.09377098083496094e-1,-4.54688549041748047e-1
122,12,9.80392156862745057e-1,5.88235294117647189e-2,1.32352941176470618e-1,-9.52866971492767334e-1,-4.76433485746383667e-1,6.18804680183529868e-2,3.09402340091764934e-2,-9.52501714229583740e-1,-4.76250857114791870e-1
123,0,3.92156862745098034e-2,7.84313725490196068e-2,1.76470588235294101e-1,9.47039365768432617e-1,4.73519682884216309e-1,-8.20564448833465548e-2,-4.10282224416732774e-2,9.46676075458526611e-1,4.73338037729263306e-1
123,1,1.17647058823529410e-1,7.84313725490196068e-2,1.76470588235294101e-1,8.89832258224487305e-1,4.44916129112243652e-1,-7.70995918661355889e-2,-3.85497959330677945e-2,8.89490902423858643e-1,4.44745451211929321e-1
123,2,1.96078431372549017e-1,7.84313725490196068e-2,1.76470588235294101e-1,7.78873801231384277e-1,3.89436900615692139e-1,-6.74852052703499850e-2,-3.37426026351749925e-2,7.78575062751770020e-1,3.89287531375885010e-1
123,3,2.74509803921568651e-1,7.84313725490196068e-2,1.76470588235294101e-1,6.20866835117340088e-1,3.10433417558670044e-1,-5.37950386293232496e-2,-2.68975193146616248e-2,6.20628654956817627e-1,3.10314327478408813e-1
123,4,3.52941176470588203e-1,7.84313725490196068e-2,1.76470588235294101e-1,4.25355702638626099e-1,2.12677851319313049e-1,-3.68550203740596882e-2,-1.84275101870298441e-2,4.25192534923553467e-1,2.12596267461776733e-1
123,5,4.31372549019607865e-1,7.84313725490196068e-2,1.76470588235294101e-1,2.04150438308715820e-1,1.02075219154357910e-1,-1.76887790614272955e-2,-8.84438953071364775e-3,2.04072132706642151e-1,1.02036066353321075e-1
123,6,5.09803921568627416e-1,7.84313725490196068e-2,1.76470588235294101e-1,-2.93868724256753922e-2,-1.46934362128376961e-2,2.54629383562132716e-3,1.27314691781066358e-3,-2.93755996972322464e-2,-1.46877998486161232e-2
123,7,5.88235294117647078e-1,7.84313725490196068e-2,1.76470588235294101e-1,-2.61148989200592041e-1,-1.30574494600296021e-1,2.26271810999605361e-2,1.13135905499802680e-2,-2.61048823595046997e-1,-1.30524411797523499e-1
123,8,6.66666666666666630e-1,7.84313725490196068e-2,1.76470588235294101e-1,-4.77136164903640747e-1,-2.38568082451820374e-1,4.13411356508732175e-2,2.06705678254366088e-2,-4.76953148841857910e-1,-2.38476574420928955e-1
123,9,7.45098039215686292e-1,7.84313725490196068e-2,1.76470588235294101e-1,-6.64301633834838867e-1,-3.32150816917419434e-1,5.75561528094112596e-2,2.87780764047056298e-2,-6.64046823978424072e-1,-3.32023411989212036e-1
123,10,8.23529411764705843e-1,7.84313725490196068e-2,1.76470588235294101e-1,-8.11340808868408203e-1,-4.05670404434204102e-1,7.02885143458843453e-2,3.51442571729421727e-2,-8.11029613018035889e-1,-4.05514806509017944e-1
123,11,9.01960784313725505e-1,7.84313725490196068e-2,1.76470588235294101e-1,-9.09377098083496094e-1,-4.54688549041748047e-1,7.87639310583472113e-2,3.93819655291736057e-2,-9.09028410911560059e-1,-4.54514205455780029e-1
123,12,9.80392156862745057e-1,5.88235294117647189e-2,1.32352941176470618e-1,-9.52501714229583740e-1,-4.76250857114791870e-1,6.18568712845444652e-2,3.09284356422722326e-2,-9.52136576175689697e-1,-4.76068288087844849e-1
124,0,3.92156862745098034e-2,7.84313725490196068e-2,1.76470588235294101e-1,9.46676075458526611e-1,4.73338037729263306e-1,-8.20249825716018593e-2,-4.10124912858009297e-2,9.46312963962554932e-1,4.73156481981277466e-1
124,1,1.17647058823529410e-1,7.84313725490196068e-2,1.76470588235294101e-1,8.89490902423858643e-1,4.44745451211929321e-1,-7.70699249580502482e-2,-3.85349624790251241e-2,8.89149725437164307e-1,4.44574862718582153e-1
124,2,1.96078431372549017e-1,7.84313725490196068e-2,1.76470588235294101e-1,7.78575062751770020e-1,3.89287531375885010e-1,-6.74594711512327139e-2,-3.37297355756163569e-2,7.78276443481445312e-1,3.89138221740722656e-1
124,3,2.74509803921568651e-1,7.84313725490196068e-2,1.76470588235294101e-1,6.20628654956817627e-1,3.10314327478408813e-1,-5.37743059918284472e-2,-2.68871529959142236e-2,6.20390594005584717e-1,3.10195297002792358e-1
124,4,3.52941176470588203e-1,7.84313725490196068e-2,1.76470588235294101e-1,4.25192534923553467e-1,2.12596267461776733e-1,-3.68408922571689113e-2,-1.84204461285844556e-2,4.25029426813125610e-1,2.12514713406562805e-1
124,5,4.31372549019607865e-1,7.84313725490196068e-2,1.76470588235294101e-1,2.04072132706642151e-1,1.02036066353321075e-1,-1.76820142369251698e-2,-8.84100711846258491e-3,2.03993856906890869e-1,1.01996928453445435e-1
124,6,5.09803921568627416e-1,7.84313725490196068e-2,1.76470588235294101e-1,-2.93755996972322464e-2,-1.46877998486161232e-2,2.54531063837931670e-3,1.27265531918965835e-3,-2.93643306940793991e-2,-1.46821653470396996e-2
124,7,5.88235294117647078e-1,7.84313725490196068e-2,1.76470588235294101e-1,-2.61048823595046997e-1,-1.30524411797523499e-1,2.26185140025336184e-2,1.13092570012668092e-2,-2.60948687791824341e-1,-1.30474343895912170e-1
124,8,6.66666666666666630e-1,7.84313725490196068e-2,1.76470588235294101e-1,-4.76953148841857910e-1,-2.38476574420928955e-1,4.13252762518823147e-2,2.06626381259411573e-2,-4.76770192384719849e-1,-2.38385096192359924e-1
124,9,7.45098039215686292e-1,7.84313725490196068e-2,1.76470588235294101e-1,-6.64046823978424072e-1,-3.32023411989212036e-1,5.75340522453189063e-2,2.87670261226594531e-2,-6.63792133331298828e-1,-3.31896066665649414e-1
124,10,8.23529411764705843e-1,7.84313725490196068e-2,1.76470588235294101e-1,-8.11029613018035889e-1,-4.05514806509017944e-1,7.02614123001694679e-2,3.51307061500847340e-2,-8.10718536376953125e-1,-4.05359268188476562e-1
124,11,9.01960784313725505e-1,7.84313725490196068e-2,1.76470588235294101e-1,-9.09028410911560059e-1,-4.54514205455780029e-1,7.87337511777877752e-2,3.93668755888938876e-2,-9.08679842948913574e-1,-4.54339921474456787e-1
124,12,9.80392156862745057e-1,5.88235294117647189e-2,1.32352941176470618e-1,-9.52136576175689697e-1,-4.76068288087844849e-1,6.18332745507359505e-2,3.09166372753679752e-2,-9.51771616935729980e-1,-4.75885808467864990e-1
125,0,3.92156862745098034e-2,7.84313725490196068e-2,1.76470588235294101e-1,9.46312963962554932e-1,4.73156481981277466e-1,-8.19935202598571777e-2,-4.09967601299285889e-2,9.45949971675872803e-1,4.72974985837936401e-1
125,1,1.17647058823529410e-1,7.84313725490196068e-2,1.76470588235294101e-1,8.89149725437164307e-1,4.44574862718582153e-1,-7.70403435453772545e-2,-3.85201717726886272e-2,8.88808667659759521e-1,4.44404333829879761e-1
125,2,1.96078431372549017e-1,7.84313725490196068e-2,1.76470588235294101e-1,7.78276443481445312e-1,3.89138221740722656e-1,-6.74336515367031097e-2,-3.37168257683515549e-2,7.77977883815765381e-1,3.88988941907882690e-1
125,3,2.74509803921568651e-1,7.84313725490196068e-2,1.76470588235294101e-1,6.20390594005584717e-1,3.10195297002792358e-1,-5.37536588497459777e-2,-2.68768294248729889e-2,6.20152592658996582e-1,3.10076296329498291e-1
125,4,3.52941176470588203e-1,7.84313725490196068e-2,1.76470588235294101e-1,4.25029426813125610e-1,2.12514713406562805e-1,-3.68267213925719261e-2,-1.84133606962859631e-2,4.24866378307342529e-1,2.12433189153671265e-1
125,5,4.31372549019607865e-1,7.84313725490196068e-2,1.76470588235294101e-1,2.03993856906890869e-1,1.01996928453445435e-1,-1.76752547558862716e-2,-8.83762737794313580e-3,2.03915610909461975e-1,1.01957805454730988e-1
125,6,5.09803921568627416e-1,7.84313725490196068e-2,1.76470588235294101e-1,-2.93643306940793991e-2,-1.46821653470396996e-2,2.54433812806381665e-3,1.27216906403190833e-3,-2.93530672788619995e-2,-1.46765336394309998e-2
125,7,5.88235294117647078e-1,7.84313725490196068e-2,1.76470588235294101e-1,-2.60948687791824341e-1,-1.30474343895912170e-1,2.26098415616434179e-2,1.13049207808217089e-2,-2.60848581790924072e-1,-1.30424290895462036e-1
125,8,6.66666666666666630e-1,7.84313725490196068e-2,1.76470588235294101e-1,-4.76770192384719849e-1,-2.38385096192359924e-1,4.13093741051852592e-2,2.06546870525926296e-2,-4.76587325334548950e-1,-2.38293662667274475e-1
125,9,7.45098039215686292e-1,7.84313725490196068e-2,1.76470588235294101e-1,-6.63792133331298828e-1,-3.31896066665649414e-1,5.75120371766388583e-2,2.87560185883194291e-2,-6.63537502288818359e-1,-3.31768751144409180e-1
125,10,8.23529411764705843e-1,7.84313725490196068e-2,1.76470588235294101e-1,-8.10718536376953125e-1,-4.05359268188476562e-1,7.02343102544545905e-2,3.51171551272272953e-2,-8.10407578945159912e-1,-4.05203789472579956e-1
125,11,9.01960784313725505e-1,7.84313725490196068e-2,1.76470588235294101e-1,-9.08679842948913574e-1,-4.54339921474456787e-1,7.87034858018159922e-2,3.93517429009079961e-2,-9.08331394195556641e-1,-4.54165697097778320e-1
125,12,9.80392156862745057e-1,5.88235294117647189e-2,1.32352941176470618e-1,-9.51771616935729980e-1,-4.75885808467864990e-1,6.18097633123397827e-2,3.09048816561698914e-2,-9.51406776905059814e-1,-4.75703388452529907e-1
126,0,3.92156862745098034e-2,7.84313725490196068e-2,1.76470588235294101e-1,9.45949971675872803e-1,4.72974985837936401e-1,-8.19620579481124822e-2,-4.09810289740562411e-2,9.45587098598480225e-1,4.72793549299240112e-1
126,1,1.17647058823529410e-1,7.84313725490196068e-2,1.76470588235294101e-1,8.88808667659759521e-1,4.44404333829879761e-1,-7.70108476281166077e-2,-3.85054238140583038e-2,8.88467729091644287e-1,4.44233864545822144e-1
126,2,1.96078431372549017e-1,7.84313725490196068e-2,1.76470588235294101e-1,7.77977883815765381e-1,3.88988941907882690e-1,-6.74077464267611448e-2,-3.37038732133805724e-2,7.77679443359375000e-1,3.88839721679687500e-1
126,3,2.74509803921568651e-1,7.84313725490196068e-2,1.76470588235294101e-1,6.20152592658996582e-1,3.10076296329498291e-1,-5.37330117076635361e-2,-2.68665058538317680e-2,6.19914710521697998e-1,3.09957355260848999e-1
126,4,3.52941176470588203e-1,7.84313725490196068e-2,1.76470588235294101e-1,4.24866378307342529e-1,2.12433189153671265e-1,-3.68125932756811491e-2,-1.84062966378405746e-2,4.24703419208526611e-1,2.12351709604263306e-1
126,5,4.31372549019607865e-1,7.84313725490196068e-2,1.76470588235294101e-1,2.03915610909461975e-1,1.01957805454730988e-1,-1.76685032900422700e-2,-8.83425164502113502e-3,2.03837394714355469e-1,1.01918697357177734e-1
126,6,5.09803921568627416e-1,7.84313725490196068e-2,1.76470588235294101e-1,-2.93530672788619995e-2,-1.46765336394309998e-2,2.54338164813816547e-3,1.27169082406908274e-3,-2.93418075889348984e-2,-1.46709037944674492e-2
126,7,5.88235294117647078e-1,7.84313725490196068e-2,1.76470588235294101e-1,-2.60848581790924072e-1,-1.30424290895462036e-1,2.26011183578521124e-2,1.13005591789260562e-2,-2.60748535394668579e-1,-1.30374267697334290e-1
126,8,6.66666666666666630e-1,7.84313725490196068e-2,1.76470588235294101e-1,-4.76587325334548950e-1,-2.38293662667274475e-1,4.12936002016067172e-2,2.06468001008033586e-2,-4.76404517889022827e-1,-2.38202258944511414e-1
126,9,7.45098039215686292e-1,7.84313725490196068e-2,1.76470588235294101e-1,-6.63537502288818359e-1,-3.31768751144409180e-1,5.74898938648402968e-2,2.87449469324201484e-2,-6.63282990455627441e-1,-3.31641495227813721e-1
126,10,8.23529411764705843e-1,7.84313725490196068e-2,1.76470588235294101e-1,-8.10407578945159912e-1,-4.05203789472579956e-1,7.02072937041521017e-2,3.51036468520760508e-2,-8.10096740722656250e-1,-4.05048370361328125e-1
126,11,9.01960784313725505e-1,7.84313725490196068e-2,1.76470588235294101e-1,-9.08331394195556641e-1,-4.54165697097778320e-1,7.86732204258441814e-2,3.93366102129220907e-2,-9.07983124256134033e-1,-4.53991562128067017e-1
126,12,9.80392156862745057e-1,5.88235294117647189e-2,1.32352941176470618e-1,-9.51406776905059814e-1,-4.75703388452529907e-1,6.17862520739436150e-2,3.08931260369718075e-2,-9.51042056083679199e-1,-4.75521028041839600e-1
127,0,3.92156862745098034e-2,7.84313725490196068e-2,1.76470588235294101e-1,9.45587098598480225e-1,4.72793549299240112e-1,-8.19305956363678006e-2,-4.09652978181839003e-2,9.45224404335021973e-1,4.72612202167510986e-1
127,1,1.17647058823529410e-1,7.84313725490196068e-2,1.76470588235294101e-1,8.88467729091644287e-1,4.44233864545822144e-1,-7.69813517108559470e-2,-3.84906758554279735e-2,8.88126909732818604e-1,4.44063454866409302e-1
127,2,1.96078431372549017e-1,7.84313725490196068e-2,1.76470588235294101e-1,7.77679443359375000e-1,3.88839721679687500e-1,-6.73818413168192076e-2,-3.36909206584096038e-2,7.77381122112274170e-1,3.88690561056137085e-1
127,3,2.74509803921568651e-1,7.84313725490196068e-2,1.76470588235294101e-1,6.19914710521697998e-1,3.09957355260848999e-1,-5.37124073132872193e-2,-2.68562036566436096e-2,6.19676947593688965e-1,3.09838473796844482e-1
127,4,3.52941176470588203e-1,7.84313725490196068e-2,1.76470588235294101e-1,4.24703419208526611e-1,2.12351709604263306e-1,-3.67985079064965248e-2,-1.83992539532482624e-2,4.24540519714355469e-1,2.12270259857177734e-1
127,5,4.31372549019607865e-1,7.84313725490196068e-2,1.76470588235294101e-1,2.03837394714355469e-1,1.01918697357177734e-1,-1.76617144199553988e-2,-8.83085720997769941e-3,2.03759208321571350e-1,1.01879604160785675e-1
127,6,5.09803921568627416e-1,7.84313725490196068e-2,1.76470588235294101e-1,-2.93418075889348984e-2,-1.46709037944674492e-2,2.54239310743287206e-3,1.27119655371643603e-3,-2.93305516242980957e-2,-1.46652758121490479e-2
127,7,5.88235294117647078e-1,7.84313725490196068e-2,1.76470588235294101e-1,-2.60748535394668579e-1,-1.30374267697334290e-1,2.25924753060098849e-2,1.12962376530049424e-2,-2.60648518800735474e-1,-1.30324259400367737e-1
127,8,6.66666666666666630e-1,7.84313725490196068e-2,1.76470588235294101e-1,-4.76404517889022827e-1,-2.38202258944511414e-1,4.12777408026158699e-2,2.06388704013079349e-2,-4.76221770048141479e-1,-2.38110885024070740e-1
127,9,7.45098039215686292e-1,7.84313725490196068e-2,1.76470588235294101e-1,-6.63282990455627441e-1,-3.31641495227813721e-1,5.74678360484540407e-2,2.87339180242270203e-2,-6.63028597831726074e-1,-3.31514298915863037e-1
127,10,8.23529411764705843e-1,7.84313725490196068e-2,1.76470588235294101e-1,-8.10096740722656250e-1,-4.05048370361328125e-1,7.01801916584372520e-2,3.50900958292186260e-2,-8.09786021709442139e-1,-4.04893010854721069e-1
127,11,9.01960784313725505e-1,7.84313725490196068e-2,1.76470588235294101e-1,-9.07983124256134033e-1,-4.53991562128067017e-1,7.86431260406970922e-2,3.93215630203485461e-2,-9.07634973526000977e-1,-4.53817486763000488e-1
127,12,9.80392156862745057e-1,5.88235294117647189e-2,1.32352941176470618e-1,-9.51042056083679199e-1,-4.75521028041839600e-1,6.17626553401350933e-2,3.08813276700675467e-2,-9.50677514076232910e-1,-4.75338757038116455e-1
128,0,3.92156862745098034e-2,7.84313725490196068e-2,1.76470588235294101e-1,9.45224404335021973e-1,4.72612202167510986e-1,-8.18992188200354521e-2,-4.09496094100177260e-2,9.44861829280853271e-1,4.72430914640426636e-1
128,1,1.17647058823529410e-1,7.84313725490196068e-2,1.76470588235294101e-1,8.88126909732818604e-1,4.44063454866409302e-1,-7.69517702981829532e-2,-3.84758851490914766e-2,8.87786209583282471e-1,4.43893104791641235e-1
128,2,1.96078431372549017e-1,7.84313725490196068e-2,1.76470588235294101e-1,7.77381122112274170e-1,3.88690561056137085e-1,-6.73559362068772427e-2,-3.36779681034386214e-2,7.77082920074462891e-1,3.88541460037231445e-1
128,3,2.74509803921568651e-1,7.84313725490196068e-2,1.76470588235294101e-1,6.19676947593688965e-1,3.09838473796844482e-1,-5.36918884143233466e-2,-2.68459442071616733e-2,6.19439244270324707e-1,3.09719622135162354e-1
128,4,3.52941176470588203e-1,7.84313725490196068e-2,1.76470588235294101e-1,4.24540519714355469e-1,2.12270259857177734e-1,-3.67843797896056923e-2,-1.83921898948028462e-2,4.24377679824829102e-1,2.12188839912414551e-1
128,5,4.31372549019607865e-1,7.84313725490196068e-2,1.76470588235294101e-1,2.03759208321571350e-1,1.01879604160785675e-1,-1.76549308933318105e-2,-8.82746544666590527e-3,2.03681051731109619e-1,1.01840525865554810e-1
128,6,5.09803921568627416e-1,7.84313725490196068e-2,1.76470588235294101e-1,-2.93305516242980957e-2,-1.46652758121490479e-2,2.54141525365414456e-3,1.27070762682707228e-3,-2.93193012475967407e-2,-1.46596506237983704e-2
128,7,5.88235294117647078e-1,7.84313725490196068e-2,1.76470588235294101e-1,-2.60648518800735474e-1,-1.30324259400367737e-1,2.25838269107043743e-2,1.12919134553521872e-2,-2.60548532009124756e-1,-1.30274266004562378e-1
128,8,6.66666666666666630e-1,7.84313725490196068e-2,1.76470588235294101e-1,-4.76221770048141479e-1,-2.38110885024070740e-1,4.12618386559188144e-2,2.06309193279594072e-2,-4.76039111614227295e-1,-2.38019555807113647e-1
128,9,7.45098039215686292e-1,7.84313725490196068e-2,1.76470588235294101e-1,-6.63028597831726074e-1,-3.31514298915863037e-1,5.74458637274802009e-2,2.87229318637401004e-2,-6.62774264812469482e-1,-3.31387132406234741e-1
128,10,8.23529411764705843e-1,7.84313725490196068e-2,1.76470588235294101e-1,-8.09786021709442139e-1,-4.04893010854721069e-1,7.01530896127223746e-2,3.50765448063611873e-2,-8.09475421905517578e-1,-4.04737710952758789e-1
128,11,9.01960784313725505e-1,7.84313725490196068e-2,1.76470588235294101e-1,-9.07634973526000977e-1,-4.53817486763000488e-1,7.86129461601376700e-2,3.93064730800688350e-2,-9.07286942005157471e-1,-4.53643471002578735e-1
128,12,9.80392156862745057e-1,5.88235294117647189e-2,1.32352941176470618e-1,-9.50677514076232910e-1,-4.75338757038116455e-1,6.17391441017389256e-2,3.08695720508694628e-2,-9.50313091278076172e-1,-4.75156545639038086e-1
