i,j,k,x,fraction,pressure
0,0,0,7.81250000000000000e-3,0.00000000000000000e0,0.00000000000000000e0
1,0,0,2.34375000000000000e-2,0.00000000000000000e0,0.00000000000000000e0
2,0,0,3.90625000000000000e-2,0.00000000000000000e0,0.00000000000000000e0
3,0,0,5.46875000000000000e-2,0.00000000000000000e0,0.00000000000000000e0
4,0,0,7.03125000000000000e-2,0.00000000000000000e0,0.00000000000000000e0
5,0,0,8.59375000000000000e-2,0.00000000000000000e0,0.00000000000000000e0
6,0,0,1.01562500000000000e-1,0.00000000000000000e0,0.00000000000000000e0
7,0,0,1.17187500000000000e-1,0.00000000000000000e0,0.00000000000000000e0
8,0,0,1.32812500000000000e-1,0.00000000000000000e0,0.00000000000000000e0
9,0,0,1.48437500000000000e-1,0.00000000000000000e0,0.00000000000000000e0
10,0,0,1.64062500000000000e-1,0.00000000000000000e0,0.00000000000000000e0
11,0,0,1.79687500000000000e-1,0.00000000000000000e0,0.00000000000000000e0
12,0,0,1.95312500000000000e-1,0.00000000000000000e0,0.00000000000000000e0
13,0,0,2.10937500000000000e-1,0.00000000000000000e0,0.00000000000000000e0
14,0,0,2.26562500000000000e-1,0.00000000000000000e0,0.00000000000000000e0
15,0,0,2.42187500000000000e-1,0.00000000000000000e0,0.00000000000000000e0
16,0,0,2.57812500000000000e-1,9.71595283185882415e-5,0.00000000000000000e0
17,0,0,2.73437500000000000e-1,9.85475215802826543e-4,0.00000000000000000e0
18,0,0,2.89062500000000000e-1,4.98289580948192007e-3,0.00000000000000000e0
19,0,0,3.04687500000000000e-1,1.67848042289155154e-2,0.00000000000000000e0
20,0,0,3.20312500000000000e-1,4.24961047141102707e-2,0.00000000000000000e0
21,0,0,3.35937500000000000e-1,8.65726198315872192e-2,0.00000000000000000e0
22,0,0,3.51562500000000000e-1,1.48489629163281095e-1,0.00000000000000000e0
23,0,0,3.67187500000000000e-1,2.21779150413040999e-1,0.00000000000000000e0
24,0,0,3.82812500000000000e-1,2.96377413113688648e-1,0.00000000000000000e0
25,0,0,3.98437500000000000e-1,3.62686979958707245e-1,0.00000000000000000e0
26,0,0,4.14062500000000000e-1,4.14787353908362633e-1,0.00000000000000000e0
27,0,0,4.29687500000000000e-1,4.51325278496429894e-1,0.00000000000000000e0
28,0,0,4.45312500000000000e-1,4.74378969010326612e-1,0.00000000000000000e0
29,0,0,4.60937500000000000e-1,4.87552506446835399e-1,0.00000000000000000e0
30,0,0,4.76562500000000000e-1,4.94408122867871835e-1,0.00000000000000000e0
31,0,0,4.92187500000000000e-1,4.97672702115979915e-1,0.00000000000000000e0
32,0,0,5.07812500000000000e-1,4.99003796008703704e-1,0.00000000000000000e0
33,0,0,5.23437500000000000e-1,4.98691582541466727e-1,0.00000000000000000e0
34,0,0,5.39062500000000000e-1,4.94909057220414617e-1,0.00000000000000000e0
35,0,0,5.54687500000000000e-1,4.83181473481735513e-1,0.00000000000000000e0
36,0,0,5.70312500000000000e-1,4.57494063072496460e-1,0.00000000000000000e0
37,0,0,5.85937500000000000e-1,4.13424698726056528e-1,0.00000000000000000e0
38,0,0,6.01562500000000000e-1,3.51509686038230740e-1,0.00000000000000000e0
39,0,0,6.17187500000000000e-1,2.78220685652098065e-1,0.00000000000000000e0
40,0,0,6.32812500000000000e-1,2.03622550066988428e-1,0.00000000000000000e0
41,0,0,6.48437500000000000e-1,1.37313012276957802e-1,0.00000000000000000e0
42,0,0,6.64062500000000000e-1,8.52126445533758631e-2,0.00000000000000000e0
43,0,0,6.79687500000000000e-1,4.86747212171126584e-2,0.00000000000000000e0
44,0,0,6.95312500000000000e-1,2.56210309395241663e-2,0.00000000000000000e0
45,0,0,7.10937500000000000e-1,1.24474935449181579e-2,0.00000000000000000e0
46,0,0,7.26562500000000000e-1,5.59187713086015028e-3,0.00000000000000000e0
47,0,0,7.42187500000000000e-1,2.32729788383901097e-3,0.00000000000000000e0
48,0,0,7.57812500000000000e-1,8.99044462949704498e-4,0.00000000000000000e0
49,0,0,7.73437500000000000e-1,3.22942242716361928e-4,0.00000000000000000e0
50,0,0,7.89062500000000000e-1,1.08046970084216517e-4,0.00000000000000000e0
51,0,0,8.04687500000000000e-1,3.37222893235762596e-5,0.00000000000000000e0
52,0,0,8.20312500000000000e-1,9.83221336472544926e-6,0.00000000000000000e0
53,0,0,8.35937500000000000e-1,2.68144232941530151e-6,0.00000000000000000e0
54,0,0,8.51562500000000000e-1,6.84798468905830102e-7,0.00000000000000000e0
55,0,0,8.67187500000000000e-1,1.63934853120674125e-7,0.00000000000000000e0
56,0,0,8.82812500000000000e-1,3.68193278397659095e-8,0.00000000000000000e0
57,0,0,8.98437500000000000e-1,7.76435063270052435e-9,0.00000000000000000e0
58,0,0,9.14062500000000000e-1,1.53828408832930362e-9,0.00000000000000000e0
59,0,0,9.29687500000000000e-1,2.86482349249367614e-10,0.00000000000000000e0
60,0,0,9.45312500000000000e-1,5.01728372801948463e-11,0.00000000000000000e0
61,0,0,9.60937500000000000e-1,8.26573170930684246e-12,0.00000000000000000e0
62,0,0,9.76562500000000000e-1,1.28121411415880783e-12,0.00000000000000000e0
63,0,0,9.92187500000000000e-1,1.86865735195515510e-13,0.00000000000000000e0
0,1,0,7.81250000000000000e-3,0.00000000000000000e0,0.00000000000000000e0
1,1,0,2.34375000000000000e-2,0.00000000000000000e0,0.00000000000000000e0
2,1,0,3.90625000000000000e-2,0.00000000000000000e0,0.00000000000000000e0
3,1,0,5.46875000000000000e-2,0.00000000000000000e0,0.00000000000000000e0
4,1,0,7.03125000000000000e-2,0.00000000000000000e0,0.00000000000000000e0
5,1,0,8.59375000000000000e-2,0.00000000000000000e0,0.00000000000000000e0
6,1,0,1.01562500000000000e-1,0.00000000000000000e0,0.00000000000000000e0
7,1,0,1.17187500000000000e-1,0.00000000000000000e0,0.00000000000000000e0
8,1,0,1.32812500000000000e-1,0.00000000000000000e0,0.00000000000000000e0
9,1,0,1.48437500000000000e-1,0.00000000000000000e0,0.00000000000000000e0
10,1,0,1.64062500000000000e-1,0.00000000000000000e0,0.00000000000000000e0
11,1,0,1.79687500000000000e-1,0.00000000000000000e0,0.00000000000000000e0
12,1,0,1.95312500000000000e-1,0.00000000000000000e0,0.00000000000000000e0
13,1,0,2.10937500000000000e-1,0.00000000000000000e0,0.00000000000000000e0
14,1,0,2.26562500000000000e-1,0.00000000000000000e0,0.00000000000000000e0
15,1,0,2.42187500000000000e-1,0.00000000000000000e0,0.00000000000000000e0
16,1,0,2.57812500000000000e-1,9.71595283185909520e-5,0.00000000000000000e0
17,1,0,2.73437500000000000e-1,9.85475215802840638e-4,0.00000000000000000e0
18,1,0,2.89062500000000000e-1,4.98289580948190359e-3,0.00000000000000000e0
19,1,0,3.04687500000000000e-1,1.67848042289151095e-2,0.00000000000000000e0
20,1,0,3.20312500000000000e-1,4.24961047141083348e-2,0.00000000000000000e0
21,1,0,3.35937500000000000e-1,8.65726198315814321e-2,0.00000000000000000e0
22,1,0,3.51562500000000000e-1,1.48489629163268355e-1,0.00000000000000000e0
23,1,0,3.67187500000000000e-1,2.21779150413018655e-1,0.00000000000000000e0
24,1,0,3.82812500000000000e-1,2.96377413113655785e-1,0.00000000000000000e0
25,1,0,3.98437500000000000e-1,3.62686979958665001e-1,0.00000000000000000e0
26,1,0,4.14062500000000000e-1,4.14787353908313838e-1,0.00000000000000000e0
27,1,0,4.29687500000000000e-1,4.51325278496377491e-1,0.00000000000000000e0
28,1,0,4.45312500000000000e-1,4.74378969010272544e-1,0.00000000000000000e0
29,1,0,4.60937500000000000e-1,4.87552506446781053e-1,0.00000000000000000e0
30,1,0,4.76562500000000000e-1,4.94408122867817990e-1,0.00000000000000000e0
31,1,0,4.92187500000000000e-1,4.97672702115927901e-1,0.00000000000000000e0
32,1,0,5.07812500000000000e-1,4.99003796008655576e-1,0.00000000000000000e0
33,1,0,5.23437500000000000e-1,4.98691582541424816e-1,0.00000000000000000e0
34,1,0,5.39062500000000000e-1,4.94909057220381421e-1,0.00000000000000000e0
35,1,0,5.54687500000000000e-1,4.83181473481712975e-1,0.00000000000000000e0
36,1,0,5.70312500000000000e-1,4.57494063072485024e-1,0.00000000000000000e0
37,1,0,5.85937500000000000e-1,4.13424698726054751e-1,0.00000000000000000e0
38,1,0,6.01562500000000000e-1,3.51509686038235569e-1,0.00000000000000000e0
39,1,0,6.17187500000000000e-1,2.78220685652106059e-1,0.00000000000000000e0
40,1,0,6.32812500000000000e-1,2.03622550066996588e-1,0.00000000000000000e0
41,1,0,6.48437500000000000e-1,1.37313012276964491e-1,0.00000000000000000e0
42,1,0,6.64062500000000000e-1,8.52126445533805121e-2,0.00000000000000000e0
43,1,0,6.79687500000000000e-1,4.86747212171155588e-2,0.00000000000000000e0
44,1,0,6.95312500000000000e-1,2.56210309395257969e-2,0.00000000000000000e0
45,1,0,7.10937500000000000e-1,1.24474935449189906e-2,0.00000000000000000e0
46,1,0,7.26562500000000000e-1,5.59187713086053625e-3,0.00000000000000000e0
47,1,0,7.42187500000000000e-1,2.32729788383917533e-3,0.00000000000000000e0
48,1,0,7.57812500000000000e-1,8.99044462949768683e-4,0.00000000000000000e0
49,1,0,7.73437500000000000e-1,3.22942242716385184e-4,0.00000000000000000e0
50,1,0,7.89062500000000000e-1,1.08046970084224364e-4,0.00000000000000000e0
51,1,0,8.04687500000000000e-1,3.37222893235787126e-5,0.00000000000000000e0
52,1,0,8.20312500000000000e-1,9.83221336472617093e-6,0.00000000000000000e0
53,1,0,8.35937500000000000e-1,2.68144232941550099e-6,0.00000000000000000e0
54,1,0,8.51562500000000000e-1,6.84798468905881348e-7,0.00000000000000000e0
55,1,0,8.67187500000000000e-1,1.63934853120686566e-7,0.00000000000000000e0
56,1,0,8.82812500000000000e-1,3.68193278397687418e-8,0.00000000000000000e0
57,1,0,8.98437500000000000e-1,7.76435063270111992e-9,0.00000000000000000e0
58,1,0,9.14062500000000000e-1,1.53828408832942129e-9,0.00000000000000000e0
59,1,0,9.29687500000000000e-1,2.86482349249389224e-10,0.00000000000000000e0
60,1,0,9.45312500000000000e-1,5.01728372801985233e-11,0.00000000000000000e0
61,1,0,9.60937500000000000e-1,8.26573170930742730e-12,0.00000000000000000e0
62,1,0,9.76562500000000000e-1,1.28121411415889386e-12,0.00000000000000000e0
63,1,0,9.92187500000000000e-1,1.86865735195527248e-13,0.00000000000000000e0
0,2,0,7.81250000000000000e-3,0.00000000000000000e0,0.00000000000000000e0
1,2,0,2.34375000000000000e-2,0.00000000000000000e0,0.00000000000000000e0
2,2,0,3.90625000000000000e-2,0.00000000000000000e0,0.00000000000000000e0
3,2,0,5.46875000000000000e-2,0.00000000000000000e0,0.00000000000000000e0
4,2,0,7.03125000000000000e-2,0.00000000000000000e0,0.00000000000000000e0
5,2,0,8.59375000000000000e-2,0.00000000000000000e0,0.00000000000000000e0
6,2,0,1.01562500000000000e-1,0.00000000000000000e0,0.00000000000000000e0
7,2,0,1.17187500000000000e-1,0.00000000000000000e0,0.00000000000000000e0
8,2,0,1.32812500000000000e-1,0.00000000000000000e0,0.00000000000000000e0
9,2,0,1.48437500000000000e-1,0.00000000000000000e0,0.00000000000000000e0
10,2,0,1.64062500000000000e-1,0.00000000000000000e0,0.00000000000000000e0
11,2,0,1.79687500000000000e-1,0.00000000000000000e0,0.00000000000000000e0
12,2,0,1.95312500000000000e-1,0.00000000000000000e0,0.00000000000000000e0
13,2,0,2.10937500000000000e-1,0.00000000000000000e0,0.00000000000000000e0
14,2,0,2.26562500000000000e-1,0.00000000000000000e0,0.00000000000000000e0
15,2,0,2.42187500000000000e-1,0.00000000000000000e0,0.00000000000000000e0
16,2,0,2.57812500000000000e-1,9.71595283185819667e-5,0.00000000000000000e0
17,2,0,2.73437500000000000e-1,9.85475215802746529e-4,0.00000000000000000e0
18,2,0,2.89062500000000000e-1,4.98289580948143348e-3,0.00000000000000000e0
19,2,0,3.04687500000000000e-1,1.67848042289136072e-2,0.00000000000000000e0
20,2,0,3.20312500000000000e-1,4.24961047141049070e-2,0.00000000000000000e0
21,2,0,3.35937500000000000e-1,8.65726198315755063e-2,0.00000000000000000e0
22,2,0,3.51562500000000000e-1,1.48489629163260223e-1,0.00000000000000000e0
23,2,0,3.67187500000000000e-1,2.21779150413009413e-1,0.00000000000000000e0
24,2,0,3.82812500000000000e-1,2.96377413113646904e-1,0.00000000000000000e0
25,2,0,3.98437500000000000e-1,3.62686979958658451e-1,0.00000000000000000e0
26,2,0,4.14062500000000000e-1,4.14787353908310841e-1,0.00000000000000000e0
27,2,0,4.29687500000000000e-1,4.51325278496379545e-1,0.00000000000000000e0
28,2,0,4.45312500000000000e-1,4.74378969010281315e-1,0.00000000000000000e0
29,2,0,4.60937500000000000e-1,4.87552506446798484e-1,0.00000000000000000e0
30,2,0,4.76562500000000000e-1,4.94408122867845135e-1,0.00000000000000000e0
31,2,0,4.92187500000000000e-1,4.97672702115964483e-1,0.00000000000000000e0
32,2,0,5.07812500000000000e-1,4.99003796008699707e-1,0.00000000000000000e0
33,2,0,5.23437500000000000e-1,4.98691582541473666e-1,0.00000000000000000e0
34,2,0,5.39062500000000000e-1,4.94909057220431603e-1,0.00000000000000000e0
35,2,0,5.54687500000000000e-1,4.83181473481760770e-1,0.00000000000000000e0
36,2,0,5.70312500000000000e-1,4.57494063072527046e-1,0.00000000000000000e0
37,2,0,5.85937500000000000e-1,4.13424698726089446e-1,0.00000000000000000e0
38,2,0,6.01562500000000000e-1,3.51509686038262381e-1,0.00000000000000000e0
39,2,0,6.17187500000000000e-1,2.78220685652125987e-1,0.00000000000000000e0
40,2,0,6.32812500000000000e-1,2.03622550067010660e-1,0.00000000000000000e0
41,2,0,6.48437500000000000e-1,1.37313012276973845e-1,0.00000000000000000e0
42,2,0,6.64062500000000000e-1,8.52126445533863547e-2,0.00000000000000000e0
43,2,0,6.79687500000000000e-1,4.86747212171188687e-2,0.00000000000000000e0
44,2,0,6.95312500000000000e-1,2.56210309395274762e-2,0.00000000000000000e0
45,2,0,7.10937500000000000e-1,1.24474935449197591e-2,0.00000000000000000e0
46,2,0,7.26562500000000000e-1,5.59187713086085544e-3,0.00000000000000000e0
47,2,0,7.42187500000000000e-1,2.32729788383929503e-3,0.00000000000000000e0
48,2,0,7.57812500000000000e-1,8.99044462949809991e-4,0.00000000000000000e0
49,2,0,7.73437500000000000e-1,3.22942242716398194e-4,0.00000000000000000e0
50,2,0,7.89062500000000000e-1,1.08046970084228145e-4,0.00000000000000000e0
51,2,0,8.04687500000000000e-1,3.37222893235797222e-5,0.00000000000000000e0
52,2,0,8.20312500000000000e-1,9.83221336472642165e-6,0.00000000000000000e0
53,2,0,8.35937500000000000e-1,2.68144232941555901e-6,0.00000000000000000e0
54,2,0,8.51562500000000000e-1,6.84798468905893947e-7,0.00000000000000000e0
55,2,0,8.67187500000000000e-1,1.63934853120689107e-7,0.00000000000000000e0
56,2,0,8.82812500000000000e-1,3.68193278397692050e-8,0.00000000000000000e0
57,2,0,8.98437500000000000e-1,7.76435063270120264e-9,0.00000000000000000e0
58,2,0,9.14062500000000000e-1,1.53828408832943411e-9,0.00000000000000000e0
59,2,0,9.29687500000000000e-1,2.86482349249391033e-10,0.00000000000000000e0
60,2,0,9.45312500000000000e-1,5.01728372801987366e-11,0.00000000000000000e0
61,2,0,9.60937500000000000e-1,8.26573170930744507e-12,0.00000000000000000e0
62,2,0,9.76562500000000000e-1,1.28121411415889406e-12,0.00000000000000000e0
63,2,0,9.92187500000000000e-1,1.86865735195526869e-13,0.00000000000000000e0
0,3,0,7.81250000000000000e-3,0.00000000000000000e0,0.00000000000000000e0
1,3,0,2.34375000000000000e-2,0.00000000000000000e0,0.00000000000000000e0
2,3,0,3.90625000000000000e-2,0.00000000000000000e0,0.00000000000000000e0
3,3,0,5.46875000000000000e-2,0.00000000000000000e0,0.00000000000000000e0
4,3,0,7.03125000000000000e-2,0.00000000000000000e0,0.00000000000000000e0
5,3,0,8.59375000000000000e-2,0.00000000000000000e0,0.00000000000000000e0
6,3,0,1.01562500000000000e-1,0.00000000000000000e0,0.00000000000000000e0
7,3,0,1.17187500000000000e-1,0.00000000000000000e0,0.00000000000000000e0
8,3,0,1.32812500000000000e-1,0.00000000000000000e0,0.00000000000000000e0
9,3,0,1.48437500000000000e-1,0.00000000000000000e0,0.00000000000000000e0
10,3,0,1.64062500000000000e-1,0.00000000000000000e0,0.00000000000000000e0
11,3,0,1.79687500000000000e-1,0.00000000000000000e0,0.00000000000000000e0
12,3,0,1.95312500000000000e-1,0.00000000000000000e0,0.00000000000000000e0
13,3,0,2.10937500000000000e-1,0.00000000000000000e0,0.00000000000000000e0
14,3,0,2.26562500000000000e-1,0.00000000000000000e0,0.00000000000000000e0
15,3,0,2.42187500000000000e-1,0.00000000000000000e0,0.00000000000000000e0
16,3,0,2.57812500000000000e-1,9.71595283185863848e-5,0.00000000000000000e0
17,3,0,2.73437500000000000e-1,9.85475215802805293e-4,0.00000000000000000e0
18,3,0,2.89062500000000000e-1,4.98289580948180124e-3,0.00000000000000000e0
19,3,0,3.04687500000000000e-1,1.67848042289150713e-2,0.00000000000000000e0
20,3,0,3.20312500000000000e-1,4.24961047141091466e-2,0.00000000000000000e0
21,3,0,3.35937500000000000e-1,8.65726198315849432e-2,0.00000000000000000e0
22,3,0,3.51562500000000000e-1,1.48489629163277459e-1,0.00000000000000000e0
23,3,0,3.67187500000000000e-1,2.21779150413036197e-1,0.00000000000000000e0
24,3,0,3.82812500000000000e-1,2.96377413113683486e-1,0.00000000000000000e0
25,3,0,3.98437500000000000e-1,3.62686979958703193e-1,0.00000000000000000e0
26,3,0,4.14062500000000000e-1,4.14787353908361578e-1,0.00000000000000000e0
27,3,0,4.29687500000000000e-1,4.51325278496433946e-1,0.00000000000000000e0
28,3,0,4.45312500000000000e-1,4.74378969010337437e-1,0.00000000000000000e0
29,3,0,4.60937500000000000e-1,4.87552506446854828e-1,0.00000000000000000e0
30,3,0,4.76562500000000000e-1,4.94408122867901145e-1,0.00000000000000000e0
31,3,0,4.92187500000000000e-1,4.97672702116020771e-1,0.00000000000000000e0
32,3,0,5.07812500000000000e-1,4.99003796008756717e-1,0.00000000000000000e0
33,3,0,5.23437500000000000e-1,4.98691582541531564e-1,0.00000000000000000e0
34,3,0,5.39062500000000000e-1,4.94909057220489557e-1,0.00000000000000000e0
35,3,0,5.54687500000000000e-1,4.83181473481816837e-1,0.00000000000000000e0
36,3,0,5.70312500000000000e-1,4.57494063072579171e-1,0.00000000000000000e0
37,3,0,5.85937500000000000e-1,4.13424698726134299e-1,0.00000000000000000e0
38,3,0,6.01562500000000000e-1,3.51509686038297686e-1,0.00000000000000000e0
39,3,0,6.17187500000000000e-1,2.78220685652150967e-1,0.00000000000000000e0
40,3,0,6.32812500000000000e-1,2.03622550067026592e-1,0.00000000000000000e0
41,3,0,6.48437500000000000e-1,1.37313012276983004e-1,0.00000000000000000e0
42,3,0,6.64062500000000000e-1,8.52126445533912119e-2,0.00000000000000000e0
43,3,0,6.79687500000000000e-1,4.86747212171213320e-2,0.00000000000000000e0
44,3,0,6.95312500000000000e-1,2.56210309395287009e-2,0.00000000000000000e0
45,3,0,7.10937500000000000e-1,1.24474935449203558e-2,0.00000000000000000e0
46,3,0,7.26562500000000000e-1,5.59187713086112953e-3,0.00000000000000000e0
47,3,0,7.42187500000000000e-1,2.32729788383941169e-3,0.00000000000000000e0
48,3,0,7.57812500000000000e-1,8.99044462949855528e-4,0.00000000000000000e0
49,3,0,7.73437500000000000e-1,3.22942242716414566e-4,0.00000000000000000e0
50,3,0,7.89062500000000000e-1,1.08046970084233444e-4,0.00000000000000000e0
51,3,0,8.04687500000000000e-1,3.37222893235812808e-5,0.00000000000000000e0
52,3,0,8.20312500000000000e-1,9.83221336472683500e-6,0.00000000000000000e0
53,3,0,8.35937500000000000e-1,2.68144232941565769e-6,0.00000000000000000e0
54,3,0,8.51562500000000000e-1,6.84798468905915335e-7,0.00000000000000000e0
55,3,0,8.67187500000000000e-1,1.63934853120693210e-7,0.00000000000000000e0
56,3,0,8.82812500000000000e-1,3.68193278397699064e-8,0.00000000000000000e0
57,3,0,8.98437500000000000e-1,7.76435063270131017e-9,0.00000000000000000e0
58,3,0,9.14062500000000000e-1,1.53828408832944796e-9,0.00000000000000000e0
59,3,0,9.29687500000000000e-1,2.86482349249392377e-10,0.00000000000000000e0
60,3,0,9.45312500000000000e-1,5.01728372801988077e-11,0.00000000000000000e0
61,3,0,9.60937500000000000e-1,8.26573170930743376e-12,0.00000000000000000e0
62,3,0,9.76562500000000000e-1,1.28121411415889042e-12,0.00000000000000000e0
63,3,0,9.92187500000000000e-1,1.86865735195526213e-13,0.00000000000000000e0
0,4,0,7.81250000000000000e-3,0.00000000000000000e0,0.00000000000000000e0
1,4,0,2.34375000000000000e-2,0.00000000000000000e0,0.00000000000000000e0
2,4,0,3.90625000000000000e-2,0.00000000000000000e0,0.00000000000000000e0
3,4,0,5.46875000000000000e-2,0.00000000000000000e0,0.00000000000000000e0
4,4,0,7.03125000000000000e-2,0.00000000000000000e0,0.00000000000000000e0
5,4,0,8.59375000000000000e-2,0.00000000000000000e0,0.00000000000000000e0
6,4,0,1.01562500000000000e-1,0.00000000000000000e0,0.00000000000000000e0
7,4,0,1.17187500000000000e-1,0.00000000000000000e0,0.00000000000000000e0
8,4,0,1.32812500000000000e-1,0.00000000000000000e0,0.00000000000000000e0
9,4,0,1.48437500000000000e-1,0.00000000000000000e0,0.00000000000000000e0
10,4,0,1.64062500000000000e-1,0.00000000000000000e0,0.00000000000000000e0
11,4,0,1.79687500000000000e-1,0.00000000000000000e0,0.00000000000000000e0
12,4,0,1.95312500000000000e-1,0.00000000000000000e0,0.00000000000000000e0
13,4,0,2.10937500000000000e-1,0.00000000000000000e0,0.00000000000000000e0
14,4,0,2.26562500000000000e-1,0.00000000000000000e0,0.00000000000000000e0
15,4,0,2.42187500000000000e-1,0.00000000000000000e0,0.00000000000000000e0
16,4,0,2.57812500000000000e-1,9.71595283185975385e-5,0.00000000000000000e0
17,4,0,2.73437500000000000e-1,9.85475215802906123e-4,0.00000000000000000e0
18,4,0,2.89062500000000000e-1,4.98289580948222625e-3,0.00000000000000000e0
19,4,0,3.04687500000000000e-1,1.67848042289161815e-2,0.00000000000000000e0
20,4,0,3.20312500000000000e-1,4.24961047141110201e-2,0.00000000000000000e0
21,4,0,3.35937500000000000e-1,8.65726198315867751e-2,0.00000000000000000e0
22,4,0,3.51562500000000000e-1,1.48489629163277292e-1,0.00000000000000000e0
23,4,0,3.67187500000000000e-1,2.21779150413031090e-1,0.00000000000000000e0
24,4,0,3.82812500000000000e-1,2.96377413113670662e-1,0.00000000000000000e0
25,4,0,3.98437500000000000e-1,3.62686979958681099e-1,0.00000000000000000e0
26,4,0,4.14062500000000000e-1,4.14787353908329715e-1,0.00000000000000000e0
27,4,0,4.29687500000000000e-1,4.51325278496393034e-1,0.00000000000000000e0
28,4,0,4.45312500000000000e-1,4.74378969010288698e-1,0.00000000000000000e0
29,4,0,4.60937500000000000e-1,4.87552506446800260e-1,0.00000000000000000e0
30,4,0,4.76562500000000000e-1,4.94408122867842525e-1,0.00000000000000000e0
31,4,0,4.92187500000000000e-1,4.97672702115958987e-1,0.00000000000000000e0
32,4,0,5.07812500000000000e-1,4.99003796008693268e-1,0.00000000000000000e0
33,4,0,5.23437500000000000e-1,4.98691582541468115e-1,0.00000000000000000e0
34,4,0,5.39062500000000000e-1,4.94909057220428161e-1,0.00000000000000000e0
35,4,0,5.54687500000000000e-1,4.83181473481760215e-1,0.00000000000000000e0
36,4,0,5.70312500000000000e-1,4.57494063072528989e-1,0.00000000000000000e0
37,4,0,5.85937500000000000e-1,4.13424698726093054e-1,0.00000000000000000e0
38,4,0,6.01562500000000000e-1,3.51509686038266045e-1,0.00000000000000000e0
39,4,0,6.17187500000000000e-1,2.78220685652128596e-1,0.00000000000000000e0
40,4,0,6.32812500000000000e-1,2.03622550067012048e-1,0.00000000000000000e0
41,4,0,6.48437500000000000e-1,1.37313012276974344e-1,0.00000000000000000e0
42,4,0,6.64062500000000000e-1,8.52126445533863824e-2,0.00000000000000000e0
43,4,0,6.79687500000000000e-1,4.86747212171187715e-2,0.00000000000000000e0
44,4,0,6.95312500000000000e-1,2.56210309395273825e-2,0.00000000000000000e0
45,4,0,7.10937500000000000e-1,1.24474935449197192e-2,0.00000000000000000e0
46,4,0,7.26562500000000000e-1,5.59187713086084937e-3,0.00000000000000000e0
47,4,0,7.42187500000000000e-1,2.32729788383930110e-3,0.00000000000000000e0
48,4,0,7.57812500000000000e-1,8.99044462949816388e-4,0.00000000000000000e0
49,4,0,7.73437500000000000e-1,3.22942242716402097e-4,0.00000000000000000e0
50,4,0,7.89062500000000000e-1,1.08046970084229948e-4,0.00000000000000000e0
51,4,0,8.04687500000000000e-1,3.37222893235804202e-5,0.00000000000000000e0
52,4,0,8.20312500000000000e-1,9.83221336472664188e-6,0.00000000000000000e0
53,4,0,8.35937500000000000e-1,2.68144232941561957e-6,0.00000000000000000e0
54,4,0,8.51562500000000000e-1,6.84798468905908453e-7,0.00000000000000000e0
55,4,0,8.67187500000000000e-1,1.63934853120692098e-7,0.00000000000000000e0
56,4,0,8.82812500000000000e-1,3.68193278397697344e-8,0.00000000000000000e0
57,4,0,8.98437500000000000e-1,7.76435063270128039e-9,0.00000000000000000e0
58,4,0,9.14062500000000000e-1,1.53828408832944279e-9,0.00000000000000000e0
59,4,0,9.29687500000000000e-1,2.86482349249391395e-10,0.00000000000000000e0
60,4,0,9.45312500000000000e-1,5.01728372801986138e-11,0.00000000000000000e0
61,4,0,9.60937500000000000e-1,8.26573170930740145e-12,0.00000000000000000e0
62,4,0,9.76562500000000000e-1,1.28121411415888457e-12,0.00000000000000000e0
63,4,0,9.92187500000000000e-1,1.86865735195525329e-13,0.00000000000000000e0
0,5,0,7.81250000000000000e-3,0.00000000000000000e0,0.00000000000000000e0
1,5,0,2.34375000000000000e-2,0.00000000000000000e0,0.00000000000000000e0
2,5,0,3.90625000000000000e-2,0.00000000000000000e0,0.00000000000000000e0
3,5,0,5.46875000000000000e-2,0.00000000000000000e0,0.00000000000000000e0
4,5,0,7.03125000000000000e-2,0.00000000000000000e0,0.00000000000000000e0
5,5,0,8.59375000000000000e-2,0.00000000000000000e0,0.00000000000000000e0
6,5,0,1.01562500000000000e-1,0.00000000000000000e0,0.00000000000000000e0
7,5,0,1.17187500000000000e-1,0.00000000000000000e0,0.00000000000000000e0
8,5,0,1.32812500000000000e-1,0.00000000000000000e0,0.00000000000000000e0
9,5,0,1.48437500000000000e-1,0.00000000000000000e0,0.00000000000000000e0
10,5,0,1.64062500000000000e-1,0.00000000000000000e0,0.00000000000000000e0
11,5,0,1.79687500000000000e-1,0.00000000000000000e0,0.00000000000000000e0
12,5,0,1.95312500000000000e-1,0.00000000000000000e0,0.00000000000000000e0
13,5,0,2.10937500000000000e-1,0.00000000000000000e0,0.00000000000000000e0
14,5,0,2.26562500000000000e-1,0.00000000000000000e0,0.00000000000000000e0
15,5,0,2.42187500000000000e-1,0.00000000000000000e0,0.00000000000000000e0
16,5,0,2.57812500000000000e-1,9.71595283185857885e-5,0.00000000000000000e0
17,5,0,2.73437500000000000e-1,9.85475215802799872e-4,0.00000000000000000e0
18,5,0,2.89062500000000000e-1,4.98289580948177348e-3,0.00000000000000000e0
19,5,0,3.04687500000000000e-1,1.67848042289149464e-2,0.00000000000000000e0
20,5,0,3.20312500000000000e-1,4.24961047141086609e-2,0.00000000000000000e0
21,5,0,3.35937500000000000e-1,8.65726198315836803e-2,0.00000000000000000e0
22,5,0,3.51562500000000000e-1,1.48489629163274961e-1,0.00000000000000000e0
23,5,0,3.67187500000000000e-1,2.21779150413032117e-1,0.00000000000000000e0
24,5,0,3.82812500000000000e-1,2.96377413113677879e-1,0.00000000000000000e0
25,5,0,3.98437500000000000e-1,3.62686979958696198e-1,0.00000000000000000e0
26,5,0,4.14062500000000000e-1,4.14787353908352530e-1,0.00000000000000000e0
27,5,0,4.29687500000000000e-1,4.51325278496420901e-1,0.00000000000000000e0
28,5,0,4.45312500000000000e-1,4.74378969010317397e-1,0.00000000000000000e0
29,5,0,4.60937500000000000e-1,4.87552506446824185e-1,0.00000000000000000e0
30,5,0,4.76562500000000000e-1,4.94408122867857069e-1,0.00000000000000000e0
31,5,0,4.92187500000000000e-1,4.97672702115960541e-1,0.00000000000000000e0
32,5,0,5.07812500000000000e-1,4.99003796008680001e-1,0.00000000000000000e0
33,5,0,5.23437500000000000e-1,4.98691582541440470e-1,0.00000000000000000e0
34,5,0,5.39062500000000000e-1,4.94909057220388859e-1,0.00000000000000000e0
35,5,0,5.54687500000000000e-1,4.83181473481713197e-1,0.00000000000000000e0
36,5,0,5.70312500000000000e-1,4.57494063072480750e-1,0.00000000000000000e0
37,5,0,5.85937500000000000e-1,4.13424698726049367e-1,0.00000000000000000e0
38,5,0,6.01562500000000000e-1,3.51509686038231073e-1,0.00000000000000000e0
39,5,0,6.17187500000000000e-1,2.78220685652103672e-1,0.00000000000000000e0
40,5,0,6.32812500000000000e-1,2.03622550066996227e-1,0.00000000000000000e0
41,5,0,6.48437500000000000e-1,1.37313012276965379e-1,0.00000000000000000e0
42,5,0,6.64062500000000000e-1,8.52126445533818166e-2,0.00000000000000000e0
43,5,0,6.79687500000000000e-1,4.86747212171166413e-2,0.00000000000000000e0
44,5,0,6.95312500000000000e-1,2.56210309395264978e-2,0.00000000000000000e0
45,5,0,7.10937500000000000e-1,1.24474935449193792e-2,0.00000000000000000e0
46,5,0,7.26562500000000000e-1,5.59187713086072014e-3,0.00000000000000000e0
47,5,0,7.42187500000000000e-1,2.32729788383925123e-3,0.00000000000000000e0
48,5,0,7.57812500000000000e-1,8.99044462949796547e-4,0.00000000000000000e0
49,5,0,7.73437500000000000e-1,3.22942242716394400e-4,0.00000000000000000e0
50,5,0,7.89062500000000000e-1,1.08046970084227115e-4,0.00000000000000000e0
51,5,0,8.04687500000000000e-1,3.37222893235794444e-5,0.00000000000000000e0
52,5,0,8.20312500000000000e-1,9.83221336472633695e-6,0.00000000000000000e0
53,5,0,8.35937500000000000e-1,2.68144232941553317e-6,0.00000000000000000e0
54,5,0,8.51562500000000000e-1,6.84798468905886006e-7,0.00000000000000000e0
55,5,0,8.67187500000000000e-1,1.63934853120686751e-7,0.00000000000000000e0
56,5,0,8.82812500000000000e-1,3.68193278397685565e-8,0.00000000000000000e0
57,5,0,8.98437500000000000e-1,7.76435063270104051e-9,0.00000000000000000e0
58,5,0,9.14062500000000000e-1,1.53828408832939750e-9,0.00000000000000000e0
59,5,0,9.29687500000000000e-1,2.86482349249383589e-10,0.00000000000000000e0
60,5,0,9.45312500000000000e-1,5.01728372801973472e-11,0.00000000000000000e0
61,5,0,9.60937500000000000e-1,8.26573170930720919e-12,0.00000000000000000e0
62,5,0,9.76562500000000000e-1,1.28121411415885710e-12,0.00000000000000000e0
63,5,0,9.92187500000000000e-1,1.86865735195521669e-13,0.00000000000000000e0
0,6,0,7.81250000000000000e-3,0.00000000000000000e0,0.00000000000000000e0
1,6,0,2.34375000000000000e-2,0.00000000000000000e0,0.00000000000000000e0
2,6,0,3.90625000000000000e-2,0.00000000000000000e0,0.00000000000000000e0
3,6,0,5.46875000000000000e-2,0.00000000000000000e0,0.00000000000000000e0
4,6,0,7.03125000000000000e-2,0.00000000000000000e0,0.00000000000000000e0
5,6,0,8.59375000000000000e-2,0.00000000000000000e0,0.00000000000000000e0
6,6,0,1.01562500000000000e-1,0.00000000000000000e0,0.00000000000000000e0
7,6,0,1.17187500000000000e-1,0.00000000000000000e0,0.00000000000000000e0
8,6,0,1.32812500000000000e-1,0.00000000000000000e0,0.00000000000000000e0
9,6,0,1.48437500000000000e-1,0.00000000000000000e0,0.00000000000000000e0
10,6,0,1.64062500000000000e-1,0.00000000000000000e0,0.00000000000000000e0
11,6,0,1.79687500000000000e-1,0.00000000000000000e0,0.00000000000000000e0
12,6,0,1.95312500000000000e-1,0.00000000000000000e0,0.00000000000000000e0
13,6,0,2.10937500000000000e-1,0.00000000000000000e0,0.00000000000000000e0
14,6,0,2.26562500000000000e-1,0.00000000000000000e0,0.00000000000000000e0
15,6,0,2.42187500000000000e-1,0.00000000000000000e0,0.00000000000000000e0
16,6,0,2.57812500000000000e-1,9.71595283185829018e-5,0.00000000000000000e0
17,6,0,2.73437500000000000e-1,9.85475215802781657e-4,0.00000000000000000e0
18,6,0,2.89062500000000000e-1,4.98289580948172665e-3,0.00000000000000000e0
19,6,0,3.04687500000000000e-1,1.67848042289149256e-2,0.00000000000000000e0
20,6,0,3.20312500000000000e-1,4.24961047141088830e-2,0.00000000000000000e0
21,6,0,3.35937500000000000e-1,8.65726198315843465e-2,0.00000000000000000e0
22,6,0,3.51562500000000000e-1,1.48489629163275849e-1,0.00000000000000000e0
23,6,0,3.67187500000000000e-1,2.21779150413032228e-1,0.00000000000000000e0
24,6,0,3.82812500000000000e-1,2.96377413113675492e-1,0.00000000000000000e0
25,6,0,3.98437500000000000e-1,3.62686979958689759e-1,0.00000000000000000e0
26,6,0,4.14062500000000000e-1,4.14787353908341039e-1,0.00000000000000000e0
27,6,0,4.29687500000000000e-1,4.51325278496404803e-1,0.00000000000000000e0
28,6,0,4.45312500000000000e-1,4.74378969010299578e-1,0.00000000000000000e0
29,6,0,4.60937500000000000e-1,4.87552506446808975e-1,0.00000000000000000e0
30,6,0,4.76562500000000000e-1,4.94408122867848798e-1,0.00000000000000000e0
31,6,0,4.92187500000000000e-1,4.97672702115963927e-1,0.00000000000000000e0
32,6,0,5.07812500000000000e-1,4.99003796008698375e-1,0.00000000000000000e0
33,6,0,5.23437500000000000e-1,4.98691582541475331e-1,0.00000000000000000e0
34,6,0,5.39062500000000000e-1,4.94909057220439486e-1,0.00000000000000000e0
35,6,0,5.54687500000000000e-1,4.83181473481776480e-1,0.00000000000000000e0
36,6,0,5.70312500000000000e-1,4.57494063072550250e-1,0.00000000000000000e0
37,6,0,5.85937500000000000e-1,4.13424698726116480e-1,0.00000000000000000e0
38,6,0,6.01562500000000000e-1,3.51509686038289249e-1,0.00000000000000000e0
39,6,0,6.17187500000000000e-1,2.78220685652148858e-1,0.00000000000000000e0
40,6,0,6.32812500000000000e-1,2.03622550067027897e-1,0.00000000000000000e0
41,6,0,6.48437500000000000e-1,1.37313012276985363e-1,0.00000000000000000e0
42,6,0,6.64062500000000000e-1,8.52126445533932519e-2,0.00000000000000000e0
43,6,0,6.79687500000000000e-1,4.86747212171226365e-2,0.00000000000000000e0
44,6,0,6.95312500000000000e-1,2.56210309395293705e-2,0.00000000000000000e0
45,6,0,7.10937500000000000e-1,1.24474935449206438e-2,0.00000000000000000e0
46,6,0,7.26562500000000000e-1,5.59187713086123708e-3,0.00000000000000000e0
47,6,0,7.42187500000000000e-1,2.32729788383944421e-3,0.00000000000000000e0
48,6,0,7.57812500000000000e-1,8.99044462949862792e-4,0.00000000000000000e0
49,6,0,7.73437500000000000e-1,3.22942242716414891e-4,0.00000000000000000e0
50,6,0,7.89062500000000000e-1,1.08046970084232780e-4,0.00000000000000000e0
51,6,0,8.04687500000000000e-1,3.37222893235808471e-5,0.00000000000000000e0
52,6,0,8.20312500000000000e-1,9.83221336472664357e-6,0.00000000000000000e0
53,6,0,8.35937500000000000e-1,2.68144232941559162e-6,0.00000000000000000e0
54,6,0,8.51562500000000000e-1,6.84798468905895641e-7,0.00000000000000000e0
55,6,0,8.67187500000000000e-1,1.63934853120688101e-7,0.00000000000000000e0
56,6,0,8.82812500000000000e-1,3.68193278397687087e-8,0.00000000000000000e0
57,6,0,8.98437500000000000e-1,7.76435063270105209e-9,0.00000000000000000e0
58,6,0,9.14062500000000000e-1,1.53828408832939709e-9,0.00000000000000000e0
59,6,0,9.29687500000000000e-1,2.86482349249383278e-10,0.00000000000000000e0
60,6,0,9.45312500000000000e-1,5.01728372801972826e-11,0.00000000000000000e0
61,6,0,9.60937500000000000e-1,8.26573170930720112e-12,0.00000000000000000e0
62,6,0,9.76562500000000000e-1,1.28121411415885771e-12,0.00000000000000000e0
63,6,0,9.92187500000000000e-1,1.86865735195522022e-13,0.00000000000000000e0
0,7,0,7.81250000000000000e-3,0.00000000000000000e0,0.00000000000000000e0
1,7,0,2.34375000000000000e-2,0.00000000000000000e0,0.00000000000000000e0
2,7,0,3.90625000000000000e-2,0.00000000000000000e0,0.00000000000000000e0
3,7,0,5.46875000000000000e-2,0.00000000000000000e0,0.00000000000000000e0
4,7,0,7.03125000000000000e-2,0.00000000000000000e0,0.00000000000000000e0
5,7,0,8.59375000000000000e-2,0.00000000000000000e0,0.00000000000000000e0
6,7,0,1.01562500000000000e-1,0.00000000000000000e0,0.00000000000000000e0
7,7,0,1.17187500000000000e-1,0.00000000000000000e0,0.00000000000000000e0
8,7,0,1.32812500000000000e-1,0.00000000000000000e0,0.00000000000000000e0
9,7,0,1.48437500000000000e-1,0.00000000000000000e0,0.00000000000000000e0
10,7,0,1.64062500000000000e-1,0.00000000000000000e0,0.00000000000000000e0
11,7,0,1.79687500000000000e-1,0.00000000000000000e0,0.00000000000000000e0
12,7,0,1.95312500000000000e-1,0.00000000000000000e0,0.00000000000000000e0
13,7,0,2.10937500000000000e-1,0.00000000000000000e0,0.00000000000000000e0
14,7,0,2.26562500000000000e-1,0.00000000000000000e0,0.00000000000000000e0
15,7,0,2.42187500000000000e-1,0.00000000000000000e0,0.00000000000000000e0
16,7,0,2.57812500000000000e-1,9.71595283185695661e-5,0.00000000000000000e0
17,7,0,2.73437500000000000e-1,9.85475215802631820e-4,0.00000000000000000e0
18,7,0,2.89062500000000000e-1,4.98289580948091046e-3,0.00000000000000000e0
19,7,0,3.04687500000000000e-1,1.67848042289120251e-2,0.00000000000000000e0
20,7,0,3.20312500000000000e-1,4.24961047141013057e-2,0.00000000000000000e0
21,7,0,3.35937500000000000e-1,8.65726198315690670e-2,0.00000000000000000e0
22,7,0,3.51562500000000000e-1,1.48489629163250925e-1,0.00000000000000000e0
23,7,0,3.67187500000000000e-1,2.21779150412998644e-1,0.00000000000000000e0
24,7,0,3.82812500000000000e-1,2.96377413113637578e-1,0.00000000000000000e0
25,7,0,3.98437500000000000e-1,3.62686979958654010e-1,0.00000000000000000e0
26,7,0,4.14062500000000000e-1,4.14787353908314282e-1,0.00000000000000000e0
27,7,0,4.29687500000000000e-1,4.51325278496393256e-1,0.00000000000000000e0
28,7,0,4.45312500000000000e-1,4.74378969010306628e-1,0.00000000000000000e0
29,7,0,4.60937500000000000e-1,4.87552506446835288e-1,0.00000000000000000e0
30,7,0,4.76562500000000000e-1,4.94408122867892486e-1,0.00000000000000000e0
31,7,0,4.92187500000000000e-1,4.97672702116020993e-1,0.00000000000000000e0
32,7,0,5.07812500000000000e-1,4.99003796008763545e-1,0.00000000000000000e0
33,7,0,5.23437500000000000e-1,4.98691582541542722e-1,0.00000000000000000e0
34,7,0,5.39062500000000000e-1,4.94909057220503268e-1,0.00000000000000000e0
35,7,0,5.54687500000000000e-1,4.83181473481831991e-1,0.00000000000000000e0
36,7,0,5.70312500000000000e-1,4.57494063072594492e-1,0.00000000000000000e0
37,7,0,5.85937500000000000e-1,4.13424698726148843e-1,0.00000000000000000e0
38,7,0,6.01562500000000000e-1,3.51509686038310287e-1,0.00000000000000000e0
39,7,0,6.17187500000000000e-1,2.78220685652160904e-1,0.00000000000000000e0
40,7,0,6.32812500000000000e-1,2.03622550067033475e-1,0.00000000000000000e0
41,7,0,6.48437500000000000e-1,1.37313012276987279e-1,0.00000000000000000e0
42,7,0,6.64062500000000000e-1,8.52126445533934324e-2,0.00000000000000000e0
43,7,0,6.79687500000000000e-1,4.86747212171222410e-2,0.00000000000000000e0
44,7,0,6.95312500000000000e-1,2.56210309395289541e-2,0.00000000000000000e0
45,7,0,7.10937500000000000e-1,1.24474935449203541e-2,0.00000000000000000e0
46,7,0,7.26562500000000000e-1,5.59187713086107315e-3,0.00000000000000000e0
47,7,0,7.42187500000000000e-1,2.32729788383936962e-3,0.00000000000000000e0
48,7,0,7.57812500000000000e-1,8.99044462949833085e-4,0.00000000000000000e0
49,7,0,7.73437500000000000e-1,3.22942242716404971e-4,0.00000000000000000e0
50,7,0,7.89062500000000000e-1,1.08046970084230002e-4,0.00000000000000000e0
51,7,0,8.04687500000000000e-1,3.37222893235802237e-5,0.00000000000000000e0
52,7,0,8.20312500000000000e-1,9.83221336472654532e-6,0.00000000000000000e0
53,7,0,8.35937500000000000e-1,2.68144232941558611e-6,0.00000000000000000e0
54,7,0,8.51562500000000000e-1,6.84798468905899241e-7,0.00000000000000000e0
55,7,0,8.67187500000000000e-1,1.63934853120690060e-7,0.00000000000000000e0
56,7,0,8.82812500000000000e-1,3.68193278397693506e-8,0.00000000000000000e0
57,7,0,8.98437500000000000e-1,7.76435063270122083e-9,0.00000000000000000e0
58,7,0,9.14062500000000000e-1,1.53828408832943618e-9,0.00000000000000000e0
59,7,0,9.29687500000000000e-1,2.86482349249391395e-10,0.00000000000000000e0
60,7,0,9.45312500000000000e-1,5.01728372801988077e-11,0.00000000000000000e0
61,7,0,9.60937500000000000e-1,8.26573170930746284e-12,0.00000000000000000e0
62,7,0,9.76562500000000000e-1,1.28121411415889830e-12,0.00000000000000000e0
63,7,0,9.92187500000000000e-1,1.86865735195527854e-13,0.00000000000000000e0
0,0,1,7.81250000000000000e-3,0.00000000000000000e0,0.00000000000000000e0
1,0,1,2.34375000000000000e-2,0.00000000000000000e0,0.00000000000000000e0
2,0,1,3.90625000000000000e-2,0.00000000000000000e0,0.00000000000000000e0
3,0,1,5.46875000000000000e-2,0.00000000000000000e0,0.00000000000000000e0
4,0,1,7.03125000000000000e-2,0.00000000000000000e0,0.00000000000000000e0
5,0,1,8.59375000000000000e-2,0.00000000000000000e0,0.00000000000000000e0
6,0,1,1.01562500000000000e-1,0.00000000000000000e0,0.00000000000000000e0
7,0,1,1.17187500000000000e-1,0.00000000000000000e0,0.00000000000000000e0
8,0,1,1.32812500000000000e-1,0.00000000000000000e0,0.00000000000000000e0
9,0,1,1.48437500000000000e-1,0.00000000000000000e0,0.00000000000000000e0
10,0,1,1.64062500000000000e-1,0.00000000000000000e0,0.00000000000000000e0
11,0,1,1.79687500000000000e-1,0.00000000000000000e0,0.00000000000000000e0
12,0,1,1.95312500000000000e-1,0.00000000000000000e0,0.00000000000000000e0
13,0,1,2.10937500000000000e-1,0.00000000000000000e0,0.00000000000000000e0
14,0,1,2.26562500000000000e-1,0.00000000000000000e0,0.00000000000000000e0
15,0,1,2.42187500000000000e-1,0.00000000000000000e0,0.00000000000000000e0
16,0,1,2.57812500000000000e-1,9.71595283185662458e-5,0.00000000000000000e0
17,0,1,2.73437500000000000e-1,9.85475215802601896e-4,0.00000000000000000e0
18,0,1,2.89062500000000000e-1,4.98289580948077081e-3,0.00000000000000000e0
19,0,1,3.04687500000000000e-1,1.67848042289116053e-2,0.00000000000000000e0
20,0,1,3.20312500000000000e-1,4.24961047141003412e-2,0.00000000000000000e0
21,0,1,3.35937500000000000e-1,8.65726198315670964e-2,0.00000000000000000e0
22,0,1,3.51562500000000000e-1,1.48489629163247205e-1,0.00000000000000000e0
23,0,1,3.67187500000000000e-1,2.21779150412991843e-1,0.00000000000000000e0
24,0,1,3.82812500000000000e-1,2.96377413113625698e-1,0.00000000000000000e0
25,0,1,3.98437500000000000e-1,3.62686979958634581e-1,0.00000000000000000e0
26,0,1,4.14062500000000000e-1,4.14787353908285583e-1,0.00000000000000000e0
27,0,1,4.29687500000000000e-1,4.51325278496353399e-1,0.00000000000000000e0
28,0,1,4.45312500000000000e-1,4.74378969010254503e-1,0.00000000000000000e0
29,0,1,4.60937500000000000e-1,4.87552506446770950e-1,0.00000000000000000e0
30,0,1,4.76562500000000000e-1,4.94408122867816602e-1,0.00000000000000000e0
31,0,1,4.92187500000000000e-1,4.97672702115934673e-1,0.00000000000000000e0
32,0,1,5.07812500000000000e-1,4.99003796008669120e-1,0.00000000000000000e0
33,0,1,5.23437500000000000e-1,4.98691582541443135e-1,0.00000000000000000e0
34,0,1,5.39062500000000000e-1,4.94909057220402959e-1,0.00000000000000000e0
35,0,1,5.54687500000000000e-1,4.83181473481735624e-1,0.00000000000000000e0
36,0,1,5.70312500000000000e-1,4.57494063072507284e-1,0.00000000000000000e0
37,0,1,5.85937500000000000e-1,4.13424698726075956e-1,0.00000000000000000e0
38,0,1,6.01562500000000000e-1,3.51509686038254054e-1,0.00000000000000000e0
39,0,1,6.17187500000000000e-1,2.78220685652121602e-1,0.00000000000000000e0
40,0,1,6.32812500000000000e-1,2.03622550067008773e-1,0.00000000000000000e0
41,0,1,6.48437500000000000e-1,1.37313012276973179e-1,0.00000000000000000e0
42,0,1,6.64062500000000000e-1,8.52126445533862437e-2,0.00000000000000000e0
43,0,1,6.79687500000000000e-1,4.86747212171189866e-2,0.00000000000000000e0
44,0,1,6.95312500000000000e-1,2.56210309395276531e-2,0.00000000000000000e0
45,0,1,7.10937500000000000e-1,1.24474935449199100e-2,0.00000000000000000e0
46,0,1,7.26562500000000000e-1,5.59187713086095259e-3,0.00000000000000000e0
47,0,1,7.42187500000000000e-1,2.32729788383934837e-3,0.00000000000000000e0
48,0,1,7.57812500000000000e-1,8.99044462949835145e-4,0.00000000000000000e0
49,0,1,7.73437500000000000e-1,3.22942242716408819e-4,0.00000000000000000e0
50,0,1,7.89062500000000000e-1,1.08046970084232184e-4,0.00000000000000000e0
51,0,1,8.04687500000000000e-1,3.37222893235811181e-5,0.00000000000000000e0
52,0,1,8.20312500000000000e-1,9.83221336472685364e-6,0.00000000000000000e0
53,0,1,8.35937500000000000e-1,2.68144232941568098e-6,0.00000000000000000e0
54,0,1,8.51562500000000000e-1,6.84798468905925182e-7,0.00000000000000000e0
55,0,1,8.67187500000000000e-1,1.63934853120696360e-7,0.00000000000000000e0
56,0,1,8.82812500000000000e-1,3.68193278397707601e-8,0.00000000000000000e0
57,0,1,8.98437500000000000e-1,7.76435063270150538e-9,0.00000000000000000e0
58,0,1,9.14062500000000000e-1,1.53828408832948829e-9,0.00000000000000000e0
59,0,1,9.29687500000000000e-1,2.86482349249400029e-10,0.00000000000000000e0
60,0,1,9.45312500000000000e-1,5.01728372802001325e-11,0.00000000000000000e0
61,0,1,9.60937500000000000e-1,8.26573170930765348e-12,0.00000000000000000e0
62,0,1,9.76562500000000000e-1,1.28121411415892354e-12,0.00000000000000000e0
63,0,1,9.92187500000000000e-1,1.86865735195531110e-13,0.00000000000000000e0
0,1,1,7.81250000000000000e-3,0.00000000000000000e0,0.00000000000000000e0
1,1,1,2.34375000000000000e-2,0.00000000000000000e0,0.00000000000000000e0
2,1,1,3.90625000000000000e-2,0.00000000000000000e0,0.00000000000000000e0
3,1,1,5.46875000000000000e-2,0.00000000000000000e0,0.00000000000000000e0
4,1,1,7.03125000000000000e-2,0.00000000000000000e0,0.00000000000000000e0
5,1,1,8.59375000000000000e-2,0.00000000000000000e0,0.00000000000000000e0
6,1,1,1.01562500000000000e-1,0.00000000000000000e0,0.00000000000000000e0
7,1,1,1.17187500000000000e-1,0.00000000000000000e0,0.00000000000000000e0
8,1,1,1.32812500000000000e-1,0.00000000000000000e0,0.00000000000000000e0
9,1,1,1.48437500000000000e-1,0.00000000000000000e0,0.00000000000000000e0
10,1,1,1.64062500000000000e-1,0.00000000000000000e0,0.00000000000000000e0
11,1,1,1.79687500000000000e-1,0.00000000000000000e0,0.00000000000000000e0
12,1,1,1.95312500000000000e-1,0.00000000000000000e0,0.00000000000000000e0
13,1,1,2.10937500000000000e-1,0.00000000000000000e0,0.00000000000000000e0
14,1,1,2.26562500000000000e-1,0.00000000000000000e0,0.00000000000000000e0
15,1,1,2.42187500000000000e-1,0.00000000000000000e0,0.00000000000000000e0
16,1,1,2.57812500000000000e-1,9.71595283185743095e-5,0.00000000000000000e0
17,1,1,2.73437500000000000e-1,9.85475215802689500e-4,0.00000000000000000e0
18,1,1,2.89062500000000000e-1,4.98289580948123919e-3,0.00000000000000000e0
19,1,1,3.04687500000000000e-1,1.67848042289132256e-2,0.00000000000000000e0
20,1,1,3.20312500000000000e-1,4.24961047141045184e-2,0.00000000000000000e0
21,1,1,3.35937500000000000e-1,8.65726198315755341e-2,0.00000000000000000e0
22,1,1,3.51562500000000000e-1,1.48489629163261305e-1,0.00000000000000000e0
23,1,1,3.67187500000000000e-1,2.21779150413012216e-1,0.00000000000000000e0
24,1,1,3.82812500000000000e-1,2.96377413113652288e-1,0.00000000000000000e0
25,1,1,3.98437500000000000e-1,3.62686979958666944e-1,0.00000000000000000e0
26,1,1,4.14062500000000000e-1,4.14787353908323220e-1,0.00000000000000000e0
27,1,1,4.29687500000000000e-1,4.51325278496395976e-1,0.00000000000000000e0
28,1,1,4.45312500000000000e-1,4.74378969010301410e-1,0.00000000000000000e0
29,1,1,4.60937500000000000e-1,4.87552506446821299e-1,0.00000000000000000e0
30,1,1,4.76562500000000000e-1,4.94408122867869781e-1,0.00000000000000000e0
31,1,1,4.92187500000000000e-1,4.97672702115990295e-1,0.00000000000000000e0
32,1,1,5.07812500000000000e-1,4.99003796008725797e-1,0.00000000000000000e0
33,1,1,5.23437500000000000e-1,4.98691582541499367e-1,0.00000000000000000e0
34,1,1,5.39062500000000000e-1,4.94909057220455473e-1,0.00000000000000000e0
35,1,1,5.54687500000000000e-1,4.83181473481781643e-1,0.00000000000000000e0
36,1,1,5.70312500000000000e-1,4.57494063072544033e-1,0.00000000000000000e0
37,1,1,5.85937500000000000e-1,4.13424698726102047e-1,0.00000000000000000e0
38,1,1,6.01562500000000000e-1,3.51509686038270430e-1,0.00000000000000000e0
39,1,1,6.17187500000000000e-1,2.78220685652129929e-1,0.00000000000000000e0
40,1,1,6.32812500000000000e-1,2.03622550067011743e-1,0.00000000000000000e0
41,1,1,6.48437500000000000e-1,1.37313012276973484e-1,0.00000000000000000e0
42,1,1,6.64062500000000000e-1,8.52126445533855220e-2,0.00000000000000000e0
43,1,1,6.79687500000000000e-1,4.86747212171181332e-2,0.00000000000000000e0
44,1,1,6.95312500000000000e-1,2.56210309395270043e-2,0.00000000000000000e0
45,1,1,7.10937500000000000e-1,1.24474935449195145e-2,0.00000000000000000e0
46,1,1,7.26562500000000000e-1,5.59187713086074876e-3,0.00000000000000000e0
47,1,1,7.42187500000000000e-1,2.32729788383925643e-3,0.00000000000000000e0
48,1,1,7.57812500000000000e-1,8.99044462949798065e-4,0.00000000000000000e0
49,1,1,7.73437500000000000e-1,3.22942242716395158e-4,0.00000000000000000e0
50,1,1,7.89062500000000000e-1,1.08046970084227549e-4,0.00000000000000000e0
51,1,1,8.04687500000000000e-1,3.37222893235796477e-5,0.00000000000000000e0
52,1,1,8.20312500000000000e-1,9.83221336472641657e-6,0.00000000000000000e0
53,1,1,8.35937500000000000e-1,2.68144232941555816e-6,0.00000000000000000e0
54,1,1,8.51562500000000000e-1,6.84798468905893206e-7,0.00000000000000000e0
55,1,1,8.67187500000000000e-1,1.63934853120688604e-7,0.00000000000000000e0
56,1,1,8.82812500000000000e-1,3.68193278397690197e-8,0.00000000000000000e0
57,1,1,8.98437500000000000e-1,7.76435063270114804e-9,0.00000000000000000e0
58,1,1,9.14062500000000000e-1,1.53828408832942108e-9,0.00000000000000000e0
59,1,1,9.29687500000000000e-1,2.86482349249388397e-10,0.00000000000000000e0
60,1,1,9.45312500000000000e-1,5.01728372801982778e-11,0.00000000000000000e0
61,1,1,9.60937500000000000e-1,8.26573170930738045e-12,0.00000000000000000e0
62,1,1,9.76562500000000000e-1,1.28121411415888659e-12,0.00000000000000000e0
63,1,1,9.92187500000000000e-1,1.86865735195526364e-13,0.00000000000000000e0
0,2,1,7.81250000000000000e-3,0.00000000000000000e0,0.00000000000000000e0
1,2,1,2.34375000000000000e-2,0.00000000000000000e0,0.00000000000000000e0
2,2,1,3.90625000000000000e-2,0.00000000000000000e0,0.00000000000000000e0
3,2,1,5.46875000000000000e-2,0.00000000000000000e0,0.00000000000000000e0
4,2,1,7.03125000000000000e-2,0.00000000000000000e0,0.00000000000000000e0
5,2,1,8.59375000000000000e-2,0.00000000000000000e0,0.00000000000000000e0
6,2,1,1.01562500000000000e-1,0.00000000000000000e0,0.00000000000000000e0
7,2,1,1.17187500000000000e-1,0.00000000000000000e0,0.00000000000000000e0
8,2,1,1.32812500000000000e-1,0.00000000000000000e0,0.00000000000000000e0
9,2,1,1.48437500000000000e-1,0.00000000000000000e0,0.00000000000000000e0
10,2,1,1.64062500000000000e-1,0.00000000000000000e0,0.00000000000000000e0
11,2,1,1.79687500000000000e-1,0.00000000000000000e0,0.00000000000000000e0
12,2,1,1.95312500000000000e-1,0.00000000000000000e0,0.00000000000000000e0
13,2,1,2.10937500000000000e-1,0.00000000000000000e0,0.00000000000000000e0
14,2,1,2.26562500000000000e-1,0.00000000000000000e0,0.00000000000000000e0
15,2,1,2.42187500000000000e-1,0.00000000000000000e0,0.00000000000000000e0
16,2,1,2.57812500000000000e-1,9.71595283185716803e-5,0.00000000000000000e0
17,2,1,2.73437500000000000e-1,9.85475215802664780e-4,0.00000000000000000e0
18,2,1,2.89062500000000000e-1,4.98289580948113511e-3,0.00000000000000000e0
19,2,1,3.04687500000000000e-1,1.67848042289129792e-2,0.00000000000000000e0
20,2,1,3.20312500000000000e-1,4.24961047141041992e-2,0.00000000000000000e0
21,2,1,3.35937500000000000e-1,8.65726198315757284e-2,0.00000000000000000e0
22,2,1,3.51562500000000000e-1,1.48489629163263442e-1,0.00000000000000000e0
23,2,1,3.67187500000000000e-1,2.21779150413018433e-1,0.00000000000000000e0
24,2,1,3.82812500000000000e-1,2.96377413113664556e-1,0.00000000000000000e0
25,2,1,3.98437500000000000e-1,3.62686979958686040e-1,0.00000000000000000e0
26,2,1,4.14062500000000000e-1,4.14787353908347978e-1,0.00000000000000000e0
27,2,1,4.29687500000000000e-1,4.51325278496424342e-1,0.00000000000000000e0
28,2,1,4.45312500000000000e-1,4.74378969010330498e-1,0.00000000000000000e0
29,2,1,4.60937500000000000e-1,4.87552506446848333e-1,0.00000000000000000e0
30,2,1,4.76562500000000000e-1,4.94408122867892541e-1,0.00000000000000000e0
31,2,1,4.92187500000000000e-1,4.97672702116007504e-1,0.00000000000000000e0
32,2,1,5.07812500000000000e-1,4.99003796008736900e-1,0.00000000000000000e0
33,2,1,5.23437500000000000e-1,4.98691582541503864e-1,0.00000000000000000e0
34,2,1,5.39062500000000000e-1,4.94909057220453918e-1,0.00000000000000000e0
35,2,1,5.54687500000000000e-1,4.83181473481775592e-1,0.00000000000000000e0
36,2,1,5.70312500000000000e-1,4.57494063072535706e-1,0.00000000000000000e0
37,2,1,5.85937500000000000e-1,4.13424698726092776e-1,0.00000000000000000e0
38,2,1,6.01562500000000000e-1,3.51509686038261604e-1,0.00000000000000000e0
39,2,1,6.17187500000000000e-1,2.78220685652122657e-1,0.00000000000000000e0
40,2,1,6.32812500000000000e-1,2.03622550067006164e-1,0.00000000000000000e0
41,2,1,6.48437500000000000e-1,1.37313012276969654e-1,0.00000000000000000e0
42,2,1,6.64062500000000000e-1,8.52126445533832183e-2,0.00000000000000000e0
43,2,1,6.79687500000000000e-1,4.86747212171168980e-2,0.00000000000000000e0
44,2,1,6.95312500000000000e-1,2.56210309395264249e-2,0.00000000000000000e0
45,2,1,7.10937500000000000e-1,1.24474935449192803e-2,0.00000000000000000e0
46,2,1,7.26562500000000000e-1,5.59187713086066115e-3,0.00000000000000000e0
47,2,1,7.42187500000000000e-1,2.32729788383922434e-3,0.00000000000000000e0
48,2,1,7.57812500000000000e-1,8.99044462949786789e-4,0.00000000000000000e0
49,2,1,7.73437500000000000e-1,3.22942242716391255e-4,0.00000000000000000e0
50,2,1,7.89062500000000000e-1,1.08046970084226221e-4,0.00000000000000000e0
51,2,1,8.04687500000000000e-1,3.37222893235792276e-5,0.00000000000000000e0
52,2,1,8.20312500000000000e-1,9.83221336472629460e-6,0.00000000000000000e0
53,2,1,8.35937500000000000e-1,2.68144232941552767e-6,0.00000000000000000e0
54,2,1,8.51562500000000000e-1,6.84798468905886324e-7,0.00000000000000000e0
55,2,1,8.67187500000000000e-1,1.63934853120687386e-7,0.00000000000000000e0
56,2,1,8.82812500000000000e-1,3.68193278397688675e-8,0.00000000000000000e0
57,2,1,8.98437500000000000e-1,7.76435063270114308e-9,0.00000000000000000e0
58,2,1,9.14062500000000000e-1,1.53828408832942584e-9,0.00000000000000000e0
59,2,1,9.29687500000000000e-1,2.86482349249390258e-10,0.00000000000000000e0
60,2,1,9.45312500000000000e-1,5.01728372801987431e-11,0.00000000000000000e0
61,2,1,9.60937500000000000e-1,8.26573170930747253e-12,0.00000000000000000e0
62,2,1,9.76562500000000000e-1,1.28121411415890214e-12,0.00000000000000000e0
63,2,1,9.92187500000000000e-1,1.86865735195528561e-13,0.00000000000000000e0
0,3,1,7.81250000000000000e-3,0.00000000000000000e0,0.00000000000000000e0
1,3,1,2.34375000000000000e-2,0.00000000000000000e0,0.00000000000000000e0
2,3,1,3.90625000000000000e-2,0.00000000000000000e0,0.00000000000000000e0
3,3,1,5.46875000000000000e-2,0.00000000000000000e0,0.00000000000000000e0
4,3,1,7.03125000000000000e-2,0.00000000000000000e0,0.00000000000000000e0
5,3,1,8.59375000000000000e-2,0.00000000000000000e0,0.00000000000000000e0
6,3,1,1.01562500000000000e-1,0.00000000000000000e0,0.00000000000000000e0
7,3,1,1.17187500000000000e-1,0.00000000000000000e0,0.00000000000000000e0
8,3,1,1.32812500000000000e-1,0.00000000000000000e0,0.00000000000000000e0
9,3,1,1.48437500000000000e-1,0.00000000000000000e0,0.00000000000000000e0
10,3,1,1.64062500000000000e-1,0.00000000000000000e0,0.00000000000000000e0
11,3,1,1.79687500000000000e-1,0.00000000000000000e0,0.00000000000000000e0
12,3,1,1.95312500000000000e-1,0.00000000000000000e0,0.00000000000000000e0
13,3,1,2.10937500000000000e-1,0.00000000000000000e0,0.00000000000000000e0
14,3,1,2.26562500000000000e-1,0.00000000000000000e0,0.00000000000000000e0
15,3,1,2.42187500000000000e-1,0.00000000000000000e0,0.00000000000000000e0
16,3,1,2.57812500000000000e-1,9.71595283185867914e-5,0.00000000000000000e0
17,3,1,2.73437500000000000e-1,9.85475215802808328e-4,0.00000000000000000e0
18,3,1,2.89062500000000000e-1,4.98289580948180297e-3,0.00000000000000000e0
19,3,1,3.04687500000000000e-1,1.67848042289150054e-2,0.00000000000000000e0
20,3,1,3.20312500000000000e-1,4.24961047141086679e-2,0.00000000000000000e0
21,3,1,3.35937500000000000e-1,8.65726198315832640e-2,0.00000000000000000e0
22,3,1,3.51562500000000000e-1,1.48489629163273129e-1,0.00000000000000000e0
23,3,1,3.67187500000000000e-1,2.21779150413027260e-1,0.00000000000000000e0
24,3,1,3.82812500000000000e-1,2.96377413113667609e-1,0.00000000000000000e0
25,3,1,3.98437500000000000e-1,3.62686979958678879e-1,0.00000000000000000e0
26,3,1,4.14062500000000000e-1,4.14787353908327605e-1,0.00000000000000000e0
27,3,1,4.29687500000000000e-1,4.51325278496390203e-1,0.00000000000000000e0
28,3,1,4.45312500000000000e-1,4.74378969010284424e-1,0.00000000000000000e0
29,3,1,4.60937500000000000e-1,4.87552506446793654e-1,0.00000000000000000e0
30,3,1,4.76562500000000000e-1,4.94408122867833033e-1,0.00000000000000000e0
31,3,1,4.92187500000000000e-1,4.97672702115946830e-1,0.00000000000000000e0
32,3,1,5.07812500000000000e-1,4.99003796008678391e-1,0.00000000000000000e0
33,3,1,5.23437500000000000e-1,4.98691582541450407e-1,0.00000000000000000e0
34,3,1,5.39062500000000000e-1,4.94909057220407955e-1,0.00000000000000000e0
35,3,1,5.54687500000000000e-1,4.83181473481738233e-1,0.00000000000000000e0
36,3,1,5.70312500000000000e-1,4.57494063072506840e-1,0.00000000000000000e0
37,3,1,5.85937500000000000e-1,4.13424698726072071e-1,0.00000000000000000e0
38,3,1,6.01562500000000000e-1,3.51509686038248004e-1,0.00000000000000000e0
39,3,1,6.17187500000000000e-1,2.78220685652114663e-1,0.00000000000000000e0
40,3,1,6.32812500000000000e-1,2.03622550067002167e-1,0.00000000000000000e0
41,3,1,6.48437500000000000e-1,1.37313012276968016e-1,0.00000000000000000e0
42,3,1,6.64062500000000000e-1,8.52126445533826354e-2,0.00000000000000000e0
43,3,1,6.79687500000000000e-1,4.86747212171167454e-2,0.00000000000000000e0
44,3,1,6.95312500000000000e-1,2.56210309395264214e-2,0.00000000000000000e0
45,3,1,7.10937500000000000e-1,1.24474935449192959e-2,0.00000000000000000e0
46,3,1,7.26562500000000000e-1,5.59187713086067677e-3,0.00000000000000000e0
47,3,1,7.42187500000000000e-1,2.32729788383923431e-3,0.00000000000000000e0
48,3,1,7.57812500000000000e-1,8.99044462949791885e-4,0.00000000000000000e0
49,3,1,7.73437500000000000e-1,3.22942242716393315e-4,0.00000000000000000e0
50,3,1,7.89062500000000000e-1,1.08046970084226939e-4,0.00000000000000000e0
51,3,1,8.04687500000000000e-1,3.37222893235794647e-5,0.00000000000000000e0
52,3,1,8.20312500000000000e-1,9.83221336472637591e-6,0.00000000000000000e0
53,3,1,8.35937500000000000e-1,2.68144232941555393e-6,0.00000000000000000e0
54,3,1,8.51562500000000000e-1,6.84798468905894688e-7,0.00000000000000000e0
55,3,1,8.67187500000000000e-1,1.63934853120689795e-7,0.00000000000000000e0
56,3,1,8.82812500000000000e-1,3.68193278397694763e-8,0.00000000000000000e0
57,3,1,8.98437500000000000e-1,7.76435063270128535e-9,0.00000000000000000e0
58,3,1,9.14062500000000000e-1,1.53828408832945520e-9,0.00000000000000000e0
59,3,1,9.29687500000000000e-1,2.86482349249395634e-10,0.00000000000000000e0
60,3,1,9.45312500000000000e-1,5.01728372801996219e-11,0.00000000000000000e0
61,3,1,9.60937500000000000e-1,8.26573170930760017e-12,0.00000000000000000e0
62,3,1,9.76562500000000000e-1,1.28121411415891930e-12,0.00000000000000000e0
63,3,1,9.92187500000000000e-1,1.86865735195530731e-13,0.00000000000000000e0
0,4,1,7.81250000000000000e-3,0.00000000000000000e0,0.00000000000000000e0
1,4,1,2.34375000000000000e-2,0.00000000000000000e0,0.00000000000000000e0
2,4,1,3.90625000000000000e-2,0.00000000000000000e0,0.00000000000000000e0
3,4,1,5.46875000000000000e-2,0.00000000000000000e0,0.00000000000000000e0
4,4,1,7.03125000000000000e-2,0.00000000000000000e0,0.00000000000000000e0
5,4,1,8.59375000000000000e-2,0.00000000000000000e0,0.00000000000000000e0
6,4,1,1.01562500000000000e-1,0.00000000000000000e0,0.00000000000000000e0
7,4,1,1.17187500000000000e-1,0.00000000000000000e0,0.00000000000000000e0
8,4,1,1.32812500000000000e-1,0.00000000000000000e0,0.00000000000000000e0
9,4,1,1.48437500000000000e-1,0.00000000000000000e0,0.00000000000000000e0
10,4,1,1.64062500000000000e-1,0.00000000000000000e0,0.00000000000000000e0
11,4,1,1.79687500000000000e-1,0.00000000000000000e0,0.00000000000000000e0
12,4,1,1.95312500000000000e-1,0.00000000000000000e0,0.00000000000000000e0
13,4,1,2.10937500000000000e-1,0.00000000000000000e0,0.00000000000000000e0
14,4,1,2.26562500000000000e-1,0.00000000000000000e0,0.00000000000000000e0
15,4,1,2.42187500000000000e-1,0.00000000000000000e0,0.00000000000000000e0
16,4,1,2.57812500000000000e-1,9.71595283185922259e-5,0.00000000000000000e0
17,4,1,2.73437500000000000e-1,9.85475215802855166e-4,0.00000000000000000e0
18,4,1,2.89062500000000000e-1,4.98289580948198078e-3,0.00000000000000000e0
19,4,1,3.04687500000000000e-1,1.67848042289153870e-2,0.00000000000000000e0
20,4,1,3.20312500000000000e-1,4.24961047141091119e-2,0.00000000000000000e0
21,4,1,3.35937500000000000e-1,8.65726198315830142e-2,0.00000000000000000e0
22,4,1,3.51562500000000000e-1,1.48489629163270798e-1,0.00000000000000000e0
23,4,1,3.67187500000000000e-1,2.21779150413021625e-1,0.00000000000000000e0
24,4,1,3.82812500000000000e-1,2.96377413113658561e-1,0.00000000000000000e0
25,4,1,3.98437500000000000e-1,3.62686979958667000e-1,0.00000000000000000e0
26,4,1,4.14062500000000000e-1,4.14787353908314838e-1,0.00000000000000000e0
27,4,1,4.29687500000000000e-1,4.51325278496378601e-1,0.00000000000000000e0
28,4,1,4.45312500000000000e-1,4.74378969010275986e-1,0.00000000000000000e0
29,4,1,4.60937500000000000e-1,4.87552506446790102e-1,0.00000000000000000e0
30,4,1,4.76562500000000000e-1,4.94408122867835587e-1,0.00000000000000000e0
31,4,1,4.92187500000000000e-1,4.97672702115956156e-1,0.00000000000000000e0
32,4,1,5.07812500000000000e-1,4.99003796008694100e-1,0.00000000000000000e0
33,4,1,5.23437500000000000e-1,4.98691582541471723e-1,0.00000000000000000e0
34,4,1,5.39062500000000000e-1,4.94909057220433879e-1,0.00000000000000000e0
35,4,1,5.54687500000000000e-1,4.83181473481767321e-1,0.00000000000000000e0
36,4,1,5.70312500000000000e-1,4.57494063072537649e-1,0.00000000000000000e0
37,4,1,5.85937500000000000e-1,4.13424698726102435e-1,0.00000000000000000e0
38,4,1,6.01562500000000000e-1,3.51509686038275537e-1,0.00000000000000000e0
39,4,1,6.17187500000000000e-1,2.78220685652137312e-1,0.00000000000000000e0
40,4,1,6.32812500000000000e-1,2.03622550067019070e-1,0.00000000000000000e0
41,4,1,6.48437500000000000e-1,1.37313012276979562e-1,0.00000000000000000e0
42,4,1,6.64062500000000000e-1,8.52126445533899074e-2,0.00000000000000000e0
43,4,1,6.79687500000000000e-1,4.86747212171209226e-2,0.00000000000000000e0
44,4,1,6.95312500000000000e-1,2.56210309395286003e-2,0.00000000000000000e0
45,4,1,7.10937500000000000e-1,1.24474935449203333e-2,0.00000000000000000e0
46,4,1,7.26562500000000000e-1,5.59187713086112519e-3,0.00000000000000000e0
47,4,1,7.42187500000000000e-1,2.32729788383941212e-3,0.00000000000000000e0
48,4,1,7.57812500000000000e-1,8.99044462949857479e-4,0.00000000000000000e0
49,4,1,7.73437500000000000e-1,3.22942242716416246e-4,0.00000000000000000e0
50,4,1,7.89062500000000000e-1,1.08046970084234569e-4,0.00000000000000000e0
51,4,1,8.04687500000000000e-1,3.37222893235818635e-5,0.00000000000000000e0
52,4,1,8.20312500000000000e-1,9.83221336472707895e-6,0.00000000000000000e0
53,4,1,8.35937500000000000e-1,2.68144232941574620e-6,0.00000000000000000e0
54,4,1,8.51562500000000000e-1,6.84798468905942758e-7,0.00000000000000000e0
55,4,1,8.67187500000000000e-1,1.63934853120700807e-7,0.00000000000000000e0
56,4,1,8.82812500000000000e-1,3.68193278397717858e-8,0.00000000000000000e0
57,4,1,8.98437500000000000e-1,7.76435063270172541e-9,0.00000000000000000e0
58,4,1,9.14062500000000000e-1,1.53828408832953254e-9,0.00000000000000000e0
59,4,1,9.29687500000000000e-1,2.86482349249408301e-10,0.00000000000000000e0
60,4,1,9.45312500000000000e-1,5.01728372802015800e-11,0.00000000000000000e0
61,4,1,9.60937500000000000e-1,8.26573170930788612e-12,0.00000000000000000e0
62,4,1,9.76562500000000000e-1,1.28121411415895888e-12,0.00000000000000000e0
63,4,1,9.92187500000000000e-1,1.86865735195536033e-13,0.00000000000000000e0
0,5,1,7.81250000000000000e-3,0.00000000000000000e0,0.00000000000000000e0
1,5,1,2.34375000000000000e-2,0.00000000000000000e0,0.00000000000000000e0
2,5,1,3.90625000000000000e-2,0.00000000000000000e0,0.00000000000000000e0
3,5,1,5.46875000000000000e-2,0.00000000000000000e0,0.00000000000000000e0
4,5,1,7.03125000000000000e-2,0.00000000000000000e0,0.00000000000000000e0
5,5,1,8.59375000000000000e-2,0.00000000000000000e0,0.00000000000000000e0
6,5,1,1.01562500000000000e-1,0.00000000000000000e0,0.00000000000000000e0
7,5,1,1.17187500000000000e-1,0.00000000000000000e0,0.00000000000000000e0
8,5,1,1.32812500000000000e-1,0.00000000000000000e0,0.00000000000000000e0
9,5,1,1.48437500000000000e-1,0.00000000000000000e0,0.00000000000000000e0
10,5,1,1.64062500000000000e-1,0.00000000000000000e0,0.00000000000000000e0
11,5,1,1.79687500000000000e-1,0.00000000000000000e0,0.00000000000000000e0
12,5,1,1.95312500000000000e-1,0.00000000000000000e0,0.00000000000000000e0
13,5,1,2.10937500000000000e-1,0.00000000000000000e0,0.00000000000000000e0
14,5,1,2.26562500000000000e-1,0.00000000000000000e0,0.00000000000000000e0
15,5,1,2.42187500000000000e-1,0.00000000000000000e0,0.00000000000000000e0
16,5,1,2.57812500000000000e-1,9.71595283185729814e-5,0.00000000000000000e0
17,5,1,2.73437500000000000e-1,9.85475215802669550e-4,0.00000000000000000e0
18,5,1,2.89062500000000000e-1,4.98289580948112210e-3,0.00000000000000000e0
19,5,1,3.04687500000000000e-1,1.67848042289128405e-2,0.00000000000000000e0
20,5,1,3.20312500000000000e-1,4.24961047141037135e-2,0.00000000000000000e0
21,5,1,3.35937500000000000e-1,8.65726198315745210e-2,0.00000000000000000e0
22,5,1,3.51562500000000000e-1,1.48489629163261250e-1,0.00000000000000000e0
23,5,1,3.67187500000000000e-1,2.21779150413015352e-1,0.00000000000000000e0
24,5,1,3.82812500000000000e-1,2.96377413113661115e-1,0.00000000000000000e0
25,5,1,3.98437500000000000e-1,3.62686979958683375e-1,0.00000000000000000e0
26,5,1,4.14062500000000000e-1,4.14787353908347645e-1,0.00000000000000000e0
27,5,1,4.29687500000000000e-1,4.51325278496427285e-1,0.00000000000000000e0
28,5,1,4.45312500000000000e-1,4.74378969010336715e-1,0.00000000000000000e0
29,5,1,4.60937500000000000e-1,4.87552506446856881e-1,0.00000000000000000e0
30,5,1,4.76562500000000000e-1,4.94408122867901922e-1,0.00000000000000000e0
31,5,1,4.92187500000000000e-1,4.97672702116015997e-1,0.00000000000000000e0
32,5,1,5.07812500000000000e-1,4.99003796008744060e-1,0.00000000000000000e0
33,5,1,5.23437500000000000e-1,4.98691582541509970e-1,0.00000000000000000e0
34,5,1,5.39062500000000000e-1,4.94909057220460191e-1,0.00000000000000000e0
35,5,1,5.54687500000000000e-1,4.83181473481782087e-1,0.00000000000000000e0
36,5,1,5.70312500000000000e-1,4.57494063072542645e-1,0.00000000000000000e0
37,5,1,5.85937500000000000e-1,4.13424698726100270e-1,0.00000000000000000e0
38,5,1,6.01562500000000000e-1,3.51509686038269209e-1,0.00000000000000000e0
39,5,1,6.17187500000000000e-1,2.78220685652129929e-1,0.00000000000000000e0
40,5,1,6.32812500000000000e-1,2.03622550067012936e-1,0.00000000000000000e0
41,5,1,6.48437500000000000e-1,1.37313012276975205e-1,0.00000000000000000e0
42,5,1,6.64062500000000000e-1,8.52126445533872845e-2,0.00000000000000000e0
43,5,1,6.79687500000000000e-1,4.86747212171195417e-2,0.00000000000000000e0
44,5,1,6.95312500000000000e-1,2.56210309395279480e-2,0.00000000000000000e0
45,5,1,7.10937500000000000e-1,1.24474935449200678e-2,0.00000000000000000e0
46,5,1,7.26562500000000000e-1,5.59187713086102978e-3,0.00000000000000000e0
47,5,1,7.42187500000000000e-1,2.32729788383938306e-3,0.00000000000000000e0
48,5,1,7.57812500000000000e-1,8.99044462949848914e-4,0.00000000000000000e0
49,5,1,7.73437500000000000e-1,3.22942242716413969e-4,0.00000000000000000e0
50,5,1,7.89062500000000000e-1,1.08046970084233919e-4,0.00000000000000000e0
51,5,1,8.04687500000000000e-1,3.37222893235816806e-5,0.00000000000000000e0
52,5,1,8.20312500000000000e-1,9.83221336472701966e-6,0.00000000000000000e0
53,5,1,8.35937500000000000e-1,2.68144232941572714e-6,0.00000000000000000e0
54,5,1,8.51562500000000000e-1,6.84798468905936934e-7,0.00000000000000000e0
55,5,1,8.67187500000000000e-1,1.63934853120699245e-7,0.00000000000000000e0
56,5,1,8.82812500000000000e-1,3.68193278397714152e-8,0.00000000000000000e0
57,5,1,8.98437500000000000e-1,7.76435063270165262e-9,0.00000000000000000e0
58,5,1,9.14062500000000000e-1,1.53828408832951931e-9,0.00000000000000000e0
59,5,1,9.29687500000000000e-1,2.86482349249406233e-10,0.00000000000000000e0
60,5,1,9.45312500000000000e-1,5.01728372802013021e-11,0.00000000000000000e0
61,5,1,9.60937500000000000e-1,8.26573170930785543e-12,0.00000000000000000e0
62,5,1,9.76562500000000000e-1,1.28121411415895626e-12,0.00000000000000000e0
63,5,1,9.92187500000000000e-1,1.86865735195535805e-13,0.00000000000000000e0
0,6,1,7.81250000000000000e-3,0.00000000000000000e0,0.00000000000000000e0
1,6,1,2.34375000000000000e-2,0.00000000000000000e0,0.00000000000000000e0
2,6,1,3.90625000000000000e-2,0.00000000000000000e0,0.00000000000000000e0
3,6,1,5.46875000000000000e-2,0.00000000000000000e0,0.00000000000000000e0
4,6,1,7.03125000000000000e-2,0.00000000000000000e0,0.00000000000000000e0
5,6,1,8.59375000000000000e-2,0.00000000000000000e0,0.00000000000000000e0
6,6,1,1.01562500000000000e-1,0.00000000000000000e0,0.00000000000000000e0
7,6,1,1.17187500000000000e-1,0.00000000000000000e0,0.00000000000000000e0
8,6,1,1.32812500000000000e-1,0.00000000000000000e0,0.00000000000000000e0
9,6,1,1.48437500000000000e-1,0.00000000000000000e0,0.00000000000000000e0
10,6,1,1.64062500000000000e-1,0.00000000000000000e0,0.00000000000000000e0
11,6,1,1.79687500000000000e-1,0.00000000000000000e0,0.00000000000000000e0
12,6,1,1.95312500000000000e-1,0.00000000000000000e0,0.00000000000000000e0
13,6,1,2.10937500000000000e-1,0.00000000000000000e0,0.00000000000000000e0
14,6,1,2.26562500000000000e-1,0.00000000000000000e0,0.00000000000000000e0
15,6,1,2.42187500000000000e-1,0.00000000000000000e0,0.00000000000000000e0
16,6,1,2.57812500000000000e-1,9.71595283185776841e-5,0.00000000000000000e0
17,6,1,2.73437500000000000e-1,9.85475215802719641e-4,0.00000000000000000e0
18,6,1,2.89062500000000000e-1,4.98289580948137623e-3,0.00000000000000000e0
19,6,1,3.04687500000000000e-1,1.67848042289136419e-2,0.00000000000000000e0
20,6,1,3.20312500000000000e-1,4.24961047141053927e-2,0.00000000000000000e0
21,6,1,3.35937500000000000e-1,8.65726198315769496e-2,0.00000000000000000e0
22,6,1,3.51562500000000000e-1,1.48489629163262860e-1,0.00000000000000000e0
23,6,1,3.67187500000000000e-1,2.21779150413012854e-1,0.00000000000000000e0
24,6,1,3.82812500000000000e-1,2.96377413113650345e-1,0.00000000000000000e0
25,6,1,3.98437500000000000e-1,3.62686979958660283e-1,0.00000000000000000e0
26,6,1,4.14062500000000000e-1,4.14787353908310008e-1,0.00000000000000000e0
27,6,1,4.29687500000000000e-1,4.51325278496375659e-1,0.00000000000000000e0
28,6,1,4.45312500000000000e-1,4.74378969010275098e-1,0.00000000000000000e0
29,6,1,4.60937500000000000e-1,4.87552506446791212e-1,0.00000000000000000e0
30,6,1,4.76562500000000000e-1,4.94408122867838418e-1,0.00000000000000000e0
31,6,1,4.92187500000000000e-1,4.97672702115959764e-1,0.00000000000000000e0
32,6,1,5.07812500000000000e-1,4.99003796008698208e-1,0.00000000000000000e0
33,6,1,5.23437500000000000e-1,4.98691582541475942e-1,0.00000000000000000e0
34,6,1,5.39062500000000000e-1,4.94909057220438264e-1,0.00000000000000000e0
35,6,1,5.54687500000000000e-1,4.83181473481771984e-1,0.00000000000000000e0
36,6,1,5.70312500000000000e-1,4.57494063072542589e-1,0.00000000000000000e0
37,6,1,5.85937500000000000e-1,4.13424698726107931e-1,0.00000000000000000e0
38,6,1,6.01562500000000000e-1,3.51509686038281310e-1,0.00000000000000000e0
39,6,1,6.17187500000000000e-1,2.78220685652142752e-1,0.00000000000000000e0
40,6,1,6.32812500000000000e-1,2.03622550067023539e-1,0.00000000000000000e0
41,6,1,6.48437500000000000e-1,1.37313012276982588e-1,0.00000000000000000e0
42,6,1,6.64062500000000000e-1,8.52126445533915727e-2,0.00000000000000000e0
43,6,1,6.79687500000000000e-1,4.86747212171216789e-2,0.00000000000000000e0
44,6,1,6.95312500000000000e-1,2.56210309395288847e-2,0.00000000000000000e0
45,6,1,7.10937500000000000e-1,1.24474935449204235e-2,0.00000000000000000e0
46,6,1,7.26562500000000000e-1,5.59187713086115295e-3,0.00000000000000000e0
47,6,1,7.42187500000000000e-1,2.32729788383942123e-3,0.00000000000000000e0
48,6,1,7.57812500000000000e-1,8.99044462949860298e-4,0.00000000000000000e0
49,6,1,7.73437500000000000e-1,3.22942242716416788e-4,0.00000000000000000e0
50,6,1,7.89062500000000000e-1,1.08046970084234447e-4,0.00000000000000000e0
51,6,1,8.04687500000000000e-1,3.37222893235816873e-5,0.00000000000000000e0
52,6,1,8.20312500000000000e-1,9.83221336472697222e-6,0.00000000000000000e0
53,6,1,8.35937500000000000e-1,2.68144232941569962e-6,0.00000000000000000e0
54,6,1,8.51562500000000000e-1,6.84798468905927405e-7,0.00000000000000000e0
55,6,1,8.67187500000000000e-1,1.63934853120696492e-7,0.00000000000000000e0
56,6,1,8.82812500000000000e-1,3.68193278397707667e-8,0.00000000000000000e0
57,6,1,8.98437500000000000e-1,7.76435063270151531e-9,0.00000000000000000e0
58,6,1,9.14062500000000000e-1,1.53828408832949387e-9,0.00000000000000000e0
59,6,1,9.29687500000000000e-1,2.86482349249401890e-10,0.00000000000000000e0
60,6,1,9.45312500000000000e-1,5.01728372802005977e-11,0.00000000000000000e0
61,6,1,9.60937500000000000e-1,8.26573170930774880e-12,0.00000000000000000e0
62,6,1,9.76562500000000000e-1,1.28121411415894051e-12,0.00000000000000000e0
63,6,1,9.92187500000000000e-1,1.86865735195533635e-13,0.00000000000000000e0
0,7,1,7.81250000000000000e-3,0.00000000000000000e0,0.00000000000000000e0
1,7,1,2.34375000000000000e-2,0.00000000000000000e0,0.00000000000000000e0
2,7,1,3.90625000000000000e-2,0.00000000000000000e0,0.00000000000000000e0
3,7,1,5.46875000000000000e-2,0.00000000000000000e0,0.00000000000000000e0
4,7,1,7.03125000000000000e-2,0.00000000000000000e0,0.00000000000000000e0
5,7,1,8.59375000000000000e-2,0.00000000000000000e0,0.00000000000000000e0
6,7,1,1.01562500000000000e-1,0.00000000000000000e0,0.00000000000000000e0
7,7,1,1.17187500000000000e-1,0.00000000000000000e0,0.00000000000000000e0
8,7,1,1.32812500000000000e-1,0.00000000000000000e0,0.00000000000000000e0
9,7,1,1.48437500000000000e-1,0.00000000000000000e0,0.00000000000000000e0
10,7,1,1.64062500000000000e-1,0.00000000000000000e0,0.00000000000000000e0
11,7,1,1.79687500000000000e-1,0.00000000000000000e0,0.00000000000000000e0
12,7,1,1.95312500000000000e-1,0.00000000000000000e0,0.00000000000000000e0
13,7,1,2.10937500000000000e-1,0.00000000000000000e0,0.00000000000000000e0
14,7,1,2.26562500000000000e-1,0.00000000000000000e0,0.00000000000000000e0
15,7,1,2.42187500000000000e-1,0.00000000000000000e0,0.00000000000000000e0
16,7,1,2.57812500000000000e-1,9.71595283185766134e-5,0.00000000000000000e0
17,7,1,2.73437500000000000e-1,9.85475215802711834e-4,0.00000000000000000e0
18,7,1,2.89062500000000000e-1,4.98289580948134241e-3,0.00000000000000000e0
19,7,1,3.04687500000000000e-1,1.67848042289135621e-2,0.00000000000000000e0
20,7,1,3.20312500000000000e-1,4.24961047141053441e-2,0.00000000000000000e0
21,7,1,3.35937500000000000e-1,8.65726198315772688e-2,0.00000000000000000e0
22,7,1,3.51562500000000000e-1,1.48489629163264719e-1,0.00000000000000000e0
23,7,1,3.67187500000000000e-1,2.21779150413018128e-1,0.00000000000000000e0
24,7,1,3.82812500000000000e-1,2.96377413113660781e-1,0.00000000000000000e0
25,7,1,3.98437500000000000e-1,3.62686979958677436e-1,0.00000000000000000e0
26,7,1,4.14062500000000000e-1,4.14787353908334322e-1,0.00000000000000000e0
27,7,1,4.29687500000000000e-1,4.51325278496406024e-1,0.00000000000000000e0
28,7,1,4.45312500000000000e-1,4.74378969010308904e-1,0.00000000000000000e0
29,7,1,4.60937500000000000e-1,4.87552506446824907e-1,0.00000000000000000e0
30,7,1,4.76562500000000000e-1,4.94408122867867783e-1,0.00000000000000000e0
31,7,1,4.92187500000000000e-1,4.97672702115982135e-1,0.00000000000000000e0
32,7,1,5.07812500000000000e-1,4.99003796008712142e-1,0.00000000000000000e0
33,7,1,5.23437500000000000e-1,4.98691582541481382e-1,0.00000000000000000e0
34,7,1,5.39062500000000000e-1,4.94909057220435988e-1,0.00000000000000000e0
35,7,1,5.54687500000000000e-1,4.83181473481763490e-1,0.00000000000000000e0
36,7,1,5.70312500000000000e-1,4.57494063072529988e-1,0.00000000000000000e0
37,7,1,5.85937500000000000e-1,4.13424698726092776e-1,0.00000000000000000e0
38,7,1,6.01562500000000000e-1,3.51509686038265323e-1,0.00000000000000000e0
39,7,1,6.17187500000000000e-1,2.78220685652127930e-1,0.00000000000000000e0
40,7,1,6.32812500000000000e-1,2.03622550067011854e-1,0.00000000000000000e0
41,7,1,6.48437500000000000e-1,1.37313012276974317e-1,0.00000000000000000e0
42,7,1,6.64062500000000000e-1,8.52126445533863963e-2,0.00000000000000000e0
43,7,1,6.79687500000000000e-1,4.86747212171188409e-2,0.00000000000000000e0
44,7,1,6.95312500000000000e-1,2.56210309395274970e-2,0.00000000000000000e0
45,7,1,7.10937500000000000e-1,1.24474935449198111e-2,0.00000000000000000e0
46,7,1,7.26562500000000000e-1,5.59187713086090228e-3,0.00000000000000000e0
47,7,1,7.42187500000000000e-1,2.32729788383932538e-3,0.00000000000000000e0
48,7,1,7.57812500000000000e-1,8.99044462949825387e-4,0.00000000000000000e0
49,7,1,7.73437500000000000e-1,3.22942242716404971e-4,0.00000000000000000e0
50,7,1,7.89062500000000000e-1,1.08046970084230761e-4,0.00000000000000000e0
51,7,1,8.04687500000000000e-1,3.37222893235806506e-5,0.00000000000000000e0
52,7,1,8.20312500000000000e-1,9.83221336472671811e-6,0.00000000000000000e0
53,7,1,8.35937500000000000e-1,2.68144232941564583e-6,0.00000000000000000e0
54,7,1,8.51562500000000000e-1,6.84798468905917241e-7,0.00000000000000000e0
55,7,1,8.67187500000000000e-1,1.63934853120694798e-7,0.00000000000000000e0
56,7,1,8.82812500000000000e-1,3.68193278397704822e-8,0.00000000000000000e0
57,7,1,8.98437500000000000e-1,7.76435063270145906e-9,0.00000000000000000e0
58,7,1,9.14062500000000000e-1,1.53828408832948188e-9,0.00000000000000000e0
59,7,1,9.29687500000000000e-1,2.86482349249399047e-10,0.00000000000000000e0
60,7,1,9.45312500000000000e-1,5.01728372801999709e-11,0.00000000000000000e0
61,7,1,9.60937500000000000e-1,8.26573170930762117e-12,0.00000000000000000e0
62,7,1,9.76562500000000000e-1,1.28121411415891749e-12,0.00000000000000000e0
63,7,1,9.92187500000000000e-1,1.86865735195529873e-13,0.00000000000000000e0
0,0,2,7.81250000000000000e-3,0.00000000000000000e0,0.00000000000000000e0
1,0,2,2.34375000000000000e-2,0.00000000000000000e0,0.00000000000000000e0
2,0,2,3.90625000000000000e-2,0.00000000000000000e0,0.00000000000000000e0
3,0,2,5.46875000000000000e-2,0.00000000000000000e0,0.00000000000000000e0
4,0,2,7.03125000000000000e-2,0.00000000000000000e0,0.00000000000000000e0
5,0,2,8.59375000000000000e-2,0.00000000000000000e0,0.00000000000000000e0
6,0,2,1.01562500000000000e-1,0.00000000000000000e0,0.00000000000000000e0
7,0,2,1.17187500000000000e-1,0.00000000000000000e0,0.00000000000000000e0
8,0,2,1.32812500000000000e-1,0.00000000000000000e0,0.00000000000000000e0
9,0,2,1.48437500000000000e-1,0.00000000000000000e0,0.00000000000000000e0
10,0,2,1.64062500000000000e-1,0.00000000000000000e0,0.00000000000000000e0
11,0,2,1.79687500000000000e-1,0.00000000000000000e0,0.00000000000000000e0
12,0,2,1.95312500000000000e-1,0.00000000000000000e0,0.00000000000000000e0
13,0,2,2.10937500000000000e-1,0.00000000000000000e0,0.00000000000000000e0
14,0,2,2.26562500000000000e-1,0.00000000000000000e0,0.00000000000000000e0
15,0,2,2.42187500000000000e-1,0.00000000000000000e0,0.00000000000000000e0
16,0,2,2.57812500000000000e-1,9.71595283185645788e-5,0.00000000000000000e0
17,0,2,2.73437500000000000e-1,9.85475215802590621e-4,0.00000000000000000e0
18,0,2,2.89062500000000000e-1,4.98289580948075086e-3,0.00000000000000000e0
19,0,2,3.04687500000000000e-1,1.67848042289116782e-2,0.00000000000000000e0
20,0,2,3.20312500000000000e-1,4.24961047141009102e-2,0.00000000000000000e0
21,0,2,3.35937500000000000e-1,8.65726198315690948e-2,0.00000000000000000e0
22,0,2,3.51562500000000000e-1,1.48489629163252118e-1,0.00000000000000000e0
23,0,2,3.67187500000000000e-1,2.21779150413001502e-1,0.00000000000000000e0
24,0,2,3.82812500000000000e-1,2.96377413113641464e-1,0.00000000000000000e0
25,0,2,3.98437500000000000e-1,3.62686979958656897e-1,0.00000000000000000e0
26,0,2,4.14062500000000000e-1,4.14787353908314560e-1,0.00000000000000000e0
27,0,2,4.29687500000000000e-1,4.51325278496389204e-1,0.00000000000000000e0
28,0,2,4.45312500000000000e-1,4.74378969010296414e-1,0.00000000000000000e0
29,0,2,4.60937500000000000e-1,4.87552506446818412e-1,0.00000000000000000e0
30,0,2,4.76562500000000000e-1,4.94408122867869282e-1,0.00000000000000000e0
31,0,2,4.92187500000000000e-1,4.97672702115992571e-1,0.00000000000000000e0
32,0,2,5.07812500000000000e-1,4.99003796008732070e-1,0.00000000000000000e0
33,0,2,5.23437500000000000e-1,4.98691582541510858e-1,0.00000000000000000e0
34,0,2,5.39062500000000000e-1,4.94909057220473736e-1,0.00000000000000000e0
35,0,2,5.54687500000000000e-1,4.83181473481807344e-1,0.00000000000000000e0
36,0,2,5.70312500000000000e-1,4.57494063072576451e-1,0.00000000000000000e0
37,0,2,5.85937500000000000e-1,4.13424698726138184e-1,0.00000000000000000e0
38,0,2,6.01562500000000000e-1,3.51509686038306401e-1,0.00000000000000000e0
39,0,2,6.17187500000000000e-1,2.78220685652161792e-1,0.00000000000000000e0
40,0,2,6.32812500000000000e-1,2.03622550067037056e-1,0.00000000000000000e0
41,0,2,6.48437500000000000e-1,1.37313012276991497e-1,0.00000000000000000e0
42,0,2,6.64062500000000000e-1,8.52126445533970822e-2,0.00000000000000000e0
43,0,2,6.79687500000000000e-1,4.86747212171248292e-2,0.00000000000000000e0
44,0,2,6.95312500000000000e-1,2.56210309395305293e-2,0.00000000000000000e0
45,0,2,7.10937500000000000e-1,1.24474935449212058e-2,0.00000000000000000e0
46,0,2,7.26562500000000000e-1,5.59187713086148602e-3,0.00000000000000000e0
47,0,2,7.42187500000000000e-1,2.32729788383954786e-3,0.00000000000000000e0
48,0,2,7.57812500000000000e-1,8.99044462949903991e-4,0.00000000000000000e0
49,0,2,7.73437500000000000e-1,3.22942242716430612e-4,0.00000000000000000e0
50,0,2,7.89062500000000000e-1,1.08046970084238499e-4,0.00000000000000000e0
51,0,2,8.04687500000000000e-1,3.37222893235828054e-5,0.00000000000000000e0
52,0,2,8.20312500000000000e-1,9.83221336472726699e-6,0.00000000000000000e0
53,0,2,8.35937500000000000e-1,2.68144232941577543e-6,0.00000000000000000e0
54,0,2,8.51562500000000000e-1,6.84798468905945722e-7,0.00000000000000000e0
55,0,2,8.67187500000000000e-1,1.63934853120700674e-7,0.00000000000000000e0
56,0,2,8.82812500000000000e-1,3.68193278397716204e-8,0.00000000000000000e0
57,0,2,8.98437500000000000e-1,7.76435063270167247e-9,0.00000000000000000e0
58,0,2,9.14062500000000000e-1,1.53828408832951972e-9,0.00000000000000000e0
59,0,2,9.29687500000000000e-1,2.86482349249405561e-10,0.00000000000000000e0
60,0,2,9.45312500000000000e-1,5.01728372802010372e-11,0.00000000000000000e0
61,0,2,9.60937500000000000e-1,8.26573170930778757e-12,0.00000000000000000e0
62,0,2,9.76562500000000000e-1,1.28121411415894232e-12,0.00000000000000000e0
63,0,2,9.92187500000000000e-1,1.86865735195533281e-13,0.00000000000000000e0
0,1,2,7.81250000000000000e-3,0.00000000000000000e0,0.00000000000000000e0
1,1,2,2.34375000000000000e-2,0.00000000000000000e0,0.00000000000000000e0
2,1,2,3.90625000000000000e-2,0.00000000000000000e0,0.00000000000000000e0
3,1,2,5.46875000000000000e-2,0.00000000000000000e0,0.00000000000000000e0
4,1,2,7.03125000000000000e-2,0.00000000000000000e0,0.00000000000000000e0
5,1,2,8.59375000000000000e-2,0.00000000000000000e0,0.00000000000000000e0
6,1,2,1.01562500000000000e-1,0.00000000000000000e0,0.00000000000000000e0
7,1,2,1.17187500000000000e-1,0.00000000000000000e0,0.00000000000000000e0
8,1,2,1.32812500000000000e-1,0.00000000000000000e0,0.00000000000000000e0
9,1,2,1.48437500000000000e-1,0.00000000000000000e0,0.00000000000000000e0
10,1,2,1.64062500000000000e-1,0.00000000000000000e0,0.00000000000000000e0
11,1,2,1.79687500000000000e-1,0.00000000000000000e0,0.00000000000000000e0
12,1,2,1.95312500000000000e-1,0.00000000000000000e0,0.00000000000000000e0
13,1,2,2.10937500000000000e-1,0.00000000000000000e0,0.00000000000000000e0
14,1,2,2.26562500000000000e-1,0.00000000000000000e0,0.00000000000000000e0
15,1,2,2.42187500000000000e-1,0.00000000000000000e0,0.00000000000000000e0
16,1,2,2.57812500000000000e-1,9.71595283185756919e-5,0.00000000000000000e0
17,1,2,2.73437500000000000e-1,9.85475215802699258e-4,0.00000000000000000e0
18,1,2,2.89062500000000000e-1,4.98289580948126087e-3,0.00000000000000000e0
19,1,2,3.04687500000000000e-1,1.67848042289131735e-2,0.00000000000000000e0
20,1,2,3.20312500000000000e-1,4.24961047141039841e-2,0.00000000000000000e0
21,1,2,3.35937500000000000e-1,8.65726198315736467e-2,0.00000000000000000e0
22,1,2,3.51562500000000000e-1,1.48489629163256726e-1,0.00000000000000000e0
23,1,2,3.67187500000000000e-1,2.21779150413003723e-1,0.00000000000000000e0
24,1,2,3.82812500000000000e-1,2.96377413113639132e-1,0.00000000000000000e0
25,1,2,3.98437500000000000e-1,3.62686979958649514e-1,0.00000000000000000e0
26,1,2,4.14062500000000000e-1,4.14787353908302792e-1,0.00000000000000000e0
27,1,2,4.29687500000000000e-1,4.51325278496374382e-1,0.00000000000000000e0
28,1,2,4.45312500000000000e-1,4.74378969010281148e-1,0.00000000000000000e0
29,1,2,4.60937500000000000e-1,4.87552506446804312e-1,0.00000000000000000e0
30,1,2,4.76562500000000000e-1,4.94408122867857736e-1,0.00000000000000000e0
31,1,2,4.92187500000000000e-1,4.97672702115984300e-1,0.00000000000000000e0
32,1,2,5.07812500000000000e-1,4.99003796008726963e-1,0.00000000000000000e0
33,1,2,5.23437500000000000e-1,4.98691582541507972e-1,0.00000000000000000e0
34,1,2,5.39062500000000000e-1,4.94909057220471849e-1,0.00000000000000000e0
35,1,2,5.54687500000000000e-1,4.83181473481805179e-1,0.00000000000000000e0
36,1,2,5.70312500000000000e-1,4.57494063072573398e-1,0.00000000000000000e0
37,1,2,5.85937500000000000e-1,4.13424698726133910e-1,0.00000000000000000e0
38,1,2,6.01562500000000000e-1,3.51509686038300961e-1,0.00000000000000000e0
39,1,2,6.17187500000000000e-1,2.78220685652156186e-1,0.00000000000000000e0
40,1,2,6.32812500000000000e-1,2.03622550067032143e-1,0.00000000000000000e0
41,1,2,6.48437500000000000e-1,1.37313012276987667e-1,0.00000000000000000e0
42,1,2,6.64062500000000000e-1,8.52126445533945009e-2,0.00000000000000000e0
43,1,2,6.79687500000000000e-1,4.86747212171233165e-2,0.00000000000000000e0
44,1,2,6.95312500000000000e-1,2.56210309395297486e-2,0.00000000000000000e0
45,1,2,7.10937500000000000e-1,1.24474935449208485e-2,0.00000000000000000e0
46,1,2,7.26562500000000000e-1,5.59187713086134377e-3,0.00000000000000000e0
47,1,2,7.42187500000000000e-1,2.32729788383949972e-3,0.00000000000000000e0
48,1,2,7.57812500000000000e-1,8.99044462949888704e-4,0.00000000000000000e0
49,1,2,7.73437500000000000e-1,3.22942242716426329e-4,0.00000000000000000e0
50,1,2,7.89062500000000000e-1,1.08046970084237429e-4,0.00000000000000000e0
51,1,2,8.04687500000000000e-1,3.37222893235825683e-5,0.00000000000000000e0
52,1,2,8.20312500000000000e-1,9.83221336472721617e-6,0.00000000000000000e0
53,1,2,8.35937500000000000e-1,2.68144232941576399e-6,0.00000000000000000e0
54,1,2,8.51562500000000000e-1,6.84798468905942440e-7,0.00000000000000000e0
55,1,2,8.67187500000000000e-1,1.63934853120699668e-7,0.00000000000000000e0
56,1,2,8.82812500000000000e-1,3.68193278397713424e-8,0.00000000000000000e0
57,1,2,8.98437500000000000e-1,7.76435063270160299e-9,0.00000000000000000e0
58,1,2,9.14062500000000000e-1,1.53828408832950504e-9,0.00000000000000000e0
59,1,2,9.29687500000000000e-1,2.86482349249402924e-10,0.00000000000000000e0
60,1,2,9.45312500000000000e-1,5.01728372802006494e-11,0.00000000000000000e0
61,1,2,9.60937500000000000e-1,8.26573170930774557e-12,0.00000000000000000e0
62,1,2,9.76562500000000000e-1,1.28121411415893889e-12,0.00000000000000000e0
63,1,2,9.92187500000000000e-1,1.86865735195533433e-13,0.00000000000000000e0
0,2,2,7.81250000000000000e-3,0.00000000000000000e0,0.00000000000000000e0
1,2,2,2.34375000000000000e-2,0.00000000000000000e0,0.00000000000000000e0
2,2,2,3.90625000000000000e-2,0.00000000000000000e0,0.00000000000000000e0
3,2,2,5.46875000000000000e-2,0.00000000000000000e0,0.00000000000000000e0
4,2,2,7.03125000000000000e-2,0.00000000000000000e0,0.00000000000000000e0
5,2,2,8.59375000000000000e-2,0.00000000000000000e0,0.00000000000000000e0
6,2,2,1.01562500000000000e-1,0.00000000000000000e0,0.00000000000000000e0
7,2,2,1.17187500000000000e-1,0.00000000000000000e0,0.00000000000000000e0
8,2,2,1.32812500000000000e-1,0.00000000000000000e0,0.00000000000000000e0
9,2,2,1.48437500000000000e-1,0.00000000000000000e0,0.00000000000000000e0
10,2,2,1.64062500000000000e-1,0.00000000000000000e0,0.00000000000000000e0
11,2,2,1.79687500000000000e-1,0.00000000000000000e0,0.00000000000000000e0
12,2,2,1.95312500000000000e-1,0.00000000000000000e0,0.00000000000000000e0
13,2,2,2.10937500000000000e-1,0.00000000000000000e0,0.00000000000000000e0
14,2,2,2.26562500000000000e-1,0.00000000000000000e0,0.00000000000000000e0
15,2,2,2.42187500000000000e-1,0.00000000000000000e0,0.00000000000000000e0
16,2,2,2.57812500000000000e-1,9.71595283185756919e-5,0.00000000000000000e0
17,2,2,2.73437500000000000e-1,9.85475215802710750e-4,0.00000000000000000e0
18,2,2,2.89062500000000000e-1,4.98289580948138404e-3,0.00000000000000000e0
19,2,2,3.04687500000000000e-1,1.67848042289138362e-2,0.00000000000000000e0
20,2,2,3.20312500000000000e-1,4.24961047141063433e-2,0.00000000000000000e0
21,2,2,3.35937500000000000e-1,8.65726198315799333e-2,0.00000000000000000e0
22,2,2,3.51562500000000000e-1,1.48489629163270104e-1,0.00000000000000000e0
23,2,2,3.67187500000000000e-1,2.21779150413027232e-1,0.00000000000000000e0
24,2,2,3.82812500000000000e-1,2.96377413113674326e-1,0.00000000000000000e0
25,2,2,3.98437500000000000e-1,3.62686979958695144e-1,0.00000000000000000e0
26,2,2,4.14062500000000000e-1,4.14787353908355028e-1,0.00000000000000000e0
27,2,2,4.29687500000000000e-1,4.51325278496427951e-1,0.00000000000000000e0
28,2,2,4.45312500000000000e-1,4.74378969010329499e-1,0.00000000000000000e0
29,2,2,4.60937500000000000e-1,4.87552506446841782e-1,0.00000000000000000e0
30,2,2,4.76562500000000000e-1,4.94408122867880162e-1,0.00000000000000000e0
31,2,2,4.92187500000000000e-1,4.97672702115989185e-1,0.00000000000000000e0
32,2,2,5.07812500000000000e-1,4.99003796008713529e-1,0.00000000000000000e0
33,2,2,5.23437500000000000e-1,4.98691582541477274e-1,0.00000000000000000e0
34,2,2,5.39062500000000000e-1,4.94909057220426440e-1,0.00000000000000000e0
35,2,2,5.54687500000000000e-1,4.83181473481749169e-1,0.00000000000000000e0
36,2,2,5.70312500000000000e-1,4.57494063072511947e-1,0.00000000000000000e0
37,2,2,5.85937500000000000e-1,4.13424698726073514e-1,0.00000000000000000e0
38,2,2,6.01562500000000000e-1,3.51509686038247393e-1,0.00000000000000000e0
39,2,2,6.17187500000000000e-1,2.78220685652113386e-1,0.00000000000000000e0
40,2,2,6.32812500000000000e-1,2.03622550067001029e-1,0.00000000000000000e0
41,2,2,6.48437500000000000e-1,1.37313012276967322e-1,0.00000000000000000e0
42,2,2,6.64062500000000000e-1,8.52126445533824550e-2,0.00000000000000000e0
43,2,2,6.79687500000000000e-1,4.86747212171168356e-2,0.00000000000000000e0
44,2,2,6.95312500000000000e-1,2.56210309395265672e-2,0.00000000000000000e0
45,2,2,7.10937500000000000e-1,1.24474935449194208e-2,0.00000000000000000e0
46,2,2,7.26562500000000000e-1,5.59187713086075310e-3,0.00000000000000000e0
47,2,2,7.42187500000000000e-1,2.32729788383927334e-3,0.00000000000000000e0
48,2,2,7.57812500000000000e-1,8.99044462949809015e-4,0.00000000000000000e0
49,2,2,7.73437500000000000e-1,3.22942242716400254e-4,0.00000000000000000e0
50,2,2,7.89062500000000000e-1,1.08046970084229419e-4,0.00000000000000000e0
51,2,2,8.04687500000000000e-1,3.37222893235802576e-5,0.00000000000000000e0
52,2,2,8.20312500000000000e-1,9.83221336472659783e-6,0.00000000000000000e0
53,2,2,8.35937500000000000e-1,2.68144232941560898e-6,0.00000000000000000e0
54,2,2,8.51562500000000000e-1,6.84798468905906759e-7,0.00000000000000000e0
55,2,2,8.67187500000000000e-1,1.63934853120692098e-7,0.00000000000000000e0
56,2,2,8.82812500000000000e-1,3.68193278397698734e-8,0.00000000000000000e0
57,2,2,8.98437500000000000e-1,7.76435063270134491e-9,0.00000000000000000e0
58,2,2,9.14062500000000000e-1,1.53828408832946368e-9,0.00000000000000000e0
59,2,2,9.29687500000000000e-1,2.86482349249397082e-10,0.00000000000000000e0
60,2,2,9.45312500000000000e-1,5.01728372801999192e-11,0.00000000000000000e0
61,2,2,9.60937500000000000e-1,8.26573170930766479e-12,0.00000000000000000e0
62,2,2,9.76562500000000000e-1,1.28121411415893203e-12,0.00000000000000000e0
63,2,2,9.92187500000000000e-1,1.86865735195533029e-13,0.00000000000000000e0
0,3,2,7.81250000000000000e-3,0.00000000000000000e0,0.00000000000000000e0
1,3,2,2.34375000000000000e-2,0.00000000000000000e0,0.00000000000000000e0
2,3,2,3.90625000000000000e-2,0.00000000000000000e0,0.00000000000000000e0
3,3,2,5.46875000000000000e-2,0.00000000000000000e0,0.00000000000000000e0
4,3,2,7.03125000000000000e-2,0.00000000000000000e0,0.00000000000000000e0
5,3,2,8.59375000000000000e-2,0.00000000000000000e0,0.00000000000000000e0
6,3,2,1.01562500000000000e-1,0.00000000000000000e0,0.00000000000000000e0
7,3,2,1.17187500000000000e-1,0.00000000000000000e0,0.00000000000000000e0
8,3,2,1.32812500000000000e-1,0.00000000000000000e0,0.00000000000000000e0
9,3,2,1.48437500000000000e-1,0.00000000000000000e0,0.00000000000000000e0
10,3,2,1.64062500000000000e-1,0.00000000000000000e0,0.00000000000000000e0
11,3,2,1.79687500000000000e-1,0.00000000000000000e0,0.00000000000000000e0
12,3,2,1.95312500000000000e-1,0.00000000000000000e0,0.00000000000000000e0
13,3,2,2.10937500000000000e-1,0.00000000000000000e0,0.00000000000000000e0
14,3,2,2.26562500000000000e-1,0.00000000000000000e0,0.00000000000000000e0
15,3,2,2.42187500000000000e-1,0.00000000000000000e0,0.00000000000000000e0
16,3,2,2.57812500000000000e-1,9.71595283185703522e-5,0.00000000000000000e0
17,3,2,2.73437500000000000e-1,9.85475215802651553e-4,0.00000000000000000e0
18,3,2,2.89062500000000000e-1,4.98289580948107179e-3,0.00000000000000000e0
19,3,2,3.04687500000000000e-1,1.67848042289127780e-2,0.00000000000000000e0
20,3,2,3.20312500000000000e-1,4.24961047141036372e-2,0.00000000000000000e0
21,3,2,3.35937500000000000e-1,8.65726198315743406e-2,0.00000000000000000e0
22,3,2,3.51562500000000000e-1,1.48489629163260084e-1,0.00000000000000000e0
23,3,2,3.67187500000000000e-1,2.21779150413011272e-1,0.00000000000000000e0
24,3,2,3.82812500000000000e-1,2.96377413113651178e-1,0.00000000000000000e0
25,3,2,3.98437500000000000e-1,3.62686979958663835e-1,0.00000000000000000e0
26,3,2,4.14062500000000000e-1,4.14787353908316336e-1,0.00000000000000000e0
27,3,2,4.29687500000000000e-1,4.51325278496383875e-1,0.00000000000000000e0
28,3,2,4.45312500000000000e-1,4.74378969010283424e-1,0.00000000000000000e0
29,3,2,4.60937500000000000e-1,4.87552506446797485e-1,0.00000000000000000e0
30,3,2,4.76562500000000000e-1,4.94408122867840527e-1,0.00000000000000000e0
31,3,2,4.92187500000000000e-1,4.97672702115955878e-1,0.00000000000000000e0
32,3,2,5.07812500000000000e-1,4.99003796008686884e-1,0.00000000000000000e0
33,3,2,5.23437500000000000e-1,4.98691582541456346e-1,0.00000000000000000e0
34,3,2,5.39062500000000000e-1,4.94909057220410453e-1,0.00000000000000000e0
35,3,2,5.54687500000000000e-1,4.83181473481737511e-1,0.00000000000000000e0
36,3,2,5.70312500000000000e-1,4.57494063072504287e-1,0.00000000000000000e0
37,3,2,5.85937500000000000e-1,4.13424698726069462e-1,0.00000000000000000e0
38,3,2,6.01562500000000000e-1,3.51509686038246671e-1,0.00000000000000000e0
39,3,2,6.17187500000000000e-1,2.78220685652114608e-1,0.00000000000000000e0
40,3,2,6.32812500000000000e-1,2.03622550067003333e-1,0.00000000000000000e0
41,3,2,6.48437500000000000e-1,1.37313012276969654e-1,0.00000000000000000e0
42,3,2,6.64062500000000000e-1,8.52126445533842314e-2,0.00000000000000000e0
43,3,2,6.79687500000000000e-1,4.86747212171179944e-2,0.00000000000000000e0
44,3,2,6.95312500000000000e-1,2.56210309395272402e-2,0.00000000000000000e0
45,3,2,7.10937500000000000e-1,1.24474935449197677e-2,0.00000000000000000e0
46,3,2,7.26562500000000000e-1,5.59187713086091356e-3,0.00000000000000000e0
47,3,2,7.42187500000000000e-1,2.32729788383934230e-3,0.00000000000000000e0
48,3,2,7.57812500000000000e-1,8.99044462949836229e-4,0.00000000000000000e0
49,3,2,7.73437500000000000e-1,3.22942242716410012e-4,0.00000000000000000e0
50,3,2,7.89062500000000000e-1,1.08046970084232685e-4,0.00000000000000000e0
51,3,2,8.04687500000000000e-1,3.37222893235812672e-5,0.00000000000000000e0
52,3,2,8.20312500000000000e-1,9.83221336472688244e-6,0.00000000000000000e0
53,3,2,8.35937500000000000e-1,2.68144232941568522e-6,0.00000000000000000e0
54,3,2,8.51562500000000000e-1,6.84798468905925817e-7,0.00000000000000000e0
55,3,2,8.67187500000000000e-1,1.63934853120696651e-7,0.00000000000000000e0
56,3,2,8.82812500000000000e-1,3.68193278397708858e-8,0.00000000000000000e0
57,3,2,8.98437500000000000e-1,7.76435063270155501e-9,0.00000000000000000e0
58,3,2,9.14062500000000000e-1,1.53828408832950380e-9,0.00000000000000000e0
59,3,2,9.29687500000000000e-1,2.86482349249403803e-10,0.00000000000000000e0
60,3,2,9.45312500000000000e-1,5.01728372802009338e-11,0.00000000000000000e0
61,3,2,9.60937500000000000e-1,8.26573170930779565e-12,0.00000000000000000e0
62,3,2,9.76562500000000000e-1,1.28121411415894657e-12,0.00000000000000000e0
63,3,2,9.92187500000000000e-1,1.86865735195534266e-13,0.00000000000000000e0
0,4,2,7.81250000000000000e-3,0.00000000000000000e0,0.00000000000000000e0
1,4,2,2.34375000000000000e-2,0.00000000000000000e0,0.00000000000000000e0
2,4,2,3.90625000000000000e-2,0.00000000000000000e0,0.00000000000000000e0
3,4,2,5.46875000000000000e-2,0.00000000000000000e0,0.00000000000000000e0
4,4,2,7.03125000000000000e-2,0.00000000000000000e0,0.00000000000000000e0
5,4,2,8.59375000000000000e-2,0.00000000000000000e0,0.00000000000000000e0
6,4,2,1.01562500000000000e-1,0.00000000000000000e0,0.00000000000000000e0
7,4,2,1.17187500000000000e-1,0.00000000000000000e0,0.00000000000000000e0
8,4,2,1.32812500000000000e-1,0.00000000000000000e0,0.00000000000000000e0
9,4,2,1.48437500000000000e-1,0.00000000000000000e0,0.00000000000000000e0
10,4,2,1.64062500000000000e-1,0.00000000000000000e0,0.00000000000000000e0
11,4,2,1.79687500000000000e-1,0.00000000000000000e0,0.00000000000000000e0
12,4,2,1.95312500000000000e-1,0.00000000000000000e0,0.00000000000000000e0
13,4,2,2.10937500000000000e-1,0.00000000000000000e0,0.00000000000000000e0
14,4,2,2.26562500000000000e-1,0.00000000000000000e0,0.00000000000000000e0
15,4,2,2.42187500000000000e-1,0.00000000000000000e0,0.00000000000000000e0
16,4,2,2.57812500000000000e-1,9.71595283185730627e-5,0.00000000000000000e0
17,4,2,2.73437500000000000e-1,9.85475215802665431e-4,0.00000000000000000e0
18,4,2,2.89062500000000000e-1,4.98289580948106225e-3,0.00000000000000000e0
19,4,2,3.04687500000000000e-1,1.67848042289124658e-2,0.00000000000000000e0
20,4,2,3.20312500000000000e-1,4.24961047141021869e-2,0.00000000000000000e0
21,4,2,3.35937500000000000e-1,8.65726198315700107e-2,0.00000000000000000e0
22,4,2,3.51562500000000000e-1,1.48489629163250564e-1,0.00000000000000000e0
23,4,2,3.67187500000000000e-1,2.21779150412994536e-1,0.00000000000000000e0
24,4,2,3.82812500000000000e-1,2.96377413113626531e-1,0.00000000000000000e0
25,4,2,3.98437500000000000e-1,3.62686979958633526e-1,0.00000000000000000e0
26,4,2,4.14062500000000000e-1,4.14787353908283474e-1,0.00000000000000000e0
27,4,2,4.29687500000000000e-1,4.51325278496352456e-1,0.00000000000000000e0
28,4,2,4.45312500000000000e-1,4.74378969010258056e-1,0.00000000000000000e0
29,4,2,4.60937500000000000e-1,4.87552506446781442e-1,0.00000000000000000e0
30,4,2,4.76562500000000000e-1,4.94408122867836586e-1,0.00000000000000000e0
31,4,2,4.92187500000000000e-1,4.97672702115965926e-1,0.00000000000000000e0
32,4,2,5.07812500000000000e-1,4.99003796008711864e-1,0.00000000000000000e0
33,4,2,5.23437500000000000e-1,4.98691582541496314e-1,0.00000000000000000e0
34,4,2,5.39062500000000000e-1,4.94909057220463189e-1,0.00000000000000000e0
35,4,2,5.54687500000000000e-1,4.83181473481798629e-1,0.00000000000000000e0
36,4,2,5.70312500000000000e-1,4.57494063072567791e-1,0.00000000000000000e0
37,4,2,5.85937500000000000e-1,4.13424698726127970e-1,0.00000000000000000e0
38,4,2,6.01562500000000000e-1,3.51509686038294689e-1,0.00000000000000000e0
39,4,2,6.17187500000000000e-1,2.78220685652149968e-1,0.00000000000000000e0
40,4,2,6.32812500000000000e-1,2.03622550067026425e-1,0.00000000000000000e0
41,4,2,6.48437500000000000e-1,1.37313012276983143e-1,0.00000000000000000e0
42,4,2,6.64062500000000000e-1,8.52126445533912952e-2,0.00000000000000000e0
43,4,2,6.79687500000000000e-1,4.86747212171212765e-2,0.00000000000000000e0
44,4,2,6.95312500000000000e-1,2.56210309395285794e-2,0.00000000000000000e0
45,4,2,7.10937500000000000e-1,1.24474935449202535e-2,0.00000000000000000e0
46,4,2,7.26562500000000000e-1,5.59187713086106708e-3,0.00000000000000000e0
47,4,2,7.42187500000000000e-1,2.32729788383937829e-3,0.00000000000000000e0
48,4,2,7.57812500000000000e-1,8.99044462949840457e-4,0.00000000000000000e0
49,4,2,7.73437500000000000e-1,3.22942242716408440e-4,0.00000000000000000e0
50,4,2,7.89062500000000000e-1,1.08046970084231249e-4,0.00000000000000000e0
51,4,2,8.04687500000000000e-1,3.37222893235805896e-5,0.00000000000000000e0
52,4,2,8.20312500000000000e-1,9.83221336472664019e-6,0.00000000000000000e0
53,4,2,8.35937500000000000e-1,2.68144232941560983e-6,0.00000000000000000e0
54,4,2,8.51562500000000000e-1,6.84798468905904641e-7,0.00000000000000000e0
55,4,2,8.67187500000000000e-1,1.63934853120691092e-7,0.00000000000000000e0
56,4,2,8.82812500000000000e-1,3.68193278397695160e-8,0.00000000000000000e0
57,4,2,8.98437500000000000e-1,7.76435063270123903e-9,0.00000000000000000e0
58,4,2,9.14062500000000000e-1,1.53828408832943618e-9,0.00000000000000000e0
59,4,2,9.29687500000000000e-1,2.86482349249390516e-10,0.00000000000000000e0
60,4,2,9.45312500000000000e-1,5.01728372801985298e-11,0.00000000000000000e0
61,4,2,9.60937500000000000e-1,8.26573170930740145e-12,0.00000000000000000e0
62,4,2,9.76562500000000000e-1,1.28121411415888739e-12,0.00000000000000000e0
63,4,2,9.92187500000000000e-1,1.86865735195526213e-13,0.00000000000000000e0
0,5,2,7.81250000000000000e-3,0.00000000000000000e0,0.00000000000000000e0
1,5,2,2.34375000000000000e-2,0.00000000000000000e0,0.00000000000000000e0
2,5,2,3.90625000000000000e-2,0.00000000000000000e0,0.00000000000000000e0
3,5,2,5.46875000000000000e-2,0.00000000000000000e0,0.00000000000000000e0
4,5,2,7.03125000000000000e-2,0.00000000000000000e0,0.00000000000000000e0
5,5,2,8.59375000000000000e-2,0.00000000000000000e0,0.00000000000000000e0
6,5,2,1.01562500000000000e-1,0.00000000000000000e0,0.00000000000000000e0
7,5,2,1.17187500000000000e-1,0.00000000000000000e0,0.00000000000000000e0
8,5,2,1.32812500000000000e-1,0.00000000000000000e0,0.00000000000000000e0
9,5,2,1.48437500000000000e-1,0.00000000000000000e0,0.00000000000000000e0
10,5,2,1.64062500000000000e-1,0.00000000000000000e0,0.00000000000000000e0
11,5,2,1.79687500000000000e-1,0.00000000000000000e0,0.00000000000000000e0
12,5,2,1.95312500000000000e-1,0.00000000000000000e0,0.00000000000000000e0
13,5,2,2.10937500000000000e-1,0.00000000000000000e0,0.00000000000000000e0
14,5,2,2.26562500000000000e-1,0.00000000000000000e0,0.00000000000000000e0
15,5,2,2.42187500000000000e-1,0.00000000000000000e0,0.00000000000000000e0
16,5,2,2.57812500000000000e-1,9.71595283185713957e-5,0.00000000000000000e0
17,5,2,2.73437500000000000e-1,9.85475215802643313e-4,0.00000000000000000e0
18,5,2,2.89062500000000000e-1,4.98289580948092954e-3,0.00000000000000000e0
19,5,2,3.04687500000000000e-1,1.67848042289119766e-2,0.00000000000000000e0
20,5,2,3.20312500000000000e-1,4.24961047141009726e-2,0.00000000000000000e0
21,5,2,3.35937500000000000e-1,8.65726198315679429e-2,0.00000000000000000e0
22,5,2,3.51562500000000000e-1,1.48489629163248316e-1,0.00000000000000000e0
23,5,2,3.67187500000000000e-1,2.21779150412993842e-1,0.00000000000000000e0
24,5,2,3.82812500000000000e-1,2.96377413113629418e-1,0.00000000000000000e0
25,5,2,3.98437500000000000e-1,3.62686979958641131e-1,0.00000000000000000e0
26,5,2,4.14062500000000000e-1,4.14787353908295131e-1,0.00000000000000000e0
27,5,2,4.29687500000000000e-1,4.51325278496366111e-1,0.00000000000000000e0
28,5,2,4.45312500000000000e-1,4.74378969010269824e-1,0.00000000000000000e0
29,5,2,4.60937500000000000e-1,4.87552506446788159e-1,0.00000000000000000e0
30,5,2,4.76562500000000000e-1,4.94408122867835587e-1,0.00000000000000000e0
31,5,2,4.92187500000000000e-1,4.97672702115956322e-1,0.00000000000000000e0
32,5,2,5.07812500000000000e-1,4.99003796008693823e-1,0.00000000000000000e0
33,5,2,5.23437500000000000e-1,4.98691582541471501e-1,0.00000000000000000e0
34,5,2,5.39062500000000000e-1,4.94909057220434601e-1,0.00000000000000000e0
35,5,2,5.54687500000000000e-1,4.83181473481769153e-1,0.00000000000000000e0
36,5,2,5.70312500000000000e-1,4.57494063072540313e-1,0.00000000000000000e0
37,5,2,5.85937500000000000e-1,4.13424698726105488e-1,0.00000000000000000e0
38,5,2,6.01562500000000000e-1,3.51509686038278479e-1,0.00000000000000000e0
39,5,2,6.17187500000000000e-1,2.78220685652139865e-1,0.00000000000000000e0
40,5,2,6.32812500000000000e-1,2.03622550067021013e-1,0.00000000000000000e0
41,5,2,6.48437500000000000e-1,1.37313012276980728e-1,0.00000000000000000e0
42,5,2,6.64062500000000000e-1,8.52126445533905041e-2,0.00000000000000000e0
43,5,2,6.79687500000000000e-1,4.86747212171211863e-2,0.00000000000000000e0
44,5,2,6.95312500000000000e-1,2.56210309395286696e-2,0.00000000000000000e0
45,5,2,7.10937500000000000e-1,1.24474935449203298e-2,0.00000000000000000e0
46,5,2,7.26562500000000000e-1,5.59187713086110177e-3,0.00000000000000000e0
47,5,2,7.42187500000000000e-1,2.32729788383939304e-3,0.00000000000000000e0
48,5,2,7.57812500000000000e-1,8.99044462949845661e-4,0.00000000000000000e0
49,5,2,7.73437500000000000e-1,3.22942242716410066e-4,0.00000000000000000e0
50,5,2,7.89062500000000000e-1,1.08046970084231804e-4,0.00000000000000000e0
51,5,2,8.04687500000000000e-1,3.37222893235807929e-5,0.00000000000000000e0
52,5,2,8.20312500000000000e-1,9.83221336472670964e-6,0.00000000000000000e0
53,5,2,8.35937500000000000e-1,2.68144232941563355e-6,0.00000000000000000e0
54,5,2,8.51562500000000000e-1,6.84798468905911735e-7,0.00000000000000000e0
55,5,2,8.67187500000000000e-1,1.63934853120692919e-7,0.00000000000000000e0
56,5,2,8.82812500000000000e-1,3.68193278397699594e-8,0.00000000000000000e0
57,5,2,8.98437500000000000e-1,7.76435063270133829e-9,0.00000000000000000e0
58,5,2,9.14062500000000000e-1,1.53828408832945644e-9,0.00000000000000000e0
59,5,2,9.29687500000000000e-1,2.86482349249394394e-10,0.00000000000000000e0
60,5,2,9.45312500000000000e-1,5.01728372801992407e-11,0.00000000000000000e0
61,5,2,9.60937500000000000e-1,8.26573170930752262e-12,0.00000000000000000e0
62,5,2,9.76562500000000000e-1,1.28121411415890739e-12,0.00000000000000000e0
63,5,2,9.92187500000000000e-1,1.86865735195529293e-13,0.00000000000000000e0
0,6,2,7.81250000000000000e-3,0.00000000000000000e0,0.00000000000000000e0
1,6,2,2.34375000000000000e-2,0.00000000000000000e0,0.00000000000000000e0
2,6,2,3.90625000000000000e-2,0.00000000000000000e0,0.00000000000000000e0
3,6,2,5.46875000000000000e-2,0.00000000000000000e0,0.00000000000000000e0
4,6,2,7.03125000000000000e-2,0.00000000000000000e0,0.00000000000000000e0
5,6,2,8.59375000000000000e-2,0.00000000000000000e0,0.00000000000000000e0
6,6,2,1.01562500000000000e-1,0.00000000000000000e0,0.00000000000000000e0
7,6,2,1.17187500000000000e-1,0.00000000000000000e0,0.00000000000000000e0
8,6,2,1.32812500000000000e-1,0.00000000000000000e0,0.00000000000000000e0
9,6,2,1.48437500000000000e-1,0.00000000000000000e0,0.00000000000000000e0
10,6,2,1.64062500000000000e-1,0.00000000000000000e0,0.00000000000000000e0
11,6,2,1.79687500000000000e-1,0.00000000000000000e0,0.00000000000000000e0
12,6,2,1.95312500000000000e-1,0.00000000000000000e0,0.00000000000000000e0
13,6,2,2.10937500000000000e-1,0.00000000000000000e0,0.00000000000000000e0
14,6,2,2.26562500000000000e-1,0.00000000000000000e0,0.00000000000000000e0
15,6,2,2.42187500000000000e-1,0.00000000000000000e0,0.00000000000000000e0
16,6,2,2.57812500000000000e-1,9.71595283185804217e-5,0.00000000000000000e0
17,6,2,2.73437500000000000e-1,9.85475215802743927e-4,0.00000000000000000e0
18,6,2,2.89062500000000000e-1,4.98289580948146991e-3,0.00000000000000000e0
19,6,2,3.04687500000000000e-1,1.67848042289138605e-2,0.00000000000000000e0
20,6,2,3.20312500000000000e-1,4.24961047141057258e-2,0.00000000000000000e0
21,6,2,3.35937500000000000e-1,8.65726198315772411e-2,0.00000000000000000e0
22,6,2,3.51562500000000000e-1,1.48489629163263248e-1,0.00000000000000000e0
23,6,2,3.67187500000000000e-1,2.21779150413014103e-1,0.00000000000000000e0
24,6,2,3.82812500000000000e-1,2.96377413113654176e-1,0.00000000000000000e0
25,6,2,3.98437500000000000e-1,3.62686979958669220e-1,0.00000000000000000e0
26,6,2,4.14062500000000000e-1,4.14787353908326162e-1,0.00000000000000000e0
27,6,2,4.29687500000000000e-1,4.51325278496400417e-1,0.00000000000000000e0
28,6,2,4.45312500000000000e-1,4.74378969010307350e-1,0.00000000000000000e0
29,6,2,4.60937500000000000e-1,4.87552506446827683e-1,0.00000000000000000e0
30,6,2,4.76562500000000000e-1,4.94408122867874888e-1,0.00000000000000000e0
31,6,2,4.92187500000000000e-1,4.97672702115991128e-1,0.00000000000000000e0
32,6,2,5.07812500000000000e-1,4.99003796008719469e-1,0.00000000000000000e0
33,6,2,5.23437500000000000e-1,4.98691582541483158e-1,0.00000000000000000e0
34,6,2,5.39062500000000000e-1,4.94909057220428716e-1,0.00000000000000000e0
35,6,2,5.54687500000000000e-1,4.83181473481745338e-1,0.00000000000000000e0
36,6,2,5.70312500000000000e-1,4.57494063072502066e-1,0.00000000000000000e0
37,6,2,5.85937500000000000e-1,4.13424698726059303e-1,0.00000000000000000e0
38,6,2,6.01562500000000000e-1,3.51509686038231794e-1,0.00000000000000000e0
39,6,2,6.17187500000000000e-1,2.78220685652098731e-1,0.00000000000000000e0
40,6,2,6.32812500000000000e-1,2.03622550066989094e-1,0.00000000000000000e0
41,6,2,6.48437500000000000e-1,1.37313012276958663e-1,0.00000000000000000e0
42,6,2,6.64062500000000000e-1,8.52126445533767235e-2,0.00000000000000000e0
43,6,2,6.79687500000000000e-1,4.86747212171133800e-2,0.00000000000000000e0
44,6,2,6.95312500000000000e-1,2.56210309395246798e-2,0.00000000000000000e0
45,6,2,7.10937500000000000e-1,1.24474935449184875e-2,0.00000000000000000e0
46,6,2,7.26562500000000000e-1,5.59187713086033676e-3,0.00000000000000000e0
47,6,2,7.42187500000000000e-1,2.32729788383910854e-3,0.00000000000000000e0
48,6,2,7.57812500000000000e-1,8.99044462949751336e-4,0.00000000000000000e0
49,6,2,7.73437500000000000e-1,3.22942242716382473e-4,0.00000000000000000e0
50,6,2,7.89062500000000000e-1,1.08046970084224703e-4,0.00000000000000000e0
51,6,2,8.04687500000000000e-1,3.37222893235791801e-5,0.00000000000000000e0
52,6,2,8.20312500000000000e-1,9.83221336472639285e-6,0.00000000000000000e0
53,6,2,8.35937500000000000e-1,2.68144232941557807e-6,0.00000000000000000e0
54,6,2,8.51562500000000000e-1,6.84798468905903582e-7,0.00000000000000000e0
55,6,2,8.67187500000000000e-1,1.63934853120692125e-7,0.00000000000000000e0
56,6,2,8.82812500000000000e-1,3.68193278397699925e-8,0.00000000000000000e0
57,6,2,8.98437500000000000e-1,7.76435063270138296e-9,0.00000000000000000e0
58,6,2,9.14062500000000000e-1,1.53828408832947236e-9,0.00000000000000000e0
59,6,2,9.29687500000000000e-1,2.86482349249398633e-10,0.00000000000000000e0
60,6,2,9.45312500000000000e-1,5.01728372802001389e-11,0.00000000000000000e0
61,6,2,9.60937500000000000e-1,8.26573170930768741e-12,0.00000000000000000e0
62,6,2,9.76562500000000000e-1,1.28121411415893304e-12,0.00000000000000000e0
63,6,2,9.92187500000000000e-1,1.86865735195532700e-13,0.00000000000000000e0
0,7,2,7.81250000000000000e-3,0.00000000000000000e0,0.00000000000000000e0
1,7,2,2.34375000000000000e-2,0.00000000000000000e0,0.00000000000000000e0
2,7,2,3.90625000000000000e-2,0.00000000000000000e0,0.00000000000000000e0
3,7,2,5.46875000000000000e-2,0.00000000000000000e0,0.00000000000000000e0
4,7,2,7.03125000000000000e-2,0.00000000000000000e0,0.00000000000000000e0
5,7,2,8.59375000000000000e-2,0.00000000000000000e0,0.00000000000000000e0
6,7,2,1.01562500000000000e-1,0.00000000000000000e0,0.00000000000000000e0
7,7,2,1.17187500000000000e-1,0.00000000000000000e0,0.00000000000000000e0
8,7,2,1.32812500000000000e-1,0.00000000000000000e0,0.00000000000000000e0
9,7,2,1.48437500000000000e-1,0.00000000000000000e0,0.00000000000000000e0
10,7,2,1.64062500000000000e-1,0.00000000000000000e0,0.00000000000000000e0
11,7,2,1.79687500000000000e-1,0.00000000000000000e0,0.00000000000000000e0
12,7,2,1.95312500000000000e-1,0.00000000000000000e0,0.00000000000000000e0
13,7,2,2.10937500000000000e-1,0.00000000000000000e0,0.00000000000000000e0
14,7,2,2.26562500000000000e-1,0.00000000000000000e0,0.00000000000000000e0
15,7,2,2.42187500000000000e-1,0.00000000000000000e0,0.00000000000000000e0
16,7,2,2.57812500000000000e-1,9.71595283185827934e-5,0.00000000000000000e0
17,7,2,2.73437500000000000e-1,9.85475215802775802e-4,0.00000000000000000e0
18,7,2,2.89062500000000000e-1,4.98289580948168241e-3,0.00000000000000000e0
19,7,2,3.04687500000000000e-1,1.67848042289147660e-2,0.00000000000000000e0
20,7,2,3.20312500000000000e-1,4.24961047141085360e-2,0.00000000000000000e0
21,7,2,3.35937500000000000e-1,8.65726198315839024e-2,0.00000000000000000e0
22,7,2,3.51562500000000000e-1,1.48489629163275821e-1,0.00000000000000000e0
23,7,2,3.67187500000000000e-1,2.21779150413033449e-1,0.00000000000000000e0
24,7,2,3.82812500000000000e-1,2.96377413113678767e-1,0.00000000000000000e0
25,7,2,3.98437500000000000e-1,3.62686979958695532e-1,0.00000000000000000e0
26,7,2,4.14062500000000000e-1,4.14787353908349310e-1,0.00000000000000000e0
27,7,2,4.29687500000000000e-1,4.51325278496414795e-1,0.00000000000000000e0
28,7,2,4.45312500000000000e-1,4.74378969010309737e-1,0.00000000000000000e0
29,7,2,4.60937500000000000e-1,4.87552506446816913e-1,0.00000000000000000e0
30,7,2,4.76562500000000000e-1,4.94408122867852240e-1,0.00000000000000000e0
31,7,2,4.92187500000000000e-1,4.97672702115960097e-1,0.00000000000000000e0
32,7,2,5.07812500000000000e-1,4.99003796008685274e-1,0.00000000000000000e0
33,7,2,5.23437500000000000e-1,4.98691582541451628e-1,0.00000000000000000e0
34,7,2,5.39062500000000000e-1,4.94909057220405402e-1,0.00000000000000000e0
35,7,2,5.54687500000000000e-1,4.83181473481734514e-1,0.00000000000000000e0
36,7,2,5.70312500000000000e-1,4.57494063072504398e-1,0.00000000000000000e0
37,7,2,5.85937500000000000e-1,4.13424698726072404e-1,0.00000000000000000e0
38,7,2,6.01562500000000000e-1,3.51509686038251279e-1,0.00000000000000000e0
39,7,2,6.17187500000000000e-1,2.78220685652119548e-1,0.00000000000000000e0
40,7,2,6.32812500000000000e-1,2.03622550067007246e-1,0.00000000000000000e0
41,7,2,6.48437500000000000e-1,1.37313012276972152e-1,0.00000000000000000e0
42,7,2,6.64062500000000000e-1,8.52126445533855220e-2,0.00000000000000000e0
43,7,2,6.79687500000000000e-1,4.86747212171184385e-2,0.00000000000000000e0
44,7,2,6.95312500000000000e-1,2.56210309395272923e-2,0.00000000000000000e0
45,7,2,7.10937500000000000e-1,1.24474935449197001e-2,0.00000000000000000e0
46,7,2,7.26562500000000000e-1,5.59187713086084677e-3,0.00000000000000000e0
47,7,2,7.42187500000000000e-1,2.32729788383929980e-3,0.00000000000000000e0
48,7,2,7.57812500000000000e-1,8.99044462949815195e-4,0.00000000000000000e0
49,7,2,7.73437500000000000e-1,3.22942242716400905e-4,0.00000000000000000e0
50,7,2,7.89062500000000000e-1,1.08046970084229229e-4,0.00000000000000000e0
51,7,2,8.04687500000000000e-1,3.37222893235800881e-5,0.00000000000000000e0
52,7,2,8.20312500000000000e-1,9.83221336472652330e-6,0.00000000000000000e0
53,7,2,8.35937500000000000e-1,2.68144232941558357e-6,0.00000000000000000e0
54,7,2,8.51562500000000000e-1,6.84798468905899241e-7,0.00000000000000000e0
55,7,2,8.67187500000000000e-1,1.63934853120690033e-7,0.00000000000000000e0
56,7,2,8.82812500000000000e-1,3.68193278397693440e-8,0.00000000000000000e0
57,7,2,8.98437500000000000e-1,7.76435063270121587e-9,0.00000000000000000e0
58,7,2,9.14062500000000000e-1,1.53828408832943411e-9,0.00000000000000000e0
59,7,2,9.29687500000000000e-1,2.86482349249390620e-10,0.00000000000000000e0
60,7,2,9.45312500000000000e-1,5.01728372801986138e-11,0.00000000000000000e0
61,7,2,9.60937500000000000e-1,8.26573170930742568e-12,0.00000000000000000e0
62,7,2,9.76562500000000000e-1,1.28121411415889204e-12,0.00000000000000000e0
63,7,2,9.92187500000000000e-1,1.86865735195526894e-13,0.00000000000000000e0
0,0,3,7.81250000000000000e-3,0.00000000000000000e0,0.00000000000000000e0
1,0,3,2.34375000000000000e-2,0.00000000000000000e0,0.00000000000000000e0
2,0,3,3.90625000000000000e-2,0.00000000000000000e0,0.00000000000000000e0
3,0,3,5.46875000000000000e-2,0.00000000000000000e0,0.00000000000000000e0
4,0,3,7.03125000000000000e-2,0.00000000000000000e0,0.00000000000000000e0
5,0,3,8.59375000000000000e-2,0.00000000000000000e0,0.00000000000000000e0
6,0,3,1.01562500000000000e-1,0.00000000000000000e0,0.00000000000000000e0
7,0,3,1.17187500000000000e-1,0.00000000000000000e0,0.00000000000000000e0
8,0,3,1.32812500000000000e-1,0.00000000000000000e0,0.00000000000000000e0
9,0,3,1.48437500000000000e-1,0.00000000000000000e0,0.00000000000000000e0
10,0,3,1.64062500000000000e-1,0.00000000000000000e0,0.00000000000000000e0
11,0,3,1.79687500000000000e-1,0.00000000000000000e0,0.00000000000000000e0
12,0,3,1.95312500000000000e-1,0.00000000000000000e0,0.00000000000000000e0
13,0,3,2.10937500000000000e-1,0.00000000000000000e0,0.00000000000000000e0
14,0,3,2.26562500000000000e-1,0.00000000000000000e0,0.00000000000000000e0
15,0,3,2.42187500000000000e-1,0.00000000000000000e0,0.00000000000000000e0
16,0,3,2.57812500000000000e-1,9.71595283185978231e-5,0.00000000000000000e0
17,0,3,2.73437500000000000e-1,9.85475215802915448e-4,0.00000000000000000e0
18,0,3,2.89062500000000000e-1,4.98289580948230604e-3,0.00000000000000000e0
19,0,3,3.04687500000000000e-1,1.67848042289165458e-2,0.00000000000000000e0
20,0,3,3.20312500000000000e-1,4.24961047141121234e-2,0.00000000000000000e0
21,0,3,3.35937500000000000e-1,8.65726198315892453e-2,0.00000000000000000e0
22,0,3,3.51562500000000000e-1,1.48489629163281428e-1,0.00000000000000000e0
23,0,3,3.67187500000000000e-1,2.21779150413036474e-1,0.00000000000000000e0
24,0,3,3.82812500000000000e-1,2.96377413113675825e-1,0.00000000000000000e0
25,0,3,3.98437500000000000e-1,3.62686979958683930e-1,0.00000000000000000e0
26,0,3,4.14062500000000000e-1,4.14787353908328216e-1,0.00000000000000000e0
27,0,3,4.29687500000000000e-1,4.51325278496385762e-1,0.00000000000000000e0
28,0,3,4.45312500000000000e-1,4.74378969010275264e-1,0.00000000000000000e0
29,0,3,4.60937500000000000e-1,4.87552506446781275e-1,0.00000000000000000e0
30,0,3,4.76562500000000000e-1,4.94408122867819821e-1,0.00000000000000000e0
31,0,3,4.92187500000000000e-1,4.97672702115935284e-1,0.00000000000000000e0
32,0,3,5.07812500000000000e-1,4.99003796008671230e-1,0.00000000000000000e0
33,0,3,5.23437500000000000e-1,4.98691582541450518e-1,0.00000000000000000e0
34,0,3,5.39062500000000000e-1,4.94909057220417614e-1,0.00000000000000000e0
35,0,3,5.54687500000000000e-1,4.83181473481758272e-1,0.00000000000000000e0
36,0,3,5.70312500000000000e-1,4.57494063072536206e-1,0.00000000000000000e0
37,0,3,5.85937500000000000e-1,4.13424698726107653e-1,0.00000000000000000e0
38,0,3,6.01562500000000000e-1,3.51509686038284919e-1,0.00000000000000000e0
39,0,3,6.17187500000000000e-1,2.78220685652147581e-1,0.00000000000000000e0
40,0,3,6.32812500000000000e-1,2.03622550067028257e-1,0.00000000000000000e0
41,0,3,6.48437500000000000e-1,1.37313012276986279e-1,0.00000000000000000e0
42,0,3,6.64062500000000000e-1,8.52126445533940430e-2,0.00000000000000000e0
43,0,3,6.79687500000000000e-1,4.86747212171231222e-2,0.00000000000000000e0
44,0,3,6.95312500000000000e-1,2.56210309395295821e-2,0.00000000000000000e0
45,0,3,7.10937500000000000e-1,1.24474935449207097e-2,0.00000000000000000e0
46,0,3,7.26562500000000000e-1,5.59187713086124489e-3,0.00000000000000000e0
47,0,3,7.42187500000000000e-1,2.32729788383944031e-3,0.00000000000000000e0
48,0,3,7.57812500000000000e-1,8.99044462949858780e-4,0.00000000000000000e0
49,0,3,7.73437500000000000e-1,3.22942242716413156e-4,0.00000000000000000e0
50,0,3,7.89062500000000000e-1,1.08046970084232224e-4,0.00000000000000000e0
51,0,3,8.04687500000000000e-1,3.37222893235807183e-5,0.00000000000000000e0
52,0,3,8.20312500000000000e-1,9.83221336472662663e-6,0.00000000000000000e0
53,0,3,8.35937500000000000e-1,2.68144232941559247e-6,0.00000000000000000e0
54,0,3,8.51562500000000000e-1,6.84798468905896806e-7,0.00000000000000000e0
55,0,3,8.67187500000000000e-1,1.63934853120688472e-7,0.00000000000000000e0
56,0,3,8.82812500000000000e-1,3.68193278397688146e-8,0.00000000000000000e0
57,0,3,8.98437500000000000e-1,7.76435063270107194e-9,0.00000000000000000e0
58,0,3,9.14062500000000000e-1,1.53828408832940019e-9,0.00000000000000000e0
59,0,3,9.29687500000000000e-1,2.86482349249383589e-10,0.00000000000000000e0
60,0,3,9.45312500000000000e-1,5.01728372801972890e-11,0.00000000000000000e0
61,0,3,9.60937500000000000e-1,8.26573170930719142e-12,0.00000000000000000e0
62,0,3,9.76562500000000000e-1,1.28121411415885306e-12,0.00000000000000000e0
63,0,3,9.92187500000000000e-1,1.86865735195520987e-13,0.00000000000000000e0
0,1,3,7.81250000000000000e-3,0.00000000000000000e0,0.00000000000000000e0
1,1,3,2.34375000000000000e-2,0.00000000000000000e0,0.00000000000000000e0
2,1,3,3.90625000000000000e-2,0.00000000000000000e0,0.00000000000000000e0
3,1,3,5.46875000000000000e-2,0.00000000000000000e0,0.00000000000000000e0
4,1,3,7.03125000000000000e-2,0.00000000000000000e0,0.00000000000000000e0
5,1,3,8.59375000000000000e-2,0.00000000000000000e0,0.00000000000000000e0
6,1,3,1.01562500000000000e-1,0.00000000000000000e0,0.00000000000000000e0
7,1,3,1.17187500000000000e-1,0.00000000000000000e0,0.00000000000000000e0
8,1,3,1.32812500000000000e-1,0.00000000000000000e0,0.00000000000000000e0
9,1,3,1.48437500000000000e-1,0.00000000000000000e0,0.00000000000000000e0
10,1,3,1.64062500000000000e-1,0.00000000000000000e0,0.00000000000000000e0
11,1,3,1.79687500000000000e-1,0.00000000000000000e0,0.00000000000000000e0
12,1,3,1.95312500000000000e-1,0.00000000000000000e0,0.00000000000000000e0
13,1,3,2.10937500000000000e-1,0.00000000000000000e0,0.00000000000000000e0
14,1,3,2.26562500000000000e-1,0.00000000000000000e0,0.00000000000000000e0
15,1,3,2.42187500000000000e-1,0.00000000000000000e0,0.00000000000000000e0
16,1,3,2.57812500000000000e-1,9.71595283185744450e-5,0.00000000000000000e0
17,1,3,2.73437500000000000e-1,9.85475215802684946e-4,0.00000000000000000e0
18,1,3,2.89062500000000000e-1,4.98289580948122098e-3,0.00000000000000000e0
19,1,3,3.04687500000000000e-1,1.67848042289132915e-2,0.00000000000000000e0
20,1,3,3.20312500000000000e-1,4.24961047141051707e-2,0.00000000000000000e0
21,1,3,3.35937500000000000e-1,8.65726198315784207e-2,0.00000000000000000e0
22,1,3,3.51562500000000000e-1,1.48489629163269660e-1,0.00000000000000000e0
23,1,3,3.67187500000000000e-1,2.21779150413030396e-1,0.00000000000000000e0
24,1,3,3.82812500000000000e-1,2.96377413113684540e-1,0.00000000000000000e0
25,1,3,3.98437500000000000e-1,3.62686979958715849e-1,0.00000000000000000e0
26,1,3,4.14062500000000000e-1,4.14787353908388223e-1,0.00000000000000000e0
27,1,3,4.29687500000000000e-1,4.51325278496474136e-1,0.00000000000000000e0
28,1,3,4.45312500000000000e-1,4.74378969010387452e-1,0.00000000000000000e0
29,1,3,4.60937500000000000e-1,4.87552506446909006e-1,0.00000000000000000e0
30,1,3,4.76562500000000000e-1,4.94408122867953048e-1,0.00000000000000000e0
31,1,3,4.92187500000000000e-1,4.97672702116063792e-1,0.00000000000000000e0
32,1,3,5.07812500000000000e-1,4.99003796008786193e-1,0.00000000000000000e0
33,1,3,5.23437500000000000e-1,4.98691582541544443e-1,0.00000000000000000e0
34,1,3,5.39062500000000000e-1,4.94909057220484949e-1,0.00000000000000000e0
35,1,3,5.54687500000000000e-1,4.83181473481796520e-1,0.00000000000000000e0
36,1,3,5.70312500000000000e-1,4.57494063072546864e-1,0.00000000000000000e0
37,1,3,5.85937500000000000e-1,4.13424698726095663e-1,0.00000000000000000e0
38,1,3,6.01562500000000000e-1,3.51509686038258495e-1,0.00000000000000000e0
39,1,3,6.17187500000000000e-1,2.78220685652116440e-1,0.00000000000000000e0
40,1,3,6.32812500000000000e-1,2.03622550066999752e-1,0.00000000000000000e0
41,1,3,6.48437500000000000e-1,1.37313012276964352e-1,0.00000000000000000e0
42,1,3,6.64062500000000000e-1,8.52126445533794435e-2,0.00000000000000000e0
43,1,3,6.79687500000000000e-1,4.86747212171145388e-2,0.00000000000000000e0
44,1,3,6.95312500000000000e-1,2.56210309395251204e-2,0.00000000000000000e0
45,1,3,7.10937500000000000e-1,1.24474935449186211e-2,0.00000000000000000e0
46,1,3,7.26562500000000000e-1,5.59187713086036018e-3,0.00000000000000000e0
47,1,3,7.42187500000000000e-1,2.32729788383909900e-3,0.00000000000000000e0
48,1,3,7.57812500000000000e-1,8.99044462949738651e-4,0.00000000000000000e0
49,1,3,7.73437500000000000e-1,3.22942242716374559e-4,0.00000000000000000e0
50,1,3,7.89062500000000000e-1,1.08046970084220881e-4,0.00000000000000000e0
51,1,3,8.04687500000000000e-1,3.37222893235776758e-5,0.00000000000000000e0
52,1,3,8.20312500000000000e-1,9.83221336472588294e-6,0.00000000000000000e0
53,1,3,8.35937500000000000e-1,2.68144232941542730e-6,0.00000000000000000e0
54,1,3,8.51562500000000000e-1,6.84798468905864619e-7,0.00000000000000000e0
55,1,3,8.67187500000000000e-1,1.63934853120682992e-7,0.00000000000000000e0
56,1,3,8.82812500000000000e-1,3.68193278397680337e-8,0.00000000000000000e0
57,1,3,8.98437500000000000e-1,7.76435063270099253e-9,0.00000000000000000e0
58,1,3,9.14062500000000000e-1,1.53828408832939875e-9,0.00000000000000000e0
59,1,3,9.29687500000000000e-1,2.86482349249385295e-10,0.00000000000000000e0
60,1,3,9.45312500000000000e-1,5.01728372801978448e-11,0.00000000000000000e0
61,1,3,9.60937500000000000e-1,8.26573170930731259e-12,0.00000000000000000e0
62,1,3,9.76562500000000000e-1,1.28121411415887467e-12,0.00000000000000000e0
63,1,3,9.92187500000000000e-1,1.86865735195524168e-13,0.00000000000000000e0
0,2,3,7.81250000000000000e-3,0.00000000000000000e0,0.00000000000000000e0
1,2,3,2.34375000000000000e-2,0.00000000000000000e0,0.00000000000000000e0
2,2,3,3.90625000000000000e-2,0.00000000000000000e0,0.00000000000000000e0
3,2,3,5.46875000000000000e-2,0.00000000000000000e0,0.00000000000000000e0
4,2,3,7.03125000000000000e-2,0.00000000000000000e0,0.00000000000000000e0
5,2,3,8.59375000000000000e-2,0.00000000000000000e0,0.00000000000000000e0
6,2,3,1.01562500000000000e-1,0.00000000000000000e0,0.00000000000000000e0
7,2,3,1.17187500000000000e-1,0.00000000000000000e0,0.00000000000000000e0
8,2,3,1.32812500000000000e-1,0.00000000000000000e0,0.00000000000000000e0
9,2,3,1.48437500000000000e-1,0.00000000000000000e0,0.00000000000000000e0
10,2,3,1.64062500000000000e-1,0.00000000000000000e0,0.00000000000000000e0
11,2,3,1.79687500000000000e-1,0.00000000000000000e0,0.00000000000000000e0
12,2,3,1.95312500000000000e-1,0.00000000000000000e0,0.00000000000000000e0
13,2,3,2.10937500000000000e-1,0.00000000000000000e0,0.00000000000000000e0
14,2,3,2.26562500000000000e-1,0.00000000000000000e0,0.00000000000000000e0
15,2,3,2.42187500000000000e-1,0.00000000000000000e0,0.00000000000000000e0
16,2,3,2.57812500000000000e-1,9.71595283186011706e-5,0.00000000000000000e0
17,2,3,2.73437500000000000e-1,9.85475215802941685e-4,0.00000000000000000e0
18,2,3,2.89062500000000000e-1,4.98289580948238844e-3,0.00000000000000000e0
19,2,3,3.04687500000000000e-1,1.67848042289166360e-2,0.00000000000000000e0
20,2,3,3.20312500000000000e-1,4.24961047141118875e-2,0.00000000000000000e0
21,2,3,3.35937500000000000e-1,8.65726198315878992e-2,0.00000000000000000e0
22,2,3,3.51562500000000000e-1,1.48489629163277959e-1,0.00000000000000000e0
23,2,3,3.67187500000000000e-1,2.21779150413030313e-1,0.00000000000000000e0
24,2,3,3.82812500000000000e-1,2.96377413113667387e-1,0.00000000000000000e0
25,2,3,3.98437500000000000e-1,3.62686979958674327e-1,0.00000000000000000e0
26,2,3,4.14062500000000000e-1,4.14787353908318779e-1,0.00000000000000000e0
27,2,3,4.29687500000000000e-1,4.51325278496377658e-1,0.00000000000000000e0
28,2,3,4.45312500000000000e-1,4.74378969010269269e-1,0.00000000000000000e0
29,2,3,4.60937500000000000e-1,4.87552506446776834e-1,0.00000000000000000e0
30,2,3,4.76562500000000000e-1,4.94408122867815492e-1,0.00000000000000000e0
31,2,3,4.92187500000000000e-1,4.97672702115929566e-1,0.00000000000000000e0
32,2,3,5.07812500000000000e-1,4.99003796008662570e-1,0.00000000000000000e0
33,2,3,5.23437500000000000e-1,4.98691582541437806e-1,0.00000000000000000e0
34,2,3,5.39062500000000000e-1,4.94909057220400017e-1,0.00000000000000000e0
35,2,3,5.54687500000000000e-1,4.83181473481735901e-1,0.00000000000000000e0
36,2,3,5.70312500000000000e-1,4.57494063072510893e-1,0.00000000000000000e0
37,2,3,5.85937500000000000e-1,4.13424698726081508e-1,0.00000000000000000e0
38,2,3,6.01562500000000000e-1,3.51509686038260494e-1,0.00000000000000000e0
39,2,3,6.17187500000000000e-1,2.78220685652127486e-1,0.00000000000000000e0
40,2,3,6.32812500000000000e-1,2.03622550067013158e-1,0.00000000000000000e0
41,2,3,6.48437500000000000e-1,1.37313012276976065e-1,0.00000000000000000e0
42,2,3,6.64062500000000000e-1,8.52126445533878119e-2,0.00000000000000000e0
43,2,3,6.79687500000000000e-1,4.86747212171196736e-2,0.00000000000000000e0
44,2,3,6.95312500000000000e-1,2.56210309395278578e-2,0.00000000000000000e0
45,2,3,7.10937500000000000e-1,1.24474935449199221e-2,0.00000000000000000e0
46,2,3,7.26562500000000000e-1,5.59187713086091616e-3,0.00000000000000000e0
47,2,3,7.42187500000000000e-1,2.32729788383931584e-3,0.00000000000000000e0
48,2,3,7.57812500000000000e-1,8.99044462949816063e-4,0.00000000000000000e0
49,2,3,7.73437500000000000e-1,3.22942242716399875e-4,0.00000000000000000e0
50,2,3,7.89062500000000000e-1,1.08046970084228606e-4,0.00000000000000000e0
51,2,3,8.04687500000000000e-1,3.37222893235798645e-5,0.00000000000000000e0
52,2,3,8.20312500000000000e-1,9.83221336472645553e-6,0.00000000000000000e0
53,2,3,8.35937500000000000e-1,2.68144232941556621e-6,0.00000000000000000e0
54,2,3,8.51562500000000000e-1,6.84798468905895006e-7,0.00000000000000000e0
55,2,3,8.67187500000000000e-1,1.63934853120689081e-7,0.00000000000000000e0
56,2,3,8.82812500000000000e-1,3.68193278397691322e-8,0.00000000000000000e0
57,2,3,8.98437500000000000e-1,7.76435063270116955e-9,0.00000000000000000e0
58,2,3,9.14062500000000000e-1,1.53828408832942460e-9,0.00000000000000000e0
59,2,3,9.29687500000000000e-1,2.86482349249388862e-10,0.00000000000000000e0
60,2,3,9.45312500000000000e-1,5.01728372801983295e-11,0.00000000000000000e0
61,2,3,9.60937500000000000e-1,8.26573170930738045e-12,0.00000000000000000e0
62,2,3,9.76562500000000000e-1,1.28121411415888578e-12,0.00000000000000000e0
63,2,3,9.92187500000000000e-1,1.86865735195526137e-13,0.00000000000000000e0
0,3,3,7.81250000000000000e-3,0.00000000000000000e0,0.00000000000000000e0
1,3,3,2.34375000000000000e-2,0.00000000000000000e0,0.00000000000000000e0
2,3,3,3.90625000000000000e-2,0.00000000000000000e0,0.00000000000000000e0
3,3,3,5.46875000000000000e-2,0.00000000000000000e0,0.00000000000000000e0
4,3,3,7.03125000000000000e-2,0.00000000000000000e0,0.00000000000000000e0
5,3,3,8.59375000000000000e-2,0.00000000000000000e0,0.00000000000000000e0
6,3,3,1.01562500000000000e-1,0.00000000000000000e0,0.00000000000000000e0
7,3,3,1.17187500000000000e-1,0.00000000000000000e0,0.00000000000000000e0
8,3,3,1.32812500000000000e-1,0.00000000000000000e0,0.00000000000000000e0
9,3,3,1.48437500000000000e-1,0.00000000000000000e0,0.00000000000000000e0
10,3,3,1.64062500000000000e-1,0.00000000000000000e0,0.00000000000000000e0
11,3,3,1.79687500000000000e-1,0.00000000000000000e0,0.00000000000000000e0
12,3,3,1.95312500000000000e-1,0.00000000000000000e0,0.00000000000000000e0
13,3,3,2.10937500000000000e-1,0.00000000000000000e0,0.00000000000000000e0
14,3,3,2.26562500000000000e-1,0.00000000000000000e0,0.00000000000000000e0
15,3,3,2.42187500000000000e-1,0.00000000000000000e0,0.00000000000000000e0
16,3,3,2.57812500000000000e-1,9.71595283185937167e-5,0.00000000000000000e0
17,3,3,2.73437500000000000e-1,9.85475215802874465e-4,0.00000000000000000e0
18,3,3,2.89062500000000000e-1,4.98289580948211176e-3,0.00000000000000000e0
19,3,3,3.04687500000000000e-1,1.67848042289159317e-2,0.00000000000000000e0
20,3,3,3.20312500000000000e-1,4.24961047141107218e-2,0.00000000000000000e0
21,3,3,3.35937500000000000e-1,8.65726198315867890e-2,0.00000000000000000e0
22,3,3,3.51562500000000000e-1,1.48489629163278125e-1,0.00000000000000000e0
23,3,3,3.67187500000000000e-1,2.21779150413033366e-1,0.00000000000000000e0
24,3,3,3.82812500000000000e-1,2.96377413113674715e-1,0.00000000000000000e0
25,3,3,3.98437500000000000e-1,3.62686979958686928e-1,0.00000000000000000e0
26,3,3,4.14062500000000000e-1,4.14787353908336931e-1,0.00000000000000000e0
27,3,3,4.29687500000000000e-1,4.51325278496400528e-1,0.00000000000000000e0
28,3,3,4.45312500000000000e-1,4.74378969010295692e-1,0.00000000000000000e0
29,3,3,4.60937500000000000e-1,4.87552506446805090e-1,0.00000000000000000e0
30,3,3,4.76562500000000000e-1,4.94408122867844024e-1,0.00000000000000000e0
31,3,3,4.92187500000000000e-1,4.97672702115956267e-1,0.00000000000000000e0
32,3,3,5.07812500000000000e-1,4.99003796008685718e-1,0.00000000000000000e0
33,3,3,5.23437500000000000e-1,4.98691582541456069e-1,0.00000000000000000e0
34,3,3,5.39062500000000000e-1,4.94909057220412008e-1,0.00000000000000000e0
35,3,3,5.54687500000000000e-1,4.83181473481741008e-1,0.00000000000000000e0
36,3,3,5.70312500000000000e-1,4.57494063072509172e-1,0.00000000000000000e0
37,3,3,5.85937500000000000e-1,4.13424698726074069e-1,0.00000000000000000e0
38,3,3,6.01562500000000000e-1,3.51509686038249725e-1,0.00000000000000000e0
39,3,3,6.17187500000000000e-1,2.78220685652115884e-1,0.00000000000000000e0
40,3,3,6.32812500000000000e-1,2.03622550067003028e-1,0.00000000000000000e0
41,3,3,6.48437500000000000e-1,1.37313012276968349e-1,0.00000000000000000e0
42,3,3,6.64062500000000000e-1,8.52126445533827465e-2,0.00000000000000000e0
43,3,3,6.79687500000000000e-1,4.86747212171167246e-2,0.00000000000000000e0
44,3,3,6.95312500000000000e-1,2.56210309395263520e-2,0.00000000000000000e0
45,3,3,7.10937500000000000e-1,1.24474935449192473e-2,0.00000000000000000e0
46,3,3,7.26562500000000000e-1,5.59187713086065335e-3,0.00000000000000000e0
47,3,3,7.42187500000000000e-1,2.32729788383922737e-3,0.00000000000000000e0
48,3,3,7.57812500000000000e-1,8.99044462949791451e-4,0.00000000000000000e0
49,3,3,7.73437500000000000e-1,3.22942242716394725e-4,0.00000000000000000e0
50,3,3,7.89062500000000000e-1,1.08046970084228037e-4,0.00000000000000000e0
51,3,3,8.04687500000000000e-1,3.37222893235799933e-5,0.00000000000000000e0
52,3,3,8.20312500000000000e-1,9.83221336472656904e-6,0.00000000000000000e0
53,3,3,8.35937500000000000e-1,2.68144232941561152e-6,0.00000000000000000e0
54,3,3,8.51562500000000000e-1,6.84798468905908982e-7,0.00000000000000000e0
55,3,3,8.67187500000000000e-1,1.63934853120692680e-7,0.00000000000000000e0
56,3,3,8.82812500000000000e-1,3.68193278397699660e-8,0.00000000000000000e0
57,3,3,8.98437500000000000e-1,7.76435063270134656e-9,0.00000000000000000e0
58,3,3,9.14062500000000000e-1,1.53828408832945810e-9,0.00000000000000000e0
59,3,3,9.29687500000000000e-1,2.86482349249394704e-10,0.00000000000000000e0
60,3,3,9.45312500000000000e-1,5.01728372801992665e-11,0.00000000000000000e0
61,3,3,9.60937500000000000e-1,8.26573170930751777e-12,0.00000000000000000e0
62,3,3,9.76562500000000000e-1,1.28121411415890436e-12,0.00000000000000000e0
63,3,3,9.92187500000000000e-1,1.86865735195528384e-13,0.00000000000000000e0
0,4,3,7.81250000000000000e-3,0.00000000000000000e0,0.00000000000000000e0
1,4,3,2.34375000000000000e-2,0.00000000000000000e0,0.00000000000000000e0
2,4,3,3.90625000000000000e-2,0.00000000000000000e0,0.00000000000000000e0
3,4,3,5.46875000000000000e-2,0.00000000000000000e0,0.00000000000000000e0
4,4,3,7.03125000000000000e-2,0.00000000000000000e0,0.00000000000000000e0
5,4,3,8.59375000000000000e-2,0.00000000000000000e0,0.00000000000000000e0
6,4,3,1.01562500000000000e-1,0.00000000000000000e0,0.00000000000000000e0
7,4,3,1.17187500000000000e-1,0.00000000000000000e0,0.00000000000000000e0
8,4,3,1.32812500000000000e-1,0.00000000000000000e0,0.00000000000000000e0
9,4,3,1.48437500000000000e-1,0.00000000000000000e0,0.00000000000000000e0
10,4,3,1.64062500000000000e-1,0.00000000000000000e0,0.00000000000000000e0
11,4,3,1.79687500000000000e-1,0.00000000000000000e0,0.00000000000000000e0
12,4,3,1.95312500000000000e-1,0.00000000000000000e0,0.00000000000000000e0
13,4,3,2.10937500000000000e-1,0.00000000000000000e0,0.00000000000000000e0
14,4,3,2.26562500000000000e-1,0.00000000000000000e0,0.00000000000000000e0
15,4,3,2.42187500000000000e-1,0.00000000000000000e0,0.00000000000000000e0
16,4,3,2.57812500000000000e-1,9.71595283185670454e-5,0.00000000000000000e0
17,4,3,2.73437500000000000e-1,9.85475215802602113e-4,0.00000000000000000e0
18,4,3,2.89062500000000000e-1,4.98289580948075520e-3,0.00000000000000000e0
19,4,3,3.04687500000000000e-1,1.67848042289115776e-2,0.00000000000000000e0
20,4,3,3.20312500000000000e-1,4.24961047141005147e-2,0.00000000000000000e0
21,4,3,3.35937500000000000e-1,8.65726198315683038e-2,0.00000000000000000e0
22,4,3,3.51562500000000000e-1,1.48489629163251147e-1,0.00000000000000000e0
23,4,3,3.67187500000000000e-1,2.21779150413001253e-1,0.00000000000000000e0
24,4,3,3.82812500000000000e-1,2.96377413113643906e-1,0.00000000000000000e0
25,4,3,3.98437500000000000e-1,3.62686979958664391e-1,0.00000000000000000e0
26,4,3,4.14062500000000000e-1,4.14787353908328882e-1,0.00000000000000000e0
27,4,3,4.29687500000000000e-1,4.51325278496411186e-1,0.00000000000000000e0
28,4,3,4.45312500000000000e-1,4.74378969010325890e-1,0.00000000000000000e0
29,4,3,4.60937500000000000e-1,4.87552506446852996e-1,0.00000000000000000e0
30,4,3,4.76562500000000000e-1,4.94408122867905531e-1,0.00000000000000000e0
31,4,3,4.92187500000000000e-1,4.97672702116026155e-1,0.00000000000000000e0
32,4,3,5.07812500000000000e-1,4.99003796008757772e-1,0.00000000000000000e0
33,4,3,5.23437500000000000e-1,4.98691582541523459e-1,0.00000000000000000e0
34,4,3,5.39062500000000000e-1,4.94909057220469184e-1,0.00000000000000000e0
35,4,3,5.54687500000000000e-1,4.83181473481784307e-1,0.00000000000000000e0
36,4,3,5.70312500000000000e-1,4.57494063072537149e-1,0.00000000000000000e0
37,4,3,5.85937500000000000e-1,4.13424698726088169e-1,0.00000000000000000e0
38,4,3,6.01562500000000000e-1,3.51509686038253333e-1,0.00000000000000000e0
39,4,3,6.17187500000000000e-1,2.78220685652113220e-1,0.00000000000000000e0
40,4,3,6.32812500000000000e-1,2.03622550066998004e-1,0.00000000000000000e0
41,4,3,6.48437500000000000e-1,1.37313012276963547e-1,0.00000000000000000e0
42,4,3,6.64062500000000000e-1,8.52126445533791521e-2,0.00000000000000000e0
43,4,3,6.79687500000000000e-1,4.86747212171145111e-2,0.00000000000000000e0
44,4,3,6.95312500000000000e-1,2.56210309395251655e-2,0.00000000000000000e0
45,4,3,7.10937500000000000e-1,1.24474935449186818e-2,0.00000000000000000e0
46,4,3,7.26562500000000000e-1,5.59187713086040702e-3,0.00000000000000000e0
47,4,3,7.42187500000000000e-1,2.32729788383912806e-3,0.00000000000000000e0
48,4,3,7.57812500000000000e-1,8.99044462949753287e-4,0.00000000000000000e0
49,4,3,7.73437500000000000e-1,3.22942242716380468e-4,0.00000000000000000e0
50,4,3,7.89062500000000000e-1,1.08046970084222927e-4,0.00000000000000000e0
51,4,3,8.04687500000000000e-1,3.37222893235782518e-5,0.00000000000000000e0
52,4,3,8.20312500000000000e-1,9.83221336472600830e-6,0.00000000000000000e0
53,4,3,8.35937500000000000e-1,2.68144232941544593e-6,0.00000000000000000e0
54,4,3,8.51562500000000000e-1,6.84798468905864301e-7,0.00000000000000000e0
55,4,3,8.67187500000000000e-1,1.63934853120681643e-7,0.00000000000000000e0
56,4,3,8.82812500000000000e-1,3.68193278397674712e-8,0.00000000000000000e0
57,4,3,8.98437500000000000e-1,7.76435063270082875e-9,0.00000000000000000e0
58,4,3,9.14062500000000000e-1,1.53828408832935966e-9,0.00000000000000000e0
59,4,3,9.29687500000000000e-1,2.86482349249377281e-10,0.00000000000000000e0
60,4,3,9.45312500000000000e-1,5.01728372801963778e-11,0.00000000000000000e0
61,4,3,9.60937500000000000e-1,8.26573170930707187e-12,0.00000000000000000e0
62,4,3,9.76562500000000000e-1,1.28121411415883974e-12,0.00000000000000000e0
63,4,3,9.92187500000000000e-1,1.86865735195519624e-13,0.00000000000000000e0
0,5,3,7.81250000000000000e-3,0.00000000000000000e0,0.00000000000000000e0
1,5,3,2.34375000000000000e-2,0.00000000000000000e0,0.00000000000000000e0
2,5,3,3.90625000000000000e-2,0.00000000000000000e0,0.00000000000000000e0
3,5,3,5.46875000000000000e-2,0.00000000000000000e0,0.00000000000000000e0
4,5,3,7.03125000000000000e-2,0.00000000000000000e0,0.00000000000000000e0
5,5,3,8.59375000000000000e-2,0.00000000000000000e0,0.00000000000000000e0
6,5,3,1.01562500000000000e-1,0.00000000000000000e0,0.00000000000000000e0
7,5,3,1.17187500000000000e-1,0.00000000000000000e0,0.00000000000000000e0
8,5,3,1.32812500000000000e-1,0.00000000000000000e0,0.00000000000000000e0
9,5,3,1.48437500000000000e-1,0.00000000000000000e0,0.00000000000000000e0
10,5,3,1.64062500000000000e-1,0.00000000000000000e0,0.00000000000000000e0
11,5,3,1.79687500000000000e-1,0.00000000000000000e0,0.00000000000000000e0
12,5,3,1.95312500000000000e-1,0.00000000000000000e0,0.00000000000000000e0
13,5,3,2.10937500000000000e-1,0.00000000000000000e0,0.00000000000000000e0
14,5,3,2.26562500000000000e-1,0.00000000000000000e0,0.00000000000000000e0
15,5,3,2.42187500000000000e-1,0.00000000000000000e0,0.00000000000000000e0
16,5,3,2.57812500000000000e-1,9.71595283185939336e-5,0.00000000000000000e0
17,5,3,2.73437500000000000e-1,9.85475215802874031e-4,0.00000000000000000e0
18,5,3,2.89062500000000000e-1,4.98289580948208313e-3,0.00000000000000000e0
19,5,3,3.04687500000000000e-1,1.67848042289157444e-2,0.00000000000000000e0
20,5,3,3.20312500000000000e-1,4.24961047141099585e-2,0.00000000000000000e0
21,5,3,3.35937500000000000e-1,8.65726198315845963e-2,0.00000000000000000e0
22,5,3,3.51562500000000000e-1,1.48489629163273185e-1,0.00000000000000000e0
23,5,3,3.67187500000000000e-1,2.21779150413024179e-1,0.00000000000000000e0
24,5,3,3.82812500000000000e-1,2.96377413113659727e-1,0.00000000000000000e0
25,5,3,3.98437500000000000e-1,3.62686979958664557e-1,0.00000000000000000e0
26,5,3,4.14062500000000000e-1,4.14787353908306289e-1,0.00000000000000000e0
27,5,3,4.29687500000000000e-1,4.51325278496361781e-1,0.00000000000000000e0
28,5,3,4.45312500000000000e-1,4.74378969010249285e-1,0.00000000000000000e0
29,5,3,4.60937500000000000e-1,4.87552506446752687e-1,0.00000000000000000e0
30,5,3,4.76562500000000000e-1,4.94408122867787625e-1,0.00000000000000000e0
31,5,3,4.92187500000000000e-1,4.97672702115898702e-1,0.00000000000000000e0
32,5,3,5.07812500000000000e-1,4.99003796008630096e-1,0.00000000000000000e0
33,5,3,5.23437500000000000e-1,4.98691582541404943e-1,0.00000000000000000e0
34,5,3,5.39062500000000000e-1,4.94909057220368542e-1,0.00000000000000000e0
35,5,3,5.54687500000000000e-1,4.83181473481707313e-1,0.00000000000000000e0
36,5,3,5.70312500000000000e-1,4.57494063072486135e-1,0.00000000000000000e0
37,5,3,5.85937500000000000e-1,4.13424698726061524e-1,0.00000000000000000e0
38,5,3,6.01562500000000000e-1,3.51509686038245450e-1,0.00000000000000000e0
39,5,3,6.17187500000000000e-1,2.78220685652117106e-1,0.00000000000000000e0
40,5,3,6.32812500000000000e-1,2.03622550067006858e-1,0.00000000000000000e0
41,5,3,6.48437500000000000e-1,1.37313012276972707e-1,0.00000000000000000e0
42,5,3,6.64062500000000000e-1,8.52126445533862437e-2,0.00000000000000000e0
43,5,3,6.79687500000000000e-1,4.86747212171190838e-2,0.00000000000000000e0
44,5,3,6.95312500000000000e-1,2.56210309395277017e-2,0.00000000000000000e0
45,5,3,7.10937500000000000e-1,1.24474935449199169e-2,0.00000000000000000e0
46,5,3,7.26562500000000000e-1,5.59187713086094218e-3,0.00000000000000000e0
47,5,3,7.42187500000000000e-1,2.32729788383933493e-3,0.00000000000000000e0
48,5,3,7.57812500000000000e-1,8.99044462949824953e-4,0.00000000000000000e0
49,5,3,7.73437500000000000e-1,3.22942242716403019e-4,0.00000000000000000e0
50,5,3,7.89062500000000000e-1,1.08046970084229433e-4,0.00000000000000000e0
51,5,3,8.04687500000000000e-1,3.37222893235800001e-5,0.00000000000000000e0
52,5,3,8.20312500000000000e-1,9.83221336472645214e-6,0.00000000000000000e0
53,5,3,8.35937500000000000e-1,2.68144232941555308e-6,0.00000000000000000e0
54,5,3,8.51562500000000000e-1,6.84798468905889183e-7,0.00000000000000000e0
55,5,3,8.67187500000000000e-1,1.63934853120687281e-7,0.00000000000000000e0
56,5,3,8.82812500000000000e-1,3.68193278397686756e-8,0.00000000000000000e0
57,5,3,8.98437500000000000e-1,7.76435063270107194e-9,0.00000000000000000e0
58,5,3,9.14062500000000000e-1,1.53828408832940557e-9,0.00000000000000000e0
59,5,3,9.29687500000000000e-1,2.86482349249385450e-10,0.00000000000000000e0
60,5,3,9.45312500000000000e-1,5.01728372801977543e-11,0.00000000000000000e0
61,5,3,9.60937500000000000e-1,8.26573170930729159e-12,0.00000000000000000e0
62,5,3,9.76562500000000000e-1,1.28121411415887265e-12,0.00000000000000000e0
63,5,3,9.92187500000000000e-1,1.86865735195524320e-13,0.00000000000000000e0
0,6,3,7.81250000000000000e-3,0.00000000000000000e0,0.00000000000000000e0
1,6,3,2.34375000000000000e-2,0.00000000000000000e0,0.00000000000000000e0
2,6,3,3.90625000000000000e-2,0.00000000000000000e0,0.00000000000000000e0
3,6,3,5.46875000000000000e-2,0.00000000000000000e0,0.00000000000000000e0
4,6,3,7.03125000000000000e-2,0.00000000000000000e0,0.00000000000000000e0
5,6,3,8.59375000000000000e-2,0.00000000000000000e0,0.00000000000000000e0
6,6,3,1.01562500000000000e-1,0.00000000000000000e0,0.00000000000000000e0
7,6,3,1.17187500000000000e-1,0.00000000000000000e0,0.00000000000000000e0
8,6,3,1.32812500000000000e-1,0.00000000000000000e0,0.00000000000000000e0
9,6,3,1.48437500000000000e-1,0.00000000000000000e0,0.00000000000000000e0
10,6,3,1.64062500000000000e-1,0.00000000000000000e0,0.00000000000000000e0
11,6,3,1.79687500000000000e-1,0.00000000000000000e0,0.00000000000000000e0
12,6,3,1.95312500000000000e-1,0.00000000000000000e0,0.00000000000000000e0
13,6,3,2.10937500000000000e-1,0.00000000000000000e0,0.00000000000000000e0
14,6,3,2.26562500000000000e-1,0.00000000000000000e0,0.00000000000000000e0
15,6,3,2.42187500000000000e-1,0.00000000000000000e0,0.00000000000000000e0
16,6,3,2.57812500000000000e-1,9.71595283185993681e-5,0.00000000000000000e0
17,6,3,2.73437500000000000e-1,9.85475215802943637e-4,0.00000000000000000e0
18,6,3,2.89062500000000000e-1,4.98289580948250987e-3,0.00000000000000000e0
19,6,3,3.04687500000000000e-1,1.67848042289174236e-2,0.00000000000000000e0
20,6,3,3.20312500000000000e-1,4.24961047141148157e-2,0.00000000000000000e0
21,6,3,3.35937500000000000e-1,8.65726198315955875e-2,0.00000000000000000e0
22,6,3,3.51562500000000000e-1,1.48489629163293752e-1,0.00000000000000000e0
23,6,3,3.67187500000000000e-1,2.21779150413056847e-1,0.00000000000000000e0
24,6,3,3.82812500000000000e-1,2.96377413113705190e-1,0.00000000000000000e0
25,6,3,3.98437500000000000e-1,3.62686979958721345e-1,0.00000000000000000e0
26,6,3,4.14062500000000000e-1,4.14787353908370848e-1,0.00000000000000000e0
27,6,3,4.29687500000000000e-1,4.51325278496429116e-1,0.00000000000000000e0
28,6,3,4.45312500000000000e-1,4.74378969010314178e-1,0.00000000000000000e0
29,6,3,4.60937500000000000e-1,4.87552506446810252e-1,0.00000000000000000e0
30,6,3,4.76562500000000000e-1,4.94408122867834476e-1,0.00000000000000000e0
31,6,3,4.92187500000000000e-1,4.97672702115933008e-1,0.00000000000000000e0
32,6,3,5.07812500000000000e-1,4.99003796008651190e-1,0.00000000000000000e0
33,6,3,5.23437500000000000e-1,4.98691582541413325e-1,0.00000000000000000e0
34,6,3,5.39062500000000000e-1,4.94909057220365378e-1,0.00000000000000000e0
35,6,3,5.54687500000000000e-1,4.83181473481694268e-1,0.00000000000000000e0
36,6,3,5.70312500000000000e-1,4.57494063072465706e-1,0.00000000000000000e0
37,6,3,5.85937500000000000e-1,4.13424698726037432e-1,0.00000000000000000e0
38,6,3,6.01562500000000000e-1,3.51509686038221636e-1,0.00000000000000000e0
39,6,3,6.17187500000000000e-1,2.78220685652096733e-1,0.00000000000000000e0
40,6,3,6.32812500000000000e-1,2.03622550066991537e-1,0.00000000000000000e0
41,6,3,6.48437500000000000e-1,1.37313012276962465e-1,0.00000000000000000e0
42,6,3,6.64062500000000000e-1,8.52126445533802346e-2,0.00000000000000000e0
43,6,3,6.79687500000000000e-1,4.86747212171158988e-2,0.00000000000000000e0
44,6,3,6.95312500000000000e-1,2.56210309395261994e-2,0.00000000000000000e0
45,6,3,7.10937500000000000e-1,1.24474935449192647e-2,0.00000000000000000e0
46,6,3,7.26562500000000000e-1,5.59187713086068110e-3,0.00000000000000000e0
47,6,3,7.42187500000000000e-1,2.32729788383923605e-3,0.00000000000000000e0
48,6,3,7.57812500000000000e-1,8.99044462949790150e-4,0.00000000000000000e0
49,6,3,7.73437500000000000e-1,3.22942242716391689e-4,0.00000000000000000e0
50,6,3,7.89062500000000000e-1,1.08046970084226031e-4,0.00000000000000000e0
51,6,3,8.04687500000000000e-1,3.37222893235790785e-5,0.00000000000000000e0
52,6,3,8.20312500000000000e-1,9.83221336472623361e-6,0.00000000000000000e0
53,6,3,8.35937500000000000e-1,2.68144232941550819e-6,0.00000000000000000e0
54,6,3,8.51562500000000000e-1,6.84798468905881030e-7,0.00000000000000000e0
55,6,3,8.67187500000000000e-1,1.63934853120686037e-7,0.00000000000000000e0
56,6,3,8.82812500000000000e-1,3.68193278397685102e-8,0.00000000000000000e0
57,6,3,8.98437500000000000e-1,7.76435063270105871e-9,0.00000000000000000e0
58,6,3,9.14062500000000000e-1,1.53828408832940557e-9,0.00000000000000000e0
59,6,3,9.29687500000000000e-1,2.86482349249385863e-10,0.00000000000000000e0
60,6,3,9.45312500000000000e-1,5.01728372801978642e-11,0.00000000000000000e0
61,6,3,9.60937500000000000e-1,8.26573170930730936e-12,0.00000000000000000e0
62,6,3,9.76562500000000000e-1,1.28121411415887508e-12,0.00000000000000000e0
63,6,3,9.92187500000000000e-1,1.86865735195524496e-13,0.00000000000000000e0
0,7,3,7.81250000000000000e-3,0.00000000000000000e0,0.00000000000000000e0
1,7,3,2.34375000000000000e-2,0.00000000000000000e0,0.00000000000000000e0
2,7,3,3.90625000000000000e-2,0.00000000000000000e0,0.00000000000000000e0
3,7,3,5.46875000000000000e-2,0.00000000000000000e0,0.00000000000000000e0
4,7,3,7.03125000000000000e-2,0.00000000000000000e0,0.00000000000000000e0
5,7,3,8.59375000000000000e-2,0.00000000000000000e0,0.00000000000000000e0
6,7,3,1.01562500000000000e-1,0.00000000000000000e0,0.00000000000000000e0
7,7,3,1.17187500000000000e-1,0.00000000000000000e0,0.00000000000000000e0
8,7,3,1.32812500000000000e-1,0.00000000000000000e0,0.00000000000000000e0
9,7,3,1.48437500000000000e-1,0.00000000000000000e0,0.00000000000000000e0
10,7,3,1.64062500000000000e-1,0.00000000000000000e0,0.00000000000000000e0
11,7,3,1.79687500000000000e-1,0.00000000000000000e0,0.00000000000000000e0
12,7,3,1.95312500000000000e-1,0.00000000000000000e0,0.00000000000000000e0
13,7,3,2.10937500000000000e-1,0.00000000000000000e0,0.00000000000000000e0
14,7,3,2.26562500000000000e-1,0.00000000000000000e0,0.00000000000000000e0
15,7,3,2.42187500000000000e-1,0.00000000000000000e0,0.00000000000000000e0
16,7,3,2.57812500000000000e-1,9.71595283185773046e-5,0.00000000000000000e0
17,7,3,2.73437500000000000e-1,9.85475215802714003e-4,0.00000000000000000e0
18,7,3,2.89062500000000000e-1,4.98289580948134674e-3,0.00000000000000000e0
19,7,3,3.04687500000000000e-1,1.67848042289135864e-2,0.00000000000000000e0
20,7,3,3.20312500000000000e-1,4.24961047141055523e-2,0.00000000000000000e0
21,7,3,3.35937500000000000e-1,8.65726198315781292e-2,0.00000000000000000e0
22,7,3,3.51562500000000000e-1,1.48489629163266967e-1,0.00000000000000000e0
23,7,3,3.67187500000000000e-1,2.21779150413022902e-1,0.00000000000000000e0
24,7,3,3.82812500000000000e-1,2.96377413113669774e-1,0.00000000000000000e0
25,7,3,3.98437500000000000e-1,3.62686979958691813e-1,0.00000000000000000e0
26,7,3,4.14062500000000000e-1,4.14787353908354917e-1,0.00000000000000000e0
27,7,3,4.29687500000000000e-1,4.51325278496433668e-1,0.00000000000000000e0
28,7,3,4.45312500000000000e-1,4.74378969010343654e-1,0.00000000000000000e0
29,7,3,4.60937500000000000e-1,4.87552506446866207e-1,0.00000000000000000e0
30,7,3,4.76562500000000000e-1,4.94408122867915689e-1,0.00000000000000000e0
31,7,3,4.92187500000000000e-1,4.97672702116035315e-1,0.00000000000000000e0
32,7,3,5.07812500000000000e-1,4.99003796008767930e-1,0.00000000000000000e0
33,7,3,5.23437500000000000e-1,4.98691582541537004e-1,0.00000000000000000e0
34,7,3,5.39062500000000000e-1,4.94909057220487225e-1,0.00000000000000000e0
35,7,3,5.54687500000000000e-1,4.83181473481806401e-1,0.00000000000000000e0
36,7,3,5.70312500000000000e-1,4.57494063072561574e-1,0.00000000000000000e0
37,7,3,5.85937500000000000e-1,4.13424698726112261e-1,0.00000000000000000e0
38,7,3,6.01562500000000000e-1,3.51509686038274427e-1,0.00000000000000000e0
39,7,3,6.17187500000000000e-1,2.78220685652129540e-1,0.00000000000000000e0
40,7,3,6.32812500000000000e-1,2.03622550067008912e-1,0.00000000000000000e0
41,7,3,6.48437500000000000e-1,1.37313012276969987e-1,0.00000000000000000e0
42,7,3,6.64062500000000000e-1,8.52126445533824550e-2,0.00000000000000000e0
43,7,3,6.79687500000000000e-1,4.86747212171158988e-2,0.00000000000000000e0
44,7,3,6.95312500000000000e-1,2.56210309395256096e-2,0.00000000000000000e0
45,7,3,7.10937500000000000e-1,1.24474935449187373e-2,0.00000000000000000e0
46,7,3,7.26562500000000000e-1,5.59187713086036105e-3,0.00000000000000000e0
47,7,3,7.42187500000000000e-1,2.32729788383908036e-3,0.00000000000000000e0
48,7,3,7.57812500000000000e-1,8.99044462949725315e-4,0.00000000000000000e0
49,7,3,7.73437500000000000e-1,3.22942242716367782e-4,0.00000000000000000e0
50,7,3,7.89062500000000000e-1,1.08046970084218116e-4,0.00000000000000000e0
51,7,3,8.04687500000000000e-1,3.37222893235766797e-5,0.00000000000000000e0
52,7,3,8.20312500000000000e-1,9.83221336472556276e-6,0.00000000000000000e0
53,7,3,8.35937500000000000e-1,2.68144232941533158e-6,0.00000000000000000e0
54,7,3,8.51562500000000000e-1,6.84798468905837937e-7,0.00000000000000000e0
55,7,3,8.67187500000000000e-1,1.63934853120676137e-7,0.00000000000000000e0
56,7,3,8.82812500000000000e-1,3.68193278397663992e-8,0.00000000000000000e0
57,7,3,8.98437500000000000e-1,7.76435063270063684e-9,0.00000000000000000e0
58,7,3,9.14062500000000000e-1,1.53828408832932719e-9,0.00000000000000000e0
59,7,3,9.29687500000000000e-1,2.86482349249372060e-10,0.00000000000000000e0
60,7,3,9.45312500000000000e-1,5.01728372801955959e-11,0.00000000000000000e0
61,7,3,9.60937500000000000e-1,8.26573170930695878e-12,0.00000000000000000e0
62,7,3,9.76562500000000000e-1,1.28121411415882358e-12,0.00000000000000000e0
63,7,3,9.92187500000000000e-1,1.86865735195517428e-13,0.00000000000000000e0
