step,layer,position,dual_length,mass,before0,before1,force0,force1,after0,after1
1,0,1.53846153846153855e-2,3.07692307692307709e-2,6.92307692307692346e-2,9.98832225799560547e-1,4.99416112899780273e-1,-3.40974647551774909e-2,-1.70487323775887455e-2,9.97902929782867432e-1,4.98951464891433716e-1
1,1,4.61538461538461564e-2,3.07692307692307709e-2,6.92307692307692346e-2,9.89506423473358154e-1,4.94753211736679077e-1,-3.37792877107858588e-2,-1.68896438553929294e-2,9.88585829734802246e-1,4.94292914867401123e-1
1,2,7.69230769230769273e-2,3.07692307692307709e-2,6.92307692307692346e-2,9.70941841602325439e-1,4.85470920801162720e-1,-3.31455487757921219e-2,-1.65727743878960609e-2,9.70038533210754395e-1,4.85019266605377197e-1
1,3,1.07692307692307698e-1,3.07692307692307709e-2,6.92307692307692346e-2,9.43311810493469238e-1,4.71655905246734619e-1,-3.22021320462226729e-2,-1.61010660231113364e-2,9.42434191703796387e-1,4.71217095851898193e-1
1,4,1.38461538461538469e-1,3.07692307692307709e-2,6.92307692307692346e-2,9.06874358654022217e-1,4.53437179327011108e-1,-3.09584084898233414e-2,-1.54792042449116707e-2,9.06030654907226562e-1,4.53015327453613281e-1
1,5,1.69230769230769240e-1,3.07692307692307709e-2,6.92307692307692346e-2,8.61969649791717529e-1,4.30984824895858765e-1,-2.94252745807170868e-2,-1.47126372903585434e-2,8.61167728900909424e-1,4.30583864450454712e-1
1,6,2.00000000000000011e-1,3.07692307692307709e-2,6.92307692307692346e-2,8.09017002582550049e-1,4.04508501291275024e-1,-2.76177674531936646e-2,-1.38088837265968323e-2,8.08264315128326416e-1,4.04132157564163208e-1
1,7,2.30769230769230782e-1,3.07692307692307709e-2,6.92307692307692346e-2,7.48510777950286865e-1,3.74255388975143433e-1,-2.55524497479200363e-2,-1.27762248739600182e-2,7.47814357280731201e-1,3.73907178640365601e-1
1,8,2.61538461538461553e-1,3.07692307692307709e-2,6.92307692307692346e-2,6.81015849113464355e-1,3.40507924556732178e-1,-2.32478454709052762e-2,-1.16239227354526381e-2,6.80382251739501953e-1,3.40191125869750977e-1
1,9,2.92307692307692324e-1,3.07692307692307709e-2,6.92307692307692346e-2,6.07162535190582275e-1,3.03581267595291138e-1,-2.07272730767726898e-2,-1.03636365383863449e-2,6.06597661972045898e-1,3.03298830986022949e-1
1,10,3.23076923076923095e-1,3.07692307692307709e-2,6.92307692307692346e-2,5.27640223503112793e-1,2.63820111751556396e-1,-1.80119806900620461e-2,-9.00599034503102303e-3,5.27149319648742676e-1,2.63574659824371338e-1
1,11,3.53846153846153866e-1,3.07692307692307709e-2,6.92307692307692346e-2,4.43191558122634888e-1,2.21595779061317444e-1,-1.51295363903045654e-2,-7.56476819515228271e-3,4.42779213190078735e-1,2.21389606595039368e-1
1,12,3.84615384615384637e-1,3.07692307692307709e-2,6.92307692307692346e-2,3.54604899883270264e-1,1.77302449941635132e-1,-1.21053289622068405e-2,-6.05266448110342026e-3,3.54274988174438477e-1,1.77137494087219238e-1
1,13,4.15384615384615408e-1,3.07692307692307709e-2,6.92307692307692346e-2,2.62707382440567017e-1,1.31353691220283508e-1,-8.96812509745359421e-3,-4.48406254872679710e-3,2.62462973594665527e-1,1.31231486797332764e-1
1,14,4.46153846153846179e-1,3.07692307692307709e-2,6.92307692307692346e-2,1.68357044458389282e-1,8.41785222291946411e-2,-5.74729079380631447e-3,-2.87364539690315723e-3,1.68200403451919556e-1,8.41002017259597778e-2
1,15,4.76923076923076950e-1,3.07692307692307709e-2,6.92307692307692346e-2,7.24347978830337524e-2,3.62173989415168762e-2,-2.47270963154733181e-3,-1.23635481577366590e-3,7.23674073815345764e-2,3.61837036907672882e-2
1,16,5.07692307692307665e-1,3.07692307692307709e-2,6.92307692307692346e-2,-2.41637453436851501e-2,-1.20818726718425751e-2,8.24890332296490669e-4,4.12445166148245335e-4,-2.41412632167339325e-2,-1.20706316083669662e-2
1,17,5.38461538461538547e-1,3.07692307692307709e-2,6.92307692307692346e-2,-1.20536677539348602e-1,-6.02683387696743011e-2,4.11480828188359737e-3,2.05740414094179869e-3,-1.20424531400203705e-1,-6.02122657001018524e-2
1,18,5.69230769230769207e-1,3.07692307692307709e-2,6.92307692307692346e-2,-2.15784192085266113e-1,-1.07892096042633057e-1,7.36626167781651020e-3,3.68313083890825510e-3,-2.15583428740501404e-1,-1.07791714370250702e-1
1,19,6.00000000000000089e-1,3.07692307692307709e-2,6.92307692307692346e-2,-3.09017002582550049e-1,-1.54508501291275024e-1,1.05490945279598236e-2,5.27454726397991180e-3,-3.08729499578475952e-1,-1.54364749789237976e-1
1,20,6.30769230769230749e-1,3.07692307692307709e-2,6.92307692307692346e-2,-3.99364590644836426e-1,-1.99682295322418213e-1,1.36333415284752846e-2,6.81667076423764229e-3,-3.98993045091629028e-1,-1.99496522545814514e-1
1,21,6.61538461538461631e-1,3.07692307692307709e-2,6.92307692307692346e-2,-4.85983401536941528e-1,-2.42991700768470764e-1,1.65900997817516327e-2,8.29504989087581635e-3,-4.85531270503997803e-1,-2.42765635251998901e-1
1,22,6.92307692307692291e-1,3.07692307692307709e-2,6.92307692307692346e-2,-5.68064749240875244e-1,-2.84032374620437622e-1,1.93923460319638252e-2,9.69617301598191261e-3,-5.67536234855651855e-1,-2.83768117427825928e-1
1,23,7.23076923076923173e-1,3.07692307692307709e-2,6.92307692307692346e-2,-6.44842207431793213e-1,-3.22421103715896606e-1,2.20132749527692795e-2,1.10066374763846397e-2,-6.44242286682128906e-1,-3.22121143341064453e-1
1,24,7.53846153846153832e-1,3.07692307692307709e-2,6.92307692307692346e-2,-7.15598940849304199e-1,-3.57799470424652100e-1,2.44285874068736752e-2,1.22142937034368376e-2,-7.14933156967163086e-1,-3.57466578483581543e-1
1,25,7.84615384615384714e-1,3.07692307692307709e-2,6.92307692307692346e-2,-7.79674351215362549e-1,-3.89837175607681274e-1,2.66161635518074036e-2,1.33080817759037018e-2,-7.78948962688446045e-1,-3.89474481344223022e-1
1,26,8.15384615384615374e-1,3.07692307692307709e-2,6.92307692307692346e-2,-8.36470127105712891e-1,-4.18235063552856445e-1,2.85548642277717590e-2,1.42774321138858795e-2,-8.35691928863525391e-1,-4.17845964431762695e-1
1,27,8.46153846153846256e-1,3.07692307692307709e-2,6.92307692307692346e-2,-8.85456025600433350e-1,-4.42728012800216675e-1,3.02272550761699677e-2,1.51136275380849838e-2,-8.84632229804992676e-1,-4.42316114902496338e-1
1,28,8.76923076923076916e-1,3.07692307692307709e-2,6.92307692307692346e-2,-9.26174640655517578e-1,-4.63087320327758789e-1,3.16172093152999739e-2,1.58086046576499870e-2,-9.25312936305999756e-1,-4.62656468152999878e-1
1,29,9.07692307692307798e-1,3.07692307692307709e-2,6.92307692307692346e-2,-9.58245813846588135e-1,-4.79122906923294067e-1,3.27118691056966782e-2,1.63559345528483391e-2,-9.57354307174682617e-1,-4.78677153587341309e-1
1,30,9.38461538461538458e-1,3.07692307692307709e-2,6.92307692307692346e-2,-9.81370151042938232e-1,-4.90685075521469116e-1,3.35016455501317909e-2,1.67508227750658954e-2,-9.80457127094268799e-1,-4.90228563547134399e-1
1,31,9.69230769230769340e-1,4.61538461538461009e-2,1.03846153846153727e-1,-9.95331645011901855e-1,-4.97665822505950928e-1,5.10467123240232398e-2,2.55233561620116199e-2,-9.94404196739196777e-1,-4.97202098369598389e-1
2,0,1.53846153846153855e-2,3.07692307692307709e-2,6.92307692307692346e-2,9.97902929782867432e-1,4.98951464891433716e-1,-3.40656470507383277e-2,-1.70328235253691639e-2,9.96974527835845947e-1,4.98487263917922974e-1
2,1,4.61538461538461564e-2,3.07692307692307709e-2,6.92307692307692346e-2,9.88585829734802246e-1,4.94292914867401123e-1,-3.37479058653116157e-2,-1.68739529326558078e-2,9.87666070461273193e-1,4.93833035230636597e-1
2,2,7.69230769230769273e-2,3.07692307692307709e-2,6.92307692307692346e-2,9.70038533210754395e-1,4.85019266605377197e-1,-3.31148207187652588e-2,-1.65574103593826294e-2,9.69136059284210205e-1,4.84568029642105103e-1
2,3,1.07692307692307698e-1,3.07692307692307709e-2,6.92307692307692346e-2,9.42434191703796387e-1,4.71217095851898193e-1,-3.21720577776431899e-2,-1.60860288888215949e-2,9.41557407379150391e-1,4.70778703689575195e-1
2,4,1.38461538461538469e-1,3.07692307692307709e-2,6.92307692307692346e-2,9.06030654907226562e-1,4.53015327453613281e-1,-3.09296417981386185e-2,-1.54648208990693092e-2,9.05187726020812988e-1,4.52593863010406494e-1
2,5,1.69230769230769240e-1,3.07692307692307709e-2,6.92307692307692346e-2,8.61167728900909424e-1,4.30583864450454712e-1,-2.93980333954095840e-2,-1.46990166977047920e-2,8.60366523265838623e-1,4.30183261632919312e-1
2,6,2.00000000000000011e-1,3.07692307692307709e-2,6.92307692307692346e-2,8.08264315128326416e-1,4.04132157564163208e-1,-2.75920517742633820e-2,-1.37960258871316910e-2,8.07512342929840088e-1,4.03756171464920044e-1
2,7,2.30769230769230782e-1,3.07692307692307709e-2,6.92307692307692346e-2,7.47814357280731201e-1,3.73907178640365601e-1,-2.55284775048494339e-2,-1.27642387524247169e-2,7.47118592262268066e-1,3.73559296131134033e-1
2,8,2.61538461538461553e-1,3.07692307692307709e-2,6.92307692307692346e-2,6.80382251739501953e-1,3.40191125869750977e-1,-2.32262704521417340e-2,-1.16131352260708670e-2,6.79749250411987305e-1,3.39874625205993652e-1
2,9,2.92307692307692324e-1,3.07692307692307709e-2,6.92307692307692346e-2,6.06597661972045898e-1,3.03298830986022949e-1,-2.07080952823162079e-2,-1.03540476411581039e-2,6.06033265590667725e-1,3.03016632795333862e-1
2,10,3.23076923076923095e-1,3.07692307692307709e-2,6.92307692307692346e-2,5.27149319648742676e-1,2.63574659824371338e-1,-1.79952001199126244e-2,-8.99760005995631218e-3,5.26658892631530762e-1,2.63329446315765381e-1
2,11,3.53846153846153866e-1,3.07692307692307709e-2,6.92307692307692346e-2,4.42779213190078735e-1,2.21389606595039368e-1,-1.51153709739446640e-2,-7.55768548697233200e-3,4.42367255687713623e-1,2.21183627843856812e-1
2,12,3.84615384615384637e-1,3.07692307692307709e-2,6.92307692307692346e-2,3.54274988174438477e-1,1.77137494087219238e-1,-1.20941055938601494e-2,-6.04705279693007469e-3,3.53945374488830566e-1,1.76972687244415283e-1
2,13,4.15384615384615408e-1,3.07692307692307709e-2,6.92307692307692346e-2,2.62462973594665527e-1,1.31231486797332764e-1,-8.95984377712011337e-3,-4.47992188856005669e-3,2.62218773365020752e-1,1.31109386682510376e-1
2,14,4.46153846153846179e-1,3.07692307692307709e-2,6.92307692307692346e-2,1.68200403451919556e-1,8.41002017259597778e-2,-5.74186979793012142e-3,-2.87093489896506071e-3,1.68043911457061768e-1,8.40219557285308838e-2
2,15,4.76923076923076950e-1,3.07692307692307709e-2,6.92307692307692346e-2,7.23674073815345764e-2,3.61837036907672882e-2,-2.47043499257415533e-3,-1.23521749628707767e-3,7.23000764846801758e-2,3.61500382423400879e-2
2,16,5.07692307692307665e-1,3.07692307692307709e-2,6.92307692307692346e-2,-2.41412632167339325e-2,-1.20706316083669662e-2,8.24127579107880592e-4,4.12063789553940296e-4,-2.41188034415245056e-2,-1.20594017207622528e-2
2,17,5.38461538461538547e-1,3.07692307692307709e-2,6.92307692307692346e-2,-1.20424531400203705e-1,-6.02122657001018524e-2,4.11098089534789324e-3,2.05549044767394662e-3,-1.20312489569187164e-1,-6.01562447845935822e-2
2,18,5.69230769230769207e-1,3.07692307692307709e-2,6.92307692307692346e-2,-2.15583428740501404e-1,-1.07791714370250702e-1,7.35939689911901951e-3,3.67969844955950975e-3,-2.15382859110832214e-1,-1.07691429555416107e-1
2,19,6.00000000000000089e-1,3.07692307692307709e-2,6.92307692307692346e-2,-3.08729499578475952e-1,-1.54364749789237976e-1,1.05392332188785076e-2,5.26961660943925381e-3,-3.08442264795303345e-1,-1.54221132397651672e-1
2,20,6.30769230769230749e-1,3.07692307692307709e-2,6.92307692307692346e-2,-3.98993045091629028e-1,-1.99496522545814514e-1,1.36207016184926033e-2,6.81035080924630165e-3,-3.98621827363967896e-1,-1.99310913681983948e-1
2,21,6.61538461538461631e-1,3.07692307692307709e-2,6.92307692307692346e-2,-4.85531270503997803e-1,-2.42765635251998901e-1,1.65747357532382011e-2,8.28736787661910057e-3,-4.85079556703567505e-1,-2.42539778351783752e-1
2,22,6.92307692307692291e-1,3.07692307692307709e-2,6.92307692307692346e-2,-5.67536234855651855e-1,-2.83768117427825928e-1,1.93741489201784134e-2,9.68707446008920670e-3,-5.67008197307586670e-1,-2.83504098653793335e-1
2,23,7.23076923076923173e-1,3.07692307692307709e-2,6.92307692307692346e-2,-6.44242286682128906e-1,-3.22121143341064453e-1,2.19930075109004974e-2,1.09965037554502487e-2,-6.43642902374267578e-1,-3.21821451187133789e-1
2,24,7.53846153846153832e-1,3.07692307692307709e-2,6.92307692307692346e-2,-7.14933156967163086e-1,-3.57466578483581543e-1,2.44057048112153729e-2,1.22028524056076865e-2,-7.14268028736114502e-1,-3.57134014368057251e-1
2,25,7.84615384615384714e-1,3.07692307692307709e-2,6.92307692307692346e-2,-7.78948962688446045e-1,-3.89474481344223022e-1,2.65913195908069611e-2,1.32956597954034805e-2,-7.78224229812622070e-1,-3.89112114906311035e-1
2,26,8.15384615384615374e-1,3.07692307692307709e-2,6.92307692307692346e-2,-8.35691928863525391e-1,-4.17845964431762695e-1,2.85284947603940964e-2,1.42642473801970482e-2,-8.34914445877075195e-1,-4.17457222938537598e-1
2,27,8.46153846153846256e-1,3.07692307692307709e-2,6.92307692307692346e-2,-8.84632229804992676e-1,-4.42316114902496338e-1,3.01991421729326248e-2,1.50995710864663124e-2,-8.83809208869934082e-1,-4.41904604434967041e-1
2,28,8.76923076923076916e-1,3.07692307692307709e-2,6.92307692307692346e-2,-9.25312936305999756e-1,-4.62656468152999878e-1,3.15875709056854109e-2,1.57937854528427055e-2,-9.24452066421508789e-1,-4.62226033210754395e-1
2,29,9.07692307692307798e-1,3.07692307692307709e-2,6.92307692307692346e-2,-9.57354307174682617e-1,-4.78677153587341309e-1,3.26815769076347351e-2,1.63407884538173676e-2,-9.56463634967803955e-1,-4.78231817483901978e-1
2,30,9.38461538461538458e-1,3.07692307692307709e-2,6.92307692307692346e-2,-9.80457127094268799e-1,-4.90228563547134399e-1,3.34757119417190482e-2,1.67378559708595241e-2,-9.79544818401336670e-1,-4.89772409200668335e-1
2,31,9.69230769230769340e-1,4.61538461538461009e-2,1.03846153846153727e-1,-9.94404196739196777e-1,-4.97202098369598389e-1,5.09939733892679145e-2,2.54969866946339573e-2,-9.93477702140808105e-1,-4.96738851070404053e-1
3,0,1.53846153846153855e-2,3.07692307692307709e-2,6.92307692307692346e-2,9.96974527835845947e-1,4.98487263917922974e-1,-3.40340472757816245e-2,-1.70170236378908123e-2,9.96046960353851318e-1,4.98023480176925659e-1
3,1,4.61538461538461564e-2,3.07692307692307709e-2,6.92307692307692346e-2,9.87666070461273193e-1,4.93833035230636597e-1,-3.37163060903549125e-2,-1.68581530451774562e-2,9.86747205257415771e-1,4.93373602628707886e-1
3,2,7.69230769230769273e-2,3.07692307692307709e-2,6.92307692307692346e-2,9.69136059284210205e-1,4.84568029642105103e-1,-3.30840926617383957e-2,-1.65420463308691978e-2,9.68234419822692871e-1,4.84117209911346436e-1
3,3,1.07692307692307698e-1,3.07692307692307709e-2,6.92307692307692346e-2,9.41557407379150391e-1,4.70778703689575195e-1,-3.21422014385461668e-2,-1.60711007192730834e-2,9.40681397914886475e-1,4.70340698957443237e-1
3,4,1.38461538461538469e-1,3.07692307692307709e-2,6.92307692307692346e-2,9.05187726020812988e-1,4.52593863010406494e-1,-3.09008751064538956e-2,-1.54504375532269478e-2,9.04345571994781494e-1,4.52172785997390747e-1
3,5,1.69230769230769240e-1,3.07692307692307709e-2,6.92307692307692346e-2,8.60366523265838623e-1,4.30183261632919312e-1,-2.93705742806196213e-2,-1.46852871403098106e-2,8.59566092491149902e-1,4.29783046245574951e-1
3,6,2.00000000000000011e-1,3.07692307692307709e-2,6.92307692307692346e-2,8.07512342929840088e-1,4.03756171464920044e-1,-2.75665540248155594e-2,-1.37832770124077797e-2,8.06761026382446289e-1,4.03380513191223145e-1
3,7,2.30769230769230782e-1,3.07692307692307709e-2,6.92307692307692346e-2,7.47118592262268066e-1,3.73559296131134033e-1,-2.55045052617788315e-2,-1.27522526308894157e-2,7.46423482894897461e-1,3.73211741447448730e-1
3,8,2.61538461538461553e-1,3.07692307692307709e-2,6.92307692307692346e-2,6.79749250411987305e-1,3.39874625205993652e-1,-2.32049133628606519e-2,-1.16024566814303259e-2,6.79116845130920410e-1,3.39558422565460205e-1
3,9,2.92307692307692324e-1,3.07692307692307709e-2,6.92307692307692346e-2,6.06033265590667725e-1,3.03016632795333862e-1,-2.06884816288948059e-2,-1.03442408144474030e-2,6.05469405651092529e-1,3.02734702825546265e-1
3,10,3.23076923076923095e-1,3.07692307692307709e-2,6.92307692307692346e-2,5.26658892631530762e-1,2.63329446315765381e-1,-1.79787464439868927e-2,-8.98937322199344635e-3,5.26168882846832275e-1,2.63084441423416138e-1
3,11,3.53846153846153866e-1,3.07692307692307709e-2,6.92307692307692346e-2,4.42367255687713623e-1,2.21183627843856812e-1,-1.51012055575847626e-2,-7.55060277879238129e-3,4.41955685615539551e-1,2.20977842807769775e-1
3,12,3.84615384615384637e-1,3.07692307692307709e-2,6.92307692307692346e-2,3.53945374488830566e-1,1.76972687244415283e-1,-1.20828822255134583e-2,-6.04144111275672913e-3,3.53616058826446533e-1,1.76808029413223267e-1
3,13,4.15384615384615408e-1,3.07692307692307709e-2,6.92307692307692346e-2,2.62218773365020752e-1,1.31109386682510376e-1,-8.95145349204540253e-3,-4.47572674602270126e-3,2.61974811553955078e-1,1.30987405776977539e-1
3,14,4.46153846153846179e-1,3.07692307692307709e-2,6.92307692307692346e-2,1.68043911457061768e-1,8.40219557285308838e-2,-5.73655776679515839e-3,-2.86827888339757919e-3,1.67887568473815918e-1,8.39437842369079590e-2
3,15,4.76923076923076950e-1,3.07692307692307709e-2,6.92307692307692346e-2,7.23000764846801758e-2,3.61500382423400879e-2,-2.46813311241567135e-3,-1.23406655620783567e-3,7.22328126430511475e-2,3.61164063215255737e-2
3,16,5.07692307692307665e-1,3.07692307692307709e-2,6.92307692307692346e-2,-2.41188034415245056e-2,-1.20594017207622528e-2,8.23364825919270515e-4,4.11682412959635258e-4,-2.40963641554117203e-2,-1.20481820777058601e-2
3,17,5.38461538461538547e-1,3.07692307692307709e-2,6.92307692307692346e-2,-1.20312489569187164e-1,-6.01562447845935822e-2,4.10712626762688160e-3,2.05356313381344080e-3,-1.20200552046298981e-1,-6.01002760231494904e-2
3,18,5.69230769230769207e-1,3.07692307692307709e-2,6.92307692307692346e-2,-2.15382859110832214e-1,-1.07691429555416107e-1,7.35258660279214382e-3,3.67629330139607191e-3,-2.15182468295097351e-1,-1.07591234147548676e-1
3,19,6.00000000000000089e-1,3.07692307692307709e-2,6.92307692307692346e-2,-3.08442264795303345e-1,-1.54221132397651672e-1,1.05294263921678066e-2,5.26471319608390331e-3,-3.08155298233032227e-1,-1.54077649116516113e-1
3,20,6.30769230769230749e-1,3.07692307692307709e-2,6.92307692307692346e-2,-3.98621827363967896e-1,-1.99310913681983948e-1,1.36079527437686920e-2,6.80397637188434601e-3,-3.98250967264175415e-1,-1.99125483632087708e-1
3,21,6.61538461538461631e-1,3.07692307692307709e-2,6.92307692307692346e-2,-4.85079556703567505e-1,-2.42539778351783752e-1,1.65594806894659996e-2,8.27974034473299980e-3,-4.84628260135650635e-1,-2.42314130067825317e-1
3,22,6.92307692307692291e-1,3.07692307692307709e-2,6.92307692307692346e-2,-5.67008197307586670e-1,-2.83504098653793335e-1,1.93559518083930016e-2,9.67797590419650078e-3,-5.66480696201324463e-1,-2.83240348100662231e-1
3,23,7.23076923076923173e-1,3.07692307692307709e-2,6.92307692307692346e-2,-6.43642902374267578e-1,-3.21821451187133789e-1,2.19725221395492554e-2,1.09862610697746277e-2,-6.43044054508209229e-1,-3.21522027254104614e-1
3,24,7.53846153846153832e-1,3.07692307692307709e-2,6.92307692307692346e-2,-7.14268028736114502e-1,-3.57134014368057251e-1,2.43832580745219907e-2,1.21916290372609953e-2,-7.13603496551513672e-1,-3.56801748275756836e-1
3,25,7.84615384615384714e-1,3.07692307692307709e-2,6.92307692307692346e-2,-7.78224229812622070e-1,-3.89112114906311035e-1,2.65662577003240585e-2,1.32831288501620293e-2,-7.77500212192535400e-1,-3.88750106096267700e-1
3,26,8.15384615384615374e-1,3.07692307692307709e-2,6.92307692307692346e-2,-8.34914445877075195e-1,-4.17457222938537598e-1,2.85021252930164337e-2,1.42510626465082169e-2,-8.34137678146362305e-1,-4.17068839073181152e-1
3,27,8.46153846153846256e-1,3.07692307692307709e-2,6.92307692307692346e-2,-8.83809208869934082e-1,-4.41904604434967041e-1,3.01710292696952820e-2,1.50855146348476410e-2,-8.82986962795257568e-1,-4.41493481397628784e-1
3,28,8.76923076923076916e-1,3.07692307692307709e-2,6.92307692307692346e-2,-9.24452066421508789e-1,-4.62226033210754395e-1,3.15581504255533080e-2,1.57790752127766540e-2,-9.23591971397399902e-1,-4.61795985698699951e-1
3,29,9.07692307692307798e-1,3.07692307692307709e-2,6.92307692307692346e-2,-9.56463634967803955e-1,-4.78231817483901978e-1,3.26517205685377121e-2,1.63258602842688560e-2,-9.55573737621307373e-1,-4.77786868810653687e-1
3,30,9.38461538461538458e-1,3.07692307692307709e-2,6.92307692307692346e-2,-9.79544818401336670e-1,-4.89772409200668335e-1,3.34484707564115455e-2,1.67242353782057727e-2,-9.78633224964141846e-1,-4.89316612482070923e-1
3,31,9.69230769230769340e-1,4.61538461538461009e-2,1.03846153846153727e-1,-9.93477702140808105e-1,-4.96738851070404053e-1,5.09421061724424293e-2,2.54710530862212146e-2,-9.92552101612091064e-1,-4.96276050806045532e-1
4,0,1.53846153846153855e-2,3.07692307692307709e-2,6.92307692307692346e-2,9.96046960353851318e-1,4.98023480176925659e-1,-3.40022295713424613e-2,-1.70011147856712307e-2,9.95120286941528320e-1,4.97560143470764160e-1
4,1,4.61538461538461564e-2,3.07692307692307709e-2,6.92307692307692346e-2,9.86747205257415771e-1,4.93373602628707886e-1,-3.36851421743631294e-2,-1.68425710871815647e-2,9.85829174518585205e-1,4.92914587259292603e-1
4,2,7.69230769230769273e-2,3.07692307692307709e-2,6.92307692307692346e-2,9.68234419822692871e-1,4.84117209911346436e-1,-3.30533646047115326e-2,-1.65266823023557663e-2,9.67333614826202393e-1,4.83666807413101196e-1
4,3,1.07692307692307698e-1,3.07692307692307709e-2,6.92307692307692346e-2,9.40681397914886475e-1,4.70340698957443237e-1,-3.21121271699666838e-2,-1.60560635849833419e-2,9.39806222915649414e-1,4.69903111457824707e-1
4,4,1.38461538461538469e-1,3.07692307692307709e-2,6.92307692307692346e-2,9.04345571994781494e-1,4.52172785997390747e-1,-3.08721084147691727e-2,-1.54360542073845863e-2,9.03504192829132080e-1,4.51752096414566040e-1
4,5,1.69230769230769240e-1,3.07692307692307709e-2,6.92307692307692346e-2,8.59566092491149902e-1,4.29783046245574951e-1,-2.93435510247945786e-2,-1.46717755123972893e-2,8.58766376972198486e-1,4.29383188486099243e-1
4,6,2.00000000000000011e-1,3.07692307692307709e-2,6.92307692307692346e-2,8.06761026382446289e-1,4.03380513191223145e-1,-2.75406204164028168e-2,-1.37703102082014084e-2,8.06010425090789795e-1,4.03005212545394897e-1
4,7,2.30769230769230782e-1,3.07692307692307709e-2,6.92307692307692346e-2,7.46423482894897461e-1,3.73211741447448730e-1,-2.54807509481906891e-2,-1.27403754740953445e-2,7.45729029178619385e-1,3.72864514589309692e-1
4,8,2.61538461538461553e-1,3.07692307692307709e-2,6.92307692307692346e-2,6.79116845130920410e-1,3.39558422565460205e-1,-2.31835562735795697e-2,-1.15917781367897849e-2,6.78485035896301270e-1,3.39242517948150635e-1
4,9,2.92307692307692324e-1,3.07692307692307709e-2,6.92307692307692346e-2,6.05469405651092529e-1,3.02734702825546265e-1,-2.06690859049558640e-2,-1.03345429524779320e-2,6.04906082153320312e-1,3.02453041076660156e-1
4,10,3.23076923076923095e-1,3.07692307692307709e-2,6.92307692307692346e-2,5.26168882846832275e-1,2.63084441423416138e-1,-1.79619658738374710e-2,-8.98098293691873550e-3,5.25679349899291992e-1,2.62839674949645996e-1
4,11,3.53846153846153866e-1,3.07692307692307709e-2,6.92307692307692346e-2,4.41955685615539551e-1,2.20977842807769775e-1,-1.50872580707073212e-2,-7.54362903535366058e-3,4.41544502973556519e-1,2.20772251486778259e-1
4,12,3.84615384615384637e-1,3.07692307692307709e-2,6.92307692307692346e-2,3.53616058826446533e-1,1.76808029413223267e-1,-1.20715498924255371e-2,-6.03577494621276855e-3,3.53287070989608765e-1,1.76643535494804382e-1
4,13,4.15384615384615408e-1,3.07692307692307709e-2,6.92307692307692346e-2,2.61974811553955078e-1,1.30987405776977539e-1,-8.94317217171192169e-3,-4.47158608585596085e-3,2.61731088161468506e-1,1.30865544080734253e-1
4,14,4.46153846153846179e-1,3.07692307692307709e-2,6.92307692307692346e-2,1.67887568473815918e-1,8.39437842369079590e-2,-5.73121849447488785e-3,-2.86560924723744392e-3,1.67731374502182007e-1,8.38656872510910034e-2
4,15,4.76923076923076950e-1,3.07692307692307709e-2,6.92307692307692346e-2,7.22328126430511475e-2,3.61164063215255737e-2,-2.46585166314616799e-3,-1.23292583157308400e-3,7.21656084060668945e-2,3.60828042030334473e-2
4,16,5.07692307692307665e-1,3.07692307692307709e-2,6.92307692307692346e-2,-2.40963641554117203e-2,-1.20481820777058601e-2,8.22615693323314190e-4,4.11307846661657095e-4,-2.40739453583955765e-2,-1.20369726791977882e-2
4,17,5.38461538461538547e-1,3.07692307692307709e-2,6.92307692307692346e-2,-1.20200552046298981e-1,-6.01002760231494904e-2,4.10330569138750434e-3,2.05165284569375217e-3,-1.20088718831539154e-1,-6.00443594157695770e-2
4,18,5.69230769230769207e-1,3.07692307692307709e-2,6.92307692307692346e-2,-2.15182468295097351e-1,-1.07591234147548676e-1,7.34572182409465313e-3,3.67286091204732656e-3,-2.14982271194458008e-1,-1.07491135597229004e-1
4,19,6.00000000000000089e-1,3.07692307692307709e-2,6.92307692307692346e-2,-3.08155298233032227e-1,-1.54077649116516113e-1,1.05196195654571056e-2,5.25980978272855282e-3,-3.07868599891662598e-1,-1.53934299945831299e-1
4,20,6.30769230769230749e-1,3.07692307692307709e-2,6.92307692307692346e-2,-3.98250967264175415e-1,-1.99125483632087708e-1,1.35953128337860107e-2,6.79765641689300537e-3,-3.97880434989929199e-1,-1.98940217494964600e-1
4,21,6.61538461538461631e-1,3.07692307692307709e-2,6.92307692307692346e-2,-4.84628260135650635e-1,-2.42314130067825317e-1,1.65440076962113380e-2,8.27200384810566902e-3,-4.84177380800247192e-1,-2.42088690400123596e-1
4,22,6.92307692307692291e-1,3.07692307692307709e-2,6.92307692307692346e-2,-5.66480696201324463e-1,-2.83240348100662231e-1,1.93381905555725098e-2,9.66909527778625488e-3,-5.65953671932220459e-1,-2.82976835966110229e-1
4,23,7.23076923076923173e-1,3.07692307692307709e-2,6.92307692307692346e-2,-6.43044054508209229e-1,-3.21522027254104614e-1,2.19518188387155533e-2,1.09759094193577766e-2,-6.42445802688598633e-1,-3.21222901344299316e-1
4,24,7.53846153846153832e-1,3.07692307692307709e-2,6.92307692307692346e-2,-7.13603496551513672e-1,-3.56801748275756836e-1,2.43605934083461484e-2,1.21802967041730742e-2,-7.12939560413360596e-1,-3.56469780206680298e-1
4,25,7.84615384615384714e-1,3.07692307692307709e-2,6.92307692307692346e-2,-7.77500212192535400e-1,-3.88750106096267700e-1,2.65416316688060760e-2,1.32708158344030380e-2,-7.76776850223541260e-1,-3.88388425111770630e-1
4,26,8.15384615384615374e-1,3.07692307692307709e-2,6.92307692307692346e-2,-8.34137678146362305e-1,-4.17068839073181152e-1,2.84755378961563110e-2,1.42377689480781555e-2,-8.33361625671386719e-1,-4.16680812835693359e-1
4,27,8.46153846153846256e-1,3.07692307692307709e-2,6.92307692307692346e-2,-8.82986962795257568e-1,-4.41493481397628784e-1,3.01431342959403992e-2,1.50715671479701996e-2,-8.82165431976318359e-1,-4.41082715988159180e-1
4,28,8.76923076923076916e-1,3.07692307692307709e-2,6.92307692307692346e-2,-9.23591971397399902e-1,-4.61795985698699951e-1,3.15287299454212050e-2,1.57643649727106025e-2,-9.22732710838317871e-1,-4.61366355419158936e-1
4,29,9.07692307692307798e-1,3.07692307692307709e-2,6.92307692307692346e-2,-9.55573737621307373e-1,-4.77786868810653687e-1,3.26220821589231491e-2,1.63110410794615746e-2,-9.54684674739837646e-1,-4.77342337369918823e-1
4,30,9.38461538461538458e-1,3.07692307692307709e-2,6.92307692307692346e-2,-9.78633224964141846e-1,-4.89316612482070923e-1,3.34203578531742027e-2,1.67101789265871013e-2,-9.77722406387329102e-1,-4.88861203193664551e-1
4,31,9.69230769230769340e-1,4.61538461538461009e-2,1.03846153846153727e-1,-9.92552101612091064e-1,-4.96276050806045532e-1,5.08908927440643241e-2,2.54454463720321621e-2,-9.91627454757690430e-1,-4.95813727378845215e-1
5,0,1.53846153846153855e-2,3.07692307692307709e-2,6.92307692307692346e-2,9.95120286941528320e-1,4.97560143470764160e-1,-3.39706297963857581e-2,-1.69853148981928791e-2,9.94194447994232178e-1,4.97097223997116089e-1
5,1,4.61538461538461564e-2,3.07692307692307709e-2,6.92307692307692346e-2,9.85829174518585205e-1,4.92914587259292603e-1,-3.36537603288888862e-2,-1.68268801644444431e-2,9.84911978244781494e-1,4.92455989122390747e-1
5,2,7.69230769230769273e-2,3.07692307692307709e-2,6.92307692307692346e-2,9.67333614826202393e-1,4.83666807413101196e-1,-3.30226365476846695e-2,-1.65113182738423347e-2,9.66433644294738770e-1,4.83216822147369385e-1
5,3,1.07692307692307698e-1,3.07692307692307709e-2,6.92307692307692346e-2,9.39806222915649414e-1,4.69903111457824707e-1,-3.20822708308696608e-2,-1.60411354154348304e-2,9.38931882381439209e-1,4.69465941190719604e-1
5,4,1.38461538461538469e-1,3.07692307692307709e-2,6.92307692307692346e-2,9.03504192829132080e-1,4.51752096414566040e-1,-3.08433417230844498e-2,-1.54216708615422249e-2,9.02663588523864746e-1,4.51331794261932373e-1
5,5,1.69230769230769240e-1,3.07692307692307709e-2,6.92307692307692346e-2,8.58766376972198486e-1,4.29383188486099243e-1,-2.93163098394870758e-2,-1.46581549197435379e-2,8.57967376708984375e-1,4.28983688354492188e-1
5,6,2.00000000000000011e-1,3.07692307692307709e-2,6.92307692307692346e-2,8.06010425090789795e-1,4.03005212545394897e-1,-2.75149047374725342e-2,-1.37574523687362671e-2,8.05260539054870605e-1,4.02630269527435303e-1
5,7,2.30769230769230782e-1,3.07692307692307709e-2,6.92307692307692346e-2,7.45729029178619385e-1,3.72864514589309692e-1,-2.54569966346025467e-2,-1.27284983173012733e-2,7.45035231113433838e-1,3.72517615556716919e-1
5,8,2.61538461538461553e-1,3.07692307692307709e-2,6.92307692307692346e-2,6.78485035896301270e-1,3.39242517948150635e-1,-2.31621991842984876e-2,-1.15810995921492438e-2,6.77853763103485107e-1,3.38926881551742554e-1
5,9,2.92307692307692324e-1,3.07692307692307709e-2,6.92307692307692346e-2,6.04906082153320312e-1,3.02453041076660156e-1,-2.06496901810169220e-2,-1.03248450905084610e-2,6.04343295097351074e-1,3.02171647548675537e-1
5,10,3.23076923076923095e-1,3.07692307692307709e-2,6.92307692307692346e-2,5.25679349899291992e-1,2.62839674949645996e-1,-1.79452942684292793e-2,-8.97264713421463966e-3,5.25190293788909912e-1,2.62595146894454956e-1
5,11,3.53846153846153866e-1,3.07692307692307709e-2,6.92307692307692346e-2,4.41544502973556519e-1,2.20772251486778259e-1,-1.50732016190886497e-2,-7.53660080954432487e-3,4.41133707761764526e-1,2.20566853880882263e-1
5,12,3.84615384615384637e-1,3.07692307692307709e-2,6.92307692307692346e-2,3.53287070989608765e-1,1.76643535494804382e-1,-1.20603265240788460e-2,-6.03016326203942299e-3,3.52958381175994873e-1,1.76479190587997437e-1
5,13,4.15384615384615408e-1,3.07692307692307709e-2,6.92307692307692346e-2,2.61731088161468506e-1,1.30865544080734253e-1,-8.93489085137844086e-3,-4.46744542568922043e-3,2.61487573385238647e-1,1.30743786692619324e-1
5,14,4.46153846153846179e-1,3.07692307692307709e-2,6.92307692307692346e-2,1.67731374502182007e-1,8.38656872510910034e-2,-5.72587922215461731e-3,-2.86293961107730865e-3,1.67575329542160034e-1,8.37876647710800171e-2
5,15,4.76923076923076950e-1,3.07692307692307709e-2,6.92307692307692346e-2,7.21656084060668945e-2,3.60828042030334473e-2,-2.46353616239503026e-3,-1.23176808119751513e-3,7.20984712243080139e-2,3.60492356121540070e-2
5,16,5.07692307692307665e-1,3.07692307692307709e-2,6.92307692307692346e-2,-2.40739453583955765e-2,-1.20369726791977882e-2,8.21852940134704113e-4,4.10926470067352057e-4,-2.40515470504760742e-2,-1.20257735252380371e-2
5,17,5.38461538461538547e-1,3.07692307692307709e-2,6.92307692307692346e-2,-1.20088718831539154e-1,-6.00443594157695770e-2,4.09946468425914645e-3,2.04973234212957323e-3,-1.19976989924907684e-1,-5.99884949624538422e-2
5,18,5.69230769230769207e-1,3.07692307692307709e-2,6.92307692307692346e-2,-2.14982271194458008e-1,-1.07491135597229004e-1,7.33891152776777744e-3,3.66945576388388872e-3,-2.14782252907752991e-1,-1.07391126453876495e-1
5,19,6.00000000000000089e-1,3.07692307692307709e-2,6.92307692307692346e-2,-3.07868599891662598e-1,-1.53934299945831299e-1,1.05098672211170197e-2,5.25493361055850983e-3,-3.07582169771194458e-1,-1.53791084885597229e-1
5,20,6.30769230769230749e-1,3.07692307692307709e-2,6.92307692307692346e-2,-3.97880434989929199e-1,-1.98940217494964600e-1,1.35825639590620995e-2,6.79128197953104973e-3,-3.97510260343551636e-1,-1.98755130171775818e-1
5,21,6.61538461538461631e-1,3.07692307692307709e-2,6.92307692307692346e-2,-4.84177380800247192e-1,-2.42088690400123596e-1,1.65286436676979065e-2,8.26432183384895325e-3,-4.83726918697357178e-1,-2.41863459348678589e-1
5,22,6.92307692307692291e-1,3.07692307692307709e-2,6.92307692307692346e-2,-5.65953671932220459e-1,-2.82976835966110229e-1,1.93202113732695580e-2,9.66010568663477898e-3,-5.65427124500274658e-1,-2.82713562250137329e-1
5,23,7.23076923076923173e-1,3.07692307692307709e-2,6.92307692307692346e-2,-6.42445802688598633e-1,-3.21222901344299316e-1,2.19315513968467712e-2,1.09657756984233856e-2,-6.41848087310791016e-1,-3.20924043655395508e-1
5,24,7.53846153846153832e-1,3.07692307692307709e-2,6.92307692307692346e-2,-7.12939560413360596e-1,-3.56469780206680298e-1,2.43377108126878461e-2,1.21688554063439230e-2,-7.12276279926300049e-1,-3.56138139963150024e-1
5,25,7.84615384615384714e-1,3.07692307692307709e-2,6.92307692307692346e-2,-7.76776850223541260e-1,-3.88388425111770630e-1,2.65170056372880936e-2,1.32585028186440468e-2,-7.76054143905639648e-1,-3.88027071952819824e-1
5,26,8.15384615384615374e-1,3.07692307692307709e-2,6.92307692307692346e-2,-8.33361625671386719e-1,-4.16680812835693359e-1,2.84491684287786484e-2,1.42245842143893242e-2,-8.32586288452148438e-1,-4.16293144226074219e-1
5,27,8.46153846153846256e-1,3.07692307692307709e-2,6.92307692307692346e-2,-8.82165431976318359e-1,-4.41082715988159180e-1,3.01148034632205963e-2,1.50574017316102982e-2,-8.81344676017761230e-1,-4.40672338008880615e-1
5,28,8.76923076923076916e-1,3.07692307692307709e-2,6.92307692307692346e-2,-9.22732710838317871e-1,-4.61366355419158936e-1,3.14997453242540221e-2,1.57498726621270110e-2,-9.21874225139617920e-1,-4.60937112569808960e-1
5,29,9.07692307692307798e-1,3.07692307692307709e-2,6.92307692307692346e-2,-9.54684674739837646e-1,-4.77342337369918823e-1,3.25926616787910461e-2,1.62963308393955231e-2,-9.53796386718750000e-1,-4.76898193359375000e-1
5,30,9.38461538461538458e-1,3.07692307692307709e-2,6.92307692307692346e-2,-9.77722406387329102e-1,-4.88861203193664551e-1,3.33913732320070197e-2,1.66956866160035099e-2,-9.76812362670898438e-1,-4.88406181335449219e-1
5,31,9.69230769230769340e-1,4.61538461538461009e-2,1.03846153846153727e-1,-9.91627454757690430e-1,-4.95813727378845215e-1,5.08403331041335990e-2,2.54201665520667995e-2,-9.90703701972961426e-1,-4.95351850986480713e-1
6,0,1.53846153846153855e-2,3.07692307692307709e-2,6.92307692307692346e-2,9.94194447994232178e-1,4.97097223997116089e-1,-3.39390300214290550e-2,-1.69695150107145275e-2,9.93269503116607666e-1,4.96634751558303833e-1
6,1,4.61538461538461564e-2,3.07692307692307709e-2,6.92307692307692346e-2,9.84911978244781494e-1,4.92455989122390747e-1,-3.36223784834146430e-2,-1.68111892417073215e-2,9.83995616436004639e-1,4.91997808218002319e-1
6,2,7.69230769230769273e-2,3.07692307692307709e-2,6.92307692307692346e-2,9.66433644294738770e-1,4.83216822147369385e-1,-3.29919084906578064e-2,-1.64959542453289032e-2,9.65534508228302002e-1,4.82767254114151001e-1
6,3,1.07692307692307698e-1,3.07692307692307709e-2,6.92307692307692346e-2,9.38931882381439209e-1,4.69465941190719604e-1,-3.20526324212550978e-2,-1.60263162106275489e-2,9.38058316707611084e-1,4.69029158353805542e-1
6,4,1.38461538461538469e-1,3.07692307692307709e-2,6.92307692307692346e-2,9.02663588523864746e-1,4.51331794261932373e-1,-3.08145750313997269e-2,-1.54072875156998634e-2,9.01823759078979492e-1,4.50911879539489746e-1
6,5,1.69230769230769240e-1,3.07692307692307709e-2,6.92307692307692346e-2,8.57967376708984375e-1,4.28983688354492188e-1,-2.92888507246971130e-2,-1.46444253623485565e-2,8.57169151306152344e-1,4.28584575653076172e-1
6,6,2.00000000000000011e-1,3.07692307692307709e-2,6.92307692307692346e-2,8.05260539054870605e-1,4.02630269527435303e-1,-2.74894069880247116e-2,-1.37447034940123558e-2,8.04511368274688721e-1,4.02255684137344360e-1
6,7,2.30769230769230782e-1,3.07692307692307709e-2,6.92307692307692346e-2,7.45035231113433838e-1,3.72517615556716919e-1,-2.54334602504968643e-2,-1.27167301252484322e-2,7.44342088699340820e-1,3.72171044349670410e-1
6,8,2.61538461538461553e-1,3.07692307692307709e-2,6.92307692307692346e-2,6.77853763103485107e-1,3.38926881551742554e-1,-2.31404062360524854e-2,-1.15702031180262427e-2,6.77223086357116699e-1,3.38611543178558350e-1
6,9,2.92307692307692324e-1,3.07692307692307709e-2,6.92307692307692346e-2,6.04343295097351074e-1,3.02171647548675537e-1,-2.06305123865604401e-2,-1.03152561932802200e-2,6.03781044483184814e-1,3.01890522241592407e-1
6,10,3.23076923076923095e-1,3.07692307692307709e-2,6.92307692307692346e-2,5.25190293788909912e-1,2.62595146894454956e-1,-1.79287316277623177e-2,-8.96436581388115883e-3,5.24701654911041260e-1,2.62350827455520630e-1
6,11,3.53846153846153866e-1,3.07692307692307709e-2,6.92307692307692346e-2,4.41133707761764526e-1,2.20566853880882263e-1,-1.50591451674699783e-2,-7.52957258373498917e-3,4.40723299980163574e-1,2.20361649990081787e-1
6,12,3.84615384615384637e-1,3.07692307692307709e-2,6.92307692307692346e-2,3.52958381175994873e-1,1.76479190587997437e-1,-1.20491031557321548e-2,-6.02455157786607742e-3,3.52629989385604858e-1,1.76314994692802429e-1
6,13,4.15384615384615408e-1,3.07692307692307709e-2,6.92307692307692346e-2,2.61487573385238647e-1,1.30743786692619324e-1,-8.92650056630373001e-3,-4.46325028315186501e-3,2.61244297027587891e-1,1.30622148513793945e-1
6,14,4.46153846153846179e-1,3.07692307692307709e-2,6.92307692307692346e-2,1.67575329542160034e-1,8.37876647710800171e-2,-5.72062167339026928e-3,-2.86031083669513464e-3,1.67419418692588806e-1,8.37097093462944031e-2
6,15,4.76923076923076950e-1,3.07692307692307709e-2,6.92307692307692346e-2,7.20984712243080139e-2,3.60492356121540070e-2,-2.46124109253287315e-3,-1.23062054626643658e-3,7.20313936471939087e-2,3.60156968235969543e-2
6,16,5.07692307692307665e-1,3.07692307692307709e-2,6.92307692307692346e-2,-2.40515470504760742e-2,-1.20257735252380371e-2,8.21103807538747787e-4,4.10551903769373894e-4,-2.40291692316532135e-2,-1.20145846158266068e-2
6,17,5.38461538461538547e-1,3.07692307692307709e-2,6.92307692307692346e-2,-1.19976989924907684e-1,-5.99884949624538422e-2,4.09565772861242294e-3,2.04782886430621147e-3,-1.19865365326404572e-1,-5.99326826632022858e-2
6,18,5.69230769230769207e-1,3.07692307692307709e-2,6.92307692307692346e-2,-2.14782252907752991e-1,-1.07391126453876495e-1,7.33204674907028675e-3,3.66602337453514338e-3,-2.14582428336143494e-1,-1.07291214168071747e-1
6,19,6.00000000000000089e-1,3.07692307692307709e-2,6.92307692307692346e-2,-3.07582169771194458e-1,-1.53791084885597229e-1,1.05001148767769337e-2,5.25005743838846684e-3,-3.07296007871627808e-1,-1.53648003935813904e-1
6,20,6.30769230769230749e-1,3.07692307692307709e-2,6.92307692307692346e-2,-3.97510260343551636e-1,-1.98755130171775818e-1,1.35699240490794182e-2,6.78496202453970909e-3,-3.97140443325042725e-1,-1.98570221662521362e-1
6,21,6.61538461538461631e-1,3.07692307692307709e-2,6.92307692307692346e-2,-4.83726918697357178e-1,-2.41863459348678589e-1,1.65132796391844749e-2,8.25663981959223747e-3,-4.83276873826980591e-1,-2.41638436913490295e-1
6,22,6.92307692307692291e-1,3.07692307692307709e-2,6.92307692307692346e-2,-5.65427124500274658e-1,-2.82713562250137329e-1,1.93022321909666061e-2,9.65111609548330307e-3,-5.64901053905487061e-1,-2.82450526952743530e-1
6,23,7.23076923076923173e-1,3.07692307692307709e-2,6.92307692307692346e-2,-6.41848087310791016e-1,-3.20924043655395508e-1,2.19110660254955292e-2,1.09555330127477646e-2,-6.41250908374786377e-1,-3.20625454187393188e-1
6,24,7.53846153846153832e-1,3.07692307692307709e-2,6.92307692307692346e-2,-7.12276279926300049e-1,-3.56138139963150024e-1,2.43152640759944638e-2,1.21576320379972319e-2,-7.11613595485687256e-1,-3.55806797742843628e-1
6,25,7.84615384615384714e-1,3.07692307692307709e-2,6.92307692307692346e-2,-7.76054143905639648e-1,-3.88027071952819824e-1,2.64921616762876511e-2,1.32460808381438255e-2,-7.75332152843475342e-1,-3.87666076421737671e-1
6,26,8.15384615384615374e-1,3.07692307692307709e-2,6.92307692307692346e-2,-8.32586288452148438e-1,-4.16293144226074219e-1,2.84227989614009857e-2,1.42113994807004929e-2,-8.31811666488647461e-1,-4.15905833244323730e-1
6,27,8.46153846153846256e-1,3.07692307692307709e-2,6.92307692307692346e-2,-8.81344676017761230e-1,-4.40672338008880615e-1,3.00866905599832535e-2,1.50433452799916267e-2,-8.80524694919586182e-1,-4.40262347459793091e-1
6,28,8.76923076923076916e-1,3.07692307692307709e-2,6.92307692307692346e-2,-9.21874225139617920e-1,-4.60937112569808960e-1,3.14707607030868391e-2,1.57353803515434196e-2,-9.21016514301300049e-1,-4.60508257150650024e-1
6,29,9.07692307692307798e-1,3.07692307692307709e-2,6.92307692307692346e-2,-9.53796386718750000e-1,-4.76898193359375000e-1,3.25632411986589432e-2,1.62816205993294716e-2,-9.52908933162689209e-1,-4.76454466581344604e-1
6,30,9.38461538461538458e-1,3.07692307692307709e-2,6.92307692307692346e-2,-9.76812362670898438e-1,-4.88406181335449219e-1,3.33619527518749168e-2,1.66809763759374584e-2,-9.75903153419494629e-1,-4.87951576709747314e-1
6,31,9.69230769230769340e-1,4.61538461538461009e-2,1.03846153846153727e-1,-9.90703701972961426e-1,-4.95351850986480713e-1,5.07902093231677940e-2,2.53951046615838970e-2,-9.89780902862548828e-1,-4.94890451431274414e-1
7,0,1.53846153846153855e-2,3.07692307692307709e-2,6.92307692307692346e-2,9.93269503116607666e-1,4.96634751558303833e-1,-3.39076481759548118e-2,-1.69538240879774059e-2,9.92345392704010010e-1,4.96172696352005005e-1
7,1,4.61538461538461564e-2,3.07692307692307709e-2,6.92307692307692346e-2,9.83995616436004639e-1,4.91997808218002319e-1,-3.35907787084579398e-2,-1.67953893542289699e-2,9.83080148696899414e-1,4.91540074348449707e-1
7,2,7.69230769230769273e-2,3.07692307692307709e-2,6.92307692307692346e-2,9.65534508228302002e-1,4.82767254114151001e-1,-3.29613983631134033e-2,-1.64806991815567017e-2,9.64636206626892090e-1,4.82318103313446045e-1
7,3,1.07692307692307698e-1,3.07692307692307709e-2,6.92307692307692346e-2,9.38058316707611084e-1,4.69029158353805542e-1,-3.20227760821580748e-2,-1.60113880410790374e-2,9.37185585498809814e-1,4.68592792749404907e-1
7,4,1.38461538461538469e-1,3.07692307692307709e-2,6.92307692307692346e-2,9.01823759078979492e-1,4.50911879539489746e-1,-3.07858083397150040e-2,-1.53929041698575020e-2,9.00984704494476318e-1,4.50492352247238159e-1
7,5,1.69230769230769240e-1,3.07692307692307709e-2,6.92307692307692346e-2,8.57169151306152344e-1,4.28584575653076172e-1,-2.92616095393896103e-2,-1.46308047696948051e-2,8.56371641159057617e-1,4.28185820579528809e-1
7,6,2.00000000000000011e-1,3.07692307692307709e-2,6.92307692307692346e-2,8.04511368274688721e-1,4.02255684137344360e-1,-2.74639092385768890e-2,-1.37319546192884445e-2,8.03762853145599365e-1,4.01881426572799683e-1
7,7,2.30769230769230782e-1,3.07692307692307709e-2,6.92307692307692346e-2,7.44342088699340820e-1,3.72171044349670410e-1,-2.54099238663911819e-2,-1.27049619331955910e-2,7.43649601936340332e-1,3.71824800968170166e-1
7,8,2.61538461538461553e-1,3.07692307692307709e-2,6.92307692307692346e-2,6.77223086357116699e-1,3.38611543178558350e-1,-2.31186132878064832e-2,-1.15593066439032416e-2,6.76593005657196045e-1,3.38296502828598022e-1
7,9,2.92307692307692324e-1,3.07692307692307709e-2,6.92307692307692346e-2,6.03781044483184814e-1,3.01890522241592407e-1,-2.06115525215864182e-2,-1.03057762607932091e-2,6.03219330310821533e-1,3.01609665155410767e-1
7,10,3.23076923076923095e-1,3.07692307692307709e-2,6.92307692307692346e-2,5.24701654911041260e-1,2.62350827455520630e-1,-1.79118420928716660e-2,-8.95592104643583298e-3,5.24213492870330811e-1,2.62106746435165405e-1
7,11,3.53846153846153866e-1,3.07692307692307709e-2,6.92307692307692346e-2,4.40723299980163574e-1,2.20361649990081787e-1,-1.50453066453337669e-2,-7.52265332266688347e-3,4.40313249826431274e-1,2.20156624913215637e-1
7,12,3.84615384615384637e-1,3.07692307692307709e-2,6.92307692307692346e-2,3.52629989385604858e-1,1.76314994692802429e-1,-1.20377708226442337e-2,-6.01888541132211685e-3,3.52301925420761108e-1,1.76150962710380554e-1
7,13,4.15384615384615408e-1,3.07692307692307709e-2,6.92307692307692346e-2,2.61244297027587891e-1,1.30622148513793945e-1,-8.91827372834086418e-3,-4.45913686417043209e-3,2.61001229286193848e-1,1.30500614643096924e-1
7,14,4.46153846153846179e-1,3.07692307692307709e-2,6.92307692307692346e-2,1.67419418692588806e-1,8.37097093462944031e-2,-5.71525515988469124e-3,-2.85762757994234562e-3,1.67263656854629517e-1,8.36318284273147583e-2
7,15,4.76923076923076950e-1,3.07692307692307709e-2,6.92307692307692346e-2,7.20313936471939087e-2,3.60156968235969543e-2,-2.45896645355969667e-3,-1.22948322677984834e-3,7.19643756747245789e-2,3.59821878373622894e-2
7,16,5.07692307692307665e-1,3.07692307692307709e-2,6.92307692307692346e-2,-2.40291692316532135e-2,-1.20145846158266068e-2,8.20341054350137711e-4,4.10170527175068855e-4,-2.40068119019269943e-2,-1.20034059509634972e-2
7,17,5.38461538461538547e-1,3.07692307692307709e-2,6.92307692307692346e-2,-1.19865365326404572e-1,-5.99326826632022858e-2,4.09183034207671881e-3,2.04591517103835940e-3,-1.19753845036029816e-1,-5.98769225180149078e-2
7,18,5.69230769230769207e-1,3.07692307692307709e-2,6.92307692307692346e-2,-2.14582428336143494e-1,-1.07291214168071747e-1,7.32523645274341106e-3,3.66261822637170553e-3,-2.14382782578468323e-1,-1.07191391289234161e-1
7,19,6.00000000000000089e-1,3.07692307692307709e-2,6.92307692307692346e-2,-3.07296007871627808e-1,-1.53648003935813904e-1,1.04903080500662327e-2,5.24515402503311634e-3,-3.07010114192962646e-1,-1.53505057096481323e-1
7,20,6.30769230769230749e-1,3.07692307692307709e-2,6.92307692307692346e-2,-3.97140443325042725e-1,-1.98570221662521362e-1,1.35573931038379669e-2,6.77869655191898346e-3,-3.96770954132080078e-1,-1.98385477066040039e-1
7,21,6.61538461538461631e-1,3.07692307692307709e-2,6.92307692307692346e-2,-4.83276873826980591e-1,-2.41638436913490295e-1,1.64979156106710434e-2,8.24895780533552170e-3,-4.82827246189117432e-1,-2.41413623094558716e-1
7,22,6.92307692307692291e-1,3.07692307692307709e-2,6.92307692307692346e-2,-5.64901053905487061e-1,-2.82450526952743530e-1,1.92842530086636543e-2,9.64212650433182716e-3,-5.64375460147857666e-1,-2.82187730073928833e-1
7,23,7.23076923076923173e-1,3.07692307692307709e-2,6.92307692307692346e-2,-6.41250908374786377e-1,-3.20625454187393188e-1,2.18905806541442871e-2,1.09452903270721436e-2,-6.40654325485229492e-1,-3.20327162742614746e-1
7,24,7.53846153846153832e-1,3.07692307692307709e-2,6.92307692307692346e-2,-7.11613595485687256e-1,-3.55806797742843628e-1,2.42925994098186215e-2,1.21462997049093108e-2,-7.10951507091522217e-1,-3.55475753545761108e-1
7,25,7.84615384615384714e-1,3.07692307692307709e-2,6.92307692307692346e-2,-7.75332152843475342e-1,-3.87666076421737671e-1,2.64677535742521286e-2,1.32338767871260643e-2,-7.74610817432403564e-1,-3.87305408716201782e-1
7,26,8.15384615384615374e-1,3.07692307692307709e-2,6.92307692307692346e-2,-8.31811666488647461e-1,-4.15905833244323730e-1,2.83962115645408630e-2,1.41981057822704315e-2,-8.31037759780883789e-1,-4.15518879890441895e-1
7,27,8.46153846153846256e-1,3.07692307692307709e-2,6.92307692307692346e-2,-8.80524694919586182e-1,-4.40262347459793091e-1,3.00587955862283707e-2,1.50293977931141853e-2,-8.79705488681793213e-1,-4.39852744340896606e-1
7,28,8.76923076923076916e-1,3.07692307692307709e-2,6.92307692307692346e-2,-9.21016514301300049e-1,-4.60508257150650024e-1,3.14415581524371962e-2,1.57207790762185981e-2,-9.20159637928009033e-1,-4.60079818964004517e-1
7,29,9.07692307692307798e-1,3.07692307692307709e-2,6.92307692307692346e-2,-9.52908933162689209e-1,-4.76454466581344604e-1,3.25340386480093002e-2,1.62670193240046501e-2,-9.52022254467010498e-1,-4.76011127233505249e-1
7,30,9.38461538461538458e-1,3.07692307692307709e-2,6.92307692307692346e-2,-9.75903153419494629e-1,-4.87951576709747314e-1,3.33320964127778938e-2,1.66660482063889469e-2,-9.74994719028472900e-1,-4.87497359514236450e-1
7,31,9.69230769230769340e-1,4.61538461538461009e-2,1.03846153846153727e-1,-9.89780902862548828e-1,-4.94890451431274414e-1,5.07405214011669090e-2,2.53702607005834545e-2,-9.88858997821807861e-1,-4.94429498910903931e-1
8,0,1.53846153846153855e-2,3.07692307692307709e-2,6.92307692307692346e-2,9.92345392704010010e-1,4.96172696352005005e-1,-3.38760484009981086e-2,-1.69380242004990543e-2,9.91422116756439209e-1,4.95711058378219604e-1
8,1,4.61538461538461564e-2,3.07692307692307709e-2,6.92307692307692346e-2,9.83080148696899414e-1,4.91540074348449707e-1,-3.35596147924661567e-2,-1.67798073962330783e-2,9.82165515422821045e-1,4.91082757711410522e-1
8,2,7.69230769230769273e-2,3.07692307692307709e-2,6.92307692307692346e-2,9.64636206626892090e-1,4.82318103313446045e-1,-3.29306703060865402e-2,-1.64653351530432701e-2,9.63738739490509033e-1,4.81869369745254517e-1
8,3,1.07692307692307698e-1,3.07692307692307709e-2,6.92307692307692346e-2,9.37185585498809814e-1,4.68592792749404907e-1,-3.19931376725435118e-2,-1.59965688362717559e-2,9.36313629150390625e-1,4.68156814575195312e-1
8,4,1.38461538461538469e-1,3.07692307692307709e-2,6.92307692307692346e-2,9.00984704494476318e-1,4.50492352247238159e-1,-3.07570416480302811e-2,-1.53785208240151405e-2,9.00146484375000000e-1,4.50073242187500000e-1
8,5,1.69230769230769240e-1,3.07692307692307709e-2,6.92307692307692346e-2,8.56371641159057617e-1,4.28185820579528809e-1,-2.92343683540821075e-2,-1.46171841770410538e-2,8.55574905872344971e-1,4.27787452936172485e-1
8,6,2.00000000000000011e-1,3.07692307692307709e-2,6.92307692307692346e-2,8.03762853145599365e-1,4.01881426572799683e-1,-2.74381935596466064e-2,-1.37190967798233032e-2,8.03015053272247314e-1,4.01507526636123657e-1
8,7,2.30769230769230782e-1,3.07692307692307709e-2,6.92307692307692346e-2,7.43649601936340332e-1,3.71824800968170166e-1,-2.53866054117679596e-2,-1.26933027058839798e-2,7.42957711219787598e-1,3.71478855609893799e-1
8,8,2.61538461538461553e-1,3.07692307692307709e-2,6.92307692307692346e-2,6.76593005657196045e-1,3.38296502828598022e-1,-2.30968203395604810e-2,-1.15484101697802405e-2,6.75963521003723145e-1,3.37981760501861572e-1
8,9,2.92307692307692324e-1,3.07692307692307709e-2,6.92307692307692346e-2,6.03219330310821533e-1,3.01609665155410767e-1,-2.05925926566123962e-2,-1.02962963283061981e-2,6.02658092975616455e-1,3.01329046487808228e-1
8,10,3.23076923076923095e-1,3.07692307692307709e-2,6.92307692307692346e-2,5.24213492870330811e-1,2.62106746435165405e-1,-1.78951704874634743e-2,-8.94758524373173714e-3,5.23725807666778564e-1,2.61862903833389282e-1
8,11,3.53846153846153866e-1,3.07692307692307709e-2,6.92307692307692346e-2,4.40313249826431274e-1,2.20156624913215637e-1,-1.50311412289738655e-2,-7.51557061448693275e-3,4.39903587102890015e-1,2.19951793551445007e-1
8,12,3.84615384615384637e-1,3.07692307692307709e-2,6.92307692307692346e-2,3.52301925420761108e-1,1.76150962710380554e-1,-1.20267653837800026e-2,-6.01338269189000130e-3,3.51974159479141235e-1,1.75987079739570618e-1
8,13,4.15384615384615408e-1,3.07692307692307709e-2,6.92307692307692346e-2,2.61001229286193848e-1,1.30500614643096924e-1,-8.90982896089553833e-3,-4.45491448044776917e-3,2.60758399963378906e-1,1.30379199981689453e-1
8,14,4.46153846153846179e-1,3.07692307692307709e-2,6.92307692307692346e-2,1.67263656854629517e-1,8.36318284273147583e-2,-5.70999761112034321e-3,-2.85499880556017160e-3,1.67108044028282166e-1,8.35540220141410828e-2
8,15,4.76923076923076950e-1,3.07692307692307709e-2,6.92307692307692346e-2,7.19643756747245789e-2,3.59821878373622894e-2,-2.45665776310488582e-3,-1.22832888155244291e-3,7.18974247574806213e-2,3.59487123787403107e-2
8,16,5.07692307692307665e-1,3.07692307692307709e-2,6.92307692307692346e-2,-2.40068119019269943e-2,-1.20034059509634972e-2,8.19564680568873882e-4,4.09782340284436941e-4,-2.39844750612974167e-2,-1.19922375306487083e-2
8,17,5.38461538461538547e-1,3.07692307692307709e-2,6.92307692307692346e-2,-1.19753845036029816e-1,-5.98769225180149078e-2,4.08803700702264905e-3,2.04401850351132452e-3,-1.19642429053783417e-1,-5.98212145268917084e-2
8,18,5.69230769230769207e-1,3.07692307692307709e-2,6.92307692307692346e-2,-2.14382782578468323e-1,-1.07191391289234161e-1,7.31837167404592037e-3,3.65918583702296019e-3,-2.14183330535888672e-1,-1.07091665267944336e-1
8,19,6.00000000000000089e-1,3.07692307692307709e-2,6.92307692307692346e-2,-3.07010114192962646e-1,-1.53505057096481323e-1,1.04806101880967617e-2,5.24030509404838085e-3,-3.06724488735198975e-1,-1.53362244367599487e-1
8,20,6.30769230769230749e-1,3.07692307692307709e-2,6.92307692307692346e-2,-3.96770954132080078e-1,-1.98385477066040039e-1,1.35447531938552856e-2,6.77237659692764282e-3,-3.96401822566986084e-1,-1.98200911283493042e-1
8,21,6.61538461538461631e-1,3.07692307692307709e-2,6.92307692307692346e-2,-4.82827246189117432e-1,-2.41413623094558716e-1,1.64826605468988419e-2,8.24133027344942093e-3,-4.82378035783767700e-1,-2.41189017891883850e-1
8,22,6.92307692307692291e-1,3.07692307692307709e-2,6.92307692307692346e-2,-5.64375460147857666e-1,-2.82187730073928833e-1,1.92660558968782425e-2,9.63302794843912125e-3,-5.63850402832031250e-1,-2.81925201416015625e-1
8,23,7.23076923076923173e-1,3.07692307692307709e-2,6.92307692307692346e-2,-6.40654325485229492e-1,-3.20327162742614746e-1,2.18705311417579651e-2,1.09352655708789825e-2,-6.40058279037475586e-1,-3.20029139518737793e-1
8,24,7.53846153846153832e-1,3.07692307692307709e-2,6.92307692307692346e-2,-7.10951507091522217e-1,-3.55475753545761108e-1,2.42697168141603192e-2,1.21348584070801596e-2,-7.10290074348449707e-1,-3.55145037174224854e-1
8,25,7.84615384615384714e-1,3.07692307692307709e-2,6.92307692307692346e-2,-7.74610817432403564e-1,-3.87305408716201782e-1,2.64433454722166061e-2,1.32216727361083031e-2,-7.73890137672424316e-1,-3.86945068836212158e-1
8,26,8.15384615384615374e-1,3.07692307692307709e-2,6.92307692307692346e-2,-8.31037759780883789e-1,-4.15518879890441895e-1,2.83696241676807404e-2,1.41848120838403702e-2,-8.30264568328857422e-1,-4.15132284164428711e-1
8,27,8.46153846153846256e-1,3.07692307692307709e-2,6.92307692307692346e-2,-8.79705488681793213e-1,-4.39852744340896606e-1,3.00309006124734879e-2,1.50154503062367439e-2,-8.78887057304382324e-1,-4.39443528652191162e-1
8,28,8.76923076923076916e-1,3.07692307692307709e-2,6.92307692307692346e-2,-9.20159637928009033e-1,-4.60079818964004517e-1,3.14127914607524733e-2,1.57063957303762367e-2,-9.19303536415100098e-1,-4.59651768207550049e-1
8,29,9.07692307692307798e-1,3.07692307692307709e-2,6.92307692307692346e-2,-9.52022254467010498e-1,-4.76011127233505249e-1,3.25046181678771973e-2,1.62523090839385986e-2,-9.51136410236358643e-1,-4.75568205118179321e-1
8,30,9.38461538461538458e-1,3.07692307692307709e-2,6.92307692307692346e-2,-9.74994719028472900e-1,-4.87497359514236450e-1,3.33018042147159507e-2,1.66509021073579754e-2,-9.74087119102478027e-1,-4.87043559551239014e-1
8,31,9.69230769230769340e-1,4.61538461538461009e-2,1.03846153846153727e-1,-9.88858997821807861e-1,-4.94429498910903931e-1,5.06912693381309440e-2,2.53456346690654720e-2,-9.87937986850738525e-1,-4.93968993425369263e-1
9,0,1.53846153846153855e-2,3.07692307692307709e-2,6.92307692307692346e-2,9.91422116756439209e-1,4.95711058378219604e-1,-3.38444486260414054e-2,-1.69222243130207027e-2,9.90499734878540039e-1,4.95249867439270020e-1
9,1,4.61538461538461564e-2,3.07692307692307709e-2,6.92307692307692346e-2,9.82165515422821045e-1,4.91082757711410522e-1,-3.35284508764743736e-2,-1.67642254382371868e-2,9.81251716613769531e-1,4.90625858306884766e-1
9,2,7.69230769230769273e-2,3.07692307692307709e-2,6.92307692307692346e-2,9.63738739490509033e-1,4.81869369745254517e-1,-3.29001601785421371e-2,-1.64500800892710686e-2,9.62842106819152832e-1,4.81421053409576416e-1
9,3,1.07692307692307698e-1,3.07692307692307709e-2,6.92307692307692346e-2,9.36313629150390625e-1,4.68156814575195312e-1,-3.19630634039640288e-2,-1.59815317019820144e-2,9.35442507266998291e-1,4.67721253633499146e-1
9,4,1.38461538461538469e-1,3.07692307692307709e-2,6.92307692307692346e-2,9.00146484375000000e-1,4.50073242187500000e-1,-3.07287108153104782e-2,-1.53643554076552391e-2,8.99309039115905762e-1,4.49654519557952881e-1
9,5,1.69230769230769240e-1,3.07692307692307709e-2,6.92307692307692346e-2,8.55574905872344971e-1,4.27787452936172485e-1,-2.92071271687746048e-2,-1.46035635843873024e-2,8.54778885841369629e-1,4.27389442920684814e-1
9,6,2.00000000000000011e-1,3.07692307692307709e-2,6.92307692307692346e-2,8.03015053272247314e-1,4.01507526636123657e-1,-2.74126958101987839e-2,-1.37063479050993919e-2,8.02267968654632568e-1,4.01133984327316284e-1
9,7,2.30769230769230782e-1,3.07692307692307709e-2,6.92307692307692346e-2,7.42957711219787598e-1,3.71478855609893799e-1,-2.53628510981798172e-2,-1.26814255490899086e-2,7.42266476154327393e-1,3.71133238077163696e-1
9,8,2.61538461538461553e-1,3.07692307692307709e-2,6.92307692307692346e-2,6.75963521003723145e-1,3.37981760501861572e-1,-2.30754632502793988e-2,-1.15377316251396994e-2,6.75334632396697998e-1,3.37667316198348999e-1
9,9,2.92307692307692324e-1,3.07692307692307709e-2,6.92307692307692346e-2,6.02658092975616455e-1,3.01329046487808228e-1,-2.05731969326734543e-2,-1.02865984663367271e-2,6.02097392082214355e-1,3.01048696041107178e-1
9,10,3.23076923076923095e-1,3.07692307692307709e-2,6.92307692307692346e-2,5.23725807666778564e-1,2.61862903833389282e-1,-1.78788257762789726e-2,-8.93941288813948631e-3,5.23238539695739746e-1,2.61619269847869873e-1
9,11,3.53846153846153866e-1,3.07692307692307709e-2,6.92307692307692346e-2,4.39903587102890015e-1,2.19951793551445007e-1,-1.50169758126139641e-2,-7.50848790630698204e-3,4.39494311809539795e-1,2.19747155904769897e-1
9,12,3.84615384615384637e-1,3.07692307692307709e-2,6.92307692307692346e-2,3.51974159479141235e-1,1.75987079739570618e-1,-1.20156509801745415e-2,-6.00782549008727074e-3,3.51646691560745239e-1,1.75823345780372620e-1
9,13,4.15384615384615408e-1,3.07692307692307709e-2,6.92307692307692346e-2,2.60758399963378906e-1,1.30379199981689453e-1,-8.90149315819144249e-3,-4.45074657909572124e-3,2.60515809059143066e-1,1.30257904529571533e-1
9,14,4.46153846153846179e-1,3.07692307692307709e-2,6.92307692307692346e-2,1.67108044028282166e-1,8.35540220141410828e-2,-5.70471282117068768e-3,-2.85235641058534384e-3,1.66952565312385559e-1,8.34762826561927795e-2
9,15,4.76923076923076950e-1,3.07692307692307709e-2,6.92307692307692346e-2,7.18974247574806213e-2,3.59487123787403107e-2,-2.45436950353905559e-3,-1.22718475176952779e-3,7.18305334448814392e-2,3.59152667224407196e-2
9,16,5.07692307692307665e-1,3.07692307692307709e-2,6.92307692307692346e-2,-2.39844750612974167e-2,-1.19922375306487083e-2,8.18801927380263805e-4,4.09400963690131903e-4,-2.39621605724096298e-2,-1.19810802862048149e-2
9,17,5.38461538461538547e-1,3.07692307692307709e-2,6.92307692307692346e-2,-1.19642429053783417e-1,-5.98212145268917084e-2,4.08422324107959867e-3,2.04211162053979933e-3,-1.19531117379665375e-1,-5.97655586898326874e-2
9,18,5.69230769230769207e-1,3.07692307692307709e-2,6.92307692307692346e-2,-2.14183330535888672e-1,-1.07091665267944336e-1,7.31156137771904469e-3,3.65578068885952234e-3,-2.13984057307243347e-1,-1.06992028653621674e-1
9,19,6.00000000000000089e-1,3.07692307692307709e-2,6.92307692307692346e-2,-3.06724488735198975e-1,-1.53362244367599487e-1,1.04708578437566757e-2,5.23542892187833786e-3,-3.06439131498336792e-1,-1.53219565749168396e-1
9,20,6.30769230769230749e-1,3.07692307692307709e-2,6.92307692307692346e-2,-3.96401822566986084e-1,-1.98200911283493042e-1,1.35322222486138344e-2,6.76611112430691719e-3,-3.96033018827438354e-1,-1.98016509413719177e-1
9,21,6.61538461538461631e-1,3.07692307692307709e-2,6.92307692307692346e-2,-4.82378035783767700e-1,-2.41189017891883850e-1,1.64671875536441803e-2,8.23359377682209015e-3,-4.81929242610931396e-1,-2.40964621305465698e-1
9,22,6.92307692307692291e-1,3.07692307692307709e-2,6.92307692307692346e-2,-5.63850402832031250e-1,-2.81925201416015625e-1,1.92482946440577507e-2,9.62414732202887535e-3,-5.63325822353363037e-1,-2.81662911176681519e-1
9,23,7.23076923076923173e-1,3.07692307692307709e-2,6.92307692307692346e-2,-6.40058279037475586e-1,-3.20029139518737793e-1,2.18500457704067230e-2,1.09250228852033615e-2,-6.39462769031524658e-1,-3.19731384515762329e-1
9,24,7.53846153846153832e-1,3.07692307692307709e-2,6.92307692307692346e-2,-7.10290074348449707e-1,-3.55145037174224854e-1,2.42472700774669370e-2,1.21236350387334685e-2,-7.09629237651824951e-1,-3.54814618825912476e-1
9,25,7.84615384615384714e-1,3.07692307692307709e-2,6.92307692307692346e-2,-7.73890137672424316e-1,-3.86945068836212158e-1,2.64187194406986237e-2,1.32093597203493118e-2,-7.73170113563537598e-1,-3.86585056781768799e-1
9,26,8.15384615384615374e-1,3.07692307692307709e-2,6.92307692307692346e-2,-8.30264568328857422e-1,-4.15132284164428711e-1,2.83430367708206177e-2,1.41715183854103088e-2,-8.29492092132568359e-1,-4.14746046066284180e-1
9,27,8.46153846153846256e-1,3.07692307692307709e-2,6.92307692307692346e-2,-8.78887057304382324e-1,-4.39443528652191162e-1,3.00032235682010651e-2,1.50016117841005325e-2,-8.78069341182708740e-1,-4.39034670591354370e-1
9,28,8.76923076923076916e-1,3.07692307692307709e-2,6.92307692307692346e-2,-9.19303536415100098e-1,-4.59651768207550049e-1,3.13838068395852904e-2,1.56919034197926452e-2,-9.18448209762573242e-1,-4.59224104881286621e-1
9,29,9.07692307692307798e-1,3.07692307692307709e-2,6.92307692307692346e-2,-9.51136410236358643e-1,-4.75568205118179321e-1,3.24754156172275543e-2,1.62377078086137772e-2,-9.50251340866088867e-1,-4.75125670433044434e-1
9,30,9.38461538461538458e-1,3.07692307692307709e-2,6.92307692307692346e-2,-9.74087119102478027e-1,-4.87043559551239014e-1,3.32712940871715476e-2,1.66356470435857738e-2,-9.73180353641510010e-1,-4.86590176820755005e-1
9,31,9.69230769230769340e-1,4.61538461538461009e-2,1.03846153846153727e-1,-9.87937986850738525e-1,-4.93968993425369263e-1,5.06422352045774390e-2,2.53211176022887195e-2,-9.87017869949340820e-1,-4.93508934974670410e-1
10,0,1.53846153846153855e-2,3.07692307692307709e-2,6.92307692307692346e-2,9.90499734878540039e-1,4.95249867439270020e-1,-3.38130667805671623e-2,-1.69065333902835811e-2,9.89578187465667725e-1,4.94789093732833862e-1
10,1,4.61538461538461564e-2,3.07692307692307709e-2,6.92307692307692346e-2,9.81251716613769531e-1,4.90625858306884766e-1,-3.34970690310001304e-2,-1.67485345155000652e-2,9.80338811874389648e-1,4.90169405937194824e-1
10,2,7.69230769230769273e-2,3.07692307692307709e-2,6.92307692307692346e-2,9.62842106819152832e-1,4.81421053409576416e-1,-3.28696500509977341e-2,-1.64348250254988670e-2,9.61946308612823486e-1,4.80973154306411743e-1
10,3,1.07692307692307698e-1,3.07692307692307709e-2,6.92307692307692346e-2,9.35442507266998291e-1,4.67721253633499146e-1,-3.19332070648670058e-2,-1.59666035324335029e-2,9.34572219848632812e-1,4.67286109924316406e-1
10,4,1.38461538461538469e-1,3.07692307692307709e-2,6.92307692307692346e-2,8.99309039115905762e-1,4.49654519557952881e-1,-3.07003799825906754e-2,-1.53501899912953377e-2,8.98472368717193604e-1,4.49236184358596802e-1
10,5,1.69230769230769240e-1,3.07692307692307709e-2,6.92307692307692346e-2,8.54778885841369629e-1,4.27389442920684814e-1,-2.91796680539846420e-2,-1.45898340269923210e-2,8.53983640670776367e-1,4.26991820335388184e-1
10,6,2.00000000000000011e-1,3.07692307692307709e-2,6.92307692307692346e-2,8.02267968654632568e-1,4.01133984327316284e-1,-2.73874159902334213e-2,-1.36937079951167107e-2,8.01521539688110352e-1,4.00760769844055176e-1
10,7,2.30769230769230782e-1,3.07692307692307709e-2,6.92307692307692346e-2,7.42266476154327393e-1,3.71133238077163696e-1,-2.53390967845916748e-2,-1.26695483922958374e-2,7.41575896739959717e-1,3.70787948369979858e-1
10,8,2.61538461538461553e-1,3.07692307692307709e-2,6.92307692307692346e-2,6.75334632396697998e-1,3.37667316198348999e-1,-2.30541061609983167e-2,-1.15270530804991583e-2,6.74706339836120605e-1,3.37353169918060303e-1
10,9,2.92307692307692324e-1,3.07692307692307709e-2,6.92307692307692346e-2,6.02097392082214355e-1,3.01048696041107178e-1,-2.05540191382169724e-2,-1.02770095691084862e-2,6.01537227630615234e-1,3.00768613815307617e-1
10,10,3.23076923076923095e-1,3.07692307692307709e-2,6.92307692307692346e-2,5.23238539695739746e-1,2.61619269847869873e-1,-1.78621541708707809e-2,-8.93107708543539047e-3,5.22751748561859131e-1,2.61375874280929565e-1
10,11,3.53846153846153866e-1,3.07692307692307709e-2,6.92307692307692346e-2,4.39494311809539795e-1,2.19747155904769897e-1,-1.50030283257365227e-2,-7.50151416286826134e-3,4.39085423946380615e-1,2.19542711973190308e-1
10,12,3.84615384615384637e-1,3.07692307692307709e-2,6.92307692307692346e-2,3.51646691560745239e-1,1.75823345780372620e-1,-1.20044276118278503e-2,-6.00221380591392517e-3,3.51319521665573120e-1,1.75659760832786560e-1
10,13,4.15384615384615408e-1,3.07692307692307709e-2,6.92307692307692346e-2,2.60515809059143066e-1,1.30257904529571533e-1,-8.89332080259919167e-3,-4.44666040129959583e-3,2.60273426771163940e-1,1.30136713385581970e-1
10,14,4.46153846153846179e-1,3.07692307692307709e-2,6.92307692307692346e-2,1.66952565312385559e-1,8.34762826561927795e-2,-5.69931906647980213e-3,-2.84965953323990107e-3,1.66797235608100891e-1,8.33986178040504456e-2
10,15,4.76923076923076950e-1,3.07692307692307709e-2,6.92307692307692346e-2,7.18305334448814392e-2,3.59152667224407196e-2,-2.45210848515853286e-3,-1.22605424257926643e-3,7.17637017369270325e-2,3.58818508684635162e-2
10,16,5.07692307692307665e-1,3.07692307692307709e-2,6.92307692307692346e-2,-2.39621605724096298e-2,-1.19810802862048149e-2,8.18039174191653728e-4,4.09019587095826864e-4,-2.39398665726184845e-2,-1.19699332863092422e-2
10,17,5.38461538461538547e-1,3.07692307692307709e-2,6.92307692307692346e-2,-1.19531117379665375e-1,-5.97655586898326874e-2,4.08043671632185578e-3,2.04021835816092789e-3,-1.19419910013675690e-1,-5.97099550068378448e-2
10,18,5.69230769230769207e-1,3.07692307692307709e-2,6.92307692307692346e-2,-2.13984057307243347e-1,-1.06992028653621674e-1,7.30469659902155399e-3,3.65234829951077700e-3,-2.13784977793693542e-1,-1.06892488896846771e-1
10,19,6.00000000000000089e-1,3.07692307692307709e-2,6.92307692307692346e-2,-3.06439131498336792e-1,-1.53219565749168396e-1,1.04612144641578197e-2,5.23060723207890987e-3,-3.06154012680053711e-1,-1.53077006340026855e-1
10,20,6.30769230769230749e-1,3.07692307692307709e-2,6.92307692307692346e-2,-3.96033018827438354e-1,-1.98016509413719177e-1,1.35195823386311531e-2,6.75979116931557655e-3,-3.95664572715759277e-1,-1.97832286357879639e-1
10,21,6.61538461538461631e-1,3.07692307692307709e-2,6.92307692307692346e-2,-4.81929242610931396e-1,-2.40964621305465698e-1,1.64518235251307487e-2,8.22591176256537437e-3,-4.81480866670608521e-1,-2.40740433335304260e-1
10,22,6.92307692307692291e-1,3.07692307692307709e-2,6.92307692307692346e-2,-5.63325822353363037e-1,-2.81662911176681519e-1,1.92305333912372589e-2,9.61526669561862946e-3,-5.62801718711853027e-1,-2.81400859355926514e-1
10,23,7.23076923076923173e-1,3.07692307692307709e-2,6.92307692307692346e-2,-6.39462769031524658e-1,-3.19731384515762329e-1,2.18295603990554810e-2,1.09147801995277405e-2,-6.38867855072021484e-1,-3.19433927536010742e-1
10,24,7.53846153846153832e-1,3.07692307692307709e-2,6.92307692307692346e-2,-7.09629237651824951e-1,-3.54814618825912476e-1,2.42248233407735547e-2,1.21124116703867774e-2,-7.08968997001647949e-1,-3.54484498500823975e-1
10,25,7.84615384615384714e-1,3.07692307692307709e-2,6.92307692307692346e-2,-7.73170113563537598e-1,-3.86585056781768799e-1,2.63940934091806412e-2,1.31970467045903206e-2,-7.72450804710388184e-1,-3.86225402355194092e-1
10,26,8.15384615384615374e-1,3.07692307692307709e-2,6.92307692307692346e-2,-8.29492092132568359e-1,-4.14746046066284180e-1,2.83166673034429550e-2,1.41583336517214775e-2,-8.28720331192016602e-1,-4.14360165596008301e-1
10,27,8.46153846153846256e-1,3.07692307692307709e-2,6.92307692307692346e-2,-8.78069341182708740e-1,-4.39034670591354370e-1,2.99753285944461823e-2,1.49876642972230911e-2,-8.77252399921417236e-1,-4.38626199960708618e-1
10,28,8.76923076923076916e-1,3.07692307692307709e-2,6.92307692307692346e-2,-9.18448209762573242e-1,-4.59224104881286621e-1,3.13550401479005675e-2,1.56775200739502837e-2,-9.17593657970428467e-1,-4.58796828985214233e-1
10,29,9.07692307692307798e-1,3.07692307692307709e-2,6.92307692307692346e-2,-9.50251340866088867e-1,-4.75125670433044434e-1,3.24459951370954514e-2,1.62229975685477257e-2,-9.49367046356201172e-1,-4.74683523178100586e-1
10,30,9.38461538461538458e-1,3.07692307692307709e-2,6.92307692307692346e-2,-9.73180353641510010e-1,-4.86590176820755005e-1,3.32407839596271446e-2,1.66203919798135723e-2,-9.72274422645568848e-1,-4.86137211322784424e-1
10,31,9.69230769230769340e-1,4.61538461538461009e-2,1.03846153846153727e-1,-9.87017869949340820e-1,-4.93508934974670410e-1,5.05934190005063941e-2,2.52967095002531971e-2,-9.86098647117614746e-1,-4.93049323558807373e-1
11,0,1.53846153846153855e-2,3.07692307692307709e-2,6.92307692307692346e-2,9.89578187465667725e-1,4.94789093732833862e-1,-3.37814670056104591e-2,-1.68907335028052295e-2,9.88657534122467041e-1,4.94328767061233521e-1
11,1,4.61538461538461564e-2,3.07692307692307709e-2,6.92307692307692346e-2,9.80338811874389648e-1,4.90169405937194824e-1,-3.34661230444908073e-2,-1.67330615222454036e-2,9.79426741600036621e-1,4.89713370800018311e-1
11,2,7.69230769230769273e-2,3.07692307692307709e-2,6.92307692307692346e-2,9.61946308612823486e-1,4.80973154306411743e-1,-3.28389219939708710e-2,-1.64194609969854355e-2,9.61051344871520996e-1,4.80525672435760498e-1
11,3,1.07692307692307698e-1,3.07692307692307709e-2,6.92307692307692346e-2,9.34572219848632812e-1,4.67286109924316406e-1,-3.19035686552524428e-2,-1.59517843276262214e-2,9.33702707290649414e-1,4.66851353645324707e-1
11,4,1.38461538461538469e-1,3.07692307692307709e-2,6.92307692307692346e-2,8.98472368717193604e-1,4.49236184358596802e-1,-3.06718312203884125e-2,-1.53359156101942062e-2,8.97636473178863525e-1,4.48818236589431763e-1
11,5,1.69230769230769240e-1,3.07692307692307709e-2,6.92307692307692346e-2,8.53983640670776367e-1,4.26991820335388184e-1,-2.91526447981595993e-2,-1.45763223990797997e-2,8.53189110755920410e-1,4.26594555377960205e-1
11,6,2.00000000000000011e-1,3.07692307692307709e-2,6.92307692307692346e-2,8.01521539688110352e-1,4.00760769844055176e-1,-2.73617003113031387e-2,-1.36808501556515694e-2,8.00775825977325439e-1,4.00387912988662720e-1
11,7,2.30769230769230782e-1,3.07692307692307709e-2,6.92307692307692346e-2,7.41575896739959717e-1,3.70787948369979858e-1,-2.53155604004859924e-2,-1.26577802002429962e-2,7.40885972976684570e-1,3.70442986488342285e-1
11,8,2.61538461538461553e-1,3.07692307692307709e-2,6.92307692307692346e-2,6.74706339836120605e-1,3.37353169918060303e-1,-2.30327490717172345e-2,-1.15163745358586173e-2,6.74078583717346191e-1,3.37039291858673096e-1
11,9,2.92307692307692324e-1,3.07692307692307709e-2,6.92307692307692346e-2,6.01537227630615234e-1,3.00768613815307617e-1,-2.05348413437604904e-2,-1.02674206718802452e-2,6.00977599620819092e-1,3.00488799810409546e-1
11,10,3.23076923076923095e-1,3.07692307692307709e-2,6.92307692307692346e-2,5.22751748561859131e-1,2.61375874280929565e-1,-1.78455915302038193e-2,-8.92279576510190964e-3,5.22265374660491943e-1,2.61132687330245972e-1
11,11,3.53846153846153866e-1,3.07692307692307709e-2,6.92307692307692346e-2,4.39085423946380615e-1,2.19542711973190308e-1,-1.49890808388590813e-2,-7.49454041942954063e-3,4.38676923513412476e-1,2.19338461756706238e-1
11,12,3.84615384615384637e-1,3.07692307692307709e-2,6.92307692307692346e-2,3.51319521665573120e-1,1.75659760832786560e-1,-1.19932042434811592e-2,-5.99660212174057961e-3,3.50992649793624878e-1,1.75496324896812439e-1
11,13,4.15384615384615408e-1,3.07692307692307709e-2,6.92307692307692346e-2,2.60273426771163940e-1,1.30136713385581970e-1,-8.88503948226571083e-3,-4.44251974113285542e-3,2.60031282901763916e-1,1.30015641450881958e-1
11,14,4.46153846153846179e-1,3.07692307692307709e-2,6.92307692307692346e-2,1.66797235608100891e-1,8.33986178040504456e-2,-5.69403427653014660e-3,-2.84701713826507330e-3,1.66642054915428162e-1,8.33210274577140808e-2
11,15,4.76923076923076950e-1,3.07692307692307709e-2,6.92307692307692346e-2,7.17637017369270325e-2,3.58818508684635162e-2,-2.44981341529637575e-3,-1.22490670764818788e-3,7.16969370841979980e-2,3.58484685420989990e-2
11,16,5.07692307692307665e-1,3.07692307692307709e-2,6.92307692307692346e-2,-2.39398665726184845e-2,-1.19699332863092422e-2,8.17262800410389900e-4,4.08631400205194950e-4,-2.39175930619239807e-2,-1.19587965309619904e-2
11,17,5.38461538461538547e-1,3.07692307692307709e-2,6.92307692307692346e-2,-1.19419910013675690e-1,-5.97099550068378448e-2,4.07662976067513227e-3,2.03831488033756614e-3,-1.19308806955814362e-1,-5.96544034779071808e-2
11,18,5.69230769230769207e-1,3.07692307692307709e-2,6.92307692307692346e-2,-2.13784977793693542e-1,-1.06892488896846771e-1,7.29799526743590832e-3,3.64899763371795416e-3,-2.13586077094078064e-1,-1.06793038547039032e-1
11,19,6.00000000000000089e-1,3.07692307692307709e-2,6.92307692307692346e-2,-3.06154012680053711e-1,-1.53077006340026855e-1,1.04512986727058887e-2,5.22564933635294437e-3,-3.05869162082672119e-1,-1.52934581041336060e-1
11,20,6.30769230769230749e-1,3.07692307692307709e-2,6.92307692307692346e-2,-3.95664572715759277e-1,-1.97832286357879639e-1,1.35071603581309319e-2,6.75358017906546593e-3,-3.95296454429626465e-1,-1.97648227214813232e-1
11,21,6.61538461538461631e-1,3.07692307692307709e-2,6.92307692307692346e-2,-4.81480866670608521e-1,-2.40740433335304260e-1,1.64364594966173172e-2,8.21822974830865860e-3,-4.81032907962799072e-1,-2.40516453981399536e-1
11,22,6.92307692307692291e-1,3.07692307692307709e-2,6.92307692307692346e-2,-5.62801718711853027e-1,-2.81400859355926514e-1,1.92125542089343071e-2,9.60627710446715355e-3,-5.62278091907501221e-1,-2.81139045953750610e-1
11,23,7.23076923076923173e-1,3.07692307692307709e-2,6.92307692307692346e-2,-6.38867855072021484e-1,-3.19433927536010742e-1,2.18095108866691589e-2,1.09047554433345795e-2,-6.38273477554321289e-1,-3.19136738777160645e-1
11,24,7.53846153846153832e-1,3.07692307692307709e-2,6.92307692307692346e-2,-7.08968997001647949e-1,-3.54484498500823975e-1,2.42019407451152524e-2,1.21009703725576262e-2,-7.08309412002563477e-1,-3.54154706001281738e-1
11,25,7.84615384615384714e-1,3.07692307692307709e-2,6.92307692307692346e-2,-7.72450804710388184e-1,-3.86225402355194092e-1,2.63699032366275787e-2,1.31849516183137894e-2,-7.71732151508331299e-1,-3.85866075754165649e-1
11,26,8.15384615384615374e-1,3.07692307692307709e-2,6.92307692307692346e-2,-8.28720331192016602e-1,-4.14360165596008301e-1,2.82900799065828323e-2,1.41450399532914162e-2,-8.27949345111846924e-1,-4.13974672555923462e-1
11,27,8.46153846153846256e-1,3.07692307692307709e-2,6.92307692307692346e-2,-8.77252399921417236e-1,-4.38626199960708618e-1,2.99476515501737595e-2,1.49738257750868797e-2,-8.76436233520507812e-1,-4.38218116760253906e-1
11,28,8.76923076923076916e-1,3.07692307692307709e-2,6.92307692307692346e-2,-9.17593657970428467e-1,-4.58796828985214233e-1,3.13262734562158446e-2,1.56631367281079223e-2,-9.16739881038665771e-1,-4.58369940519332886e-1
11,29,9.07692307692307798e-1,3.07692307692307709e-2,6.92307692307692346e-2,-9.49367046356201172e-1,-4.74683523178100586e-1,3.24163567274808884e-2,1.62081783637404442e-2,-9.48483586311340332e-1,-4.74241793155670166e-1
11,30,9.38461538461538458e-1,3.07692307692307709e-2,6.92307692307692346e-2,-9.72274422645568848e-1,-4.86137211322784424e-1,3.32102738320827415e-2,1.66051369160413707e-2,-9.71369326114654541e-1,-4.85684663057327271e-1
11,31,9.69230769230769340e-1,4.61538461538461009e-2,1.03846153846153727e-1,-9.86098647117614746e-1,-4.93049323558807373e-1,5.05448207259178092e-2,2.52724103629589046e-2,-9.85180318355560303e-1,-4.92590159177780151e-1
12,0,1.53846153846153855e-2,3.07692307692307709e-2,6.92307692307692346e-2,9.88657534122467041e-1,4.94328767061233521e-1,-3.37500851601362159e-2,-1.68750425800681080e-2,9.87737715244293213e-1,4.93868857622146606e-1
12,1,4.61538461538461564e-2,3.07692307692307709e-2,6.92307692307692346e-2,9.79426741600036621e-1,4.89713370800018311e-1,-3.34349591284990241e-2,-1.67174795642495121e-2,9.78515505790710449e-1,4.89257752895355225e-1
12,2,7.69230769230769273e-2,3.07692307692307709e-2,6.92307692307692346e-2,9.61051344871520996e-1,4.80525672435760498e-1,-3.28084118664264679e-2,-1.64042059332132339e-2,9.60157215595245361e-1,4.80078607797622681e-1
12,3,1.07692307692307698e-1,3.07692307692307709e-2,6.92307692307692346e-2,9.33702707290649414e-1,4.66851353645324707e-1,-3.18737123161554198e-2,-1.59368561580777099e-2,9.32834029197692871e-1,4.66417014598846436e-1
12,4,1.38461538461538469e-1,3.07692307692307709e-2,6.92307692307692346e-2,8.97636473178863525e-1,4.48818236589431763e-1,-3.06435003876686096e-2,-1.53217501938343048e-2,8.96801352500915527e-1,4.48400676250457764e-1
12,5,1.69230769230769240e-1,3.07692307692307709e-2,6.92307692307692346e-2,8.53189110755920410e-1,4.26594555377960205e-1,-2.91254036128520966e-2,-1.45627018064260483e-2,8.52395355701446533e-1,4.26197677850723267e-1
12,6,2.00000000000000011e-1,3.07692307692307709e-2,6.92307692307692346e-2,8.00775825977325439e-1,4.00387912988662720e-1,-2.73362025618553162e-2,-1.36681012809276581e-2,8.00030827522277832e-1,4.00015413761138916e-1
12,7,2.30769230769230782e-1,3.07692307692307709e-2,6.92307692307692346e-2,7.40885972976684570e-1,3.70442986488342285e-1,-2.52922419458627701e-2,-1.26461209729313850e-2,7.40196645259857178e-1,3.70098322629928589e-1
12,8,2.61538461538461553e-1,3.07692307692307709e-2,6.92307692307692346e-2,6.74078583717346191e-1,3.37039291858673096e-1,-2.30109561234712323e-2,-1.15054780617356162e-2,6.73451423645019531e-1,3.36725711822509766e-1
12,9,2.92307692307692324e-1,3.07692307692307709e-2,6.92307692307692346e-2,6.00977599620819092e-1,3.00488799810409546e-1,-2.05160994082689285e-2,-1.02580497041344643e-2,6.00418448448181152e-1,3.00209224224090576e-1
12,10,3.23076923076923095e-1,3.07692307692307709e-2,6.92307692307692346e-2,5.22265374660491943e-1,2.61132687330245972e-1,-1.78287019953131676e-2,-8.91435099765658379e-3,5.21779477596282959e-1,2.60889738798141479e-1
12,11,3.53846153846153866e-1,3.07692307692307709e-2,6.92307692307692346e-2,4.38676923513412476e-1,2.19338461756706238e-1,-1.49753512814640999e-2,-7.48767564073204994e-3,4.38268780708312988e-1,2.19134390354156494e-1
12,12,3.84615384615384637e-1,3.07692307692307709e-2,6.92307692307692346e-2,3.50992649793624878e-1,1.75496324896812439e-1,-1.19818719103932381e-2,-5.99093595519661903e-3,3.50666105747222900e-1,1.75333052873611450e-1
12,13,4.15384615384615408e-1,3.07692307692307709e-2,6.92307692307692346e-2,2.60031282901763916e-1,1.30015641450881958e-1,-8.87686712667346001e-3,-4.43843356333673000e-3,2.59789347648620605e-1,1.29894673824310303e-1
12,14,4.46153846153846179e-1,3.07692307692307709e-2,6.92307692307692346e-2,1.66642054915428162e-1,8.33210274577140808e-2,-5.68872224539518356e-3,-2.84436112269759178e-3,1.66487023234367371e-1,8.32435116171836853e-2
12,15,4.76923076923076950e-1,3.07692307692307709e-2,6.92307692307692346e-2,7.16969370841979980e-2,3.58484685420989990e-2,-2.44753877632319927e-3,-1.22376938816159964e-3,7.16302320361137390e-2,3.58151160180568695e-2
12,16,5.07692307692307665e-1,3.07692307692307709e-2,6.92307692307692346e-2,-2.39175930619239807e-2,-1.19587965309619904e-2,8.16500047221779823e-4,4.08250023610889912e-4,-2.38953400403261185e-2,-1.19476700201630592e-2
12,17,5.38461538461538547e-1,3.07692307692307709e-2,6.92307692307692346e-2,-1.19308806955814362e-1,-5.96544034779071808e-2,4.07285685651004314e-3,2.03642842825502157e-3,-1.19197808206081390e-1,-5.95989041030406952e-2
12,18,5.69230769230769207e-1,3.07692307692307709e-2,6.92307692307692346e-2,-2.13586077094078064e-1,-1.06793038547039032e-1,7.29123945347964764e-3,3.64561972673982382e-3,-2.13387370109558105e-1,-1.06693685054779053e-1
12,19,6.00000000000000089e-1,3.07692307692307709e-2,6.92307692307692346e-2,-3.05869162082672119e-1,-1.52934581041336060e-1,1.04414918459951878e-2,5.22074592299759388e-3,-3.05584579706192017e-1,-1.52792289853096008e-1
12,20,6.30769230769230749e-1,3.07692307692307709e-2,6.92307692307692346e-2,-3.95296454429626465e-1,-1.97648227214813232e-1,1.34946294128894806e-2,6.74731470644474030e-3,-3.94928663969039917e-1,-1.97464331984519958e-1
12,21,6.61538461538461631e-1,3.07692307692307709e-2,6.92307692307692346e-2,-4.81032907962799072e-1,-2.40516453981399536e-1,1.64212044328451157e-2,8.21060221642255783e-3,-4.80585366487503052e-1,-2.40292683243751526e-1
12,22,6.92307692307692291e-1,3.07692307692307709e-2,6.92307692307692346e-2,-5.62278091907501221e-1,-2.81139045953750610e-1,1.91945750266313553e-2,9.59728751331567764e-3,-5.61754941940307617e-1,-2.80877470970153809e-1
12,23,7.23076923076923173e-1,3.07692307692307709e-2,6.92307692307692346e-2,-6.38273477554321289e-1,-3.19136738777160645e-1,2.17892434448003769e-2,1.08946217224001884e-2,-6.37679636478424072e-1,-3.18839818239212036e-1
12,24,7.53846153846153832e-1,3.07692307692307709e-2,6.92307692307692346e-2,-7.08309412002563477e-1,-3.54154706001281738e-1,2.41794940084218701e-2,1.20897470042109351e-2,-7.07650423049926758e-1,-3.53825211524963379e-1
12,25,7.84615384615384714e-1,3.07692307692307709e-2,6.92307692307692346e-2,-7.71732151508331299e-1,-3.85866075754165649e-1,2.63452772051095963e-2,1.31726386025547981e-2,-7.71014153957366943e-1,-3.85507076978683472e-1
12,26,8.15384615384615374e-1,3.07692307692307709e-2,6.92307692307692346e-2,-8.27949345111846924e-1,-4.13974672555923462e-1,2.82639283686876297e-2,1.41319641843438148e-2,-8.27179074287414551e-1,-4.13589537143707275e-1
12,27,8.46153846153846256e-1,3.07692307692307709e-2,6.92307692307692346e-2,-8.76436233520507812e-1,-4.38218116760253906e-1,2.99199745059013367e-2,1.49599872529506683e-2,-8.75620782375335693e-1,-4.37810391187667847e-1
12,28,8.76923076923076916e-1,3.07692307692307709e-2,6.92307692307692346e-2,-9.16739881038665771e-1,-4.58369940519332886e-1,3.12972888350486617e-2,1.56486444175243308e-2,-9.15886938571929932e-1,-4.57943469285964966e-1
12,29,9.07692307692307798e-1,3.07692307692307709e-2,6.92307692307692346e-2,-9.48483586311340332e-1,-4.74241793155670166e-1,3.23869362473487854e-2,1.61934681236743927e-2,-9.47600901126861572e-1,-4.73800450563430786e-1
12,30,9.38461538461538458e-1,3.07692307692307709e-2,6.92307692307692346e-2,-9.71369326114654541e-1,-4.85684663057327271e-1,3.31795457750558784e-2,1.65897728875279392e-2,-9.70465064048767090e-1,-4.85232532024383545e-1
12,31,9.69230769230769340e-1,4.61538461538461009e-2,1.03846153846153727e-1,-9.85180318355560303e-1,-4.92590159177780151e-1,5.04964403808116843e-2,2.52482201904058422e-2,-9.84262824058532715e-1,-4.92131412029266357e-1
13,0,1.53846153846153855e-2,3.07692307692307709e-2,6.92307692307692346e-2,9.87737715244293213e-1,4.93868857622146606e-1,-3.37187033146619727e-2,-1.68593516573309864e-2,9.86818730831146240e-1,4.93409365415573120e-1
13,1,4.61538461538461564e-2,3.07692307692307709e-2,6.92307692307692346e-2,9.78515505790710449e-1,4.89257752895355225e-1,-3.34037952125072410e-2,-1.67018976062536205e-2,9.77605104446411133e-1,4.88802552223205566e-1
13,2,7.69230769230769273e-2,3.07692307692307709e-2,6.92307692307692346e-2,9.60157215595245361e-1,4.80078607797622681e-1,-3.27779017388820648e-2,-1.63889508694410324e-2,9.59263920783996582e-1,4.79631960391998291e-1
13,3,1.07692307692307698e-1,3.07692307692307709e-2,6.92307692307692346e-2,9.32834029197692871e-1,4.66417014598846436e-1,-3.18440739065408568e-2,-1.59220369532704284e-2,9.31966185569763184e-1,4.65983092784881592e-1
13,4,1.38461538461538469e-1,3.07692307692307709e-2,6.92307692307692346e-2,8.96801352500915527e-1,4.48400676250457764e-1,-3.06149516254663467e-2,-1.53074758127331734e-2,8.95967006683349609e-1,4.47983503341674805e-1
13,5,1.69230769230769240e-1,3.07692307692307709e-2,6.92307692307692346e-2,8.52395355701446533e-1,4.26197677850723267e-1,-2.90983803570270538e-2,-1.45491901785135269e-2,8.51602315902709961e-1,4.25801157951354980e-1
13,6,2.00000000000000011e-1,3.07692307692307709e-2,6.92307692307692346e-2,8.00030827522277832e-1,4.00015413761138916e-1,-2.73109227418899536e-2,-1.36554613709449768e-2,7.99286484718322754e-1,3.99643242359161377e-1
13,7,2.30769230769230782e-1,3.07692307692307709e-2,6.92307692307692346e-2,7.40196645259857178e-1,3.70098322629928589e-1,-2.52684876322746277e-2,-1.26342438161373138e-2,7.39507973194122314e-1,3.69753986597061157e-1
13,8,2.61538461538461553e-1,3.07692307692307709e-2,6.92307692307692346e-2,6.73451423645019531e-1,3.36725711822509766e-1,-2.29895990341901502e-2,-1.14947995170950751e-2,6.72824859619140625e-1,3.36412429809570312e-1
13,9,2.92307692307692324e-1,3.07692307692307709e-2,6.92307692307692346e-2,6.00418448448181152e-1,3.00209224224090576e-1,-2.04969216138124466e-2,-1.02484608069062233e-2,5.99859833717346191e-1,2.99929916858673096e-1
13,10,3.23076923076923095e-1,3.07692307692307709e-2,6.92307692307692346e-2,5.21779477596282959e-1,2.60889738798141479e-1,-1.78122483193874359e-2,-8.90612415969371796e-3,5.21294057369232178e-1,2.60647028684616089e-1
13,11,3.53846153846153866e-1,3.07692307692307709e-2,6.92307692307692346e-2,4.38268780708312988e-1,2.19134390354156494e-1,-1.49612948298454285e-2,-7.48064741492271423e-3,4.37861025333404541e-1,2.18930512666702271e-1
13,12,3.84615384615384637e-1,3.07692307692307709e-2,6.92307692307692346e-2,3.50666105747222900e-1,1.75333052873611450e-1,-1.19708664715290070e-2,-5.98543323576450348e-3,3.50339859724044800e-1,1.75169929862022400e-1
13,13,4.15384615384615408e-1,3.07692307692307709e-2,6.92307692307692346e-2,2.59789347648620605e-1,1.29894673824310303e-1,-8.86847684159874916e-3,-4.43423842079937458e-3,2.59547650814056396e-1,1.29773825407028198e-1
13,14,4.46153846153846179e-1,3.07692307692307709e-2,6.92307692307692346e-2,1.66487023234367371e-1,8.32435116171836853e-2,-5.68351917900145054e-3,-2.84175958950072527e-3,1.66332125663757324e-1,8.31660628318786621e-2
13,15,4.76923076923076950e-1,3.07692307692307709e-2,6.92307692307692346e-2,7.16302320361137390e-2,3.58151160180568695e-2,-2.44523008586838841e-3,-1.22261504293419421e-3,7.15635940432548523e-2,3.57817970216274261e-2
13,16,5.07692307692307665e-1,3.07692307692307709e-2,6.92307692307692346e-2,-2.38953400403261185e-2,-1.19476700201630592e-2,8.15723673440515995e-4,4.07861836720257998e-4,-2.38731093704700470e-2,-1.19365546852350235e-2
13,17,5.38461538461538547e-1,3.07692307692307709e-2,6.92307692307692346e-2,-1.19197808206081390e-1,-5.95989041030406952e-2,4.06906352145597339e-3,2.03453176072798669e-3,-1.19086913764476776e-1,-5.95434568822383881e-2
13,18,5.69230769230769207e-1,3.07692307692307709e-2,6.92307692307692346e-2,-2.13387370109558105e-1,-1.06693685054779053e-1,7.28453812189400196e-3,3.64226906094700098e-3,-2.13188841938972473e-1,-1.06594420969486237e-1
13,19,6.00000000000000089e-1,3.07692307692307709e-2,6.92307692307692346e-2,-3.05584579706192017e-1,-1.52792289853096008e-1,1.04317395016551018e-2,5.21586975082755089e-3,-3.05300265550613403e-1,-1.52650132775306702e-1
13,20,6.30769230769230749e-1,3.07692307692307709e-2,6.92307692307692346e-2,-3.94928663969039917e-1,-1.97464331984519958e-1,1.34819895029067993e-2,6.74099475145339966e-3,-3.94561231136322021e-1,-1.97280615568161011e-1
13,21,6.61538461538461631e-1,3.07692307692307709e-2,6.92307692307692346e-2,-4.80585366487503052e-1,-2.40292683243751526e-1,1.64060583338141441e-2,8.20302916690707207e-3,-4.80138242244720459e-1,-2.40069121122360229e-1
13,22,6.92307692307692291e-1,3.07692307692307709e-2,6.92307692307692346e-2,-5.61754941940307617e-1,-2.80877470970153809e-1,1.91765958443284035e-2,9.58829792216420174e-3,-5.61232328414916992e-1,-2.80616164207458496e-1
13,23,7.23076923076923173e-1,3.07692307692307709e-2,6.92307692307692346e-2,-6.37679636478424072e-1,-3.18839818239212036e-1,2.17689760029315948e-2,1.08844880014657974e-2,-6.37086331844329834e-1,-3.18543165922164917e-1
13,24,7.53846153846153832e-1,3.07692307692307709e-2,6.92307692307692346e-2,-7.07650423049926758e-1,-3.53825211524963379e-1,2.41570472717284879e-2,1.20785236358642439e-2,-7.06992030143737793e-1,-3.53496015071868896e-1
13,25,7.84615384615384714e-1,3.07692307692307709e-2,6.92307692307692346e-2,-7.71014153957366943e-1,-3.85507076978683472e-1,2.63206511735916138e-2,1.31603255867958069e-2,-7.70296812057495117e-1,-3.85148406028747559e-1
13,26,8.15384615384615374e-1,3.07692307692307709e-2,6.92307692307692346e-2,-8.27179074287414551e-1,-4.13589537143707275e-1,2.82379947602748871e-2,1.41189973801374435e-2,-8.26409459114074707e-1,-4.13204729557037354e-1
13,27,8.46153846153846256e-1,3.07692307692307709e-2,6.92307692307692346e-2,-8.75620782375335693e-1,-4.37810391187667847e-1,2.98918616026639938e-2,1.49459308013319969e-2,-8.74806106090545654e-1,-4.37403053045272827e-1
13,28,8.76923076923076916e-1,3.07692307692307709e-2,6.92307692307692346e-2,-9.15886938571929932e-1,-4.57943469285964966e-1,3.12689580023288588e-2,1.56344790011644294e-2,-9.15034770965576172e-1,-4.57517385482788086e-1
13,29,9.07692307692307798e-1,3.07692307692307709e-2,6.92307692307692346e-2,-9.47600901126861572e-1,-4.73800450563430786e-1,3.23570799082517624e-2,1.61785399541258812e-2,-9.46719050407409668e-1,-4.73359525203704834e-1
13,30,9.38461538461538458e-1,3.07692307692307709e-2,6.92307692307692346e-2,-9.70465064048767090e-1,-4.85232532024383545e-1,3.31490356475114753e-2,1.65745178237557376e-2,-9.69561636447906494e-1,-4.84780818223953247e-1
13,31,9.69230769230769340e-1,4.61538461538461009e-2,1.03846153846153727e-1,-9.84262824058532715e-1,-4.92131412029266357e-1,5.04480600357055595e-2,2.52240300178527797e-2,-9.83346223831176758e-1,-4.91673111915588379e-1
14,0,1.53846153846153855e-2,3.07692307692307709e-2,6.92307692307692346e-2,9.86818730831146240e-1,4.93409365415573120e-1,-3.36873214691877296e-2,-1.68436607345938648e-2,9.85900640487670898e-1,4.92950320243835449e-1
14,1,4.61538461538461564e-2,3.07692307692307709e-2,6.92307692307692346e-2,9.77605104446411133e-1,4.88802552223205566e-1,-3.33726312965154578e-2,-1.66863156482577289e-2,9.76695597171783447e-1,4.88347798585891724e-1
14,2,7.69230769230769273e-2,3.07692307692307709e-2,6.92307692307692346e-2,9.59263920783996582e-1,4.79631960391998291e-1,-3.27473916113376617e-2,-1.63736958056688309e-2,9.58371460437774658e-1,4.79185730218887329e-1
14,3,1.07692307692307698e-1,3.07692307692307709e-2,6.92307692307692346e-2,9.31966185569763184e-1,4.65983092784881592e-1,-3.18146534264087538e-2,-1.59073267132043769e-2,9.31099116802215576e-1,4.65549558401107788e-1
14,4,1.38461538461538469e-1,3.07692307692307709e-2,6.92307692307692346e-2,8.95967006683349609e-1,4.47983503341674805e-1,-3.05864028632640839e-2,-1.52932014316320419e-2,8.95133435726165771e-1,4.47566717863082886e-1
14,5,1.69230769230769240e-1,3.07692307692307709e-2,6.92307692307692346e-2,8.51602315902709961e-1,4.25801157951354980e-1,-2.90713571012020111e-2,-1.45356785506010056e-2,8.50809991359710693e-1,4.25404995679855347e-1
14,6,2.00000000000000011e-1,3.07692307692307709e-2,6.92307692307692346e-2,7.99286484718322754e-1,3.99643242359161377e-1,-2.72854249924421310e-2,-1.36427124962210655e-2,7.98542857170104980e-1,3.99271428585052490e-1
14,7,2.30769230769230782e-1,3.07692307692307709e-2,6.92307692307692346e-2,7.39507973194122314e-1,3.69753986597061157e-1,-2.52449512481689453e-2,-1.26224756240844727e-2,7.38819956779479980e-1,3.69409978389739990e-1
14,8,2.61538461538461553e-1,3.07692307692307709e-2,6.92307692307692346e-2,6.72824859619140625e-1,3.36412429809570312e-1,-2.29682419449090680e-2,-1.14841209724545340e-2,6.72198891639709473e-1,3.36099445819854736e-1
14,9,2.92307692307692324e-1,3.07692307692307709e-2,6.92307692307692346e-2,5.99859833717346191e-1,2.99929916858673096e-1,-2.04777438193559647e-2,-1.02388719096779823e-2,5.99301755428314209e-1,2.99650877714157104e-1
14,10,3.23076923076923095e-1,3.07692307692307709e-2,6.92307692307692346e-2,5.21294057369232178e-1,2.60647028684616089e-1,-1.77959036082029343e-2,-8.89795180410146713e-3,5.20809054374694824e-1,2.60404527187347412e-1
14,11,3.53846153846153866e-1,3.07692307692307709e-2,6.92307692307692346e-2,4.37861025333404541e-1,2.18930512666702271e-1,-1.49472383782267570e-2,-7.47361918911337852e-3,4.37453657388687134e-1,2.18726828694343567e-1
14,12,3.84615384615384637e-1,3.07692307692307709e-2,6.92307692307692346e-2,3.50339859724044800e-1,1.75169929862022400e-1,-1.19597520679235458e-2,-5.97987603396177292e-3,3.50013911724090576e-1,1.75006955862045288e-1
14,13,4.15384615384615408e-1,3.07692307692307709e-2,6.92307692307692346e-2,2.59547650814056396e-1,1.29773825407028198e-1,-8.86025000363588333e-3,-4.43012500181794167e-3,2.59306162595748901e-1,1.29653081297874451e-1
14,14,4.46153846153846179e-1,3.07692307692307709e-2,6.92307692307692346e-2,1.66332125663757324e-1,8.31660628318786621e-2,-5.67817990668118000e-3,-2.83908995334059000e-3,1.66177377104759216e-1,8.30886885523796082e-2
14,15,4.76923076923076950e-1,3.07692307692307709e-2,6.92307692307692346e-2,7.15635940432548523e-2,3.57817970216274261e-2,-2.44300311896950006e-3,-1.22150155948475003e-3,7.14970156550407410e-2,3.57485078275203705e-2
14,16,5.07692307692307665e-1,3.07692307692307709e-2,6.92307692307692346e-2,-2.38731093704700470e-2,-1.19365546852350235e-2,8.14974540844559669e-4,4.07487270422279835e-4,-2.38508991897106171e-2,-1.19254495948553085e-2
14,17,5.38461538461538547e-1,3.07692307692307709e-2,6.92307692307692346e-2,-1.19086913764476776e-1,-5.95434568822383881e-2,4.06529742758721113e-3,2.03264871379360557e-3,-1.18976116180419922e-1,-5.94880580902099609e-2
14,18,5.69230769230769207e-1,3.07692307692307709e-2,6.92307692307692346e-2,-2.13188841938972473e-1,-1.06594420969486237e-1,7.27778230793774128e-3,3.63889115396887064e-3,-2.12990492582321167e-1,-1.06495246291160583e-1
14,19,6.00000000000000089e-1,3.07692307692307709e-2,6.92307692307692346e-2,-3.05300265550613403e-1,-1.52650132775306702e-1,1.04219871573150158e-2,5.21099357865750790e-3,-3.05016219615936279e-1,-1.52508109807968140e-1
14,20,6.30769230769230749e-1,3.07692307692307709e-2,6.92307692307692346e-2,-3.94561231136322021e-1,-1.97280615568161011e-1,1.34694585576653481e-2,6.73472927883267403e-3,-3.94194126129150391e-1,-1.97097063064575195e-1
14,21,6.61538461538461631e-1,3.07692307692307709e-2,6.92307692307692346e-2,-4.80138242244720459e-1,-2.40069121122360229e-1,1.63906943053007126e-2,8.19534715265035629e-3,-4.79691535234451294e-1,-2.39845767617225647e-1
14,22,6.92307692307692291e-1,3.07692307692307709e-2,6.92307692307692346e-2,-5.61232328414916992e-1,-2.80616164207458496e-1,1.91590525209903717e-2,9.57952626049518585e-3,-5.60710191726684570e-1,-2.80355095863342285e-1
14,23,7.23076923076923173e-1,3.07692307692307709e-2,6.92307692307692346e-2,-6.37086331844329834e-1,-3.18543165922164917e-1,2.17484906315803528e-2,1.08742453157901764e-2,-6.36493623256683350e-1,-3.18246811628341675e-1
14,24,7.53846153846153832e-1,3.07692307692307709e-2,6.92307692307692346e-2,-7.06992030143737793e-1,-3.53496015071868896e-1,2.41346005350351056e-2,1.20673002675175528e-2,-7.06334292888641357e-1,-3.53167146444320679e-1
14,25,7.84615384615384714e-1,3.07692307692307709e-2,6.92307692307692346e-2,-7.70296812057495117e-1,-3.85148406028747559e-1,2.62962430715560913e-2,1.31481215357780457e-2,-7.69580125808715820e-1,-3.84790062904357910e-1
14,26,8.15384615384615374e-1,3.07692307692307709e-2,6.92307692307692346e-2,-8.26409459114074707e-1,-4.13204729557037354e-1,2.82116252928972244e-2,1.41058126464486122e-2,-8.25640559196472168e-1,-4.12820279598236084e-1
14,27,8.46153846153846256e-1,3.07692307692307709e-2,6.92307692307692346e-2,-8.74806106090545654e-1,-4.37403053045272827e-1,2.98641845583915710e-2,1.49320922791957855e-2,-8.73992204666137695e-1,-4.36996102333068848e-1
14,28,8.76923076923076916e-1,3.07692307692307709e-2,6.92307692307692346e-2,-9.15034770965576172e-1,-4.57517385482788086e-1,3.12404092401265959e-2,1.56202046200632980e-2,-9.14183378219604492e-1,-4.57091689109802246e-1
14,29,9.07692307692307798e-1,3.07692307692307709e-2,6.92307692307692346e-2,-9.46719050407409668e-1,-4.73359525203704834e-1,3.23274414986371994e-2,1.61637207493185997e-2,-9.45838034152984619e-1,-4.72919017076492310e-1
14,30,9.38461538461538458e-1,3.07692307692307709e-2,6.92307692307692346e-2,-9.69561636447906494e-1,-4.84780818223953247e-1,3.31183075904846122e-2,1.65591537952423061e-2,-9.68659043312072754e-1,-4.84329521656036377e-1
14,31,9.69230769230769340e-1,4.61538461538461009e-2,1.03846153846153727e-1,-9.83346223831176758e-1,-4.91673111915588379e-1,5.03998976200818946e-2,2.51999488100409473e-2,-9.82430517673492432e-1,-4.91215258836746216e-1
15,0,1.53846153846153855e-2,3.07692307692307709e-2,6.92307692307692346e-2,9.85900640487670898e-1,4.92950320243835449e-1,-3.36559396237134864e-2,-1.68279698118567432e-2,9.84983384609222412e-1,4.92491692304611206e-1
15,1,4.61538461538461564e-2,3.07692307692307709e-2,6.92307692307692346e-2,9.76695597171783447e-1,4.88347798585891724e-1,-3.33416853100061347e-2,-1.66708426550030674e-2,9.75786924362182617e-1,4.87893462181091309e-1
15,2,7.69230769230769273e-2,3.07692307692307709e-2,6.92307692307692346e-2,9.58371460437774658e-1,4.79185730218887329e-1,-3.27168814837932587e-2,-1.63584407418966293e-2,9.57479834556579590e-1,4.78739917278289795e-1
15,3,1.07692307692307698e-1,3.07692307692307709e-2,6.92307692307692346e-2,9.31099116802215576e-1,4.65549558401107788e-1,-3.17850150167941908e-2,-1.58925075083970954e-2,9.30232882499694824e-1,4.65116441249847412e-1
15,4,1.38461538461538469e-1,3.07692307692307709e-2,6.92307692307692346e-2,8.95133435726165771e-1,4.47566717863082886e-1,-3.05580720305442810e-2,-1.52790360152721405e-2,8.94300639629364014e-1,4.47150319814682007e-1
15,5,1.69230769230769240e-1,3.07692307692307709e-2,6.92307692307692346e-2,8.50809991359710693e-1,4.25404995679855347e-1,-2.90441159158945084e-2,-1.45220579579472542e-2,8.50018441677093506e-1,4.25009220838546753e-1
15,6,2.00000000000000011e-1,3.07692307692307709e-2,6.92307692307692346e-2,7.98542857170104980e-1,3.99271428585052490e-1,-2.72601451724767685e-2,-1.36300725862383842e-2,7.97799944877624512e-1,3.98899972438812256e-1
15,7,2.30769230769230782e-1,3.07692307692307709e-2,6.92307692307692346e-2,7.38819956779479980e-1,3.69409978389739990e-1,-2.52214148640632629e-2,-1.26107074320316315e-2,7.38132596015930176e-1,3.69066298007965088e-1
15,8,2.61538461538461553e-1,3.07692307692307709e-2,6.92307692307692346e-2,6.72198891639709473e-1,3.36099445819854736e-1,-2.29468848556279859e-2,-1.14734424278139929e-2,6.71573519706726074e-1,3.35786759853363037e-1
15,9,2.92307692307692324e-1,3.07692307692307709e-2,6.92307692307692346e-2,5.99301755428314209e-1,2.99650877714157104e-1,-2.04587839543819427e-2,-1.02293919771909714e-2,5.98744153976440430e-1,2.99372076988220215e-1
15,10,3.23076923076923095e-1,3.07692307692307709e-2,6.92307692307692346e-2,5.20809054374694824e-1,2.60404527187347412e-1,-1.77792320027947426e-2,-8.88961600139737129e-3,5.20324528217315674e-1,2.60162264108657837e-1
15,11,3.53846153846153866e-1,3.07692307692307709e-2,6.92307692307692346e-2,4.37453657388687134e-1,2.18726828694343567e-1,-1.49333998560905457e-2,-7.46669992804527283e-3,4.37046676874160767e-1,2.18523338437080383e-1
15,12,3.84615384615384637e-1,3.07692307692307709e-2,6.92307692307692346e-2,3.50013911724090576e-1,1.75006955862045288e-1,-1.19486376643180847e-2,-5.97431883215904236e-3,3.49688261747360229e-1,1.74844130873680115e-1
15,13,4.15384615384615408e-1,3.07692307692307709e-2,6.92307692307692346e-2,2.59306162595748901e-1,1.29653081297874451e-1,-8.85191420093178749e-3,-4.42595710046589375e-3,2.59064912796020508e-1,1.29532456398010254e-1
15,14,4.46153846153846179e-1,3.07692307692307709e-2,6.92307692307692346e-2,1.66177377104759216e-1,8.30886885523796082e-2,-5.67294959910213947e-3,-2.83647479955106974e-3,1.66022762656211853e-1,8.30113813281059265e-2
15,15,4.76923076923076950e-1,3.07692307692307709e-2,6.92307692307692346e-2,7.14970156550407410e-2,3.57485078275203705e-2,-2.44074210058897734e-3,-1.22037105029448867e-3,7.14304968714714050e-2,3.57152484357357025e-2
15,16,5.07692307692307665e-1,3.07692307692307709e-2,6.92307692307692346e-2,-2.38508991897106171e-2,-1.19254495948553085e-2,8.14239028841257095e-4,4.07119514420628548e-4,-2.38287076354026794e-2,-1.19143538177013397e-2
15,17,5.38461538461538547e-1,3.07692307692307709e-2,6.92307692307692346e-2,-1.18976116180419922e-1,-5.94880580902099609e-2,4.06151090282946825e-3,2.03075545141473413e-3,-1.18865422904491425e-1,-5.94327114522457123e-2
15,18,5.69230769230769207e-1,3.07692307692307709e-2,6.92307692307692346e-2,-2.12990492582321167e-1,-1.06495246291160583e-1,7.27099925279617310e-3,3.63549962639808655e-3,-2.12792336940765381e-1,-1.06396168470382690e-1
15,19,6.00000000000000089e-1,3.07692307692307709e-2,6.92307692307692346e-2,-3.05016219615936279e-1,-1.52508109807968140e-1,1.04123437777161598e-2,5.20617188885807991e-3,-3.04732441902160645e-1,-1.52366220951080322e-1
15,20,6.30769230769230749e-1,3.07692307692307709e-2,6.92307692307692346e-2,-3.94194126129150391e-1,-1.97097063064575195e-1,1.34568186476826668e-2,6.72840932384133339e-3,-3.93827378749847412e-1,-1.96913689374923706e-1
15,21,6.61538461538461631e-1,3.07692307692307709e-2,6.92307692307692346e-2,-4.79691535234451294e-1,-2.39845767617225647e-1,1.63754392415285110e-2,8.18771962076425552e-3,-4.79245245456695557e-1,-2.39622622728347778e-1
15,22,6.92307692307692291e-1,3.07692307692307709e-2,6.92307692307692346e-2,-5.60710191726684570e-1,-2.80355095863342285e-1,1.91412912681698799e-2,9.57064563408493996e-3,-5.60188531875610352e-1,-2.80094265937805176e-1
15,23,7.23076923076923173e-1,3.07692307692307709e-2,6.92307692307692346e-2,-6.36493623256683350e-1,-3.18246811628341675e-1,2.17282231897115707e-2,1.08641115948557854e-2,-6.35901451110839844e-1,-3.17950725555419922e-1
15,24,7.53846153846153832e-1,3.07692307692307709e-2,6.92307692307692346e-2,-7.06334292888641357e-1,-3.53167146444320679e-1,2.41123717278241834e-2,1.20561858639120917e-2,-7.05677151679992676e-1,-3.52838575839996338e-1
15,25,7.84615384615384714e-1,3.07692307692307709e-2,6.92307692307692346e-2,-7.69580125808715820e-1,-3.84790062904357910e-1,2.62716170400381088e-2,1.31358085200190544e-2,-7.68864154815673828e-1,-3.84432077407836914e-1
15,26,8.15384615384615374e-1,3.07692307692307709e-2,6.92307692307692346e-2,-8.25640559196472168e-1,-4.12820279598236084e-1,2.81852558255195618e-2,1.40926279127597809e-2,-8.24872434139251709e-1,-4.12436217069625854e-1
15,27,8.46153846153846256e-1,3.07692307692307709e-2,6.92307692307692346e-2,-8.73992204666137695e-1,-4.36996102333068848e-1,2.98367254436016083e-2,1.49183627218008041e-2,-8.73179018497467041e-1,-4.36589509248733521e-1
15,28,8.76923076923076916e-1,3.07692307692307709e-2,6.92307692307692346e-2,-9.14183378219604492e-1,-4.57091689109802246e-1,3.12116425484418730e-2,1.56058212742209365e-2,-9.13332760334014893e-1,-4.56666380167007446e-1
15,29,9.07692307692307798e-1,3.07692307692307709e-2,6.92307692307692346e-2,-9.45838034152984619e-1,-4.72919017076492310e-1,3.22980210185050964e-2,1.61490105092525482e-2,-9.44957792758941650e-1,-4.72478896379470825e-1
15,30,9.38461538461538458e-1,3.07692307692307709e-2,6.92307692307692346e-2,-9.68659043312072754e-1,-4.84329521656036377e-1,3.30873616039752891e-2,1.65436808019876445e-2,-9.67757284641265869e-1,-4.83878642320632935e-1
15,31,9.69230769230769340e-1,4.61538461538461009e-2,1.03846153846153727e-1,-9.82430517673492432e-1,-4.91215258836746216e-1,5.03519531339406898e-2,2.51759765669703449e-2,-9.81515645980834961e-1,-4.90757822990417480e-1
16,0,1.53846153846153855e-2,3.07692307692307709e-2,6.92307692307692346e-2,9.84983384609222412e-1,4.92491692304611206e-1,-3.36245577782392432e-2,-1.68122788891196216e-2,9.84066963195800781e-1,4.92033481597900391e-1
16,1,4.61538461538461564e-2,3.07692307692307709e-2,6.92307692307692346e-2,9.75786924362182617e-1,4.87893462181091309e-1,-3.33107393234968116e-2,-1.66553696617484058e-2,9.74879086017608643e-1,4.87439543008804321e-1
16,2,7.69230769230769273e-2,3.07692307692307709e-2,6.92307692307692346e-2,9.57479834556579590e-1,4.78739917278289795e-1,-3.26863713562488556e-2,-1.63431856781244278e-2,9.56588983535766602e-1,4.78294491767883301e-1
16,3,1.07692307692307698e-1,3.07692307692307709e-2,6.92307692307692346e-2,9.30232882499694824e-1,4.65116441249847412e-1,-3.17555945366620879e-2,-1.58777972683310439e-2,9.29367423057556152e-1,4.64683711528778076e-1
16,4,1.38461538461538469e-1,3.07692307692307709e-2,6.92307692307692346e-2,8.94300639629364014e-1,4.47150319814682007e-1,-3.05295232683420181e-2,-1.52647616341710091e-2,8.93468618392944336e-1,4.46734309196472168e-1
16,5,1.69230769230769240e-1,3.07692307692307709e-2,6.92307692307692346e-2,8.50018441677093506e-1,4.25009220838546753e-1,-2.90170926600694656e-2,-1.45085463300347328e-2,8.49227607250213623e-1,4.24613803625106812e-1
16,6,2.00000000000000011e-1,3.07692307692307709e-2,6.92307692307692346e-2,7.97799944877624512e-1,3.98899972438812256e-1,-2.72348653525114059e-2,-1.36174326762557030e-2,7.97057688236236572e-1,3.98528844118118286e-1
16,7,2.30769230769230782e-1,3.07692307692307709e-2,6.92307692307692346e-2,7.38132596015930176e-1,3.69066298007965088e-1,-2.51978784799575806e-2,-1.25989392399787903e-2,7.37445890903472900e-1,3.68722945451736450e-1
16,8,2.61538461538461553e-1,3.07692307692307709e-2,6.92307692307692346e-2,6.71573519706726074e-1,3.35786759853363037e-1,-2.29257456958293637e-2,-1.14628728479146819e-2,6.70948684215545654e-1,3.35474342107772827e-1
16,9,2.92307692307692324e-1,3.07692307692307709e-2,6.92307692307692346e-2,5.98744153976440430e-1,2.99372076988220215e-1,-2.04393882304430008e-2,-1.02196941152215004e-2,5.98187088966369629e-1,2.99093544483184814e-1
16,10,3.23076923076923095e-1,3.07692307692307709e-2,6.92307692307692346e-2,5.20324528217315674e-1,2.60162264108657837e-1,-1.77628872916102409e-2,-8.88144364580512047e-3,5.19840419292449951e-1,2.59920209646224976e-1
16,11,3.53846153846153866e-1,3.07692307692307709e-2,6.92307692307692346e-2,4.37046676874160767e-1,2.18523338437080383e-1,-1.49195613339543343e-2,-7.45978066697716713e-3,4.36640053987503052e-1,2.18320026993751526e-1
16,12,3.84615384615384637e-1,3.07692307692307709e-2,6.92307692307692346e-2,3.49688261747360229e-1,1.74844130873680115e-1,-1.19374142959713936e-2,-5.96870714798569679e-3,3.49362909793853760e-1,1.74681454896926880e-1
16,13,4.15384615384615408e-1,3.07692307692307709e-2,6.92307692307692346e-2,2.59064912796020508e-1,1.29532456398010254e-1,-8.84374184533953667e-3,-4.42187092266976833e-3,2.58823901414871216e-1,1.29411950707435608e-1
16,14,4.46153846153846179e-1,3.07692307692307709e-2,6.92307692307692346e-2,1.66022762656211853e-1,8.30113813281059265e-2,-5.66761032678186893e-3,-2.83380516339093447e-3,1.65868297219276428e-1,8.29341486096382141e-2
16,15,4.76923076923076950e-1,3.07692307692307709e-2,6.92307692307692346e-2,7.14304968714714050e-2,3.57152484357357025e-2,-2.43849470280110836e-3,-1.21924735140055418e-3,7.13640376925468445e-2,3.56820188462734222e-2
16,16,5.07692307692307665e-1,3.07692307692307709e-2,6.92307692307692346e-2,-2.38287076354026794e-2,-1.19143538177013397e-2,8.13476275652647018e-4,4.06738137826323509e-4,-2.38065365701913834e-2,-1.19032682850956917e-2
16,17,5.38461538461538547e-1,3.07692307692307709e-2,6.92307692307692346e-2,-1.18865422904491425e-1,-5.94327114522457123e-2,4.05771075747907162e-3,2.02885537873953581e-3,-1.18754833936691284e-1,-5.93774169683456421e-2
16,18,5.69230769230769207e-1,3.07692307692307709e-2,6.92307692307692346e-2,-2.12792336940765381e-1,-1.06396168470382690e-1,7.26427068002521992e-3,3.63213534001260996e-3,-2.12594360113143921e-1,-1.06297180056571960e-1
16,19,6.00000000000000089e-1,3.07692307692307709e-2,6.92307692307692346e-2,-3.04732441902160645e-1,-1.52366220951080322e-1,1.04026459157466888e-2,5.20132295787334442e-3,-3.04448932409286499e-1,-1.52224466204643250e-1
16,20,6.30769230769230749e-1,3.07692307692307709e-2,6.92307692307692346e-2,-3.93827378749847412e-1,-1.96913689374923706e-1,1.34442877024412155e-2,6.72214385122060776e-3,-3.93460959196090698e-1,-1.96730479598045349e-1
16,21,6.61538461538461631e-1,3.07692307692307709e-2,6.92307692307692346e-2,-4.79245245456695557e-1,-2.39622622728347778e-1,1.63601841777563095e-2,8.18009208887815475e-3,-4.78799372911453247e-1,-2.39399686455726624e-1
16,22,6.92307692307692291e-1,3.07692307692307709e-2,6.92307692307692346e-2,-5.60188531875610352e-1,-2.80094265937805176e-1,1.91235300153493881e-2,9.56176500767469406e-3,-5.59667348861694336e-1,-2.79833674430847168e-1
16,23,7.23076923076923173e-1,3.07692307692307709e-2,6.92307692307692346e-2,-6.35901451110839844e-1,-3.17950725555419922e-1,2.17079557478427887e-2,1.08539778739213943e-2,-6.35309815406799316e-1,-3.17654907703399658e-1
16,24,7.53846153846153832e-1,3.07692307692307709e-2,6.92307692307692346e-2,-7.05677151679992676e-1,-3.52838575839996338e-1,2.40899249911308011e-2,1.20449624955654006e-2,-7.05020606517791748e-1,-3.52510303258895874e-1
16,25,7.84615384615384714e-1,3.07692307692307709e-2,6.92307692307692346e-2,-7.68864154815673828e-1,-3.84432077407836914e-1,2.62472089380025864e-2,1.31236044690012932e-2,-7.68148839473724365e-1,-3.84074419736862183e-1
16,26,8.15384615384615374e-1,3.07692307692307709e-2,6.92307692307692346e-2,-8.24872434139251709e-1,-4.12436217069625854e-1,2.81593222171068192e-2,1.40796611085534096e-2,-8.24104964733123779e-1,-4.12052482366561890e-1
16,27,8.46153846153846256e-1,3.07692307692307709e-2,6.92307692307692346e-2,-8.73179018497467041e-1,-4.36589509248733521e-1,2.98088304698467255e-2,1.49044152349233627e-2,-8.72366607189178467e-1,-4.36183303594589233e-1
16,28,8.76923076923076916e-1,3.07692307692307709e-2,6.92307692307692346e-2,-9.13332760334014893e-1,-4.56666380167007446e-1,3.11830937862396101e-2,1.55915468931198051e-2,-9.12482917308807373e-1,-4.56241458654403687e-1
16,29,9.07692307692307798e-1,3.07692307692307709e-2,6.92307692307692346e-2,-9.44957792758941650e-1,-4.72478896379470825e-1,3.22683826088905334e-2,1.61341913044452667e-2,-9.44078385829925537e-1,-4.72039192914962769e-1
16,30,9.38461538461538458e-1,3.07692307692307709e-2,6.92307692307692346e-2,-9.67757284641265869e-1,-4.83878642320632935e-1,3.30566335469484260e-2,1.65283167734742130e-2,-9.66856360435485840e-1,-4.83428180217742920e-1
16,31,9.69230769230769340e-1,4.61538461538461009e-2,1.03846153846153727e-1,-9.81515645980834961e-1,-4.90757822990417480e-1,5.03040086477994849e-2,2.51520043238997425e-2,-9.80601668357849121e-1,-4.90300834178924561e-1
17,0,1.53846153846153855e-2,3.07692307692307709e-2,6.92307692307692346e-2,9.84066963195800781e-1,4.92033481597900391e-1,-3.35931759327650001e-2,-1.67965879663825000e-2,9.83151435852050781e-1,4.91575717926025391e-1
17,1,4.61538461538461564e-2,3.07692307692307709e-2,6.92307692307692346e-2,9.74879086017608643e-1,4.87439543008804321e-1,-3.32800112664699485e-2,-1.66400056332349743e-2,9.73972082138061523e-1,4.86986041069030762e-1
17,2,7.69230769230769273e-2,3.07692307692307709e-2,6.92307692307692346e-2,9.56588983535766602e-1,4.78294491767883301e-1,-3.26556432992219925e-2,-1.63278216496109962e-2,9.55699026584625244e-1,4.77849513292312622e-1
17,3,1.07692307692307698e-1,3.07692307692307709e-2,6.92307692307692346e-2,9.29367423057556152e-1,4.64683711528778076e-1,-3.17261740565299849e-2,-1.58630870282649925e-2,9.28502798080444336e-1,4.64251399040222168e-1
17,4,1.38461538461538469e-1,3.07692307692307709e-2,6.92307692307692346e-2,8.93468618392944336e-1,4.46734309196472168e-1,-3.05011924356222153e-2,-1.52505962178111076e-2,8.92637372016906738e-1,4.46318686008453369e-1
17,5,1.69230769230769240e-1,3.07692307692307709e-2,6.92307692307692346e-2,8.49227607250213623e-1,4.24613803625106812e-1,-2.89900694042444229e-2,-1.44950347021222115e-2,8.48437547683715820e-1,4.24218773841857910e-1
17,6,2.00000000000000011e-1,3.07692307692307709e-2,6.92307692307692346e-2,7.97057688236236572e-1,3.98528844118118286e-1,-2.72093676030635834e-2,-1.36046838015317917e-2,7.96316146850585938e-1,3.98158073425292969e-1
17,7,2.30769230769230782e-1,3.07692307692307709e-2,6.92307692307692346e-2,7.37445890903472900e-1,3.68722945451736450e-1,-2.51747779548168182e-2,-1.25873889774084091e-2,7.36759781837463379e-1,3.68379890918731689e-1
17,8,2.61538461538461553e-1,3.07692307692307709e-2,6.92307692307692346e-2,6.70948684215545654e-1,3.35474342107772827e-1,-2.29041706770658215e-2,-1.14520853385329108e-2,6.70324444770812988e-1,3.35162222385406494e-1
17,9,2.92307692307692324e-1,3.07692307692307709e-2,6.92307692307692346e-2,5.98187088966369629e-1,2.99093544483184814e-1,-2.04204283654689789e-2,-1.02102141827344894e-2,5.97630560398101807e-1,2.98815280199050903e-1
17,10,3.23076923076923095e-1,3.07692307692307709e-2,6.92307692307692346e-2,5.19840419292449951e-1,2.59920209646224976e-1,-1.77463246509432793e-2,-8.87316232547163963e-3,5.19356787204742432e-1,2.59678393602371216e-1
17,11,3.53846153846153866e-1,3.07692307692307709e-2,6.92307692307692346e-2,4.36640053987503052e-1,2.18320026993751526e-1,-1.49057228118181229e-2,-7.45286140590906143e-3,4.36233818531036377e-1,2.18116909265518188e-1
17,12,3.84615384615384637e-1,3.07692307692307709e-2,6.92307692307692346e-2,3.49362909793853760e-1,1.74681454896926880e-1,-1.19261909276247025e-2,-5.96309546381235123e-3,3.49037885665893555e-1,1.74518942832946777e-1
17,13,4.15384615384615408e-1,3.07692307692307709e-2,6.92307692307692346e-2,2.58823901414871216e-1,1.29411950707435608e-1,-8.83567845448851585e-3,-4.41783922724425793e-3,2.58583098649978638e-1,1.29291549324989319e-1
17,14,4.46153846153846179e-1,3.07692307692307709e-2,6.92307692307692346e-2,1.65868297219276428e-1,8.29341486096382141e-2,-5.66227105446159840e-3,-2.83113552723079920e-3,1.65713980793952942e-1,8.28569903969764709e-2
17,15,4.76923076923076950e-1,3.07692307692307709e-2,6.92307692307692346e-2,7.13640376925468445e-2,3.56820188462734222e-2,-2.43621325353160501e-3,-1.21810662676580250e-3,7.12976455688476562e-2,3.56488227844238281e-2
17,16,5.07692307692307665e-1,3.07692307692307709e-2,6.92307692307692346e-2,-2.38065365701913834e-2,-1.19032682850956917e-2,8.12699901871383190e-4,4.06349950935691595e-4,-2.37843878567218781e-2,-1.18921939283609390e-2
17,17,5.38461538461538547e-1,3.07692307692307709e-2,6.92307692307692346e-2,-1.18754833936691284e-1,-5.93774169683456421e-2,4.05394466361030936e-3,2.02697233180515468e-3,-1.18644349277019501e-1,-5.93221746385097504e-2
17,18,5.69230769230769207e-1,3.07692307692307709e-2,6.92307692307692346e-2,-2.12594360113143921e-1,-1.06297180056571960e-1,7.25748762488365173e-3,3.62874381244182587e-3,-2.12396562099456787e-1,-1.06198281049728394e-1
17,19,6.00000000000000089e-1,3.07692307692307709e-2,6.92307692307692346e-2,-3.04448932409286499e-1,-1.52224466204643250e-1,1.03930570185184479e-2,5.19652850925922394e-3,-3.04165691137313843e-1,-1.52082845568656921e-1
17,20,6.30769230769230749e-1,3.07692307692307709e-2,6.92307692307692346e-2,-3.93460959196090698e-1,-1.96730479598045349e-1,1.34316477924585342e-2,6.71582389622926712e-3,-3.93094897270202637e-1,-1.96547448635101318e-1
17,21,6.61538461538461631e-1,3.07692307692307709e-2,6.92307692307692346e-2,-4.78799372911453247e-1,-2.39399686455726624e-1,1.63450380787253380e-2,8.17251903936266899e-3,-4.78353917598724365e-1,-2.39176958799362183e-1
17,22,6.92307692307692291e-1,3.07692307692307709e-2,6.92307692307692346e-2,-5.59667348861694336e-1,-2.79833674430847168e-1,1.91057687625288963e-2,9.55288438126444817e-3,-5.59146642684936523e-1,-2.79573321342468262e-1
17,23,7.23076923076923173e-1,3.07692307692307709e-2,6.92307692307692346e-2,-6.35309815406799316e-1,-3.17654907703399658e-1,2.16876883059740067e-2,1.08438441529870033e-2,-6.34718775749206543e-1,-3.17359387874603271e-1
17,24,7.53846153846153832e-1,3.07692307692307709e-2,6.92307692307692346e-2,-7.05020606517791748e-1,-3.52510303258895874e-1,2.40674782544374188e-2,1.20337391272187094e-2,-7.04364657402038574e-1,-3.52182328701019287e-1
17,25,7.84615384615384714e-1,3.07692307692307709e-2,6.92307692307692346e-2,-7.68148839473724365e-1,-3.84074419736862183e-1,2.62230187654495239e-2,1.31115093827247620e-2,-7.67434179782867432e-1,-3.83717089891433716e-1
17,26,8.15384615384615374e-1,3.07692307692307709e-2,6.92307692307692346e-2,-8.24104964733123779e-1,-4.12052482366561890e-1,2.81329527497291565e-2,1.40664763748645782e-2,-8.23338210582733154e-1,-4.11669105291366577e-1
17,27,8.46153846153846256e-1,3.07692307692307709e-2,6.92307692307692346e-2,-8.72366607189178467e-1,-4.36183303594589233e-1,2.97813713550567627e-2,1.48906856775283813e-2,-8.71554970741271973e-1,-4.35777485370635986e-1
17,28,8.76923076923076916e-1,3.07692307692307709e-2,6.92307692307692346e-2,-9.12482917308807373e-1,-4.56241458654403687e-1,3.11543270945548872e-2,1.55771635472774436e-2,-9.11633849143981934e-1,-4.55816924571990967e-1
17,29,9.07692307692307798e-1,3.07692307692307709e-2,6.92307692307692346e-2,-9.44078385829925537e-1,-4.72039192914962769e-1,3.22389621287584305e-2,1.61194810643792152e-2,-9.43199753761291504e-1,-4.71599876880645752e-1
17,30,9.38461538461538458e-1,3.07692307692307709e-2,6.92307692307692346e-2,-9.66856360435485840e-1,-4.83428180217742920e-1,3.30256875604391029e-2,1.65128437802195514e-2,-9.65956270694732666e-1,-4.82978135347366333e-1
17,31,9.69230769230769340e-1,4.61538461538461009e-2,1.03846153846153727e-1,-9.80601668357849121e-1,-4.90300834178924561e-1,5.02562820911407401e-2,2.51281410455703701e-2,-9.79688584804534912e-1,-4.89844292402267456e-1
18,0,1.53846153846153855e-2,3.07692307692307709e-2,6.92307692307692346e-2,9.83151435852050781e-1,4.91575717926025391e-1,-3.35620120167732169e-2,-1.67810060083866085e-2,9.82236742973327637e-1,4.91118371486663818e-1
18,1,4.61538461538461564e-2,3.07692307692307709e-2,6.92307692307692346e-2,9.73972082138061523e-1,4.86986041069030762e-1,-3.32488473504781654e-2,-1.66244236752390827e-2,9.73065912723541260e-1,4.86532956361770630e-1
18,2,7.69230769230769273e-2,3.07692307692307709e-2,6.92307692307692346e-2,9.55699026584625244e-1,4.77849513292312622e-1,-3.26253511011600494e-2,-1.63126755505800247e-2,9.54809844493865967e-1,4.77404922246932983e-1
18,3,1.07692307692307698e-1,3.07692307692307709e-2,6.92307692307692346e-2,9.28502798080444336e-1,4.64251399040222168e-1,-3.16967535763978819e-2,-1.58483767881989410e-2,9.27638947963714600e-1,4.63819473981857300e-1
18,4,1.38461538461538469e-1,3.07692307692307709e-2,6.92307692307692346e-2,8.92637372016906738e-1,4.46318686008453369e-1,-3.04726436734199524e-2,-1.52363218367099762e-2,8.91806900501251221e-1,4.45903450250625610e-1
18,5,1.69230769230769240e-1,3.07692307692307709e-2,6.92307692307692346e-2,8.48437547683715820e-1,4.24218773841857910e-1,-2.89632640779018402e-2,-1.44816320389509201e-2,8.47648203372955322e-1,4.23824101686477661e-1
18,6,2.00000000000000011e-1,3.07692307692307709e-2,6.92307692307692346e-2,7.96316146850585938e-1,3.98158073425292969e-1,-2.71840877830982208e-2,-1.35920438915491104e-2,7.95575261116027832e-1,3.97787630558013916e-1
18,7,2.30769230769230782e-1,3.07692307692307709e-2,6.92307692307692346e-2,7.36759781837463379e-1,3.68379890918731689e-1,-2.51512415707111359e-2,-1.25756207853555679e-2,7.36074328422546387e-1,3.68037164211273193e-1
18,8,2.61538461538461553e-1,3.07692307692307709e-2,6.92307692307692346e-2,6.70324444770812988e-1,3.35162222385406494e-1,-2.28828135877847394e-2,-1.14414067938923697e-2,6.69700801372528076e-1,3.34850400686264038e-1
18,9,2.92307692307692324e-1,3.07692307692307709e-2,6.92307692307692346e-2,5.97630560398101807e-1,2.98815280199050903e-1,-2.04014685004949570e-2,-1.02007342502474785e-2,5.97074568271636963e-1,2.98537284135818481e-1
18,10,3.23076923076923095e-1,3.07692307692307709e-2,6.92307692307692346e-2,5.19356787204742432e-1,2.59678393602371216e-1,-1.77298709750175476e-2,-8.86493548750877380e-3,5.18873572349548340e-1,2.59436786174774170e-1
18,11,3.53846153846153866e-1,3.07692307692307709e-2,6.92307692307692346e-2,4.36233818531036377e-1,2.18116909265518188e-1,-1.48917753249406815e-2,-7.44588766247034073e-3,4.35827970504760742e-1,2.17913985252380371e-1
18,12,3.84615384615384637e-1,3.07692307692307709e-2,6.92307692307692346e-2,3.49037885665893555e-1,1.74518942832946777e-1,-1.19151854887604713e-2,-5.95759274438023567e-3,3.48713159561157227e-1,1.74356579780578613e-1
18,13,4.15384615384615408e-1,3.07692307692307709e-2,6.92307692307692346e-2,2.58583098649978638e-1,1.29291549324989319e-1,-8.82739713415503502e-3,-4.41369856707751751e-3,2.58342534303665161e-1,1.29171267151832581e-1
18,14,4.46153846153846179e-1,3.07692307692307709e-2,6.92307692307692346e-2,1.65713980793952942e-1,8.28569903969764709e-2,-5.65701350569725037e-3,-2.82850675284862518e-3,1.65559813380241394e-1,8.27799066901206970e-2
18,15,4.76923076923076950e-1,3.07692307692307709e-2,6.92307692307692346e-2,7.12976455688476562e-2,3.56488227844238281e-2,-2.43395904544740915e-3,-1.21697952272370458e-3,7.12313130497932434e-2,3.56156565248966217e-2
18,16,5.07692307692307665e-1,3.07692307692307709e-2,6.92307692307692346e-2,-2.37843878567218781e-2,-1.18921939283609390e-2,8.11950769275426865e-4,4.05975384637713432e-4,-2.37622596323490143e-2,-1.18811298161745071e-2
18,17,5.38461538461538547e-1,3.07692307692307709e-2,6.92307692307692346e-2,-1.18644349277019501e-1,-5.93221746385097504e-2,4.05020581092685461e-3,2.02510290546342731e-3,-1.18533968925476074e-1,-5.92669844627380371e-2
18,18,5.69230769230769207e-1,3.07692307692307709e-2,6.92307692307692346e-2,-2.12396562099456787e-1,-1.06198281049728394e-1,7.25065008737146854e-3,3.62532504368573427e-3,-2.12198957800865173e-1,-1.06099478900432587e-1
18,19,6.00000000000000089e-1,3.07692307692307709e-2,6.92307692307692346e-2,-3.04165691137313843e-1,-1.52082845568656921e-1,1.03834681212902069e-2,5.19173406064510345e-3,-3.03882718086242676e-1,-1.51941359043121338e-1
18,20,6.30769230769230749e-1,3.07692307692307709e-2,6.92307692307692346e-2,-3.93094897270202637e-1,-1.96547448635101318e-1,1.34191168472170830e-2,6.70955842360854149e-3,-3.92729163169860840e-1,-1.96364581584930420e-1
18,21,6.61538461538461631e-1,3.07692307692307709e-2,6.92307692307692346e-2,-4.78353917598724365e-1,-2.39176958799362183e-1,1.63298919796943665e-2,8.16494598984718323e-3,-4.77908879518508911e-1,-2.38954439759254456e-1
18,22,6.92307692307692291e-1,3.07692307692307709e-2,6.92307692307692346e-2,-5.59146642684936523e-1,-2.79573321342468262e-1,1.90877895802259445e-2,9.54389479011297226e-3,-5.58626413345336914e-1,-2.79313206672668457e-1
18,23,7.23076923076923173e-1,3.07692307692307709e-2,6.92307692307692346e-2,-6.34718775749206543e-1,-3.17359387874603271e-1,2.16678567230701447e-2,1.08339283615350723e-2,-6.34128272533416748e-1,-3.17064136266708374e-1
18,24,7.53846153846153832e-1,3.07692307692307709e-2,6.92307692307692346e-2,-7.04364657402038574e-1,-3.52182328701019287e-1,2.40448135882615766e-2,1.20224067941307883e-2,-7.03709363937377930e-1,-3.51854681968688965e-1
18,25,7.84615384615384714e-1,3.07692307692307709e-2,6.92307692307692346e-2,-7.67434179782867432e-1,-3.83717089891433716e-1,2.61988285928964615e-2,1.30994142964482307e-2,-7.66720175743103027e-1,-3.83360087871551514e-1
18,26,8.15384615384615374e-1,3.07692307692307709e-2,6.92307692307692346e-2,-8.23338210582733154e-1,-4.11669105291366577e-1,2.81065832823514938e-2,1.40532916411757469e-2,-8.22572231292724609e-1,-4.11286115646362305e-1
18,27,8.46153846153846256e-1,3.07692307692307709e-2,6.92307692307692346e-2,-8.71554970741271973e-1,-4.35777485370635986e-1,2.97541301697492599e-2,1.48770650848746300e-2,-8.70744049549102783e-1,-4.35372024774551392e-1
18,28,8.76923076923076916e-1,3.07692307692307709e-2,6.92307692307692346e-2,-9.11633849143981934e-1,-4.55816924571990967e-1,3.11255604028701643e-2,1.55627802014350822e-2,-9.10785555839538574e-1,-4.55392777919769287e-1
18,29,9.07692307692307798e-1,3.07692307692307709e-2,6.92307692307692346e-2,-9.43199753761291504e-1,-4.71599876880645752e-1,3.22093237191438675e-2,1.61046618595719337e-2,-9.42321956157684326e-1,-4.71160978078842163e-1
18,30,9.38461538461538458e-1,3.07692307692307709e-2,6.92307692307692346e-2,-9.65956270694732666e-1,-4.82978135347366333e-1,3.29947415739297797e-2,1.64973707869648899e-2,-9.65057015419006348e-1,-4.82528507709503174e-1
18,31,9.69230769230769340e-1,4.61538461538461009e-2,1.03846153846153727e-1,-9.79688584804534912e-1,-4.89844292402267456e-1,5.02087734639644553e-2,2.51043867319822277e-2,-9.78776335716247559e-1,-4.89388167858123779e-1
19,0,1.53846153846153855e-2,3.07692307692307709e-2,6.92307692307692346e-2,9.82236742973327637e-1,4.91118371486663818e-1,-3.35308481007814338e-2,-1.67654240503907169e-2,9.81322884559631348e-1,4.90661442279815674e-1
19,1,4.61538461538461564e-2,3.07692307692307709e-2,6.92307692307692346e-2,9.73065912723541260e-1,4.86532956361770630e-1,-3.32179013639688422e-2,-1.66089506819844211e-2,9.72160577774047852e-1,4.86080288887023926e-1
19,2,7.69230769230769273e-2,3.07692307692307709e-2,6.92307692307692346e-2,9.54809844493865967e-1,4.77404922246932983e-1,-3.25948409736156464e-2,-1.62974204868078232e-2,9.53921496868133545e-1,4.76960748434066772e-1
19,3,1.07692307692307698e-1,3.07692307692307709e-2,6.92307692307692346e-2,9.27638947963714600e-1,4.63819473981857300e-1,-3.16673330962657790e-2,-1.58336665481328895e-2,9.26775872707366943e-1,4.63387936353683472e-1
19,4,1.38461538461538469e-1,3.07692307692307709e-2,6.92307692307692346e-2,8.91806900501251221e-1,4.45903450250625610e-1,-3.04443128407001495e-2,-1.52221564203500748e-2,8.90977203845977783e-1,4.45488601922988892e-1
19,5,1.69230769230769240e-1,3.07692307692307709e-2,6.92307692307692346e-2,8.47648203372955322e-1,4.23824101686477661e-1,-2.89364587515592575e-2,-1.44682293757796288e-2,8.46859574317932129e-1,4.23429787158966064e-1
19,6,2.00000000000000011e-1,3.07692307692307709e-2,6.92307692307692346e-2,7.95575261116027832e-1,3.97787630558013916e-1,-2.71585900336503983e-2,-1.35792950168251991e-2,7.94835090637207031e-1,3.97417545318603516e-1
19,7,2.30769230769230782e-1,3.07692307692307709e-2,6.92307692307692346e-2,7.36074328422546387e-1,3.68037164211273193e-1,-2.51279231160879135e-2,-1.25639615580439568e-2,7.35389471054077148e-1,3.67694735527038574e-1
19,8,2.61538461538461553e-1,3.07692307692307709e-2,6.92307692307692346e-2,6.69700801372528076e-1,3.34850400686264038e-1,-2.28614564985036572e-2,-1.14307282492518286e-2,6.69077754020690918e-1,3.34538877010345459e-1
19,9,2.92307692307692324e-1,3.07692307692307709e-2,6.92307692307692346e-2,5.97074568271636963e-1,2.98537284135818481e-1,-2.03827265650033951e-2,-1.01913632825016975e-2,5.96519052982330322e-1,2.98259526491165161e-1
19,10,3.23076923076923095e-1,3.07692307692307709e-2,6.92307692307692346e-2,5.18873572349548340e-1,2.59436786174774170e-1,-1.77130904048681259e-2,-8.85654520243406296e-3,5.18390834331512451e-1,2.59195417165756226e-1
19,11,3.53846153846153866e-1,3.07692307692307709e-2,6.92307692307692346e-2,4.35827970504760742e-1,2.17913985252380371e-1,-1.48780457675457001e-2,-7.43902288377285004e-3,4.35422480106353760e-1,2.17711240053176880e-1
19,12,3.84615384615384637e-1,3.07692307692307709e-2,6.92307692307692346e-2,3.48713159561157227e-1,1.74356579780578613e-1,-1.19040710851550102e-2,-5.95203554257750511e-3,3.48388731479644775e-1,1.74194365739822388e-1
19,13,4.15384615384615408e-1,3.07692307692307709e-2,6.92307692307692346e-2,2.58342534303665161e-1,1.29171267151832581e-1,-8.81922477856278419e-3,-4.40961238928139210e-3,2.58102178573608398e-1,1.29051089286804199e-1
19,14,4.46153846153846179e-1,3.07692307692307709e-2,6.92307692307692346e-2,1.65559813380241394e-1,8.27799066901206970e-2,-5.65175595693290234e-3,-2.82587797846645117e-3,1.65405780076980591e-1,8.27028900384902954e-2
19,15,4.76923076923076950e-1,3.07692307692307709e-2,6.92307692307692346e-2,7.12313130497932434e-2,3.56156565248966217e-2,-2.43167078588157892e-3,-1.21583539294078946e-3,7.11650401353836060e-2,3.55825200676918030e-2
19,16,5.07692307692307665e-1,3.07692307692307709e-2,6.92307692307692346e-2,-2.37622596323490143e-2,-1.18811298161745071e-2,8.11188016086816788e-4,4.05594008043408394e-4,-2.37401518970727921e-2,-1.18700759485363960e-2
19,17,5.38461538461538547e-1,3.07692307692307709e-2,6.92307692307692346e-2,-1.18533968925476074e-1,-5.92669844627380371e-2,4.04644652735441923e-3,2.02322326367720962e-3,-1.18423685431480408e-1,-5.92118427157402039e-2
19,18,5.69230769230769207e-1,3.07692307692307709e-2,6.92307692307692346e-2,-2.12198957800865173e-1,-1.06099478900432587e-1,7.24386703222990036e-3,3.62193351611495018e-3,-2.12001532316207886e-1,-1.06000766158103943e-1
19,19,6.00000000000000089e-1,3.07692307692307709e-2,6.92307692307692346e-2,-3.03882718086242676e-1,-1.51941359043121338e-1,1.03739337064325809e-2,5.18696685321629047e-3,-3.03599983453750610e-1,-1.51799991726875305e-1
19,20,6.30769230769230749e-1,3.07692307692307709e-2,6.92307692307692346e-2,-3.92729163169860840e-1,-1.96364581584930420e-1,1.34064769372344017e-2,6.70323846861720085e-3,-3.92363786697387695e-1,-1.96181893348693848e-1
19,21,6.61538461538461631e-1,3.07692307692307709e-2,6.92307692307692346e-2,-4.77908879518508911e-1,-2.38954439759254456e-1,1.63148548454046249e-2,8.15742742270231247e-3,-4.77464228868484497e-1,-2.38732114434242249e-1
19,22,6.92307692307692291e-1,3.07692307692307709e-2,6.92307692307692346e-2,-5.58626413345336914e-1,-2.79313206672668457e-1,1.90698103979229927e-2,9.53490519896149635e-3,-5.58106720447540283e-1,-2.79053360223770142e-1
19,23,7.23076923076923173e-1,3.07692307692307709e-2,6.92307692307692346e-2,-6.34128272533416748e-1,-3.17064136266708374e-1,2.16478072106838226e-2,1.08239036053419113e-2,-6.33538305759429932e-1,-3.16769152879714966e-1
19,24,7.53846153846153832e-1,3.07692307692307709e-2,6.92307692307692346e-2,-7.03709363937377930e-1,-3.51854681968688965e-1,2.40225847810506543e-2,1.20112923905253272e-2,-7.03054666519165039e-1,-3.51527333259582520e-1
19,25,7.84615384615384714e-1,3.07692307692307709e-2,6.92307692307692346e-2,-7.66720175743103027e-1,-3.83360087871551514e-1,2.61742025613784790e-2,1.30871012806892395e-2,-7.66006827354431152e-1,-3.83003413677215576e-1
19,26,8.15384615384615374e-1,3.07692307692307709e-2,6.92307692307692346e-2,-8.22572231292724609e-1,-4.11286115646362305e-1,2.80808676034212112e-2,1.40404338017106056e-2,-8.21806907653808594e-1,-4.10903453826904297e-1
19,27,8.46153846153846256e-1,3.07692307692307709e-2,6.92307692307692346e-2,-8.70744049549102783e-1,-4.35372024774551392e-1,2.97264531254768372e-2,1.48632265627384186e-2,-8.69933903217315674e-1,-4.34966951608657837e-1
19,28,8.76923076923076916e-1,3.07692307692307709e-2,6.92307692307692346e-2,-9.10785555839538574e-1,-4.55392777919769287e-1,3.10967937111854414e-2,1.55483968555927207e-2,-9.09938037395477295e-1,-4.54969018697738647e-1
19,29,9.07692307692307798e-1,3.07692307692307709e-2,6.92307692307692346e-2,-9.42321956157684326e-1,-4.71160978078842163e-1,3.21799032390117645e-2,1.60899516195058823e-2,-9.41444933414459229e-1,-4.70722466707229614e-1
19,30,9.38461538461538458e-1,3.07692307692307709e-2,6.92307692307692346e-2,-9.65057015419006348e-1,-4.82528507709503174e-1,3.29637955874204566e-2,1.64818977937102283e-2,-9.64158654212951660e-1,-4.82079327106475830e-1
19,31,9.69230769230769340e-1,4.61538461538461009e-2,1.03846153846153727e-1,-9.78776335716247559e-1,-4.89388167858123779e-1,5.01612648367881706e-2,2.50806324183940853e-2,-9.77864921092987061e-1,-4.88932460546493530e-1
20,0,1.53846153846153855e-2,3.07692307692307709e-2,6.92307692307692346e-2,9.81322884559631348e-1,4.90661442279815674e-1,-3.34996841847896507e-2,-1.67498420923948253e-2,9.80409920215606689e-1,4.90204960107803345e-1
20,1,4.61538461538461564e-2,3.07692307692307709e-2,6.92307692307692346e-2,9.72160577774047852e-1,4.86080288887023926e-1,-3.31869553774595191e-2,-1.65934776887297596e-2,9.71256136894226074e-1,4.85628068447113037e-1
20,2,7.69230769230769273e-2,3.07692307692307709e-2,6.92307692307692346e-2,9.53921496868133545e-1,4.76960748434066772e-1,-3.25645487755537033e-2,-1.62822743877768517e-2,9.53033983707427979e-1,4.76516991853713989e-1
20,3,1.07692307692307698e-1,3.07692307692307709e-2,6.92307692307692346e-2,9.26775872707366943e-1,4.63387936353683472e-1,-3.16376946866512160e-2,-1.58188473433256080e-2,9.25913631916046143e-1,4.62956815958023071e-1
20,4,1.38461538461538469e-1,3.07692307692307709e-2,6.92307692307692346e-2,8.90977203845977783e-1,4.45488601922988892e-1,-3.04161999374628067e-2,-1.52080999687314034e-2,8.90148222446441650e-1,4.45074111223220825e-1
20,5,1.69230769230769240e-1,3.07692307692307709e-2,6.92307692307692346e-2,8.46859574317932129e-1,4.23429787158966064e-1,-2.89094354957342148e-2,-1.44547177478671074e-2,8.46071660518646240e-1,4.23035830259323120e-1
20,6,2.00000000000000011e-1,3.07692307692307709e-2,6.92307692307692346e-2,7.94835090637207031e-1,3.97417545318603516e-1,-2.71335281431674957e-2,-1.35667640715837479e-2,7.94095575809478760e-1,3.97047787904739380e-1
20,7,2.30769230769230782e-1,3.07692307692307709e-2,6.92307692307692346e-2,7.35389471054077148e-1,3.67694735527038574e-1,-2.51041688024997711e-2,-1.25520844012498856e-2,7.34705269336700439e-1,3.67352634668350220e-1
20,8,2.61538461538461553e-1,3.07692307692307709e-2,6.92307692307692346e-2,6.69077754020690918e-1,3.34538877010345459e-1,-2.28405352681874951e-2,-1.14202676340937476e-2,6.68455243110656738e-1,3.34227621555328369e-1
20,9,2.92307692307692324e-1,3.07692307692307709e-2,6.92307692307692346e-2,5.96519052982330322e-1,2.98259526491165161e-1,-2.03635487705469131e-2,-1.01817743852734566e-2,5.95964074134826660e-1,2.97982037067413330e-1
20,10,3.23076923076923095e-1,3.07692307692307709e-2,6.92307692307692346e-2,5.18390834331512451e-1,2.59195417165756226e-1,-1.76967456936836243e-2,-8.84837284684181213e-3,5.17908513545989990e-1,2.58954256772994995e-1
20,11,3.53846153846153866e-1,3.07692307692307709e-2,6.92307692307692346e-2,4.35422480106353760e-1,2.17711240053176880e-1,-1.48640982806682587e-2,-7.43204914033412933e-3,4.35017377138137817e-1,2.17508688569068909e-1
20,12,3.84615384615384637e-1,3.07692307692307709e-2,6.92307692307692346e-2,3.48388731479644775e-1,1.74194365739822388e-1,-1.18930656462907791e-2,-5.94653282314538956e-3,3.48064601421356201e-1,1.74032300710678101e-1
20,13,4.15384615384615408e-1,3.07692307692307709e-2,6.92307692307692346e-2,2.58102178573608398e-1,1.29051089286804199e-1,-8.81099794059991837e-3,-4.40549897029995918e-3,2.57862061262130737e-1,1.28931030631065369e-1
20,14,4.46153846153846179e-1,3.07692307692307709e-2,6.92307692307692346e-2,1.65405780076980591e-1,8.27028900384902954e-2,-5.64649840816855431e-3,-2.82324920408427715e-3,1.65251895785331726e-1,8.26259478926658630e-2
20,15,4.76923076923076950e-1,3.07692307692307709e-2,6.92307692307692346e-2,7.11650401353836060e-2,3.55825200676918030e-2,-2.42940295720472932e-3,-1.21470147860236466e-3,7.10988268256187439e-2,3.55494134128093719e-2
20,16,5.07692307692307665e-1,3.07692307692307709e-2,6.92307692307692346e-2,-2.37401518970727921e-2,-1.18700759485363960e-2,8.10438883490860462e-4,4.05219441745430231e-4,-2.37180646508932114e-2,-1.18590323254466057e-2
20,17,5.38461538461538547e-1,3.07692307692307709e-2,6.92307692307692346e-2,-1.18423685431480408e-1,-5.92118427157402039e-2,4.04266681289300323e-3,2.02133340644650161e-3,-1.18313506245613098e-1,-5.91567531228065491e-2
20,18,5.69230769230769207e-1,3.07692307692307709e-2,6.92307692307692346e-2,-2.12001532316207886e-1,-1.06000766158103943e-1,7.23716570064425468e-3,3.61858285032212734e-3,-2.11804285645484924e-1,-1.05902142822742462e-1
20,19,6.00000000000000089e-1,3.07692307692307709e-2,6.92307692307692346e-2,-3.03599983453750610e-1,-1.51799991726875305e-1,1.03641813620924950e-2,5.18209068104624748e-3,-3.03317517042160034e-1,-1.51658758521080017e-1
20,20,6.30769230769230749e-1,3.07692307692307709e-2,6.92307692307692346e-2,-3.92363786697387695e-1,-1.96181893348693848e-1,1.33941639214754105e-2,6.69708196073770523e-3,-3.91998738050460815e-1,-1.95999369025230408e-1
20,21,6.61538461538461631e-1,3.07692307692307709e-2,6.92307692307692346e-2,-4.77464228868484497e-1,-2.38732114434242249e-1,1.62993818521499634e-2,8.14969092607498169e-3,-4.77020025253295898e-1,-2.38510012626647949e-1
20,22,6.92307692307692291e-1,3.07692307692307709e-2,6.92307692307692346e-2,-5.58106720447540283e-1,-2.79053360223770142e-1,1.90523760393261909e-2,9.52618801966309547e-3,-5.57587444782257080e-1,-2.78793722391128540e-1
20,23,7.23076923076923173e-1,3.07692307692307709e-2,6.92307692307692346e-2,-6.33538305759429932e-1,-3.16769152879714966e-1,2.16275397688150406e-2,1.08137698844075203e-2,-6.32948875427246094e-1,-3.16474437713623047e-1
20,24,7.53846153846153832e-1,3.07692307692307709e-2,6.92307692307692346e-2,-7.03054666519165039e-1,-3.51527333259582520e-1,2.40003559738397321e-2,1.20001779869198660e-2,-7.02400565147399902e-1,-3.51200282573699951e-1
20,25,7.84615384615384714e-1,3.07692307692307709e-2,6.92307692307692346e-2,-7.66006827354431152e-1,-3.83003413677215576e-1,2.61497944593429565e-2,1.30748972296714783e-2,-7.65294134616851807e-1,-3.82647067308425903e-1
20,26,8.15384615384615374e-1,3.07692307692307709e-2,6.92307692307692346e-2,-8.21806907653808594e-1,-4.10903453826904297e-1,2.80547160655260086e-2,1.40273580327630043e-2,-8.21042299270629883e-1,-4.10521149635314941e-1
20,27,8.46153846153846256e-1,3.07692307692307709e-2,6.92307692307692346e-2,-8.69933903217315674e-1,-4.34966951608657837e-1,2.96992119401693344e-2,1.48496059700846672e-2,-8.69124472141265869e-1,-4.34562236070632935e-1
20,28,8.76923076923076916e-1,3.07692307692307709e-2,6.92307692307692346e-2,-9.09938037395477295e-1,-4.54969018697738647e-1,3.10680270195007185e-2,1.55340135097503593e-2,-9.09091293811798096e-1,-4.54545646905899048e-1
20,29,9.07692307692307798e-1,3.07692307692307709e-2,6.92307692307692346e-2,-9.41444933414459229e-1,-4.70722466707229614e-1,3.21500468999147415e-2,1.60750234499573708e-2,-9.40568745136260986e-1,-4.70284372568130493e-1
20,30,9.38461538461538458e-1,3.07692307692307709e-2,6.92307692307692346e-2,-9.64158654212951660e-1,-4.82079327106475830e-1,3.29335033893585136e-2,1.64667516946792568e-2,-9.63261067867279053e-1,-4.81630533933639526e-1
20,31,9.69230769230769340e-1,4.61538461538461009e-2,1.03846153846153727e-1,-9.77864921092987061e-1,-4.88932460546493530e-1,5.01135382801294257e-2,2.50567691400647129e-2,-9.76954400539398193e-1,-4.88477200269699097e-1
21,0,1.53846153846153855e-2,3.07692307692307709e-2,6.92307692307692346e-2,9.80409920215606689e-1,4.90204960107803345e-1,-3.34685202687978675e-2,-1.67342601343989338e-2,9.79497790336608887e-1,4.89748895168304443e-1
21,1,4.61538461538461564e-2,3.07692307692307709e-2,6.92307692307692346e-2,9.71256136894226074e-1,4.85628068447113037e-1,-3.31562273204326560e-2,-1.65781136602163280e-2,9.70352530479431152e-1,4.85176265239715576e-1
21,2,7.69230769230769273e-2,3.07692307692307709e-2,6.92307692307692346e-2,9.53033983707427979e-1,4.76516991853713989e-1,-3.25340386480093002e-2,-1.62670193240046501e-2,9.52147305011749268e-1,4.76073652505874634e-1
21,3,1.07692307692307698e-1,3.07692307692307709e-2,6.92307692307692346e-2,9.25913631916046143e-1,4.62956815958023071e-1,-3.16084921360015730e-2,-1.58042460680007865e-2,9.25052165985107422e-1,4.62526082992553711e-1
21,4,1.38461538461538469e-1,3.07692307692307709e-2,6.92307692307692346e-2,8.90148222446441650e-1,4.45074111223220825e-1,-3.03876511752605438e-2,-1.51938255876302719e-2,8.89320075511932373e-1,4.44660037755966187e-1
21,5,1.69230769230769240e-1,3.07692307692307709e-2,6.92307692307692346e-2,8.46071660518646240e-1,4.23035830259323120e-1,-2.88826301693916321e-2,-1.44413150846958160e-2,8.45284521579742432e-1,4.22642260789871216e-1
21,6,2.00000000000000011e-1,3.07692307692307709e-2,6.92307692307692346e-2,7.94095575809478760e-1,3.97047787904739380e-1,-2.71082483232021332e-2,-1.35541241616010666e-2,7.93356776237487793e-1,3.96678388118743896e-1
21,7,2.30769230769230782e-1,3.07692307692307709e-2,6.92307692307692346e-2,7.34705269336700439e-1,3.67352634668350220e-1,-2.50808503478765488e-2,-1.25404251739382744e-2,7.34021723270416260e-1,3.67010861635208130e-1
21,8,2.61538461538461553e-1,3.07692307692307709e-2,6.92307692307692346e-2,6.68455243110656738e-1,3.34227621555328369e-1,-2.28191781789064130e-2,-1.14095890894532065e-2,6.67833328247070312e-1,3.33916664123535156e-1
21,9,2.92307692307692324e-1,3.07692307692307709e-2,6.92307692307692346e-2,5.95964074134826660e-1,2.97982037067413330e-1,-2.03448068350553513e-2,-1.01724034175276756e-2,5.95409631729125977e-1,2.97704815864562988e-1
21,10,3.23076923076923095e-1,3.07692307692307709e-2,6.92307692307692346e-2,5.17908513545989990e-1,2.58954256772994995e-1,-1.76800740882754326e-2,-8.84003704413771629e-3,5.17426669597625732e-1,2.58713334798812866e-1
21,11,3.53846153846153866e-1,3.07692307692307709e-2,6.92307692307692346e-2,4.35017377138137817e-1,2.17508688569068909e-1,-1.48503687232732773e-2,-7.42518436163663864e-3,4.34612661600112915e-1,2.17306330800056458e-1
21,12,3.84615384615384637e-1,3.07692307692307709e-2,6.92307692307692346e-2,3.48064601421356201e-1,1.74032300710678101e-1,-1.18819512426853180e-2,-5.94097562134265900e-3,3.47740769386291504e-1,1.73870384693145752e-1
21,13,4.15384615384615408e-1,3.07692307692307709e-2,6.92307692307692346e-2,2.57862061262130737e-1,1.28931030631065369e-1,-8.80288006737828255e-3,-4.40144003368914127e-3,2.57622152566909790e-1,1.28811076283454895e-1
21,14,4.46153846153846179e-1,3.07692307692307709e-2,6.92307692307692346e-2,1.65251895785331726e-1,8.26259478926658630e-2,-5.64124085940420628e-3,-2.82062042970210314e-3,1.65098145604133606e-1,8.25490728020668030e-2
21,15,4.76923076923076950e-1,3.07692307692307709e-2,6.92307692307692346e-2,7.10988268256187439e-2,3.55494134128093719e-2,-2.42710107704624534e-3,-1.21355053852312267e-3,7.10326805710792542e-2,3.55163402855396271e-2
21,16,5.07692307692307665e-1,3.07692307692307709e-2,6.92307692307692346e-2,-2.37180646508932114e-2,-1.18590323254466057e-2,8.09676130302250385e-4,4.04838065151125193e-4,-2.36959978938102722e-2,-1.18479989469051361e-2
21,17,5.38461538461538547e-1,3.07692307692307709e-2,6.92307692307692346e-2,-1.18313506245613098e-1,-5.91567531228065491e-2,4.03892114991322160e-3,2.01946057495661080e-3,-1.18203431367874146e-1,-5.91017156839370728e-2
21,18,5.69230769230769207e-1,3.07692307692307709e-2,6.92307692307692346e-2,-2.11804285645484924e-1,-1.05902142822742462e-1,7.23040988668799400e-3,3.61520494334399700e-3,-2.11607232689857483e-1,-1.05803616344928741e-1
21,19,6.00000000000000089e-1,3.07692307692307709e-2,6.92307692307692346e-2,-3.03317517042160034e-1,-1.51658758521080017e-1,1.03545379824936390e-2,5.17726899124681950e-3,-3.03035318851470947e-1,-1.51517659425735474e-1
21,20,6.30769230769230749e-1,3.07692307692307709e-2,6.92307692307692346e-2,-3.91998738050460815e-1,-1.95999369025230408e-1,1.33816329762339592e-2,6.69081648811697960e-3,-3.91634047031402588e-1,-1.95817023515701294e-1
21,21,6.61538461538461631e-1,3.07692307692307709e-2,6.92307692307692346e-2,-4.77020025253295898e-1,-2.38510012626647949e-1,1.62844536826014519e-2,8.14222684130072594e-3,-4.76576209068298340e-1,-2.38288104534149170e-1
21,22,6.92307692307692291e-1,3.07692307692307709e-2,6.92307692307692346e-2,-5.57587444782257080e-1,-2.78793722391128540e-1,1.90343968570232391e-2,9.51719842851161957e-3,-5.57068705558776855e-1,-2.78534352779388428e-1
21,23,7.23076923076923173e-1,3.07692307692307709e-2,6.92307692307692346e-2,-6.32948875427246094e-1,-3.16474437713623047e-1,2.16074902564287186e-2,1.08037451282143593e-2,-6.32359981536865234e-1,-3.16179990768432617e-1
21,24,7.53846153846153832e-1,3.07692307692307709e-2,6.92307692307692346e-2,-7.02400565147399902e-1,-3.51200282573699951e-1,2.39781271666288098e-2,1.19890635833144049e-2,-7.01747059822082520e-1,-3.50873529911041260e-1
21,25,7.84615384615384714e-1,3.07692307692307709e-2,6.92307692307692346e-2,-7.65294134616851807e-1,-3.82647067308425903e-1,2.61253863573074341e-2,1.30626931786537170e-2,-7.64582097530364990e-1,-3.82291048765182495e-1
21,26,8.15384615384615374e-1,3.07692307692307709e-2,6.92307692307692346e-2,-8.21042299270629883e-1,-4.10521149635314941e-1,2.80287824571132660e-2,1.40143912285566330e-2,-8.20278406143188477e-1,-4.10139203071594238e-1
21,27,8.46153846153846256e-1,3.07692307692307709e-2,6.92307692307692346e-2,-8.69124472141265869e-1,-4.34562236070632935e-1,2.96717528253793716e-2,1.48358764126896858e-2,-8.68315815925598145e-1,-4.34157907962799072e-1
21,28,8.76923076923076916e-1,3.07692307692307709e-2,6.92307692307692346e-2,-9.09091293811798096e-1,-4.54545646905899048e-1,3.10392603278159956e-2,1.55196301639079978e-2,-9.08245384693145752e-1,-4.54122692346572876e-1
21,29,9.07692307692307798e-1,3.07692307692307709e-2,6.92307692307692346e-2,-9.40568745136260986e-1,-4.70284372568130493e-1,3.21206264197826385e-2,1.60603132098913193e-2,-9.39693331718444824e-1,-4.69846665859222412e-1
21,30,9.38461538461538458e-1,3.07692307692307709e-2,6.92307692307692346e-2,-9.63261067867279053e-1,-4.81630533933639526e-1,3.29025574028491904e-2,1.64512787014245952e-2,-9.62364375591278076e-1,-4.81182187795639038e-1
21,31,9.69230769230769340e-1,4.61538461538461009e-2,1.03846153846153727e-1,-9.76954400539398193e-1,-4.88477200269699097e-1,5.00662475824356010e-2,2.50331237912178005e-2,-9.76044714450836182e-1,-4.88022357225418091e-1
22,0,1.53846153846153855e-2,3.07692307692307709e-2,6.92307692307692346e-2,9.79497790336608887e-1,4.89748895168304443e-1,-3.34373563528060844e-2,-1.67186781764030422e-2,9.78586494922637939e-1,4.89293247461318970e-1
22,1,4.61538461538461564e-2,3.07692307692307709e-2,6.92307692307692346e-2,9.70352530479431152e-1,4.85176265239715576e-1,-3.31254992634057929e-2,-1.65627496317028965e-2,9.69449758529663086e-1,4.84724879264831543e-1
22,2,7.69230769230769273e-2,3.07692307692307709e-2,6.92307692307692346e-2,9.52147305011749268e-1,4.76073652505874634e-1,-3.25037464499473572e-2,-1.62518732249736786e-2,9.51261460781097412e-1,4.75630730390548706e-1
22,3,1.07692307692307698e-1,3.07692307692307709e-2,6.92307692307692346e-2,9.25052165985107422e-1,4.62526082992553711e-1,-3.15788537263870100e-2,-1.57894268631935050e-2,9.24191534519195557e-1,4.62095767259597778e-1
22,4,1.38461538461538469e-1,3.07692307692307709e-2,6.92307692307692346e-2,8.89320075511932373e-1,4.44660037755966187e-1,-3.03595382720232010e-2,-1.51797691360116005e-2,8.88492643833160400e-1,4.44246321916580200e-1
22,5,1.69230769230769240e-1,3.07692307692307709e-2,6.92307692307692346e-2,8.45284521579742432e-1,4.22642260789871216e-1,-2.88558248430490494e-2,-1.44279124215245247e-2,8.44498097896575928e-1,4.22249048948287964e-1
22,6,2.00000000000000011e-1,3.07692307692307709e-2,6.92307692307692346e-2,7.93356776237487793e-1,3.96678388118743896e-1,-2.70829685032367706e-2,-1.35414842516183853e-2,7.92618691921234131e-1,3.96309345960617065e-1
22,7,2.30769230769230782e-1,3.07692307692307709e-2,6.92307692307692346e-2,7.34021723270416260e-1,3.67010861635208130e-1,-2.50575318932533264e-2,-1.25287659466266632e-2,7.33338832855224609e-1,3.66669416427612305e-1
22,8,2.61538461538461553e-1,3.07692307692307709e-2,6.92307692307692346e-2,6.67833328247070312e-1,3.33916664123535156e-1,-2.27978210896253308e-2,-1.13989105448126654e-2,6.67212009429931641e-1,3.33606004714965820e-1
22,9,2.92307692307692324e-1,3.07692307692307709e-2,6.92307692307692346e-2,5.95409631729125977e-1,2.97704815864562988e-1,-2.03260648995637894e-2,-1.01630324497818947e-2,5.94855666160583496e-1,2.97427833080291748e-1
22,10,3.23076923076923095e-1,3.07692307692307709e-2,6.92307692307692346e-2,5.17426669597625732e-1,2.58713334798812866e-1,-1.76635114476084709e-2,-8.83175572380423546e-3,5.16945302486419678e-1,2.58472651243209839e-1
22,11,3.53846153846153866e-1,3.07692307692307709e-2,6.92307692307692346e-2,4.34612661600112915e-1,2.17306330800056458e-1,-1.48366391658782959e-2,-7.41831958293914795e-3,4.34208303689956665e-1,2.17104151844978333e-1
22,12,3.84615384615384637e-1,3.07692307692307709e-2,6.92307692307692346e-2,3.47740769386291504e-1,1.73870384693145752e-1,-1.18708368390798569e-2,-5.93541841953992844e-3,3.47417235374450684e-1,1.73708617687225342e-1
22,13,4.15384615384615408e-1,3.07692307692307709e-2,6.92307692307692346e-2,2.57622152566909790e-1,1.28811076283454895e-1,-8.79470771178603172e-3,-4.39735385589301586e-3,2.57382452487945557e-1,1.28691226243972778e-1
22,14,4.46153846153846179e-1,3.07692307692307709e-2,6.92307692307692346e-2,1.65098145604133606e-1,8.25490728020668030e-2,-5.63595606945455074e-3,-2.81797803472727537e-3,1.64944544434547424e-1,8.24722722172737122e-2
22,15,4.76923076923076950e-1,3.07692307692307709e-2,6.92307692307692346e-2,7.10326805710792542e-2,3.55163402855396271e-2,-2.42487411014735699e-3,-1.21243705507367849e-3,7.09665939211845398e-2,3.54832969605922699e-2
22,16,5.07692307692307665e-1,3.07692307692307709e-2,6.92307692307692346e-2,-2.36959978938102722e-2,-1.18479989469051361e-2,8.08926997706294060e-4,4.04463498853147030e-4,-2.36739516258239746e-2,-1.18369758129119873e-2
22,17,5.38461538461538547e-1,3.07692307692307709e-2,6.92307692307692346e-2,-1.18203431367874146e-1,-5.91017156839370728e-2,4.03515505604445934e-3,2.01757752802222967e-3,-1.18093460798263550e-1,-5.90467303991317749e-2
22,18,5.69230769230769207e-1,3.07692307692307709e-2,6.92307692307692346e-2,-2.11607232689857483e-1,-1.05803616344928741e-1,7.22370855510234833e-3,3.61185427755117416e-3,-2.11410358548164368e-1,-1.05705179274082184e-1
22,19,6.00000000000000089e-1,3.07692307692307709e-2,6.92307692307692346e-2,-3.03035318851470947e-1,-1.51517659425735474e-1,1.03448401205241680e-2,5.17242006026208401e-3,-3.02753388881683350e-1,-1.51376694440841675e-1
22,20,6.30769230769230749e-1,3.07692307692307709e-2,6.92307692307692346e-2,-3.91634047031402588e-1,-1.95817023515701294e-1,1.33693199604749680e-2,6.68465998023748398e-3,-3.91269683837890625e-1,-1.95634841918945312e-1
22,21,6.61538461538461631e-1,3.07692307692307709e-2,6.92307692307692346e-2,-4.76576209068298340e-1,-2.38288104534149170e-1,1.62690896540880203e-2,8.13454482704401016e-3,-4.76132810115814209e-1,-2.38066405057907104e-1
22,22,6.92307692307692291e-1,3.07692307692307709e-2,6.92307692307692346e-2,-5.57068705558776855e-1,-2.78534352779388428e-1,1.90169624984264374e-2,9.50848124921321869e-3,-5.56550443172454834e-1,-2.78275221586227417e-1
22,23,7.23076923076923173e-1,3.07692307692307709e-2,6.92307692307692346e-2,-6.32359981536865234e-1,-3.16179990768432617e-1,2.15872228145599365e-2,1.07936114072799683e-2,-6.31771624088287354e-1,-3.15885812044143677e-1
22,24,7.53846153846153832e-1,3.07692307692307709e-2,6.92307692307692346e-2,-7.01747059822082520e-1,-3.50873529911041260e-1,2.39558983594178876e-2,1.19779491797089438e-2,-7.01094150543212891e-1,-3.50547075271606445e-1
22,25,7.84615384615384714e-1,3.07692307692307709e-2,6.92307692307692346e-2,-7.64582097530364990e-1,-3.82291048765182495e-1,2.61009782552719116e-2,1.30504891276359558e-2,-7.63870775699615479e-1,-3.81935387849807739e-1
22,26,8.15384615384615374e-1,3.07692307692307709e-2,6.92307692307692346e-2,-8.20278406143188477e-1,-4.10139203071594238e-1,2.80028488487005234e-2,1.40014244243502617e-2,-8.19515228271484375e-1,-4.09757614135742188e-1
22,27,8.46153846153846256e-1,3.07692307692307709e-2,6.92307692307692346e-2,-8.68315815925598145e-1,-4.34157907962799072e-1,2.96442937105894089e-2,1.48221468552947044e-2,-8.67507874965667725e-1,-4.33753937482833862e-1
22,28,8.76923076923076916e-1,3.07692307692307709e-2,6.92307692307692346e-2,-9.08245384693145752e-1,-4.54122692346572876e-1,3.10109294950961928e-2,1.55054647475480964e-2,-9.07400250434875488e-1,-4.53700125217437744e-1
22,29,9.07692307692307798e-1,3.07692307692307709e-2,6.92307692307692346e-2,-9.39693331718444824e-1,-4.69846665859222412e-1,3.20905521512031555e-2,1.60452760756015778e-2,-9.38818752765655518e-1,-4.69409376382827759e-1
22,30,9.38461538461538458e-1,3.07692307692307709e-2,6.92307692307692346e-2,-9.62364375591278076e-1,-4.81182187795639038e-1,3.28722652047872474e-2,1.64361326023936237e-2,-9.61468458175659180e-1,-4.80734229087829590e-1
22,31,9.69230769230769340e-1,4.61538461538461009e-2,1.03846153846153727e-1,-9.76044714450836182e-1,-4.88022357225418091e-1,5.00187389552593162e-2,2.50093694776296581e-2,-9.75135922431945801e-1,-4.87567961215972900e-1
23,0,1.53846153846153855e-2,3.07692307692307709e-2,6.92307692307692346e-2,9.78586494922637939e-1,4.89293247461318970e-1,-3.34061924368143012e-2,-1.67030962184071506e-2,9.77676033973693848e-1,4.88838016986846924e-1
23,1,4.61538461538461564e-2,3.07692307692307709e-2,6.92307692307692346e-2,9.69449758529663086e-1,4.84724879264831543e-1,-3.30947712063789298e-2,-1.65473856031894649e-2,9.68547821044921875e-1,4.84273910522460938e-1
23,2,7.69230769230769273e-2,3.07692307692307709e-2,6.92307692307692346e-2,9.51261460781097412e-1,4.75630730390548706e-1,-3.24734542518854141e-2,-1.62367271259427071e-2,9.50376451015472412e-1,4.75188225507736206e-1
23,3,1.07692307692307698e-1,3.07692307692307709e-2,6.92307692307692346e-2,9.24191534519195557e-1,4.62095767259597778e-1,-3.15496511757373671e-2,-1.57748255878686836e-2,9.23331677913665771e-1,4.61665838956832886e-1
23,4,1.38461538461538469e-1,3.07692307692307709e-2,6.92307692307692346e-2,8.88492643833160400e-1,4.44246321916580200e-1,-3.03309895098209381e-2,-1.51654947549104691e-2,8.87665987014770508e-1,4.43832993507385254e-1
23,5,1.69230769230769240e-1,3.07692307692307709e-2,6.92307692307692346e-2,8.44498097896575928e-1,4.22249048948287964e-1,-2.88290195167064667e-2,-1.44145097583532333e-2,8.43712389469146729e-1,4.21856194734573364e-1
23,6,2.00000000000000011e-1,3.07692307692307709e-2,6.92307692307692346e-2,7.92618691921234131e-1,3.96309345960617065e-1,-2.70579066127538681e-2,-1.35289533063769341e-2,7.91881263256072998e-1,3.95940631628036499e-1
23,7,2.30769230769230782e-1,3.07692307692307709e-2,6.92307692307692346e-2,7.33338832855224609e-1,3.66669416427612305e-1,-2.50342134386301041e-2,-1.25171067193150520e-2,7.32656538486480713e-1,3.66328269243240356e-1
23,8,2.61538461538461553e-1,3.07692307692307709e-2,6.92307692307692346e-2,6.67212009429931641e-1,3.33606004714965820e-1,-2.27766819298267087e-2,-1.13883409649133543e-2,6.66591286659240723e-1,3.33295643329620361e-1
23,9,2.92307692307692324e-1,3.07692307692307709e-2,6.92307692307692346e-2,5.94855666160583496e-1,2.97427833080291748e-1,-2.03068871051073074e-2,-1.01534435525536537e-2,5.94302237033843994e-1,2.97151118516921997e-1
23,10,3.23076923076923095e-1,3.07692307692307709e-2,6.92307692307692346e-2,5.16945302486419678e-1,2.58472651243209839e-1,-1.76473846659064293e-2,-8.82369233295321465e-3,5.16464352607727051e-1,2.58232176303863525e-1
23,11,3.53846153846153866e-1,3.07692307692307709e-2,6.92307692307692346e-2,4.34208303689956665e-1,2.17104151844978333e-1,-1.48226916790008545e-2,-7.41134583950042725e-3,4.33804333209991455e-1,2.16902166604995728e-1
23,12,3.84615384615384637e-1,3.07692307692307709e-2,6.92307692307692346e-2,3.47417235374450684e-1,1.73708617687225342e-1,-1.18598314002156258e-2,-5.92991570010781288e-3,3.47093999385833740e-1,1.73546999692916870e-1
23,13,4.15384615384615408e-1,3.07692307692307709e-2,6.92307692307692346e-2,2.57382452487945557e-1,1.28691226243972778e-1,-8.78642639145255089e-3,-4.39321319572627544e-3,2.57142990827560425e-1,1.28571495413780212e-1
23,14,4.46153846153846179e-1,3.07692307692307709e-2,6.92307692307692346e-2,1.64944544434547424e-1,8.24722722172737122e-2,-5.63078024424612522e-3,-2.81539012212306261e-3,1.64791092276573181e-1,8.23955461382865906e-2
23,15,4.76923076923076950e-1,3.07692307692307709e-2,6.92307692307692346e-2,7.09665939211845398e-2,3.54832969605922699e-2,-2.42261309176683426e-3,-1.21130654588341713e-3,7.09005668759346008e-2,3.54502834379673004e-2
23,16,5.07692307692307665e-1,3.07692307692307709e-2,6.92307692307692346e-2,-2.36739516258239746e-2,-1.18369758129119873e-2,8.08164244517683983e-4,4.04082122258841991e-4,-2.36519258469343185e-2,-1.18259629234671593e-2
23,17,5.38461538461538547e-1,3.07692307692307709e-2,6.92307692307692346e-2,-1.18093460798263550e-1,-5.90467303991317749e-2,4.03142301365733147e-3,2.01571150682866573e-3,-1.17983587086200714e-1,-5.89917935431003571e-2
23,18,5.69230769230769207e-1,3.07692307692307709e-2,6.92307692307692346e-2,-2.11410358548164368e-1,-1.05705179274082184e-1,7.21695274114608765e-3,3.60847637057304382e-3,-2.11213663220405579e-1,-1.05606831610202789e-1
23,19,6.00000000000000089e-1,3.07692307692307709e-2,6.92307692307692346e-2,-3.02753388881683350e-1,-1.51376694440841675e-1,1.03352512232959270e-2,5.16762561164796352e-3,-3.02471727132797241e-1,-1.51235863566398621e-1
23,20,6.30769230769230749e-1,3.07692307692307709e-2,6.92307692307692346e-2,-3.91269683837890625e-1,-1.95634841918945312e-1,1.33568979799747467e-2,6.67844898998737335e-3,-3.90905648469924927e-1,-1.95452824234962463e-1
23,21,6.61538461538461631e-1,3.07692307692307709e-2,6.92307692307692346e-2,-4.76132810115814209e-1,-2.38066405057907104e-1,1.62538345903158188e-2,8.12691729515790939e-3,-4.75689828395843506e-1,-2.37844914197921753e-1
23,22,6.92307692307692291e-1,3.07692307692307709e-2,6.92307692307692346e-2,-5.56550443172454834e-1,-2.78275221586227417e-1,1.89995281398296356e-2,9.49976406991481781e-3,-5.56032657623291016e-1,-2.78016328811645508e-1
23,23,7.23076923076923173e-1,3.07692307692307709e-2,6.92307692307692346e-2,-6.31771624088287354e-1,-3.15885812044143677e-1,2.15669553726911545e-2,1.07834776863455772e-2,-6.31183862686157227e-1,-3.15591931343078613e-1
23,24,7.53846153846153832e-1,3.07692307692307709e-2,6.92307692307692346e-2,-7.01094150543212891e-1,-3.50547075271606445e-1,2.39334516227245053e-2,1.19667258113622527e-2,-7.00441896915435791e-1,-3.50220948457717896e-1
23,25,7.84615384615384714e-1,3.07692307692307709e-2,6.92307692307692346e-2,-7.63870775699615479e-1,-3.81935387849807739e-1,2.60770060122013092e-2,1.30385030061006546e-2,-7.63160109519958496e-1,-3.81580054759979248e-1
23,26,8.15384615384615374e-1,3.07692307692307709e-2,6.92307692307692346e-2,-8.19515228271484375e-1,-4.09757614135742188e-1,2.79769152402877808e-2,1.39884576201438904e-2,-8.18752765655517578e-1,-4.09376382827758789e-1
23,27,8.46153846153846256e-1,3.07692307692307709e-2,6.92307692307692346e-2,-8.67507874965667725e-1,-4.33753937482833862e-1,2.96166166663169861e-2,1.48083083331584930e-2,-8.66700708866119385e-1,-4.33350354433059692e-1
23,28,8.76923076923076916e-1,3.07692307692307709e-2,6.92307692307692346e-2,-9.07400250434875488e-1,-4.53700125217437744e-1,3.09825986623763899e-2,1.54912993311881950e-2,-9.06555831432342529e-1,-4.53277915716171265e-1
23,29,9.07692307692307798e-1,3.07692307692307709e-2,6.92307692307692346e-2,-9.38818752765655518e-1,-4.69409376382827759e-1,3.20609137415885925e-2,1.60304568707942963e-2,-9.37944948673248291e-1,-4.68972474336624146e-1
23,30,9.38461538461538458e-1,3.07692307692307709e-2,6.92307692307692346e-2,-9.61468458175659180e-1,-4.80734229087829590e-1,3.28413192182779243e-2,1.64206596091389621e-2,-9.60573434829711914e-1,-4.80286717414855957e-1
23,31,9.69230769230769340e-1,4.61538461538461009e-2,1.03846153846153727e-1,-9.75135922431945801e-1,-4.87567961215972900e-1,4.99716661870479514e-2,2.49858330935239757e-2,-9.74227964878082275e-1,-4.87113982439041138e-1
24,0,1.53846153846153855e-2,3.07692307692307709e-2,6.92307692307692346e-2,9.77676033973693848e-1,4.88838016986846924e-1,-3.33750285208225181e-2,-1.66875142604112590e-2,9.76766467094421387e-1,4.88383233547210693e-1
24,1,4.61538461538461564e-2,3.07692307692307709e-2,6.92307692307692346e-2,9.68547821044921875e-1,4.84273910522460938e-1,-3.30640431493520667e-2,-1.65320215746760334e-2,9.67646718025207520e-1,4.83823359012603760e-1
24,2,7.69230769230769273e-2,3.07692307692307709e-2,6.92307692307692346e-2,9.50376451015472412e-1,4.75188225507736206e-1,-3.24433799833059311e-2,-1.62216899916529655e-2,9.49492275714874268e-1,4.74746137857437134e-1
24,3,1.07692307692307698e-1,3.07692307692307709e-2,6.92307692307692346e-2,9.23331677913665771e-1,4.61665838956832886e-1,-3.15202306956052641e-2,-1.57601153478026321e-2,9.22472655773162842e-1,4.61236327886581421e-1
24,4,1.38461538461538469e-1,3.07692307692307709e-2,6.92307692307692346e-2,8.87665987014770508e-1,4.43832993507385254e-1,-3.03026586771011353e-2,-1.51513293385505676e-2,8.86840105056762695e-1,4.43420052528381348e-1
24,5,1.69230769230769240e-1,3.07692307692307709e-2,6.92307692307692346e-2,8.43712389469146729e-1,4.21856194734573364e-1,-2.88022141903638840e-2,-1.44011070951819420e-2,8.42927396297454834e-1,4.21463698148727417e-1
24,6,2.00000000000000011e-1,3.07692307692307709e-2,6.92307692307692346e-2,7.91881263256072998e-1,3.95940631628036499e-1,-2.70328447222709656e-2,-1.35164223611354828e-2,7.91144490242004395e-1,3.95572245121002197e-1
24,7,2.30769230769230782e-1,3.07692307692307709e-2,6.92307692307692346e-2,7.32656538486480713e-1,3.66328269243240356e-1,-2.50106770545244217e-2,-1.25053385272622108e-2,7.31974899768829346e-1,3.65987449884414673e-1
24,8,2.61538461538461553e-1,3.07692307692307709e-2,6.92307692307692346e-2,6.66591286659240723e-1,3.33295643329620361e-1,-2.27557606995105466e-2,-1.13778803497552733e-2,6.65971100330352783e-1,3.32985550165176392e-1
24,9,2.92307692307692324e-1,3.07692307692307709e-2,6.92307692307692346e-2,5.94302237033843994e-1,2.97151118516921997e-1,-2.02879272401332855e-2,-1.01439636200666428e-2,5.93749344348907471e-1,2.96874672174453735e-1
24,10,3.23076923076923095e-1,3.07692307692307709e-2,6.92307692307692346e-2,5.16464352607727051e-1,2.58232176303863525e-1,-1.76309309899806976e-2,-8.81546549499034882e-3,5.15983819961547852e-1,2.57991909980773926e-1
24,11,3.53846153846153866e-1,3.07692307692307709e-2,6.92307692307692346e-2,4.33804333209991455e-1,2.16902166604995728e-1,-1.48089621216058731e-2,-7.40448106080293655e-3,4.33400720357894897e-1,2.16700360178947449e-1
24,12,3.84615384615384637e-1,3.07692307692307709e-2,6.92307692307692346e-2,3.47093999385833740e-1,1.73546999692916870e-1,-1.18487169966101646e-2,-5.92435849830508232e-3,3.46771091222763062e-1,1.73385545611381531e-1
24,13,4.15384615384615408e-1,3.07692307692307709e-2,6.92307692307692346e-2,2.57142990827560425e-1,1.28571495413780212e-1,-8.77825403586030006e-3,-4.38912701793015003e-3,2.56903737783432007e-1,1.28451868891716003e-1
24,14,4.46153846153846179e-1,3.07692307692307709e-2,6.92307692307692346e-2,1.64791092276573181e-1,8.23955461382865906e-2,-5.62560441903769970e-3,-2.81280220951884985e-3,1.64637774229049683e-1,8.23188871145248413e-2
24,15,4.76923076923076950e-1,3.07692307692307709e-2,6.92307692307692346e-2,7.09005668759346008e-2,3.54502834379673004e-2,-2.42031802190467715e-3,-1.21015901095233858e-3,7.08346068859100342e-2,3.54173034429550171e-2
24,16,5.07692307692307665e-1,3.07692307692307709e-2,6.92307692307692346e-2,-2.36519258469343185e-2,-1.18259629234671593e-2,8.07415111921727657e-4,4.03707555960863829e-4,-2.36299205571413040e-2,-1.18149602785706520e-2
24,17,5.38461538461538547e-1,3.07692307692307709e-2,6.92307692307692346e-2,-1.17983587086200714e-1,-5.89917935431003571e-2,4.02767054038122296e-3,2.01383527019061148e-3,-1.17873817682266235e-1,-5.89369088411331177e-2
24,18,5.69230769230769207e-1,3.07692307692307709e-2,6.92307692307692346e-2,-2.11213663220405579e-1,-1.05606831610202789e-1,7.21016968600451946e-3,3.60508484300225973e-3,-2.11017161607742310e-1,-1.05508580803871155e-1
24,19,6.00000000000000089e-1,3.07692307692307709e-2,6.92307692307692346e-2,-3.02471727132797241e-1,-1.51235863566398621e-1,1.03257712908089161e-2,5.16288564540445805e-3,-3.02190303802490234e-1,-1.51095151901245117e-1
24,20,6.30769230769230749e-1,3.07692307692307709e-2,6.92307692307692346e-2,-3.90905648469924927e-1,-1.95452824234962463e-1,1.33443670347332954e-2,6.67218351736664772e-3,-3.90541970729827881e-1,-1.95270985364913940e-1
24,21,6.61538461538461631e-1,3.07692307692307709e-2,6.92307692307692346e-2,-4.75689828395843506e-1,-2.37844914197921753e-1,1.62386884912848473e-2,8.11934424564242363e-3,-4.75247263908386230e-1,-2.37623631954193115e-1
24,22,6.92307692307692291e-1,3.07692307692307709e-2,6.92307692307692346e-2,-5.56032657623291016e-1,-2.78016328811645508e-1,1.89818758517503738e-2,9.49093792587518692e-3,-5.55515348911285400e-1,-2.77757674455642700e-1
24,23,7.23076923076923173e-1,3.07692307692307709e-2,6.92307692307692346e-2,-6.31183862686157227e-1,-3.15591931343078613e-1,2.15469058603048325e-2,1.07734529301524162e-2,-6.30596637725830078e-1,-3.15298318862915039e-1
24,24,7.53846153846153832e-1,3.07692307692307709e-2,6.92307692307692346e-2,-7.00441896915435791e-1,-3.50220948457717896e-1,2.39112228155135831e-2,1.19556114077567915e-2,-6.99790239334106445e-1,-3.49895119667053223e-1
24,25,7.84615384615384714e-1,3.07692307692307709e-2,6.92307692307692346e-2,-7.63160109519958496e-1,-3.81580054759979248e-1,2.60528158396482468e-2,1.30264079198241234e-2,-7.62450098991394043e-1,-3.81225049495697021e-1
24,26,8.15384615384615374e-1,3.07692307692307709e-2,6.92307692307692346e-2,-8.18752765655517578e-1,-4.09376382827758789e-1,2.79509816318750381e-2,1.39754908159375191e-2,-8.17991018295288086e-1,-4.08995509147644043e-1
24,27,8.46153846153846256e-1,3.07692307692307709e-2,6.92307692307692346e-2,-8.66700708866119385e-1,-4.33350354433059692e-1,2.95893754810094833e-2,1.47946877405047417e-2,-8.65894317626953125e-1,-4.32947158813476562e-1
24,28,8.76923076923076916e-1,3.07692307692307709e-2,6.92307692307692346e-2,-9.06555831432342529e-1,-4.53277915716171265e-1,3.09538319706916670e-2,1.54769159853458335e-2,-9.05712246894836426e-1,-4.52856123447418213e-1
24,29,9.07692307692307798e-1,3.07692307692307709e-2,6.92307692307692346e-2,-9.37944948673248291e-1,-4.68972474336624146e-1,3.20310574024915695e-2,1.60155287012457848e-2,-9.37071979045867920e-1,-4.68535989522933960e-1
24,30,9.38461538461538458e-1,3.07692307692307709e-2,6.92307692307692346e-2,-9.60573434829711914e-1,-4.80286717414855957e-1,3.28110270202159812e-2,1.64055135101079906e-2,-9.59679186344146729e-1,-4.79839593172073364e-1
24,31,9.69230769230769340e-1,4.61538461538461009e-2,1.03846153846153727e-1,-9.74227964878082275e-1,-4.87113982439041138e-1,4.99243754893541267e-2,2.49621877446770633e-2,-9.73320901393890381e-1,-4.86660450696945190e-1
25,0,1.53846153846153855e-2,3.07692307692307709e-2,6.92307692307692346e-2,9.76766467094421387e-1,4.88383233547210693e-1,-3.33440825343131950e-2,-1.66720412671565975e-2,9.75857734680175781e-1,4.87928867340087891e-1
25,1,4.61538461538461564e-2,3.07692307692307709e-2,6.92307692307692346e-2,9.67646718025207520e-1,4.83823359012603760e-1,-3.30330971628427436e-2,-1.65165485814213718e-2,9.66746449470520020e-1,4.83373224735260010e-1
25,2,7.69230769230769273e-2,3.07692307692307709e-2,6.92307692307692346e-2,9.49492275714874268e-1,4.74746137857437134e-1,-3.24133057147264481e-2,-1.62066528573632240e-2,9.48608875274658203e-1,4.74304437637329102e-1
25,3,1.07692307692307698e-1,3.07692307692307709e-2,6.92307692307692346e-2,9.22472655773162842e-1,4.61236327886581421e-1,-3.14910281449556212e-2,-1.57455140724778106e-2,9.21614408493041992e-1,4.60807204246520996e-1
25,4,1.38461538461538469e-1,3.07692307692307709e-2,6.92307692307692346e-2,8.86840105056762695e-1,4.43420052528381348e-1,-3.02743278443813324e-2,-1.51371639221906662e-2,8.86014997959136963e-1,4.43007498979568481e-1
25,5,1.69230769230769240e-1,3.07692307692307709e-2,6.92307692307692346e-2,8.42927396297454834e-1,4.21463698148727417e-1,-2.87754088640213013e-2,-1.43877044320106506e-2,8.42143177986145020e-1,4.21071588993072510e-1
25,6,2.00000000000000011e-1,3.07692307692307709e-2,6.92307692307692346e-2,7.91144490242004395e-1,3.95572245121002197e-1,-2.70075649023056030e-2,-1.35037824511528015e-2,7.90408432483673096e-1,3.95204216241836548e-1
25,7,2.30769230769230782e-1,3.07692307692307709e-2,6.92307692307692346e-2,7.31974899768829346e-1,3.65987449884414673e-1,-2.49875765293836594e-2,-1.24937882646918297e-2,7.31293916702270508e-1,3.65646958351135254e-1
25,8,2.61538461538461553e-1,3.07692307692307709e-2,6.92307692307692346e-2,6.65971100330352783e-1,3.32985550165176392e-1,-2.27344036102294644e-2,-1.13672018051147322e-2,6.65351510047912598e-1,3.32675755023956299e-1
25,9,2.92307692307692324e-1,3.07692307692307709e-2,6.92307692307692346e-2,5.93749344348907471e-1,2.96874672174453735e-1,-2.02694032341241837e-2,-1.01347016170620918e-2,5.93196928501129150e-1,2.96598464250564575e-1
25,10,3.23076923076923095e-1,3.07692307692307709e-2,6.92307692307692346e-2,5.15983819961547852e-1,2.57991909980773926e-1,-1.76142593845725060e-2,-8.80712969228625298e-3,5.15503764152526855e-1,2.57751882076263428e-1
25,11,3.53846153846153866e-1,3.07692307692307709e-2,6.92307692307692346e-2,4.33400720357894897e-1,2.16700360178947449e-1,-1.47951235994696617e-2,-7.39756179973483086e-3,4.32997494935989380e-1,2.16498747467994690e-1
25,12,3.84615384615384637e-1,3.07692307692307709e-2,6.92307692307692346e-2,3.46771091222763062e-1,1.73385545611381531e-1,-1.18379294872283936e-2,-5.91896474361419678e-3,3.46448451280593872e-1,1.73224225640296936e-1
25,13,4.15384615384615408e-1,3.07692307692307709e-2,6.92307692307692346e-2,2.56903737783432007e-1,1.28451868891716003e-1,-8.76991823315620422e-3,-4.38495911657810211e-3,2.56664723157882690e-1,1.28332361578941345e-1
25,14,4.46153846153846179e-1,3.07692307692307709e-2,6.92307692307692346e-2,1.64637774229049683e-1,8.23188871145248413e-2,-5.62040135264396667e-3,-2.81020067632198334e-3,1.64484590291976929e-1,8.22422951459884644e-2
25,15,4.76923076923076950e-1,3.07692307692307709e-2,6.92307692307692346e-2,7.08346068859100342e-2,3.54173034429550171e-2,-2.41809786530211568e-3,-1.20904893265105784e-3,7.07687065005302429e-2,3.53843532502651215e-2
25,16,5.07692307692307665e-1,3.07692307692307709e-2,6.92307692307692346e-2,-2.36299205571413040e-2,-1.18149602785706520e-2,8.06679599918425083e-4,4.03339799959212542e-4,-2.36079357564449310e-2,-1.18039678782224655e-2
25,17,5.38461538461538547e-1,3.07692307692307709e-2,6.92307692307692346e-2,-1.17873817682266235e-1,-5.89369088411331177e-2,4.02389763621613383e-3,2.01194881810806692e-3,-1.17764152586460114e-1,-5.88820762932300568e-2
25,18,5.69230769230769207e-1,3.07692307692307709e-2,6.92307692307692346e-2,-2.11017161607742310e-1,-1.05508580803871155e-1,7.20355007797479630e-3,3.60177503898739815e-3,-2.10820838809013367e-1,-1.05410419404506683e-1
25,19,6.00000000000000089e-1,3.07692307692307709e-2,6.92307692307692346e-2,-3.02190303802490234e-1,-1.51095151901245117e-1,1.03160189464688301e-2,5.15800947323441505e-3,-3.01909148693084717e-1,-1.50954574346542358e-1
25,20,6.30769230769230749e-1,3.07692307692307709e-2,6.92307692307692346e-2,-3.90541970729827881e-1,-1.95270985364913940e-1,1.33320540189743042e-2,6.66602700948715210e-3,-3.90178620815277100e-1,-1.95089310407638550e-1
25,21,6.61538461538461631e-1,3.07692307692307709e-2,6.92307692307692346e-2,-4.75247263908386230e-1,-2.37623631954193115e-1,1.62235423922538757e-2,8.11177119612693787e-3,-4.74805116653442383e-1,-2.37402558326721191e-1
25,22,6.92307692307692291e-1,3.07692307692307709e-2,6.92307692307692346e-2,-5.55515348911285400e-1,-2.77757674455642700e-1,1.89642235636711121e-2,9.48211178183555603e-3,-5.54998517036437988e-1,-2.77499258518218994e-1
25,23,7.23076923076923173e-1,3.07692307692307709e-2,6.92307692307692346e-2,-6.30596637725830078e-1,-3.15298318862915039e-1,2.15268563479185104e-2,1.07634281739592552e-2,-6.30009949207305908e-1,-3.15004974603652954e-1
25,24,7.53846153846153832e-1,3.07692307692307709e-2,6.92307692307692346e-2,-6.99790239334106445e-1,-3.49895119667053223e-1,2.38889940083026608e-2,1.19444970041513304e-2,-6.99139177799224854e-1,-3.49569588899612427e-1
25,25,7.84615384615384714e-1,3.07692307692307709e-2,6.92307692307692346e-2,-7.62450098991394043e-1,-3.81225049495697021e-1,2.60286256670951843e-2,1.30143128335475922e-2,-7.61740744113922119e-1,-3.80870372056961060e-1
25,26,8.15384615384615374e-1,3.07692307692307709e-2,6.92307692307692346e-2,-8.17991018295288086e-1,-4.08995509147644043e-1,2.79250480234622955e-2,1.39625240117311478e-2,-8.17229986190795898e-1,-4.08614993095397949e-1
25,27,8.46153846153846256e-1,3.07692307692307709e-2,6.92307692307692346e-2,-8.65894317626953125e-1,-4.32947158813476562e-1,2.95621342957019806e-2,1.47810671478509903e-2,-8.65088641643524170e-1,-4.32544320821762085e-1
25,28,8.76923076923076916e-1,3.07692307692307709e-2,6.92307692307692346e-2,-9.05712246894836426e-1,-4.52856123447418213e-1,3.09252832084894042e-2,1.54626416042447021e-2,-9.04869437217712402e-1,-4.52434718608856201e-1
25,29,9.07692307692307798e-1,3.07692307692307709e-2,6.92307692307692346e-2,-9.37071979045867920e-1,-4.68535989522933960e-1,3.20014189928770065e-2,1.60007094964385033e-2,-9.36199843883514404e-1,-4.68099921941757202e-1
25,30,9.38461538461538458e-1,3.07692307692307709e-2,6.92307692307692346e-2,-9.59679186344146729e-1,-4.79839593172073364e-1,3.27800810337066581e-2,1.63900405168533291e-2,-9.58785831928253174e-1,-4.79392915964126587e-1
25,31,9.69230769230769340e-1,4.61538461538461009e-2,1.03846153846153727e-1,-9.73320901393890381e-1,-4.86660450696945190e-1,4.98775206506252219e-2,2.49387603253126110e-2,-9.72414672374725342e-1,-4.86207336187362671e-1
26,0,1.53846153846153855e-2,3.07692307692307709e-2,6.92307692307692346e-2,9.75857734680175781e-1,4.87928867340087891e-1,-3.33131365478038718e-2,-1.66565682739019359e-2,9.74949836730957031e-1,4.87474918365478516e-1
26,1,4.61538461538461564e-2,3.07692307692307709e-2,6.92307692307692346e-2,9.66746449470520020e-1,4.83373224735260010e-1,-3.30023691058158805e-2,-1.65011845529079403e-2,9.65847015380859375e-1,4.82923507690429688e-1
26,2,7.69230769230769273e-2,3.07692307692307709e-2,6.92307692307692346e-2,9.48608875274658203e-1,4.74304437637329102e-1,-3.23830135166645050e-2,-1.61915067583322525e-2,9.47726309299468994e-1,4.73863154649734497e-1
26,3,1.07692307692307698e-1,3.07692307692307709e-2,6.92307692307692346e-2,9.21614408493041992e-1,4.60807204246520996e-1,-3.14618255943059782e-2,-1.57309127971529891e-2,9.20756936073303223e-1,4.60378468036651611e-1
26,4,1.38461538461538469e-1,3.07692307692307709e-2,6.92307692307692346e-2,8.86014997959136963e-1,4.43007498979568481e-1,-3.02459970116615295e-2,-1.51229985058307648e-2,8.85190665721893311e-1,4.42595332860946655e-1
26,5,1.69230769230769240e-1,3.07692307692307709e-2,6.92307692307692346e-2,8.42143177986145020e-1,4.21071588993072510e-1,-2.87488214671611786e-2,-1.43744107335805893e-2,8.41359674930572510e-1,4.20679837465286255e-1
26,6,2.00000000000000011e-1,3.07692307692307709e-2,6.92307692307692346e-2,7.90408432483673096e-1,3.95204216241836548e-1,-2.69822850823402405e-2,-1.34911425411701202e-2,7.89673089981079102e-1,3.94836544990539551e-1
26,7,2.30769230769230782e-1,3.07692307692307709e-2,6.92307692307692346e-2,7.31293916702270508e-1,3.65646958351135254e-1,-2.49644760042428970e-2,-1.24822380021214485e-2,7.30613529682159424e-1,3.65306764841079712e-1
26,8,2.61538461538461553e-1,3.07692307692307709e-2,6.92307692307692346e-2,6.65351510047912598e-1,3.32675755023956299e-1,-2.27132644504308423e-2,-1.13566322252154212e-2,6.64732515811920166e-1,3.32366257905960083e-1
26,9,2.92307692307692324e-1,3.07692307692307709e-2,6.92307692307692346e-2,5.93196928501129150e-1,2.96598464250564575e-1,-2.02504433691501617e-2,-1.01252216845750809e-2,5.92645049095153809e-1,2.96322524547576904e-1
26,10,3.23076923076923095e-1,3.07692307692307709e-2,6.92307692307692346e-2,5.15503764152526855e-1,2.57751882076263428e-1,-1.75979146733880043e-2,-8.79895733669400215e-3,5.15024185180664062e-1,2.57512092590332031e-1
26,11,3.53846153846153866e-1,3.07692307692307709e-2,6.92307692307692346e-2,4.32997494935989380e-1,2.16498747467994690e-1,-1.47813940420746803e-2,-7.39069702103734016e-3,4.32594656944274902e-1,2.16297328472137451e-1
26,12,3.84615384615384637e-1,3.07692307692307709e-2,6.92307692307692346e-2,3.46448451280593872e-1,1.73224225640296936e-1,-1.18268150836229324e-2,-5.91340754181146622e-3,3.46126139163970947e-1,1.73063069581985474e-1
26,13,4.15384615384615408e-1,3.07692307692307709e-2,6.92307692307692346e-2,2.56664723157882690e-1,1.28332361578941345e-1,-8.76185484230518341e-3,-4.38092742115259171e-3,2.56425917148590088e-1,1.28212958574295044e-1
26,14,4.46153846153846179e-1,3.07692307692307709e-2,6.92307692307692346e-2,1.64484590291976929e-1,8.22422951459884644e-2,-5.61508932150900364e-3,-2.80754466075450182e-3,1.64331555366516113e-1,8.21657776832580566e-2
26,15,4.76923076923076950e-1,3.07692307692307709e-2,6.92307692307692346e-2,7.07687065005302429e-2,3.53843532502651215e-2,-2.41589813958853483e-3,-1.20794906979426742e-3,7.07028657197952271e-2,3.53514328598976135e-2
26,16,5.07692307692307665e-1,3.07692307692307709e-2,6.92307692307692346e-2,-2.36079357564449310e-2,-1.18039678782224655e-2,8.05930467322468758e-4,4.02965233661234379e-4,-2.35859714448451996e-2,-1.17929857224225998e-2
26,17,5.38461538461538547e-1,3.07692307692307709e-2,6.92307692307692346e-2,-1.17764152586460114e-1,-5.88820762932300568e-2,4.02015878353267908e-3,2.01007939176633954e-3,-1.17654591798782349e-1,-5.88272958993911743e-2
26,18,5.69230769230769207e-1,3.07692307692307709e-2,6.92307692307692346e-2,-2.10820838809013367e-1,-1.05410419404506683e-1,7.19687598757445812e-3,3.59843799378722906e-3,-2.10624694824218750e-1,-1.05312347412109375e-1
26,19,6.00000000000000089e-1,3.07692307692307709e-2,6.92307692307692346e-2,-3.01909148693084717e-1,-1.50954574346542358e-1,1.03063755668699741e-2,5.15318778343498707e-3,-3.01628261804580688e-1,-1.50814130902290344e-1
26,20,6.30769230769230749e-1,3.07692307692307709e-2,6.92307692307692346e-2,-3.90178620815277100e-1,-1.95089310407638550e-1,1.33196320384740829e-2,6.65981601923704147e-3,-3.89815598726272583e-1,-1.94907799363136292e-1
26,21,6.61538461538461631e-1,3.07692307692307709e-2,6.92307692307692346e-2,-4.74805116653442383e-1,-2.37402558326721191e-1,1.62085052579641342e-2,8.10425262898206711e-3,-4.74363386631011963e-1,-2.37181693315505981e-1
26,22,6.92307692307692291e-1,3.07692307692307709e-2,6.92307692307692346e-2,-5.54998517036437988e-1,-2.77499258518218994e-1,1.89465712755918503e-2,9.47328563779592514e-3,-5.54482161998748779e-1,-2.77241080999374390e-1
26,23,7.23076923076923173e-1,3.07692307692307709e-2,6.92307692307692346e-2,-6.30009949207305908e-1,-3.15004974603652954e-1,2.15068068355321884e-2,1.07534034177660942e-2,-6.29423797130584717e-1,-3.14711898565292358e-1
26,24,7.53846153846153832e-1,3.07692307692307709e-2,6.92307692307692346e-2,-6.99139177799224854e-1,-3.49569588899612427e-1,2.38667652010917386e-2,1.19333826005458693e-2,-6.98488712310791016e-1,-3.49244356155395508e-1
26,25,7.84615384615384714e-1,3.07692307692307709e-2,6.92307692307692346e-2,-7.61740744113922119e-1,-3.80870372056961060e-1,2.60044354945421219e-2,1.30022177472710609e-2,-7.61032044887542725e-1,-3.80516022443771362e-1
26,26,8.15384615384615374e-1,3.07692307692307709e-2,6.92307692307692346e-2,-8.17229986190795898e-1,-4.08614993095397949e-1,2.78993323445320129e-2,1.39496661722660065e-2,-8.16469609737396240e-1,-4.08234804868698120e-1
26,27,8.46153846153846256e-1,3.07692307692307709e-2,6.92307692307692346e-2,-8.65088641643524170e-1,-4.32544320821762085e-1,2.95346751809120178e-2,1.47673375904560089e-2,-8.64283740520477295e-1,-4.32141870260238647e-1
26,28,8.76923076923076916e-1,3.07692307692307709e-2,6.92307692307692346e-2,-9.04869437217712402e-1,-4.52434718608856201e-1,3.08967344462871413e-2,1.54483672231435706e-2,-9.04027402400970459e-1,-4.52013701200485229e-1
26,29,9.07692307692307798e-1,3.07692307692307709e-2,6.92307692307692346e-2,-9.36199843883514404e-1,-4.68099921941757202e-1,3.19717805832624435e-2,1.59858902916312218e-2,-9.35328483581542969e-1,-4.67664241790771484e-1
26,30,9.38461538461538458e-1,3.07692307692307709e-2,6.92307692307692346e-2,-9.58785831928253174e-1,-4.79392915964126587e-1,3.27495709061622550e-2,1.63747854530811275e-2,-9.57893311977386475e-1,-4.78946655988693237e-1
26,31,9.69230769230769340e-1,4.61538461538461009e-2,1.03846153846153727e-1,-9.72414672374725342e-1,-4.86207336187362671e-1,4.98304478824138572e-2,2.49152239412069286e-2,-9.71509277820587158e-1,-4.85754638910293579e-1
27,0,1.53846153846153855e-2,3.07692307692307709e-2,6.92307692307692346e-2,9.74949836730957031e-1,4.87474918365478516e-1,-3.32821905612945487e-2,-1.66410952806472744e-2,9.74042773246765137e-1,4.87021386623382568e-1
27,1,4.61538461538461564e-2,3.07692307692307709e-2,6.92307692307692346e-2,9.65847015380859375e-1,4.82923507690429688e-1,-3.29716410487890174e-2,-1.64858205243945087e-2,9.64948415756225586e-1,4.82474207878112793e-1
27,2,7.69230769230769273e-2,3.07692307692307709e-2,6.92307692307692346e-2,9.47726309299468994e-1,4.73863154649734497e-1,-3.23529392480850220e-2,-1.61764696240425110e-2,9.46844577789306641e-1,4.73422288894653320e-1
27,3,1.07692307692307698e-1,3.07692307692307709e-2,6.92307692307692346e-2,9.20756936073303223e-1,4.60378468036651611e-1,-3.14324051141738753e-2,-1.57162025570869376e-2,9.19900298118591309e-1,4.59950149059295654e-1
27,4,1.38461538461538469e-1,3.07692307692307709e-2,6.92307692307692346e-2,8.85190665721893311e-1,4.42595332860946655e-1,-3.02178841084241867e-2,-1.51089420542120934e-2,8.84367108345031738e-1,4.42183554172515869e-1
27,5,1.69230769230769240e-1,3.07692307692307709e-2,6.92307692307692346e-2,8.41359674930572510e-1,4.20679837465286255e-1,-2.87220161408185959e-2,-1.43610080704092979e-2,8.40576887130737305e-1,4.20288443565368652e-1
27,6,2.00000000000000011e-1,3.07692307692307709e-2,6.92307692307692346e-2,7.89673089981079102e-1,3.94836544990539551e-1,-2.69574411213397980e-2,-1.34787205606698990e-2,7.88938403129577637e-1,3.94469201564788818e-1
27,7,2.30769230769230782e-1,3.07692307692307709e-2,6.92307692307692346e-2,7.30613529682159424e-1,3.65306764841079712e-1,-2.49409396201372147e-2,-1.24704698100686073e-2,7.29933798313140869e-1,3.64966899156570435e-1
27,8,2.61538461538461553e-1,3.07692307692307709e-2,6.92307692307692346e-2,6.64732515811920166e-1,3.32366257905960083e-1,-2.26923432201146802e-2,-1.13461716100573401e-2,6.64114058017730713e-1,3.32057029008865356e-1
27,9,2.92307692307692324e-1,3.07692307692307709e-2,6.92307692307692346e-2,5.92645049095153809e-1,2.96322524547576904e-1,-2.02314835041761398e-2,-1.01157417520880699e-2,5.92093646526336670e-1,2.96046823263168335e-1
27,10,3.23076923076923095e-1,3.07692307692307709e-2,6.92307692307692346e-2,5.15024185180664062e-1,2.57512092590332031e-1,-1.75816789269447327e-2,-8.79083946347236633e-3,5.14545023441314697e-1,2.57272511720657349e-1
27,11,3.53846153846153866e-1,3.07692307692307709e-2,6.92307692307692346e-2,4.32594656944274902e-1,2.16297328472137451e-1,-1.47675555199384689e-2,-7.38377775996923447e-3,4.32192176580429077e-1,2.16096088290214539e-1
27,12,3.84615384615384637e-1,3.07692307692307709e-2,6.92307692307692346e-2,3.46126139163970947e-1,1.73063069581985474e-1,-1.18159186094999313e-2,-5.90795930474996567e-3,3.45804125070571899e-1,1.72902062535285950e-1
27,13,4.15384615384615408e-1,3.07692307692307709e-2,6.92307692307692346e-2,2.56425917148590088e-1,1.28212958574295044e-1,-8.75357352197170258e-3,-4.37678676098585129e-3,2.56187349557876587e-1,1.28093674778938293e-1
27,14,4.46153846153846179e-1,3.07692307692307709e-2,6.92307692307692346e-2,1.64331555366516113e-1,8.21657776832580566e-2,-5.60988625511527061e-3,-2.80494312755763531e-3,1.64178669452667236e-1,8.20893347263336182e-2
27,15,4.76923076923076950e-1,3.07692307692307709e-2,6.92307692307692346e-2,7.07028657197952271e-2,3.53514328598976135e-2,-2.41366436239331961e-3,-1.20683218119665980e-3,7.06370845437049866e-2,3.53185422718524933e-2
27,16,5.07692307692307665e-1,3.07692307692307709e-2,6.92307692307692346e-2,-2.35859714448451996e-2,-1.17929857224225998e-2,8.05167714133858681e-4,4.02583857066929340e-4,-2.35640276223421097e-2,-1.17820138111710548e-2
27,17,5.38461538461538547e-1,3.07692307692307709e-2,6.92307692307692346e-2,-1.17654591798782349e-1,-5.88272958993911743e-2,4.01645398233085871e-3,2.00822699116542935e-3,-1.17545127868652344e-1,-5.87725639343261719e-2
27,18,5.69230769230769207e-1,3.07692307692307709e-2,6.92307692307692346e-2,-2.10624694824218750e-1,-1.05312347412109375e-1,7.19014741480350494e-3,3.59507370740175247e-3,-2.10428729653358459e-1,-1.05214364826679230e-1
27,19,6.00000000000000089e-1,3.07692307692307709e-2,6.92307692307692346e-2,-3.01628261804580688e-1,-1.50814130902290344e-1,1.02968411520123482e-2,5.14842057600617409e-3,-3.01347643136978149e-1,-1.50673821568489075e-1
27,20,6.30769230769230749e-1,3.07692307692307709e-2,6.92307692307692346e-2,-3.89815598726272583e-1,-1.94907799363136292e-1,1.33071010932326317e-2,6.65355054661631584e-3,-3.89452934265136719e-1,-1.94726467132568359e-1
27,21,6.61538461538461631e-1,3.07692307692307709e-2,6.92307692307692346e-2,-4.74363386631011963e-1,-2.37181693315505981e-1,1.61935770884156227e-2,8.09678854420781136e-3,-4.73922044038772583e-1,-2.36961022019386292e-1
27,22,6.92307692307692291e-1,3.07692307692307709e-2,6.92307692307692346e-2,-5.54482161998748779e-1,-2.77241080999374390e-1,1.89289189875125885e-2,9.46445949375629425e-3,-5.53966283798217773e-1,-2.76983141899108887e-1
27,23,7.23076923076923173e-1,3.07692307692307709e-2,6.92307692307692346e-2,-6.29423797130584717e-1,-3.14711898565292358e-1,2.14867573231458664e-2,1.07433786615729332e-2,-6.28838181495666504e-1,-3.14419090747833252e-1
27,24,7.53846153846153832e-1,3.07692307692307709e-2,6.92307692307692346e-2,-6.98488712310791016e-1,-3.49244356155395508e-1,2.38445363938808164e-2,1.19222681969404082e-2,-6.97838842868804932e-1,-3.48919421434402466e-1
27,25,7.84615384615384714e-1,3.07692307692307709e-2,6.92307692307692346e-2,-7.61032044887542725e-1,-3.80516022443771362e-1,2.59804632514715195e-2,1.29902316257357597e-2,-7.60324001312255859e-1,-3.80162000656127930e-1
27,26,8.15384615384615374e-1,3.07692307692307709e-2,6.92307692307692346e-2,-8.16469609737396240e-1,-4.08234804868698120e-1,2.78731808066368103e-2,1.39365904033184052e-2,-8.15709948539733887e-1,-4.07854974269866943e-1
27,27,8.46153846153846256e-1,3.07692307692307709e-2,6.92307692307692346e-2,-8.64283740520477295e-1,-4.32141870260238647e-1,2.95076519250869751e-2,1.47538259625434875e-2,-8.63479554653167725e-1,-4.31739777326583862e-1
27,28,8.76923076923076916e-1,3.07692307692307709e-2,6.92307692307692346e-2,-9.04027402400970459e-1,-4.52013701200485229e-1,3.08681856840848784e-2,1.54340928420424392e-2,-9.03186142444610596e-1,-4.51593071222305298e-1
27,29,9.07692307692307798e-1,3.07692307692307709e-2,6.92307692307692346e-2,-9.35328483581542969e-1,-4.67664241790771484e-1,3.19419242441654205e-2,1.59709621220827103e-2,-9.34457957744598389e-1,-4.67228978872299194e-1
27,30,9.38461538461538458e-1,3.07692307692307709e-2,6.92307692307692346e-2,-9.57893311977386475e-1,-4.78946655988693237e-1,3.27192787081003120e-2,1.63596393540501560e-2,-9.57001566886901855e-1,-4.78500783443450928e-1
27,31,9.69230769230769340e-1,4.61538461538461009e-2,1.03846153846153727e-1,-9.71509277820587158e-1,-4.85754638910293579e-1,4.97833751142024925e-2,2.48916875571012462e-2,-9.70604777336120605e-1,-4.85302388668060303e-1
28,0,1.53846153846153855e-2,3.07692307692307709e-2,6.92307692307692346e-2,9.74042773246765137e-1,4.87021386623382568e-1,-3.32512445747852256e-2,-1.66256222873926128e-2,9.73136544227600098e-1,4.86568272113800049e-1
28,1,4.61538461538461564e-2,3.07692307692307709e-2,6.92307692307692346e-2,9.64948415756225586e-1,4.82474207878112793e-1,-3.29409129917621543e-2,-1.64704564958810772e-2,9.64050650596618652e-1,4.82025325298309326e-1
28,2,7.69230769230769273e-2,3.07692307692307709e-2,6.92307692307692346e-2,9.46844577789306641e-1,4.73422288894653320e-1,-3.23228649795055389e-2,-1.61614324897527695e-2,9.45963680744171143e-1,4.72981840372085571e-1
28,3,1.07692307692307698e-1,3.07692307692307709e-2,6.92307692307692346e-2,9.19900298118591309e-1,4.59950149059295654e-1,-3.14032025635242323e-2,-1.57016012817621162e-2,9.19044435024261475e-1,4.59522217512130737e-1
28,4,1.38461538461538469e-1,3.07692307692307709e-2,6.92307692307692346e-2,8.84367108345031738e-1,4.42183554172515869e-1,-3.01897712051868439e-2,-1.50948856025934219e-2,8.83544325828552246e-1,4.41772162914276123e-1
28,5,1.69230769230769240e-1,3.07692307692307709e-2,6.92307692307692346e-2,8.40576887130737305e-1,4.20288443565368652e-1,-2.86952108144760132e-2,-1.43476054072380066e-2,8.39794814586639404e-1,4.19897407293319702e-1
28,6,2.00000000000000011e-1,3.07692307692307709e-2,6.92307692307692346e-2,7.88938403129577637e-1,3.94469201564788818e-1,-2.69323792308568954e-2,-1.34661896154284477e-2,7.88204371929168701e-1,3.94102185964584351e-1
28,7,2.30769230769230782e-1,3.07692307692307709e-2,6.92307692307692346e-2,7.29933798313140869e-1,3.64966899156570435e-1,-2.49178390949964523e-2,-1.24589195474982262e-2,7.29254722595214844e-1,3.64627361297607422e-1
28,8,2.61538461538461553e-1,3.07692307692307709e-2,6.92307692307692346e-2,6.64114058017730713e-1,3.32057029008865356e-1,-2.26712040603160581e-2,-1.13356020301580290e-2,6.63496196269989014e-1,3.31748098134994507e-1
28,9,2.92307692307692324e-1,3.07692307692307709e-2,6.92307692307692346e-2,5.92093646526336670e-1,2.96046823263168335e-1,-2.02125236392021179e-2,-1.01062618196010590e-2,5.91542780399322510e-1,2.95771390199661255e-1
28,10,3.23076923076923095e-1,3.07692307692307709e-2,6.92307692307692346e-2,5.14545023441314697e-1,2.57272511720657349e-1,-1.75654431805014610e-2,-8.78272159025073051e-3,5.14066278934478760e-1,2.57033139467239380e-1
28,11,3.53846153846153866e-1,3.07692307692307709e-2,6.92307692307692346e-2,4.32192176580429077e-1,2.16096088290214539e-1,-1.47537169978022575e-2,-7.37685849890112877e-3,4.31790083646774292e-1,2.15895041823387146e-1
28,12,3.84615384615384637e-1,3.07692307692307709e-2,6.92307692307692346e-2,3.45804125070571899e-1,1.72902062535285950e-1,-1.18050221353769302e-2,-5.90251106768846512e-3,3.45482409000396729e-1,1.72741204500198364e-1
28,13,4.15384615384615408e-1,3.07692307692307709e-2,6.92307692307692346e-2,2.56187349557876587e-1,1.28093674778938293e-1,-8.74540116637945175e-3,-4.37270058318972588e-3,2.55948990583419800e-1,1.27974495291709900e-1
28,14,4.46153846153846179e-1,3.07692307692307709e-2,6.92307692307692346e-2,1.64178669452667236e-1,8.20893347263336182e-2,-5.60468318872153759e-3,-2.80234159436076880e-3,1.64025917649269104e-1,8.20129588246345520e-2
28,15,4.76923076923076950e-1,3.07692307692307709e-2,6.92307692307692346e-2,7.06370845437049866e-2,3.53185422718524933e-2,-2.41139653371647000e-3,-1.20569826685823500e-3,7.05713629722595215e-2,3.52856814861297607e-2
28,16,5.07692307692307665e-1,3.07692307692307709e-2,6.92307692307692346e-2,-2.35640276223421097e-2,-1.17820138111710548e-2,8.04418581537902355e-4,4.02209290768951178e-4,-2.35421042889356613e-2,-1.17710521444678307e-2
28,17,5.38461538461538547e-1,3.07692307692307709e-2,6.92307692307692346e-2,-1.17545127868652344e-1,-5.87725639343261719e-2,4.01272875024005771e-3,2.00636437512002885e-3,-1.17435768246650696e-1,-5.87178841233253479e-2
28,18,5.69230769230769207e-1,3.07692307692307709e-2,6.92307692307692346e-2,-2.10428729653358459e-1,-1.05214364826679230e-1,7.18339160084724426e-3,3.59169580042362213e-3,-2.10232958197593689e-1,-1.05116479098796844e-1
28,19,6.00000000000000089e-1,3.07692307692307709e-2,6.92307692307692346e-2,-3.01347643136978149e-1,-1.50673821568489075e-1,1.02873067371547222e-2,5.14365336857736111e-3,-3.01067262887954712e-1,-1.50533631443977356e-1
28,20,6.30769230769230749e-1,3.07692307692307709e-2,6.92307692307692346e-2,-3.89452934265136719e-1,-1.94726467132568359e-1,1.32947880774736404e-2,6.64739403873682022e-3,-3.89090597629547119e-1,-1.94545298814773560e-1
28,21,6.61538461538461631e-1,3.07692307692307709e-2,6.92307692307692346e-2,-4.73922044038772583e-1,-2.36961022019386292e-1,1.61784309893846512e-2,8.08921549469232559e-3,-4.73481118679046631e-1,-2.36740559339523315e-1
28,22,6.92307692307692291e-1,3.07692307692307709e-2,6.92307692307692346e-2,-5.53966283798217773e-1,-2.76983141899108887e-1,1.89113756641745567e-2,9.45568783208727837e-3,-5.53450882434844971e-1,-2.76725441217422485e-1
28,23,7.23076923076923173e-1,3.07692307692307709e-2,6.92307692307692346e-2,-6.28838181495666504e-1,-3.14419090747833252e-1,2.14667078107595444e-2,1.07333539053797722e-2,-6.28253161907196045e-1,-3.14126580953598022e-1
28,24,7.53846153846153832e-1,3.07692307692307709e-2,6.92307692307692346e-2,-6.97838842868804932e-1,-3.48919421434402466e-1,2.38223075866698941e-2,1.19111537933349471e-2,-6.97189569473266602e-1,-3.48594784736633301e-1
28,25,7.84615384615384714e-1,3.07692307692307709e-2,6.92307692307692346e-2,-7.60324001312255859e-1,-3.80162000656127930e-1,2.59564910084009171e-2,1.29782455042004585e-2,-7.59616613388061523e-1,-3.79808306694030762e-1
28,26,8.15384615384615374e-1,3.07692307692307709e-2,6.92307692307692346e-2,-8.15709948539733887e-1,-4.07854974269866943e-1,2.78472471982240677e-2,1.39236235991120338e-2,-8.14951002597808838e-1,-4.07475501298904419e-1
28,27,8.46153846153846256e-1,3.07692307692307709e-2,6.92307692307692346e-2,-8.63479554653167725e-1,-4.31739777326583862e-1,2.94804107397794724e-2,1.47402053698897362e-2,-8.62676084041595459e-1,-4.31338042020797729e-1
28,28,8.76923076923076916e-1,3.07692307692307709e-2,6.92307692307692346e-2,-9.03186142444610596e-1,-4.51593071222305298e-1,3.08396369218826155e-2,1.54198184609413078e-2,-9.02345657348632812e-1,-4.51172828674316406e-1
28,29,9.07692307692307798e-1,3.07692307692307709e-2,6.92307692307692346e-2,-9.34457957744598389e-1,-4.67228978872299194e-1,3.19125037640333176e-2,1.59562518820166588e-2,-9.33588206768035889e-1,-4.66794103384017944e-1
28,30,9.38461538461538458e-1,3.07692307692307709e-2,6.92307692307692346e-2,-9.57001566886901855e-1,-4.78500783443450928e-1,3.26883327215909888e-2,1.63441663607954944e-2,-9.56110715866088867e-1,-4.78055357933044434e-1
28,31,9.69230769230769340e-1,4.61538461538461009e-2,1.03846153846153727e-1,-9.70604777336120605e-1,-4.85302388668060303e-1,4.97367382049560477e-2,2.48683691024780239e-2,-9.69701111316680908e-1,-4.84850555658340454e-1
29,0,1.53846153846153855e-2,3.07692307692307709e-2,6.92307692307692346e-2,9.73136544227600098e-1,4.86568272113800049e-1,-3.32202985882759025e-2,-1.66101492941379512e-2,9.72231149673461914e-1,4.86115574836730957e-1
29,1,4.61538461538461564e-2,3.07692307692307709e-2,6.92307692307692346e-2,9.64050650596618652e-1,4.82025325298309326e-1,-3.29101849347352912e-2,-1.64550924673676456e-2,9.63153719902038574e-1,4.81576859951019287e-1
29,2,7.69230769230769273e-2,3.07692307692307709e-2,6.92307692307692346e-2,9.45963680744171143e-1,4.72981840372085571e-1,-3.22930086404085159e-2,-1.61465043202042580e-2,9.45083558559417725e-1,4.72541779279708862e-1
29,3,1.07692307692307698e-1,3.07692307692307709e-2,6.92307692307692346e-2,9.19044435024261475e-1,4.59522217512130737e-1,-3.13737820833921294e-2,-1.56868910416960647e-2,9.18189406394958496e-1,4.59094703197479248e-1
29,4,1.38461538461538469e-1,3.07692307692307709e-2,6.92307692307692346e-2,8.83544325828552246e-1,4.41772162914276123e-1,-3.01618762314319611e-2,-1.50809381157159805e-2,8.82722318172454834e-1,4.41361159086227417e-1
29,5,1.69230769230769240e-1,3.07692307692307709e-2,6.92307692307692346e-2,8.39794814586639404e-1,4.19897407293319702e-1,-2.86684054881334305e-2,-1.43342027440667152e-2,8.39013516902923584e-1,4.19506758451461792e-1
29,6,2.00000000000000011e-1,3.07692307692307709e-2,6.92307692307692346e-2,7.88204371929168701e-1,3.94102185964584351e-1,-2.69070994108915329e-2,-1.34535497054457664e-2,7.87471055984497070e-1,3.93735527992248535e-1
29,7,2.30769230769230782e-1,3.07692307692307709e-2,6.92307692307692346e-2,7.29254722595214844e-1,3.64627361297607422e-1,-2.48949564993381500e-2,-1.24474782496690750e-2,7.28576242923736572e-1,3.64288121461868286e-1
29,8,2.61538461538461553e-1,3.07692307692307709e-2,6.92307692307692346e-2,6.63496196269989014e-1,3.31748098134994507e-1,-2.26500649005174359e-2,-1.13250324502587180e-2,6.62878870964050293e-1,3.31439435482025146e-1
29,9,2.92307692307692324e-1,3.07692307692307709e-2,6.92307692307692346e-2,5.91542780399322510e-1,2.95771390199661255e-1,-2.01937817037105560e-2,-1.00968908518552780e-2,5.90992450714111328e-1,2.95496225357055664e-1
29,10,3.23076923076923095e-1,3.07692307692307709e-2,6.92307692307692346e-2,5.14066278934478760e-1,2.57033139467239380e-1,-1.75488805398344994e-2,-8.77444026991724968e-3,5.13588011264801025e-1,2.56794005632400513e-1
29,11,3.53846153846153866e-1,3.07692307692307709e-2,6.92307692307692346e-2,4.31790083646774292e-1,2.15895041823387146e-1,-1.47400964051485062e-2,-7.37004820257425308e-3,4.31388348340988159e-1,2.15694174170494080e-1
29,12,3.84615384615384637e-1,3.07692307692307709e-2,6.92307692307692346e-2,3.45482409000396729e-1,1.72741204500198364e-1,-1.17941256612539291e-2,-5.89706283062696457e-3,3.45160961151123047e-1,1.72580480575561523e-1
29,13,4.15384615384615408e-1,3.07692307692307709e-2,6.92307692307692346e-2,2.55948990583419800e-1,1.27974495291709900e-1,-8.73717432841658592e-3,-4.36858716420829296e-3,2.55710870027542114e-1,1.27855435013771057e-1
29,14,4.46153846153846179e-1,3.07692307692307709e-2,6.92307692307692346e-2,1.64025917649269104e-1,8.20129588246345520e-2,-5.59948012232780457e-3,-2.79974006116390228e-3,1.63873314857482910e-1,8.19366574287414551e-2
29,15,4.76923076923076950e-1,3.07692307692307709e-2,6.92307692307692346e-2,7.05713629722595215e-2,3.52856814861297607e-2,-2.40914913592860103e-3,-1.20457456796430051e-3,7.05057084560394287e-2,3.52528542280197144e-2
29,16,5.07692307692307665e-1,3.07692307692307709e-2,6.92307692307692346e-2,-2.35421042889356613e-2,-1.17710521444678307e-2,8.03655828349292278e-4,4.01827914174646139e-4,-2.35202014446258545e-2,-1.17601007223129272e-2
29,17,5.38461538461538547e-1,3.07692307692307709e-2,6.92307692307692346e-2,-1.17435768246650696e-1,-5.87178841233253479e-2,4.00898308726027608e-3,2.00449154363013804e-3,-1.17326505482196808e-1,-5.86632527410984039e-2
29,18,5.69230769230769207e-1,3.07692307692307709e-2,6.92307692307692346e-2,-2.10232958197593689e-1,-1.05116479098796844e-1,7.17679923400282860e-3,3.58839961700141430e-3,-2.10037365555763245e-1,-1.05018682777881622e-1
29,19,6.00000000000000089e-1,3.07692307692307709e-2,6.92307692307692346e-2,-3.01067262887954712e-1,-1.50533631443977356e-1,1.02776088751852512e-2,5.13880443759262562e-3,-3.00787150859832764e-1,-1.50393575429916382e-1
29,20,6.30769230769230749e-1,3.07692307692307709e-2,6.92307692307692346e-2,-3.89090597629547119e-1,-1.94545298814773560e-1,1.32824750617146492e-2,6.64123753085732460e-3,-3.88728588819503784e-1,-1.94364294409751892e-1
29,21,6.61538461538461631e-1,3.07692307692307709e-2,6.92307692307692346e-2,-4.73481118679046631e-1,-2.36740559339523315e-1,1.61633938550949097e-2,8.08169692754745483e-3,-4.73040610551834106e-1,-2.36520305275917053e-1
29,22,6.92307692307692291e-1,3.07692307692307709e-2,6.92307692307692346e-2,-5.53450882434844971e-1,-2.76725441217422485e-1,1.88936144113540649e-2,9.44680720567703247e-3,-5.52935957908630371e-1,-2.76467978954315186e-1
29,23,7.23076923076923173e-1,3.07692307692307709e-2,6.92307692307692346e-2,-6.28253161907196045e-1,-3.14126580953598022e-1,2.14470941573381424e-2,1.07235470786690712e-2,-6.27668678760528564e-1,-3.13834339380264282e-1
29,24,7.53846153846153832e-1,3.07692307692307709e-2,6.92307692307692346e-2,-6.97189569473266602e-1,-3.48594784736633301e-1,2.37998608499765119e-2,1.18999304249882559e-2,-6.96540951728820801e-1,-3.48270475864410400e-1
29,25,7.84615384615384714e-1,3.07692307692307709e-2,6.92307692307692346e-2,-7.59616613388061523e-1,-3.79808306694030762e-1,2.59325187653303146e-2,1.29662593826651573e-2,-7.58909881114959717e-1,-3.79454940557479858e-1
29,26,8.15384615384615374e-1,3.07692307692307709e-2,6.92307692307692346e-2,-8.14951002597808838e-1,-4.07475501298904419e-1,2.78215315192937851e-2,1.39107657596468925e-2,-8.14192771911621094e-1,-4.07096385955810547e-1
29,27,8.46153846153846256e-1,3.07692307692307709e-2,6.92307692307692346e-2,-8.62676084041595459e-1,-4.31338042020797729e-1,2.94529516249895096e-2,1.47264758124947548e-2,-8.61873388290405273e-1,-4.30936694145202637e-1
29,28,8.76923076923076916e-1,3.07692307692307709e-2,6.92307692307692346e-2,-9.02345657348632812e-1,-4.51172828674316406e-1,3.08113060891628127e-2,1.54056530445814063e-2,-9.01505947113037109e-1,-4.50752973556518555e-1
29,29,9.07692307692307798e-1,3.07692307692307709e-2,6.92307692307692346e-2,-9.33588206768035889e-1,-4.66794103384017944e-1,3.18826474249362946e-2,1.59413237124681473e-2,-9.32719290256500244e-1,-4.66359645128250122e-1
29,30,9.38461538461538458e-1,3.07692307692307709e-2,6.92307692307692346e-2,-9.56110715866088867e-1,-4.78055357933044434e-1,3.26580405235290458e-2,1.63290202617645229e-2,-9.55220639705657959e-1,-4.77610319852828979e-1
29,31,9.69230769230769340e-1,4.61538461538461009e-2,1.03846153846153727e-1,-9.69701111316680908e-1,-4.84850555658340454e-1,4.96898833662271430e-2,2.48449416831135715e-2,-9.68798279762268066e-1,-4.84399139881134033e-1
30,0,1.53846153846153855e-2,3.07692307692307709e-2,6.92307692307692346e-2,9.72231149673461914e-1,4.86115574836730957e-1,-3.31893526017665794e-2,-1.65946763008832897e-2,9.71326589584350586e-1,4.85663294792175293e-1
30,1,4.61538461538461564e-2,3.07692307692307709e-2,6.92307692307692346e-2,9.63153719902038574e-1,4.81576859951019287e-1,-3.28796748071908881e-2,-1.64398374035954441e-2,9.62257623672485352e-1,4.81128811836242676e-1
30,2,7.69230769230769273e-2,3.07692307692307709e-2,6.92307692307692346e-2,9.45083558559417725e-1,4.72541779279708862e-1,-3.22627164423465729e-2,-1.61313582211732864e-2,9.44204270839691162e-1,4.72102135419845581e-1
30,3,1.07692307692307698e-1,3.07692307692307709e-2,6.92307692307692346e-2,9.18189406394958496e-1,4.59094703197479248e-1,-3.13447974622249464e-2,-1.56723987311124732e-2,9.17335152626037598e-1,4.58667576313018799e-1
30,4,1.38461538461538469e-1,3.07692307692307709e-2,6.92307692307692346e-2,8.82722318172454834e-1,4.41361159086227417e-1,-3.01337633281946182e-2,-1.50668816640973091e-2,8.81901085376739502e-1,4.40950542688369751e-1
30,5,1.69230769230769240e-1,3.07692307692307709e-2,6.92307692307692346e-2,8.39013516902923584e-1,4.19506758451461792e-1,-2.86418180912733078e-2,-1.43209090456366539e-2,8.38232934474945068e-1,4.19116467237472534e-1
30,6,2.00000000000000011e-1,3.07692307692307709e-2,6.92307692307692346e-2,7.87471055984497070e-1,3.93735527992248535e-1,-2.68820375204086304e-2,-1.34410187602043152e-2,7.86738395690917969e-1,3.93369197845458984e-1
30,7,2.30769230769230782e-1,3.07692307692307709e-2,6.92307692307692346e-2,7.28576242923736572e-1,3.64288121461868286e-1,-2.48718559741973877e-2,-1.24359279870986938e-2,7.27898418903350830e-1,3.63949209451675415e-1
30,8,2.61538461538461553e-1,3.07692307692307709e-2,6.92307692307692346e-2,6.62878870964050293e-1,3.31439435482025146e-1,-2.26287078112363538e-2,-1.13143539056181769e-2,6.62262141704559326e-1,3.31131070852279663e-1
30,9,2.92307692307692324e-1,3.07692307692307709e-2,6.92307692307692346e-2,5.90992450714111328e-1,2.95496225357055664e-1,-2.01752576977014542e-2,-1.00876288488507271e-2,5.90442597866058350e-1,2.95221298933029175e-1
30,10,3.23076923076923095e-1,3.07692307692307709e-2,6.92307692307692346e-2,5.13588011264801025e-1,2.56794005632400513e-1,-1.75325358286499977e-2,-8.76626791432499886e-3,5.13110160827636719e-1,2.56555080413818359e-1
30,11,3.53846153846153866e-1,3.07692307692307709e-2,6.92307692307692346e-2,4.31388348340988159e-1,2.15694174170494080e-1,-1.47263668477535248e-2,-7.36318342387676239e-3,4.30987000465393066e-1,2.15493500232696533e-1
30,12,3.84615384615384637e-1,3.07692307692307709e-2,6.92307692307692346e-2,3.45160961151123047e-1,1.72580480575561523e-1,-1.17830112576484680e-2,-5.89150562882423401e-3,3.44839841127395630e-1,1.72419920563697815e-1
30,13,4.15384615384615408e-1,3.07692307692307709e-2,6.92307692307692346e-2,2.55710870027542114e-1,1.27855435013771057e-1,-8.72916541993618011e-3,-4.36458270996809006e-3,2.55472958087921143e-1,1.27736479043960571e-1
30,14,4.46153846153846179e-1,3.07692307692307709e-2,6.92307692307692346e-2,1.63873314857482910e-1,8.19366574287414551e-2,-5.59424981474876404e-3,-2.79712490737438202e-3,1.63720846176147461e-1,8.18604230880737305e-2
30,15,4.76923076923076950e-1,3.07692307692307709e-2,6.92307692307692346e-2,7.05057084560394287e-2,3.52528542280197144e-2,-2.40692216902971268e-3,-1.20346108451485634e-3,7.04401135444641113e-2,3.52200567722320557e-2
30,16,5.07692307692307665e-1,3.07692307692307709e-2,6.92307692307692346e-2,-2.35202014446258545e-2,-1.17601007223129272e-2,8.02933936938643456e-4,4.01466968469321728e-4,-2.34983190894126892e-2,-1.17491595447063446e-2
30,17,5.38461538461538547e-1,3.07692307692307709e-2,6.92307692307692346e-2,-1.17326505482196808e-1,-5.86632527410984039e-2,4.00521699339151382e-3,2.00260849669575691e-3,-1.17217347025871277e-1,-5.86086735129356384e-2
30,18,5.69230769230769207e-1,3.07692307692307709e-2,6.92307692307692346e-2,-2.10037365555763245e-1,-1.05018682777881622e-1,7.17017962597310543e-3,3.58508981298655272e-3,-2.09841951727867126e-1,-1.04920975863933563e-1
30,19,6.00000000000000089e-1,3.07692307692307709e-2,6.92307692307692346e-2,-3.00787150859832764e-1,-1.50393575429916382e-1,1.02680199779570103e-2,5.13400998897850513e-3,-3.00507307052612305e-1,-1.50253653526306152e-1
30,20,6.30769230769230749e-1,3.07692307692307709e-2,6.92307692307692346e-2,-3.88728588819503784e-1,-1.94364294409751892e-1,1.32700530812144279e-2,6.63502654060721397e-3,-3.88366937637329102e-1,-1.94183468818664551e-1
30,21,6.61538461538461631e-1,3.07692307692307709e-2,6.92307692307692346e-2,-4.73040610551834106e-1,-2.36520305275917053e-1,1.61484656855463982e-2,8.07423284277319908e-3,-4.72600519657135010e-1,-2.36300259828567505e-1
30,22,6.92307692307692291e-1,3.07692307692307709e-2,6.92307692307692346e-2,-5.52935957908630371e-1,-2.76467978954315186e-1,1.88758531585335732e-2,9.43792657926678658e-3,-5.52421510219573975e-1,-2.76210755109786987e-1
30,23,7.23076923076923173e-1,3.07692307692307709e-2,6.92307692307692346e-2,-6.27668678760528564e-1,-3.13834339380264282e-1,2.14272625744342804e-2,1.07136312872171402e-2,-6.27084732055664062e-1,-3.13542366027832031e-1
30,24,7.53846153846153832e-1,3.07692307692307709e-2,6.92307692307692346e-2,-6.96540951728820801e-1,-3.48270475864410400e-1,2.37778499722480496e-2,1.18889249861240248e-2,-6.95892930030822754e-1,-3.47946465015411377e-1
30,25,7.84615384615384714e-1,3.07692307692307709e-2,6.92307692307692346e-2,-7.58909881114959717e-1,-3.79454940557479858e-1,2.59083285927772522e-2,1.29541642963886261e-2,-7.58203804492950439e-1,-3.79101902246475220e-1
30,26,8.15384615384615374e-1,3.07692307692307709e-2,6.92307692307692346e-2,-8.14192771911621094e-1,-4.07096385955810547e-1,2.77958158403635025e-2,1.38979079201817513e-2,-8.13435256481170654e-1,-4.06717628240585327e-1
30,27,8.46153846153846256e-1,3.07692307692307709e-2,6.92307692307692346e-2,-8.61873388290405273e-1,-4.30936694145202637e-1,2.94257104396820068e-2,1.47128552198410034e-2,-8.61071407794952393e-1,-4.30535703897476196e-1
30,28,8.76923076923076916e-1,3.07692307692307709e-2,6.92307692307692346e-2,-9.01505947113037109e-1,-4.50752973556518555e-1,3.07827573269605498e-2,1.53913786634802749e-2,-9.00667011737823486e-1,-4.50333505868911743e-1
30,29,9.07692307692307798e-1,3.07692307692307709e-2,6.92307692307692346e-2,-9.32719290256500244e-1,-4.66359645128250122e-1,3.18532269448041916e-2,1.59266134724020958e-2,-9.31851148605346680e-1,-4.65925574302673340e-1
30,30,9.38461538461538458e-1,3.07692307692307709e-2,6.92307692307692346e-2,-9.55220639705657959e-1,-4.77610319852828979e-1,3.26273124665021827e-2,1.63136562332510913e-2,-9.54331398010253906e-1,-4.77165699005126953e-1
30,31,9.69230769230769340e-1,4.61538461538461009e-2,1.03846153846153727e-1,-9.68798279762268066e-1,-4.84399139881134033e-1,4.96432464569806983e-2,2.48216232284903492e-2,-9.67896282672882080e-1,-4.83948141336441040e-1
31,0,1.53846153846153855e-2,3.07692307692307709e-2,6.92307692307692346e-2,9.71326589584350586e-1,4.85663294792175293e-1,-3.31584066152572562e-2,-1.65792033076286281e-2,9.70422923564910889e-1,4.85211461782455444e-1
31,1,4.61538461538461564e-2,3.07692307692307709e-2,6.92307692307692346e-2,9.62257623672485352e-1,4.81128811836242676e-1,-3.28491646796464851e-2,-1.64245823398232425e-2,9.61362361907958984e-1,4.80681180953979492e-1
31,2,7.69230769230769273e-2,3.07692307692307709e-2,6.92307692307692346e-2,9.44204270839691162e-1,4.72102135419845581e-1,-3.22326421737670898e-2,-1.61163210868835449e-2,9.43325817584991455e-1,4.71662908792495728e-1
31,3,1.07692307692307698e-1,3.07692307692307709e-2,6.92307692307692346e-2,9.17335152626037598e-1,4.58667576313018799e-1,-3.13155949115753035e-2,-1.56577974557876518e-2,9.16481673717498779e-1,4.58240836858749390e-1
31,4,1.38461538461538469e-1,3.07692307692307709e-2,6.92307692307692346e-2,8.81901085376739502e-1,4.40950542688369751e-1,-3.01058683544397354e-2,-1.50529341772198677e-2,8.81080567836761475e-1,4.40540283918380737e-1
31,5,1.69230769230769240e-1,3.07692307692307709e-2,6.92307692307692346e-2,8.38232934474945068e-1,4.19116467237472534e-1,-2.86152306944131851e-2,-1.43076153472065926e-2,8.37453067302703857e-1,4.18726533651351929e-1
31,6,2.00000000000000011e-1,3.07692307692307709e-2,6.92307692307692346e-2,7.86738395690917969e-1,3.93369197845458984e-1,-2.68567577004432678e-2,-1.34283788502216339e-2,7.86006450653076172e-1,3.93003225326538086e-1
31,7,2.30769230769230782e-1,3.07692307692307709e-2,6.92307692307692346e-2,7.27898418903350830e-1,3.63949209451675415e-1,-2.48489733785390854e-2,-1.24244866892695427e-2,7.27221190929412842e-1,3.63610595464706421e-1
31,8,2.61538461538461553e-1,3.07692307692307709e-2,6.92307692307692346e-2,6.62262141704559326e-1,3.31131070852279663e-1,-2.26075686514377316e-2,-1.13037843257188658e-2,6.61646008491516113e-1,3.30823004245758057e-1
31,9,2.92307692307692324e-1,3.07692307692307709e-2,6.92307692307692346e-2,5.90442597866058350e-1,2.95221298933029175e-1,-2.01565157622098923e-2,-1.00782578811049461e-2,5.89893281459808350e-1,2.94946640729904175e-1
31,10,3.23076923076923095e-1,3.07692307692307709e-2,6.92307692307692346e-2,5.13110160827636719e-1,2.56555080413818359e-1,-1.75160821527242661e-2,-8.75804107636213303e-3,5.12632787227630615e-1,2.56316393613815308e-1
31,11,3.53846153846153866e-1,3.07692307692307709e-2,6.92307692307692346e-2,4.30987000465393066e-1,2.15493500232696533e-1,-1.47127462550997734e-2,-7.35637312754988670e-3,4.30586010217666626e-1,2.15293005108833313e-1
31,12,3.84615384615384637e-1,3.07692307692307709e-2,6.92307692307692346e-2,3.44839841127395630e-1,1.72419920563697815e-1,-1.17721147835254669e-2,-5.88605739176273346e-3,3.44519019126892090e-1,1.72259509563446045e-1
31,13,4.15384615384615408e-1,3.07692307692307709e-2,6.92307692307692346e-2,2.55472958087921143e-1,1.27736479043960571e-1,-8.72099306434392929e-3,-4.36049653217196465e-3,2.55235284566879272e-1,1.27617642283439636e-1
31,14,4.46153846153846179e-1,3.07692307692307709e-2,6.92307692307692346e-2,1.63720846176147461e-1,8.18604230880737305e-2,-5.58901950716972351e-3,-2.79450975358486176e-3,1.63568526506423950e-1,8.17842632532119751e-2
31,15,4.76923076923076950e-1,3.07692307692307709e-2,6.92307692307692346e-2,7.04401135444641113e-2,3.52200567722320557e-2,-2.40471563301980495e-3,-1.20235781650990248e-3,7.03745782375335693e-2,3.51872891187667847e-2
31,16,5.07692307692307665e-1,3.07692307692307709e-2,6.92307692307692346e-2,-2.34983190894126892e-2,-1.17491595447063446e-2,8.02198424935340881e-4,4.01099212467670441e-4,-2.34764553606510162e-2,-1.17382276803255081e-2
31,17,5.38461538461538547e-1,3.07692307692307709e-2,6.92307692307692346e-2,-1.17217347025871277e-1,-5.86086735129356384e-2,4.00148495100438595e-3,2.00074247550219297e-3,-1.17108292877674103e-1,-5.85541464388370514e-2
31,18,5.69230769230769207e-1,3.07692307692307709e-2,6.92307692307692346e-2,-2.09841951727867126e-1,-1.04920975863933563e-1,7.16350553557276726e-3,3.58175276778638363e-3,-2.09646716713905334e-1,-1.04823358356952667e-1
31,19,6.00000000000000089e-1,3.07692307692307709e-2,6.92307692307692346e-2,-3.00507307052612305e-1,-1.50253653526306152e-1,1.02584310807287693e-2,5.12921554036438465e-3,-3.00227731466293335e-1,-1.50113865733146667e-1
31,20,6.30769230769230749e-1,3.07692307692307709e-2,6.92307692307692346e-2,-3.88366937637329102e-1,-1.94183468818664551e-1,1.32577400654554367e-2,6.62887003272771835e-3,-3.88005614280700684e-1,-1.94002807140350342e-1
31,21,6.61538461538461631e-1,3.07692307692307709e-2,6.92307692307692346e-2,-4.72600519657135010e-1,-2.36300259828567505e-1,1.61335375159978867e-2,8.06676875799894333e-3,-4.72160816192626953e-1,-2.36080408096313477e-1
31,22,6.92307692307692291e-1,3.07692307692307709e-2,6.92307692307692346e-2,-5.52421510219573975e-1,-2.76210755109786987e-1,1.88580919057130814e-2,9.42904595285654068e-3,-5.51907539367675781e-1,-2.75953769683837891e-1
31,23,7.23076923076923173e-1,3.07692307692307709e-2,6.92307692307692346e-2,-6.27084732055664062e-1,-3.13542366027832031e-1,2.14074309915304184e-2,1.07037154957652092e-2,-6.26501321792602539e-1,-3.13250660896301270e-1
31,24,7.53846153846153832e-1,3.07692307692307709e-2,6.92307692307692346e-2,-6.95892930030822754e-1,-3.47946465015411377e-1,2.37558390945195874e-2,1.18779195472597937e-2,-6.95245504379272461e-1,-3.47622752189636230e-1
31,25,7.84615384615384714e-1,3.07692307692307709e-2,6.92307692307692346e-2,-7.58203804492950439e-1,-3.79101902246475220e-1,2.58841384202241898e-2,1.29420692101120949e-2,-7.57498383522033691e-1,-3.78749191761016846e-1
31,26,8.15384615384615374e-1,3.07692307692307709e-2,6.92307692307692346e-2,-8.13435256481170654e-1,-4.06717628240585327e-1,2.77703180909156799e-2,1.38851590454578400e-2,-8.12678396701812744e-1,-4.06339198350906372e-1
31,27,8.46153846153846256e-1,3.07692307692307709e-2,6.92307692307692346e-2,-8.61071407794952393e-1,-4.30535703897476196e-1,2.93982513248920441e-2,1.46991256624460220e-2,-8.60270202159881592e-1,-4.30135101079940796e-1
31,28,8.76923076923076916e-1,3.07692307692307709e-2,6.92307692307692346e-2,-9.00667011737823486e-1,-4.50333505868911743e-1,3.07544264942407469e-2,1.53772132471203735e-2,-8.99828851222991943e-1,-4.49914425611495972e-1
31,29,9.07692307692307798e-1,3.07692307692307709e-2,6.92307692307692346e-2,-9.31851148605346680e-1,-4.65925574302673340e-1,3.18235885351896286e-2,1.59117942675948143e-2,-9.30983841419219971e-1,-4.65491920709609985e-1
31,30,9.38461538461538458e-1,3.07692307692307709e-2,6.92307692307692346e-2,-9.54331398010253906e-1,-4.77165699005126953e-1,3.25968023389577796e-2,1.62984011694788898e-2,-9.53442990779876709e-1,-4.76721495389938354e-1
31,31,9.69230769230769340e-1,4.61538461538461009e-2,1.03846153846153727e-1,-9.67896282672882080e-1,-4.83948141336441040e-1,4.95966095477342536e-2,2.47983047738671268e-2,-9.66995179653167725e-1,-4.83497589826583862e-1
32,0,1.53846153846153855e-2,3.07692307692307709e-2,6.92307692307692346e-2,9.70422923564910889e-1,4.85211461782455444e-1,-3.31276785582303931e-2,-1.65638392791151966e-2,9.69520092010498047e-1,4.84760046005249023e-1
32,1,4.61538461538461564e-2,3.07692307692307709e-2,6.92307692307692346e-2,9.61362361907958984e-1,4.80681180953979492e-1,-3.28184366226196220e-2,-1.64092183113098110e-2,9.60467934608459473e-1,4.80233967304229736e-1
32,2,7.69230769230769273e-2,3.07692307692307709e-2,6.92307692307692346e-2,9.43325817584991455e-1,4.71662908792495728e-1,-3.22027858346700668e-2,-1.61013929173350334e-2,9.42448198795318604e-1,4.71224099397659302e-1
32,3,1.07692307692307698e-1,3.07692307692307709e-2,6.92307692307692346e-2,9.16481673717498779e-1,4.58240836858749390e-1,-3.12863923609256606e-2,-1.56431961804628303e-2,9.15629029273986816e-1,4.57814514636993408e-1
32,4,1.38461538461538469e-1,3.07692307692307709e-2,6.92307692307692346e-2,8.81080567836761475e-1,4.40540283918380737e-1,-3.00777554512023926e-2,-1.50388777256011963e-2,8.80260825157165527e-1,4.40130412578582764e-1
32,5,1.69230769230769240e-1,3.07692307692307709e-2,6.92307692307692346e-2,8.37453067302703857e-1,4.18726533651351929e-1,-2.85886432975530624e-2,-1.42943216487765312e-2,8.36673915386199951e-1,4.18336957693099976e-1
32,6,2.00000000000000011e-1,3.07692307692307709e-2,6.92307692307692346e-2,7.86006450653076172e-1,3.93003225326538086e-1,-2.68319137394428253e-2,-1.34159568697214127e-2,7.85275161266326904e-1,3.92637580633163452e-1
32,7,2.30769230769230782e-1,3.07692307692307709e-2,6.92307692307692346e-2,7.27221190929412842e-1,3.63610595464706421e-1,-2.48256549239158630e-2,-1.24128274619579315e-2,7.26544618606567383e-1,3.63272309303283691e-1
32,8,2.61538461538461553e-1,3.07692307692307709e-2,6.92307692307692346e-2,6.61646008491516113e-1,3.30823004245758057e-1,-2.25866474211215695e-2,-1.12933237105607848e-2,6.61030411720275879e-1,3.30515205860137939e-1
32,9,2.92307692307692324e-1,3.07692307692307709e-2,6.92307692307692346e-2,5.89893281459808350e-1,2.94946640729904175e-1,-2.01377738267183304e-2,-1.00688869133591652e-2,5.89344441890716553e-1,2.94672220945358276e-1
32,10,3.23076923076923095e-1,3.07692307692307709e-2,6.92307692307692346e-2,5.12632787227630615e-1,2.56316393613815308e-1,-1.74998464062809944e-2,-8.74992320314049721e-3,5.12155830860137939e-1,2.56077915430068970e-1
32,11,3.53846153846153866e-1,3.07692307692307709e-2,6.92307692307692346e-2,4.30586010217666626e-1,2.15293005108833313e-1,-1.46989077329635620e-2,-7.34945386648178101e-3,4.30185407400131226e-1,2.15092703700065613e-1
32,12,3.84615384615384637e-1,3.07692307692307709e-2,6.92307692307692346e-2,3.44519019126892090e-1,1.72259509563446045e-1,-1.17612183094024658e-2,-5.88060915470123291e-3,3.44198495149612427e-1,1.72099247574806213e-1
32,13,4.15384615384615408e-1,3.07692307692307709e-2,6.92307692307692346e-2,2.55235284566879272e-1,1.27617642283439636e-1,-8.71292967349290848e-3,-4.35646483674645424e-3,2.54997819662094116e-1,1.27498909831047058e-1
32,14,4.46153846153846179e-1,3.07692307692307709e-2,6.92307692307692346e-2,1.63568526506423950e-1,8.17842632532119751e-2,-5.58378919959068298e-3,-2.79189459979534149e-3,1.63416340947151184e-1,8.17081704735755920e-2
32,15,4.76923076923076950e-1,3.07692307692307709e-2,6.92307692307692346e-2,7.03745782375335693e-2,3.51872891187667847e-2,-2.40246823523193598e-3,-1.20123411761596799e-3,7.03091025352478027e-2,3.51545512676239014e-2
32,16,5.07692307692307665e-1,3.07692307692307709e-2,6.92307692307692346e-2,-2.34764553606510162e-2,-1.17382276803255081e-2,8.01435671746730804e-4,4.00717835873365402e-4,-2.34546139836311340e-2,-1.17273069918155670e-2
32,17,5.38461538461538547e-1,3.07692307692307709e-2,6.92307692307692346e-2,-1.17108292877674103e-1,-5.85541464388370514e-2,3.99779377039521933e-3,1.99889688519760966e-3,-1.16999335587024689e-1,-5.84996677935123444e-2
32,18,5.69230769230769207e-1,3.07692307692307709e-2,6.92307692307692346e-2,-2.09646716713905334e-1,-1.04823358356952667e-1,7.15677696280181408e-3,3.57838848140090704e-3,-2.09451675415039062e-1,-1.04725837707519531e-1
32,19,6.00000000000000089e-1,3.07692307692307709e-2,6.92307692307692346e-2,-3.00227731466293335e-1,-1.50113865733146667e-1,1.02489511482417583e-2,5.12447557412087917e-3,-2.99948424100875854e-1,-1.49974212050437927e-1
32,20,6.30769230769230749e-1,3.07692307692307709e-2,6.92307692307692346e-2,-3.88005614280700684e-1,-1.94002807140350342e-1,1.32454270496964455e-2,6.62271352484822273e-3,-3.87644618749618530e-1,-1.93822309374809265e-1
32,21,6.61538461538461631e-1,3.07692307692307709e-2,6.92307692307692346e-2,-4.72160816192626953e-1,-2.36080408096313477e-1,1.61185003817081451e-2,8.05925019085407257e-3,-4.71721529960632324e-1,-2.35860764980316162e-1
32,22,6.92307692307692291e-1,3.07692307692307709e-2,6.92307692307692346e-2,-5.51907539367675781e-1,-2.75953769683837891e-1,1.88404396176338196e-2,9.42021980881690979e-3,-5.51394045352935791e-1,-2.75697022676467896e-1
32,23,7.23076923076923173e-1,3.07692307692307709e-2,6.92307692307692346e-2,-6.26501321792602539e-1,-3.13250660896301270e-1,2.13875994086265564e-2,1.06937997043132782e-2,-6.25918447971343994e-1,-3.12959223985671997e-1
32,24,7.53846153846153832e-1,3.07692307692307709e-2,6.92307692307692346e-2,-6.95245504379272461e-1,-3.47622752189636230e-1,2.37338282167911252e-2,1.18669141083955626e-2,-6.94598674774169922e-1,-3.47299337387084961e-1
32,25,7.84615384615384714e-1,3.07692307692307709e-2,6.92307692307692346e-2,-7.57498383522033691e-1,-3.78749191761016846e-1,2.58601661771535873e-2,1.29300830885767937e-2,-7.56793618202209473e-1,-3.78396809101104736e-1
32,26,8.15384615384615374e-1,3.07692307692307709e-2,6.92307692307692346e-2,-8.12678396701812744e-1,-4.06339198350906372e-1,2.77443844825029373e-2,1.38721922412514687e-2,-8.11922252178192139e-1,-4.05961126089096069e-1
32,27,8.46153846153846256e-1,3.07692307692307709e-2,6.92307692307692346e-2,-8.60270202159881592e-1,-4.30135101079940796e-1,2.93712280690670013e-2,1.46856140345335007e-2,-8.59469711780548096e-1,-4.29734855890274048e-1
32,28,8.76923076923076916e-1,3.07692307692307709e-2,6.92307692307692346e-2,-8.99828851222991943e-1,-4.49914425611495972e-1,3.07258777320384840e-2,1.53629388660192420e-2,-8.98991465568542480e-1,-4.49495732784271240e-1
32,29,9.07692307692307798e-1,3.07692307692307709e-2,6.92307692307692346e-2,-9.30983841419219971e-1,-4.65491920709609985e-1,3.17941680550575256e-2,1.58970840275287628e-2,-9.30117309093475342e-1,-4.65058654546737671e-1
32,30,9.38461538461538458e-1,3.07692307692307709e-2,6.92307692307692346e-2,-9.53442990779876709e-1,-4.76721495389938354e-1,3.25660742819309165e-2,1.62830371409654583e-2,-9.52555418014526367e-1,-4.76277709007263184e-1
32,31,9.69230769230769340e-1,4.61538461538461009e-2,1.03846153846153727e-1,-9.66995179653167725e-1,-4.83497589826583862e-1,4.95501905679702689e-2,2.47750952839851345e-2,-9.66094911098480225e-1,-4.83047455549240112e-1
33,0,1.53846153846153855e-2,3.07692307692307709e-2,6.92307692307692346e-2,9.69520092010498047e-1,4.84760046005249023e-1,-3.30969505012035300e-2,-1.65484752506017650e-2,9.68618094921112061e-1,4.84309047460556030e-1
33,1,4.61538461538461564e-2,3.07692307692307709e-2,6.92307692307692346e-2,9.60467934608459473e-1,4.80233967304229736e-1,-3.27877085655927589e-2,-1.63938542827963794e-2,9.59574341773986816e-1,4.79787170886993408e-1
33,2,7.69230769230769273e-2,3.07692307692307709e-2,6.92307692307692346e-2,9.42448198795318604e-1,4.71224099397659302e-1,-3.21729294955730438e-2,-1.60864647477865219e-2,9.41571354866027832e-1,4.70785677433013916e-1
33,3,1.07692307692307698e-1,3.07692307692307709e-2,6.92307692307692346e-2,9.15629029273986816e-1,4.57814514636993408e-1,-3.12574077397584776e-2,-1.56287038698792388e-2,9.14777159690856934e-1,4.57388579845428467e-1
33,4,1.38461538461538469e-1,3.07692307692307709e-2,6.92307692307692346e-2,8.80260825157165527e-1,4.40130412578582764e-1,-3.00496425479650497e-2,-1.50248212739825249e-2,8.79441857337951660e-1,4.39720928668975830e-1
33,5,1.69230769230769240e-1,3.07692307692307709e-2,6.92307692307692346e-2,8.36673915386199951e-1,4.18336957693099976e-1,-2.85620559006929398e-2,-1.42810279503464699e-2,8.35895478725433350e-1,4.17947739362716675e-1
33,6,2.00000000000000011e-1,3.07692307692307709e-2,6.92307692307692346e-2,7.85275161266326904e-1,3.92637580633163452e-1,-2.68068518489599228e-2,-1.34034259244799614e-2,7.84544587135314941e-1,3.92272293567657471e-1
33,7,2.30769230769230782e-1,3.07692307692307709e-2,6.92307692307692346e-2,7.26544618606567383e-1,3.63272309303283691e-1,-2.48027723282575607e-2,-1.24013861641287804e-2,7.25868642330169678e-1,3.62934321165084839e-1
33,8,2.61538461538461553e-1,3.07692307692307709e-2,6.92307692307692346e-2,6.61030411720275879e-1,3.30515205860137939e-1,-2.25655082613229474e-2,-1.12827541306614737e-2,6.60415410995483398e-1,3.30207705497741699e-1
33,9,2.92307692307692324e-1,3.07692307692307709e-2,6.92307692307692346e-2,5.89344441890716553e-1,2.94672220945358276e-1,-2.01190318912267685e-2,-1.00595159456133842e-2,5.88796138763427734e-1,2.94398069381713867e-1
33,10,3.23076923076923095e-1,3.07692307692307709e-2,6.92307692307692346e-2,5.12155830860137939e-1,2.56077915430068970e-1,-1.74835016950964928e-2,-8.74175084754824638e-3,5.11679351329803467e-1,2.55839675664901733e-1
33,11,3.53846153846153866e-1,3.07692307692307709e-2,6.92307692307692346e-2,4.30185407400131226e-1,2.15092703700065613e-1,-1.46852871403098106e-2,-7.34264357015490532e-3,4.29785192012786865e-1,2.14892596006393433e-1
33,12,3.84615384615384637e-1,3.07692307692307709e-2,6.92307692307692346e-2,3.44198495149612427e-1,1.72099247574806213e-1,-1.17503218352794647e-2,-5.87516091763973236e-3,3.43878269195556641e-1,1.71939134597778320e-1
33,13,4.15384615384615408e-1,3.07692307692307709e-2,6.92307692307692346e-2,2.54997819662094116e-1,1.27498909831047058e-1,-8.70481180027127266e-3,-4.35240590013563633e-3,2.54760593175888062e-1,1.27380296587944031e-1
33,14,4.46153846153846179e-1,3.07692307692307709e-2,6.92307692307692346e-2,1.63416340947151184e-1,8.17081704735755920e-2,-5.57855889201164246e-3,-2.78927944600582123e-3,1.63264304399490356e-1,8.16321521997451782e-2
33,15,4.76923076923076950e-1,3.07692307692307709e-2,6.92307692307692346e-2,7.03091025352478027e-2,3.51545512676239014e-2,-2.40024807862937450e-3,-1.20012403931468725e-3,7.02436864376068115e-2,3.51218432188034058e-2
33,16,5.07692307692307665e-1,3.07692307692307709e-2,6.92307692307692346e-2,-2.34546139836311340e-2,-1.17273069918155670e-2,8.00700159743428230e-4,4.00350079871714115e-4,-2.34327912330627441e-2,-1.17163956165313721e-2
33,17,5.38461538461538547e-1,3.07692307692307709e-2,6.92307692307692346e-2,-1.16999335587024689e-1,-5.84996677935123444e-2,3.99402086623013020e-3,1.99701043311506510e-3,-1.16890482604503632e-1,-5.84452413022518158e-2
33,18,5.69230769230769207e-1,3.07692307692307709e-2,6.92307692307692346e-2,-2.09451675415039062e-1,-1.04725837707519531e-1,7.15013011358678341e-3,3.57506505679339170e-3,-2.09256812930107117e-1,-1.04628406465053558e-1
33,19,6.00000000000000089e-1,3.07692307692307709e-2,6.92307692307692346e-2,-2.99948424100875854e-1,-1.49974212050437927e-1,1.02395256981253624e-2,5.11976284906268120e-3,-2.99669355154037476e-1,-1.49834677577018738e-1
33,20,6.30769230769230749e-1,3.07692307692307709e-2,6.92307692307692346e-2,-3.87644618749618530e-1,-1.93822309374809265e-1,1.32330050691962242e-2,6.61650253459811211e-3,-3.87283980846405029e-1,-1.93641990423202515e-1
33,21,6.61538461538461631e-1,3.07692307692307709e-2,6.92307692307692346e-2,-4.71721529960632324e-1,-2.35860764980316162e-1,1.61035722121596336e-2,8.05178610607981682e-3,-4.71282660961151123e-1,-2.35641330480575562e-1
33,22,6.92307692307692291e-1,3.07692307692307709e-2,6.92307692307692346e-2,-5.51394045352935791e-1,-2.75697022676467896e-1,1.88227873295545578e-2,9.41139366477727890e-3,-5.50881028175354004e-1,-2.75440514087677002e-1
33,23,7.23076923076923173e-1,3.07692307692307709e-2,6.92307692307692346e-2,-6.25918447971343994e-1,-3.12959223985671997e-1,2.13677678257226944e-2,1.06838839128613472e-2,-6.25336110591888428e-1,-3.12668055295944214e-1
33,24,7.53846153846153832e-1,3.07692307692307709e-2,6.92307692307692346e-2,-6.94598674774169922e-1,-3.47299337387084961e-1,2.37118173390626630e-2,1.18559086695313315e-2,-6.93952441215515137e-1,-3.46976220607757568e-1
33,25,7.84615384615384714e-1,3.07692307692307709e-2,6.92307692307692346e-2,-7.56793618202209473e-1,-3.78396809101104736e-1,2.58361939340829849e-2,1.29180969670414925e-2,-7.56089508533477783e-1,-3.78044754266738892e-1
33,26,8.15384615384615374e-1,3.07692307692307709e-2,6.92307692307692346e-2,-8.11922252178192139e-1,-4.05961126089096069e-1,2.77186688035726547e-2,1.38593344017863274e-2,-8.11166822910308838e-1,-4.05583411455154419e-1
33,27,8.46153846153846256e-1,3.07692307692307709e-2,6.92307692307692346e-2,-8.59469711780548096e-1,-4.29734855890274048e-1,2.93439868837594986e-2,1.46719934418797493e-2,-8.58669996261596680e-1,-4.29334998130798340e-1
33,28,8.76923076923076916e-1,3.07692307692307709e-2,6.92307692307692346e-2,-8.98991465568542480e-1,-4.49495732784271240e-1,3.06975468993186812e-2,1.53487734496593406e-2,-8.98154854774475098e-1,-4.49077427387237549e-1
33,29,9.07692307692307798e-1,3.07692307692307709e-2,6.92307692307692346e-2,-9.30117309093475342e-1,-4.65058654546737671e-1,3.17645296454429626e-2,1.58822648227214813e-2,-9.29251611232757568e-1,-4.64625805616378784e-1
33,30,9.38461538461538458e-1,3.07692307692307709e-2,6.92307692307692346e-2,-9.52555418014526367e-1,-4.76277709007263184e-1,3.25355641543865134e-2,1.62677820771932567e-2,-9.51668679714202881e-1,-4.75834339857101440e-1
33,31,9.69230769230769340e-1,4.61538461538461009e-2,1.03846153846153727e-1,-9.66094911098480225e-1,-4.83047455549240112e-1,4.95037715882062843e-2,2.47518857941031421e-2,-9.65195477008819580e-1,-4.82597738504409790e-1
34,0,1.53846153846153855e-2,3.07692307692307709e-2,6.92307692307692346e-2,9.68618094921112061e-1,4.84309047460556030e-1,-3.30662224441766670e-2,-1.65331112220883335e-2,9.67716932296752930e-1,4.83858466148376465e-1
34,1,4.61538461538461564e-2,3.07692307692307709e-2,6.92307692307692346e-2,9.59574341773986816e-1,4.79787170886993408e-1,-3.27571984380483558e-2,-1.63785992190241779e-2,9.58681583404541016e-1,4.79340791702270508e-1
34,2,7.69230769230769273e-2,3.07692307692307709e-2,6.92307692307692346e-2,9.41571354866027832e-1,4.70785677433013916e-1,-3.21428552269935608e-2,-1.60714276134967804e-2,9.40695345401763916e-1,4.70347672700881958e-1
34,3,1.07692307692307698e-1,3.07692307692307709e-2,6.92307692307692346e-2,9.14777159690856934e-1,4.57388579845428467e-1,-3.12284231185912947e-2,-1.56142115592956474e-2,9.13926064968109131e-1,4.56963032484054565e-1
34,4,1.38461538461538469e-1,3.07692307692307709e-2,6.92307692307692346e-2,8.79441857337951660e-1,4.39720928668975830e-1,-3.00217475742101669e-2,-1.50108737871050835e-2,8.78623664379119873e-1,4.39311832189559937e-1
34,5,1.69230769230769240e-1,3.07692307692307709e-2,6.92307692307692346e-2,8.35895478725433350e-1,4.17947739362716675e-1,-2.85352505743503571e-2,-1.42676252871751785e-2,8.35117816925048828e-1,4.17558908462524414e-1
34,6,2.00000000000000011e-1,3.07692307692307709e-2,6.92307692307692346e-2,7.84544587135314941e-1,3.92272293567657471e-1,-2.67822258174419403e-2,-1.33911129087209702e-2,7.83814668655395508e-1,3.91907334327697754e-1
34,7,2.30769230769230782e-1,3.07692307692307709e-2,6.92307692307692346e-2,7.25868642330169678e-1,3.62934321165084839e-1,-2.47794538736343384e-2,-1.23897269368171692e-2,7.25193321704864502e-1,3.62596660852432251e-1
34,8,2.61538461538461553e-1,3.07692307692307709e-2,6.92307692307692346e-2,6.60415410995483398e-1,3.30207705497741699e-1,-2.25445870310067853e-2,-1.12722935155033926e-2,6.59801006317138672e-1,3.29900503158569336e-1
34,9,2.92307692307692324e-1,3.07692307692307709e-2,6.92307692307692346e-2,5.88796138763427734e-1,2.94398069381713867e-1,-2.01002899557352066e-2,-1.00501449778676033e-2,5.88248312473297119e-1,2.94124156236648560e-1
34,10,3.23076923076923095e-1,3.07692307692307709e-2,6.92307692307692346e-2,5.11679351329803467e-1,2.55839675664901733e-1,-1.74672659486532211e-2,-8.73363297432661057e-3,5.11203289031982422e-1,2.55601644515991211e-1
34,11,3.53846153846153866e-1,3.07692307692307709e-2,6.92307692307692346e-2,4.29785192012786865e-1,2.14892596006393433e-1,-1.46716665476560593e-2,-7.33583327382802963e-3,4.29385334253311157e-1,2.14692667126655579e-1
34,12,3.84615384615384637e-1,3.07692307692307709e-2,6.92307692307692346e-2,3.43878269195556641e-1,1.71939134597778320e-1,-1.17393163964152336e-2,-5.86965819820761681e-3,3.43558341264724731e-1,1.71779170632362366e-1
34,13,4.15384615384615408e-1,3.07692307692307709e-2,6.92307692307692346e-2,2.54760593175888062e-1,1.27380296587944031e-1,-8.69680289179086685e-3,-4.34840144589543343e-3,2.54523575305938721e-1,1.27261787652969360e-1
34,14,4.46153846153846179e-1,3.07692307692307709e-2,6.92307692307692346e-2,1.63264304399490356e-1,8.16321521997451782e-2,-5.57332858443260193e-3,-2.78666429221630096e-3,1.63112416863441467e-1,8.15562084317207336e-2
34,15,4.76923076923076950e-1,3.07692307692307709e-2,6.92307692307692346e-2,7.02436864376068115e-2,3.51218432188034058e-2,-2.39798706024885178e-3,-1.19899353012442589e-3,7.01783299446105957e-2,3.50891649723052979e-2
34,16,5.07692307692307665e-1,3.07692307692307709e-2,6.92307692307692346e-2,-2.34327912330627441e-2,-1.17163956165313721e-2,7.99937406554818153e-4,3.99968703277409077e-4,-2.34109908342361450e-2,-1.17054954171180725e-2
34,17,5.38461538461538547e-1,3.07692307692307709e-2,6.92307692307692346e-2,-1.16890482604503632e-1,-5.84452413022518158e-2,3.99028882384300232e-3,1.99514441192150116e-3,-1.16781733930110931e-1,-5.83908669650554657e-2
34,18,5.69230769230769207e-1,3.07692307692307709e-2,6.92307692307692346e-2,-2.09256812930107117e-1,-1.04628406465053558e-1,7.14353774674236774e-3,3.57176887337118387e-3,-2.09062129259109497e-1,-1.04531064629554749e-1
34,19,6.00000000000000089e-1,3.07692307692307709e-2,6.92307692307692346e-2,-2.99669355154037476e-1,-1.49834677577018738e-1,1.02298823185265064e-2,5.11494115926325321e-3,-2.99390554428100586e-1,-1.49695277214050293e-1
34,20,6.30769230769230749e-1,3.07692307692307709e-2,6.92307692307692346e-2,-3.87283980846405029e-1,-1.93641990423202515e-1,1.32208010181784630e-2,6.61040050908923149e-3,-3.86923670768737793e-1,-1.93461835384368896e-1
34,21,6.61538461538461631e-1,3.07692307692307709e-2,6.92307692307692346e-2,-4.71282660961151123e-1,-2.35641330480575562e-1,1.60886440426111221e-2,8.04432202130556107e-3,-4.70844179391860962e-1,-2.35422089695930481e-1
34,22,6.92307692307692291e-1,3.07692307692307709e-2,6.92307692307692346e-2,-5.50881028175354004e-1,-2.75440514087677002e-1,1.88051350414752960e-2,9.40256752073764801e-3,-5.50368547439575195e-1,-2.75184273719787598e-1
34,23,7.23076923076923173e-1,3.07692307692307709e-2,6.92307692307692346e-2,-6.25336110591888428e-1,-3.12668055295944214e-1,2.13479362428188324e-2,1.06739681214094162e-2,-6.24754309654235840e-1,-3.12377154827117920e-1
34,24,7.53846153846153832e-1,3.07692307692307709e-2,6.92307692307692346e-2,-6.93952441215515137e-1,-3.46976220607757568e-1,2.36898064613342008e-2,1.18449032306671004e-2,-6.93306803703308105e-1,-3.46653401851654053e-1
34,25,7.84615384615384714e-1,3.07692307692307709e-2,6.92307692307692346e-2,-7.56089508533477783e-1,-3.78044754266738892e-1,2.58122216910123825e-2,1.29061108455061913e-2,-7.55386054515838623e-1,-3.77693027257919312e-1
34,26,8.15384615384615374e-1,3.07692307692307709e-2,6.92307692307692346e-2,-8.11166822910308838e-1,-4.05583411455154419e-1,2.76929531246423721e-2,1.38464765623211861e-2,-8.10412108898162842e-1,-4.05206054449081421e-1
34,27,8.46153846153846256e-1,3.07692307692307709e-2,6.92307692307692346e-2,-8.58669996261596680e-1,-4.29334998130798340e-1,2.93169636279344559e-2,1.46584818139672279e-2,-8.57870995998382568e-1,-4.28935497999191284e-1
34,28,8.76923076923076916e-1,3.07692307692307709e-2,6.92307692307692346e-2,-8.98154854774475098e-1,-4.49077427387237549e-1,3.06689981371164183e-2,1.53344990685582092e-2,-8.97319018840789795e-1,-4.48659509420394897e-1
34,29,9.07692307692307798e-1,3.07692307692307709e-2,6.92307692307692346e-2,-9.29251611232757568e-1,-4.64625805616378784e-1,3.17351091653108597e-2,1.58675545826554298e-2,-9.28386688232421875e-1,-4.64193344116210938e-1
34,30,9.38461538461538458e-1,3.07692307692307709e-2,6.92307692307692346e-2,-9.51668679714202881e-1,-4.75834339857101440e-1,3.25050540268421104e-2,1.62525270134210552e-2,-9.50782775878906250e-1,-4.75391387939453125e-1
34,31,9.69230769230769340e-1,4.61538461538461009e-2,1.03846153846153727e-1,-9.65195477008819580e-1,-4.82597738504409790e-1,4.94573526084422996e-2,2.47286763042211498e-2,-9.64296877384185791e-1,-4.82148438692092896e-1
35,0,1.53846153846153855e-2,3.07692307692307709e-2,6.92307692307692346e-2,9.67716932296752930e-1,4.83858466148376465e-1,-3.30354943871498039e-2,-1.65177471935749019e-2,9.66816604137420654e-1,4.83408302068710327e-1
35,1,4.61538461538461564e-2,3.07692307692307709e-2,6.92307692307692346e-2,9.58681583404541016e-1,4.79340791702270508e-1,-3.27266883105039527e-2,-1.63633441552519764e-2,9.57789659500122070e-1,4.78894829750061035e-1
35,2,7.69230769230769273e-2,3.07692307692307709e-2,6.92307692307692346e-2,9.40695345401763916e-1,4.70347672700881958e-1,-3.21129988878965378e-2,-1.60564994439482689e-2,9.39820170402526855e-1,4.69910085201263428e-1
35,3,1.07692307692307698e-1,3.07692307692307709e-2,6.92307692307692346e-2,9.13926064968109131e-1,4.56963032484054565e-1,-3.11992205679416518e-2,-1.55996102839708259e-2,9.13075745105743408e-1,4.56537872552871704e-1
35,4,1.38461538461538469e-1,3.07692307692307709e-2,6.92307692307692346e-2,8.78623664379119873e-1,4.39311832189559937e-1,-2.99938526004552841e-2,-1.49969263002276421e-2,8.77806246280670166e-1,4.38903123140335083e-1
35,5,1.69230769230769240e-1,3.07692307692307709e-2,6.92307692307692346e-2,8.35117816925048828e-1,4.17558908462524414e-1,-2.85088811069726944e-2,-1.42544405534863472e-2,8.34340870380401611e-1,4.17170435190200806e-1
35,6,2.00000000000000011e-1,3.07692307692307709e-2,6.92307692307692346e-2,7.83814668655395508e-1,3.91907334327697754e-1,-2.67571639269590378e-2,-1.33785819634795189e-2,7.83085465431213379e-1,3.91542732715606689e-1
35,7,2.30769230769230782e-1,3.07692307692307709e-2,6.92307692307692346e-2,7.25193321704864502e-1,3.62596660852432251e-1,-2.47563533484935760e-2,-1.23781766742467880e-2,7.24518597126007080e-1,3.62259298563003540e-1
35,8,2.61538461538461553e-1,3.07692307692307709e-2,6.92307692307692346e-2,6.59801006317138672e-1,3.29900503158569336e-1,-2.25238837301730832e-2,-1.12619418650865416e-2,6.59187138080596924e-1,3.29593569040298462e-1
35,9,2.92307692307692324e-1,3.07692307692307709e-2,6.92307692307692346e-2,5.88248312473297119e-1,2.94124156236648560e-1,-2.00813300907611847e-2,-1.00406650453805923e-2,5.87701022624969482e-1,2.93850511312484741e-1
35,10,3.23076923076923095e-1,3.07692307692307709e-2,6.92307692307692346e-2,5.11203289031982422e-1,2.55601644515991211e-1,-1.74510302022099495e-2,-8.72551510110497475e-3,5.10727703571319580e-1,2.55363851785659790e-1
35,11,3.53846153846153866e-1,3.07692307692307709e-2,6.92307692307692346e-2,4.29385334253311157e-1,2.14692667126655579e-1,-1.46580459550023079e-2,-7.32902297750115395e-3,4.28985834121704102e-1,2.14492917060852051e-1
35,12,3.84615384615384637e-1,3.07692307692307709e-2,6.92307692307692346e-2,3.43558341264724731e-1,1.71779170632362366e-1,-1.17284199222922325e-2,-5.86420996114611626e-3,3.43238711357116699e-1,1.71619355678558350e-1
35,13,4.15384615384615408e-1,3.07692307692307709e-2,6.92307692307692346e-2,2.54523575305938721e-1,1.27261787652969360e-1,-8.68868501856923103e-3,-4.34434250928461552e-3,2.54286766052246094e-1,1.27143383026123047e-1
35,14,4.46153846153846179e-1,3.07692307692307709e-2,6.92307692307692346e-2,1.63112416863441467e-1,8.15562084317207336e-2,-5.56820724159479141e-3,-2.78410362079739571e-3,1.62960663437843323e-1,8.14803317189216614e-2
35,15,4.76923076923076950e-1,3.07692307692307709e-2,6.92307692307692346e-2,7.01783299446105957e-2,3.50891649723052979e-2,-2.39569880068302155e-3,-1.19784940034151077e-3,7.01130405068397522e-2,3.50565202534198761e-2
35,16,5.07692307692307665e-1,3.07692307692307709e-2,6.92307692307692346e-2,-2.34109908342361450e-2,-1.17054954171180725e-2,7.99174653366208076e-4,3.99587326683104038e-4,-2.33892109245061874e-2,-1.16946054622530937e-2
35,17,5.38461538461538547e-1,3.07692307692307709e-2,6.92307692307692346e-2,-1.16781733930110931e-1,-5.83908669650554657e-2,3.98658402264118195e-3,1.99329201132059097e-3,-1.16673082113265991e-1,-5.83365410566329956e-2
35,18,5.69230769230769207e-1,3.07692307692307709e-2,6.92307692307692346e-2,-2.09062129259109497e-1,-1.04531064629554749e-1,7.13689089752733707e-3,3.56844544876366854e-3,-2.08867624402046204e-1,-1.04433812201023102e-1
35,19,6.00000000000000089e-1,3.07692307692307709e-2,6.92307692307692346e-2,-2.99390554428100586e-1,-1.49695277214050293e-1,1.02203479036688805e-2,5.11017395183444023e-3,-2.99112021923065186e-1,-1.49556010961532593e-1
35,20,6.30769230769230749e-1,3.07692307692307709e-2,6.92307692307692346e-2,-3.86923670768737793e-1,-1.93461835384368896e-1,1.32085969671607018e-2,6.60429848358035088e-3,-3.86563688516616821e-1,-1.93281844258308411e-1
35,21,6.61538461538461631e-1,3.07692307692307709e-2,6.92307692307692346e-2,-4.70844179391860962e-1,-2.35422089695930481e-1,1.60733889788389206e-2,8.03669448941946030e-3,-4.70406115055084229e-1,-2.35203057527542114e-1
35,22,6.92307692307692291e-1,3.07692307692307709e-2,6.92307692307692346e-2,-5.50368547439575195e-1,-2.75184273719787598e-1,1.87880275771021843e-2,9.39401378855109215e-3,-5.49856483936309814e-1,-2.74928241968154907e-1
35,23,7.23076923076923173e-1,3.07692307692307709e-2,6.92307692307692346e-2,-6.24754309654235840e-1,-3.12377154827117920e-1,2.13278867304325104e-2,1.06639433652162552e-2,-6.24173045158386230e-1,-3.12086522579193115e-1
35,24,7.53846153846153832e-1,3.07692307692307709e-2,6.92307692307692346e-2,-6.93306803703308105e-1,-3.46653401851654053e-1,2.36677955836057385e-2,1.18338977918028693e-2,-6.92661762237548828e-1,-3.46330881118774414e-1
35,25,7.84615384615384714e-1,3.07692307692307709e-2,6.92307692307692346e-2,-7.55386054515838623e-1,-3.77693027257919312e-1,2.57882494479417801e-2,1.28941247239708900e-2,-7.54683256149291992e-1,-3.77341628074645996e-1
35,26,8.15384615384615374e-1,3.07692307692307709e-2,6.92307692307692346e-2,-8.10412108898162842e-1,-4.05206054449081421e-1,2.76674553751945496e-2,1.38337276875972748e-2,-8.09658050537109375e-1,-4.04829025268554688e-1
35,27,8.46153846153846256e-1,3.07692307692307709e-2,6.92307692307692346e-2,-8.57870995998382568e-1,-4.28935497999191284e-1,2.92897224426269531e-2,1.46448612213134766e-2,-8.57072770595550537e-1,-4.28536385297775269e-1
35,28,8.76923076923076916e-1,3.07692307692307709e-2,6.92307692307692346e-2,-8.97319018840789795e-1,-4.48659509420394897e-1,3.06406673043966155e-2,1.53203336521983077e-2,-8.96483957767486572e-1,-4.48241978883743286e-1
35,29,9.07692307692307798e-1,3.07692307692307709e-2,6.92307692307692346e-2,-9.28386688232421875e-1,-4.64193344116210938e-1,3.17054707556962967e-2,1.58527353778481483e-2,-9.27522599697113037e-1,-4.63761299848556519e-1
35,30,9.38461538461538458e-1,3.07692307692307709e-2,6.92307692307692346e-2,-9.50782775878906250e-1,-4.75391387939453125e-1,3.24747618287801673e-2,1.62373809143900837e-2,-9.49897706508636475e-1,-4.74948853254318237e-1
35,31,9.69230769230769340e-1,4.61538461538461009e-2,1.03846153846153727e-1,-9.64296877384185791e-1,-4.82148438692092896e-1,4.94109336286783149e-2,2.47054668143391574e-2,-9.63399112224578857e-1,-4.81699556112289429e-1
36,0,1.53846153846153855e-2,3.07692307692307709e-2,6.92307692307692346e-2,9.66816604137420654e-1,4.83408302068710327e-1,-3.30047663301229408e-2,-1.65023831650614704e-2,9.65917110443115234e-1,4.82958555221557617e-1
36,1,4.61538461538461564e-2,3.07692307692307709e-2,6.92307692307692346e-2,9.57789659500122070e-1,4.78894829750061035e-1,-3.26961781829595496e-2,-1.63480890914797748e-2,9.56898570060729980e-1,4.78449285030364990e-1
36,2,7.69230769230769273e-2,3.07692307692307709e-2,6.92307692307692346e-2,9.39820170402526855e-1,4.69910085201263428e-1,-3.20833604782819748e-2,-1.60416802391409874e-2,9.38945770263671875e-1,4.69472885131835938e-1
36,3,1.07692307692307698e-1,3.07692307692307709e-2,6.92307692307692346e-2,9.13075745105743408e-1,4.56537872552871704e-1,-3.11698000878095488e-2,-1.55849000439047744e-2,9.12226259708404541e-1,4.56113129854202271e-1
36,4,1.38461538461538469e-1,3.07692307692307709e-2,6.92307692307692346e-2,8.77806246280670166e-1,4.38903123140335083e-1,-2.99661755561828613e-2,-1.49830877780914307e-2,8.76989543437957764e-1,4.38494771718978882e-1
36,5,1.69230769230769240e-1,3.07692307692307709e-2,6.92307692307692346e-2,8.34340870380401611e-1,4.17170435190200806e-1,-2.84822937101125717e-2,-1.42411468550562859e-2,8.33564639091491699e-1,4.16782319545745850e-1
36,6,2.00000000000000011e-1,3.07692307692307709e-2,6.92307692307692346e-2,7.83085465431213379e-1,3.91542732715606689e-1,-2.67325378954410553e-2,-1.33662689477205276e-2,7.82356917858123779e-1,3.91178458929061890e-1
36,7,2.30769230769230782e-1,3.07692307692307709e-2,6.92307692307692346e-2,7.24518597126007080e-1,3.62259298563003540e-1,-2.47330348938703537e-2,-1.23665174469351768e-2,7.23844528198242188e-1,3.61922264099121094e-1
36,8,2.61538461538461553e-1,3.07692307692307709e-2,6.92307692307692346e-2,6.59187138080596924e-1,3.29593569040298462e-1,-2.25029624998569211e-2,-1.12514812499284605e-2,6.58573865890502930e-1,3.29286932945251465e-1
36,9,2.92307692307692324e-1,3.07692307692307709e-2,6.92307692307692346e-2,5.87701022624969482e-1,2.93850511312484741e-1,-2.00625881552696228e-2,-1.00312940776348114e-2,5.87154269218444824e-1,2.93577134609222412e-1
36,10,3.23076923076923095e-1,3.07692307692307709e-2,6.92307692307692346e-2,5.10727703571319580e-1,2.55363851785659790e-1,-1.74350123852491379e-2,-8.71750619262456894e-3,5.10252535343170166e-1,2.55126267671585083e-1
36,11,3.53846153846153866e-1,3.07692307692307709e-2,6.92307692307692346e-2,4.28985834121704102e-1,2.14492917060852051e-1,-1.46442074328660965e-2,-7.32210371643304825e-3,4.28586721420288086e-1,2.14293360710144043e-1
36,12,3.84615384615384637e-1,3.07692307692307709e-2,6.92307692307692346e-2,3.43238711357116699e-1,1.71619355678558350e-1,-1.17176324129104614e-2,-5.85881620645523071e-3,3.42919349670410156e-1,1.71459674835205078e-1
36,13,4.15384615384615408e-1,3.07692307692307709e-2,6.92307692307692346e-2,2.54286766052246094e-1,1.27143383026123047e-1,-8.68051266297698021e-3,-4.34025633148849010e-3,2.54050195217132568e-1,1.27025097608566284e-1
36,14,4.46153846153846179e-1,3.07692307692307709e-2,6.92307692307692346e-2,1.62960663437843323e-1,8.14803317189216614e-2,-5.56305865757167339e-3,-2.78152932878583670e-3,1.62809044122695923e-1,8.14045220613479614e-2
36,15,4.76923076923076950e-1,3.07692307692307709e-2,6.92307692307692346e-2,7.01130405068397522e-2,3.50565202534198761e-2,-2.39348545437678695e-3,-1.19674272718839347e-3,7.00478106737136841e-2,3.50239053368568420e-2
36,16,5.07692307692307665e-1,3.07692307692307709e-2,6.92307692307692346e-2,-2.33892109245061874e-2,-1.16946054622530937e-2,7.98452761955559254e-4,3.99226380977779627e-4,-2.33674496412277222e-2,-1.16837248206138611e-2
36,17,5.38461538461538547e-1,3.07692307692307709e-2,6.92307692307692346e-2,-1.16673082113265991e-1,-5.83365410566329956e-2,3.98285879055038095e-3,1.99142939527519047e-3,-1.16564534604549408e-1,-5.82822673022747040e-2
36,18,5.69230769230769207e-1,3.07692307692307709e-2,6.92307692307692346e-2,-2.08867624402046204e-1,-1.04433812201023102e-1,7.13021680712699890e-3,3.56510840356349945e-3,-2.08673298358917236e-1,-1.04336649179458618e-1
36,19,6.00000000000000089e-1,3.07692307692307709e-2,6.92307692307692346e-2,-2.99112021923065186e-1,-1.49556010961532593e-1,1.02109224535524845e-2,5.10546122677624226e-3,-2.98833727836608887e-1,-1.49416863918304443e-1
36,20,6.30769230769230749e-1,3.07692307692307709e-2,6.92307692307692346e-2,-3.86563688516616821e-1,-1.93281844258308411e-1,1.31962839514017105e-2,6.59814197570085526e-3,-3.86204034090042114e-1,-1.93102017045021057e-1
36,21,6.61538461538461631e-1,3.07692307692307709e-2,6.92307692307692346e-2,-4.70406115055084229e-1,-2.35203057527542114e-1,1.60584608092904091e-2,8.02923040464520454e-3,-4.69968467950820923e-1,-2.34984233975410461e-1
36,22,6.92307692307692291e-1,3.07692307692307709e-2,6.92307692307692346e-2,-5.49856483936309814e-1,-2.74928241968154907e-1,1.87704842537641525e-2,9.38524212688207626e-3,-5.49344897270202637e-1,-2.74672448635101318e-1
36,23,7.23076923076923173e-1,3.07692307692307709e-2,6.92307692307692346e-2,-6.24173045158386230e-1,-3.12086522579193115e-1,2.13080551475286484e-2,1.06540275737643242e-2,-6.23592317104339600e-1,-3.11796158552169800e-1
36,24,7.53846153846153832e-1,3.07692307692307709e-2,6.92307692307692346e-2,-6.92661762237548828e-1,-3.46330881118774414e-1,2.36457847058772763e-2,1.18228923529386382e-2,-6.92017316818237305e-1,-3.46008658409118652e-1
36,25,7.84615384615384714e-1,3.07692307692307709e-2,6.92307692307692346e-2,-7.54683256149291992e-1,-3.77341628074645996e-1,2.57644951343536377e-2,1.28822475671768188e-2,-7.53981053829193115e-1,-3.76990526914596558e-1
36,26,8.15384615384615374e-1,3.07692307692307709e-2,6.92307692307692346e-2,-8.09658050537109375e-1,-4.04829025268554688e-1,2.76415217667818069e-2,1.38207608833909035e-2,-8.08904707431793213e-1,-4.04452353715896606e-1
36,27,8.46153846153846256e-1,3.07692307692307709e-2,6.92307692307692346e-2,-8.57072770595550537e-1,-4.28536385297775269e-1,2.92629171162843704e-2,1.46314585581421852e-2,-8.56275260448455811e-1,-4.28137630224227905e-1
36,28,8.76923076923076916e-1,3.07692307692307709e-2,6.92307692307692346e-2,-8.96483957767486572e-1,-4.48241978883743286e-1,3.06121185421943526e-2,1.53060592710971763e-2,-8.95649671554565430e-1,-4.47824835777282715e-1
36,29,9.07692307692307798e-1,3.07692307692307709e-2,6.92307692307692346e-2,-9.27522599697113037e-1,-4.63761299848556519e-1,3.16760502755641937e-2,1.58380251377820969e-2,-9.26659286022186279e-1,-4.63329643011093140e-1
36,30,9.38461538461538458e-1,3.07692307692307709e-2,6.92307692307692346e-2,-9.49897706508636475e-1,-4.74948853254318237e-1,3.24444696307182243e-2,1.62222348153591121e-2,-9.49013471603393555e-1,-4.74506735801696777e-1
36,31,9.69230769230769340e-1,4.61538461538461009e-2,1.03846153846153727e-1,-9.63399112224578857e-1,-4.81699556112289429e-1,4.93645146489143302e-2,2.46822573244571651e-2,-9.62502181529998779e-1,-4.81251090764999390e-1
37,0,1.53846153846153855e-2,3.07692307692307709e-2,6.92307692307692346e-2,9.65917110443115234e-1,4.82958555221557617e-1,-3.29740382730960777e-2,-1.64870191365480388e-2,9.65018451213836670e-1,4.82509225606918335e-1
37,1,4.61538461538461564e-2,3.07692307692307709e-2,6.92307692307692346e-2,9.56898570060729980e-1,4.78449285030364990e-1,-3.26658859848976066e-2,-1.63329429924488033e-2,9.56008315086364746e-1,4.78004157543182373e-1
37,2,7.69230769230769273e-2,3.07692307692307709e-2,6.92307692307692346e-2,9.38945770263671875e-1,4.69472885131835938e-1,-3.20532862097024918e-2,-1.60266431048512459e-2,9.38072204589843750e-1,4.69036102294921875e-1
37,3,1.07692307692307698e-1,3.07692307692307709e-2,6.92307692307692346e-2,9.12226259708404541e-1,4.56113129854202271e-1,-3.11410333961248259e-2,-1.55705166980624130e-2,9.11377549171447754e-1,4.55688774585723877e-1
37,4,1.38461538461538469e-1,3.07692307692307709e-2,6.92307692307692346e-2,8.76989543437957764e-1,4.38494771718978882e-1,-2.99380626529455185e-2,-1.49690313264727592e-2,8.76173615455627441e-1,4.38086807727813721e-1
37,5,1.69230769230769240e-1,3.07692307692307709e-2,6.92307692307692346e-2,8.33564639091491699e-1,4.16782319545745850e-1,-2.84559242427349091e-2,-1.42279621213674545e-2,8.32789123058319092e-1,4.16394561529159546e-1
37,6,2.00000000000000011e-1,3.07692307692307709e-2,6.92307692307692346e-2,7.82356917858123779e-1,3.91178458929061890e-1,-2.67076939344406128e-2,-1.33538469672203064e-2,7.81629025936126709e-1,3.90814512968063354e-1
37,7,2.30769230769230782e-1,3.07692307692307709e-2,6.92307692307692346e-2,7.23844528198242188e-1,3.61922264099121094e-1,-2.47099343687295914e-2,-1.23549671843647957e-2,7.23171114921569824e-1,3.61585557460784912e-1
37,8,2.61538461538461553e-1,3.07692307692307709e-2,6.92307692307692346e-2,6.58573865890502930e-1,3.29286932945251465e-1,-2.24820412695407590e-2,-1.12410206347703795e-2,6.57961130142211914e-1,3.28980565071105957e-1
37,9,2.92307692307692324e-1,3.07692307692307709e-2,6.92307692307692346e-2,5.87154269218444824e-1,2.93577134609222412e-1,-2.00440641492605209e-2,-1.00220320746302605e-2,5.86607992649078369e-1,2.93303996324539185e-1
37,10,3.23076923076923095e-1,3.07692307692307709e-2,6.92307692307692346e-2,5.10252535343170166e-1,2.55126267671585083e-1,-1.74186676740646362e-2,-8.70933383703231812e-3,5.09777784347534180e-1,2.54888892173767090e-1
37,11,3.53846153846153866e-1,3.07692307692307709e-2,6.92307692307692346e-2,4.28586721420288086e-1,2.14293360710144043e-1,-1.46306958049535751e-2,-7.31534790247678757e-3,4.28187996149063110e-1,2.14093998074531555e-1
37,12,3.84615384615384637e-1,3.07692307692307709e-2,6.92307692307692346e-2,3.42919349670410156e-1,1.71459674835205078e-1,-1.17065180093050003e-2,-5.85325900465250015e-3,3.42600315809249878e-1,1.71300157904624939e-1
37,13,4.15384615384615408e-1,3.07692307692307709e-2,6.92307692307692346e-2,2.54050195217132568e-1,1.27025097608566284e-1,-8.67261271923780441e-3,-4.33630635961890221e-3,2.53813832998275757e-1,1.26906916499137878e-1
37,14,4.46153846153846179e-1,3.07692307692307709e-2,6.92307692307692346e-2,1.62809044122695923e-1,8.14045220613479614e-2,-5.55780110880732536e-3,-2.77890055440366268e-3,1.62657573819160461e-1,8.13287869095802307e-2
37,15,4.76923076923076950e-1,3.07692307692307709e-2,6.92307692307692346e-2,7.00478106737136841e-2,3.50239053368568420e-2,-2.39128572866320610e-3,-1.19564286433160305e-3,6.99826404452323914e-2,3.49913202226161957e-2
37,16,5.07692307692307665e-1,3.07692307692307709e-2,6.92307692307692346e-2,-2.33674496412277222e-2,-1.16837248206138611e-2,7.97703629359602928e-4,3.98851814679801464e-4,-2.33457088470458984e-2,-1.16728544235229492e-2
37,17,5.38461538461538547e-1,3.07692307692307709e-2,6.92307692307692346e-2,-1.16564534604549408e-1,-5.82822673022747040e-2,3.97917442023754120e-3,1.98958721011877060e-3,-1.16456083953380585e-1,-5.82280419766902924e-2
37,18,5.69230769230769207e-1,3.07692307692307709e-2,6.92307692307692346e-2,-2.08673298358917236e-1,-1.04336649179458618e-1,7.12359719909727573e-3,3.56179859954863787e-3,-2.08479151129722595e-1,-1.04239575564861298e-1
37,19,6.00000000000000089e-1,3.07692307692307709e-2,6.92307692307692346e-2,-2.98833727836608887e-1,-1.49416863918304443e-1,1.02013880386948586e-2,5.10069401934742928e-3,-2.98555701971054077e-1,-1.49277850985527039e-1
37,20,6.30769230769230749e-1,3.07692307692307709e-2,6.92307692307692346e-2,-3.86204034090042114e-1,-1.93102017045021057e-1,1.31839709356427193e-2,6.59198546782135963e-3,-3.85844737291336060e-1,-1.92922368645668030e-1
37,21,6.61538461538461631e-1,3.07692307692307709e-2,6.92307692307692346e-2,-4.69968467950820923e-1,-2.34984233975410461e-1,1.60436416044831276e-2,8.02182080224156380e-3,-4.69531208276748657e-1,-2.34765604138374329e-1
37,22,6.92307692307692291e-1,3.07692307692307709e-2,6.92307692307692346e-2,-5.49344897270202637e-1,-2.74672448635101318e-1,1.87529409304261208e-2,9.37647046521306038e-3,-5.48833787441253662e-1,-2.74416893720626831e-1
37,23,7.23076923076923173e-1,3.07692307692307709e-2,6.92307692307692346e-2,-6.23592317104339600e-1,-3.11796158552169800e-1,2.12882235646247864e-2,1.06441117823123932e-2,-6.23012125492095947e-1,-3.11506062746047974e-1
37,24,7.53846153846153832e-1,3.07692307692307709e-2,6.92307692307692346e-2,-6.92017316818237305e-1,-3.46008658409118652e-1,2.36239917576312741e-2,1.18119958788156371e-2,-6.91373467445373535e-1,-3.45686733722686768e-1
37,25,7.84615384615384714e-1,3.07692307692307709e-2,6.92307692307692346e-2,-7.53981053829193115e-1,-3.76990526914596558e-1,2.57403049618005753e-2,1.28701524809002876e-2,-7.53279507160186768e-1,-3.76639753580093384e-1
37,26,8.15384615384615374e-1,3.07692307692307709e-2,6.92307692307692346e-2,-8.08904707431793213e-1,-4.04452353715896606e-1,2.76160240173339844e-2,1.38080120086669922e-2,-8.08152079582214355e-1,-4.04076039791107178e-1
37,27,8.46153846153846256e-1,3.07692307692307709e-2,6.92307692307692346e-2,-8.56275260448455811e-1,-4.28137630224227905e-1,2.92358938604593277e-2,1.46179469302296638e-2,-8.55478465557098389e-1,-4.27739232778549194e-1
37,28,8.76923076923076916e-1,3.07692307692307709e-2,6.92307692307692346e-2,-8.95649671554565430e-1,-4.47824835777282715e-1,3.05837877094745497e-2,1.52918938547372749e-2,-8.94816160202026367e-1,-4.47408080101013184e-1
37,29,9.07692307692307798e-1,3.07692307692307709e-2,6.92307692307692346e-2,-9.26659286022186279e-1,-4.63329643011093140e-1,3.16464118659496307e-2,1.58232059329748154e-2,-9.25796806812286377e-1,-4.62898403406143188e-1
37,30,9.38461538461538458e-1,3.07692307692307709e-2,6.92307692307692346e-2,-9.49013471603393555e-1,-4.74506735801696777e-1,3.24143953621387412e-2,1.62071976810693706e-2,-9.48130071163177490e-1,-4.74065035581588745e-1
37,31,9.69230769230769340e-1,4.61538461538461009e-2,1.03846153846153727e-1,-9.62502181529998779e-1,-4.81251090764999390e-1,4.93180956691503455e-2,2.46590478345751728e-2,-9.61606144905090332e-1,-4.80803072452545166e-1
38,0,1.53846153846153855e-2,3.07692307692307709e-2,6.92307692307692346e-2,9.65018451213836670e-1,4.82509225606918335e-1,-3.29433102160692146e-2,-1.64716551080346073e-2,9.64120626449584961e-1,4.82060313224792480e-1
38,1,4.61538461538461564e-2,3.07692307692307709e-2,6.92307692307692346e-2,9.56008315086364746e-1,4.78004157543182373e-1,-3.26355937868356635e-2,-1.63177968934178318e-2,9.55118894577026367e-1,4.77559447288513184e-1
38,2,7.69230769230769273e-2,3.07692307692307709e-2,6.92307692307692346e-2,9.38072204589843750e-1,4.69036102294921875e-1,-3.20234298706054688e-2,-1.60117149353027344e-2,9.37199473381042480e-1,4.68599736690521240e-1
38,3,1.07692307692307698e-1,3.07692307692307709e-2,6.92307692307692346e-2,9.11377549171447754e-1,4.55688774585723877e-1,-3.11120487749576430e-2,-1.55560243874788215e-2,9.10529613494873047e-1,4.55264806747436523e-1
38,4,1.38461538461538469e-1,3.07692307692307709e-2,6.92307692307692346e-2,8.76173615455627441e-1,4.38086807727813721e-1,-2.99101676791906357e-2,-1.49550838395953178e-2,8.75358462333679199e-1,4.37679231166839600e-1
38,5,1.69230769230769240e-1,3.07692307692307709e-2,6.92307692307692346e-2,8.32789123058319092e-1,4.16394561529159546e-1,-2.84295547753572464e-2,-1.42147773876786232e-2,8.32014322280883789e-1,4.16007161140441895e-1
38,6,2.00000000000000011e-1,3.07692307692307709e-2,6.92307692307692346e-2,7.81629025936126709e-1,3.90814512968063354e-1,-2.66826320439577103e-2,-1.33413160219788551e-2,7.80901849269866943e-1,3.90450924634933472e-1
38,7,2.30769230769230782e-1,3.07692307692307709e-2,6.92307692307692346e-2,7.23171114921569824e-1,3.61585557460784912e-1,-2.46872697025537491e-2,-1.23436348512768745e-2,7.22498297691345215e-1,3.61249148845672607e-1
38,8,2.61538461538461553e-1,3.07692307692307709e-2,6.92307692307692346e-2,6.57961130142211914e-1,3.28980565071105957e-1,-2.24609021097421369e-2,-1.12304510548710684e-2,6.57348990440368652e-1,3.28674495220184326e-1
38,9,2.92307692307692324e-1,3.07692307692307709e-2,6.92307692307692346e-2,5.86607992649078369e-1,2.93303996324539185e-1,-2.00255401432514191e-2,-1.00127700716257095e-2,5.86062252521514893e-1,2.93031126260757446e-1
38,10,3.23076923076923095e-1,3.07692307692307709e-2,6.92307692307692346e-2,5.09777784347534180e-1,2.54888892173767090e-1,-1.74022139981389046e-2,-8.70110699906945229e-3,5.09303510189056396e-1,2.54651755094528198e-1
38,11,3.53846153846153866e-1,3.07692307692307709e-2,6.92307692307692346e-2,4.28187996149063110e-1,2.14093998074531555e-1,-1.46172931417822838e-2,-7.30864657089114189e-3,4.27789628505706787e-1,2.13894814252853394e-1
38,12,3.84615384615384637e-1,3.07692307692307709e-2,6.92307692307692346e-2,3.42600315809249878e-1,1.71300157904624939e-1,-1.16956215351819992e-2,-5.84781076759099960e-3,3.42281579971313477e-1,1.71140789985656738e-1
38,13,4.15384615384615408e-1,3.07692307692307709e-2,6.92307692307692346e-2,2.53813832998275757e-1,1.26906916499137878e-1,-8.66449484601616859e-3,-4.33224742300808430e-3,2.53577679395675659e-1,1.26788839697837830e-1
38,14,4.46153846153846179e-1,3.07692307692307709e-2,6.92307692307692346e-2,1.62657573819160461e-1,8.13287869095802307e-2,-5.55265252478420734e-3,-2.77632626239210367e-3,1.62506237626075745e-1,8.12531188130378723e-2
38,15,4.76923076923076950e-1,3.07692307692307709e-2,6.92307692307692346e-2,6.99826404452323914e-2,3.49913202226161957e-2,-2.38905195146799088e-3,-1.19452597573399544e-3,6.99175298213958740e-2,3.49587649106979370e-2
38,16,5.07692307692307665e-1,3.07692307692307709e-2,6.92307692307692346e-2,-2.33457088470458984e-2,-1.16728544235229492e-2,7.96968117356300354e-4,3.98484058678150177e-4,-2.33239885419607162e-2,-1.16619942709803581e-2
38,17,5.38461538461538547e-1,3.07692307692307709e-2,6.92307692307692346e-2,-1.16456083953380585e-1,-5.82280419766902924e-2,3.97546961903572083e-3,1.98773480951786041e-3,-1.16347737610340118e-1,-5.81738688051700592e-2
38,18,5.69230769230769207e-1,3.07692307692307709e-2,6.92307692307692346e-2,-2.08479151129722595e-1,-1.04239575564861298e-1,7.11695034988224506e-3,3.55847517494112253e-3,-2.08285182714462280e-1,-1.04142591357231140e-1
38,19,6.00000000000000089e-1,3.07692307692307709e-2,6.92307692307692346e-2,-2.98555701971054077e-1,-1.49277850985527039e-1,1.01918536238372326e-2,5.09592681191861629e-3,-2.98277944326400757e-1,-1.49138972163200378e-1
38,20,6.30769230769230749e-1,3.07692307692307709e-2,6.92307692307692346e-2,-3.85844737291336060e-1,-1.92922368645668030e-1,1.31718758493661880e-2,6.58593792468309402e-3,-3.85485768318176270e-1,-1.92742884159088135e-1
38,21,6.61538461538461631e-1,3.07692307692307709e-2,6.92307692307692346e-2,-4.69531208276748657e-1,-2.34765604138374329e-1,1.60286044701933861e-2,8.01430223509669304e-3,-4.69094365835189819e-1,-2.34547182917594910e-1
38,22,6.92307692307692291e-1,3.07692307692307709e-2,6.92307692307692346e-2,-5.48833787441253662e-1,-2.74416893720626831e-1,1.87355065718293190e-2,9.36775328591465950e-3,-5.48323154449462891e-1,-2.74161577224731445e-1
38,23,7.23076923076923173e-1,3.07692307692307709e-2,6.92307692307692346e-2,-6.23012125492095947e-1,-3.11506062746047974e-1,2.12683919817208966e-2,1.06341959908604483e-2,-6.22432470321655273e-1,-3.11216235160827637e-1
38,24,7.53846153846153832e-1,3.07692307692307709e-2,6.92307692307692346e-2,-6.91373467445373535e-1,-3.45686733722686768e-1,2.36021988093852997e-2,1.18010994046926498e-2,-6.90730214118957520e-1,-3.45365107059478760e-1
38,25,7.84615384615384714e-1,3.07692307692307709e-2,6.92307692307692346e-2,-7.53279507160186768e-1,-3.76639753580093384e-1,2.57161147892475128e-2,1.28580573946237564e-2,-7.52578675746917725e-1,-3.76289337873458862e-1
38,26,8.15384615384615374e-1,3.07692307692307709e-2,6.92307692307692346e-2,-8.08152079582214355e-1,-4.04076039791107178e-1,2.75907441973686218e-2,1.37953720986843109e-2,-8.07400107383728027e-1,-4.03700053691864014e-1
38,27,8.46153846153846256e-1,3.07692307692307709e-2,6.92307692307692346e-2,-8.55478465557098389e-1,-4.27739232778549194e-1,2.92086526751518250e-2,1.46043263375759125e-2,-8.54682445526123047e-1,-4.27341222763061523e-1
38,28,8.76923076923076916e-1,3.07692307692307709e-2,6.92307692307692346e-2,-8.94816160202026367e-1,-4.47408080101013184e-1,3.05554568767547469e-2,1.52777284383773734e-2,-8.93983423709869385e-1,-4.46991711854934692e-1
38,29,9.07692307692307798e-1,3.07692307692307709e-2,6.92307692307692346e-2,-9.25796806812286377e-1,-4.62898403406143188e-1,3.16169913858175278e-2,1.58084956929087639e-2,-9.24935102462768555e-1,-4.62467551231384277e-1
38,30,9.38461538461538458e-1,3.07692307692307709e-2,6.92307692307692346e-2,-9.48130071163177490e-1,-4.74065035581588745e-1,3.23841031640767982e-2,1.61920515820383991e-2,-9.47247505187988281e-1,-4.73623752593994141e-1
38,31,9.69230769230769340e-1,4.61538461538461009e-2,1.03846153846153727e-1,-9.61606144905090332e-1,-4.80803072452545166e-1,4.92718946188688209e-2,2.46359473094344104e-2,-9.60710942745208740e-1,-4.80355471372604370e-1
39,0,1.53846153846153855e-2,3.07692307692307709e-2,6.92307692307692346e-2,9.64120626449584961e-1,4.82060313224792480e-1,-3.29125821590423515e-2,-1.64562910795211757e-2,9.63223636150360107e-1,4.81611818075180054e-1
39,1,4.61538461538461564e-2,3.07692307692307709e-2,6.92307692307692346e-2,9.55118894577026367e-1,4.77559447288513184e-1,-3.26053015887737205e-2,-1.63026507943868602e-2,9.54230308532714844e-1,4.77115154266357422e-1
39,2,7.69230769230769273e-2,3.07692307692307709e-2,6.92307692307692346e-2,9.37199473381042480e-1,4.68599736690521240e-1,-3.19937914609909058e-2,-1.59968957304954529e-2,9.36327517032623291e-1,4.68163758516311646e-1
39,3,1.07692307692307698e-1,3.07692307692307709e-2,6.92307692307692346e-2,9.10529613494873047e-1,4.55264806747436523e-1,-3.10828462243080000e-2,-1.55414231121540000e-2,9.09682512283325195e-1,4.54841256141662598e-1
39,4,1.38461538461538469e-1,3.07692307692307709e-2,6.92307692307692346e-2,8.75358462333679199e-1,4.37679231166839600e-1,-2.98824906349182129e-2,-1.49412453174591064e-2,8.74544084072113037e-1,4.37272042036056519e-1
39,5,1.69230769230769240e-1,3.07692307692307709e-2,6.92307692307692346e-2,8.32014322280883789e-1,4.16007161140441895e-1,-2.84029673784971237e-2,-1.42014836892485619e-2,8.31240236759185791e-1,4.15620118379592896e-1
39,6,2.00000000000000011e-1,3.07692307692307709e-2,6.92307692307692346e-2,7.80901849269866943e-1,3.90450924634933472e-1,-2.66580060124397278e-2,-1.33290030062198639e-2,7.80175328254699707e-1,3.90087664127349854e-1
39,7,2.30769230769230782e-1,3.07692307692307709e-2,6.92307692307692346e-2,7.22498297691345215e-1,3.61249148845672607e-1,-2.46641691774129868e-2,-1.23320845887064934e-2,7.21826136112213135e-1,3.60913068056106567e-1
39,8,2.61538461538461553e-1,3.07692307692307709e-2,6.92307692307692346e-2,6.57348990440368652e-1,3.28674495220184326e-1,-2.24399808794259747e-2,-1.12199904397129874e-2,6.56737446784973145e-1,3.28368723392486572e-1
39,9,2.92307692307692324e-1,3.07692307692307709e-2,6.92307692307692346e-2,5.86062252521514893e-1,2.93031126260757446e-1,-2.00070161372423172e-2,-1.00035080686211586e-2,5.85516989231109619e-1,2.92758494615554810e-1
39,10,3.23076923076923095e-1,3.07692307692307709e-2,6.92307692307692346e-2,5.09303510189056396e-1,2.54651755094528198e-1,-1.73859782516956329e-2,-8.69298912584781647e-3,5.08829653263092041e-1,2.54414826631546021e-1
39,11,3.53846153846153866e-1,3.07692307692307709e-2,6.92307692307692346e-2,4.27789628505706787e-1,2.13894814252853394e-1,-1.46036725491285324e-2,-7.30183627456426620e-3,4.27391618490219116e-1,2.13695809245109558e-1
39,12,3.84615384615384637e-1,3.07692307692307709e-2,6.92307692307692346e-2,3.42281579971313477e-1,1.71140789985656738e-1,-1.16848340258002281e-2,-5.84241701290011406e-3,3.41963112354278564e-1,1.70981556177139282e-1
39,13,4.15384615384615408e-1,3.07692307692307709e-2,6.92307692307692346e-2,2.53577679395675659e-1,1.26788839697837830e-1,-8.65632249042391777e-3,-4.32816124521195889e-3,2.53341764211654663e-1,1.26670882105827332e-1
39,14,4.46153846153846179e-1,3.07692307692307709e-2,6.92307692307692346e-2,1.62506237626075745e-1,8.12531188130378723e-2,-5.54750394076108932e-3,-2.77375197038054466e-3,1.62355050444602966e-1,8.11775252223014832e-2
39,15,4.76923076923076950e-1,3.07692307692307709e-2,6.92307692307692346e-2,6.99175298213958740e-2,3.49587649106979370e-2,-2.38683860516175628e-3,-1.19341930258087814e-3,6.98524788022041321e-2,3.49262394011020660e-2
39,16,5.07692307692307665e-1,3.07692307692307709e-2,6.92307692307692346e-2,-2.33239885419607162e-2,-1.16619942709803581e-2,7.96218984760344028e-4,3.98109492380172014e-4,-2.33022887259721756e-2,-1.16511443629860878e-2
39,17,5.38461538461538547e-1,3.07692307692307709e-2,6.92307692307692346e-2,-1.16347737610340118e-1,-5.81738688051700592e-2,3.97179886931553483e-3,1.98589943465776742e-3,-1.16239488124847412e-1,-5.81197440624237061e-2
39,18,5.69230769230769207e-1,3.07692307692307709e-2,6.92307692307692346e-2,-2.08285182714462280e-1,-1.04142591357231140e-1,7.11024901829659939e-3,3.55512450914829969e-3,-2.08091408014297485e-1,-1.04045704007148743e-1
39,19,6.00000000000000089e-1,3.07692307692307709e-2,6.92307692307692346e-2,-2.98277944326400757e-1,-1.49138972163200378e-1,1.01824281737208366e-2,5.09121408686041832e-3,-2.98000425100326538e-1,-1.49000212550163269e-1
39,20,6.30769230769230749e-1,3.07692307692307709e-2,6.92307692307692346e-2,-3.85485768318176270e-1,-1.92742884159088135e-1,1.31596717983484268e-2,6.57983589917421341e-3,-3.85127127170562744e-1,-1.92563563585281372e-1
39,21,6.61538461538461631e-1,3.07692307692307709e-2,6.92307692307692346e-2,-4.69094365835189819e-1,-2.34547182917594910e-1,1.60136763006448746e-2,8.00683815032243729e-3,-4.68657940626144409e-1,-2.34328970313072205e-1
39,22,6.92307692307692291e-1,3.07692307692307709e-2,6.92307692307692346e-2,-5.48323154449462891e-1,-2.74161577224731445e-1,1.87180722132325172e-2,9.35903610661625862e-3,-5.47812998294830322e-1,-2.73906499147415161e-1
39,23,7.23076923076923173e-1,3.07692307692307709e-2,6.92307692307692346e-2,-6.22432470321655273e-1,-3.11216235160827637e-1,2.12485603988170346e-2,1.06242801994085173e-2,-6.21853351593017578e-1,-3.10926675796508789e-1
39,24,7.53846153846153832e-1,3.07692307692307709e-2,6.92307692307692346e-2,-6.90730214118957520e-1,-3.45365107059478760e-1,2.35801879316568375e-2,1.17900939658284187e-2,-6.90087556838989258e-1,-3.45043778419494629e-1
39,25,7.84615384615384714e-1,3.07692307692307709e-2,6.92307692307692346e-2,-7.52578675746917725e-1,-3.76289337873458862e-1,2.56925784051418304e-2,1.28462892025709152e-2,-7.51878440380096436e-1,-3.75939220190048218e-1
39,26,8.15384615384615374e-1,3.07692307692307709e-2,6.92307692307692346e-2,-8.07400107383728027e-1,-4.03700053691864014e-1,2.75648105889558792e-2,1.37824052944779396e-2,-8.06648850440979004e-1,-4.03324425220489502e-1
39,27,8.46153846153846256e-1,3.07692307692307709e-2,6.92307692307692346e-2,-8.54682445526123047e-1,-4.27341222763061523e-1,2.91818473488092422e-2,1.45909236744046211e-2,-8.53887140750885010e-1,-4.26943570375442505e-1
39,28,8.76923076923076916e-1,3.07692307692307709e-2,6.92307692307692346e-2,-8.93983423709869385e-1,-4.46991711854934692e-1,3.05271260440349440e-2,1.52635630220174720e-2,-8.93151462078094482e-1,-4.46575731039047241e-1
39,29,9.07692307692307798e-1,3.07692307692307709e-2,6.92307692307692346e-2,-9.24935102462768555e-1,-4.62467551231384277e-1,3.15873529762029648e-2,1.57936764881014824e-2,-9.24074232578277588e-1,-4.62037116289138794e-1
39,30,9.38461538461538458e-1,3.07692307692307709e-2,6.92307692307692346e-2,-9.47247505187988281e-1,-4.73623752593994141e-1,3.23540288954973151e-2,1.61770144477486576e-2,-9.46365714073181152e-1,-4.73182857036590576e-1
39,31,9.69230769230769340e-1,4.61538461538461009e-2,1.03846153846153727e-1,-9.60710942745208740e-1,-4.80355471372604370e-1,4.92256935685872962e-2,2.46128467842936481e-2,-9.59816575050354004e-1,-4.79908287525177002e-1
40,0,1.53846153846153855e-2,3.07692307692307709e-2,6.92307692307692346e-2,9.63223636150360107e-1,4.81611818075180054e-1,-3.28818541020154884e-2,-1.64409270510077442e-2,9.62327480316162109e-1,4.81163740158081055e-1
40,1,4.61538461538461564e-2,3.07692307692307709e-2,6.92307692307692346e-2,9.54230308532714844e-1,4.77115154266357422e-1,-3.25752273201942374e-2,-1.62876136600971187e-2,9.53342497348785400e-1,4.76671248674392700e-1
40,2,7.69230769230769273e-2,3.07692307692307709e-2,6.92307692307692346e-2,9.36327517032623291e-1,4.68163758516311646e-1,-3.19637171924114227e-2,-1.59818585962057114e-2,9.35456395149230957e-1,4.67728197574615479e-1
40,3,1.07692307692307698e-1,3.07692307692307709e-2,6.92307692307692346e-2,9.09682512283325195e-1,4.54841256141662598e-1,-3.10540795326232771e-2,-1.55270397663116386e-2,9.08836185932159424e-1,4.54418092966079712e-1
40,4,1.38461538461538469e-1,3.07692307692307709e-2,6.92307692307692346e-2,8.74544084072113037e-1,4.37272042036056519e-1,-2.98548135906457901e-2,-1.49274067953228951e-2,8.73730421066284180e-1,4.36865210533142090e-1
40,5,1.69230769230769240e-1,3.07692307692307709e-2,6.92307692307692346e-2,8.31240236759185791e-1,4.15620118379592896e-1,-2.83763799816370010e-2,-1.41881899908185005e-2,8.30466866493225098e-1,4.15233433246612549e-1
40,6,2.00000000000000011e-1,3.07692307692307709e-2,6.92307692307692346e-2,7.80175328254699707e-1,3.90087664127349854e-1,-2.66331620514392853e-2,-1.33165810257196426e-2,7.79449462890625000e-1,3.89724731445312500e-1
40,7,2.30769230769230782e-1,3.07692307692307709e-2,6.92307692307692346e-2,7.21826136112213135e-1,3.60913068056106567e-1,-2.46412865817546844e-2,-1.23206432908773422e-2,7.21154570579528809e-1,3.60577285289764404e-1
40,8,2.61538461538461553e-1,3.07692307692307709e-2,6.92307692307692346e-2,6.56737446784973145e-1,3.28368723392486572e-1,-2.24192775785922727e-2,-1.12096387892961363e-2,6.56126439571380615e-1,3.28063219785690308e-1
40,9,2.92307692307692324e-1,3.07692307692307709e-2,6.92307692307692346e-2,5.85516989231109619e-1,2.92758494615554810e-1,-1.99882742017507553e-2,-9.99413710087537766e-3,5.84972262382507324e-1,2.92486131191253662e-1
40,10,3.23076923076923095e-1,3.07692307692307709e-2,6.92307692307692346e-2,5.08829653263092041e-1,2.54414826631546021e-1,-1.73697425052523613e-2,-8.68487125262618065e-3,5.08356273174285889e-1,2.54178136587142944e-1
40,11,3.53846153846153866e-1,3.07692307692307709e-2,6.92307692307692346e-2,4.27391618490219116e-1,2.13695809245109558e-1,-1.45901609212160110e-2,-7.29508046060800552e-3,4.26993995904922485e-1,2.13496997952461243e-1
40,12,3.84615384615384637e-1,3.07692307692307709e-2,6.92307692307692346e-2,3.41963112354278564e-1,1.70981556177139282e-1,-1.16738285869359970e-2,-5.83691429346799850e-3,3.41644972562789917e-1,1.70822486281394958e-1
40,13,4.15384615384615408e-1,3.07692307692307709e-2,6.92307692307692346e-2,2.53341764211654663e-1,1.26670882105827332e-1,-8.64836806431412697e-3,-4.32418403215706348e-3,2.53106057643890381e-1,1.26553028821945190e-1
40,14,4.46153846153846179e-1,3.07692307692307709e-2,6.92307692307692346e-2,1.62355050444602966e-1,8.11775252223014832e-2,-5.54235535673797131e-3,-2.77117767836898565e-3,1.62203997373580933e-1,8.11019986867904663e-2
40,15,4.76923076923076950e-1,3.07692307692307709e-2,6.92307692307692346e-2,6.98524788022041321e-2,3.49262394011020660e-2,-2.38459120737388730e-3,-1.19229560368694365e-3,6.97874873876571655e-2,3.48937436938285828e-2
40,16,5.07692307692307665e-1,3.07692307692307709e-2,6.92307692307692346e-2,-2.33022887259721756e-2,-1.16511443629860878e-2,7.95483472757041454e-4,3.97741736378520727e-4,-2.32806093990802765e-2,-1.16403046995401382e-2
40,17,5.38461538461538547e-1,3.07692307692307709e-2,6.92307692307692346e-2,-1.16239488124847412e-1,-5.81197440624237061e-2,3.96805320633575320e-3,1.98402660316787660e-3,-1.16131342947483063e-1,-5.80656714737415314e-2
40,18,5.69230769230769207e-1,3.07692307692307709e-2,6.92307692307692346e-2,-2.08091408014297485e-1,-1.04045704007148743e-1,7.10373837500810623e-3,3.55186918750405312e-3,-2.07897812128067017e-1,-1.03948906064033508e-1
40,19,6.00000000000000089e-1,3.07692307692307709e-2,6.92307692307692346e-2,-2.98000425100326538e-1,-1.49000212550163269e-1,1.01728392764925957e-2,5.08641963824629784e-3,-2.97723174095153809e-1,-1.48861587047576904e-1
40,20,6.30769230769230749e-1,3.07692307692307709e-2,6.92307692307692346e-2,-3.85127127170562744e-1,-1.92563563585281372e-1,1.31474677473306656e-2,6.57373387366533279e-3,-3.84768813848495483e-1,-1.92384406924247742e-1
40,21,6.61538461538461631e-1,3.07692307692307709e-2,6.92307692307692346e-2,-4.68657940626144409e-1,-2.34328970313072205e-1,1.59988570958375931e-2,7.99942854791879654e-3,-4.68221902847290039e-1,-2.34110951423645020e-1
40,22,6.92307692307692291e-1,3.07692307692307709e-2,6.92307692307692346e-2,-5.47812998294830322e-1,-2.73906499147415161e-1,1.87006378546357155e-2,9.35031892731785774e-3,-5.47303318977355957e-1,-2.73651659488677979e-1
40,23,7.23076923076923173e-1,3.07692307692307709e-2,6.92307692307692346e-2,-6.21853351593017578e-1,-3.10926675796508789e-1,2.12287288159131726e-2,1.06143644079565863e-2,-6.21274769306182861e-1,-3.10637384653091431e-1
40,24,7.53846153846153832e-1,3.07692307692307709e-2,6.92307692307692346e-2,-6.90087556838989258e-1,-3.45043778419494629e-1,2.35583949834108353e-2,1.17791974917054176e-2,-6.89445495605468750e-1,-3.44722747802734375e-1
40,25,7.84615384615384714e-1,3.07692307692307709e-2,6.92307692307692346e-2,-7.51878440380096436e-1,-3.75939220190048218e-1,2.56686061620712280e-2,1.28343030810356140e-2,-7.51178860664367676e-1,-3.75589430332183838e-1
40,26,8.15384615384615374e-1,3.07692307692307709e-2,6.92307692307692346e-2,-8.06648850440979004e-1,-4.03324425220489502e-1,2.75393128395080566e-2,1.37696564197540283e-2,-8.05898308753967285e-1,-4.02949154376983643e-1
40,27,8.46153846153846256e-1,3.07692307692307709e-2,6.92307692307692346e-2,-8.53887140750885010e-1,-4.26943570375442505e-1,2.91548240929841995e-2,1.45774120464920998e-2,-8.53092551231384277e-1,-4.26546275615692139e-1
40,28,8.76923076923076916e-1,3.07692307692307709e-2,6.92307692307692346e-2,-8.93151462078094482e-1,-4.46575731039047241e-1,3.04987952113151412e-2,1.52493976056575706e-2,-8.92320275306701660e-1,-4.46160137653350830e-1
40,29,9.07692307692307798e-1,3.07692307692307709e-2,6.92307692307692346e-2,-9.24074232578277588e-1,-4.62037116289138794e-1,3.15581504255533218e-2,1.57790752127766609e-2,-9.23214137554168701e-1,-4.61607068777084351e-1
40,30,9.38461538461538458e-1,3.07692307692307709e-2,6.92307692307692346e-2,-9.46365714073181152e-1,-4.73182857036590576e-1,3.23235187679529121e-2,1.61617593839764560e-2,-9.45484757423400879e-1,-4.72742378711700439e-1
40,31,9.69230769230769340e-1,4.61538461538461009e-2,1.03846153846153727e-1,-9.59816575050354004e-1,-4.79908287525177002e-1,4.91797104477882316e-2,2.45898552238941158e-2,-9.58923041820526123e-1,-4.79461520910263062e-1
41,0,1.53846153846153855e-2,3.07692307692307709e-2,6.92307692307692346e-2,9.62327480316162109e-1,4.81163740158081055e-1,-3.28513439744710853e-2,-1.64256719872355426e-2,9.61432158946990967e-1,4.80716079473495483e-1
41,1,4.61538461538461564e-2,3.07692307692307709e-2,6.92307692307692346e-2,9.53342497348785400e-1,4.76671248674392700e-1,-3.25447171926498344e-2,-1.62723585963249172e-2,9.52455520629882812e-1,4.76227760314941406e-1
41,2,7.69230769230769273e-2,3.07692307692307709e-2,6.92307692307692346e-2,9.35456395149230957e-1,4.67728197574615479e-1,-3.19340787827968597e-2,-1.59670393913984299e-2,9.34586048126220703e-1,4.67293024063110352e-1
41,3,1.07692307692307698e-1,3.07692307692307709e-2,6.92307692307692346e-2,9.08836185932159424e-1,4.54418092966079712e-1,-3.10253128409385542e-2,-1.55126564204692771e-2,9.07990634441375732e-1,4.53995317220687866e-1
41,4,1.38461538461538469e-1,3.07692307692307709e-2,6.92307692307692346e-2,8.73730421066284180e-1,4.36865210533142090e-1,-2.98269186168909073e-2,-1.49134593084454536e-2,8.72917532920837402e-1,4.36458766460418701e-1
41,5,1.69230769230769240e-1,3.07692307692307709e-2,6.92307692307692346e-2,8.30466866493225098e-1,4.15233433246612549e-1,-2.83500105142593384e-2,-1.41750052571296692e-2,8.29694211483001709e-1,4.14847105741500854e-1
41,6,2.00000000000000011e-1,3.07692307692307709e-2,6.92307692307692346e-2,7.79449462890625000e-1,3.89724731445312500e-1,-2.66083180904388428e-2,-1.33041590452194214e-2,7.78724312782287598e-1,3.89362156391143799e-1
41,7,2.30769230769230782e-1,3.07692307692307709e-2,6.92307692307692346e-2,7.21154570579528809e-1,3.60577285289764404e-1,-2.46184039860963821e-2,-1.23092019930481911e-2,7.20483601093292236e-1,3.60241800546646118e-1
41,8,2.61538461538461553e-1,3.07692307692307709e-2,6.92307692307692346e-2,6.56126439571380615e-1,3.28063219785690308e-1,-2.23983563482761106e-2,-1.11991781741380553e-2,6.55516028404235840e-1,3.27758014202117920e-1
41,9,2.92307692307692324e-1,3.07692307692307709e-2,6.92307692307692346e-2,5.84972262382507324e-1,2.92486131191253662e-1,-1.99697501957416534e-2,-9.98487509787082672e-3,5.84428012371063232e-1,2.92214006185531616e-1
41,10,3.23076923076923095e-1,3.07692307692307709e-2,6.92307692307692346e-2,5.08356273174285889e-1,2.54178136587142944e-1,-1.73536157235503197e-2,-8.67680786177515984e-3,5.07883310317993164e-1,2.53941655158996582e-1
41,11,3.53846153846153866e-1,3.07692307692307709e-2,6.92307692307692346e-2,4.26993995904922485e-1,2.13496997952461243e-1,-1.45765403285622597e-2,-7.28827016428112984e-3,4.26596730947494507e-1,2.13298365473747253e-1
41,12,3.84615384615384637e-1,3.07692307692307709e-2,6.92307692307692346e-2,3.41644972562789917e-1,1.70822486281394958e-1,-1.16630410775542259e-2,-5.83152053877711296e-3,3.41327100992202759e-1,1.70663550496101379e-1
41,13,4.15384615384615408e-1,3.07692307692307709e-2,6.92307692307692346e-2,2.53106057643890381e-1,1.26553028821945190e-1,-8.64025019109249115e-3,-4.32012509554624557e-3,2.52870589494705200e-1,1.26435294747352600e-1
41,14,4.46153846153846179e-1,3.07692307692307709e-2,6.92307692307692346e-2,1.62203997373580933e-1,8.11019986867904663e-2,-5.53720677271485329e-3,-2.76860338635742664e-3,1.62053093314170837e-1,8.10265466570854187e-2
41,15,4.76923076923076950e-1,3.07692307692307709e-2,6.92307692307692346e-2,6.97874873876571655e-2,3.48937436938285828e-2,-2.38236424047499895e-3,-1.19118212023749948e-3,6.97225555777549744e-2,3.48612777888774872e-2
41,16,5.07692307692307665e-1,3.07692307692307709e-2,6.92307692307692346e-2,-2.32806093990802765e-2,-1.16403046995401382e-2,7.94734340161085129e-4,3.97367170080542564e-4,-2.32589505612850189e-2,-1.16294752806425095e-2
41,17,5.38461538461538547e-1,3.07692307692307709e-2,6.92307692307692346e-2,-1.16131342947483063e-1,-5.80656714737415314e-2,3.96434159483760595e-3,1.98217079741880298e-3,-1.16023302078247070e-1,-5.80116510391235352e-2
41,18,5.69230769230769207e-1,3.07692307692307709e-2,6.92307692307692346e-2,-2.07897812128067017e-1,-1.03948906064033508e-1,7.09717324934899807e-3,3.54858662467449903e-3,-2.07704395055770874e-1,-1.03852197527885437e-1
41,19,6.00000000000000089e-1,3.07692307692307709e-2,6.92307692307692346e-2,-2.97723174095153809e-1,-1.48861587047576904e-1,1.01633593440055847e-2,5.08167967200279236e-3,-2.97446191310882568e-1,-1.48723095655441284e-1
41,20,6.30769230769230749e-1,3.07692307692307709e-2,6.92307692307692346e-2,-3.84768813848495483e-1,-1.92384406924247742e-1,1.31352636963129044e-2,6.56763184815645218e-3,-3.84410828351974487e-1,-1.92205414175987244e-1
41,21,6.61538461538461631e-1,3.07692307692307709e-2,6.92307692307692346e-2,-4.68221902847290039e-1,-2.34110951423645020e-1,1.59839289262890816e-2,7.99196446314454079e-3,-4.67786282300949097e-1,-2.33893141150474548e-1
41,22,6.92307692307692291e-1,3.07692307692307709e-2,6.92307692307692346e-2,-5.47303318977355957e-1,-2.73651659488677979e-1,1.86833124607801437e-2,9.34165623039007187e-3,-5.46794116497039795e-1,-2.73397058248519897e-1
41,23,7.23076923076923173e-1,3.07692307692307709e-2,6.92307692307692346e-2,-6.21274769306182861e-1,-3.10637384653091431e-1,2.12088972330093106e-2,1.06044486165046553e-2,-6.20696723461151123e-1,-3.10348361730575562e-1
41,24,7.53846153846153832e-1,3.07692307692307709e-2,6.92307692307692346e-2,-6.89445495605468750e-1,-3.44722747802734375e-1,2.35366020351648331e-2,1.17683010175824165e-2,-6.88804030418395996e-1,-3.44402015209197998e-1
41,25,7.84615384615384714e-1,3.07692307692307709e-2,6.92307692307692346e-2,-7.51178860664367676e-1,-3.75589430332183838e-1,2.56446339190006256e-2,1.28223169595003128e-2,-7.50479936599731445e-1,-3.75239968299865723e-1
41,26,8.15384615384615374e-1,3.07692307692307709e-2,6.92307692307692346e-2,-8.05898308753967285e-1,-4.02949154376983643e-1,2.75140330195426941e-2,1.37570165097713470e-2,-8.05148422718048096e-1,-4.02574211359024048e-1
41,27,8.46153846153846256e-1,3.07692307692307709e-2,6.92307692307692346e-2,-8.53092551231384277e-1,-4.26546275615692139e-1,2.91275829076766968e-2,1.45637914538383484e-2,-8.52298736572265625e-1,-4.26149368286132812e-1
41,28,8.76923076923076916e-1,3.07692307692307709e-2,6.92307692307692346e-2,-8.92320275306701660e-1,-4.46160137653350830e-1,3.04706823080777983e-2,1.52353411540388992e-2,-8.91489863395690918e-1,-4.45744931697845459e-1
41,29,9.07692307692307798e-1,3.07692307692307709e-2,6.92307692307692346e-2,-9.23214137554168701e-1,-4.61607068777084351e-1,3.15287299454212189e-2,1.57643649727106094e-2,-9.22354876995086670e-1,-4.61177438497543335e-1
41,30,9.38461538461538458e-1,3.07692307692307709e-2,6.92307692307692346e-2,-9.45484757423400879e-1,-4.72742378711700439e-1,3.22932265698909690e-2,1.61466132849454845e-2,-9.44604635238647461e-1,-4.72302317619323730e-1
41,31,9.69230769230769340e-1,4.61538461538461009e-2,1.03846153846153727e-1,-9.58923041820526123e-1,-4.79461520910263062e-1,4.91337273269891670e-2,2.45668636634945835e-2,-9.58030343055725098e-1,-4.79015171527862549e-1
42,0,1.53846153846153855e-2,3.07692307692307709e-2,6.92307692307692346e-2,9.61432158946990967e-1,4.80716079473495483e-1,-3.28208338469266822e-2,-1.64104169234633411e-2,9.60537672042846680e-1,4.80268836021423340e-1
42,1,4.61538461538461564e-2,3.07692307692307709e-2,6.92307692307692346e-2,9.52455520629882812e-1,4.76227760314941406e-1,-3.25144249945878913e-2,-1.62572124972939457e-2,9.51569378376007080e-1,4.75784689188003540e-1
42,2,7.69230769230769273e-2,3.07692307692307709e-2,6.92307692307692346e-2,9.34586048126220703e-1,4.67293024063110352e-1,-3.19042224436998367e-2,-1.59521112218499184e-2,9.33716535568237305e-1,4.66858267784118652e-1
42,3,1.07692307692307698e-1,3.07692307692307709e-2,6.92307692307692346e-2,9.07990634441375732e-1,4.53995317220687866e-1,-3.09965461492538313e-2,-1.54982730746269157e-2,9.07145857810974121e-1,4.53572928905487061e-1
42,4,1.38461538461538469e-1,3.07692307692307709e-2,6.92307692307692346e-2,8.72917532920837402e-1,4.36458766460418701e-1,-2.97992415726184845e-2,-1.48996207863092422e-2,8.72105419635772705e-1,4.36052709817886353e-1
42,5,1.69230769230769240e-1,3.07692307692307709e-2,6.92307692307692346e-2,8.29694211483001709e-1,4.14847105741500854e-1,-2.83234231173992157e-2,-1.41617115586996078e-2,8.28922271728515625e-1,4.14461135864257812e-1
42,6,2.00000000000000011e-1,3.07692307692307709e-2,6.92307692307692346e-2,7.78724312782287598e-1,3.89362156391143799e-1,-2.65839099884033203e-2,-1.32919549942016602e-2,7.77999818325042725e-1,3.88999909162521362e-1
42,7,2.30769230769230782e-1,3.07692307692307709e-2,6.92307692307692346e-2,7.20483601093292236e-1,3.60241800546646118e-1,-2.45950855314731598e-2,-1.22975427657365799e-2,7.19813287258148193e-1,3.59906643629074097e-1
42,8,2.61538461538461553e-1,3.07692307692307709e-2,6.92307692307692346e-2,6.55516028404235840e-1,3.27758014202117920e-1,-2.23778709769248685e-2,-1.11889354884624342e-2,6.54906153678894043e-1,3.27453076839447021e-1
42,9,2.92307692307692324e-1,3.07692307692307709e-2,6.92307692307692346e-2,5.84428012371063232e-1,2.92214006185531616e-1,-1.99510082602500916e-2,-9.97550413012504578e-3,5.83884298801422119e-1,2.91942149400711060e-1
42,10,3.23076923076923095e-1,3.07692307692307709e-2,6.92307692307692346e-2,5.07883310317993164e-1,2.53941655158996582e-1,-1.73374889418482780e-2,-8.66874447092413902e-3,5.07410824298858643e-1,2.53705412149429321e-1
42,11,3.53846153846153866e-1,3.07692307692307709e-2,6.92307692307692346e-2,4.26596730947494507e-1,2.13298365473747253e-1,-1.45630287006497383e-2,-7.28151435032486916e-3,4.26199823617935181e-1,2.13099911808967590e-1
42,12,3.84615384615384637e-1,3.07692307692307709e-2,6.92307692307692346e-2,3.41327100992202759e-1,1.70663550496101379e-1,-1.16520356386899948e-2,-5.82601781934499741e-3,3.41009527444839478e-1,1.70504763722419739e-1
42,13,4.15384615384615408e-1,3.07692307692307709e-2,6.92307692307692346e-2,2.52870589494705200e-1,1.26435294747352600e-1,-8.63235024735331535e-3,-4.31617512367665768e-3,2.52635329961776733e-1,1.26317664980888367e-1
42,14,4.46153846153846179e-1,3.07692307692307709e-2,6.92307692307692346e-2,1.62053093314170837e-1,8.10265466570854187e-2,-5.53205818869173527e-3,-2.76602909434586763e-3,1.61902323365211487e-1,8.09511616826057434e-2
42,15,4.76923076923076950e-1,3.07692307692307709e-2,6.92307692307692346e-2,6.97225555777549744e-2,3.48612777888774872e-2,-2.38010322209447622e-3,-1.19005161104723811e-3,6.96576908230781555e-2,3.48288454115390778e-2
42,16,5.07692307692307665e-1,3.07692307692307709e-2,6.92307692307692346e-2,-2.32589505612850189e-2,-1.16294752806425095e-2,7.93971586972475052e-4,3.96985793486237526e-4,-2.32373122125864029e-2,-1.16186561062932014e-2
42,17,5.38461538461538547e-1,3.07692307692307709e-2,6.92307692307692346e-2,-1.16023302078247070e-1,-5.80116510391235352e-2,3.96066403482109308e-3,1.98033201741054654e-3,-1.15915358066558838e-1,-5.79576790332794189e-2
42,18,5.69230769230769207e-1,3.07692307692307709e-2,6.92307692307692346e-2,-2.07704395055770874e-1,-1.03852197527885437e-1,7.09055364131927490e-3,3.54527682065963745e-3,-2.07511156797409058e-1,-1.03755578398704529e-1
42,19,6.00000000000000089e-1,3.07692307692307709e-2,6.92307692307692346e-2,-2.97446191310882568e-1,-1.48723095655441284e-1,1.01539883762598038e-2,5.07699418812990189e-3,-2.97169446945190430e-1,-1.48584723472595215e-1
42,20,6.30769230769230749e-1,3.07692307692307709e-2,6.92307692307692346e-2,-3.84410828351974487e-1,-1.92205414175987244e-1,1.31229506805539131e-2,6.56147534027695656e-3,-3.84053170680999756e-1,-1.92026585340499878e-1
42,21,6.61538461538461631e-1,3.07692307692307709e-2,6.92307692307692346e-2,-4.67786282300949097e-1,-2.33893141150474548e-1,1.59691097214818001e-2,7.98455486074090004e-3,-4.67351078987121582e-1,-2.33675539493560791e-1
42,22,6.92307692307692291e-1,3.07692307692307709e-2,6.92307692307692346e-2,-5.46794116497039795e-1,-2.73397058248519897e-1,1.86659870669245720e-2,9.33299353346228600e-3,-5.46285390853881836e-1,-2.73142695426940918e-1
42,23,7.23076923076923173e-1,3.07692307692307709e-2,6.92307692307692346e-2,-6.20696723461151123e-1,-3.10348361730575562e-1,2.11890656501054486e-2,1.05945328250527243e-2,-6.20119214057922363e-1,-3.10059607028961182e-1
42,24,7.53846153846153832e-1,3.07692307692307709e-2,6.92307692307692346e-2,-6.88804030418395996e-1,-3.44402015209197998e-1,2.35148090869188309e-2,1.17574045434594154e-2,-6.88163161277770996e-1,-3.44081580638885498e-1
42,25,7.84615384615384714e-1,3.07692307692307709e-2,6.92307692307692346e-2,-7.50479936599731445e-1,-3.75239968299865723e-1,2.56208796054124832e-2,1.28104398027062416e-2,-7.49781668186187744e-1,-3.74890834093093872e-1
42,26,8.15384615384615374e-1,3.07692307692307709e-2,6.92307692307692346e-2,-8.05148422718048096e-1,-4.02574211359024048e-1,2.74883173406124115e-2,1.37441586703062057e-2,-8.04399251937866211e-1,-4.02199625968933105e-1
42,27,8.46153846153846256e-1,3.07692307692307709e-2,6.92307692307692346e-2,-8.52298736572265625e-1,-4.26149368286132812e-1,2.91007775813341141e-2,1.45503887906670570e-2,-8.51505637168884277e-1,-4.25752818584442139e-1
42,28,8.76923076923076916e-1,3.07692307692307709e-2,6.92307692307692346e-2,-8.91489863395690918e-1,-4.45744931697845459e-1,3.04423514753579955e-2,1.52211757376789977e-2,-8.90660226345062256e-1,-4.45330113172531128e-1
42,29,9.07692307692307798e-1,3.07692307692307709e-2,6.92307692307692346e-2,-9.22354876995086670e-1,-4.61177438497543335e-1,3.14995273947715759e-2,1.57497636973857880e-2,-9.21496391296386719e-1,-4.60748195648193359e-1
42,30,9.38461538461538458e-1,3.07692307692307709e-2,6.92307692307692346e-2,-9.44604635238647461e-1,-4.72302317619323730e-1,3.22629343718290260e-2,1.61314671859145130e-2,-9.43725347518920898e-1,-4.71862673759460449e-1
42,31,9.69230769230769340e-1,4.61538461538461009e-2,1.03846153846153727e-1,-9.58030343055725098e-1,-4.79015171527862549e-1,4.90877442061901023e-2,2.45438721030950512e-2,-9.57138478755950928e-1,-4.78569239377975464e-1
43,0,1.53846153846153855e-2,3.07692307692307709e-2,6.92307692307692346e-2,9.60537672042846680e-1,4.80268836021423340e-1,-3.27903237193822791e-2,-1.63951618596911396e-2,9.59644019603729248e-1,4.79822009801864624e-1
43,1,4.61538461538461564e-2,3.07692307692307709e-2,6.92307692307692346e-2,9.51569378376007080e-1,4.75784689188003540e-1,-3.24841327965259483e-2,-1.62420663982629741e-2,9.50684070587158203e-1,4.75342035293579102e-1
43,2,7.69230769230769273e-2,3.07692307692307709e-2,6.92307692307692346e-2,9.33716535568237305e-1,4.66858267784118652e-1,-3.18745840340852737e-2,-1.59372920170426369e-2,9.32847857475280762e-1,4.66423928737640381e-1
43,3,1.07692307692307698e-1,3.07692307692307709e-2,6.92307692307692346e-2,9.07145857810974121e-1,4.53572928905487061e-1,-3.09675615280866484e-2,-1.54837807640433242e-2,9.06301856040954590e-1,4.53150928020477295e-1
43,4,1.38461538461538469e-1,3.07692307692307709e-2,6.92307692307692346e-2,8.72105419635772705e-1,4.36052709817886353e-1,-2.97717824578285217e-2,-1.48858912289142609e-2,8.71294021606445312e-1,4.35647010803222656e-1
43,5,1.69230769230769240e-1,3.07692307692307709e-2,6.92307692307692346e-2,8.28922271728515625e-1,4.14461135864257812e-1,-2.82968357205390930e-2,-1.41484178602695465e-2,8.28151106834411621e-1,4.14075553417205811e-1
43,6,2.00000000000000011e-1,3.07692307692307709e-2,6.92307692307692346e-2,7.77999818325042725e-1,3.88999909162521362e-1,-2.65592839568853378e-2,-1.32796419784426689e-2,7.77275979518890381e-1,3.88637989759445190e-1
43,7,2.30769230769230782e-1,3.07692307692307709e-2,6.92307692307692346e-2,7.19813287258148193e-1,3.59906643629074097e-1,-2.45722029358148575e-2,-1.22861014679074287e-2,7.19143629074096680e-1,3.59571814537048340e-1
43,8,2.61538461538461553e-1,3.07692307692307709e-2,6.92307692307692346e-2,6.54906153678894043e-1,3.27453076839447021e-1,-2.23569497466087064e-2,-1.11784748733043532e-2,6.54296815395355225e-1,3.27148407697677612e-1
43,9,2.92307692307692324e-1,3.07692307692307709e-2,6.92307692307692346e-2,5.83884298801422119e-1,2.91942149400711060e-1,-1.99324842542409897e-2,-9.96624212712049484e-3,5.83341062068939209e-1,2.91670531034469604e-1
43,10,3.23076923076923095e-1,3.07692307692307709e-2,6.92307692307692346e-2,5.07410824298858643e-1,2.53705412149429321e-1,-1.73215800896286964e-2,-8.66079004481434822e-3,5.06938755512237549e-1,2.53469377756118774e-1
43,11,3.53846153846153866e-1,3.07692307692307709e-2,6.92307692307692346e-2,4.26199823617935181e-1,2.13099911808967590e-1,-1.45492991432547569e-2,-7.27464957162737846e-3,4.25803303718566895e-1,2.12901651859283447e-1
43,12,3.84615384615384637e-1,3.07692307692307709e-2,6.92307692307692346e-2,3.41009527444839478e-1,1.70504763722419739e-1,-1.16411391645669937e-2,-5.82056958228349686e-3,3.40692251920700073e-1,1.70346125960350037e-1
43,13,4.15384615384615408e-1,3.07692307692307709e-2,6.92307692307692346e-2,2.52635329961776733e-1,1.26317664980888367e-1,-8.62439582124352455e-3,-4.31219791062176228e-3,2.52400279045104980e-1,1.26200139522552490e-1
43,14,4.46153846153846179e-1,3.07692307692307709e-2,6.92307692307692346e-2,1.61902323365211487e-1,8.09511616826057434e-2,-5.52688236348330975e-3,-2.76344118174165487e-3,1.61751702427864075e-1,8.08758512139320374e-2
43,15,4.76923076923076950e-1,3.07692307692307709e-2,6.92307692307692346e-2,6.96576908230781555e-2,3.48288454115390778e-2,-2.37791711697354913e-3,-1.18895855848677456e-3,6.95928856730461121e-2,3.47964428365230560e-2
43,16,5.07692307692307665e-1,3.07692307692307709e-2,6.92307692307692346e-2,-2.32373122125864029e-2,-1.16186561062932014e-2,7.93249695561826229e-4,3.96624847780913115e-4,-2.32156924903392792e-2,-1.16078462451696396e-2
43,17,5.38461538461538547e-1,3.07692307692307709e-2,6.92307692307692346e-2,-1.15915358066558838e-1,-5.79576790332794189e-2,3.95696604391559958e-3,1.97848302195779979e-3,-1.15807518362998962e-1,-5.79037591814994812e-2
43,18,5.69230769230769207e-1,3.07692307692307709e-2,6.92307692307692346e-2,-2.07511156797409058e-1,-1.03755578398704529e-1,7.08401575684547424e-3,3.54200787842273712e-3,-2.07318097352981567e-1,-1.03659048676490784e-1
43,19,6.00000000000000089e-1,3.07692307692307709e-2,6.92307692307692346e-2,-2.97169446945190430e-1,-1.48584723472595215e-1,1.01445084437727928e-2,5.07225422188639641e-3,-2.96892970800399780e-1,-1.48446485400199890e-1
43,20,6.30769230769230749e-1,3.07692307692307709e-2,6.92307692307692346e-2,-3.84053170680999756e-1,-1.92026585340499878e-1,1.31106376647949219e-2,6.55531883239746094e-3,-3.83695870637893677e-1,-1.91847935318946838e-1
43,21,6.61538461538461631e-1,3.07692307692307709e-2,6.92307692307692346e-2,-4.67351078987121582e-1,-2.33675539493560791e-1,1.59543994814157486e-2,7.97719974070787430e-3,-4.66916263103485107e-1,-2.33458131551742554e-1
43,22,6.92307692307692291e-1,3.07692307692307709e-2,6.92307692307692346e-2,-5.46285390853881836e-1,-2.73142695426940918e-1,1.86486616730690002e-2,9.32433083653450012e-3,-5.45777142047882080e-1,-2.72888571023941040e-1
43,23,7.23076923076923173e-1,3.07692307692307709e-2,6.92307692307692346e-2,-6.20119214057922363e-1,-3.10059607028961182e-1,2.11692340672015866e-2,1.05846170336007933e-2,-6.19542300701141357e-1,-3.09771150350570679e-1
43,24,7.53846153846153832e-1,3.07692307692307709e-2,6.92307692307692346e-2,-6.88163161277770996e-1,-3.44081580638885498e-1,2.34930161386728287e-2,1.17465080693364143e-2,-6.87522888183593750e-1,-3.43761444091796875e-1
43,25,7.84615384615384714e-1,3.07692307692307709e-2,6.92307692307692346e-2,-7.49781668186187744e-1,-3.74890834093093872e-1,2.55971252918243408e-2,1.27985626459121704e-2,-7.49084055423736572e-1,-3.74542027711868286e-1
43,26,8.15384615384615374e-1,3.07692307692307709e-2,6.92307692307692346e-2,-8.04399251937866211e-1,-4.02199625968933105e-1,2.74628195911645889e-2,1.37314097955822945e-2,-8.03650796413421631e-1,-4.01825398206710815e-1
43,27,8.46153846153846256e-1,3.07692307692307709e-2,6.92307692307692346e-2,-8.51505637168884277e-1,-4.25752818584442139e-1,2.90737543255090714e-2,1.45368771627545357e-2,-8.50713253021240234e-1,-4.25356626510620117e-1
43,28,8.76923076923076916e-1,3.07692307692307709e-2,6.92307692307692346e-2,-8.90660226345062256e-1,-4.45330113172531128e-1,3.04142385721206526e-2,1.52071192860603263e-2,-8.89831304550170898e-1,-4.44915652275085449e-1
43,29,9.07692307692307798e-1,3.07692307692307709e-2,6.92307692307692346e-2,-9.21496391296386719e-1,-4.60748195648193359e-1,3.14701069146394730e-2,1.57350534573197365e-2,-9.20638740062713623e-1,-4.60319370031356812e-1
43,30,9.38461538461538458e-1,3.07692307692307709e-2,6.92307692307692346e-2,-9.43725347518920898e-1,-4.71862673759460449e-1,3.22328601032495429e-2,1.61164300516247715e-2,-9.42846894264221191e-1,-4.71423447132110596e-1
43,31,9.69230769230769340e-1,4.61538461538461009e-2,1.03846153846153727e-1,-9.57138478755950928e-1,-4.78569239377975464e-1,4.90417610853910377e-2,2.45208805426955188e-2,-9.56247448921203613e-1,-4.78123724460601807e-1
44,0,1.53846153846153855e-2,3.07692307692307709e-2,6.92307692307692346e-2,9.59644019603729248e-1,4.79822009801864624e-1,-3.27598135918378761e-2,-1.63799067959189380e-2,9.58751201629638672e-1,4.79375600814819336e-1
44,1,4.61538461538461564e-2,3.07692307692307709e-2,6.92307692307692346e-2,9.50684070587158203e-1,4.75342035293579102e-1,-3.24538405984640052e-2,-1.62269202992320026e-2,9.49799597263336182e-1,4.74899798631668091e-1
44,2,7.69230769230769273e-2,3.07692307692307709e-2,6.92307692307692346e-2,9.32847857475280762e-1,4.66423928737640381e-1,-3.18451635539531708e-2,-1.59225817769765854e-2,9.31979954242706299e-1,4.65989977121353149e-1
44,3,1.07692307692307698e-1,3.07692307692307709e-2,6.92307692307692346e-2,9.06301856040954590e-1,4.53150928020477295e-1,-3.09385769069194655e-2,-1.54692884534597327e-2,9.05458688735961914e-1,4.52729344367980957e-1
44,4,1.38461538461538469e-1,3.07692307692307709e-2,6.92307692307692346e-2,8.71294021606445312e-1,4.35647010803222656e-1,-2.97438874840736389e-2,-1.48719437420368195e-2,8.70483398437500000e-1,4.35241699218750000e-1
44,5,1.69230769230769240e-1,3.07692307692307709e-2,6.92307692307692346e-2,8.28151106834411621e-1,4.14075553417205811e-1,-2.82709021121263504e-2,-1.41354510560631752e-2,8.27380597591400146e-1,4.13690298795700073e-1
44,6,2.00000000000000011e-1,3.07692307692307709e-2,6.92307692307692346e-2,7.77275979518890381e-1,3.88637989759445190e-1,-2.65342220664024353e-2,-1.32671110332012177e-2,7.76552796363830566e-1,3.88276398181915283e-1
44,7,2.30769230769230782e-1,3.07692307692307709e-2,6.92307692307692346e-2,7.19143629074096680e-1,3.59571814537048340e-1,-2.45497561991214752e-2,-1.22748780995607376e-2,7.18474566936492920e-1,3.59237283468246460e-1
44,8,2.61538461538461553e-1,3.07692307692307709e-2,6.92307692307692346e-2,6.54296815395355225e-1,3.27148407697677612e-1,-2.23358105868100842e-2,-1.11679052934050421e-2,6.53688073158264160e-1,3.26844036579132080e-1
44,9,2.92307692307692324e-1,3.07692307692307709e-2,6.92307692307692346e-2,5.83341062068939209e-1,2.91670531034469604e-1,-1.99139602482318878e-2,-9.95698012411594391e-3,5.82798361778259277e-1,2.91399180889129639e-1
44,10,3.23076923076923095e-1,3.07692307692307709e-2,6.92307692307692346e-2,5.06938755512237549e-1,2.53469377756118774e-1,-1.73055622726678848e-2,-8.65278113633394241e-3,5.06467103958129883e-1,2.53233551979064941e-1
44,11,3.53846153846153866e-1,3.07692307692307709e-2,6.92307692307692346e-2,4.25803303718566895e-1,2.12901651859283447e-1,-1.45357875153422356e-2,-7.26789375767111778e-3,4.25407141447067261e-1,2.12703570723533630e-1
44,12,3.84615384615384637e-1,3.07692307692307709e-2,6.92307692307692346e-2,3.40692251920700073e-1,1.70346125960350037e-1,-1.16302426904439926e-2,-5.81512134522199631e-3,3.40375274419784546e-1,1.70187637209892273e-1
44,13,4.15384615384615408e-1,3.07692307692307709e-2,6.92307692307692346e-2,2.52400279045104980e-1,1.26200139522552490e-1,-8.61633243039250374e-3,-4.30816621519625187e-3,2.52165466547012329e-1,1.26082733273506165e-1
44,14,4.46153846153846179e-1,3.07692307692307709e-2,6.92307692307692346e-2,1.61751702427864075e-1,8.08758512139320374e-2,-5.52181550301611423e-3,-2.76090775150805712e-3,1.61601215600967407e-1,8.08006078004837036e-2
44,15,4.76923076923076950e-1,3.07692307692307709e-2,6.92307692307692346e-2,6.95928856730461121e-2,3.47964428365230560e-2,-2.37569015007466078e-3,-1.18784507503733039e-3,6.95281401276588440e-2,3.47640700638294220e-2
44,16,5.07692307692307665e-1,3.07692307692307709e-2,6.92307692307692346e-2,-2.32156924903392792e-2,-1.16078462451696396e-2,7.92500562965869904e-4,3.96250281482934952e-4,-2.31940932571887970e-2,-1.15970466285943985e-2
44,17,5.38461538461538547e-1,3.07692307692307709e-2,6.92307692307692346e-2,-1.15807518362998962e-1,-5.79037591814994812e-2,3.95330891478806734e-3,1.97665445739403367e-3,-1.15699775516986847e-1,-5.78498877584934235e-2
44,18,5.69230769230769207e-1,3.07692307692307709e-2,6.92307692307692346e-2,-2.07318097352981567e-1,-1.03659048676490784e-1,7.07742339000105858e-3,3.53871169500052929e-3,-2.07125216722488403e-1,-1.03562608361244202e-1
44,19,6.00000000000000089e-1,3.07692307692307709e-2,6.92307692307692346e-2,-2.96892970800399780e-1,-1.48446485400199890e-1,1.01350285112857819e-2,5.06751425564289093e-3,-2.96616762876510620e-1,-1.48308381438255310e-1
44,20,6.30769230769230749e-1,3.07692307692307709e-2,6.92307692307692346e-2,-3.83695870637893677e-1,-1.91847935318946838e-1,1.30985425785183907e-2,6.54927128925919533e-3,-3.83338898420333862e-1,-1.91669449210166931e-1
44,21,6.61538461538461631e-1,3.07692307692307709e-2,6.92307692307692346e-2,-4.66916263103485107e-1,-2.33458131551742554e-1,1.59394713118672371e-2,7.96973565593361855e-3,-4.66481864452362061e-1,-2.33240932226181030e-1
44,22,6.92307692307692291e-1,3.07692307692307709e-2,6.92307692307692346e-2,-5.45777142047882080e-1,-2.72888571023941040e-1,1.86312273144721985e-2,9.31561365723609924e-3,-5.45269370079040527e-1,-2.72634685039520264e-1
44,23,7.23076923076923173e-1,3.07692307692307709e-2,6.92307692307692346e-2,-6.19542300701141357e-1,-3.09771150350570679e-1,2.11498383432626447e-2,1.05749191716313223e-2,-6.18965864181518555e-1,-3.09482932090759277e-1
44,24,7.53846153846153832e-1,3.07692307692307709e-2,6.92307692307692346e-2,-6.87522888183593750e-1,-3.43761444091796875e-1,2.34710052609443665e-2,1.17355026304721832e-2,-6.86883211135864258e-1,-3.43441605567932129e-1
44,25,7.84615384615384714e-1,3.07692307692307709e-2,6.92307692307692346e-2,-7.49084055423736572e-1,-3.74542027711868286e-1,2.55733709782361984e-2,1.27866854891180992e-2,-7.48387098312377930e-1,-3.74193549156188965e-1
44,26,8.15384615384615374e-1,3.07692307692307709e-2,6.92307692307692346e-2,-8.03650796413421631e-1,-4.01825398206710815e-1,2.74375397711992264e-2,1.37187698855996132e-2,-8.02902996540069580e-1,-4.01451498270034790e-1
44,27,8.46153846153846256e-1,3.07692307692307709e-2,6.92307692307692346e-2,-8.50713253021240234e-1,-4.25356626510620117e-1,2.90467310696840286e-2,1.45233655348420143e-2,-8.49921643733978271e-1,-4.24960821866989136e-1
44,28,8.76923076923076916e-1,3.07692307692307709e-2,6.92307692307692346e-2,-8.89831304550170898e-1,-4.44915652275085449e-1,3.03856898099183897e-2,1.51928449049591949e-2,-8.89003157615661621e-1,-4.44501578807830811e-1
44,29,9.07692307692307798e-1,3.07692307692307709e-2,6.92307692307692346e-2,-9.20638740062713623e-1,-4.60319370031356812e-1,3.14411222934722900e-2,1.57205611467361450e-2,-9.19781863689422607e-1,-4.59890931844711304e-1
44,30,9.38461538461538458e-1,3.07692307692307709e-2,6.92307692307692346e-2,-9.42846894264221191e-1,-4.71423447132110596e-1,3.22027858346700599e-2,1.61013929173350299e-2,-9.41969275474548340e-1,-4.70984637737274170e-1
44,31,9.69230769230769340e-1,4.61538461538461009e-2,1.03846153846153727e-1,-9.56247448921203613e-1,-4.78123724460601807e-1,4.89957779645919730e-2,2.44978889822959865e-2,-9.55357253551483154e-1,-4.77678626775741577e-1
45,0,1.53846153846153855e-2,3.07692307692307709e-2,6.92307692307692346e-2,9.58751201629638672e-1,4.79375600814819336e-1,-3.27293034642934730e-2,-1.63646517321467365e-2,9.57859218120574951e-1,4.78929609060287476e-1
45,1,4.61538461538461564e-2,3.07692307692307709e-2,6.92307692307692346e-2,9.49799597263336182e-1,4.74899798631668091e-1,-3.24237663298845222e-2,-1.62118831649422611e-2,9.48915958404541016e-1,4.74457979202270508e-1
45,2,7.69230769230769273e-2,3.07692307692307709e-2,6.92307692307692346e-2,9.31979954242706299e-1,4.65989977121353149e-1,-3.18153072148561478e-2,-1.59076536074280739e-2,9.31112885475158691e-1,4.65556442737579346e-1
45,3,1.07692307692307698e-1,3.07692307692307709e-2,6.92307692307692346e-2,9.05458688735961914e-1,4.52729344367980957e-1,-3.09100281447172026e-2,-1.54550140723586013e-2,9.04616296291351318e-1,4.52308148145675659e-1
45,4,1.38461538461538469e-1,3.07692307692307709e-2,6.92307692307692346e-2,8.70483398437500000e-1,4.35241699218750000e-1,-2.97162104398012161e-2,-1.48581052199006081e-2,8.69673550128936768e-1,4.34836775064468384e-1
45,5,1.69230769230769240e-1,3.07692307692307709e-2,6.92307692307692346e-2,8.27380597591400146e-1,4.13690298795700073e-1,-2.82445326447486877e-2,-1.41222663223743439e-2,8.26610803604125977e-1,4.13305401802062988e-1
45,6,2.00000000000000011e-1,3.07692307692307709e-2,6.92307692307692346e-2,7.76552796363830566e-1,3.88276398181915283e-1,-2.65093781054019928e-2,-1.32546890527009964e-2,7.75830328464508057e-1,3.87915164232254028e-1
45,7,2.30769230769230782e-1,3.07692307692307709e-2,6.92307692307692346e-2,7.18474566936492920e-1,3.59237283468246460e-1,-2.45270915329456329e-2,-1.22635457664728165e-2,7.17806100845336914e-1,3.58903050422668457e-1
45,8,2.61538461538461553e-1,3.07692307692307709e-2,6.92307692307692346e-2,6.53688073158264160e-1,3.26844036579132080e-1,-2.23148893564939221e-2,-1.11574446782469611e-2,6.53079926967620850e-1,3.26539963483810425e-1
45,9,2.92307692307692324e-1,3.07692307692307709e-2,6.92307692307692346e-2,5.82798361778259277e-1,2.91399180889129639e-1,-1.98956541717052460e-2,-9.94782708585262299e-3,5.82256138324737549e-1,2.91128069162368774e-1
45,10,3.23076923076923095e-1,3.07692307692307709e-2,6.92307692307692346e-2,5.06467103958129883e-1,2.53233551979064941e-1,-1.72893265262246132e-2,-8.64466326311230659e-3,5.05995929241180420e-1,2.52997964620590210e-1
45,11,3.53846153846153866e-1,3.07692307692307709e-2,6.92307692307692346e-2,4.25407141447067261e-1,2.12703570723533630e-1,-1.45222758874297142e-2,-7.26113794371485710e-3,4.25011366605758667e-1,2.12505683302879333e-1
45,12,3.84615384615384637e-1,3.07692307692307709e-2,6.92307692307692346e-2,3.40375274419784546e-1,1.70187637209892273e-1,-1.16193462163209915e-2,-5.80967310816049576e-3,3.40058594942092896e-1,1.70029297471046448e-1
45,13,4.15384615384615408e-1,3.07692307692307709e-2,6.92307692307692346e-2,2.52165466547012329e-1,1.26082733273506165e-1,-8.60843248665332794e-3,-4.30421624332666397e-3,2.51930862665176392e-1,1.25965431332588196e-1
45,14,4.46153846153846179e-1,3.07692307692307709e-2,6.92307692307692346e-2,1.61601215600967407e-1,8.08006078004837036e-2,-5.51663967780768871e-3,-2.75831983890384436e-3,1.61450862884521484e-1,8.07254314422607422e-2
45,15,4.76923076923076950e-1,3.07692307692307709e-2,6.92307692307692346e-2,6.95281401276588440e-2,3.47640700638294220e-2,-2.37348361406475306e-3,-1.18674180703237653e-3,6.94634541869163513e-2,3.47317270934581757e-2
45,16,5.07692307692307665e-1,3.07692307692307709e-2,6.92307692307692346e-2,-2.31940932571887970e-2,-1.15970466285943985e-2,7.91765050962567329e-4,3.95882525481283665e-4,-2.31725145131349564e-2,-1.15862572565674782e-2
45,17,5.38461538461538547e-1,3.07692307692307709e-2,6.92307692307692346e-2,-1.15699775516986847e-1,-5.78498877584934235e-2,3.94963135477155447e-3,1.97481567738577724e-3,-1.15592136979103088e-1,-5.77960684895515442e-2
45,18,5.69230769230769207e-1,3.07692307692307709e-2,6.92307692307692346e-2,-2.07125216722488403e-1,-1.03562608361244202e-1,7.07080378197133541e-3,3.53540189098566771e-3,-2.06932514905929565e-1,-1.03466257452964783e-1
45,19,6.00000000000000089e-1,3.07692307692307709e-2,6.92307692307692346e-2,-2.96616762876510620e-1,-1.48308381438255310e-1,1.01256575435400009e-2,5.06282877177000046e-3,-2.96340793371200562e-1,-1.48170396685600281e-1
45,20,6.30769230769230749e-1,3.07692307692307709e-2,6.92307692307692346e-2,-3.83338898420333862e-1,-1.91669449210166931e-1,1.30863385275006294e-2,6.54316926375031471e-3,-3.82982254028320312e-1,-1.91491127014160156e-1
45,21,6.61538461538461631e-1,3.07692307692307709e-2,6.92307692307692346e-2,-4.66481864452362061e-1,-2.33240932226181030e-1,1.59246521070599556e-2,7.96232605352997780e-3,-4.66047853231430054e-1,-2.33023926615715027e-1
45,22,6.92307692307692291e-1,3.07692307692307709e-2,6.92307692307692346e-2,-5.45269370079040527e-1,-2.72634685039520264e-1,1.86140108853578568e-2,9.30700544267892838e-3,-5.44762074947357178e-1,-2.72381037473678589e-1
45,23,7.23076923076923173e-1,3.07692307692307709e-2,6.92307692307692346e-2,-6.18965864181518555e-1,-3.09482932090759277e-1,2.11300067603587827e-2,1.05650033801793913e-2,-6.18390023708343506e-1,-3.09195011854171753e-1
45,24,7.53846153846153832e-1,3.07692307692307709e-2,6.92307692307692346e-2,-6.86883211135864258e-1,-3.43441605567932129e-1,2.34492123126983643e-2,1.17246061563491821e-2,-6.86244130134582520e-1,-3.43122065067291260e-1
45,25,7.84615384615384714e-1,3.07692307692307709e-2,6.92307692307692346e-2,-7.48387098312377930e-1,-3.74193549156188965e-1,2.55498345941305161e-2,1.27749172970652580e-2,-7.47690796852111816e-1,-3.73845398426055908e-1
45,26,8.15384615384615374e-1,3.07692307692307709e-2,6.92307692307692346e-2,-8.02902996540069580e-1,-4.01451498270034790e-1,2.74118240922689438e-2,1.37059120461344719e-2,-8.02155911922454834e-1,-4.01077955961227417e-1
45,27,8.46153846153846256e-1,3.07692307692307709e-2,6.92307692307692346e-2,-8.49921643733978271e-1,-4.24960821866989136e-1,2.90201436728239059e-2,1.45100718364119530e-2,-8.49130749702453613e-1,-4.24565374851226807e-1
45,28,8.76923076923076916e-1,3.07692307692307709e-2,6.92307692307692346e-2,-8.89003157615661621e-1,-4.44501578807830811e-1,3.03571410477161269e-2,1.51785705238580634e-2,-8.88175785541534424e-1,-4.44087892770767212e-1
45,29,9.07692307692307798e-1,3.07692307692307709e-2,6.92307692307692346e-2,-9.19781863689422607e-1,-4.59890931844711304e-1,3.14119197428226471e-2,1.57059598714113235e-2,-9.18925762176513672e-1,-4.59462881088256836e-1
45,30,9.38461538461538458e-1,3.07692307692307709e-2,6.92307692307692346e-2,-9.41969275474548340e-1,-4.70984637737274170e-1,3.21729294955730369e-2,1.60864647477865184e-2,-9.41092431545257568e-1,-4.70546215772628784e-1
45,31,9.69230769230769340e-1,4.61538461538461009e-2,1.03846153846153727e-1,-9.55357253551483154e-1,-4.77678626775741577e-1,4.89497948437929084e-2,2.44748974218964542e-2,-9.54467892646789551e-1,-4.77233946323394775e-1
46,0,1.53846153846153855e-2,3.07692307692307709e-2,6.92307692307692346e-2,9.57859218120574951e-1,4.78929609060287476e-1,-3.26987933367490699e-2,-1.63493966683745350e-2,9.56968069076538086e-1,4.78484034538269043e-1
46,1,4.61538461538461564e-2,3.07692307692307709e-2,6.92307692307692346e-2,9.48915958404541016e-1,4.74457979202270508e-1,-3.23936920613050391e-2,-1.61968460306525196e-2,9.48033094406127930e-1,4.74016547203063965e-1
46,2,7.69230769230769273e-2,3.07692307692307709e-2,6.92307692307692346e-2,9.31112885475158691e-1,4.65556442737579346e-1,-3.17856688052415848e-2,-1.58928344026207924e-2,9.30246591567993164e-1,4.65123295783996582e-1
46,3,1.07692307692307698e-1,3.07692307692307709e-2,6.92307692307692346e-2,9.04616296291351318e-1,4.52308148145675659e-1,-3.08812614530324797e-2,-1.54406307265162399e-2,9.03774678707122803e-1,4.51887339353561401e-1
46,4,1.38461538461538469e-1,3.07692307692307709e-2,6.92307692307692346e-2,8.69673550128936768e-1,4.34836775064468384e-1,-2.96887513250112534e-2,-1.48443756625056267e-2,8.68864417076110840e-1,4.34432208538055420e-1
46,5,1.69230769230769240e-1,3.07692307692307709e-2,6.92307692307692346e-2,8.26610803604125977e-1,4.13305401802062988e-1,-2.82179452478885651e-2,-1.41089726239442825e-2,8.25841784477233887e-1,4.12920892238616943e-1
46,6,2.00000000000000011e-1,3.07692307692307709e-2,6.92307692307692346e-2,7.75830328464508057e-1,3.87915164232254028e-1,-2.64849700033664703e-2,-1.32424850016832352e-2,7.75108516216278076e-1,3.87554258108139038e-1
46,7,2.30769230769230782e-1,3.07692307692307709e-2,6.92307692307692346e-2,7.17806100845336914e-1,3.58903050422668457e-1,-2.45039910078048706e-2,-1.22519955039024353e-2,7.17138290405273438e-1,3.58569145202636719e-1
46,8,2.61538461538461553e-1,3.07692307692307709e-2,6.92307692307692346e-2,6.53079926967620850e-1,3.26539963483810425e-1,-2.22944039851426801e-2,-1.11472019925713400e-2,6.52472317218780518e-1,3.26236158609390259e-1
46,9,2.92307692307692324e-1,3.07692307692307709e-2,6.92307692307692346e-2,5.82256138324737549e-1,2.91128069162368774e-1,-1.98769122362136841e-2,-9.93845611810684204e-3,5.81714391708374023e-1,2.90857195854187012e-1
46,10,3.23076923076923095e-1,3.07692307692307709e-2,6.92307692307692346e-2,5.05995929241180420e-1,2.52997964620590210e-1,-1.72734176740050316e-2,-8.63670883700251579e-3,5.05525171756744385e-1,2.52762585878372192e-1
46,11,3.53846153846153866e-1,3.07692307692307709e-2,6.92307692307692346e-2,4.25011366605758667e-1,2.12505683302879333e-1,-1.45087642595171928e-2,-7.25438212975859642e-3,4.24615949392318726e-1,2.12307974696159363e-1
46,12,3.84615384615384637e-1,3.07692307692307709e-2,6.92307692307692346e-2,3.40058594942092896e-1,1.70029297471046448e-1,-1.16084497421979904e-2,-5.80422487109899521e-3,3.39742213487625122e-1,1.69871106743812561e-1
46,13,4.15384615384615408e-1,3.07692307692307709e-2,6.92307692307692346e-2,2.51930862665176392e-1,1.25965431332588196e-1,-8.60047806054353714e-3,-4.30023903027176857e-3,2.51696467399597168e-1,1.25848233699798584e-1
46,14,4.46153846153846179e-1,3.07692307692307709e-2,6.92307692307692346e-2,1.61450862884521484e-1,8.07254314422607422e-2,-5.51146385259926319e-3,-2.75573192629963160e-3,1.61300659179687500e-1,8.06503295898437500e-2
46,15,4.76923076923076950e-1,3.07692307692307709e-2,6.92307692307692346e-2,6.94634541869163513e-2,3.47317270934581757e-2,-2.37129750894382596e-3,-1.18564875447191298e-3,6.93988278508186340e-2,3.46994139254093170e-2
46,16,5.07692307692307665e-1,3.07692307692307709e-2,6.92307692307692346e-2,-2.31725145131349564e-2,-1.15862572565674782e-2,7.91015918366611004e-4,3.95507959183305502e-4,-2.31509562581777573e-2,-1.15754781290888786e-2
46,17,5.38461538461538547e-1,3.07692307692307709e-2,6.92307692307692346e-2,-1.15592136979103088e-1,-5.77960684895515442e-2,3.94598784623667598e-3,1.97299392311833799e-3,-1.15484595298767090e-1,-5.77422976493835449e-2
46,18,5.69230769230769207e-1,3.07692307692307709e-2,6.92307692307692346e-2,-2.06932514905929565e-1,-1.03466257452964783e-1,7.06423865631222725e-3,3.53211932815611362e-3,-2.06739991903305054e-1,-1.03369995951652527e-1
46,19,6.00000000000000089e-1,3.07692307692307709e-2,6.92307692307692346e-2,-2.96340793371200562e-1,-1.48170396685600281e-1,1.01161776110529900e-2,5.05808880552649498e-3,-2.96065092086791992e-1,-1.48032546043395996e-1
46,20,6.30769230769230749e-1,3.07692307692307709e-2,6.92307692307692346e-2,-3.82982254028320312e-1,-1.91491127014160156e-1,1.30742434412240982e-2,6.53712172061204910e-3,-3.82625937461853027e-1,-1.91312968730926514e-1
46,21,6.61538461538461631e-1,3.07692307692307709e-2,6.92307692307692346e-2,-4.66047853231430054e-1,-2.33023926615715027e-1,1.59097239375114441e-2,7.95486196875572205e-3,-4.65614259243011475e-1,-2.32807129621505737e-1
46,22,6.92307692307692291e-1,3.07692307692307709e-2,6.92307692307692346e-2,-5.44762074947357178e-1,-2.72381037473678589e-1,1.85966854915022850e-2,9.29834274575114250e-3,-5.44255256652832031e-1,-2.72127628326416016e-1
46,23,7.23076923076923173e-1,3.07692307692307709e-2,6.92307692307692346e-2,-6.18390023708343506e-1,-3.09195011854171753e-1,2.11106110364198407e-2,1.05553055182099204e-2,-6.17814660072326660e-1,-3.08907330036163330e-1
46,24,7.53846153846153832e-1,3.07692307692307709e-2,6.92307692307692346e-2,-6.86244130134582520e-1,-3.43122065067291260e-1,2.34272014349699020e-2,1.17136007174849510e-2,-6.85605645179748535e-1,-3.42802822589874268e-1
46,25,7.84615384615384714e-1,3.07692307692307709e-2,6.92307692307692346e-2,-7.47690796852111816e-1,-3.73845398426055908e-1,2.55262982100248337e-2,1.27631491050124168e-2,-7.46995091438293457e-1,-3.73497545719146729e-1
46,26,8.15384615384615374e-1,3.07692307692307709e-2,6.92307692307692346e-2,-8.02155911922454834e-1,-4.01077955961227417e-1,2.73863263428211212e-2,1.36931631714105606e-2,-8.01409542560577393e-1,-4.00704771280288696e-1
46,27,8.46153846153846256e-1,3.07692307692307709e-2,6.92307692307692346e-2,-8.49130749702453613e-1,-4.24565374851226807e-1,2.89933383464813232e-2,1.44966691732406616e-2,-8.48340570926666260e-1,-4.24170285463333130e-1
46,28,8.76923076923076916e-1,3.07692307692307709e-2,6.92307692307692346e-2,-8.88175785541534424e-1,-4.44087892770767212e-1,3.03288102149963240e-2,1.51644051074981620e-2,-8.87349188327789307e-1,-4.43674594163894653e-1
46,29,9.07692307692307798e-1,3.07692307692307709e-2,6.92307692307692346e-2,-9.18925762176513672e-1,-4.59462881088256836e-1,3.13827171921730042e-2,1.56913585960865021e-2,-9.18070495128631592e-1,-4.59035247564315796e-1
46,30,9.38461538461538458e-1,3.07692307692307709e-2,6.92307692307692346e-2,-9.41092431545257568e-1,-4.70546215772628784e-1,3.21428552269935539e-2,1.60714276134967769e-2,-9.40216422080993652e-1,-4.70108211040496826e-1
46,31,9.69230769230769340e-1,4.61538461538461009e-2,1.03846153846153727e-1,-9.54467892646789551e-1,-4.77233946323394775e-1,4.89040296524763038e-2,2.44520148262381519e-2,-9.53579366207122803e-1,-4.76789683103561401e-1
47,0,1.53846153846153855e-2,3.07692307692307709e-2,6.92307692307692346e-2,9.56968069076538086e-1,4.78484034538269043e-1,-3.26685011386871269e-2,-1.63342505693435634e-2,9.56077754497528076e-1,4.78038877248764038e-1
47,1,4.61538461538461564e-2,3.07692307692307709e-2,6.92307692307692346e-2,9.48033094406127930e-1,4.74016547203063965e-1,-3.23633998632430961e-2,-1.61816999316215480e-2,9.47151064872741699e-1,4.73575532436370850e-1
47,2,7.69230769230769273e-2,3.07692307692307709e-2,6.92307692307692346e-2,9.30246591567993164e-1,4.65123295783996582e-1,-3.17560303956270218e-2,-1.58780151978135109e-2,9.29381132125854492e-1,4.64690566062927246e-1
47,3,1.07692307692307698e-1,3.07692307692307709e-2,6.92307692307692346e-2,9.03774678707122803e-1,4.51887339353561401e-1,-3.08527126908302168e-2,-1.54263563454151084e-2,9.02933835983276367e-1,4.51466917991638184e-1
47,4,1.38461538461538469e-1,3.07692307692307709e-2,6.92307692307692346e-2,8.68864417076110840e-1,4.34432208538055420e-1,-2.96608563512563705e-2,-1.48304281756281853e-2,8.68056058883666992e-1,4.34028029441833496e-1
47,5,1.69230769230769240e-1,3.07692307692307709e-2,6.92307692307692346e-2,8.25841784477233887e-1,4.12920892238616943e-1,-2.81920116394758224e-2,-1.40960058197379112e-2,8.25073421001434326e-1,4.12536710500717163e-1
47,6,2.00000000000000011e-1,3.07692307692307709e-2,6.92307692307692346e-2,7.75108516216278076e-1,3.87554258108139038e-1,-2.64601260423660278e-2,-1.32300630211830139e-2,7.74387359619140625e-1,3.87193679809570312e-1
47,7,2.30769230769230782e-1,3.07692307692307709e-2,6.92307692307692346e-2,7.17138290405273438e-1,3.58569145202636719e-1,-2.44813263416290283e-2,-1.22406631708145142e-2,7.16471076011657715e-1,3.58235538005828857e-1
47,8,2.61538461538461553e-1,3.07692307692307709e-2,6.92307692307692346e-2,6.52472317218780518e-1,3.26236158609390259e-1,-2.22737006843089780e-2,-1.11368503421544890e-2,6.51865303516387939e-1,3.25932651758193970e-1
47,9,2.92307692307692324e-1,3.07692307692307709e-2,6.92307692307692346e-2,5.81714391708374023e-1,2.90857195854187012e-1,-1.98581703007221222e-2,-9.92908515036106110e-3,5.81173181533813477e-1,2.90586590766906738e-1
47,10,3.23076923076923095e-1,3.07692307692307709e-2,6.92307692307692346e-2,5.05525171756744385e-1,2.52762585878372192e-1,-1.72575088217854500e-2,-8.62875441089272499e-3,5.05054831504821777e-1,2.52527415752410889e-1
47,11,3.53846153846153866e-1,3.07692307692307709e-2,6.92307692307692346e-2,4.24615949392318726e-1,2.12307974696159363e-1,-1.44952526316046715e-2,-7.24762631580233574e-3,4.24220889806747437e-1,2.12110444903373718e-1
47,12,3.84615384615384637e-1,3.07692307692307709e-2,6.92307692307692346e-2,3.39742213487625122e-1,1.69871106743812561e-1,-1.15976622328162193e-2,-5.79883111640810966e-3,3.39426130056381226e-1,1.69713065028190613e-1
47,13,4.15384615384615408e-1,3.07692307692307709e-2,6.92307692307692346e-2,2.51696467399597168e-1,1.25848233699798584e-1,-8.59241466969251633e-3,-4.29620733484625816e-3,2.51462280750274658e-1,1.25731140375137329e-1
47,14,4.46153846153846179e-1,3.07692307692307709e-2,6.92307692307692346e-2,1.61300659179687500e-1,8.06503295898437500e-2,-5.50639699213206768e-3,-2.75319849606603384e-3,1.61150589585304260e-1,8.05752947926521301e-2
47,15,4.76923076923076950e-1,3.07692307692307709e-2,6.92307692307692346e-2,6.93988278508186340e-2,3.46994139254093170e-2,-2.36907735234126449e-3,-1.18453867617063224e-3,6.93342611193656921e-2,3.46671305596828461e-2
47,16,5.07692307692307665e-1,3.07692307692307709e-2,6.92307692307692346e-2,-2.31509562581777573e-2,-1.15754781290888786e-2,7.90280406363308430e-4,3.95140203181654215e-4,-2.31294184923171997e-2,-1.15647092461585999e-2
47,17,5.38461538461538547e-1,3.07692307692307709e-2,6.92307692307692346e-2,-1.15484595298767090e-1,-5.77422976493835449e-2,3.94232390681281686e-3,1.97116195340640843e-3,-1.15377150475978851e-1,-5.76885752379894257e-2
47,18,5.69230769230769207e-1,3.07692307692307709e-2,6.92307692307692346e-2,-2.06739991903305054e-1,-1.03369995951652527e-1,7.05764628946781158e-3,3.52882314473390579e-3,-2.06547647714614868e-1,-1.03273823857307434e-1
47,19,6.00000000000000089e-1,3.07692307692307709e-2,6.92307692307692346e-2,-2.96065092086791992e-1,-1.48032546043395996e-1,1.01068066433072090e-2,5.05340332165360451e-3,-2.95789659023284912e-1,-1.47894829511642456e-1
47,20,6.30769230769230749e-1,3.07692307692307709e-2,6.92307692307692346e-2,-3.82625937461853027e-1,-1.91312968730926514e-1,1.30620393902063370e-2,6.53101969510316849e-3,-3.82269948720932007e-1,-1.91134974360466003e-1
47,21,6.61538461538461631e-1,3.07692307692307709e-2,6.92307692307692346e-2,-4.65614259243011475e-1,-2.32807129621505737e-1,1.58949047327041626e-2,7.94745236635208130e-3,-4.65181052684783936e-1,-2.32590526342391968e-1
47,22,6.92307692307692291e-1,3.07692307692307709e-2,6.92307692307692346e-2,-5.44255256652832031e-1,-2.72127628326416016e-1,1.85795780271291733e-2,9.28978901356458664e-3,-5.43748915195465088e-1,-2.71874457597732544e-1
47,23,7.23076923076923173e-1,3.07692307692307709e-2,6.92307692307692346e-2,-6.17814660072326660e-1,-3.08907330036163330e-1,2.10907794535159787e-2,1.05453897267579894e-2,-6.17239832878112793e-1,-3.08619916439056396e-1
47,24,7.53846153846153832e-1,3.07692307692307709e-2,6.92307692307692346e-2,-6.85605645179748535e-1,-3.42802822589874268e-1,2.34056264162063599e-2,1.17028132081031799e-2,-6.84967756271362305e-1,-3.42483878135681152e-1
47,25,7.84615384615384714e-1,3.07692307692307709e-2,6.92307692307692346e-2,-7.46995091438293457e-1,-3.73497545719146729e-1,2.55023259669542313e-2,1.27511629834771156e-2,-7.46300041675567627e-1,-3.73150020837783813e-1
47,26,8.15384615384615374e-1,3.07692307692307709e-2,6.92307692307692346e-2,-8.01409542560577393e-1,-4.00704771280288696e-1,2.73612644523382187e-2,1.36806322261691093e-2,-8.00663828849792480e-1,-4.00331914424896240e-1
47,27,8.46153846153846256e-1,3.07692307692307709e-2,6.92307692307692346e-2,-8.48340570926666260e-1,-4.24170285463333130e-1,2.89663150906562805e-2,1.44831575453281403e-2,-8.47551107406616211e-1,-4.23775553703308105e-1
47,28,8.76923076923076916e-1,3.07692307692307709e-2,6.92307692307692346e-2,-8.87349188327789307e-1,-4.43674594163894653e-1,3.03004793822765212e-2,1.51502396911382606e-2,-8.86523365974426270e-1,-4.43261682987213135e-1
47,29,9.07692307692307798e-1,3.07692307692307709e-2,6.92307692307692346e-2,-9.18070495128631592e-1,-4.59035247564315796e-1,3.13537325710058212e-2,1.56768662855029106e-2,-9.17216002941131592e-1,-4.58608001470565796e-1
47,30,9.38461538461538458e-1,3.07692307692307709e-2,6.92307692307692346e-2,-9.40216422080993652e-1,-4.70108211040496826e-1,3.21127809584140708e-2,1.60563904792070354e-2,-9.39341247081756592e-1,-4.69670623540878296e-1
47,31,9.69230769230769340e-1,4.61538461538461009e-2,1.03846153846153727e-1,-9.53579366207122803e-1,-4.76789683103561401e-1,4.88582644611596992e-2,2.44291322305798496e-2,-9.52691674232482910e-1,-4.76345837116241455e-1
48,0,1.53846153846153855e-2,3.07692307692307709e-2,6.92307692307692346e-2,9.56077754497528076e-1,4.78038877248764038e-1,-3.26382089406251838e-2,-1.63191044703125919e-2,9.55188214778900146e-1,4.77594107389450073e-1
48,1,4.61538461538461564e-2,3.07692307692307709e-2,6.92307692307692346e-2,9.47151064872741699e-1,4.73575532436370850e-1,-3.23331076651811530e-2,-1.61665538325905765e-2,9.46269869804382324e-1,4.73134934902191162e-1
48,2,7.69230769230769273e-2,3.07692307692307709e-2,6.92307692307692346e-2,9.29381132125854492e-1,4.64690566062927246e-1,-3.17266099154949188e-2,-1.58633049577474594e-2,9.28516447544097900e-1,4.64258223772048950e-1
48,3,1.07692307692307698e-1,3.07692307692307709e-2,6.92307692307692346e-2,9.02933835983276367e-1,4.51466917991638184e-1,-3.08239459991454939e-2,-1.54119729995727470e-2,9.02093768119812012e-1,4.51046884059906006e-1
48,4,1.38461538461538469e-1,3.07692307692307709e-2,6.92307692307692346e-2,8.68056058883666992e-1,4.34028029441833496e-1,-2.96333972364664078e-2,-1.48166986182332039e-2,8.67248415946960449e-1,4.33624207973480225e-1
48,5,1.69230769230769240e-1,3.07692307692307709e-2,6.92307692307692346e-2,8.25073421001434326e-1,4.12536710500717163e-1,-2.81656421720981598e-2,-1.40828210860490799e-2,8.24305832386016846e-1,4.12152916193008423e-1
48,6,2.00000000000000011e-1,3.07692307692307709e-2,6.92307692307692346e-2,7.74387359619140625e-1,3.87193679809570312e-1,-2.64355000108480453e-2,-1.32177500054240227e-2,7.73666918277740479e-1,3.86833459138870239e-1
48,7,2.30769230769230782e-1,3.07692307692307709e-2,6.92307692307692346e-2,7.16471076011657715e-1,3.58235538005828857e-1,-2.44584437459707260e-2,-1.22292218729853630e-2,7.15804517269134521e-1,3.57902258634567261e-1
48,8,2.61538461538461553e-1,3.07692307692307709e-2,6.92307692307692346e-2,6.51865303516387939e-1,3.25932651758193970e-1,-2.22532153129577359e-2,-1.11266076564788680e-2,6.51258826255798340e-1,3.25629413127899170e-1
48,9,2.92307692307692324e-1,3.07692307692307709e-2,6.92307692307692346e-2,5.81173181533813477e-1,2.90586590766906738e-1,-1.98396462947130203e-2,-9.91982314735651016e-3,5.80632507801055908e-1,2.90316253900527954e-1
48,10,3.23076923076923095e-1,3.07692307692307709e-2,6.92307692307692346e-2,5.05054831504821777e-1,2.52527415752410889e-1,-1.72413820400834084e-2,-8.62069102004170418e-3,5.04584968090057373e-1,2.52292484045028687e-1
48,11,3.53846153846153866e-1,3.07692307692307709e-2,6.92307692307692346e-2,4.24220889806747437e-1,2.12110444903373718e-1,-1.44817410036921501e-2,-7.24087050184607506e-3,4.23826217651367188e-1,2.11913108825683594e-1
48,12,3.84615384615384637e-1,3.07692307692307709e-2,6.92307692307692346e-2,3.39426130056381226e-1,1.69713065028190613e-1,-1.15869836881756783e-2,-5.79349184408783913e-3,3.39110344648361206e-1,1.69555172324180603e-1
48,13,4.15384615384615408e-1,3.07692307692307709e-2,6.92307692307692346e-2,2.51462280750274658e-1,1.25731140375137329e-1,-8.58429679647088051e-3,-4.29214839823544025e-3,2.51228332519531250e-1,1.25614166259765625e-1
48,14,4.46153846153846179e-1,3.07692307692307709e-2,6.92307692307692346e-2,1.61150589585304260e-1,8.05752947926521301e-2,-5.50133013166487217e-3,-2.75066506583243608e-3,1.61000654101371765e-1,8.05003270506858826e-2
48,15,4.76923076923076950e-1,3.07692307692307709e-2,6.92307692307692346e-2,6.93342611193656921e-2,3.46671305596828461e-2,-2.36687762662768364e-3,-1.18343881331384182e-3,6.92697539925575256e-2,3.46348769962787628e-2
48,16,5.07692307692307665e-1,3.07692307692307709e-2,6.92307692307692346e-2,-2.31294184923171997e-2,-1.15647092461585999e-2,7.89558514952659607e-4,3.94779257476329803e-4,-2.31078993529081345e-2,-1.15539496764540672e-2
48,17,5.38461538461538547e-1,3.07692307692307709e-2,6.92307692307692346e-2,-1.15377150475978851e-1,-5.76885752379894257e-2,3.93863953649997711e-3,1.96931976824998856e-3,-1.15269809961318970e-1,-5.76349049806594849e-2
48,18,5.69230769230769207e-1,3.07692307692307709e-2,6.92307692307692346e-2,-2.06547647714614868e-1,-1.03273823857307434e-1,7.05102668143808842e-3,3.52551334071904421e-3,-2.06355482339859009e-1,-1.03177741169929504e-1
48,19,6.00000000000000089e-1,3.07692307692307709e-2,6.92307692307692346e-2,-2.95789659023284912e-1,-1.47894829511642456e-1,1.00975446403026581e-2,5.04877232015132904e-3,-2.95514464378356934e-1,-1.47757232189178467e-1
48,20,6.30769230769230749e-1,3.07692307692307709e-2,6.92307692307692346e-2,-3.82269948720932007e-1,-1.91134974360466003e-1,1.30498353391885757e-2,6.52491766959428787e-3,-3.81914287805557251e-1,-1.90957143902778625e-1
48,21,6.61538461538461631e-1,3.07692307692307709e-2,6.92307692307692346e-2,-4.65181052684783936e-1,-2.32590526342391968e-1,1.58799765631556511e-2,7.93998828157782555e-3,-4.64748263359069824e-1,-2.32374131679534912e-1
48,22,6.92307692307692291e-1,3.07692307692307709e-2,6.92307692307692346e-2,-5.43748915195465088e-1,-2.71874457597732544e-1,1.85625795274972916e-2,9.28128976374864578e-3,-5.43242990970611572e-1,-2.71621495485305786e-1
48,23,7.23076923076923173e-1,3.07692307692307709e-2,6.92307692307692346e-2,-6.17239832878112793e-1,-3.08619916439056396e-1,2.10709478706121167e-2,1.05354739353060584e-2,-6.16665601730346680e-1,-3.08332800865173340e-1
48,24,7.53846153846153832e-1,3.07692307692307709e-2,6.92307692307692346e-2,-6.84967756271362305e-1,-3.42483878135681152e-1,2.33840513974428177e-2,1.16920256987214088e-2,-6.84330463409423828e-1,-3.42165231704711914e-1
48,25,7.84615384615384714e-1,3.07692307692307709e-2,6.92307692307692346e-2,-7.46300041675567627e-1,-3.73150020837783813e-1,2.54785716533660889e-2,1.27392858266830444e-2,-7.45605647563934326e-1,-3.72802823781967163e-1
48,26,8.15384615384615374e-1,3.07692307692307709e-2,6.92307692307692346e-2,-8.00663828849792480e-1,-4.00331914424896240e-1,2.73359846323728561e-2,1.36679923161864281e-2,-7.99918830394744873e-1,-3.99959415197372437e-1
48,27,8.46153846153846256e-1,3.07692307692307709e-2,6.92307692307692346e-2,-8.47551107406616211e-1,-4.23775553703308105e-1,2.89392918348312378e-2,1.44696459174156189e-2,-8.46762418746948242e-1,-4.23381209373474121e-1
48,28,8.76923076923076916e-1,3.07692307692307709e-2,6.92307692307692346e-2,-8.86523365974426270e-1,-4.43261682987213135e-1,3.02723664790391783e-2,1.51361832395195892e-2,-8.85698318481445312e-1,-4.42849159240722656e-1
48,29,9.07692307692307798e-1,3.07692307692307709e-2,6.92307692307692346e-2,-9.17216002941131592e-1,-4.58608001470565796e-1,3.13245300203561783e-2,1.56622650101780891e-2,-9.16362285614013672e-1,-4.58181142807006836e-1
48,30,9.38461538461538458e-1,3.07692307692307709e-2,6.92307692307692346e-2,-9.39341247081756592e-1,-4.69670623540878296e-1,3.20829246193170478e-2,1.60414623096585239e-2,-9.38466846942901611e-1,-4.69233423471450806e-1
48,31,9.69230769230769340e-1,4.61538461538461009e-2,1.03846153846153727e-1,-9.52691674232482910e-1,-4.76345837116241455e-1,4.88124992698430946e-2,2.44062496349215473e-2,-9.51804816722869873e-1,-4.75902408361434937e-1
49,0,1.53846153846153855e-2,3.07692307692307709e-2,6.92307692307692346e-2,9.55188214778900146e-1,4.77594107389450073e-1,-3.26076988130807807e-2,-1.63038494065403904e-2,9.54299509525299072e-1,4.77149754762649536e-1
49,1,4.61538461538461564e-2,3.07692307692307709e-2,6.92307692307692346e-2,9.46269869804382324e-1,4.73134934902191162e-1,-3.23032513260841300e-2,-1.61516256630420650e-2,9.45389509201049805e-1,4.72694754600524902e-1
49,2,7.69230769230769273e-2,3.07692307692307709e-2,6.92307692307692346e-2,9.28516447544097900e-1,4.64258223772048950e-1,-3.16969715058803558e-2,-1.58484857529401779e-2,9.27652597427368164e-1,4.63826298713684082e-1
49,3,1.07692307692307698e-1,3.07692307692307709e-2,6.92307692307692346e-2,9.02093768119812012e-1,4.51046884059906006e-1,-3.07953972369432311e-2,-1.53976986184716155e-2,9.01254475116729736e-1,4.50627237558364868e-1
49,4,1.38461538461538469e-1,3.07692307692307709e-2,6.92307692307692346e-2,8.67248415946960449e-1,4.33624207973480225e-1,-2.96055022627115250e-2,-1.48027511313557625e-2,8.66441547870635986e-1,4.33220773935317993e-1
49,5,1.69230769230769240e-1,3.07692307692307709e-2,6.92307692307692346e-2,8.24305832386016846e-1,4.12152916193008423e-1,-2.81397085636854172e-2,-1.40698542818427086e-2,8.23538899421691895e-1,4.11769449710845947e-1
49,6,2.00000000000000011e-1,3.07692307692307709e-2,6.92307692307692346e-2,7.73666918277740479e-1,3.86833459138870239e-1,-2.64108739793300629e-2,-1.32054369896650314e-2,7.72947132587432861e-1,3.86473566293716431e-1
49,7,2.30769230769230782e-1,3.07692307692307709e-2,6.92307692307692346e-2,7.15804517269134521e-1,3.57902258634567261e-1,-2.44357790797948837e-2,-1.22178895398974419e-2,7.15138554573059082e-1,3.57569277286529541e-1
49,8,2.61538461538461553e-1,3.07692307692307709e-2,6.92307692307692346e-2,6.51258826255798340e-1,3.25629413127899170e-1,-2.22322940826415738e-2,-1.11161470413207869e-2,6.50652885437011719e-1,3.25326442718505859e-1
49,9,2.92307692307692324e-1,3.07692307692307709e-2,6.92307692307692346e-2,5.80632507801055908e-1,2.90316253900527954e-1,-1.98213402181863785e-2,-9.91067010909318924e-3,5.80092310905456543e-1,2.90046155452728271e-1
49,10,3.23076923076923095e-1,3.07692307692307709e-2,6.92307692307692346e-2,5.04584968090057373e-1,2.52292484045028687e-1,-1.72253642231225967e-2,-8.61268211156129837e-3,5.04115521907806396e-1,2.52057760953903198e-1
49,11,3.53846153846153866e-1,3.07692307692307709e-2,6.92307692307692346e-2,4.23826217651367188e-1,2.11913108825683594e-1,-1.44682293757796288e-2,-7.23411468788981438e-3,4.23431903123855591e-1,2.11715951561927795e-1
49,12,3.84615384615384637e-1,3.07692307692307709e-2,6.92307692307692346e-2,3.39110344648361206e-1,1.69555172324180603e-1,-1.15761961787939072e-2,-5.78809808939695358e-3,3.38794857263565063e-1,1.69397428631782532e-1
49,13,4.15384615384615408e-1,3.07692307692307709e-2,6.92307692307692346e-2,2.51228332519531250e-1,1.25614166259765625e-1,-8.57634237036108971e-3,-4.28817118518054485e-3,2.50994592905044556e-1,1.25497296452522278e-1
49,14,4.46153846153846179e-1,3.07692307692307709e-2,6.92307692307692346e-2,1.61000654101371765e-1,8.05003270506858826e-2,-5.49615430645644665e-3,-2.74807715322822332e-3,1.60850867629051208e-1,8.04254338145256042e-2
49,15,4.76923076923076950e-1,3.07692307692307709e-2,6.92307692307692346e-2,6.92697539925575256e-2,3.46348769962787628e-2,-2.36469152150675654e-3,-1.18234576075337827e-3,6.92053064703941345e-2,3.46026532351970673e-2
49,16,5.07692307692307665e-1,3.07692307692307709e-2,6.92307692307692346e-2,-2.31078993529081345e-2,-1.15539496764540672e-2,7.88809382356703281e-4,3.94404691178351641e-4,-2.30864007025957108e-2,-1.15432003512978554e-2
49,17,5.38461538461538547e-1,3.07692307692307709e-2,6.92307692307692346e-2,-1.15269809961318970e-1,-5.76349049806594849e-2,3.93499602796509862e-3,1.96749801398254931e-3,-1.15162566304206848e-1,-5.75812831521034241e-2
49,18,5.69230769230769207e-1,3.07692307692307709e-2,6.92307692307692346e-2,-2.06355482339859009e-1,-1.03177741169929504e-1,7.04446155577898026e-3,3.52223077788949013e-3,-2.06163495779037476e-1,-1.03081747889518738e-1
49,19,6.00000000000000089e-1,3.07692307692307709e-2,6.92307692307692346e-2,-2.95514464378356934e-1,-1.47757232189178467e-1,1.00881736725568771e-2,5.04408683627843857e-3,-2.95239537954330444e-1,-1.47619768977165222e-1
49,20,6.30769230769230749e-1,3.07692307692307709e-2,6.92307692307692346e-2,-3.81914287805557251e-1,-1.90957143902778625e-1,1.30376312881708145e-2,6.51881564408540726e-3,-3.81558954715728760e-1,-1.90779477357864380e-1
49,21,6.61538461538461631e-1,3.07692307692307709e-2,6.92307692307692346e-2,-4.64748263359069824e-1,-2.32374131679534912e-1,1.58653752878308296e-2,7.93268764391541481e-3,-4.64315861463546753e-1,-2.32157930731773376e-1
49,22,6.92307692307692291e-1,3.07692307692307709e-2,6.92307692307692346e-2,-5.43242990970611572e-1,-2.71621495485305786e-1,1.85449272394180298e-2,9.27246361970901489e-3,-5.42737603187561035e-1,-2.71368801593780518e-1
49,23,7.23076923076923173e-1,3.07692307692307709e-2,6.92307692307692346e-2,-6.16665601730346680e-1,-3.08332800865173340e-1,2.10517700761556348e-2,1.05258850380778174e-2,-6.16091847419738770e-1,-3.08045923709869385e-1
49,24,7.53846153846153832e-1,3.07692307692307709e-2,6.92307692307692346e-2,-6.84330463409423828e-1,-3.42165231704711914e-1,2.33622584491968155e-2,1.16811292245984077e-2,-6.83693766593933105e-1,-3.41846883296966553e-1
49,25,7.84615384615384714e-1,3.07692307692307709e-2,6.92307692307692346e-2,-7.45605647563934326e-1,-3.72802823781967163e-1,2.54548173397779465e-2,1.27274086698889732e-2,-7.44911909103393555e-1,-3.72455954551696777e-1
49,26,8.15384615384615374e-1,3.07692307692307709e-2,6.92307692307692346e-2,-7.99918830394744873e-1,-3.99959415197372437e-1,2.73107048124074936e-2,1.36553524062037468e-2,-7.99174487590789795e-1,-3.99587243795394897e-1
49,27,8.46153846153846256e-1,3.07692307692307709e-2,6.92307692307692346e-2,-8.46762418746948242e-1,-4.23381209373474121e-1,2.89124865084886551e-2,1.44562432542443275e-2,-8.45974445343017578e-1,-4.22987222671508789e-1
49,28,8.76923076923076916e-1,3.07692307692307709e-2,6.92307692307692346e-2,-8.85698318481445312e-1,-4.42849159240722656e-1,3.02442535758018355e-2,1.51221267879009177e-2,-8.84874045848846436e-1,-4.42437022924423218e-1
49,29,9.07692307692307798e-1,3.07692307692307709e-2,6.92307692307692346e-2,-9.16362285614013672e-1,-4.58181142807006836e-1,3.12953274697065353e-2,1.56476637348532677e-2,-9.15509402751922607e-1,-4.57754701375961304e-1
49,30,9.38461538461538458e-1,3.07692307692307709e-2,6.92307692307692346e-2,-9.38466846942901611e-1,-4.69233423471450806e-1,3.20528503507375648e-2,1.60264251753687824e-2,-9.37593281269073486e-1,-4.68796640634536743e-1
49,31,9.69230769230769340e-1,4.61538461538461009e-2,1.03846153846153727e-1,-9.51804816722869873e-1,-4.75902408361434937e-1,4.87669520080089500e-2,2.43834760040044750e-2,-9.50918793678283691e-1,-4.75459396839141846e-1
50,0,1.53846153846153855e-2,3.07692307692307709e-2,6.92307692307692346e-2,9.54299509525299072e-1,4.77149754762649536e-1,-3.25771886855363776e-2,-1.62885943427681888e-2,9.53411638736724854e-1,4.76705819368362427e-1
50,1,4.61538461538461564e-2,3.07692307692307709e-2,6.92307692307692346e-2,9.45389509201049805e-1,4.72694754600524902e-1,-3.22733949869871070e-2,-1.61366974934935535e-2,9.44509923458099365e-1,4.72254961729049683e-1
50,2,7.69230769230769273e-2,3.07692307692307709e-2,6.92307692307692346e-2,9.27652597427368164e-1,4.63826298713684082e-1,-3.16675510257482529e-2,-1.58337755128741264e-2,9.26789522171020508e-1,4.63394761085510254e-1
50,3,1.07692307692307698e-1,3.07692307692307709e-2,6.92307692307692346e-2,9.01254475116729736e-1,4.50627237558364868e-1,-3.07666305452585082e-2,-1.53833152726292541e-2,9.00415956974029541e-1,4.50207978487014771e-1
50,4,1.38461538461538469e-1,3.07692307692307709e-2,6.92307692307692346e-2,8.66441547870635986e-1,4.33220773935317993e-1,-2.95780431479215622e-2,-1.47890215739607811e-2,8.65635454654693604e-1,4.32817727327346802e-1
50,5,1.69230769230769240e-1,3.07692307692307709e-2,6.92307692307692346e-2,8.23538899421691895e-1,4.11769449710845947e-1,-2.81133390963077545e-2,-1.40566695481538773e-2,8.22772681713104248e-1,4.11386340856552124e-1
50,6,2.00000000000000011e-1,3.07692307692307709e-2,6.92307692307692346e-2,7.72947132587432861e-1,3.86473566293716431e-1,-2.63864658772945404e-2,-1.31932329386472702e-2,7.72228002548217773e-1,3.86114001274108887e-1
50,7,2.30769230769230782e-1,3.07692307692307709e-2,6.92307692307692346e-2,7.15138554573059082e-1,3.57569277286529541e-1,-2.44131144136190414e-2,-1.22065572068095207e-2,7.14473187923431396e-1,3.57236593961715698e-1
50,8,2.61538461538461553e-1,3.07692307692307709e-2,6.92307692307692346e-2,6.50652885437011719e-1,3.25326442718505859e-1,-2.22113728523254117e-2,-1.11056864261627058e-2,6.50047540664672852e-1,3.25023770332336426e-1
50,9,2.92307692307692324e-1,3.07692307692307709e-2,6.92307692307692346e-2,5.80092310905456543e-1,2.90046155452728271e-1,-1.98030341416597366e-2,-9.90151707082986832e-3,5.79552590847015381e-1,2.89776295423507690e-1
50,10,3.23076923076923095e-1,3.07692307692307709e-2,6.92307692307692346e-2,5.04115521907806396e-1,2.52057760953903198e-1,-1.72093464061617851e-2,-8.60467320308089256e-3,5.03646492958068848e-1,2.51823246479034424e-1
50,11,3.53846153846153866e-1,3.07692307692307709e-2,6.92307692307692346e-2,4.23431903123855591e-1,2.11715951561927795e-1,-1.44547177478671074e-2,-7.22735887393355370e-3,4.23037946224212646e-1,2.11518973112106323e-1
50,12,3.84615384615384637e-1,3.07692307692307709e-2,6.92307692307692346e-2,3.38794857263565063e-1,1.69397428631782532e-1,-1.15655176341533661e-2,-5.78275881707668304e-3,3.38479667901992798e-1,1.69239833950996399e-1
50,13,4.15384615384615408e-1,3.07692307692307709e-2,6.92307692307692346e-2,2.50994592905044556e-1,1.25497296452522278e-1,-8.56827897951006889e-3,-4.28413948975503445e-3,2.50761061906814575e-1,1.25380530953407288e-1
50,14,4.46153846153846179e-1,3.07692307692307709e-2,6.92307692307692346e-2,1.60850867629051208e-1,8.04254338145256042e-2,-5.49108744598925114e-3,-2.74554372299462557e-3,1.60701215267181396e-1,8.03506076335906982e-2
50,15,4.76923076923076950e-1,3.07692307692307709e-2,6.92307692307692346e-2,6.92053064703941345e-2,3.46026532351970673e-2,-2.36247136490419507e-3,-1.18123568245209754e-3,6.91409185528755188e-2,3.45704592764377594e-2
50,16,5.07692307692307665e-1,3.07692307692307709e-2,6.92307692307692346e-2,-2.30864007025957108e-2,-1.15432003512978554e-2,7.88073870353400707e-4,3.94036935176700354e-4,-2.30649225413799286e-2,-1.15324612706899643e-2
50,17,5.38461538461538547e-1,3.07692307692307709e-2,6.92307692307692346e-2,-1.15162566304206848e-1,-5.75812831521034241e-2,3.93133208854123950e-3,1.96566604427061975e-3,-1.15055419504642487e-1,-5.75277097523212433e-2
50,18,5.69230769230769207e-1,3.07692307692307709e-2,6.92307692307692346e-2,-2.06163495779037476e-1,-1.03081747889518738e-1,7.03786918893456459e-3,3.51893459446728230e-3,-2.05971688032150269e-1,-1.02985844016075134e-1
50,19,6.00000000000000089e-1,3.07692307692307709e-2,6.92307692307692346e-2,-2.95239537954330444e-1,-1.47619768977165222e-1,1.00789116695523262e-2,5.03945583477616310e-3,-2.94964849948883057e-1,-1.47482424974441528e-1
50,20,6.30769230769230749e-1,3.07692307692307709e-2,6.92307692307692346e-2,-3.81558954715728760e-1,-1.90779477357864380e-1,1.30254272371530533e-2,6.51271361857652664e-3,-3.81203949451446533e-1,-1.90601974725723267e-1
50,21,6.61538461538461631e-1,3.07692307692307709e-2,6.92307692307692346e-2,-4.64315861463546753e-1,-2.32157930731773376e-1,1.58504471182823181e-2,7.92522355914115906e-3,-4.63883876800537109e-1,-2.31941938400268555e-1
50,22,6.92307692307692291e-1,3.07692307692307709e-2,6.92307692307692346e-2,-5.42737603187561035e-1,-2.71368801593780518e-1,1.85280377045273781e-2,9.26401885226368904e-3,-5.42232632637023926e-1,-2.71116316318511963e-1
50,23,7.23076923076923173e-1,3.07692307692307709e-2,6.92307692307692346e-2,-6.16091847419738770e-1,-3.08045923709869385e-1,2.10319384932517728e-2,1.05159692466258864e-2,-6.15518629550933838e-1,-3.07759314775466919e-1
50,24,7.53846153846153832e-1,3.07692307692307709e-2,6.92307692307692346e-2,-6.83693766593933105e-1,-3.41846883296966553e-1,2.33406834304332733e-2,1.16703417152166367e-2,-6.83057665824890137e-1,-3.41528832912445068e-1
50,25,7.84615384615384714e-1,3.07692307692307709e-2,6.92307692307692346e-2,-7.44911909103393555e-1,-3.72455954551696777e-1,2.54312809556722641e-2,1.27156404778361320e-2,-7.44218826293945312e-1,-3.72109413146972656e-1
50,26,8.15384615384615374e-1,3.07692307692307709e-2,6.92307692307692346e-2,-7.99174487590789795e-1,-3.99587243795394897e-1,2.72852070629596710e-2,1.36426035314798355e-2,-7.98430860042572021e-1,-3.99215430021286011e-1
50,27,8.46153846153846256e-1,3.07692307692307709e-2,6.92307692307692346e-2,-8.45974445343017578e-1,-4.22987222671508789e-1,2.88856811821460724e-2,1.44428405910730362e-2,-8.45187187194824219e-1,-4.22593593597412109e-1
50,28,8.76923076923076916e-1,3.07692307692307709e-2,6.92307692307692346e-2,-8.84874045848846436e-1,-4.42437022924423218e-1,3.02161406725644927e-2,1.51080703362822463e-2,-8.84050548076629639e-1,-4.42025274038314819e-1
50,29,9.07692307692307798e-1,3.07692307692307709e-2,6.92307692307692346e-2,-9.15509402751922607e-1,-4.57754701375961304e-1,3.12663428485393524e-2,1.56331714242696762e-2,-9.14657294750213623e-1,-4.57328647375106812e-1
50,30,9.38461538461538458e-1,3.07692307692307709e-2,6.92307692307692346e-2,-9.37593281269073486e-1,-4.68796640634536743e-1,3.20227760821580817e-2,1.60113880410790409e-2,-9.36720550060272217e-1,-4.68360275030136108e-1
50,31,9.69230769230769340e-1,4.61538461538461009e-2,1.03846153846153727e-1,-9.50918793678283691e-1,-4.75459396839141846e-1,4.87214047461748054e-2,2.43607023730874027e-2,-9.50033545494079590e-1,-4.75016772747039795e-1
51,0,1.53846153846153855e-2,3.07692307692307709e-2,6.92307692307692346e-2,9.53411638736724854e-1,4.76705819368362427e-1,-3.25468964874744346e-2,-1.62734482437372173e-2,9.52524602413177490e-1,4.76262301206588745e-1
51,1,4.61538461538461564e-2,3.07692307692307709e-2,6.92307692307692346e-2,9.44509923458099365e-1,4.72254961729049683e-1,-3.22433207184076240e-2,-1.61216603592038120e-2,9.43631172180175781e-1,4.71815586090087891e-1
51,2,7.69230769230769273e-2,3.07692307692307709e-2,6.92307692307692346e-2,9.26789522171020508e-1,4.63394761085510254e-1,-3.16381305456161499e-2,-1.58190652728080750e-2,9.25927281379699707e-1,4.62963640689849854e-1
51,3,1.07692307692307698e-1,3.07692307692307709e-2,6.92307692307692346e-2,9.00415956974029541e-1,4.50207978487014771e-1,-3.07378638535737853e-2,-1.53689319267868926e-2,8.99578213691711426e-1,4.49789106845855713e-1
51,4,1.38461538461538469e-1,3.07692307692307709e-2,6.92307692307692346e-2,8.65635454654693604e-1,4.32817727327346802e-1,-2.95508019626140594e-2,-1.47754009813070297e-2,8.64830076694488525e-1,4.32415038347244263e-1
51,5,1.69230769230769240e-1,3.07692307692307709e-2,6.92307692307692346e-2,8.22772681713104248e-1,4.11386340856552124e-1,-2.80869696289300919e-2,-1.40434848144650459e-2,8.22007179260253906e-1,4.11003589630126953e-1
51,6,2.00000000000000011e-1,3.07692307692307709e-2,6.92307692307692346e-2,7.72228002548217773e-1,3.86114001274108887e-1,-2.63620577752590179e-2,-1.31810288876295090e-2,7.71509528160095215e-1,3.85754764080047607e-1
51,7,2.30769230769230782e-1,3.07692307692307709e-2,6.92307692307692346e-2,7.14473187923431396e-1,3.57236593961715698e-1,-2.43902318179607391e-2,-1.21951159089803696e-2,7.13808476924896240e-1,3.56904238462448120e-1
51,8,2.61538461538461553e-1,3.07692307692307709e-2,6.92307692307692346e-2,6.50047540664672852e-1,3.25023770332336426e-1,-2.21908874809741696e-2,-1.10954437404870848e-2,6.49442732334136963e-1,3.24721366167068481e-1
51,9,2.92307692307692324e-1,3.07692307692307709e-2,6.92307692307692346e-2,5.79552590847015381e-1,2.89776295423507690e-1,-1.97845101356506348e-2,-9.89225506782531738e-3,5.79013407230377197e-1,2.89506703615188599e-1
51,10,3.23076923076923095e-1,3.07692307692307709e-2,6.92307692307692346e-2,5.03646492958068848e-1,2.51823246479034424e-1,-1.71933285892009735e-2,-8.59666429460048676e-3,5.03177940845489502e-1,2.51588970422744751e-1
51,11,3.53846153846153866e-1,3.07692307692307709e-2,6.92307692307692346e-2,4.23037946224212646e-1,2.11518973112106323e-1,-1.44412061199545860e-2,-7.22060305997729301e-3,4.22644376754760742e-1,2.11322188377380371e-1
51,12,3.84615384615384637e-1,3.07692307692307709e-2,6.92307692307692346e-2,3.38479667901992798e-1,1.69239833950996399e-1,-1.15549480542540550e-2,-5.77747402712702751e-3,3.38164746761322021e-1,1.69082373380661011e-1
51,13,4.15384615384615408e-1,3.07692307692307709e-2,6.92307692307692346e-2,2.50761061906814575e-1,1.25380530953407288e-1,-8.56016110628843307e-3,-4.28008055314421654e-3,2.50527769327163696e-1,1.25263884663581848e-1
51,14,4.46153846153846179e-1,3.07692307692307709e-2,6.92307692307692346e-2,1.60701215267181396e-1,8.03506076335906982e-2,-5.48602058552205563e-3,-2.74301029276102781e-3,1.60551697015762329e-1,8.02758485078811646e-2
51,15,4.76923076923076950e-1,3.07692307692307709e-2,6.92307692307692346e-2,6.91409185528755188e-2,3.45704592764377594e-2,-2.36027163919061422e-3,-1.18013581959530711e-3,6.90765902400016785e-2,3.45382951200008392e-2
51,16,5.07692307692307665e-1,3.07692307692307709e-2,6.92307692307692346e-2,-2.30649225413799286e-2,-1.15324612706899643e-2,7.87351978942751884e-4,3.93675989471375942e-4,-2.30434648692607880e-2,-1.15217324346303940e-2
51,17,5.38461538461538547e-1,3.07692307692307709e-2,6.92307692307692346e-2,-1.15055419504642487e-1,-5.75277097523212433e-2,3.92764771822839975e-3,1.96382385911419988e-3,-1.14948377013206482e-1,-5.74741885066032410e-2
51,18,5.69230769230769207e-1,3.07692307692307709e-2,6.92307692307692346e-2,-2.05971688032150269e-1,-1.02985844016075134e-1,7.03135854564607143e-3,3.51567927282303572e-3,-2.05780059099197388e-1,-1.02890029549598694e-1
51,19,6.00000000000000089e-1,3.07692307692307709e-2,6.92307692307692346e-2,-2.94964849948883057e-1,-1.47482424974441528e-1,1.00695407018065453e-2,5.03477035090327263e-3,-2.94690430164337158e-1,-1.47345215082168579e-1
51,20,6.30769230769230749e-1,3.07692307692307709e-2,6.92307692307692346e-2,-3.81203949451446533e-1,-1.90601974725723267e-1,1.30132231861352921e-2,6.50661159306764603e-3,-3.80849301815032959e-1,-1.90424650907516479e-1
51,21,6.61538461538461631e-1,3.07692307692307709e-2,6.92307692307692346e-2,-4.63883876800537109e-1,-2.31941938400268555e-1,1.58358458429574966e-2,7.91792292147874832e-3,-4.63452279567718506e-1,-2.31726139783859253e-1
51,22,6.92307692307692291e-1,3.07692307692307709e-2,6.92307692307692346e-2,-5.42232632637023926e-1,-2.71116316318511963e-1,1.85107123106718063e-2,9.25535615533590317e-3,-5.41728138923645020e-1,-2.70864069461822510e-1
51,23,7.23076923076923173e-1,3.07692307692307709e-2,6.92307692307692346e-2,-6.15518629550933838e-1,-3.07759314775466919e-1,2.10123248398303708e-2,1.05061624199151854e-2,-6.14945948123931885e-1,-3.07472974061965942e-1
51,24,7.53846153846153832e-1,3.07692307692307709e-2,6.92307692307692346e-2,-6.83057665824890137e-1,-3.41528832912445068e-1,2.33191084116697311e-2,1.16595542058348656e-2,-6.82422161102294922e-1,-3.41211080551147461e-1
51,25,7.84615384615384714e-1,3.07692307692307709e-2,6.92307692307692346e-2,-7.44218826293945312e-1,-3.72109413146972656e-1,2.54077445715665817e-2,1.27038722857832909e-2,-7.43526399135589600e-1,-3.71763199567794800e-1
51,26,8.15384615384615374e-1,3.07692307692307709e-2,6.92307692307692346e-2,-7.98430860042572021e-1,-3.99215430021286011e-1,2.72599272429943085e-2,1.36299636214971542e-2,-7.97687947750091553e-1,-3.98843973875045776e-1
51,27,8.46153846153846256e-1,3.07692307692307709e-2,6.92307692307692346e-2,-8.45187187194824219e-1,-4.22593593597412109e-1,2.88586579263210297e-2,1.44293289631605148e-2,-8.44400703907012939e-1,-4.22200351953506470e-1
51,28,8.76923076923076916e-1,3.07692307692307709e-2,6.92307692307692346e-2,-8.84050548076629639e-1,-4.42025274038314819e-1,3.01882456988096098e-2,1.50941228494048049e-2,-8.83227825164794922e-1,-4.41613912582397461e-1
51,29,9.07692307692307798e-1,3.07692307692307709e-2,6.92307692307692346e-2,-9.14657294750213623e-1,-4.57328647375106812e-1,3.12371402978897095e-2,1.56185701489448547e-2,-9.13805961608886719e-1,-4.56902980804443359e-1
51,30,9.38461538461538458e-1,3.07692307692307709e-2,6.92307692307692346e-2,-9.36720550060272217e-1,-4.68360275030136108e-1,3.19931376725435188e-2,1.59965688362717594e-2,-9.35848593711853027e-1,-4.67924296855926514e-1
51,31,9.69230769230769340e-1,4.61538461538461009e-2,1.03846153846153727e-1,-9.50033545494079590e-1,-4.75016772747039795e-1,4.86756395548582008e-2,2.43378197774291004e-2,-9.49149131774902344e-1,-4.74574565887451172e-1
52,0,1.53846153846153855e-2,3.07692307692307709e-2,6.92307692307692346e-2,9.52524602413177490e-1,4.76262301206588745e-1,-3.25166042894124915e-2,-1.62583021447062458e-2,9.51638400554656982e-1,4.75819200277328491e-1
52,1,4.61538461538461564e-2,3.07692307692307709e-2,6.92307692307692346e-2,9.43631172180175781e-1,4.71815586090087891e-1,-3.22132464498281409e-2,-1.61066232249140705e-2,9.42753255367279053e-1,4.71376627683639526e-1
52,2,7.69230769230769273e-2,3.07692307692307709e-2,6.92307692307692346e-2,9.25927281379699707e-1,4.62963640689849854e-1,-3.16089279949665070e-2,-1.58044639974832535e-2,9.25065815448760986e-1,4.62532907724380493e-1
52,3,1.07692307692307698e-1,3.07692307692307709e-2,6.92307692307692346e-2,8.99578213691711426e-1,4.49789106845855713e-1,-3.07090971618890624e-2,-1.53545485809445312e-2,8.98741304874420166e-1,4.49370652437210083e-1
52,4,1.38461538461538469e-1,3.07692307692307709e-2,6.92307692307692346e-2,8.64830076694488525e-1,4.32415038347244263e-1,-2.95233428478240967e-2,-1.47616714239120483e-2,8.64025473594665527e-1,4.32012736797332764e-1
52,5,1.69230769230769240e-1,3.07692307692307709e-2,6.92307692307692346e-2,8.22007179260253906e-1,4.11003589630126953e-1,-2.80608180910348892e-2,-1.40304090455174446e-2,8.21242392063140869e-1,4.10621196031570435e-1
52,6,2.00000000000000011e-1,3.07692307692307709e-2,6.92307692307692346e-2,7.71509528160095215e-1,3.85754764080047607e-1,-2.63374317437410355e-2,-1.31687158718705177e-2,7.70791709423065186e-1,3.85395854711532593e-1
52,7,2.30769230769230782e-1,3.07692307692307709e-2,6.92307692307692346e-2,7.13808476924896240e-1,3.56904238462448120e-1,-2.43677850812673569e-2,-1.21838925406336784e-2,7.13144361972808838e-1,3.56572180986404419e-1
52,8,2.61538461538461553e-1,3.07692307692307709e-2,6.92307692307692346e-2,6.49442732334136963e-1,3.24721366167068481e-1,-2.21699662506580075e-2,-1.10849831253290038e-2,6.48838520050048828e-1,3.24419260025024414e-1
52,9,2.92307692307692324e-1,3.07692307692307709e-2,6.92307692307692346e-2,5.79013407230377197e-1,2.89506703615188599e-1,-1.97662040591239929e-2,-9.88310202956199646e-3,5.78474700450897217e-1,2.89237350225448608e-1
52,10,3.23076923076923095e-1,3.07692307692307709e-2,6.92307692307692346e-2,5.03177940845489502e-1,2.51588970422744751e-1,-1.71774197369813919e-2,-8.58870986849069595e-3,5.02709805965423584e-1,2.51354902982711792e-1
52,11,3.53846153846153866e-1,3.07692307692307709e-2,6.92307692307692346e-2,4.22644376754760742e-1,2.11322188377380371e-1,-1.44278034567832947e-2,-7.21390172839164734e-3,4.22251164913177490e-1,2.11125582456588745e-1
52,12,3.84615384615384637e-1,3.07692307692307709e-2,6.92307692307692346e-2,3.38164746761322021e-1,1.69082373380661011e-1,-1.15440515801310539e-2,-5.77202579006552696e-3,3.37850123643875122e-1,1.68925061821937561e-1
52,13,4.15384615384615408e-1,3.07692307692307709e-2,6.92307692307692346e-2,2.50527769327163696e-1,1.25263884663581848e-1,-8.55231564491987228e-3,-4.27615782245993614e-3,2.50294685363769531e-1,1.25147342681884766e-1
52,14,4.46153846153846179e-1,3.07692307692307709e-2,6.92307692307692346e-2,1.60551697015762329e-1,8.02758485078811646e-2,-5.48084476031363010e-3,-2.74042238015681505e-3,1.60402327775955200e-1,8.02011638879776001e-2
52,15,4.76923076923076950e-1,3.07692307692307709e-2,6.92307692307692346e-2,6.90765902400016785e-2,3.45382951200008392e-2,-2.35809234436601400e-3,-1.17904617218300700e-3,6.90123215317726135e-2,3.45061607658863068e-2
52,16,5.07692307692307665e-1,3.07692307692307709e-2,6.92307692307692346e-2,-2.30434648692607880e-2,-1.15217324346303940e-2,7.86616466939449310e-4,3.93308233469724655e-4,-2.30220258235931396e-2,-1.15110129117965698e-2
52,17,5.38461538461538547e-1,3.07692307692307709e-2,6.92307692307692346e-2,-1.14948377013206482e-1,-5.74741885066032410e-2,3.92399739939719439e-3,1.96199869969859719e-3,-1.14841431379318237e-1,-5.74207156896591187e-2
52,18,5.69230769230769207e-1,3.07692307692307709e-2,6.92307692307692346e-2,-2.05780059099197388e-1,-1.02890029549598694e-1,7.02479341998696327e-3,3.51239670999348164e-3,-2.05588608980178833e-1,-1.02794304490089417e-1
52,19,6.00000000000000089e-1,3.07692307692307709e-2,6.92307692307692346e-2,-2.94690430164337158e-1,-1.47345215082168579e-1,1.00601697340607643e-2,5.03008486703038216e-3,-2.94416248798370361e-1,-1.47208124399185181e-1
52,20,6.30769230769230749e-1,3.07692307692307709e-2,6.92307692307692346e-2,-3.80849301815032959e-1,-1.90424650907516479e-1,1.30012370645999908e-2,6.50061853229999542e-3,-3.80494982004165649e-1,-1.90247491002082825e-1
52,21,6.61538461538461631e-1,3.07692307692307709e-2,6.92307692307692346e-2,-4.63452279567718506e-1,-2.31726139783859253e-1,1.58210266381502151e-2,7.91051331907510757e-3,-4.63021099567413330e-1,-2.31510549783706665e-1
52,22,6.92307692307692291e-1,3.07692307692307709e-2,6.92307692307692346e-2,-5.41728138923645020e-1,-2.70864069461822510e-1,1.84934958815574646e-2,9.24674794077873230e-3,-5.41224122047424316e-1,-2.70612061023712158e-1
52,23,7.23076923076923173e-1,3.07692307692307709e-2,6.92307692307692346e-2,-6.14945948123931885e-1,-3.07472974061965942e-1,2.09927111864089688e-2,1.04963555932044844e-2,-6.14373803138732910e-1,-3.07186901569366455e-1
52,24,7.53846153846153832e-1,3.07692307692307709e-2,6.92307692307692346e-2,-6.82422161102294922e-1,-3.41211080551147461e-1,2.32975333929061890e-2,1.16487666964530945e-2,-6.81787192821502686e-1,-3.40893596410751343e-1
52,25,7.84615384615384714e-1,3.07692307692307709e-2,6.92307692307692346e-2,-7.43526399135589600e-1,-3.71763199567794800e-1,2.53842081874608994e-2,1.26921040937304497e-2,-7.42834568023681641e-1,-3.71417284011840820e-1
52,26,8.15384615384615374e-1,3.07692307692307709e-2,6.92307692307692346e-2,-7.97687947750091553e-1,-3.98843973875045776e-1,2.72346474230289459e-2,1.36173237115144730e-2,-7.96945691108703613e-1,-3.98472845554351807e-1
52,27,8.46153846153846256e-1,3.07692307692307709e-2,6.92307692307692346e-2,-8.44400703907012939e-1,-4.22200351953506470e-1,2.88318525999784470e-2,1.44159262999892235e-2,-8.43614935874938965e-1,-4.21807467937469482e-1
52,28,8.76923076923076916e-1,3.07692307692307709e-2,6.92307692307692346e-2,-8.83227825164794922e-1,-4.41613912582397461e-1,3.01603507250547270e-2,1.50801753625273635e-2,-8.82405817508697510e-1,-4.41202908754348755e-1
52,29,9.07692307692307798e-1,3.07692307692307709e-2,6.92307692307692346e-2,-9.13805961608886719e-1,-4.56902980804443359e-1,3.12079377472400665e-2,1.56039688736200333e-2,-9.12955403327941895e-1,-4.56477701663970947e-1
52,30,9.38461538461538458e-1,3.07692307692307709e-2,6.92307692307692346e-2,-9.35848593711853027e-1,-4.67924296855926514e-1,3.19632813334464957e-2,1.59816406667232479e-2,-9.34977471828460693e-1,-4.67488735914230347e-1
52,31,9.69230769230769340e-1,4.61538461538461009e-2,1.03846153846153727e-1,-9.49149131774902344e-1,-4.74574565887451172e-1,4.86300922930240562e-2,2.43150461465120281e-2,-9.48265552520751953e-1,-4.74132776260375977e-1
53,0,1.53846153846153855e-2,3.07692307692307709e-2,6.92307692307692346e-2,9.51638400554656982e-1,4.75819200277328491e-1,-3.24863120913505485e-2,-1.62431560456752742e-2,9.50753033161163330e-1,4.75376516580581665e-1
53,1,4.61538461538461564e-2,3.07692307692307709e-2,6.92307692307692346e-2,9.42753255367279053e-1,4.71376627683639526e-1,-3.21833901107311179e-2,-1.60916950553655590e-2,9.41876113414764404e-1,4.70938056707382202e-1
53,2,7.69230769230769273e-2,3.07692307692307709e-2,6.92307692307692346e-2,9.25065815448760986e-1,4.62532907724380493e-1,-3.15792895853519440e-2,-1.57896447926759720e-2,9.24205183982849121e-1,4.62102591991424561e-1
53,3,1.07692307692307698e-1,3.07692307692307709e-2,6.92307692307692346e-2,8.98741304874420166e-1,4.49370652437210083e-1,-3.06807663291692595e-2,-1.53403831645846297e-2,8.97905170917510986e-1,4.48952585458755493e-1
53,4,1.38461538461538469e-1,3.07692307692307709e-2,6.92307692307692346e-2,8.64025473594665527e-1,4.32012736797332764e-1,-2.94958837330341339e-2,-1.47479418665170670e-2,8.63221585750579834e-1,4.31610792875289917e-1
53,5,1.69230769230769240e-1,3.07692307692307709e-2,6.92307692307692346e-2,8.21242392063140869e-1,4.10621196031570435e-1,-2.80346665531396866e-2,-1.40173332765698433e-2,8.20478320121765137e-1,4.10239160060882568e-1
53,6,2.00000000000000011e-1,3.07692307692307709e-2,6.92307692307692346e-2,7.70791709423065186e-1,3.85395854711532593e-1,-2.63128057122230530e-2,-1.31564028561115265e-2,7.70074605941772461e-1,3.85037302970886230e-1
53,7,2.30769230769230782e-1,3.07692307692307709e-2,6.92307692307692346e-2,7.13144361972808838e-1,3.56572180986404419e-1,-2.43451204150915146e-2,-1.21725602075457573e-2,7.12480843067169189e-1,3.56240421533584595e-1
53,8,2.61538461538461553e-1,3.07692307692307709e-2,6.92307692307692346e-2,6.48838520050048828e-1,3.24419260025024414e-1,-2.21494808793067655e-2,-1.10747404396533827e-2,6.48234844207763672e-1,3.24117422103881836e-1
53,9,2.92307692307692324e-1,3.07692307692307709e-2,6.92307692307692346e-2,5.78474700450897217e-1,2.89237350225448608e-1,-1.97476800531148911e-2,-9.87384002655744553e-3,5.77936530113220215e-1,2.88968265056610107e-1
53,10,3.23076923076923095e-1,3.07692307692307709e-2,6.92307692307692346e-2,5.02709805965423584e-1,2.51354902982711792e-1,-1.71615108847618103e-2,-8.58075544238090515e-3,5.02242088317871094e-1,2.51121044158935547e-1
53,11,3.53846153846153866e-1,3.07692307692307709e-2,6.92307692307692346e-2,4.22251164913177490e-1,2.11125582456588745e-1,-1.44144007936120033e-2,-7.20720039680600166e-3,4.21858310699462891e-1,2.10929155349731445e-1
53,12,3.84615384615384637e-1,3.07692307692307709e-2,6.92307692307692346e-2,3.37850123643875122e-1,1.68925061821937561e-1,-1.15332640707492828e-2,-5.76663203537464142e-3,3.37535798549652100e-1,1.68767899274826050e-1
53,13,4.15384615384615408e-1,3.07692307692307709e-2,6.92307692307692346e-2,2.50294685363769531e-1,1.25147342681884766e-1,-8.54436121881008148e-3,-4.27218060940504074e-3,2.50061810016632080e-1,1.25030905008316040e-1
53,14,4.46153846153846179e-1,3.07692307692307709e-2,6.92307692307692346e-2,1.60402327775955200e-1,8.02011638879776001e-2,-5.47577789984643459e-3,-2.73788894992321730e-3,1.60253092646598816e-1,8.01265463232994080e-2
53,15,4.76923076923076950e-1,3.07692307692307709e-2,6.92307692307692346e-2,6.90123215317726135e-2,3.45061607658863068e-2,-2.35587218776345253e-3,-1.17793609388172626e-3,6.89481124281883240e-2,3.44740562140941620e-2
53,16,5.07692307692307665e-1,3.07692307692307709e-2,6.92307692307692346e-2,-2.30220258235931396e-2,-1.15110129117965698e-2,7.85880954936146736e-4,3.92940477468073368e-4,-2.30006072670221329e-2,-1.15003036335110664e-2
53,17,5.38461538461538547e-1,3.07692307692307709e-2,6.92307692307692346e-2,-1.14841431379318237e-1,-5.74207156896591187e-2,3.92033345997333527e-3,1.96016672998666763e-3,-1.14734590053558350e-1,-5.73672950267791748e-2
53,18,5.69230769230769207e-1,3.07692307692307709e-2,6.92307692307692346e-2,-2.05588608980178833e-1,-1.02794304490089417e-1,7.01831001788377762e-3,3.50915500894188881e-3,-2.05397337675094604e-1,-1.02698668837547302e-1
53,19,6.00000000000000089e-1,3.07692307692307709e-2,6.92307692307692346e-2,-2.94416248798370361e-1,-1.47208124399185181e-1,1.00506898015737534e-2,5.02534490078687668e-3,-2.94142335653305054e-1,-1.47071167826652527e-1
53,20,6.30769230769230749e-1,3.07692307692307709e-2,6.92307692307692346e-2,-3.80494982004165649e-1,-1.90247491002082825e-1,1.29892509430646896e-2,6.49462547153234482e-3,-3.80140990018844604e-1,-1.90070495009422302e-1
53,21,6.61538461538461631e-1,3.07692307692307709e-2,6.92307692307692346e-2,-4.63021099567413330e-1,-2.31510549783706665e-1,1.58063163980841637e-2,7.90315819904208183e-3,-4.62590306997299194e-1,-2.31295153498649597e-1
53,22,6.92307692307692291e-1,3.07692307692307709e-2,6.92307692307692346e-2,-5.41224122047424316e-1,-2.70612061023712158e-1,1.84762794524431229e-2,9.23813972622156143e-3,-5.40720582008361816e-1,-2.70360291004180908e-1
53,23,7.23076923076923173e-1,3.07692307692307709e-2,6.92307692307692346e-2,-6.14373803138732910e-1,-3.07186901569366455e-1,2.09733154624700269e-2,1.04866577312350134e-2,-6.13802194595336914e-1,-3.06901097297668457e-1
53,24,7.53846153846153832e-1,3.07692307692307709e-2,6.92307692307692346e-2,-6.81787192821502686e-1,-3.40893596410751343e-1,2.32757404446601868e-2,1.16378702223300934e-2,-6.81152820587158203e-1,-3.40576410293579102e-1
53,25,7.84615384615384714e-1,3.07692307692307709e-2,6.92307692307692346e-2,-7.42834568023681641e-1,-3.71417284011840820e-1,2.53606718033552170e-2,1.26803359016776085e-2,-7.42143392562866211e-1,-3.71071696281433105e-1
53,26,8.15384615384615374e-1,3.07692307692307709e-2,6.92307692307692346e-2,-7.96945691108703613e-1,-3.98472845554351807e-1,2.72093676030635834e-2,1.36046838015317917e-2,-7.96204149723052979e-1,-3.98102074861526489e-1
53,27,8.46153846153846256e-1,3.07692307692307709e-2,6.92307692307692346e-2,-8.43614935874938965e-1,-4.21807467937469482e-1,2.88052652031183243e-2,1.44026326015591621e-2,-8.42829883098602295e-1,-4.21414941549301147e-1
53,28,8.76923076923076916e-1,3.07692307692307709e-2,6.92307692307692346e-2,-8.82405817508697510e-1,-4.41202908754348755e-1,3.01322378218173842e-2,1.50661189109086921e-2,-8.81584584712982178e-1,-4.40792292356491089e-1
53,29,9.07692307692307798e-1,3.07692307692307709e-2,6.92307692307692346e-2,-9.12955403327941895e-1,-4.56477701663970947e-1,3.11787351965904236e-2,1.55893675982952118e-2,-9.12105679512023926e-1,-4.56052839756011963e-1
53,30,9.38461538461538458e-1,3.07692307692307709e-2,6.92307692307692346e-2,-9.34977471828460693e-1,-4.67488735914230347e-1,3.19336429238319328e-2,1.59668214619159664e-2,-9.34107184410095215e-1,-4.67053592205047607e-1
53,31,9.69230769230769340e-1,4.61538461538461009e-2,1.03846153846153727e-1,-9.48265552520751953e-1,-4.74132776260375977e-1,4.85845450311899116e-2,2.42922725155949558e-2,-9.47382807731628418e-1,-4.73691403865814209e-1
