i,j,k,x,fraction,pressure
0,0,0,7.81250000000000000e-3,0.00000000000000000e0,0.00000000000000000e0
1,0,0,2.34375000000000000e-2,0.00000000000000000e0,0.00000000000000000e0
2,0,0,3.90625000000000000e-2,0.00000000000000000e0,0.00000000000000000e0
3,0,0,5.46875000000000000e-2,0.00000000000000000e0,0.00000000000000000e0
4,0,0,7.03125000000000000e-2,0.00000000000000000e0,0.00000000000000000e0
5,0,0,8.59375000000000000e-2,0.00000000000000000e0,0.00000000000000000e0
6,0,0,1.01562500000000000e-1,0.00000000000000000e0,0.00000000000000000e0
7,0,0,1.17187500000000000e-1,0.00000000000000000e0,0.00000000000000000e0
8,0,0,1.32812500000000000e-1,0.00000000000000000e0,0.00000000000000000e0
9,0,0,1.48437500000000000e-1,0.00000000000000000e0,0.00000000000000000e0
10,0,0,1.64062500000000000e-1,0.00000000000000000e0,0.00000000000000000e0
11,0,0,1.79687500000000000e-1,0.00000000000000000e0,0.00000000000000000e0
12,0,0,1.95312500000000000e-1,0.00000000000000000e0,0.00000000000000000e0
13,0,0,2.10937500000000000e-1,0.00000000000000000e0,0.00000000000000000e0
14,0,0,2.26562500000000000e-1,0.00000000000000000e0,0.00000000000000000e0
15,0,0,2.42187500000000000e-1,0.00000000000000000e0,0.00000000000000000e0
16,0,0,2.57812500000000000e-1,5.02262128603145761e-5,0.00000000000000000e0
17,0,0,2.73437500000000000e-1,5.85972483370340641e-4,0.00000000000000000e0
18,0,0,2.89062500000000000e-1,3.35399488100549675e-3,0.00000000000000000e0
19,0,0,3.04687500000000000e-1,1.25807362064561008e-2,0.00000000000000000e0
20,0,0,3.20312500000000000e-1,3.48786944096285897e-2,0.00000000000000000e0
21,0,0,3.35937500000000000e-1,7.65015497222174823e-2,0.00000000000000000e0
22,0,0,3.51562500000000000e-1,1.38935832691100936e-1,0.00000000000000000e0
23,0,0,3.67187500000000000e-1,2.16235421128765648e-1,0.00000000000000000e0
24,0,0,3.82812500000000000e-1,2.96755825751331526e-1,0.00000000000000000e0
25,0,0,3.98437500000000000e-1,3.68329518749165030e-1,0.00000000000000000e0
26,0,0,4.14062500000000000e-1,4.23202683380833222e-1,0.00000000000000000e0
27,0,0,4.29687500000000000e-1,4.59784793135273262e-1,0.00000000000000000e0
28,0,0,4.45312500000000000e-1,4.81124357158689786e-1,0.00000000000000000e0
29,0,0,4.60937500000000000e-1,4.92067723324536688e-1,0.00000000000000000e0
30,0,0,4.76562500000000000e-1,4.97018293732887029e-1,0.00000000000000000e0
31,0,0,4.92187500000000000e-1,4.98998521896217073e-1,0.00000000000000000e0
32,0,0,5.07812500000000000e-1,4.99649626491191878e-1,0.00000000000000000e0
33,0,0,5.23437500000000000e-1,4.99333905572148018e-1,0.00000000000000000e0
34,0,0,5.39062500000000000e-1,4.96627001327686612e-1,0.00000000000000000e0
35,0,0,5.54687500000000000e-1,4.87415271478445211e-1,0.00000000000000000e0
36,0,0,5.70312500000000000e-1,4.65120565761781513e-1,0.00000000000000000e0
37,0,0,5.85937500000000000e-1,4.23498329970437959e-1,0.00000000000000000e0
38,0,0,6.01562500000000000e-1,3.61064150255110905e-1,0.00000000000000000e0
39,0,0,6.17187500000000000e-1,2.83764576781752376e-1,0.00000000000000000e0
40,0,0,6.32812500000000000e-1,2.03244174029748953e-1,0.00000000000000000e0
41,0,0,6.48437500000000000e-1,1.31670481231461856e-1,0.00000000000000000e0
42,0,0,6.64062500000000000e-1,7.67973166177131211e-2,0.00000000000000000e0
43,0,0,6.79687500000000000e-1,4.02152068646029343e-2,0.00000000000000000e0
44,0,0,6.95312500000000000e-1,1.88756428412604135e-2,0.00000000000000000e0
45,0,0,7.10937500000000000e-1,7.93227667540675509e-3,0.00000000000000000e0
46,0,0,7.26562500000000000e-1,2.98170626704279910e-3,0.00000000000000000e0
47,0,0,7.42187500000000000e-1,1.00147810369713734e-3,0.00000000000000000e0
48,0,0,7.57812500000000000e-1,3.00147295845534876e-4,0.00000000000000000e0
49,0,0,7.73437500000000000e-1,8.01219443626747033e-5,0.00000000000000000e0
50,0,0,7.89062500000000000e-1,1.90037911729900178e-5,0.00000000000000000e0
51,0,0,8.04687500000000000e-1,3.99231495096186447e-6,0.00000000000000000e0
52,0,0,8.20312500000000000e-1,7.39828436189024950e-7,0.00000000000000000e0
53,0,0,8.35937500000000000e-1,1.20307195279898900e-7,0.00000000000000000e0
54,0,0,8.51562500000000000e-1,1.70536551283755931e-8,0.00000000000000000e0
55,0,0,8.67187500000000000e-1,2.08937394699507722e-9,0.00000000000000000e0
56,0,0,8.82812500000000000e-1,2.18838799322471504e-10,0.00000000000000000e0
57,0,0,8.98437500000000000e-1,1.93150502373893488e-11,0.00000000000000000e0
58,0,0,9.14062500000000000e-1,1.40907275539443549e-12,0.00000000000000000e0
59,0,0,9.29687500000000000e-1,8.27040530244159262e-14,0.00000000000000000e0
60,0,0,9.45312500000000000e-1,3.75353502619895967e-15,0.00000000000000000e0
61,0,0,9.60937500000000000e-1,1.23626152717656069e-16,0.00000000000000000e0
62,0,0,9.76562500000000000e-1,2.62919026827731243e-18,0.00000000000000000e0
63,0,0,9.92187500000000000e-1,2.71050543121376109e-20,0.00000000000000000e0
0,1,0,7.81250000000000000e-3,0.00000000000000000e0,0.00000000000000000e0
1,1,0,2.34375000000000000e-2,0.00000000000000000e0,0.00000000000000000e0
2,1,0,3.90625000000000000e-2,0.00000000000000000e0,0.00000000000000000e0
3,1,0,5.46875000000000000e-2,0.00000000000000000e0,0.00000000000000000e0
4,1,0,7.03125000000000000e-2,0.00000000000000000e0,0.00000000000000000e0
5,1,0,8.59375000000000000e-2,0.00000000000000000e0,0.00000000000000000e0
6,1,0,1.01562500000000000e-1,0.00000000000000000e0,0.00000000000000000e0
7,1,0,1.17187500000000000e-1,0.00000000000000000e0,0.00000000000000000e0
8,1,0,1.32812500000000000e-1,0.00000000000000000e0,0.00000000000000000e0
9,1,0,1.48437500000000000e-1,0.00000000000000000e0,0.00000000000000000e0
10,1,0,1.64062500000000000e-1,0.00000000000000000e0,0.00000000000000000e0
11,1,0,1.79687500000000000e-1,0.00000000000000000e0,0.00000000000000000e0
12,1,0,1.95312500000000000e-1,0.00000000000000000e0,0.00000000000000000e0
13,1,0,2.10937500000000000e-1,0.00000000000000000e0,0.00000000000000000e0
14,1,0,2.26562500000000000e-1,0.00000000000000000e0,0.00000000000000000e0
15,1,0,2.42187500000000000e-1,0.00000000000000000e0,0.00000000000000000e0
16,1,0,2.57812500000000000e-1,5.02262128603146371e-5,0.00000000000000000e0
17,1,0,2.73437500000000000e-1,5.85972483370324703e-4,0.00000000000000000e0
18,1,0,2.89062500000000000e-1,3.35399488100530246e-3,0.00000000000000000e0
19,1,0,3.04687500000000000e-1,1.25807362064549490e-2,0.00000000000000000e0
20,1,0,3.20312500000000000e-1,3.48786944096242182e-2,0.00000000000000000e0
21,1,0,3.35937500000000000e-1,7.65015497222054641e-2,0.00000000000000000e0
22,1,0,3.51562500000000000e-1,1.38935832691075206e-1,0.00000000000000000e0
23,1,0,3.67187500000000000e-1,2.16235421128720962e-1,0.00000000000000000e0
24,1,0,3.82812500000000000e-1,2.96755825751265967e-1,0.00000000000000000e0
25,1,0,3.98437500000000000e-1,3.68329518749081486e-1,0.00000000000000000e0
26,1,0,4.14062500000000000e-1,4.23202683380738076e-1,0.00000000000000000e0
27,1,0,4.29687500000000000e-1,4.59784793135173675e-1,0.00000000000000000e0
28,1,0,4.45312500000000000e-1,4.81124357158591753e-1,0.00000000000000000e0
29,1,0,4.60937500000000000e-1,4.92067723324443929e-1,0.00000000000000000e0
30,1,0,4.76562500000000000e-1,4.97018293732802041e-1,0.00000000000000000e0
31,1,0,4.92187500000000000e-1,4.98998521896142633e-1,0.00000000000000000e0
32,1,0,5.07812500000000000e-1,4.99649626491130761e-1,0.00000000000000000e0
33,1,0,5.23437500000000000e-1,4.99333905572103665e-1,0.00000000000000000e0
34,1,0,5.39062500000000000e-1,4.96627001327662410e-1,0.00000000000000000e0
35,1,0,5.54687500000000000e-1,4.87415271478442991e-1,0.00000000000000000e0
36,1,0,5.70312500000000000e-1,4.65120565761800442e-1,0.00000000000000000e0
37,1,0,5.85937500000000000e-1,4.23498329970473375e-1,0.00000000000000000e0
38,1,0,6.01562500000000000e-1,3.61064150255154759e-1,0.00000000000000000e0
39,1,0,6.17187500000000000e-1,2.83764576781795674e-1,0.00000000000000000e0
40,1,0,6.32812500000000000e-1,2.03244174029784896e-1,0.00000000000000000e0
41,1,0,6.48437500000000000e-1,1.31670481231487502e-1,0.00000000000000000e0
42,1,0,6.64062500000000000e-1,7.67973166177290251e-2,0.00000000000000000e0
43,1,0,6.79687500000000000e-1,4.02152068646116218e-2,0.00000000000000000e0
44,1,0,6.95312500000000000e-1,1.88756428412645838e-2,0.00000000000000000e0
45,1,0,7.10937500000000000e-1,7.93227667540852624e-3,0.00000000000000000e0
46,1,0,7.26562500000000000e-1,2.98170626704346176e-3,0.00000000000000000e0
47,1,0,7.42187500000000000e-1,1.00147810369735635e-3,0.00000000000000000e0
48,1,0,7.57812500000000000e-1,3.00147295845598682e-4,0.00000000000000000e0
49,1,0,7.73437500000000000e-1,8.01219443626910883e-5,0.00000000000000000e0
50,1,0,7.89062500000000000e-1,1.90037911729937109e-5,0.00000000000000000e0
51,1,0,8.04687500000000000e-1,3.99231495096259715e-6,0.00000000000000000e0
52,1,0,8.20312500000000000e-1,7.39828436189152005e-7,0.00000000000000000e0
53,1,0,8.35937500000000000e-1,1.20307195279918011e-7,0.00000000000000000e0
54,1,0,8.51562500000000000e-1,1.70536551283780581e-8,0.00000000000000000e0
55,1,0,8.67187500000000000e-1,2.08937394699534729e-9,0.00000000000000000e0
56,1,0,8.82812500000000000e-1,2.18838799322496345e-10,0.00000000000000000e0
57,1,0,8.98437500000000000e-1,1.93150502373912422e-11,0.00000000000000000e0
58,1,0,9.14062500000000000e-1,1.40907275539455040e-12,0.00000000000000000e0
59,1,0,9.29687500000000000e-1,8.27040530244212652e-14,0.00000000000000000e0
60,1,0,9.45312500000000000e-1,3.75353502619913795e-15,0.00000000000000000e0
61,1,0,9.60937500000000000e-1,1.23626152717659914e-16,0.00000000000000000e0
62,1,0,9.76562500000000000e-1,2.62919026827735056e-18,0.00000000000000000e0
63,1,0,9.92187500000000000e-1,2.71050543121376109e-20,0.00000000000000000e0
0,2,0,7.81250000000000000e-3,0.00000000000000000e0,0.00000000000000000e0
1,2,0,2.34375000000000000e-2,0.00000000000000000e0,0.00000000000000000e0
2,2,0,3.90625000000000000e-2,0.00000000000000000e0,0.00000000000000000e0
3,2,0,5.46875000000000000e-2,0.00000000000000000e0,0.00000000000000000e0
4,2,0,7.03125000000000000e-2,0.00000000000000000e0,0.00000000000000000e0
5,2,0,8.59375000000000000e-2,0.00000000000000000e0,0.00000000000000000e0
6,2,0,1.01562500000000000e-1,0.00000000000000000e0,0.00000000000000000e0
7,2,0,1.17187500000000000e-1,0.00000000000000000e0,0.00000000000000000e0
8,2,0,1.32812500000000000e-1,0.00000000000000000e0,0.00000000000000000e0
9,2,0,1.48437500000000000e-1,0.00000000000000000e0,0.00000000000000000e0
10,2,0,1.64062500000000000e-1,0.00000000000000000e0,0.00000000000000000e0
11,2,0,1.79687500000000000e-1,0.00000000000000000e0,0.00000000000000000e0
12,2,0,1.95312500000000000e-1,0.00000000000000000e0,0.00000000000000000e0
13,2,0,2.10937500000000000e-1,0.00000000000000000e0,0.00000000000000000e0
14,2,0,2.26562500000000000e-1,0.00000000000000000e0,0.00000000000000000e0
15,2,0,2.42187500000000000e-1,0.00000000000000000e0,0.00000000000000000e0
16,2,0,2.57812500000000000e-1,5.02262128603366532e-5,0.00000000000000000e0
17,2,0,2.73437500000000000e-1,5.85972483370571901e-4,0.00000000000000000e0
18,2,0,2.89062500000000000e-1,3.35399488100668461e-3,0.00000000000000000e0
19,2,0,3.04687500000000000e-1,1.25807362064600838e-2,0.00000000000000000e0
20,2,0,3.20312500000000000e-1,3.48786944096384499e-2,0.00000000000000000e0
21,2,0,3.35937500000000000e-1,7.65015497222369528e-2,0.00000000000000000e0
22,2,0,3.51562500000000000e-1,1.38935832691133215e-1,0.00000000000000000e0
23,2,0,3.67187500000000000e-1,2.16235421128812583e-1,0.00000000000000000e0
24,2,0,3.82812500000000000e-1,2.96755825751393587e-1,0.00000000000000000e0
25,2,0,3.98437500000000000e-1,3.68329518749241913e-1,0.00000000000000000e0
26,2,0,4.14062500000000000e-1,4.23202683380924483e-1,0.00000000000000000e0
27,2,0,4.29687500000000000e-1,4.59784793135378678e-1,0.00000000000000000e0
28,2,0,4.45312500000000000e-1,4.81124357158810023e-1,0.00000000000000000e0
29,2,0,4.60937500000000000e-1,4.92067723324672746e-1,0.00000000000000000e0
30,2,0,4.76562500000000000e-1,4.97018293733040017e-1,0.00000000000000000e0
31,2,0,4.92187500000000000e-1,4.98998521896388159e-1,0.00000000000000000e0
32,2,0,5.07812500000000000e-1,4.99649626491381504e-1,0.00000000000000000e0
33,2,0,5.23437500000000000e-1,4.99333905572355630e-1,0.00000000000000000e0
34,2,0,5.39062500000000000e-1,4.96627001327910045e-1,0.00000000000000000e0
35,2,0,5.54687500000000000e-1,4.87415271478678802e-1,0.00000000000000000e0
36,2,0,5.70312500000000000e-1,4.65120565762015159e-1,0.00000000000000000e0
37,2,0,5.85937500000000000e-1,4.23498329970657894e-1,0.00000000000000000e0
38,2,0,6.01562500000000000e-1,3.61064150255302252e-1,0.00000000000000000e0
39,2,0,6.17187500000000000e-1,2.83764576781904254e-1,0.00000000000000000e0
40,2,0,6.32812500000000000e-1,2.03244174029857561e-1,0.00000000000000000e0
41,2,0,6.48437500000000000e-1,1.31670481231531411e-1,0.00000000000000000e0
42,2,0,6.64062500000000000e-1,7.67973166177527561e-2,0.00000000000000000e0
43,2,0,6.79687500000000000e-1,4.02152068646229877e-2,0.00000000000000000e0
44,2,0,6.95312500000000000e-1,1.88756428412693994e-2,0.00000000000000000e0
45,2,0,7.10937500000000000e-1,7.93227667541032168e-3,0.00000000000000000e0
46,2,0,7.26562500000000000e-1,2.98170626704404983e-3,0.00000000000000000e0
47,2,0,7.42187500000000000e-1,1.00147810369752527e-3,0.00000000000000000e0
48,2,0,7.57812500000000000e-1,3.00147295845641236e-4,0.00000000000000000e0
49,2,0,7.73437500000000000e-1,8.01219443627004260e-5,0.00000000000000000e0
50,2,0,7.89062500000000000e-1,1.90037911729954998e-5,0.00000000000000000e0
51,2,0,8.04687500000000000e-1,3.99231495096289022e-6,0.00000000000000000e0
52,2,0,8.20312500000000000e-1,7.39828436189192769e-7,0.00000000000000000e0
53,2,0,8.35937500000000000e-1,1.20307195279922696e-7,0.00000000000000000e0
54,2,0,8.51562500000000000e-1,1.70536551283785081e-8,0.00000000000000000e0
55,2,0,8.67187500000000000e-1,2.08937394699537914e-9,0.00000000000000000e0
56,2,0,8.82812500000000000e-1,2.18838799322497793e-10,0.00000000000000000e0
57,2,0,8.98437500000000000e-1,1.93150502373912325e-11,0.00000000000000000e0
58,2,0,9.14062500000000000e-1,1.40907275539454333e-12,0.00000000000000000e0
59,2,0,9.29687500000000000e-1,8.27040530244206089e-14,0.00000000000000000e0
60,2,0,9.45312500000000000e-1,3.75353502619910640e-15,0.00000000000000000e0
61,2,0,9.60937500000000000e-1,1.23626152717659027e-16,0.00000000000000000e0
62,2,0,9.76562500000000000e-1,2.62919026827734016e-18,0.00000000000000000e0
63,2,0,9.92187500000000000e-1,2.71050543121376109e-20,0.00000000000000000e0
0,3,0,7.81250000000000000e-3,0.00000000000000000e0,0.00000000000000000e0
1,3,0,2.34375000000000000e-2,0.00000000000000000e0,0.00000000000000000e0
2,3,0,3.90625000000000000e-2,0.00000000000000000e0,0.00000000000000000e0
3,3,0,5.46875000000000000e-2,0.00000000000000000e0,0.00000000000000000e0
4,3,0,7.03125000000000000e-2,0.00000000000000000e0,0.00000000000000000e0
5,3,0,8.59375000000000000e-2,0.00000000000000000e0,0.00000000000000000e0
6,3,0,1.01562500000000000e-1,0.00000000000000000e0,0.00000000000000000e0
7,3,0,1.17187500000000000e-1,0.00000000000000000e0,0.00000000000000000e0
8,3,0,1.32812500000000000e-1,0.00000000000000000e0,0.00000000000000000e0
9,3,0,1.48437500000000000e-1,0.00000000000000000e0,0.00000000000000000e0
10,3,0,1.64062500000000000e-1,0.00000000000000000e0,0.00000000000000000e0
11,3,0,1.79687500000000000e-1,0.00000000000000000e0,0.00000000000000000e0
12,3,0,1.95312500000000000e-1,0.00000000000000000e0,0.00000000000000000e0
13,3,0,2.10937500000000000e-1,0.00000000000000000e0,0.00000000000000000e0
14,3,0,2.26562500000000000e-1,0.00000000000000000e0,0.00000000000000000e0
15,3,0,2.42187500000000000e-1,0.00000000000000000e0,0.00000000000000000e0
16,3,0,2.57812500000000000e-1,5.02262128603390181e-5,0.00000000000000000e0
17,3,0,2.73437500000000000e-1,5.85972483370621232e-4,0.00000000000000000e0
18,3,0,2.89062500000000000e-1,3.35399488100708619e-3,0.00000000000000000e0
19,3,0,3.04687500000000000e-1,1.25807362064620197e-2,0.00000000000000000e0
20,3,0,3.20312500000000000e-1,3.48786944096449655e-2,0.00000000000000000e0
21,3,0,3.35937500000000000e-1,7.65015497222535229e-2,0.00000000000000000e0
22,3,0,3.51562500000000000e-1,1.38935832691167049e-1,0.00000000000000000e0
23,3,0,3.67187500000000000e-1,2.16235421128870231e-1,0.00000000000000000e0
24,3,0,3.82812500000000000e-1,2.96755825751478575e-1,0.00000000000000000e0
25,3,0,3.98437500000000000e-1,3.68329518749353768e-1,0.00000000000000000e0
26,3,0,4.14062500000000000e-1,4.23202683381059541e-1,0.00000000000000000e0
27,3,0,4.29687500000000000e-1,4.59784793135532055e-1,0.00000000000000000e0
28,3,0,4.45312500000000000e-1,4.81124357158977001e-1,0.00000000000000000e0
29,3,0,4.60937500000000000e-1,4.92067723324849382e-1,0.00000000000000000e0
30,3,0,4.76562500000000000e-1,4.97018293733223926e-1,0.00000000000000000e0
31,3,0,4.92187500000000000e-1,4.98998521896577285e-1,0.00000000000000000e0
32,3,0,5.07812500000000000e-1,4.99649626491573795e-1,0.00000000000000000e0
33,3,0,5.23437500000000000e-1,4.99333905572548753e-1,0.00000000000000000e0
34,3,0,5.39062500000000000e-1,4.96627001328100837e-1,0.00000000000000000e0
35,3,0,5.54687500000000000e-1,4.87415271478862488e-1,0.00000000000000000e0
36,3,0,5.70312500000000000e-1,4.65120565762184413e-1,0.00000000000000000e0
37,3,0,5.85937500000000000e-1,4.23498329970803944e-1,0.00000000000000000e0
38,3,0,6.01562500000000000e-1,3.61064150255418048e-1,0.00000000000000000e0
39,3,0,6.17187500000000000e-1,2.83764576781987465e-1,0.00000000000000000e0
40,3,0,6.32812500000000000e-1,2.03244174029911406e-1,0.00000000000000000e0
41,3,0,6.48437500000000000e-1,1.31670481231562692e-1,0.00000000000000000e0
42,3,0,6.64062500000000000e-1,7.67973166177691735e-2,0.00000000000000000e0
43,3,0,6.79687500000000000e-1,4.02152068646308147e-2,0.00000000000000000e0
44,3,0,6.95312500000000000e-1,1.88756428412727925e-2,0.00000000000000000e0
45,3,0,7.10937500000000000e-1,7.93227667541165395e-3,0.00000000000000000e0
46,3,0,7.26562500000000000e-1,2.98170626704452168e-3,0.00000000000000000e0
47,3,0,7.42187500000000000e-1,1.00147810369767445e-3,0.00000000000000000e0
48,3,0,7.57812500000000000e-1,3.00147295845682870e-4,0.00000000000000000e0
49,3,0,7.73437500000000000e-1,8.01219443627106446e-5,0.00000000000000000e0
50,3,0,7.89062500000000000e-1,1.90037911729976818e-5,0.00000000000000000e0
51,3,0,8.04687500000000000e-1,3.99231495096329680e-6,0.00000000000000000e0
52,3,0,8.20312500000000000e-1,7.39828436189258202e-7,0.00000000000000000e0
53,3,0,8.35937500000000000e-1,1.20307195279931722e-7,0.00000000000000000e0
54,3,0,8.51562500000000000e-1,1.70536551283795636e-8,0.00000000000000000e0
55,3,0,8.67187500000000000e-1,2.08937394699548378e-9,0.00000000000000000e0
56,3,0,8.82812500000000000e-1,2.18838799322506504e-10,0.00000000000000000e0
57,3,0,8.98437500000000000e-1,1.93150502373918238e-11,0.00000000000000000e0
58,3,0,9.14062500000000000e-1,1.40907275539457544e-12,0.00000000000000000e0
59,3,0,9.29687500000000000e-1,8.27040530244219720e-14,0.00000000000000000e0
60,3,0,9.45312500000000000e-1,3.75353502619914821e-15,0.00000000000000000e0
61,3,0,9.60937500000000000e-1,1.23626152717659816e-16,0.00000000000000000e0
62,3,0,9.76562500000000000e-1,2.62919026827734748e-18,0.00000000000000000e0
63,3,0,9.92187500000000000e-1,2.71050543121376109e-20,0.00000000000000000e0
0,4,0,7.81250000000000000e-3,0.00000000000000000e0,0.00000000000000000e0
1,4,0,2.34375000000000000e-2,0.00000000000000000e0,0.00000000000000000e0
2,4,0,3.90625000000000000e-2,0.00000000000000000e0,0.00000000000000000e0
3,4,0,5.46875000000000000e-2,0.00000000000000000e0,0.00000000000000000e0
4,4,0,7.03125000000000000e-2,0.00000000000000000e0,0.00000000000000000e0
5,4,0,8.59375000000000000e-2,0.00000000000000000e0,0.00000000000000000e0
6,4,0,1.01562500000000000e-1,0.00000000000000000e0,0.00000000000000000e0
7,4,0,1.17187500000000000e-1,0.00000000000000000e0,0.00000000000000000e0
8,4,0,1.32812500000000000e-1,0.00000000000000000e0,0.00000000000000000e0
9,4,0,1.48437500000000000e-1,0.00000000000000000e0,0.00000000000000000e0
10,4,0,1.64062500000000000e-1,0.00000000000000000e0,0.00000000000000000e0
11,4,0,1.79687500000000000e-1,0.00000000000000000e0,0.00000000000000000e0
12,4,0,1.95312500000000000e-1,0.00000000000000000e0,0.00000000000000000e0
13,4,0,2.10937500000000000e-1,0.00000000000000000e0,0.00000000000000000e0
14,4,0,2.26562500000000000e-1,0.00000000000000000e0,0.00000000000000000e0
15,4,0,2.42187500000000000e-1,0.00000000000000000e0,0.00000000000000000e0
16,4,0,2.57812500000000000e-1,5.02262128603419455e-5,0.00000000000000000e0
17,4,0,2.73437500000000000e-1,5.85972483370635869e-4,0.00000000000000000e0
18,4,0,2.89062500000000000e-1,3.35399488100703198e-3,0.00000000000000000e0
19,4,0,3.04687500000000000e-1,1.25807362064612425e-2,0.00000000000000000e0
20,4,0,3.20312500000000000e-1,3.48786944096410867e-2,0.00000000000000000e0
21,4,0,3.35937500000000000e-1,7.65015497222411300e-2,0.00000000000000000e0
22,4,0,3.51562500000000000e-1,1.38935832691137601e-1,0.00000000000000000e0
23,4,0,3.67187500000000000e-1,2.16235421128813998e-1,0.00000000000000000e0
24,4,0,3.82812500000000000e-1,2.96755825751387925e-1,0.00000000000000000e0
25,4,0,3.98437500000000000e-1,3.68329518749225870e-1,0.00000000000000000e0
26,4,0,4.14062500000000000e-1,4.23202683380896061e-1,0.00000000000000000e0
27,4,0,4.29687500000000000e-1,4.59784793135338155e-1,0.00000000000000000e0
28,4,0,4.45312500000000000e-1,4.81124357158758953e-1,0.00000000000000000e0
29,4,0,4.60937500000000000e-1,4.92067723324613626e-1,0.00000000000000000e0
30,4,0,4.76562500000000000e-1,4.97018293732975902e-1,0.00000000000000000e0
31,4,0,4.92187500000000000e-1,4.98998521896321712e-1,0.00000000000000000e0
32,4,0,5.07812500000000000e-1,4.99649626491315058e-1,0.00000000000000000e0
33,4,0,5.23437500000000000e-1,4.99333905572290904e-1,0.00000000000000000e0
34,4,0,5.39062500000000000e-1,4.96627001327848150e-1,0.00000000000000000e0
35,4,0,5.54687500000000000e-1,4.87415271478620515e-1,0.00000000000000000e0
36,4,0,5.70312500000000000e-1,4.65120565761961147e-1,0.00000000000000000e0
37,4,0,5.85937500000000000e-1,4.23498329970609044e-1,0.00000000000000000e0
38,4,0,6.01562500000000000e-1,3.61064150255260063e-1,0.00000000000000000e0
39,4,0,6.17187500000000000e-1,2.83764576781870226e-1,0.00000000000000000e0
40,4,0,6.32812500000000000e-1,2.03244174029832719e-1,0.00000000000000000e0
41,4,0,6.48437500000000000e-1,1.31670481231515063e-1,0.00000000000000000e0
42,4,0,6.64062500000000000e-1,7.67973166177432776e-2,0.00000000000000000e0
43,4,0,6.79687500000000000e-1,4.02152068646181443e-2,0.00000000000000000e0
44,4,0,6.95312500000000000e-1,1.88756428412672518e-2,0.00000000000000000e0
45,4,0,7.10937500000000000e-1,7.93227667540949075e-3,0.00000000000000000e0
46,4,0,7.26562500000000000e-1,2.98170626704377271e-3,0.00000000000000000e0
47,4,0,7.42187500000000000e-1,1.00147810369744569e-3,0.00000000000000000e0
48,4,0,7.57812500000000000e-1,3.00147295845621667e-4,0.00000000000000000e0
49,4,0,7.73437500000000000e-1,8.01219443626963602e-5,0.00000000000000000e0
50,4,0,7.89062500000000000e-1,1.90037911729947782e-5,0.00000000000000000e0
51,4,0,8.04687500000000000e-1,3.99231495096278180e-6,0.00000000000000000e0
52,4,0,8.20312500000000000e-1,7.39828436189179640e-7,0.00000000000000000e0
53,4,0,8.35937500000000000e-1,1.20307195279921426e-7,0.00000000000000000e0
54,4,0,8.51562500000000000e-1,1.70536551283784154e-8,0.00000000000000000e0
55,4,0,8.67187500000000000e-1,2.08937394699537500e-9,0.00000000000000000e0
56,4,0,8.82812500000000000e-1,2.18838799322497870e-10,0.00000000000000000e0
57,4,0,8.98437500000000000e-1,1.93150502373912584e-11,0.00000000000000000e0
58,4,0,9.14062500000000000e-1,1.40907275539454595e-12,0.00000000000000000e0
59,4,0,9.29687500000000000e-1,8.27040530244207982e-14,0.00000000000000000e0
60,4,0,9.45312500000000000e-1,3.75353502619911508e-15,0.00000000000000000e0
61,4,0,9.60937500000000000e-1,1.23626152717659249e-16,0.00000000000000000e0
62,4,0,9.76562500000000000e-1,2.62919026827734325e-18,0.00000000000000000e0
63,4,0,9.92187500000000000e-1,2.71050543121376109e-20,0.00000000000000000e0
0,5,0,7.81250000000000000e-3,0.00000000000000000e0,0.00000000000000000e0
1,5,0,2.34375000000000000e-2,0.00000000000000000e0,0.00000000000000000e0
2,5,0,3.90625000000000000e-2,0.00000000000000000e0,0.00000000000000000e0
3,5,0,5.46875000000000000e-2,0.00000000000000000e0,0.00000000000000000e0
4,5,0,7.03125000000000000e-2,0.00000000000000000e0,0.00000000000000000e0
5,5,0,8.59375000000000000e-2,0.00000000000000000e0,0.00000000000000000e0
6,5,0,1.01562500000000000e-1,0.00000000000000000e0,0.00000000000000000e0
7,5,0,1.17187500000000000e-1,0.00000000000000000e0,0.00000000000000000e0
8,5,0,1.32812500000000000e-1,0.00000000000000000e0,0.00000000000000000e0
9,5,0,1.48437500000000000e-1,0.00000000000000000e0,0.00000000000000000e0
10,5,0,1.64062500000000000e-1,0.00000000000000000e0,0.00000000000000000e0
11,5,0,1.79687500000000000e-1,0.00000000000000000e0,0.00000000000000000e0
12,5,0,1.95312500000000000e-1,0.00000000000000000e0,0.00000000000000000e0
13,5,0,2.10937500000000000e-1,0.00000000000000000e0,0.00000000000000000e0
14,5,0,2.26562500000000000e-1,0.00000000000000000e0,0.00000000000000000e0
15,5,0,2.42187500000000000e-1,0.00000000000000000e0,0.00000000000000000e0
16,5,0,2.57812500000000000e-1,5.02262128603317472e-5,0.00000000000000000e0
17,5,0,2.73437500000000000e-1,5.85972483370527232e-4,0.00000000000000000e0
18,5,0,2.89062500000000000e-1,3.35399488100648641e-3,0.00000000000000000e0
19,5,0,3.04687500000000000e-1,1.25807362064595200e-2,0.00000000000000000e0
20,5,0,3.20312500000000000e-1,3.48786944096372703e-2,0.00000000000000000e0
21,5,0,3.35937500000000000e-1,7.65015497222349128e-2,0.00000000000000000e0
22,5,0,3.51562500000000000e-1,1.38935832691129968e-1,0.00000000000000000e0
23,5,0,3.67187500000000000e-1,2.16235421128807503e-1,0.00000000000000000e0
24,5,0,3.82812500000000000e-1,2.96755825751385593e-1,0.00000000000000000e0
25,5,0,3.98437500000000000e-1,3.68329518749228868e-1,0.00000000000000000e0
26,5,0,4.14062500000000000e-1,4.23202683380903388e-1,0.00000000000000000e0
27,5,0,4.29687500000000000e-1,4.59784793135345482e-1,0.00000000000000000e0
28,5,0,4.45312500000000000e-1,4.81124357158759730e-1,0.00000000000000000e0
29,5,0,4.60937500000000000e-1,4.92067723324600192e-1,0.00000000000000000e0
30,5,0,4.76562500000000000e-1,4.97018293732940986e-1,0.00000000000000000e0
31,5,0,4.92187500000000000e-1,4.98998521896260205e-1,0.00000000000000000e0
32,5,0,5.07812500000000000e-1,4.99649626491224963e-1,0.00000000000000000e0
33,5,0,5.23437500000000000e-1,4.99333905572173997e-1,0.00000000000000000e0
34,5,0,5.39062500000000000e-1,4.96627001327710371e-1,0.00000000000000000e0
35,5,0,5.54687500000000000e-1,4.87415271478471857e-1,0.00000000000000000e0
36,5,0,5.70312500000000000e-1,4.65120565761814986e-1,0.00000000000000000e0
37,5,0,5.85937500000000000e-1,4.23498329970478815e-1,0.00000000000000000e0
38,5,0,6.01562500000000000e-1,3.61064150255155925e-1,0.00000000000000000e0
39,5,0,6.17187500000000000e-1,2.83764576781795841e-1,0.00000000000000000e0
40,5,0,6.32812500000000000e-1,2.03244174029785452e-1,0.00000000000000000e0
41,5,0,6.48437500000000000e-1,1.31670481231488418e-1,0.00000000000000000e0
42,5,0,6.64062500000000000e-1,7.67973166177299549e-2,0.00000000000000000e0
43,5,0,6.79687500000000000e-1,4.02152068646122324e-2,0.00000000000000000e0
44,5,0,6.95312500000000000e-1,1.88756428412649030e-2,0.00000000000000000e0
45,5,0,7.10937500000000000e-1,7.93227667540865634e-3,0.00000000000000000e0
46,5,0,7.26562500000000000e-1,2.98170626704350383e-3,0.00000000000000000e0
47,5,0,7.42187500000000000e-1,1.00147810369736676e-3,0.00000000000000000e0
48,5,0,7.57812500000000000e-1,3.00147295845600633e-4,0.00000000000000000e0
49,5,0,7.73437500000000000e-1,8.01219443626912916e-5,0.00000000000000000e0
50,5,0,7.89062500000000000e-1,1.90037911729936940e-5,0.00000000000000000e0
51,5,0,8.04687500000000000e-1,3.99231495096258021e-6,0.00000000000000000e0
52,5,0,8.20312500000000000e-1,7.39828436189146923e-7,0.00000000000000000e0
53,5,0,8.35937500000000000e-1,1.20307195279916926e-7,0.00000000000000000e0
54,5,0,8.51562500000000000e-1,1.70536551283778794e-8,0.00000000000000000e0
55,5,0,8.67187500000000000e-1,2.08937394699532413e-9,0.00000000000000000e0
56,5,0,8.82812500000000000e-1,2.18838799322493967e-10,0.00000000000000000e0
57,5,0,8.98437500000000000e-1,1.93150502373910290e-11,0.00000000000000000e0
58,5,0,9.14062500000000000e-1,1.40907275539453646e-12,0.00000000000000000e0
59,5,0,9.29687500000000000e-1,8.27040530244205458e-14,0.00000000000000000e0
60,5,0,9.45312500000000000e-1,3.75353502619911271e-15,0.00000000000000000e0
61,5,0,9.60937500000000000e-1,1.23626152717659372e-16,0.00000000000000000e0
62,5,0,9.76562500000000000e-1,2.62919026827734633e-18,0.00000000000000000e0
63,5,0,9.92187500000000000e-1,2.71050543121376109e-20,0.00000000000000000e0
0,6,0,7.81250000000000000e-3,0.00000000000000000e0,0.00000000000000000e0
1,6,0,2.34375000000000000e-2,0.00000000000000000e0,0.00000000000000000e0
2,6,0,3.90625000000000000e-2,0.00000000000000000e0,0.00000000000000000e0
3,6,0,5.46875000000000000e-2,0.00000000000000000e0,0.00000000000000000e0
4,6,0,7.03125000000000000e-2,0.00000000000000000e0,0.00000000000000000e0
5,6,0,8.59375000000000000e-2,0.00000000000000000e0,0.00000000000000000e0
6,6,0,1.01562500000000000e-1,0.00000000000000000e0,0.00000000000000000e0
7,6,0,1.17187500000000000e-1,0.00000000000000000e0,0.00000000000000000e0
8,6,0,1.32812500000000000e-1,0.00000000000000000e0,0.00000000000000000e0
9,6,0,1.48437500000000000e-1,0.00000000000000000e0,0.00000000000000000e0
10,6,0,1.64062500000000000e-1,0.00000000000000000e0,0.00000000000000000e0
11,6,0,1.79687500000000000e-1,0.00000000000000000e0,0.00000000000000000e0
12,6,0,1.95312500000000000e-1,0.00000000000000000e0,0.00000000000000000e0
13,6,0,2.10937500000000000e-1,0.00000000000000000e0,0.00000000000000000e0
14,6,0,2.26562500000000000e-1,0.00000000000000000e0,0.00000000000000000e0
15,6,0,2.42187500000000000e-1,0.00000000000000000e0,0.00000000000000000e0
16,6,0,2.57812500000000000e-1,5.02262128603092026e-5,0.00000000000000000e0
17,6,0,2.73437500000000000e-1,5.85972483370289033e-4,0.00000000000000000e0
18,6,0,2.89062500000000000e-1,3.35399488100525910e-3,0.00000000000000000e0
19,6,0,3.04687500000000000e-1,1.25807362064553722e-2,0.00000000000000000e0
20,6,0,3.20312500000000000e-1,3.48786944096269105e-2,0.00000000000000000e0
21,6,0,3.35937500000000000e-1,7.65015497222143320e-2,0.00000000000000000e0
22,6,0,3.51562500000000000e-1,1.38935832691095856e-1,0.00000000000000000e0
23,6,0,3.67187500000000000e-1,2.16235421128758515e-1,0.00000000000000000e0
24,6,0,3.82812500000000000e-1,2.96755825751322810e-1,0.00000000000000000e0
25,6,0,3.98437500000000000e-1,3.68329518749155926e-1,0.00000000000000000e0
26,6,0,4.14062500000000000e-1,4.23202683380825895e-1,0.00000000000000000e0
27,6,0,4.29687500000000000e-1,4.59784793135270486e-1,0.00000000000000000e0
28,6,0,4.45312500000000000e-1,4.81124357158695004e-1,0.00000000000000000e0
29,6,0,4.60937500000000000e-1,4.92067723324553119e-1,0.00000000000000000e0
30,6,0,4.76562500000000000e-1,4.97018293732918448e-1,0.00000000000000000e0
31,6,0,4.92187500000000000e-1,4.98998521896267810e-1,0.00000000000000000e0
32,6,0,5.07812500000000000e-1,4.99649626491266596e-1,0.00000000000000000e0
33,6,0,5.23437500000000000e-1,4.99333905572250492e-1,0.00000000000000000e0
34,6,0,5.39062500000000000e-1,4.96627001327818396e-1,0.00000000000000000e0
35,6,0,5.54687500000000000e-1,4.87415271478603085e-1,0.00000000000000000e0
36,6,0,5.70312500000000000e-1,4.65120565761956151e-1,0.00000000000000000e0
37,6,0,5.85937500000000000e-1,4.23498329970614262e-1,0.00000000000000000e0
38,6,0,6.01562500000000000e-1,3.61064150255271665e-1,0.00000000000000000e0
39,6,0,6.17187500000000000e-1,2.83764576781883826e-1,0.00000000000000000e0
40,6,0,6.32812500000000000e-1,2.03244174029844848e-1,0.00000000000000000e0
41,6,0,6.48437500000000000e-1,1.31670481231524000e-1,0.00000000000000000e0
42,6,0,6.64062500000000000e-1,7.67973166177488981e-2,0.00000000000000000e0
43,6,0,6.79687500000000000e-1,4.02152068646212113e-2,0.00000000000000000e0
44,6,0,6.95312500000000000e-1,1.88756428412686916e-2,0.00000000000000000e0
45,6,0,7.10937500000000000e-1,7.93227667541008576e-3,0.00000000000000000e0
46,6,0,7.26562500000000000e-1,2.98170626704398522e-3,0.00000000000000000e0
47,6,0,7.42187500000000000e-1,1.00147810369751074e-3,0.00000000000000000e0
48,6,0,7.57812500000000000e-1,3.00147295845638580e-4,0.00000000000000000e0
49,6,0,7.73437500000000000e-1,8.01219443627000736e-5,0.00000000000000000e0
50,6,0,7.89062500000000000e-1,1.90037911729954592e-5,0.00000000000000000e0
51,6,0,8.04687500000000000e-1,3.99231495096288683e-6,0.00000000000000000e0
52,6,0,8.20312500000000000e-1,7.39828436189192663e-7,0.00000000000000000e0
53,6,0,8.35937500000000000e-1,1.20307195279922749e-7,0.00000000000000000e0
54,6,0,8.51562500000000000e-1,1.70536551283785279e-8,0.00000000000000000e0
55,6,0,8.67187500000000000e-1,2.08937394699538534e-9,0.00000000000000000e0
56,6,0,8.82812500000000000e-1,2.18838799322498879e-10,0.00000000000000000e0
57,6,0,8.98437500000000000e-1,1.93150502373913553e-11,0.00000000000000000e0
58,6,0,9.14062500000000000e-1,1.40907275539455363e-12,0.00000000000000000e0
59,6,0,9.29687500000000000e-1,8.27040530244212778e-14,0.00000000000000000e0
60,6,0,9.45312500000000000e-1,3.75353502619913795e-15,0.00000000000000000e0
61,6,0,9.60937500000000000e-1,1.23626152717659914e-16,0.00000000000000000e0
62,6,0,9.76562500000000000e-1,2.62919026827735172e-18,0.00000000000000000e0
63,6,0,9.92187500000000000e-1,2.71050543121376109e-20,0.00000000000000000e0
0,7,0,7.81250000000000000e-3,0.00000000000000000e0,0.00000000000000000e0
1,7,0,2.34375000000000000e-2,0.00000000000000000e0,0.00000000000000000e0
2,7,0,3.90625000000000000e-2,0.00000000000000000e0,0.00000000000000000e0
3,7,0,5.46875000000000000e-2,0.00000000000000000e0,0.00000000000000000e0
4,7,0,7.03125000000000000e-2,0.00000000000000000e0,0.00000000000000000e0
5,7,0,8.59375000000000000e-2,0.00000000000000000e0,0.00000000000000000e0
6,7,0,1.01562500000000000e-1,0.00000000000000000e0,0.00000000000000000e0
7,7,0,1.17187500000000000e-1,0.00000000000000000e0,0.00000000000000000e0
8,7,0,1.32812500000000000e-1,0.00000000000000000e0,0.00000000000000000e0
9,7,0,1.48437500000000000e-1,0.00000000000000000e0,0.00000000000000000e0
10,7,0,1.64062500000000000e-1,0.00000000000000000e0,0.00000000000000000e0
11,7,0,1.79687500000000000e-1,0.00000000000000000e0,0.00000000000000000e0
12,7,0,1.95312500000000000e-1,0.00000000000000000e0,0.00000000000000000e0
13,7,0,2.10937500000000000e-1,0.00000000000000000e0,0.00000000000000000e0
14,7,0,2.26562500000000000e-1,0.00000000000000000e0,0.00000000000000000e0
15,7,0,2.42187500000000000e-1,0.00000000000000000e0,0.00000000000000000e0
16,7,0,2.57812500000000000e-1,5.02262128602824160e-5,0.00000000000000000e0
17,7,0,2.73437500000000000e-1,5.85972483369975265e-4,0.00000000000000000e0
18,7,0,2.89062500000000000e-1,3.35399488100346713e-3,0.00000000000000000e0
19,7,0,3.04687500000000000e-1,1.25807362064487283e-2,0.00000000000000000e0
20,7,0,3.20312500000000000e-1,3.48786944096089319e-2,0.00000000000000000e0
21,7,0,3.35937500000000000e-1,7.65015497221764318e-2,0.00000000000000000e0
22,7,0,3.51562500000000000e-1,1.38935832691030964e-1,0.00000000000000000e0
23,7,0,3.67187500000000000e-1,2.16235421128665423e-1,0.00000000000000000e0
24,7,0,3.82812500000000000e-1,2.96755825751208180e-1,0.00000000000000000e0
25,7,0,3.98437500000000000e-1,3.68329518749032192e-1,0.00000000000000000e0
26,7,0,4.14062500000000000e-1,4.23202683380707045e-1,0.00000000000000000e0
27,7,0,4.29687500000000000e-1,4.59784793135167957e-1,0.00000000000000000e0
28,7,0,4.45312500000000000e-1,4.81124357158615512e-1,0.00000000000000000e0
29,7,0,4.60937500000000000e-1,4.92067723324498829e-1,0.00000000000000000e0
30,7,0,4.76562500000000000e-1,4.97018293732887362e-1,0.00000000000000000e0
31,7,0,4.92187500000000000e-1,4.98998521896254654e-1,0.00000000000000000e0
32,7,0,5.07812500000000000e-1,4.99649626491263932e-1,0.00000000000000000e0
33,7,0,5.23437500000000000e-1,4.99333905572250603e-1,0.00000000000000000e0
34,7,0,5.39062500000000000e-1,4.96627001327814677e-1,0.00000000000000000e0
35,7,0,5.54687500000000000e-1,4.87415271478591705e-1,0.00000000000000000e0
36,7,0,5.70312500000000000e-1,4.65120565761936167e-1,0.00000000000000000e0
37,7,0,5.85937500000000000e-1,4.23498329970587895e-1,0.00000000000000000e0
38,7,0,6.01562500000000000e-1,3.61064150255242855e-1,0.00000000000000000e0
39,7,0,6.17187500000000000e-1,2.83764576781856848e-1,0.00000000000000000e0
40,7,0,6.32812500000000000e-1,2.03244174029822755e-1,0.00000000000000000e0
41,7,0,6.48437500000000000e-1,1.31670481231508291e-1,0.00000000000000000e0
42,7,0,6.64062500000000000e-1,7.67973166177390587e-2,0.00000000000000000e0
43,7,0,6.79687500000000000e-1,4.02152068646158267e-2,0.00000000000000000e0
44,7,0,6.95312500000000000e-1,1.88756428412661000e-2,0.00000000000000000e0
45,7,0,7.10937500000000000e-1,7.93227667540898247e-3,0.00000000000000000e0
46,7,0,7.26562500000000000e-1,2.98170626704357018e-3,0.00000000000000000e0
47,7,0,7.42187500000000000e-1,1.00147810369737369e-3,0.00000000000000000e0
48,7,0,7.57812500000000000e-1,3.00147295845599061e-4,0.00000000000000000e0
49,7,0,7.73437500000000000e-1,8.01219443626901260e-5,0.00000000000000000e0
50,7,0,7.89062500000000000e-1,1.90037911729932840e-5,0.00000000000000000e0
51,7,0,8.04687500000000000e-1,3.99231495096247602e-6,0.00000000000000000e0
52,7,0,8.20312500000000000e-1,7.39828436189125006e-7,0.00000000000000000e0
53,7,0,8.35937500000000000e-1,1.20307195279913088e-7,0.00000000000000000e0
54,7,0,8.51562500000000000e-1,1.70536551283773302e-8,0.00000000000000000e0
55,7,0,8.67187500000000000e-1,2.08937394699525754e-9,0.00000000000000000e0
56,7,0,8.82812500000000000e-1,2.18838799322487169e-10,0.00000000000000000e0
57,7,0,8.98437500000000000e-1,1.93150502373904829e-11,0.00000000000000000e0
58,7,0,9.14062500000000000e-1,1.40907275539450072e-12,0.00000000000000000e0
59,7,0,9.29687500000000000e-1,8.27040530244187535e-14,0.00000000000000000e0
60,7,0,9.45312500000000000e-1,3.75353502619904960e-15,0.00000000000000000e0
61,7,0,9.60937500000000000e-1,1.23626152717657893e-16,0.00000000000000000e0
62,7,0,9.76562500000000000e-1,2.62919026827732938e-18,0.00000000000000000e0
63,7,0,9.92187500000000000e-1,2.71050543121376109e-20,0.00000000000000000e0
0,0,1,7.81250000000000000e-3,0.00000000000000000e0,0.00000000000000000e0
1,0,1,2.34375000000000000e-2,0.00000000000000000e0,0.00000000000000000e0
2,0,1,3.90625000000000000e-2,0.00000000000000000e0,0.00000000000000000e0
3,0,1,5.46875000000000000e-2,0.00000000000000000e0,0.00000000000000000e0
4,0,1,7.03125000000000000e-2,0.00000000000000000e0,0.00000000000000000e0
5,0,1,8.59375000000000000e-2,0.00000000000000000e0,0.00000000000000000e0
6,0,1,1.01562500000000000e-1,0.00000000000000000e0,0.00000000000000000e0
7,0,1,1.17187500000000000e-1,0.00000000000000000e0,0.00000000000000000e0
8,0,1,1.32812500000000000e-1,0.00000000000000000e0,0.00000000000000000e0
9,0,1,1.48437500000000000e-1,0.00000000000000000e0,0.00000000000000000e0
10,0,1,1.64062500000000000e-1,0.00000000000000000e0,0.00000000000000000e0
11,0,1,1.79687500000000000e-1,0.00000000000000000e0,0.00000000000000000e0
12,0,1,1.95312500000000000e-1,0.00000000000000000e0,0.00000000000000000e0
13,0,1,2.10937500000000000e-1,0.00000000000000000e0,0.00000000000000000e0
14,0,1,2.26562500000000000e-1,0.00000000000000000e0,0.00000000000000000e0
15,0,1,2.42187500000000000e-1,0.00000000000000000e0,0.00000000000000000e0
16,0,1,2.57812500000000000e-1,5.02262128603040594e-5,0.00000000000000000e0
17,0,1,2.73437500000000000e-1,5.85972483370215090e-4,0.00000000000000000e0
18,0,1,2.89062500000000000e-1,3.35399488100476513e-3,0.00000000000000000e0
19,0,1,3.04687500000000000e-1,1.25807362064533149e-2,0.00000000000000000e0
20,0,1,3.20312500000000000e-1,3.48786944096208182e-2,0.00000000000000000e0
21,0,1,3.35937500000000000e-1,7.65015497222005791e-2,0.00000000000000000e0
22,0,1,3.51562500000000000e-1,1.38935832691070960e-1,0.00000000000000000e0
23,0,1,3.67187500000000000e-1,2.16235421128721073e-1,0.00000000000000000e0
24,0,1,3.82812500000000000e-1,2.96755825751274627e-1,0.00000000000000000e0
25,0,1,3.98437500000000000e-1,3.68329518749101137e-1,0.00000000000000000e0
26,0,1,4.14062500000000000e-1,4.23202683380769329e-1,0.00000000000000000e0
27,0,1,4.29687500000000000e-1,4.59784793135215919e-1,0.00000000000000000e0
28,0,1,4.45312500000000000e-1,4.81124357158644489e-1,0.00000000000000000e0
29,0,1,4.60937500000000000e-1,4.92067723324506934e-1,0.00000000000000000e0
30,0,1,4.76562500000000000e-1,4.97018293732875316e-1,0.00000000000000000e0
31,0,1,4.92187500000000000e-1,4.98998521896225067e-1,0.00000000000000000e0
32,0,1,5.07812500000000000e-1,4.99649626491220911e-1,0.00000000000000000e0
33,0,1,5.23437500000000000e-1,4.99333905572199255e-1,0.00000000000000000e0
34,0,1,5.39062500000000000e-1,4.96627001327760942e-1,0.00000000000000000e0
35,0,1,5.54687500000000000e-1,4.87415271478541745e-1,0.00000000000000000e0
36,0,1,5.70312500000000000e-1,4.65120565761895532e-1,0.00000000000000000e0
37,0,1,5.85937500000000000e-1,4.23498329970560028e-1,0.00000000000000000e0
38,0,1,6.01562500000000000e-1,3.61064150255228256e-1,0.00000000000000000e0
39,0,1,6.17187500000000000e-1,2.83764576781852962e-1,0.00000000000000000e0
40,0,1,6.32812500000000000e-1,2.03244174029825364e-1,0.00000000000000000e0
41,0,1,6.48437500000000000e-1,1.31670481231513203e-1,0.00000000000000000e0
42,0,1,6.64062500000000000e-1,7.67973166177436384e-2,0.00000000000000000e0
43,0,1,6.79687500000000000e-1,4.02152068646189839e-2,0.00000000000000000e0
44,0,1,6.95312500000000000e-1,1.88756428412678728e-2,0.00000000000000000e0
45,0,1,7.10937500000000000e-1,7.93227667540982728e-3,0.00000000000000000e0
46,0,1,7.26562500000000000e-1,2.98170626704391583e-3,0.00000000000000000e0
47,0,1,7.42187500000000000e-1,1.00147810369749686e-3,0.00000000000000000e0
48,0,1,7.57812500000000000e-1,3.00147295845637171e-4,0.00000000000000000e0
49,0,1,7.73437500000000000e-1,8.01219443627003989e-5,0.00000000000000000e0
50,0,1,7.89062500000000000e-1,1.90037911729957099e-5,0.00000000000000000e0
51,0,1,8.04687500000000000e-1,3.99231495096297408e-6,0.00000000000000000e0
52,0,1,8.20312500000000000e-1,7.39828436189213733e-7,0.00000000000000000e0
53,0,1,8.35937500000000000e-1,1.20307195279926799e-7,0.00000000000000000e0
54,0,1,8.51562500000000000e-1,1.70536551283791400e-8,0.00000000000000000e0
55,0,1,8.67187500000000000e-1,2.08937394699545979e-9,0.00000000000000000e0
56,0,1,8.82812500000000000e-1,2.18838799322506116e-10,0.00000000000000000e0
57,0,1,8.98437500000000000e-1,1.93150502373919337e-11,0.00000000000000000e0
58,0,1,9.14062500000000000e-1,1.40907275539458917e-12,0.00000000000000000e0
59,0,1,9.29687500000000000e-1,8.27040530244229060e-14,0.00000000000000000e0
60,0,1,9.45312500000000000e-1,3.75353502619919002e-15,0.00000000000000000e0
61,0,1,9.60937500000000000e-1,1.23626152717661024e-16,0.00000000000000000e0
62,0,1,9.76562500000000000e-1,2.62919026827736212e-18,0.00000000000000000e0
63,0,1,9.92187500000000000e-1,2.71050543121376109e-20,0.00000000000000000e0
0,1,1,7.81250000000000000e-3,0.00000000000000000e0,0.00000000000000000e0
1,1,1,2.34375000000000000e-2,0.00000000000000000e0,0.00000000000000000e0
2,1,1,3.90625000000000000e-2,0.00000000000000000e0,0.00000000000000000e0
3,1,1,5.46875000000000000e-2,0.00000000000000000e0,0.00000000000000000e0
4,1,1,7.03125000000000000e-2,0.00000000000000000e0,0.00000000000000000e0
5,1,1,8.59375000000000000e-2,0.00000000000000000e0,0.00000000000000000e0
6,1,1,1.01562500000000000e-1,0.00000000000000000e0,0.00000000000000000e0
7,1,1,1.17187500000000000e-1,0.00000000000000000e0,0.00000000000000000e0
8,1,1,1.32812500000000000e-1,0.00000000000000000e0,0.00000000000000000e0
9,1,1,1.48437500000000000e-1,0.00000000000000000e0,0.00000000000000000e0
10,1,1,1.64062500000000000e-1,0.00000000000000000e0,0.00000000000000000e0
11,1,1,1.79687500000000000e-1,0.00000000000000000e0,0.00000000000000000e0
12,1,1,1.95312500000000000e-1,0.00000000000000000e0,0.00000000000000000e0
13,1,1,2.10937500000000000e-1,0.00000000000000000e0,0.00000000000000000e0
14,1,1,2.26562500000000000e-1,0.00000000000000000e0,0.00000000000000000e0
15,1,1,2.42187500000000000e-1,0.00000000000000000e0,0.00000000000000000e0
16,1,1,2.57812500000000000e-1,5.02262128603109237e-5,0.00000000000000000e0
17,1,1,2.73437500000000000e-1,5.85972483370307681e-4,0.00000000000000000e0
18,1,1,2.89062500000000000e-1,3.35399488100535147e-3,0.00000000000000000e0
19,1,1,3.04687500000000000e-1,1.25807362064556966e-2,0.00000000000000000e0
20,1,1,3.20312500000000000e-1,3.48786944096278126e-2,0.00000000000000000e0
21,1,1,3.35937500000000000e-1,7.65015497222165941e-2,0.00000000000000000e0
22,1,1,3.51562500000000000e-1,1.38935832691101102e-1,0.00000000000000000e0
23,1,1,3.67187500000000000e-1,2.16235421128769645e-1,0.00000000000000000e0
24,1,1,3.82812500000000000e-1,2.96755825751343849e-1,0.00000000000000000e0
25,1,1,3.98437500000000000e-1,3.68329518749191287e-1,0.00000000000000000e0
26,1,1,4.14062500000000000e-1,4.23202683380879074e-1,0.00000000000000000e0
27,1,1,4.29687500000000000e-1,4.59784793135343206e-1,0.00000000000000000e0
28,1,1,4.45312500000000000e-1,4.81124357158786597e-1,0.00000000000000000e0
29,1,1,4.60937500000000000e-1,4.92067723324661643e-1,0.00000000000000000e0
30,1,1,4.76562500000000000e-1,4.97018293733040240e-1,0.00000000000000000e0
31,1,1,4.92187500000000000e-1,4.98998521896398040e-1,0.00000000000000000e0
32,1,1,5.07812500000000000e-1,4.99649626491399157e-1,0.00000000000000000e0
33,1,1,5.23437500000000000e-1,4.99333905572378889e-1,0.00000000000000000e0
34,1,1,5.39062500000000000e-1,4.96627001327936135e-1,0.00000000000000000e0
35,1,1,5.54687500000000000e-1,4.87415271478704559e-1,0.00000000000000000e0
36,1,1,5.70312500000000000e-1,4.65120565762037419e-1,0.00000000000000000e0
37,1,1,5.85937500000000000e-1,4.23498329970674270e-1,0.00000000000000000e0
38,1,1,6.01562500000000000e-1,3.61064150255312022e-1,0.00000000000000000e0
39,1,1,6.17187500000000000e-1,2.83764576781908306e-1,0.00000000000000000e0
40,1,1,6.32812500000000000e-1,2.03244174029858199e-1,0.00000000000000000e0
41,1,1,6.48437500000000000e-1,1.31670481231530495e-1,0.00000000000000000e0
42,1,1,6.64062500000000000e-1,7.67973166177516736e-2,0.00000000000000000e0
43,1,1,6.79687500000000000e-1,4.02152068646222660e-2,0.00000000000000000e0
44,1,1,6.95312500000000000e-1,1.88756428412690455e-2,0.00000000000000000e0
45,1,1,7.10937500000000000e-1,7.93227667541019678e-3,0.00000000000000000e0
46,1,1,7.26562500000000000e-1,2.98170626704401817e-3,0.00000000000000000e0
47,1,1,7.42187500000000000e-1,1.00147810369752245e-3,0.00000000000000000e0
48,1,1,7.57812500000000000e-1,3.00147295845642809e-4,0.00000000000000000e0
49,1,1,7.73437500000000000e-1,8.01219443627015102e-5,0.00000000000000000e0
50,1,1,7.89062500000000000e-1,1.90037911729958895e-5,0.00000000000000000e0
51,1,1,8.04687500000000000e-1,3.99231495096299356e-6,0.00000000000000000e0
52,1,1,8.20312500000000000e-1,7.39828436189214580e-7,0.00000000000000000e0
53,1,1,8.35937500000000000e-1,1.20307195279926561e-7,0.00000000000000000e0
54,1,1,8.51562500000000000e-1,1.70536551283790573e-8,0.00000000000000000e0
55,1,1,8.67187500000000000e-1,2.08937394699544490e-9,0.00000000000000000e0
56,1,1,8.82812500000000000e-1,2.18838799322504333e-10,0.00000000000000000e0
57,1,1,8.98437500000000000e-1,1.93150502373917721e-11,0.00000000000000000e0
58,1,1,9.14062500000000000e-1,1.40907275539457786e-12,0.00000000000000000e0
59,1,1,9.29687500000000000e-1,8.27040530244223633e-14,0.00000000000000000e0
60,1,1,9.45312500000000000e-1,3.75353502619917266e-15,0.00000000000000000e0
61,1,1,9.60937500000000000e-1,1.23626152717660629e-16,0.00000000000000000e0
62,1,1,9.76562500000000000e-1,2.62919026827735788e-18,0.00000000000000000e0
63,1,1,9.92187500000000000e-1,2.71050543121376109e-20,0.00000000000000000e0
0,2,1,7.81250000000000000e-3,0.00000000000000000e0,0.00000000000000000e0
1,2,1,2.34375000000000000e-2,0.00000000000000000e0,0.00000000000000000e0
2,2,1,3.90625000000000000e-2,0.00000000000000000e0,0.00000000000000000e0
3,2,1,5.46875000000000000e-2,0.00000000000000000e0,0.00000000000000000e0
4,2,1,7.03125000000000000e-2,0.00000000000000000e0,0.00000000000000000e0
5,2,1,8.59375000000000000e-2,0.00000000000000000e0,0.00000000000000000e0
6,2,1,1.01562500000000000e-1,0.00000000000000000e0,0.00000000000000000e0
7,2,1,1.17187500000000000e-1,0.00000000000000000e0,0.00000000000000000e0
8,2,1,1.32812500000000000e-1,0.00000000000000000e0,0.00000000000000000e0
9,2,1,1.48437500000000000e-1,0.00000000000000000e0,0.00000000000000000e0
10,2,1,1.64062500000000000e-1,0.00000000000000000e0,0.00000000000000000e0
11,2,1,1.79687500000000000e-1,0.00000000000000000e0,0.00000000000000000e0
12,2,1,1.95312500000000000e-1,0.00000000000000000e0,0.00000000000000000e0
13,2,1,2.10937500000000000e-1,0.00000000000000000e0,0.00000000000000000e0
14,2,1,2.26562500000000000e-1,0.00000000000000000e0,0.00000000000000000e0
15,2,1,2.42187500000000000e-1,0.00000000000000000e0,0.00000000000000000e0
16,2,1,2.57812500000000000e-1,5.02262128603179643e-5,0.00000000000000000e0
17,2,1,2.73437500000000000e-1,5.85972483370386828e-4,0.00000000000000000e0
18,2,1,2.89062500000000000e-1,3.35399488100580640e-3,0.00000000000000000e0
19,2,1,3.04687500000000000e-1,1.25807362064574296e-2,0.00000000000000000e0
20,2,1,3.20312500000000000e-1,3.48786944096327739e-2,0.00000000000000000e0
21,2,1,3.35937500000000000e-1,7.65015497222279184e-2,0.00000000000000000e0
22,2,1,3.51562500000000000e-1,1.38935832691122613e-1,0.00000000000000000e0
23,2,1,3.67187500000000000e-1,2.16235421128804423e-1,0.00000000000000000e0
24,2,1,3.82812500000000000e-1,2.96755825751392921e-1,0.00000000000000000e0
25,2,1,3.98437500000000000e-1,3.68329518749252682e-1,0.00000000000000000e0
26,2,1,4.14062500000000000e-1,4.23202683380948352e-1,0.00000000000000000e0
27,2,1,4.29687500000000000e-1,4.59784793135414482e-1,0.00000000000000000e0
28,2,1,4.45312500000000000e-1,4.81124357158854377e-1,0.00000000000000000e0
29,2,1,4.60937500000000000e-1,4.92067723324720874e-1,0.00000000000000000e0
30,2,1,4.76562500000000000e-1,4.97018293733087591e-1,0.00000000000000000e0
31,2,1,4.92187500000000000e-1,4.98998521896430902e-1,0.00000000000000000e0
32,2,1,5.07812500000000000e-1,4.99649626491416032e-1,0.00000000000000000e0
33,2,1,5.23437500000000000e-1,4.99333905572379610e-1,0.00000000000000000e0
34,2,1,5.39062500000000000e-1,4.96627001327922257e-1,0.00000000000000000e0
35,2,1,5.54687500000000000e-1,4.87415271478679968e-1,0.00000000000000000e0
36,2,1,5.70312500000000000e-1,4.65120565762006888e-1,0.00000000000000000e0
37,2,1,5.85937500000000000e-1,4.23498329970642629e-1,0.00000000000000000e0
38,2,1,6.01562500000000000e-1,3.61064150255283711e-1,0.00000000000000000e0
39,2,1,6.17187500000000000e-1,2.83764576781885991e-1,0.00000000000000000e0
40,2,1,6.32812500000000000e-1,2.03244174029842489e-1,0.00000000000000000e0
41,2,1,6.48437500000000000e-1,1.31670481231520781e-1,0.00000000000000000e0
42,2,1,6.64062500000000000e-1,7.67973166177464278e-2,0.00000000000000000e0
43,2,1,6.79687500000000000e-1,4.02152068646198096e-2,0.00000000000000000e0
44,2,1,6.95312500000000000e-1,1.88756428412680533e-2,0.00000000000000000e0
45,2,1,7.10937500000000000e-1,7.93227667540984289e-3,0.00000000000000000e0
46,2,1,7.26562500000000000e-1,2.98170626704390715e-3,0.00000000000000000e0
47,2,1,7.42187500000000000e-1,1.00147810369749014e-3,0.00000000000000000e0
48,2,1,7.57812500000000000e-1,3.00147295845634298e-4,0.00000000000000000e0
49,2,1,7.73437500000000000e-1,8.01219443626994637e-5,0.00000000000000000e0
50,2,1,7.89062500000000000e-1,1.90037911729954456e-5,0.00000000000000000e0
51,2,1,8.04687500000000000e-1,3.99231495096290886e-6,0.00000000000000000e0
52,2,1,8.20312500000000000e-1,7.39828436189201027e-7,0.00000000000000000e0
53,2,1,8.35937500000000000e-1,1.20307195279924708e-7,0.00000000000000000e0
54,2,1,8.51562500000000000e-1,1.70536551283788522e-8,0.00000000000000000e0
55,2,1,8.67187500000000000e-1,2.08937394699542712e-9,0.00000000000000000e0
56,2,1,8.82812500000000000e-1,2.18838799322503299e-10,0.00000000000000000e0
57,2,1,8.98437500000000000e-1,1.93150502373917366e-11,0.00000000000000000e0
58,2,1,9.14062500000000000e-1,1.40907275539457928e-12,0.00000000000000000e0
59,2,1,9.29687500000000000e-1,8.27040530244225779e-14,0.00000000000000000e0
60,2,1,9.45312500000000000e-1,3.75353502619918292e-15,0.00000000000000000e0
61,2,1,9.60937500000000000e-1,1.23626152717660950e-16,0.00000000000000000e0
62,2,1,9.76562500000000000e-1,2.62919026827736366e-18,0.00000000000000000e0
63,2,1,9.92187500000000000e-1,2.71050543121376109e-20,0.00000000000000000e0
0,3,1,7.81250000000000000e-3,0.00000000000000000e0,0.00000000000000000e0
1,3,1,2.34375000000000000e-2,0.00000000000000000e0,0.00000000000000000e0
2,3,1,3.90625000000000000e-2,0.00000000000000000e0,0.00000000000000000e0
3,3,1,5.46875000000000000e-2,0.00000000000000000e0,0.00000000000000000e0
4,3,1,7.03125000000000000e-2,0.00000000000000000e0,0.00000000000000000e0
5,3,1,8.59375000000000000e-2,0.00000000000000000e0,0.00000000000000000e0
6,3,1,1.01562500000000000e-1,0.00000000000000000e0,0.00000000000000000e0
7,3,1,1.17187500000000000e-1,0.00000000000000000e0,0.00000000000000000e0
8,3,1,1.32812500000000000e-1,0.00000000000000000e0,0.00000000000000000e0
9,3,1,1.48437500000000000e-1,0.00000000000000000e0,0.00000000000000000e0
10,3,1,1.64062500000000000e-1,0.00000000000000000e0,0.00000000000000000e0
11,3,1,1.79687500000000000e-1,0.00000000000000000e0,0.00000000000000000e0
12,3,1,1.95312500000000000e-1,0.00000000000000000e0,0.00000000000000000e0
13,3,1,2.10937500000000000e-1,0.00000000000000000e0,0.00000000000000000e0
14,3,1,2.26562500000000000e-1,0.00000000000000000e0,0.00000000000000000e0
15,3,1,2.42187500000000000e-1,0.00000000000000000e0,0.00000000000000000e0
16,3,1,2.57812500000000000e-1,5.02262128603183438e-5,0.00000000000000000e0
17,3,1,2.73437500000000000e-1,5.85972483370375769e-4,0.00000000000000000e0
18,3,1,2.89062500000000000e-1,3.35399488100564334e-3,0.00000000000000000e0
19,3,1,3.04687500000000000e-1,1.25807362064564235e-2,0.00000000000000000e0
20,3,1,3.20312500000000000e-1,3.48786944096288257e-2,0.00000000000000000e0
21,3,1,3.35937500000000000e-1,7.65015497222165247e-2,0.00000000000000000e0
22,3,1,3.51562500000000000e-1,1.38935832691096495e-1,0.00000000000000000e0
23,3,1,3.67187500000000000e-1,2.16235421128754657e-1,0.00000000000000000e0
24,3,1,3.82812500000000000e-1,2.96755825751311209e-1,0.00000000000000000e0
25,3,1,3.98437500000000000e-1,3.68329518749133722e-1,0.00000000000000000e0
26,3,1,4.14062500000000000e-1,4.23202683380791034e-1,0.00000000000000000e0
27,3,1,4.29687500000000000e-1,4.59784793135222247e-1,0.00000000000000000e0
28,3,1,4.45312500000000000e-1,4.81124357158633609e-1,0.00000000000000000e0
29,3,1,4.60937500000000000e-1,4.92067723324479511e-1,0.00000000000000000e0
30,3,1,4.76562500000000000e-1,4.97018293732833571e-1,0.00000000000000000e0
31,3,1,4.92187500000000000e-1,4.98998521896171998e-1,0.00000000000000000e0
32,3,1,5.07812500000000000e-1,4.99649626491159071e-1,0.00000000000000000e0
33,3,1,5.23437500000000000e-1,4.99333905572130532e-1,0.00000000000000000e0
34,3,1,5.39062500000000000e-1,4.96627001327685946e-1,0.00000000000000000e0
35,3,1,5.54687500000000000e-1,4.87415271478460976e-1,0.00000000000000000e0
36,3,1,5.70312500000000000e-1,4.65120565761810933e-1,0.00000000000000000e0
37,3,1,5.85937500000000000e-1,4.23498329970476428e-1,0.00000000000000000e0
38,3,1,6.01562500000000000e-1,3.61064150255152316e-1,0.00000000000000000e0
39,3,1,6.17187500000000000e-1,2.83764576781790789e-1,0.00000000000000000e0
40,3,1,6.32812500000000000e-1,2.03244174029780039e-1,0.00000000000000000e0
41,3,1,6.48437500000000000e-1,1.31670481231483755e-1,0.00000000000000000e0
42,3,1,6.64062500000000000e-1,7.67973166177267075e-2,0.00000000000000000e0
43,3,1,6.79687500000000000e-1,4.02152068646103242e-2,0.00000000000000000e0
44,3,1,6.95312500000000000e-1,1.88756428412639558e-2,0.00000000000000000e0
45,3,1,7.10937500000000000e-1,7.93227667540825909e-3,0.00000000000000000e0
46,3,1,7.26562500000000000e-1,2.98170626704336245e-3,0.00000000000000000e0
47,3,1,7.42187500000000000e-1,1.00147810369732426e-3,0.00000000000000000e0
48,3,1,7.57812500000000000e-1,3.00147295845589412e-4,0.00000000000000000e0
49,3,1,7.73437500000000000e-1,8.01219443626887437e-5,0.00000000000000000e0
50,3,1,7.89062500000000000e-1,1.90037911729931891e-5,0.00000000000000000e0
51,3,1,8.04687500000000000e-1,3.99231495096249212e-6,0.00000000000000000e0
52,3,1,8.20312500000000000e-1,7.39828436189133900e-7,0.00000000000000000e0
53,3,1,8.35937500000000000e-1,1.20307195279915364e-7,0.00000000000000000e0
54,3,1,8.51562500000000000e-1,1.70536551283777504e-8,0.00000000000000000e0
55,3,1,8.67187500000000000e-1,2.08937394699531710e-9,0.00000000000000000e0
56,3,1,8.82812500000000000e-1,2.18838799322494096e-10,0.00000000000000000e0
57,3,1,8.98437500000000000e-1,1.93150502373911097e-11,0.00000000000000000e0
58,3,1,9.14062500000000000e-1,1.40907275539454454e-12,0.00000000000000000e0
59,3,1,9.29687500000000000e-1,8.27040530244210506e-14,0.00000000000000000e0
60,3,1,9.45312500000000000e-1,3.75353502619913243e-15,0.00000000000000000e0
61,3,1,9.60937500000000000e-1,1.23626152717659816e-16,0.00000000000000000e0
62,3,1,9.76562500000000000e-1,2.62919026827735210e-18,0.00000000000000000e0
63,3,1,9.92187500000000000e-1,2.71050543121376109e-20,0.00000000000000000e0
0,4,1,7.81250000000000000e-3,0.00000000000000000e0,0.00000000000000000e0
1,4,1,2.34375000000000000e-2,0.00000000000000000e0,0.00000000000000000e0
2,4,1,3.90625000000000000e-2,0.00000000000000000e0,0.00000000000000000e0
3,4,1,5.46875000000000000e-2,0.00000000000000000e0,0.00000000000000000e0
4,4,1,7.03125000000000000e-2,0.00000000000000000e0,0.00000000000000000e0
5,4,1,8.59375000000000000e-2,0.00000000000000000e0,0.00000000000000000e0
6,4,1,1.01562500000000000e-1,0.00000000000000000e0,0.00000000000000000e0
7,4,1,1.17187500000000000e-1,0.00000000000000000e0,0.00000000000000000e0
8,4,1,1.32812500000000000e-1,0.00000000000000000e0,0.00000000000000000e0
9,4,1,1.48437500000000000e-1,0.00000000000000000e0,0.00000000000000000e0
10,4,1,1.64062500000000000e-1,0.00000000000000000e0,0.00000000000000000e0
11,4,1,1.79687500000000000e-1,0.00000000000000000e0,0.00000000000000000e0
12,4,1,1.95312500000000000e-1,0.00000000000000000e0,0.00000000000000000e0
13,4,1,2.10937500000000000e-1,0.00000000000000000e0,0.00000000000000000e0
14,4,1,2.26562500000000000e-1,0.00000000000000000e0,0.00000000000000000e0
15,4,1,2.42187500000000000e-1,0.00000000000000000e0,0.00000000000000000e0
16,4,1,2.57812500000000000e-1,5.02262128603091687e-5,0.00000000000000000e0
17,4,1,2.73437500000000000e-1,5.85972483370264313e-4,0.00000000000000000e0
18,4,1,2.89062500000000000e-1,3.35399488100497113e-3,0.00000000000000000e0
19,4,1,3.04687500000000000e-1,1.25807362064537572e-2,0.00000000000000000e0
20,4,1,3.20312500000000000e-1,3.48786944096210194e-2,0.00000000000000000e0
21,4,1,3.35937500000000000e-1,7.65015497221986085e-2,0.00000000000000000e0
22,4,1,3.51562500000000000e-1,1.38935832691062855e-1,0.00000000000000000e0
23,4,1,3.67187500000000000e-1,2.16235421128701671e-1,0.00000000000000000e0
24,4,1,3.82812500000000000e-1,2.96755825751239100e-1,0.00000000000000000e0
25,4,1,3.98437500000000000e-1,3.68329518749047236e-1,0.00000000000000000e0
26,4,1,4.14062500000000000e-1,4.23202683380697942e-1,0.00000000000000000e0
27,4,1,4.29687500000000000e-1,4.59784793135130432e-1,0.00000000000000000e0
28,4,1,4.45312500000000000e-1,4.81124357158549565e-1,0.00000000000000000e0
29,4,1,4.60937500000000000e-1,4.92067723324407347e-1,0.00000000000000000e0
30,4,1,4.76562500000000000e-1,4.97018293732775174e-1,0.00000000000000000e0
31,4,1,4.92187500000000000e-1,4.98998521896127589e-1,0.00000000000000000e0
32,4,1,5.07812500000000000e-1,4.99649626491127985e-1,0.00000000000000000e0
33,4,1,5.23437500000000000e-1,4.99333905572111492e-1,0.00000000000000000e0
34,4,1,5.39062500000000000e-1,4.96627001327678563e-1,0.00000000000000000e0
35,4,1,5.54687500000000000e-1,4.87415271478464585e-1,0.00000000000000000e0
36,4,1,5.70312500000000000e-1,4.65120565761823868e-1,0.00000000000000000e0
37,4,1,5.85937500000000000e-1,4.23498329970495468e-1,0.00000000000000000e0
38,4,1,6.01562500000000000e-1,3.61064150255173300e-1,0.00000000000000000e0
39,4,1,6.17187500000000000e-1,2.83764576781809608e-1,0.00000000000000000e0
40,4,1,6.32812500000000000e-1,2.03244174029794222e-1,0.00000000000000000e0
41,4,1,6.48437500000000000e-1,1.31670481231493081e-1,0.00000000000000000e0
42,4,1,6.64062500000000000e-1,7.67973166177320365e-2,0.00000000000000000e0
43,4,1,6.79687500000000000e-1,4.02152068646130442e-2,0.00000000000000000e0
44,4,1,6.95312500000000000e-1,1.88756428412651805e-2,0.00000000000000000e0
45,4,1,7.10937500000000000e-1,7.93227667540874481e-3,0.00000000000000000e0
46,4,1,7.26562500000000000e-1,2.98170626704352898e-3,0.00000000000000000e0
47,4,1,7.42187500000000000e-1,1.00147810369737435e-3,0.00000000000000000e0
48,4,1,7.57812500000000000e-1,3.00147295845602910e-4,0.00000000000000000e0
49,4,1,7.73437500000000000e-1,8.01219443626920098e-5,0.00000000000000000e0
50,4,1,7.89062500000000000e-1,1.90037911729939074e-5,0.00000000000000000e0
51,4,1,8.04687500000000000e-1,3.99231495096263442e-6,0.00000000000000000e0
52,4,1,8.20312500000000000e-1,7.39828436189158676e-7,0.00000000000000000e0
53,4,1,8.35937500000000000e-1,1.20307195279919043e-7,0.00000000000000000e0
54,4,1,8.51562500000000000e-1,1.70536551283781971e-8,0.00000000000000000e0
55,4,1,8.67187500000000000e-1,2.08937394699536177e-9,0.00000000000000000e0
56,4,1,8.82812500000000000e-1,2.18838799322497560e-10,0.00000000000000000e0
57,4,1,8.98437500000000000e-1,1.93150502373912972e-11,0.00000000000000000e0
58,4,1,9.14062500000000000e-1,1.40907275539455161e-12,0.00000000000000000e0
59,4,1,9.29687500000000000e-1,8.27040530244211895e-14,0.00000000000000000e0
60,4,1,9.45312500000000000e-1,3.75353502619913401e-15,0.00000000000000000e0
61,4,1,9.60937500000000000e-1,1.23626152717659791e-16,0.00000000000000000e0
62,4,1,9.76562500000000000e-1,2.62919026827735018e-18,0.00000000000000000e0
63,4,1,9.92187500000000000e-1,2.71050543121376109e-20,0.00000000000000000e0
0,5,1,7.81250000000000000e-3,0.00000000000000000e0,0.00000000000000000e0
1,5,1,2.34375000000000000e-2,0.00000000000000000e0,0.00000000000000000e0
2,5,1,3.90625000000000000e-2,0.00000000000000000e0,0.00000000000000000e0
3,5,1,5.46875000000000000e-2,0.00000000000000000e0,0.00000000000000000e0
4,5,1,7.03125000000000000e-2,0.00000000000000000e0,0.00000000000000000e0
5,5,1,8.59375000000000000e-2,0.00000000000000000e0,0.00000000000000000e0
6,5,1,1.01562500000000000e-1,0.00000000000000000e0,0.00000000000000000e0
7,5,1,1.17187500000000000e-1,0.00000000000000000e0,0.00000000000000000e0
8,5,1,1.32812500000000000e-1,0.00000000000000000e0,0.00000000000000000e0
9,5,1,1.48437500000000000e-1,0.00000000000000000e0,0.00000000000000000e0
10,5,1,1.64062500000000000e-1,0.00000000000000000e0,0.00000000000000000e0
11,5,1,1.79687500000000000e-1,0.00000000000000000e0,0.00000000000000000e0
12,5,1,1.95312500000000000e-1,0.00000000000000000e0,0.00000000000000000e0
13,5,1,2.10937500000000000e-1,0.00000000000000000e0,0.00000000000000000e0
14,5,1,2.26562500000000000e-1,0.00000000000000000e0,0.00000000000000000e0
15,5,1,2.42187500000000000e-1,0.00000000000000000e0,0.00000000000000000e0
16,5,1,2.57812500000000000e-1,5.02262128603061871e-5,0.00000000000000000e0
17,5,1,2.73437500000000000e-1,5.85972483370241219e-4,0.00000000000000000e0
18,5,1,2.89062500000000000e-1,3.35399488100492950e-3,0.00000000000000000e0
19,5,1,3.04687500000000000e-1,1.25807362064540174e-2,0.00000000000000000e0
20,5,1,3.20312500000000000e-1,3.48786944096231011e-2,0.00000000000000000e0
21,5,1,3.35937500000000000e-1,7.65015497222064772e-2,0.00000000000000000e0
22,5,1,3.51562500000000000e-1,1.38935832691083755e-1,0.00000000000000000e0
23,5,1,3.67187500000000000e-1,2.16235421128744887e-1,0.00000000000000000e0
24,5,1,3.82812500000000000e-1,2.96755825751313596e-1,0.00000000000000000e0
25,5,1,3.98437500000000000e-1,3.68329518749157980e-1,0.00000000000000000e0
26,5,1,4.14062500000000000e-1,4.23202683380844491e-1,0.00000000000000000e0
27,5,1,4.29687500000000000e-1,4.59784793135307179e-1,0.00000000000000000e0
28,5,1,4.45312500000000000e-1,4.81124357158746629e-1,0.00000000000000000e0
29,5,1,4.60937500000000000e-1,4.92067723324613515e-1,0.00000000000000000e0
30,5,1,4.76562500000000000e-1,4.97018293732979011e-1,0.00000000000000000e0
31,5,1,4.92187500000000000e-1,4.98998521896319491e-1,0.00000000000000000e0
32,5,1,5.07812500000000000e-1,4.99649626491300791e-1,0.00000000000000000e0
33,5,1,5.23437500000000000e-1,4.99333905572261094e-1,0.00000000000000000e0
34,5,1,5.39062500000000000e-1,4.96627001327802631e-1,0.00000000000000000e0
35,5,1,5.54687500000000000e-1,4.87415271478562506e-1,0.00000000000000000e0
36,5,1,5.70312500000000000e-1,4.65120565761896587e-1,0.00000000000000000e0
37,5,1,5.85937500000000000e-1,4.23498329970545651e-1,0.00000000000000000e0
38,5,1,6.01562500000000000e-1,3.61064150255204941e-1,0.00000000000000000e0
39,5,1,6.17187500000000000e-1,2.83764576781827982e-1,0.00000000000000000e0
40,5,1,6.32812500000000000e-1,2.03244174029804270e-1,0.00000000000000000e0
41,5,1,6.48437500000000000e-1,1.31670481231498354e-1,0.00000000000000000e0
42,5,1,6.64062500000000000e-1,7.67973166177346733e-2,0.00000000000000000e0
43,5,1,6.79687500000000000e-1,4.02152068646142932e-2,0.00000000000000000e0
44,5,1,6.95312500000000000e-1,1.88756428412657148e-2,0.00000000000000000e0
45,5,1,7.10937500000000000e-1,7.93227667540894778e-3,0.00000000000000000e0
46,5,1,7.26562500000000000e-1,2.98170626704360011e-3,0.00000000000000000e0
47,5,1,7.42187500000000000e-1,1.00147810369739560e-3,0.00000000000000000e0
48,5,1,7.57812500000000000e-1,3.00147295845608060e-4,0.00000000000000000e0
49,5,1,7.73437500000000000e-1,8.01219443626929856e-5,0.00000000000000000e0
50,5,1,7.89062500000000000e-1,1.90037911729940260e-5,0.00000000000000000e0
51,5,1,8.04687500000000000e-1,3.99231495096263527e-6,0.00000000000000000e0
52,5,1,8.20312500000000000e-1,7.39828436189154546e-7,0.00000000000000000e0
53,5,1,8.35937500000000000e-1,1.20307195279917773e-7,0.00000000000000000e0
54,5,1,8.51562500000000000e-1,1.70536551283779456e-8,0.00000000000000000e0
55,5,1,8.67187500000000000e-1,2.08937394699532537e-9,0.00000000000000000e0
56,5,1,8.82812500000000000e-1,2.18838799322493321e-10,0.00000000000000000e0
57,5,1,8.98437500000000000e-1,1.93150502373909256e-11,0.00000000000000000e0
58,5,1,9.14062500000000000e-1,1.40907275539452657e-12,0.00000000000000000e0
59,5,1,9.29687500000000000e-1,8.27040530244199147e-14,0.00000000000000000e0
60,5,1,9.45312500000000000e-1,3.75353502619908668e-15,0.00000000000000000e0
61,5,1,9.60937500000000000e-1,1.23626152717658682e-16,0.00000000000000000e0
62,5,1,9.76562500000000000e-1,2.62919026827733901e-18,0.00000000000000000e0
63,5,1,9.92187500000000000e-1,2.71050543121376109e-20,0.00000000000000000e0
0,6,1,7.81250000000000000e-3,0.00000000000000000e0,0.00000000000000000e0
1,6,1,2.34375000000000000e-2,0.00000000000000000e0,0.00000000000000000e0
2,6,1,3.90625000000000000e-2,0.00000000000000000e0,0.00000000000000000e0
3,6,1,5.46875000000000000e-2,0.00000000000000000e0,0.00000000000000000e0
4,6,1,7.03125000000000000e-2,0.00000000000000000e0,0.00000000000000000e0
5,6,1,8.59375000000000000e-2,0.00000000000000000e0,0.00000000000000000e0
6,6,1,1.01562500000000000e-1,0.00000000000000000e0,0.00000000000000000e0
7,6,1,1.17187500000000000e-1,0.00000000000000000e0,0.00000000000000000e0
8,6,1,1.32812500000000000e-1,0.00000000000000000e0,0.00000000000000000e0
9,6,1,1.48437500000000000e-1,0.00000000000000000e0,0.00000000000000000e0
10,6,1,1.64062500000000000e-1,0.00000000000000000e0,0.00000000000000000e0
11,6,1,1.79687500000000000e-1,0.00000000000000000e0,0.00000000000000000e0
12,6,1,1.95312500000000000e-1,0.00000000000000000e0,0.00000000000000000e0
13,6,1,2.10937500000000000e-1,0.00000000000000000e0,0.00000000000000000e0
14,6,1,2.26562500000000000e-1,0.00000000000000000e0,0.00000000000000000e0
15,6,1,2.42187500000000000e-1,0.00000000000000000e0,0.00000000000000000e0
16,6,1,2.57812500000000000e-1,5.02262128603277560e-5,0.00000000000000000e0
17,6,1,2.73437500000000000e-1,5.85972483370489285e-4,0.00000000000000000e0
18,6,1,2.89062500000000000e-1,3.35399488100631554e-3,0.00000000000000000e0
19,6,1,3.04687500000000000e-1,1.25807362064590256e-2,0.00000000000000000e0
20,6,1,3.20312500000000000e-1,3.48786944096361809e-2,0.00000000000000000e0
21,6,1,3.35937500000000000e-1,7.65015497222329005e-2,0.00000000000000000e0
22,6,1,3.51562500000000000e-1,1.38935832691126526e-1,0.00000000000000000e0
23,6,1,3.67187500000000000e-1,2.16235421128801841e-1,0.00000000000000000e0
24,6,1,3.82812500000000000e-1,2.96755825751376934e-1,0.00000000000000000e0
25,6,1,3.98437500000000000e-1,3.68329518749217488e-1,0.00000000000000000e0
26,6,1,4.14062500000000000e-1,4.23202683380891564e-1,0.00000000000000000e0
27,6,1,4.29687500000000000e-1,4.59784793135338099e-1,0.00000000000000000e0
28,6,1,4.45312500000000000e-1,4.81124357158764004e-1,0.00000000000000000e0
29,6,1,4.60937500000000000e-1,4.92067723324624173e-1,0.00000000000000000e0
30,6,1,4.76562500000000000e-1,4.97018293732992555e-1,0.00000000000000000e0
31,6,1,4.92187500000000000e-1,4.98998521896344749e-1,0.00000000000000000e0
32,6,1,5.07812500000000000e-1,4.99649626491344423e-1,0.00000000000000000e0
33,6,1,5.23437500000000000e-1,4.99333905572326431e-1,0.00000000000000000e0
34,6,1,5.39062500000000000e-1,4.96627001327889173e-1,0.00000000000000000e0
35,6,1,5.54687500000000000e-1,4.87415271478666146e-1,0.00000000000000000e0
36,6,1,5.70312500000000000e-1,4.65120565762009330e-1,0.00000000000000000e0
37,6,1,5.85937500000000000e-1,4.23498329970656728e-1,0.00000000000000000e0
38,6,1,6.01562500000000000e-1,3.61064150255303251e-1,0.00000000000000000e0
39,6,1,6.17187500000000000e-1,2.83764576781905253e-1,0.00000000000000000e0
40,6,1,6.32812500000000000e-1,2.03244174029857921e-1,0.00000000000000000e0
41,6,1,6.48437500000000000e-1,1.31670481231531078e-1,0.00000000000000000e0
42,6,1,6.64062500000000000e-1,7.67973166177522149e-2,0.00000000000000000e0
43,6,1,6.79687500000000000e-1,4.02152068646225574e-2,0.00000000000000000e0
44,6,1,6.95312500000000000e-1,1.88756428412691496e-2,0.00000000000000000e0
45,6,1,7.10937500000000000e-1,7.93227667541021413e-3,0.00000000000000000e0
46,6,1,7.26562500000000000e-1,2.98170626704401427e-3,0.00000000000000000e0
47,6,1,7.42187500000000000e-1,1.00147810369751681e-3,0.00000000000000000e0
48,6,1,7.57812500000000000e-1,3.00147295845639935e-4,0.00000000000000000e0
49,6,1,7.73437500000000000e-1,8.01219443627004395e-5,0.00000000000000000e0
50,6,1,7.89062500000000000e-1,1.90037911729955608e-5,0.00000000000000000e0
51,6,1,8.04687500000000000e-1,3.99231495096290970e-6,0.00000000000000000e0
52,6,1,8.20312500000000000e-1,7.39828436189196686e-7,0.00000000000000000e0
53,6,1,8.35937500000000000e-1,1.20307195279923305e-7,0.00000000000000000e0
54,6,1,8.51562500000000000e-1,1.70536551283785743e-8,0.00000000000000000e0
55,6,1,8.67187500000000000e-1,2.08937394699538617e-9,0.00000000000000000e0
56,6,1,8.82812500000000000e-1,2.18838799322498439e-10,0.00000000000000000e0
57,6,1,8.98437500000000000e-1,1.93150502373913004e-11,0.00000000000000000e0
58,6,1,9.14062500000000000e-1,1.40907275539454858e-12,0.00000000000000000e0
59,6,1,9.29687500000000000e-1,8.27040530244209370e-14,0.00000000000000000e0
60,6,1,9.45312500000000000e-1,3.75353502619912139e-15,0.00000000000000000e0
61,6,1,9.60937500000000000e-1,1.23626152717659397e-16,0.00000000000000000e0
62,6,1,9.76562500000000000e-1,2.62919026827734440e-18,0.00000000000000000e0
63,6,1,9.92187500000000000e-1,2.71050543121376109e-20,0.00000000000000000e0
0,7,1,7.81250000000000000e-3,0.00000000000000000e0,0.00000000000000000e0
1,7,1,2.34375000000000000e-2,0.00000000000000000e0,0.00000000000000000e0
2,7,1,3.90625000000000000e-2,0.00000000000000000e0,0.00000000000000000e0
3,7,1,5.46875000000000000e-2,0.00000000000000000e0,0.00000000000000000e0
4,7,1,7.03125000000000000e-2,0.00000000000000000e0,0.00000000000000000e0
5,7,1,8.59375000000000000e-2,0.00000000000000000e0,0.00000000000000000e0
6,7,1,1.01562500000000000e-1,0.00000000000000000e0,0.00000000000000000e0
7,7,1,1.17187500000000000e-1,0.00000000000000000e0,0.00000000000000000e0
8,7,1,1.32812500000000000e-1,0.00000000000000000e0,0.00000000000000000e0
9,7,1,1.48437500000000000e-1,0.00000000000000000e0,0.00000000000000000e0
10,7,1,1.64062500000000000e-1,0.00000000000000000e0,0.00000000000000000e0
11,7,1,1.79687500000000000e-1,0.00000000000000000e0,0.00000000000000000e0
12,7,1,1.95312500000000000e-1,0.00000000000000000e0,0.00000000000000000e0
13,7,1,2.10937500000000000e-1,0.00000000000000000e0,0.00000000000000000e0
14,7,1,2.26562500000000000e-1,0.00000000000000000e0,0.00000000000000000e0
15,7,1,2.42187500000000000e-1,0.00000000000000000e0,0.00000000000000000e0
16,7,1,2.57812500000000000e-1,5.02262128603277289e-5,0.00000000000000000e0
17,7,1,2.73437500000000000e-1,5.85972483370494272e-4,0.00000000000000000e0
18,7,1,2.89062500000000000e-1,3.35399488100637409e-3,0.00000000000000000e0
19,7,1,3.04687500000000000e-1,1.25807362064593690e-2,0.00000000000000000e0
20,7,1,3.20312500000000000e-1,3.48786944096376242e-2,0.00000000000000000e0
21,7,1,3.35937500000000000e-1,7.65015497222375079e-2,0.00000000000000000e0
22,7,1,3.51562500000000000e-1,1.38935832691138239e-1,0.00000000000000000e0
23,7,1,3.67187500000000000e-1,2.16235421128826405e-1,0.00000000000000000e0
24,7,1,3.82812500000000000e-1,2.96755825751420177e-1,0.00000000000000000e0
25,7,1,3.98437500000000000e-1,3.68329518749283935e-1,0.00000000000000000e0
26,7,1,4.14062500000000000e-1,4.23202683380982103e-1,0.00000000000000000e0
27,7,1,4.29687500000000000e-1,4.59784793135450065e-1,0.00000000000000000e0
28,7,1,4.45312500000000000e-1,4.81124357158891791e-1,0.00000000000000000e0
29,7,1,4.60937500000000000e-1,4.92067723324760897e-1,0.00000000000000000e0
30,7,1,4.76562500000000000e-1,4.97018293733130778e-1,0.00000000000000000e0
31,7,1,4.92187500000000000e-1,4.98998521896478309e-1,0.00000000000000000e0
32,7,1,5.07812500000000000e-1,4.99649626491468823e-1,0.00000000000000000e0
33,7,1,5.23437500000000000e-1,4.99333905572439340e-1,0.00000000000000000e0
34,7,1,5.39062500000000000e-1,4.96627001327990314e-1,0.00000000000000000e0
35,7,1,5.54687500000000000e-1,4.87415271478756296e-1,0.00000000000000000e0
36,7,1,5.70312500000000000e-1,4.65120565762089211e-1,0.00000000000000000e0
37,7,1,5.85937500000000000e-1,4.23498329970726006e-1,0.00000000000000000e0
38,7,1,6.01562500000000000e-1,3.61064150255360705e-1,0.00000000000000000e0
39,7,1,6.17187500000000000e-1,2.83764576781949940e-1,0.00000000000000000e0
40,7,1,6.32812500000000000e-1,2.03244174029889813e-1,0.00000000000000000e0
41,7,1,6.48437500000000000e-1,1.31670481231551811e-1,0.00000000000000000e0
42,7,1,6.64062500000000000e-1,7.67973166177643995e-2,0.00000000000000000e0
43,7,1,6.79687500000000000e-1,4.02152068646289759e-2,0.00000000000000000e0
44,7,1,6.95312500000000000e-1,1.88756428412722027e-2,0.00000000000000000e0
45,7,1,7.10937500000000000e-1,7.93227667541150996e-3,0.00000000000000000e0
46,7,1,7.26562500000000000e-1,2.98170626704450130e-3,0.00000000000000000e0
47,7,1,7.42187500000000000e-1,1.00147810369767814e-3,0.00000000000000000e0
48,7,1,7.57812500000000000e-1,3.00147295845687044e-4,0.00000000000000000e0
49,7,1,7.73437500000000000e-1,8.01219443627125419e-5,0.00000000000000000e0
50,7,1,7.89062500000000000e-1,1.90037911729983052e-5,0.00000000000000000e0
51,7,1,8.04687500000000000e-1,3.99231495096346197e-6,0.00000000000000000e0
52,7,1,8.20312500000000000e-1,7.39828436189294624e-7,0.00000000000000000e0
53,7,1,8.35937500000000000e-1,1.20307195279938446e-7,0.00000000000000000e0
54,7,1,8.51562500000000000e-1,1.70536551283805926e-8,0.00000000000000000e0
55,7,1,8.67187500000000000e-1,2.08937394699561489e-9,0.00000000000000000e0
56,7,1,8.82812500000000000e-1,2.18838799322519946e-10,0.00000000000000000e0
57,7,1,8.98437500000000000e-1,1.93150502373929418e-11,0.00000000000000000e0
58,7,1,9.14062500000000000e-1,1.40907275539464834e-12,0.00000000000000000e0
59,7,1,9.29687500000000000e-1,8.27040530244255692e-14,0.00000000000000000e0
60,7,1,9.45312500000000000e-1,3.75353502619927522e-15,0.00000000000000000e0
61,7,1,9.60937500000000000e-1,1.23626152717662774e-16,0.00000000000000000e0
62,7,1,9.76562500000000000e-1,2.62919026827737945e-18,0.00000000000000000e0
63,7,1,9.92187500000000000e-1,2.71050543121376109e-20,0.00000000000000000e0
0,0,2,7.81250000000000000e-3,0.00000000000000000e0,0.00000000000000000e0
1,0,2,2.34375000000000000e-2,0.00000000000000000e0,0.00000000000000000e0
2,0,2,3.90625000000000000e-2,0.00000000000000000e0,0.00000000000000000e0
3,0,2,5.46875000000000000e-2,0.00000000000000000e0,0.00000000000000000e0
4,0,2,7.03125000000000000e-2,0.00000000000000000e0,0.00000000000000000e0
5,0,2,8.59375000000000000e-2,0.00000000000000000e0,0.00000000000000000e0
6,0,2,1.01562500000000000e-1,0.00000000000000000e0,0.00000000000000000e0
7,0,2,1.17187500000000000e-1,0.00000000000000000e0,0.00000000000000000e0
8,0,2,1.32812500000000000e-1,0.00000000000000000e0,0.00000000000000000e0
9,0,2,1.48437500000000000e-1,0.00000000000000000e0,0.00000000000000000e0
10,0,2,1.64062500000000000e-1,0.00000000000000000e0,0.00000000000000000e0
11,0,2,1.79687500000000000e-1,0.00000000000000000e0,0.00000000000000000e0
12,0,2,1.95312500000000000e-1,0.00000000000000000e0,0.00000000000000000e0
13,0,2,2.10937500000000000e-1,0.00000000000000000e0,0.00000000000000000e0
14,0,2,2.26562500000000000e-1,0.00000000000000000e0,0.00000000000000000e0
15,0,2,2.42187500000000000e-1,0.00000000000000000e0,0.00000000000000000e0
16,0,2,2.57812500000000000e-1,5.02262128602714588e-5,0.00000000000000000e0
17,0,2,2.73437500000000000e-1,5.85972483369859797e-4,0.00000000000000000e0
18,0,2,2.89062500000000000e-1,3.35399488100288383e-3,0.00000000000000000e0
19,0,2,3.04687500000000000e-1,1.25807362064468322e-2,0.00000000000000000e0
20,0,2,3.20312500000000000e-1,3.48786944096044493e-2,0.00000000000000000e0
21,0,2,3.35937500000000000e-1,7.65015497221681884e-2,0.00000000000000000e0
22,0,2,3.51562500000000000e-1,1.38935832691018418e-1,0.00000000000000000e0
23,0,2,3.67187500000000000e-1,2.16235421128648769e-1,0.00000000000000000e0
24,0,2,3.82812500000000000e-1,2.96755825751187863e-1,0.00000000000000000e0
25,0,2,3.98437500000000000e-1,3.68329518749008267e-1,0.00000000000000000e0
26,0,2,4.14062500000000000e-1,4.23202683380679012e-1,0.00000000000000000e0
27,0,2,4.29687500000000000e-1,4.59784793135134873e-1,0.00000000000000000e0
28,0,2,4.45312500000000000e-1,4.81124357158576654e-1,0.00000000000000000e0
29,0,2,4.60937500000000000e-1,4.92067723324454254e-1,0.00000000000000000e0
30,0,2,4.76562500000000000e-1,4.97018293732838234e-1,0.00000000000000000e0
31,0,2,4.92187500000000000e-1,4.98998521896203584e-1,0.00000000000000000e0
32,0,2,5.07812500000000000e-1,4.99649626491214305e-1,0.00000000000000000e0
33,0,2,5.23437500000000000e-1,4.99333905572206582e-1,0.00000000000000000e0
34,0,2,5.39062500000000000e-1,4.96627001327780704e-1,0.00000000000000000e0
35,0,2,5.54687500000000000e-1,4.87415271478571277e-1,0.00000000000000000e0
36,0,2,5.70312500000000000e-1,4.65120565761931060e-1,0.00000000000000000e0
37,0,2,5.85937500000000000e-1,4.23498329970596776e-1,0.00000000000000000e0
38,0,2,6.01562500000000000e-1,3.61064150255261840e-1,0.00000000000000000e0
39,0,2,6.17187500000000000e-1,2.83764576781880218e-1,0.00000000000000000e0
40,0,2,6.32812500000000000e-1,2.03244174029845015e-1,0.00000000000000000e0
41,0,2,6.48437500000000000e-1,1.31670481231525721e-1,0.00000000000000000e0
42,0,2,6.64062500000000000e-1,7.67973166177506605e-2,0.00000000000000000e0
43,0,2,6.79687500000000000e-1,4.02152068646224672e-2,0.00000000000000000e0
44,0,2,6.95312500000000000e-1,1.88756428412693925e-2,0.00000000000000000e0
45,0,2,7.10937500000000000e-1,7.93227667541040495e-3,0.00000000000000000e0
46,0,2,7.26562500000000000e-1,2.98170626704410881e-3,0.00000000000000000e0
47,0,2,7.42187500000000000e-1,1.00147810369755237e-3,0.00000000000000000e0
48,0,2,7.57812500000000000e-1,3.00147295845650994e-4,0.00000000000000000e0
49,0,2,7.73437500000000000e-1,8.01219443627033940e-5,0.00000000000000000e0
50,0,2,7.89062500000000000e-1,1.90037911729962588e-5,0.00000000000000000e0
51,0,2,8.04687500000000000e-1,3.99231495096305793e-6,0.00000000000000000e0
52,0,2,8.20312500000000000e-1,7.39828436189224321e-7,0.00000000000000000e0
53,0,2,8.35937500000000000e-1,1.20307195279927858e-7,0.00000000000000000e0
54,0,2,8.51562500000000000e-1,1.70536551283792294e-8,0.00000000000000000e0
55,0,2,8.67187500000000000e-1,2.08937394699546475e-9,0.00000000000000000e0
56,0,2,8.82812500000000000e-1,2.18838799322506246e-10,0.00000000000000000e0
57,0,2,8.98437500000000000e-1,1.93150502373919208e-11,0.00000000000000000e0
58,0,2,9.14062500000000000e-1,1.40907275539458715e-12,0.00000000000000000e0
59,0,2,9.29687500000000000e-1,8.27040530244227546e-14,0.00000000000000000e0
60,0,2,9.45312500000000000e-1,3.75353502619918213e-15,0.00000000000000000e0
61,0,2,9.60937500000000000e-1,1.23626152717660728e-16,0.00000000000000000e0
62,0,2,9.76562500000000000e-1,2.62919026827735827e-18,0.00000000000000000e0
63,0,2,9.92187500000000000e-1,2.71050543121376109e-20,0.00000000000000000e0
0,1,2,7.81250000000000000e-3,0.00000000000000000e0,0.00000000000000000e0
1,1,2,2.34375000000000000e-2,0.00000000000000000e0,0.00000000000000000e0
2,1,2,3.90625000000000000e-2,0.00000000000000000e0,0.00000000000000000e0
3,1,2,5.46875000000000000e-2,0.00000000000000000e0,0.00000000000000000e0
4,1,2,7.03125000000000000e-2,0.00000000000000000e0,0.00000000000000000e0
5,1,2,8.59375000000000000e-2,0.00000000000000000e0,0.00000000000000000e0
6,1,2,1.01562500000000000e-1,0.00000000000000000e0,0.00000000000000000e0
7,1,2,1.17187500000000000e-1,0.00000000000000000e0,0.00000000000000000e0
8,1,2,1.32812500000000000e-1,0.00000000000000000e0,0.00000000000000000e0
9,1,2,1.48437500000000000e-1,0.00000000000000000e0,0.00000000000000000e0
10,1,2,1.64062500000000000e-1,0.00000000000000000e0,0.00000000000000000e0
11,1,2,1.79687500000000000e-1,0.00000000000000000e0,0.00000000000000000e0
12,1,2,1.95312500000000000e-1,0.00000000000000000e0,0.00000000000000000e0
13,1,2,2.10937500000000000e-1,0.00000000000000000e0,0.00000000000000000e0
14,1,2,2.26562500000000000e-1,0.00000000000000000e0,0.00000000000000000e0
15,1,2,2.42187500000000000e-1,0.00000000000000000e0,0.00000000000000000e0
16,1,2,2.57812500000000000e-1,5.02262128602974187e-5,0.00000000000000000e0
17,1,2,2.73437500000000000e-1,5.85972483370151990e-4,0.00000000000000000e0
18,1,2,2.89062500000000000e-1,3.35399488100446589e-3,0.00000000000000000e0
19,1,2,3.04687500000000000e-1,1.25807362064523590e-2,0.00000000000000000e0
20,1,2,3.20312500000000000e-1,3.48786944096184937e-2,0.00000000000000000e0
21,1,2,3.35937500000000000e-1,7.65015497221959578e-2,0.00000000000000000e0
22,1,2,3.51562500000000000e-1,1.38935832691063216e-1,0.00000000000000000e0
23,1,2,3.67187500000000000e-1,2.16235421128710387e-1,0.00000000000000000e0
24,1,2,3.82812500000000000e-1,2.96755825751262692e-1,0.00000000000000000e0
25,1,2,3.98437500000000000e-1,3.68329518749092200e-1,0.00000000000000000e0
26,1,2,4.14062500000000000e-1,4.23202683380768940e-1,0.00000000000000000e0
27,1,2,4.29687500000000000e-1,4.59784793135229741e-1,0.00000000000000000e0
28,1,2,4.45312500000000000e-1,4.81124357158676907e-1,0.00000000000000000e0
29,1,2,4.60937500000000000e-1,4.92067723324560669e-1,0.00000000000000000e0
30,1,2,4.76562500000000000e-1,4.97018293732951422e-1,0.00000000000000000e0
31,1,2,4.92187500000000000e-1,4.98998521896323211e-1,0.00000000000000000e0
32,1,2,5.07812500000000000e-1,4.99649626491339149e-1,0.00000000000000000e0
33,1,2,5.23437500000000000e-1,4.99333905572333925e-1,0.00000000000000000e0
34,1,2,5.39062500000000000e-1,4.96627001327906159e-1,0.00000000000000000e0
35,1,2,5.54687500000000000e-1,4.87415271478689183e-1,0.00000000000000000e0
36,1,2,5.70312500000000000e-1,4.65120565762034865e-1,0.00000000000000000e0
37,1,2,5.85937500000000000e-1,4.23498329970681264e-1,0.00000000000000000e0
38,1,2,6.01562500000000000e-1,3.61064150255323901e-1,0.00000000000000000e0
39,1,2,6.17187500000000000e-1,2.83764576781920908e-1,0.00000000000000000e0
40,1,2,6.32812500000000000e-1,2.03244174029868635e-1,0.00000000000000000e0
41,1,2,6.48437500000000000e-1,1.31670481231537739e-1,0.00000000000000000e0
42,1,2,6.64062500000000000e-1,7.67973166177560451e-2,0.00000000000000000e0
43,1,2,6.79687500000000000e-1,4.02152068646245836e-2,0.00000000000000000e0
44,1,2,6.95312500000000000e-1,1.88756428412701453e-2,0.00000000000000000e0
45,1,2,7.10937500000000000e-1,7.93227667541065475e-3,0.00000000000000000e0
46,1,2,7.26562500000000000e-1,2.98170626704418471e-3,0.00000000000000000e0
47,1,2,7.42187500000000000e-1,1.00147810369757471e-3,0.00000000000000000e0
48,1,2,7.57812500000000000e-1,3.00147295845657174e-4,0.00000000000000000e0
49,1,2,7.73437500000000000e-1,8.01219443627049254e-5,0.00000000000000000e0
50,1,2,7.89062500000000000e-1,1.90037911729965840e-5,0.00000000000000000e0
51,1,2,8.04687500000000000e-1,3.99231495096311723e-6,0.00000000000000000e0
52,1,2,8.20312500000000000e-1,7.39828436189233426e-7,0.00000000000000000e0
53,1,2,8.35937500000000000e-1,1.20307195279928917e-7,0.00000000000000000e0
54,1,2,8.51562500000000000e-1,1.70536551283793088e-8,0.00000000000000000e0
55,1,2,8.67187500000000000e-1,2.08937394699546599e-9,0.00000000000000000e0
56,1,2,8.82812500000000000e-1,2.18838799322505625e-10,0.00000000000000000e0
57,1,2,8.98437500000000000e-1,1.93150502373918174e-11,0.00000000000000000e0
58,1,2,9.14062500000000000e-1,1.40907275539457847e-12,0.00000000000000000e0
59,1,2,9.29687500000000000e-1,8.27040530244222623e-14,0.00000000000000000e0
60,1,2,9.45312500000000000e-1,3.75353502619916320e-15,0.00000000000000000e0
61,1,2,9.60937500000000000e-1,1.23626152717660259e-16,0.00000000000000000e0
62,1,2,9.76562500000000000e-1,2.62919026827735403e-18,0.00000000000000000e0
63,1,2,9.92187500000000000e-1,2.71050543121376109e-20,0.00000000000000000e0
0,2,2,7.81250000000000000e-3,0.00000000000000000e0,0.00000000000000000e0
1,2,2,2.34375000000000000e-2,0.00000000000000000e0,0.00000000000000000e0
2,2,2,3.90625000000000000e-2,0.00000000000000000e0,0.00000000000000000e0
3,2,2,5.46875000000000000e-2,0.00000000000000000e0,0.00000000000000000e0
4,2,2,7.03125000000000000e-2,0.00000000000000000e0,0.00000000000000000e0
5,2,2,8.59375000000000000e-2,0.00000000000000000e0,0.00000000000000000e0
6,2,2,1.01562500000000000e-1,0.00000000000000000e0,0.00000000000000000e0
7,2,2,1.17187500000000000e-1,0.00000000000000000e0,0.00000000000000000e0
8,2,2,1.32812500000000000e-1,0.00000000000000000e0,0.00000000000000000e0
9,2,2,1.48437500000000000e-1,0.00000000000000000e0,0.00000000000000000e0
10,2,2,1.64062500000000000e-1,0.00000000000000000e0,0.00000000000000000e0
11,2,2,1.79687500000000000e-1,0.00000000000000000e0,0.00000000000000000e0
12,2,2,1.95312500000000000e-1,0.00000000000000000e0,0.00000000000000000e0
13,2,2,2.10937500000000000e-1,0.00000000000000000e0,0.00000000000000000e0
14,2,2,2.26562500000000000e-1,0.00000000000000000e0,0.00000000000000000e0
15,2,2,2.42187500000000000e-1,0.00000000000000000e0,0.00000000000000000e0
16,2,2,2.57812500000000000e-1,5.02262128603201598e-5,0.00000000000000000e0
17,2,2,2.73437500000000000e-1,5.85972483370417294e-4,0.00000000000000000e0
18,2,2,2.89062500000000000e-1,3.35399488100599419e-3,0.00000000000000000e0
19,2,2,3.04687500000000000e-1,1.25807362064581426e-2,0.00000000000000000e0
20,2,2,3.20312500000000000e-1,3.48786944096346960e-2,0.00000000000000000e0
21,2,2,3.35937500000000000e-1,7.65015497222318458e-2,0.00000000000000000e0
22,2,2,3.51562500000000000e-1,1.38935832691128969e-1,0.00000000000000000e0
23,2,2,3.67187500000000000e-1,2.16235421128812999e-1,0.00000000000000000e0
24,2,2,3.82812500000000000e-1,2.96755825751402413e-1,0.00000000000000000e0
25,2,2,3.98437500000000000e-1,3.68329518749261231e-1,0.00000000000000000e0
26,2,2,4.14062500000000000e-1,4.23202683380953459e-1,0.00000000000000000e0
27,2,2,4.29687500000000000e-1,4.59784793135413761e-1,0.00000000000000000e0
28,2,2,4.45312500000000000e-1,4.81124357158846050e-1,0.00000000000000000e0
29,2,2,4.60937500000000000e-1,4.92067723324703721e-1,0.00000000000000000e0
30,2,2,4.76562500000000000e-1,4.97018293733060668e-1,0.00000000000000000e0
31,2,2,4.92187500000000000e-1,4.98998521896394265e-1,0.00000000000000000e0
32,2,2,5.07812500000000000e-1,4.99649626491370957e-1,0.00000000000000000e0
33,2,2,5.23437500000000000e-1,4.99333905572328152e-1,0.00000000000000000e0
34,2,2,5.39062500000000000e-1,4.96627001327866968e-1,0.00000000000000000e0
35,2,2,5.54687500000000000e-1,4.87415271478623680e-1,0.00000000000000000e0
36,2,2,5.70312500000000000e-1,4.65120565761952987e-1,0.00000000000000000e0
37,2,2,5.85937500000000000e-1,4.23498329970594778e-1,0.00000000000000000e0
38,2,2,6.01562500000000000e-1,3.61064150255244853e-1,0.00000000000000000e0
39,2,2,6.17187500000000000e-1,2.83764576781857625e-1,0.00000000000000000e0
40,2,2,6.32812500000000000e-1,2.03244174029824060e-1,0.00000000000000000e0
41,2,2,6.48437500000000000e-1,1.31670481231510123e-1,0.00000000000000000e0
42,2,2,6.64062500000000000e-1,7.67973166177409738e-2,0.00000000000000000e0
43,2,2,6.79687500000000000e-1,4.02152068646172908e-2,0.00000000000000000e0
44,2,2,6.95312500000000000e-1,1.88756428412670089e-2,0.00000000000000000e0
45,2,2,7.10937500000000000e-1,7.93227667540945605e-3,0.00000000000000000e0
46,2,2,7.26562500000000000e-1,2.98170626704378052e-3,0.00000000000000000e0
47,2,2,7.42187500000000000e-1,1.00147810369745306e-3,0.00000000000000000e0
48,2,2,7.57812500000000000e-1,3.00147295845624648e-4,0.00000000000000000e0
49,2,2,7.73437500000000000e-1,8.01219443626972276e-5,0.00000000000000000e0
50,2,2,7.89062500000000000e-1,1.90037911729949781e-5,0.00000000000000000e0
51,2,2,8.04687500000000000e-1,3.99231495096281992e-6,0.00000000000000000e0
52,2,2,8.20312500000000000e-1,7.39828436189185569e-7,0.00000000000000000e0
53,2,2,8.35937500000000000e-1,1.20307195279922299e-7,0.00000000000000000e0
54,2,2,8.51562500000000000e-1,1.70536551283785312e-8,0.00000000000000000e0
55,2,2,8.67187500000000000e-1,2.08937394699538989e-9,0.00000000000000000e0
56,2,2,8.82812500000000000e-1,2.18838799322499525e-10,0.00000000000000000e0
57,2,2,8.98437500000000000e-1,1.93150502373914264e-11,0.00000000000000000e0
58,2,2,9.14062500000000000e-1,1.40907275539455908e-12,0.00000000000000000e0
59,2,2,9.29687500000000000e-1,8.27040530244215555e-14,0.00000000000000000e0
60,2,2,9.45312500000000000e-1,3.75353502619914742e-15,0.00000000000000000e0
61,2,2,9.60937500000000000e-1,1.23626152717660161e-16,0.00000000000000000e0
62,2,2,9.76562500000000000e-1,2.62919026827735480e-18,0.00000000000000000e0
63,2,2,9.92187500000000000e-1,2.71050543121376109e-20,0.00000000000000000e0
0,3,2,7.81250000000000000e-3,0.00000000000000000e0,0.00000000000000000e0
1,3,2,2.34375000000000000e-2,0.00000000000000000e0,0.00000000000000000e0
2,3,2,3.90625000000000000e-2,0.00000000000000000e0,0.00000000000000000e0
3,3,2,5.46875000000000000e-2,0.00000000000000000e0,0.00000000000000000e0
4,3,2,7.03125000000000000e-2,0.00000000000000000e0,0.00000000000000000e0
5,3,2,8.59375000000000000e-2,0.00000000000000000e0,0.00000000000000000e0
6,3,2,1.01562500000000000e-1,0.00000000000000000e0,0.00000000000000000e0
7,3,2,1.17187500000000000e-1,0.00000000000000000e0,0.00000000000000000e0
8,3,2,1.32812500000000000e-1,0.00000000000000000e0,0.00000000000000000e0
9,3,2,1.48437500000000000e-1,0.00000000000000000e0,0.00000000000000000e0
10,3,2,1.64062500000000000e-1,0.00000000000000000e0,0.00000000000000000e0
11,3,2,1.79687500000000000e-1,0.00000000000000000e0,0.00000000000000000e0
12,3,2,1.95312500000000000e-1,0.00000000000000000e0,0.00000000000000000e0
13,3,2,2.10937500000000000e-1,0.00000000000000000e0,0.00000000000000000e0
14,3,2,2.26562500000000000e-1,0.00000000000000000e0,0.00000000000000000e0
15,3,2,2.42187500000000000e-1,0.00000000000000000e0,0.00000000000000000e0
16,3,2,2.57812500000000000e-1,5.02262128603103003e-5,0.00000000000000000e0
17,3,2,2.73437500000000000e-1,5.85972483370296514e-4,0.00000000000000000e0
18,3,2,2.89062500000000000e-1,3.35399488100528468e-3,0.00000000000000000e0
19,3,2,3.04687500000000000e-1,1.25807362064554642e-2,0.00000000000000000e0
20,3,2,3.20312500000000000e-1,3.48786944096271950e-2,0.00000000000000000e0
21,3,2,3.35937500000000000e-1,7.65015497222151647e-2,0.00000000000000000e0
22,3,2,3.51562500000000000e-1,1.38935832691097910e-1,0.00000000000000000e0
23,3,2,3.67187500000000000e-1,2.16235421128762567e-1,0.00000000000000000e0
24,3,2,3.82812500000000000e-1,2.96755825751329361e-1,0.00000000000000000e0
25,3,2,3.98437500000000000e-1,3.68329518749165141e-1,0.00000000000000000e0
26,3,2,4.14062500000000000e-1,4.23202683380836997e-1,0.00000000000000000e0
27,3,2,4.29687500000000000e-1,4.59784793135282144e-1,0.00000000000000000e0
28,3,2,4.45312500000000000e-1,4.81124357158705718e-1,0.00000000000000000e0
29,3,2,4.60937500000000000e-1,4.92067723324561279e-1,0.00000000000000000e0
30,3,2,4.76562500000000000e-1,4.97018293732922056e-1,0.00000000000000000e0
31,3,2,4.92187500000000000e-1,4.98998521896263647e-1,0.00000000000000000e0
32,3,2,5.07812500000000000e-1,4.99649626491250498e-1,0.00000000000000000e0
33,3,2,5.23437500000000000e-1,4.99333905572218961e-1,0.00000000000000000e0
34,3,2,5.39062500000000000e-1,4.96627001327769768e-1,0.00000000000000000e0
35,3,2,5.54687500000000000e-1,4.87415271478539358e-1,0.00000000000000000e0
36,3,2,5.70312500000000000e-1,4.65120565761883376e-1,0.00000000000000000e0
37,3,2,5.85937500000000000e-1,4.23498329970541321e-1,0.00000000000000000e0
38,3,2,6.01562500000000000e-1,3.61064150255207217e-1,0.00000000000000000e0
39,3,2,6.17187500000000000e-1,2.83764576781833755e-1,0.00000000000000000e0
40,3,2,6.32812500000000000e-1,2.03244174029810681e-1,0.00000000000000000e0
41,3,2,6.48437500000000000e-1,1.31670481231503544e-1,0.00000000000000000e0
42,3,2,6.64062500000000000e-1,7.67973166177381289e-2,0.00000000000000000e0
43,3,2,6.79687500000000000e-1,4.02152068646162569e-2,0.00000000000000000e0
44,3,2,6.95312500000000000e-1,1.88756428412667002e-2,0.00000000000000000e0
45,3,2,7.10937500000000000e-1,7.93227667540937799e-3,0.00000000000000000e0
46,3,2,7.26562500000000000e-1,2.98170626704376491e-3,0.00000000000000000e0
47,3,2,7.42187500000000000e-1,1.00147810369745176e-3,0.00000000000000000e0
48,3,2,7.57812500000000000e-1,3.00147295845624973e-4,0.00000000000000000e0
49,3,2,7.73437500000000000e-1,8.01219443626974173e-5,0.00000000000000000e0
50,3,2,7.89062500000000000e-1,1.90037911729950357e-5,0.00000000000000000e0
51,3,2,8.04687500000000000e-1,3.99231495096283601e-6,0.00000000000000000e0
52,3,2,8.20312500000000000e-1,7.39828436189188639e-7,0.00000000000000000e0
53,3,2,8.35937500000000000e-1,1.20307195279922829e-7,0.00000000000000000e0
54,3,2,8.51562500000000000e-1,1.70536551283786107e-8,0.00000000000000000e0
55,3,2,8.67187500000000000e-1,2.08937394699540106e-9,0.00000000000000000e0
56,3,2,8.82812500000000000e-1,2.18838799322500843e-10,0.00000000000000000e0
57,3,2,8.98437500000000000e-1,1.93150502373915363e-11,0.00000000000000000e0
58,3,2,9.14062500000000000e-1,1.40907275539456615e-12,0.00000000000000000e0
59,3,2,9.29687500000000000e-1,8.27040530244219468e-14,0.00000000000000000e0
60,3,2,9.45312500000000000e-1,3.75353502619916004e-15,0.00000000000000000e0
61,3,2,9.60937500000000000e-1,1.23626152717660358e-16,0.00000000000000000e0
62,3,2,9.76562500000000000e-1,2.62919026827735711e-18,0.00000000000000000e0
63,3,2,9.92187500000000000e-1,2.71050543121376109e-20,0.00000000000000000e0
0,4,2,7.81250000000000000e-3,0.00000000000000000e0,0.00000000000000000e0
1,4,2,2.34375000000000000e-2,0.00000000000000000e0,0.00000000000000000e0
2,4,2,3.90625000000000000e-2,0.00000000000000000e0,0.00000000000000000e0
3,4,2,5.46875000000000000e-2,0.00000000000000000e0,0.00000000000000000e0
4,4,2,7.03125000000000000e-2,0.00000000000000000e0,0.00000000000000000e0
5,4,2,8.59375000000000000e-2,0.00000000000000000e0,0.00000000000000000e0
6,4,2,1.01562500000000000e-1,0.00000000000000000e0,0.00000000000000000e0
7,4,2,1.17187500000000000e-1,0.00000000000000000e0,0.00000000000000000e0
8,4,2,1.32812500000000000e-1,0.00000000000000000e0,0.00000000000000000e0
9,4,2,1.48437500000000000e-1,0.00000000000000000e0,0.00000000000000000e0
10,4,2,1.64062500000000000e-1,0.00000000000000000e0,0.00000000000000000e0
11,4,2,1.79687500000000000e-1,0.00000000000000000e0,0.00000000000000000e0
12,4,2,1.95312500000000000e-1,0.00000000000000000e0,0.00000000000000000e0
13,4,2,2.10937500000000000e-1,0.00000000000000000e0,0.00000000000000000e0
14,4,2,2.26562500000000000e-1,0.00000000000000000e0,0.00000000000000000e0
15,4,2,2.42187500000000000e-1,0.00000000000000000e0,0.00000000000000000e0
16,4,2,2.57812500000000000e-1,5.02262128602927091e-5,0.00000000000000000e0
17,4,2,2.73437500000000000e-1,5.85972483370086829e-4,0.00000000000000000e0
18,4,2,2.89062500000000000e-1,3.35399488100405043e-3,0.00000000000000000e0
19,4,2,3.04687500000000000e-1,1.25807362064506902e-2,0.00000000000000000e0
20,4,2,3.20312500000000000e-1,3.48786944096136711e-2,0.00000000000000000e0
21,4,2,3.35937500000000000e-1,7.65015497221851332e-2,0.00000000000000000e0
22,4,2,3.51562500000000000e-1,1.38935832691043260e-1,0.00000000000000000e0
23,4,2,3.67187500000000000e-1,2.16235421128678940e-1,0.00000000000000000e0
24,4,2,3.82812500000000000e-1,2.96755825751218727e-1,0.00000000000000000e0
25,4,2,3.98437500000000000e-1,3.68329518749036411e-1,0.00000000000000000e0
26,4,2,4.14062500000000000e-1,4.23202683380703382e-1,0.00000000000000000e0
27,4,2,4.29687500000000000e-1,4.59784793135157466e-1,0.00000000000000000e0
28,4,2,4.45312500000000000e-1,4.81124357158601690e-1,0.00000000000000000e0
29,4,2,4.60937500000000000e-1,4.92067723324486450e-1,0.00000000000000000e0
30,4,2,4.76562500000000000e-1,4.97018293732881367e-1,0.00000000000000000e0
31,4,2,4.92187500000000000e-1,4.98998521896259484e-1,0.00000000000000000e0
32,4,2,5.07812500000000000e-1,4.99649626491282972e-1,0.00000000000000000e0
33,4,2,5.23437500000000000e-1,4.99333905572285464e-1,0.00000000000000000e0
34,4,2,5.39062500000000000e-1,4.96627001327864914e-1,0.00000000000000000e0
35,4,2,5.54687500000000000e-1,4.87415271478654100e-1,0.00000000000000000e0
36,4,2,5.70312500000000000e-1,4.65120565762005334e-1,0.00000000000000000e0
37,4,2,5.85937500000000000e-1,4.23498329970656839e-1,0.00000000000000000e0
38,4,2,6.01562500000000000e-1,3.61064150255304528e-1,0.00000000000000000e0
39,4,2,6.17187500000000000e-1,2.83764576781906530e-1,0.00000000000000000e0
40,4,2,6.32812500000000000e-1,2.03244174029858699e-1,0.00000000000000000e0
41,4,2,6.48437500000000000e-1,1.31670481231531605e-1,0.00000000000000000e0
42,4,2,6.64062500000000000e-1,7.67973166177526728e-2,0.00000000000000000e0
43,4,2,6.79687500000000000e-1,4.02152068646229530e-2,0.00000000000000000e0
44,4,2,6.95312500000000000e-1,1.88756428412694480e-2,0.00000000000000000e0
45,4,2,7.10937500000000000e-1,7.93227667541039107e-3,0.00000000000000000e0
46,4,2,7.26562500000000000e-1,2.98170626704409927e-3,0.00000000000000000e0
47,4,2,7.42187500000000000e-1,1.00147810369755020e-3,0.00000000000000000e0
48,4,2,7.57812500000000000e-1,3.00147295845650832e-4,0.00000000000000000e0
49,4,2,7.73437500000000000e-1,8.01219443627035295e-5,0.00000000000000000e0
50,4,2,7.89062500000000000e-1,1.90037911729963232e-5,0.00000000000000000e0
51,4,2,8.04687500000000000e-1,3.99231495096307826e-6,0.00000000000000000e0
52,4,2,8.20312500000000000e-1,7.39828436189229509e-7,0.00000000000000000e0
53,4,2,8.35937500000000000e-1,1.20307195279928864e-7,0.00000000000000000e0
54,4,2,8.51562500000000000e-1,1.70536551283793849e-8,0.00000000000000000e0
55,4,2,8.67187500000000000e-1,2.08937394699548502e-9,0.00000000000000000e0
56,4,2,8.82812500000000000e-1,2.18838799322508391e-10,0.00000000000000000e0
57,4,2,8.98437500000000000e-1,1.93150502373920985e-11,0.00000000000000000e0
58,4,2,9.14062500000000000e-1,1.40907275539460028e-12,0.00000000000000000e0
59,4,2,9.29687500000000000e-1,8.27040530244234740e-14,0.00000000000000000e0
60,4,2,9.45312500000000000e-1,3.75353502619921053e-15,0.00000000000000000e0
61,4,2,9.60937500000000000e-1,1.23626152717661467e-16,0.00000000000000000e0
62,4,2,9.76562500000000000e-1,2.62919026827736790e-18,0.00000000000000000e0
63,4,2,9.92187500000000000e-1,2.71050543121376109e-20,0.00000000000000000e0
0,5,2,7.81250000000000000e-3,0.00000000000000000e0,0.00000000000000000e0
1,5,2,2.34375000000000000e-2,0.00000000000000000e0,0.00000000000000000e0
2,5,2,3.90625000000000000e-2,0.00000000000000000e0,0.00000000000000000e0
3,5,2,5.46875000000000000e-2,0.00000000000000000e0,0.00000000000000000e0
4,5,2,7.03125000000000000e-2,0.00000000000000000e0,0.00000000000000000e0
5,5,2,8.59375000000000000e-2,0.00000000000000000e0,0.00000000000000000e0
6,5,2,1.01562500000000000e-1,0.00000000000000000e0,0.00000000000000000e0
7,5,2,1.17187500000000000e-1,0.00000000000000000e0,0.00000000000000000e0
8,5,2,1.32812500000000000e-1,0.00000000000000000e0,0.00000000000000000e0
9,5,2,1.48437500000000000e-1,0.00000000000000000e0,0.00000000000000000e0
10,5,2,1.64062500000000000e-1,0.00000000000000000e0,0.00000000000000000e0
11,5,2,1.79687500000000000e-1,0.00000000000000000e0,0.00000000000000000e0
12,5,2,1.95312500000000000e-1,0.00000000000000000e0,0.00000000000000000e0
13,5,2,2.10937500000000000e-1,0.00000000000000000e0,0.00000000000000000e0
14,5,2,2.26562500000000000e-1,0.00000000000000000e0,0.00000000000000000e0
15,5,2,2.42187500000000000e-1,0.00000000000000000e0,0.00000000000000000e0
16,5,2,2.57812500000000000e-1,5.02262128602924516e-5,0.00000000000000000e0
17,5,2,2.73437500000000000e-1,5.85972483370082817e-4,0.00000000000000000e0
18,5,2,2.89062500000000000e-1,3.35399488100403048e-3,0.00000000000000000e0
19,5,2,3.04687500000000000e-1,1.25807362064506868e-2,0.00000000000000000e0
20,5,2,3.20312500000000000e-1,3.48786944096140181e-2,0.00000000000000000e0
21,5,2,3.35937500000000000e-1,7.65015497221870205e-2,0.00000000000000000e0
22,5,2,3.51562500000000000e-1,1.38935832691049310e-1,0.00000000000000000e0
23,5,2,3.67187500000000000e-1,2.16235421128692928e-1,0.00000000000000000e0
24,5,2,3.82812500000000000e-1,2.96755825751244207e-1,0.00000000000000000e0
25,5,2,3.98437500000000000e-1,3.68329518749073825e-1,0.00000000000000000e0
26,5,2,4.14062500000000000e-1,4.23202683380749234e-1,0.00000000000000000e0
27,5,2,4.29687500000000000e-1,4.59784793135204983e-1,0.00000000000000000e0
28,5,2,4.45312500000000000e-1,4.81124357158642213e-1,0.00000000000000000e0
29,5,2,4.60937500000000000e-1,4.92067723324511985e-1,0.00000000000000000e0
30,5,2,4.76562500000000000e-1,4.97018293732886418e-1,0.00000000000000000e0
31,5,2,4.92187500000000000e-1,4.98998521896241887e-1,0.00000000000000000e0
32,5,2,5.07812500000000000e-1,4.99649626491243615e-1,0.00000000000000000e0
33,5,2,5.23437500000000000e-1,4.99333905572228731e-1,0.00000000000000000e0
34,5,2,5.39062500000000000e-1,4.96627001327797524e-1,0.00000000000000000e0
35,5,2,5.54687500000000000e-1,4.87415271478584766e-1,0.00000000000000000e0
36,5,2,5.70312500000000000e-1,4.65120565761942661e-1,0.00000000000000000e0
37,5,2,5.85937500000000000e-1,4.23498329970607157e-1,0.00000000000000000e0
38,5,2,6.01562500000000000e-1,3.61064150255270999e-1,0.00000000000000000e0
39,5,2,6.17187500000000000e-1,2.83764576781887656e-1,0.00000000000000000e0
40,5,2,6.32812500000000000e-1,2.03244174029850455e-1,0.00000000000000000e0
41,5,2,6.48437500000000000e-1,1.31670481231529274e-1,0.00000000000000000e0
42,5,2,6.64062500000000000e-1,7.67973166177527145e-2,0.00000000000000000e0
43,5,2,6.79687500000000000e-1,4.02152068646234873e-2,0.00000000000000000e0
44,5,2,6.95312500000000000e-1,1.88756428412698296e-2,0.00000000000000000e0
45,5,2,7.10937500000000000e-1,7.93227667541056801e-3,0.00000000000000000e0
46,5,2,7.26562500000000000e-1,2.98170626704416086e-3,0.00000000000000000e0
47,5,2,7.42187500000000000e-1,1.00147810369756733e-3,0.00000000000000000e0
48,5,2,7.57812500000000000e-1,3.00147295845654735e-4,0.00000000000000000e0
49,5,2,7.73437500000000000e-1,8.01219443627042207e-5,0.00000000000000000e0
50,5,2,7.89062500000000000e-1,1.90037911729964214e-5,0.00000000000000000e0
51,5,2,8.04687500000000000e-1,3.99231495096308927e-6,0.00000000000000000e0
52,5,2,8.20312500000000000e-1,7.39828436189230250e-7,0.00000000000000000e0
53,5,2,8.35937500000000000e-1,1.20307195279928890e-7,0.00000000000000000e0
54,5,2,8.51562500000000000e-1,1.70536551283793849e-8,0.00000000000000000e0
55,5,2,8.67187500000000000e-1,2.08937394699548460e-9,0.00000000000000000e0
56,5,2,8.82812500000000000e-1,2.18838799322508288e-10,0.00000000000000000e0
57,5,2,8.98437500000000000e-1,1.93150502373920856e-11,0.00000000000000000e0
58,5,2,9.14062500000000000e-1,1.40907275539459887e-12,0.00000000000000000e0
59,5,2,9.29687500000000000e-1,8.27040530244233857e-14,0.00000000000000000e0
60,5,2,9.45312500000000000e-1,3.75353502619920737e-15,0.00000000000000000e0
61,5,2,9.60937500000000000e-1,1.23626152717661369e-16,0.00000000000000000e0
62,5,2,9.76562500000000000e-1,2.62919026827736597e-18,0.00000000000000000e0
63,5,2,9.92187500000000000e-1,2.71050543121376109e-20,0.00000000000000000e0
0,6,2,7.81250000000000000e-3,0.00000000000000000e0,0.00000000000000000e0
1,6,2,2.34375000000000000e-2,0.00000000000000000e0,0.00000000000000000e0
2,6,2,3.90625000000000000e-2,0.00000000000000000e0,0.00000000000000000e0
3,6,2,5.46875000000000000e-2,0.00000000000000000e0,0.00000000000000000e0
4,6,2,7.03125000000000000e-2,0.00000000000000000e0,0.00000000000000000e0
5,6,2,8.59375000000000000e-2,0.00000000000000000e0,0.00000000000000000e0
6,6,2,1.01562500000000000e-1,0.00000000000000000e0,0.00000000000000000e0
7,6,2,1.17187500000000000e-1,0.00000000000000000e0,0.00000000000000000e0
8,6,2,1.32812500000000000e-1,0.00000000000000000e0,0.00000000000000000e0
9,6,2,1.48437500000000000e-1,0.00000000000000000e0,0.00000000000000000e0
10,6,2,1.64062500000000000e-1,0.00000000000000000e0,0.00000000000000000e0
11,6,2,1.79687500000000000e-1,0.00000000000000000e0,0.00000000000000000e0
12,6,2,1.95312500000000000e-1,0.00000000000000000e0,0.00000000000000000e0
13,6,2,2.10937500000000000e-1,0.00000000000000000e0,0.00000000000000000e0
14,6,2,2.26562500000000000e-1,0.00000000000000000e0,0.00000000000000000e0
15,6,2,2.42187500000000000e-1,0.00000000000000000e0,0.00000000000000000e0
16,6,2,2.57812500000000000e-1,5.02262128603172053e-5,0.00000000000000000e0
17,6,2,2.73437500000000000e-1,5.85972483370363626e-4,0.00000000000000000e0
18,6,2,2.89062500000000000e-1,3.35399488100557265e-3,0.00000000000000000e0
19,6,2,3.04687500000000000e-1,1.25807362064561286e-2,0.00000000000000000e0
20,6,2,3.20312500000000000e-1,3.48786944096279097e-2,0.00000000000000000e0
21,6,2,3.35937500000000000e-1,7.65015497222144153e-2,0.00000000000000000e0
22,6,2,3.51562500000000000e-1,1.38935832691093025e-1,0.00000000000000000e0
23,6,2,3.67187500000000000e-1,2.16235421128751187e-1,0.00000000000000000e0
24,6,2,3.82812500000000000e-1,2.96755825751311264e-1,0.00000000000000000e0
25,6,2,3.98437500000000000e-1,3.68329518749143547e-1,0.00000000000000000e0
26,6,2,4.14062500000000000e-1,4.23202683380817457e-1,0.00000000000000000e0
27,6,2,4.29687500000000000e-1,4.59784793135270708e-1,0.00000000000000000e0
28,6,2,4.45312500000000000e-1,4.81124357158706328e-1,0.00000000000000000e0
29,6,2,4.60937500000000000e-1,4.92067723324574657e-1,0.00000000000000000e0
30,6,2,4.76562500000000000e-1,4.97018293732945871e-1,0.00000000000000000e0
31,6,2,4.92187500000000000e-1,4.98998521896293734e-1,0.00000000000000000e0
32,6,2,5.07812500000000000e-1,4.99649626491281307e-1,0.00000000000000000e0
33,6,2,5.23437500000000000e-1,4.99333905572244274e-1,0.00000000000000000e0
34,6,2,5.39062500000000000e-1,4.96627001327783701e-1,0.00000000000000000e0
35,6,2,5.54687500000000000e-1,4.87415271478537693e-1,0.00000000000000000e0
36,6,2,5.70312500000000000e-1,4.65120565761864668e-1,0.00000000000000000e0
37,6,2,5.85937500000000000e-1,4.23498329970508458e-1,0.00000000000000000e0
38,6,2,6.01562500000000000e-1,3.61064150255166860e-1,0.00000000000000000e0
39,6,2,6.17187500000000000e-1,2.83764576781793676e-1,0.00000000000000000e0
40,6,2,6.32812500000000000e-1,2.03244174029777208e-1,0.00000000000000000e0
41,6,2,6.48437500000000000e-1,1.31670481231479619e-1,0.00000000000000000e0
42,6,2,6.64062500000000000e-1,7.67973166177233768e-2,0.00000000000000000e0
43,6,2,6.79687500000000000e-1,4.02152068646083327e-2,0.00000000000000000e0
44,6,2,6.95312500000000000e-1,1.88756428412629879e-2,0.00000000000000000e0
45,6,2,7.10937500000000000e-1,7.93227667540786358e-3,0.00000000000000000e0
46,6,2,7.26562500000000000e-1,2.98170626704322627e-3,0.00000000000000000e0
47,6,2,7.42187500000000000e-1,1.00147810369728479e-3,0.00000000000000000e0
48,6,2,7.57812500000000000e-1,3.00147295845580142e-4,0.00000000000000000e0
49,6,2,7.73437500000000000e-1,8.01219443626870090e-5,0.00000000000000000e0
50,6,2,7.89062500000000000e-1,1.90037911729929486e-5,0.00000000000000000e0
51,6,2,8.04687500000000000e-1,3.99231495096247263e-6,0.00000000000000000e0
52,6,2,8.20312500000000000e-1,7.39828436189133900e-7,0.00000000000000000e0
53,6,2,8.35937500000000000e-1,1.20307195279915655e-7,0.00000000000000000e0
54,6,2,8.51562500000000000e-1,1.70536551283777769e-8,0.00000000000000000e0
55,6,2,8.67187500000000000e-1,2.08937394699531503e-9,0.00000000000000000e0
56,6,2,8.82812500000000000e-1,2.18838799322493166e-10,0.00000000000000000e0
57,6,2,8.98437500000000000e-1,1.93150502373909740e-11,0.00000000000000000e0
58,6,2,9.14062500000000000e-1,1.40907275539453242e-12,0.00000000000000000e0
59,6,2,9.29687500000000000e-1,8.27040530244203438e-14,0.00000000000000000e0
60,6,2,9.45312500000000000e-1,3.75353502619910482e-15,0.00000000000000000e0
61,6,2,9.60937500000000000e-1,1.23626152717659125e-16,0.00000000000000000e0
62,6,2,9.76562500000000000e-1,2.62919026827734517e-18,0.00000000000000000e0
63,6,2,9.92187500000000000e-1,2.71050543121376109e-20,0.00000000000000000e0
0,7,2,7.81250000000000000e-3,0.00000000000000000e0,0.00000000000000000e0
1,7,2,2.34375000000000000e-2,0.00000000000000000e0,0.00000000000000000e0
2,7,2,3.90625000000000000e-2,0.00000000000000000e0,0.00000000000000000e0
3,7,2,5.46875000000000000e-2,0.00000000000000000e0,0.00000000000000000e0
4,7,2,7.03125000000000000e-2,0.00000000000000000e0,0.00000000000000000e0
5,7,2,8.59375000000000000e-2,0.00000000000000000e0,0.00000000000000000e0
6,7,2,1.01562500000000000e-1,0.00000000000000000e0,0.00000000000000000e0
7,7,2,1.17187500000000000e-1,0.00000000000000000e0,0.00000000000000000e0
8,7,2,1.32812500000000000e-1,0.00000000000000000e0,0.00000000000000000e0
9,7,2,1.48437500000000000e-1,0.00000000000000000e0,0.00000000000000000e0
10,7,2,1.64062500000000000e-1,0.00000000000000000e0,0.00000000000000000e0
11,7,2,1.79687500000000000e-1,0.00000000000000000e0,0.00000000000000000e0
12,7,2,1.95312500000000000e-1,0.00000000000000000e0,0.00000000000000000e0
13,7,2,2.10937500000000000e-1,0.00000000000000000e0,0.00000000000000000e0
14,7,2,2.26562500000000000e-1,0.00000000000000000e0,0.00000000000000000e0
15,7,2,2.42187500000000000e-1,0.00000000000000000e0,0.00000000000000000e0
16,7,2,2.57812500000000000e-1,5.02262128603184793e-5,0.00000000000000000e0
17,7,2,2.73437500000000000e-1,5.85972483370387370e-4,0.00000000000000000e0
18,7,2,2.89062500000000000e-1,3.35399488100577127e-3,0.00000000000000000e0
19,7,2,3.04687500000000000e-1,1.25807362064571521e-2,0.00000000000000000e0
20,7,2,3.20312500000000000e-1,3.48786944096315596e-2,0.00000000000000000e0
21,7,2,3.35937500000000000e-1,7.65015497222241020e-2,0.00000000000000000e0
22,7,2,3.51562500000000000e-1,1.38935832691113093e-1,0.00000000000000000e0
23,7,2,3.67187500000000000e-1,2.16235421128784883e-1,0.00000000000000000e0
24,7,2,3.82812500000000000e-1,2.96755825751358226e-1,0.00000000000000000e0
25,7,2,3.98437500000000000e-1,3.68329518749198559e-1,0.00000000000000000e0
26,7,2,4.14062500000000000e-1,4.23202683380871747e-1,0.00000000000000000e0
27,7,2,4.29687500000000000e-1,4.59784793135314562e-1,0.00000000000000000e0
28,7,2,4.45312500000000000e-1,4.81124357158732474e-1,0.00000000000000000e0
29,7,2,4.60937500000000000e-1,4.92067723324579986e-1,0.00000000000000000e0
30,7,2,4.76562500000000000e-1,4.97018293732931493e-1,0.00000000000000000e0
31,7,2,4.92187500000000000e-1,4.98998521896264757e-1,0.00000000000000000e0
32,7,2,5.07812500000000000e-1,4.99649626491245558e-1,0.00000000000000000e0
33,7,2,5.23437500000000000e-1,4.99333905572211356e-1,0.00000000000000000e0
34,7,2,5.39062500000000000e-1,4.96627001327763551e-1,0.00000000000000000e0
35,7,2,5.54687500000000000e-1,4.87415271478537582e-1,0.00000000000000000e0
36,7,2,5.70312500000000000e-1,4.65120565761887483e-1,0.00000000000000000e0
37,7,2,5.85937500000000000e-1,4.23498329970550813e-1,0.00000000000000000e0
38,7,2,6.01562500000000000e-1,3.61064150255219873e-1,0.00000000000000000e0
39,7,2,6.17187500000000000e-1,2.83764576781846412e-1,0.00000000000000000e0
40,7,2,6.32812500000000000e-1,2.03244174029820840e-1,0.00000000000000000e0
41,7,2,6.48437500000000000e-1,1.31670481231510289e-1,0.00000000000000000e0
42,7,2,6.64062500000000000e-1,7.67973166177418204e-2,0.00000000000000000e0
43,7,2,6.79687500000000000e-1,4.02152068646179292e-2,0.00000000000000000e0
44,7,2,6.95312500000000000e-1,1.88756428412673247e-2,0.00000000000000000e0
45,7,2,7.10937500000000000e-1,7.93227667540957748e-3,0.00000000000000000e0
46,7,2,7.26562500000000000e-1,2.98170626704381738e-3,0.00000000000000000e0
47,7,2,7.42187500000000000e-1,1.00147810369746347e-3,0.00000000000000000e0
48,7,2,7.57812500000000000e-1,3.00147295845627304e-4,0.00000000000000000e0
49,7,2,7.73437500000000000e-1,8.01219443626978103e-5,0.00000000000000000e0
50,7,2,7.89062500000000000e-1,1.90037911729951000e-5,0.00000000000000000e0
51,7,2,8.04687500000000000e-1,3.99231495096284702e-6,0.00000000000000000e0
52,7,2,8.20312500000000000e-1,7.39828436189190863e-7,0.00000000000000000e0
53,7,2,8.35937500000000000e-1,1.20307195279923252e-7,0.00000000000000000e0
54,7,2,8.51562500000000000e-1,1.70536551283786801e-8,0.00000000000000000e0
55,7,2,8.67187500000000000e-1,2.08937394699540975e-9,0.00000000000000000e0
56,7,2,8.82812500000000000e-1,2.18838799322501619e-10,0.00000000000000000e0
57,7,2,8.98437500000000000e-1,1.93150502373916073e-11,0.00000000000000000e0
58,7,2,9.14062500000000000e-1,1.40907275539457140e-12,0.00000000000000000e0
59,7,2,9.29687500000000000e-1,8.27040530244221487e-14,0.00000000000000000e0
60,7,2,9.45312500000000000e-1,3.75353502619916793e-15,0.00000000000000000e0
61,7,2,9.60937500000000000e-1,1.23626152717660555e-16,0.00000000000000000e0
62,7,2,9.76562500000000000e-1,2.62919026827735827e-18,0.00000000000000000e0
63,7,2,9.92187500000000000e-1,2.71050543121376109e-20,0.00000000000000000e0
0,0,3,7.81250000000000000e-3,0.00000000000000000e0,0.00000000000000000e0
1,0,3,2.34375000000000000e-2,0.00000000000000000e0,0.00000000000000000e0
2,0,3,3.90625000000000000e-2,0.00000000000000000e0,0.00000000000000000e0
3,0,3,5.46875000000000000e-2,0.00000000000000000e0,0.00000000000000000e0
4,0,3,7.03125000000000000e-2,0.00000000000000000e0,0.00000000000000000e0
5,0,3,8.59375000000000000e-2,0.00000000000000000e0,0.00000000000000000e0
6,0,3,1.01562500000000000e-1,0.00000000000000000e0,0.00000000000000000e0
7,0,3,1.17187500000000000e-1,0.00000000000000000e0,0.00000000000000000e0
8,0,3,1.32812500000000000e-1,0.00000000000000000e0,0.00000000000000000e0
9,0,3,1.48437500000000000e-1,0.00000000000000000e0,0.00000000000000000e0
10,0,3,1.64062500000000000e-1,0.00000000000000000e0,0.00000000000000000e0
11,0,3,1.79687500000000000e-1,0.00000000000000000e0,0.00000000000000000e0
12,0,3,1.95312500000000000e-1,0.00000000000000000e0,0.00000000000000000e0
13,0,3,2.10937500000000000e-1,0.00000000000000000e0,0.00000000000000000e0
14,0,3,2.26562500000000000e-1,0.00000000000000000e0,0.00000000000000000e0
15,0,3,2.42187500000000000e-1,0.00000000000000000e0,0.00000000000000000e0
16,0,3,2.57812500000000000e-1,5.02262128603319911e-5,0.00000000000000000e0
17,0,3,2.73437500000000000e-1,5.85972483370523329e-4,0.00000000000000000e0
18,0,3,2.89062500000000000e-1,3.35399488100641702e-3,0.00000000000000000e0
19,0,3,3.04687500000000000e-1,1.25807362064590308e-2,0.00000000000000000e0
20,0,3,3.20312500000000000e-1,3.48786944096351331e-2,0.00000000000000000e0
21,0,3,3.35937500000000000e-1,7.65015497222282792e-2,0.00000000000000000e0
22,0,3,3.51562500000000000e-1,1.38935832691114036e-1,0.00000000000000000e0
23,0,3,3.67187500000000000e-1,2.16235421128776167e-1,0.00000000000000000e0
24,0,3,3.82812500000000000e-1,2.96755825751332913e-1,0.00000000000000000e0
25,0,3,3.98437500000000000e-1,3.68329518749152152e-1,0.00000000000000000e0
26,0,3,4.14062500000000000e-1,4.23202683380803801e-1,0.00000000000000000e0
27,0,3,4.29687500000000000e-1,4.59784793135228964e-1,0.00000000000000000e0
28,0,3,4.45312500000000000e-1,4.81124357158635940e-1,0.00000000000000000e0
29,0,3,4.60937500000000000e-1,4.92067723324480177e-1,0.00000000000000000e0
30,0,3,4.76562500000000000e-1,4.97018293732835903e-1,0.00000000000000000e0
31,0,3,4.92187500000000000e-1,4.98998521896179548e-1,0.00000000000000000e0
32,0,3,5.07812500000000000e-1,4.99649626491175336e-1,0.00000000000000000e0
33,0,3,5.23437500000000000e-1,4.99333905572158343e-1,0.00000000000000000e0
34,0,3,5.39062500000000000e-1,4.96627001327727413e-1,0.00000000000000000e0
35,0,3,5.54687500000000000e-1,4.87415271478516321e-1,0.00000000000000000e0
36,0,3,5.70312500000000000e-1,4.65120565761877325e-1,0.00000000000000000e0
37,0,3,5.85937500000000000e-1,4.23498329970547149e-1,0.00000000000000000e0
38,0,3,6.01562500000000000e-1,3.61064150255218708e-1,0.00000000000000000e0
39,0,3,6.17187500000000000e-1,2.83764576781845523e-1,0.00000000000000000e0
40,0,3,6.32812500000000000e-1,2.03244174029819369e-1,0.00000000000000000e0
41,0,3,6.48437500000000000e-1,1.31670481231508513e-1,0.00000000000000000e0
42,0,3,6.64062500000000000e-1,7.67973166177402661e-2,0.00000000000000000e0
43,0,3,6.79687500000000000e-1,4.02152068646168467e-2,0.00000000000000000e0
44,0,3,6.95312500000000000e-1,1.88756428412666898e-2,0.00000000000000000e0
45,0,3,7.10937500000000000e-1,7.93227667540925829e-3,0.00000000000000000e0
46,0,3,7.26562500000000000e-1,2.98170626704367774e-3,0.00000000000000000e0
47,0,3,7.42187500000000000e-1,1.00147810369740991e-3,0.00000000000000000e0
48,0,3,7.57812500000000000e-1,3.00147295845609415e-4,0.00000000000000000e0
49,0,3,7.73437500000000000e-1,8.01219443626926875e-5,0.00000000000000000e0
50,0,3,7.89062500000000000e-1,1.90037911729938261e-5,0.00000000000000000e0
51,0,3,8.04687500000000000e-1,3.99231495096257343e-6,0.00000000000000000e0
52,0,3,8.20312500000000000e-1,7.39828436189140041e-7,0.00000000000000000e0
53,0,3,8.35937500000000000e-1,1.20307195279915179e-7,0.00000000000000000e0
54,0,3,8.51562500000000000e-1,1.70536551283775750e-8,0.00000000000000000e0
55,0,3,8.67187500000000000e-1,2.08937394699528153e-9,0.00000000000000000e0
56,0,3,8.82812500000000000e-1,2.18838799322489263e-10,0.00000000000000000e0
57,0,3,8.98437500000000000e-1,1.93150502373906251e-11,0.00000000000000000e0
58,0,3,9.14062500000000000e-1,1.40907275539450900e-12,0.00000000000000000e0
59,0,3,9.29687500000000000e-1,8.27040530244191826e-14,0.00000000000000000e0
60,0,3,9.45312500000000000e-1,3.75353502619906380e-15,0.00000000000000000e0
61,0,3,9.60937500000000000e-1,1.23626152717658287e-16,0.00000000000000000e0
62,0,3,9.76562500000000000e-1,2.62919026827733285e-18,0.00000000000000000e0
63,0,3,9.92187500000000000e-1,2.71050543121376109e-20,0.00000000000000000e0
0,1,3,7.81250000000000000e-3,0.00000000000000000e0,0.00000000000000000e0
1,1,3,2.34375000000000000e-2,0.00000000000000000e0,0.00000000000000000e0
2,1,3,3.90625000000000000e-2,0.00000000000000000e0,0.00000000000000000e0
3,1,3,5.46875000000000000e-2,0.00000000000000000e0,0.00000000000000000e0
4,1,3,7.03125000000000000e-2,0.00000000000000000e0,0.00000000000000000e0
5,1,3,8.59375000000000000e-2,0.00000000000000000e0,0.00000000000000000e0
6,1,3,1.01562500000000000e-1,0.00000000000000000e0,0.00000000000000000e0
7,1,3,1.17187500000000000e-1,0.00000000000000000e0,0.00000000000000000e0
8,1,3,1.32812500000000000e-1,0.00000000000000000e0,0.00000000000000000e0
9,1,3,1.48437500000000000e-1,0.00000000000000000e0,0.00000000000000000e0
10,1,3,1.64062500000000000e-1,0.00000000000000000e0,0.00000000000000000e0
11,1,3,1.79687500000000000e-1,0.00000000000000000e0,0.00000000000000000e0
12,1,3,1.95312500000000000e-1,0.00000000000000000e0,0.00000000000000000e0
13,1,3,2.10937500000000000e-1,0.00000000000000000e0,0.00000000000000000e0
14,1,3,2.26562500000000000e-1,0.00000000000000000e0,0.00000000000000000e0
15,1,3,2.42187500000000000e-1,0.00000000000000000e0,0.00000000000000000e0
16,1,3,2.57812500000000000e-1,5.02262128603268412e-5,0.00000000000000000e0
17,1,3,2.73437500000000000e-1,5.85972483370479202e-4,0.00000000000000000e0
18,1,3,2.89062500000000000e-1,3.35399488100628735e-3,0.00000000000000000e0
19,1,3,3.04687500000000000e-1,1.25807362064591522e-2,0.00000000000000000e0
20,1,3,3.20312500000000000e-1,3.48786944096375479e-2,0.00000000000000000e0
21,1,3,3.35937500000000000e-1,7.65015497222388124e-2,0.00000000000000000e0
22,1,3,3.51562500000000000e-1,1.38935832691143762e-1,0.00000000000000000e0
23,1,3,3.67187500000000000e-1,2.16235421128840255e-1,0.00000000000000000e0
24,1,3,3.82812500000000000e-1,2.96755825751446711e-1,0.00000000000000000e0
25,1,3,3.98437500000000000e-1,3.68329518749325568e-1,0.00000000000000000e0
26,1,3,4.14062500000000000e-1,4.23202683381038669e-1,0.00000000000000000e0
27,1,3,4.29687500000000000e-1,4.59784793135518177e-1,0.00000000000000000e0
28,1,3,4.45312500000000000e-1,4.81124357158965510e-1,0.00000000000000000e0
29,1,3,4.60937500000000000e-1,4.92067723324832673e-1,0.00000000000000000e0
30,1,3,4.76562500000000000e-1,4.97018293733192895e-1,0.00000000000000000e0
31,1,3,4.92187500000000000e-1,4.98998521896523828e-1,0.00000000000000000e0
32,1,3,5.07812500000000000e-1,4.99649626491492027e-1,0.00000000000000000e0
33,1,3,5.23437500000000000e-1,4.99333905572435954e-1,0.00000000000000000e0
34,1,3,5.39062500000000000e-1,4.96627001327957673e-1,0.00000000000000000e0
35,1,3,5.54687500000000000e-1,4.87415271478694845e-1,0.00000000000000000e0
36,1,3,5.70312500000000000e-1,4.65120565762003557e-1,0.00000000000000000e0
37,1,3,5.85937500000000000e-1,4.23498329970626031e-1,0.00000000000000000e0
38,1,3,6.01562500000000000e-1,3.61064150255260119e-1,0.00000000000000000e0
39,1,3,6.17187500000000000e-1,2.83764576781861899e-1,0.00000000000000000e0
40,1,3,6.32812500000000000e-1,2.03244174029822533e-1,0.00000000000000000e0
41,1,3,6.48437500000000000e-1,1.31670481231506764e-1,0.00000000000000000e0
42,1,3,6.64062500000000000e-1,7.67973166177378930e-2,0.00000000000000000e0
43,1,3,6.79687500000000000e-1,4.02152068646152230e-2,0.00000000000000000e0
44,1,3,6.95312500000000000e-1,1.88756428412658814e-2,0.00000000000000000e0
45,1,3,7.10937500000000000e-1,7.93227667540893043e-3,0.00000000000000000e0
46,1,3,7.26562500000000000e-1,2.98170626704356888e-3,0.00000000000000000e0
47,1,3,7.42187500000000000e-1,1.00147810369737890e-3,0.00000000000000000e0
48,1,3,7.57812500000000000e-1,3.00147295845601826e-4,0.00000000000000000e0
49,1,3,7.73437500000000000e-1,8.01219443626911154e-5,0.00000000000000000e0
50,1,3,7.89062500000000000e-1,1.90037911729935584e-5,0.00000000000000000e0
51,1,3,8.04687500000000000e-1,3.99231495096253532e-6,0.00000000000000000e0
52,1,3,8.20312500000000000e-1,7.39828436189136759e-7,0.00000000000000000e0
53,1,3,8.35937500000000000e-1,1.20307195279915047e-7,0.00000000000000000e0
54,1,3,8.51562500000000000e-1,1.70536551283776147e-8,0.00000000000000000e0
55,1,3,8.67187500000000000e-1,2.08937394699529229e-9,0.00000000000000000e0
56,1,3,8.82812500000000000e-1,2.18838799322490684e-10,0.00000000000000000e0
57,1,3,8.98437500000000000e-1,1.93150502373907575e-11,0.00000000000000000e0
58,1,3,9.14062500000000000e-1,1.40907275539451829e-12,0.00000000000000000e0
59,1,3,9.29687500000000000e-1,8.27040530244195865e-14,0.00000000000000000e0
60,1,3,9.45312500000000000e-1,3.75353502619907721e-15,0.00000000000000000e0
61,1,3,9.60937500000000000e-1,1.23626152717658435e-16,0.00000000000000000e0
62,1,3,9.76562500000000000e-1,2.62919026827733362e-18,0.00000000000000000e0
63,1,3,9.92187500000000000e-1,2.71050543121376109e-20,0.00000000000000000e0
0,2,3,7.81250000000000000e-3,0.00000000000000000e0,0.00000000000000000e0
1,2,3,2.34375000000000000e-2,0.00000000000000000e0,0.00000000000000000e0
2,2,3,3.90625000000000000e-2,0.00000000000000000e0,0.00000000000000000e0
3,2,3,5.46875000000000000e-2,0.00000000000000000e0,0.00000000000000000e0
4,2,3,7.03125000000000000e-2,0.00000000000000000e0,0.00000000000000000e0
5,2,3,8.59375000000000000e-2,0.00000000000000000e0,0.00000000000000000e0
6,2,3,1.01562500000000000e-1,0.00000000000000000e0,0.00000000000000000e0
7,2,3,1.17187500000000000e-1,0.00000000000000000e0,0.00000000000000000e0
8,2,3,1.32812500000000000e-1,0.00000000000000000e0,0.00000000000000000e0
9,2,3,1.48437500000000000e-1,0.00000000000000000e0,0.00000000000000000e0
10,2,3,1.64062500000000000e-1,0.00000000000000000e0,0.00000000000000000e0
11,2,3,1.79687500000000000e-1,0.00000000000000000e0,0.00000000000000000e0
12,2,3,1.95312500000000000e-1,0.00000000000000000e0,0.00000000000000000e0
13,2,3,2.10937500000000000e-1,0.00000000000000000e0,0.00000000000000000e0
14,2,3,2.26562500000000000e-1,0.00000000000000000e0,0.00000000000000000e0
15,2,3,2.42187500000000000e-1,0.00000000000000000e0,0.00000000000000000e0
16,2,3,2.57812500000000000e-1,5.02262128603583711e-5,0.00000000000000000e0
17,2,3,2.73437500000000000e-1,5.85972483370821051e-4,0.00000000000000000e0
18,2,3,2.89062500000000000e-1,3.35399488100805027e-3,0.00000000000000000e0
19,2,3,3.04687500000000000e-1,1.25807362064648751e-2,0.00000000000000000e0
20,2,3,3.20312500000000000e-1,3.48786944096505930e-2,0.00000000000000000e0
21,2,3,3.35937500000000000e-1,7.65015497222606977e-2,0.00000000000000000e0
22,2,3,3.51562500000000000e-1,1.38935832691170741e-1,0.00000000000000000e0
23,2,3,3.67187500000000000e-1,2.16235421128862154e-1,0.00000000000000000e0
24,2,3,3.82812500000000000e-1,2.96755825751449487e-1,0.00000000000000000e0
25,2,3,3.98437500000000000e-1,3.68329518749296592e-1,0.00000000000000000e0
26,2,3,4.14062500000000000e-1,4.23202683380971112e-1,0.00000000000000000e0
27,2,3,4.29687500000000000e-1,4.59784793135412873e-1,0.00000000000000000e0
28,2,3,4.45312500000000000e-1,4.81124357158829841e-1,0.00000000000000000e0
29,2,3,4.60937500000000000e-1,4.92067723324677964e-1,0.00000000000000000e0
30,2,3,4.76562500000000000e-1,4.97018293733032190e-1,0.00000000000000000e0
31,2,3,4.92187500000000000e-1,4.98998521896369673e-1,0.00000000000000000e0
32,2,3,5.07812500000000000e-1,4.99649626491355192e-1,0.00000000000000000e0
33,2,3,5.23437500000000000e-1,4.99333905572325099e-1,0.00000000000000000e0
34,2,3,5.39062500000000000e-1,4.96627001327878792e-1,0.00000000000000000e0
35,2,3,5.54687500000000000e-1,4.87415271478650325e-1,0.00000000000000000e0
36,2,3,5.70312500000000000e-1,4.65120565761992066e-1,0.00000000000000000e0
37,2,3,5.85937500000000000e-1,4.23498329970640963e-1,0.00000000000000000e0
38,2,3,6.01562500000000000e-1,3.61064150255290872e-1,0.00000000000000000e0
39,2,3,6.17187500000000000e-1,2.83764576781896760e-1,0.00000000000000000e0
40,2,3,6.32812500000000000e-1,2.03244174029852620e-1,0.00000000000000000e0
41,2,3,6.48437500000000000e-1,1.31670481231528053e-1,0.00000000000000000e0
42,2,3,6.64062500000000000e-1,7.67973166177506189e-2,0.00000000000000000e0
43,2,3,6.79687500000000000e-1,4.02152068646217387e-2,0.00000000000000000e0
44,2,3,6.95312500000000000e-1,1.88756428412687575e-2,0.00000000000000000e0
45,2,3,7.10937500000000000e-1,7.93227667541003545e-3,0.00000000000000000e0
46,2,3,7.26562500000000000e-1,2.98170626704394055e-3,0.00000000000000000e0
47,2,3,7.42187500000000000e-1,1.00147810369748862e-3,0.00000000000000000e0
48,2,3,7.57812500000000000e-1,3.00147295845630665e-4,0.00000000000000000e0
49,2,3,7.73437500000000000e-1,8.01219443626977968e-5,0.00000000000000000e0
50,2,3,7.89062500000000000e-1,1.90037911729949272e-5,0.00000000000000000e0
51,2,3,8.04687500000000000e-1,3.99231495096278434e-6,0.00000000000000000e0
52,2,3,8.20312500000000000e-1,7.39828436189175828e-7,0.00000000000000000e0
53,2,3,8.35937500000000000e-1,1.20307195279920420e-7,0.00000000000000000e0
54,2,3,8.51562500000000000e-1,1.70536551283782335e-8,0.00000000000000000e0
55,2,3,8.67187500000000000e-1,2.08937394699535226e-9,0.00000000000000000e0
56,2,3,8.82812500000000000e-1,2.18838799322495570e-10,0.00000000000000000e0
57,2,3,8.98437500000000000e-1,1.93150502373910807e-11,0.00000000000000000e0
58,2,3,9.14062500000000000e-1,1.40907275539453465e-12,0.00000000000000000e0
59,2,3,9.29687500000000000e-1,8.27040530244202176e-14,0.00000000000000000e0
60,2,3,9.45312500000000000e-1,3.75353502619909536e-15,0.00000000000000000e0
61,2,3,9.60937500000000000e-1,1.23626152717658830e-16,0.00000000000000000e0
62,2,3,9.76562500000000000e-1,2.62919026827733824e-18,0.00000000000000000e0
63,2,3,9.92187500000000000e-1,2.71050543121376109e-20,0.00000000000000000e0
0,3,3,7.81250000000000000e-3,0.00000000000000000e0,0.00000000000000000e0
1,3,3,2.34375000000000000e-2,0.00000000000000000e0,0.00000000000000000e0
2,3,3,3.90625000000000000e-2,0.00000000000000000e0,0.00000000000000000e0
3,3,3,5.46875000000000000e-2,0.00000000000000000e0,0.00000000000000000e0
4,3,3,7.03125000000000000e-2,0.00000000000000000e0,0.00000000000000000e0
5,3,3,8.59375000000000000e-2,0.00000000000000000e0,0.00000000000000000e0
6,3,3,1.01562500000000000e-1,0.00000000000000000e0,0.00000000000000000e0
7,3,3,1.17187500000000000e-1,0.00000000000000000e0,0.00000000000000000e0
8,3,3,1.32812500000000000e-1,0.00000000000000000e0,0.00000000000000000e0
9,3,3,1.48437500000000000e-1,0.00000000000000000e0,0.00000000000000000e0
10,3,3,1.64062500000000000e-1,0.00000000000000000e0,0.00000000000000000e0
11,3,3,1.79687500000000000e-1,0.00000000000000000e0,0.00000000000000000e0
12,3,3,1.95312500000000000e-1,0.00000000000000000e0,0.00000000000000000e0
13,3,3,2.10937500000000000e-1,0.00000000000000000e0,0.00000000000000000e0
14,3,3,2.26562500000000000e-1,0.00000000000000000e0,0.00000000000000000e0
15,3,3,2.42187500000000000e-1,0.00000000000000000e0,0.00000000000000000e0
16,3,3,2.57812500000000000e-1,5.02262128603306494e-5,0.00000000000000000e0
17,3,3,2.73437500000000000e-1,5.85972483370515631e-4,0.00000000000000000e0
18,3,3,2.89062500000000000e-1,3.35399488100642006e-3,0.00000000000000000e0
19,3,3,3.04687500000000000e-1,1.25807362064592199e-2,0.00000000000000000e0
20,3,3,3.20312500000000000e-1,3.48786944096362156e-2,0.00000000000000000e0
21,3,3,3.35937500000000000e-1,7.65015497222319152e-2,0.00000000000000000e0
22,3,3,3.51562500000000000e-1,1.38935832691123112e-1,0.00000000000000000e0
23,3,3,3.67187500000000000e-1,2.16235421128794375e-1,0.00000000000000000e0
24,3,3,3.82812500000000000e-1,2.96755825751364111e-1,0.00000000000000000e0
25,3,3,3.98437500000000000e-1,3.68329518749198559e-1,0.00000000000000000e0
26,3,3,4.14062500000000000e-1,4.23202683380866362e-1,0.00000000000000000e0
27,3,3,4.29687500000000000e-1,4.59784793135306125e-1,0.00000000000000000e0
28,3,3,4.45312500000000000e-1,4.81124357158724258e-1,0.00000000000000000e0
29,3,3,4.60937500000000000e-1,4.92067723324575212e-1,0.00000000000000000e0
30,3,3,4.76562500000000000e-1,4.97018293732932714e-1,0.00000000000000000e0
31,3,3,4.92187500000000000e-1,4.98998521896273417e-1,0.00000000000000000e0
32,3,3,5.07812500000000000e-1,4.99649626491261711e-1,0.00000000000000000e0
33,3,3,5.23437500000000000e-1,4.99333905572234060e-1,0.00000000000000000e0
34,3,3,5.39062500000000000e-1,4.96627001327790141e-1,0.00000000000000000e0
35,3,3,5.54687500000000000e-1,4.87415271478564616e-1,0.00000000000000000e0
36,3,3,5.70312500000000000e-1,4.65120565761911020e-1,0.00000000000000000e0
37,3,3,5.85937500000000000e-1,4.23498329970567577e-1,0.00000000000000000e0
38,3,3,6.01562500000000000e-1,3.61064150255228644e-1,0.00000000000000000e0
39,3,3,6.17187500000000000e-1,2.83764576781848299e-1,0.00000000000000000e0
40,3,3,6.32812500000000000e-1,2.03244174029818647e-1,0.00000000000000000e0
41,3,3,6.48437500000000000e-1,1.31670481231506820e-1,0.00000000000000000e0
42,3,3,6.64062500000000000e-1,7.67973166177388922e-2,0.00000000000000000e0
43,3,3,6.79687500000000000e-1,4.02152068646160626e-2,0.00000000000000000e0
44,3,3,6.95312500000000000e-1,1.88756428412663636e-2,0.00000000000000000e0
45,3,3,7.10937500000000000e-1,7.93227667540916115e-3,0.00000000000000000e0
46,3,3,7.26562500000000000e-1,2.98170626704366516e-3,0.00000000000000000e0
47,3,3,7.42187500000000000e-1,1.00147810369741598e-3,0.00000000000000000e0
48,3,3,7.57812500000000000e-1,3.00147295845614511e-4,0.00000000000000000e0
49,3,3,7.73437500000000000e-1,8.01219443626949372e-5,0.00000000000000000e0
50,3,3,7.89062500000000000e-1,1.90037911729945613e-5,0.00000000000000000e0
51,3,3,8.04687500000000000e-1,3.99231495096276147e-6,0.00000000000000000e0
52,3,3,8.20312500000000000e-1,7.39828436189179534e-7,0.00000000000000000e0
53,3,3,8.35937500000000000e-1,1.20307195279921849e-7,0.00000000000000000e0
54,3,3,8.51562500000000000e-1,1.70536551283785213e-8,0.00000000000000000e0
55,3,3,8.67187500000000000e-1,2.08937394699539155e-9,0.00000000000000000e0
56,3,3,8.82812500000000000e-1,2.18838799322499680e-10,0.00000000000000000e0
57,3,3,8.98437500000000000e-1,1.93150502373914232e-11,0.00000000000000000e0
58,3,3,9.14062500000000000e-1,1.40907275539455747e-12,0.00000000000000000e0
59,3,3,9.29687500000000000e-1,8.27040530244214040e-14,0.00000000000000000e0
60,3,3,9.45312500000000000e-1,3.75353502619913795e-15,0.00000000000000000e0
61,3,3,9.60937500000000000e-1,1.23626152717659840e-16,0.00000000000000000e0
62,3,3,9.76562500000000000e-1,2.62919026827734825e-18,0.00000000000000000e0
63,3,3,9.92187500000000000e-1,2.71050543121376109e-20,0.00000000000000000e0
0,4,3,7.81250000000000000e-3,0.00000000000000000e0,0.00000000000000000e0
1,4,3,2.34375000000000000e-2,0.00000000000000000e0,0.00000000000000000e0
2,4,3,3.90625000000000000e-2,0.00000000000000000e0,0.00000000000000000e0
3,4,3,5.46875000000000000e-2,0.00000000000000000e0,0.00000000000000000e0
4,4,3,7.03125000000000000e-2,0.00000000000000000e0,0.00000000000000000e0
5,4,3,8.59375000000000000e-2,0.00000000000000000e0,0.00000000000000000e0
6,4,3,1.01562500000000000e-1,0.00000000000000000e0,0.00000000000000000e0
7,4,3,1.17187500000000000e-1,0.00000000000000000e0,0.00000000000000000e0
8,4,3,1.32812500000000000e-1,0.00000000000000000e0,0.00000000000000000e0
9,4,3,1.48437500000000000e-1,0.00000000000000000e0,0.00000000000000000e0
10,4,3,1.64062500000000000e-1,0.00000000000000000e0,0.00000000000000000e0
11,4,3,1.79687500000000000e-1,0.00000000000000000e0,0.00000000000000000e0
12,4,3,1.95312500000000000e-1,0.00000000000000000e0,0.00000000000000000e0
13,4,3,2.10937500000000000e-1,0.00000000000000000e0,0.00000000000000000e0
14,4,3,2.26562500000000000e-1,0.00000000000000000e0,0.00000000000000000e0
15,4,3,2.42187500000000000e-1,0.00000000000000000e0,0.00000000000000000e0
16,4,3,2.57812500000000000e-1,5.02262128602916453e-5,0.00000000000000000e0
17,4,3,2.73437500000000000e-1,5.85972483370068614e-4,0.00000000000000000e0
18,4,3,2.89062500000000000e-1,3.35399488100394721e-3,0.00000000000000000e0
19,4,3,3.04687500000000000e-1,1.25807362064504161e-2,0.00000000000000000e0
20,4,3,3.20312500000000000e-1,3.48786944096134768e-2,0.00000000000000000e0
21,4,3,3.35937500000000000e-1,7.65015497221863544e-2,0.00000000000000000e0
22,4,3,3.51562500000000000e-1,1.38935832691049171e-1,0.00000000000000000e0
23,4,3,3.67187500000000000e-1,2.16235421128694344e-1,0.00000000000000000e0
24,4,3,3.82812500000000000e-1,2.96755825751248536e-1,0.00000000000000000e0
25,4,3,3.98437500000000000e-1,3.68329518749083207e-1,0.00000000000000000e0
26,4,3,4.14062500000000000e-1,4.23202683380765998e-1,0.00000000000000000e0
27,4,3,4.29687500000000000e-1,4.59784793135231185e-1,0.00000000000000000e0
28,4,3,4.45312500000000000e-1,4.81124357158679017e-1,0.00000000000000000e0
29,4,3,4.60937500000000000e-1,4.92067723324558337e-1,0.00000000000000000e0
30,4,3,4.76562500000000000e-1,4.97018293732938765e-1,0.00000000000000000e0
31,4,3,4.92187500000000000e-1,4.98998521896294067e-1,0.00000000000000000e0
32,4,3,5.07812500000000000e-1,4.99649626491287857e-1,0.00000000000000000e0
33,4,3,5.23437500000000000e-1,4.99333905572256209e-1,0.00000000000000000e0
34,4,3,5.39062500000000000e-1,4.96627001327800577e-1,0.00000000000000000e0
35,4,3,5.54687500000000000e-1,4.87415271478559065e-1,0.00000000000000000e0
36,4,3,5.70312500000000000e-1,4.65120565761889759e-1,0.00000000000000000e0
37,4,3,5.85937500000000000e-1,4.23498329970535436e-1,0.00000000000000000e0
38,4,3,6.01562500000000000e-1,3.61064150255193228e-1,0.00000000000000000e0
39,4,3,6.17187500000000000e-1,2.83764576781816991e-1,0.00000000000000000e0
40,4,3,6.32812500000000000e-1,2.03244174029795444e-1,0.00000000000000000e0
41,4,3,6.48437500000000000e-1,1.31670481231492331e-1,0.00000000000000000e0
42,4,3,6.64062500000000000e-1,7.67973166177311484e-2,0.00000000000000000e0
43,4,3,6.79687500000000000e-1,4.02152068646125238e-2,0.00000000000000000e0
44,4,3,6.95312500000000000e-1,1.88756428412649863e-2,0.00000000000000000e0
45,4,3,7.10937500000000000e-1,7.93227667540870145e-3,0.00000000000000000e0
46,4,3,7.26562500000000000e-1,2.98170626704353289e-3,0.00000000000000000e0
47,4,3,7.42187500000000000e-1,1.00147810369738215e-3,0.00000000000000000e0
48,4,3,7.57812500000000000e-1,3.00147295845606867e-4,0.00000000000000000e0
49,4,3,7.73437500000000000e-1,8.01219443626933109e-5,0.00000000000000000e0
50,4,3,7.89062500000000000e-1,1.90037911729942191e-5,0.00000000000000000e0
51,4,3,8.04687500000000000e-1,3.99231495096269117e-6,0.00000000000000000e0
52,4,3,8.20312500000000000e-1,7.39828436189166299e-7,0.00000000000000000e0
53,4,3,8.35937500000000000e-1,1.20307195279919785e-7,0.00000000000000000e0
54,4,3,8.51562500000000000e-1,1.70536551283782500e-8,0.00000000000000000e0
55,4,3,8.67187500000000000e-1,2.08937394699536342e-9,0.00000000000000000e0
56,4,3,8.82812500000000000e-1,2.18838799322497483e-10,0.00000000000000000e0
57,4,3,8.98437500000000000e-1,1.93150502373913004e-11,0.00000000000000000e0
58,4,3,9.14062500000000000e-1,1.40907275539455302e-12,0.00000000000000000e0
59,4,3,9.29687500000000000e-1,8.27040530244213662e-14,0.00000000000000000e0
60,4,3,9.45312500000000000e-1,3.75353502619914269e-15,0.00000000000000000e0
61,4,3,9.60937500000000000e-1,1.23626152717660087e-16,0.00000000000000000e0
62,4,3,9.76562500000000000e-1,2.62919026827735403e-18,0.00000000000000000e0
63,4,3,9.92187500000000000e-1,2.71050543121376109e-20,0.00000000000000000e0
0,5,3,7.81250000000000000e-3,0.00000000000000000e0,0.00000000000000000e0
1,5,3,2.34375000000000000e-2,0.00000000000000000e0,0.00000000000000000e0
2,5,3,3.90625000000000000e-2,0.00000000000000000e0,0.00000000000000000e0
3,5,3,5.46875000000000000e-2,0.00000000000000000e0,0.00000000000000000e0
4,5,3,7.03125000000000000e-2,0.00000000000000000e0,0.00000000000000000e0
5,5,3,8.59375000000000000e-2,0.00000000000000000e0,0.00000000000000000e0
6,5,3,1.01562500000000000e-1,0.00000000000000000e0,0.00000000000000000e0
7,5,3,1.17187500000000000e-1,0.00000000000000000e0,0.00000000000000000e0
8,5,3,1.32812500000000000e-1,0.00000000000000000e0,0.00000000000000000e0
9,5,3,1.48437500000000000e-1,0.00000000000000000e0,0.00000000000000000e0
10,5,3,1.64062500000000000e-1,0.00000000000000000e0,0.00000000000000000e0
11,5,3,1.79687500000000000e-1,0.00000000000000000e0,0.00000000000000000e0
12,5,3,1.95312500000000000e-1,0.00000000000000000e0,0.00000000000000000e0
13,5,3,2.10937500000000000e-1,0.00000000000000000e0,0.00000000000000000e0
14,5,3,2.26562500000000000e-1,0.00000000000000000e0,0.00000000000000000e0
15,5,3,2.42187500000000000e-1,0.00000000000000000e0,0.00000000000000000e0
16,5,3,2.57812500000000000e-1,5.02262128603245644e-5,0.00000000000000000e0
17,5,3,2.73437500000000000e-1,5.85972483370441797e-4,0.00000000000000000e0
18,5,3,2.89062500000000000e-1,3.35399488100597250e-3,0.00000000000000000e0
19,5,3,3.04687500000000000e-1,1.25807362064574279e-2,0.00000000000000000e0
20,5,3,3.20312500000000000e-1,3.48786944096308935e-2,0.00000000000000000e0
21,5,3,3.35937500000000000e-1,7.65015497222194391e-2,0.00000000000000000e0
22,5,3,3.51562500000000000e-1,1.38935832691098993e-1,0.00000000000000000e0
23,5,3,3.67187500000000000e-1,2.16235421128754629e-1,0.00000000000000000e0
24,5,3,3.82812500000000000e-1,2.96755825751306490e-1,0.00000000000000000e0
25,5,3,3.98437500000000000e-1,3.68329518749123508e-1,0.00000000000000000e0
26,5,3,4.14062500000000000e-1,4.23202683380775768e-1,0.00000000000000000e0
27,5,3,4.29687500000000000e-1,4.59784793135203484e-1,0.00000000000000000e0
28,5,3,4.45312500000000000e-1,4.81124357158613569e-1,0.00000000000000000e0
29,5,3,4.60937500000000000e-1,4.92067723324460526e-1,0.00000000000000000e0
30,5,3,4.76562500000000000e-1,4.97018293732817973e-1,0.00000000000000000e0
31,5,3,4.92187500000000000e-1,4.98998521896162228e-1,0.00000000000000000e0
32,5,3,5.07812500000000000e-1,4.99649626491157905e-1,0.00000000000000000e0
33,5,3,5.23437500000000000e-1,4.99333905572140468e-1,0.00000000000000000e0
34,5,3,5.39062500000000000e-1,4.96627001327709539e-1,0.00000000000000000e0
35,5,3,5.54687500000000000e-1,4.87415271478499057e-1,0.00000000000000000e0
36,5,3,5.70312500000000000e-1,4.65120565761861504e-1,0.00000000000000000e0
37,5,3,5.85937500000000000e-1,4.23498329970533993e-1,0.00000000000000000e0
38,5,3,6.01562500000000000e-1,3.61064150255209215e-1,0.00000000000000000e0
39,5,3,6.17187500000000000e-1,2.83764576781839639e-1,0.00000000000000000e0
40,5,3,6.32812500000000000e-1,2.03244174029816566e-1,0.00000000000000000e0
41,5,3,6.48437500000000000e-1,1.31670481231507763e-1,0.00000000000000000e0
42,5,3,6.64062500000000000e-1,7.67973166177405159e-2,0.00000000000000000e0
43,5,3,6.79687500000000000e-1,4.02152068646173255e-2,0.00000000000000000e0
44,5,3,6.95312500000000000e-1,1.88756428412670783e-2,0.00000000000000000e0
45,5,3,7.10937500000000000e-1,7.93227667540948381e-3,0.00000000000000000e0
46,5,3,7.26562500000000000e-1,2.98170626704378355e-3,0.00000000000000000e0
47,5,3,7.42187500000000000e-1,1.00147810369745089e-3,0.00000000000000000e0
48,5,3,7.57812500000000000e-1,3.00147295845623022e-4,0.00000000000000000e0
49,5,3,7.73437500000000000e-1,8.01219443626965228e-5,0.00000000000000000e0
50,5,3,7.89062500000000000e-1,1.90037911729947578e-5,0.00000000000000000e0
51,5,3,8.04687500000000000e-1,3.99231495096276740e-6,0.00000000000000000e0
52,5,3,8.20312500000000000e-1,7.39828436189175722e-7,0.00000000000000000e0
53,5,3,8.35937500000000000e-1,1.20307195279920738e-7,0.00000000000000000e0
54,5,3,8.51562500000000000e-1,1.70536551283783228e-8,0.00000000000000000e0
55,5,3,8.67187500000000000e-1,2.08937394699536839e-9,0.00000000000000000e0
56,5,3,8.82812500000000000e-1,2.18838799322497664e-10,0.00000000000000000e0
57,5,3,8.98437500000000000e-1,1.93150502373912939e-11,0.00000000000000000e0
58,5,3,9.14062500000000000e-1,1.40907275539455222e-12,0.00000000000000000e0
59,5,3,9.29687500000000000e-1,8.27040530244212652e-14,0.00000000000000000e0
60,5,3,9.45312500000000000e-1,3.75353502619913717e-15,0.00000000000000000e0
61,5,3,9.60937500000000000e-1,1.23626152717659865e-16,0.00000000000000000e0
62,5,3,9.76562500000000000e-1,2.62919026827735056e-18,0.00000000000000000e0
63,5,3,9.92187500000000000e-1,2.71050543121376109e-20,0.00000000000000000e0
0,6,3,7.81250000000000000e-3,0.00000000000000000e0,0.00000000000000000e0
1,6,3,2.34375000000000000e-2,0.00000000000000000e0,0.00000000000000000e0
2,6,3,3.90625000000000000e-2,0.00000000000000000e0,0.00000000000000000e0
3,6,3,5.46875000000000000e-2,0.00000000000000000e0,0.00000000000000000e0
4,6,3,7.03125000000000000e-2,0.00000000000000000e0,0.00000000000000000e0
5,6,3,8.59375000000000000e-2,0.00000000000000000e0,0.00000000000000000e0
6,6,3,1.01562500000000000e-1,0.00000000000000000e0,0.00000000000000000e0
7,6,3,1.17187500000000000e-1,0.00000000000000000e0,0.00000000000000000e0
8,6,3,1.32812500000000000e-1,0.00000000000000000e0,0.00000000000000000e0
9,6,3,1.48437500000000000e-1,0.00000000000000000e0,0.00000000000000000e0
10,6,3,1.64062500000000000e-1,0.00000000000000000e0,0.00000000000000000e0
11,6,3,1.79687500000000000e-1,0.00000000000000000e0,0.00000000000000000e0
12,6,3,1.95312500000000000e-1,0.00000000000000000e0,0.00000000000000000e0
13,6,3,2.10937500000000000e-1,0.00000000000000000e0,0.00000000000000000e0
14,6,3,2.26562500000000000e-1,0.00000000000000000e0,0.00000000000000000e0
15,6,3,2.42187500000000000e-1,0.00000000000000000e0,0.00000000000000000e0
16,6,3,2.57812500000000000e-1,5.02262128603400820e-5,0.00000000000000000e0
17,6,3,2.73437500000000000e-1,5.85972483370634243e-4,0.00000000000000000e0
18,6,3,2.89062500000000000e-1,3.35399488100713997e-3,0.00000000000000000e0
19,6,3,3.04687500000000000e-1,1.25807362064620579e-2,0.00000000000000000e0
20,6,3,3.20312500000000000e-1,3.48786944096444104e-2,0.00000000000000000e0
21,6,3,3.35937500000000000e-1,7.65015497222504975e-2,0.00000000000000000e0
22,6,3,3.51562500000000000e-1,1.38935832691157529e-1,0.00000000000000000e0
23,6,3,3.67187500000000000e-1,2.16235421128848276e-1,0.00000000000000000e0
24,6,3,3.82812500000000000e-1,2.96755825751437163e-1,0.00000000000000000e0
25,6,3,3.98437500000000000e-1,3.68329518749286100e-1,0.00000000000000000e0
26,6,3,4.14062500000000000e-1,4.23202683380960065e-1,0.00000000000000000e0
27,6,3,4.29687500000000000e-1,4.59784793135396219e-1,0.00000000000000000e0
28,6,3,4.45312500000000000e-1,4.81124357158801752e-1,0.00000000000000000e0
29,6,3,4.60937500000000000e-1,4.92067723324632833e-1,0.00000000000000000e0
30,6,3,4.76562500000000000e-1,4.97018293732965633e-1,0.00000000000000000e0
31,6,3,4.92187500000000000e-1,4.98998521896279967e-1,0.00000000000000000e0
32,6,3,5.07812500000000000e-1,4.99649626491243060e-1,0.00000000000000000e0
33,6,3,5.23437500000000000e-1,4.99333905572193204e-1,0.00000000000000000e0
34,6,3,5.39062500000000000e-1,4.96627001327731799e-1,0.00000000000000000e0
35,6,3,5.54687500000000000e-1,4.87415271478495005e-1,0.00000000000000000e0
36,6,3,5.70312500000000000e-1,4.65120565761837523e-1,0.00000000000000000e0
37,6,3,5.85937500000000000e-1,4.23498329970498411e-1,0.00000000000000000e0
38,6,3,6.01562500000000000e-1,3.61064150255170746e-1,0.00000000000000000e0
39,6,3,6.17187500000000000e-1,2.83764576781805611e-1,0.00000000000000000e0
40,6,3,6.32812500000000000e-1,2.03244174029791003e-1,0.00000000000000000e0
41,6,3,6.48437500000000000e-1,1.31670481231491110e-1,0.00000000000000000e0
42,6,3,6.64062500000000000e-1,7.67973166177310373e-2,0.00000000000000000e0
43,6,3,6.79687500000000000e-1,4.02152068646125863e-2,0.00000000000000000e0
44,6,3,6.95312500000000000e-1,1.88756428412649654e-2,0.00000000000000000e0
45,6,3,7.10937500000000000e-1,7.93227667540863553e-3,0.00000000000000000e0
46,6,3,7.26562500000000000e-1,2.98170626704347521e-3,0.00000000000000000e0
47,6,3,7.42187500000000000e-1,1.00147810369734963e-3,0.00000000000000000e0
48,6,3,7.57812500000000000e-1,3.00147295845593098e-4,0.00000000000000000e0
49,6,3,7.73437500000000000e-1,8.01219443626886624e-5,0.00000000000000000e0
50,6,3,7.89062500000000000e-1,1.90037911729929418e-5,0.00000000000000000e0
51,6,3,8.04687500000000000e-1,3.99231495096239979e-6,0.00000000000000000e0
52,6,3,8.20312500000000000e-1,7.39828436189110606e-7,0.00000000000000000e0
53,6,3,8.35937500000000000e-1,1.20307195279910758e-7,0.00000000000000000e0
54,6,3,8.51562500000000000e-1,1.70536551283770059e-8,0.00000000000000000e0
55,6,3,8.67187500000000000e-1,2.08937394699521908e-9,0.00000000000000000e0
56,6,3,8.82812500000000000e-1,2.18838799322483498e-10,0.00000000000000000e0
57,6,3,8.98437500000000000e-1,1.93150502373901792e-11,0.00000000000000000e0
58,6,3,9.14062500000000000e-1,1.40907275539448012e-12,0.00000000000000000e0
59,6,3,9.29687500000000000e-1,8.27040530244177185e-14,0.00000000000000000e0
60,6,3,9.45312500000000000e-1,3.75353502619901331e-15,0.00000000000000000e0
61,6,3,9.60937500000000000e-1,1.23626152717657030e-16,0.00000000000000000e0
62,6,3,9.76562500000000000e-1,2.62919026827732052e-18,0.00000000000000000e0
63,6,3,9.92187500000000000e-1,2.71050543121376109e-20,0.00000000000000000e0
0,7,3,7.81250000000000000e-3,0.00000000000000000e0,0.00000000000000000e0
1,7,3,2.34375000000000000e-2,0.00000000000000000e0,0.00000000000000000e0
2,7,3,3.90625000000000000e-2,0.00000000000000000e0,0.00000000000000000e0
3,7,3,5.46875000000000000e-2,0.00000000000000000e0,0.00000000000000000e0
4,7,3,7.03125000000000000e-2,0.00000000000000000e0,0.00000000000000000e0
5,7,3,8.59375000000000000e-2,0.00000000000000000e0,0.00000000000000000e0
6,7,3,1.01562500000000000e-1,0.00000000000000000e0,0.00000000000000000e0
7,7,3,1.17187500000000000e-1,0.00000000000000000e0,0.00000000000000000e0
8,7,3,1.32812500000000000e-1,0.00000000000000000e0,0.00000000000000000e0
9,7,3,1.48437500000000000e-1,0.00000000000000000e0,0.00000000000000000e0
10,7,3,1.64062500000000000e-1,0.00000000000000000e0,0.00000000000000000e0
11,7,3,1.79687500000000000e-1,0.00000000000000000e0,0.00000000000000000e0
12,7,3,1.95312500000000000e-1,0.00000000000000000e0,0.00000000000000000e0
13,7,3,2.10937500000000000e-1,0.00000000000000000e0,0.00000000000000000e0
14,7,3,2.26562500000000000e-1,0.00000000000000000e0,0.00000000000000000e0
15,7,3,2.42187500000000000e-1,0.00000000000000000e0,0.00000000000000000e0
16,7,3,2.57812500000000000e-1,5.02262128603159450e-5,0.00000000000000000e0
17,7,3,2.73437500000000000e-1,5.85972483370356362e-4,0.00000000000000000e0
18,7,3,2.89062500000000000e-1,3.35399488100559130e-3,0.00000000000000000e0
19,7,3,3.04687500000000000e-1,1.25807362064565068e-2,0.00000000000000000e0
20,7,3,3.20312500000000000e-1,3.48786944096299498e-2,0.00000000000000000e0
21,7,3,3.35937500000000000e-1,7.65015497222212570e-2,0.00000000000000000e0
22,7,3,3.51562500000000000e-1,1.38935832691109873e-1,0.00000000000000000e0
23,7,3,3.67187500000000000e-1,2.16235421128784105e-1,0.00000000000000000e0
24,7,3,3.82812500000000000e-1,2.96755825751364832e-1,0.00000000000000000e0
25,7,3,3.98437500000000000e-1,3.68329518749218598e-1,0.00000000000000000e0
26,7,3,4.14062500000000000e-1,4.23202683380911326e-1,0.00000000000000000e0
27,7,3,4.29687500000000000e-1,4.59784793135378789e-1,0.00000000000000000e0
28,7,3,4.45312500000000000e-1,4.81124357158823734e-1,0.00000000000000000e0
29,7,3,4.60937500000000000e-1,4.92067723324698558e-1,0.00000000000000000e0
30,7,3,4.76562500000000000e-1,4.97018293733075045e-1,0.00000000000000000e0
31,7,3,4.92187500000000000e-1,4.98998521896428349e-1,0.00000000000000000e0
32,7,3,5.07812500000000000e-1,4.99649626491422416e-1,0.00000000000000000e0
33,7,3,5.23437500000000000e-1,4.99333905572392656e-1,0.00000000000000000e0
34,7,3,5.39062500000000000e-1,4.96627001327938689e-1,0.00000000000000000e0
35,7,3,5.54687500000000000e-1,4.87415271478695733e-1,0.00000000000000000e0
36,7,3,5.70312500000000000e-1,4.65120565762018268e-1,0.00000000000000000e0
37,7,3,5.85937500000000000e-1,4.23498329970647402e-1,0.00000000000000000e0
38,7,3,6.01562500000000000e-1,3.61064150255281713e-1,0.00000000000000000e0
39,7,3,6.17187500000000000e-1,2.83764576781879219e-1,0.00000000000000000e0
40,7,3,6.32812500000000000e-1,2.03244174029834024e-1,0.00000000000000000e0
41,7,3,6.48437500000000000e-1,1.31670481231513037e-1,0.00000000000000000e0
42,7,3,6.64062500000000000e-1,7.67973166177406685e-2,0.00000000000000000e0
43,7,3,6.79687500000000000e-1,4.02152068646161737e-2,0.00000000000000000e0
44,7,3,6.95312500000000000e-1,1.88756428412660826e-2,0.00000000000000000e0
45,7,3,7.10937500000000000e-1,7.93227667540891655e-3,0.00000000000000000e0
46,7,3,7.26562500000000000e-1,2.98170626704353072e-3,0.00000000000000000e0
47,7,3,7.42187500000000000e-1,1.00147810369735765e-3,0.00000000000000000e0
48,7,3,7.57812500000000000e-1,3.00147295845593640e-4,0.00000000000000000e0
49,7,3,7.73437500000000000e-1,8.01219443626886353e-5,0.00000000000000000e0
50,7,3,7.89062500000000000e-1,1.90037911729929316e-5,0.00000000000000000e0
51,7,3,8.04687500000000000e-1,3.99231495096240233e-6,0.00000000000000000e0
52,7,3,8.20312500000000000e-1,7.39828436189112089e-7,0.00000000000000000e0
53,7,3,8.35937500000000000e-1,1.20307195279911155e-7,0.00000000000000000e0
54,7,3,8.51562500000000000e-1,1.70536551283770754e-8,0.00000000000000000e0
55,7,3,8.67187500000000000e-1,2.08937394699522901e-9,0.00000000000000000e0
56,7,3,8.82812500000000000e-1,2.18838799322484610e-10,0.00000000000000000e0
57,7,3,8.98437500000000000e-1,1.93150502373902696e-11,0.00000000000000000e0
58,7,3,9.14062500000000000e-1,1.40907275539448719e-12,0.00000000000000000e0
59,7,3,9.29687500000000000e-1,8.27040530244181224e-14,0.00000000000000000e0
60,7,3,9.45312500000000000e-1,3.75353502619902594e-15,0.00000000000000000e0
61,7,3,9.60937500000000000e-1,1.23626152717657350e-16,0.00000000000000000e0
62,7,3,9.76562500000000000e-1,2.62919026827732437e-18,0.00000000000000000e0
63,7,3,9.92187500000000000e-1,2.71050543121376109e-20,0.00000000000000000e0
