step,layer,position,dual_length,mass,before0,before1,force0,force1,after0,after1
1,0,3.92156862745098034e-2,7.84313725490196068e-2,1.76470588235294101e-1,9.92420494556427002e-1,4.96210247278213501e-1,-8.59882934018969536e-2,-4.29941467009484768e-2,9.91659164428710938e-1,4.95829582214355469e-1
1,1,1.17647058823529410e-1,7.84313725490196068e-2,1.76470588235294101e-1,9.32472229003906250e-1,4.66236114501953125e-1,-8.07941051200032068e-2,-4.03970525600016034e-2,9.31756854057312012e-1,4.65878427028656006e-1
1,2,1.96078431372549017e-1,7.84313725490196068e-2,1.76470588235294101e-1,8.16196918487548828e-1,4.08098459243774414e-1,-7.07194112241268380e-2,-3.53597056120634190e-2,8.15570771694183350e-1,4.07785385847091675e-1
1,3,2.74509803921568651e-1,7.84313725490196068e-2,1.76470588235294101e-1,6.50618314743041992e-1,3.25309157371520996e-1,-5.63728963024913987e-2,-2.81864481512456994e-2,6.50119185447692871e-1,3.25059592723846436e-1
1,4,3.52941176470588203e-1,7.84313725490196068e-2,1.76470588235294101e-1,4.45738345384597778e-1,2.22869172692298889e-1,-3.86209708638489135e-2,-1.93104854319244568e-2,4.45396393537521362e-1,2.22698196768760681e-1
1,5,4.31372549019607865e-1,7.84313725490196068e-2,1.76470588235294101e-1,2.13933080434799194e-1,1.06966540217399597e-1,-1.85362469928804785e-2,-9.26812349644023925e-3,2.13768959045410156e-1,1.06884479522705078e-1
1,6,5.09803921568627416e-1,7.84313725490196068e-2,1.76470588235294101e-1,-3.07950582355260849e-2,-1.53975291177630424e-2,2.66824235441159852e-3,1.33412117720579926e-3,-3.07714324444532394e-2,-1.53857162222266197e-2
1,7,5.88235294117647078e-1,7.84313725490196068e-2,1.76470588235294101e-1,-2.73662984371185303e-1,-1.36831492185592651e-1,2.37115247582551092e-2,1.18557623791275546e-2,-2.73453027009963989e-1,-1.36726513504981995e-1
1,8,6.66666666666666630e-1,7.84313725490196068e-2,1.76470588235294101e-1,-5.00000000000000000e-1,-2.50000000000000000e-1,4.33224918320775365e-2,2.16612459160387683e-2,-4.99616414308547974e-1,-2.49808207154273987e-1
1,9,7.45098039215686292e-1,7.84313725490196068e-2,1.76470588235294101e-1,-6.96133971214294434e-1,-3.48066985607147217e-1,6.03165859356522283e-2,3.01582929678261141e-2,-6.95599913597106934e-1,-3.47799956798553467e-1
1,10,8.23529411764705843e-1,7.84313725490196068e-2,1.76470588235294101e-1,-8.50217163562774658e-1,-4.25108581781387329e-1,7.36671220511198044e-2,3.68335610255599022e-2,-8.49564909934997559e-1,-4.24782454967498779e-1
1,11,9.01960784313725505e-1,7.84313725490196068e-2,1.76470588235294101e-1,-9.52942013740539551e-1,-4.76471006870269775e-1,8.25677074491977664e-2,4.12838537245988832e-2,-9.52210962772369385e-1,-4.76105481386184692e-1
1,12,9.80392156862745057e-1,5.88235294117647189e-2,1.32352941176470618e-1,-9.98103320598602295e-1,-4.99051660299301147e-1,6.47782495245337459e-2,3.23891247622668729e-2,-9.97338593006134033e-1,-4.98669296503067017e-1
2,0,3.92156862745098034e-2,7.84313725490196068e-2,1.76470588235294101e-1,9.91659164428710938e-1,4.95829582214355469e-1,-8.59223764389753369e-2,-4.29611882194876685e-2,9.90898370742797852e-1,4.95449185371398926e-1
2,1,1.17647058823529410e-1,7.84313725490196068e-2,1.76470588235294101e-1,9.31756854057312012e-1,4.65878427028656006e-1,-8.07320354506373267e-2,-4.03660177253186633e-2,9.31042015552520752e-1,4.65521007776260376e-1
2,2,1.96078431372549017e-1,7.84313725490196068e-2,1.76470588235294101e-1,8.15570771694183350e-1,4.07785385847091675e-1,-7.06652071326971110e-2,-3.53326035663485555e-2,8.14945101737976074e-1,4.07472550868988037e-1
2,3,2.74509803921568651e-1,7.84313725490196068e-2,1.76470588235294101e-1,6.50119185447692871e-1,3.25059592723846436e-1,-5.63296356238424945e-2,-2.81648178119212472e-2,6.49620413780212402e-1,3.24810206890106201e-1
2,4,3.52941176470588203e-1,7.84313725490196068e-2,1.76470588235294101e-1,4.45396393537521362e-1,2.22698196768760681e-1,-3.85913467034697533e-2,-1.92956733517348766e-2,4.45054709911346436e-1,2.22527354955673218e-1
2,5,4.31372549019607865e-1,7.84313725490196068e-2,1.76470588235294101e-1,2.13768959045410156e-1,1.06884479522705078e-1,-1.85220226936507748e-2,-9.26101134682538740e-3,2.13604956865310669e-1,1.06802478432655334e-1
2,6,5.09803921568627416e-1,7.84313725490196068e-2,1.76470588235294101e-1,-3.07714324444532394e-2,-1.53857162222266197e-2,2.66621183836834863e-3,1.33310591918417432e-3,-3.07478252798318863e-2,-1.53739126399159431e-2
2,7,5.88235294117647078e-1,7.84313725490196068e-2,1.76470588235294101e-1,-2.73453027009963989e-1,-1.36726513504981995e-1,2.36933035484980792e-2,1.18466517742490396e-2,-2.73243248462677002e-1,-1.36621624231338501e-1
2,8,6.66666666666666630e-1,7.84313725490196068e-2,1.76470588235294101e-1,-4.99616414308547974e-1,-2.49808207154273987e-1,4.32892768643796111e-2,2.16446384321898055e-2,-4.99233126640319824e-1,-2.49616563320159912e-1
2,9,7.45098039215686292e-1,7.84313725490196068e-2,1.76470588235294101e-1,-6.95599913597106934e-1,-3.47799956798553467e-1,6.02702901698649041e-2,3.01351450849324520e-2,-6.95066273212432861e-1,-3.47533136606216431e-1
2,10,8.23529411764705843e-1,7.84313725490196068e-2,1.76470588235294101e-1,-8.49564909934997559e-1,-4.24782454967498779e-1,7.36106095835566410e-2,3.68053047917783205e-2,-8.48913133144378662e-1,-4.24456566572189331e-1
2,11,9.01960784313725505e-1,7.84313725490196068e-2,1.76470588235294101e-1,-9.52210962772369385e-1,-4.76105481386184692e-1,8.25029874220490483e-2,4.12514937110245242e-2,-9.51480448246002197e-1,-4.75740224123001099e-1
2,12,9.80392156862745057e-1,5.88235294117647189e-2,1.32352941176470618e-1,-9.97338593006134033e-1,-4.98669296503067017e-1,6.47299446165561648e-2,3.23649723082780824e-2,-9.96574401855468750e-1,-4.98287200927734375e-1
3,0,3.92156862745098034e-2,7.84313725490196068e-2,1.76470588235294101e-1,9.90898370742797852e-1,4.95449185371398926e-1,-8.58564594760537064e-2,-4.29282297380268532e-2,9.90138173103332520e-1,4.95069086551666260e-1
3,1,1.17647058823529410e-1,7.84313725490196068e-2,1.76470588235294101e-1,9.31042015552520752e-1,4.65521007776260376e-1,-8.06700512766838213e-2,-4.03350256383419106e-2,9.30327773094177246e-1,4.65163886547088623e-1
3,2,1.96078431372549017e-1,7.84313725490196068e-2,1.76470588235294101e-1,8.14945101737976074e-1,4.07472550868988037e-1,-7.06110885366797447e-2,-3.53055442683398724e-2,8.14319908618927002e-1,4.07159954309463501e-1
3,3,2.74509803921568651e-1,7.84313725490196068e-2,1.76470588235294101e-1,6.49620413780212402e-1,3.24810206890106201e-1,-5.62863321974873265e-2,-2.81431660987436633e-2,6.49122059345245361e-1,3.24561029672622681e-1
3,4,3.52941176470588203e-1,7.84313725490196068e-2,1.76470588235294101e-1,4.45054709911346436e-1,2.22527354955673218e-1,-3.85618080385029538e-2,-1.92809040192514769e-2,4.44713264703750610e-1,2.22356632351875305e-1
3,5,4.31372549019607865e-1,7.84313725490196068e-2,1.76470588235294101e-1,2.13604956865310669e-1,1.06802478432655334e-1,-1.85077823640312777e-2,-9.25389118201563887e-3,2.13441088795661926e-1,1.06720544397830963e-1
3,6,5.09803921568627416e-1,7.84313725490196068e-2,1.76470588235294101e-1,-3.07478252798318863e-2,-1.53739126399159431e-2,2.66414926154540099e-3,1.33207463077270050e-3,-3.07242367416620255e-2,-1.53621183708310127e-2
3,7,5.88235294117647078e-1,7.84313725490196068e-2,1.76470588235294101e-1,-2.73243248462677002e-1,-1.36621624231338501e-1,2.36751411168369952e-2,1.18375705584184976e-2,-2.73033618927001953e-1,-1.36516809463500977e-1
3,8,6.66666666666666630e-1,7.84313725490196068e-2,1.76470588235294101e-1,-4.99233126640319824e-1,-2.49616563320159912e-1,4.32560618966817967e-2,2.16280309483408983e-2,-4.98850136995315552e-1,-2.49425068497657776e-1
3,9,7.45098039215686292e-1,7.84313725490196068e-2,1.76470588235294101e-1,-6.95066273212432861e-1,-3.47533136606216431e-1,6.02240798994898852e-2,3.01120399497449426e-2,-6.94533050060272217e-1,-3.47266525030136108e-1
3,10,8.23529411764705843e-1,7.84313725490196068e-2,1.76470588235294101e-1,-8.48913133144378662e-1,-4.24456566572189331e-1,7.35540971159935053e-2,3.67770485579967527e-2,-8.48261892795562744e-1,-4.24130946397781372e-1
3,11,9.01960784313725505e-1,7.84313725490196068e-2,1.76470588235294101e-1,-9.51480448246002197e-1,-4.75740224123001099e-1,8.24383528903126633e-2,4.12191764451563317e-2,-9.50750529766082764e-1,-4.75375264883041382e-1
3,12,9.80392156862745057e-1,5.88235294117647189e-2,1.32352941176470618e-1,-9.96574401855468750e-1,-4.98287200927734375e-1,6.46816397085785838e-2,3.23408198542892919e-2,-9.95810806751251221e-1,-4.97905403375625610e-1
4,0,3.92156862745098034e-2,7.84313725490196068e-2,1.76470588235294101e-1,9.90138173103332520e-1,4.95069086551666260e-1,-8.57905425131320898e-2,-4.28952712565660449e-2,9.89378571510314941e-1,4.94689285755157471e-1
4,1,1.17647058823529410e-1,7.84313725490196068e-2,1.76470588235294101e-1,9.30327773094177246e-1,4.65163886547088623e-1,-8.06082380935549681e-2,-4.03041190467774840e-2,9.29614067077636719e-1,4.64807033538818359e-1
4,2,1.96078431372549017e-1,7.84313725490196068e-2,1.76470588235294101e-1,8.14319908618927002e-1,4.07159954309463501e-1,-7.05568844452500454e-2,-3.52784422226250227e-2,8.13695192337036133e-1,4.06847596168518066e-1
4,3,2.74509803921568651e-1,7.84313725490196068e-2,1.76470588235294101e-1,6.49122059345245361e-1,3.24561029672622681e-1,-5.62431997619569080e-2,-2.81215998809784540e-2,6.48624062538146973e-1,3.24312031269073486e-1
4,4,3.52941176470588203e-1,7.84313725490196068e-2,1.76470588235294101e-1,4.44713264703750610e-1,2.22356632351875305e-1,-3.85321625042706617e-2,-1.92660812521353308e-2,4.44372087717056274e-1,2.22186043858528137e-1
4,5,4.31372549019607865e-1,7.84313725490196068e-2,1.76470588235294101e-1,2.13441088795661926e-1,1.06720544397830963e-1,-1.84936114994343481e-2,-9.24680574971717406e-3,2.13277339935302734e-1,1.06638669967651367e-1
4,6,5.09803921568627416e-1,7.84313725490196068e-2,1.76470588235294101e-1,-3.07242367416620255e-2,-1.53621183708310127e-2,2.66211874550209560e-3,1.33105937275104780e-3,-3.07006649672985077e-2,-1.53503324836492538e-2
4,7,5.88235294117647078e-1,7.84313725490196068e-2,1.76470588235294101e-1,-2.73033618927001953e-1,-1.36516809463500977e-1,2.36569519678596074e-2,1.18284759839298037e-2,-2.72824168205261230e-1,-1.36412084102630615e-1
4,8,6.66666666666666630e-1,7.84313725490196068e-2,1.76470588235294101e-1,-4.98850136995315552e-1,-2.49425068497657776e-1,4.32228896766901349e-2,2.16114448383450675e-2,-4.98467445373535156e-1,-2.49233722686767578e-1
4,9,7.45098039215686292e-1,7.84313725490196068e-2,1.76470588235294101e-1,-6.94533050060272217e-1,-3.47266525030136108e-1,6.01778696291148385e-2,3.00889348145574193e-2,-6.94000244140625000e-1,-3.47000122070312500e-1
4,10,8.23529411764705843e-1,7.84313725490196068e-2,1.76470588235294101e-1,-8.48261892795562744e-1,-4.24130946397781372e-1,7.34976701438427027e-2,3.67488350719213513e-2,-8.47611129283905029e-1,-4.23805564641952515e-1
4,11,9.01960784313725505e-1,7.84313725490196068e-2,1.76470588235294101e-1,-9.50750529766082764e-1,-4.75375264883041382e-1,8.23738038539886391e-2,4.11869019269943196e-2,-9.50021207332611084e-1,-4.75010603666305542e-1
4,12,9.80392156862745057e-1,5.88235294117647189e-2,1.32352941176470618e-1,-9.95810806751251221e-1,-4.97905403375625610e-1,6.46333348006010028e-2,3.23166674003005014e-2,-9.95047748088836670e-1,-4.97523874044418335e-1
5,0,3.92156862745098034e-2,7.84313725490196068e-2,1.76470588235294101e-1,9.89378571510314941e-1,4.94689285755157471e-1,-8.57247110456228201e-2,-4.28623555228114100e-2,9.88619565963745117e-1,4.94309782981872559e-1
5,1,1.17647058823529410e-1,7.84313725490196068e-2,1.76470588235294101e-1,9.29614067077636719e-1,4.64807033538818359e-1,-8.05464249104261287e-2,-4.02732124552130644e-2,9.28900897502899170e-1,4.64450448751449585e-1
5,2,1.96078431372549017e-1,7.84313725490196068e-2,1.76470588235294101e-1,8.13695192337036133e-1,4.06847596168518066e-1,-7.05027658492326792e-2,-3.52513829246163396e-2,8.13070952892303467e-1,4.06535476446151733e-1
5,3,2.74509803921568651e-1,7.84313725490196068e-2,1.76470588235294101e-1,6.48624062538146973e-1,3.24312031269073486e-1,-5.62000245787203090e-2,-2.81000122893601545e-2,6.48126482963562012e-1,3.24063241481781006e-1
5,4,3.52941176470588203e-1,7.84313725490196068e-2,1.76470588235294101e-1,4.44372087717056274e-1,2.22186043858528137e-1,-3.85026024654507859e-2,-1.92513012327253930e-2,4.44031178951263428e-1,2.22015589475631714e-1
5,5,4.31372549019607865e-1,7.84313725490196068e-2,1.76470588235294101e-1,2.13277339935302734e-1,1.06638669967651367e-1,-1.84794219327159004e-2,-9.23971096635795019e-3,2.13113725185394287e-1,1.06556862592697144e-1
5,6,5.09803921568627416e-1,7.84313725490196068e-2,1.76470588235294101e-1,-3.07006649672985077e-2,-1.53503324836492538e-2,2.66005082521586500e-3,1.33002541260793250e-3,-3.06771118193864822e-2,-1.53385559096932411e-2
5,7,5.88235294117647078e-1,7.84313725490196068e-2,1.76470588235294101e-1,-2.72824168205261230e-1,-1.36412084102630615e-1,2.36388242687098349e-2,1.18194121343549174e-2,-2.72614866495132446e-1,-1.36307433247566223e-1
5,8,6.66666666666666630e-1,7.84313725490196068e-2,1.76470588235294101e-1,-4.98467445373535156e-1,-2.49233722686767578e-1,4.31897174566984177e-2,2.15948587283492088e-2,-4.98085021972656250e-1,-2.49042510986328125e-1
5,9,7.45098039215686292e-1,7.84313725490196068e-2,1.76470588235294101e-1,-6.94000244140625000e-1,-3.47000122070312500e-1,6.01317448541522082e-2,3.00658724270761041e-2,-6.93467855453491211e-1,-3.46733927726745605e-1
5,10,8.23529411764705843e-1,7.84313725490196068e-2,1.76470588235294101e-1,-8.47611129283905029e-1,-4.23805564641952515e-1,7.34411576762795670e-2,3.67205788381397835e-2,-8.46960842609405518e-1,-4.23480421304702759e-1
5,11,9.01960784313725505e-1,7.84313725490196068e-2,1.76470588235294101e-1,-9.50021207332611084e-1,-4.75010603666305542e-1,8.23095113039016557e-2,4.11547556519508279e-2,-9.49292421340942383e-1,-4.74646210670471191e-1
5,12,9.80392156862745057e-1,5.88235294117647189e-2,1.32352941176470618e-1,-9.95047748088836670e-1,-4.97523874044418335e-1,6.45849443972110748e-2,3.22924721986055374e-2,-9.94285285472869873e-1,-4.97142642736434937e-1
6,0,3.92156862745098034e-2,7.84313725490196068e-2,1.76470588235294101e-1,9.88619565963745117e-1,4.94309782981872559e-1,-8.56589650735258973e-2,-4.28294825367629486e-2,9.87861156463623047e-1,4.93930578231811523e-1
6,1,1.17647058823529410e-1,7.84313725490196068e-2,1.76470588235294101e-1,9.28900897502899170e-1,4.64450448751449585e-1,-8.04846117272973033e-2,-4.02423058636486516e-2,9.28188264369964600e-1,4.64094132184982300e-1
6,2,1.96078431372549017e-1,7.84313725490196068e-2,1.76470588235294101e-1,8.13070952892303467e-1,4.06535476446151733e-1,-7.04486472532153130e-2,-3.52243236266076565e-2,8.12447190284729004e-1,4.06223595142364502e-1
6,3,2.74509803921568651e-1,7.84313725490196068e-2,1.76470588235294101e-1,6.48126482963562012e-1,3.24063241481781006e-1,-5.61569776386022790e-2,-2.80784888193011395e-2,6.47629261016845703e-1,3.23814630508422852e-1
6,4,3.52941176470588203e-1,7.84313725490196068e-2,1.76470588235294101e-1,4.44031178951263428e-1,2.22015589475631714e-1,-3.84730210527777228e-2,-1.92365105263888614e-2,4.43690538406372070e-1,2.21845269203186035e-1
6,5,4.31372549019607865e-1,7.84313725490196068e-2,1.76470588235294101e-1,2.13113725185394287e-1,1.06556862592697144e-1,-1.84652590833138674e-2,-9.23262954165693372e-3,2.12950229644775391e-1,1.06475114822387695e-1
6,6,5.09803921568627416e-1,7.84313725490196068e-2,1.76470588235294101e-1,-3.06771118193864822e-2,-1.53385559096932411e-2,2.65801496570927664e-3,1.32900748285463832e-3,-3.06535772979259491e-2,-1.53267886489629745e-2
6,7,5.88235294117647078e-1,7.84313725490196068e-2,1.76470588235294101e-1,-2.72614866495132446e-1,-1.36307433247566223e-1,2.36207125999499112e-2,1.18103562999749556e-2,-2.72405713796615601e-1,-1.36202856898307800e-1
6,8,6.66666666666666630e-1,7.84313725490196068e-2,1.76470588235294101e-1,-4.98085021972656250e-1,-2.49042510986328125e-1,4.31565024890005478e-2,2.15782512445002739e-2,-4.97702896595001221e-1,-2.48851448297500610e-1
6,9,7.45098039215686292e-1,7.84313725490196068e-2,1.76470588235294101e-1,-6.93467855453491211e-1,-3.46733927726745605e-1,6.00857483223080635e-2,3.00428741611540318e-2,-6.92935824394226074e-1,-3.46467912197113037e-1
6,10,8.23529411764705843e-1,7.84313725490196068e-2,1.76470588235294101e-1,-8.46960842609405518e-1,-4.23480421304702759e-1,7.33846452087164036e-2,3.66923226043582018e-2,-8.46311092376708984e-1,-4.23155546188354492e-1
6,11,9.01960784313725505e-1,7.84313725490196068e-2,1.76470588235294101e-1,-9.49292421340942383e-1,-4.74646210670471191e-1,8.22452187538146862e-2,4.11226093769073431e-2,-9.48564231395721436e-1,-4.74282115697860718e-1
6,12,9.80392156862745057e-1,5.88235294117647189e-2,1.32352941176470618e-1,-9.94285285472869873e-1,-4.97142642736434937e-1,6.45366394892334938e-2,3.22683197446167469e-2,-9.93523418903350830e-1,-4.96761709451675415e-1
7,0,3.92156862745098034e-2,7.84313725490196068e-2,1.76470588235294101e-1,9.87861156463623047e-1,4.93930578231811523e-1,-8.55933045968413353e-2,-4.27966522984206676e-2,9.87103283405303955e-1,4.93551641702651978e-1
7,1,1.17647058823529410e-1,7.84313725490196068e-2,1.76470588235294101e-1,9.28188264369964600e-1,4.64094132184982300e-1,-8.04227985441684778e-2,-4.02113992720842389e-2,9.27476167678833008e-1,4.63738083839416504e-1
7,2,1.96078431372549017e-1,7.84313725490196068e-2,1.76470588235294101e-1,8.12447190284729004e-1,4.06223595142364502e-1,-7.03946141526102798e-2,-3.51973070763051399e-2,8.11823904514312744e-1,4.05911952257156372e-1
7,3,2.74509803921568651e-1,7.84313725490196068e-2,1.76470588235294101e-1,6.47629261016845703e-1,3.23814630508422852e-1,-5.61138879507780131e-2,-2.80569439753890065e-2,6.47132396697998047e-1,3.23566198348999023e-1
7,4,3.52941176470588203e-1,7.84313725490196068e-2,1.76470588235294101e-1,4.43690538406372070e-1,2.21845269203186035e-1,-3.84435251355171315e-2,-1.92217625677585657e-2,4.43350166082382202e-1,2.21675083041191101e-1
7,5,4.31372549019607865e-1,7.84313725490196068e-2,1.76470588235294101e-1,2.12950229644775391e-1,1.06475114822387695e-1,-1.84510802035219856e-2,-9.22554010176099282e-3,2.12786853313446045e-1,1.06393426656723022e-1
7,6,5.09803921568627416e-1,7.84313725490196068e-2,1.76470588235294101e-1,-3.06535772979259491e-2,-1.53267886489629745e-2,2.65598979312925421e-3,1.32799489656462710e-3,-3.06300614029169083e-2,-1.53150307014584541e-2
7,7,5.88235294117647078e-1,7.84313725490196068e-2,1.76470588235294101e-1,-2.72405713796615601e-1,-1.36202856898307800e-1,2.36025742138736283e-2,1.18012871069368142e-2,-2.72196739912033081e-1,-1.36098369956016541e-1
7,8,6.66666666666666630e-1,7.84313725490196068e-2,1.76470588235294101e-1,-4.97702896595001221e-1,-2.48851448297500610e-1,4.31234157644211913e-2,2.15617078822105956e-2,-4.97321069240570068e-1,-2.48660534620285034e-1
7,9,7.45098039215686292e-1,7.84313725490196068e-2,1.76470588235294101e-1,-6.92935824394226074e-1,-3.46467912197113037e-1,6.00395807996392250e-2,3.00197903998196125e-2,-6.92404210567474365e-1,-3.46202105283737183e-1
7,10,8.23529411764705843e-1,7.84313725490196068e-2,1.76470588235294101e-1,-8.46311092376708984e-1,-4.23155546188354492e-1,7.33283037319779341e-2,3.66641518659889670e-2,-8.45661818981170654e-1,-4.22830909490585327e-1
7,11,9.01960784313725505e-1,7.84313725490196068e-2,1.76470588235294101e-1,-9.48564231395721436e-1,-4.74282115697860718e-1,8.21810116991400774e-2,4.10905058495700387e-2,-9.47836577892303467e-1,-4.73918288946151733e-1
7,12,9.80392156862745057e-1,5.88235294117647189e-2,1.32352941176470618e-1,-9.93523418903350830e-1,-4.96761709451675415e-1,6.44883345812559128e-2,3.22441672906279564e-2,-9.92762088775634766e-1,-4.96381044387817383e-1
8,0,3.92156862745098034e-2,7.84313725490196068e-2,1.76470588235294101e-1,9.87103283405303955e-1,4.93551641702651978e-1,-8.55276441201567594e-2,-4.27638220600783797e-2,9.86346006393432617e-1,4.93173003196716309e-1
8,1,1.17647058823529410e-1,7.84313725490196068e-2,1.76470588235294101e-1,9.27476167678833008e-1,4.63738083839416504e-1,-8.03610708564519993e-2,-4.01805354282259997e-2,9.26764667034149170e-1,4.63382333517074585e-1
8,2,1.96078431372549017e-1,7.84313725490196068e-2,1.76470588235294101e-1,8.11823904514312744e-1,4.05911952257156372e-1,-7.03406665474176351e-2,-3.51703332737088176e-2,8.11201095581054688e-1,4.05600547790527344e-1
8,3,2.74509803921568651e-1,7.84313725490196068e-2,1.76470588235294101e-1,6.47132396697998047e-1,3.23566198348999023e-1,-5.60707555152475945e-2,-2.80353777576237972e-2,6.46635949611663818e-1,3.23317974805831909e-1
8,4,3.52941176470588203e-1,7.84313725490196068e-2,1.76470588235294101e-1,4.43350166082382202e-1,2.21675083041191101e-1,-3.84141147136687899e-2,-1.92070573568343950e-2,4.43010032176971436e-1,2.21505016088485718e-1
8,5,4.31372549019607865e-1,7.84313725490196068e-2,1.76470588235294101e-1,2.12786853313446045e-1,1.06393426656723022e-1,-1.84368852933403105e-2,-9.21844264667015523e-3,2.12623611092567444e-1,1.06311805546283722e-1
8,6,5.09803921568627416e-1,7.84313725490196068e-2,1.76470588235294101e-1,-3.06300614029169083e-2,-1.53150307014584541e-2,2.65393255976958953e-3,1.32696627988479476e-3,-3.06065622717142105e-2,-1.53032811358571053e-2
8,7,5.88235294117647078e-1,7.84313725490196068e-2,1.76470588235294101e-1,-2.72196739912033081e-1,-1.36098369956016541e-1,2.35844946058932914e-2,1.17922473029466457e-2,-2.71987915039062500e-1,-1.35993957519531250e-1
8,8,6.66666666666666630e-1,7.84313725490196068e-2,1.76470588235294101e-1,-4.97321069240570068e-1,-2.48660534620285034e-1,4.30903290398418903e-2,2.15451645199209452e-2,-4.96939539909362793e-1,-2.48469769954681396e-1
8,9,7.45098039215686292e-1,7.84313725490196068e-2,1.76470588235294101e-1,-6.92404210567474365e-1,-3.46202105283737183e-1,5.99934987723827196e-2,2.99967493861913598e-2,-6.91873013973236084e-1,-3.45936506986618042e-1
8,10,8.23529411764705843e-1,7.84313725490196068e-2,1.76470588235294101e-1,-8.45661818981170654e-1,-4.22830909490585327e-1,7.32719622552394645e-2,3.66359811276197322e-2,-8.45013082027435303e-1,-4.22506541013717651e-1
8,11,9.01960784313725505e-1,7.84313725490196068e-2,1.76470588235294101e-1,-9.47836577892303467e-1,-4.73918288946151733e-1,8.21168901398778017e-2,4.10584450699389009e-2,-9.47109520435333252e-1,-4.73554760217666626e-1
8,12,9.80392156862745057e-1,5.88235294117647189e-2,1.32352941176470618e-1,-9.92762088775634766e-1,-4.96381044387817383e-1,6.44400296732783318e-2,3.22200148366391659e-2,-9.92001354694366455e-1,-4.96000677347183228e-1
9,0,3.92156862745098034e-2,7.84313725490196068e-2,1.76470588235294101e-1,9.86346006393432617e-1,4.93173003196716309e-1,-8.54619836434721974e-2,-4.27309918217360987e-2,9.85589325428009033e-1,4.92794662714004517e-1
9,1,1.17647058823529410e-1,7.84313725490196068e-2,1.76470588235294101e-1,9.26764667034149170e-1,4.63382333517074585e-1,-8.02995141595602008e-2,-4.01497570797801004e-2,9.26053702831268311e-1,4.63026851415634155e-1
9,2,1.96078431372549017e-1,7.84313725490196068e-2,1.76470588235294101e-1,8.11201095581054688e-1,4.05600547790527344e-1,-7.02866334468126297e-2,-3.51433167234063148e-2,8.10578763484954834e-1,4.05289381742477417e-1
9,3,2.74509803921568651e-1,7.84313725490196068e-2,1.76470588235294101e-1,6.46635949611663818e-1,3.23317974805831909e-1,-5.60277940705418698e-2,-2.80138970352709349e-2,6.46139860153198242e-1,3.23069930076599121e-1
9,4,3.52941176470588203e-1,7.84313725490196068e-2,1.76470588235294101e-1,4.43010032176971436e-1,2.21505016088485718e-1,-3.83845974225550668e-2,-1.91922987112775334e-2,4.42670166492462158e-1,2.21335083246231079e-1
9,5,4.31372549019607865e-1,7.84313725490196068e-2,1.76470588235294101e-1,2.12623611092567444e-1,1.06311805546283722e-1,-1.84227571764495335e-2,-9.21137858822476674e-3,2.12460488080978394e-1,1.06230244040489197e-1
9,6,5.09803921568627416e-1,7.84313725490196068e-2,1.76470588235294101e-1,-3.06065622717142105e-2,-1.53032811358571053e-2,2.65190204372628413e-3,1.32595102186314207e-3,-3.05830817669630051e-2,-1.52915408834815025e-2
9,7,5.88235294117647078e-1,7.84313725490196068e-2,1.76470588235294101e-1,-2.71987915039062500e-1,-1.35993957519531250e-1,2.35663909523282644e-2,1.17831954761641322e-2,-2.71779268980026245e-1,-1.35889634490013123e-1
9,8,6.66666666666666630e-1,7.84313725490196068e-2,1.76470588235294101e-1,-4.96939539909362793e-1,-2.48469769954681396e-1,4.30572850629686865e-2,2.15286425314843433e-2,-4.96558308601379395e-1,-2.48279154300689697e-1
9,9,7.45098039215686292e-1,7.84313725490196068e-2,1.76470588235294101e-1,-6.91873013973236084e-1,-3.45936506986618042e-1,5.99474167451262696e-2,2.99737083725631348e-2,-6.91342234611511230e-1,-3.45671117305755615e-1
9,10,8.23529411764705843e-1,7.84313725490196068e-2,1.76470588235294101e-1,-8.45013082027435303e-1,-4.22506541013717651e-1,7.32157062739133835e-2,3.66078531369566917e-2,-8.44364821910858154e-1,-4.22182410955429077e-1
9,11,9.01960784313725505e-1,7.84313725490196068e-2,1.76470588235294101e-1,-9.47109520435333252e-1,-4.73554760217666626e-1,8.20528540760278591e-2,4.10264270380139295e-2,-9.46382999420166016e-1,-4.73191499710083008e-1
9,12,9.80392156862745057e-1,5.88235294117647189e-2,1.32352941176470618e-1,-9.92001354694366455e-1,-4.96000677347183228e-1,6.43917247653007507e-2,3.21958623826503754e-2,-9.91241157054901123e-1,-4.95620578527450562e-1
10,0,3.92156862745098034e-2,7.84313725490196068e-2,1.76470588235294101e-1,9.85589325428009033e-1,4.92794662714004517e-1,-8.53964086621999685e-2,-4.26982043310999843e-2,9.84833240509033203e-1,4.92416620254516602e-1
10,1,1.17647058823529410e-1,7.84313725490196068e-2,1.76470588235294101e-1,9.26053702831268311e-1,4.63026851415634155e-1,-8.02379574626684300e-2,-4.01189787313342150e-2,9.25343275070190430e-1,4.62671637535095215e-1
10,2,1.96078431372549017e-1,7.84313725490196068e-2,1.76470588235294101e-1,8.10578763484954834e-1,4.05289381742477417e-1,-7.02326858416199573e-2,-3.51163429208099787e-2,8.09956908226013184e-1,4.04978454113006592e-1
10,3,2.74509803921568651e-1,7.84313725490196068e-2,1.76470588235294101e-1,6.46139860153198242e-1,3.23069930076599121e-1,-5.59847898781299647e-2,-2.79923949390649823e-2,6.45644187927246094e-1,3.22822093963623047e-1
10,4,3.52941176470588203e-1,7.84313725490196068e-2,1.76470588235294101e-1,4.42670166492462158e-1,2.21335083246231079e-1,-3.83551656268537045e-2,-1.91775828134268522e-2,4.42330569028854370e-1,2.21165284514427185e-1
10,5,4.31372549019607865e-1,7.84313725490196068e-2,1.76470588235294101e-1,2.12460488080978394e-1,1.06230244040489197e-1,-1.84086130291689076e-2,-9.20430651458445381e-3,2.12297499179840088e-1,1.06148749589920044e-1
10,6,5.09803921568627416e-1,7.84313725490196068e-2,1.76470588235294101e-1,-3.05830817669630051e-2,-1.52915408834815025e-2,2.64983946690333649e-3,1.32491973345166825e-3,-3.05596198886632919e-2,-1.52798099443316460e-2
10,7,5.88235294117647078e-1,7.84313725490196068e-2,1.76470588235294101e-1,-2.71779268980026245e-1,-1.35889634490013123e-1,2.35483460768591835e-2,1.17741730384295917e-2,-2.71570771932601929e-1,-1.35785385966300964e-1
10,8,6.66666666666666630e-1,7.84313725490196068e-2,1.76470588235294101e-1,-4.96558308601379395e-1,-2.48279154300689697e-1,4.30242410860955937e-2,2.15121205430477969e-2,-4.96177375316619873e-1,-2.48088687658309937e-1
10,9,7.45098039215686292e-1,7.84313725490196068e-2,1.76470588235294101e-1,-6.91342234611511230e-1,-3.45671117305755615e-1,5.99014202132820694e-2,2.99507101066410347e-2,-6.90811872482299805e-1,-3.45405936241149902e-1
10,10,8.23529411764705843e-1,7.84313725490196068e-2,1.76470588235294101e-1,-8.44364821910858154e-1,-4.22182410955429077e-1,7.31594502925873025e-2,3.65797251462936512e-2,-8.43717038631439209e-1,-4.21858519315719604e-1
10,11,9.01960784313725505e-1,7.84313725490196068e-2,1.76470588235294101e-1,-9.46382999420166016e-1,-4.73191499710083008e-1,8.19889035075902772e-2,4.09944517537951386e-2,-9.45657074451446533e-1,-4.72828537225723267e-1
10,12,9.80392156862745057e-1,5.88235294117647189e-2,1.32352941176470618e-1,-9.91241157054901123e-1,-4.95620578527450562e-1,6.43434198573231697e-2,3.21717099286615849e-2,-9.90481555461883545e-1,-4.95240777730941772e-1
11,0,3.92156862745098034e-2,7.84313725490196068e-2,1.76470588235294101e-1,9.84833240509033203e-1,4.92416620254516602e-1,-8.53309191763401004e-2,-4.26654595881700502e-2,9.84077692031860352e-1,4.92038846015930176e-1
11,1,1.17647058823529410e-1,7.84313725490196068e-2,1.76470588235294101e-1,9.25343275070190430e-1,4.62671637535095215e-1,-8.01764007657766314e-2,-4.00882003828883157e-2,9.24633383750915527e-1,4.62316691875457764e-1
11,2,1.96078431372549017e-1,7.84313725490196068e-2,1.76470588235294101e-1,8.09956908226013184e-1,4.04978454113006592e-1,-7.01787382364273127e-2,-3.50893691182136563e-2,8.09335529804229736e-1,4.04667764902114868e-1
11,3,2.74509803921568651e-1,7.84313725490196068e-2,1.76470588235294101e-1,6.45644187927246094e-1,3.22822093963623047e-1,-5.59419139288365730e-2,-2.79709569644182865e-2,6.45148873329162598e-1,3.22574436664581299e-1
11,4,3.52941176470588203e-1,7.84313725490196068e-2,1.76470588235294101e-1,4.42330569028854370e-1,2.21165284514427185e-1,-3.83257124572992103e-2,-1.91628562286496051e-2,4.41991239786148071e-1,2.20995619893074036e-1
11,5,4.31372549019607865e-1,7.84313725490196068e-2,1.76470588235294101e-1,2.12297499179840088e-1,1.06148749589920044e-1,-1.83944955992046966e-2,-9.19724779960234828e-3,2.12134629487991333e-1,1.06067314743995667e-1
11,6,5.09803921568627416e-1,7.84313725490196068e-2,1.76470588235294101e-1,-3.05596198886632919e-2,-1.52798099443316460e-2,2.64780895086003110e-3,1.32390447543001555e-3,-3.05361766368150711e-2,-1.52680883184075356e-2
11,7,5.88235294117647078e-1,7.84313725490196068e-2,1.76470588235294101e-1,-2.71570771932601929e-1,-1.35785385966300964e-1,2.35302744840737432e-2,1.17651372420368716e-2,-2.71362423896789551e-1,-1.35681211948394775e-1
11,8,6.66666666666666630e-1,7.84313725490196068e-2,1.76470588235294101e-1,-4.96177375316619873e-1,-2.48088687658309937e-1,4.29912398569285981e-2,2.14956199284642990e-2,-4.95796710252761841e-1,-2.47898355126380920e-1
11,9,7.45098039215686292e-1,7.84313725490196068e-2,1.76470588235294101e-1,-6.90811872482299805e-1,-3.45405936241149902e-1,5.98555091768503134e-2,2.99277545884251567e-2,-6.90281927585601807e-1,-3.45140963792800903e-1
11,10,8.23529411764705843e-1,7.84313725490196068e-2,1.76470588235294101e-1,-8.43717038631439209e-1,-4.21858519315719604e-1,7.31031088158488329e-2,3.65515544079244165e-2,-8.43069791793823242e-1,-4.21534895896911621e-1
11,11,9.01960784313725505e-1,7.84313725490196068e-2,1.76470588235294101e-1,-9.45657074451446533e-1,-4.72828537225723267e-1,8.19251239299774170e-2,4.09625619649887085e-2,-9.44931685924530029e-1,-4.72465842962265015e-1
11,12,9.80392156862745057e-1,5.88235294117647189e-2,1.32352941176470618e-1,-9.90481555461883545e-1,-4.95240777730941772e-1,6.42951149493455887e-2,3.21475574746727943e-2,-9.89722490310668945e-1,-4.94861245155334473e-1
12,0,3.92156862745098034e-2,7.84313725490196068e-2,1.76470588235294101e-1,9.84077692031860352e-1,4.92038846015930176e-1,-8.52654296904802322e-2,-4.26327148452401161e-2,9.83322739601135254e-1,4.91661369800567627e-1
12,1,1.17647058823529410e-1,7.84313725490196068e-2,1.76470588235294101e-1,9.24633383750915527e-1,4.62316691875457764e-1,-8.01149295642971937e-2,-4.00574647821485968e-2,9.23924028873443604e-1,4.61962014436721802e-1
12,2,1.96078431372549017e-1,7.84313725490196068e-2,1.76470588235294101e-1,8.09335529804229736e-1,4.04667764902114868e-1,-7.01248761266470011e-2,-3.50624380633235005e-2,8.08714628219604492e-1,4.04357314109802246e-1
12,3,2.74509803921568651e-1,7.84313725490196068e-2,1.76470588235294101e-1,6.45148873329162598e-1,3.22574436664581299e-1,-5.58989952318370009e-2,-2.79494976159185005e-2,6.44653916358947754e-1,3.22326958179473877e-1
12,4,3.52941176470588203e-1,7.84313725490196068e-2,1.76470588235294101e-1,4.41991239786148071e-1,2.20995619893074036e-1,-3.82963447831571324e-2,-1.91481723915785662e-2,4.41652148962020874e-1,2.20826074481010437e-1
12,5,4.31372549019607865e-1,7.84313725490196068e-2,1.76470588235294101e-1,2.12134629487991333e-1,1.06067314743995667e-1,-1.83803621388506366e-2,-9.19018106942531832e-3,2.11971893906593323e-1,1.05985946953296661e-1
12,6,5.09803921568627416e-1,7.84313725490196068e-2,1.76470588235294101e-1,-3.05361766368150711e-2,-1.52680883184075356e-2,2.64578912174329162e-3,1.32289456087164581e-3,-3.05127501487731934e-2,-1.52563750743865967e-2
12,7,5.88235294117647078e-1,7.84313725490196068e-2,1.76470588235294101e-1,-2.71362423896789551e-1,-1.35681211948394775e-1,2.35122189216781519e-2,1.17561094608390759e-2,-2.71154254674911499e-1,-1.35577127337455750e-1
12,8,6.66666666666666630e-1,7.84313725490196068e-2,1.76470588235294101e-1,-4.95796710252761841e-1,-2.47898355126380920e-1,4.29581958800554498e-2,2.14790979400277249e-2,-4.95416343212127686e-1,-2.47708171606063843e-1
12,9,7.45098039215686292e-1,7.84313725490196068e-2,1.76470588235294101e-1,-6.90281927585601807e-1,-3.45140963792800903e-1,5.98096408881246822e-2,2.99048204440623411e-2,-6.89752340316772461e-1,-3.44876170158386230e-1
12,10,8.23529411764705843e-1,7.84313725490196068e-2,1.76470588235294101e-1,-8.43069791793823242e-1,-4.21534895896911621e-1,7.30469383299350850e-2,3.65234691649675425e-2,-8.42423021793365479e-1,-4.21211510896682739e-1
12,11,9.01960784313725505e-1,7.84313725490196068e-2,1.76470588235294101e-1,-9.44931685924530029e-1,-4.72465842962265015e-1,8.18613443523645290e-2,4.09306721761822645e-2,-9.44206893444061279e-1,-4.72103446722030640e-1
12,12,9.80392156862745057e-1,5.88235294117647189e-2,1.32352941176470618e-1,-9.89722490310668945e-1,-4.94861245155334473e-1,6.42468100413680077e-2,3.21234050206840038e-2,-9.88964021205902100e-1,-4.94482010602951050e-1
13,0,3.92156862745098034e-2,7.84313725490196068e-2,1.76470588235294101e-1,9.83322739601135254e-1,4.91661369800567627e-1,-8.52000257000327110e-2,-4.26000128500163555e-2,9.82568383216857910e-1,4.91284191608428955e-1
13,1,1.17647058823529410e-1,7.84313725490196068e-2,1.76470588235294101e-1,9.23924028873443604e-1,4.61962014436721802e-1,-8.00534583628177698e-2,-4.00267291814088849e-2,9.23215210437774658e-1,4.61607605218887329e-1
13,2,1.96078431372549017e-1,7.84313725490196068e-2,1.76470588235294101e-1,8.08714628219604492e-1,4.04357314109802246e-1,-7.00710995122790226e-2,-3.50355497561395113e-2,8.08094203472137451e-1,4.04047101736068726e-1
13,3,2.74509803921568651e-1,7.84313725490196068e-2,1.76470588235294101e-1,6.44653916358947754e-1,3.22326958179473877e-1,-5.58560765348374566e-2,-2.79280382674187283e-2,6.44159376621246338e-1,3.22079688310623169e-1
13,4,3.52941176470588203e-1,7.84313725490196068e-2,1.76470588235294101e-1,4.41652148962020874e-1,2.20826074481010437e-1,-3.82669557351619227e-2,-1.91334778675809614e-2,4.41313326358795166e-1,2.20656663179397583e-1
13,5,4.31372549019607865e-1,7.84313725490196068e-2,1.76470588235294101e-1,2.11971893906593323e-1,1.05985946953296661e-1,-1.83662954717874749e-2,-9.18314773589373745e-3,2.11809277534484863e-1,1.05904638767242432e-1
13,6,5.09803921568627416e-1,7.84313725490196068e-2,1.76470588235294101e-1,-3.05127501487731934e-2,-1.52563750743865967e-2,2.64375326223675877e-3,1.32187663111837939e-3,-3.04893422871828079e-2,-1.52446711435914040e-2
13,7,5.88235294117647078e-1,7.84313725490196068e-2,1.76470588235294101e-1,-2.71154254674911499e-1,-1.35577127337455750e-1,2.34942248091101202e-2,1.17471124045550601e-2,-2.70946234464645386e-1,-1.35473117232322693e-1
13,8,6.66666666666666630e-1,7.84313725490196068e-2,1.76470588235294101e-1,-4.95416343212127686e-1,-2.47708171606063843e-1,4.29252373985946623e-2,2.14626186992973311e-2,-4.95036274194717407e-1,-2.47518137097358704e-1
13,9,7.45098039215686292e-1,7.84313725490196068e-2,1.76470588235294101e-1,-6.89752340316772461e-1,-3.44876170158386230e-1,5.97636871039867179e-2,2.98818435519933590e-2,-6.89223170280456543e-1,-3.44611585140228271e-1
13,10,8.23529411764705843e-1,7.84313725490196068e-2,1.76470588235294101e-1,-8.42423021793365479e-1,-4.21211510896682739e-1,7.29907678440213092e-2,3.64953839220106546e-2,-8.41776728630065918e-1,-4.20888364315032959e-1
13,11,9.01960784313725505e-1,7.84313725490196068e-2,1.76470588235294101e-1,-9.44206893444061279e-1,-4.72103446722030640e-1,8.17977357655763626e-2,4.08988678827881813e-2,-9.43482637405395508e-1,-4.71741318702697754e-1
13,12,9.80392156862745057e-1,5.88235294117647189e-2,1.32352941176470618e-1,-9.88964021205902100e-1,-4.94482010602951050e-1,6.41985051333904266e-2,3.20992525666952133e-2,-9.88206148147583008e-1,-4.94103074073791504e-1
14,0,3.92156862745098034e-2,7.84313725490196068e-2,1.76470588235294101e-1,9.82568383216857910e-1,4.91284191608428955e-1,-8.51347072049975367e-2,-4.25673536024987684e-2,9.81814563274383545e-1,4.90907281637191772e-1
14,1,1.17647058823529410e-1,7.84313725490196068e-2,1.76470588235294101e-1,9.23215210437774658e-1,4.61607605218887329e-1,-7.99919871613383321e-2,-3.99959935806691660e-2,9.22506928443908691e-1,4.61253464221954346e-1
14,2,1.96078431372549017e-1,7.84313725490196068e-2,1.76470588235294101e-1,8.08094203472137451e-1,4.04047101736068726e-1,-7.00173228979110718e-2,-3.50086614489555359e-2,8.07474255561828613e-1,4.03737127780914307e-1
14,3,2.74509803921568651e-1,7.84313725490196068e-2,1.76470588235294101e-1,6.44159376621246338e-1,3.22079688310623169e-1,-5.58132860809564257e-2,-2.79066430404782129e-2,6.43665194511413574e-1,3.21832597255706787e-1
14,4,3.52941176470588203e-1,7.84313725490196068e-2,1.76470588235294101e-1,4.41313326358795166e-1,2.20656663179397583e-1,-3.82375666871667130e-2,-1.91187833435833565e-2,4.40974771976470947e-1,2.20487385988235474e-1
14,5,4.31372549019607865e-1,7.84313725490196068e-2,1.76470588235294101e-1,2.11809277534484863e-1,1.05904638767242432e-1,-1.83522127743344643e-2,-9.17610638716723215e-3,2.11646780371665955e-1,1.05823390185832977e-1
14,6,5.09803921568627416e-1,7.84313725490196068e-2,1.76470588235294101e-1,-3.04893422871828079e-2,-1.52446711435914040e-2,2.64172808965668082e-3,1.32086404482834041e-3,-3.04659511893987656e-2,-1.52329755946993828e-2
14,7,5.88235294117647078e-1,7.84313725490196068e-2,1.76470588235294101e-1,-2.70946234464645386e-1,-1.35473117232322693e-1,2.34762039792258403e-2,1.17381019896129202e-2,-2.70738363265991211e-1,-1.35369181632995605e-1
14,8,6.66666666666666630e-1,7.84313725490196068e-2,1.76470588235294101e-1,-4.95036274194717407e-1,-2.47518137097358704e-1,4.28923216648399719e-2,2.14461608324199859e-2,-4.94656503200531006e-1,-2.47328251600265503e-1
14,9,7.45098039215686292e-1,7.84313725490196068e-2,1.76470588235294101e-1,-6.89223170280456543e-1,-3.44611585140228271e-1,5.97178188152611145e-2,2.98589094076305572e-2,-6.88694417476654053e-1,-3.44347208738327026e-1
14,10,8.23529411764705843e-1,7.84313725490196068e-2,1.76470588235294101e-1,-8.41776728630065918e-1,-4.20888364315032959e-1,7.29345973581075613e-2,3.64672986790537806e-2,-8.41130971908569336e-1,-4.20565485954284668e-1
14,11,9.01960784313725505e-1,7.84313725490196068e-2,1.76470588235294101e-1,-9.43482637405395508e-1,-4.71741318702697754e-1,8.17341271787881823e-2,4.08670635893940912e-2,-9.42758977413177490e-1,-4.71379488706588745e-1
14,12,9.80392156862745057e-1,5.88235294117647189e-2,1.32352941176470618e-1,-9.88206148147583008e-1,-4.94103074073791504e-1,6.41502857208251925e-2,3.20751428604125963e-2,-9.87448811531066895e-1,-4.93724405765533447e-1
15,0,3.92156862745098034e-2,7.84313725490196068e-2,1.76470588235294101e-1,9.81814563274383545e-1,4.90907281637191772e-1,-8.50693887099623625e-2,-4.25346943549811812e-2,9.81061339378356934e-1,4.90530669689178467e-1
15,1,1.17647058823529410e-1,7.84313725490196068e-2,1.76470588235294101e-1,9.22506928443908691e-1,4.61253464221954346e-1,-7.99306014552712552e-2,-3.99653007276356276e-2,9.21799182891845703e-1,4.60899591445922852e-1
15,2,1.96078431372549017e-1,7.84313725490196068e-2,1.76470588235294101e-1,8.07474255561828613e-1,4.03737127780914307e-1,-6.99636317789554540e-2,-3.49818158894777270e-2,8.06854784488677979e-1,4.03427392244338989e-1
15,3,2.74509803921568651e-1,7.84313725490196068e-2,1.76470588235294101e-1,6.43665194511413574e-1,3.21832597255706787e-1,-5.57704528793692700e-2,-2.78852264396846350e-2,6.43171370029449463e-1,3.21585685014724731e-1
15,4,3.52941176470588203e-1,7.84313725490196068e-2,1.76470588235294101e-1,4.40974771976470947e-1,2.20487385988235474e-1,-3.82082631345838086e-2,-1.91041315672919043e-2,4.40636456012725830e-1,2.20318228006362915e-1
15,5,4.31372549019607865e-1,7.84313725490196068e-2,1.76470588235294101e-1,2.11646780371665955e-1,1.05823390185832977e-1,-1.83381113747600466e-2,-9.16905568738002330e-3,2.11484417319297791e-1,1.05742208659648895e-1
15,6,5.09803921568627416e-1,7.84313725490196068e-2,1.76470588235294101e-1,-3.04659511893987656e-2,-1.52329755946993828e-2,2.63970826053994134e-3,1.31985413026997067e-3,-3.04425787180662155e-2,-1.52212893590331078e-2
15,7,5.88235294117647078e-1,7.84313725490196068e-2,1.76470588235294101e-1,-2.70738363265991211e-1,-1.35369181632995605e-1,2.34581591037567594e-2,1.17290795518783797e-2,-2.70530670881271362e-1,-1.35265335440635681e-1
15,8,6.66666666666666630e-1,7.84313725490196068e-2,1.76470588235294101e-1,-4.94656503200531006e-1,-2.47328251600265503e-1,4.28594486787914897e-2,2.14297243393957448e-2,-4.94277030229568481e-1,-2.47138515114784241e-1
15,9,7.45098039215686292e-1,7.84313725490196068e-2,1.76470588235294101e-1,-6.88694417476654053e-1,-3.44347208738327026e-1,5.96719505265355388e-2,2.98359752632677694e-2,-6.88166081905364990e-1,-3.44083040952682495e-1
15,10,8.23529411764705843e-1,7.84313725490196068e-2,1.76470588235294101e-1,-8.41130971908569336e-1,-4.20565485954284668e-1,7.28785123676061464e-2,3.64392561838030732e-2,-8.40485692024230957e-1,-4.20242846012115479e-1
15,11,9.01960784313725505e-1,7.84313725490196068e-2,1.76470588235294101e-1,-9.42758977413177490e-1,-4.71379488706588745e-1,8.16706895828247098e-2,4.08353447914123549e-2,-9.42035853862762451e-1,-4.71017926931381226e-1
15,12,9.80392156862745057e-1,5.88235294117647189e-2,1.32352941176470618e-1,-9.87448811531066895e-1,-4.93724405765533447e-1,6.41019808128476115e-2,3.20509904064238058e-2,-9.86692070960998535e-1,-4.93346035480499268e-1
16,0,3.92156862745098034e-2,7.84313725490196068e-2,1.76470588235294101e-1,9.81061339378356934e-1,4.90530669689178467e-1,-8.50041557103395490e-2,-4.25020778551697745e-2,9.80308711528778076e-1,4.90154355764389038e-1
16,1,1.17647058823529410e-1,7.84313725490196068e-2,1.76470588235294101e-1,9.21799182891845703e-1,4.60899591445922852e-1,-7.98692157492041505e-2,-3.99346078746020752e-2,9.21092033386230469e-1,4.60546016693115234e-1
16,2,1.96078431372549017e-1,7.84313725490196068e-2,1.76470588235294101e-1,8.06854784488677979e-1,4.03427392244338989e-1,-6.99100261554121971e-2,-3.49550130777060986e-2,8.06235790252685547e-1,4.03117895126342773e-1
16,3,2.74509803921568651e-1,7.84313725490196068e-2,1.76470588235294101e-1,6.43171370029449463e-1,3.21585685014724731e-1,-5.57276196777820310e-2,-2.78638098388910155e-2,6.42677962779998779e-1,3.21338981389999390e-1
16,4,3.52941176470588203e-1,7.84313725490196068e-2,1.76470588235294101e-1,4.40636456012725830e-1,2.20318228006362915e-1,-3.81789382081478834e-2,-1.90894691040739417e-2,4.40298408269882202e-1,2.20149204134941101e-1
16,5,4.31372549019607865e-1,7.84313725490196068e-2,1.76470588235294101e-1,2.11484417319297791e-1,1.05742208659648895e-1,-1.83240794402081963e-2,-9.16203972010409817e-3,2.11322173476219177e-1,1.05661086738109589e-1
16,6,5.09803921568627416e-1,7.84313725490196068e-2,1.76470588235294101e-1,-3.04425787180662155e-2,-1.52212893590331078e-2,2.63767774449663595e-3,1.31883887224831797e-3,-3.04192248731851578e-2,-1.52096124365925789e-2
16,7,5.88235294117647078e-1,7.84313725490196068e-2,1.76470588235294101e-1,-2.70530670881271362e-1,-1.35265335440635681e-1,2.34401730063836800e-2,1.17200865031918400e-2,-2.70323127508163452e-1,-1.35161563754081726e-1
16,8,6.66666666666666630e-1,7.84313725490196068e-2,1.76470588235294101e-1,-4.94277030229568481e-1,-2.47138515114784241e-1,4.28265756927430630e-2,2.14132878463715315e-2,-4.93897825479507446e-1,-2.46948912739753723e-1
16,9,7.45098039215686292e-1,7.84313725490196068e-2,1.76470588235294101e-1,-6.88166081905364990e-1,-3.44083040952682495e-1,5.96261677332222684e-2,2.98130838666111342e-2,-6.87638163566589355e-1,-3.43819081783294678e-1
16,10,8.23529411764705843e-1,7.84313725490196068e-2,1.76470588235294101e-1,-8.40485692024230957e-1,-4.20242846012115479e-1,7.28224273771047592e-2,3.64112136885523796e-2,-8.39840888977050781e-1,-4.19920444488525391e-1
16,11,9.01960784313725505e-1,7.84313725490196068e-2,1.76470588235294101e-1,-9.42035853862762451e-1,-4.71017926931381226e-1,8.16072519868612234e-2,4.08036259934306117e-2,-9.41313266754150391e-1,-4.70656633377075195e-1
16,12,9.80392156862745057e-1,5.88235294117647189e-2,1.32352941176470618e-1,-9.86692070960998535e-1,-4.93346035480499268e-1,6.40537614002823774e-2,3.20268807001411887e-2,-9.85935866832733154e-1,-4.92967933416366577e-1
17,0,3.92156862745098034e-2,7.84313725490196068e-2,1.76470588235294101e-1,9.80308711528778076e-1,4.90154355764389038e-1,-8.49389227107167216e-2,-4.24694613553583608e-2,9.79556620121002197e-1,4.89778310060501099e-1
17,1,1.17647058823529410e-1,7.84313725490196068e-2,1.76470588235294101e-1,9.21092033386230469e-1,4.60546016693115234e-1,-7.98080010339617812e-2,-3.99040005169808906e-2,9.20385420322418213e-1,4.60192710161209106e-1
17,2,1.96078431372549017e-1,7.84313725490196068e-2,1.76470588235294101e-1,8.06235790252685547e-1,4.03117895126342773e-1,-6.98563350364565794e-2,-3.49281675182282897e-2,8.05617272853851318e-1,4.02808636426925659e-1
17,3,2.74509803921568651e-1,7.84313725490196068e-2,1.76470588235294101e-1,6.42677962779998779e-1,3.21338981389999390e-1,-5.56849147193133609e-2,-2.78424573596566804e-2,6.42184913158416748e-1,3.21092456579208374e-1
17,4,3.52941176470588203e-1,7.84313725490196068e-2,1.76470588235294101e-1,4.40298408269882202e-1,2.20149204134941101e-1,-3.81496132817119582e-2,-1.90748066408559791e-2,4.39960628747940063e-1,2.19980314373970032e-1
17,5,4.31372549019607865e-1,7.84313725490196068e-2,1.76470588235294101e-1,2.11322173476219177e-1,1.05661086738109589e-1,-1.83100314752664417e-2,-9.15501573763322085e-3,2.11160048842430115e-1,1.05580024421215057e-1
17,6,5.09803921568627416e-1,7.84313725490196068e-2,1.76470588235294101e-1,-3.04192248731851578e-2,-1.52096124365925789e-2,2.63565791537984095e-3,1.31782895768992048e-3,-3.03958877921104431e-2,-1.51979438960552216e-2
17,7,5.88235294117647078e-1,7.84313725490196068e-2,1.76470588235294101e-1,-2.70323127508163452e-1,-1.35161563754081726e-1,2.34222029394004494e-2,1.17111014697002247e-2,-2.70115733146667480e-1,-1.35057866573333740e-1
17,8,6.66666666666666630e-1,7.84313725490196068e-2,1.76470588235294101e-1,-4.93897825479507446e-1,-2.46948912739753723e-1,4.27936599589884281e-2,2.13968299794942141e-2,-4.93518918752670288e-1,-2.46759459376335144e-1
17,9,7.45098039215686292e-1,7.84313725490196068e-2,1.76470588235294101e-1,-6.87638163566589355e-1,-3.43819081783294678e-1,5.95805131830275114e-2,2.97902565915137557e-2,-6.87110602855682373e-1,-3.43555301427841187e-1
17,10,8.23529411764705843e-1,7.84313725490196068e-2,1.76470588235294101e-1,-8.39840888977050781e-1,-4.19920444488525391e-1,7.27663423866033721e-2,3.63831711933016860e-2,-8.39196622371673584e-1,-4.19598311185836792e-1
17,11,9.01960784313725505e-1,7.84313725490196068e-2,1.76470588235294101e-1,-9.41313266754150391e-1,-4.70656633377075195e-1,8.15438998863100978e-2,4.07719499431550489e-2,-9.40591275691986084e-1,-4.70295637845993042e-1
17,12,9.80392156862745057e-1,5.88235294117647189e-2,1.32352941176470618e-1,-9.85935866832733154e-1,-4.92967933416366577e-1,6.40055419877171433e-2,3.20027709938585717e-2,-9.85180258750915527e-1,-4.92590129375457764e-1
18,0,3.92156862745098034e-2,7.84313725490196068e-2,1.76470588235294101e-1,9.79556620121002197e-1,4.89778310060501099e-1,-8.48736897110938943e-2,-4.24368448555469471e-2,9.78805124759674072e-1,4.89402562379837036e-1
18,1,1.17647058823529410e-1,7.84313725490196068e-2,1.76470588235294101e-1,9.20385420322418213e-1,4.60192710161209106e-1,-7.97468718141317451e-2,-3.98734359070658725e-2,9.19679343700408936e-1,4.59839671850204468e-1
18,2,1.96078431372549017e-1,7.84313725490196068e-2,1.76470588235294101e-1,8.05617272853851318e-1,4.02808636426925659e-1,-6.98027294129133224e-2,-3.49013647064566612e-2,8.04999232292175293e-1,4.02499616146087646e-1
18,3,2.74509803921568651e-1,7.84313725490196068e-2,1.76470588235294101e-1,6.42184913158416748e-1,3.21092456579208374e-1,-5.56421670131385104e-2,-2.78210835065692552e-2,6.41692221164703369e-1,3.20846110582351685e-1
18,4,3.52941176470588203e-1,7.84313725490196068e-2,1.76470588235294101e-1,4.39960628747940063e-1,2.19980314373970032e-1,-3.81203738506883383e-2,-1.90601869253441691e-2,4.39623117446899414e-1,2.19811558723449707e-1
18,5,4.31372549019607865e-1,7.84313725490196068e-2,1.76470588235294101e-1,2.11160048842430115e-1,1.05580024421215057e-1,-1.82959648082032800e-2,-9.14798240410163999e-3,2.10998058319091797e-1,1.05499029159545898e-1
18,6,5.09803921568627416e-1,7.84313725490196068e-2,1.76470588235294101e-1,-3.03958877921104431e-2,-1.51979438960552216e-2,2.63364342972632892e-3,1.31682171486316446e-3,-3.03725693374872208e-2,-1.51862846687436104e-2
18,7,5.88235294117647078e-1,7.84313725490196068e-2,1.76470588235294101e-1,-2.70115733146667480e-1,-1.35057866573333740e-1,2.34042088268324733e-2,1.17021044134162366e-2,-2.69908517599105835e-1,-1.34954258799552917e-1
18,8,6.66666666666666630e-1,7.84313725490196068e-2,1.76470588235294101e-1,-4.93518918752670288e-1,-2.46759459376335144e-1,4.27608724683523622e-2,2.13804362341761811e-2,-4.93140310049057007e-1,-2.46570155024528503e-1
18,9,7.45098039215686292e-1,7.84313725490196068e-2,1.76470588235294101e-1,-6.87110602855682373e-1,-3.43555301427841187e-1,5.95346876420080329e-2,2.97673438210040164e-2,-6.86583459377288818e-1,-3.43291729688644409e-1
18,10,8.23529411764705843e-1,7.84313725490196068e-2,1.76470588235294101e-1,-8.39196622371673584e-1,-4.19598311185836792e-1,7.27104283869266510e-2,3.63552141934633255e-2,-8.38552832603454590e-1,-4.19276416301727295e-1
18,11,9.01960784313725505e-1,7.84313725490196068e-2,1.76470588235294101e-1,-9.40591275691986084e-1,-4.70295637845993042e-1,8.14806332811713191e-2,4.07403166405856595e-2,-9.39869821071624756e-1,-4.69934910535812378e-1
18,12,9.80392156862745057e-1,5.88235294117647189e-2,1.32352941176470618e-1,-9.85180258750915527e-1,-4.92590129375457764e-1,6.39573225751519231e-2,3.19786612875759615e-2,-9.84425187110900879e-1,-4.92212593555450439e-1
19,0,3.92156862745098034e-2,7.84313725490196068e-2,1.76470588235294101e-1,9.78805124759674072e-1,4.89402562379837036e-1,-8.48085422068834277e-2,-4.24042711034417139e-2,9.78054225444793701e-1,4.89027112722396851e-1
19,1,1.17647058823529410e-1,7.84313725490196068e-2,1.76470588235294101e-1,9.19679343700408936e-1,4.59839671850204468e-1,-7.96857425943017089e-2,-3.98428712971508545e-2,9.18973803520202637e-1,4.59486901760101318e-1
19,2,1.96078431372549017e-1,7.84313725490196068e-2,1.76470588235294101e-1,8.04999232292175293e-1,4.02499616146087646e-1,-6.97492092847823986e-2,-3.48746046423911993e-2,8.04381668567657471e-1,4.02190834283828735e-1
19,3,2.74509803921568651e-1,7.84313725490196068e-2,1.76470588235294101e-1,6.41692221164703369e-1,3.20846110582351685e-1,-5.55993765592574796e-2,-2.77996882796287398e-2,6.41199946403503418e-1,3.20599973201751709e-1
19,4,3.52941176470588203e-1,7.84313725490196068e-2,1.76470588235294101e-1,4.39623117446899414e-1,2.19811558723449707e-1,-3.80911985412240028e-2,-1.90455992706120014e-2,4.39285844564437866e-1,2.19642922282218933e-1
19,5,4.31372549019607865e-1,7.84313725490196068e-2,1.76470588235294101e-1,2.10998058319091797e-1,1.05499029159545898e-1,-1.82819248584564775e-2,-9.14096242922823876e-3,2.10836187005043030e-1,1.05418093502521515e-1
19,6,5.09803921568627416e-1,7.84313725490196068e-2,1.76470588235294101e-1,-3.03725693374872208e-2,-1.51862846687436104e-2,2.63161825714630648e-3,1.31580912857315324e-3,-3.03492676466703415e-2,-1.51746338233351707e-2
19,7,5.88235294117647078e-1,7.84313725490196068e-2,1.76470588235294101e-1,-2.69908517599105835e-1,-1.34954258799552917e-1,2.33862734923604987e-2,1.16931367461802493e-2,-2.69701451063156128e-1,-1.34850725531578064e-1
19,8,6.66666666666666630e-1,7.84313725490196068e-2,1.76470588235294101e-1,-4.93140310049057007e-1,-2.46570155024528503e-1,4.27280849777161853e-2,2.13640424888580926e-2,-4.92761999368667603e-1,-2.46380999684333801e-1
19,9,7.45098039215686292e-1,7.84313725490196068e-2,1.76470588235294101e-1,-6.86583459377288818e-1,-3.43291729688644409e-1,5.94889475964009706e-2,2.97444737982004853e-2,-6.86056733131408691e-1,-3.43028366565704346e-1
19,10,8.23529411764705843e-1,7.84313725490196068e-2,1.76470588235294101e-1,-8.38552832603454590e-1,-4.19276416301727295e-1,7.26545143872499577e-2,3.63272571936249788e-2,-8.37909519672393799e-1,-4.18954759836196899e-1
19,11,9.01960784313725505e-1,7.84313725490196068e-2,1.76470588235294101e-1,-9.39869821071624756e-1,-4.69934910535812378e-1,8.14174521714448873e-2,4.07087260857224437e-2,-9.39148962497711182e-1,-4.69574481248855591e-1
19,12,9.80392156862745057e-1,5.88235294117647189e-2,1.32352941176470618e-1,-9.84425187110900879e-1,-4.92212593555450439e-1,6.39091031625866890e-2,3.19545515812933445e-2,-9.83670711517333984e-1,-4.91835355758666992e-1
20,0,3.92156862745098034e-2,7.84313725490196068e-2,1.76470588235294101e-1,9.78054225444793701e-1,4.89027112722396851e-1,-8.47434801980853081e-2,-4.23717400990426540e-2,9.77303922176361084e-1,4.88651961088180542e-1
20,1,1.17647058823529410e-1,7.84313725490196068e-2,1.76470588235294101e-1,9.18973803520202637e-1,4.59486901760101318e-1,-7.96246133744716589e-2,-3.98123066872358294e-2,9.18268799781799316e-1,4.59134399890899658e-1
20,2,1.96078431372549017e-1,7.84313725490196068e-2,1.76470588235294101e-1,8.04381668567657471e-1,4.02190834283828735e-1,-6.96956891566515024e-2,-3.48478445783257512e-2,8.03764581680297852e-1,4.01882290840148926e-1
20,3,2.74509803921568651e-1,7.84313725490196068e-2,1.76470588235294101e-1,6.41199946403503418e-1,3.20599973201751709e-1,-5.55567570962011703e-2,-2.77783785481005852e-2,6.40708029270172119e-1,3.20354014635086060e-1
20,4,3.52941176470588203e-1,7.84313725490196068e-2,1.76470588235294101e-1,4.39285844564437866e-1,2.19642922282218933e-1,-3.80619377363473066e-2,-1.90309688681736533e-2,4.38948839902877808e-1,2.19474419951438904e-1
20,5,4.31372549019607865e-1,7.84313725490196068e-2,1.76470588235294101e-1,2.10836187005043030e-1,1.05418093502521515e-1,-1.82679089542944206e-2,-9.13395447714721032e-3,2.10674434900283813e-1,1.05337217450141907e-1
20,6,5.09803921568627416e-1,7.84313725490196068e-2,1.76470588235294101e-1,-3.03492676466703415e-2,-1.51746338233351707e-2,2.62959842802956700e-3,1.31479921401478350e-3,-3.03259845823049545e-2,-1.51629922911524773e-2
20,7,5.88235294117647078e-1,7.84313725490196068e-2,1.76470588235294101e-1,-2.69701451063156128e-1,-1.34850725531578064e-1,2.33683141123037785e-2,1.16841570561518893e-2,-2.69494533538818359e-1,-1.34747266769409180e-1
20,8,6.66666666666666630e-1,7.84313725490196068e-2,1.76470588235294101e-1,-4.92761999368667603e-1,-2.46380999684333801e-1,4.26953402347862720e-2,2.13476701173931360e-2,-4.92383956909179688e-1,-2.46191978454589844e-1
20,9,7.45098039215686292e-1,7.84313725490196068e-2,1.76470588235294101e-1,-6.86056733131408691e-1,-3.43028366565704346e-1,5.94432930462062414e-2,2.97216465231031207e-2,-6.85530424118041992e-1,-3.42765212059020996e-1
20,10,8.23529411764705843e-1,7.84313725490196068e-2,1.76470588235294101e-1,-8.37909519672393799e-1,-4.18954759836196899e-1,7.25985148921609036e-2,3.62992574460804518e-2,-8.37266743183135986e-1,-4.18633371591567993e-1
20,11,9.01960784313725505e-1,7.84313725490196068e-2,1.76470588235294101e-1,-9.39148962497711182e-1,-4.69574481248855591e-1,8.13544420525431494e-2,4.06772210262715747e-2,-9.38428640365600586e-1,-4.69214320182800293e-1
20,12,9.80392156862745057e-1,5.88235294117647189e-2,1.32352941176470618e-1,-9.83670711517333984e-1,-4.91835355758666992e-1,6.38608837500214549e-2,3.19304418750107274e-2,-9.82916772365570068e-1,-4.91458386182785034e-1
21,0,3.92156862745098034e-2,7.84313725490196068e-2,1.76470588235294101e-1,9.77303922176361084e-1,4.88651961088180542e-1,-8.46785036846995354e-2,-4.23392518423497677e-2,9.76554155349731445e-1,4.88277077674865723e-1
21,1,1.17647058823529410e-1,7.84313725490196068e-2,1.76470588235294101e-1,9.18268799781799316e-1,4.59134399890899658e-1,-7.95634841546416227e-2,-3.97817420773208114e-2,9.17564332485198975e-1,4.58782166242599487e-1
21,2,1.96078431372549017e-1,7.84313725490196068e-2,1.76470588235294101e-1,8.03764581680297852e-1,4.01882290840148926e-1,-6.96422545239329394e-2,-3.48211272619664697e-2,8.03147971630096436e-1,4.01573985815048218e-1
21,3,2.74509803921568651e-1,7.84313725490196068e-2,1.76470588235294101e-1,6.40708029270172119e-1,3.20354014635086060e-1,-5.55140948854386806e-2,-2.77570474427193403e-2,6.40216469764709473e-1,3.20108234882354736e-1
21,4,3.52941176470588203e-1,7.84313725490196068e-2,1.76470588235294101e-1,4.38948839902877808e-1,2.19474419951438904e-1,-3.80327624268829712e-2,-1.90163812134414856e-2,4.38612103462219238e-1,2.19306051731109619e-1
21,5,4.31372549019607865e-1,7.84313725490196068e-2,1.76470588235294101e-1,2.10674434900283813e-1,1.05337217450141907e-1,-1.82538770197425149e-2,-9.12693850987125743e-3,2.10512816905975342e-1,1.05256408452987671e-1
21,6,5.09803921568627416e-1,7.84313725490196068e-2,1.76470588235294101e-1,-3.03259845823049545e-2,-1.51629922911524773e-2,2.62758928583933793e-3,1.31379464291966896e-3,-3.03027201443910599e-2,-1.51513600721955299e-2
21,7,5.88235294117647078e-1,7.84313725490196068e-2,1.76470588235294101e-1,-2.69494533538818359e-1,-1.34747266769409180e-1,2.33503707626369073e-2,1.16751853813184536e-2,-2.69287794828414917e-1,-1.34643897414207458e-1
21,8,6.66666666666666630e-1,7.84313725490196068e-2,1.76470588235294101e-1,-4.92383956909179688e-1,-2.46191978454589844e-1,4.26625527441501506e-2,2.13312763720750753e-2,-4.92006212472915649e-1,-2.46003106236457825e-1
21,9,7.45098039215686292e-1,7.84313725490196068e-2,1.76470588235294101e-1,-6.85530424118041992e-1,-3.42765212059020996e-1,5.93976812437176649e-2,2.96988406218588324e-2,-6.85004532337188721e-1,-3.42502266168594360e-1
21,10,8.23529411764705843e-1,7.84313725490196068e-2,1.76470588235294101e-1,-8.37266743183135986e-1,-4.18633371591567993e-1,7.25426863878965433e-2,3.62713431939482717e-2,-8.36624443531036377e-1,-4.18312221765518188e-1
21,11,9.01960784313725505e-1,7.84313725490196068e-2,1.76470588235294101e-1,-9.38428640365600586e-1,-4.69214320182800293e-1,8.12914319336414393e-2,4.06457159668207196e-2,-9.37708854675292969e-1,-4.68854427337646484e-1
21,12,9.80392156862745057e-1,5.88235294117647189e-2,1.32352941176470618e-1,-9.82916772365570068e-1,-4.91458386182785034e-1,6.38126643374562208e-2,3.19063321687281104e-2,-9.82163429260253906e-1,-4.91081714630126953e-1
22,0,3.92156862745098034e-2,7.84313725490196068e-2,1.76470588235294101e-1,9.76554155349731445e-1,4.88277077674865723e-1,-8.46135271713137627e-2,-4.23067635856568813e-2,9.75804984569549561e-1,4.87902492284774780e-1
22,1,1.17647058823529410e-1,7.84313725490196068e-2,1.76470588235294101e-1,9.17564332485198975e-1,4.58782166242599487e-1,-7.95024404302239474e-2,-3.97512202151119737e-2,9.16860401630401611e-1,4.58430200815200806e-1
22,2,1.96078431372549017e-1,7.84313725490196068e-2,1.76470588235294101e-1,8.03147971630096436e-1,4.01573985815048218e-1,-6.95889053866267093e-2,-3.47944526933133547e-2,8.02531838417053223e-1,4.01265919208526611e-1
22,3,2.74509803921568651e-1,7.84313725490196068e-2,1.76470588235294101e-1,6.40216469764709473e-1,3.20108234882354736e-1,-5.54713899269700106e-2,-2.77356949634850053e-2,6.39725327491760254e-1,3.19862663745880127e-1
22,4,3.52941176470588203e-1,7.84313725490196068e-2,1.76470588235294101e-1,4.38612103462219238e-1,2.19306051731109619e-1,-3.80036512389779202e-2,-1.90018256194889601e-2,4.38275605440139771e-1,2.19137802720069885e-1
22,5,4.31372549019607865e-1,7.84313725490196068e-2,1.76470588235294101e-1,2.10512816905975342e-1,1.05256408452987671e-1,-1.82398718025069684e-2,-9.11993590125348419e-3,2.10351318120956421e-1,1.05175659060478210e-1
22,6,5.09803921568627416e-1,7.84313725490196068e-2,1.76470588235294101e-1,-3.03027201443910599e-2,-1.51513600721955299e-2,2.62556945672259845e-3,1.31278472836129922e-3,-3.02794724702835083e-2,-1.51397362351417542e-2
22,7,5.88235294117647078e-1,7.84313725490196068e-2,1.76470588235294101e-1,-2.69287794828414917e-1,-1.34643897414207458e-1,2.33324861910659820e-2,1.16662430955329910e-2,-2.69081205129623413e-1,-1.34540602564811707e-1
22,8,6.66666666666666630e-1,7.84313725490196068e-2,1.76470588235294101e-1,-4.92006212472915649e-1,-2.46003106236457825e-1,4.26297652535140847e-2,2.13148826267570424e-2,-4.91628766059875488e-1,-2.45814383029937744e-1
22,9,7.45098039215686292e-1,7.84313725490196068e-2,1.76470588235294101e-1,-6.85004532337188721e-1,-3.42502266168594360e-1,5.93521549366414214e-2,2.96760774683207107e-2,-6.84478998184204102e-1,-3.42239499092102051e-1
22,10,8.23529411764705843e-1,7.84313725490196068e-2,1.76470588235294101e-1,-8.36624443531036377e-1,-4.18312221765518188e-1,7.24868578836321831e-2,3.62434289418160915e-2,-8.35982620716094971e-1,-4.17991310358047485e-1
22,11,9.01960784313725505e-1,7.84313725490196068e-2,1.76470588235294101e-1,-9.37708854675292969e-1,-4.68854427337646484e-1,8.12284218147397014e-2,4.06142109073698507e-2,-9.36989665031433105e-1,-4.68494832515716553e-1
22,12,9.80392156862745057e-1,5.88235294117647189e-2,1.32352941176470618e-1,-9.82163429260253906e-1,-4.91081714630126953e-1,6.37645304203033475e-2,3.18822652101516738e-2,-9.81410682201385498e-1,-4.90705341100692749e-1
23,0,3.92156862745098034e-2,7.84313725490196068e-2,1.76470588235294101e-1,9.75804984569549561e-1,4.87902492284774780e-1,-8.45486361533403369e-2,-4.22743180766701684e-2,9.75056350231170654e-1,4.87528175115585327e-1
23,1,1.17647058823529410e-1,7.84313725490196068e-2,1.76470588235294101e-1,9.16860401630401611e-1,4.58430200815200806e-1,-7.94413967058062581e-2,-3.97206983529031291e-2,9.16157007217407227e-1,4.58078503608703613e-1
23,2,1.96078431372549017e-1,7.84313725490196068e-2,1.76470588235294101e-1,8.02531838417053223e-1,4.01265919208526611e-1,-6.95355562493205070e-2,-3.47677781246602535e-2,8.01916182041168213e-1,4.00958091020584106e-1
23,3,2.74509803921568651e-1,7.84313725490196068e-2,1.76470588235294101e-1,6.39725327491760254e-1,3.19862663745880127e-1,-5.54288559593260066e-2,-2.77144279796630033e-2,6.39234542846679688e-1,3.19617271423339844e-1
23,4,3.52941176470588203e-1,7.84313725490196068e-2,1.76470588235294101e-1,4.38275605440139771e-1,2.19137802720069885e-1,-3.79744545556605084e-2,-1.89872272778302542e-2,4.37939375638961792e-1,2.18969687819480896e-1
23,5,4.31372549019607865e-1,7.84313725490196068e-2,1.76470588235294101e-1,2.10351318120956421e-1,1.05175659060478210e-1,-1.82258906308561675e-2,-9.11294531542808373e-3,2.10189938545227051e-1,1.05094969272613525e-1
23,6,5.09803921568627416e-1,7.84313725490196068e-2,1.76470588235294101e-1,-3.02794724702835083e-2,-1.51397362351417542e-2,2.62355497106914193e-3,1.31177748553457096e-3,-3.02562434226274490e-2,-1.51281217113137245e-2
23,7,5.88235294117647078e-1,7.84313725490196068e-2,1.76470588235294101e-1,-2.69081205129623413e-1,-1.34540602564811707e-1,2.33145775739103112e-2,1.16572887869551556e-2,-2.68874764442443848e-1,-1.34437382221221924e-1
23,8,6.66666666666666630e-1,7.84313725490196068e-2,1.76470588235294101e-1,-4.91628766059875488e-1,-2.45814383029937744e-1,4.25971060059964768e-2,2.12985530029982384e-2,-4.91251617670059204e-1,-2.45625808835029602e-1
23,9,7.45098039215686292e-1,7.84313725490196068e-2,1.76470588235294101e-1,-6.84478998184204102e-1,-3.42239499092102051e-1,5.93065431341529004e-2,2.96532715670764502e-2,-6.83953881263732910e-1,-3.41976940631866455e-1
23,10,8.23529411764705843e-1,7.84313725490196068e-2,1.76470588235294101e-1,-8.35982620716094971e-1,-4.17991310358047485e-1,7.24310293793678228e-2,3.62155146896839114e-2,-8.35341274738311768e-1,-4.17670637369155884e-1
23,11,9.01960784313725505e-1,7.84313725490196068e-2,1.76470588235294101e-1,-9.36989665031433105e-1,-4.68494832515716553e-1,8.11655826866626712e-2,4.05827913433313356e-2,-9.36271011829376221e-1,-4.68135505914688110e-1
23,12,9.80392156862745057e-1,5.88235294117647189e-2,1.32352941176470618e-1,-9.81410682201385498e-1,-4.90705341100692749e-1,6.37163965031504603e-2,3.18581982515752302e-2,-9.80658471584320068e-1,-4.90329235792160034e-1
24,0,3.92156862745098034e-2,7.84313725490196068e-2,1.76470588235294101e-1,9.75056350231170654e-1,4.87528175115585327e-1,-8.44837451353669111e-2,-4.22418725676834556e-2,9.74308311939239502e-1,4.87154155969619751e-1
24,1,1.17647058823529410e-1,7.84313725490196068e-2,1.76470588235294101e-1,9.16157007217407227e-1,4.58078503608703613e-1,-7.93804384768009297e-2,-3.96902192384004648e-2,9.15454149246215820e-1,4.57727074623107910e-1
24,2,1.96078431372549017e-1,7.84313725490196068e-2,1.76470588235294101e-1,8.01916182041168213e-1,4.00958091020584106e-1,-6.94822926074266378e-2,-3.47411463037133189e-2,8.01301002502441406e-1,4.00650501251220703e-1
24,3,2.74509803921568651e-1,7.84313725490196068e-2,1.76470588235294101e-1,6.39234542846679688e-1,3.19617271423339844e-1,-5.53862792439758778e-2,-2.76931396219879389e-2,6.38744115829467773e-1,3.19372057914733887e-1
24,4,3.52941176470588203e-1,7.84313725490196068e-2,1.76470588235294101e-1,4.37939375638961792e-1,2.18969687819480896e-1,-3.79453433677554020e-2,-1.89726716838777010e-2,4.37603414058685303e-1,2.18801707029342651e-1
24,5,4.31372549019607865e-1,7.84313725490196068e-2,1.76470588235294101e-1,2.10189938545227051e-1,1.05094969272613525e-1,-1.82118934288155176e-2,-9.10594671440775882e-3,2.10028693079948425e-1,1.05014346539974213e-1
24,6,5.09803921568627416e-1,7.84313725490196068e-2,1.76470588235294101e-1,-3.02562434226274490e-2,-1.51281217113137245e-2,2.62155117234214030e-3,1.31077558617107015e-3,-3.02330311387777328e-2,-1.51165155693888664e-2
24,7,5.88235294117647078e-1,7.84313725490196068e-2,1.76470588235294101e-1,-2.68874764442443848e-1,-1.34437382221221924e-1,2.32966422394383921e-2,1.16483211197191960e-2,-2.68668502569198608e-1,-1.34334251284599304e-1
24,8,6.66666666666666630e-1,7.84313725490196068e-2,1.76470588235294101e-1,-4.91251617670059204e-1,-2.45625808835029602e-1,4.25644895061850215e-2,2.12822447530925107e-2,-4.90874737501144409e-1,-2.45437368750572205e-1
24,9,7.45098039215686292e-1,7.84313725490196068e-2,1.76470588235294101e-1,-6.83953881263732910e-1,-3.41976940631866455e-1,5.92610168270766846e-2,2.96305084135383423e-2,-6.83429181575775146e-1,-3.41714590787887573e-1
24,10,8.23529411764705843e-1,7.84313725490196068e-2,1.76470588235294101e-1,-8.35341274738311768e-1,-4.17670637369155884e-1,7.23752008751034626e-2,3.61876004375517313e-2,-8.34700465202331543e-1,-4.17350232601165771e-1
24,11,9.01960784313725505e-1,7.84313725490196068e-2,1.76470588235294101e-1,-9.36271011829376221e-1,-4.68135505914688110e-1,8.11028290539980018e-2,4.05514145269990009e-2,-9.35552895069122314e-1,-4.67776447534561157e-1
24,12,9.80392156862745057e-1,5.88235294117647189e-2,1.32352941176470618e-1,-9.80658471584320068e-1,-4.90329235792160034e-1,6.36682625859975732e-2,3.18341312929987866e-2,-9.79906857013702393e-1,-4.89953428506851196e-1
25,0,3.92156862745098034e-2,7.84313725490196068e-2,1.76470588235294101e-1,9.74308311939239502e-1,4.87154155969619751e-1,-8.44189396128058461e-2,-4.22094698064029231e-2,9.73560869693756104e-1,4.86780434846878052e-1
25,1,1.17647058823529410e-1,7.84313725490196068e-2,1.76470588235294101e-1,9.15454149246215820e-1,4.57727074623107910e-1,-7.93194802477955735e-2,-3.96597401238977867e-2,9.14751827716827393e-1,4.57375913858413696e-1
25,2,1.96078431372549017e-1,7.84313725490196068e-2,1.76470588235294101e-1,8.01301002502441406e-1,4.00650501251220703e-1,-6.94291144609451294e-2,-3.47145572304725647e-2,8.00686240196228027e-1,4.00343120098114014e-1
25,3,2.74509803921568651e-1,7.84313725490196068e-2,1.76470588235294101e-1,6.38744115829467773e-1,3.19372057914733887e-1,-5.53436597809195685e-2,-2.76718298904597843e-2,6.38254106044769287e-1,3.19127053022384644e-1
25,4,3.52941176470588203e-1,7.84313725490196068e-2,1.76470588235294101e-1,4.37603414058685303e-1,2.18801707029342651e-1,-3.79162963014095800e-2,-1.89581481507047900e-2,4.37267690896987915e-1,2.18633845448493958e-1
25,5,4.31372549019607865e-1,7.84313725490196068e-2,1.76470588235294101e-1,2.10028693079948425e-1,1.05014346539974213e-1,-1.81979202723596134e-2,-9.09896013617980670e-3,2.09867566823959351e-1,1.04933783411979675e-1
25,6,5.09803921568627416e-1,7.84313725490196068e-2,1.76470588235294101e-1,-3.02330311387777328e-2,-1.51165155693888664e-2,2.61953134322540082e-3,1.30976567161270041e-3,-3.02098374813795090e-2,-1.51049187406897545e-2
25,7,5.88235294117647078e-1,7.84313725490196068e-2,1.76470588235294101e-1,-2.68668502569198608e-1,-1.34334251284599304e-1,2.32788111025001854e-2,1.16394055512500927e-2,-2.68462389707565308e-1,-1.34231194853782654e-1
25,8,6.66666666666666630e-1,7.84313725490196068e-2,1.76470588235294101e-1,-4.90874737501144409e-1,-2.45437368750572205e-1,4.25317875109612609e-2,2.12658937554806304e-2,-4.90498155355453491e-1,-2.45249077677726746e-1
25,9,7.45098039215686292e-1,7.84313725490196068e-2,1.76470588235294101e-1,-6.83429181575775146e-1,-3.41714590787887573e-1,5.92155332677066493e-2,2.96077666338533246e-2,-6.82904899120330811e-1,-3.41452449560165405e-1
25,10,8.23529411764705843e-1,7.84313725490196068e-2,1.76470588235294101e-1,-8.34700465202331543e-1,-4.17350232601165771e-1,7.23195433616637962e-2,3.61597716808318981e-2,-8.34060132503509521e-1,-4.17030066251754761e-1
25,11,9.01960784313725505e-1,7.84313725490196068e-2,1.76470588235294101e-1,-9.35552895069122314e-1,-4.67776447534561157e-1,8.10399899259209716e-2,4.05199949629604858e-2,-9.34835374355316162e-1,-4.67417687177658081e-1
25,12,9.80392156862745057e-1,5.88235294117647189e-2,1.32352941176470618e-1,-9.79906857013702393e-1,-4.89953428506851196e-1,6.36202141642570468e-2,3.18101070821285234e-2,-9.79155778884887695e-1,-4.89577889442443848e-1
26,0,3.92156862745098034e-2,7.84313725490196068e-2,1.76470588235294101e-1,9.73560869693756104e-1,4.86780434846878052e-1,-8.43542195856571142e-2,-4.21771097928285571e-2,9.72813963890075684e-1,4.86406981945037842e-1
26,1,1.17647058823529410e-1,7.84313725490196068e-2,1.76470588235294101e-1,9.14751827716827393e-1,4.57375913858413696e-1,-7.92586075142026059e-2,-3.96293037571013029e-2,9.14050042629241943e-1,4.57025021314620972e-1
26,2,1.96078431372549017e-1,7.84313725490196068e-2,1.76470588235294101e-1,8.00686240196228027e-1,4.00343120098114014e-1,-6.93757653236388994e-2,-3.46878826618194497e-2,8.00071954727172852e-1,4.00035977363586426e-1
26,3,2.74509803921568651e-1,7.84313725490196068e-2,1.76470588235294101e-1,6.38254106044769287e-1,3.19127053022384644e-1,-5.53012968041002861e-2,-2.76506484020501431e-2,6.37764453887939453e-1,3.18882226943969727e-1
26,4,3.52941176470588203e-1,7.84313725490196068e-2,1.76470588235294101e-1,4.37267690896987915e-1,2.18633845448493958e-1,-3.78871637396514527e-2,-1.89435818698257263e-2,4.36932235956192017e-1,2.18466117978096008e-1
26,5,4.31372549019607865e-1,7.84313725490196068e-2,1.76470588235294101e-1,2.09867566823959351e-1,1.04933783411979675e-1,-1.81839738332200684e-2,-9.09198691661003422e-3,2.09706559777259827e-1,1.04853279888629913e-1
26,6,5.09803921568627416e-1,7.84313725490196068e-2,1.76470588235294101e-1,-3.02098374813795090e-2,-1.51049187406897545e-2,2.61752220103517175e-3,1.30876110051758587e-3,-3.01866605877876282e-2,-1.50933302938938141e-2
26,7,5.88235294117647078e-1,7.84313725490196068e-2,1.76470588235294101e-1,-2.68462389707565308e-1,-1.34231194853782654e-1,2.32609532482456749e-2,1.16304766241228374e-2,-2.68256425857543945e-1,-1.34128212928771973e-1
26,8,6.66666666666666630e-1,7.84313725490196068e-2,1.76470588235294101e-1,-4.90498155355453491e-1,-2.45249077677726746e-1,4.24991282634437084e-2,2.12495641317218542e-2,-4.90121871232986450e-1,-2.45060935616493225e-1
26,9,7.45098039215686292e-1,7.84313725490196068e-2,1.76470588235294101e-1,-6.82904899120330811e-1,-3.41452449560165405e-1,5.91701352037489192e-2,2.95850676018744596e-2,-6.82380974292755127e-1,-3.41190487146377563e-1
26,10,8.23529411764705843e-1,7.84313725490196068e-2,1.76470588235294101e-1,-8.34060132503509521e-1,-4.17030066251754761e-1,7.22638003528117967e-2,3.61319001764058984e-2,-8.33420276641845703e-1,-4.16710138320922852e-1
26,11,9.01960784313725505e-1,7.84313725490196068e-2,1.76470588235294101e-1,-9.34835374355316162e-1,-4.67417687177658081e-1,8.09774072840809961e-2,4.04887036420404980e-2,-9.34118390083312988e-1,-4.67059195041656494e-1
26,12,9.80392156862745057e-1,5.88235294117647189e-2,1.32352941176470618e-1,-9.79155778884887695e-1,-4.89577889442443848e-1,6.35720802471041596e-2,3.17860401235520798e-2,-9.78405296802520752e-1,-4.89202648401260376e-1
27,0,3.92156862745098034e-2,7.84313725490196068e-2,1.76470588235294101e-1,9.72813963890075684e-1,4.86406981945037842e-1,-8.42894995585083961e-2,-4.21447497792541981e-2,9.72067654132843018e-1,4.86033827066421509e-1
27,1,1.17647058823529410e-1,7.84313725490196068e-2,1.76470588235294101e-1,9.14050042629241943e-1,4.57025021314620972e-1,-7.91978202760219574e-2,-3.95989101380109787e-2,9.13348793983459473e-1,4.56674396991729736e-1
27,2,1.96078431372549017e-1,7.84313725490196068e-2,1.76470588235294101e-1,8.00071954727172852e-1,4.00035977363586426e-1,-6.93225016817450579e-2,-3.46612508408725289e-2,7.99458146095275879e-1,3.99729073047637939e-1
27,3,2.74509803921568651e-1,7.84313725490196068e-2,1.76470588235294101e-1,6.37764453887939453e-1,3.18882226943969727e-1,-5.52588910795747956e-2,-2.76294455397873978e-2,6.37275159358978271e-1,3.18637579679489136e-1
27,4,3.52941176470588203e-1,7.84313725490196068e-2,1.76470588235294101e-1,4.36932235956192017e-1,2.18466117978096008e-1,-3.78581166733056307e-2,-1.89290583366528153e-2,4.36597019433975220e-1,2.18298509716987610e-1
27,5,4.31372549019607865e-1,7.84313725490196068e-2,1.76470588235294101e-1,2.09706559777259827e-1,1.04853279888629913e-1,-1.81700086919591164e-2,-9.08500434597955819e-3,2.09545686841011047e-1,1.04772843420505524e-1
27,6,5.09803921568627416e-1,7.84313725490196068e-2,1.76470588235294101e-1,-3.01866605877876282e-2,-1.50933302938938141e-2,2.61551840230822563e-3,1.30775920115411282e-3,-3.01635023206472397e-2,-1.50817511603236198e-2
27,7,5.88235294117647078e-1,7.84313725490196068e-2,1.76470588235294101e-1,-2.68256425857543945e-1,-1.34128212928771973e-1,2.32430713484064189e-2,1.16215356742032094e-2,-2.68050640821456909e-1,-1.34025320410728455e-1
27,8,6.66666666666666630e-1,7.84313725490196068e-2,1.76470588235294101e-1,-4.90121871232986450e-1,-2.45060935616493225e-1,4.24665972590446139e-2,2.12332986295223070e-2,-4.89745855331420898e-1,-2.44872927665710449e-1
27,9,7.45098039215686292e-1,7.84313725490196068e-2,1.76470588235294101e-1,-6.82380974292755127e-1,-3.41190487146377563e-1,5.91246516443789116e-2,2.95623258221894558e-2,-6.81857466697692871e-1,-3.40928733348846436e-1
27,10,8.23529411764705843e-1,7.84313725490196068e-2,1.76470588235294101e-1,-8.33420276641845703e-1,-4.16710138320922852e-1,7.22081428393721581e-2,3.61040714196860790e-2,-8.32780957221984863e-1,-4.16390478610992432e-1
27,11,9.01960784313725505e-1,7.84313725490196068e-2,1.76470588235294101e-1,-9.34118390083312988e-1,-4.67059195041656494e-1,8.09148246422409928e-2,4.04574123211204964e-2,-9.33401942253112793e-1,-4.66700971126556396e-1
27,12,9.80392156862745057e-1,5.88235294117647189e-2,1.32352941176470618e-1,-9.78405296802520752e-1,-4.89202648401260376e-1,6.35240318253636332e-2,3.17620159126818166e-2,-9.77655351161956787e-1,-4.88827675580978394e-1
28,0,3.92156862745098034e-2,7.84313725490196068e-2,1.76470588235294101e-1,9.72067654132843018e-1,4.86033827066421509e-1,-8.42248650267720250e-2,-4.21124325133860125e-2,9.71321940422058105e-1,4.85660970211029053e-1
28,1,1.17647058823529410e-1,7.84313725490196068e-2,1.76470588235294101e-1,9.13348793983459473e-1,4.56674396991729736e-1,-7.91370330378413228e-2,-3.95685165189206614e-2,9.12648081779479980e-1,4.56324040889739990e-1
28,2,1.96078431372549017e-1,7.84313725490196068e-2,1.76470588235294101e-1,7.99458146095275879e-1,3.99729073047637939e-1,-6.92693235352635217e-2,-3.46346617676317609e-2,7.98844814300537109e-1,3.99422407150268555e-1
28,3,2.74509803921568651e-1,7.84313725490196068e-2,1.76470588235294101e-1,6.37275159358978271e-1,3.18637579679489136e-1,-5.52164853550493606e-2,-2.76082426775246803e-2,6.36786282062530518e-1,3.18393141031265259e-1
28,4,3.52941176470588203e-1,7.84313725490196068e-2,1.76470588235294101e-1,4.36597019433975220e-1,2.18298509716987610e-1,-3.78290482331067324e-2,-1.89145241165533662e-2,4.36262071132659912e-1,2.18131035566329956e-1
28,5,4.31372549019607865e-1,7.84313725490196068e-2,1.76470588235294101e-1,2.09545686841011047e-1,1.04772843420505524e-1,-1.81561130157206208e-2,-9.07805650786031038e-3,2.09384933114051819e-1,1.04692466557025909e-1
28,6,5.09803921568627416e-1,7.84313725490196068e-2,1.76470588235294101e-1,-3.01635023206472397e-2,-1.50817511603236198e-2,2.61350391665471360e-3,1.30675195832735680e-3,-3.01403626799583435e-2,-1.50701813399791718e-2
28,7,5.88235294117647078e-1,7.84313725490196068e-2,1.76470588235294101e-1,-2.68050640821456909e-1,-1.34025320410728455e-1,2.32252909743692615e-2,1.16126454871846307e-2,-2.67845004796981812e-1,-1.33922502398490906e-1
28,8,6.66666666666666630e-1,7.84313725490196068e-2,1.76470588235294101e-1,-4.89745855331420898e-1,-2.44872927665710449e-1,4.24339807592332696e-2,2.12169903796166348e-2,-4.89370137453079224e-1,-2.44685068726539612e-1
28,9,7.45098039215686292e-1,7.84313725490196068e-2,1.76470588235294101e-1,-6.81857466697692871e-1,-3.40928733348846436e-1,5.90792108327150289e-2,2.95396054163575145e-2,-6.81334376335144043e-1,-3.40667188167572021e-1
28,10,8.23529411764705843e-1,7.84313725490196068e-2,1.76470588235294101e-1,-8.32780957221984863e-1,-4.16390478610992432e-1,7.21526563167571855e-2,3.60763281583785927e-2,-8.32142114639282227e-1,-4.16071057319641113e-1
28,11,9.01960784313725505e-1,7.84313725490196068e-2,1.76470588235294101e-1,-9.33401942253112793e-1,-4.66700971126556396e-1,8.08522420004010173e-2,4.04261210002005086e-2,-9.32686090469360352e-1,-4.66343045234680176e-1
28,12,9.80392156862745057e-1,5.88235294117647189e-2,1.32352941176470618e-1,-9.77655351161956787e-1,-4.88827675580978394e-1,6.34759834036231069e-2,3.17379917018115534e-2,-9.76906001567840576e-1,-4.88453000783920288e-1
29,0,3.92156862745098034e-2,7.84313725490196068e-2,1.76470588235294101e-1,9.71321940422058105e-1,4.85660970211029053e-1,-8.41603159904480008e-2,-4.20801579952240004e-2,9.70576763153076172e-1,4.85288381576538086e-1
29,1,1.17647058823529410e-1,7.84313725490196068e-2,1.76470588235294101e-1,9.12648081779479980e-1,4.56324040889739990e-1,-7.90762457996606744e-2,-3.95381228998303372e-2,9.11947906017303467e-1,4.55973953008651733e-1
29,2,1.96078431372549017e-1,7.84313725490196068e-2,1.76470588235294101e-1,7.98844814300537109e-1,3.99422407150268555e-1,-6.92161453887820133e-2,-3.46080726943910066e-2,7.98231959342956543e-1,3.99115979671478271e-1
29,3,2.74509803921568651e-1,7.84313725490196068e-2,1.76470588235294101e-1,6.36786282062530518e-1,3.18393141031265259e-1,-5.51742078736424391e-2,-2.75871039368212195e-2,6.36297762393951416e-1,3.18148881196975708e-1
29,4,3.52941176470588203e-1,7.84313725490196068e-2,1.76470588235294101e-1,4.36262071132659912e-1,2.18131035566329956e-1,-3.77999797929078341e-2,-1.88999898964539170e-2,4.35927391052246094e-1,2.17963695526123047e-1
29,5,4.31372549019607865e-1,7.84313725490196068e-2,1.76470588235294101e-1,2.09384933114051819e-1,1.04692466557025909e-1,-1.81422013090923318e-2,-9.07110065454616588e-3,2.09224298596382141e-1,1.04612149298191071e-1
29,6,5.09803921568627416e-1,7.84313725490196068e-2,1.76470588235294101e-1,-3.01403626799583435e-2,-1.50701813399791718e-2,2.61150011792776748e-3,1.30575005896388374e-3,-3.01172398030757904e-2,-1.50586199015378952e-2
29,7,5.88235294117647078e-1,7.84313725490196068e-2,1.76470588235294101e-1,-2.67845004796981812e-1,-1.33922502398490906e-1,2.32074838830158003e-2,1.16037419415079002e-2,-2.67639517784118652e-1,-1.33819758892059326e-1
29,8,6.66666666666666630e-1,7.84313725490196068e-2,1.76470588235294101e-1,-4.89370137453079224e-1,-2.44685068726539612e-1,4.24014070071280225e-2,2.12007035035640112e-2,-4.88994717597961426e-1,-2.44497358798980713e-1
29,9,7.45098039215686292e-1,7.84313725490196068e-2,1.76470588235294101e-1,-6.81334376335144043e-1,-3.40667188167572021e-1,5.90338555164635070e-2,2.95169277582317535e-2,-6.80811703205108643e-1,-3.40405851602554321e-1
29,10,8.23529411764705843e-1,7.84313725490196068e-2,1.76470588235294101e-1,-8.32142114639282227e-1,-4.16071057319641113e-1,7.20970842987298799e-2,3.60485421493649399e-2,-8.31503748893737793e-1,-4.15751874446868896e-1
29,11,9.01960784313725505e-1,7.84313725490196068e-2,1.76470588235294101e-1,-9.32686090469360352e-1,-4.66343045234680176e-1,8.07898303493857495e-2,4.03949151746928747e-2,-9.31970775127410889e-1,-4.65985387563705444e-1
29,12,9.80392156862745057e-1,5.88235294117647189e-2,1.32352941176470618e-1,-9.76906001567840576e-1,-4.88453000783920288e-1,6.34279349818825666e-2,3.17139674909412833e-2,-9.76157188415527344e-1,-4.88078594207763672e-1
30,0,3.92156862745098034e-2,7.84313725490196068e-2,1.76470588235294101e-1,9.70576763153076172e-1,4.85288381576538086e-1,-8.40957669541239766e-2,-4.20478834770619883e-2,9.69832181930541992e-1,4.84916090965270996e-1
30,1,1.17647058823529410e-1,7.84313725490196068e-2,1.76470588235294101e-1,9.11947906017303467e-1,4.55973953008651733e-1,-7.90155440568923867e-2,-3.95077720284461933e-2,9.11248266696929932e-1,4.55624133348464966e-1
30,2,1.96078431372549017e-1,7.84313725490196068e-2,1.76470588235294101e-1,7.98231959342956543e-1,3.99115979671478271e-1,-6.91630527377128657e-2,-3.45815263688564328e-2,7.97619581222534180e-1,3.98809790611267090e-1
30,3,2.74509803921568651e-1,7.84313725490196068e-2,1.76470588235294101e-1,6.36297762393951416e-1,3.18148881196975708e-1,-5.51318876445293093e-2,-2.75659438222646547e-2,6.35809600353240967e-1,3.17904800176620483e-1
30,4,3.52941176470588203e-1,7.84313725490196068e-2,1.76470588235294101e-1,4.35927391052246094e-1,2.17963695526123047e-1,-3.77709968481212965e-2,-1.88854984240606483e-2,4.35592949390411377e-1,2.17796474695205688e-1
30,5,4.31372549019607865e-1,7.84313725490196068e-2,1.76470588235294101e-1,2.09224298596382141e-1,1.04612149298191071e-1,-1.81282709003426357e-2,-9.06413545017131783e-3,2.09063783288002014e-1,1.04531891644001007e-1
30,6,5.09803921568627416e-1,7.84313725490196068e-2,1.76470588235294101e-1,-3.01172398030757904e-2,-1.50586199015378952e-2,2.60950166266410433e-3,1.30475083133205216e-3,-3.00941355526447296e-2,-1.50470677763223648e-2
30,7,5.88235294117647078e-1,7.84313725490196068e-2,1.76470588235294101e-1,-2.67639517784118652e-1,-1.33819758892059326e-1,2.31896527460776491e-2,1.15948263730388246e-2,-2.67434179782867432e-1,-1.33717089891433716e-1
30,8,6.66666666666666630e-1,7.84313725490196068e-2,1.76470588235294101e-1,-4.88994717597961426e-1,-2.44497358798980713e-1,4.23688760027289280e-2,2.11844380013644640e-2,-4.88619565963745117e-1,-2.44309782981872559e-1
30,9,7.45098039215686292e-1,7.84313725490196068e-2,1.76470588235294101e-1,-6.80811703205108643e-1,-3.40405851602554321e-1,5.89885856956243460e-2,2.94942928478121730e-2,-6.80289387702941895e-1,-3.40144693851470947e-1
30,10,8.23529411764705843e-1,7.84313725490196068e-2,1.76470588235294101e-1,-8.31503748893737793e-1,-4.15751874446868896e-1,7.20415122807026020e-2,3.60207561403513010e-2,-8.30865859985351562e-1,-4.15432929992675781e-1
30,11,9.01960784313725505e-1,7.84313725490196068e-2,1.76470588235294101e-1,-9.31970775127410889e-1,-4.65985387563705444e-1,8.07275041937828008e-2,4.03637520968914004e-2,-9.31255996227264404e-1,-4.65627998113632202e-1
30,12,9.80392156862745057e-1,5.88235294117647189e-2,1.32352941176470618e-1,-9.76157188415527344e-1,-4.88078594207763672e-1,6.33798865601420403e-2,3.16899432800710201e-2,-9.75408971309661865e-1,-4.87704485654830933e-1
31,0,3.92156862745098034e-2,7.84313725490196068e-2,1.76470588235294101e-1,9.69832181930541992e-1,4.84916090965270996e-1,-8.40313034132122993e-2,-4.20156517066061497e-2,9.69088137149810791e-1,4.84544068574905396e-1
31,1,1.17647058823529410e-1,7.84313725490196068e-2,1.76470588235294101e-1,9.11248266696929932e-1,4.55624133348464966e-1,-7.89548423141241129e-2,-3.94774211570620565e-2,9.10549163818359375e-1,4.55274581909179688e-1
31,2,1.96078431372549017e-1,7.84313725490196068e-2,1.76470588235294101e-1,7.97619581222534180e-1,3.98809790611267090e-1,-6.91100455820560233e-2,-3.45550227910280117e-2,7.97007679939270020e-1,3.98503839969635010e-1
31,3,2.74509803921568651e-1,7.84313725490196068e-2,1.76470588235294101e-1,6.35809600353240967e-1,3.17904800176620483e-1,-5.50895674154162351e-2,-2.75447837077081176e-2,6.35321855545043945e-1,3.17660927772521973e-1
31,4,3.52941176470588203e-1,7.84313725490196068e-2,1.76470588235294101e-1,4.35592949390411377e-1,2.17796474695205688e-1,-3.77420139033347590e-2,-1.88710069516673795e-2,4.35258775949478149e-1,2.17629387974739075e-1
31,5,4.31372549019607865e-1,7.84313725490196068e-2,1.76470588235294101e-1,2.09063783288002014e-1,1.04531891644001007e-1,-1.81143672089092433e-2,-9.05718360445462167e-3,2.08903402090072632e-1,1.04451701045036316e-1
31,6,5.09803921568627416e-1,7.84313725490196068e-2,1.76470588235294101e-1,-3.00941355526447296e-2,-1.50470677763223648e-2,2.60751389432700709e-3,1.30375694716350354e-3,-3.00710480660200119e-2,-1.50355240330100060e-2
31,7,5.88235294117647078e-1,7.84313725490196068e-2,1.76470588235294101e-1,-2.67434179782867432e-1,-1.33717089891433716e-1,2.31718376395292358e-2,1.15859188197646179e-2,-2.67229020595550537e-1,-1.33614510297775269e-1
31,8,6.66666666666666630e-1,7.84313725490196068e-2,1.76470588235294101e-1,-4.88619565963745117e-1,-2.44309782981872559e-1,4.23363877460360416e-2,2.11681938730180208e-2,-4.88244712352752686e-1,-2.44122356176376343e-1
31,9,7.45098039215686292e-1,7.84313725490196068e-2,1.76470588235294101e-1,-6.80289387702941895e-1,-3.40144693851470947e-1,5.89432731270790322e-2,2.94716365635395161e-2,-6.79767489433288574e-1,-3.39883744716644287e-1
31,10,8.23529411764705843e-1,7.84313725490196068e-2,1.76470588235294101e-1,-8.30865859985351562e-1,-4.15432929992675781e-1,7.19860257580876295e-2,3.59930128790438147e-2,-8.30228507518768311e-1,-4.15114253759384155e-1
31,11,9.01960784313725505e-1,7.84313725490196068e-2,1.76470588235294101e-1,-9.31255996227264404e-1,-4.65627998113632202e-1,8.06651780381798661e-2,4.03325890190899330e-2,-9.30541753768920898e-1,-4.65270876884460449e-1
31,12,9.80392156862745057e-1,5.88235294117647189e-2,1.32352941176470618e-1,-9.75408971309661865e-1,-4.87704485654830933e-1,6.33319236338138608e-2,3.16659618169069304e-2,-9.74661290645599365e-1,-4.87330645322799683e-1
32,0,3.92156862745098034e-2,7.84313725490196068e-2,1.76470588235294101e-1,9.69088137149810791e-1,4.84544068574905396e-1,-8.39668398723006221e-2,-4.19834199361503110e-2,9.68344688415527344e-1,4.84172344207763672e-1
32,1,1.17647058823529410e-1,7.84313725490196068e-2,1.76470588235294101e-1,9.10549163818359375e-1,4.55274581909179688e-1,-7.88942260667681722e-2,-3.94471130333840861e-2,9.09850597381591797e-1,4.54925298690795898e-1
32,2,1.96078431372549017e-1,7.84313725490196068e-2,1.76470588235294101e-1,7.97007679939270020e-1,3.98503839969635010e-1,-6.90570384263992365e-2,-3.45285192131996183e-2,7.96396255493164062e-1,3.98198127746582031e-1
32,3,2.74509803921568651e-1,7.84313725490196068e-2,1.76470588235294101e-1,6.35321855545043945e-1,3.17660927772521973e-1,-5.50473754294216466e-2,-2.75236877147108233e-2,6.34834468364715576e-1,3.17417234182357788e-1
32,4,3.52941176470588203e-1,7.84313725490196068e-2,1.76470588235294101e-1,4.35258775949478149e-1,2.17629387974739075e-1,-3.77130095846950897e-2,-1.88565047923475448e-2,4.34924870729446411e-1,2.17462435364723206e-1
32,5,4.31372549019607865e-1,7.84313725490196068e-2,1.76470588235294101e-1,2.08903402090072632e-1,1.04451701045036316e-1,-1.81004875630605966e-2,-9.05024378153029829e-3,2.08743140101432800e-1,1.04371570050716400e-1
32,6,5.09803921568627416e-1,7.84313725490196068e-2,1.76470588235294101e-1,-3.00710480660200119e-2,-1.50355240330100060e-2,2.60551009560000546e-3,1.30275504780000273e-3,-3.00479792058467865e-2,-1.50239896029233932e-2
32,7,5.88235294117647078e-1,7.84313725490196068e-2,1.76470588235294101e-1,-2.67229020595550537e-1,-1.33614510297775269e-1,2.31540839828085487e-2,1.15770419914042744e-2,-2.67024010419845581e-1,-1.33512005209922791e-1
32,8,6.66666666666666630e-1,7.84313725490196068e-2,1.76470588235294101e-1,-4.88244712352752686e-1,-2.44122356176376343e-1,4.23038994893431552e-2,2.11519497446715776e-2,-4.87870156764984131e-1,-2.43935078382492065e-1
32,9,7.45098039215686292e-1,7.84313725490196068e-2,1.76470588235294101e-1,-6.79767489433288574e-1,-3.39883744716644287e-1,5.88979605585336630e-2,2.94489802792668315e-2,-6.79246008396148682e-1,-3.39623004198074341e-1
32,10,8.23529411764705843e-1,7.84313725490196068e-2,1.76470588235294101e-1,-8.30228507518768311e-1,-4.15114253759384155e-1,7.19307102262973785e-2,3.59653551131486893e-2,-8.29591631889343262e-1,-4.14795815944671631e-1
32,11,9.01960784313725505e-1,7.84313725490196068e-2,1.76470588235294101e-1,-9.30541753768920898e-1,-4.65270876884460449e-1,8.06028518825769452e-2,4.03014259412884726e-2,-9.29828107357025146e-1,-4.64914053678512573e-1
32,12,9.80392156862745057e-1,5.88235294117647189e-2,1.32352941176470618e-1,-9.74661290645599365e-1,-4.87330645322799683e-1,6.32839607074856675e-2,3.16419803537428337e-2,-9.73914206027984619e-1,-4.86957103013992310e-1
33,0,3.92156862745098034e-2,7.84313725490196068e-2,1.76470588235294101e-1,9.68344688415527344e-1,4.84172344207763672e-1,-8.39024618268012917e-2,-4.19512309134006459e-2,9.67601776123046875e-1,4.83800888061523438e-1
33,1,1.17647058823529410e-1,7.84313725490196068e-2,1.76470588235294101e-1,9.09850597381591797e-1,4.54925298690795898e-1,-7.88336098194122453e-2,-3.94168049097061227e-2,9.09152567386627197e-1,4.54576283693313599e-1
33,2,1.96078431372549017e-1,7.84313725490196068e-2,1.76470588235294101e-1,7.96396255493164062e-1,3.98198127746582031e-1,-6.90041167661547550e-2,-3.45020583830773775e-2,7.95785307884216309e-1,3.97892653942108154e-1
33,3,2.74509803921568651e-1,7.84313725490196068e-2,1.76470588235294101e-1,6.34834468364715576e-1,3.17417234182357788e-1,-5.50051406957209055e-2,-2.75025703478604527e-2,6.34347438812255859e-1,3.17173719406127930e-1
33,4,3.52941176470588203e-1,7.84313725490196068e-2,1.76470588235294101e-1,4.34924870729446411e-1,2.17462435364723206e-1,-3.76840907614678366e-2,-1.88420453807339183e-2,4.34591203927993774e-1,2.17295601963996887e-1
33,5,4.31372549019607865e-1,7.84313725490196068e-2,1.76470588235294101e-1,2.08743140101432800e-1,1.04371570050716400e-1,-1.80865918868221009e-2,-9.04329594341105047e-3,2.08582997322082520e-1,1.04291498661041260e-1
33,6,5.09803921568627416e-1,7.84313725490196068e-2,1.76470588235294101e-1,-3.00479792058467865e-2,-1.50239896029233932e-2,2.60351698379962526e-3,1.30175849189981263e-3,-3.00249271094799042e-2,-1.50124635547399521e-2
33,7,5.88235294117647078e-1,7.84313725490196068e-2,1.76470588235294101e-1,-2.67024010419845581e-1,-1.33512005209922791e-1,2.31363036087713914e-2,1.15681518043856957e-2,-2.66819149255752563e-1,-1.33409574627876282e-1
33,8,6.66666666666666630e-1,7.84313725490196068e-2,1.76470588235294101e-1,-4.87870156764984131e-1,-2.43935078382492065e-1,4.22714539803564771e-2,2.11357269901782385e-2,-4.87495869398117065e-1,-2.43747934699058533e-1
33,9,7.45098039215686292e-1,7.84313725490196068e-2,1.76470588235294101e-1,-6.79246008396148682e-1,-3.39623004198074341e-1,5.88527334854006823e-2,2.94263667427003411e-2,-6.78724944591522217e-1,-3.39362472295761108e-1
33,10,8.23529411764705843e-1,7.84313725490196068e-2,1.76470588235294101e-1,-8.29591631889343262e-1,-4.14795815944671631e-1,7.18753091990947668e-2,3.59376545995473834e-2,-8.28955233097076416e-1,-4.14477616548538208e-1
33,11,9.01960784313725505e-1,7.84313725490196068e-2,1.76470588235294101e-1,-9.29828107357025146e-1,-4.64914053678512573e-1,8.05406967177987043e-2,4.02703483588993522e-2,-9.29114997386932373e-1,-4.64557498693466187e-1
33,12,9.80392156862745057e-1,5.88235294117647189e-2,1.32352941176470618e-1,-9.73914206027984619e-1,-4.86957103013992310e-1,6.32359977811574880e-2,3.16179988905787440e-2,-9.73167657852172852e-1,-4.86583828926086426e-1
34,0,3.92156862745098034e-2,7.84313725490196068e-2,1.76470588235294101e-1,9.67601776123046875e-1,4.83800888061523438e-1,-8.38380837813019753e-2,-4.19190418906509876e-2,9.66859459877014160e-1,4.83429729938507080e-1
34,1,1.17647058823529410e-1,7.84313725490196068e-2,1.76470588235294101e-1,9.09152567386627197e-1,4.54576283693313599e-1,-7.87730790674686376e-2,-3.93865395337343188e-2,9.08455073833465576e-1,4.54227536916732788e-1
34,2,1.96078431372549017e-1,7.84313725490196068e-2,1.76470588235294101e-1,7.95785307884216309e-1,3.97892653942108154e-1,-6.89512806013226620e-2,-3.44756403006613310e-2,7.95174777507781982e-1,3.97587388753890991e-1
34,3,2.74509803921568651e-1,7.84313725490196068e-2,1.76470588235294101e-1,6.34347438812255859e-1,3.17173719406127930e-1,-5.49629059620201643e-2,-2.74814529810100822e-2,6.33860766887664795e-1,3.16930383443832397e-1
34,4,3.52941176470588203e-1,7.84313725490196068e-2,1.76470588235294101e-1,4.34591203927993774e-1,2.17295601963996887e-1,-3.76551719382405281e-2,-1.88275859691202641e-2,4.34257805347442627e-1,2.17128902673721313e-1
34,5,4.31372549019607865e-1,7.84313725490196068e-2,1.76470588235294101e-1,2.08582997322082520e-1,1.04291498661041260e-1,-1.80727202561683509e-2,-9.03636012808417544e-3,2.08422973752021790e-1,1.04211486876010895e-1
34,6,5.09803921568627416e-1,7.84313725490196068e-2,1.76470588235294101e-1,-3.00249271094799042e-2,-1.50124635547399521e-2,2.60152921546247251e-3,1.30076460773123626e-3,-3.00018936395645142e-2,-1.50009468197822571e-2
34,7,5.88235294117647078e-1,7.84313725490196068e-2,1.76470588235294101e-1,-2.66819149255752563e-1,-1.33409574627876282e-1,2.31185419368557521e-2,1.15592709684278760e-2,-2.66614466905593872e-1,-1.33307233452796936e-1
34,8,6.66666666666666630e-1,7.84313725490196068e-2,1.76470588235294101e-1,-4.87495869398117065e-1,-2.43747934699058533e-1,4.22389657236635907e-2,2.11194828618317954e-2,-4.87121880054473877e-1,-2.43560940027236938e-1
34,9,7.45098039215686292e-1,7.84313725490196068e-2,1.76470588235294101e-1,-6.78724944591522217e-1,-3.39362472295761108e-1,5.88076346553862150e-2,2.94038173276931075e-2,-6.78204238414764404e-1,-3.39102119207382202e-1
34,10,8.23529411764705843e-1,7.84313725490196068e-2,1.76470588235294101e-1,-8.28955233097076416e-1,-4.14477616548538208e-1,7.18199081718921550e-2,3.59099540859460775e-2,-8.28319311141967773e-1,-4.14159655570983887e-1
34,11,9.01960784313725505e-1,7.84313725490196068e-2,1.76470588235294101e-1,-9.29114997386932373e-1,-4.64557498693466187e-1,8.04786270484328242e-2,4.02393135242164121e-2,-9.28402423858642578e-1,-4.64201211929321289e-1
34,12,9.80392156862745057e-1,5.88235294117647189e-2,1.32352941176470618e-1,-9.73167657852172852e-1,-4.86583828926086426e-1,6.31880348548293086e-2,3.15940174274146543e-2,-9.72421705722808838e-1,-4.86210852861404419e-1
35,0,3.92156862745098034e-2,7.84313725490196068e-2,1.76470588235294101e-1,9.66859459877014160e-1,4.83429729938507080e-1,-8.37737912312149918e-2,-4.18868956156074959e-2,9.66117739677429199e-1,4.83058869838714600e-1
35,1,1.17647058823529410e-1,7.84313725490196068e-2,1.76470588235294101e-1,9.08455073833465576e-1,4.54227536916732788e-1,-7.87126338109374185e-2,-3.93563169054687093e-2,9.07758116722106934e-1,4.53879058361053467e-1
35,2,1.96078431372549017e-1,7.84313725490196068e-2,1.76470588235294101e-1,7.95174777507781982e-1,3.97587388753890991e-1,-6.88983589410781805e-2,-3.44491794705390902e-2,7.94564723968505859e-1,3.97282361984252930e-1
35,3,2.74509803921568651e-1,7.84313725490196068e-2,1.76470588235294101e-1,6.33860766887664795e-1,3.16930383443832397e-1,-5.49207139760255481e-2,-2.74603569880127740e-2,6.33374512195587158e-1,3.16687256097793579e-1
35,4,3.52941176470588203e-1,7.84313725490196068e-2,1.76470588235294101e-1,4.34257805347442627e-1,2.17128902673721313e-1,-3.76263386104256359e-2,-1.88131693052128179e-2,4.33924645185470581e-1,2.16962322592735291e-1
35,5,4.31372549019607865e-1,7.84313725490196068e-2,1.76470588235294101e-1,2.08422973752021790e-1,1.04211486876010895e-1,-1.80588325951248074e-2,-9.02941629756240371e-3,2.08263084292411804e-1,1.04131542146205902e-1
35,6,5.09803921568627416e-1,7.84313725490196068e-2,1.76470588235294101e-1,-3.00018936395645142e-2,-1.50009468197822571e-2,2.59950938634573303e-3,1.29975469317286652e-3,-2.99788769334554672e-2,-1.49894384667277336e-2
35,7,5.88235294117647078e-1,7.84313725490196068e-2,1.76470588235294101e-1,-2.66614466905593872e-1,-1.33307233452796936e-1,2.31008390430361144e-2,1.15504195215180572e-2,-2.66409933567047119e-1,-1.33204966783523560e-1
35,8,6.66666666666666630e-1,7.84313725490196068e-2,1.76470588235294101e-1,-4.87121880054473877e-1,-2.43560940027236938e-1,4.22065629623830096e-2,2.11032814811915048e-2,-4.86748188734054565e-1,-2.43374094367027283e-1
35,9,7.45098039215686292e-1,7.84313725490196068e-2,1.76470588235294101e-1,-6.78204238414764404e-1,-3.39102119207382202e-1,5.87624503299593870e-2,2.93812251649796935e-2,-6.77683949470520020e-1,-3.38841974735260010e-1
35,10,8.23529411764705843e-1,7.84313725490196068e-2,1.76470588235294101e-1,-8.28319311141967773e-1,-4.14159655570983887e-1,7.17645926401019318e-2,3.58822963200509659e-2,-8.27683866024017334e-1,-4.13841933012008667e-1
35,11,9.01960784313725505e-1,7.84313725490196068e-2,1.76470588235294101e-1,-9.28402423858642578e-1,-4.64201211929321289e-1,8.04165573790669302e-2,4.02082786895334651e-2,-9.27690386772155762e-1,-4.63845193386077881e-1
35,12,9.80392156862745057e-1,5.88235294117647189e-2,1.32352941176470618e-1,-9.72421705722808838e-1,-4.86210852861404419e-1,6.31401574239134761e-2,3.15700787119567380e-2,-9.71676290035247803e-1,-4.85838145017623901e-1
36,0,3.92156862745098034e-2,7.84313725490196068e-2,1.76470588235294101e-1,9.66117739677429199e-1,4.83058869838714600e-1,-8.37095841765403692e-2,-4.18547920882701846e-2,9.65376555919647217e-1,4.82688277959823608e-1
36,1,1.17647058823529410e-1,7.84313725490196068e-2,1.76470588235294101e-1,9.07758116722106934e-1,4.53879058361053467e-1,-7.86521885544061716e-2,-3.93260942772030858e-2,9.07061696052551270e-1,4.53530848026275635e-1
36,2,1.96078431372549017e-1,7.84313725490196068e-2,1.76470588235294101e-1,7.94564723968505859e-1,3.97282361984252930e-1,-6.88454372808337267e-2,-3.44227186404168634e-2,7.93955147266387939e-1,3.96977573633193970e-1
36,3,2.74509803921568651e-1,7.84313725490196068e-2,1.76470588235294101e-1,6.33374512195587158e-1,3.16687256097793579e-1,-5.48786929808557089e-2,-2.74393464904278545e-2,6.32888615131378174e-1,3.16444307565689087e-1
36,4,3.52941176470588203e-1,7.84313725490196068e-2,1.76470588235294101e-1,4.33924645185470581e-1,2.16962322592735291e-1,-3.75973984133451955e-2,-1.87986992066725978e-2,4.33591753244400024e-1,2.16795876622200012e-1
36,5,4.31372549019607865e-1,7.84313725490196068e-2,1.76470588235294101e-1,2.08263084292411804e-1,1.04131542146205902e-1,-1.80450117273721622e-2,-9.02250586368608110e-3,2.08103314042091370e-1,1.04051657021045685e-1
36,6,5.09803921568627416e-1,7.84313725490196068e-2,1.76470588235294101e-1,-2.99788769334554672e-2,-1.49894384667277336e-2,2.59751627454529732e-3,1.29875813727264866e-3,-2.99558788537979126e-2,-1.49779394268989563e-2
36,7,5.88235294117647078e-1,7.84313725490196068e-2,1.76470588235294101e-1,-2.66409933567047119e-1,-1.33204966783523560e-1,2.30831121036317310e-2,1.15415560518158655e-2,-2.66205549240112305e-1,-1.33102774620056152e-1
36,8,6.66666666666666630e-1,7.84313725490196068e-2,1.76470588235294101e-1,-4.86748188734054565e-1,-2.43374094367027283e-1,4.21742029488086922e-2,2.10871014744043461e-2,-4.86374765634536743e-1,-2.43187382817268372e-1
36,9,7.45098039215686292e-1,7.84313725490196068e-2,1.76470588235294101e-1,-6.77683949470520020e-1,-3.38841974735260010e-1,5.87173514999449198e-2,2.93586757499724599e-2,-6.77164077758789062e-1,-3.38582038879394531e-1
36,10,8.23529411764705843e-1,7.84313725490196068e-2,1.76470588235294101e-1,-8.27683866024017334e-1,-4.13841933012008667e-1,7.17092771083116531e-2,3.58546385541558266e-2,-8.27048957347869873e-1,-4.13524478673934937e-1
36,11,9.01960784313725505e-1,7.84313725490196068e-2,1.76470588235294101e-1,-9.27690386772155762e-1,-4.63845193386077881e-1,8.03545732051133971e-2,4.01772866025566985e-2,-9.26978886127471924e-1,-4.63489443063735962e-1
36,12,9.80392156862745057e-1,5.88235294117647189e-2,1.32352941176470618e-1,-9.71676290035247803e-1,-4.85838145017623901e-1,6.30922799929976436e-2,3.15461399964988218e-2,-9.70931470394134521e-1,-4.85465735197067261e-1
37,0,3.92156862745098034e-2,7.84313725490196068e-2,1.76470588235294101e-1,9.65376555919647217e-1,4.82688277959823608e-1,-8.36453771218657466e-2,-4.18226885609328733e-2,9.64635968208312988e-1,4.82317984104156494e-1
37,1,1.17647058823529410e-1,7.84313725490196068e-2,1.76470588235294101e-1,9.07061696052551270e-1,4.53530848026275635e-1,-7.85918287932872855e-2,-3.92959143966436428e-2,9.06365811824798584e-1,4.53182905912399292e-1
37,2,1.96078431372549017e-1,7.84313725490196068e-2,1.76470588235294101e-1,7.93955147266387939e-1,3.96977573633193970e-1,-6.87926011160016060e-2,-3.43963005580008030e-2,7.93346047401428223e-1,3.96673023700714111e-1
37,3,2.74509803921568651e-1,7.84313725490196068e-2,1.76470588235294101e-1,6.32888615131378174e-1,3.16444307565689087e-1,-5.48366292379796338e-2,-2.74183146189898169e-2,6.32403075695037842e-1,3.16201537847518921e-1
37,4,3.52941176470588203e-1,7.84313725490196068e-2,1.76470588235294101e-1,4.33591753244400024e-1,2.16795876622200012e-1,-3.75685437116771714e-2,-1.87842718558385857e-2,4.33259129524230957e-1,2.16629564762115479e-1
37,5,4.31372549019607865e-1,7.84313725490196068e-2,1.76470588235294101e-1,2.08103314042091370e-1,1.04051657021045685e-1,-1.80311748292297236e-2,-9.01558741461486179e-3,2.07943663001060486e-1,1.03971831500530243e-1
37,6,5.09803921568627416e-1,7.84313725490196068e-2,1.76470588235294101e-1,-2.99558788537979126e-2,-1.49779394268989563e-2,2.59553384967148304e-3,1.29776692483574152e-3,-2.99328975379467010e-2,-1.49664487689733505e-2
37,7,5.88235294117647078e-1,7.84313725490196068e-2,1.76470588235294101e-1,-2.66205549240112305e-1,-1.33102774620056152e-1,2.30654011946171411e-2,1.15327005973085706e-2,-2.66001313924789429e-1,-1.33000656962394714e-1
37,8,6.66666666666666630e-1,7.84313725490196068e-2,1.76470588235294101e-1,-4.86374765634536743e-1,-2.43187382817268372e-1,4.21418001875281112e-2,2.10709000937640556e-2,-4.86001640558242798e-1,-2.43000820279121399e-1
37,9,7.45098039215686292e-1,7.84313725490196068e-2,1.76470588235294101e-1,-6.77164077758789062e-1,-3.38582038879394531e-1,5.86722954176366607e-2,2.93361477088183303e-2,-6.76644563674926758e-1,-3.38322281837463379e-1
37,10,8.23529411764705843e-1,7.84313725490196068e-2,1.76470588235294101e-1,-8.27048957347869873e-1,-4.13524478673934937e-1,7.16541325673460960e-2,3.58270662836730480e-2,-8.26414525508880615e-1,-4.13207262754440308e-1
37,11,9.01960784313725505e-1,7.84313725490196068e-2,1.76470588235294101e-1,-9.26978886127471924e-1,-4.63489443063735962e-1,8.02925035357475170e-2,4.01462517678737585e-2,-9.26267981529235840e-1,-4.63133990764617920e-1
37,12,9.80392156862745057e-1,5.88235294117647189e-2,1.32352941176470618e-1,-9.70931470394134521e-1,-4.85465735197067261e-1,6.30444880574941580e-2,3.15222440287470790e-2,-9.70187187194824219e-1,-4.85093593597412109e-1
38,0,3.92156862745098034e-2,7.84313725490196068e-2,1.76470588235294101e-1,9.64635968208312988e-1,4.82317984104156494e-1,-8.35812555626034709e-2,-4.17906277813017354e-2,9.63895916938781738e-1,4.81947958469390869e-1
38,1,1.17647058823529410e-1,7.84313725490196068e-2,1.76470588235294101e-1,9.06365811824798584e-1,4.53182905912399292e-1,-7.85314690321683856e-2,-3.92657345160841928e-2,9.05670464038848877e-1,4.52835232019424438e-1
38,2,1.96078431372549017e-1,7.84313725490196068e-2,1.76470588235294101e-1,7.93346047401428223e-1,3.96673023700714111e-1,-6.87398504465818461e-2,-3.43699252232909230e-2,7.92737424373626709e-1,3.96368712186813354e-1
38,3,2.74509803921568651e-1,7.84313725490196068e-2,1.76470588235294101e-1,6.32403075695037842e-1,3.16201537847518921e-1,-5.47945227473974339e-2,-2.73972613736987169e-2,6.31917893886566162e-1,3.15958946943283081e-1
38,4,3.52941176470588203e-1,7.84313725490196068e-2,1.76470588235294101e-1,4.33259129524230957e-1,2.16629564762115479e-1,-3.75397745054215082e-2,-1.87698872527107541e-2,4.32926744222640991e-1,2.16463372111320496e-1
38,5,4.31372549019607865e-1,7.84313725490196068e-2,1.76470588235294101e-1,2.07943663001060486e-1,1.03971831500530243e-1,-1.80173192289657669e-2,-9.00865961448288344e-3,2.07784131169319153e-1,1.03892065584659576e-1
38,6,5.09803921568627416e-1,7.84313725490196068e-2,1.76470588235294101e-1,-2.99328975379467010e-2,-1.49664487689733505e-2,2.59355676826089621e-3,1.29677838413044810e-3,-2.99099329859018326e-2,-1.49549664929509163e-2
38,7,5.88235294117647078e-1,7.84313725490196068e-2,1.76470588235294101e-1,-2.66001313924789429e-1,-1.33000656962394714e-1,2.30476662400178611e-2,1.15238331200089306e-2,-2.65797257423400879e-1,-1.32898628711700439e-1
38,8,6.66666666666666630e-1,7.84313725490196068e-2,1.76470588235294101e-1,-4.86001640558242798e-1,-2.43000820279121399e-1,4.21095256693660991e-2,2.10547628346830495e-2,-4.85628783702850342e-1,-2.42814391851425171e-1
38,9,7.45098039215686292e-1,7.84313725490196068e-2,1.76470588235294101e-1,-6.76644563674926758e-1,-3.38322281837463379e-1,5.86271538399159853e-2,2.93135769199579926e-2,-6.76125466823577881e-1,-3.38062733411788940e-1
38,10,8.23529411764705843e-1,7.84313725490196068e-2,1.76470588235294101e-1,-8.26414525508880615e-1,-4.13207262754440308e-1,7.15989880263805389e-2,3.57994940131902695e-2,-8.25780570507049561e-1,-4.12890285253524780e-1
38,11,9.01960784313725505e-1,7.84313725490196068e-2,1.76470588235294101e-1,-9.26267981529235840e-1,-4.63133990764617920e-1,8.02306903526187054e-2,4.01153451763093527e-2,-9.25557613372802734e-1,-4.62778806686401367e-1
38,12,9.80392156862745057e-1,5.88235294117647189e-2,1.32352941176470618e-1,-9.70187187194824219e-1,-4.85093593597412109e-1,6.29966106265783254e-2,3.14983053132891627e-2,-9.69443500041961670e-1,-4.84721750020980835e-1
39,0,3.92156862745098034e-2,7.84313725490196068e-2,1.76470588235294101e-1,9.63895916938781738e-1,4.81947958469390869e-1,-8.35171340033411952e-2,-4.17585670016705976e-2,9.63156461715698242e-1,4.81578230857849121e-1
39,1,1.17647058823529410e-1,7.84313725490196068e-2,1.76470588235294101e-1,9.05670464038848877e-1,4.52835232019424438e-1,-7.84711947664618464e-2,-3.92355973832309232e-2,9.04975652694702148e-1,4.52487826347351074e-1
39,2,1.96078431372549017e-1,7.84313725490196068e-2,1.76470588235294101e-1,7.92737424373626709e-1,3.96368712186813354e-1,-6.86871852725744192e-2,-3.43435926362872096e-2,7.92129278182983398e-1,3.96064639091491699e-1
39,3,2.74509803921568651e-1,7.84313725490196068e-2,1.76470588235294101e-1,6.31917893886566162e-1,3.15958946943283081e-1,-5.47524162568152062e-2,-2.73762081284076031e-2,6.31433129310607910e-1,3.15716564655303955e-1
39,4,3.52941176470588203e-1,7.84313725490196068e-2,1.76470588235294101e-1,4.32926744222640991e-1,2.16463372111320496e-1,-3.75110052991658449e-2,-1.87555026495829225e-2,4.32594627141952515e-1,2.16297313570976257e-1
39,5,4.31372549019607865e-1,7.84313725490196068e-2,1.76470588235294101e-1,2.07784131169319153e-1,1.03892065584659576e-1,-1.80034876742865557e-2,-9.00174383714327786e-3,2.07624718546867371e-1,1.03812359273433685e-1
39,6,5.09803921568627416e-1,7.84313725490196068e-2,1.76470588235294101e-1,-2.99099329859018326e-2,-1.49549664929509163e-2,2.59154228260738417e-3,1.29577114130369209e-3,-2.98869870603084564e-2,-1.49434935301542282e-2
39,7,5.88235294117647078e-1,7.84313725490196068e-2,1.76470588235294101e-1,-2.65797257423400879e-1,-1.32898628711700439e-1,2.30300354829523490e-2,1.15150177414761745e-2,-2.65593349933624268e-1,-1.32796674966812134e-1
39,8,6.66666666666666630e-1,7.84313725490196068e-2,1.76470588235294101e-1,-4.85628783702850342e-1,-2.42814391851425171e-1,4.20771656557917817e-2,2.10385828278958908e-2,-4.85256224870681763e-1,-2.42628112435340881e-1
39,9,7.45098039215686292e-1,7.84313725490196068e-2,1.76470588235294101e-1,-6.76125466823577881e-1,-3.38062733411788940e-1,5.85821405053138788e-2,2.92910702526569394e-2,-6.75606787204742432e-1,-3.37803393602371216e-1
39,10,8.23529411764705843e-1,7.84313725490196068e-2,1.76470588235294101e-1,-8.25780570507049561e-1,-4.12890285253524780e-1,7.15438434854149818e-2,3.57719217427074909e-2,-8.25147092342376709e-1,-4.12573546171188354e-1
39,11,9.01960784313725505e-1,7.84313725490196068e-2,1.76470588235294101e-1,-9.25557613372802734e-1,-4.62778806686401367e-1,8.01688771694898522e-2,4.00844385847449261e-2,-9.24847781658172607e-1,-4.62423890829086304e-1
39,12,9.80392156862745057e-1,5.88235294117647189e-2,1.32352941176470618e-1,-9.69443500041961670e-1,-4.84721750020980835e-1,6.29488186910748398e-2,3.14744093455374199e-2,-9.68700349330902100e-1,-4.84350174665451050e-1
40,0,3.92156862745098034e-2,7.84313725490196068e-2,1.76470588235294101e-1,9.63156461715698242e-1,4.81578230857849121e-1,-8.34530979394912664e-2,-4.17265489697456332e-2,9.62417542934417725e-1,4.81208771467208862e-1
40,1,1.17647058823529410e-1,7.84313725490196068e-2,1.76470588235294101e-1,9.04975652694702148e-1,4.52487826347351074e-1,-7.84109205007553212e-2,-3.92054602503776606e-2,9.04281377792358398e-1,4.52140688896179199e-1
40,2,1.96078431372549017e-1,7.84313725490196068e-2,1.76470588235294101e-1,7.92129278182983398e-1,3.96064639091491699e-1,-6.86345200985669923e-2,-3.43172600492834962e-2,7.91521549224853516e-1,3.95760774612426758e-1
40,3,2.74509803921568651e-1,7.84313725490196068e-2,1.76470588235294101e-1,6.31433129310607910e-1,3.15716564655303955e-1,-5.47104380093514919e-2,-2.73552190046757460e-2,6.30948722362518311e-1,3.15474361181259155e-1
40,4,3.52941176470588203e-1,7.84313725490196068e-2,1.76470588235294101e-1,4.32594627141952515e-1,2.16297313570976257e-1,-3.74822360929101817e-2,-1.87411180464550908e-2,4.32262748479843140e-1,2.16131374239921570e-1
40,5,4.31372549019607865e-1,7.84313725490196068e-2,1.76470588235294101e-1,2.07624718546867371e-1,1.03812359273433685e-1,-1.79896400892175512e-2,-8.99482004460877560e-3,2.07465440034866333e-1,1.03732720017433167e-1
40,6,5.09803921568627416e-1,7.84313725490196068e-2,1.76470588235294101e-1,-2.98869870603084564e-2,-1.49434935301542282e-2,2.58953848388043806e-3,1.29476924194021903e-3,-2.98640597611665726e-2,-1.49320298805832863e-2
40,7,5.88235294117647078e-1,7.84313725490196068e-2,1.76470588235294101e-1,-2.65593349933624268e-1,-1.32796674966812134e-1,2.30123780085705332e-2,1.15061890042852666e-2,-2.65389591455459595e-1,-1.32694795727729797e-1
40,8,6.66666666666666630e-1,7.84313725490196068e-2,1.76470588235294101e-1,-4.85256224870681763e-1,-2.42628112435340881e-1,4.20448483899235614e-2,2.10224241949617807e-2,-4.84883964061737061e-1,-2.42441982030868530e-1
40,9,7.45098039215686292e-1,7.84313725490196068e-2,1.76470588235294101e-1,-6.75606787204742432e-1,-3.37803393602371216e-1,5.85372126661241055e-2,2.92686063330620527e-2,-6.75088465213775635e-1,-3.37544232606887817e-1
40,10,8.23529411764705843e-1,7.84313725490196068e-2,1.76470588235294101e-1,-8.25147092342376709e-1,-4.12573546171188354e-1,7.14886989444494247e-2,3.57443494722247124e-2,-8.24514091014862061e-1,-4.12257045507431030e-1
40,11,9.01960784313725505e-1,7.84313725490196068e-2,1.76470588235294101e-1,-9.24847781658172607e-1,-4.62423890829086304e-1,8.01071494817733737e-2,4.00535747408866868e-2,-9.24138486385345459e-1,-4.62069243192672729e-1
40,12,9.80392156862745057e-1,5.88235294117647189e-2,1.32352941176470618e-1,-9.68700349330902100e-1,-4.84350174665451050e-1,6.29010267555713681e-2,3.14505133777856841e-2,-9.67957794666290283e-1,-4.83978897333145142e-1
41,0,3.92156862745098034e-2,7.84313725490196068e-2,1.76470588235294101e-1,9.62417542934417725e-1,4.81208771467208862e-1,-8.33890618756413377e-2,-4.16945309378206688e-2,9.61679220199584961e-1,4.80839610099792480e-1
41,1,1.17647058823529410e-1,7.84313725490196068e-2,1.76470588235294101e-1,9.04281377792358398e-1,4.52140688896179199e-1,-7.83508172258734620e-2,-3.91754086129367310e-2,9.03587639331817627e-1,4.51793819665908813e-1
41,2,1.96078431372549017e-1,7.84313725490196068e-2,1.76470588235294101e-1,7.91521549224853516e-1,3.95760774612426758e-1,-6.85817694291472602e-2,-3.42908847145736301e-2,7.90914297103881836e-1,3.95457148551940918e-1
41,3,2.74509803921568651e-1,7.84313725490196068e-2,1.76470588235294101e-1,6.30948722362518311e-1,3.15474361181259155e-1,-5.46685452573001385e-2,-2.73342726286500692e-2,6.30464673042297363e-1,3.15232336521148682e-1
41,4,3.52941176470588203e-1,7.84313725490196068e-2,1.76470588235294101e-1,4.32262748479843140e-1,2.16131374239921570e-1,-3.74534455128013866e-2,-1.87267227564006933e-2,4.31931138038635254e-1,2.15965569019317627e-1
41,5,4.31372549019607865e-1,7.84313725490196068e-2,1.76470588235294101e-1,2.07465440034866333e-1,1.03732720017433167e-1,-1.79758619691711141e-2,-8.98793098458555706e-3,2.07306280732154846e-1,1.03653140366077423e-1
41,6,5.09803921568627416e-1,7.84313725490196068e-2,1.76470588235294101e-1,-2.98640597611665726e-2,-1.49320298805832863e-2,2.58756674593313418e-3,1.29378337296656709e-3,-2.98411492258310318e-2,-1.49205746129155159e-2
41,7,5.88235294117647078e-1,7.84313725490196068e-2,1.76470588235294101e-1,-2.65389591455459595e-1,-1.32694795727729797e-1,2.29946938168723580e-2,1.14973469084361790e-2,-2.65185981988906860e-1,-1.32592990994453430e-1
41,8,6.66666666666666630e-1,7.84313725490196068e-2,1.76470588235294101e-1,-4.84883964061737061e-1,-2.42441982030868530e-1,4.20126593671739101e-2,2.10063296835869551e-2,-4.84511971473693848e-1,-2.42255985736846924e-1
41,9,7.45098039215686292e-1,7.84313725490196068e-2,1.76470588235294101e-1,-6.75088465213775635e-1,-3.37544232606887817e-1,5.84921993315219713e-2,2.92460996657609856e-2,-6.74570560455322266e-1,-3.37285280227661133e-1
41,10,8.23529411764705843e-1,7.84313725490196068e-2,1.76470588235294101e-1,-8.24514091014862061e-1,-4.12257045507431030e-1,7.14336398988962007e-2,3.57168199494481003e-2,-8.23881626129150391e-1,-4.11940813064575195e-1
41,11,9.01960784313725505e-1,7.84313725490196068e-2,1.76470588235294101e-1,-9.24138486385345459e-1,-4.62069243192672729e-1,8.00454217940568952e-2,4.00227108970284476e-2,-9.23429727554321289e-1,-4.61714863777160645e-1
41,12,9.80392156862745057e-1,5.88235294117647189e-2,1.32352941176470618e-1,-9.67957794666290283e-1,-4.83978897333145142e-1,6.28533203154802295e-2,3.14266601577401147e-2,-9.67215776443481445e-1,-4.83607888221740723e-1
42,0,3.92156862745098034e-2,7.84313725490196068e-2,1.76470588235294101e-1,9.61679220199584961e-1,4.80839610099792480e-1,-8.33251113072037697e-2,-4.16625556536018848e-2,9.60941433906555176e-1,4.80470716953277588e-1
42,1,1.17647058823529410e-1,7.84313725490196068e-2,1.76470588235294101e-1,9.03587639331817627e-1,4.51793819665908813e-1,-7.82907139509916306e-2,-3.91453569754958153e-2,9.02894437313079834e-1,4.51447218656539917e-1
42,2,1.96078431372549017e-1,7.84313725490196068e-2,1.76470588235294101e-1,7.90914297103881836e-1,3.95457148551940918e-1,-6.85291042551398333e-2,-3.42645521275699166e-2,7.90307521820068359e-1,3.95153760910034180e-1
42,3,2.74509803921568651e-1,7.84313725490196068e-2,1.76470588235294101e-1,6.30464673042297363e-1,3.15232336521148682e-1,-5.46266097575426046e-2,-2.73133048787713023e-2,6.29980981349945068e-1,3.14990490674972534e-1
42,4,3.52941176470588203e-1,7.84313725490196068e-2,1.76470588235294101e-1,4.31931138038635254e-1,2.15965569019317627e-1,-3.74247404281050078e-2,-1.87123702140525039e-2,4.31599766016006470e-1,2.15799883008003235e-1
42,5,4.31372549019607865e-1,7.84313725490196068e-2,1.76470588235294101e-1,2.07306280732154846e-1,1.03653140366077423e-1,-1.79620651470031589e-2,-8.98103257350157946e-3,2.07147240638732910e-1,1.03573620319366455e-1
42,6,5.09803921568627416e-1,7.84313725490196068e-2,1.76470588235294101e-1,-2.98411492258310318e-2,-1.49205746129155159e-2,2.58560035144911327e-3,1.29280017572455663e-3,-2.98182554543018341e-2,-1.49091277271509171e-2
42,7,5.88235294117647078e-1,7.84313725490196068e-2,1.76470588235294101e-1,-2.65185981988906860e-1,-1.32592990994453430e-1,2.29770283272955900e-2,1.14885141636477950e-2,-2.64982551336288452e-1,-1.32491275668144226e-1
42,8,6.66666666666666630e-1,7.84313725490196068e-2,1.76470588235294101e-1,-4.84511971473693848e-1,-2.42255985736846924e-1,4.19804275967180507e-2,2.09902137983590253e-2,-4.84140276908874512e-1,-2.42070138454437256e-1
42,9,7.45098039215686292e-1,7.84313725490196068e-2,1.76470588235294101e-1,-6.74570560455322266e-1,-3.37285280227661133e-1,5.84472287446260452e-2,2.92236143723130226e-2,-6.74053072929382324e-1,-3.37026536464691162e-1
42,10,8.23529411764705843e-1,7.84313725490196068e-2,1.76470588235294101e-1,-8.23881626129150391e-1,-4.11940813064575195e-1,7.13787518441676982e-2,3.56893759220838491e-2,-8.23249638080596924e-1,-4.11624819040298462e-1
42,11,9.01960784313725505e-1,7.84313725490196068e-2,1.76470588235294101e-1,-9.23429727554321289e-1,-4.61714863777160645e-1,7.99836941063404167e-2,3.99918470531702083e-2,-9.22721564769744873e-1,-4.61360782384872437e-1
42,12,9.80392156862745057e-1,5.88235294117647189e-2,1.32352941176470618e-1,-9.67215776443481445e-1,-4.83607888221740723e-1,6.28056138753890908e-2,3.14028069376945454e-2,-9.66474294662475586e-1,-4.83237147331237793e-1
43,0,3.92156862745098034e-2,7.84313725490196068e-2,1.76470588235294101e-1,9.60941433906555176e-1,4.80470716953277588e-1,-8.32611607387661878e-2,-4.16305803693830939e-2,9.60204243659973145e-1,4.80102121829986572e-1
43,1,1.17647058823529410e-1,7.84313725490196068e-2,1.76470588235294101e-1,9.02894437313079834e-1,4.51447218656539917e-1,-7.82306961715221461e-2,-3.91153480857610730e-2,9.02201771736145020e-1,4.51100885868072510e-1
43,2,1.96078431372549017e-1,7.84313725490196068e-2,1.76470588235294101e-1,7.90307521820068359e-1,3.95153760910034180e-1,-6.84765245765447672e-2,-3.42382622882723836e-2,7.89701223373413086e-1,3.94850611686706543e-1
43,3,2.74509803921568651e-1,7.84313725490196068e-2,1.76470588235294101e-1,6.29980981349945068e-1,3.14990490674972534e-1,-5.45846742577850430e-2,-2.72923371288925215e-2,6.29497706890106201e-1,3.14748853445053101e-1
43,4,3.52941176470588203e-1,7.84313725490196068e-2,1.76470588235294101e-1,4.31599766016006470e-1,2.15799883008003235e-1,-3.73960353434086290e-2,-1.86980176717043145e-2,4.31268662214279175e-1,2.15634331107139587e-1
43,5,4.31372549019607865e-1,7.84313725490196068e-2,1.76470588235294101e-1,2.07147240638732910e-1,1.03573620319366455e-1,-1.79482923704199493e-2,-8.97414618520997465e-3,2.06988319754600525e-1,1.03494159877300262e-1
43,6,5.09803921568627416e-1,7.84313725490196068e-2,1.76470588235294101e-1,-2.98182554543018341e-2,-1.49091277271509171e-2,2.58359655272216715e-3,1.29179827636108358e-3,-2.97953803092241287e-2,-1.48976901546120644e-2
43,7,5.88235294117647078e-1,7.84313725490196068e-2,1.76470588235294101e-1,-2.64982551336288452e-1,-1.32491275668144226e-1,2.29594242875464372e-2,1.14797121437732186e-2,-2.64779269695281982e-1,-1.32389634847640991e-1
43,8,6.66666666666666630e-1,7.84313725490196068e-2,1.76470588235294101e-1,-4.84140276908874512e-1,-2.42070138454437256e-1,4.19481958262622467e-2,2.09740979131311234e-2,-4.83768850564956665e-1,-2.41884425282478333e-1
43,9,7.45098039215686292e-1,7.84313725490196068e-2,1.76470588235294101e-1,-6.74053072929382324e-1,-3.37026536464691162e-1,5.84023436531424245e-2,2.92011718265712122e-2,-6.73535943031311035e-1,-3.36767971515655518e-1
43,10,8.23529411764705843e-1,7.84313725490196068e-2,1.76470588235294101e-1,-8.23249638080596924e-1,-4.11624819040298462e-1,7.13237782940268628e-2,3.56618891470134314e-2,-8.22618126869201660e-1,-4.11309063434600830e-1
43,11,9.01960784313725505e-1,7.84313725490196068e-2,1.76470588235294101e-1,-9.22721564769744873e-1,-4.61360782384872437e-1,7.99222229048609650e-2,3.99611114524304825e-2,-9.22013938426971436e-1,-4.61006969213485718e-1
43,12,9.80392156862745057e-1,5.88235294117647189e-2,1.32352941176470618e-1,-9.66474294662475586e-1,-4.83237147331237793e-1,6.27578219398856191e-2,3.13789109699428095e-2,-9.65733408927917480e-1,-4.82866704463958740e-1
44,0,3.92156862745098034e-2,7.84313725490196068e-2,1.76470588235294101e-1,9.60204243659973145e-1,4.80102121829986572e-1,-8.31972956657409668e-2,-4.15986478328704834e-2,9.59467589855194092e-1,4.79733794927597046e-1
44,1,1.17647058823529410e-1,7.84313725490196068e-2,1.76470588235294101e-1,9.02201771736145020e-1,4.51100885868072510e-1,-7.81706783920526338e-2,-3.90853391960263169e-2,9.01509642601013184e-1,4.50754821300506592e-1
44,2,1.96078431372549017e-1,7.84313725490196068e-2,1.76470588235294101e-1,7.89701223373413086e-1,3.94850611686706543e-1,-6.84239448979497011e-2,-3.42119724489748506e-2,7.89095401763916016e-1,3.94547700881958008e-1
44,3,2.74509803921568651e-1,7.84313725490196068e-2,1.76470588235294101e-1,6.29497706890106201e-1,3.14748853445053101e-1,-5.45428670011460781e-2,-2.72714335005730391e-2,6.29014790058135986e-1,3.14507395029067993e-1
44,4,3.52941176470588203e-1,7.84313725490196068e-2,1.76470588235294101e-1,4.31268662214279175e-1,2.15634331107139587e-1,-3.73673302587121947e-2,-1.86836651293560974e-2,4.30937796831130981e-1,2.15468898415565491e-1
44,5,4.31372549019607865e-1,7.84313725490196068e-2,1.76470588235294101e-1,2.06988319754600525e-1,1.03494159877300262e-1,-1.79345035634468908e-2,-8.96725178172344539e-3,2.06829518079757690e-1,1.03414759039878845e-1
44,6,5.09803921568627416e-1,7.84313725490196068e-2,1.76470588235294101e-1,-2.97953803092241287e-2,-1.48976901546120644e-2,2.58160344092173144e-3,1.29080172046086572e-3,-2.97725219279527664e-2,-1.48862609639763832e-2
44,7,5.88235294117647078e-1,7.84313725490196068e-2,1.76470588235294101e-1,-2.64779269695281982e-1,-1.32389634847640991e-1,2.29418362781871332e-2,1.14709181390935666e-2,-2.64576137065887451e-1,-1.32288068532943726e-1
44,8,6.66666666666666630e-1,7.84313725490196068e-2,1.76470588235294101e-1,-4.83768850564956665e-1,-2.41884425282478333e-1,4.19160068035125399e-2,2.09580034017562700e-2,-4.83397722244262695e-1,-2.41698861122131348e-1
44,9,7.45098039215686292e-1,7.84313725490196068e-2,1.76470588235294101e-1,-6.73535943031311035e-1,-3.36767971515655518e-1,5.83574158139527066e-2,2.91787079069763533e-2,-6.73019230365753174e-1,-3.36509615182876587e-1
44,10,8.23529411764705843e-1,7.84313725490196068e-2,1.76470588235294101e-1,-8.22618126869201660e-1,-4.11309063434600830e-1,7.12688902392983326e-2,3.56344451196491663e-2,-8.21987092494964600e-1,-4.10993546247482300e-1
44,11,9.01960784313725505e-1,7.84313725490196068e-2,1.76470588235294101e-1,-9.22013938426971436e-1,-4.61006969213485718e-1,7.98607517033815412e-2,3.99303758516907706e-2,-9.21306848526000977e-1,-4.60653424263000488e-1
44,12,9.80392156862745057e-1,5.88235294117647189e-2,1.32352941176470618e-1,-9.65733408927917480e-1,-4.82866704463958740e-1,6.27101154997944804e-2,3.13550577498972402e-2,-9.64993059635162354e-1,-4.82496529817581177e-1
45,0,3.92156862745098034e-2,7.84313725490196068e-2,1.76470588235294101e-1,9.59467589855194092e-1,4.79733794927597046e-1,-8.31334305927157319e-2,-4.15667152963578659e-2,9.58731532096862793e-1,4.79365766048431396e-1
45,1,1.17647058823529410e-1,7.84313725490196068e-2,1.76470588235294101e-1,9.01509642601013184e-1,4.50754821300506592e-1,-7.81107461079955240e-2,-3.90553730539977620e-2,9.00818049907684326e-1,4.50409024953842163e-1
45,2,1.96078431372549017e-1,7.84313725490196068e-2,1.76470588235294101e-1,7.89095401763916016e-1,3.94547700881958008e-1,-6.83714507147669681e-2,-3.41857253573834841e-2,7.88490056991577148e-1,3.94245028495788574e-1
45,3,2.74509803921568651e-1,7.84313725490196068e-2,1.76470588235294101e-1,6.29014790058135986e-1,3.14507395029067993e-1,-5.45010597445070577e-2,-2.72505298722535289e-2,6.28532230854034424e-1,3.14266115427017212e-1
45,4,3.52941176470588203e-1,7.84313725490196068e-2,1.76470588235294101e-1,4.30937796831130981e-1,2.15468898415565491e-1,-3.73386251740157604e-2,-1.86693125870078802e-2,4.30607199668884277e-1,2.15303599834442139e-1
45,5,4.31372549019607865e-1,7.84313725490196068e-2,1.76470588235294101e-1,2.06829518079757690e-1,1.03414759039878845e-1,-1.79207388020586333e-2,-8.96036940102931667e-3,2.06670850515365601e-1,1.03335425257682800e-1
45,6,5.09803921568627416e-1,7.84313725490196068e-2,1.76470588235294101e-1,-2.97725219279527664e-2,-1.48862609639763832e-2,2.57961567258463420e-3,1.28980783629231710e-3,-2.97496821731328964e-2,-1.48748410865664482e-2
45,7,5.88235294117647078e-1,7.84313725490196068e-2,1.76470588235294101e-1,-2.64576137065887451e-1,-1.32288068532943726e-1,2.29242242232430837e-2,1.14621121116215419e-2,-2.64373153448104858e-1,-1.32186576724052429e-1
45,8,6.66666666666666630e-1,7.84313725490196068e-2,1.76470588235294101e-1,-4.83397722244262695e-1,-2.41698861122131348e-1,4.18838605284690413e-2,2.09419302642345206e-2,-4.83026862144470215e-1,-2.41513431072235107e-1
45,9,7.45098039215686292e-1,7.84313725490196068e-2,1.76470588235294101e-1,-6.73019230365753174e-1,-3.36509615182876587e-1,5.83125734701752940e-2,2.91562867350876470e-2,-6.72502934932708740e-1,-3.36251467466354370e-1
45,10,8.23529411764705843e-1,7.84313725490196068e-2,1.76470588235294101e-1,-8.21987092494964600e-1,-4.10993546247482300e-1,7.12140021845698301e-2,3.56070010922849151e-2,-8.21356534957885742e-1,-4.10678267478942871e-1
45,11,9.01960784313725505e-1,7.84313725490196068e-2,1.76470588235294101e-1,-9.21306848526000977e-1,-4.60653424263000488e-1,7.97993659973144503e-2,3.98996829986572252e-2,-9.20600295066833496e-1,-4.60300147533416748e-1
45,12,9.80392156862745057e-1,5.88235294117647189e-2,1.32352941176470618e-1,-9.64993059635162354e-1,-4.82496529817581177e-1,6.26624090597033417e-2,3.13312045298516709e-2,-9.64253306388854980e-1,-4.82126653194427490e-1
46,0,3.92156862745098034e-2,7.84313725490196068e-2,1.76470588235294101e-1,9.58731532096862793e-1,4.79365766048431396e-1,-8.30696510151028578e-2,-4.15348255075514289e-2,9.57996010780334473e-1,4.78998005390167236e-1
46,1,1.17647058823529410e-1,7.84313725490196068e-2,1.76470588235294101e-1,9.00818049907684326e-1,4.50409024953842163e-1,-7.80508138239383586e-2,-3.90254069119691793e-2,9.00126993656158447e-1,4.50063496828079224e-1
46,2,1.96078431372549017e-1,7.84313725490196068e-2,1.76470588235294101e-1,7.88490056991577148e-1,3.94245028495788574e-1,-6.83190420269966237e-2,-3.41595210134983118e-2,7.87885129451751709e-1,3.93942564725875854e-1
46,3,2.74509803921568651e-1,7.84313725490196068e-2,1.76470588235294101e-1,6.28532230854034424e-1,3.14266115427017212e-1,-5.44592097401619124e-2,-2.72296048700809562e-2,6.28050029277801514e-1,3.14025014638900757e-1
46,4,3.52941176470588203e-1,7.84313725490196068e-2,1.76470588235294101e-1,4.30607199668884277e-1,2.15303599834442139e-1,-3.73099842108786106e-2,-1.86549921054393053e-2,4.30276840925216675e-1,2.15138420462608337e-1
46,5,4.31372549019607865e-1,7.84313725490196068e-2,1.76470588235294101e-1,2.06670850515365601e-1,1.03335425257682800e-1,-1.79070007579866797e-2,-8.95350037899333984e-3,2.06512302160263062e-1,1.03256151080131531e-1
46,6,5.09803921568627416e-1,7.84313725490196068e-2,1.76470588235294101e-1,-2.97496821731328964e-2,-1.48748410865664482e-2,2.57765996502712369e-3,1.28882998251356184e-3,-2.97268591821193695e-2,-1.48634295910596848e-2
46,7,5.88235294117647078e-1,7.84313725490196068e-2,1.76470588235294101e-1,-2.64373153448104858e-1,-1.32186576724052429e-1,2.29066281986888831e-2,1.14533140993444416e-2,-2.64170348644256592e-1,-1.32085174322128296e-1
46,8,6.66666666666666630e-1,7.84313725490196068e-2,1.76470588235294101e-1,-4.83026862144470215e-1,-2.41513431072235107e-1,4.18516715057193900e-2,2.09258357528596950e-2,-4.82656300067901611e-1,-2.41328150033950806e-1
46,9,7.45098039215686292e-1,7.84313725490196068e-2,1.76470588235294101e-1,-6.72502934932708740e-1,-3.36251467466354370e-1,5.82678593695163949e-2,2.91339296847581974e-2,-6.71986997127532959e-1,-3.35993498563766479e-1
46,10,8.23529411764705843e-1,7.84313725490196068e-2,1.76470588235294101e-1,-8.21356534957885742e-1,-4.10678267478942871e-1,7.11591141298413277e-2,3.55795570649206638e-2,-8.20726454257965088e-1,-4.10363227128982544e-1
46,11,9.01960784313725505e-1,7.84313725490196068e-2,1.76470588235294101e-1,-9.20600295066833496e-1,-4.60300147533416748e-1,7.97379802912473595e-2,3.98689901456236798e-2,-9.19894278049468994e-1,-4.59947139024734497e-1
46,12,9.80392156862745057e-1,5.88235294117647189e-2,1.32352941176470618e-1,-9.64253306388854980e-1,-4.82126653194427490e-1,6.26147881150245639e-2,3.13073940575122819e-2,-9.63514089584350586e-1,-4.81757044792175293e-1
47,0,3.92156862745098034e-2,7.84313725490196068e-2,1.76470588235294101e-1,9.57996010780334473e-1,4.78998005390167236e-1,-8.30058714374899836e-2,-4.15029357187449918e-2,9.57261085510253906e-1,4.78630542755126953e-1
47,1,1.17647058823529410e-1,7.84313725490196068e-2,1.76470588235294101e-1,9.00126993656158447e-1,4.50063496828079224e-1,-7.79910525307059149e-2,-3.89955262653529575e-2,8.99436473846435547e-1,4.49718236923217773e-1
47,2,1.96078431372549017e-1,7.84313725490196068e-2,1.76470588235294101e-1,7.87885129451751709e-1,3.93942564725875854e-1,-6.82665478438139184e-2,-3.41332739219069592e-2,7.87280678749084473e-1,3.93640339374542236e-1
47,3,2.74509803921568651e-1,7.84313725490196068e-2,1.76470588235294101e-1,6.28050029277801514e-1,3.14025014638900757e-1,-5.44174452312290724e-2,-2.72087226156145362e-2,6.27568185329437256e-1,3.13784092664718628e-1
47,4,3.52941176470588203e-1,7.84313725490196068e-2,1.76470588235294101e-1,4.30276840925216675e-1,2.15138420462608337e-1,-3.72813432477414608e-2,-1.86406716238707304e-2,4.29946750402450562e-1,2.14973375201225281e-1
47,5,4.31372549019607865e-1,7.84313725490196068e-2,1.76470588235294101e-1,2.06512302160263062e-1,1.03256151080131531e-1,-1.78932867594994160e-2,-8.94664337974970802e-3,2.06353873014450073e-1,1.03176936507225037e-1
47,6,5.09803921568627416e-1,7.84313725490196068e-2,1.76470588235294101e-1,-2.97268591821193695e-2,-1.48634295910596848e-2,2.57566685322668798e-3,1.28783342661334399e-3,-2.97040529549121857e-2,-1.48520264774560928e-2
47,7,5.88235294117647078e-1,7.84313725490196068e-2,1.76470588235294101e-1,-2.64170348644256592e-1,-1.32085174322128296e-1,2.28890936239622422e-2,1.14445468119811211e-2,-2.63967692852020264e-1,-1.31983846426010132e-1
47,8,6.66666666666666630e-1,7.84313725490196068e-2,1.76470588235294101e-1,-4.82656300067901611e-1,-2.41328150033950806e-1,4.18195679783821550e-2,2.09097839891910775e-2,-4.82286036014556885e-1,-2.41143018007278442e-1
47,9,7.45098039215686292e-1,7.84313725490196068e-2,1.76470588235294101e-1,-6.71986997127532959e-1,-3.35993498563766479e-1,5.82230597734451072e-2,2.91115298867225536e-2,-6.71471476554870605e-1,-3.35735738277435303e-1
47,10,8.23529411764705843e-1,7.84313725490196068e-2,1.76470588235294101e-1,-8.20726454257965088e-1,-4.10363227128982544e-1,7.11043115705251583e-2,3.55521557852625791e-2,-8.20096909999847412e-1,-4.10048454999923706e-1
47,11,9.01960784313725505e-1,7.84313725490196068e-2,1.76470588235294101e-1,-9.19894278049468994e-1,-4.59947139024734497e-1,7.96766800805926295e-2,3.98383400402963148e-2,-9.19188797473907471e-1,-4.59594398736953735e-1
47,12,9.80392156862745057e-1,5.88235294117647189e-2,1.32352941176470618e-1,-9.63514089584350586e-1,-4.81757044792175293e-1,6.25671671703457860e-2,3.12835835851728930e-2,-9.62775468826293945e-1,-4.81387734413146973e-1
48,0,3.92156862745098034e-2,7.84313725490196068e-2,1.76470588235294101e-1,9.57261085510253906e-1,4.78630542755126953e-1,-8.29421773552894565e-2,-4.14710886776447282e-2,9.56526696681976318e-1,4.78263348340988159e-1
48,1,1.17647058823529410e-1,7.84313725490196068e-2,1.76470588235294101e-1,8.99436473846435547e-1,4.49718236923217773e-1,-7.79312912374734851e-2,-3.89656456187367425e-2,8.98746430873870850e-1,4.49373215436935425e-1
48,2,1.96078431372549017e-1,7.84313725490196068e-2,1.76470588235294101e-1,7.87280678749084473e-1,3.93640339374542236e-1,-6.82141391560435184e-2,-3.41070695780217592e-2,7.86676704883575439e-1,3.93338352441787720e-1
48,3,2.74509803921568651e-1,7.84313725490196068e-2,1.76470588235294101e-1,6.27568185329437256e-1,3.13784092664718628e-1,-5.43756379745900797e-2,-2.71878189872950399e-2,6.27086758613586426e-1,3.13543379306793213e-1
48,4,3.52941176470588203e-1,7.84313725490196068e-2,1.76470588235294101e-1,4.29946750402450562e-1,2.14973375201225281e-1,-3.72527877800166718e-2,-1.86263938900083359e-2,4.29616898298263550e-1,2.14808449149131775e-1
48,5,4.31372549019607865e-1,7.84313725490196068e-2,1.76470588235294101e-1,2.06353873014450073e-1,1.03176936507225037e-1,-1.78795540588907453e-2,-8.93977702944537267e-3,2.06195563077926636e-1,1.03097781538963318e-1
48,6,5.09803921568627416e-1,7.84313725490196068e-2,1.76470588235294101e-1,-2.97040529549121857e-2,-1.48520264774560928e-2,2.57367908488959074e-3,1.28683954244479537e-3,-2.96812653541564941e-2,-1.48406326770782471e-2
48,7,5.88235294117647078e-1,7.84313725490196068e-2,1.76470588235294101e-1,-2.63967692852020264e-1,-1.31983846426010132e-1,2.28715350036509113e-2,1.14357675018254556e-2,-2.63765186071395874e-1,-1.31882593035697937e-1
48,8,6.66666666666666630e-1,7.84313725490196068e-2,1.76470588235294101e-1,-4.82286036014556885e-1,-2.41143018007278442e-1,4.17875071987509616e-2,2.08937535993754808e-2,-4.81916040182113647e-1,-2.40958020091056824e-1
48,9,7.45098039215686292e-1,7.84313725490196068e-2,1.76470588235294101e-1,-6.71471476554870605e-1,-3.35735738277435303e-1,5.81782601773739028e-2,2.90891300886869514e-2,-6.70956373214721680e-1,-3.35478186607360840e-1
48,10,8.23529411764705843e-1,7.84313725490196068e-2,1.76470588235294101e-1,-8.20096909999847412e-1,-4.10048454999923706e-1,7.10496800020337105e-2,3.55248400010168552e-2,-8.19467842578887939e-1,-4.09733921289443970e-1
48,11,9.01960784313725505e-1,7.84313725490196068e-2,1.76470588235294101e-1,-9.19188797473907471e-1,-4.59594398736953735e-1,7.96152943745255387e-2,3.98076471872627694e-2,-9.18483853340148926e-1,-4.59241926670074463e-1
48,12,9.80392156862745057e-1,5.88235294117647189e-2,1.32352941176470618e-1,-9.62775468826293945e-1,-4.81387734413146973e-1,6.25196317210793412e-2,3.12598158605396706e-2,-9.62037384510040283e-1,-4.81018692255020142e-1
49,0,3.92156862745098034e-2,7.84313725490196068e-2,1.76470588235294101e-1,9.56526696681976318e-1,4.78263348340988159e-1,-8.28785687685012762e-2,-4.14392843842506381e-2,9.55792903900146484e-1,4.77896451950073242e-1
49,1,1.17647058823529410e-1,7.84313725490196068e-2,1.76470588235294101e-1,8.98746430873870850e-1,4.49373215436935425e-1,-7.78714444488287083e-2,-3.89357222244143542e-2,8.98056924343109131e-1,4.49028462171554565e-1
49,2,1.96078431372549017e-1,7.84313725490196068e-2,1.76470588235294101e-1,7.86676704883575439e-1,3.93338352441787720e-1,-6.81618159636855070e-2,-3.40809079818427535e-2,7.86073207855224609e-1,3.93036603927612305e-1
49,3,2.74509803921568651e-1,7.84313725490196068e-2,1.76470588235294101e-1,6.27086758613586426e-1,3.13543379306793213e-1,-5.43340017087757254e-2,-2.71670008543878627e-2,6.26605689525604248e-1,3.13302844762802124e-1
49,4,3.52941176470588203e-1,7.84313725490196068e-2,1.76470588235294101e-1,4.29616898298263550e-1,2.14808449149131775e-1,-3.72241468168795220e-2,-1.86120734084397610e-2,4.29287314414978027e-1,2.14643657207489014e-1
49,5,4.31372549019607865e-1,7.84313725490196068e-2,1.76470588235294101e-1,2.06195563077926636e-1,1.03097781538963318e-1,-1.78658480755984894e-2,-8.93292403779924471e-3,2.06037372350692749e-1,1.03018686175346375e-1
49,6,5.09803921568627416e-1,7.84313725490196068e-2,1.76470588235294101e-1,-2.96812653541564941e-2,-1.48406326770782471e-2,2.57170200347900391e-3,1.28585100173950195e-3,-2.96584945172071457e-2,-1.48292472586035728e-2
49,7,5.88235294117647078e-1,7.84313725490196068e-2,1.76470588235294101e-1,-2.63765186071395874e-1,-1.31882593035697937e-1,2.28539924137294292e-2,1.14269962068647146e-2,-2.63562828302383423e-1,-1.31781414151191711e-1
49,8,6.66666666666666630e-1,7.84313725490196068e-2,1.76470588235294101e-1,-4.81916040182113647e-1,-2.40958020091056824e-1,4.17554036714136712e-2,2.08777018357068356e-2,-4.81546342372894287e-1,-2.40773171186447144e-1
49,9,7.45098039215686292e-1,7.84313725490196068e-2,1.76470588235294101e-1,-6.70956373214721680e-1,-3.35478186607360840e-1,5.81335888244211563e-2,2.90667944122105781e-2,-6.70441627502441406e-1,-3.35220813751220703e-1
49,10,8.23529411764705843e-1,7.84313725490196068e-2,1.76470588235294101e-1,-8.19467842578887939e-1,-4.09733921289443970e-1,7.09950484335422349e-2,3.54975242167711175e-2,-8.18839251995086670e-1,-4.09419625997543335e-1
49,11,9.01960784313725505e-1,7.84313725490196068e-2,1.76470588235294101e-1,-9.18483853340148926e-1,-4.59241926670074463e-1,7.95539941638708226e-2,3.97769970819354113e-2,-9.17779445648193359e-1,-4.58889722824096680e-1
49,12,9.80392156862745057e-1,5.88235294117647189e-2,1.32352941176470618e-1,-9.62037384510040283e-1,-4.81018692255020142e-1,6.24720962718129172e-2,3.12360481359064586e-2,-9.61299896240234375e-1,-4.80649948120117188e-1
50,0,3.92156862745098034e-2,7.84313725490196068e-2,1.76470588235294101e-1,9.55792903900146484e-1,4.77896451950073242e-1,-8.28150456771254567e-2,-4.14075228385627284e-2,9.55059647560119629e-1,4.77529823780059814e-1
50,1,1.17647058823529410e-1,7.84313725490196068e-2,1.76470588235294101e-1,8.98056924343109131e-1,4.49028462171554565e-1,-7.78115976601839038e-2,-3.89057988300919519e-2,8.97367954254150391e-1,4.48683977127075195e-1
50,2,1.96078431372549017e-1,7.84313725490196068e-2,1.76470588235294101e-1,7.86073207855224609e-1,3.93036603927612305e-1,-6.81095782667398286e-2,-3.40547891333699143e-2,7.85470128059387207e-1,3.92735064029693604e-1
50,3,2.74509803921568651e-1,7.84313725490196068e-2,1.76470588235294101e-1,6.26605689525604248e-1,3.13302844762802124e-1,-5.42923226952552740e-2,-2.71461613476276370e-2,6.26124978065490723e-1,3.13062489032745361e-1
50,4,3.52941176470588203e-1,7.84313725490196068e-2,1.76470588235294101e-1,4.29287314414978027e-1,2.14643657207489014e-1,-3.71955913491547330e-2,-1.85977956745773665e-2,4.28957968950271606e-1,2.14478984475135803e-1
50,5,4.31372549019607865e-1,7.84313725490196068e-2,1.76470588235294101e-1,2.06037372350692749e-1,1.03018686175346375e-1,-1.78521233901847154e-2,-8.92606169509235770e-3,2.05879300832748413e-1,1.02939650416374207e-1
50,6,5.09803921568627416e-1,7.84313725490196068e-2,1.76470588235294101e-1,-2.96584945172071457e-2,-1.48292472586035728e-2,2.56973026553170003e-3,1.28486513276585002e-3,-2.96357423067092896e-2,-1.48178711533546448e-2
50,7,5.88235294117647078e-1,7.84313725490196068e-2,1.76470588235294101e-1,-2.63562828302383423e-1,-1.31781414151191711e-1,2.28364257782232016e-2,1.14182128891116008e-2,-2.63360619544982910e-1,-1.31680309772491455e-1
50,8,6.66666666666666630e-1,7.84313725490196068e-2,1.76470588235294101e-1,-4.81546342372894287e-1,-2.40773171186447144e-1,4.17234283871948941e-2,2.08617141935974471e-2,-4.81176912784576416e-1,-2.40588456392288208e-1
50,9,7.45098039215686292e-1,7.84313725490196068e-2,1.76470588235294101e-1,-6.70441627502441406e-1,-3.35220813751220703e-1,5.80888319760560767e-2,2.90444159880280384e-2,-6.69927299022674561e-1,-3.34963649511337280e-1
50,10,8.23529411764705843e-1,7.84313725490196068e-2,1.76470588235294101e-1,-8.18839251995086670e-1,-4.09419625997543335e-1,7.09405023604631479e-2,3.54702511802315740e-2,-8.18211138248443604e-1,-4.09105569124221802e-1
50,11,9.01960784313725505e-1,7.84313725490196068e-2,1.76470588235294101e-1,-9.17779445648193359e-1,-4.58889722824096680e-1,7.94926939532160648e-2,3.97463469766080324e-2,-9.17075574398040771e-1,-4.58537787199020386e-1
50,12,9.80392156862745057e-1,5.88235294117647189e-2,1.32352941176470618e-1,-9.61299896240234375e-1,-4.80649948120117188e-1,6.24246463179588332e-2,3.12123231589794166e-2,-9.60562944412231445e-1,-4.80281472206115723e-1
51,0,3.92156862745098034e-2,7.84313725490196068e-2,1.76470588235294101e-1,9.55059647560119629e-1,4.77529823780059814e-1,-8.27515225857496234e-2,-4.13757612928748117e-2,9.54326927661895752e-1,4.77163463830947876e-1
51,1,1.17647058823529410e-1,7.84313725490196068e-2,1.76470588235294101e-1,8.97367954254150391e-1,4.48683977127075195e-1,-7.77519218623638070e-2,-3.88759609311819035e-2,8.96679520606994629e-1,4.48339760303497314e-1
51,2,1.96078431372549017e-1,7.84313725490196068e-2,1.76470588235294101e-1,7.85470128059387207e-1,3.92735064029693604e-1,-6.80572550743818450e-2,-3.40286275371909225e-2,7.84867525100708008e-1,3.92433762550354004e-1
51,3,2.74509803921568651e-1,7.84313725490196068e-2,1.76470588235294101e-1,6.26124978065490723e-1,3.13062489032745361e-1,-5.42507291771471556e-2,-2.71253645885735778e-2,6.25644624233245850e-1,3.12822312116622925e-1
51,4,3.52941176470588203e-1,7.84313725490196068e-2,1.76470588235294101e-1,4.28957968950271606e-1,2.14478984475135803e-1,-3.71670358814298885e-2,-1.85835179407149442e-2,4.28628891706466675e-1,2.14314445853233337e-1
51,5,4.31372549019607865e-1,7.84313725490196068e-2,1.76470588235294101e-1,2.05879300832748413e-1,1.02939650416374207e-1,-1.78384254220873006e-2,-8.91921271104365032e-3,2.05721363425254822e-1,1.02860681712627411e-1
51,6,5.09803921568627416e-1,7.84313725490196068e-2,1.76470588235294101e-1,-2.96357423067092896e-2,-1.48178711533546448e-2,2.56776921451090656e-3,1.28388460725545328e-3,-2.96130068600177765e-2,-1.48065034300088882e-2
51,7,5.88235294117647078e-1,7.84313725490196068e-2,1.76470588235294101e-1,-2.63360619544982910e-1,-1.31680309772491455e-1,2.28188751731067674e-2,1.14094375865533837e-2,-2.63158589601516724e-1,-1.31579294800758362e-1
51,8,6.66666666666666630e-1,7.84313725490196068e-2,1.76470588235294101e-1,-4.81176912784576416e-1,-2.40588456392288208e-1,4.16914103552699089e-2,2.08457051776349545e-2,-4.80807781219482422e-1,-2.40403890609741211e-1
51,9,7.45098039215686292e-1,7.84313725490196068e-2,1.76470588235294101e-1,-6.69927299022674561e-1,-3.34963649511337280e-1,5.80442033708095662e-2,2.90221016854047831e-2,-6.69413387775421143e-1,-3.34706693887710571e-1
51,10,8.23529411764705843e-1,7.84313725490196068e-2,1.76470588235294101e-1,-8.18211138248443604e-1,-4.09105569124221802e-1,7.08859562873840332e-2,3.54429781436920166e-2,-8.17583501338958740e-1,-4.08791750669479370e-1
51,11,9.01960784313725505e-1,7.84313725490196068e-2,1.76470588235294101e-1,-9.17075574398040771e-1,-4.58537787199020386e-1,7.94314792379736956e-2,3.97157396189868478e-2,-9.16372299194335938e-1,-4.58186149597167969e-1
51,12,9.80392156862745057e-1,5.88235294117647189e-2,1.32352941176470618e-1,-9.60562944412231445e-1,-4.80281472206115723e-1,6.23771963641047492e-2,3.11885981820523746e-2,-9.59826529026031494e-1,-4.79913264513015747e-1
52,0,3.92156862745098034e-2,7.84313725490196068e-2,1.76470588235294101e-1,9.54326927661895752e-1,4.77163463830947876e-1,-8.26879994943737900e-2,-4.13439997471868950e-2,9.53594803810119629e-1,4.76797401905059814e-1
52,1,1.17647058823529410e-1,7.84313725490196068e-2,1.76470588235294101e-1,8.96679520606994629e-1,4.48339760303497314e-1,-7.76923315599560710e-2,-3.88461657799780355e-2,8.95991623401641846e-1,4.47995811700820923e-1
52,2,1.96078431372549017e-1,7.84313725490196068e-2,1.76470588235294101e-1,7.84867525100708008e-1,3.92433762550354004e-1,-6.80050173774361666e-2,-3.40025086887180833e-2,7.84265398979187012e-1,3.92132699489593506e-1
52,3,2.74509803921568651e-1,7.84313725490196068e-2,1.76470588235294101e-1,6.25644624233245850e-1,3.12822312116622925e-1,-5.42090929113328290e-2,-2.71045464556664145e-2,6.25164628028869629e-1,3.12582314014434814e-1
52,4,3.52941176470588203e-1,7.84313725490196068e-2,1.76470588235294101e-1,4.28628891706466675e-1,2.14314445853233337e-1,-3.71385445352643839e-2,-1.85692722676321920e-2,4.28300052881240845e-1,2.14150026440620422e-1
52,5,4.31372549019607865e-1,7.84313725490196068e-2,1.76470588235294101e-1,2.05721363425254822e-1,1.02860681712627411e-1,-1.78247514995746315e-2,-8.91237574978731573e-3,2.05563545227050781e-1,1.02781772613525391e-1
52,6,5.09803921568627416e-1,7.84313725490196068e-2,1.76470588235294101e-1,-2.96130068600177765e-2,-1.48065034300088882e-2,2.56579213310031973e-3,1.28289606655015986e-3,-2.95902881771326065e-2,-1.47951440885663033e-2
52,7,5.88235294117647078e-1,7.84313725490196068e-2,1.76470588235294101e-1,-2.63158589601516724e-1,-1.31579294800758362e-1,2.28013860178180039e-2,1.14006930089090019e-2,-2.62956708669662476e-1,-1.31478354334831238e-1
52,8,6.66666666666666630e-1,7.84313725490196068e-2,1.76470588235294101e-1,-4.80807781219482422e-1,-2.40403890609741211e-1,4.16593923233449792e-2,2.08296961616724896e-2,-4.80438917875289917e-1,-2.40219458937644958e-1
52,9,7.45098039215686292e-1,7.84313725490196068e-2,1.76470588235294101e-1,-6.69413387775421143e-1,-3.34706693887710571e-1,5.79996602609753331e-2,2.89998301304876666e-2,-6.68899834156036377e-1,-3.34449917078018188e-1
52,10,8.23529411764705843e-1,7.84313725490196068e-2,1.76470588235294101e-1,-8.17583501338958740e-1,-4.08791750669479370e-1,7.08313247188925854e-2,3.54156623594462927e-2,-8.16956341266632080e-1,-4.08478170633316040e-1
52,11,9.01960784313725505e-1,7.84313725490196068e-2,1.76470588235294101e-1,-9.16372299194335938e-1,-4.58186149597167969e-1,7.93705210089683394e-2,3.96852605044841697e-2,-9.15669560432434082e-1,-4.57834780216217041e-1
52,12,9.80392156862745057e-1,5.88235294117647189e-2,1.32352941176470618e-1,-9.59826529026031494e-1,-4.79913264513015747e-1,6.23296609148383113e-2,3.11648304574191556e-2,-9.59090709686279297e-1,-4.79545354843139648e-1
53,0,3.92156862745098034e-2,7.84313725490196068e-2,1.76470588235294101e-1,9.53594803810119629e-1,4.76797401905059814e-1,-8.26245618984103175e-2,-4.13122809492051588e-2,9.52863216400146484e-1,4.76431608200073242e-1
53,1,1.17647058823529410e-1,7.84313725490196068e-2,1.76470588235294101e-1,8.95991623401641846e-1,4.47995811700820923e-1,-7.76327412575483350e-2,-3.88163706287741675e-2,8.95304262638092041e-1,4.47652131319046021e-1
53,2,1.96078431372549017e-1,7.84313725490196068e-2,1.76470588235294101e-1,7.84265398979187012e-1,3.92132699489593506e-1,-6.79528651759028490e-2,-3.39764325879514245e-2,7.83663749694824219e-1,3.91831874847412109e-1
53,3,2.74509803921568651e-1,7.84313725490196068e-2,1.76470588235294101e-1,6.25164628028869629e-1,3.12582314014434814e-1,-5.41674566455185025e-2,-2.70837283227592512e-2,6.24685049057006836e-1,3.12342524528503418e-1
53,4,3.52941176470588203e-1,7.84313725490196068e-2,1.76470588235294101e-1,4.28300052881240845e-1,2.14150026440620422e-1,-3.71100531890988794e-2,-1.85550265945494397e-2,4.27971482276916504e-1,2.13985741138458252e-1
53,5,4.31372549019607865e-1,7.84313725490196068e-2,1.76470588235294101e-1,2.05563545227050781e-1,1.02781772613525391e-1,-1.78111016226466523e-2,-8.90555081132332615e-3,2.05405846238136292e-1,1.02702923119068146e-1
53,6,5.09803921568627416e-1,7.84313725490196068e-2,1.76470588235294101e-1,-2.95902881771326065e-2,-1.47951440885663033e-2,2.56382039515301585e-3,1.28191019757650793e-3,-2.95675881206989288e-2,-1.47837940603494644e-2
53,7,5.88235294117647078e-1,7.84313725490196068e-2,1.76470588235294101e-1,-2.62956708669662476e-1,-1.31478354334831238e-1,2.27839155646506475e-2,1.13919577823253237e-2,-2.62754976749420166e-1,-1.31377488374710083e-1
53,8,6.66666666666666630e-1,7.84313725490196068e-2,1.76470588235294101e-1,-4.80438917875289917e-1,-2.40219458937644958e-1,4.16274170391262022e-2,2.08137085195631011e-2,-4.80070352554321289e-1,-2.40035176277160645e-1
53,9,7.45098039215686292e-1,7.84313725490196068e-2,1.76470588235294101e-1,-6.68899834156036377e-1,-3.34449917078018188e-1,5.79550744034349752e-2,2.89775372017174876e-2,-6.68386697769165039e-1,-3.34193348884582520e-1
53,10,8.23529411764705843e-1,7.84313725490196068e-2,1.76470588235294101e-1,-8.16956341266632080e-1,-4.08478170633316040e-1,7.07767786458134429e-2,3.53883893229067215e-2,-8.16329658031463623e-1,-4.08164829015731812e-1
53,11,9.01960784313725505e-1,7.84313725490196068e-2,1.76470588235294101e-1,-9.15669560432434082e-1,-4.57834780216217041e-1,7.93095627799630248e-2,3.96547813899815124e-2,-9.14967358112335205e-1,-4.57483679056167603e-1
53,12,9.80392156862745057e-1,5.88235294117647189e-2,1.32352941176470618e-1,-9.59090709686279297e-1,-4.79545354843139648e-1,6.22822109609842273e-2,3.11411054804921136e-2,-9.58355426788330078e-1,-4.79177713394165039e-1
54,0,3.92156862745098034e-2,7.84313725490196068e-2,1.76470588235294101e-1,9.52863216400146484e-1,4.76431608200073242e-1,-8.25611243024468450e-2,-4.12805621512234225e-2,9.52132225036621094e-1,4.76066112518310547e-1
54,1,1.17647058823529410e-1,7.84313725490196068e-2,1.76470588235294101e-1,8.95304262638092041e-1,4.47652131319046021e-1,-7.75732364505529320e-2,-3.87866182252764660e-2,8.94617438316345215e-1,4.47308719158172607e-1
54,2,1.96078431372549017e-1,7.84313725490196068e-2,1.76470588235294101e-1,7.83663749694824219e-1,3.91831874847412109e-1,-6.79007129743695315e-2,-3.39503564871847657e-2,7.83062517642974854e-1,3.91531258821487427e-1
54,3,2.74509803921568651e-1,7.84313725490196068e-2,1.76470588235294101e-1,6.24685049057006836e-1,3.12342524528503418e-1,-5.41259486228227726e-2,-2.70629743114113863e-2,6.24205827713012695e-1,3.12102913856506348e-1
54,4,3.52941176470588203e-1,7.84313725490196068e-2,1.76470588235294101e-1,4.27971482276916504e-1,2.13985741138458252e-1,-3.70815618429332639e-2,-1.85407809214666319e-2,4.27643150091171265e-1,2.13821575045585632e-1
54,5,4.31372549019607865e-1,7.84313725490196068e-2,1.76470588235294101e-1,2.05405846238136292e-1,1.02702923119068146e-1,-1.77974357153289353e-2,-8.89871785766446766e-3,2.05248266458511353e-1,1.02624133229255676e-1
54,6,5.09803921568627416e-1,7.84313725490196068e-2,1.76470588235294101e-1,-2.95675881206989288e-2,-1.47837940603494644e-2,2.56185934413227789e-3,1.28092967206613895e-3,-2.95449048280715942e-2,-1.47724524140357971e-2
54,7,5.88235294117647078e-1,7.84313725490196068e-2,1.76470588235294101e-1,-2.62754976749420166e-1,-1.31377488374710083e-1,2.27664183941669873e-2,1.13832091970834937e-2,-2.62553393840789795e-1,-1.31276696920394897e-1
54,8,6.66666666666666630e-1,7.84313725490196068e-2,1.76470588235294101e-1,-4.80070352554321289e-1,-2.40035176277160645e-1,4.15954845026135223e-2,2.07977422513067611e-2,-4.79702055454254150e-1,-2.39851027727127075e-1
54,9,7.45098039215686292e-1,7.84313725490196068e-2,1.76470588235294101e-1,-6.68386697769165039e-1,-3.34193348884582520e-1,5.79105740413069781e-2,2.89552870206534890e-2,-6.67873919010162354e-1,-3.33936959505081177e-1
54,10,8.23529411764705843e-1,7.84313725490196068e-2,1.76470588235294101e-1,-8.16329658031463623e-1,-4.08164829015731812e-1,7.07222325727343559e-2,3.53611162863671780e-2,-8.15703451633453369e-1,-4.07851725816726685e-1
54,11,9.01960784313725505e-1,7.84313725490196068e-2,1.76470588235294101e-1,-9.14967358112335205e-1,-4.57483679056167603e-1,7.92486900463700156e-2,3.96243450231850078e-2,-9.14265692234039307e-1,-4.57132846117019653e-1
54,12,9.80392156862745057e-1,5.88235294117647189e-2,1.32352941176470618e-1,-9.58355426788330078e-1,-4.79177713394165039e-1,6.22347610071301433e-2,3.11173805035650716e-2,-9.57620739936828613e-1,-4.78810369968414307e-1
55,0,3.92156862745098034e-2,7.84313725490196068e-2,1.76470588235294101e-1,9.52132225036621094e-1,4.76066112518310547e-1,-8.24977722018957055e-2,-4.12488861009478527e-2,9.51401770114898682e-1,4.75700885057449341e-1
55,1,1.17647058823529410e-1,7.84313725490196068e-2,1.76470588235294101e-1,8.94617438316345215e-1,4.47308719158172607e-1,-7.75138171389698899e-2,-3.87569085694849449e-2,8.93931090831756592e-1,4.46965545415878296e-1
55,2,1.96078431372549017e-1,7.84313725490196068e-2,1.76470588235294101e-1,7.83062517642974854e-1,3.91531258821487427e-1,-6.78484752774238808e-2,-3.39242376387119404e-2,7.82461762428283691e-1,3.91230881214141846e-1
55,3,2.74509803921568651e-1,7.84313725490196068e-2,1.76470588235294101e-1,6.24205827713012695e-1,3.12102913856506348e-1,-5.40845260955392926e-2,-2.70422630477696463e-2,6.23726963996887207e-1,3.11863481998443604e-1
55,4,3.52941176470588203e-1,7.84313725490196068e-2,1.76470588235294101e-1,4.27643150091171265e-1,2.13821575045585632e-1,-3.70530704967677593e-2,-1.85265352483838797e-2,4.27315086126327515e-1,2.13657543063163757e-1
55,5,4.31372549019607865e-1,7.84313725490196068e-2,1.76470588235294101e-1,2.05248266458511353e-1,1.02624133229255676e-1,-1.77837938535958529e-2,-8.89189692679792643e-3,2.05090805888175964e-1,1.02545402944087982e-1
55,6,5.09803921568627416e-1,7.84313725490196068e-2,1.76470588235294101e-1,-2.95449048280715942e-2,-1.47724524140357971e-2,2.55990363657471187e-3,1.27995181828735594e-3,-2.95222382992506027e-2,-1.47611191496253014e-2
55,7,5.88235294117647078e-1,7.84313725490196068e-2,1.76470588235294101e-1,-2.62553393840789795e-1,-1.31276696920394897e-1,2.27489399258047342e-2,1.13744699629023671e-2,-2.62351959943771362e-1,-1.31175979971885681e-1
55,8,6.66666666666666630e-1,7.84313725490196068e-2,1.76470588235294101e-1,-4.79702055454254150e-1,-2.39851027727127075e-1,4.15635947138071060e-2,2.07817973569035530e-2,-4.79334056377410889e-1,-2.39667028188705444e-1
55,9,7.45098039215686292e-1,7.84313725490196068e-2,1.76470588235294101e-1,-6.67873919010162354e-1,-3.33936959505081177e-1,5.78660309314727728e-2,2.89330154657363864e-2,-6.67361557483673096e-1,-3.33680778741836548e-1
55,10,8.23529411764705843e-1,7.84313725490196068e-2,1.76470588235294101e-1,-8.15703451633453369e-1,-4.07851725816726685e-1,7.06677719950676020e-2,3.53338859975338010e-2,-8.15077722072601318e-1,-4.07538861036300659e-1
55,11,9.01960784313725505e-1,7.84313725490196068e-2,1.76470588235294101e-1,-9.14265692234039307e-1,-4.57132846117019653e-1,7.91878173127770479e-2,3.95939086563885240e-2,-9.13564562797546387e-1,-4.56782281398773193e-1
55,12,9.80392156862745057e-1,5.88235294117647189e-2,1.32352941176470618e-1,-9.57620739936828613e-1,-4.78810369968414307e-1,6.21873965486884131e-2,3.10936982743442066e-2,-9.56886589527130127e-1,-4.78443294763565063e-1
56,0,3.92156862745098034e-2,7.84313725490196068e-2,1.76470588235294101e-1,9.51401770114898682e-1,4.75700885057449341e-1,-8.24345055967569268e-2,-4.12172527983784634e-2,9.50671851634979248e-1,4.75335925817489624e-1
56,1,1.17647058823529410e-1,7.84313725490196068e-2,1.76470588235294101e-1,8.93931090831756592e-1,4.46965545415878296e-1,-7.74543123319745147e-2,-3.87271561659872574e-2,8.93245279788970947e-1,4.46622639894485474e-1
56,2,1.96078431372549017e-1,7.84313725490196068e-2,1.76470588235294101e-1,7.82461762428283691e-1,3.91230881214141846e-1,-6.77964085713028963e-2,-3.38982042856514482e-2,7.81861484050750732e-1,3.90930742025375366e-1
56,3,2.74509803921568651e-1,7.84313725490196068e-2,1.76470588235294101e-1,6.23726963996887207e-1,3.11863481998443604e-1,-5.40430608205496876e-2,-2.70215304102748438e-2,6.23248457908630371e-1,3.11624228954315186e-1
56,4,3.52941176470588203e-1,7.84313725490196068e-2,1.76470588235294101e-1,4.27315086126327515e-1,2.13657543063163757e-1,-3.70246646460146156e-2,-1.85123323230073078e-2,4.26987260580062866e-1,2.13493630290031433e-1
56,5,4.31372549019607865e-1,7.84313725490196068e-2,1.76470588235294101e-1,2.05090805888175964e-1,1.02545402944087982e-1,-1.77701332897413078e-2,-8.88506664487065390e-3,2.04933464527130127e-1,1.02466732263565063e-1
56,6,5.09803921568627416e-1,7.84313725490196068e-2,1.76470588235294101e-1,-2.95222382992506027e-2,-1.47611191496253014e-2,2.55795327248048432e-3,1.27897663624024216e-3,-2.94995903968811035e-2,-1.47497951984405518e-2
56,7,5.88235294117647078e-1,7.84313725490196068e-2,1.76470588235294101e-1,-2.62351959943771362e-1,-1.31175979971885681e-1,2.27314374118577911e-2,1.13657187059288955e-2,-2.62150704860687256e-1,-1.31075352430343628e-1
56,8,6.66666666666666630e-1,7.84313725490196068e-2,1.76470588235294101e-1,-4.79334056377410889e-1,-2.39667028188705444e-1,4.15317476727068424e-2,2.07658738363534212e-2,-4.78966325521469116e-1,-2.39483162760734558e-1
56,9,7.45098039215686292e-1,7.84313725490196068e-2,1.76470588235294101e-1,-6.67361557483673096e-1,-3.33680778741836548e-1,5.78215733170509283e-2,2.89107866585254641e-2,-6.66849613189697266e-1,-3.33424806594848633e-1
56,10,8.23529411764705843e-1,7.84313725490196068e-2,1.76470588235294101e-1,-8.15077722072601318e-1,-4.07538861036300659e-1,7.06133114174008203e-2,3.53066557087004101e-2,-8.14452528953552246e-1,-4.07226264476776123e-1
56,11,9.01960784313725505e-1,7.84313725490196068e-2,1.76470588235294101e-1,-9.13564562797546387e-1,-4.56782281398773193e-1,7.91270300745963995e-2,3.95635150372981997e-2,-9.12863969802856445e-1,-4.56431984901428223e-1
56,12,9.80392156862745057e-1,5.88235294117647189e-2,1.32352941176470618e-1,-9.56886589527130127e-1,-4.78443294763565063e-1,6.21400320902466760e-2,3.10700160451233380e-2,-9.56152975559234619e-1,-4.78076487779617310e-1
57,0,3.92156862745098034e-2,7.84313725490196068e-2,1.76470588235294101e-1,9.50671851634979248e-1,4.75335925817489624e-1,-8.23712389916181481e-2,-4.11856194958090741e-2,9.49942529201507568e-1,4.74971264600753784e-1
57,1,1.17647058823529410e-1,7.84313725490196068e-2,1.76470588235294101e-1,8.93245279788970947e-1,4.46622639894485474e-1,-7.73948930203914726e-2,-3.86974465101957363e-2,8.92560005187988281e-1,4.46280002593994141e-1
57,2,1.96078431372549017e-1,7.84313725490196068e-2,1.76470588235294101e-1,7.81861484050750732e-1,3.90930742025375366e-1,-6.77444273605942726e-2,-3.38722136802971363e-2,7.81261682510375977e-1,3.90630841255187988e-1
57,3,2.74509803921568651e-1,7.84313725490196068e-2,1.76470588235294101e-1,6.23248457908630371e-1,3.11624228954315186e-1,-5.40015955455601104e-2,-2.70007977727800552e-2,6.22770309448242188e-1,3.11385154724121094e-1
57,4,3.52941176470588203e-1,7.84313725490196068e-2,1.76470588235294101e-1,4.26987260580062866e-1,2.13493630290031433e-1,-3.69962587952613609e-2,-1.84981293976306804e-2,4.26659703254699707e-1,2.13329851627349854e-1
57,5,4.31372549019607865e-1,7.84313725490196068e-2,1.76470588235294101e-1,2.04933464527130127e-1,1.02466732263565063e-1,-1.77564994432032330e-2,-8.87824972160161652e-3,2.04776242375373840e-1,1.02388121187686920e-1
57,6,5.09803921568627416e-1,7.84313725490196068e-2,1.76470588235294101e-1,-2.94995903968811035e-2,-1.47497951984405518e-2,2.55597084760667004e-3,1.27798542380333502e-3,-2.94769592583179474e-2,-1.47384796291589737e-2
57,7,5.88235294117647078e-1,7.84313725490196068e-2,1.76470588235294101e-1,-2.62150704860687256e-1,-1.31075352430343628e-1,2.27140364237129466e-2,1.13570182118564733e-2,-2.61949598789215088e-1,-1.30974799394607544e-1
57,8,6.66666666666666630e-1,7.84313725490196068e-2,1.76470588235294101e-1,-4.78966325521469116e-1,-2.39483162760734558e-1,4.14998151361942180e-2,2.07499075680971090e-2,-4.78598892688751221e-1,-2.39299446344375610e-1
57,9,7.45098039215686292e-1,7.84313725490196068e-2,1.76470588235294101e-1,-6.66849613189697266e-1,-3.33424806594848633e-1,5.77771584503352920e-2,2.88885792251676460e-2,-6.66338026523590088e-1,-3.33169013261795044e-1
57,10,8.23529411764705843e-1,7.84313725490196068e-2,1.76470588235294101e-1,-8.14452528953552246e-1,-4.07226264476776123e-1,7.05590218305587602e-2,3.52795109152793801e-2,-8.13827812671661377e-1,-4.06913906335830688e-1
57,11,9.01960784313725505e-1,7.84313725490196068e-2,1.76470588235294101e-1,-9.12863969802856445e-1,-4.56431984901428223e-1,7.90662428364157788e-2,3.95331214182078894e-2,-9.12163913249969482e-1,-4.56081956624984741e-1
57,12,9.80392156862745057e-1,5.88235294117647189e-2,1.32352941176470618e-1,-9.56152975559234619e-1,-4.78076487779617310e-1,6.20926676318049389e-2,3.10463338159024695e-2,-9.55419957637786865e-1,-4.77709978818893433e-1
58,0,3.92156862745098034e-2,7.84313725490196068e-2,1.76470588235294101e-1,9.49942529201507568e-1,4.74971264600753784e-1,-8.23080578818917302e-2,-4.11540289409458651e-2,9.49213743209838867e-1,4.74606871604919434e-1
58,1,1.17647058823529410e-1,7.84313725490196068e-2,1.76470588235294101e-1,8.92560005187988281e-1,4.46280002593994141e-1,-7.73354737088084027e-2,-3.86677368544042013e-2,8.91875267028808594e-1,4.45937633514404297e-1
58,2,1.96078431372549017e-1,7.84313725490196068e-2,1.76470588235294101e-1,7.81261682510375977e-1,3.90630841255187988e-1,-6.76925316452980097e-2,-3.38462658226490049e-2,7.80662298202514648e-1,3.90331149101257324e-1
58,3,2.74509803921568651e-1,7.84313725490196068e-2,1.76470588235294101e-1,6.22770309448242188e-1,3.11385154724121094e-1,-5.39600875228643528e-2,-2.69800437614321764e-2,6.22292518615722656e-1,3.11146259307861328e-1
58,4,3.52941176470588203e-1,7.84313725490196068e-2,1.76470588235294101e-1,4.26659703254699707e-1,2.13329851627349854e-1,-3.69679384399205224e-2,-1.84839692199602612e-2,4.26332384347915649e-1,2.13166192173957825e-1
58,5,4.31372549019607865e-1,7.84313725490196068e-2,1.76470588235294101e-1,2.04776242375373840e-1,1.02388121187686920e-1,-1.77428468945436402e-2,-8.87142344727182008e-3,2.04619139432907104e-1,1.02309569716453552e-1
58,6,5.09803921568627416e-1,7.84313725490196068e-2,1.76470588235294101e-1,-2.94769592583179474e-2,-1.47384796291589737e-2,2.55399376619608320e-3,1.27699688309804160e-3,-2.94543448835611343e-2,-1.47271724417805672e-2
58,7,5.88235294117647078e-1,7.84313725490196068e-2,1.76470588235294101e-1,-2.61949598789215088e-1,-1.30974799394607544e-1,2.26966113899834676e-2,1.13483056949917338e-2,-2.61748641729354858e-1,-1.30874320864677429e-1
58,8,6.66666666666666630e-1,7.84313725490196068e-2,1.76470588235294101e-1,-4.78598892688751221e-1,-2.39299446344375610e-1,4.14680108428001071e-2,2.07340054214000535e-2,-4.78231728076934814e-1,-2.39115864038467407e-1
58,9,7.45098039215686292e-1,7.84313725490196068e-2,1.76470588235294101e-1,-6.66338026523590088e-1,-3.33169013261795044e-1,5.77326580882072393e-2,2.88663290441036197e-2,-6.65826857089996338e-1,-3.32913428544998169e-1
58,10,8.23529411764705843e-1,7.84313725490196068e-2,1.76470588235294101e-1,-8.13827812671661377e-1,-4.06913906335830688e-1,7.05048177391290887e-2,3.52524088695645443e-2,-8.13203573226928711e-1,-4.06601786613464355e-1
58,11,9.01960784313725505e-1,7.84313725490196068e-2,1.76470588235294101e-1,-9.12163913249969482e-1,-4.56081956624984741e-1,7.90054555982351164e-2,3.95027277991175582e-2,-9.11464393138885498e-1,-4.55732196569442749e-1
58,12,9.80392156862745057e-1,5.88235294117647189e-2,1.32352941176470618e-1,-9.55419957637786865e-1,-4.77709978818893433e-1,6.20453886687755557e-2,3.10226943343877778e-2,-9.54687476158142090e-1,-4.77343738079071045e-1
59,0,3.92156862745098034e-2,7.84313725490196068e-2,1.76470588235294101e-1,9.49213743209838867e-1,4.74606871604919434e-1,-8.22448767721652985e-2,-4.11224383860826492e-2,9.48485553264617920e-1,4.74242776632308960e-1
59,1,1.17647058823529410e-1,7.84313725490196068e-2,1.76470588235294101e-1,8.91875267028808594e-1,4.45937633514404297e-1,-7.72762253880500682e-2,-3.86381126940250341e-2,8.91191065311431885e-1,4.45595532655715942e-1
59,2,1.96078431372549017e-1,7.84313725490196068e-2,1.76470588235294101e-1,7.80662298202514648e-1,3.90331149101257324e-1,-6.76405504345893860e-2,-3.38202752172946930e-2,7.80063390731811523e-1,3.90031695365905762e-1
59,3,2.74509803921568651e-1,7.84313725490196068e-2,1.76470588235294101e-1,6.22292518615722656e-1,3.11146259307861328e-1,-5.39186649955809005e-2,-2.69593324977904503e-2,6.21815085411071777e-1,3.10907542705535889e-1
59,4,3.52941176470588203e-1,7.84313725490196068e-2,1.76470588235294101e-1,4.26332384347915649e-1,2.13166192173957825e-1,-3.69396180845797395e-2,-1.84698090422898697e-2,4.26005303859710693e-1,2.13002651929855347e-1
59,5,4.31372549019607865e-1,7.84313725490196068e-2,1.76470588235294101e-1,2.04619139432907104e-1,1.02309569716453552e-1,-1.77292183914687373e-2,-8.86460919573436867e-3,2.04462155699729919e-1,1.02231077849864960e-1
59,6,5.09803921568627416e-1,7.84313725490196068e-2,1.76470588235294101e-1,-2.94543448835611343e-2,-1.47271724417805672e-2,2.55202202824877933e-3,1.27601101412438966e-3,-2.94317491352558136e-2,-1.47158745676279068e-2
59,7,5.88235294117647078e-1,7.84313725490196068e-2,1.76470588235294101e-1,-2.61748641729354858e-1,-1.30874320864677429e-1,2.26792050583753402e-2,1.13396025291876701e-2,-2.61547833681106567e-1,-1.30773916840553284e-1
59,8,6.66666666666666630e-1,7.84313725490196068e-2,1.76470588235294101e-1,-4.78231728076934814e-1,-2.39115864038467407e-1,4.14361638016998990e-2,2.07180819008499495e-2,-4.77864831686019897e-1,-2.38932415843009949e-1
59,9,7.45098039215686292e-1,7.84313725490196068e-2,1.76470588235294101e-1,-6.65826857089996338e-1,-3.32913428544998169e-1,5.76882859691977556e-2,2.88441429845988778e-2,-6.65316104888916016e-1,-3.32658052444458008e-1
59,10,8.23529411764705843e-1,7.84313725490196068e-2,1.76470588235294101e-1,-8.13203573226928711e-1,-4.06601786613464355e-1,7.04506136476993339e-2,3.52253068238496669e-2,-8.12579810619354248e-1,-4.06289905309677124e-1
59,11,9.01960784313725505e-1,7.84313725490196068e-2,1.76470588235294101e-1,-9.11464393138885498e-1,-4.55732196569442749e-1,7.89447538554668427e-2,3.94723769277334213e-2,-9.10765409469604492e-1,-4.55382704734802246e-1
59,12,9.80392156862745057e-1,5.88235294117647189e-2,1.32352941176470618e-1,-9.54687476158142090e-1,-4.77343738079071045e-1,6.19981097057461725e-2,3.09990548528730862e-2,-9.53955531120300293e-1,-4.76977765560150146e-1
60,0,3.92156862745098034e-2,7.84313725490196068e-2,1.76470588235294101e-1,9.48485553264617920e-1,4.74242776632308960e-1,-8.21817811578512136e-2,-4.10908905789256068e-2,9.47757899761199951e-1,4.73878949880599976e-1
60,1,1.17647058823529410e-1,7.84313725490196068e-2,1.76470588235294101e-1,8.91191065311431885e-1,4.45595532655715942e-1,-7.72169770672917477e-2,-3.86084885336458739e-2,8.90507400035858154e-1,4.45253700017929077e-1
60,2,1.96078431372549017e-1,7.84313725490196068e-2,1.76470588235294101e-1,7.80063390731811523e-1,3.90031695365905762e-1,-6.75886547192930953e-2,-3.37943273596465477e-2,7.79464960098266602e-1,3.89732480049133301e-1
60,3,2.74509803921568651e-1,7.84313725490196068e-2,1.76470588235294101e-1,6.21815085411071777e-1,3.10907542705535889e-1,-5.38772424682974760e-2,-2.69386212341487380e-2,6.21338069438934326e-1,3.10669034719467163e-1
60,4,3.52941176470588203e-1,7.84313725490196068e-2,1.76470588235294101e-1,4.26005303859710693e-1,2.13002651929855347e-1,-3.69112977292389011e-2,-1.84556488646194505e-2,4.25678491592407227e-1,2.12839245796203613e-1
60,5,4.31372549019607865e-1,7.84313725490196068e-2,1.76470588235294101e-1,2.04462155699729919e-1,1.02231077849864960e-1,-1.77156166057101938e-2,-8.85780830285509690e-3,2.04305306077003479e-1,1.02152653038501740e-1
60,6,5.09803921568627416e-1,7.84313725490196068e-2,1.76470588235294101e-1,-2.94317491352558136e-2,-1.47158745676279068e-2,2.55006097722798586e-3,1.27503048861399293e-3,-2.94091701507568359e-2,-1.47045850753784180e-2
60,7,5.88235294117647078e-1,7.84313725490196068e-2,1.76470588235294101e-1,-2.61547833681106567e-1,-1.30773916840553284e-1,2.26618147571571171e-2,1.13309073785785586e-2,-2.61347174644470215e-1,-1.30673587322235107e-1
60,8,6.66666666666666630e-1,7.84313725490196068e-2,1.76470588235294101e-1,-4.77864831686019897e-1,-2.38932415843009949e-1,4.14042740128934272e-2,2.07021370064467136e-2,-4.77498233318328857e-1,-2.38749116659164429e-1
60,9,7.45098039215686292e-1,7.84313725490196068e-2,1.76470588235294101e-1,-6.65316104888916016e-1,-3.32658052444458008e-1,5.76440420933067577e-2,2.88220210466533788e-2,-6.64805710315704346e-1,-3.32402855157852173e-1
60,10,8.23529411764705843e-1,7.84313725490196068e-2,1.76470588235294101e-1,-8.12579810619354248e-1,-4.06289905309677124e-1,7.03964095562696623e-2,3.51982047781348312e-2,-8.11956524848937988e-1,-4.05978262424468994e-1
60,11,9.01960784313725505e-1,7.84313725490196068e-2,1.76470588235294101e-1,-9.10765409469604492e-1,-4.55382704734802246e-1,7.88841376081108880e-2,3.94420688040554440e-2,-9.10066962242126465e-1,-4.55033481121063232e-1
60,12,9.80392156862745057e-1,5.88235294117647189e-2,1.32352941176470618e-1,-9.53955531120300293e-1,-4.76977765560150146e-1,6.19508307427167892e-2,3.09754153713583946e-2,-9.53224182128906250e-1,-4.76612091064453125e-1
61,0,3.92156862745098034e-2,7.84313725490196068e-2,1.76470588235294101e-1,9.47757899761199951e-1,4.73878949880599976e-1,-8.21186855435371427e-2,-4.10593427717685713e-2,9.47030782699584961e-1,4.73515391349792480e-1
61,1,1.17647058823529410e-1,7.84313725490196068e-2,1.76470588235294101e-1,8.90507400035858154e-1,4.45253700017929077e-1,-7.71578142419457463e-2,-3.85789071209728732e-2,8.89824211597442627e-1,4.44912105798721313e-1
61,2,1.96078431372549017e-1,7.84313725490196068e-2,1.76470588235294101e-1,7.79464960098266602e-1,3.89732480049133301e-1,-6.75367590039968324e-2,-3.37683795019984162e-2,7.78867006301879883e-1,3.89433503150939941e-1
61,3,2.74509803921568651e-1,7.84313725490196068e-2,1.76470588235294101e-1,6.21338069438934326e-1,3.10669034719467163e-1,-5.38359481841325649e-2,-2.69179740920662824e-2,6.20861411094665527e-1,3.10430705547332764e-1
61,4,3.52941176470588203e-1,7.84313725490196068e-2,1.76470588235294101e-1,4.25678491592407227e-1,2.12839245796203613e-1,-3.68829560000449308e-2,-1.84414780000224654e-2,4.25351917743682861e-1,2.12675958871841431e-1
61,5,4.31372549019607865e-1,7.84313725490196068e-2,1.76470588235294101e-1,2.04305306077003479e-1,1.02152653038501740e-1,-1.77020388655364513e-2,-8.85101943276822567e-3,2.04148575663566589e-1,1.02074287831783295e-1
61,6,5.09803921568627416e-1,7.84313725490196068e-2,1.76470588235294101e-1,-2.94091701507568359e-2,-1.47045850753784180e-2,2.54812664352355167e-3,1.27406332176177584e-3,-2.93866079300642014e-2,-1.46933039650321007e-2
61,7,5.88235294117647078e-1,7.84313725490196068e-2,1.76470588235294101e-1,-2.61347174644470215e-1,-1.30673587322235107e-1,2.26444004103541485e-2,1.13222002051770743e-2,-2.61146664619445801e-1,-1.30573332309722900e-1
61,8,6.66666666666666630e-1,7.84313725490196068e-2,1.76470588235294101e-1,-4.77498233318328857e-1,-2.38749116659164429e-1,4.13725124672055244e-2,2.06862562336027622e-2,-4.77131903171539307e-1,-2.38565951585769653e-1
61,9,7.45098039215686292e-1,7.84313725490196068e-2,1.76470588235294101e-1,-6.64805710315704346e-1,-3.32402855157852173e-1,5.75997127220034544e-2,2.87998563610017272e-2,-6.64295732975006104e-1,-3.32147866487503052e-1
61,10,8.23529411764705843e-1,7.84313725490196068e-2,1.76470588235294101e-1,-8.11956524848937988e-1,-4.05978262424468994e-1,7.03422909602522684e-2,3.51711454801261342e-2,-8.11333715915679932e-1,-4.05666857957839966e-1
61,11,9.01960784313725505e-1,7.84313725490196068e-2,1.76470588235294101e-1,-9.10066962242126465e-1,-4.55033481121063232e-1,7.88235213607549612e-2,3.94117606803774806e-2,-9.09369051456451416e-1,-4.54684525728225708e-1
61,12,9.80392156862745057e-1,5.88235294117647189e-2,1.32352941176470618e-1,-9.53224182128906250e-1,-4.76612091064453125e-1,6.19036372750997529e-2,3.09518186375498765e-2,-9.52493369579315186e-1,-4.76246684789657593e-1
62,0,3.92156862745098034e-2,7.84313725490196068e-2,1.76470588235294101e-1,9.47030782699584961e-1,4.73515391349792480e-1,-8.20556754246354048e-2,-4.10278377123177024e-2,9.46304261684417725e-1,4.73152130842208862e-1
62,1,1.17647058823529410e-1,7.84313725490196068e-2,1.76470588235294101e-1,8.89824211597442627e-1,4.44912105798721313e-1,-7.70985659211874119e-2,-3.85492829605937060e-2,8.89141559600830078e-1,4.44570779800415039e-1
62,2,1.96078431372549017e-1,7.84313725490196068e-2,1.76470588235294101e-1,7.78867006301879883e-1,3.89433503150939941e-1,-6.74850342795252633e-2,-3.37425171397626317e-2,7.78269469738006592e-1,3.89134734869003296e-1
62,3,2.74509803921568651e-1,7.84313725490196068e-2,1.76470588235294101e-1,6.20861411094665527e-1,3.10430705547332764e-1,-5.37946538999676815e-2,-2.68973269499838408e-2,6.20385110378265381e-1,3.10192555189132690e-1
62,4,3.52941176470588203e-1,7.84313725490196068e-2,1.76470588235294101e-1,4.25351917743682861e-1,2.12675958871841431e-1,-3.68546142708510160e-2,-1.84273071354255080e-2,4.25025612115859985e-1,2.12512806057929993e-1
62,5,4.31372549019607865e-1,7.84313725490196068e-2,1.76470588235294101e-1,2.04148575663566589e-1,1.02074287831783295e-1,-1.76884851709473989e-2,-8.84424258547369946e-3,2.03991964459419250e-1,1.01995982229709625e-1
62,6,5.09803921568627416e-1,7.84313725490196068e-2,1.76470588235294101e-1,-2.93866079300642014e-2,-1.46933039650321007e-2,2.54619765328245595e-3,1.27309882664122798e-3,-2.93640643358230591e-2,-1.46820321679115295e-2
62,7,5.88235294117647078e-1,7.84313725490196068e-2,1.76470588235294101e-1,-2.61146664619445801e-1,-1.30573332309722900e-1,2.26270047656725870e-2,1.13135023828362935e-2,-2.60946333408355713e-1,-1.30473166704177856e-1
62,8,6.66666666666666630e-1,7.84313725490196068e-2,1.76470588235294101e-1,-4.77131903171539307e-1,-2.38565951585769653e-1,4.13407081738114690e-2,2.06703540869057345e-2,-4.76765871047973633e-1,-2.38382935523986816e-1
62,9,7.45098039215686292e-1,7.84313725490196068e-2,1.76470588235294101e-1,-6.64295732975006104e-1,-3.32147866487503052e-1,5.75555115938186368e-2,2.87777557969093184e-2,-6.63786113262176514e-1,-3.31893056631088257e-1
62,10,8.23529411764705843e-1,7.84313725490196068e-2,1.76470588235294101e-1,-8.11333715915679932e-1,-4.05666857957839966e-1,7.02881723642349299e-2,3.51440861821174649e-2,-8.10711383819580078e-1,-4.05355691909790039e-1
62,11,9.01960784313725505e-1,7.84313725490196068e-2,1.76470588235294101e-1,-9.09369051456451416e-1,-4.54684525728225708e-1,7.87629906088113813e-2,3.93814953044056906e-2,-9.08671677112579346e-1,-4.54335838556289673e-1
62,12,9.80392156862745057e-1,5.88235294117647189e-2,1.32352941176470618e-1,-9.52493369579315186e-1,-4.76246684789657593e-1,6.18564438074827166e-2,3.09282219037413583e-2,-9.51763093471527100e-1,-4.75881546735763550e-1
63,0,3.92156862745098034e-2,7.84313725490196068e-2,1.76470588235294101e-1,9.46304261684417725e-1,4.73152130842208862e-1,-8.19927508011460277e-2,-4.09963754005730138e-2,9.45578277111053467e-1,4.72789138555526733e-1
63,1,1.17647058823529410e-1,7.84313725490196068e-2,1.76470588235294101e-1,8.89141559600830078e-1,4.44570779800415039e-1,-7.70394030958414106e-2,-3.85197015479207053e-2,8.88459444046020508e-1,4.44229722023010254e-1
63,2,1.96078431372549017e-1,7.84313725490196068e-2,1.76470588235294101e-1,7.78269469738006592e-1,3.89134734869003296e-1,-6.74332240596413612e-2,-3.37166120298206806e-2,7.77672410011291504e-1,3.88836205005645752e-1
63,3,2.74509803921568651e-1,7.84313725490196068e-2,1.76470588235294101e-1,6.20385110378265381e-1,3.10192555189132690e-1,-5.37534023635089508e-2,-2.68767011817544754e-2,6.19909167289733887e-1,3.09954583644866943e-1
63,4,3.52941176470588203e-1,7.84313725490196068e-2,1.76470588235294101e-1,4.25025612115859985e-1,2.12512806057929993e-1,-3.68263580370694066e-2,-1.84131790185347033e-2,4.24699544906616211e-1,2.12349772453308105e-1
63,5,4.31372549019607865e-1,7.84313725490196068e-2,1.76470588235294101e-1,2.03991964459419250e-1,1.01995982229709625e-1,-1.76749154459684976e-2,-8.83745772298424881e-3,2.03835472464561462e-1,1.01917736232280731e-1
63,6,5.09803921568627416e-1,7.84313725490196068e-2,1.76470588235294101e-1,-2.93640643358230591e-2,-1.46820321679115295e-2,2.54423660226166248e-3,1.27211830113083124e-3,-2.93415375053882599e-2,-1.46707687526941299e-2
63,7,5.88235294117647078e-1,7.84313725490196068e-2,1.76470588235294101e-1,-2.60946333408355713e-1,-1.30473166704177856e-1,2.26096678990870270e-2,1.13048339495435135e-2,-2.60746151208877563e-1,-1.30373075604438782e-1
63,8,6.66666666666666630e-1,7.84313725490196068e-2,1.76470588235294101e-1,-4.76765871047973633e-1,-2.38382935523986816e-1,4.13089893758297189e-2,2.06544946879148594e-2,-4.76400107145309448e-1,-2.38200053572654724e-1
63,9,7.45098039215686292e-1,7.84313725490196068e-2,1.76470588235294101e-1,-6.63786113262176514e-1,-3.31893056631088257e-1,5.75112249702215139e-2,2.87556124851107570e-2,-6.63276910781860352e-1,-3.31638455390930176e-1
63,10,8.23529411764705843e-1,7.84313725490196068e-2,1.76470588235294101e-1,-8.10711383819580078e-1,-4.05355691909790039e-1,7.02341392636299244e-2,3.51170696318149622e-2,-8.10089528560638428e-1,-4.05044764280319214e-1
63,11,9.01960784313725505e-1,7.84313725490196068e-2,1.76470588235294101e-1,-9.08671677112579346e-1,-4.54335838556289673e-1,7.87025453522801344e-2,3.93512726761400672e-2,-9.07974839210510254e-1,-4.53987419605255127e-1
63,12,9.80392156862745057e-1,5.88235294117647189e-2,1.32352941176470618e-1,-9.51763093471527100e-1,-4.75881546735763550e-1,6.18092503398656803e-2,3.09046251699328402e-2,-9.51033413410186768e-1,-4.75516706705093384e-1
64,0,3.92156862745098034e-2,7.84313725490196068e-2,1.76470588235294101e-1,9.45578277111053467e-1,4.72789138555526733e-1,-8.19298261776566505e-2,-4.09649130888283253e-2,9.44852828979492188e-1,4.72426414489746094e-1
64,1,1.17647058823529410e-1,7.84313725490196068e-2,1.76470588235294101e-1,8.88459444046020508e-1,4.44229722023010254e-1,-7.69803257659077700e-2,-3.84901628829538850e-2,8.87777864933013916e-1,4.43888932466506958e-1
64,2,1.96078431372549017e-1,7.84313725490196068e-2,1.76470588235294101e-1,7.77672410011291504e-1,3.88836205005645752e-1,-6.73814993351697922e-2,-3.36907496675848961e-2,7.77075827121734619e-1,3.88537913560867310e-1
64,3,2.74509803921568651e-1,7.84313725490196068e-2,1.76470588235294101e-1,6.19909167289733887e-1,3.09954583644866943e-1,-5.37121508270501924e-2,-2.68560754135250962e-2,6.19433581829071045e-1,3.09716790914535522e-1
64,4,3.52941176470588203e-1,7.84313725490196068e-2,1.76470588235294101e-1,4.24699544906616211e-1,2.12349772453308105e-1,-3.67981018032878526e-2,-1.83990509016439263e-2,4.24373716115951538e-1,2.12186858057975769e-1
64,5,4.31372549019607865e-1,7.84313725490196068e-2,1.76470588235294101e-1,2.03835472464561462e-1,1.01917736232280731e-1,-1.76613697665743419e-2,-8.83068488328717094e-3,2.03679099678993225e-1,1.01839549839496613e-1
64,6,5.09803921568627416e-1,7.84313725490196068e-2,1.76470588235294101e-1,-2.93415375053882599e-2,-1.46707687526941299e-2,2.54228089470415197e-3,1.27114044735207599e-3,-2.93190274387598038e-2,-1.46595137193799019e-2
64,7,5.88235294117647078e-1,7.84313725490196068e-2,1.76470588235294101e-1,-2.60746151208877563e-1,-1.30373075604438782e-1,2.25923497346229851e-2,1.12961748673114926e-2,-2.60546118021011353e-1,-1.30273059010505676e-1
64,8,6.66666666666666630e-1,7.84313725490196068e-2,1.76470588235294101e-1,-4.76400107145309448e-1,-2.38200053572654724e-1,4.12772278301417606e-2,2.06386139150708803e-2,-4.76034641265869141e-1,-2.38017320632934570e-1
64,9,7.45098039215686292e-1,7.84313725490196068e-2,1.76470588235294101e-1,-6.63276910781860352e-1,-3.31638455390930176e-1,5.74670665897429045e-2,2.87335332948714522e-2,-6.62768065929412842e-1,-3.31384032964706421e-1
64,10,8.23529411764705843e-1,7.84313725490196068e-2,1.76470588235294101e-1,-8.10089528560638428e-1,-4.05044764280319214e-1,7.01801061630248912e-2,3.50900530815124456e-2,-8.09468150138854980e-1,-4.04734075069427490e-1
64,11,9.01960784313725505e-1,7.84313725490196068e-2,1.76470588235294101e-1,-9.07974839210510254e-1,-4.53987419605255127e-1,7.86421000957489014e-2,3.93210500478744507e-2,-9.07278537750244141e-1,-4.53639268875122070e-1
64,12,9.80392156862745057e-1,5.88235294117647189e-2,1.32352941176470618e-1,-9.51033413410186768e-1,-4.75516706705093384e-1,6.17621423676609979e-2,3.08810711838304990e-2,-9.50304269790649414e-1,-4.75152134895324707e-1
