step,dt,stability,kinetic_before,kinetic_after,dissipation_before,update_energy,rounding_work,identity_error,rounding_budget,amplitude,modal_error
1,4.87092060399415549e-5,1.99902581587920181e-2,5.62499998743629215e-1,5.62445929017355573e-1,1.11010755883431966e0,1.29948031252636022e-9,1.43205585636824251e-9,-5.37387411997779508e-17,2.22066137263095837e-8,9.99951936865923430e-1,3.00649233286875983e-8
2,4.87092060399415549e-5,1.99902581587920181e-2,5.62445929017355573e-1,5.62391867358482012e-1,1.11000085090260603e0,1.29935540267418861e-9,4.30192214046143814e-9,2.13905217180680970e-17,2.31436658511142641e-8,9.99903878593279005e-1,5.75696899041133747e-8
3,4.87092060399415549e-5,1.99902581587920181e-2,5.62391867358482012e-1,5.62337811066981885e-1,1.10989415889288368e0,1.29923051287843743e-9,4.47253738324761682e-9,1.86108540614775522e-17,2.40163837412058728e-8,9.99855822782425685e-1,8.46163672463262628e-8
4,4.87092060399415549e-5,1.99902581587920181e-2,5.62337811066981885e-1,5.62283761544840610e-1,1.10978747747645090e0,1.29910563656420781e-9,6.04565402319144419e-9,1.25676073366049781e-17,2.47142879185950264e-8,9.99807770680103292e-1,1.10504340344874663e-7
5,4.87092060399415549e-5,1.99902581587920181e-2,5.62283761544840610e-1,5.62229717169188237e-1,1.10968080941973546e0,1.29898077624985030e-9,5.99655150208039316e-9,-5.67292615372064783e-17,2.52023000998463439e-8,9.99759720843992672e-1,1.35233664932954412e-7
6,4.87092060399415549e-5,1.99902581587920181e-2,5.62229717169188237e-1,5.62175679889392654e-1,1.10957415151961580e0,1.29885592711346295e-9,7.89731144297315896e-9,9.83986428860622451e-18,2.56475697289499310e-8,9.99711675007687650e-1,1.51524729208318831e-7
7,4.87092060399415549e-5,1.99902581587920181e-2,5.62175679889392654e-1,5.62121648220967995e-1,1.10946750762324164e0,1.29873109443798448e-9,8.31426763138980536e-9,5.61824761271548383e-17,2.59578413510669354e-8,9.99663631851753109e-1,1.71109565183513723e-7
8,4.87092060399415549e-5,1.99902581587920181e-2,5.62121648220967995e-1,5.62067622473591433e-1,1.10936087480122780e0,1.29860627501982377e-9,9.04144056781770234e-9,-6.26529144891161356e-17,2.62947046030285068e-8,9.99615591651963786e-1,1.89074812584344443e-7
9,4.87092060399415549e-5,1.99902581587920181e-2,5.62067622473591433e-1,5.62013603123876493e-1,1.10925425366449559e0,1.29848146947475146e-9,1.02457959567153763e-8,5.93827452728938965e-17,2.65506048241401582e-8,9.99567554832584415e-1,2.05895301252922991e-7
10,4.87092060399415549e-5,1.99902581587920181e-2,5.62013603123876493e-1,5.61959589729975617e-1,1.10914764515346453e0,1.29835667852656752e-9,1.10089189587032364e-8,-1.69246033693963525e-17,2.67438520283705185e-8,9.99519521001155042e-1,2.22923115633655300e-7
11,4.87092060399415549e-5,1.99902581587920181e-2,5.61959589729975617e-1,5.61905582660384706e-1,1.10904104839599094e0,1.29823190074012167e-9,1.21411102405425716e-8,2.06602006465225787e-17,2.68259683936667327e-8,9.99471490485851932e-1,2.38781247996477930e-7
12,4.87092060399415549e-5,1.99902581587920181e-2,5.61905582660384706e-1,5.61851580930376904e-1,1.10893446411920560e0,1.29810713632714733e-9,1.22891826689277812e-8,-3.28640958406073780e-17,2.68696217166385215e-8,9.99423462411301089e-1,2.53469754296631322e-7
13,4.87092060399415549e-5,1.99902581587920181e-2,5.61851580930376904e-1,5.61797585265539690e-1,1.10882789037978435e0,1.29798238301040447e-9,1.31633557062721477e-8,3.91731396845310039e-17,2.67937298348747864e-8,9.99375437423273949e-1,2.66988691155489732e-7
14,4.87092060399415549e-5,1.99902581587920181e-2,5.61797585265539690e-1,5.61743593212857273e-1,1.10872132860949812e0,1.29785764280665456e-9,1.15850961441244179e-8,-8.58319380035055623e-17,2.66013836484480488e-8,9.99327413340239556e-1,2.79338114417271299e-7
15,4.87092060399415549e-5,1.99902581587920181e-2,5.61743593212857273e-1,5.61689605657180846e-1,1.10861477396825081e0,1.29773291180983102e-9,1.08920347468959414e-8,5.71779995748909829e-17,2.64514258198284323e-8,9.99279390949461721e-1,2.90518080592327976e-7
16,4.87092060399415549e-5,1.99902581587920181e-2,5.61689605657180846e-1,5.61635622566770909e-1,1.10850822820208239e0,1.29760819119338653e-9,1.01676663420255347e-8,-4.41726689376382563e-18,2.64217264802570687e-8,9.99231370222962156e-1,3.00528645635900205e-7
17,4.87092060399415549e-5,1.99902581587920181e-2,5.61635622566770909e-1,5.61581647200794620e-1,1.10840169124851173e0,1.29748348182829037e-9,1.27028942502343616e-8,2.26667704133700379e-17,2.63258983309992049e-8,9.99183354060308782e-1,3.09369865947317635e-7
18,4.87092060399415549e-5,1.99902581587920181e-2,5.61581647200794620e-1,5.61527677769361300e-1,1.10829516953779494e0,1.29735878677105927e-9,1.34489740391789086e-8,-5.80951410421428276e-17,2.61977261991464881e-8,9.99135340869863442e-1,3.17041797592843011e-7
19,4.87092060399415549e-5,1.99902581587920181e-2,5.61527677769361300e-1,5.61473712337974495e-1,1.10818865953881174e0,1.29723410548789311e-9,1.22611277056596780e-8,-1.28408226113894055e-17,2.60370622575417937e-8,9.99087328930880370e-1,3.23544496971805984e-7
20,4.87092060399415549e-5,1.99902581587920181e-2,5.61473712337974495e-1,5.61419752108683445e-1,1.10808215743456895e0,1.29710943491784581e-9,1.22757151085487383e-8,6.97512375299256095e-17,2.57915031602663138e-8,9.99039319313058893e-1,3.28878019928424692e-7
21,4.87092060399415549e-5,1.99902581587920181e-2,5.61419752108683445e-1,5.61365797626693586e-1,1.10797566559621341e0,1.29698477514304235e-9,1.28360082128646645e-8,-8.03019659477088800e-17,2.54551038044081302e-8,9.98991312501845918e-1,3.35804481776946773e-7
22,4.87092060399415549e-5,1.99902581587920181e-2,5.61365797626693586e-1,5.61311847728562574e-1,1.10786918509989807e0,1.29686012782990693e-9,1.22334112014637025e-8,-7.79699452775748823e-18,2.52274411605719430e-8,9.98943307462426766e-1,3.41391050096007120e-7
23,4.87092060399415549e-5,1.99902581587920181e-2,5.61311847728562574e-1,5.61257901888036148e-1,1.10776271365052059e0,1.29673549206449038e-9,1.11050006111258251e-8,3.88694204702974585e-17,2.52260635559263189e-8,9.98895303726686667e-1,3.45516270372492329e-7
24,4.87092060399415549e-5,1.99902581587920181e-2,5.61257901888036148e-1,5.61203961257357498e-1,1.10765625020910385e0,1.29661086630645357e-9,1.11292233564419230e-8,-8.96531931417841047e-18,2.52262703051643918e-8,9.98847302320285957e-1,3.48180212661475252e-7
25,4.87092060399415549e-5,1.99902581587920181e-2,5.61203961257357498e-1,5.61150026951736547e-1,1.10754979704938061e0,1.29648625248776945e-9,1.22691568050500229e-8,-3.45017198931990354e-17,2.53138513891926800e-8,9.98799304235992058e-1,3.49382947351095652e-7
26,4.87092060399415549e-5,1.99902581587920181e-2,5.61150026951736547e-1,5.61096094981581084e-1,1.10744335637232738e0,1.29636165305152715e-9,9.42010594214995259e-9,4.58884053098345212e-17,2.54693980335147304e-8,9.98751305923556432e-1,3.49124544718470986e-7
27,4.87092060399415549e-5,1.99902581587920181e-2,5.61096094981581084e-1,5.61042170838539356e-1,1.10733692030538244e0,1.29623706148599709e-9,1.20629279797346065e-8,1.98900144325356797e-17,2.53827759982614395e-8,9.98703312270802002e-1,3.53817744547235691e-7
28,4.87092060399415549e-5,1.99902581587920181e-2,5.61042170838539356e-1,5.60988251525323833e-1,1.10723049968448595e0,1.29611248579628003e-9,1.17092148392806432e-8,-8.46440024191222329e-18,2.53664405385401580e-8,9.98655320610462915e-1,3.70571708985245607e-7
29,4.87092060399415549e-5,1.99902581587920181e-2,5.60988251525323833e-1,5.60934337175271303e-1,1.10712408859579692e0,1.29598792192912832e-9,1.14893028006284175e-8,-5.81331384107610635e-17,2.54321102231215455e-8,9.98607331061601378e-1,3.86505145444360210e-7
30,4.87092060399415549e-5,1.99902581587920181e-2,5.60934337175271303e-1,5.60880428013146082e-1,1.10701768730172412e0,1.29586336889896866e-9,1.14946319817004900e-8,6.78856855139061904e-17,2.53343917972760078e-8,9.98559343824535151e-1,4.01157222773562694e-7
31,4.87092060399415549e-5,1.99902581587920181e-2,5.60880428013146082e-1,5.60826522861883170e-1,1.10691129624653994e0,1.29573882860342369e-9,1.03233950666082484e-8,4.44475741424141295e-18,2.52991435299396847e-8,9.98511357851804671e-1,4.14528002701253229e-7
32,4.87092060399415549e-5,1.99902581587920181e-2,5.60826522861883170e-1,5.60772623878887155e-1,1.10680491310725837e0,1.29561429823569278e-9,1.13099482251123845e-8,2.31221631190825315e-17,2.53189485618558566e-8,9.98463375064219227e-1,4.26617546511742773e-7
33,4.87092060399415549e-5,1.99902581587920181e-2,5.60772623878887155e-1,5.60718729911860447e-1,1.10669854214061414e0,1.29548978052402729e-9,1.11447967666990052e-8,-2.51188034098569042e-17,2.52999445735798318e-8,9.98415394436321768e-1,4.37425916044453800e-7
34,4.87092060399415549e-5,1.99902581587920181e-2,5.60718729911860447e-1,5.60664841559988192e-1,1.10659218107354773e0,1.29536527525789278e-9,1.15793125735541683e-8,-4.55329839985939614e-18,2.52725001541537001e-8,9.98367416501972582e-1,4.46953172916764174e-7
35,4.87092060399415549e-5,1.99902581587920181e-2,5.60664841559988192e-1,5.60610957545665034e-1,1.10648583108795084e0,1.29524078287731129e-9,1.07367627825586347e-8,1.57178014496019136e-17,2.52738272392453423e-8,9.98319440123918156e-1,4.55199378412984856e-7
36,4.87092060399415549e-5,1.99902581587920181e-2,5.60610957545665034e-1,5.60557079141884129e-1,1.10637948966278721e0,1.29511630091594994e-9,1.11676231450678042e-8,-6.98610275582685477e-19,2.53510097813062505e-8,9.98271466435966093e-1,4.62164594372538318e-7
37,4.87092060399415549e-5,1.99902581587920181e-2,5.60557079141884129e-1,5.60503205692100770e-1,1.10627315930995818e0,1.29499183117447919e-9,1.09424781761397567e-8,-8.07593604305037520e-17,2.53888693259841084e-8,9.98223494853799354e-1,4.67848882412802425e-7
38,4.87092060399415549e-5,1.99902581587920181e-2,5.60503205692100770e-1,5.60449337521940483e-1,1.10616683873423827e0,1.29486737338972635e-9,1.10434346973558969e-8,9.88499592457160774e-17,2.54666606105571474e-8,9.98175525667736485e-1,4.72601314749354628e-7
39,4.87092060399415549e-5,1.99902581587920181e-2,5.60449337521940483e-1,5.60395474424877804e-1,1.10606052857801940e0,1.29474292781785478e-9,1.09383735757919771e-8,-2.87564658111793021e-17,2.55752943808076564e-8,9.98127558694203554e-1,4.87146085692558017e-7
40,4.87092060399415549e-5,1.99902581587920181e-2,5.60395474424877804e-1,5.60341616032516976e-1,1.10595422843347246e0,1.29461849340332618e-9,1.04654042119477599e-8,-2.29850810936090187e-17,2.56434060363216434e-8,9.98079593605426973e-1,5.00512699286304041e-7
41,4.87092060399415549e-5,1.99902581587920181e-2,5.60341616032516976e-1,5.60287763437835595e-1,1.10584793757432953e0,1.29449407116348421e-9,1.10858646611451254e-8,3.95401944639065095e-17,2.57297026380103692e-8,9.98031631375113748e-1,5.12701212151966956e-7
42,4.87092060399415549e-5,1.99902581587920181e-2,5.60287763437835595e-1,5.60233914646952269e-1,1.10574165815698366e0,1.29436966196979857e-9,9.71300116335307097e-9,-3.64643250104893012e-17,2.60013881799033132e-8,9.97983670227769903e-1,5.23711680910921018e-7
43,4.87092060399415549e-5,1.99902581587920181e-2,5.60233914646952269e-1,5.60180070975555999e-1,1.10563538624702207e0,1.29424526290224479e-9,9.65619223163605420e-9,-7.75346828392494791e-18,2.62358037728716832e-8,9.97935711335430242e-1,5.33544162295562785e-7
44,4.87092060399415549e-5,1.99902581587920181e-2,5.60180070975555999e-1,5.60126233536414997e-1,1.10552912444062135e0,1.29412087603118004e-9,1.07126436245278030e-8,3.14899668634220374e-17,2.63179570984358634e-8,9.97887755689709888e-1,5.42198712816244210e-7
45,4.87092060399415549e-5,1.99902581587920181e-2,5.60126233536414997e-1,5.60072402939734815e-1,1.10542287493292446e0,1.29399650192690069e-9,1.23798997300756304e-8,-4.18345949597815955e-17,2.62053675993577771e-8,9.97839803834599248e-1,5.49675389094339550e-7
46,4.87092060399415549e-5,1.99902581587920181e-2,5.60072402939734815e-1,5.60018577476290358e-1,1.10531663892824827e0,1.29387214254016063e-9,1.23385883325001711e-8,-1.30371936344482692e-19,2.60727402872659643e-8,9.97791854248010868e-1,5.55974247751223061e-7
47,4.87092060399415549e-5,1.99902581587920181e-2,5.60018577476290358e-1,5.59964757581132844e-1,1.10521041305455814e0,1.29374779608022881e-9,1.27328216028240128e-8,5.03022344409725765e-17,2.60070764193216127e-8,9.97743907317840018e-1,5.61095345519291300e-7
48,4.87092060399415549e-5,1.99902581587920181e-2,5.59964757581132844e-1,5.59910943341692890e-1,1.10510419816975292e0,1.29362346148888150e-9,1.32150208751181834e-8,-3.49379286261451992e-17,2.58483571180421796e-8,9.97695963122343432e-1,5.67306477239348794e-7
49,4.87092060399415549e-5,1.99902581587920181e-2,5.59910943341692890e-1,5.59857133212003477e-1,1.10499799444663971e0,1.29349914033030834e-9,1.21517966603188539e-8,9.57367591312543510e-18,2.57198397187035710e-8,9.97648020284524817e-1,5.75751387899003930e-7
50,4.87092060399415549e-5,1.99902581587920181e-2,5.59857133212003477e-1,5.59803329730119925e-1,1.10489179883445776e0,1.29337482918284591e-9,1.36270228910334970e-8,-2.94986172198455539e-18,2.55547746864498374e-8,9.97600081066050026e-1,5.89573123654929532e-7
51,4.87092060399415549e-5,1.99902581587920181e-2,5.59803329730119925e-1,5.59749529564674497e-1,1.10478561634151728e0,1.29325053274202695e-9,1.17715203672939623e-8,1.48813861926903440e-17,2.54679768317902378e-8,9.97552142498903449e-1,6.02067763977309767e-7
52,4.87092060399415549e-5,1.99902581587920181e-2,5.59749529564674497e-1,5.59695736013188894e-1,1.10467944039399613e0,1.29312624434900470e-9,1.32138583800538312e-8,1.04843107776789377e-17,2.53828648252518617e-8,9.97504207521737518e-1,6.13235372703968551e-7
53,4.87092060399415549e-5,1.99902581587920181e-2,5.59695736013188894e-1,5.59641945783163508e-1,1.10457327749858192e0,1.29300196964020008e-9,1.13643325561739911e-8,-1.94829621618207850e-17,2.53766677256353143e-8,9.97456273200855281e-1,6.23076013561707498e-7
54,4.87092060399415549e-5,1.99902581587920181e-2,5.59641945783163508e-1,5.59588161240813897e-1,1.10446712115911394e0,1.29287770452307475e-9,1.18813415671166163e-8,-2.09357427803701177e-18,2.53333629086930404e-8,9.97408341645125374e-1,6.31589750388350524e-7
55,4.87092060399415549e-5,1.99902581587920181e-2,5.59588161240813897e-1,5.59534381257494107e-1,1.10436097604403050e0,1.29275345150551708e-9,1.12702513622028654e-8,-4.56772608410354605e-18,2.52655561538375218e-8,9.97360411849133377e-1,6.38776647021721544e-7
56,4.87092060399415549e-5,1.99902581587920181e-2,5.59534381257494107e-1,5.59480606076009135e-1,1.10425483992684326e0,1.29262921038180993e-9,1.09024043768365908e-8,4.02260711211395536e-17,2.51995119722381219e-8,9.97312484029453050e-1,6.44636766966577568e-7
57,4.87092060399415549e-5,1.99902581587920181e-2,5.59480606076009135e-1,5.59426836408720374e-1,1.10414871328609743e0,1.29250497986309467e-9,1.12473804839524449e-8,-3.60367586605830914e-17,2.51592465771452343e-8,9.97264558821365221e-1,6.49170174393809418e-7
58,4.87092060399415549e-5,1.99902581587920181e-2,5.59426836408720374e-1,5.59373070993962496e-1,1.10404259752774614e0,1.29238076204163159e-9,1.03312211953033423e-8,1.58056546480999456e-17,2.51688557461680310e-8,9.97216635100624194e-1,6.52376932808174104e-7
59,4.87092060399415549e-5,1.99902581587920181e-2,5.59373070993962496e-1,5.59319310303620365e-1,1.10393649016210538e0,1.29225655462104282e-9,9.88735565673145140e-9,-2.60486371364277626e-17,2.51916905989332039e-8,9.97168713288069442e-1,6.54257105936473238e-7
60,4.87092060399415549e-5,1.99902581587920181e-2,5.59319310303620365e-1,5.59265554939583742e-1,1.10383039212030232e0,1.29213235827119948e-9,1.00458339230237165e-8,3.31483581124724511e-17,2.53010159031023007e-8,9.97120793920542647e-1,6.54810757616530736e-7
61,4.87092060399415549e-5,1.99902581587920181e-2,5.59265554939583742e-1,5.59211805382275884e-1,1.10372430459010906e0,1.29200817411221476e-9,1.06852476173795897e-8,-7.90114963633159275e-17,2.53959435278636498e-8,9.97072877426711579e-1,6.55805836080602944e-7
62,4.87092060399415549e-5,1.99902581587920181e-2,5.59211805382275884e-1,5.59158061624740577e-1,1.10361822851910785e0,1.29188400235957604e-9,1.13182630027877842e-8,6.01361777707541464e-17,2.53518582205992610e-8,9.97024963800779540e-1,6.67750806648825801e-7
63,4.87092060399415549e-5,1.99902581587920181e-2,5.59158061624740577e-1,5.59104323542532144e-1,1.10351216389381390e0,1.29175984390198880e-9,1.18273904076914043e-8,1.81952934109819370e-18,2.53346810667890201e-8,9.96977052932203844e-1,6.78411745114182452e-7
64,4.87092060399415549e-5,1.99902581587920181e-2,5.59104323542532144e-1,5.59050589403886078e-1,1.10340611046881798e0,1.29163569823764928e-9,1.06052988696074560e-8,-7.82567370677531425e-17,2.54423368279059027e-8,9.96929143277261010e-1,6.91512081596457051e-7
65,4.87092060399415549e-5,1.99902581587920181e-2,5.59050589403886078e-1,5.58996861479259199e-1,1.10330006482685650e0,1.29151156253763455e-9,1.16540430159942586e-8,7.52210388136039594e-17,2.55145464661278968e-8,9.96881236860683417e-1,7.03477987529232962e-7
66,4.87092060399415549e-5,1.99902581587920181e-2,5.58996861479259199e-1,5.58943137832624171e-1,1.10319403144842143e0,1.29138744111200929e-9,1.07673574343051217e-8,-4.93163658453461509e-17,2.56276257277207292e-8,9.96833331956528679e-1,7.14248670985462297e-7
67,4.87092060399415549e-5,1.99902581587920181e-2,5.58943137832624171e-1,5.58889419663497478e-1,1.10308800651292804e0,1.29126332998594154e-9,1.10805993549794376e-8,4.86124566507594507e-17,2.56743129020951204e-8,9.96785429634686859e-1,7.23824189252653127e-7
68,4.87092060399415549e-5,1.99902581587920181e-2,5.58889419663497478e-1,5.58835705001848870e-1,1.10298199238721839e0,1.29113923109202092e-9,9.42433768061289715e-9,1.52891895434014368e-17,2.57910971622712868e-8,9.96737528138643691e-1,7.32508460998815281e-7
69,4.87092060399415549e-5,1.99902581587920181e-2,5.58835705001848870e-1,5.58781996510564483e-1,1.10287598518381125e0,1.29101514055589723e-9,1.04312992741108966e-8,1.94186174363315101e-17,2.57954660846094958e-8,9.96689629843447111e-1,7.47504178111313422e-7
70,4.87092060399415549e-5,1.99902581587920181e-2,5.58781996510564483e-1,5.58728295058959712e-1,1.10276999015780741e0,1.29089106448265453e-9,1.23081694702045800e-8,-4.44121294531662323e-17,2.57898418564989543e-8,9.96641735524816386e-1,7.61175608321451591e-7
71,4.87092060399415549e-5,1.99902581587920181e-2,5.58728295058959712e-1,5.58674597469148715e-1,1.10266400902391104e0,1.29076700292437831e-9,1.10078303723852971e-8,1.31141876058647050e-18,2.57796297529277100e-8,9.96593842348945436e-1,7.73522815245009099e-7
72,4.87092060399415549e-5,1.99902581587920181e-2,5.58674597469148715e-1,5.58620905108506816e-1,1.10255803551240184e0,1.29064295252325398e-9,1.10752379369780468e-8,-2.20286204231200783e-17,2.58024109167345110e-8,9.96545951535618535e-1,7.84545862497765256e-7
73,4.87092060399415549e-5,1.99902581587920181e-2,5.58620905108506816e-1,5.58567218844503111e-1,1.10245207232030107e0,1.29051891266323734e-9,1.20106171824656185e-8,9.94498405521068837e-18,2.56903289303724717e-8,9.96498063858967331e-1,7.94244813695499374e-7
74,4.87092060399415549e-5,1.99902581587920181e-2,5.58567218844503111e-1,5.58513538524743169e-1,1.10234612115982045e0,1.29039488652844870e-9,1.27941880445691786e-8,3.18337547065276514e-17,2.56368957888287734e-8,9.96450179183539619e-1,8.02619732453990764e-7
75,4.87092060399415549e-5,1.99902581587920181e-2,5.58513538524743169e-1,5.58459862371594840e-1,1.10224018173005978e0,1.29027087335271551e-9,1.18006982538386423e-8,-6.49373077539405552e-17,2.56545166792838706e-8,9.96402295923907944e-1,8.11267965472595165e-7
76,4.87092060399415549e-5,1.99902581587920181e-2,5.58459862371594840e-1,5.58406190836215677e-1,1.10213425052372838e0,1.29014687072767746e-9,1.12587663806666517e-8,2.26514990049010839e-17,2.56801222194217788e-8,9.96354414482776618e-1,8.23670987304403468e-7
77,4.87092060399415549e-5,1.99902581587920181e-2,5.58406190836215677e-1,5.58352524596964273e-1,1.10202832843112053e0,1.29002287991674331e-9,1.13956371339618556e-8,-1.42835116264655913e-17,2.57627602178833637e-8,9.96306535465639631e-1,8.34841522467932862e-7
78,4.87092060399415549e-5,1.99902581587920181e-2,5.58352524596964273e-1,5.58298864342420487e-1,1.10192241679035430e0,1.28989890117716479e-9,1.22215967385398046e-8,4.61381443716540811e-17,2.57252946878339103e-8,9.96258659487242793e-1,8.44779629916025954e-7
79,4.87092060399415549e-5,1.99902581587920181e-2,5.58298864342420487e-1,5.58245208410671601e-1,1.10181651696043614e0,1.28977493578270864e-9,1.13862190784817903e-8,-6.36771659195262468e-17,2.57156718550900647e-8,9.96210785065056781e-1,8.53485369267659166e-7
80,4.87092060399415549e-5,1.99902581587920181e-2,5.58245208410671601e-1,5.58191557368694524e-1,1.10171062566216138e0,1.28965098132828560e-9,1.11182336191241964e-8,9.43164370799415991e-17,2.58414313244279667e-8,9.96162912705320758e-1,8.60958799475675107e-7
81,4.87092060399415549e-5,1.99902581587920181e-2,5.58191557368694524e-1,5.58137911492609162e-1,1.10160474401382080e0,1.28952703806119146e-9,1.11268383680897186e-8,-2.18562475639926031e-17,2.58963953348321763e-8,9.96115042654685423e-1,8.67199979825983291e-7
82,4.87092060399415549e-5,1.99902581587920181e-2,5.58137911492609162e-1,5.58084271180545488e-1,1.10149887256090029e0,1.28940310762805723e-9,1.15340696127878367e-8,-6.23461247804487934e-17,2.60002305466649213e-8,9.96067175268800953e-1,8.72208969604493234e-7
83,4.87092060399415549e-5,1.99902581587920181e-2,5.58084271180545488e-1,5.58030636738894081e-1,1.10139301208811036e0,1.28927918886121758e-9,1.22482261570057252e-8,-9.99222599435481689e-19,2.59567535636061868e-8,9.96019310821467885e-1,8.75985828097114450e-7
84,4.87092060399415549e-5,1.99902581587920181e-2,5.58030636738894081e-1,5.57977007789130952e-1,1.10128716320065134e0,1.28915528324904715e-9,1.25844230396492710e-8,3.11060392539116751e-17,2.58777713090064551e-8,9.95971448975298324e-1,8.78530614367711848e-7
85,4.87092060399415549e-5,1.99902581587920181e-2,5.57977007789130952e-1,5.57923383181903154e-1,1.10118132515105693e0,1.28903138908133200e-9,1.17717949408837660e-8,-9.19719789221172540e-18,2.57471679005870082e-8,9.95923588704783480e-1,8.79843387702194946e-7
86,4.87092060399415549e-5,1.99902581587920181e-2,5.57923383181903154e-1,5.57869763723184087e-1,1.10107549567216267e0,1.28890750628619616e-9,1.17655575977035883e-8,5.46792044040152688e-17,2.56719450025433807e-8,9.95875730729627429e-1,8.79924207275450954e-7
87,4.87092060399415549e-5,1.99902581587920181e-2,5.57869763723184087e-1,5.57816149369948389e-1,1.10096967635389920e0,1.28878363495143078e-9,1.17167900032351324e-8,-8.64196498287244885e-17,2.56790428765106315e-8,9.95827875011682462e-1,8.83822891095675800e-7
88,4.87092060399415549e-5,1.99902581587920181e-2,5.57816149369948389e-1,5.57762540238401661e-1,1.10086386711150386e0,1.28865977581218435e-9,1.17847185177017451e-8,3.95941861968490707e-17,2.57291368276965701e-8,9.95780021655040093e-1,9.06864462191236953e-7
89,4.87092060399415549e-5,1.99902581587920181e-2,5.57762540238401661e-1,5.57708936149062584e-1,1.10075806817408361e0,1.28853592852600369e-9,1.16736677674659070e-8,4.69118113616586032e-17,2.57137327261681072e-8,9.95732170499812774e-1,9.28581359693758657e-7
90,4.87092060399415549e-5,1.99902581587920181e-2,5.57708936149062584e-1,5.57655336917656452e-1,1.10065227918760455e0,1.28841209303275484e-9,1.13788271186639061e-8,-6.31548658827867890e-17,2.55921206304275449e-8,9.95684321381825388e-1,9.48973647107997920e-7
91,4.87092060399415549e-5,1.99902581587920181e-2,5.57655336917656452e-1,5.57601743007041462e-1,1.10054649978843755e0,1.28828826846039132e-9,1.15473114712854615e-8,1.00751260353448813e-18,2.55427643001637207e-8,9.95636474714553854e-1,9.68041388160756355e-7
92,4.87092060399415549e-5,1.99902581587920181e-2,5.57601743007041462e-1,5.57548154187473832e-1,1.10044073088986250e0,1.28816445621738561e-9,1.14865635622327931e-8,1.04505055604051206e-17,2.55318239486213803e-8,9.95588630293266608e-1,9.85784646578835577e-7
93,4.87092060399415549e-5,1.99902581587920181e-2,5.57548154187473832e-1,5.57494570294366887e-1,1.10033497203867325e0,1.28804065613280581e-9,1.12617183425144892e-8,4.09744346562060786e-17,2.54499185432482004e-8,9.95540787971344709e-1,1.00220348597801490e-6
94,4.87092060399415549e-5,1.99902581587920181e-2,5.57494570294366887e-1,5.57440991511101269e-1,1.10022922290996727e0,1.28791686752701136e-9,1.12207274306918856e-8,-2.94393530376785796e-17,2.54640887061802559e-8,9.95492947912820947e-1,1.01729796997407362e-6
95,4.87092060399415549e-5,1.99902581587920181e-2,5.57440991511101269e-1,5.57387419037003840e-1,1.10012348386547387e0,1.28779308992868904e-9,1.23795544974447540e-8,-3.53970105573896794e-17,2.54024400784381851e-8,9.95445111188977494e-1,1.03106816240483568e-6
96,4.87092060399415549e-5,1.99902581587920181e-2,5.57387419037003840e-1,5.57333850195695257e-1,1.10001775727214102e0,1.28766932710041067e-9,1.08626086228784661e-8,3.09636384570994463e-17,2.54249264180448035e-8,9.95397275410232263e-1,1.04351412655301345e-6
97,4.87092060399415549e-5,1.99902581587920181e-2,5.57333850195695257e-1,5.57280287817989550e-1,1.09991203784845082e0,1.28754557269040875e-9,1.21768260675304292e-8,2.49181260845290895e-17,2.53568211517258380e-8,9.95349443104822318e-1,1.05463592647847548e-6
98,4.87092060399415549e-5,1.99902581587920181e-2,5.57280287817989550e-1,5.57226730464714270e-1,1.09980633118059257e0,1.28742183303607252e-9,1.20524924042987889e-8,-9.42445583934331912e-18,2.53089191501447120e-8,9.95301612987941287e-1,1.06443362557495647e-6
99,4.87092060399415549e-5,1.99902581587920181e-2,5.57226730464714270e-1,5.57173178095671129e-1,1.09970063442865063e0,1.28729810512218784e-9,1.18884433683454947e-8,2.44734718375287592e-17,2.53055672396862161e-8,9.95253785023990867e-1,1.07290728756925802e-6
100,4.87092060399415549e-5,1.99902581587920181e-2,5.57173178095671129e-1,5.57119630246827313e-1,1.09959494751321940e0,1.28717438877372224e-9,1.12608407456346507e-8,-4.99798457603137092e-17,2.52217962394964088e-8,9.95205958798791812e-1,1.08005697596613714e-6
101,4.87092060399415549e-5,1.99902581587920181e-2,5.57119630246827313e-1,5.57066087856701531e-1,1.09948926951894776e0,1.28705068367629582e-9,1.15721911707860891e-8,6.62473649752387634e-17,2.50997096756973656e-8,9.95158135150922996e-1,1.08588275460341777e-6
102,4.87092060399415549e-5,1.99902581587920181e-2,5.57066087856701531e-1,5.57012550251080873e-1,1.09938360229715948e0,1.28692698997159819e-9,1.12098536376185286e-8,-5.92080910496370000e-17,2.50076568602416064e-8,9.95110313478514197e-1,1.09038468709687919e-6
103,4.87092060399415549e-5,1.99902581587920181e-2,5.57012550251080873e-1,5.56959017818133395e-1,1.09927794451795169e0,1.28680330796846696e-9,1.12361438744496681e-8,2.74831982748050023e-17,2.49918988908383417e-8,9.95062494128599817e-1,1.09356283695127843e-6
104,4.87092060399415549e-5,1.99902581587920181e-2,5.56959017818133395e-1,5.56905489697522960e-1,1.09917229694735918e0,1.28667963830601558e-9,1.04025953767811666e-8,-4.57815534270273713e-17,2.49754305485119991e-8,9.95014676332916737e-1,1.09541726778239479e-6
105,4.87092060399415549e-5,1.99902581587920181e-2,5.56905489697522960e-1,5.56851966464814385e-1,1.09906665788753788e0,1.28655597926321310e-9,1.01450260750823794e-8,4.52925986951411511e-17,2.50282669761308332e-8,9.94966860605905778e-1,1.09594804331702989e-6
106,4.87092060399415549e-5,1.99902581587920181e-2,5.56851966464814385e-1,5.56798448148255631e-1,1.09896102847408317e0,1.28643233194652381e-9,9.91617469202781559e-9,3.23921313985029970e-17,2.51447140149757073e-8,9.94919046973109844e-1,1.09515522717096303e-6
107,4.87092060399415549e-5,1.99902581587920181e-2,5.56798448148255631e-1,5.56744935747559455e-1,1.09885540876281285e0,1.28630869572501859e-9,1.06875087204094475e-8,-6.03295444738282175e-17,2.51987479124474637e-8,9.94871236328034980e-1,1.09303888284895123e-6
108,4.87092060399415549e-5,1.99902581587920181e-2,5.56744935747559455e-1,5.56691430292621026e-1,1.09874980072649064e0,1.28618507290719331e-9,1.24893064190566931e-8,9.88271058997524624e-18,2.52848587507829412e-8,9.94823429591366826e-1,1.08959907418881841e-6
109,4.87092060399415549e-5,1.99902581587920181e-2,5.56691430292621026e-1,5.56637928650520197e-1,1.09864420639690819e0,1.28606146403463826e-9,1.11588516749924175e-8,7.74242542274736499e-18,2.54703874162570704e-8,9.94775623964163636e-1,1.09314508534019694e-6
110,4.87092060399415549e-5,1.99902581587920181e-2,5.56637928650520197e-1,5.56584431333886021e-1,1.09853861959309440e0,1.28593786653208336e-9,1.03413925433524887e-8,6.34387972824068409e-18,2.56800324602124515e-8,9.94727819904711374e-1,1.10313071677303753e-6
111,4.87092060399415549e-5,1.99902581587920181e-2,5.56584431333886021e-1,5.56530940383055728e-1,1.09843304132571307e0,1.28581427877099838e-9,1.15646864551130447e-8,-1.28532551359960775e-17,2.57962287916937252e-8,9.94680019236559576e-1,1.11183527506941715e-6
112,4.87092060399415549e-5,1.99902581587920181e-2,5.56530940383055728e-1,5.56477454823055107e-1,1.09832747562048705e0,1.28569070362218601e-9,1.18136179523559731e-8,4.99962305538871596e-17,2.57981147796912078e-8,9.94632221088897817e-1,1.11925882151364675e-6
113,4.87092060399415549e-5,1.99902581587920181e-2,5.56477454823055107e-1,5.56423972832821412e-1,1.09822192055444723e0,1.28556714107068213e-9,1.02420050141591946e-8,1.69544298479237896e-17,2.57990501738652263e-8,9.94584423834533715e-1,1.12540141794514881e-6
114,4.87092060399415549e-5,1.99902581587920181e-2,5.56423972832821412e-1,5.56370496321300534e-1,1.09811637253398842e0,1.28544358775264595e-9,1.05796812189847831e-8,-9.34315473847731969e-17,2.58744527862430296e-8,9.94536629179746612e-1,1.13026312587027888e-6
115,4.87092060399415549e-5,1.99902581587920181e-2,5.56370496321300534e-1,5.56317024773654523e-1,1.09801083532573496e0,1.28532004690223474e-9,1.04030458575200920e-8,5.38847751806356657e-17,2.59561854453350501e-8,9.94488836664788045e-1,1.13927276856884419e-6
116,4.87092060399415549e-5,1.99902581587920181e-2,5.56317024773654523e-1,5.56263559989761514e-1,1.09790530791384278e0,1.28519651735110202e-9,1.20267660066208154e-8,-1.22527104307540037e-17,2.58606491993894644e-8,9.94441047898766306e-1,1.15170040049239475e-6
117,4.87092060399415549e-5,1.99902581587920181e-2,5.56263559989761514e-1,5.56210098500457772e-1,1.09779979384983761e0,1.28507300246992441e-9,1.01819724802670863e-8,1.33079397751042258e-17,2.58456261902906518e-8,9.94393259781104821e-1,1.16280673378987842e-6
118,4.87092060399415549e-5,1.99902581587920181e-2,5.56210098500457772e-1,5.56156642866062034e-1,1.09769428628798615e0,1.28494949561156763e-9,1.08978144901695455e-8,-5.58626980285091885e-17,2.58252651171490305e-8,9.94345474600734081e-1,1.17259183185502991e-6
119,4.87092060399415549e-5,1.99902581587920181e-2,5.56156642866062034e-1,5.56103193110608185e-1,1.09758879028112344e0,1.28482600302443471e-9,1.16382530858893006e-8,-4.80433117215698898e-18,2.58284793953025922e-8,9.94297692379529141e-1,1.18237294366441148e-6
120,4.87092060399415549e-5,1.99902581587920181e-2,5.56103193110608185e-1,5.56049748777152741e-1,1.09748330587618526e0,1.28470252338507223e-9,1.19223133366046874e-8,1.57938904854282164e-17,2.58513903364875073e-8,9.94249912709412542e-1,1.19478586291243971e-6
121,4.87092060399415549e-5,1.99902581587920181e-2,5.56049748777152741e-1,5.55996310432082197e-1,1.09737783217154505e0,1.28457905621526517e-9,1.27732812493438480e-8,5.81750731590950518e-17,2.59438167774486164e-8,9.94202136097158462e-1,1.20584024099201770e-6
122,4.87092060399415549e-5,1.99902581587920181e-2,5.55996310432082197e-1,5.55942876732295144e-1,1.09727237028493851e0,1.28445560245450644e-9,1.22817234820072615e-8,6.39394235327361843e-18,2.60111014532304915e-8,9.94154361342283965e-1,1.21553614318425929e-6
123,4.87092060399415549e-5,1.99902581587920181e-2,5.55942876732295144e-1,5.55889447431128669e-1,1.09716691756650864e0,1.28433216148655746e-9,1.15439493863885621e-8,-6.76077544824495982e-17,2.60683290565179206e-8,9.94106588224484722e-1,1.22387363488130063e-6
124,4.87092060399415549e-5,1.99902581587920181e-2,5.55889447431128669e-1,5.55836024120425987e-1,1.09706147352897232e0,1.28420873063727626e-9,1.23984411982283012e-8,-6.95616047201366028e-18,2.60211348924332497e-8,9.94058818167500857e-1,1.23085278103118867e-6
125,4.87092060399415549e-5,1.99902581587920181e-2,5.55836024120425987e-1,5.55782606029979309e-1,1.09695604131363855e0,1.28408531348597035e-9,1.24833010544271459e-8,5.92979476795786354e-17,2.60566526339076534e-8,9.94011050482949909e-1,1.23647364747014876e-6
126,4.87092060399415549e-5,1.99902581587920181e-2,5.55782606029979309e-1,5.55729193174147595e-1,1.09685061940093442e0,1.28396190938361252e-9,1.25830218108260931e-8,3.68600449068122194e-18,2.61675467902010606e-8,9.93963285184037648e-1,1.24454122063522021e-6
127,4.87092060399415549e-5,1.99902581587920181e-2,5.55729193174147595e-1,5.55675785404947109e-1,1.09674520781871876e0,1.28383851692415847e-9,1.25352619999088581e-8,-4.27384932654264663e-17,2.60713345243513251e-8,9.93915522138779761e-1,1.25376753257189222e-6
128,4.87092060399415549e-5,1.99902581587920181e-2,5.55675785404947109e-1,5.55622383657350394e-1,1.09663980627491875e0,1.28371513521662488e-9,1.34229636205645972e-8,-2.44030820761229468e-17,2.57197677438459939e-8,9.93867762183696546e-1,1.26176437509339934e-6
129,4.87092060399415549e-5,1.99902581587920181e-2,5.55622383657350394e-1,5.55568986336421267e-1,1.09653441661476769e0,1.28359176723019124e-9,1.27163078489368571e-8,3.24754797713850652e-17,2.55191148178465527e-8,9.93820003892700199e-1,1.26853180748565109e-6
130,4.87092060399415549e-5,1.99902581587920181e-2,5.55568986336421267e-1,5.55515593597137980e-1,1.09642903569038652e0,1.28346840853780779e-9,1.21650559277389556e-8,-5.50108194572265525e-18,2.52749457518845041e-8,9.93772247404632436e-1,1.27406988892353468e-6
131,4.87092060399415549e-5,1.99902581587920181e-2,5.55515593597137980e-1,5.55462205793783248e-1,1.09632366380860247e0,1.28334506182425113e-9,1.19685270897456232e-8,3.33444627833740726e-17,2.50328798925159540e-8,9.93724493036683088e-1,1.27919617387561857e-6
132,4.87092060399415549e-5,1.99902581587920181e-2,5.55462205793783248e-1,5.55408822561344717e-1,1.09621830166776069e0,1.28322172548144804e-9,1.14074604780191745e-8,-4.45610550506502794e-17,2.48108672972080788e-8,9.93676740462648422e-1,1.28799279608404760e-6
133,4.87092060399415549e-5,1.99902581587920181e-2,5.55408822561344717e-1,5.55355445328021280e-1,1.09611294854789443e0,1.28309840016051642e-9,1.22750320192036772e-8,1.06394038338101802e-17,2.45793947001165097e-8,9.93628990960410241e-1,1.29676926019506311e-6
134,4.87092060399415549e-5,1.99902581587920181e-2,5.55355445328021280e-1,5.55302072564561211e-1,1.09600760726703239e0,1.28297508809531541e-9,1.16139285750631939e-8,-1.88487048835335000e-17,2.43967092858812197e-8,9.93581243162322214e-1,1.31069672504313672e-6
135,4.87092060399415549e-5,1.99902581587920181e-2,5.55302072564561211e-1,5.55248704794253589e-1,1.09590227480786484e0,1.28285178732102182e-9,1.14765438506970289e-8,-2.93276555308430941e-18,2.43396978352589685e-8,9.93533497536780108e-1,1.33115205525058400e-6
136,4.87092060399415549e-5,1.99902581587920181e-2,5.55248704794253589e-1,5.55195341658866859e-1,1.09579695220260831e0,1.28272849689226188e-9,1.09814074955196755e-8,5.41047820625176196e-17,2.41785693114842987e-8,9.93485753763584167e-1,1.35028570091844102e-6
137,4.87092060399415549e-5,1.99902581587920181e-2,5.55195341658866859e-1,5.55141983829162800e-1,1.09569163874467934e0,1.28260521768592645e-9,1.11574785668247542e-8,1.19534546831057944e-17,2.43029950873484837e-8,9.93438012443190743e-1,1.36809772566248711e-6
138,4.87092060399415549e-5,1.99902581587920181e-2,5.55141983829162800e-1,5.55088631710245139e-1,1.09558633575746911e0,1.28248195024645030e-9,1.17391633847480907e-8,-3.98516494712286508e-17,2.45558769814875214e-8,9.93390273938442481e-1,1.34832368114956580e-6
139,4.87092060399415549e-5,1.99902581587920181e-2,5.55088631710245139e-1,5.55035282731392687e-1,1.09548104404052760e0,1.28235869608070318e-9,9.75067583590195633e-9,3.62118661788156669e-17,2.48869426146924793e-8,9.93342535949309879e-1,1.36230389535807461e-6
140,4.87092060399415549e-5,1.99902581587920181e-2,5.55035282731392687e-1,5.54981937586594865e-1,1.09537575852114610e0,1.28223545011006083e-9,8.45647966477738936e-9,2.60630979078964146e-17,2.50803233500279487e-8,9.93294799096938186e-1,1.37713827152996515e-6
141,4.87092060399415549e-5,1.99902581587920181e-2,5.54981937586594865e-1,5.54928598428053754e-1,1.09527048056911203e0,1.28211221493149029e-9,9.31485418680880937e-9,-5.32490240141621099e-18,2.53782758007798155e-8,9.93247065307540589e-1,1.39065696314055742e-6
142,4.87092060399415549e-5,1.99902581587920181e-2,5.54928598428053754e-1,5.54875264127335788e-1,1.09516521443062320e0,1.28198899169443759e-9,9.04537050426118113e-9,1.55264596846673724e-17,2.55923128931392918e-8,9.93199333571650356e-1,1.40286003336154153e-6
143,4.87092060399415549e-5,1.99902581587920181e-2,5.54875264127335788e-1,5.54821934156915719e-1,1.09505995787940047e0,1.28186578057062564e-9,8.24882864519018868e-9,-5.68048732898193380e-17,2.57028792004220770e-8,9.93151603417462003e-1,1.41374754536460756e-6
144,4.87092060399415549e-5,1.99902581587920181e-2,5.54821934156915719e-1,5.54768610609976398e-1,1.09495470987409194e0,1.28174257940851941e-9,9.54588578765644023e-9,-2.66705594974206569e-17,2.57717871203998794e-8,9.93103876718705592e-1,1.42331956254349024e-6
145,4.87092060399415549e-5,1.99902581587920181e-2,5.54768610609976398e-1,5.54715292367180424e-1,1.09484947454534809e0,1.28161939248092159e-9,9.72422294384764966e-9,4.03675156971636712e-17,2.58471920538642228e-8,9.93056152473902998e-1,1.43157614795885735e-6
146,4.87092060399415549e-5,1.99902581587920181e-2,5.54715292367180424e-1,5.54661979713364173e-1,1.09474424968443129e0,1.28149621747078990e-9,1.01879064896152470e-8,-3.78415095928574127e-17,2.59884423557964305e-8,9.93008430938465803e-1,1.43851736489342130e-6
147,4.87092060399415549e-5,1.99902581587920181e-2,5.54661979713364173e-1,5.54608673007950026e-1,1.09463903585353162e0,1.28137305612735738e-9,1.10115495426932878e-8,7.09529225104507953e-18,2.61422806334421447e-8,9.92960712434454162e-1,1.44414327662989450e-6
148,4.87092060399415549e-5,1.99902581587920181e-2,5.54608673007950026e-1,5.54555372337089958e-1,1.09453383376112812e0,1.28124990676038323e-9,1.19219163561833304e-8,2.69202605089320394e-17,2.62354828070804921e-8,9.92912997039493650e-1,1.44845394633996705e-6
149,4.87092060399415549e-5,1.99902581587920181e-2,5.54555372337089958e-1,5.54502077269127591e-1,1.09442864357835545e0,1.28112677244987590e-9,1.24012068985687338e-8,3.41385892586494813e-17,2.63236775200478267e-8,9.92865284367527301e-1,1.45758914738003398e-6
150,4.87092060399415549e-5,1.99902581587920181e-2,5.54502077269127591e-1,5.54448787511077512e-1,1.09432346445237871e0,1.28100364911354771e-9,1.25880507170377877e-8,-9.16493834463052485e-17,2.63886849757785811e-8,9.92817574156699467e-1,1.46942849610365300e-6
151,4.87092060399415549e-5,1.99902581587920181e-2,5.54448787511077512e-1,5.54395501768557897e-1,1.09421829580587970e0,1.28088053890864535e-9,1.14810228267078895e-8,1.01321902479547095e-16,2.64672468705556581e-8,9.92769865248374628e-1,1.47998095290091669e-6
152,4.87092060399415549e-5,1.99902581587920181e-2,5.54395501768557897e-1,5.54342221430488835e-1,1.09411313508517338e0,1.28075744060034866e-9,1.17633014695181721e-8,-1.01628889057200225e-16,2.66076722273473790e-8,9.92722158886375716e-1,1.48924657938920291e-6
153,4.87092060399415549e-5,1.99902581587920181e-2,5.54342221430488835e-1,5.54288948052360730e-1,1.09400798502999663e0,1.28063435392248663e-9,1.36015896534762603e-8,5.52752906057556818e-17,2.65549253515459480e-8,9.92674456463946364e-1,1.49722543762997873e-6
154,4.87092060399415549e-5,1.99902581587920181e-2,5.54288948052360730e-1,5.54235678762394990e-1,1.09390284870977039e0,1.28051128175199177e-9,1.25687684849500846e-8,-2.40249513483453562e-17,2.65844395206365229e-8,9.92626755410040085e-1,1.50436768875383819e-6
155,4.87092060399415549e-5,1.99902581587920181e-2,5.54235678762394990e-1,5.54182416229606289e-1,1.09379772045811929e0,1.28038822045416258e-9,1.42053548913849911e-8,6.74514504339015781e-19,2.64251628554380738e-8,9.92579058115010793e-1,1.51192587816151303e-6
156,4.87092060399415549e-5,1.99902581587920181e-2,5.54182416229606289e-1,5.54129158460626492e-1,1.09369260554119818e0,1.28026517271085280e-9,1.38492226794302171e-8,1.71036184888426286e-17,2.61235954999389521e-8,9.92531362794172090e-1,1.51820024618665173e-6
157,4.87092060399415549e-5,1.99902581587920181e-2,5.54129158460626492e-1,5.54075905945980551e-1,1.09358750002608041e0,1.28014213603218366e-9,1.39840733641827469e-8,3.41163050129473028e-17,2.58817210238704838e-8,9.92483669887171405e-1,1.52319085455765446e-6
158,4.87092060399415549e-5,1.99902581587920181e-2,5.54075905945980551e-1,5.54022658202826479e-1,1.09348240488038373e0,1.28001911141990170e-9,1.36365872013061619e-8,-1.56470973595633310e-17,2.55910024437972197e-8,9.92435978961872634e-1,1.52689776489189910e-6
159,4.87092060399415549e-5,1.99902581587920181e-2,5.54022658202826479e-1,5.53969415011269728e-1,1.09337731915149083e0,1.27989609793999157e-9,1.30696650898449233e-8,1.00571150046871517e-17,2.51988927707694771e-8,9.92388289821603542e-1,1.52932103902880812e-6
160,4.87092060399415549e-5,1.99902581587920181e-2,5.53969415011269728e-1,5.53916175846636660e-1,1.09327224240550058e0,1.27977309564113782e-9,1.19785069139846820e-8,1.17110576764032552e-18,2.48976506180564232e-8,9.92340601996622551e-1,1.53166894678591348e-6
161,4.87092060399415549e-5,1.99902581587920181e-2,5.53916175846636660e-1,5.53862941825345567e-1,1.09316717360693794e0,1.27965010293229060e-9,1.20041540899561983e-8,3.48986342383264802e-17,2.45566388442094554e-8,9.92292916487248156e-1,1.54803983354323549e-6
162,4.87092060399415549e-5,1.99902581587920181e-2,5.53862941825345567e-1,5.53809712356609807e-1,1.09306211495883843e0,1.27952712211165853e-9,1.14395090968372245e-8,4.99722638228190482e-18,2.43981403222573635e-8,9.92245232764502161e-1,1.56305485377039588e-6
163,4.87092060399415549e-5,1.99902581587920181e-2,5.53809712356609807e-1,5.53756487588605628e-1,1.09295706529537306e0,1.27940415197144460e-9,1.10234780367783317e-8,-8.52042898983125760e-17,2.42026659345642443e-8,9.92197550961439356e-1,1.57671407263748620e-6
164,4.87092060399415549e-5,1.99902581587920181e-2,5.53756487588605628e-1,5.53703267670748067e-1,1.09285202490898570e0,1.27928119296157116e-9,1.07573137031451217e-8,2.04514285317203200e-18,2.41510934098075189e-8,9.92149871212200218e-1,1.58901755520357568e-6
165,4.87092060399415549e-5,1.99902581587920181e-2,5.53703267670748067e-1,5.53650052605684673e-1,1.09274699409462062e0,1.27915824528112529e-9,1.04942631871402406e-8,5.47899473444238681e-17,2.41608306688266078e-8,9.92102193519421194e-1,1.59996536686080049e-6
166,4.87092060399415549e-5,1.99902581587920181e-2,5.53650052605684673e-1,5.53596842018107216e-1,1.09264197285737863e0,1.27903530894921195e-9,9.85637104483395833e-9,-1.23936438091595634e-17,2.41949770056009146e-8,9.92054517547137360e-1,1.60955757255720755e-6
167,4.87092060399415549e-5,1.99902581587920181e-2,5.53596842018107216e-1,5.53543637258074317e-1,1.09253696045659376e0,1.27891238321809131e-9,1.05689678723375069e-8,-2.27175940445665210e-17,2.43387338048419199e-8,9.92006844505352703e-1,1.61779423757391072e-6
168,4.87092060399415549e-5,1.99902581587920181e-2,5.53543637258074317e-1,5.53490436221497295e-1,1.09243195955637340e0,1.27878947091159419e-9,9.17803609487840482e-9,6.07938624583501583e-17,2.46206300876748786e-8,9.91959172508936726e-1,1.62467542696997924e-6
169,4.87092060399415549e-5,1.99902581587920181e-2,5.53490436221497295e-1,5.53437240876940684e-1,1.09232696600523549e0,1.27866656847997344e-9,9.75602697798424404e-9,-2.45606947244000258e-17,2.49022504244245729e-8,9.91911503322238652e-1,1.63020120591550466e-6
170,4.87092060399415549e-5,1.99902581587920181e-2,5.53437240876940684e-1,5.53384050606533395e-1,1.09222198368739809e0,1.27854367905185980e-9,9.71669378820224743e-9,2.74927158149330375e-17,2.51748371607640474e-8,9.91863836391908338e-1,1.63437163958057852e-6
171,4.87092060399415549e-5,1.99902581587920181e-2,5.53384050606533395e-1,5.53330865966971674e-1,1.09211701138319484e0,1.27842080064346738e-9,1.02345446877880952e-8,-2.00128821863630813e-17,2.53447864807940633e-8,9.91816172217138470e-1,1.63718679313529236e-6
172,4.87092060399415549e-5,1.99902581587920181e-2,5.53330865966971674e-1,5.53277685225656901e-1,1.09201205019150427e0,1.27829793492961543e-9,9.02033816898898823e-9,-2.91473632445310362e-19,2.55251178104032187e-8,9.91768509245581353e-1,1.63864673186076004e-6
173,4.87092060399415549e-5,1.99902581587920181e-2,5.53277685225656901e-1,5.53224510735073505e-1,1.09190709669323094e0,1.27817507817317268e-9,1.01589908206427229e-8,9.75022437998507801e-18,2.55967142768338316e-8,9.91720849585836950e-1,1.63875152059400619e-6
174,4.87092060399415549e-5,1.99902581587920181e-2,5.53224510735073505e-1,5.53171341686456874e-1,1.09180215553063897e0,1.27805223543652541e-9,1.04894797504148232e-8,-2.19383402767048158e-17,2.57177547770838283e-8,9.91673192513517709e-1,1.64442562655686686e-6
175,4.87092060399415549e-5,1.99902581587920181e-2,5.53171341686456874e-1,5.53118178277605788e-1,1.09169722510766731e0,1.27792940470793916e-9,1.10182905678543235e-8,-5.75720535294602193e-17,2.58546721821423620e-8,9.91625538206276858e-1,1.65546053332299437e-6
176,4.87092060399415549e-5,1.99902581587920181e-2,5.53118178277605788e-1,5.53065020067509461e-1,1.09159230581485400e0,1.27780658643453109e-9,1.11066326004010620e-8,3.69590534630511415e-17,2.59474201637847413e-8,9.91577886269180864e-1,1.66516274879846549e-6
177,4.87092060399415549e-5,1.99902581587920181e-2,5.53065020067509461e-1,5.53011866583780654e-1,1.09148739678164319e0,1.27768377966387160e-9,1.07230872209199196e-8,2.86790714843463906e-17,2.59560811573053278e-8,9.91530236279087984e-1,1.67353233726519335e-6
178,4.87092060399415549e-5,1.99902581587920181e-2,5.53011866583780654e-1,5.52958719288868639e-1,1.09138249707652579e0,1.27756098516101611e-9,1.18024455329707758e-8,-4.65897899491917095e-17,2.59861577313842392e-8,9.91482589547393212e-1,1.68175567849537799e-6
179,4.87092060399415549e-5,1.99902581587920181e-2,5.52958719288868639e-1,5.52905576523773368e-1,1.09127760958484932e0,1.27743820418439956e-9,1.12233985326768721e-8,3.55221861451261039e-17,2.60972633830922065e-8,9.91434944587158640e-1,1.70492983064818304e-6
180,4.87092060399415549e-5,1.99902581587920181e-2,5.52905576523773368e-1,5.52852439118999950e-1,1.09117273103321710e0,1.27731543469096938e-9,1.14752922034121373e-8,6.71410426372349289e-18,2.60874093754722374e-8,9.91387302143309168e-1,1.72679076204662607e-6
181,4.87092060399415549e-5,1.99902581587920181e-2,5.52852439118999950e-1,5.52799306594652151e-1,1.09106786306011583e0,1.27719267697903606e-9,1.12478049609516057e-8,-8.27028444407542420e-17,2.61249059941051309e-8,9.91339661785859416e-1,1.74733853608444178e-6
182,4.87092060399415549e-5,1.99902581587920181e-2,5.52799306594652151e-1,5.52746181167778183e-1,1.09096300471878460e0,1.27706993097323663e-9,1.32378348725592455e-8,2.96585608630888073e-17,2.61986361910631060e-8,9.91292025503160201e-1,1.76657321560025338e-6
183,4.87092060399415549e-5,1.99902581587920181e-2,5.52746181167778183e-1,5.52693060763928323e-1,1.09085816038403793e0,1.27694720019801190e-9,1.31540974154528748e-8,2.20122240490180522e-17,2.63104829847179544e-8,9.91244391435549432e-1,1.78449486398779555e-6
184,4.87092060399415549e-5,1.99902581587920181e-2,5.52693060763928323e-1,5.52639944985521159e-1,1.09075332596236452e0,1.27682448142690459e-9,1.26732613636340939e-8,4.27585772106992538e-17,2.63947924162209282e-8,9.91196759226795399e-1,1.80110354408569151e-6
185,4.87092060399415549e-5,1.99902581587920181e-2,5.52639944985521159e-1,5.52586834716741748e-1,1.09064850066926944e0,1.27670177343076299e-9,1.30770551398979811e-8,-7.10444897498991904e-17,2.63001098264750099e-8,9.91149129670141460e-1,1.81639931928767595e-6
186,4.87092060399415549e-5,1.99902581587920181e-2,5.52586834716741748e-1,5.52533728591282247e-1,1.09054368624946774e0,1.27657907823006447e-9,1.21150705013238618e-8,2.04201941917903177e-18,2.61421510097041242e-8,9.91101501540562202e-1,1.83038225243237207e-6
187,4.87092060399415549e-5,1.99902581587920181e-2,5.52533728591282247e-1,5.52480628727385126e-1,1.09043888000727152e0,1.27645639419206759e-9,1.32717266785849774e-8,4.31178217507310337e-17,2.60252729950110859e-8,9.91053876738158812e-1,1.84305240680249227e-6
188,4.87092060399415549e-5,1.99902581587920181e-2,5.52480628727385126e-1,5.52427533118063918e-1,1.09033408612191240e0,1.27633372334389841e-9,1.24219983947465890e-8,-4.20855251616832318e-17,2.58104056474463564e-8,9.91006253463195486e-1,1.85440984534768205e-6
189,4.87092060399415549e-5,1.99902581587920181e-2,5.52427533118063918e-1,5.52374442363294360e-1,1.09022930063333989e0,1.27621106271612328e-9,1.21726547007434914e-8,9.23122644825093185e-18,2.55359345243371940e-8,9.90958632254100857e-1,1.86445463135065381e-6
190,4.87092060399415549e-5,1.99902581587920181e-2,5.52374442363294360e-1,5.52321357563939519e-1,1.09012452472533994e0,1.27608841325479010e-9,1.30246407510188843e-8,3.45567356757399373e-17,2.54086266609070649e-8,9.90911014098672993e-1,1.87318682776105305e-6
191,4.87092060399415549e-5,1.99902581587920181e-2,5.52321357563939519e-1,5.52268276770648825e-1,1.09001976057059857e0,1.27596577802412702e-9,1.19278487589444015e-8,1.00392115075090540e-17,2.52598976097368055e-8,9.90863397248629485e-1,1.88060649775056987e-6
192,4.87092060399415549e-5,1.99902581587920181e-2,5.52268276770648825e-1,5.52215201231867181e-1,1.08991500432208865e0,1.27584315249731636e-9,1.20798868240942211e-8,-7.21335937946946841e-17,2.50512773014376576e-8,9.90815782824190583e-1,1.88671370426884977e-6
193,4.87092060399415549e-5,1.99902581587920181e-2,5.52215201231867181e-1,5.52162130261037887e-1,1.08981025844313195e0,1.27572053761476695e-9,1.15458731027685774e-8,1.38437145840221724e-17,2.49585753216072718e-8,9.90768170209713750e-1,1.89150851059860514e-6
194,4.87092060399415549e-5,1.99902581587920181e-2,5.52162130261037887e-1,5.52109065182904590e-1,1.08970552157961786e0,1.27559793471236472e-9,1.23370422004033863e-8,5.20491704115131165e-17,2.48825323619116796e-8,9.90720560594080979e-1,1.89499097968948149e-6
195,4.87092060399415549e-5,1.99902581587920181e-2,5.52109065182904590e-1,5.52056003717975474e-1,1.08960079634462881e0,1.27547534328390987e-9,1.08492860282945039e-8,-5.27766095858045001e-17,2.48951550846126874e-8,9.90672951932351387e-1,1.89716117460214662e-6
196,4.87092060399415549e-5,1.99902581587920181e-2,5.52056003717975474e-1,5.52002948188358933e-1,1.08949607824138273e0,1.27535276259781803e-9,1.16839854239560647e-8,3.98777304759424477e-17,2.48799720273716111e-8,9.90625346308415478e-1,1.89801915850829062e-6
197,4.87092060399415549e-5,1.99902581587920181e-2,5.52002948188358933e-1,5.51949896801400497e-1,1.08939137185089852e0,1.27523019385062250e-9,1.07266010136560911e-8,-2.34248285052156844e-17,2.48616152874557987e-8,9.90577742113971538e-1,1.89756499435755899e-6
198,4.87092060399415549e-5,1.99902581587920181e-2,5.51949896801400497e-1,5.51896849956417412e-1,1.08928667363599829e0,1.27510763418422400e-9,1.01689319605766297e-8,1.91116523653743066e-17,2.48963647428133718e-8,9.90530139707619384e-1,1.89579874532164183e-6
199,4.87092060399415549e-5,1.99902581587920181e-2,5.51896849956417412e-1,5.51843808329181895e-1,1.08918198438514313e0,1.27498508606360650e-9,1.02874717867597596e-8,1.83215691489330571e-17,2.49575513996764435e-8,9.90482539696095121e-1,1.89272047457222925e-6
200,4.87092060399415549e-5,1.99902581587920181e-2,5.51843808329181895e-1,5.51790771801955127e-1,1.08907730543135051e0,1.27486254898648896e-9,1.02887744175639722e-8,-5.50838892838170367e-17,2.49193919214998044e-8,9.90434941974021821e-1,1.89026756713950306e-6
201,4.87092060399415549e-5,1.99902581587920181e-2,5.51790771801955127e-1,5.51737740911191099e-1,1.08897263654303345e0,1.27474002545232437e-9,1.08270211840561467e-8,-4.06296723943388771e-18,2.50163572744415222e-8,9.90387347023224174e-1,1.88262811939843289e-6
202,4.87092060399415549e-5,1.99902581587920181e-2,5.51737740911191099e-1,5.51684713787948255e-1,1.08886797877761565e0,1.27461751297304507e-9,9.49686814972672179e-9,6.72433400635893619e-17,2.50741970689425858e-8,9.90339753166670889e-1,1.88705791526189159e-6
203,4.87092060399415549e-5,1.99902581587920181e-2,5.51684713787948255e-1,5.51631693039712823e-1,1.08876332844828494e0,1.27449501088144903e-9,1.07745636985929315e-8,-2.21936181399060307e-17,2.51740594345664551e-8,9.90292162744929594e-1,1.90614312667314323e-6
204,4.87092060399415549e-5,1.99902581587920181e-2,5.51631693039712823e-1,5.51578677159291986e-1,1.08865869069981014e0,1.27437252305725424e-9,1.05456791623489910e-8,-5.22833866019575062e-17,2.51142868806292693e-8,9.90244574405601208e-1,1.92387520581149829e-6
205,4.87092060399415549e-5,1.99902581587920181e-2,5.51578677159291986e-1,5.51525666455177865e-1,1.08855406255813381e0,1.27425004683920457e-9,1.06257545117750482e-8,8.06112934464955349e-17,2.50693835944233146e-8,9.90196988425916969e-1,1.94025421795807063e-6
206,4.87092060399415549e-5,1.99902581587920181e-2,5.51525666455177865e-1,5.51472661026142896e-1,1.08844944463213800e0,1.27412758263920473e-9,1.08051001587797557e-8,-6.37244277110050766e-17,2.51264591805610673e-8,9.90149404894889340e-1,1.95528022794988487e-6
207,4.87092060399415549e-5,1.99902581587920181e-2,5.51472661026142896e-1,5.51419660910208775e-1,1.08834483711634200e0,1.27400513013141899e-9,1.10229742823808864e-8,7.31137300286761172e-17,2.51869891649985297e-8,9.90101823847000850e-1,1.96895330106805488e-6
208,4.87092060399415549e-5,1.99902581587920181e-2,5.51419660910208775e-1,5.51366665816459878e-1,1.08824024008596143e0,1.27388268984953475e-9,1.09504437251935570e-8,-1.01393119421565461e-17,2.52143605335103414e-8,9.90054245021420032e-1,1.98127350192756069e-6
209,4.87092060399415549e-5,1.99902581587920181e-2,5.51366665816459878e-1,5.51313676438474509e-1,1.08813565296712489e0,1.27376026122734006e-9,1.15719741645207555e-8,-1.22306379432886387e-17,2.52569295156935698e-8,9.90006669041227694e-1,1.99224089603156074e-6
210,4.87092060399415549e-5,1.99902581587920181e-2,5.51313676438474509e-1,5.51260692823631326e-1,1.08803107712854885e0,1.27363784590312259e-9,1.22414326992182738e-8,-1.39108369820084004e-17,2.53261404845028024e-8,9.89959095949344725e-1,2.00185554810605737e-6
211,4.87092060399415549e-5,1.99902581587920181e-2,5.51260692823631326e-1,5.51207713807949640e-1,1.08792651266292384e0,1.27351544238940913e-9,1.17474645196086275e-8,-3.52841731956700957e-17,2.53066367016247593e-8,9.89911524700997414e-1,2.01011752321011983e-6
212,4.87092060399415549e-5,1.99902581587920181e-2,5.51207713807949640e-1,5.51154737656339266e-1,1.08782195727461706e0,1.27339305119178903e-9,9.51884825126986237e-9,-1.39172492861169115e-17,2.54248077466176205e-8,9.89863953738372770e-1,2.01702688640281735e-6
213,4.87092060399415549e-5,1.99902581587920181e-2,5.51154737656339266e-1,5.51101766793444359e-1,1.08771740753904278e0,1.27327066738540138e-9,9.71515145108475219e-9,2.41338926893798150e-17,2.54511117665850134e-8,9.89816385238919461e-1,2.02258370263219689e-6
214,4.87092060399415549e-5,1.99902581587920181e-2,5.51101766793444359e-1,5.51048803093744044e-1,1.08761286824063141e0,1.27314829535496455e-9,1.17864422090245529e-8,5.67247045992119237e-18,2.54339980639189002e-8,9.89768820886401279e-1,2.02678803695732768e-6
215,4.87092060399415549e-5,1.99902581587920181e-2,5.51048803093744044e-1,5.50995843111375505e-1,1.08750834307876976e0,1.27302593920398570e-9,1.04125587269046817e-8,-2.58038098730855426e-17,2.54923712081890782e-8,9.89721257586629988e-1,2.02963995454830126e-6
216,4.87092060399415549e-5,1.99902581587920181e-2,5.50995843111375505e-1,5.50942888161674471e-1,1.08740382525317592e0,1.27290359181866296e-9,1.03543681813637047e-8,7.03857446167578855e-17,2.55448239957971432e-8,9.89673696521153889e-1,2.03406322130117445e-6
217,4.87092060399415549e-5,1.99902581587920181e-2,5.50942888161674471e-1,5.50889939321786093e-1,1.08729931736021768e0,1.27278125701431934e-9,1.13738067567666205e-8,-5.31176677328886891e-18,2.56411979344918761e-8,9.89626138657812682e-1,2.04878485954296252e-6
218,4.87092060399415549e-5,1.99902581587920181e-2,5.50889939321786093e-1,5.50836994821856551e-1,1.08719482152453129e0,1.27265893474163255e-9,1.06239787903872410e-8,-7.06677834271364160e-17,2.57018133138298866e-8,9.89578582407230400e-1,2.06217649423301452e-6
219,4.87092060399415549e-5,1.99902581587920181e-2,5.50836994821856551e-1,5.50784056079688167e-1,1.08709033425418422e0,1.27253662341832457e-9,1.12923701947014466e-8,1.31940022631699466e-17,2.57631821013677405e-8,9.89531029043290933e-1,2.07423818943119898e-6
220,4.87092060399415549e-5,1.99902581587920181e-2,5.50784056079688167e-1,5.50731122110545424e-1,1.08698585834661965e0,1.27241432452758897e-9,1.09765795869578710e-8,5.34458119362497003e-17,2.57641868924857755e-8,9.89483477681799006e-1,2.08497000886431749e-6
221,4.87092060399415549e-5,1.99902581587920181e-2,5.50731122110545424e-1,5.50678193569221874e-1,1.08688139185888821e0,1.27229203726152940e-9,1.13160414354693824e-8,1.11277894654349639e-17,2.57400169495236586e-8,9.89435928911240214e-1,2.09437201659223859e-6
222,4.87092060399415549e-5,1.99902581587920181e-2,5.50678193569221874e-1,5.50625270878226436e-1,1.08677693608338077e0,1.27216976284729042e-9,1.20785339487168539e-8,-8.11243323690968491e-18,2.59133141366286670e-8,9.89388383111624137e-1,2.10244427645278620e-6
223,4.87092060399415549e-5,1.99902581587920181e-2,5.50625270878226436e-1,5.50572352968606848e-1,1.08667249185343251e0,1.27204750172782954e-9,1.17726365610558840e-8,-2.47642026617839970e-17,2.59557981442254872e-8,9.89340839322962684e-1,2.10918685250582882e-6
224,4.87092060399415549e-5,1.99902581587920181e-2,5.50572352968606848e-1,5.50519441043597291e-1,1.08656805705929660e0,1.27192525062271987e-9,1.26704329178565887e-8,-6.00006376099424324e-18,2.59511851248233193e-8,9.89293298626626849e-1,2.11459980847816809e-6
225,4.87092060399415549e-5,1.99902581587920181e-2,5.50519441043597291e-1,5.50466532235244443e-1,1.08646363407623081e0,1.27180301440005105e-9,1.07008512254724693e-8,3.56395167519330756e-17,2.60038275253728839e-8,9.89245758446126722e-1,2.11868320831865020e-6
226,4.87092060399415549e-5,1.99902581587920181e-2,5.50466532235244443e-1,5.50413629289976392e-1,1.08635921724405393e0,1.27168078540931542e-9,1.14779973750483990e-8,-8.20403554881605221e-17,2.59741304198089971e-8,9.89198221249379839e-1,2.12143711608714369e-6
227,4.87092060399415549e-5,1.99902581587920181e-2,5.50413629289976392e-1,5.50360732200833369e-1,1.08625481198264739e0,1.27155856981136678e-9,1.22487471332503460e-8,1.51953591377970967e-17,2.59669573267960476e-8,9.89150687030624254e-1,2.12286159551045017e-6
228,4.87092060399415549e-5,1.99902581587920181e-2,5.50360732200833369e-1,5.50307839917568709e-1,1.08615041827827485e0,1.27143636687713848e-9,1.19698132771544815e-8,-1.93963232644619809e-17,2.58781635156405024e-8,9.89103154846409316e-1,2.12707414715129772e-6
229,4.87092060399415549e-5,1.99902581587920181e-2,5.50307839917568709e-1,5.50254952767538885e-1,1.08604603405873634e0,1.27131417604441366e-9,1.20186977902436673e-8,3.87247912489150118e-17,2.57227910320457091e-8,9.89055624991269533e-1,2.14426917521937099e-6
230,4.87092060399415549e-5,1.99902581587920181e-2,5.50254952767538885e-1,5.50202070639470908e-1,1.08594165996960612e0,1.27119199645857391e-9,1.19568028401516273e-8,2.09794344603251686e-18,2.55415983164250614e-8,9.89008097365505101e-1,2.16015413490033836e-6
231,4.87092060399415549e-5,1.99902581587920181e-2,5.50202070639470908e-1,5.50149193601589759e-1,1.08583729579130628e0,1.27106982875711037e-9,1.19636155705970863e-8,2.95730469313630753e-18,2.54287803842826999e-8,9.88960572030780027e-1,2.17472908925486763e-6
232,4.87092060399415549e-5,1.99902581587920181e-2,5.50149193601589759e-1,5.50096322506832824e-1,1.08573294165860568e0,1.27094767218575674e-9,1.28238549952059040e-8,-9.38524086086340518e-19,2.53101692871631320e-8,9.88913049754065465e-1,2.18799410112158199e-6
233,4.87092060399415549e-5,1.99902581587920181e-2,5.50096322506832824e-1,5.50043457047948992e-1,1.08562859925444144e0,1.27082552904261453e-9,1.33774146236761949e-8,-4.78642734410664623e-17,2.52223283759118533e-8,9.88865530259618652e-1,2.19994923345012694e-6
234,4.87092060399415549e-5,1.99902581587920181e-2,5.50043457047948992e-1,5.49990596074132809e-1,1.08552426797282098e0,1.27070339887926603e-9,1.27807103836802914e-8,8.00387190264863292e-17,2.50799870250362651e-8,9.88818012513341227e-1,2.21059454941219258e-6
235,4.87092060399415549e-5,1.99902581587920181e-2,5.49990596074132809e-1,5.49937740060622793e-1,1.08541994554234433e0,1.27058127884613132e-9,1.26596760547539284e-8,-6.58631643961262586e-17,2.48411742092085615e-8,9.88770496942756316e-1,2.21993011173537980e-6
236,4.87092060399415549e-5,1.99902581587920181e-2,5.49937740060622793e-1,5.49884887629180419e-1,1.08531563290135802e0,1.27045917054131382e-9,1.11608797895379184e-8,2.77899317351906910e-17,2.47504735043007803e-8,9.88722982309023668e-1,2.22795598359137870e-6
237,4.87092060399415549e-5,1.99902581587920181e-2,5.49884887629180419e-1,5.49832039562046182e-1,1.08521132733037962e0,1.27033707230011151e-9,1.04446684779439060e-8,2.68305709694741397e-17,2.47441512426904655e-8,9.88675469315655309e-1,2.23467222770779017e-6
238,4.87092060399415549e-5,1.99902581587920181e-2,5.49832039562046182e-1,5.49779196597683262e-1,1.08510703037277034e0,1.27021498457505196e-9,1.04673399279567686e-8,-1.63829340714333530e-17,2.47031601842865241e-8,9.88627958626784986e-1,2.24007890703425971e-6
239,4.87092060399415549e-5,1.99902581587920181e-2,5.49779196597683262e-1,5.49726358881074795e-1,1.08500274348544523e0,1.27009290842492718e-9,1.06354850057813850e-8,-4.68360498893548714e-17,2.47095587925384959e-8,9.88580450373119590e-1,2.24417608474247743e-6
240,4.87092060399415549e-5,1.99902581587920181e-2,5.49726358881074795e-1,5.49673525768039961e-1,1.08489846695487535e0,1.26997084495741266e-9,1.01599536378734236e-8,5.29321311214930450e-18,2.48199766296440115e-8,9.88532943975767964e-1,2.24696382356004420e-6
241,4.87092060399415549e-5,1.99902581587920181e-2,5.49673525768039961e-1,5.49620698200012026e-1,1.08479419950965750e0,1.26984879186290742e-9,1.06262980822543994e-8,3.97237127546075242e-17,2.47728804785047451e-8,9.88485440281612004e-1,2.24844218643660554e-6
242,4.87092060399415549e-5,1.99902581587920181e-2,5.49620698200012026e-1,5.49567875968883679e-1,1.08468994300744259e0,1.26972675128828409e-9,1.08850682545108646e-8,4.95748779847424482e-17,2.46552804943868812e-8,9.88437939103836150e-1,2.24861123643282923e-6
243,4.87092060399415549e-5,1.99902581587920181e-2,5.49567875968883679e-1,5.49515059259872207e-1,1.08458569703723318e0,1.26960472146475507e-9,1.13295688510071886e-8,-8.39787672268948370e-17,2.45633068978399997e-8,9.88390440609388521e-1,2.24747103649836077e-6
244,4.87092060399415549e-5,1.99902581587920181e-2,5.49515059259872207e-1,5.49462247772827039e-1,1.08448146196526984e0,1.26948270490646469e-9,1.14744494397038505e-8,5.08438243295967709e-17,2.44446822805158677e-8,9.88342944528744272e-1,2.25043098334154479e-6
245,4.87092060399415549e-5,1.99902581587920181e-2,5.49462247772827039e-1,5.49409440513542568e-1,1.08437723719833712e0,1.26936069892642530e-9,1.06256265931369788e-8,-4.65174794744035490e-17,2.43989313709536027e-8,9.88295449968010775e-1,2.25596920155890501e-6
246,4.87092060399415549e-5,1.99902581587920181e-2,5.49409440513542568e-1,5.49356637365551737e-1,1.08427302077566723e0,1.26923870389010702e-9,9.66074298786764146e-9,-1.19159867100795925e-17,2.44288936719150915e-8,9.88247956822676632e-1,2.26008904691266110e-6
247,4.87092060399415549e-5,1.99902581587920181e-2,5.49356637365551737e-1,5.49303838779104825e-1,1.08416881246695085e0,1.26911671903159518e-9,9.14650490739009127e-9,-6.55645687386068667e-18,2.45242940673435426e-8,9.88200465497913405e-1,2.26632196476117542e-6
248,4.87092060399415549e-5,1.99902581587920181e-2,5.49303838779104825e-1,5.49251045478511224e-1,1.08406461316096192e0,1.26899474584169755e-9,9.35701462445125082e-9,9.55516261839976327e-17,2.46364971031858739e-8,9.88152976645550574e-1,2.27395764651472376e-6
249,4.87092060399415549e-5,1.99902581587920181e-2,5.49251045478511224e-1,5.49198257194862038e-1,1.08396042428603612e0,1.26887278305007937e-9,9.29912375475363823e-9,-3.23343660676059689e-17,2.46622538219028436e-8,9.88105490024035582e-1,2.28797298384986192e-6
250,4.87092060399415549e-5,1.99902581587920181e-2,5.49198257194862038e-1,5.49145474285713697e-1,1.08385624531236036e0,1.26875083189461083e-9,9.59927144101850117e-9,-1.68757897870883732e-17,2.47976085862795311e-8,9.88058005955362084e-1,2.30581536209140125e-6
251,4.87092060399415549e-5,1.99902581587920181e-2,5.49145474285713697e-1,5.49092697429400811e-1,1.08375207694559350e0,1.26862889410808582e-9,1.05782703327826572e-8,4.45278536752236260e-17,2.48986050953677803e-8,9.88010525050185051e-1,2.32239347863760770e-6
252,4.87092060399415549e-5,1.99902581587920181e-2,5.49092697429400811e-1,5.49039925068963042e-1,1.08364792052358427e0,1.26850696865298553e-9,1.00008907847888529e-8,1.45850139966574946e-17,2.50844488639429893e-8,9.87963045908129445e-1,2.33770739410665840e-6
253,4.87092060399415549e-5,1.99902581587920181e-2,5.49039925068963042e-1,5.48987157252165070e-1,1.08354377297443305e0,1.26838505396234348e-9,9.47170812855909056e-9,-4.69196960472574587e-17,2.52340219546848093e-8,9.87915568572422020e-1,2.35175716956081970e-6
254,4.87092060399415549e-5,1.99902581587920181e-2,5.48987157252165070e-1,5.48934395203743319e-1,1.08343963439265356e0,1.26826315111296913e-9,1.01676986241205125e-8,-5.51090306113549735e-17,2.54585340646885880e-8,9.87868094145363140e-1,2.36454286561826876e-6
255,4.87092060399415549e-5,1.99902581587920181e-2,5.48934395203743319e-1,5.48881637868644634e-1,1.08333550719491245e0,1.26814126163449106e-9,9.80919031048806433e-9,8.40423393656919874e-17,2.57487015387472280e-8,9.87820621677952704e-1,2.37606454311922732e-6
256,4.87092060399415549e-5,1.99902581587920181e-2,5.48881637868644634e-1,5.48828886466930621e-1,1.08323138929881502e0,1.26801938243524026e-9,1.06711968758377945e-8,1.69116662646160232e-17,2.59874670157647916e-8,9.87773152268427101e-1,2.38632226257085023e-6
257,4.87092060399415549e-5,1.99902581587920181e-2,5.48828886466930621e-1,5.48776139772889082e-1,1.08312728311207285e0,1.26789751610749096e-9,1.03080616160069740e-8,-8.29122716826016426e-17,2.61534380188127142e-8,9.87725684814126370e-1,2.39531608503540383e-6
258,4.87092060399415549e-5,1.99902581587920181e-2,5.48776139772889082e-1,5.48723399241060394e-1,1.08302318621660221e0,1.26777566197106805e-9,1.13999190526380719e-8,5.60923945040865885e-17,2.62320215088184549e-8,9.87678220624461090e-1,2.40304607102004297e-6
259,4.87092060399415549e-5,1.99902581587920181e-2,5.48723399241060394e-1,5.48670663898299438e-1,1.08291910148175807e0,1.26765382080213391e-9,1.15192239248937994e-8,-3.90673283949344457e-17,2.63739925218458377e-8,9.87630758823967669e-1,2.42056333987772376e-6
260,4.87092060399415549e-5,1.99902581587920181e-2,5.48670663898299438e-1,5.48617933799893542e-1,1.08281502698768906e0,1.26753199188958351e-9,1.16943147931532224e-8,7.80248369830239012e-18,2.64517846808602980e-8,9.87583299462789888e-1,2.43775715891292322e-6
261,4.87092060399415549e-5,1.99902581587920181e-2,5.48617933799893542e-1,5.48565209364686890e-1,1.08271096284364821e0,1.26741017514966336e-9,1.22887540708850550e-8,-4.37556491405420976e-17,2.63191058302622964e-8,9.87535842918306428e-1,2.45362372064406031e-6
262,4.87092060399415549e-5,1.99902581587920181e-2,5.48565209364686890e-1,5.48512490653250140e-1,1.08260690987576713e0,1.26728837123554836e-9,1.29443082307613123e-8,5.11832115718436028e-17,2.60893873223527352e-8,9.87488389245380960e-1,2.46816308846486976e-6
263,4.87092060399415549e-5,1.99902581587920181e-2,5.48512490653250140e-1,5.48459776744378735e-1,1.08250286820409913e0,1.26716658066217891e-9,1.26792081524588886e-8,4.34529969892987457e-17,2.59458164646947657e-8,9.87440937615261194e-1,2.48137532665726468e-6
264,4.87092060399415549e-5,1.99902581587920181e-2,5.48459776744378735e-1,5.48407067888921684e-1,1.08239883601026410e0,1.26704480083281090e-9,1.26654188182812399e-8,-5.32040253888392252e-17,2.57337910404607425e-8,9.87393488254001195e-1,2.49326049850395748e-6
265,4.87092060399415549e-5,1.99902581587920181e-2,5.48407067888921684e-1,5.48354364412296458e-1,1.08229481379001058e0,1.26692303410883943e-9,1.29775326317605264e-8,-3.46318122424964751e-17,2.56188759025099285e-8,9.87346041454872592e-1,2.50381866817583898e-6
266,4.87092060399415549e-5,1.99902581587920181e-2,5.48354364412296458e-1,5.48301666005229893e-1,1.08219080218460184e0,1.26680127914637062e-9,1.29808902710924020e-8,2.43520632303019012e-17,2.55335725493597597e-8,9.87298596939840012e-1,2.51304989928868849e-6
267,4.87092060399415549e-5,1.99902581587920181e-2,5.48301666005229893e-1,5.48248971342621183e-1,1.08208680058392392e0,1.26667953529692445e-9,1.16596344846504784e-8,1.36339266914276987e-17,2.54957486363968020e-8,9.87251153516133351e-1,2.52095425568032994e-6
268,4.87092060399415549e-5,1.99902581587920181e-2,5.48248971342621183e-1,5.48196282450332140e-1,1.08198280637372091e0,1.26655780126555650e-9,1.23646004609923777e-8,2.61168828456858376e-17,2.53591205605289175e-8,9.87203713008073414e-1,2.52753180096654262e-6
269,4.87092060399415549e-5,1.99902581587920181e-2,5.48196282450332140e-1,5.48143597687928530e-1,1.08187882355096798e0,1.26643607964308184e-9,1.14296868963680103e-8,7.91086586524276312e-18,2.53916163278305001e-8,9.87156273938870732e-1,2.53278259920719506e-6
270,4.87092060399415549e-5,1.99902581587920181e-2,5.48143597687928530e-1,5.48090918359040113e-1,1.08177484887914610e0,1.26631436866938359e-9,1.17988001584981148e-8,-6.26256109114569853e-17,2.55156231294229027e-8,9.87108837482683188e-1,2.53670671390704427e-6
271,4.87092060399415549e-5,1.99902581587920181e-2,5.48090918359040113e-1,5.48038242653755225e-1,1.08167088493045038e0,1.26619267019850437e-9,1.03585239299027635e-8,-4.95865825904100735e-18,2.55752414960776005e-8,9.87061402009989153e-1,2.53930420901493648e-6
272,4.87092060399415549e-5,1.99902581587920181e-2,5.48038242653755225e-1,5.47985572692506917e-1,1.08156692813349031e0,1.26607098138338262e-9,1.10390290766445403e-8,7.44532663126444902e-17,2.55968007663227941e-8,9.87013969430573290e-1,2.54057514803562867e-6
273,4.87092060399415549e-5,1.99902581587920181e-2,5.47985572692506917e-1,5.47932908332354973e-1,1.08146298267210450e0,1.26594930483730439e-9,1.15771463528805121e-8,-5.63021311114830840e-17,2.55783378202600894e-8,9.86966539616045413e-1,2.54051959502898939e-6
274,4.87092060399415549e-5,1.99902581587920181e-2,5.47932908332354973e-1,5.47880248113393864e-1,1.08135904826460960e0,1.26582764101363105e-9,1.06558962712691830e-8,5.45188653684392150e-17,2.55003669039396325e-8,9.86919111251984837e-1,2.54030674951000179e-6
275,4.87092060399415549e-5,1.99902581587920181e-2,5.47880248113393864e-1,5.47827595278214896e-1,1.08125512202967067e0,1.26570598662963118e-9,1.29776357740734235e-8,-4.32295176032052942e-17,2.52505262126040952e-8,9.86871687259229580e-1,2.55486870459620263e-6
276,4.87092060399415549e-5,1.99902581587920181e-2,5.47827595278214896e-1,5.47774946456100587e-1,1.08115121036607276e0,1.26558434761620075e-9,1.19293673966190913e-8,-5.47841719693870229e-19,2.49882282615493564e-8,9.86824264602218504e-1,2.56805769094370362e-6
277,4.87092060399415549e-5,1.99902581587920181e-2,5.47774946456100587e-1,5.47722303380652975e-1,1.08104730662247772e0,1.26546271757183428e-9,1.26150868288836865e-8,4.02016643299855640e-17,2.46296624100883223e-8,9.86776844842747525e-1,2.57987377449975241e-6
278,4.87092060399415549e-5,1.99902581587920181e-2,5.47722303380652975e-1,5.47669666245706122e-1,1.08094341422021856e0,1.26534110126718159e-9,1.34951928569693710e-8,-4.12343066805294131e-17,2.43587558270030413e-8,9.86729428155857846e-1,2.59031702121159668e-6
279,4.87092060399415549e-5,1.99902581587920181e-2,5.47669666245706122e-1,5.47617031990967007e-1,1.08083953354141893e0,1.26521949811724898e-9,1.13155767926168234e-8,-2.19765527122823154e-17,2.41453684040589559e-8,9.86682011785030566e-1,2.59938749724852869e-6
280,4.87092060399415549e-5,1.99902581587920181e-2,5.47617031990967007e-1,5.47564403736023664e-1,1.08073565854722387e0,1.26509790254155261e-9,1.22558255629132841e-8,7.99756630483914119e-17,2.38750639884330480e-8,9.86634598540820140e-1,2.60708526833575149e-6
281,4.87092060399415549e-5,1.99902581587920181e-2,5.47564403736023664e-1,5.47511779146919619e-1,1.08063179539329113e0,1.26497631990080001e-9,1.08626947835790269e-8,-2.41378681194037449e-17,2.38229731319138827e-8,9.86587186320870502e-1,2.61341040064255736e-6
282,4.87092060399415549e-5,1.99902581587920181e-2,5.47511779146919619e-1,5.47459159099001336e-1,1.08052793947463432e0,1.26485474694485793e-9,1.03452627839471842e-8,-3.11059846599912466e-17,2.39116967394224058e-8,9.86539775914019090e-1,2.61836296000517166e-6
283,4.87092060399415549e-5,1.99902581587920181e-2,5.47459159099001336e-1,5.47406543049433925e-1,1.08042409251855887e0,1.26473318559349243e-9,9.28543240945154828e-9,-2.74717931085191212e-18,2.42493335660604202e-8,9.86492366831364098e-1,2.62194301248186434e-6
284,4.87092060399415549e-5,1.99902581587920181e-2,5.47406543049433925e-1,5.47353932014411626e-1,1.08032025345319038e0,1.26461163306121725e-9,9.24218061212007100e-9,2.95718640630871245e-17,2.44871113064820291e-8,9.86444959988873937e-1,2.62415062401988308e-6
285,4.87092060399415549e-5,1.99902581587920181e-2,5.47353932014411626e-1,5.47301325960543816e-1,1.08021642428433728e0,1.26449009281231279e-9,9.16602028050625869e-9,1.16941848462683986e-17,2.47426496162352685e-8,9.86397555356701261e-1,2.62748829060743816e-6
286,4.87092060399415549e-5,1.99902581587920181e-2,5.47301325960543816e-1,5.47248724586853030e-1,1.08011260494586425e0,1.26436856402628927e-9,8.78936130381107372e-9,-7.72930964695472418e-18,2.50572650547350862e-8,9.86350152663973190e-1,2.62971447473336895e-6
287,4.87092060399415549e-5,1.99902581587920181e-2,5.47248724586853030e-1,5.47196129391484543e-1,1.08000879484406354e0,1.26424704655785491e-9,9.91129746313817740e-9,1.09863515068557468e-17,2.52102180779315893e-8,9.86302753261146581e-1,2.63063417493825114e-6
288,4.87092060399415549e-5,1.99902581587920181e-2,5.47196129391484543e-1,5.47143539088010278e-1,1.07990499693514308e0,1.26412554310161715e-9,9.74739947765694621e-9,-9.16462351968938717e-18,2.54022617276184560e-8,9.86255355989238636e-1,2.63024745383866332e-6
289,4.87092060399415549e-5,1.99902581587920181e-2,5.47143539088010278e-1,5.47090954292612452e-1,1.07980120868066209e0,1.26400405101548789e-9,1.02001539912938759e-8,-6.33602300134653292e-17,2.55007226398705510e-8,9.86207961403948286e-1,2.62855437427322869e-6
290,4.87092060399415549e-5,1.99902581587920181e-2,5.47090954292612452e-1,5.47038373818839241e-1,1.07969743129584228e0,1.26388257018372245e-9,9.46698591761461442e-9,8.54052865153568362e-17,2.56558799111624993e-8,9.86160568436245444e-1,2.62555499896954814e-6
291,4.87092060399415549e-5,1.99902581587920181e-2,5.47038373818839241e-1,5.46985799939996409e-1,1.07959366244030508e0,1.26376109999046439e-9,1.10075393204682935e-8,-3.25698197202467380e-17,2.57483855566626748e-8,9.86113179135538975e-1,2.62124939087726716e-6
292,4.87092060399415549e-5,1.99902581587920181e-2,5.46985799939996409e-1,5.46933231990070601e-1,1.07948990659950961e0,1.26363964397509899e-9,1.18827131335235449e-8,7.23877334573730261e-18,2.57237636919851112e-8,9.86065792901976823e-1,2.61563761272398665e-6
293,4.87092060399415549e-5,1.99902581587920181e-2,5.46933231990070601e-1,5.46880669541399800e-1,1.07938616245956687e0,1.26351820174158912e-9,1.23307949224285710e-8,-2.02508835552905138e-17,2.56806183568383287e-8,9.86018409350444380e-1,2.62058177002977288e-6
294,4.87092060399415549e-5,1.99902581587920181e-2,5.46880669541399800e-1,5.46828114015563527e-1,1.07928242917623374e0,1.26339677237312584e-9,1.42009850177330312e-8,-2.94075016210116127e-17,2.54866090567426143e-8,9.85971029762962248e-1,2.63600719518919391e-6
295,4.87092060399415549e-5,1.99902581587920181e-2,5.46828114015563527e-1,5.46775562116167291e-1,1.07917870955412609e0,1.26327535592616507e-9,1.27754459304159127e-8,6.78823933350682294e-17,2.52778176580534325e-8,9.85923651168129855e-1,2.65008539412914246e-6
296,4.87092060399415549e-5,1.99902581587920181e-2,5.46775562116167291e-1,5.46723014519237660e-1,1.07907499708986143e0,1.26315395022353020e-9,1.20262822893137582e-8,-7.08797401872970039e-17,2.51749947326177519e-8,9.85876274175600975e-1,2.66281643113153166e-6
297,4.87092060399415549e-5,1.99902581587920181e-2,5.46723014519237660e-1,5.46670470385437035e-1,1.07897129311676609e0,1.26303255476300680e-9,1.04381944048583275e-8,2.21637866982949184e-17,2.51208448439169913e-8,9.85828898028858536e-1,2.67420037114440845e-6
298,4.87092060399415549e-5,1.99902581587920181e-2,5.46670470385437035e-1,5.46617931557405012e-1,1.07886759597864712e0,1.26291116834610859e-9,1.06930791809505374e-8,-3.16501106843735286e-17,2.51966666515866029e-8,9.85781524389455877e-1,2.68987566953704516e-6
299,4.87092060399415549e-5,1.99902581587920181e-2,5.46617931557405012e-1,5.46565397673274722e-1,1.07876390931201160e0,1.26278979463748164e-9,1.05866069557865374e-8,9.09216018192402680e-17,2.53742246474828190e-8,9.85734152931526220e-1,2.70544527702920590e-6
300,4.87092060399415549e-5,1.99902581587920181e-2,5.46565397673274722e-1,5.46512868259966256e-1,1.07866023240199604e0,1.26266843186444068e-9,1.00075303306002863e-8,-6.87872031937481336e-17,2.55422899973813756e-8,9.85686783228688856e-1,2.71975359689147211e-6
301,4.87092060399415549e-5,1.99902581587920181e-2,5.46512868259966256e-1,5.46460345425197391e-1,1.07855656431548330e0,1.26254708016992272e-9,1.15366010558648565e-8,-2.61187125692008049e-17,2.55075586990180464e-8,9.85639417182107014e-1,2.73280068974202095e-6
302,4.87092060399415549e-5,1.99902581587920181e-2,5.46460345425197391e-1,5.46407826913338224e-1,1.07845290921134240e0,1.26242574229605279e-9,1.08106742221420206e-8,1.76629530559673105e-17,2.55054933885269561e-8,9.85592052757896520e-1,2.74458661631005185e-6
303,4.87092060399415549e-5,1.99902581587920181e-2,5.46407826913338224e-1,5.46355314568570560e-1,1.07834926263878805e0,1.26230441484356360e-9,1.19293448285484509e-8,-1.50363518630072533e-17,2.54954410053821128e-8,9.85544691619663404e-1,2.75511143721374197e-6
304,4.87092060399415549e-5,1.99902581587920181e-2,5.46355314568570560e-1,5.46302806508644601e-1,1.07824562823664682e0,1.26218310097534772e-9,1.11663583644417196e-8,1.98863979988975979e-17,2.55506575433212982e-8,9.85497332070166321e-1,2.76437521284922383e-6
305,4.87092060399415549e-5,1.99902581587920181e-2,5.46302806508644601e-1,5.46250303929911474e-1,1.07814200229140900e0,1.26206179796026653e-9,1.16001349729699359e-8,2.96438304307404630e-17,2.55330334118931881e-8,9.85449975188730676e-1,2.77237800405671919e-6
306,4.87092060399415549e-5,1.99902581587920181e-2,5.46250303929911474e-1,5.46197807021420845e-1,1.07803838716304123e0,1.26194050662860775e-9,1.22234882147567729e-8,-5.95713987008376404e-17,2.54615655764080087e-8,9.85402621146277524e-1,2.77911987134338290e-6
307,4.87092060399415549e-5,1.99902581587920181e-2,5.46197807021420845e-1,5.46145313980613056e-1,1.07793478322531611e0,1.26181922907146802e-9,1.10448267065447291e-8,1.76619339694526452e-17,2.54024514016562105e-8,9.85355268317120392e-1,2.78460087543841439e-6
308,4.87092060399415549e-5,1.99902581587920181e-2,5.46145313980613056e-1,5.46092826166846512e-1,1.07783118692064472e0,1.26169796054579415e-9,1.12258954900956674e-8,-2.29794413761926321e-18,2.52633889306961490e-8,9.85307917927778165e-1,2.78882107684896852e-6
309,4.87092060399415549e-5,1.99902581587920181e-2,5.46092826166846512e-1,5.46040343994634747e-1,1.07772760093137943e0,1.26157670378385012e-9,1.18219802191943839e-8,1.02801162803865475e-17,2.50907993788513129e-8,9.85260570352553433e-1,2.79178053619322242e-6
310,4.87092060399415549e-5,1.99902581587920181e-2,5.46040343994634747e-1,5.45987866994439019e-1,1.07762402607549101e0,1.26145545901694542e-9,1.19490685457230473e-8,-2.98377976669392475e-17,2.49132140683462827e-8,9.85213225168266815e-1,2.79861547081150519e-6
311,4.87092060399415549e-5,1.99902581587920181e-2,5.45987866994439019e-1,5.45935395051902694e-1,1.07752046142686009e0,1.26133422634275291e-9,1.19622972602888839e-8,8.20501890112825525e-17,2.48545384474293601e-8,9.85165882272045157e-1,2.80780507688760395e-6
312,4.87092060399415549e-5,1.99902581587920181e-2,5.45935395051902694e-1,5.45882927256661987e-1,1.07741690675966106e0,1.26121300530832855e-9,1.10656486228207121e-8,-6.24027221323208967e-17,2.49228616530601884e-8,9.85118540842782053e-1,2.81567067494936651e-6
313,4.87092060399415549e-5,1.99902581587920181e-2,5.45882927256661987e-1,5.45830463465011628e-1,1.07731336027771918e0,1.26109179514239694e-9,1.00256931754543183e-8,1.96463402589673586e-17,2.50148438180600519e-8,9.85071200751032383e-1,2.82221232883461681e-6
314,4.87092060399415549e-5,1.99902581587920181e-2,5.45830463465011628e-1,5.45778005049288195e-1,1.07720982169699875e0,1.26097059466695052e-9,1.03584592691496274e-8,-9.12720683186116352e-18,2.52177828193862563e-8,9.85023863235360286e-1,2.82743010215913415e-6
315,4.87092060399415549e-5,1.99902581587920181e-2,5.45778005049288195e-1,5.45725551983524015e-1,1.07710629372581024e0,1.26084940658724067e-9,1.06657744460732010e-8,-2.40992106606566917e-17,2.52622085807418111e-8,9.84976528272747176e-1,2.83132405842767554e-6
316,4.87092060399415549e-5,1.99902581587920181e-2,5.45725551983524015e-1,5.45673104656048236e-1,1.07700277631295882e0,1.26072823116090707e-9,1.13619330026388877e-8,3.46052001878294191e-18,2.52399752440040615e-8,9.84929196213967462e-1,2.83389426125602029e-6
317,4.87092060399415549e-5,1.99902581587920181e-2,5.45673104656048236e-1,5.45620661488197878e-1,1.07689927022458098e0,1.26060706848760182e-9,1.04799801849535570e-8,2.05165971290996978e-17,2.52618510169281291e-8,9.84881865634729681e-1,2.83514077437097001e-6
318,4.87092060399415549e-5,1.99902581587920181e-2,5.45620661488197878e-1,5.45568224802333135e-1,1.07679577234542756e0,1.26048591564295008e-9,1.19207874319209393e-8,2.09389340431733473e-17,2.52979027578093366e-8,9.84834538631250478e-1,2.84593631449947537e-6
319,4.87092060399415549e-5,1.99902581587920181e-2,5.45568224802333135e-1,5.45515792540415601e-1,1.07669228725824739e0,1.26036477707187449e-9,1.13041793917019433e-8,-2.52247950248269990e-17,2.52881865018710059e-8,9.84787213346491774e-1,2.86468631005565300e-6
320,4.87092060399415549e-5,1.99902581587920181e-2,5.45515792540415601e-1,5.45463365656899457e-1,1.07658881090198411e0,1.26024364906545559e-9,1.16424506672349051e-8,6.06760405062593301e-17,2.52774806394271102e-8,9.84739890642232329e-1,2.88213189192365604e-6
321,4.87092060399415549e-5,1.99902581587920181e-2,5.45463365656899457e-1,5.45410945061429620e-1,1.07648534515993988e0,1.26012253238425701e-9,1.28908840275144464e-8,-2.43585747960839186e-17,2.51278108918819099e-8,9.84692571339967571e-1,2.89827312327517461e-6
322,4.87092060399415549e-5,1.99902581587920181e-2,5.45410945061429620e-1,5.45358530140846787e-1,1.07638189182724298e0,1.26000143020951425e-9,1.35267623861440792e-8,2.60933048895056261e-17,2.49409212623423391e-8,9.84645254886694410e-1,2.91311006672678730e-6
323,4.87092060399415549e-5,1.99902581587920181e-2,5.45358530140846787e-1,5.45306119600839856e-1,1.07627844969377029e0,1.25988034052972467e-9,1.28688752021061433e-8,9.29653566633444360e-18,2.48016266595147148e-8,9.84597940114294246e-1,2.92664278478405038e-6
324,4.87092060399415549e-5,1.99902581587920181e-2,5.45306119600839856e-1,5.45253713786612804e-1,1.07617501620577061e0,1.25975926148542407e-9,1.25566130961621569e-8,-5.58906087567379527e-18,2.47319904498360433e-8,9.84550627334707773e-1,2.93887134017456475e-6
325,4.87092060399415549e-5,1.99902581587920181e-2,5.45253713786612804e-1,5.45201311540018385e-1,1.07607159204443814e0,1.25963819360477391e-9,1.10866580472157312e-8,-3.88479485159568070e-17,2.47318467440987009e-8,9.84503315502521681e-1,2.94979579584797591e-6
326,4.87092060399415549e-5,1.99902581587920181e-2,5.45201311540018385e-1,5.45148913571262828e-1,1.07596817492469521e0,1.25951713591987630e-9,1.03272521005035823e-8,3.28548727767774117e-17,2.48819116157550501e-8,9.84456005259148670e-1,2.95941621408779554e-6
327,4.87092060399415549e-5,1.99902581587920181e-2,5.45148913571262828e-1,5.45096520528844164e-1,1.07586476624748295e0,1.25939608809557667e-9,1.02167555996752750e-8,-8.91690592185078436e-17,2.50466096075982599e-8,9.84408697190360504e-1,2.96773265784366913e-6
328,4.87092060399415549e-5,1.99902581587920181e-2,5.45096520528844164e-1,5.45044132513713753e-1,1.07576136729224059e0,1.25927505136924209e-9,1.02076837459611951e-8,3.84145373078422975e-17,2.51100711322727186e-8,9.84361391387696627e-1,2.97474518962115297e-6
329,4.87092060399415549e-5,1.99902581587920181e-2,5.45044132513713753e-1,5.44991748897659778e-1,1.07565797825865150e0,1.25915402658226332e-9,9.57088351005386689e-9,-3.79441147303997154e-18,2.52137708461606020e-8,9.84314087284108186e-1,2.98045387225887026e-6
330,4.87092060399415549e-5,1.99902581587920181e-2,5.44991748897659778e-1,5.44939370450435723e-1,1.07555459790727448e0,1.25903301291798643e-9,9.70425953173743820e-9,7.21080339137667955e-17,2.52421365797377568e-8,9.84266785575056091e-1,2.98485876837339958e-6
331,4.87092060399415549e-5,1.99902581587920181e-2,5.44939370450435723e-1,5.44886998666858302e-1,1.07545122775618318e0,1.25891200954665127e-9,1.13329493051753415e-8,-5.13543469687746987e-17,2.51300186095715683e-8,9.84219487610872412e-1,2.98795994058131953e-6
332,4.87092060399415549e-5,1.99902581587920181e-2,5.44886998666858302e-1,5.44834632118092688e-1,1.07534787075541738e0,1.25879102062217274e-9,1.15334445566595468e-8,4.63649275171140694e-17,2.51502750276679493e-8,9.84172192101625209e-1,2.98975745149920868e-6
333,4.87092060399415549e-5,1.99902581587920181e-2,5.44834632118092688e-1,5.44782270588186401e-1,1.07524452408557258e0,1.25867004369404296e-9,1.15184906712844534e-8,1.78952584591967028e-18,2.51846879921022019e-8,9.84124898852592911e-1,2.99025136385466794e-6
334,4.87092060399415549e-5,1.99902581587920181e-2,5.44782270588186401e-1,5.44729914197510712e-1,1.07514118732069131e0,1.25854907842920573e-9,1.16243905604560311e-8,-9.75816713366293469e-17,2.52407759190445305e-8,9.84077607972837942e-1,2.98944174026427589e-6
335,4.87092060399415549e-5,1.99902581587920181e-2,5.44729914197510712e-1,5.44677564004315218e-1,1.07503786069765184e0,1.25842812383801327e-9,1.27890337365265724e-8,1.05603114706158199e-16,2.51739928513518376e-8,9.84030320418628701e-1,2.98732864356665573e-6
336,4.87092060399415549e-5,1.99902581587920181e-2,5.44677564004315218e-1,5.44625217668487149e-1,1.07493454630551444e0,1.25830718361107539e-9,1.16141602864538012e-8,-9.21335090977753841e-17,2.50297082315187836e-8,9.83983034076509222e-1,2.98391213615634143e-6
337,4.87092060399415549e-5,1.99902581587920181e-2,5.44625217668487149e-1,5.44572877248569842e-1,1.07483123952628379e0,1.25818625335389377e-9,1.24982006665014665e-8,2.44760013558419464e-17,2.49789117665163441e-8,9.83935750806319454e-1,2.97935569637530762e-6
338,4.87092060399415549e-5,1.99902581587920181e-2,5.44572877248569842e-1,5.44520539929817193e-1,1.07472794442212249e0,1.25806533618535249e-9,1.05680637615234915e-8,-6.48947675093981781e-18,2.50219641381109678e-8,9.83888468065552302e-1,2.99516901580698658e-6
339,4.87092060399415549e-5,1.99902581587920181e-2,5.44520539929817193e-1,5.44468206877168348e-1,1.07462465543891872e0,1.25794442758711207e-9,9.80316407973857439e-9,2.29217471828282836e-17,2.50736894400318627e-8,9.83841186906754039e-1,3.00963795496489439e-6
340,4.87092060399415549e-5,1.99902581587920181e-2,5.44468206877168348e-1,5.44415878977950962e-1,1.07452137487529797e0,1.25782352976187095e-9,9.92600225893822806e-9,-5.24335678596114088e-17,2.51717845812470342e-8,9.83793908131930905e-1,3.02276257835298878e-6
341,4.87092060399415549e-5,1.99902581587920181e-2,5.44415878977950962e-1,5.44363557754329097e-1,1.07441810448183905e0,1.25770264315093535e-9,1.15714997274463858e-8,1.36684465927507616e-17,2.52828445781386146e-8,9.83746633116821867e-1,3.03454295058624979e-6
342,4.87092060399415549e-5,1.99902581587920181e-2,5.44363557754329097e-1,5.44311242006597307e-1,1.07431484726217841e0,1.25758177096621720e-9,1.20179334486791712e-8,5.17674260774326548e-17,2.54155891847226810e-8,9.83699360777792520e-1,3.04497913650170204e-6
343,4.87092060399415549e-5,1.99902581587920181e-2,5.44311242006597307e-1,5.44258930736781665e-1,1.07421160084954526e0,1.25746091185917573e-9,1.14669197570325567e-8,-3.43151575778438255e-17,2.55339537768445121e-8,9.83652090213547159e-1,3.05407120071432558e-6
344,4.87092060399415549e-5,1.99902581587920181e-2,5.44258930736781665e-1,5.44206624367490566e-1,1.07410836327396364e0,1.25734006274684842e-9,1.13389447940873134e-8,-2.06100304880100124e-17,2.55284296423052227e-8,9.83604821806139729e-1,3.06181920739501123e-6
345,4.87092060399415549e-5,1.99902581587920181e-2,5.44206624367490566e-1,5.44154324035474590e-1,1.07400513536982567e0,1.25721922544927145e-9,1.23481913980122806e-8,8.53077718473041848e-17,2.55748998549900806e-8,9.83557556583276815e-1,3.07245678554668444e-6
346,4.87092060399415549e-5,1.99902581587920181e-2,5.44154324035474590e-1,5.44102027210089045e-1,1.07390191938039981e0,1.25709840229825540e-9,1.08273739101609675e-8,-6.87798528668249874e-17,2.57027051360157538e-8,9.83510292258195085e-1,3.08841600760167978e-6
347,4.87092060399415549e-5,1.99902581587920181e-2,5.44102027210089045e-1,5.44049736767175163e-1,1.07379871031201146e0,1.25697758780407076e-9,1.21827345572900052e-8,-1.64392931952890410e-17,2.57387766517739638e-8,9.83463031430354517e-1,3.10311678819452652e-6
348,4.87092060399415549e-5,1.99902581587920181e-2,5.44049736767175163e-1,5.43997450757609857e-1,1.07369551383879891e0,1.25685678694978794e-9,1.15895855521283698e-8,9.04080153030734437e-17,2.57764665135481002e-8,9.83415772338488092e-1,3.11655918783237951e-6
349,4.87092060399415549e-5,1.99902581587920181e-2,5.43997450757609857e-1,5.43945169747414914e-1,1.07359232611542055e0,1.25673599755563860e-9,1.15628847850663678e-8,-6.98313648615023962e-17,2.58201582706223544e-8,9.83368515494453588e-1,3.12874326702239358e-6
350,4.87092060399415549e-5,1.99902581587920181e-2,5.43945169747414914e-1,5.43892893940383315e-1,1.07348914825820740e0,1.25661521867613688e-9,1.17404573455550430e-8,-1.25729252807630816e-17,2.57878904917804474e-8,9.83321261082820586e-1,3.08777633073464841e-6
351,4.87092060399415549e-5,1.99902581587920181e-2,5.43892893940383315e-1,5.43840623655032274e-1,1.07338598066960267e0,1.25649445216409395e-9,1.22370473286400989e-8,-1.90559252075066092e-18,2.57477768536447158e-8,9.83274009391869708e-1,3.10365987299388024e-6
352,4.87092060399415549e-5,1.99902581587920181e-2,5.43840623655032274e-1,5.43788358166975461e-1,1.07328282397738040e0,1.25637369638275181e-9,1.20097816465085554e-8,8.86868956394506837e-17,2.56084012116704354e-8,9.83226759767132807e-1,3.11822195031563609e-6
353,4.87092060399415549e-5,1.99902581587920181e-2,5.43788358166975461e-1,5.43736097722734568e-1,1.07317967675341053e0,1.25625295324566067e-9,1.20294990462140431e-8,-3.21971781630140492e-17,2.55858189974847788e-8,9.83179512431739178e-1,3.13146262653773988e-6
354,4.87092060399415549e-5,1.99902581587920181e-2,5.43736097722734568e-1,5.43683842813924456e-1,1.07307653948341253e0,1.25613222159662841e-9,1.25413160494346471e-8,-5.80907536761738464e-17,2.54044000449264742e-8,9.83132267830541307e-1,3.14338196494290401e-6
355,4.87092060399415549e-5,1.99902581587920181e-2,5.43683842813924456e-1,5.43631592389617335e-1,1.07297341313729966e0,1.25601150176062803e-9,1.20027372622580654e-8,-8.58724318032124832e-19,2.52016959018984890e-8,9.83085025013695546e-1,3.15398002903588548e-6
356,4.87092060399415549e-5,1.99902581587920181e-2,5.43631592389617335e-1,5.43579345425302840e-1,1.07287029564180547e0,1.25589079315500282e-9,1.04400792438697504e-8,1.75290639476582524e-17,2.49915266948141990e-8,9.83037783055083381e-1,3.16325688243246361e-6
357,4.87092060399415549e-5,1.99902581587920181e-2,5.43579345425302840e-1,5.43527104706422071e-1,1.07276718497507328e0,1.25577009329773365e-9,1.16631949852601271e-8,-9.03806488596877394e-18,2.47339066250070381e-8,9.82990544473621664e-1,3.17121258863739541e-6
358,4.87092060399415549e-5,1.99902581587920181e-2,5.43527104706422071e-1,5.43474869974584940e-1,1.07266408663361923e0,1.25564940722546103e-9,1.26285208572497174e-8,8.74161377690548698e-17,2.47243719562358653e-8,9.82943309036098389e-1,3.17784721115543789e-6
359,4.87092060399415549e-5,1.99902581587920181e-2,5.43474869974584940e-1,5.43422639077711711e-1,1.07256100010734667e0,1.25552873396043017e-9,1.14423426834944952e-8,-1.17249708543063971e-17,2.45772466337674398e-8,9.82896074796763553e-1,3.18316081338032575e-6
360,4.87092060399415549e-5,1.99902581587920181e-2,5.43422639077711711e-1,5.43370413817476527e-1,1.07245792114966676e0,1.25540806998061605e-9,1.20582072057530058e-8,-1.28092061140164037e-17,2.44525027066722962e-8,9.82848843385181303e-1,3.18715345892783830e-6
361,4.87092060399415549e-5,1.99902581587920181e-2,5.43370413817476527e-1,5.43318194578965685e-1,1.07235485331610936e0,1.25528741942065511e-9,1.30596998755791743e-8,-3.15308014615413301e-17,2.43812660414612607e-8,9.82801615150053154e-1,3.18982521119171025e-6
362,4.87092060399415549e-5,1.99902581587920181e-2,5.43318194578965685e-1,5.43265977915212916e-1,1.07225179736587584e0,1.25516678127039313e-9,1.06148050016469333e-8,4.03998237175287673e-17,2.43296537234254677e-8,9.82754386974142857e-1,3.19117613367669861e-6
363,4.87092060399415549e-5,1.99902581587920181e-2,5.43265977915212916e-1,5.43213766493536809e-1,1.07214874649782010e0,1.25504615109599977e-9,1.08374764255919087e-8,-5.64512436517855681e-17,2.43143796601871937e-8,9.82707161270067631e-1,3.19120628999858269e-6
364,4.87092060399415549e-5,1.99902581587920181e-2,5.43213766493536809e-1,5.43161559991355181e-1,1.07204570597541071e0,1.25492553373846849e-9,1.07380694441223240e-8,-1.56738765047141228e-17,2.43915813396170956e-8,9.82659937746440559e-1,3.19378451829610555e-6
365,4.87092060399415549e-5,1.99902581587920181e-2,5.43161559991355181e-1,5.43109359061401009e-1,1.07194267516160657e0,1.25480492718981671e-9,1.12918683813249970e-8,-2.71519703421203935e-17,2.42703992562452507e-8,9.82612716994029300e-1,3.21220098764563033e-6
366,4.87092060399415549e-5,1.99902581587920181e-2,5.43109359061401009e-1,5.43057162602941235e-1,1.07183965534486014e0,1.25468433358499137e-9,1.07454698647490849e-8,-9.32364899245270674e-20,2.42371336925952828e-8,9.82565498017435313e-1,3.22931592455777405e-6
367,4.87092060399415549e-5,1.99902581587920181e-2,5.43057162602941235e-1,5.43004970239852724e-1,1.07173664435288973e0,1.25456375093631181e-9,9.82337801009098746e-9,6.92802541240277164e-17,2.42941497617413255e-8,9.82518280476646688e-1,3.24512939164911529e-6
368,4.87092060399415549e-5,1.99902581587920181e-2,5.43004970239852724e-1,5.42952782855102845e-1,1.07163364144346773e0,1.25444317814399899e-9,9.78464739178422018e-9,-4.71474188698933072e-17,2.44011785040863453e-8,9.82471065170720137e-1,3.25964145109214343e-6
369,4.87092060399415549e-5,1.99902581587920181e-2,5.42952782855102845e-1,5.42900601526045468e-1,1.07153064835872902e0,1.25432261631999314e-9,1.08237489815649442e-8,4.26769824607157981e-17,2.46279295741841940e-8,9.82423853074756326e-1,3.27285216594752626e-6
370,4.87092060399415549e-5,1.99902581587920181e-2,5.42900601526045468e-1,5.42848424168712484e-1,1.07142766722486837e0,1.25420206795026091e-9,9.77946468667485684e-9,1.23034182566647294e-17,2.49131404296973966e-8,9.82376642303580239e-1,3.28476159849877547e-6
371,4.87092060399415549e-5,1.99902581587920181e-2,5.42848424168712484e-1,5.42796252389878942e-1,1.07132469392916740e0,1.25408152848987619e-9,1.03423372051339006e-8,-3.44119377095125298e-18,2.50570397601434272e-8,9.82329434311335348e-1,3.29536981136246965e-6
372,4.87092060399415549e-5,1.99902581587920181e-2,5.42796252389878942e-1,5.42744085116906527e-1,1.07122173164278922e0,1.25396100202983752e-9,9.83310770705301574e-9,-7.17855542432405474e-17,2.52534550435822909e-8,9.82282228127743129e-1,3.30467686693314278e-6
373,4.87092060399415549e-5,1.99902581587920181e-2,5.42744085116906527e-1,5.42691922920690240e-1,1.07111877824915291e0,1.25384048703909603e-9,9.89520621179979081e-9,1.91403638044360222e-18,2.55465500993063471e-8,9.82235024269720647e-1,3.31268282793839575e-6
374,4.87092060399415549e-5,1.99902581587920181e-2,5.42691922920690240e-1,5.42639766488646869e-1,1.07101583487471408e0,1.25371998382482422e-9,1.06452096043191064e-8,-6.62481673404329398e-18,2.58324070310849577e-8,9.82187823359686574e-1,3.31938775677276254e-6
375,4.87092060399415549e-5,1.99902581587920181e-2,5.42639766488646869e-1,5.42587615628268627e-1,1.07091290287600160e0,1.25359949401010450e-9,1.12032592312307659e-8,5.21569470822451006e-17,2.59570126755770204e-8,9.82140625223912211e-1,3.32479171605282176e-6
376,4.87092060399415549e-5,1.99902581587920181e-2,5.42587615628268627e-1,5.42535469479216825e-1,1.07080998187245502e0,1.25347901561075620e-9,1.09015058523129966e-8,-1.80263119923659292e-17,2.60757879421936343e-8,9.82093429084006542e-1,3.32889476828412967e-6
377,4.87092060399415549e-5,1.99902581587920181e-2,5.42535469479216825e-1,5.42483329484643506e-1,1.07070707016747702e0,1.25335854919917549e-9,1.20433573394184968e-8,1.99044967107002581e-18,2.61051388622216266e-8,9.82046236246587378e-1,3.33169697608326487e-6
378,4.87092060399415549e-5,1.99902581587920181e-2,5.42483329484643506e-1,5.42431194498841363e-1,1.07060417060779689e0,1.25323809509365277e-9,1.20400931099838405e-8,7.24401601645966370e-18,2.60452949896967250e-8,9.81999045675022719e-1,3.33319840184476135e-6
379,4.87092060399415549e-5,1.99902581587920181e-2,5.42431194498841363e-1,5.42379065951632322e-1,1.07050128093317931e0,1.25311765277011826e-9,1.34671322982360472e-8,4.10661590599708588e-18,2.59542682996591882e-8,9.81951858663989152e-1,3.33339910807417539e-6
380,4.87092060399415549e-5,1.99902581587920181e-2,5.42379065951632322e-1,5.42326941270675933e-1,1.07039840396464303e0,1.25299722382819801e-9,1.23224499337922543e-8,-8.34387175485712163e-18,2.59045402665811390e-8,9.81904672885292817e-1,3.33229915727706327e-6
381,4.87092060399415549e-5,1.99902581587920181e-2,5.42326941270675933e-1,5.42274821211003899e-1,1.07029553462650817e0,1.25287680476427323e-9,1.19331708922216335e-8,2.10795332406114356e-17,2.57692532422098441e-8,9.81857489022662455e-1,3.32989861218102590e-6
382,4.87092060399415549e-5,1.99902581587920181e-2,5.42274821211003899e-1,5.42222707559933403e-1,1.07019267440906374e0,1.25275639745083430e-9,1.33316533765688570e-8,-4.24369958583182383e-17,2.56761757695390318e-8,9.81810308694530454e-1,3.32876153852357248e-6
383,4.87092060399415549e-5,1.99902581587920181e-2,5.42222707559933403e-1,5.42170598928492398e-1,1.07008982683871556e0,1.25263600417574225e-9,1.33417796967978421e-8,2.56515126874247293e-17,2.56249775185708704e-8,9.81763130643860338e-1,3.34088606890325934e-6
384,4.87092060399415549e-5,1.99902581587920181e-2,5.42170598928492398e-1,5.42118494141864526e-1,1.06998698917470692e0,1.25251562276480432e-9,1.21775723215760311e-8,-4.80392304124275531e-17,2.55903460217285001e-8,9.81715953807226982e-1,3.35153747721417261e-6
385,4.87092060399415549e-5,1.99902581587920181e-2,5.42118494141864526e-1,5.42066395182985827e-1,1.06988415909913259e0,1.25239525125185873e-9,1.29966704161844848e-8,6.27384648167888200e-17,2.54320564708239622e-8,9.81668779980365613e-1,3.36071583473263047e-6
386,4.87092060399415549e-5,1.99902581587920181e-2,5.42066395182985827e-1,5.42014301315466462e-1,1.06978134052454399e0,1.25227489304661717e-9,1.30799390282698180e-8,8.61634504863208894e-18,2.52693488075832592e-8,9.81621608496813680e-1,3.36842121195779498e-6
387,4.87092060399415549e-5,1.99902581587920181e-2,5.42014301315466462e-1,5.41962212242036223e-1,1.06967853199771890e0,1.25215454620854204e-9,1.28664268419977592e-8,-4.83733369336438465e-17,2.50977610220215835e-8,9.81574439087757100e-1,3.37611912171187356e-6
388,4.87092060399415549e-5,1.99902581587920181e-2,5.41962212242036223e-1,5.41910128028234905e-1,1.06957573293205233e0,1.25203421027304612e-9,1.27189151638114676e-8,1.69750994370702646e-17,2.48669604617780511e-8,9.81527271812848157e-1,3.38439716596194984e-6
389,4.87092060399415549e-5,1.99902581587920181e-2,5.41910128028234905e-1,5.41858049063967395e-1,1.06947294345710087e0,1.25191388543356187e-9,1.29617755486679242e-8,5.04596005894271147e-17,2.47458094703013168e-8,9.81480107025521020e-1,3.39133405702352064e-6
390,4.87092060399415549e-5,1.99902581587920181e-2,5.41858049063967395e-1,5.41805974011672409e-1,1.06937016434217913e0,1.25179357312473169e-9,1.18675793475185391e-8,2.28838027537692511e-18,2.47666064807216737e-8,9.81432943514658485e-1,3.39692985917849910e-6
391,4.87092060399415549e-5,1.99902581587920181e-2,5.41805974011672409e-1,5.41753903312814367e-1,1.06926739294817352e0,1.25167327071852234e-9,1.12152235825232403e-8,8.33015544593976732e-18,2.47479297139784988e-8,9.81385781680335745e-1,3.40118463726390985e-6
392,4.87092060399415549e-5,1.99902581587920181e-2,5.41753903312814367e-1,5.41701837589175894e-1,1.06916463014591412e0,1.25155297899035505e-9,1.11850690098385170e-8,-6.60967535836663332e-17,2.47255163569118647e-8,9.81338622085998757e-1,3.40409845522859911e-6
393,4.87092060399415549e-5,1.99902581587920181e-2,5.41701837589175894e-1,5.41649777529800147e-1,1.06906187716240741e0,1.25143269855792240e-9,1.18444356945176487e-8,1.03380288494326101e-17,2.46641943950310441e-8,9.81291465356113335e-1,3.40567137779856921e-6
394,4.87092060399415549e-5,1.99902581587920181e-2,5.41649777529800147e-1,5.41597722214087418e-1,1.06895913535693632e0,1.25131242990610131e-9,1.15837472221192581e-8,-2.27451341958808615e-18,2.46287603994532582e-8,9.81244310657183871e-1,3.40590346947777789e-6
395,4.87092060399415549e-5,1.99902581587920181e-2,5.41597722214087418e-1,5.41545670257565614e-1,1.06885640291371509e0,1.25119217338270553e-9,9.93904266348105715e-9,-5.54080315873745164e-18,2.45804745692613777e-8,9.81197156735212239e-1,3.40479479454813827e-6
396,4.87092060399415549e-5,1.99902581587920181e-2,5.41545670257565614e-1,5.41493624633018422e-1,1.06875367709994529e0,1.25107192500454049e-9,1.12674446302110930e-8,5.88825375759545049e-17,2.44775094316216606e-8,9.81150006283601828e-1,3.41561141448121219e-6
397,4.87092060399415549e-5,1.99902581587920181e-2,5.41493624633018422e-1,5.41441583997331333e-1,1.06865096378199831e0,1.25095169005051839e-9,1.12533408923006717e-8,-3.23724941307609881e-17,2.45418157663430530e-8,9.81102858085957985e-1,3.42707182698909207e-6
398,4.87092060399415549e-5,1.99902581587920181e-2,5.41441583997331333e-1,5.41389548159958989e-1,1.06854826030988614e0,1.25083146741338952e-9,1.10491712615420707e-8,-1.75692500361773036e-17,2.45601391729544176e-8,9.81055711969970434e-1,3.43727687901473900e-6
399,4.87092060399415549e-5,1.99902581587920181e-2,5.41389548159958989e-1,5.41337517176088912e-1,1.06844556630732601e0,1.25071125535479909e-9,1.09006504350248840e-8,-4.20067461345049065e-17,2.46386814648448695e-8,9.81008567985935942e-1,3.44622663117633010e-6
400,4.87092060399415549e-5,1.99902581587920181e-2,5.41337517176088912e-1,5.41285491139767649e-1,1.06834288188318793e0,1.25059105366747404e-9,1.08466426300643489e-8,7.28938521869697216e-18,2.47557603088899001e-8,9.80961426219370547e-1,3.45649618771481926e-6
401,4.87092060399415549e-5,1.99902581587920181e-2,5.41285491139767649e-1,5.41233469208782791e-1,1.06824020722288537e0,1.25047086289657064e-9,9.95089803099541359e-9,1.75255054166630493e-17,2.48257769609951801e-8,9.80914285907443340e-1,3.46598888256721693e-6
402,4.87092060399415549e-5,1.99902581587920181e-2,5.41233469208782791e-1,5.41181452043129507e-1,1.06813754066475530e0,1.25035068201561815e-9,9.71554321725020391e-9,5.25724465213753869e-17,2.48462852882687454e-8,9.80867147648407545e-1,3.47416328472238689e-6
403,4.87092060399415549e-5,1.99902581587920181e-2,5.41181452043129507e-1,5.41129440623005498e-1,1.06803488351120568e0,1.25023051281323230e-9,1.04608442995639949e-8,-2.96929815027383639e-17,2.49461343448758141e-8,9.80820012330944846e-1,3.48101945746304153e-6
404,4.87092060399415549e-5,1.99902581587920181e-2,5.41129440623005498e-1,5.41077435194259215e-1,1.06793223769637469e0,1.25011035567584727e-9,1.14525460395765351e-8,-2.90290052794032737e-17,2.49492220333999106e-8,9.80772880178209960e-1,3.49865860538312035e-6
405,4.87092060399415549e-5,1.99902581587920181e-2,5.41077435194259215e-1,5.41025434483729750e-1,1.06782960370541957e0,1.24999021171470058e-9,1.11716626836361447e-8,7.59827695873693413e-17,2.49871922595377861e-8,9.80725750036808175e-1,3.51654072172635779e-6
406,4.87092060399415549e-5,1.99902581587920181e-2,5.41025434483729750e-1,5.40973438179464750e-1,1.06772697902627556e0,1.24987007950113533e-9,1.05792808114218639e-8,-9.63936993562990651e-17,2.50668501085855216e-8,9.80678621624227254e-1,3.53301533129180001e-6
407,4.87092060399415549e-5,1.99902581587920181e-2,5.40973438179464750e-1,5.40921446550616469e-1,1.06762436304306663e0,1.24974995767546405e-9,1.02564743905547836e-8,9.76330094741668380e-17,2.51475117461253076e-8,9.80631495184696500e-1,3.54808250191407382e-6
408,4.87092060399415549e-5,1.99902581587920181e-2,5.40921446550616469e-1,5.40869460671358548e-1,1.06752175628722723e0,1.24962984787916713e-9,1.10082913674138917e-8,-2.13292822285983462e-17,2.52850784431493667e-8,9.80584371692248213e-1,3.56174230098371680e-6
409,4.87092060399415549e-5,1.99902581587920181e-2,5.40869460671358548e-1,5.40817479404621659e-1,1.06741916087778832e0,1.24950975005196626e-9,1.06235915372806598e-8,1.30611818722123070e-18,2.53573829344798704e-8,9.80537250116483849e-1,3.57399479644637807e-6
410,4.87092060399415549e-5,1.99902581587920181e-2,5.40817479404621659e-1,5.40765503356451349e-1,1.06731657457165152e0,1.24938966354086231e-9,1.08453807353406442e-8,-5.38683209038907609e-17,2.53250167316920658e-8,9.80490131007125787e-1,3.58484005569259523e-6
411,4.87092060399415549e-5,1.99902581587920181e-2,5.40765503356451349e-1,5.40713533966578841e-1,1.06721399856427435e0,1.24926958920957640e-9,1.25074026432788871e-8,3.64293931732211868e-17,2.52946281781044562e-8,9.80443015669816620e-1,3.59427814666801737e-6
412,4.87092060399415549e-5,1.99902581587920181e-2,5.40713533966578841e-1,5.40661569789261720e-1,1.06711143569659495e0,1.24914952857600666e-9,1.27243222443265432e-8,2.95004469433605211e-17,2.52226253841884194e-8,9.80395902794306773e-1,3.60230913654113749e-6
413,4.87092060399415549e-5,1.99902581587920181e-2,5.40661569789261720e-1,5.40609610225961879e-1,1.06700888311617725e0,1.24902948025475357e-9,1.23432048818412093e-8,-4.98307464549010260e-17,2.52960724499245556e-8,9.80348791838242306e-1,3.60893309336862700e-6
414,4.87092060399415549e-5,1.99902581587920181e-2,5.40609610225961879e-1,5.40557655449624530e-1,1.06690633964189874e0,1.24890944319833000e-9,1.21354761088129596e-8,3.66361122257430889e-17,2.53499362763601640e-8,9.80301682958698684e-1,3.61415008454102349e-6
415,4.87092060399415549e-5,1.99902581587920181e-2,5.40557655449624530e-1,5.40505705458821151e-1,1.06680380561509391e0,1.24878941810264195e-9,1.19267791629656952e-8,-6.10650370785634173e-17,2.53898665425665686e-8,9.80254576154697577e-1,3.61796017800397607e-6
416,4.87092060399415549e-5,1.99902581587920181e-2,5.40505705458821151e-1,5.40453759333968442e-1,1.06670128103297479e0,1.24866940431415863e-9,1.07989587270192704e-8,6.47712462828868595e-17,2.54306272029913380e-8,9.80207470592636132e-1,3.62036344081495542e-6
417,4.87092060399415549e-5,1.99902581587920181e-2,5.40453759333968442e-1,5.40401818280136448e-1,1.06659876408114496e0,1.24854940119017126e-9,1.08765802094378683e-8,-2.93378596308795482e-17,2.55014157539563127e-8,9.80160367365548013e-1,3.62950776422454879e-6
418,4.87092060399415549e-5,1.99902581587920181e-2,5.40401818280136448e-1,5.40349883903991635e-1,1.06649625713721896e0,1.24842941011213907e-9,1.25613554462636392e-8,5.36921959535047451e-17,2.55257693931512446e-8,9.80113267930876386e-1,3.63863379049256253e-6
419,4.87092060399415549e-5,1.99902581587920181e-2,5.40349883903991635e-1,5.40297953519209950e-1,1.06639376337075920e0,1.24830943233510869e-9,1.15604487159565735e-8,-9.76298860401738378e-17,2.54643456086605412e-8,9.80066169852773617e-1,3.64646159556336613e-6
420,4.87092060399415549e-5,1.99902581587920181e-2,5.40297953519209950e-1,5.40246028667005662e-1,1.06629127748189667e0,1.24818946474388441e-9,1.21011397075502583e-8,-2.20309960858393306e-18,2.53539119123755054e-8,9.80019074529320799e-1,3.65299124205353820e-6
421,4.87092060399415549e-5,1.99902581587920181e-2,5.40246028667005662e-1,5.40194109640911524e-1,1.06618880251170545e0,1.24806950992256587e-9,1.29358953226031938e-8,5.04574548829181521e-17,2.53455734343170870e-8,9.79971982227173966e-1,3.65822279235761272e-6
422,4.87092060399415549e-5,1.99902581587920181e-2,5.40194109640911524e-1,5.40142194487773009e-1,1.06608633903900651e0,1.24794956764130520e-9,1.18180565070340380e-8,2.79211655937334539e-17,2.52784152961503426e-8,9.79924891175077417e-1,3.66215630864807906e-6
423,4.87092060399415549e-5,1.99902581587920181e-2,5.40142194487773009e-1,5.40090284091381156e-1,1.06598388320992266e0,1.24782963483750032e-9,1.15843810449049392e-8,-2.75827842031114865e-18,2.53486703642881463e-8,9.79877802174906720e-1,3.66479185343049352e-6
424,4.87092060399415549e-5,1.99902581587920181e-2,5.40090284091381156e-1,5.40038379628011045e-1,1.06588143676818126e0,1.24770971243825173e-9,1.25274378583762973e-8,7.89988752415295934e-18,2.53372022923967746e-8,9.79830716294073145e-1,3.66612948909939007e-6
425,4.87092060399415549e-5,1.99902581587920181e-2,5.40038379628011045e-1,5.39986479913771800e-1,1.06577900203530751e0,1.24758980327768515e-9,1.22871741742050248e-8,-4.16231560146844659e-17,2.53795301849741372e-8,9.79783632458973819e-1,3.66616927804930270e-6
426,4.87092060399415549e-5,1.99902581587920181e-2,5.39986479913771800e-1,5.39934584892281411e-1,1.06567657667486038e0,1.24746990477718600e-9,1.19909849173440896e-8,-1.58178208205493755e-17,2.53527600228607724e-8,9.79736550618730995e-1,3.66491128256374310e-6
427,4.87092060399415549e-5,1.99902581587920181e-2,5.39934584892281411e-1,5.39882694555434695e-1,1.06557416057564613e0,1.24735001731913858e-9,1.16871415969229488e-8,-1.33948367528141464e-17,2.53170881970919532e-8,9.79689470766303971e-1,3.66867658863068158e-6
428,4.87092060399415549e-5,1.99902581587920181e-2,5.39882694555434695e-1,5.39830809770071474e-1,1.06547175372198955e0,1.24723014055361900e-9,1.22505883300596205e-8,9.06980066278610591e-17,2.52491909891265831e-8,9.79642393688491042e-1,3.67418533198105024e-6
429,4.87092060399415549e-5,1.99902581587920181e-2,5.39830809770071474e-1,5.39778929397439322e-1,1.06536935782395670e0,1.24711027653647882e-9,1.16758165490863129e-8,-8.98011823708147418e-17,2.52098938262874471e-8,9.79595318352409539e-1,3.67822413638307921e-6
430,4.87092060399415549e-5,1.99902581587920181e-2,5.39778929397439322e-1,5.39727053042186933e-1,1.06526697063484921e0,1.24699042279962593e-9,1.07061172909415859e-8,9.41836878265166390e-17,2.51855077476459357e-8,9.79548244399511603e-1,3.68079307244695286e-6
431,4.87092060399415549e-5,1.99902581587920181e-2,5.39727053042186933e-1,5.39675182041669310e-1,1.06516459137449959e0,1.24687057886001376e-9,1.10741596003428929e-8,-9.11587842793612729e-17,2.51727389494423266e-8,9.79501173043671569e-1,3.68189221100490016e-6
432,4.87092060399415549e-5,1.99902581587920181e-2,5.39675182041669310e-1,5.39623316288034283e-1,1.06506222268159001e0,1.24675074731091802e-9,1.13348640908905279e-8,8.99324724776391583e-17,2.50441789702232614e-8,9.79454104187364005e-1,3.68152162233403857e-6
433,4.87092060399415549e-5,1.99902581587920181e-2,5.39623316288034283e-1,5.39571456087606149e-1,1.06495986434324297e0,1.24663092726803779e-9,1.19023975721145924e-8,-6.93699403547631658e-17,2.49552650335409323e-8,9.79407038108971562e-1,3.68109575166197800e-6
434,4.87092060399415549e-5,1.99902581587920181e-2,5.39571456087606149e-1,5.39519601206665200e-1,1.06485751696407682e0,1.24651112001984023e-9,1.22367449186118421e-8,-4.00138364282931480e-18,2.47658711197308832e-8,9.79359974596750060e-1,3.68735206202064347e-6
435,4.87092060399415549e-5,1.99902581587920181e-2,5.39519601206665200e-1,5.39467750982818961e-1,1.06475518008234826e0,1.24639132366364514e-9,1.19092111714089294e-8,-8.16857398508365889e-18,2.46145208575461199e-8,9.79312913049886991e-1,3.69227018115481087e-6
436,4.87092060399415549e-5,1.99902581587920181e-2,5.39467750982818961e-1,5.39415906500095410e-1,1.06465285239188967e0,1.24627153852498819e-9,1.26661530389470579e-8,3.96526033460687906e-17,2.45925874363428334e-8,9.79265854452556095e-1,3.69585017345741562e-6
437,4.87092060399415549e-5,1.99902581587920181e-2,5.39415906500095410e-1,5.39364066377938323e-1,1.06455053603167515e0,1.24615176703106567e-9,1.20430906907403250e-8,-4.81241438110285716e-17,2.47382782728664615e-8,9.79218797552090847e-1,3.69809210309934855e-6
438,4.87092060399415549e-5,1.99902581587920181e-2,5.39364066377938323e-1,5.39312229711885194e-1,1.06444822827750851e0,1.24603200618753981e-9,1.05159848263501906e-8,5.85001683747181925e-17,2.48287329774023069e-8,9.79171741527598338e-1,3.69899603436252278e-6
439,4.87092060399415549e-5,1.99902581587920181e-2,5.39312229711885194e-1,5.39260398931074691e-1,1.06434592734455102e0,1.24591225467422785e-9,1.14183500919028109e-8,-5.04762798592986339e-17,2.48843169399801832e-8,9.79124688584479652e-1,3.70766757507023925e-6
440,4.87092060399415549e-5,1.99902581587920181e-2,5.39260398931074691e-1,5.39208572988567281e-1,1.06424363802600030e0,1.24579251606732152e-9,1.12743413257292199e-8,5.28366546264697243e-17,2.49326139368245456e-8,9.79077637772670317e-1,3.72317903241103920e-6
441,4.87092060399415549e-5,1.99902581587920181e-2,5.39208572988567281e-1,5.39156751460961314e-1,1.06414135825588807e0,1.24567278849643000e-9,1.07073961460639678e-8,8.38935179929651219e-18,2.50939182700948318e-8,9.79030588708111216e-1,3.73717996204891989e-6
442,4.87092060399415549e-5,1.99902581587920181e-2,5.39156751460961314e-1,5.39104934775587186e-1,1.06403908719930085e0,1.24555307233291623e-9,1.05682057429103964e-8,-1.80647312230965671e-18,2.51611078101896052e-8,9.78983541778984945e-1,3.74967043659246713e-6
443,4.87092060399415549e-5,1.99902581587920181e-2,5.39104934775587186e-1,5.39053123592163619e-1,1.06393682569889170e0,1.24543336707325945e-9,1.10891995051176241e-8,9.67811904598883058e-18,2.52138225516853396e-8,9.78936497584700693e-1,3.76065052853924442e-6
444,4.87092060399415549e-5,1.99902581587920181e-2,5.39053123592163619e-1,5.39001317344862341e-1,1.06383457505652079e0,1.24531367435824996e-9,1.10448938642330758e-8,2.50087503380791741e-17,2.52452128117077295e-8,9.78889455611814507e-1,3.77285263764015610e-6
445,4.87092060399415549e-5,1.99902581587920181e-2,5.39001317344862341e-1,5.38949517176851245e-1,1.06373233415606894e0,1.24519399407243671e-9,1.21442307462385047e-8,-8.01610788914176232e-17,2.52207575168143999e-8,9.78842416898766277e-1,3.79364645441970794e-6
446,4.87092060399415549e-5,1.99902581587920181e-2,5.38949517176851245e-1,5.38897723029693632e-1,1.06363010525283808e0,1.24507432673797042e-9,1.31857150493562822e-8,5.57934547394323745e-17,2.51630242225433380e-8,9.78795381392963182e-1,3.81348088029920262e-6
447,4.87092060399415549e-5,1.99902581587920181e-2,5.38897723029693632e-1,5.38845933645578756e-1,1.06352788823139832e0,1.24495467178802373e-9,1.29699675227427379e-8,1.72549313295745037e-17,2.50956464660607100e-8,9.78748347952511644e-1,3.83191057073961616e-6
448,4.87092060399415549e-5,1.99902581587920181e-2,5.38845933645578756e-1,5.38794149978907178e-1,1.06342568061004261e0,1.24483502854358413e-9,1.37090784192407760e-8,-2.68777351536406882e-17,2.49910056246888336e-8,9.78701317444542918e-1,3.84893559268739693e-6
449,4.87092060399415549e-5,1.99902581587920181e-2,5.38794149978907178e-1,5.38742370797804515e-1,1.06332348427165568e0,1.24471539660755943e-9,1.32168644999017723e-8,-6.23232317298157758e-17,2.49195643071190928e-8,9.78654288750621326e-1,3.86455601408819405e-6
450,4.87092060399415549e-5,1.99902581587920181e-2,5.38742370797804515e-1,5.38690595388098270e-1,1.06322129678583122e0,1.24459577519521930e-9,1.20109090786986483e-8,9.59535234651350970e-17,2.48190137576948798e-8,9.78607261222261493e-1,3.87877190244356740e-6
451,4.87092060399415549e-5,1.99902581587920181e-2,5.38690595388098270e-1,5.38638823635809616e-1,1.06311911674356852e0,1.24447616426998871e-9,1.06913377398703782e-8,-9.50290399427662316e-17,2.48195963024451147e-8,9.78560234756145286e-1,3.89158332514405458e-6
452,4.87092060399415549e-5,1.99902581587920181e-2,5.38638823635809616e-1,5.38587057979061812e-1,1.06301694391970303e0,1.24435656227652017e-9,1.18102408973454023e-8,6.99882611713690042e-17,2.47986439179822380e-8,9.78513211567227148e-1,3.90299034980223780e-6
453,4.87092060399415549e-5,1.99902581587920181e-2,5.38587057979061812e-1,5.38535295745877551e-1,1.06291478312478627e0,1.24423697223376586e-9,1.02577529687876538e-8,-7.64445878320801469e-17,2.47648512164668260e-8,9.78466189228573646e-1,3.91299304380865465e-6
454,4.87092060399415549e-5,1.99902581587920181e-2,5.38535295745877551e-1,5.38483539253752919e-1,1.06281262908710428e0,1.24411739165229224e-9,1.10230900300250063e-8,1.33267233924540799e-18,2.47619159694231495e-8,9.78419169845792247e-1,3.92159147466486502e-6
455,4.87092060399415549e-5,1.99902581587920181e-2,5.38483539253752919e-1,5.38431786817235247e-1,1.06271048637928600e0,1.24399782388502255e-9,1.01035262828349206e-8,7.70644190804845071e-17,2.48342278726481720e-8,9.78372151887979546e-1,3.92878571009447342e-6
456,4.87092060399415549e-5,1.99902581587920181e-2,5.38431786817235247e-1,5.38380038981160491e-1,1.06260835167570855e0,1.24387826660231138e-9,9.72918852356186206e-9,-1.12624246906565449e-17,2.49125089144913442e-8,9.78325135850393379e-1,3.93457581715495053e-6
457,4.87092060399415549e-5,1.99902581587920181e-2,5.38380038981160491e-1,5.38328296321603172e-1,1.06250622605127298e0,1.24375872009874586e-9,9.93136738346542325e-9,2.96730282520023597e-17,2.50358988663014684e-8,9.78278122256760585e-1,3.93896186379194546e-6
458,4.87092060399415549e-5,1.99902581587920181e-2,5.38328296321603172e-1,5.38276559479605399e-1,1.06240411064291118e0,1.24363918620665638e-9,1.07750860688785999e-8,-4.23875486556610435e-17,2.51477372592557650e-8,9.78231111689858879e-1,3.94194391706292890e-6
459,4.87092060399415549e-5,1.99902581587920181e-2,5.38276559479605399e-1,5.38224828791785792e-1,1.06230200671538899e0,1.24351966551840828e-9,1.19559825192738136e-8,-4.81918220743864353e-17,2.52975320253105015e-8,9.78184104456057635e-1,3.94352204480252766e-6
460,4.87092060399415549e-5,1.99902581587920181e-2,5.38224828791785792e-1,5.38173103784781892e-1,1.06219991493252519e0,1.24340015751642863e-9,1.26641080010005724e-8,-1.67730059785337591e-18,2.53501252564325698e-8,9.78137100125688219e-1,3.94369631440127932e-6
461,4.87092060399415549e-5,1.99902581587920181e-2,5.38173103784781892e-1,5.38121382122515479e-1,1.06209783436094107e0,1.24328066306254473e-9,1.10367013748635352e-8,1.19195750195768475e-17,2.53722268093984294e-8,9.78090096576116674e-1,3.94246679324972149e-6
462,4.87092060399415549e-5,1.99902581587920181e-2,5.38121382122515479e-1,5.38069665298304245e-1,1.06199576039089982e0,1.24316117749626941e-9,1.09029339741469255e-8,3.88531217035077136e-17,2.54187250016086703e-8,9.78043095164648602e-1,3.95052761825720467e-6
463,4.87092060399415549e-5,1.99902581587920181e-2,5.38069665298304245e-1,5.38017954362311479e-1,1.06189369596906324e0,1.24304170368194924e-9,1.18197950166046914e-8,-1.40151080613043849e-17,2.55213022538749460e-8,9.77996096846085239e-1,3.96359652865552192e-6
464,4.87092060399415549e-5,1.99902581587920181e-2,5.38017954362311479e-1,5.37966248350461140e-1,1.06179164316711794e0,1.24292224186185404e-9,1.17731459734434781e-8,-3.87972473074909817e-17,2.55779147879957383e-8,9.77949100744554323e-1,3.97527535289654566e-6
465,4.87092060399415549e-5,1.99902581587920181e-2,5.37966248350461140e-1,5.37914548083583299e-1,1.06168960008337110e0,1.24280279210366992e-9,1.25478002652015209e-8,2.57511383204006160e-17,2.55374728187550308e-8,9.77902107606545834e-1,3.98556415770467964e-6
466,4.87092060399415549e-5,1.99902581587920181e-2,5.37914548083583299e-1,5.37862852080712828e-1,1.06158756833694645e0,1.24268335447172032e-9,1.18420417520107656e-8,-1.32272334170986520e-17,2.54926131791868234e-8,9.77855116086235432e-1,3.99446301002637227e-6
467,4.87092060399415549e-5,1.99902581587920181e-2,5.37862852080712828e-1,5.37811161651349456e-1,1.06148554500596304e0,1.24256392741136043e-9,1.24461927335270278e-8,8.28537883589329185e-17,2.53109617938090877e-8,9.77808127374291791e-1,4.00197197658602732e-6
468,4.87092060399415549e-5,1.99902581587920181e-2,5.37811161651349456e-1,5.37759475813267440e-1,1.06138353267409768e0,1.24244451226396266e-9,1.20686539894530891e-8,-9.42639590875200099e-17,2.52314870732686403e-8,9.77761140578117471e-1,4.00809112421907088e-6
469,4.87092060399415549e-5,1.99902581587920181e-2,5.37759475813267440e-1,5.37707795532020194e-1,1.06128152940315101e0,1.24232510749112390e-9,1.26571096939203241e-8,3.48585126698952081e-17,2.50844572498973494e-8,9.77714156575856141e-1,4.01282051964990671e-6
470,4.87092060399415549e-5,1.99902581587920181e-2,5.37707795532020194e-1,5.37656119735549276e-1,1.06117953709885549e0,1.24220571595689560e-9,1.21740412139549772e-8,7.00177319622330435e-17,2.50125006264427176e-8,9.77667174393222815e-1,4.01616022982498322e-6
471,4.87092060399415549e-5,1.99902581587920181e-2,5.37656119735549276e-1,5.37604448777923016e-1,1.06107755364560608e0,1.24208633519406806e-9,1.20454723746572735e-8,-8.86141732287174717e-17,2.49040886219897704e-8,9.77620194352376348e-1,4.01811032146870417e-6
472,4.87092060399415549e-5,1.99902581587920181e-2,5.37604448777923016e-1,5.37552782597655043e-1,1.06097557974167578e0,1.24196696445572346e-9,1.18558819863793488e-8,5.99070636303279837e-17,2.48745992384985448e-8,9.77573216397731315e-1,4.01867086119445105e-6
473,4.87092060399415549e-5,1.99902581587920181e-2,5.37552782597655043e-1,5.37501122491416017e-1,1.06087361526627522e0,1.24184760539493117e-9,1.29634217179417448e-8,-7.15350756819533651e-18,2.48335930551743483e-8,9.77526241708717936e-1,4.01784191617071684e-6
474,4.87092060399415549e-5,1.99902581587920181e-2,5.37501122491416017e-1,5.37449466712256463e-1,1.06077166277782986e0,1.24172826028343025e-9,1.23245957485208527e-8,1.39152458546733081e-17,2.49139185223227322e-8,9.77479268697119208e-1,4.01562355278883842e-6
475,4.87092060399415549e-5,1.99902581587920181e-2,5.37449466712256463e-1,5.37397814899543413e-1,1.06066971882945427e0,1.24160892579023054e-9,1.13255528115334005e-8,4.02108212193665260e-18,2.50741758813507713e-8,9.77432297035254916e-1,4.01201583810628648e-6
476,4.87092060399415549e-5,1.99902581587920181e-2,5.37397814899543413e-1,5.37346168404540525e-1,1.06056778270916685e0,1.24148960076615402e-9,1.16781548368688942e-8,-2.11760354395943221e-17,2.51641015276594279e-8,9.77385327952233318e-1,4.00701883862542019e-6
477,4.87092060399415549e-5,1.99902581587920181e-2,5.37346168404540525e-1,5.37294525652253552e-1,1.06046585708322549e0,1.24137028754523966e-9,1.04562737670644894e-8,-3.79124237867715838e-17,2.52097730771478825e-8,9.77338360015953866e-1,4.01184700526968641e-6
478,4.87092060399415549e-5,1.99902581587920181e-2,5.37294525652253552e-1,5.37242889017289671e-1,1.06036393884411506e0,1.24125098413068588e-9,1.16093595534296939e-8,6.36065395844652442e-17,2.52407624984130966e-8,9.77291395386410522e-1,4.02886480566078120e-6
479,4.87092060399415549e-5,1.99902581587920181e-2,5.37242889017289671e-1,5.37191258568853747e-1,1.06026203267709618e0,1.24113169327315815e-9,1.28322384601627620e-8,-8.17496544424073363e-17,2.52188767507499636e-8,9.77244434127028549e-1,4.04470087478348006e-6
480,4.87092060399415549e-5,1.99902581587920181e-2,5.37191258568853747e-1,5.37139631267726014e-1,1.06016013871897519e0,1.24101241551165540e-9,1.10164919609603165e-8,8.67143147239730284e-17,2.51559432811673975e-8,9.77197473473695344e-1,4.05945246140237970e-6
481,4.87092060399415549e-5,1.99902581587920181e-2,5.37139631267726014e-1,5.37088008989011323e-1,1.06005825097280759e0,1.24089314672751366e-9,1.10761531618002801e-8,-2.53535903549239556e-17,2.50374404616516232e-8,9.77150515132247710e-1,4.07269642177521263e-6
482,4.87092060399415549e-5,1.99902581587920181e-2,5.37088008989011323e-1,5.37036391172021732e-1,1.05995637313860014e0,1.24077388956181824e-9,1.05756090996878727e-8,-2.28969449993414936e-17,2.48456761894771101e-8,9.77103558592949728e-1,4.08443282839954236e-6
483,4.87092060399415549e-5,1.99902581587920181e-2,5.37036391172021732e-1,5.36984779340154428e-1,1.05985450410965409e0,1.24065464256729259e-9,1.15988910874430296e-8,2.99154666177355266e-18,2.46259060631540368e-8,9.77056605242033416e-1,4.09466175332884319e-6
484,4.87092060399415549e-5,1.99902581587920181e-2,5.36984779340154428e-1,5.36933171460334591e-1,1.05975264689207993e0,1.24053540908898025e-9,1.05896735786216786e-8,1.48713475287764004e-17,2.45820452982534454e-8,9.77009653230170638e-1,4.10626536628821981e-6
485,4.87092060399415549e-5,1.99902581587920181e-2,5.36933171460334591e-1,5.36881569295686201e-1,1.05965079747455060e0,1.24041618592715388e-9,1.13439599702660708e-8,3.01156592152243853e-17,2.45346318435006999e-8,9.76962704161784434e-1,4.11929959165391324e-6
486,4.87092060399415549e-5,1.99902581587920181e-2,5.36881569295686201e-1,5.36829973672474647e-1,1.05954895933549920e0,1.24029697497316379e-9,1.29250612139417764e-8,-6.37356244277765944e-17,2.44647506547764967e-8,9.76915758789136834e-1,4.13089216511064450e-6
487,4.87092060399415549e-5,1.99902581587920181e-2,5.36829973672474647e-1,5.36778382408937493e-1,1.05944713410553204e0,1.24017777825044413e-9,1.23250285784419895e-8,6.12187553605165967e-17,2.44235114901354599e-8,9.76868815127454826e-1,4.14104315571428572e-6
488,4.87092060399415549e-5,1.99902581587920181e-2,5.36778382408937493e-1,5.36726795771167775e-1,1.05934531747977445e0,1.24005859233172855e-9,1.19915082860376011e-8,-2.70143076358568684e-17,2.44923729215641816e-8,9.76821873419104536e-1,4.14975263296479824e-6
489,4.87092060399415549e-5,1.99902581587920181e-2,5.36726795771167775e-1,5.36675213394229966e-1,1.05924350998361749e0,1.23993941849833803e-9,1.12934970042262744e-8,3.14290863703381345e-17,2.47089121660427816e-8,9.76774933332327788e-1,4.15702066580703189e-6
490,4.87092060399415549e-5,1.99902581587920181e-2,5.36675213394229966e-1,5.36623635518306719e-1,1.05914171089620179e0,1.23982025435291828e-9,1.08360780876422330e-8,-5.03838540063744088e-17,2.48402153822267658e-8,9.76727995085889145e-1,4.16378834333652748e-6
491,4.87092060399415549e-5,1.99902581587920181e-2,5.36623635518306719e-1,5.36572062689614326e-1,1.05903992069188635e0,1.23970110113384325e-9,1.09253079645487024e-8,4.65595730414151474e-17,2.49004427855837376e-8,9.76681059177226030e-1,4.17156568033316688e-6
492,4.87092060399415549e-5,1.99902581587920181e-2,5.36572062689614326e-1,5.36520495210407011e-1,1.05893814044871082e0,1.23958196025032865e-9,1.13172774078638725e-8,-1.43746189534934069e-17,2.50108133702848284e-8,9.76634125881705839e-1,4.17779848316257585e-6
493,4.87092060399415549e-5,1.99902581587920181e-2,5.36520495210407011e-1,5.36468932619545757e-1,1.05883637076242176e0,1.23946283027417664e-9,1.12486220236072076e-8,-5.69446519240897738e-17,2.51303408520026747e-8,9.76587194780026202e-1,4.18248682565458552e-6
494,4.87092060399415549e-5,1.99902581587920181e-2,5.36468932619545757e-1,5.36417375149250697e-1,1.05873461072363106e0,1.23934371200824705e-9,1.14126565555378120e-8,2.65872425574018657e-17,2.52678126911628753e-8,9.76540266083862130e-1,4.18769104804095349e-6
495,4.87092060399415549e-5,1.99902581587920181e-2,5.36417375149250697e-1,5.36365822779358292e-1,1.05863286079024399e0,1.23922460497170414e-9,1.15570198877760509e-8,-1.27371057431038316e-17,2.54003705934630611e-8,9.76493339775219793e-1,4.19837741250095320e-6
496,4.87092060399415549e-5,1.99902581587920181e-2,5.36365822779358292e-1,5.36314275562399301e-1,1.05853112092256718e0,1.23910550944758990e-9,1.17544041451755679e-8,6.15429704559679810e-17,2.53625648863627287e-8,9.76446415902228027e-1,4.20766234554559304e-6
497,4.87092060399415549e-5,1.99902581587920181e-2,5.36314275562399301e-1,5.36262733454476170e-1,1.05842939122434587e0,1.23898642557145729e-9,1.19083863959181935e-8,-7.53270734419659069e-17,2.51747194355979513e-8,9.76399494425328029e-1,4.21554591489847752e-6
498,4.87092060399415549e-5,1.99902581587920181e-2,5.36262733454476170e-1,5.36211195117574424e-1,1.05832767160876773e0,1.23886735319974726e-9,1.07248450011600649e-8,6.23496154826337672e-17,2.49315201681397693e-8,9.76352574126678530e-1,4.22202818783912193e-6
499,4.87092060399415549e-5,1.99902581587920181e-2,5.36211195117574424e-1,5.36159662775473667e-1,1.05822595943532805e0,1.23874828964240478e-9,1.17654458842838112e-8,1.88926728418131436e-17,2.46248643559887970e-8,9.76305657031123930e-1,4.22710923186908616e-6
500,4.87092060399415549e-5,1.99902581587920181e-2,5.36159662775473667e-1,5.36108134520604351e-1,1.05812425909252306e0,1.23862923892219257e-9,1.08990534950573487e-8,-5.09970132159579163e-17,2.44238784812361458e-8,9.76258741402251995e-1,4.24533941700833140e-6
501,4.87092060399415549e-5,1.99902581587920181e-2,5.36108134520604351e-1,5.36056611843362729e-1,1.05802256681603946e0,1.23851019764998811e-9,1.15234501354131550e-8,-4.95203419669568271e-18,2.42871799356370291e-8,9.76211828597388531e-1,4.26523664054379026e-6
502,4.87092060399415549e-5,1.99902581587920181e-2,5.36056611843362729e-1,5.36005093540160238e-1,1.05792088554692509e0,1.23839116884996825e-9,1.09447944143704024e-8,-1.19085520107339659e-17,2.41961834383838664e-8,9.76164917520935926e-1,4.28374631433747766e-6
503,4.87092060399415549e-5,1.99902581587920181e-2,5.36005093540160238e-1,5.35953579904009936e-1,1.05781921291054437e0,1.23827215137770030e-9,1.06595721652438411e-8,4.97549982174870951e-17,2.41369746626157673e-8,9.76118008439985085e-1,4.30086850555788658e-6
504,4.87092060399415549e-5,1.99902581587920181e-2,5.35953579904009936e-1,5.35902071616732756e-1,1.05771754948418173e0,1.23815314357296699e-9,1.10566195852160363e-8,-2.16376584696805651e-17,2.41236663567579202e-8,9.76071101975737543e-1,4.31660328048533160e-6
505,4.87092060399415549e-5,1.99902581587920181e-2,5.35902071616732756e-1,5.35850568239559122e-1,1.05761589661424904e0,1.23803414927271033e-9,1.10154114978336009e-8,1.99205638669184881e-17,2.42450742979609289e-8,9.76024197728999510e-1,4.33095070606626109e-6
506,4.87092060399415549e-5,1.99902581587920181e-2,5.35850568239559122e-1,5.35799068932097944e-1,1.05751425343470906e0,1.23791516660189716e-9,1.01342844510040737e-8,-6.94222760721193959e-17,2.44348865680613558e-8,9.75977294934663009e-1,4.34391084880303424e-6
507,4.87092060399415549e-5,1.99902581587920181e-2,5.35799068932097944e-1,5.35747574782938663e-1,1.05741261828736266e0,1.23779619442518735e-9,1.03421378382469242e-8,7.92474909920773063e-17,2.45915955401045231e-8,9.75930394584386907e-1,4.35548377553107713e-6
508,4.87092060399415549e-5,1.99902581587920181e-2,5.35747574782938663e-1,5.35696085154057977e-1,1.05731099332004663e0,1.23767723386588844e-9,9.91246404486388788e-9,-4.27342481745228442e-17,2.47998669866752926e-8,9.75883496097502690e-1,4.36566955264172663e-6
509,4.87092060399415549e-5,1.99902581587920181e-2,5.35696085154057977e-1,5.35644601404944409e-1,1.05720937727365616e0,1.23755828341093303e-9,1.08427130777437190e-8,5.18759405932710363e-17,2.49210483160971721e-8,9.75836600712524538e-1,4.37446824719245342e-6
510,4.87092060399415549e-5,1.99902581587920181e-2,5.35644601404944409e-1,5.35593122974130420e-1,1.05710777283116375e0,1.23743934690356272e-9,1.12120599260204276e-8,-5.32408183824855839e-18,2.50090968370587174e-8,9.75789707918479188e-1,4.38187992568561668e-6
511,4.87092060399415549e-5,1.99902581587920181e-2,5.35593122974130420e-1,5.35541649672735653e-1,1.05700617888400727e0,1.23732042171036449e-9,1.13930376213505294e-8,-5.72072933491039358e-17,2.49571523692118234e-8,9.75742817543663987e-1,4.38790465484562020e-6
512,4.87092060399415549e-5,1.99902581587920181e-2,5.35541649672735653e-1,5.35490180945940031e-1,1.05690459505988033e0,1.23720150888959371e-9,1.10196881450361531e-8,5.61390838865815316e-17,2.49774210242138143e-8,9.75695929082974200e-1,4.39254250106380084e-6
513,4.87092060399415549e-5,1.99902581587920181e-2,5.35490180945940031e-1,5.35438716970598860e-1,1.05680302026389672e0,1.23708260681864566e-9,1.08236338988010040e-8,-9.47214611037945137e-18,2.49655999458708408e-8,9.75649042697817048e-1,4.39579353139762929e-6
514,4.87092060399415549e-5,1.99902581587920181e-2,5.35438716970598860e-1,5.35387258988524684e-1,1.05670145484543254e0,1.23696371634607405e-9,1.18698489114573510e-8,-3.23650263441908594e-17,2.49369002194785829e-8,9.75602159519927792e-1,4.39765781212742013e-6
515,4.87092060399415549e-5,1.99902581587920181e-2,5.35387258988524684e-1,5.35335806547211690e-1,1.05659990125428926e0,1.23684483871138195e-9,1.24641341617358042e-8,-1.69077619721247729e-17,2.49465266117904799e-8,9.75555279137450992e-1,4.39813541019962173e-6
516,4.87092060399415549e-5,1.99902581587920181e-2,5.35335806547211690e-1,5.35284358142909644e-1,1.05649835859778229e0,1.23672597330450607e-9,1.15552018059769239e-8,-2.56226953692446070e-17,2.50041809729506794e-8,9.75508400180571500e-1,4.39722639222761558e-6
517,4.87092060399415549e-5,1.99902581587920181e-2,5.35284358142909644e-1,5.35232914743800969e-1,1.05639682390881373e0,1.23660711804399219e-9,1.16148398991501864e-8,2.21709037602853246e-17,2.50074659402924389e-8,9.75461523531761965e-1,4.39493082460273854e-6
518,4.87092060399415549e-5,1.99902581587920181e-2,5.35232914743800969e-1,5.35181476072416951e-1,1.05629529909758957e0,1.23648827430904260e-9,1.13974904683263232e-8,4.84739254048527449e-18,2.51029907523170812e-8,9.75414648938481066e-1,4.39124877427143900e-6
519,4.87092060399415549e-5,1.99902581587920181e-2,5.35181476072416951e-1,5.35130042713918508e-1,1.05619378361682292e0,1.23636944155349558e-9,1.17657563948997162e-8,1.80468641218654218e-17,2.53020976440899163e-8,9.75367776934315978e-1,4.38618030773607614e-6
520,4.87092060399415549e-5,1.99902581587920181e-2,5.35130042713918508e-1,5.35078613270676851e-1,1.05609227862122079e0,1.23625062134994182e-9,1.07369043031665811e-8,-2.94323749420310823e-17,2.54580701571378974e-8,9.75320906245882746e-1,4.38567242522225342e-6
521,4.87092060399415549e-5,1.99902581587920181e-2,5.35078613270676851e-1,5.35027189340355647e-1,1.05599078135291147e0,1.23613181113506566e-9,1.13060921386105543e-8,4.42431447258277743e-17,2.55232616109256831e-8,9.75274038329497772e-1,4.40269636958756649e-6
522,4.87092060399415549e-5,1.99902581587920181e-2,5.35027189340355647e-1,5.34975771746554418e-1,1.05588929496424111e0,1.23601301336717075e-9,1.26994095166836671e-8,2.33385982350794814e-17,2.54553162581629171e-8,9.75227173936238811e-1,4.41833576747541201e-6
523,4.87092060399415549e-5,1.99902581587920181e-2,5.34975771746554418e-1,5.34924358835938918e-1,1.05578782107990721e0,1.23589422844688132e-9,1.24400017877848947e-8,-7.44354438791664227e-17,2.52995848782043003e-8,9.75180311559610380e-1,4.43266070560000003e-6
524,4.87092060399415549e-5,1.99902581587920181e-2,5.34924358835938918e-1,5.34872951374134820e-1,1.05568635643798014e0,1.23577545403712265e-9,1.29466697154275097e-8,2.50162115072044024e-17,2.51271041093862788e-8,9.75133451897767456e-1,4.44654231301910841e-6
525,4.87092060399415549e-5,1.99902581587920181e-2,5.34872951374134820e-1,5.34821548288318072e-1,1.05558490254966864e0,1.23565669268980316e-9,1.23810374767534907e-8,2.59764821715947620e-17,2.49834174872350433e-8,9.75086593973157667e-1,4.45888768740854147e-6
526,4.87092060399415549e-5,1.99902581587920181e-2,5.34821548288318072e-1,5.34770149492830860e-1,1.05548345729771187e0,1.23553794198987269e-9,1.17301681620199001e-8,-5.18439485558999354e-17,2.48248860049388331e-8,9.75039737707926069e-1,4.46969690226506344e-6
527,4.87092060399415549e-5,1.99902581587920181e-2,5.34770149492830860e-1,5.34718755660170020e-1,1.05538202051277552e0,1.23541920138557820e-9,1.17522079548049392e-8,1.05638342674085607e-17,2.47294126750951272e-8,9.74992883715426806e-1,4.47897003186259468e-6
528,4.87092060399415549e-5,1.99902581587920181e-2,5.34718755660170020e-1,5.34667366916158016e-1,1.05528059352220560e0,1.23530047194796556e-9,1.19005473335600043e-8,1.51975462033366869e-17,2.46116977491251219e-8,9.74946032110705185e-1,4.49361440579831850e-6
529,4.87092060399415549e-5,1.99902581587920181e-2,5.34667366916158016e-1,5.34615983044805176e-1,1.05517917657420690e0,1.23518175453703666e-9,1.18333861525032907e-8,6.27039118282412549e-17,2.44797594020225005e-8,9.74899182697118283e-1,4.50763059700598490e-6
530,4.87092060399415549e-5,1.99902581587920181e-2,5.34615983044805176e-1,5.34564603452811093e-1,1.05507776924242824e0,1.23506304809929489e-9,1.11733930971412785e-8,-3.68209374618119374e-17,2.43765835407432692e-8,9.74852334934089737e-1,4.52011054852263783e-6
531,4.87092060399415549e-5,1.99902581587920181e-2,5.34564603452811093e-1,5.34513229193045780e-1,1.05497637035618497e0,1.23494435152697543e-9,1.15666812566771529e-8,2.76071512895960735e-17,2.42721232330213248e-8,9.74805489781872869e-1,4.53105433428913074e-6
532,4.87092060399415549e-5,1.99902581587920181e-2,5.34513229193045780e-1,5.34461859812303763e-1,1.05487498199315310e0,1.23482566733918570e-9,1.15072766274693932e-8,-2.74769911114884044e-17,2.43138281557515150e-8,9.74758646827580288e-1,4.54046202791325015e-6
533,4.87092060399415549e-5,1.99902581587920181e-2,5.34461859812303763e-1,5.34410494937184177e-1,1.05477360325898295e0,1.23470699437486624e-9,1.10749401239402206e-8,-7.10415168627776748e-17,2.44166105048654593e-8,9.74711805731007686e-1,4.54833370355789413e-6
534,4.87092060399415549e-5,1.99902581587920181e-2,5.34410494937184177e-1,5.34359134853006235e-1,1.05467223341684568e0,1.23458833179358356e-9,1.09283557805614736e-8,5.14279842412653944e-17,2.44882459338498036e-8,9.74664966752591178e-1,4.55466943460880458e-6
535,4.87092060399415549e-5,1.99902581587920181e-2,5.34359134853006235e-1,5.34307779370783331e-1,1.05457087302959551e0,1.23446968039963473e-9,1.05932454770898149e-8,5.86990771878963689e-17,2.46110705719605431e-8,9.74618129720342008e-1,4.55946929545092416e-6
536,4.87092060399415549e-5,1.99902581587920181e-2,5.34307779370783331e-1,5.34256428671515349e-1,1.05446952172492381e0,1.23435104039218170e-9,1.04395775546280785e-8,-3.94906248385186567e-17,2.47473940015434426e-8,9.74571294799601140e-1,4.56273335935897251e-6
537,4.87092060399415549e-5,1.99902581587920181e-2,5.34256428671515349e-1,5.34205083900231248e-1,1.05436817985962517e0,1.23423241165089944e-9,1.14313982048242293e-8,2.32964236043678528e-17,2.47045458985890493e-8,9.74524463035043920e-1,4.56446170060686995e-6
538,4.87092060399415549e-5,1.99902581587920181e-2,5.34205083900231248e-1,5.34153744177911283e-1,1.05426684969236306e0,1.23411379413413405e-9,1.15447690661204715e-8,-8.00428632013552198e-17,2.46671554390131812e-8,9.74477633625352335e-1,4.56465439269138074e-6
539,4.87092060399415549e-5,1.99902581587920181e-2,5.34153744177911283e-1,5.34102409959442248e-1,1.05416552948962527e0,1.23399518928819966e-9,1.21135118457154568e-8,4.46081298993106722e-17,2.46849049949272969e-8,9.74430806985809750e-1,4.56331150955335829e-6
540,4.87092060399415549e-5,1.99902581587920181e-2,5.34102409959442248e-1,5.34051079822410735e-1,1.05406422014839118e0,1.23387659596268718e-9,1.12603704031056978e-8,2.58838048557643208e-17,2.46643266463421684e-8,9.74383981819214040e-1,4.57431238731764722e-6
541,4.87092060399415549e-5,1.99902581587920181e-2,5.34051079822410735e-1,5.33999753795061927e-1,1.05396291886254789e0,1.23375801366870289e-9,1.04358665765469800e-8,-6.42580286892732339e-17,2.47270611099115973e-8,9.74337158151549088e-1,4.58712597262156407e-6
542,4.87092060399415549e-5,1.99902581587920181e-2,5.33999753795061927e-1,5.33948432479937285e-1,1.05386162568759367e0,1.23363944158788370e-9,1.02142990989678481e-8,2.25412341748865402e-17,2.47247955886029722e-8,9.74290336532730894e-1,4.60236367139099656e-6
543,4.87092060399415549e-5,1.99902581587920181e-2,5.33948432479937285e-1,5.33897116500131830e-1,1.05376034181227629e0,1.23352087975489097e-9,1.06162797207759335e-8,-2.33682824385415594e-18,2.47974174507478492e-8,9.74243517531577230e-1,4.62364584508101473e-6
544,4.87092060399415549e-5,1.99902581587920181e-2,5.33897116500131830e-1,5.33845806172335013e-1,1.05365906846636359e0,1.23340233038452229e-9,1.13354626313995631e-8,2.88418358134784499e-18,2.48468183192280093e-8,9.74196701437425761e-1,4.64354326723537270e-6
545,4.87092060399415549e-5,1.99902581587920181e-2,5.33845806172335013e-1,5.33794501314168612e-1,1.05355780627446438e0,1.23328379362202459e-9,1.18728106346854225e-8,-1.76580313313226200e-17,2.48396834144963876e-8,9.74149888084288373e-1,4.66205600491154115e-6
546,4.87092060399415549e-5,1.99902581587920181e-2,5.33794501314168612e-1,5.33743200807896279e-1,1.05345655487695677e0,1.23316526932696161e-9,1.12929479859788491e-8,3.96450925461068091e-17,2.48364552859362283e-8,9.74103076452576433e-1,4.67918412450085697e-6
547,4.87092060399415549e-5,1.99902581587920181e-2,5.33743200807896279e-1,5.33691904871508305e-1,1.05335531206817645e0,1.23304675559636053e-9,1.09314940617095455e-8,4.51783385827679763e-18,2.48504186036935321e-8,9.74056266741505583e-1,4.69492769250567932e-6
548,4.87092060399415549e-5,1.99902581587920181e-2,5.33691904871508305e-1,5.33640615374875393e-1,1.05325407827853934e0,1.23292825365342605e-9,1.24403501072497881e-8,5.81823953618773712e-18,2.48404584456334632e-8,9.74009460657784043e-1,4.70928677542836738e-6
549,4.87092060399415549e-5,1.99902581587920181e-2,5.33640615374875393e-1,5.33589330504387727e-1,1.05315285719722040e0,1.23280976462991887e-9,1.21362153349718904e-8,6.22852939182016438e-18,2.48284211893458386e-8,9.73962656546732419e-1,4.72226143988230262e-6
550,4.87092060399415549e-5,1.99902581587920181e-2,5.33589330504387727e-1,5.33538050038077194e-1,1.05305164524618178e0,1.23269128729979045e-9,1.16105572462672458e-8,-7.04802764715216706e-17,2.48961574649290597e-8,9.73915854206044651e-1,4.73385175248086654e-6
551,4.87092060399415549e-5,1.99902581587920181e-2,5.33538050038077194e-1,5.33486774827559240e-1,1.05295044198679277e0,1.23257281968021607e-9,1.19369377115274116e-8,9.73160983835242969e-17,2.48192878640282143e-8,9.73869054413334934e-1,4.74405777972641829e-6
552,4.87092060399415549e-5,1.99902581587920181e-2,5.33486774827559240e-1,5.33435504075039701e-1,1.05284924909982824e0,1.23245436408468094e-9,1.14660295403141950e-8,-4.19486548944465325e-17,2.47328020763923500e-8,9.73822256440680212e-1,4.75287958812131706e-6
553,4.87092060399415549e-5,1.99902581587920181e-2,5.33435504075039701e-1,5.33384238674263433e-1,1.05274806501094531e0,1.23233591902613662e-9,1.18892945786122587e-8,2.21759512163831232e-18,2.45829575560894668e-8,9.73775461104202322e-1,4.76031724416792201e-6
554,4.87092060399415549e-5,1.99902581587920181e-2,5.33384238674263433e-1,5.33332977230806859e-1,1.05264689148342017e0,1.23221748542293804e-9,1.09186505053809036e-8,5.20211902001128977e-18,2.44169535601542711e-8,9.73728667131388392e-1,4.76637081436859233e-6
555,4.87092060399415549e-5,1.99902581587920181e-2,5.33332977230806859e-1,5.33281721351698379e-1,1.05254572576632821e0,1.23209906182382909e-9,1.15554152890318812e-8,-1.94613429693310991e-17,2.43132800503987522e-8,9.73681875989492740e-1,4.77104036544773180e-6
556,4.87092060399415549e-5,1.99902581587920181e-2,5.33281721351698379e-1,5.33230469894552472e-1,1.05244457103031275e0,1.23198065067021970e-9,1.10503293940694348e-8,-1.79511096941562833e-17,2.42080288046470776e-8,9.73635086635968316e-1,4.77432596368565498e-6
557,4.87092060399415549e-5,1.99902581587920181e-2,5.33230469894552472e-1,5.33179223382136636e-1,1.05234342502131084e0,1.23186224984715069e-9,1.10684359901223553e-8,6.40686225269720668e-17,2.41117546858589147e-8,9.73588299548333702e-1,4.77622767569574336e-6
558,4.87092060399415549e-5,1.99902581587920181e-2,5.33179223382136636e-1,5.33127981575710397e-1,1.05224228877096726e0,1.23174386070792056e-9,1.08482776397931560e-8,-5.45436195754504769e-17,2.41237003755459027e-8,9.73541514509016270e-1,4.77674556798035610e-6
559,4.87092060399415549e-5,1.99902581587920181e-2,5.33127981575710397e-1,5.33076743928095231e-1,1.05214116180815997e0,1.23162548285899525e-9,1.00813930155488504e-8,-4.67302766500664907e-17,2.42095118116548487e-8,9.73494731018593296e-1,4.77587970715287469e-6
560,4.87092060399415549e-5,1.99902581587920181e-2,5.33076743928095231e-1,5.33025511167046440e-1,1.05204004305311227e0,1.23150711563177728e-9,1.00426633919572480e-8,4.37348802897221162e-17,2.43888744458122804e-8,9.73447949741886309e-1,4.77363015960463599e-6
561,4.87092060399415549e-5,1.99902581587920181e-2,5.33025511167046440e-1,5.32974283598927512e-1,1.05193893394163140e0,1.23138875913442071e-9,1.03107671549101953e-8,-4.24659852300657718e-17,2.45046376973686776e-8,9.73401170958959394e-1,4.76999699183799919e-6
562,4.87092060399415549e-5,1.99902581587920181e-2,5.32974283598927512e-1,5.32923061454658398e-1,1.05183783507853801e0,1.23127041473440525e-9,1.08102898834872171e-8,3.42642611547534377e-17,2.46362589673448843e-8,9.73354394881052576e-1,4.76498027035532346e-6
563,4.87092060399415549e-5,1.99902581587920181e-2,5.32923061454658398e-1,5.32871843807651513e-1,1.05173674691916630e0,1.23115208232164017e-9,1.03837465295171932e-8,-3.31047739659970320e-17,2.48035462836595475e-8,9.73307620662324569e-1,4.76234704105404916e-6
564,4.87092060399415549e-5,1.99902581587920181e-2,5.32871843807651513e-1,5.32820631030892167e-1,1.05163566763557514e0,1.23103376063489776e-9,1.03306206231387463e-8,8.27433531297121889e-17,2.50336158998606558e-8,9.73260848643730747e-1,4.77950018151762634e-6
565,4.87092060399415549e-5,1.99902581587920181e-2,5.32820631030892167e-1,5.32769423338718684e-1,1.05153459796374360e0,1.23091545073761114e-9,1.04923014503522961e-8,-4.07520107525742448e-17,2.52781602591312323e-8,9.73214079021303746e-1,4.79527163410597979e-6
566,4.87092060399415549e-5,1.99902581587920181e-2,5.32769423338718684e-1,5.32718221212307497e-1,1.05143353832608910e0,1.23079715167495621e-9,1.11356473080630287e-8,-1.67457735384072884e-17,2.53034772907046802e-8,9.73167312234940018e-1,4.80966146521044635e-6
567,4.87092060399415549e-5,1.99902581587920181e-2,5.32718221212307497e-1,5.32667023665747030e-1,1.05133248967262327e0,1.23067886563963410e-9,1.07936166294121048e-8,-1.28953983338444292e-17,2.54981136897513341e-8,9.73120547384439760e-1,4.82266974133338522e-6
568,4.87092060399415549e-5,1.99902581587920181e-2,5.32667023665747030e-1,5.32615831858084920e-1,1.05123145005787699e0,1.23056059069615384e-9,1.16110737897237906e-8,4.53938406390339664e-17,2.56028279062711184e-8,9.73073785528900226e-1,4.83429652864408865e-6
569,4.87092060399415549e-5,1.99902581587920181e-2,5.32615831858084920e-1,5.32564644677751442e-1,1.05113042176839011e0,1.23044232777496913e-9,1.13175130120865475e-8,-5.11479174294671903e-17,2.55876328944038363e-8,9.73027025653245059e-1,4.84454189375593813e-6
570,4.87092060399415549e-5,1.99902581587920181e-2,5.32564644677751442e-1,5.32513463348996186e-1,1.05102940261128408e0,1.23032407598314759e-9,1.22486464942798897e-8,2.96365909460193989e-18,2.56097498247433299e-8,9.72980268876258658e-1,4.85340590306027053e-6
571,4.87092060399415549e-5,1.99902581587920181e-2,5.32513463348996186e-1,5.32462287354347086e-1,1.05092839500203450e0,1.23020583681028207e-9,1.26628704426557395e-8,-4.58588931599398543e-21,2.55968763565587121e-8,9.72933514725580761e-1,4.86088862272637812e-6
572,4.87092060399415549e-5,1.99902581587920181e-2,5.32462287354347086e-1,5.32411115111152800e-1,1.05082739791966873e0,1.23008760997384428e-9,1.14949557137186917e-8,7.48426069920833995e-17,2.56638475454963499e-8,9.72886761755572205e-1,4.86699011925662006e-6
573,4.87092060399415549e-5,1.99902581587920181e-2,5.32411115111152800e-1,5.32359947886932083e-1,1.05072640824133146e0,1.22996939300580003e-9,1.15949205930712987e-8,-6.74994285637908788e-17,2.55859258947422575e-8,9.72840011124576964e-1,4.87171045926437785e-6
574,4.87092060399415549e-5,1.99902581587920181e-2,5.32359947886932083e-1,5.32308786374271703e-1,1.05062542846763463e0,1.22985118654989168e-9,1.23879543970162323e-8,6.79481839722682470e-17,2.55295895402304891e-8,9.72793263465776326e-1,4.87504970880792143e-6
575,4.87092060399415549e-5,1.99902581587920181e-2,5.32308786374271703e-1,5.32257629860758863e-1,1.05052445996613675e0,1.22973299377146996e-9,1.24691247451054200e-8,-8.99937946851701645e-17,2.55449552160454845e-8,9.72746518128575599e-1,4.87700793461165460e-6
576,4.87092060399415549e-5,1.99902581587920181e-2,5.32257629860758863e-1,5.32206479451993841e-1,1.05042350133026519e0,1.22961481162785627e-9,1.36563755962921933e-8,6.31495504201705233e-17,2.53736090216592451e-8,9.72699776123679860e-1,4.87758520251180272e-6
577,4.87092060399415549e-5,1.99902581587920181e-2,5.32206479451993841e-1,5.32155333488995019e-1,1.05032255474201852e0,1.22949664331582511e-9,1.31852318853589145e-8,-2.39181921097668122e-17,2.52978950922411689e-8,9.72653035935411192e-1,4.87678157945481416e-6
578,4.87092060399415549e-5,1.99902581587920181e-2,5.32155333488995019e-1,5.32104192073846960e-1,1.05022161692789129e0,1.22937848618094169e-9,1.28165999612033298e-8,3.44782842120841830e-17,2.50978008958193781e-8,9.72606297657372942e-1,4.87459713160998120e-6
579,4.87092060399415549e-5,1.99902581587920181e-2,5.32104192073846960e-1,5.32053056715476758e-1,1.05012068808899706e0,1.22926033938650291e-9,1.39573323992885078e-8,-8.84946274322300831e-18,2.48547721190861488e-8,9.72559562668955158e-1,4.88179888680217999e-6
580,4.87092060399415549e-5,1.99902581587920181e-2,5.32053056715476758e-1,5.32001926408501857e-1,1.05001977120310164e0,1.22914220549350604e-9,1.40932644723621826e-8,-3.39735882331410787e-17,2.45966074848792914e-8,9.72512830051675770e-1,4.89382375623570454e-6
581,4.87092060399415549e-5,1.99902581587920181e-2,5.32001926408501857e-1,5.31950799988513356e-1,1.04991886428614567e0,1.22902408310836497e-9,1.30652731848046070e-8,-3.34796886155530165e-17,2.43354592120203901e-8,9.72466098741554985e-1,4.90421221166492671e-6
582,4.87092060399415549e-5,1.99902581587920181e-2,5.31950799988513356e-1,5.31899677511164515e-1,1.04981796504077751e0,1.22890597068769241e-9,1.20933087063181779e-8,8.47103720827510376e-17,2.40936832234232259e-8,9.72419368789631422e-1,4.91296433158261436e-6
583,4.87092060399415549e-5,1.99902581587920181e-2,5.31899677511164515e-1,5.31848559822004519e-1,1.04971707357646316e0,1.22878786776541549e-9,1.19672726630439110e-8,-4.66353014264943771e-17,2.39055609157177483e-8,9.72372640969067947e-1,4.93619241215270677e-6
584,4.87092060399415549e-5,1.99902581587920181e-2,5.31848559822004519e-1,5.31797446673582530e-1,1.04961619156186203e0,1.22866977614552230e-9,1.15942458226890481e-8,5.82295512742377942e-17,2.37734659310101228e-8,9.72325915053976031e-1,4.96035897334934361e-6
585,4.87092060399415549e-5,1.99902581587920181e-2,5.31797446673582530e-1,5.31746337801771274e-1,1.04951531850834701e0,1.22855169513310914e-9,1.09575284499039865e-8,-1.03302114963356165e-16,2.36015588618011221e-8,9.72279190803125637e-1,4.93138658785863271e-6
586,4.87092060399415549e-5,1.99902581587920181e-2,5.31746337801771274e-1,5.31695232588549338e-1,1.04941445389550259e0,1.22843362539793528e-9,9.70320046377018267e-9,6.37742190207970936e-17,2.34865161550249114e-8,9.72232467651743870e-1,4.94494144254176149e-6
587,4.87092060399415549e-5,1.99902581587920181e-2,5.31695232588549338e-1,5.31644133568499377e-1,1.04931359650289213e0,1.22831556369611122e-9,1.09838070514519913e-8,-4.26349732661266800e-18,2.34482142617184847e-8,9.72185747917370002e-1,4.96496212809560689e-6
588,4.87092060399415549e-5,1.99902581587920181e-2,5.31644133568499377e-1,5.31593038464363454e-1,1.04921275133243075e0,1.22819751613847841e-9,9.98775095867809311e-9,-1.25891744167160732e-17,2.34630908760826621e-8,9.72139029518262587e-1,4.98360098799555118e-6
589,4.87092060399415549e-5,1.99902581587920181e-2,5.31593038464363454e-1,5.31541948549640431e-1,1.04911191389020941e0,1.22807947763590098e-9,1.02655701721888405e-8,-3.79036225850540195e-17,2.34833731826098403e-8,9.72092313619205450e-1,5.00085808852190894e-6
590,4.87092060399415549e-5,1.99902581587920181e-2,5.31541948549640431e-1,5.31490863133839531e-1,1.04901108668945509e0,1.22796145118330091e-9,9.85339738724080017e-9,1.25503151258995571e-18,2.35254619357835592e-8,9.72045599588994058e-1,5.01673349606601704e-6
591,4.87092060399415549e-5,1.99902581587920181e-2,5.31490863133839531e-1,5.31439782080840528e-1,1.04891026836713519e0,1.22784343467981521e-9,9.30553686646871222e-9,1.58073884186638567e-18,2.36214408742671194e-8,9.71998887303483272e-1,5.03122727724125696e-6
592,4.87092060399415549e-5,1.99902581587920181e-2,5.31439782080840528e-1,5.31388706578807213e-1,1.04880945865541819e0,1.22772542872743326e-9,9.94625950395400955e-9,3.83042542798542776e-17,2.37026089958159865e-8,9.71952177849576215e-1,5.04433949832794326e-6
593,4.87092060399415549e-5,1.99902581587920181e-2,5.31388706578807213e-1,5.31337635662295749e-1,1.04870865989820938e0,1.22760743484854459e-9,9.62207192342365043e-9,3.03789938175918667e-17,2.38653745243220656e-8,9.71905470344639144e-1,5.05607022582843513e-6
594,4.87092060399415549e-5,1.99902581587920181e-2,5.31337635662295749e-1,5.31286569894544147e-1,1.04860787019044999e0,1.22748945109086315e-9,9.86156320860842624e-9,-5.01029335441840500e-17,2.40544264680759769e-8,9.71858765304165151e-1,5.06641952591202482e-6
595,4.87092060399415549e-5,1.99902581587920181e-2,5.31286569894544147e-1,5.31235509445189380e-1,1.04850709064416381e0,1.22737147951073078e-9,1.02711861994594222e-8,8.00005611848292580e-17,2.41968186316822681e-8,9.71812062883633199e-1,5.07538746519209383e-6
596,4.87092060399415549e-5,1.99902581587920181e-2,5.31235509445189380e-1,5.31184452894962633e-1,1.04840632159349201e0,1.22725351944179003e-9,9.26205189746889564e-9,-8.91066021191764146e-17,2.43252399676021295e-8,9.71765361785225101e-1,5.08297410994895671e-6
597,4.87092060399415549e-5,1.99902581587920181e-2,5.31184452894962633e-1,5.31133400361626151e-1,1.04830556023840216e0,1.22713556948480780e-9,8.37105436447182519e-9,5.27706571941165685e-17,2.45659086760722014e-8,9.71718662116796583e-1,5.08917952668497264e-6
598,4.87092060399415549e-5,1.99902581587920181e-2,5.31133400361626151e-1,5.31082355000453088e-1,1.04820480681082762e0,1.22701762945858357e-9,1.06357163188096245e-8,-5.77796742088498041e-18,2.47196419688846921e-8,9.71671966765056516e-1,5.09400378168045620e-6
599,4.87092060399415549e-5,1.99902581587920181e-2,5.31082355000453088e-1,5.31031313787189485e-1,1.04810406753700347e0,1.22689970439988853e-9,9.87681365584847533e-9,-2.41674547155535415e-18,2.49222315372827962e-8,9.71625272963916764e-1,5.09744694143776655e-6
600,4.87092060399415549e-5,1.99902581587920181e-2,5.31031313787189485e-1,5.30980276863125988e-1,1.04800333644968702e0,1.22678179004211703e-9,9.25960041985073646e-9,-3.25867405268571227e-17,2.51119062808581821e-8,9.71578580842831108e-1,5.09950907212619597e-6
601,4.87092060399415549e-5,1.99902581587920181e-2,5.30980276863125988e-1,5.30929246047503578e-1,1.04790261382730887e0,1.22666388570191385e-9,1.04620403372042439e-8,7.43836971144063304e-17,2.50791110030267214e-8,9.71531892066542335e-1,5.10019024035912594e-6
602,4.87092060399415549e-5,1.99902581587920181e-2,5.30929246047503578e-1,5.30878220399237488e-1,1.04780190325965950e0,1.22654599485896665e-9,1.07239828909370900e-8,-5.79304510365447449e-17,2.51692957457137447e-8,9.71485205774429539e-1,5.09949051241687101e-6
603,4.87092060399415549e-5,1.99902581587920181e-2,5.30878220399237488e-1,5.30827200134763477e-1,1.04770120288997459e0,1.22642811583523885e-9,1.12028577463124152e-8,-1.07411453947929775e-17,2.52753814651301886e-8,9.71438522164923435e-1,5.10856195912179345e-6
604,4.87092060399415549e-5,1.99902581587920181e-2,5.30827200134763477e-1,5.30776184663824147e-1,1.04760051314505787e0,1.22631024915948932e-9,1.10919927780503757e-8,-2.67576765051735167e-17,2.53978283624483544e-8,9.71391840698280218e-1,5.12044934053434986e-6
605,4.87092060399415549e-5,1.99902581587920181e-2,5.30776184663824147e-1,5.30725174426083579e-1,1.04749983286088288e0,1.22619239480944230e-9,1.14212525919357745e-8,7.08832457787330036e-17,2.55591430811533664e-8,9.71345161777165123e-1,5.13633620091713539e-6
606,4.87092060399415549e-5,1.99902581587920181e-2,5.30725174426083579e-1,5.30674169700379839e-1,1.04739916290427537e0,1.22607455166521951e-9,1.20298536594019513e-8,1.51098435517101396e-17,2.55854989757526304e-8,9.71298485657112964e-1,5.15148701951684274e-6
607,4.87092060399415549e-5,1.99902581587920181e-2,5.30674169700379839e-1,5.30623170541690503e-1,1.04729850382580114e0,1.22595672158562918e-9,1.26939621707671019e-8,-5.43537849335920073e-17,2.55688101464382632e-8,9.71251812388820635e-1,5.16510727377461620e-6
608,4.87092060399415549e-5,1.99902581587920181e-2,5.30623170541690503e-1,5.30572176120748029e-1,1.04719785573401403e0,1.22583890455921175e-9,1.25293381219796492e-8,3.25663703770923918e-17,2.56016548309912140e-8,9.71205141213747902e-1,5.17719703685415311e-6
609,4.87092060399415549e-5,1.99902581587920181e-2,5.30572176120748029e-1,5.30521186111894916e-1,1.04709721699214930e0,1.22572109824801856e-9,1.20395121245495085e-8,-1.62503122038227261e-17,2.55350921734388927e-8,9.71158471834133397e-1,5.18775638269630690e-6
610,4.87092060399415549e-5,1.99902581587920181e-2,5.30521186111894916e-1,5.30470201590236945e-1,1.04699658695764408e0,1.22560330189333743e-9,1.26252159825858545e-8,-1.97454083722103845e-17,2.55481835414982572e-8,9.71111805234276093e-1,5.19678538490886410e-6
611,4.87092060399415549e-5,1.99902581587920181e-2,5.30470201590236945e-1,5.30419222277972446e-1,1.04689596775221649e0,1.22548551800270890e-9,1.29336455995999752e-8,1.05295641746304888e-17,2.54770768835315720e-8,9.71065141160316503e-1,5.20428411676654434e-6
612,4.87092060399415549e-5,1.99902581587920181e-2,5.30419222277972446e-1,5.30368246830684287e-1,1.04679535882764974e0,1.22536774633757676e-9,1.18981588653125874e-8,1.92783474567772179e-17,2.54086698877183747e-8,9.71018478381901584e-1,5.21025265187713416e-6
613,4.87092060399415549e-5,1.99902581587920181e-2,5.30368246830684287e-1,5.30317276805135185e-1,1.04669475753096464e0,1.22524998385760621e-9,1.24198063865633369e-8,3.01004175852574832e-17,2.52884785097253443e-8,9.70971818324388503e-1,5.21469106395944237e-6
614,4.87092060399415549e-5,1.99902581587920181e-2,5.30317276805135185e-1,5.30266311425377168e-1,1.04659416693389673e0,1.22513223322340300e-9,1.21660271614943702e-8,-2.72939807096834973e-17,2.52455845910812160e-8,9.70925160277723354e-1,5.21759942639921093e-6
615,4.87092060399415549e-5,1.99902581587920181e-2,5.30266311425377168e-1,5.30215350251323714e-1,1.04649358550566407e0,1.22501449402773000e-9,1.14726079034837806e-8,2.07219695315843635e-17,2.51724374241022720e-8,9.70878503839402995e-1,5.21897781280422635e-6
616,4.87092060399415549e-5,1.99902581587920181e-2,5.30215350251323714e-1,5.30164395726832938e-1,1.04639301237765525e0,1.22489676435132139e-9,1.32234511533511645e-8,-3.54681596705978155e-17,2.49947623315533522e-8,9.70831851247086042e-1,5.21882629678227516e-6
617,4.87092060399415549e-5,1.99902581587920181e-2,5.30164395726832938e-1,5.30113446029572222e-1,1.04629245237187263e0,1.22477904861374155e-9,1.31526008245622321e-8,2.81361366000461850e-17,2.48189071187832308e-8,9.70785200832850470e-1,5.21714495171909931e-6
618,4.87092060399415549e-5,1.99902581587920181e-2,5.30113446029572222e-1,5.30062500077656207e-1,1.04619190189299660e0,1.22466134445277544e-9,1.20003292357554137e-8,2.91612400264872258e-17,2.46761590988470010e-8,9.70738551606295186e-1,5.21393385111146301e-6
619,4.87092060399415549e-5,1.99902581587920181e-2,5.30062500077656207e-1,5.30011559836184976e-1,1.04609135880596549e0,1.22454364955292596e-9,1.28135178527917585e-8,-5.13571395305226778e-17,2.44410292377981071e-8,9.70691905367109142e-1,5.21965565403181841e-6
620,4.87092060399415549e-5,1.99902581587920181e-2,5.30011559836184976e-1,5.29960624239094180e-1,1.04599082698813217e0,1.22442596665670194e-9,1.25611908781243356e-8,1.35853149411891823e-17,2.42847559907503708e-8,9.70645261139409188e-1,5.22588991591632634e-6
621,4.87092060399415549e-5,1.99902581587920181e-2,5.29960624239094180e-1,5.29909692283344613e-1,1.04589030433636232e0,1.22430829515976708e-9,1.13062712129427024e-8,2.20642967229394904e-17,2.41732527260272052e-8,9.70598618004943958e-1,5.23049090672689232e-6
622,4.87092060399415549e-5,1.99902581587920181e-2,5.29909692283344613e-1,5.29858764340027100e-1,1.04578978887128082e0,1.22419063321098259e-9,1.04227924352521482e-8,1.61333207410669011e-17,2.41604338032006483e-8,9.70551976303669073e-1,5.23345870506730648e-6
623,4.87092060399415549e-5,1.99902581587920181e-2,5.29858764340027100e-1,5.29807841286060177e-1,1.04568928132479932e0,1.22407298019865873e-9,1.04166179822849930e-8,-7.69623433385342384e-17,2.40982910712817651e-8,9.70505336839034616e-1,5.23479338965238128e-6
624,4.87092060399415549e-5,1.99902581587920181e-2,5.29807841286060177e-1,5.29756923194939500e-1,1.04558878342768291e0,1.22395533856443436e-9,1.04844090193285320e-8,-4.52216497596412528e-18,2.40834289498696247e-8,9.70458699678653391e-1,5.24071645957580046e-6
625,4.87092060399415549e-5,1.99902581587920181e-2,5.29756923194939500e-1,5.29706008933279016e-1,1.04548829532498044e0,1.22383770868624003e-9,9.41929113513386785e-9,3.84399764204007533e-18,2.41568550614407981e-8,9.70412063784648615e-1,5.24948099889233077e-6
626,4.87092060399415549e-5,1.99902581587920181e-2,5.29706008933279016e-1,5.29655101084452795e-1,1.04538781477997977e0,1.22372008776737002e-9,1.09379154526200239e-8,1.44976140931351417e-18,2.41484807457183071e-8,9.70365431523733668e-1,5.26464715389085569e-6
627,4.87092060399415549e-5,1.99902581587920181e-2,5.29655101084452795e-1,5.29604198559339490e-1,1.04528734689041136e0,1.22360248127349013e-9,1.13680348593401430e-8,-1.72124920010668581e-17,2.40665992833234592e-8,9.70318801898657268e-1,5.26261705069419605e-6
628,4.87092060399415549e-5,1.99902581587920181e-2,5.29604198559339490e-1,5.29553301118172670e-1,1.04518688950693805e0,1.22348488634920597e-9,1.15588994932631141e-8,3.99736602659414475e-17,2.40121677262691278e-8,9.70272174690170242e-1,5.26698870395581054e-6
629,4.87092060399415549e-5,1.99902581587920181e-2,5.29553301118172670e-1,5.29502407854294588e-1,1.04508644215672164e0,1.22336730321273295e-9,1.08435951521090328e-8,2.35403360059525891e-17,2.39962719851212071e-8,9.70225549067958881e-1,5.27411728568072391e-6
630,4.87092060399415549e-5,1.99902581587920181e-2,5.29502407854294588e-1,5.29451519075691657e-1,1.04498600305096412e0,1.22324973027294306e-9,1.04366788211680180e-8,-1.80950821341323628e-17,2.41855144997802228e-8,9.70178925314439500e-1,5.29438404472948321e-6
631,4.87092060399415549e-5,1.99902581587920181e-2,5.29451519075691657e-1,5.29400635445452905e-1,1.04488557279695571e0,1.22313216784868339e-9,1.06932826487767042e-8,-3.90014120262813200e-17,2.42983350475098575e-8,9.70132304037434667e-1,5.31327183117547008e-6
632,4.87092060399415549e-5,1.99902581587920181e-2,5.29400635445452905e-1,5.29349756785150172e-1,1.04478515270361427e0,1.22301461811067750e-9,1.07719530817996959e-8,7.88806314273263632e-17,2.44010687902526923e-8,9.70085685073798332e-1,5.33078071107695450e-6
633,4.87092060399415549e-5,1.99902581587920181e-2,5.29349756785150172e-1,5.29298882720755204e-1,1.04468474241816289e0,1.22289707904319109e-9,1.04770732254918357e-8,-4.28535921389407699e-17,2.43408382334717948e-8,9.70039068081161693e-1,5.34691075115834025e-6
634,4.87092060399415549e-5,1.99902581587920181e-2,5.29298882720755204e-1,5.29248013879635160e-1,1.04458434120301003e0,1.22277955113178786e-9,1.08100021988170204e-8,-4.01145919899857821e-17,2.43480770168841050e-8,9.69992453634682783e-1,5.36166201714483037e-6
635,4.87092060399415549e-5,1.99902581587920181e-2,5.29248013879635160e-1,5.29197149498596198e-1,1.04448395029589425e0,1.22266203421591432e-9,1.03802393334047356e-8,4.52048513757615259e-17,2.43898849675322925e-8,9.69945841035344980e-1,5.37503457553878405e-6
636,4.87092060399415549e-5,1.99902581587920181e-2,5.29197149498596198e-1,5.29146290571568478e-1,1.04438356819085976e0,1.22254452758411864e-9,1.09448354654871515e-8,2.55392163018257554e-17,2.43919209304033317e-8,9.69899231194263689e-1,5.38702849262051586e-6
637,4.87092060399415549e-5,1.99902581587920181e-2,5.29146290571568478e-1,5.29095436236840522e-1,1.04428319684959559e0,1.22242703418231212e-9,1.06482444490880530e-8,-4.41118810887829594e-17,2.44764052579580346e-8,9.69852623322160601e-1,5.39764383467034037e-6
638,4.87092060399415549e-5,1.99902581587920181e-2,5.29095436236840522e-1,5.29044587511952602e-1,1.04418283457158978e0,1.22230955178089169e-9,1.13696350148321521e-8,3.14677024700545601e-17,2.44731835099594241e-8,9.69806018351868415e-1,5.40688066785754984e-6
639,4.87092060399415549e-5,1.99902581587920181e-2,5.29044587511952602e-1,5.28993743027300289e-1,1.04408248336425213e0,1.22219208115613882e-9,1.07219604935985194e-8,-4.16540528649245466e-18,2.44419052528279768e-8,9.69759415028504157e-1,5.41473905879552575e-6
640,4.87092060399415549e-5,1.99902581587920181e-2,5.28993743027300289e-1,5.28942903698181199e-1,1.04398214052537064e0,1.22207462084876010e-9,1.09899911270525465e-8,3.15380955401828227e-17,2.44149632296551450e-8,9.69712814191234451e-1,5.42121907309844886e-6
641,4.87092060399415549e-5,1.99902581587920181e-2,5.28942903698181199e-1,5.28892068572758278e-1,1.04388180786101348e0,1.22195717167901348e-9,1.03066804049923129e-8,-4.90076752756311618e-17,2.43739834178942907e-8,9.69666214967880191e-1,5.42632077760174525e-6
642,4.87092060399415549e-5,1.99902581587920181e-2,5.28892068572758278e-1,5.28841239074534730e-1,1.04378148349289712e0,1.22183973282797421e-9,1.10472768148542317e-8,3.57118024113028596e-17,2.44514240038473969e-8,9.69619618663706717e-1,5.43004423814164028e-6
643,4.87092060399415549e-5,1.99902581587920181e-2,5.28841239074534730e-1,5.28790414138965326e-1,1.04368117023014406e0,1.22172230706546050e-9,1.07238690811069535e-8,-4.53657479310704405e-17,2.45596425919282142e-8,9.69573024303121644e-1,5.43238952133151543e-6
644,4.87092060399415549e-5,1.99902581587920181e-2,5.28790414138965326e-1,5.28739595316072064e-1,1.04358086597208244e0,1.22160489219009020e-9,1.19509218419644281e-8,-2.09207923179788343e-17,2.45721083523889279e-8,9.69526433307546842e-1,5.43335669300759605e-6
645,4.87092060399415549e-5,1.99902581587920181e-2,5.28739595316072064e-1,5.28688780398009484e-1,1.04348057377718395e0,1.22148749041583473e-9,1.09707167213706480e-8,-3.03462457371408924e-18,2.46662312286967631e-8,9.69479843653176299e-1,5.44332483287668367e-6
646,4.87092060399415549e-5,1.99902581587920181e-2,5.28688780398009484e-1,5.28637969396364760e-1,1.04338028928864168e0,1.22137009763295787e-9,1.00024740861664099e-8,6.66179667050808964e-17,2.47880930636622981e-8,9.69433255350764966e-1,5.45691506359524681e-6
647,4.87092060399415549e-5,1.99902581587920181e-2,5.28637969396364760e-1,5.28587163629579249e-1,1.04328001252957514e0,1.22125271466943432e-9,1.03530495086272136e-8,-7.84919392574876955e-17,2.49057064930228661e-8,9.69386669609512364e-1,5.46897766984244527e-6
648,4.87092060399415549e-5,1.99902581587920181e-2,5.28587163629579249e-1,5.28536362284666494e-1,1.04317974610178887e0,1.22113534462948743e-9,9.89114140093281433e-9,6.61568317115560596e-17,2.49890319944950865e-8,9.69340085684247788e-1,5.47951272478197637e-6
649,4.87092060399415549e-5,1.99902581587920181e-2,5.28536362284666494e-1,5.28485566896572001e-1,1.04307948840057341e0,1.22101798437605229e-9,1.09646040452255330e-8,1.74004903019654600e-17,2.49313417290901238e-8,9.69293504982852938e-1,5.48852030191060436e-6
650,4.87092060399415549e-5,1.99902581587920181e-2,5.28485566896572001e-1,5.28434775565504666e-1,1.04297924245511830e0,1.22090063778364787e-9,1.01388481543138092e-8,1.73049492868543602e-18,2.50552542792630569e-8,9.69246925763543654e-1,5.49600047472509345e-6
651,4.87092060399415549e-5,1.99902581587920181e-2,5.28434775565504666e-1,5.28383989143994870e-1,1.04287900451659632e0,1.22078330127998839e-9,1.01660126334000714e-8,-3.04793060104761724e-18,2.51783077206512019e-8,9.69200348808396006e-1,5.50195331672220789e-6
652,4.87092060399415549e-5,1.99902581587920181e-2,5.28383989143994870e-1,5.28333207749458134e-1,1.04277877626737014e0,1.22066597619885896e-9,1.03110646472260386e-8,-7.43303621628701362e-17,2.53392602970422483e-8,9.69153774225417264e-1,5.50637890095462268e-6
653,4.87092060399415549e-5,1.99902581587920181e-2,5.28333207749458134e-1,5.28282432044833938e-1,1.04267855793885089e0,1.22054866233199928e-9,1.11195391827637745e-8,3.23051186155073189e-17,2.53094818620113382e-8,9.69107202623026631e-1,5.50927730125216897e-6
654,4.87092060399415549e-5,1.99902581587920181e-2,5.28282432044833938e-1,5.28231661371590167e-1,1.04257835083903538e0,1.22043136079946670e-9,1.12700286211243931e-8,4.73004737529952190e-17,2.52234546334252333e-8,9.69060633397619942e-1,5.51064859088956638e-6
655,4.87092060399415549e-5,1.99902581587920181e-2,5.28231661371590167e-1,5.28180897717233200e-1,1.04247815366859720e0,1.22031407066307959e-9,1.34085082274021858e-8,-8.32361294360284040e-17,2.50937310626985003e-8,9.69014068372662463e-1,5.51220681044295446e-6
656,4.87092060399415549e-5,1.99902581587920181e-2,5.28180897717233200e-1,5.28130138950379080e-1,1.04237797034942958e0,1.22019679533342749e-9,1.34162782787087236e-8,5.25724415582917116e-17,2.49550329797956054e-8,9.68967505593549383e-1,5.52173154599877591e-6
657,4.87092060399415549e-5,1.99902581587920181e-2,5.28130138950379080e-1,5.28079383770548638e-1,1.04227779667607523e0,1.22007953226855541e-9,1.21240391930879837e-8,-1.58481833121137470e-17,2.48476015504245585e-8,9.68920943867546458e-1,5.52988069002502414e-6
658,4.87092060399415549e-5,1.99902581587920181e-2,5.28079383770548638e-1,5.28028633022949445e-1,1.04217763008241593e0,1.21996227839966030e-9,1.16773524691146748e-8,-3.81965437835712977e-17,2.48466293104129400e-8,9.68874383970223962e-1,5.53665430869099140e-6
659,4.87092060399415549e-5,1.99902581587920181e-2,5.28028633022949445e-1,5.27977887588030437e-1,1.04207747223622427e0,1.21984503518355840e-9,1.21115405944085870e-8,9.77264279438261267e-17,2.48206624103210031e-8,9.68827826709650952e-1,5.54205246805494767e-6
660,4.87092060399415549e-5,1.99902581587920181e-2,5.27977887588030437e-1,5.27927146740651665e-1,1.04197732487455008e0,1.21972780375672947e-9,1.18210997385844443e-8,-5.25878899834117519e-17,2.47149385372185965e-8,9.68781271420878776e-1,5.54607523417516290e-6
661,4.87092060399415549e-5,1.99902581587920181e-2,5.27927146740651665e-1,5.27876410534443230e-1,1.04187718656657635e0,1.21961058342360232e-9,1.15847297499445374e-8,1.77432987632258112e-17,2.45960943349781091e-8,9.68734718153394736e-1,5.54872267333195168e-6
662,4.87092060399415549e-5,1.99902581587920181e-2,5.27876410534443230e-1,5.27825679514111856e-1,1.04177705741770099e0,1.21949337258507322e-9,1.18935127461128697e-8,-4.96555578729684203e-17,2.45132669436916766e-8,9.68688167407309009e-1,5.54999485136153936e-6
663,4.87092060399415549e-5,1.99902581587920181e-2,5.27825679514111856e-1,5.27774953315632844e-1,1.04167693850322984e0,1.21937617366288136e-9,1.18387693587360640e-8,6.50091897491714133e-17,2.45124373466435701e-8,9.68641618848952501e-1,5.54989183476628511e-6
664,4.87092060399415549e-5,1.99902581587920181e-2,5.27774953315632844e-1,5.27724229618454443e-1,1.04157682910510174e0,1.21925898655244194e-9,9.46393796609165282e-9,-4.41112739382133455e-17,2.46400710198764656e-8,9.68595070349022924e-1,5.54841368916036970e-6
665,4.87092060399415549e-5,1.99902581587920181e-2,5.27724229618454443e-1,5.27673512684893709e-1,1.04147672464414986e0,1.21914180697307233e-9,1.13516639078529848e-8,4.56261146094000817e-17,2.46660506401087308e-8,9.68548525819332817e-1,5.55790254685994967e-6
666,4.87092060399415549e-5,1.99902581587920181e-2,5.27673512684893709e-1,5.27622801223825766e-1,1.04137663353057142e0,1.21902464176721904e-9,1.19489152679585397e-8,-3.10798540244406964e-17,2.46961679832586011e-8,9.68501984075431310e-1,5.56962247943992850e-6
667,4.87092060399415549e-5,1.99902581587920181e-2,5.27622801223825766e-1,5.27572094014146620e-1,1.04127655321666124e0,1.21890748844527027e-9,1.13255885620260203e-8,-6.05549478820264673e-18,2.47036066713212902e-8,9.68455443996926957e-1,5.58427758101665006e-6
668,4.87092060399415549e-5,1.99902581587920181e-2,5.27572094014146620e-1,5.27521391804692374e-1,1.04117648129333862e0,1.21879034561417299e-9,1.14515067097341709e-8,-4.20676762584255626e-17,2.46743558387714615e-8,9.68408906271426839e-1,5.59871954786128612e-6
669,4.87092060399415549e-5,1.99902581587920181e-2,5.27521391804692374e-1,5.27470694159961950e-1,1.04107641923795358e0,1.21867321410208039e-9,1.11424042958965369e-8,5.19071865137296144e-17,2.45895037327868052e-8,9.68362370499506131e-1,5.61161093037831904e-6
670,4.87092060399415549e-5,1.99902581587920181e-2,5.27470694159961950e-1,5.27420002229471940e-1,1.04097636619126255e0,1.21855609362233261e-9,1.19832574599573742e-8,-4.36982212993349911e-17,2.44508983243810004e-8,9.68315837736669516e-1,5.62295180295269148e-6
671,4.87092060399415549e-5,1.99902581587920181e-2,5.27420002229471940e-1,5.27369314604084649e-1,1.04087632442174027e0,1.21843898634745665e-9,1.14155220569568041e-8,2.10782345670497274e-17,2.45038660331239836e-8,9.68269306689752085e-1,5.63274224019139069e-6
672,4.87092060399415549e-5,1.99902581587920181e-2,5.27369314604084649e-1,5.27318631801759419e-1,1.04077629114869308e0,1.21832188894480781e-9,1.13661599145246103e-8,1.40550459956396702e-17,2.44262717589579620e-8,9.68222777834503279e-1,5.64098231647935933e-6
673,4.87092060399415549e-5,1.99902581587920181e-2,5.27318631801759419e-1,5.27267954178817111e-1,1.04067626739407526e0,1.21820480268305366e-9,1.16735822842754736e-8,-1.94547900445184540e-17,2.43099572417724723e-8,9.68176251498401363e-1,5.64767210642358464e-6
674,4.87092060399415549e-5,1.99902581587920181e-2,5.27267954178817111e-1,5.27217281310195407e-1,1.04057625386060981e0,1.21808772709857518e-9,1.15564401641843954e-8,-2.82617092344766350e-17,2.41935916308038556e-8,9.68129727291492936e-1,5.65634354376953752e-6
675,4.87092060399415549e-5,1.99902581587920181e-2,5.27217281310195407e-1,5.27166613578809673e-1,1.04047624970987962e0,1.21797066243309359e-9,1.18226703533542862e-8,3.44247987136765042e-17,2.41048289199062502e-8,9.68083205565717919e-1,5.67422674813133909e-6
676,4.87092060399415549e-5,1.99902581587920181e-2,5.27166613578809673e-1,5.27115949863150246e-1,1.04037625569791259e0,1.21785361020590701e-9,1.09678848190725175e-8,-3.68989389392144628e-18,2.40804298307586739e-8,9.68036685291594701e-1,5.69073395939589943e-6
677,4.87092060399415549e-5,1.99902581587920181e-2,5.27115949863150246e-1,5.27065290166184974e-1,1.04027626961120800e0,1.21773656693422835e-9,1.01164530996877740e-8,1.57719189139975829e-17,2.41427938567162048e-8,9.67990166472076030e-1,5.70586524351046620e-6
678,4.87092060399415549e-5,1.99902581587920181e-2,5.27065290166184974e-1,5.27014634156129591e-1,1.04017629145550461e0,1.21761953328640280e-9,8.93362343075737255e-9,2.12023712159367853e-17,2.43350561994600832e-8,9.67943648802691348e-1,5.71962066653330936e-6
679,4.87092060399415549e-5,1.99902581587920181e-2,5.27014634156129591e-1,5.26963984294529508e-1,1.04007632057624710e0,1.21750250879245527e-9,1.02126936332205777e-8,-1.20694303680694042e-17,2.44957076353723631e-8,9.67897134544173143e-1,5.73200029485576579e-6
680,4.87092060399415549e-5,1.99902581587920181e-2,5.26963984294529508e-1,5.26913340387068385e-1,1.03997636183109909e0,1.21738549834179681e-9,1.12980384554553632e-8,2.28877616401809299e-17,2.46026703109687932e-8,9.67850623518626496e-1,5.74300419431406084e-6
681,4.87092060399415549e-5,1.99902581587920181e-2,5.26913340387068385e-1,5.26862700732777411e-1,1.03987641483602600e0,1.21726850066597822e-9,1.06829868843218846e-8,-3.49807004812590912e-17,2.46736429203401728e-8,9.67804114164167451e-1,5.75263243118850909e-6
682,4.87092060399415549e-5,1.99902581587920181e-2,5.26862700732777411e-1,5.26812066073452989e-1,1.03977647623470570e0,1.21715151310797604e-9,1.08101404457436956e-8,1.95849402964587725e-17,2.45813380433010840e-8,9.67757607162439082e-1,5.76088507153738050e-6
683,4.87092060399415549e-5,1.99902581587920181e-2,5.26812066073452989e-1,5.26761436062491373e-1,1.03967654749094662e0,1.21703453756709353e-9,1.05911705455025405e-8,-6.79259046896497437e-17,2.45518743120954271e-8,9.67711102195369932e-1,5.76776218152996734e-6
684,4.87092060399415549e-5,1.99902581587920181e-2,5.26761436062491373e-1,5.26710811461469697e-1,1.03957662792094263e0,1.21691757219734006e-9,1.11342244460741547e-8,1.45977128734214086e-17,2.45109799031356420e-8,9.67664599962860361e-1,5.77326382744658417e-6
685,4.87092060399415549e-5,1.99902581587920181e-2,5.26710811461469697e-1,5.26660191004350797e-1,1.03947671902777072e0,1.21680061961798302e-9,1.04117612910394263e-8,3.59516467386350602e-17,2.45621660740779002e-8,9.67618099302241075e-1,5.77739007501243407e-6
686,4.87092060399415549e-5,1.99902581587920181e-2,5.26660191004350797e-1,5.26609575440966871e-1,1.03937681831293505e0,1.21668367705825234e-9,1.04395287534969646e-8,-1.35996384006761506e-17,2.45746371701230372e-8,9.67571600902638940e-1,5.78014099061885389e-6
687,4.87092060399415549e-5,1.99902581587920181e-2,5.26609575440966871e-1,5.26558965447186944e-1,1.03927692725656806e0,1.21656674761583621e-9,1.11436356314422717e-8,-8.00904724086913219e-18,2.44717345515777672e-8,9.67525105385309447e-1,5.78151664032411361e-6
688,4.87092060399415549e-5,1.99902581587920181e-2,5.26558965447186944e-1,5.26508360681045118e-1,1.03917704719107684e0,1.21644982901909629e-9,1.15063119749035329e-8,-2.19877825162783353e-17,2.42793094957507463e-8,9.67478612436439622e-1,5.78165368247951506e-6
689,4.87092060399415549e-5,1.99902581587920181e-2,5.26508360681045118e-1,5.26457760634926109e-1,1.03907717744227868e0,1.21633292203167724e-9,1.13618754660699639e-8,3.95070956588758126e-17,2.40745632197075800e-8,9.67432121590025118e-1,5.78922695859684922e-6
690,4.87092060399415549e-5,1.99902581587920181e-2,5.26457760634926109e-1,5.26407165642857167e-1,1.03897731700841023e0,1.21621602554894966e-9,1.15519200596106194e-8,-3.87458264518922353e-17,2.40608366797419287e-8,9.67385633153313385e-1,5.79527576427540936e-6
691,4.87092060399415549e-5,1.99902581587920181e-2,5.26407165642857167e-1,5.26356574944389699e-1,1.03887746654900881e0,1.21609914086402144e-9,1.09820016990679917e-8,8.06767101980586786e-17,2.41308957128776546e-8,9.67339146427852570e-1,5.79980017278991511e-6
692,4.87092060399415549e-5,1.99902581587920181e-2,5.26356574944389699e-1,5.26305988022326199e-1,1.03877762456392597e0,1.21598226780948900e-9,9.89529881972179358e-9,-2.24491491203746869e-17,2.44434820475843132e-8,9.67292660938561255e-1,5.80280025719304149e-6
693,4.87092060399415549e-5,1.99902581587920181e-2,5.26305988022326199e-1,5.26255407739008141e-1,1.03867779003173721e0,1.21586540346707774e-9,1.16713003078879998e-8,-2.28914128154047389e-18,2.45517760876543924e-8,9.67246179316183285e-1,5.80456372312188051e-6
694,4.87092060399415549e-5,1.99902581587920181e-2,5.26255407739008141e-1,5.26204830806600299e-1,1.03857796860020946e0,1.21574855216306760e-9,1.01601047664853779e-8,-6.90998559585972517e-17,2.46862128158383400e-8,9.67199698539553454e-1,5.81433996271751852e-6
695,4.87092060399415549e-5,1.99902581587920181e-2,5.26204830806600299e-1,5.26154258141156239e-1,1.03847815378264152e0,1.21563171039934092e-9,9.56528473555227539e-9,7.11499106102466235e-17,2.48741512004612361e-8,9.67153219450792800e-1,5.82276327876218858e-6
696,4.87092060399415549e-5,1.99902581587920181e-2,5.26154258141156239e-1,5.26103689734206847e-1,1.03837834738640367e0,1.21551487945456279e-9,8.96240603664235562e-9,-4.94366544500236121e-17,2.51555260344807242e-8,9.67106742042330492e-1,5.82956754269225996e-6
697,4.87092060399415549e-5,1.99902581587920181e-2,5.26103689734206847e-1,5.26053126269635185e-1,1.03827854939446640e0,1.21539805870831488e-9,9.04381951049546298e-9,7.51090981156683833e-17,2.53794012199132390e-8,9.67060266942959990e-1,5.83475283266743361e-6
698,4.87092060399415549e-5,1.99902581587920181e-2,5.26053126269635185e-1,5.26002568410637750e-1,1.03817876115644392e0,1.21528124953031811e-9,9.78890482482948733e-9,-4.92265141784881908e-17,2.55516107476251416e-8,9.67013794762701662e-1,5.83831922651434354e-6
699,4.87092060399415549e-5,1.99902581587920181e-2,5.26002568410637750e-1,5.25952017595100019e-1,1.03807898398104825e0,1.21516445330305103e-9,1.19724142798556351e-8,1.91236382124502000e-18,2.57651229732111361e-8,9.66967326823764961e-1,5.84026680194860148e-6
700,4.87092060399415549e-5,1.99902581587920181e-2,5.25952017595100019e-1,5.25901473298837296e-1,1.03797922070556847e0,1.21504767220655166e-9,1.36324161103874607e-8,2.06305627651748037e-17,2.56709218461049168e-8,9.66920862644809698e-1,5.84059563657479686e-6
701,4.87092060399415549e-5,1.99902581587920181e-2,5.25901473298837296e-1,5.25850933192760661e-1,1.03787947029501781e0,1.21493090389002211e-9,1.29639557612328425e-8,-7.49809612213390189e-17,2.54199914840986415e-8,9.66874400085204977e-1,5.83930580866365290e-6
702,4.87092060399415549e-5,1.99902581587920181e-2,5.25850933192760661e-1,5.25800398212492026e-1,1.03777972815444919e0,1.21481414639396810e-9,1.32315198729776702e-8,9.52174832668343870e-17,2.51162589943495404e-8,9.66827940005341779e-1,5.84483330179352834e-6
703,4.87092060399415549e-5,1.99902581587920181e-2,5.25800398212492026e-1,5.25749867244039160e-1,1.03767999612946848e0,1.21469739919398399e-9,1.23855847452636449e-8,-1.49512349779755467e-17,2.47555002846080958e-8,9.66781481381383756e-1,5.84938130188117356e-6
704,4.87092060399415549e-5,1.99902581587920181e-2,5.25749867244039160e-1,5.25699341610885162e-1,1.03758027202177239e0,1.21458066086902479e-9,1.28635182235959777e-8,5.49002915837772169e-18,2.43888396150147370e-8,9.66735025430422446e-1,5.86138034941452446e-6
705,4.87092060399415549e-5,1.99902581587920181e-2,5.25699341610885162e-1,5.25648819917327259e-1,1.03748055844367371e0,1.21446393539626296e-9,1.19462618488366745e-8,-2.10750168344668961e-17,2.42572002568876106e-8,9.66688570869452923e-1,5.87810494467877476e-6
706,4.87092060399415549e-5,1.99902581587920181e-2,5.25648819917327259e-1,5.25598303281661350e-1,1.03738085264077662e0,1.21434721976338072e-9,1.21476800446213660e-8,-3.79659357549588642e-18,2.42566773502953256e-8,9.66642118727046751e-1,5.89328171063385753e-6
707,4.87092060399415549e-5,1.99902581587920181e-2,5.25598303281661350e-1,5.25547790252652636e-1,1.03728115681982258e0,1.21423051619410984e-9,1.08983496417794518e-8,1.35630604739890557e-17,2.43734334952668694e-8,9.66595667669005287e-1,5.90691072177573773e-6
708,4.87092060399415549e-5,1.99902581587920181e-2,5.25547790252652636e-1,5.25497282035836455e-1,1.03718146811678480e0,1.21411382159405574e-9,1.08549013449823036e-8,-3.78144326626861019e-17,2.44671626038592696e-8,9.66549218804089172e-1,5.91899205237833570e-6
709,4.87092060399415549e-5,1.99902581587920181e-2,5.25497282035836455e-1,5.25446778308324869e-1,1.03708178891110525e0,1.21399713887663085e-9,1.04890276061944274e-8,1.10796905671762305e-17,2.46409326059237353e-8,9.66502771835728969e-1,5.92952577693761640e-6
710,4.87092060399415549e-5,1.99902581587920181e-2,5.25446778308324869e-1,5.25396279419369949e-1,1.03698211856497058e0,1.21388046601632730e-9,1.04728375531477920e-8,-2.25178133830227138e-17,2.47756157309215246e-8,9.66456327085364775e-1,5.93851196972750017e-6
711,4.87092060399415549e-5,1.99902581587920181e-2,5.25396279419369949e-1,5.25345786391478997e-1,1.03688245776835197e0,1.21376380553491542e-9,1.14796198618014831e-8,2.02063134095249315e-17,2.48978327134491596e-8,9.66409885493848431e-1,5.94595070524395197e-6
712,4.87092060399415549e-5,1.99902581587920181e-2,5.25345786391478997e-1,5.25295297787707671e-1,1.03678280853821159e0,1.21364715781225452e-9,1.10500212978091640e-8,-2.45123559437636520e-17,2.49839479900171250e-8,9.66363445739860216e-1,5.95184205764986984e-6
713,4.87092060399415549e-5,1.99902581587920181e-2,5.25295297787707671e-1,5.25244812799137040e-1,1.03668316803944793e0,1.21353052097205725e-9,9.81192901988816418e-9,4.11307287785867481e-19,2.50657071597822406e-8,9.66317007079556589e-1,5.95618610155224104e-6
714,4.87092060399415549e-5,1.99902581587920181e-2,5.25244812799137040e-1,5.25194332580041778e-1,1.03658353467530606e0,1.21341389228689922e-9,9.72845892829030010e-9,2.84594368337400856e-17,2.50841263508556832e-8,9.66270570574966459e-1,5.95898291111396361e-6
715,4.87092060399415549e-5,1.99902581587920181e-2,5.25194332580041778e-1,5.25143858500130678e-1,1.03648391072385260e0,1.21329727425696816e-9,1.10151562100205022e-8,-5.20676347371465251e-17,2.50315825408628080e-8,9.66224137486461854e-1,5.96566066779491422e-6
716,4.87092060399415549e-5,1.99902581587920181e-2,5.25143858500130678e-1,5.25093391117085750e-1,1.03638429888787109e0,1.21318066992550166e-9,1.28601254095145368e-8,8.26481280975950843e-17,2.48030411220634964e-8,9.66177708327590312e-1,5.97466778629041073e-6
717,4.87092060399415549e-5,1.99902581587920181e-2,5.25093391117085750e-1,5.25042929469620834e-1,1.03628470026764719e0,1.21306407963764622e-9,1.37444523662658251e-8,1.33420278881475360e-17,2.44827251057456544e-8,9.66131282214530152e-1,5.98218187897181508e-6
718,4.87092060399415549e-5,1.99902581587920181e-2,5.25042929469620834e-1,5.24992471747085521e-1,1.03618511296660665e0,1.21294750261049585e-9,1.28186802504783291e-8,-5.56420558719167939e-17,2.42822074586381705e-8,9.66084857481690706e-1,5.98820301722646775e-6
719,4.87092060399415549e-5,1.99902581587920181e-2,5.24992471747085521e-1,5.24942017978976216e-1,1.03608553341176579e0,1.21283093526861033e-9,1.19227816801377889e-8,3.67995879302019437e-17,2.41482809042638554e-8,9.66038434156473169e-1,5.99386208832708434e-6
720,4.87092060399415549e-5,1.99902581587920181e-2,5.24942017978976216e-1,5.24891567363354183e-1,1.03598596166164048e0,1.21271437795704743e-9,1.02253247392120617e-8,-8.63430032731653249e-17,2.40587279303832818e-8,9.65992011501095260e-1,6.00949567064468226e-6
721,4.87092060399415549e-5,1.99902581587920181e-2,5.24891567363354183e-1,5.24841122672542348e-1,1.03588639613310685e0,1.21259782807635486e-9,1.13004935336594585e-8,2.32826295404729185e-17,2.40045635554339161e-8,9.65945592066858261e-1,6.02375623270923199e-6
722,4.87092060399415549e-5,1.99902581587920181e-2,5.24841122672542348e-1,5.24790682127477148e-1,1.03578684229717544e0,1.21248129130424989e-9,1.05971683622960369e-8,5.98405252218542181e-17,2.40597227822132174e-8,9.65899174216991008e-1,6.03664384046798119e-6
723,4.87092060399415549e-5,1.99902581587920181e-2,5.24790682127477148e-1,5.24740245565131325e-1,1.03568729664311920e0,1.21236476412575423e-9,9.73121461114828220e-9,-5.91232471342074359e-17,2.41583992215095929e-8,9.65852757801713979e-1,6.04815855997919982e-6
724,4.87092060399415549e-5,1.99902581587920181e-2,5.24740245565131325e-1,5.24689813238808589e-1,1.03558775884959497e0,1.21224824744598420e-9,9.11894722031560068e-9,4.27166987106469191e-17,2.43687999039250039e-8,9.65806343054300687e-1,6.05830045719013555e-6
725,4.87092060399415549e-5,1.99902581587920181e-2,5.24689813238808589e-1,5.24639386639230931e-1,1.03548822941605345e0,1.21213174029832696e-9,9.99780914623651099e-9,1.66793161936335530e-17,2.44558856623271499e-8,9.65759931347125233e-1,6.06706959804803603e-6
726,4.87092060399415549e-5,1.99902581587920181e-2,5.24639386639230931e-1,5.24588967094194558e-1,1.03538871128388221e0,1.21201524527906172e-9,1.22050177129680825e-8,2.47910281290490917e-17,2.44183229779602832e-8,9.65713523902728799e-1,6.07446604850014893e-6
727,4.87092060399415549e-5,1.99902581587920181e-2,5.24588967094194558e-1,5.24538552193596908e-1,1.03528920707281546e0,1.21189876417532564e-9,1.20028018937281244e-8,-7.10505430576218534e-17,2.44220693393192256e-8,9.65667118503335531e-1,6.08053638562200405e-6
728,4.87092060399415549e-5,1.99902581587920181e-2,5.24538552193596908e-1,5.24488140418880922e-1,1.03518971202841481e0,1.21178229622177256e-9,1.02824752754848647e-8,6.21006308095328557e-17,2.45304351413722821e-8,9.65620713751233817e-1,6.08831421833322395e-6
729,4.87092060399415549e-5,1.99902581587920181e-2,5.24488140418880922e-1,5.24437734715519577e-1,1.03509022315333943e0,1.21166583574558356e-9,1.15079223566889468e-8,-3.20960520244069914e-17,2.45541488841615978e-8,9.65574312358170372e-1,6.09457043576622226e-6
730,4.87092060399415549e-5,1.99902581587920181e-2,5.24437734715519577e-1,5.24387332257775229e-1,1.03499074625994369e0,1.21154938878676902e-9,9.90821533366215234e-9,-6.13525170830113217e-17,2.45987122037639878e-8,9.65527911723139898e-1,6.09930511075162940e-6
731,4.87092060399415549e-5,1.99902581587920181e-2,5.24387332257775229e-1,5.24336936493755124e-1,1.03489127577233009e0,1.21143295020778708e-9,1.17569274815126199e-8,-5.13331082793667872e-18,2.44710171490352783e-8,9.65481515020801040e-1,6.10251831656416499e-6
732,4.87092060399415549e-5,1.99902581587920181e-2,5.24336936493755124e-1,5.24286544331397431e-1,1.03479181849437274e0,1.21131652583432501e-9,1.05142212515648414e-8,1.77445660039242425e-17,2.43214491832696045e-8,9.65435119404859265e-1,6.10421012603445945e-6
733,4.87092060399415549e-5,1.99902581587920181e-2,5.24286544331397431e-1,5.24236157442223183e-1,1.03469236832490319e0,1.21120011125510388e-9,1.09433822494537889e-8,8.44893593492442193e-17,2.42705780553169761e-8,9.65388726414483034e-1,6.10438061277029931e-6
734,4.87092060399415549e-5,1.99902581587920181e-2,5.24236157442223183e-1,5.24185775182294700e-1,1.03459292856165219e0,1.21108370764573800e-9,1.07291125917217526e-8,-6.42584836386101381e-18,2.42069511495685325e-8,9.65342335457167633e-1,6.10302984949129268e-6
735,4.87092060399415549e-5,1.99902581587920181e-2,5.24185775182294700e-1,5.24135397849698870e-1,1.03449349793474532e0,1.21096731558198002e-9,1.08133747607105382e-8,-2.30314578018324167e-17,2.41953265277898895e-8,9.65295946807647298e-1,6.10015790969420379e-6
736,4.87092060399415549e-5,1.99902581587920181e-2,5.24135397849698870e-1,5.24085025915052127e-1,1.03439407703205233e0,1.21085093468704463e-9,1.13687269449509728e-8,2.73839448731047646e-17,2.42655675698942072e-8,9.65249560899672732e-1,6.09576486587659616e-6
737,4.87092060399415549e-5,1.99902581587920181e-2,5.24085025915052127e-1,5.24034657714419594e-1,1.03429466678213844e0,1.21073456585613336e-9,1.02606632158672054e-8,-1.12916886863674459e-17,2.44331701313919947e-8,9.65203176201292701e-1,6.09801956952260582e-6
738,4.87092060399415549e-5,1.99902581587920181e-2,5.24034657714419594e-1,5.23984294059349875e-1,1.03419526390158678e0,1.21061820551589049e-9,9.96450697025396337e-9,1.99441716016007515e-17,2.45702317512115528e-8,9.65156793460023477e-1,6.10396806688395799e-6
739,4.87092060399415549e-5,1.99902581587920181e-2,5.23984294059349875e-1,5.23933936136346867e-1,1.03409586999242875e0,1.21050185770997107e-9,1.08552916579846650e-8,-1.00962621543568363e-17,2.47022042356305012e-8,9.65110413769023290e-1,6.11282398077506173e-6
740,4.87092060399415549e-5,1.99902581587920181e-2,5.23933936136346867e-1,5.23883582689108285e-1,1.03399648739488370e0,1.21038552143077089e-9,1.04903250288111120e-8,-3.95050905730709841e-17,2.48130392059075100e-8,9.65064035971530898e-1,6.12623849982618651e-6
741,4.87092060399415549e-5,1.99902581587920181e-2,5.23883582689108285e-1,5.23833234313872964e-1,1.03389711363078751e0,1.21026919619730571e-9,1.07220274340874700e-8,-8.04072164088501273e-18,2.48702363771401752e-8,9.65017660617065287e-1,6.13828297002516621e-6
742,4.87092060399415549e-5,1.99902581587920181e-2,5.23833234313872964e-1,5.23782891405474293e-1,1.03379774987622253e0,1.21015288257848907e-9,1.13490507597419427e-8,3.59488459050809556e-17,2.49650142962142708e-8,9.64971288069648270e-1,6.14895745743027078e-6
743,4.87092060399415549e-5,1.99902581587920181e-2,5.23782891405474293e-1,5.23732553032343451e-1,1.03369839691033683e0,1.21003658058878525e-9,1.10450308496374928e-8,-1.00051548273290207e-17,2.50072023737767188e-8,9.64924917471546961e-1,6.15826202776670328e-6
744,4.87092060399415549e-5,1.99902581587920181e-2,5.23732553032343451e-1,5.23682218598535032e-1,1.03359905289490062e0,1.20992028917348811e-9,1.01455014873327317e-8,-4.91882736187698643e-17,2.50026734902319589e-8,9.64878548274029635e-1,6.16823247934217278e-6
745,4.87092060399415549e-5,1.99902581587920181e-2,5.23682218598535032e-1,5.23631889781290383e-1,1.03349971665407847e0,1.20980400736081013e-9,1.09235919970646368e-8,7.10840207113730996e-17,2.49331115770768547e-8,9.64832182022507201e-1,6.18058866119763906e-6
746,4.87092060399415549e-5,1.99902581587920181e-2,5.23631889781290383e-1,5.23581566043530899e-1,1.03340039149729290e0,1.20968773754601822e-9,1.11651440232332061e-8,-4.62714114401424994e-17,2.49398075883931491e-8,9.64785818222584246e-1,6.19148889935416946e-6
747,4.87092060399415549e-5,1.99902581587920181e-2,5.23581566043530899e-1,5.23531247901510177e-1,1.03330107636533297e0,1.20957148081392294e-9,1.19234377639216698e-8,5.49289120329715517e-18,2.48601726543284196e-8,9.64739457350273888e-1,6.20093326375581455e-6
748,4.87092060399415549e-5,1.99902581587920181e-2,5.23531247901510177e-1,5.23480933923514469e-1,1.03320177227619281e0,1.20945523524879344e-9,1.12505556379227254e-8,5.22093059606584822e-17,2.48089803219955656e-8,9.64693098086810252e-1,6.20892182445764718e-6
749,4.87092060399415549e-5,1.99902581587920181e-2,5.23480933923514469e-1,5.23430625426285712e-1,1.03310247640533848e0,1.20933900037282227e-9,1.18948159083322193e-8,-6.42932781638965687e-17,2.47701938530305144e-8,9.64646741645722838e-1,6.21545465129269559e-6
750,4.87092060399415549e-5,1.99902581587920181e-2,5.23430625426285712e-1,5.23380321361924028e-1,1.03300319135020668e0,1.20922277704184462e-9,1.14917028648754024e-8,6.88041388896095443e-17,2.47736599568765086e-8,9.64600387061794740e-1,6.22193005550553124e-6
751,4.87092060399415549e-5,1.99902581587920181e-2,5.23380321361924028e-1,5.23330022066585410e-1,1.03290391504385837e0,1.20910656518769935e-9,1.14251722491152369e-8,-9.90397988506582224e-17,2.48066177873646729e-8,9.64554034645040415e-1,6.22713609343961139e-6
752,4.87092060399415549e-5,1.99902581587920181e-2,5.23330022066585410e-1,5.23279727156812036e-1,1.03280464814955453e0,1.20899036444244599e-9,1.09756419668728229e-8,2.06462047505581814e-17,2.48820603169610788e-8,9.64507684042448021e-1,6.23079772044121682e-6
753,4.87092060399415549e-5,1.99902581587920181e-2,5.23279727156812036e-1,5.23229437641144712e-1,1.03270538991054917e0,1.20887417441818563e-9,1.15350741592449709e-8,5.41403640637472006e-17,2.48650834115056437e-8,9.64461336183714879e-1,6.23291501100631251e-6
754,4.87092060399415549e-5,1.99902581587920181e-2,5.23229437641144712e-1,5.23179153177882772e-1,1.03260614231679893e0,1.20875799666083488e-9,1.17533243465263388e-8,-6.53772933935636361e-17,2.48406601065311664e-8,9.64414990754395407e-1,6.23348803918677419e-6
755,4.87092060399415549e-5,1.99902581587920181e-2,5.23179153177882772e-1,5.23128872087639474e-1,1.03250690469350204e0,1.20864182896672461e-9,1.02926732321799099e-8,1.87527353888650977e-17,2.48039952066144704e-8,9.64368646206765323e-1,6.23497744312029312e-6
756,4.87092060399415549e-5,1.99902581587920181e-2,5.23128872087639474e-1,5.23078597920011323e-1,1.03240767372725184e0,1.20852566975226758e-9,1.23819429579067933e-8,1.94028629543848251e-17,2.47379074556957579e-8,9.64322305812955305e-1,6.24876559440767920e-6
757,4.87092060399415549e-5,1.99902581587920181e-2,5.23078597920011323e-1,5.23028328124956254e-1,1.03230845642291880e0,1.20840952696688952e-9,1.19218361089653638e-8,-2.69618858917169328e-17,2.47423385473087732e-8,9.64275967222911312e-1,6.26691403382562129e-6
758,4.87092060399415549e-5,1.99902581587920181e-2,5.23028328124956254e-1,5.22978063075185018e-1,1.03220924774802159e0,1.20829339416929384e-9,1.18348602733915038e-8,-1.25664534196504667e-17,2.47128257971645655e-8,9.64229630780455205e-1,6.28349738629463417e-6
759,4.87092060399415549e-5,1.99902581587920181e-2,5.22978063075185018e-1,5.22927803122376855e-1,1.03211004843815402e0,1.20817727245174358e-9,1.21000198397004397e-8,-6.69369440928935949e-18,2.45610116189742273e-8,9.64183296810086854e-1,6.29851572719886121e-6
760,4.87092060399415549e-5,1.99902581587920181e-2,5.22927803122376855e-1,5.22877547579902902e-1,1.03201085918691104e0,1.20806116186997336e-9,1.16790403964137100e-8,8.03834184226269766e-17,2.44394519677165335e-8,9.64136964679183861e-1,6.31196913136733428e-6
761,4.87092060399415549e-5,1.99902581587920181e-2,5.22877547579902902e-1,5.22827296560490318e-1,1.03191167863995381e0,1.20794506219052695e-9,1.13712122562526140e-8,-6.78310270733899115e-18,2.43822989571814346e-8,9.64090634491882592e-1,6.32625890883975472e-6
762,4.87092060399415549e-5,1.99902581587920181e-2,5.22827296560490318e-1,5.22777049239937730e-1,1.03181250701923233e0,1.20782897265827096e-9,1.02396175161743240e-8,-8.81377701354461312e-17,2.43548526688951797e-8,9.64044305488553133e-1,6.34194746718108604e-6
763,4.87092060399415549e-5,1.99902581587920181e-2,5.22777049239937730e-1,5.22726807774698821e-1,1.03171334269880810e0,1.20771289301180950e-9,1.12648318323884534e-8,3.82937705927707806e-17,2.41867956983981610e-8,9.63997979657773563e-1,6.35611689459025797e-6
764,4.87092060399415549e-5,1.99902581587920181e-2,5.22726807774698821e-1,5.22676571218179786e-1,1.03161418993359977e0,1.20759682621225952e-9,1.13440152923342232e-8,5.02094942594155812e-17,2.41671592876867119e-8,9.63951656127115863e-1,6.36876726411994554e-6
765,4.87092060399415549e-5,1.99902581587920181e-2,5.22676571218179786e-1,5.22626339672725981e-1,1.03151504685597062e0,1.20748077082595821e-9,1.15260160625264024e-8,-3.08383421009935890e-17,2.41598481619052066e-8,9.63905334991337681e-1,6.37989864893384606e-6
766,4.87092060399415549e-5,1.99902581587920181e-2,5.22626339672725981e-1,5.22576112893523792e-1,1.03141591366762686e0,1.20736472661086467e-9,1.14636847830424795e-8,1.20344737153829133e-17,2.42063638737416250e-8,9.63859016024975701e-1,6.38951112175156766e-6
767,4.87092060399415549e-5,1.99902581587920181e-2,5.22576112893523792e-1,5.22525890807070903e-1,1.03131678988564790e0,1.20724869341156199e-9,1.13283094337345198e-8,-2.50693876400629863e-17,2.42491928944507674e-8,9.63812699160585540e-1,6.39760475595885225e-6
768,4.87092060399415549e-5,1.99902581587920181e-2,5.22525890807070903e-1,5.22475672616552922e-1,1.03121767536496045e0,1.20713267110668892e-9,1.03965706844648326e-8,4.48061403943436160e-17,2.43086378736010286e-8,9.63766383663503645e-1,6.40417962416428566e-6
769,4.87092060399415549e-5,1.99902581587920181e-2,5.22475672616552922e-1,5.22425460146109022e-1,1.03111856853298001e0,1.20701665811029973e-9,1.12893457802644438e-8,-5.58372754595629837e-17,2.41822962523341155e-8,9.63720071216489282e-1,6.40923579964258749e-6
770,4.87092060399415549e-5,1.99902581587920181e-2,5.22425460146109022e-1,5.22375252326892303e-1,1.03101947298934982e0,1.20690065726725590e-9,1.11138236315331617e-8,2.25994660356490482e-17,2.41157620169749663e-8,9.63673760834061977e-1,6.41277335511336588e-6
771,4.87092060399415549e-5,1.99902581587920181e-2,5.22375252326892303e-1,5.22325048574456829e-1,1.03092038662536045e0,1.20678466776973554e-9,1.03543027360139567e-8,3.34064384635889957e-17,2.40860586289675708e-8,9.63627451977373428e-1,6.41479236385134044e-6
772,4.87092060399415549e-5,1.99902581587920181e-2,5.22325048574456829e-1,5.22274849016260756e-1,1.03082130828772955e0,1.20666868840488961e-9,9.72263101834254176e-9,-3.10821089187905160e-17,2.41390009792731457e-8,9.63581144764262487e-1,6.41529289879816389e-6
773,4.87092060399415549e-5,1.99902581587920181e-2,5.22274849016260756e-1,5.22224654980519842e-1,1.03072223822776365e0,1.20655271916804372e-9,1.04195782087675036e-8,-5.57044848471073960e-17,2.41845603324554024e-8,9.63534840420251615e-1,6.41427503289548895e-6
774,4.87092060399415549e-5,1.99902581587920181e-2,5.22224654980519842e-1,5.22174466576797336e-1,1.03062317906596990e0,1.20643676190309264e-9,1.12266193230657904e-8,7.24993399743411308e-17,2.42447604484714731e-8,9.63488539046851722e-1,6.41173883886292373e-6
775,4.87092060399415549e-5,1.99902581587920181e-2,5.22174466576797336e-1,5.22124282623655844e-1,1.03052413101891371e0,1.20632081710507089e-9,1.08527646606347550e-8,-3.73428520323859455e-17,2.41848854062719657e-8,9.63442239554482383e-1,6.40768439019723246e-6
776,4.87092060399415549e-5,1.99902581587920181e-2,5.22124282623655844e-1,5.22074103150978019e-1,1.03042509175487007e0,1.20620488169970257e-9,1.05092202385574235e-8,6.85369645148385917e-17,2.41578801219700959e-8,9.63395941970953240e-1,6.41102226628387228e-6
777,4.87092060399415549e-5,1.99902581587920181e-2,5.22074103150978019e-1,5.22023928190987974e-1,1.03032606133334026e0,1.20608895735872528e-9,1.01983308581834849e-8,-5.42547796860755354e-17,2.41406293657053948e-8,9.63349646326321141e-1,6.41497423792269927e-6
778,4.87092060399415549e-5,1.99902581587920181e-2,5.22023928190987974e-1,5.21973758258941323e-1,1.03022703981755037e0,1.20597304293339919e-9,1.04031307163418588e-8,-1.80175504953177676e-17,2.41632394791531308e-8,9.63303353096271353e-1,6.41954442837100459e-6
779,4.87092060399415549e-5,1.99902581587920181e-2,5.21973758258941323e-1,5.21923593237041517e-1,1.03012802822478267e0,1.20585714055310661e-9,1.04906173073423164e-8,6.55665787874953705e-17,2.42699112762611189e-8,9.63257062172484746e-1,6.42370842507400397e-6
780,4.87092060399415549e-5,1.99902581587920181e-2,5.21923593237041517e-1,5.21873433017414068e-1,1.03002902632251514e0,1.20574125035431496e-9,1.04707016615617251e-8,-9.68000154362687876e-17,2.43562616384265899e-8,9.63210773455718150e-1,6.42632519609609432e-6
781,4.87092060399415549e-5,1.99902581587920181e-2,5.21873433017414068e-1,5.21823276358120536e-1,1.02993003389767535e0,1.20562537139308481e-9,9.20930884041493377e-9,1.01969517070365886e-16,2.44609146817968061e-8,9.63164485800157233e-1,6.44036015029492148e-6
782,4.87092060399415549e-5,1.99902581587920181e-2,5.21823276358120536e-1,5.21773125258959025e-1,1.02983104849956697e0,1.20550950131920744e-9,9.94805677250848927e-9,-8.99932685983005808e-17,2.45111886693828551e-8,9.63118201051605505e-1,6.45732859971825945e-6
783,4.87092060399415549e-5,1.99902581587920181e-2,5.21773125258959025e-1,5.21722980647294943e-1,1.02973207407455369e0,1.20539364406761578e-9,1.16147042589539283e-8,4.83112934246186942e-17,2.45182737494247111e-8,9.63071920066402631e-1,6.47275493803611823e-6
784,4.87092060399415549e-5,1.99902581587920181e-2,5.21722980647294943e-1,5.21672841177485025e-1,1.02963311245196820e0,1.20527779996192831e-9,1.19363322684540117e-8,-1.69774420125650148e-17,2.44834352720483823e-8,9.63025641603053040e-1,6.48663923907832896e-6
785,4.87092060399415549e-5,1.99902581587920181e-2,5.21672841177485025e-1,5.21622705504367734e-1,1.02953416097671147e0,1.20516196753194109e-9,1.09132928952605485e-8,1.93674248825818283e-17,2.44313248033472689e-8,9.62979364420262218e-1,6.49898157711881197e-6
786,4.87092060399415549e-5,1.99902581587920181e-2,5.21622705504367734e-1,5.21572575367517555e-1,1.02943521699482177e0,1.20504614480032975e-9,1.16301930620411607e-8,-1.35429186260733895e-17,2.43406783996934099e-8,9.62933090124006075e-1,6.50978202620944302e-6
787,4.87092060399415549e-5,1.99902581587920181e-2,5.21572575367517555e-1,5.21522449741753880e-1,1.02933628393854915e0,1.20493033416590730e-9,1.13224446966743318e-8,4.46602290430117121e-17,2.43507256697404538e-8,9.62886817768298431e-1,6.51904066051312014e-6
788,4.87092060399415549e-5,1.99902581587920181e-2,5.21522449741753880e-1,5.21472329042685034e-1,1.02923735978500752e0,1.20481453353520493e-9,1.14307383956323003e-8,-9.77897883243864635e-19,2.43316748193723628e-8,9.62840547737128238e-1,6.52760094610460584e-6
789,4.87092060399415549e-5,1.99902581587920181e-2,5.21472329042685034e-1,5.21422211289405246e-1,1.02913844535446231e0,1.20469874464201803e-9,9.55859995712458317e-9,-9.41970434846869202e-17,2.44074050208103007e-8,9.62794278201986042e-1,6.53556640384245213e-6
790,4.87092060399415549e-5,1.99902581587920181e-2,5.21422211289405246e-1,5.21372099171320658e-1,1.02903953673847481e0,1.20458296450282771e-9,1.03761506644321119e-8,2.27335784827234957e-17,2.44480446827514224e-8,9.62748011646016200e-1,6.54207899364322998e-6
791,4.87092060399415549e-5,1.99902581587920181e-2,5.21372099171320658e-1,5.21321991857413458e-1,1.02894063924354962e0,1.20446719747743850e-9,1.03632253066012410e-8,7.96830164738375013e-17,2.45453600791040443e-8,9.62701747302349253e-1,6.54713878556201223e-6
792,4.87092060399415549e-5,1.99902581587920181e-2,5.21321991857413458e-1,5.21271889024055746e-1,1.02884175122950450e0,1.20435144067574875e-9,1.00271339822233319e-8,-3.15469314834861142e-18,2.46887893283877212e-8,9.62655484872458334e-1,6.55074584920978253e-6
793,4.87092060399415549e-5,1.99902581587920181e-2,5.21271889024055746e-1,5.21221791746150021e-1,1.02874287205778692e0,1.20423569371859499e-9,1.07663757911542357e-8,-2.60551338129587541e-17,2.47628303503573415e-8,9.62609225349241537e-1,6.55290025453059144e-6
794,4.87092060399415549e-5,1.99902581587920181e-2,5.21221791746150021e-1,5.21171699239853181e-1,1.02864400385008326e0,1.20411995999659016e-9,1.07223085134558288e-8,-2.86800889164998308e-17,2.48536524958196431e-8,9.62562968009238240e-1,6.56086221417773174e-6
795,4.87092060399415549e-5,1.99902581587920181e-2,5.21171699239853181e-1,5.21121612517778221e-1,1.02854514505904282e0,1.20400423694066924e-9,1.16913129042939052e-8,-3.88645318328772701e-17,2.48061270424666798e-8,9.62516713787888945e-1,6.57237290579981703e-6
796,4.87092060399415549e-5,1.99902581587920181e-2,5.21121612517778221e-1,5.21071529805684386e-1,1.02844629768314233e0,1.20388852723378099e-9,1.08866324375689490e-8,6.32544766265116497e-17,2.48569953594367674e-8,9.62470461047090331e-1,6.58914330964321948e-6
797,4.87092060399415549e-5,1.99902581587920181e-2,5.21071529805684386e-1,5.21021452078720637e-1,1.02834745822121953e0,1.20377282703270820e-9,1.10574865624385711e-8,9.42199249547913620e-18,2.49075862601086947e-8,9.62424210687697568e-1,6.60435155763750004e-6
798,4.87092060399415549e-5,1.99902581587920181e-2,5.21021452078720637e-1,5.20971379621553821e-1,1.02824862859741462e0,1.20365713780464470e-9,1.15134866567367449e-8,2.77505033441127383e-17,2.47685523153784022e-8,9.62377962972985390e-1,6.61799772505577977e-6
799,4.87092060399415549e-5,1.99902581587920181e-2,5.20971379621553821e-1,5.20921312486120280e-1,1.02814980937375577e0,1.20354146084923372e-9,1.20219297677774878e-8,-5.59684762308812445e-17,2.46401429181180233e-8,9.62331717951263710e-1,6.63008188683811284e-6
800,4.87092060399415549e-5,1.99902581587920181e-2,5.20921312486120280e-1,5.20871249688466320e-1,1.02805100065226807e0,1.20342579562449451e-9,1.15469305484035755e-8,3.51208430749990502e-17,2.45609343773353501e-8,9.62285474714066669e-1,6.64060411792455341e-6
801,4.87092060399415549e-5,1.99902581587920181e-2,5.20871249688466320e-1,5.20821192364041785e-1,1.02795220049178915e0,1.20331014101051554e-9,1.22077983456251661e-8,-5.58010466030943862e-17,2.45750776313611417e-8,9.62239234310515168e-1,6.64956449358822255e-6
802,4.87092060399415549e-5,1.99902581587920181e-2,5.20821192364041785e-1,5.20771139571327035e-1,1.02785341113270889e0,1.20319449838594258e-9,1.19276724128257704e-8,5.88348539223632731e-17,2.45388349993250430e-8,9.62192995871254175e-1,6.65696308888019672e-6
803,4.87092060399415549e-5,1.99902581587920181e-2,5.20771139571327035e-1,5.20721090808949572e-1,1.02775463071686946e0,1.20307886526466301e-9,1.11466097772366846e-8,-1.41539817599846876e-17,2.43834149697212859e-8,9.62146758933337565e-1,6.66279997874053009e-6
804,4.87092060399415549e-5,1.99902581587920181e-2,5.20721090808949572e-1,5.20671047399477116e-1,1.02765585825594497e0,1.20296324424901909e-9,1.16885022694108227e-8,-2.74186996937217926e-17,2.43369562257605458e-8,9.62100524718938921e-1,6.66707523844234373e-6
805,4.87092060399415549e-5,1.99902581587920181e-2,5.20671047399477116e-1,5.20621007855362805e-1,1.02755709635851278e0,1.20284763461349629e-9,1.07433623289646923e-8,5.64164077674685099e-17,2.43697430894855468e-8,9.62054291854017696e-1,6.66978894292569180e-6
806,4.87092060399415549e-5,1.99902581587920181e-2,5.20621007855362805e-1,5.20570974446401102e-1,1.02745834208967257e0,1.20273203399673508e-9,1.20683885752600014e-8,-9.36026331508675396e-18,2.43422586037621070e-8,9.62008062436027322e-1,6.67094116690858385e-6
807,4.87092060399415549e-5,1.99902581587920181e-2,5.20570974446401102e-1,5.20520945710919891e-1,1.02735959992862869e0,1.20261644767952019e-9,1.19323324368724682e-8,-6.02795959997198154e-17,2.43220318525851036e-8,9.61961835114845676e-1,6.67053198621925247e-6
808,4.87092060399415549e-5,1.99902581587920181e-2,5.20520945710919891e-1,5.20470922414459580e-1,1.02726086699083274e0,1.20250087221421866e-9,1.25622658755151385e-8,-3.31587408835212167e-17,2.41444939520721326e-8,9.61915610598208626e-1,6.67432154688452073e-6
809,4.87092060399415549e-5,1.99902581587920181e-2,5.20470922414459580e-1,5.20420903288407399e-1,1.02716214478633394e0,1.20238530743352058e-9,1.19241092377470801e-8,9.96847466111821427e-17,2.39660589835216589e-8,9.61869387714111568e-1,6.67833293332975586e-6
810,4.87092060399415549e-5,1.99902581587920181e-2,5.20420903288407399e-1,5.20370888515651719e-1,1.02706343081256013e0,1.20226975332698282e-9,1.14692421536590453e-8,-4.86269835966771070e-17,2.38067303905149708e-8,9.61823166631882609e-1,6.68940455972322212e-6
811,4.87092060399415549e-5,1.99902581587920181e-2,5.20370888515651719e-1,5.20320877867855525e-1,1.02696472543034800e0,1.20215420963549146e-9,1.07864562892662145e-8,4.51297979700621395e-17,2.36740763914328923e-8,9.61776947140671967e-1,6.69894581784014065e-6
812,4.87092060399415549e-5,1.99902581587920181e-2,5.20320877867855525e-1,5.20270872203015378e-1,1.02686602818904671e0,1.20203867587994017e-9,1.09620636871262172e-8,-3.33069716492907192e-17,2.35903749300393090e-8,9.61730730033790948e-1,6.70695678106625337e-6
813,4.87092060399415549e-5,1.99902581587920181e-2,5.20270872203015378e-1,5.20220870405753710e-1,1.02676734078150855e0,1.20192315271272465e-9,1.00227724256427132e-8,-3.62853727567695792e-17,2.35682605464254705e-8,9.61684514280610969e-1,6.71805524310453706e-6
814,4.87092060399415549e-5,1.99902581587920181e-2,5.20220870405753710e-1,5.20170873006902457e-1,1.02666866100731369e0,1.20180764000028604e-9,9.61468487829861145e-9,-1.57956805042737812e-17,2.35850193472521832e-8,9.61638300371988164e-1,6.72771521414983198e-6
815,4.87092060399415549e-5,1.99902581587920181e-2,5.20170873006902457e-1,5.20120881375554012e-1,1.02656998991354986e0,1.20169213742099399e-9,1.05761125335799009e-8,3.85057538227109701e-18,2.35972918163681505e-8,9.61592089573763853e-1,6.73583056043369766e-6
816,4.87092060399415549e-5,1.99902581587920181e-2,5.20120881375554012e-1,5.20070893962223169e-1,1.02647133020140946e0,1.20157664711282416e-9,9.98860930423385830e-9,7.88777528387946787e-17,2.36155944126492038e-8,9.61545880453976043e-1,6.74240135600800983e-6
817,4.87092060399415549e-5,1.99902581587920181e-2,5.20070893962223169e-1,5.20020911392835905e-1,1.02637267881406324e0,1.20146116755974310e-9,1.00274376821995099e-8,7.67314242900114850e-18,2.36187791110044423e-8,9.61499673591574844e-1,6.74742767525771114e-6
818,4.87092060399415549e-5,1.99902581587920181e-2,5.20020911392835905e-1,5.19970934084233893e-1,1.02627403698623465e0,1.20134569902879160e-9,1.04835733495458897e-8,-5.51287456340745623e-17,2.36841027192041925e-8,9.61453469372235858e-1,6.75090959223467735e-6
819,4.87092060399415549e-5,1.99902581587920181e-2,5.19970934084233893e-1,5.19920960581792713e-1,1.02617540554072062e0,1.20123024259662110e-9,9.48559014717124637e-9,3.30682307808956644e-17,2.38059268032439523e-8,9.61407266451417386e-1,6.75284718143487339e-6
820,4.87092060399415549e-5,1.99902581587920181e-2,5.19920960581792713e-1,5.19870992652217812e-1,1.02607678160721760e0,1.20111479613985546e-9,1.02546784657920168e-8,-5.70051039376163741e-17,2.39424007337390037e-8,9.61361066462838365e-1,6.75324051691017502e-6
821,4.87092060399415549e-5,1.99902581587920181e-2,5.19870992652217812e-1,5.19821028240070482e-1,1.02597816867136493e0,1.20099936089767598e-9,8.96886356965196786e-9,3.51590455844091992e-17,2.40130562864268705e-8,9.61314867506360859e-1,6.75208967282348027e-6
822,4.87092060399415549e-5,1.99902581587920181e-2,5.19821028240070482e-1,5.19771068588075980e-1,1.02587956267708758e0,1.20088393327037418e-9,8.92611221136810961e-9,-4.34949069222143574e-17,2.40358609780342317e-8,9.61268670731277308e-1,6.75864574573026289e-6
823,4.87092060399415549e-5,1.99902581587920181e-2,5.19771068588075980e-1,5.19721114883244240e-1,1.02578096607769154e0,1.20076851842424782e-9,1.00708282576256080e-8,1.25311344618556775e-17,2.42278835816829286e-8,9.61222477235592065e-1,6.77685749683742955e-6
824,4.87092060399415549e-5,1.99902581587920181e-2,5.19721114883244240e-1,5.19671165557061832e-1,1.02568238121471178e0,1.20065311563098692e-9,9.64760254238263565e-9,5.92693272303843006e-17,2.44103601905301027e-8,9.61176285569189437e-1,6.79361875244310909e-6
825,4.87092060399415549e-5,1.99902581587920181e-2,5.19671165557061832e-1,5.19621221072173123e-1,1.02558380499370183e0,1.20053772416026627e-9,9.68744222398988683e-9,8.58106579550670231e-18,2.44991995197721236e-8,9.61130096160259906e-1,6.80892958238032975e-6
826,4.87092060399415549e-5,1.99902581587920181e-2,5.19621221072173123e-1,5.19571282433689330e-1,1.02548523832650629e0,1.20042234304749133e-9,1.07328584907693398e-8,-6.24363519873048526e-17,2.44930728057231036e-8,9.61083909938719172e-1,6.82279005626007518e-6
827,4.87092060399415549e-5,1.99902581587920181e-2,5.19571282433689330e-1,5.19521348785634829e-1,1.02538668319687942e0,1.20030697397931520e-9,1.09228609563270159e-8,1.78167474385368448e-17,2.45469983478687956e-8,9.61037726113295077e-1,6.83520024380435132e-6
828,4.87092060399415549e-5,1.99902581587920181e-2,5.19521348785634829e-1,5.19471419297921511e-1,1.02528813791621176e0,1.20019161700436887e-9,1.02832551399967853e-8,-6.51715090551339190e-18,2.46982391753873210e-8,9.60991543916529078e-1,6.84616021462414182e-6
829,4.87092060399415549e-5,1.99902581587920181e-2,5.19471419297921511e-1,5.19421494824000907e-1,1.02518960084649757e0,1.20007627042783765e-9,1.04975007122916115e-8,5.08224516369296258e-17,2.48243859050921537e-8,9.60945364138146241e-1,6.85567003855247492e-6
830,4.87092060399415549e-5,1.99902581587920181e-2,5.19421494824000907e-1,5.19371575486033743e-1,1.02509107367133123e0,1.19996093467674091e-9,1.08343890934811827e-8,-3.00117223168958722e-17,2.49495288681617773e-8,9.60899186891452595e-1,6.86372978542237888e-6
831,4.87092060399415549e-5,1.99902581587920181e-2,5.19371575486033743e-1,5.19321660545825847e-1,1.02499255663222621e0,1.19984561167533070e-9,1.04335768791160322e-8,1.90025406251336619e-17,2.50880258054945317e-8,9.60853011493934650e-1,6.87033952484483734e-6
832,4.87092060399415549e-5,1.99902581587920181e-2,5.19321660545825847e-1,5.19271750192674131e-1,1.02489404827209740e0,1.19973029888542732e-9,1.02224843555268472e-8,2.45480702938912415e-17,2.51424556912994421e-8,9.60806838120993323e-1,6.87549932620878934e-6
833,4.87092060399415549e-5,1.99902581587920181e-2,5.19271750192674131e-1,5.19221844955971790e-1,1.02479554896470670e0,1.19961499645190730e-9,1.05412261030888239e-8,-1.03775414474969206e-16,2.50805176451484838e-8,9.60760667262683943e-1,6.87968473456201934e-6
834,4.87092060399415549e-5,1.99902581587920181e-2,5.19221844955971790e-1,5.19171945590835460e-1,1.02469705975466496e0,1.19949970572560208e-9,1.16155760059585841e-8,7.06208922125720100e-17,2.51195962633115567e-8,9.60714499618069429e-1,6.88716625085739054e-6
835,4.87092060399415549e-5,1.99902581587920181e-2,5.19171945590835460e-1,5.19122051113236171e-1,1.02459858213238952e0,1.19938442909818736e-9,1.17064615886554601e-8,1.25656262390379136e-17,2.51816702173715911e-8,9.60668334277059777e-1,6.89835389378057329e-6
836,4.87092060399415549e-5,1.99902581587920181e-2,5.19122051113236171e-1,5.19072161400207177e-1,1.02450011415548703e0,1.19926916321248672e-9,1.16748501892833744e-8,-3.59860127843641882e-18,2.51276738975856934e-8,9.60622171126252811e-1,6.90801116276507088e-6
837,4.87092060399415549e-5,1.99902581587920181e-2,5.19072161400207177e-1,5.19022277161474088e-1,1.02440165558190710e0,1.19915390899625002e-9,1.23534224476396563e-8,-4.91696306221241442e-17,2.51023726672757160e-8,9.60576010822700610e-1,6.91613813141866984e-6
838,4.87092060399415549e-5,1.99902581587920181e-2,5.19022277161474088e-1,5.18972397722869960e-1,1.02430320781185835e0,1.19903866701989790e-9,1.23583538363904553e-8,4.95553995356780495e-17,2.49707363903816376e-8,9.60529852742920465e-1,6.92273487312711211e-6
839,4.87092060399415549e-5,1.99902581587920181e-2,5.18972397722869960e-1,5.18922523552908577e-1,1.02420476951498363e0,1.19892343592309772e-9,1.28322606336711469e-8,-5.70109008193491458e-17,2.47115392778706127e-8,9.60483697320815399e-1,6.92780146149818421e-6
840,4.87092060399415549e-5,1.99902581587920181e-2,5.18922523552908577e-1,5.18872654302437564e-1,1.02410634161552516e0,1.19880821683532449e-9,1.29575212538982654e-8,7.76703619664041020e-17,2.45517933586753775e-8,9.60437544233634699e-1,6.93133797002865037e-6
841,4.87092060399415549e-5,1.99902581587920181e-2,5.18872654302437564e-1,5.18822790267055245e-1,1.02400792342482161e0,1.19869300918329200e-9,1.33788533707680971e-8,-6.63853966040554871e-17,2.43791214309156224e-8,9.60391393755367528e-1,6.93334447243731944e-6
842,4.87092060399415549e-5,1.99902581587920181e-2,5.18822790267055245e-1,5.18772929643463443e-1,1.02390951552635623e0,1.19857781347991531e-9,1.19973883643928322e-8,5.01621977263510242e-17,2.41691985603390620e-8,9.60345244217184257e-1,6.93382104199891103e-6
843,4.87092060399415549e-5,1.99902581587920181e-2,5.18772929643463443e-1,5.18723073466810569e-1,1.02381111436153915e0,1.19846262657529064e-9,1.16513999122675282e-8,5.74593898756692718e-18,2.40103518982745071e-8,9.60299096577420741e-1,6.93276775254325628e-6
844,4.87092060399415549e-5,1.99902581587920181e-2,5.18723073466810569e-1,5.18673221265563589e-1,1.02371272197304997e0,1.19834745060172935e-9,1.08343058480681365e-8,1.56062759963338391e-17,2.38831304246457948e-8,9.60252950399885674e-1,6.93585759714565597e-6
845,4.87092060399415549e-5,1.99902581587920181e-2,5.18673221265563589e-1,5.18623374588308206e-1,1.02361433743015584e0,1.19823228341491975e-9,1.15661797510780357e-8,-9.37181538864942452e-17,2.37461118114245212e-8,9.60206807118310079e-1,6.94776939924590664e-6
846,4.87092060399415549e-5,1.99902581587920181e-2,5.18623374588308206e-1,5.18573532315566132e-1,1.02351596378869258e0,1.19811712864215576e-9,1.11791060764087191e-8,7.44235639112089361e-17,2.36578634971886715e-8,9.60160665696786486e-1,6.96339872285900441e-6
847,4.87092060399415549e-5,1.99902581587920181e-2,5.18573532315566132e-1,5.18523694327640894e-1,1.02341759883965944e0,1.19800198367587063e-9,1.06727595518115629e-8,9.09796765156863909e-18,2.35203950635188436e-8,9.60114526024705373e-1,6.97750032407906673e-6
848,4.87092060399415549e-5,1.99902581587920181e-2,5.18523694327640894e-1,5.18473861982058137e-1,1.02331924234689464e0,1.19788684866254606e-9,1.15243505038695893e-8,2.73633828174379214e-18,2.33159687346012331e-8,9.60068389359235663e-1,6.99007427595876862e-6
849,4.87092060399415549e-5,1.99902581587920181e-2,5.18473861982058137e-1,5.18424033252908090e-1,1.02322089698906749e0,1.19777172637498989e-9,1.03505741026870725e-8,-6.24174657995590419e-17,2.32466851782478285e-8,9.60022253825018601e-1,7.00112065199487432e-6
850,4.87092060399415549e-5,1.99902581587920181e-2,5.18424033252908090e-1,5.18374209879111203e-1,1.02312255876882863e0,1.19765661354756669e-9,1.09160656742939920e-8,8.51480366535752948e-18,2.32888296855235862e-8,9.59976121032371399e-1,7.01063952590619266e-6
851,4.87092060399415549e-5,1.99902581587920181e-2,5.18374209879111203e-1,5.18324390020353021e-1,1.02302423111711360e0,1.19754151168340838e-9,9.64175759460098228e-9,4.78124042535757121e-17,2.33796865894716693e-8,9.59929989277517826e-1,7.01863097096744326e-6
852,4.87092060399415549e-5,1.99902581587920181e-2,5.18324390020353021e-1,5.18274574936984478e-1,1.02292591040268244e0,1.19742641815261457e-9,9.62813841909631449e-9,1.89014277214164049e-17,2.33237389978019698e-8,9.59883859727780120e-1,7.02509506034232345e-6
853,4.87092060399415549e-5,1.99902581587920181e-2,5.18274574936984478e-1,5.18224765152132782e-1,1.02282759911263033e0,1.19731133594272567e-9,1.01381055080623161e-8,-2.35571343898323160e-17,2.32712509318200658e-8,9.59837732867936388e-1,7.03286811931658207e-6
854,4.87092060399415549e-5,1.99902581587920181e-2,5.18224765152132782e-1,5.18174959377802447e-1,1.02272929827899661e0,1.19719626498507701e-9,9.36058642392953351e-9,-6.83724382910017944e-17,2.33596829810526409e-8,9.59791607505543598e-1,7.04040561350094407e-6
855,4.87092060399415549e-5,1.99902581587920181e-2,5.18174959377802447e-1,5.18125157159123551e-1,1.02263100536032381e0,1.19708120327402112e-9,8.12858278331942208e-9,4.59919004937159309e-17,2.34547992041798622e-8,9.59745483219496820e-1,7.04640144977286553e-6
856,4.87092060399415549e-5,1.99902581587920181e-2,5.18125157159123551e-1,5.18075359891543297e-1,1.02253271945894175e0,1.19696615052154613e-9,8.29236825368740391e-9,4.93154989600641953e-17,2.35848218429878967e-8,9.59699361302451370e-1,7.05085570196217759e-6
857,4.87092060399415549e-5,1.99902581587920181e-2,5.18075359891543297e-1,5.18025566520968872e-1,1.02243444332911126e0,1.19685110971179419e-9,7.40253695425168004e-9,-3.80119584298800896e-17,2.37411827302985978e-8,9.59653240778374217e-1,7.05376844456484520e-6
858,4.87092060399415549e-5,1.99902581587920181e-2,5.18025566520968872e-1,5.17975779909869982e-1,1.02233617489029771e0,1.19673607859016728e-9,9.37554987224812966e-9,-2.34222427386208436e-17,2.38848041462900070e-8,9.59607124298998637e-1,7.05513975141069949e-6
859,4.87092060399415549e-5,1.99902581587920181e-2,5.17975779909869982e-1,5.17925998030273949e-1,1.02223791979089174e0,1.19662106181459802e-9,9.32123979826146974e-9,4.20759976953878460e-17,2.40863565733663155e-8,9.59561009986294011e-1,7.05496969666263851e-6
860,4.87092060399415549e-5,1.99902581587920181e-2,5.17925998030273949e-1,5.17876220649759800e-1,1.02213967402956807e0,1.19650605672271999e-9,9.03496375033422931e-9,-5.09461713867879570e-17,2.43819982168021449e-8,9.59514897625262986e-1,7.05325835415049340e-6
861,4.87092060399415549e-5,1.99902581587920181e-2,5.17876220649759800e-1,5.17826447976236226e-1,1.02204143714735873e0,1.19639106251101781e-9,8.95702866664102644e-9,6.57909531830116044e-17,2.46909627273856527e-8,9.59468787408782164e-1,7.06307443298914706e-6
862,4.87092060399415549e-5,1.99902581587920181e-2,5.17826447976236226e-1,5.17776680523631794e-1,1.02194320955408924e0,1.19627607840582344e-9,9.39347486092777070e-9,-8.23024443565254987e-17,2.48603297276534616e-8,9.59422679813330626e-1,7.07165165714229715e-6
863,4.87092060399415549e-5,1.99902581587920181e-2,5.17776680523631794e-1,5.17726918967482908e-1,1.02184499226469838e0,1.19616110730684584e-9,1.05059590628231351e-8,4.73290975109120040e-17,2.50370245262376833e-8,9.59376575465175740e-1,7.07855252513045485e-6
864,4.87092060399415549e-5,1.99902581587920181e-2,5.17726918967482908e-1,5.17677162761796761e-1,1.02174678661203000e0,1.19604614935029247e-9,1.10730174958351952e-8,-5.83119550068603268e-17,2.52239626636866696e-8,9.59330473858888810e-1,7.08377711700070023e-6
865,4.87092060399415549e-5,1.99902581587920181e-2,5.17677162761796761e-1,5.17627411740907095e-1,1.02164859151832399e0,1.19593120325956724e-9,1.14749238223205282e-8,-9.10472406281197222e-18,2.52553674988917466e-8,9.59284374841328558e-1,7.08732551368829178e-6
866,4.87092060399415549e-5,1.99902581587920181e-2,5.17627411740907095e-1,5.17577665876107207e-1,1.02155040665701335e0,1.19581626908236847e-9,1.18486218040274772e-8,8.11384225636510773e-17,2.52230375434331436e-8,9.59238278386330467e-1,7.08919779546235418e-6
867,4.87092060399415549e-5,1.99902581587920181e-2,5.17577665876107207e-1,5.17527926100355251e-1,1.02145223197118984e0,1.19570134643825885e-9,1.31557737552037555e-8,-1.45394231100160219e-17,2.51208649423460543e-8,9.59192185358772154e-1,7.10437327644530825e-6
868,4.87092060399415549e-5,1.99902581587920181e-2,5.17527926100355251e-1,5.17478190476720057e-1,1.02135406930208861e0,1.19558643774169898e-9,1.25265797704699569e-8,-3.42695071341982490e-17,2.50204244063577446e-8,9.59146093964157176e-1,7.12470204122794826e-6
869,4.87092060399415549e-5,1.99902581587920181e-2,5.17478190476720057e-1,5.17428459534585161e-1,1.02125591482720557e0,1.19547153802246721e-9,1.24271684031484993e-8,-9.51791566803323550e-18,2.48878236309412708e-8,9.59100004693319019e-1,7.14350285746512270e-6
870,4.87092060399415549e-5,1.99902581587920181e-2,5.17428459534585161e-1,5.17378733058089457e-1,1.02115776959171556e0,1.19535664969494247e-9,1.21123459447242650e-8,3.16767690611548876e-17,2.47327618670672588e-8,9.59053917346488705e-1,7.16077579876461812e-6
871,4.87092060399415549e-5,1.99902581587920181e-2,5.17378733058089457e-1,5.17329012139672861e-1,1.02105963316944526e0,1.19524177206139088e-9,1.28903927099619274e-8,3.97589109440328806e-17,2.45698665260003974e-8,9.59007832936511817e-1,7.17652093840115413e-6
872,4.87092060399415549e-5,1.99902581587920181e-2,5.17329012139672861e-1,5.17279294896367148e-1,1.02096150771560867e0,1.19512690568696249e-9,1.17860055382280765e-8,1.14611813026020115e-17,2.44421754086011078e-8,9.58961749718435286e-1,7.19073834976047266e-6
873,4.87092060399415549e-5,1.99902581587920181e-2,5.17279294896367148e-1,5.17229581180221221e-1,1.02086338951542999e0,1.19501204925853414e-9,1.05340206427020462e-8,-7.88903144035769089e-17,2.43917617477800461e-8,9.58915667555312434e-1,7.20342810645036025e-6
874,4.87092060399415549e-5,1.99902581587920181e-2,5.17229581180221221e-1,5.17179873045328309e-1,1.02076527827642449e0,1.19489720235693537e-9,1.13364678083211623e-8,6.21468784775806954e-17,2.42200235900838006e-8,9.58869588351443314e-1,7.21459028185655882e-6
875,4.87092060399415549e-5,1.99902581587920181e-2,5.17179873045328309e-1,5.17130170191464011e-1,1.02066717805146667e0,1.19478236658377477e-9,1.18392272420328675e-8,8.58295673038699853e-18,2.40854919220415144e-8,9.58823511828917119e-1,7.22422494925378800e-6
876,4.87092060399415549e-5,1.99902581587920181e-2,5.17130170191464011e-1,5.17080471635632311e-1,1.02056908824891823e0,1.19466754364442375e-9,1.13594982838890506e-8,-1.65907367305576995e-17,2.39833479674868708e-8,9.58777437076823280e-1,7.23233218236085662e-6
877,4.87092060399415549e-5,1.99902581587920181e-2,5.17080471635632311e-1,5.17030778462349239e-1,1.02047100692875015e0,1.19455273036613055e-9,1.19646985273661950e-8,-5.04914983282083845e-17,2.38219812238067283e-8,9.58731365100887967e-1,7.23891205411941741e-6
878,4.87092060399415549e-5,1.99902581587920181e-2,5.17030778462349239e-1,5.16981088765445351e-1,1.02037293623093661e0,1.19443792912972880e-9,1.06642466494735298e-8,-1.31237531224682682e-17,2.37715988517289313e-8,9.58685294134144383e-1,7.24396463835930149e-6
879,4.87092060399415549e-5,1.99902581587920181e-2,5.16981088765445351e-1,5.16931402797712325e-1,1.02027487239435555e0,1.19432313736875149e-9,9.61692067303185125e-9,-5.01776362253037139e-18,2.38590717614282688e-8,9.58639224411127477e-1,7.24749000846625080e-6
880,4.87092060399415549e-5,1.99902581587920181e-2,5.16931402797712325e-1,5.16881722026377943e-1,1.02017681591814768e0,1.19420835552126623e-9,1.00371809391480337e-8,5.22671738619514669e-17,2.38647032193991360e-8,9.58593157292566445e-1,7.24948823760396266e-6
881,4.87092060399415549e-5,1.99902581587920181e-2,5.16881722026377943e-1,5.16832046564936420e-1,1.02007876969644196e0,1.19409358465145081e-9,1.05714350251256067e-8,-1.85989525868241392e-17,2.38579950875373307e-8,9.58547092884040164e-1,7.24995939938022360e-6
882,4.87092060399415549e-5,1.99902581587920181e-2,5.16832046564936420e-1,5.16782375616598011e-1,1.01998073395412270e0,1.19397882649323046e-9,1.03094096806347223e-8,2.55835862698830998e-17,2.38681709561554014e-8,9.58501030447096114e-1,7.24890356695873095e-6
883,4.87092060399415549e-5,1.99902581587920181e-2,5.16782375616598011e-1,5.16732710327990730e-1,1.01988270711840001e0,1.19386407818507023e-9,1.11944463078682504e-8,-6.37960053037705152e-17,2.39509056568562034e-8,9.58454971045313076e-1,7.24632081405829354e-6
884,4.87092060399415549e-5,1.99902581587920181e-2,5.16732710327990730e-1,5.16683049205572620e-1,1.01978469145212292e0,1.19374934277958628e-9,1.05864848295958195e-8,3.74767080534705015e-17,2.40810048362915540e-8,9.58408913294018339e-1,7.26040637399893996e-6
885,4.87092060399415549e-5,1.99902581587920181e-2,5.16683049205572620e-1,5.16633392810825542e-1,1.01968668400785512e0,1.19363461669475899e-9,1.05404058341188998e-8,-4.81602750601848879e-18,2.40648846050848351e-8,9.58362857714190497e-1,7.27611353934509708e-6
886,4.87092060399415549e-5,1.99902581587920181e-2,5.16633392810825542e-1,5.16583741133533780e-1,1.01958868589361917e0,1.19351990141920825e-9,1.04845654974793951e-8,2.45283469993655271e-17,2.40029185345250716e-8,9.58316804296672542e-1,7.29029584323193092e-6
887,4.87092060399415549e-5,1.99902581587920181e-2,5.16583741133533780e-1,5.16534094613741890e-1,1.01949069708920859e0,1.19340519667451519e-9,1.08692232762670348e-8,-4.15368496439319081e-17,2.39780442519696524e-8,9.58270753449969592e-1,7.30295335882313879e-6
888,4.87092060399415549e-5,1.99902581587920181e-2,5.16534094613741890e-1,5.16484452298115904e-1,1.01939271846339086e0,1.19329050383164440e-9,1.03010426969906651e-8,6.24155202707583171e-17,2.40336145070662631e-8,9.58224704290078111e-1,7.31408615961548492e-6
889,4.87092060399415549e-5,1.99902581587920181e-2,5.16484452298115904e-1,5.16434814610667758e-1,1.01929474813462884e0,1.19317582069145744e-9,1.01572784144689397e-8,-6.04229414367915798e-17,2.41292260500569007e-8,9.58178657210612794e-1,7.32369431888368894e-6
890,4.87092060399415549e-5,1.99902581587920181e-2,5.16434814610667758e-1,5.16385182327706582e-1,1.01919678693927906e0,1.19306114718291997e-9,1.07902678797047832e-8,6.87016958794673020e-17,2.40281321313888135e-8,9.58132612932053318e-1,7.33177790956940356e-6
891,4.87092060399415549e-5,1.99902581587920181e-2,5.16385182327706582e-1,5.16335553767886313e-1,1.01909883640985588e0,1.19294648666203897e-9,9.74243106282875876e-9,-6.66090910571082024e-17,2.39965604222219543e-8,9.58086569894907147e-1,7.33833700528041533e-6
892,4.87092060399415549e-5,1.99902581587920181e-2,5.16335553767886313e-1,5.16285930653600289e-1,1.01900089322860476e0,1.19283183553447356e-9,1.04173452310073524e-8,6.63220577301910767e-17,2.40319385431357997e-8,9.58040529697459231e-1,7.34337167906939925e-6
893,4.87092060399415549e-5,1.99902581587920181e-2,5.16285930653600289e-1,5.16236311913336188e-1,1.01890296079392995e0,1.19271719648958458e-9,1.00212707705582427e-8,-5.03159110452205282e-17,2.41576304856600763e-8,9.57994491345837695e-1,7.34688200454414186e-6
894,4.87092060399415549e-5,1.99902581587920181e-2,5.16236311913336188e-1,5.16186698129072696e-1,1.01880503699133795e0,1.19260256702068328e-9,1.02075952593973180e-8,2.35492629391232614e-17,2.42232473201507242e-8,9.57948455380374320e-1,7.34886805453527359e-6
895,4.87092060399415549e-5,1.99902581587920181e-2,5.16186698129072696e-1,5.16137088278095679e-1,1.01870712296981414e0,1.19248794961170452e-9,9.37168218429522243e-9,-5.82383011907573801e-17,2.42761798810358236e-8,9.57902420852384417e-1,7.34932990287262555e-6
896,4.87092060399415549e-5,1.99902581587920181e-2,5.16137088278095679e-1,5.16087484967391319e-1,1.01860921671091176e0,1.19237334207315396e-9,1.11431332391189680e-8,1.37863926219334727e-17,2.43334031953041682e-8,9.57856390181317630e-1,7.34826762216478357e-6
897,4.87092060399415549e-5,1.99902581587920181e-2,5.16087484967391319e-1,5.16037886505641197e-1,1.01851132335879946e0,1.19225874833141560e-9,1.12238945577003753e-8,6.91010189745385012e-17,2.44258867173082962e-8,9.57810361798128729e-1,7.34568128613055649e-6
898,4.87092060399415549e-5,1.99902581587920181e-2,5.16037886505641197e-1,5.15988291510088404e-1,1.01841343957690489e0,1.19214416752789231e-9,9.92236530812197899e-9,-7.16323107629589735e-17,2.46164370688934749e-8,9.57764334419841323e-1,7.34157096793364161e-6
899,4.87092060399415549e-5,1.99902581587920181e-2,5.15988291510088404e-1,5.15938701441563841e-1,1.01831556263579470e0,1.19202959466115231e-9,1.00819999318492334e-8,1.62640103147666042e-17,2.46994472935103912e-8,9.57718309402447177e-1,7.34369803467860294e-6
900,4.87092060399415549e-5,1.99902581587920181e-2,5.15938701441563841e-1,5.15889117705133127e-1,1.01821769541853824e0,1.19191503384538745e-9,1.16471739319632209e-8,-2.36754327979559747e-17,2.48408122624124550e-8,9.57672288050397835e-1,7.34823496795211639e-6
901,4.87092060399415549e-5,1.99902581587920181e-2,5.15889117705133127e-1,5.15839538415075127e-1,1.01811984069702133e0,1.19180048557757798e-9,1.13272353271136256e-8,5.15568440914501301e-17,2.49922802956905029e-8,9.57626268613899656e-1,7.35109860372507029e-6
902,4.87092060399415549e-5,1.99902581587920181e-2,5.15839538415075127e-1,5.15789964893756503e-1,1.01802199475104849e0,1.19168594915007854e-9,1.23300909580468794e-8,-1.04345327027767216e-17,2.50287788838473391e-8,9.57580252320732628e-1,7.35228902259965622e-6
903,4.87092060399415549e-5,1.99902581587920181e-2,5.15789964893756503e-1,5.15740395615267633e-1,1.01792416018927723e0,1.19157142368608697e-9,1.18075914604998322e-8,-6.03719970372256640e-17,2.48671485595167564e-8,9.57534237754805395e-1,7.36070145068712378e-6
904,4.87092060399415549e-5,1.99902581587920181e-2,5.15740395615267633e-1,5.15690830945783274e-1,1.01782633400083156e0,1.19145690882656078e-9,1.16516743635575336e-8,9.37102989793974417e-17,2.46465771420706225e-8,9.57488225256304504e-1,7.37593607824660324e-6
905,4.87092060399415549e-5,1.99902581587920181e-2,5.15690830945783274e-1,5.15641270811285080e-1,1.01772851690842669e0,1.19134240399911167e-9,1.14221822255737162e-8,-7.27971382297500216e-18,2.43772604530918704e-8,9.57442214756845100e-1,7.39938427729569526e-6
906,4.87092060399415549e-5,1.99902581587920181e-2,5.15641270811285080e-1,5.15591715774353476e-1,1.01763070876599859e0,1.19122790954287479e-9,1.17557064160285718e-8,-7.41359482491405730e-17,2.41074910852585577e-8,9.57396206779025816e-1,7.42130724284972842e-6
907,4.87092060399415549e-5,1.99902581587920181e-2,5.15591715774353476e-1,5.15542164040402762e-1,1.01753291068355556e0,1.19111342668347828e-9,1.02951347379724511e-8,2.75509873803649481e-17,2.39371782047628349e-8,9.57350199656961776e-1,7.44170504807240007e-6
908,4.87092060399415549e-5,1.99902581587920181e-2,5.15542164040402762e-1,5.15492617637150929e-1,1.01743511912016404e0,1.19099895266420420e-9,1.08625987476256969e-8,-3.59793473629882359e-17,2.37263499447516598e-8,9.57304195273530278e-1,7.46057776634945213e-6
909,4.87092060399415549e-5,1.99902581587920181e-2,5.15492617637150929e-1,5.15443076634356734e-1,1.01733733807627691e0,1.19088448967908129e-9,1.15003337417516975e-8,5.60234192215282417e-17,2.35054076376531145e-8,9.57258193693995452e-1,7.47792547117764883e-6
910,4.87092060399415549e-5,1.99902581587920181e-2,5.15443076634356734e-1,5.15393540159417407e-1,1.01723956769059898e0,1.19077003979937043e-9,1.12659852278893291e-8,2.79921079117884518e-17,2.34653706378186325e-8,9.57212194108358561e-1,7.49374823549864288e-6
911,4.87092060399415549e-5,1.99902581587920181e-2,5.15393540159417407e-1,5.15344006704299140e-1,1.01714180624082684e0,1.19065560056607645e-9,9.52403819418181875e-9,-3.89027045637853672e-17,2.34812320936383357e-8,9.57166195116481600e-1,7.50804613280919853e-6
912,4.87092060399415549e-5,1.99902581587920181e-2,5.15344006704299140e-1,5.15294478634973463e-1,1.01704405075133386e0,1.19054116986108344e-9,1.01483528832597066e-8,1.31621376116131789e-17,2.35733540650036434e-8,9.57120198915768605e-1,7.52081923627301308e-6
913,4.87092060399415549e-5,1.99902581587920181e-2,5.15294478634973463e-1,5.15244955532697779e-1,1.01694630589009805e0,1.19042675016544583e-9,1.03544426967596259e-8,2.76097221669398884e-17,2.37905772862727627e-8,9.57074205117690369e-1,7.53206761938685077e-6
914,4.87092060399415549e-5,1.99902581587920181e-2,5.15244955532697779e-1,5.15195437146383495e-1,1.01684857083239777e0,1.19031234419116253e-9,1.03099214619221640e-8,4.73957616508388776e-18,2.40706331468003519e-8,9.57028213489367729e-1,7.54179135531440892e-6
915,4.87092060399415549e-5,1.99902581587920181e-2,5.15195437146383495e-1,5.15145923389252802e-1,1.01675084508129965e0,1.19019794801544880e-9,1.01790757613555949e-8,-5.21553886739710507e-17,2.43779608023883243e-8,9.56982223950535671e-1,7.54999051733040716e-6
916,4.87092060399415549e-5,1.99902581587920181e-2,5.15145923389252802e-1,5.15096413766009120e-1,1.01665312846669709e0,1.19008356427171953e-9,9.55337835293633095e-9,3.62865192290985777e-17,2.47574871018877182e-8,9.56936236041434629e-1,7.55666517859854281e-6
917,4.87092060399415549e-5,1.99902581587920181e-2,5.15096413766009120e-1,5.15046910328699425e-1,1.01655542001024846e0,1.18996918913134816e-9,1.09801254938417247e-8,-7.92073462625888827e-17,2.48481746281085349e-8,9.56890251668486402e-1,7.56181541283762471e-6
918,4.87092060399415549e-5,1.99902581587920181e-2,5.15046910328699425e-1,5.14997411795035442e-1,1.01645772376138965e0,1.18985482783482496e-9,1.11251787408249526e-8,3.18167826147192884e-17,2.48642259810822068e-8,9.56844269641000000e-1,7.56544129265623866e-6
919,4.87092060399415549e-5,1.99902581587920181e-2,5.14997411795035442e-1,5.14947917531109467e-1,1.01636003719009294e0,1.18974047780156376e-9,1.06367958063572559e-8,-4.70639629635316071e-18,2.48591809203548974e-8,9.56798289370368038e-1,7.56754289188421581e-6
920,4.87092060399415549e-5,1.99902581587920181e-2,5.14947917531109467e-1,5.14898428361626248e-1,1.01626235904544604e0,1.18962613787649825e-9,1.09735280468705446e-8,-2.19604094554477305e-17,2.47299347491498985e-8,9.56752311623088048e-1,7.56812028335218656e-6
921,4.87092060399415549e-5,1.99902581587920181e-2,5.14898428361626248e-1,5.14848943333422238e-1,1.01616469095455941e0,1.18951180916540346e-9,1.03575863570082452e-8,4.25329157221498874e-17,2.44983549960831503e-8,9.56706335513904160e-1,7.56717354066793746e-6
922,4.87092060399415549e-5,1.99902581587920181e-2,5.14848943333422238e-1,5.14799463370357091e-1,1.01606703103653917e0,1.18939748956830068e-9,1.06659025439988598e-8,-2.96599042044035934e-17,2.42609132959149439e-8,9.56660361901477407e-1,7.56470273699516582e-6
923,4.87092060399415549e-5,1.99902581587920181e-2,5.14799463370357091e-1,5.14749989114144157e-1,1.01596938111457979e0,1.18928318151602246e-9,1.16164188298519581e-8,3.70516447520978772e-17,2.40511300305556315e-8,9.56614391382453078e-1,7.56070794549756897e-6
924,4.87092060399415549e-5,1.99902581587920181e-2,5.14749989114144157e-1,5.14700519980951787e-1,1.01587174245472966e0,1.18916888540439933e-9,1.19836521186659541e-8,7.56927666820531503e-18,2.38807220116692301e-8,9.56568423414720592e-1,7.55518923933884423e-6
925,4.87092060399415549e-5,1.99902581587920181e-2,5.14700519980951787e-1,5.14651055476549102e-1,1.01577411390508199e0,1.18905460087486319e-9,1.18571469672079884e-8,-1.17339192941729958e-17,2.37930454586649639e-8,9.56522457539401905e-1,7.54905692623708546e-6
926,4.87092060399415549e-5,1.99902581587920181e-2,5.14651055476549102e-1,5.14601595926923117e-1,1.01567649449035158e0,1.18894032689773961e-9,1.20570737987866753e-8,-5.48940778030157186e-17,2.37737221560520719e-8,9.56476494059714466e-1,7.56171688442996981e-6
927,4.87092060399415549e-5,1.99902581587920181e-2,5.14601595926923117e-1,5.14552141232988425e-1,1.01557888485414716e0,1.18882606463716370e-9,1.21583914007906518e-8,1.74885502956166302e-17,2.38026910351117645e-8,9.56430532883951079e-1,7.57304757570409492e-6
928,4.87092060399415549e-5,1.99902581587920181e-2,5.14552141232988425e-1,5.14502689807674107e-1,1.01548128480044531e0,1.18871181309974263e-9,1.06731049012345251e-8,1.76752300706188226e-17,2.39213839839898924e-8,9.56384572537366973e-1,7.58285648050360805e-6
929,4.87092060399415549e-5,1.99902581587920181e-2,5.14502689807674107e-1,5.14453242415036427e-1,1.01538369119824057e0,1.18859757063077520e-9,9.95218892498959552e-9,-4.51562032295760573e-18,2.40737989707943634e-8,9.56338613730239873e-1,7.59114367210322882e-6
930,4.87092060399415549e-5,1.99902581587920181e-2,5.14453242415036427e-1,5.14403800504721787e-1,1.01528610555535170e0,1.18848333978647822e-9,1.06813070048232687e-8,4.61886073521034911e-19,2.42831596873296141e-8,9.56292657810282720e-1,7.60069073046931720e-6
931,4.87092060399415549e-5,1.99902581587920181e-2,5.14403800504721787e-1,5.14354363394229797e-1,1.01518853073150228e0,1.18836912000702619e-9,1.07284516780951293e-8,-1.77400793762817548e-18,2.44256468117072127e-8,9.56246704143434045e-1,7.61299746920851561e-6
932,4.87092060399415549e-5,1.99902581587920181e-2,5.14354363394229797e-1,5.14304931372384644e-1,1.01509096538032684e0,1.18825491121376705e-9,1.10648819585911241e-8,-2.90051394643698937e-17,2.46193309825351500e-8,9.56200752998568992e-1,7.62363340189864402e-6
933,4.87092060399415549e-5,1.99902581587920181e-2,5.14304931372384644e-1,5.14255502775814666e-1,1.01499341007167732e0,1.18814071429370974e-9,9.73842963191531691e-9,3.98971824552272447e-17,2.47076487784419850e-8,9.56154802829695449e-1,7.63259860914189403e-6
934,4.87092060399415549e-5,1.99902581587920181e-2,5.14255502775814666e-1,5.14206080395690823e-1,1.01489586152292355e0,1.18802652516491563e-9,1.12034775935907957e-8,4.28392984579558536e-17,2.45942907748956260e-8,9.56108856231853599e-1,7.63989317065227880e-6
935,4.87092060399415549e-5,1.99902581587920181e-2,5.14206080395690823e-1,5.14156662638691642e-1,1.01479832524271929e0,1.18791235078220020e-9,1.10758017772034870e-8,-7.43539384646891226e-17,2.45170966604722875e-8,9.56062911724201436e-1,7.64551716725403452e-6
936,4.87092060399415549e-5,1.99902581587920181e-2,5.14156662638691642e-1,5.14107249501541963e-1,1.01470079808603719e0,1.18779818639094086e-9,1.09452949163938771e-8,8.44830893202010673e-17,2.43813236165500566e-8,9.56016969304003927e-1,7.64947067899424127e-6
937,4.87092060399415549e-5,1.99902581587920181e-2,5.14107249501541963e-1,5.14057841927129111e-1,1.01460328004690514e0,1.18768403277445904e-9,1.17581197889964451e-8,-6.84759814513587322e-17,2.42511402686352434e-8,9.55971029848254439e-1,7.65175378625304603e-6
938,4.87092060399415549e-5,1.99902581587920181e-2,5.14057841927129111e-1,5.14008438962421543e-1,1.01450577298577516e0,1.18756989201876467e-9,1.16184475892616991e-8,2.52412393754045532e-17,2.41629898871870032e-8,9.55925092471241467e-1,7.65236656918855118e-6
939,4.87092060399415549e-5,1.99902581587920181e-2,5.14008438962421543e-1,5.13959039892214142e-1,1.01440827502171871e0,1.18745576152583316e-9,1.07640134814506938e-8,1.06455514401226743e-17,2.40719865249367784e-8,9.55879156508120387e-1,7.65234621924459901e-6
940,4.87092060399415549e-5,1.99902581587920181e-2,5.13959039892214142e-1,5.13909645624384792e-1,1.01431078474394898e0,1.18734164080647258e-9,1.08178316024631889e-8,3.43547828379075658e-17,2.40085530672846709e-8,9.55833222803432303e-1,7.66726726475486231e-6
941,4.87092060399415549e-5,1.99902581587920181e-2,5.13909645624384792e-1,5.13860255337070360e-1,1.01421330394346554e0,1.18722753050170345e-9,1.00502483750978389e-8,-1.05977901969899850e-16,2.39170782788461745e-8,9.55787290593125283e-1,7.68058900024737312e-6
942,4.87092060399415549e-5,1.99902581587920181e-2,5.13860255337070360e-1,5.13810871902835142e-1,1.01411583099908831e0,1.18711343060267741e-9,1.21556117656791830e-8,8.75684333003544580e-17,2.39329644758156115e-8,9.55741362549090034e-1,7.69231150221649784e-6
943,4.87092060399415549e-5,1.99902581587920181e-2,5.13810871902835142e-1,5.13761492459380076e-1,1.01401837157870500e0,1.18699934521083160e-9,1.13993351932787350e-8,-9.18377920287876767e-17,2.39909864369549376e-8,9.55695436009687871e-1,7.70243484815580359e-6
944,4.87092060399415549e-5,1.99902581587920181e-2,5.13761492459380076e-1,5.13712116522408890e-1,1.01392092003445167e0,1.18688526923291121e-9,1.01591456738579149e-8,3.66481526667394107e-17,2.40604761940274363e-8,9.55649510524662404e-1,7.71095911422658986e-6
945,4.87092060399415549e-5,1.99902581587920181e-2,5.13712116522408890e-1,5.13662746410414428e-1,1.01382347541087459e0,1.18677120240058753e-9,1.12377862865684985e-8,-3.33448614844293232e-17,2.40605712590051375e-8,9.55603588250810709e-1,7.71788437781140146e-6
946,4.87092060399415549e-5,1.99902581587920181e-2,5.13662746410414428e-1,5.13613382102218630e-1,1.01372604228267105e0,1.18665714833117597e-9,1.22958086384772656e-8,1.59214864036369712e-17,2.40261218611652371e-8,9.55557669168906609e-1,7.72321071562664940e-6
947,4.87092060399415549e-5,1.99902581587920181e-2,5.13613382102218630e-1,5.13564021142555949e-1,1.01362862060789438e0,1.18654310627452464e-9,1.08991233401242387e-8,4.43269679003814479e-17,2.41027566255520816e-8,9.55511750995331144e-1,7.73010182830713433e-6
948,4.87092060399415549e-5,1.99902581587920181e-2,5.13564021142555949e-1,5.13514665703093343e-1,1.01353120554240395e0,1.18642907436001255e-9,1.16744270117696035e-8,-1.69416300551251440e-17,2.40791193597110285e-8,9.55465835750536008e-1,7.74061670538728208e-6
949,4.87092060399415549e-5,1.99902581587920181e-2,5.13514665703093343e-1,5.13465312758146886e-1,1.01343380137064898e0,1.18631505346703610e-9,9.42457732095705685e-9,-2.72027691578985000e-17,2.40440353991024013e-8,9.55419920619952956e-1,7.75662857677161810e-6
950,4.87092060399415549e-5,1.99902581587920181e-2,5.13465312758146886e-1,5.13415965428664522e-1,1.01333640212223530e0,1.18620103932875387e-9,1.02959153386146136e-8,3.88441534113064137e-18,2.39378208186468660e-8,9.55374008507425709e-1,7.77111843675015734e-6
951,4.87092060399415549e-5,1.99902581587920181e-2,5.13415965428664522e-1,5.13366623051934257e-1,1.01323901395614513e0,1.18608703805552320e-9,1.05050811663898582e-8,2.67746767211227065e-17,2.38855020239781525e-8,9.55328098796688341e-1,7.78408635870864174e-6
952,4.87092060399415549e-5,1.99902581587920181e-2,5.13366623051934257e-1,5.13317285481958652e-1,1.01314163556452419e0,1.18597304825634662e-9,1.05687257138954568e-8,-1.12670171974174393e-17,2.39121992871157669e-8,9.55282191352246013e-1,7.79553241569974631e-6
953,4.87092060399415549e-5,1.99902581587920181e-2,5.13317285481958652e-1,5.13267953390949105e-1,1.01304426665878133e0,1.18585906918673409e-9,1.13050436362226145e-8,1.23914815590383498e-17,2.38855972806077087e-8,9.55236286800000722e-1,7.80545668088716837e-6
954,4.87092060399415549e-5,1.99902581587920181e-2,5.13267953390949105e-1,5.13218624953946323e-1,1.01294690856561775e0,1.18574510241063928e-9,1.02169289704568262e-8,-1.07937458099452245e-17,2.38899564576800851e-8,9.55190383442033553e-1,7.81385922743460526e-6
955,4.87092060399415549e-5,1.99902581587920181e-2,5.13218624953946323e-1,5.13169301539706635e-1,1.01284955768390583e0,1.18563114405745561e-9,1.04979218803614475e-8,-2.34903627164258105e-17,2.38778478954050447e-8,9.55144482552337970e-1,7.82074012839473198e-6
956,4.87092060399415549e-5,1.99902581587920181e-2,5.13169301539706635e-1,5.13119982745374514e-1,1.01275221671498716e0,1.18551719806521296e-9,1.03765419851018969e-8,7.41883236711662056e-17,2.39153555666981257e-8,9.55098583756349928e-1,7.82609945682022357e-6
957,4.87092060399415549e-5,1.99902581587920181e-2,5.13119982745374514e-1,5.13070668259832607e-1,1.01265488486353217e0,1.18540326291328701e-9,9.94448907735899789e-9,-7.61756714149391576e-17,2.40595652001154798e-8,9.55052686764791492e-1,7.82993728620784424e-6
958,4.87092060399415549e-5,1.99902581587920181e-2,5.13070668259832607e-1,5.13021359015764622e-1,1.01255756151566789e0,1.18528933792924030e-9,1.04455338068857277e-8,3.72231325279699207e-17,2.41062093360141665e-8,9.55006792446055019e-1,7.83467385767622204e-6
959,4.87092060399415549e-5,1.99902581587920181e-2,5.13021359015764622e-1,5.12972054812154576e-1,1.01246024851178928e0,1.18517542450949474e-9,1.07460665699238060e-8,-2.87615529719465032e-17,2.43063591994523714e-8,9.54960900613406771e-1,7.83795551395627399e-6
960,4.87092060399415549e-5,1.99902581587920181e-2,5.12972054812154576e-1,5.12922755543332887e-1,1.01236294545561334e0,1.18506152282735792e-9,1.09414141457006087e-8,4.12795700036483148e-17,2.44593103525010431e-8,9.54915011168847694e-1,7.84165056932906168e-6
961,4.87092060399415549e-5,1.99902581587920181e-2,5.12922755543332887e-1,5.12873461344161563e-1,1.01226565213803066e0,1.18494763152426052e-9,1.12720982214335763e-8,-2.94213502788269755e-17,2.44902308357638424e-8,9.54869124238263978e-1,7.84572930256910439e-6
962,4.87092060399415549e-5,1.99902581587920181e-2,5.12873461344161563e-1,5.12824171156850639e-1,1.01216836882556893e0,1.18483375245899009e-9,1.05454795570677646e-8,2.50619016555193814e-18,2.45244622977201664e-8,9.54823238837274713e-1,7.84813762522151848e-6
963,4.87092060399415549e-5,1.99902581587920181e-2,5.12824171156850639e-1,5.12774885507370715e-1,1.01207109343081925e0,1.18471988289892487e-9,1.03452172015191907e-8,-1.80104334333273613e-17,2.45765697419413484e-8,9.54777355455760479e-1,7.85211139953112536e-6
964,4.87092060399415549e-5,1.99902581587920181e-2,5.12774885507370715e-1,5.12725604238139732e-1,1.01197382699169691e0,1.18460602421608743e-9,9.98780892063479972e-9,3.89119011578357318e-17,2.46290326911456839e-8,9.54731473947307840e-1,7.86267066110735158e-6
965,4.87092060399415549e-5,1.99902581587920181e-2,5.12725604238139732e-1,5.12676329237722106e-1,1.01187656919686586e0,1.18449217515451277e-9,1.15193862556063923e-8,-5.71111799250089493e-17,2.47400190318508621e-8,9.54685596070575460e-1,7.87228744147938642e-6
966,4.87092060399415549e-5,1.99902581587920181e-2,5.12676329237722106e-1,5.12627058203641628e-1,1.01177932377382240e0,1.18437834082694450e-9,1.07490897554212363e-8,7.75465776964579916e-17,2.48889614481470729e-8,9.54639719682240706e-1,7.88576837174037593e-6
967,4.87092060399415549e-5,1.99902581587920181e-2,5.12627058203641628e-1,5.12577792446605951e-1,1.01168208617827649e0,1.18426451531942526e-9,1.12898824458440381e-8,-6.25136950289397858e-17,2.48501231140976743e-8,9.54593846002942614e-1,7.89758130448348084e-6
968,4.87092060399415549e-5,1.99902581587920181e-2,5.12577792446605951e-1,5.12528532472114606e-1,1.01158485899716610e0,1.18415070221326308e-9,1.23366817547015856e-8,-2.33964727538173666e-17,2.48155427158227410e-8,9.54547975503848511e-1,7.90772631964475892e-6
969,4.87092060399415549e-5,1.99902581587920181e-2,5.12528532472114606e-1,5.12479277896433549e-1,1.01148764322788143e0,1.18403690222337920e-9,1.30003028567792749e-8,2.58113305992148747e-17,2.47855225142705425e-8,9.54502107828067325e-1,7.91620349771537946e-6
970,4.87092060399415549e-5,1.99902581587920181e-2,5.12479277896433549e-1,5.12430027330298410e-1,1.01139043811304341e0,1.18392311428366438e-9,1.22751785391244913e-8,8.21304106414491702e-17,2.48379081478256500e-8,9.54456241682142603e-1,7.92301291852037792e-6
971,4.87092060399415549e-5,1.99902581587920181e-2,5.12430027330298410e-1,5.12380781114277206e-1,1.01129324091112327e0,1.18380933519361931e-9,1.18910078103874624e-8,-9.13894948783696630e-18,2.48324716687158176e-8,9.54410377383487107e-1,7.92815466255092360e-6
972,4.87092060399415549e-5,1.99902581587920181e-2,5.12380781114277206e-1,5.12331538819677745e-1,1.01119605229428267e0,1.18369556639748416e-9,1.10785630177914779e-8,-6.72913777504827664e-17,2.47785461257767700e-8,9.54364514533125097e-1,7.93162880974307427e-6
973,4.87092060399415549e-5,1.99902581587920181e-2,5.12331538819677745e-1,5.12282301736779910e-1,1.01109887141716825e0,1.18358180819685003e-9,1.15567749817971395e-8,-1.37906112430574932e-17,2.46810505869489965e-8,9.54318654333048966e-1,7.93343544047697691e-6
974,4.87092060399415549e-5,1.99902581587920181e-2,5.12282301736779910e-1,5.12233068821386639e-1,1.01100170082544638e0,1.18346806182053591e-9,1.09912908303741886e-8,7.44746224616993843e-17,2.46535602870135497e-8,9.54272795810968355e-1,7.93357463446664468e-6
975,4.87092060399415549e-5,1.99902581587920181e-2,5.12233068821386639e-1,5.12183842257021182e-1,1.01090453845831618e0,1.18335432455716161e-9,1.26097306967739429e-8,2.28412691266717744e-19,2.44621608275146172e-8,9.54226941001206974e-1,7.93204647231426918e-6
976,4.87092060399415549e-5,1.99902581587920181e-2,5.12183842257021182e-1,5.12134620186169731e-1,1.01080738862455188e0,1.18324060113071260e-9,1.23712671987683326e-8,-4.25732374682893973e-17,2.42499599251042641e-8,9.54181088173809755e-1,7.93270839916093706e-6
977,4.87092060399415549e-5,1.99902581587920181e-2,5.12134620186169731e-1,5.12085402812023083e-1,1.01071024765903816e0,1.18312688862940043e-9,1.23364263839407341e-8,-1.65196471743536672e-17,2.40652877275619341e-8,9.54135237518419999e-1,7.94859676600534470e-6
978,4.87092060399415549e-5,1.99902581587920181e-2,5.12085402812023083e-1,5.12036190523642354e-1,1.01061311596274073e0,1.18301318705018830e-9,1.26910981859081618e-8,-5.35898058829217062e-18,2.39161633567339042e-8,9.54089389397796861e-1,7.96270242520158433e-6
979,4.87092060399415549e-5,1.99902581587920181e-2,5.12036190523642354e-1,5.11986983478336155e-1,1.01051599430292338e0,1.18289949635170953e-9,1.32035674076446756e-8,5.47094428184877573e-17,2.36137139916710725e-8,9.54043543958860263e-1,7.97502546223682884e-6
980,4.87092060399415549e-5,1.99902581587920181e-2,5.11986983478336155e-1,5.11937780522022434e-1,1.01041888299028693e0,1.18278581779411982e-9,1.25624587128639515e-8,-3.00245618143639203e-17,2.34280554029349270e-8,9.53997700126691495e-1,7.98556596293131804e-6
981,4.87092060399415549e-5,1.99902581587920181e-2,5.11937780522022434e-1,5.11888581521228625e-1,1.01032177974782100e0,1.18267214938451546e-9,1.17882703991693597e-8,1.92736854668448690e-17,2.33931542166136539e-8,9.53951857777194046e-1,7.99604709766921218e-6
982,4.87092060399415549e-5,1.99902581587920181e-2,5.11888581521228625e-1,5.11839385675380232e-1,1.01022468431170442e0,1.18255849064402834e-9,1.02138878735803826e-8,1.62911997415012222e-17,2.33676731940209727e-8,9.53906016164517978e-1,8.00652113097655160e-6
983,4.87092060399415549e-5,1.99902581587920181e-2,5.11839385675380232e-1,5.11790194789707220e-1,1.01012759510267713e0,1.18244484056448682e-9,1.04450387171374280e-8,-8.24098305980083579e-17,2.33842698066158562e-8,9.53860176971063289e-1,8.01534450067808990e-6
984,4.87092060399415549e-5,1.99902581587920181e-2,5.11790194789707220e-1,5.11741008982974810e-1,1.01003051568247315e0,1.18233120161805809e-9,1.07954314061453351e-8,-1.20039739118368581e-17,2.34966667714238396e-8,9.53814340307821640e-1,8.02251728559966182e-6
985,4.87092060399415549e-5,1.99902581587920181e-2,5.11741008982974810e-1,5.11691827551498890e-1,1.00993344628530801e0,1.18221757358525039e-9,1.04426281909232133e-8,5.50037933851035271e-17,2.35986168219458845e-8,9.53768505519391852e-1,8.02803956534425822e-6
986,4.87092060399415549e-5,1.99902581587920181e-2,5.11691827551498890e-1,5.11642650291445400e-1,1.00983638552335164e0,1.18210395679613959e-9,9.88641166665079138e-9,-2.67570941700222793e-17,2.37576624292108626e-8,9.53722672416055128e-1,8.03191141907078077e-6
987,4.87092060399415549e-5,1.99902581587920181e-2,5.11642650291445400e-1,5.11593477338256108e-1,1.00973933299376784e0,1.18199034979249231e-9,9.46603775181162628e-9,3.34973174887677466e-17,2.38491070105400462e-8,9.53676841124252439e-1,8.03413292649324262e-6
988,4.87092060399415549e-5,1.99902581587920181e-2,5.11593477338256108e-1,5.11544309615691195e-1,1.00964228896391051e0,1.18187675235066931e-9,9.96983810617138009e-9,9.38429291188141941e-18,2.38831116366412709e-8,9.53631012505369524e-1,8.03995859677275604e-6
989,4.87092060399415549e-5,1.99902581587920181e-2,5.11544309615691195e-1,5.11495147166776021e-1,1.00954525525665106e0,1.18176316626328946e-9,1.05171665631561274e-8,3.78908542251186510e-17,2.38385291084930766e-8,9.53585186599823498e-1,8.05690081584486961e-6
990,4.87092060399415549e-5,1.99902581587920181e-2,5.11495147166776021e-1,5.11445988710831467e-1,1.00944823195682365e0,1.18164959197461473e-9,9.78432292550796922e-9,-3.13244265161542501e-17,2.38038111665071943e-8,9.53539362214187114e-1,8.07217487086564489e-6
991,4.87092060399415549e-5,1.99902581587920181e-2,5.11445988710831467e-1,5.11396836867992755e-1,1.00935121653724913e0,1.18153602699608154e-9,1.16719982934195926e-8,-5.46492191068102215e-17,2.38283289700527852e-8,9.53493541791297416e-1,8.08578084221522886e-6
992,4.87092060399415549e-5,1.99902581587920181e-2,5.11396836867992755e-1,5.11347689823896667e-1,1.00925421416805383e0,1.18142247547264459e-9,1.17459459710602102e-8,5.72260984731497163e-17,2.38417037053146776e-8,9.53447723640182709e-1,8.09771880982967929e-6
993,4.87092060399415549e-5,1.99902581587920181e-2,5.11347689823896667e-1,5.11298547043224527e-1,1.00915722126911489e0,1.18130893478156273e-9,1.12850364251430446e-8,-7.77946657057748957e-18,2.38249602515758598e-8,9.53401907262106940e-1,8.10798885408914316e-6
994,4.87092060399415549e-5,1.99902581587920181e-2,5.11298547043224527e-1,5.11249407314508075e-1,1.00906023678440815e0,1.18119540453347419e-9,9.61306840829032844e-9,-2.07632822400977119e-17,2.39054712861510057e-8,9.53356091527778671e-1,8.11659105515172286e-6
995,4.87092060399415549e-5,1.99902581587920181e-2,5.11249407314508075e-1,5.11200272716400783e-1,1.00896325832324707e0,1.18108188258893048e-9,1.00200471822639555e-8,4.08171876217597481e-17,2.40263612767284188e-8,9.53310278375465669e-1,8.12352549295347615e-6
996,4.87092060399415549e-5,1.99902581587920181e-2,5.11200272716400783e-1,5.11151142663841207e-1,1.00886628998750560e0,1.18096837211065172e-9,9.84245784788164927e-9,-4.32999156364172321e-17,2.41437765246688362e-8,9.53264467259969828e-1,8.12879224798557232e-6
997,4.87092060399415549e-5,1.99902581587920181e-2,5.11151142663841207e-1,5.11102016983399299e-1,1.00876933062266683e0,1.18085487258117729e-9,9.49187528822378681e-9,4.35685789362907802e-18,2.43373394881890707e-8,9.53218658019884257e-1,8.13239140018406914e-6
998,4.87092060399415549e-5,1.99902581587920181e-2,5.11102016983399299e-1,5.11052896189848838e-1,1.00867237988682357e0,1.18074138452020078e-9,9.65648689484866848e-9,-3.50541673545436009e-17,2.45043852394104902e-8,9.53172851135517973e-1,8.13432302970706900e-6
999,4.87092060399415549e-5,1.99902581587920181e-2,5.11052896189848838e-1,5.11003781381885180e-1,1.00857543879501876e0,1.18062790656899656e-9,1.09202635226015017e-8,4.66729546879777910e-18,2.45246840808870785e-8,9.53127047631897706e-1,8.13934903098889606e-6
1000,4.87092060399415549e-5,1.99902581587920181e-2,5.11003781381885180e-1,5.10954671132946903e-1,1.00847850951535789e0,1.18051444165774028e-9,1.07580540398270906e-8,7.74848964925411375e-17,2.46562602603823875e-8,9.53081246178972386e-1,8.14972665252877704e-6
1001,4.87092060399415549e-5,1.99902581587920181e-2,5.10954671132946903e-1,5.10905565957952668e-1,1.00838158923312693e0,1.18040098768916326e-9,1.11112016845015875e-8,-6.71596690902683980e-17,2.46733356434181278e-8,9.53035447257336910e-1,8.15844502000118155e-6
1002,4.87092060399415549e-5,1.99902581587920181e-2,5.10905565957952668e-1,5.10856465479352262e-1,1.00828467896439622e0,1.18028754549702945e-9,1.10872865885897687e-8,5.33423002087560395e-17,2.47460834822609402e-8,9.52989650515196351e-1,8.16550421356421197e-6
1003,4.87092060399415549e-5,1.99902581587920181e-2,5.10856465479352262e-1,5.10807370718710185e-1,1.00818777796427916e0,1.18017411400148722e-9,1.20853876133995250e-8,8.89111625014872857e-18,2.47832423742688386e-8,9.52943856905729136e-1,8.17090431282085916e-6
1004,4.87092060399415549e-5,1.99902581587920181e-2,5.10807370718710185e-1,5.10758280438948442e-1,1.00809088824830284e0,1.18006069534630935e-9,1.18469602722079961e-8,-3.64602255033734884e-17,2.48437458038080706e-8,9.52898065275470052e-1,8.17606884095933850e-6
1005,4.87092060399415549e-5,1.99902581587920181e-2,5.10758280438948442e-1,5.10709194324492910e-1,1.00799400737588951e0,1.17994728772823403e-9,1.12933895220033507e-8,-4.32894451842235359e-17,2.48136572059341603e-8,9.52852275330269283e-1,8.18416188186343874e-6
1006,4.87092060399415549e-5,1.99902581587920181e-2,5.10709194324492910e-1,5.10660113438319851e-1,1.00789713472407660e0,1.17983389016886852e-9,1.18031953555201684e-8,3.75899920927208638e-17,2.48134032905635697e-8,9.52806488062024726e-1,8.19059004908417876e-6
1007,4.87092060399415549e-5,1.99902581587920181e-2,5.10660113438319851e-1,5.10611037200050188e-1,1.00780027239009939e0,1.17972050431544974e-9,1.17331247825547476e-8,8.69795137914412044e-18,2.48203338077388442e-8,9.52760702929702274e-1,8.19535342277966095e-6
1008,4.87092060399415549e-5,1.99902581587920181e-2,5.10611037200050188e-1,5.10561965487083658e-1,1.00770341922905082e0,1.17960712971319793e-9,1.15409006868713801e-8,3.40625101489905292e-17,2.46732405482964100e-8,9.52714919819195871e-1,8.19845208244185386e-6
1009,4.87092060399415549e-5,1.99902581587920181e-2,5.10561965487083658e-1,5.10512898558986405e-1,1.00760657499870332e0,1.17949376512241192e-9,1.16086777826758004e-8,1.16455367000829299e-17,2.45899396568282819e-8,9.52669138972964236e-1,8.19988610845090449e-6
1010,4.87092060399415549e-5,1.99902581587920181e-2,5.10512898558986405e-1,5.10463837165153311e-1,1.00750974021137751e0,1.17938041134913725e-9,1.24263097154912724e-8,-1.70231602850208207e-17,2.45174228004968108e-8,9.52623361090630838e-1,8.19965558085389290e-6
1011,4.87092060399415549e-5,1.99902581587920181e-2,5.10463837165153311e-1,5.10414779309158351e-1,1.00741291634556562e0,1.17926706928196688e-9,1.12480475146765724e-8,3.00046730837156953e-17,2.44440170321792408e-8,9.52577584309628689e-1,8.20351108965500231e-6
1012,4.87092060399415549e-5,1.99902581587920181e-2,5.10414779309158351e-1,5.10365726985261392e-1,1.00731609946254519e0,1.17915373741817442e-9,1.20643854488279307e-8,-7.35536610743787696e-17,2.44101463314668904e-8,9.52531810491170194e-1,8.21666028483214461e-6
1013,4.87092060399415549e-5,1.99902581587920181e-2,5.10365726985261392e-1,5.10316679895507219e-1,1.00721929349697414e0,1.17904041790099746e-9,1.25832997807822176e-8,-2.30289597163825066e-17,2.42871604014438529e-8,9.52486039357624437e-1,8.22813599588023692e-6
1014,4.87092060399415549e-5,1.99902581587920181e-2,5.10316679895507219e-1,5.10267637305387600e-1,1.00712249786086527e0,1.17892710934351486e-9,1.23682089391768313e-8,9.79831599905442099e-17,2.41200322038009518e-8,9.52440270223861130e-1,8.24543276256584079e-6
1015,4.87092060399415549e-5,1.99902581587920181e-2,5.10267637305387600e-1,5.10218598304941429e-1,1.00702571110468919e0,1.17881381099015132e-9,1.12435898123637540e-8,-7.79856716353807404e-17,2.41397638031336949e-8,9.52394502240872409e-1,8.26108140217218789e-6
1016,4.87092060399415549e-5,1.99902581587920181e-2,5.10218598304941429e-1,5.10169564425659749e-1,1.00692893143337625e0,1.17870052166095335e-9,1.16508065614316277e-8,4.28786772181970530e-18,2.41491064626130370e-8,9.52348736838300014e-1,8.27508199408022449e-6
1017,4.87092060399415549e-5,1.99902581587920181e-2,5.10169564425659749e-1,5.10120533974880108e-1,1.00683216186849367e0,1.17858724303623269e-9,1.03658531526482736e-8,5.52598157108560398e-17,2.41606074233177692e-8,9.52302972436531059e-1,8.28743461755987454e-6
1018,4.87092060399415549e-5,1.99902581587920181e-2,5.10120533974880108e-1,5.10071508240298788e-1,1.00673539907064313e0,1.17847397420274284e-9,1.03689257336853501e-8,6.31601532212622280e-18,2.41871252036203581e-8,9.52257210237765328e-1,8.29813935165901739e-6
1019,4.87092060399415549e-5,1.99902581587920181e-2,5.10071508240298788e-1,5.10022488261713369e-1,1.00663864558033067e0,1.17836071652935400e-9,1.14122491958547216e-8,9.24771877530401412e-18,2.42251914861328233e-8,9.52211451212906179e-1,8.30719627553655471e-6
1020,4.87092060399415549e-5,1.99902581587920181e-2,5.10022488261713369e-1,5.09973472548219120e-1,1.00654190344902839e0,1.17824747052932884e-9,1.09652213084928291e-8,-9.46076956454276456e-17,2.41380057670613233e-8,9.52165693970639548e-1,8.31460546857343274e-6
1021,4.87092060399415549e-5,1.99902581587920181e-2,5.09973472548219120e-1,5.09924461541928165e-1,1.00644516973509690e0,1.17813423467282410e-9,1.09607152496454728e-8,9.10187293667662445e-17,2.40321490419625921e-8,9.52119938923929099e-1,8.32036700981753086e-6
1022,4.87092060399415549e-5,1.99902581587920181e-2,5.09924461541928165e-1,5.09875456443247166e-1,1.00634844531069967e0,1.17802100926146191e-9,1.21570686991942827e-8,-9.34021874361112397e-17,2.38992159135817321e-8,9.52074187193885590e-1,8.32448097864979530e-6
1023,4.87092060399415549e-5,1.99902581587920181e-2,5.09875456443247166e-1,5.09826455444520654e-1,1.00625173254502931e0,1.17790779803831868e-9,1.15463341937310036e-8,8.05769853034092855e-17,2.39960722933075399e-8,9.52028437093172974e-1,8.33278179390717355e-6
1024,4.87092060399415549e-5,1.99902581587920181e-2,5.09826455444520654e-1,5.09777458372308145e-1,1.00615502787090239e0,1.17779459661345137e-9,1.07625536688628722e-8,-8.73706213286685269e-17,2.40146104162305130e-8,9.51982688460095705e-1,8.34088042300784593e-6
1025,4.87092060399415549e-5,1.99902581587920181e-2,5.09777458372308145e-1,5.09728466387648904e-1,1.00605833094600405e0,1.17768140455897787e-9,1.11401895377516795e-8,6.50500590888764333e-17,2.40465514294114219e-8,9.51936942378997952e-1,8.34734569166162288e-6
1026,4.87092060399415549e-5,1.99902581587920181e-2,5.09728466387648904e-1,5.09679479591150120e-1,1.00596164406144273e0,1.17756822443641781e-9,1.16189218764162068e-8,-1.81501458931487928e-17,2.41593936032211550e-8,9.51891198944216033e-1,8.35217767813922762e-6
1027,4.87092060399415549e-5,1.99902581587920181e-2,5.09679479591150120e-1,5.09630497428436580e-1,1.00586496741551712e0,1.17745505554654199e-9,1.15437776199888998e-8,-1.40723324160808033e-17,2.42058692514434507e-8,9.51845457638412329e-1,8.35939776500094212e-6
1028,4.87092060399415549e-5,1.99902581587920181e-2,5.09630497428436580e-1,5.09581519978713371e-1,1.00576829991484207e0,1.17734189820591574e-9,1.15482839116523954e-8,-2.48078529827084203e-17,2.42002501785924089e-8,9.51799718535871864e-1,8.37094561245699254e-6
1029,4.87092060399415549e-5,1.99902581587920181e-2,5.09581519978713371e-1,5.09532547000565161e-1,1.00567164171528511e0,1.17722875146478765e-9,1.13118278169933523e-8,5.80900042505388733e-17,2.42395688720451340e-8,9.51753981411426753e-1,8.38082842014031826e-6
1030,4.87092060399415549e-5,1.99902581587920181e-2,5.09532547000565161e-1,5.09483578978661145e-1,1.00557499234054304e0,1.17711561517475428e-9,1.15604708865181324e-8,9.74610832925701414e-18,2.41428964753065924e-8,9.51708246718038331e-1,8.38904626787595475e-6
1031,4.87092060399415549e-5,1.99902581587920181e-2,5.09483578978661145e-1,5.09434615906534272e-1,1.00547835274690067e0,1.17700248966272899e-9,1.18031232601485072e-8,2.69987930362878238e-17,2.40311415397319025e-8,9.51662514450048125e-1,8.39559923604404901e-6
1032,4.87092060399415549e-5,1.99902581587920181e-2,5.09434615906534272e-1,5.09385657282010684e-1,1.00538172292183980e0,1.17688937569142007e-9,1.15440776537545643e-8,-2.54672218100315901e-17,2.39733776549103636e-8,9.51616784138698102e-1,8.40048740435861419e-6
1033,4.87092060399415549e-5,1.99902581587920181e-2,5.09385657282010684e-1,5.09336703595769325e-1,1.00528510187448439e0,1.17677627273083533e-9,1.17761384854095119e-8,-3.00047773084728770e-17,2.38918977259954563e-8,9.51571056242655033e-1,8.40371085308877497e-6
1034,4.87092060399415549e-5,1.99902581587920181e-2,5.09336703595769325e-1,5.09287755035243372e-1,1.00518849057243553e0,1.17666317994709399e-9,1.21961071546879823e-8,-1.61144147009863891e-17,2.37641558804763955e-8,9.51525330937304514e-1,8.41022050446227354e-6
1035,4.87092060399415549e-5,1.99902581587920181e-2,5.09287755035243372e-1,5.09238810166901978e-1,1.00509188938605232e0,1.17655009834773347e-9,1.11830376297589892e-8,5.72623554537591406e-17,2.37206820003427992e-8,9.51479606883883000e-1,8.42800677114396990e-6
1036,4.87092060399415549e-5,1.99902581587920181e-2,5.09238810166901978e-1,5.09189869980386955e-1,1.00499529548655486e0,1.17643702593495357e-9,1.11599650279880671e-8,-5.03396594006069256e-17,2.35886930637752663e-8,9.51433885007084701e-1,8.44413056300119536e-6
1037,4.87092060399415549e-5,1.99902581587920181e-2,5.09189869980386955e-1,5.09140934465609485e-1,1.00489871082686277e0,1.17632396486180015e-9,1.11272534943086044e-8,7.53503800829052010e-18,2.35435894903508112e-8,9.51388165297834543e-1,8.45859195997000768e-6
1038,4.87092060399415549e-5,1.99902581587920181e-2,5.09140934465609485e-1,5.09092003702989682e-1,1.00480213538689234e0,1.17621091430471836e-9,1.11754111787980154e-8,3.70584193613146865e-17,2.34238418308234903e-8,9.51342447831570182e-1,8.47139104198646464e-6
1039,4.87092060399415549e-5,1.99902581587920181e-2,5.09092003702989682e-1,5.09043076057234756e-1,1.00470556932535326e0,1.17609787468986853e-9,9.58873292841188876e-9,1.63929545373738204e-17,2.33081604707562562e-8,9.51296731080599423e-1,8.48252788898662402e-6
1040,4.87092060399415549e-5,1.99902581587920181e-2,5.09043076057234756e-1,5.08994154344098448e-1,1.00460900941524733e0,1.17598484308684734e-9,1.08181080385154494e-8,-6.60867678593115931e-20,2.32931607635545187e-8,9.51251017676194688e-1,8.49200258068449898e-6
1041,4.87092060399415549e-5,1.99902581587920181e-2,5.08994154344098448e-1,5.08945235861724243e-1,1.00451246121314353e0,1.17587182481123796e-9,9.34619693843600398e-9,-4.84825644791702487e-17,2.32865783422343382e-8,9.51205305093962727e-1,8.49981519712716960e-6
1042,4.87092060399415549e-5,1.99902581587920181e-2,5.08945235861724243e-1,5.08896323079269797e-1,1.00441591938760522e0,1.17575881507011749e-9,1.03437539833226054e-8,3.16330575288651354e-18,2.32640948472629259e-8,9.51159595641549949e-1,8.50596581813967134e-6
1043,4.87092060399415549e-5,1.99902581587920181e-2,5.08896323079269797e-1,5.08847415001114967e-1,1.00431938881012384e0,1.17564581653926053e-9,1.03462388411591876e-8,-2.73212909047875480e-17,2.32587958406613181e-8,9.51113888388917306e-1,8.51045452365806199e-6
1044,4.87092060399415549e-5,1.99902581587920181e-2,5.08847415001114967e-1,5.08798511813727927e-1,1.00422286751688983e0,1.17553282916847066e-9,1.05356440189267443e-8,1.36601383906782790e-17,2.32201774746060457e-8,9.51068183510675569e-1,8.51328139339635470e-6
1045,4.87092060399415549e-5,1.99902581587920181e-2,5.08798511813727927e-1,5.08749612142485930e-1,1.00412635587579646e0,1.17541985308126310e-9,9.35089657074620569e-9,6.84548519497916777e-17,2.32588534817326737e-8,9.51022479722325009e-1,8.51444650751265186e-6
1046,4.87092060399415549e-5,1.99902581587920181e-2,5.08749612142485930e-1,5.08700716935876485e-1,1.00402985117394294e0,1.17530688581207570e-9,9.11497477516409845e-9,-2.25535360049564288e-17,2.33991541152726570e-8,9.50976777910604421e-1,8.51394994560994434e-6
1047,4.87092060399415549e-5,1.99902581587920181e-2,5.08700716935876485e-1,5.08651826698354848e-1,1.00393335528342087e0,1.17519392879721847e-9,9.38393734819230652e-9,-4.41176878966830817e-17,2.36127355634295935e-8,9.50931078547364139e-1,8.51179178773531220e-6
1048,4.87092060399415549e-5,1.99902581587920181e-2,5.08651826698354848e-1,5.08602941416530063e-1,1.00383686919977477e0,1.17508098393559038e-9,9.63998649983555778e-9,7.36769970124328763e-17,2.38917589903399721e-8,9.50885381620393044e-1,8.51868695717072910e-6
1049,4.87092060399415549e-5,1.99902581587920181e-2,5.08602941416530063e-1,5.08554060637953831e-1,1.00374039289638239e0,1.17496805046287303e-9,9.44406401958844815e-9,-1.00681772218910684e-16,2.41706947699057735e-8,9.50839686707103948e-1,8.52832072850695511e-6
1050,4.87092060399415549e-5,1.99902581587920181e-2,5.08554060637953831e-1,5.08505184688930023e-1,1.00364392548034642e0,1.17485512788647416e-9,9.57487791131393538e-9,1.10977312108998895e-16,2.43290611172787842e-8,9.50793994112844265e-1,8.54593944854542542e-6
1051,4.87092060399415549e-5,1.99902581587920181e-2,5.08505184688930023e-1,5.08456313310937991e-1,1.00354746759521207e0,1.17474221612513713e-9,9.44763574893136221e-9,-4.07515773099332670e-17,2.45100616309982118e-8,9.50748303596210653e-1,8.56191289111407627e-6
1052,4.87092060399415549e-5,1.99902581587920181e-2,5.08456313310937991e-1,5.08407446988847656e-1,1.00345101873152931e0,1.17462931580840346e-9,9.80570274552041726e-9,-1.31625081885276027e-17,2.47295938100085975e-8,9.50702615610887314e-1,8.57624113492772011e-6
1053,4.87092060399415549e-5,1.99902581587920181e-2,5.08407446988847656e-1,5.08358586752502450e-1,1.00335457984531939e0,1.17451642599912260e-9,1.11940991682367866e-8,5.32815983866844481e-18,2.48464088875629318e-8,9.50656931120142601e-1,8.58892425947832550e-6
1054,4.87092060399415549e-5,1.99902581587920181e-2,5.08358586752502450e-1,5.08309731249823260e-1,1.00325815296909338e0,1.17440354975323185e-9,1.12310014504736546e-8,3.21790033505950341e-17,2.50247990475895630e-8,9.50611248860226632e-1,8.59996234370274948e-6
1055,4.87092060399415549e-5,1.99902581587920181e-2,5.08309731249823260e-1,5.08260880901800216e-1,1.00316173543504861e0,1.17429068454447591e-9,1.16893489942654513e-8,-3.16883595158979806e-17,2.51033420102061941e-8,9.50565569225112261e-1,8.60935546675989372e-6
1056,4.87092060399415549e-5,1.99902581587920181e-2,5.08260880901800216e-1,5.08212035350562585e-1,1.00306532807355042e0,1.17417783063703973e-9,1.17903212384344027e-8,-4.36123913846152639e-17,2.50768782363048522e-8,9.50519891880490797e-1,8.61710370736457065e-6
1057,4.87092060399415549e-5,1.99902581587920181e-2,5.08212035350562585e-1,5.08163194844421628e-1,1.00296893017868793e0,1.17406498773805463e-9,1.21400657791322425e-8,9.67738947268855881e-18,2.51014181929617470e-8,9.50474217058958404e-1,8.62320714489772655e-6
1058,4.87092060399415549e-5,1.99902581587920181e-2,5.08163194844421628e-1,5.08114359590958520e-1,1.00287254224014277e0,1.17395215620865940e-9,1.26978764464392622e-8,6.37695090543892166e-17,2.51427420930850822e-8,9.50428544954962207e-1,8.62766585840724076e-6
1059,4.87092060399415549e-5,1.99902581587920181e-2,5.08114359590958520e-1,5.08065529390845150e-1,1.00277616466785835e0,1.17383933654991084e-9,1.30568641062751679e-8,-6.37796370538093159e-17,2.51812830733331842e-8,9.50382875382544401e-1,8.63047992682997034e-6
1060,4.87092060399415549e-5,1.99902581587920181e-2,5.08065529390845150e-1,5.08016704145658249e-1,1.00267979706848309e0,1.17372652833171514e-9,1.33179140281432880e-8,3.81512175947258420e-17,2.50080752668720059e-8,9.50337208249938170e-1,8.63663257477664814e-6
1061,4.87092060399415549e-5,1.99902581587920181e-2,5.08016704145658249e-1,5.07967883312596680e-1,1.00258343924753901e0,1.17361373117895934e-9,1.30366392721392322e-8,-3.08590067270563887e-17,2.48096673229974375e-8,9.50291543049803789e-1,8.65288098772509784e-6
1062,4.87092060399415549e-5,1.99902581587920181e-2,5.07967883312596680e-1,5.07919066913763206e-1,1.00248709013443382e0,1.17350094493233011e-9,1.27778913448696699e-8,-2.35354374423650501e-17,2.46976641971381761e-8,9.50245879803092608e-1,8.66746699967890777e-6
1063,4.87092060399415549e-5,1.99902581587920181e-2,5.07919066913763206e-1,5.07870253293531304e-1,1.00239074977259723e0,1.17338816940552797e-9,1.08639430671351785e-8,6.61194646545645891e-17,2.46093533153433110e-8,9.50200216961262001e-1,8.68039069079618031e-6
1064,4.87092060399415549e-5,1.99902581587920181e-2,5.07870253293531304e-1,5.07821445117427994e-1,1.00229441489517312e0,1.17327540188791617e-9,1.16157890948697350e-8,5.00205215397553918e-18,2.45120418623176315e-8,9.50154557018086043e-1,8.69165214079092863e-6
1065,4.87092060399415549e-5,1.99902581587920181e-2,5.07821445117427994e-1,5.07772642098261784e-1,1.00219809076178690e0,1.17316264647566354e-9,1.20809669622557306e-8,-6.71348371282795561e-17,2.44233905057043799e-8,9.50108899705219501e-1,8.70125142959921050e-6
1066,4.87092060399415549e-5,1.99902581587920181e-2,5.07772642098261784e-1,5.07723845239930416e-1,1.00210177680525536e0,1.17304990238138140e-9,1.35505381241332988e-8,4.14839679873713930e-18,2.42301164340787328e-8,9.50063245962335157e-1,8.70918863715708369e-6
1067,4.87092060399415549e-5,1.99902581587920181e-2,5.07723845239930416e-1,5.07675052655294889e-1,1.00200547500693693e0,1.17293717193379306e-9,1.31335625521899415e-8,1.18919720025359530e-17,2.39616698499566967e-8,9.50017594024237355e-1,8.71546384317856138e-6
1068,4.87092060399415549e-5,1.99902581587920181e-2,5.07675052655294889e-1,5.07626264262568627e-1,1.00190918164323417e0,1.17282445212039774e-9,1.26352111868111955e-8,6.83572314026206196e-17,2.37057814212538868e-8,9.49971943814666209e-1,8.72007712782174593e-6
1069,4.87092060399415549e-5,1.99902581587920181e-2,5.07626264262568627e-1,5.07577479965904299e-1,1.00181289655199435e0,1.17271174108068363e-9,1.20414156283595616e-8,-7.58448223309750980e-17,2.35022081242972653e-8,9.49926295244174934e-1,8.72302857080065053e-6
1070,4.87092060399415549e-5,1.99902581587920181e-2,5.07577479965904299e-1,5.07528700926564658e-1,1.00171661954482727e0,1.17259904047966563e-9,1.26092762975973292e-8,6.32075969924758194e-17,2.34161231617318081e-8,9.49880649399674870e-1,8.72584629552086710e-6
1071,4.87092060399415549e-5,1.99902581587920181e-2,5.07528700926564658e-1,5.07479925577893121e-1,1.00162035291293838e0,1.17248635126227681e-9,1.16109859505267488e-8,-3.48743978463786765e-18,2.33201206536798148e-8,9.49835004815450135e-1,8.74022827146436754e-6
1072,4.87092060399415549e-5,1.99902581587920181e-2,5.07479925577893121e-1,5.07431155000106049e-1,1.00152409356496297e0,1.17237367152460406e-9,1.16932667027473132e-8,-2.45072423132168491e-17,2.33004847622242191e-8,9.49789362502635237e-1,8.75291355750817957e-6
1073,4.87092060399415549e-5,1.99902581587920181e-2,5.07431155000106049e-1,5.07382388263431627e-1,1.00142784363236892e0,1.17226100261267514e-9,1.08462342020317262e-8,-2.76773971215753018e-18,2.32713242674056026e-8,9.49743721591378542e-1,8.76679069850005988e-6
1074,4.87092060399415549e-5,1.99902581587920181e-2,5.07382388263431627e-1,5.07333625570980162e-1,1.00133160128060128e0,1.17214834357301036e-9,1.02026812861161189e-8,-1.33044490729192520e-17,2.33410791876930207e-8,9.49698082271936195e-1,8.77940426813328401e-6
1075,4.87092060399415549e-5,1.99902581587920181e-2,5.07333625570980162e-1,5.07284866888338848e-1,1.00123536691050741e0,1.17203569453918303e-9,9.52510429947688544e-9,1.19258251962852982e-17,2.33760942621512979e-8,9.49652444512362304e-1,8.79035847656250979e-6
1076,4.87092060399415549e-5,1.99902581587920181e-2,5.07284866888338848e-1,5.07236114313422193e-1,1.00113914045383856e0,1.17192305420471080e-9,1.09458273158012743e-8,-9.07204215681000210e-18,2.32441563250140788e-8,9.49606810276653279e-1,8.79965340339072810e-6
1077,4.87092060399415549e-5,1.99902581587920181e-2,5.07236114313422193e-1,5.07187365531521217e-1,1.00104292605015632e0,1.17181042652436508e-9,1.00524284246564927e-8,-2.38955984985155388e-17,2.31924488730696919e-8,9.49561177398510092e-1,8.80728912833195210e-6
1078,4.87092060399415549e-5,1.99902581587920181e-2,5.07187365531521217e-1,5.07138621554268920e-1,1.00094671913240885e0,1.17169780790300384e-9,1.01710270984077213e-8,2.08597728585520226e-17,2.32040257943207521e-8,9.49515546825167478e-1,8.81326573143326186e-6
1079,4.87092060399415549e-5,1.99902581587920181e-2,5.07138621554268920e-1,5.07089881099375472e-1,1.00085052169664013e0,1.17158519972040655e-9,9.00779780563604347e-9,5.14817774508609429e-17,2.32725419448523142e-8,9.49469917356481119e-1,8.81758329207560365e-6
1080,4.87092060399415549e-5,1.99902581587920181e-2,5.07089881099375472e-1,5.07041146302526724e-1,1.00075433121276713e0,1.17147260123271283e-9,9.98059309426166561e-9,-3.72819467238836661e-17,2.33472751574535439e-8,9.49424290992107789e-1,8.82024189008401294e-6
1081,4.87092060399415549e-5,1.99902581587920181e-2,5.07041146302526724e-1,5.06992415342542913e-1,1.00065815189459406e0,1.17136001362935463e-9,9.13275236599688169e-9,-1.02095246869112722e-17,2.33782115360221694e-8,9.49378666027376306e-1,8.82124160539454749e-6
1082,4.87092060399415549e-5,1.99902581587920181e-2,5.06992415342542913e-1,5.06943690509033873e-1,1.00056198014874265e0,1.17124743575074717e-9,1.05748902894635803e-8,3.22442497029519918e-17,2.34371073013530519e-8,9.49333044606304965e-1,8.82058251761019818e-6
1083,4.87092060399415549e-5,1.99902581587920181e-2,5.06943690509033873e-1,5.06894970534851885e-1,1.00046582049317534e0,1.17113487157498110e-9,1.07504694443327973e-8,1.76477196978065340e-17,2.34825643195679245e-8,9.49287425542905572e-1,8.81826470633395587e-6
1084,4.87092060399415549e-5,1.99902581587920181e-2,5.06894970534851885e-1,5.06846254935988783e-1,1.00036967042742186e0,1.17102231791190429e-9,1.04425076304749400e-8,-9.33974261845053845e-17,2.35064479325983982e-8,9.49241808384229890e-1,8.81428825139085603e-6
1085,4.87092060399415549e-5,1.99902581587920181e-2,5.06846254935988783e-1,5.06797543044206100e-1,1.00027352899668087e0,1.17090977496874288e-9,9.46672774461502914e-9,-3.11856189919229517e-18,2.35612726892794126e-8,9.49196192504843328e-1,8.80865323271695644e-6
1086,4.87092060399415549e-5,1.99902581587920181e-2,5.06797543044206100e-1,5.06748835893007898e-1,1.00017739488228008e0,1.17079724129092416e-9,9.52480834813947745e-9,2.17417756933826147e-17,2.37276833235927552e-8,9.49150578872723139e-1,8.82363236365257819e-6
1087,4.87092060399415549e-5,1.99902581587920181e-2,5.06748835893007898e-1,5.06700132450051854e-1,1.00008127012359016e0,1.17068471909675875e-9,8.55100236011006435e-9,1.31829660194372641e-17,2.40111740616456368e-8,9.49104966521441273e-1,8.82355154607772363e-6
1088,4.87092060399415549e-5,1.99902581587920181e-2,5.06700132450051854e-1,5.06651434382405563e-1,9.99985152683275036e-1,1.17057220590922123e-9,9.24462043986908561e-9,-4.86152409407013042e-18,2.42170562991170616e-8,9.49059357012492666e-1,8.83959306519077614e-6
1089,4.87092060399415549e-5,1.99902581587920181e-2,5.06651434382405563e-1,5.06602742775710713e-1,9.99889045851760638e-1,1.17045970585938683e-9,1.10243969598866595e-8,-4.23903147476294208e-17,2.43862912407512127e-8,9.49013751363189884e-1,8.85395786920373240e-6
1090,4.87092060399415549e-5,1.99902581587920181e-2,5.06602742775710713e-1,5.06554054876376392e-1,9.99792951770046123e-1,1.17034721864613076e-9,1.00512034049576347e-8,1.03986128809849739e-16,2.44903438138104454e-8,9.48968146994810913e-1,8.86664603838571708e-6
1091,4.87092060399415549e-5,1.99902581587920181e-2,5.06554054876376392e-1,5.06505372827295131e-1,9.99696865005087476e-1,1.17023474042439248e-9,1.12212590280493751e-8,-1.32002871814641245e-17,2.43962662792619859e-8,9.48922545914850812e-1,8.87765765356096637e-6
1092,4.87092060399415549e-5,1.99902581587920181e-2,5.06505372827295131e-1,5.06456695604267204e-1,9.99600789785648036e-1,1.17012227553887011e-9,1.13676771668689855e-8,-1.14028816130292741e-17,2.44153999032515021e-8,9.48876947164378093e-1,8.88699279533167186e-6
1093,4.87092060399415549e-5,1.99902581587920181e-2,5.06456695604267204e-1,5.06408022788395695e-1,9.99504724090461094e-1,1.17000982174907175e-9,1.10956622994260066e-8,-1.28126041719727715e-17,2.44532471803087968e-8,9.48831350351220459e-1,8.89465154418900283e-6
1094,4.87092060399415549e-5,1.99902581587920181e-2,5.06408022788395695e-1,5.06359354407497686e-1,9.99408667093297565e-1,1.16989737907107739e-9,1.08518881507250437e-8,1.16999602213052438e-17,2.44884976068716843e-8,9.48785755501781458e-1,8.91260077173772203e-6
1095,4.87092060399415549e-5,1.99902581587920181e-2,5.06359354407497686e-1,5.06310691255447587e-1,9.99312618848722800e-1,1.16978494686394054e-9,1.14024148166124238e-8,-4.65339701470954061e-17,2.44684639148949537e-8,9.48740163360107358e-1,8.93197700191361577e-6
1096,4.87092060399415549e-5,1.99902581587920181e-2,5.06310691255447587e-1,5.06262032257207895e-1,9.99216580923482200e-1,1.16967252664485540e-9,1.08784065346508924e-8,-2.57994837184818903e-17,2.44745425942809152e-8,9.48694572919346002e-1,8.94969354559016494e-6
1097,4.87092060399415549e-5,1.99902581587920181e-2,5.06262032257207895e-1,5.06213379998201485e-1,9.99120551195469830e-1,1.16956011505934218e-9,1.29402204052775243e-8,-1.00148609646367179e-17,2.43312865730318739e-8,9.48648986602270927e-1,8.96575048281444964e-6
1098,4.87092060399415549e-5,1.99902581587920181e-2,5.06213379998201485e-1,5.06164731451979488e-1,9.99024534767088634e-1,1.16944771819899672e-9,1.19762331849084230e-8,2.72189703173759636e-17,2.44058178578669832e-8,9.48603401573564931e-1,8.98014789307843841e-6
1099,4.87092060399415549e-5,1.99902581587920181e-2,5.06164731451979488e-1,5.06116086972960177e-1,9.98928525666458622e-1,1.16933533052146179e-9,1.13670212178134870e-8,3.44734799470864750e-18,2.44071274244201210e-8,9.48557818165518762e-1,8.99288585642921134e-6
1100,4.87092060399415549e-5,1.99902581587920181e-2,5.06116086972960177e-1,5.06067447283958471e-1,9.98832524593028070e-1,1.16922295320299215e-9,1.14810151320183849e-8,5.56616947940200278e-18,2.43928475896015951e-8,9.48512237055746832e-1,9.00396445235873699e-6
1101,4.87092060399415549e-5,1.99902581587920181e-2,5.06067447283958471e-1,5.06018812601371937e-1,9.98736532972704705e-1,1.16911058629288715e-9,1.18118670748030024e-8,-1.14330025678547801e-17,2.43991567597328405e-8,9.48466658447397859e-1,9.01338376091409543e-6
1102,4.87092060399415549e-5,1.99902581587920181e-2,5.06018812601371937e-1,5.05970182055213047e-1,9.98640551232200635e-1,1.16899822997604151e-9,1.12732126076757607e-8,8.25797152978532736e-17,2.43490296864039463e-8,9.48421081525430587e-1,9.02114386147623293e-6
1103,4.87092060399415549e-5,1.99902581587920181e-2,5.05970182055213047e-1,5.05921555488973662e-1,9.98544577655396282e-1,1.16888588371421004e-9,1.05784478965817880e-8,-8.19487832856284517e-17,2.43251414196176800e-8,9.48375506143439684e-1,9.02724483420325186e-6
1104,4.87092060399415549e-5,1.99902581587920181e-2,5.05921555488973662e-1,5.05872933806246317e-1,9.98448611933379193e-1,1.16877354746986397e-9,1.07876580589975576e-8,4.57714932564175014e-18,2.42663638734097917e-8,9.48329933148577275e-1,9.03168675858712078e-6
1105,4.87092060399415549e-5,1.99902581587920181e-2,5.05872933806246317e-1,5.05824317680796498e-1,9.98352655848961157e-1,1.16866122215370765e-9,1.16711032299526225e-8,-7.23381026206198444e-19,2.41872467074387403e-8,9.48284363172713585e-1,9.03446971445287517e-6
1106,4.87092060399415549e-5,1.99902581587920181e-2,5.05824317680796498e-1,5.05775705265357201e-1,9.98256710731801888e-1,1.16854890945576455e-9,1.07078155037233763e-8,7.89894222214893374e-17,2.40808112023946962e-8,9.48238794484716818e-1,9.03559378151452819e-6
1107,4.87092060399415549e-5,1.99902581587920181e-2,5.05775705265357201e-1,5.05727098066606873e-1,9.98160772936651064e-1,1.16843660574286653e-9,1.12515630353160595e-8,-1.02215055709034902e-17,2.40013937144141076e-8,9.48193228497124951e-1,9.04008783886300904e-6
1108,4.87092060399415549e-5,1.99902581587920181e-2,5.05727098066606873e-1,5.05678495188439103e-1,9.98064845436548942e-1,1.16832431392958884e-9,1.08997055409946100e-8,-3.30639873443532673e-17,2.39185710413252183e-8,9.48147664370306953e-1,9.05593248901048753e-6
1109,4.87092060399415549e-5,1.99902581587920181e-2,5.05678495188439103e-1,5.05629898597682703e-1,9.97968926463335571e-1,1.16821203241025829e-9,1.25150921259793487e-8,3.39958327741738547e-18,2.38611955428890191e-8,9.48102103948479491e-1,9.07012048756428158e-6
1110,4.87092060399415549e-5,1.99902581587920181e-2,5.05629898597682703e-1,5.05581306850415579e-1,9.97873019897939306e-1,1.16809976440420354e-9,1.26871610608926259e-8,-4.16601657296513135e-17,2.37394459069875916e-8,9.48056545878399604e-1,9.08265191401635974e-6
1111,4.87092060399415549e-5,1.99902581587920181e-2,5.05581306850415579e-1,5.05532720162396809e-1,9.97777122891241652e-1,1.16798750773190725e-9,1.30754544891746019e-8,8.24719584794559907e-17,2.35800334027611065e-8,9.48010990362683215e-1,9.09352684796971289e-6
1112,4.87092060399415549e-5,1.99902581587920181e-2,5.05532720162396809e-1,5.05484136996349420e-1,9.97681235868912109e-1,1.16787526246086840e-9,1.19269574967795704e-8,-2.58642536148060174e-17,2.35818999831702662e-8,9.47965435960212766e-1,9.10274536880528728e-6
1113,4.87092060399415549e-5,1.99902581587920181e-2,5.05484136996349420e-1,5.05435556807078634e-1,9.97585355797570461e-1,1.16776302578520289e-9,1.02336041819334345e-8,-2.14561005970313011e-17,2.35793541195201664e-8,9.47919882159950045e-1,9.11030755657016300e-6
1114,4.87092060399415549e-5,1.99902581587920181e-2,5.05435556807078634e-1,5.05386981291875981e-1,9.97489481601857575e-1,1.16765079792141986e-9,1.02378285963736952e-8,-2.83873844393030416e-17,2.36646162700262823e-8,9.47874330553602484e-1,9.11621349064528630e-6
1115,4.87092060399415549e-5,1.99902581587920181e-2,5.05386981291875981e-1,5.05338410633115576e-1,9.97393616630549040e-1,1.16753858060597759e-9,1.04248763243948576e-8,6.97721271491150236e-17,2.37685247239196463e-8,9.47828781312558322e-1,9.12046325074467035e-6
1116,4.87092060399415549e-5,1.99902581587920181e-2,5.05338410633115576e-1,5.05289844835218771e-1,9.97297761243551184e-1,1.16742637448147486e-9,1.06168124829984786e-8,-7.75012730143084623e-17,2.38385657554221613e-8,9.47783234441289979e-1,9.12305691624926141e-6
1117,4.87092060399415549e-5,1.99902581587920181e-2,5.05289844835218771e-1,5.05241282849940410e-1,9.97201915449477894e-1,1.16731417950921036e-9,9.76097049592269049e-9,1.61432651063910136e-17,2.39114119472325743e-8,9.47737688956976521e-1,9.12399456709511725e-6
1118,4.87092060399415549e-5,1.99902581587920181e-2,5.05241282849940410e-1,5.05192726429644745e-1,9.97106077179811812e-1,1.16720199337917201e-9,1.06578593658087955e-8,5.59164002482373561e-18,2.40213639007138162e-8,9.47692146503460009e-1,9.12327628255216183e-6
1119,4.87092060399415549e-5,1.99902581587920181e-2,5.05192726429644745e-1,5.05144175336584844e-1,9.97010249892413714e-1,1.16708981912546100e-9,1.13175361719708991e-8,5.11953744355705826e-17,2.41342068996109151e-8,9.47646606858186802e-1,9.12090214244543063e-6
1120,4.87092060399415549e-5,1.99902581587920181e-2,5.05144175336584844e-1,5.05095628728223889e-1,9.96914433117849330e-1,1.16697765644736262e-9,1.11351884155991993e-8,-9.85575360099275562e-17,2.43283093232181613e-8,9.47601069231186921e-1,9.11687222615586990e-6
1121,4.87092060399415549e-5,1.99902581587920181e-2,5.05095628728223889e-1,5.05047085712849841e-1,9.96818625194455188e-1,1.16686550501600952e-9,1.00615594067106545e-8,8.88985314535336010e-17,2.45441648268562624e-8,9.47555532786292232e-1,9.11292552674414225e-6
1122,4.87092060399415549e-5,1.99902581587920181e-2,5.05047085712849841e-1,5.04998549509250494e-1,9.96722824362295534e-1,1.16675336278681760e-9,1.22070638556440430e-8,9.58357561069646973e-18,2.46146453412054002e-8,9.47510000543288156e-1,9.13149545167524224e-6
1123,4.87092060399415549e-5,1.99902581587920181e-2,5.04998549509250494e-1,5.04950016729232898e-1,9.96627036972411506e-1,1.16664123476266827e-9,1.09650300453128354e-8,-1.05194808429634674e-17,2.45170928890751397e-8,9.47464469324066250e-1,9.14842578281227503e-6
1124,4.87092060399415549e-5,1.99902581587920181e-2,5.04950016729232898e-1,5.04901489358824618e-1,9.96531256339363236e-1,1.16652911469407531e-9,1.17093529076576568e-8,-2.65277252579674503e-17,2.44263352321034693e-8,9.47418940992110103e-1,9.16371659931414229e-6
1125,4.87092060399415549e-5,1.99902581587920181e-2,5.04901489358824618e-1,5.04852966606682885e-1,9.96435486382190705e-1,1.16641700685899908e-9,1.16628529854251697e-8,-2.58548485712412895e-17,2.41819463661861475e-8,9.47373414805344760e-1,9.17736797978463414e-6
1126,4.87092060399415549e-5,1.99902581587920181e-2,5.04852966606682885e-1,5.04804448550869478e-1,9.96339725539173826e-1,1.16630490903229665e-9,1.16948587336451077e-8,1.69098597021582073e-17,2.39662905160584205e-8,9.47327890837338260e-1,9.18938000316060766e-6
1127,4.87092060399415549e-5,1.99902581587920181e-2,5.04804448550869478e-1,5.04755935621868157e-1,9.96243973964698437e-1,1.16619282338220714e-9,1.21577996979354774e-8,5.44802161814982874e-17,2.37874590334292510e-8,9.47282369492325582e-1,9.20292194805938379e-6
1128,4.87092060399415549e-5,1.99902581587920181e-2,5.04755935621868157e-1,5.04707427507380402e-1,9.96148232507411580e-1,1.16608074714833061e-9,1.23089351052311733e-8,-8.05371863354169092e-17,2.36152203089861286e-8,9.47236850477646164e-1,9.22038480954956441e-6
1129,4.87092060399415549e-5,1.99902581587920181e-2,5.04707427507380402e-1,5.04658922811315636e-1,9.96052500551885989e-1,1.16596868271574910e-9,1.10644424927272141e-8,3.92205503685200932e-17,2.35444392034634747e-8,9.47191332483481196e-1,9.23622245485589133e-6
1130,4.87092060399415549e-5,1.99902581587920181e-2,5.04658922811315636e-1,5.04610422819187443e-1,9.95956775343153522e-1,1.16585662709698258e-9,1.11057922754628736e-8,-2.96700239320175671e-17,2.35488612921769345e-8,9.47145816716423727e-1,9.25043496236011009e-6
1131,4.87092060399415549e-5,1.99902581587920181e-2,5.04610422819187443e-1,5.04561927638367269e-1,9.95861059417944006e-1,1.16574458318974315e-9,1.12549655636948191e-8,2.23314810238777937e-17,2.36159034197991868e-8,9.47100303277553124e-1,9.26302240999987703e-6
1132,4.87092060399415549e-5,1.99902581587920181e-2,5.04561927638367269e-1,5.04513436688811545e-1,9.95765352987860175e-1,1.16563255036661867e-9,1.08245578744122735e-8,-2.79352309728693056e-17,2.36894801185529899e-8,9.47054791622788938e-1,9.27398487593489307e-6
1133,4.87092060399415549e-5,1.99902581587920181e-2,5.04513436688811545e-1,5.04464950132119005e-1,9.95669654908506674e-1,1.16552052817273053e-9,1.05561555877743552e-8,3.56989645681960366e-19,2.37056216467844148e-8,9.47009281904087064e-1,9.28332243832485915e-6
1134,4.87092060399415549e-5,1.99902581587920181e-2,5.04464950132119005e-1,5.04416468323424128e-1,9.95573965498688040e-1,1.16540851615694145e-9,1.06433100274231161e-8,5.57339804533898118e-17,2.36813950341965686e-8,9.46963774455049201e-1,9.29103517510743160e-6
1135,4.87092060399415549e-5,1.99902581587920181e-2,5.04416468323424128e-1,5.04367990648332043e-1,9.95478285459083234e-1,1.16529651448308737e-9,1.01165261476444105e-8,-3.24443446931285692e-17,2.36778142418608040e-8,9.46918268699292076e-1,9.30060769288587608e-6
1136,4.87092060399415549e-5,1.99902581587920181e-2,5.04367990648332043e-1,5.04319518193390826e-1,9.95382613576842989e-1,1.16518452165711075e-9,1.06766874930378142e-8,5.78380880493470739e-17,2.36946460704847427e-8,9.46872765657046811e-1,9.31160679928932922e-6
1137,4.87092060399415549e-5,1.99902581587920181e-2,5.04319518193390826e-1,5.04271049630194645e-1,9.95286951997189417e-1,1.16507254168361667e-9,9.90894507177835141e-9,-9.70379787548880426e-17,2.38906873534108668e-8,9.46827264081606668e-1,9.32094948691286618e-6
1138,4.87092060399415549e-5,1.99902581587920181e-2,5.04271049630194645e-1,5.04222585561646230e-1,9.95191298097960697e-1,1.16496057028926003e-9,9.74447914386603635e-9,8.13037329547085748e-17,2.40473295425693954e-8,9.46781764539230686e-1,9.32863583524845552e-6
1139,4.87092060399415549e-5,1.99902581587920181e-2,5.04222585561646230e-1,5.04174127105359582e-1,9.95095653069177133e-1,1.16484860998183509e-9,1.06980595725510057e-8,-3.43609817294180381e-17,2.41122360295890250e-8,9.46736268079467869e-1,9.33466592423215502e-6
1140,4.87092060399415549e-5,1.99902581587920181e-2,5.04174127105359582e-1,5.04125673971015376e-1,9.95000019116161538e-1,1.16473666224330665e-9,1.13618600354344664e-8,-2.90640496132346952e-17,2.41670584570024481e-8,9.46690774430269055e-1,9.33903983280082173e-6
1141,4.87092060399415549e-5,1.99902581587920181e-2,5.04125673971015376e-1,5.04077223611153258e-1,9.94904395665923480e-1,1.16462472681792059e-9,9.47871163284366854e-9,5.75733141527137501e-17,2.41955933342984500e-8,9.46645281199932631e-1,9.34175764122358032e-6
1142,4.87092060399415549e-5,1.99902581587920181e-2,5.04077223611153258e-1,5.04028779764357671e-1,9.94808777691443935e-1,1.16451279815598095e-9,1.13344145257445942e-8,3.83458928975289720e-18,2.40716846311880848e-8,9.46599791899203513e-1,9.34281942877035476e-6
1143,4.87092060399415549e-5,1.99902581587920181e-2,5.04028779764357671e-1,5.03980340718352626e-1,9.94713172570324544e-1,1.16440088400225014e-9,1.14784674661753527e-8,-2.26369902569569038e-17,2.39379427574429180e-8,9.46554304920647516e-1,9.34222527515515822e-6
1144,4.87092060399415549e-5,1.99902581587920181e-2,5.03980340718352626e-1,5.03931905679364633e-1,9.94617576923015112e-1,1.16428897928715697e-9,1.08292083203063964e-8,-1.87452527130439430e-18,2.39019435436777119e-8,9.46508819519212841e-1,9.33997525975893694e-6
1145,4.87092060399415549e-5,1.99902581587920181e-2,5.03931905679364633e-1,5.03883474304905654e-1,9.94521989184267485e-1,1.16417708512977031e-9,9.83784636943358938e-9,-4.81955791287286511e-18,2.38647047750364906e-8,9.46463335373433301e-1,9.33606946251774872e-6
1146,4.87092060399415549e-5,1.99902581587920181e-2,5.03883474304905654e-1,5.03835048368509453e-1,9.94426408677991480e-1,1.16406520017074560e-9,1.06203704287349748e-8,2.50977467001837543e-17,2.38152650606183267e-8,9.46417854149219084e-1,9.34017838138956336e-6
1147,4.87092060399415549e-5,1.99902581587920181e-2,5.03835048368509453e-1,5.03786626955814665e-1,9.94330838903613290e-1,1.16395332731339269e-9,1.04890558768353977e-8,3.19357411129717644e-17,2.38481526002134972e-8,9.46372374988195819e-1,9.34505338712199318e-6
1148,4.87092060399415549e-5,1.99902581587920181e-2,5.03786626955814665e-1,5.03738210395307751e-1,9.94235278056665783e-1,1.16384146408892114e-9,1.06866627548462039e-8,-9.24478344218230844e-17,2.39040412889374140e-8,9.46326898199145505e-1,9.34823788989458393e-6
1149,4.87092060399415549e-5,1.99902581587920181e-2,5.03738210395307751e-1,5.03689799389088533e-1,9.94139726785683520e-1,1.16372961222030723e-9,1.15868356341223388e-8,3.09313023125935233e-17,2.39782999415911733e-8,9.46281424441979047e-1,9.35298327953137942e-6
1150,4.87092060399415549e-5,1.99902581587920181e-2,5.03689799389088533e-1,5.03641393145315086e-1,9.94044186475722125e-1,1.16361777240143948e-9,1.16957005995171513e-8,3.34065112554829004e-17,2.40905067610133188e-8,9.46235952973282890e-1,9.35892171527452632e-6
1151,4.87092060399415549e-5,1.99902581587920181e-2,5.03641393145315086e-1,5.03592990238467042e-1,9.93948655564718897e-1,1.16350594441994753e-9,1.03795030716406302e-8,-3.53133528189585163e-17,2.42074962677904678e-8,9.46190482454192683e-1,9.36320684041813678e-6
1152,4.87092060399415549e-5,1.99902581587920181e-2,5.03592990238467042e-1,5.03544593300265020e-1,9.93853131240170606e-1,1.16339412652475022e-9,1.16953468361058410e-8,3.37378169431450892e-17,2.43219230888163408e-8,9.46145015357278796e-1,9.36583873401009015e-6
1153,4.87092060399415549e-5,1.99902581587920181e-2,5.03544593300265020e-1,5.03496200758966395e-1,9.93757618694352973e-1,1.16328232093152380e-9,1.14400217622572199e-8,3.64781802857495644e-17,2.43338246694684427e-8,9.46099550206376594e-1,9.36681747587542191e-6
1154,4.87092060399415549e-5,1.99902581587920181e-2,5.03496200758966395e-1,5.03447814051536269e-1,9.93662114825880072e-1,1.16317052575374164e-9,1.26220845546694148e-8,-6.84196818845071481e-17,2.42123330552758239e-8,9.46054088351874323e-1,9.36614314539507831e-6
1155,4.87092060399415549e-5,1.99902581587920181e-2,5.03447814051536269e-1,5.03399432108880385e-1,9.93566622470167693e-1,1.16305874226362492e-9,1.27356136735054827e-8,8.42863129786420527e-18,2.40076342073343572e-8,9.46008628789725692e-1,9.37041401938287777e-6
1156,4.87092060399415549e-5,1.99902581587920181e-2,5.03399432108880385e-1,5.03351053813059890e-1,9.93471139518257829e-1,1.16294697048308769e-9,1.17316620537498010e-8,1.13125799599180852e-17,2.40292755093259947e-8,9.45963170469744208e-1,9.38387675897267570e-6
1157,4.87092060399415549e-5,1.99902581587920181e-2,5.03351053813059890e-1,5.03302680519354118e-1,9.93375663763861660e-1,1.16283520760893151e-9,1.20833403632499956e-8,-5.58679440079539998e-18,2.39393826986387930e-8,9.45917714665708176e-1,9.40471241861473572e-6
1158,4.87092060399415549e-5,1.99902581587920181e-2,5.03302680519354118e-1,5.03254310993347831e-1,9.93280197880838434e-1,1.16272345520981382e-9,1.12010842612272679e-8,-3.13901013480685103e-17,2.39571027680172241e-8,9.45872260217901606e-1,9.42391124070240949e-6
1159,4.87092060399415549e-5,1.99902581587920181e-2,5.03254310993347831e-1,5.03205946388260550e-1,9.93184739433934372e-1,1.16261171264600948e-9,1.14724097869922805e-8,3.25181837976887278e-17,2.39910369238607657e-8,9.45826808210355474e-1,9.44147330383948713e-6
1160,4.87092060399415549e-5,1.99902581587920181e-2,5.03205946388260550e-1,5.03157585857880507e-1,9.93089290698390026e-1,1.16249998082847100e-9,1.08979966538349838e-8,9.90163482802923440e-18,2.41021317448258673e-8,9.45781357848106019e-1,9.45739868662975880e-6
1161,4.87092060399415549e-5,1.99902581587920181e-2,5.03157585857880507e-1,5.03109229188889673e-1,9.92993850004744716e-1,1.16238825982276586e-9,1.01106571460029254e-8,3.57543443102064618e-17,2.42943795539747717e-8,9.45735908930854241e-1,9.47168746801008155e-6
1162,4.87092060399415549e-5,1.99902581587920181e-2,5.03109229188889673e-1,5.03060878025713198e-1,9.92898416931902505e-1,1.16227654792764557e-9,1.09681140618985664e-8,-1.63562012483968642e-17,2.44034569269630723e-8,9.45690463004483561e-1,9.48433972636220091e-6
1163,4.87092060399415549e-5,1.99902581587920181e-2,5.03060878025713198e-1,5.03012531147852271e-1,9.92802994724415355e-1,1.16216484789515967e-9,1.06056014001562804e-8,-7.30029738533777170e-17,2.44591324186476752e-8,9.45645018922184999e-1,9.49535554040092933e-6
1164,4.87092060399415549e-5,1.99902581587920181e-2,5.03012531147852271e-1,5.02964189448696364e-1,9.92707580974447779e-1,1.16205315891815689e-9,1.11368900174630504e-8,1.28247256766691236e-17,2.44258345309970235e-8,9.45599577524038115e-1,9.50473498873005695e-6
1165,4.87092060399415549e-5,1.99902581587920181e-2,5.02964189448696364e-1,5.02915851017535775e-1,9.92612177444909816e-1,1.16194148194280717e-9,9.75796685378659026e-9,-4.92324169393393692e-18,2.44159617177551881e-8,9.45554137014214646e-1,9.51247815028644084e-6
1166,4.87092060399415549e-5,1.99902581587920181e-2,5.02915851017535775e-1,5.02867518728424279e-1,9.92516780364948503e-1,1.16182981266439662e-9,1.12534115032349317e-8,8.30097764244869433e-17,2.43333910256864817e-8,9.45508700094795707e-1,9.51858510345182651e-6
1167,4.87092060399415549e-5,1.99902581587920181e-2,5.02867518728424279e-1,5.02819193276063836e-1,9.92421395405653217e-1,1.16171815611358668e-9,1.34441486978513327e-8,-3.63082045960372678e-17,2.41636803626666700e-8,9.45463267419446751e-1,9.52860899672280937e-6
1168,4.87092060399415549e-5,1.99902581587920181e-2,5.02819193276063836e-1,5.02770870992960695e-1,9.92326023937972534e-1,1.16160651358694532e-9,1.19680491260372609e-8,9.48215995887501833e-18,2.39177239566554489e-8,9.45417835540558360e-1,9.54072875369860185e-6
1169,4.87092060399415549e-5,1.99902581587920181e-2,5.02770870992960695e-1,5.02722555343715682e-1,9.92230658725549275e-1,1.16149487959306406e-9,1.39568551554141418e-8,-3.73798088077935897e-17,2.37176613332185615e-8,9.45372407715842411e-1,9.55122641654870819e-6
1170,4.87092060399415549e-5,1.99902581587920181e-2,5.02722555343715682e-1,5.02674243109136998e-1,9.92135306604062461e-1,1.16138325876416820e-9,1.27271069027255069e-8,3.17680418243052138e-17,2.35315551214681268e-8,9.45326980918894111e-1,9.56010206287771780e-6
1171,4.87092060399415549e-5,1.99902581587920181e-2,5.02674243109136998e-1,5.02625934725686396e-1,9.92039961222376254e-1,1.16127164782419008e-9,1.19341487506160922e-8,3.64067797096352121e-17,2.35212617259599833e-8,9.45281555560274045e-1,9.56735577073430932e-6
1172,4.87092060399415549e-5,1.99902581587920181e-2,5.02625934725686396e-1,5.02577630724198032e-1,9.91944623441401996e-1,1.16116004629145232e-9,1.16723950513088442e-8,-4.21095051276411441e-17,2.34578258176622067e-8,9.45236132139386620e-1,9.57298761816716137e-6
1173,4.87092060399415549e-5,1.99902581587920181e-2,5.02577630724198032e-1,5.02529330944145536e-1,9.91849294308300600e-1,1.16104845456087637e-9,1.12505360680909540e-8,1.45243601510614313e-17,2.34524287847212576e-8,9.45190710505557807e-1,9.57699768300290799e-6
1174,4.87092060399415549e-5,1.99902581587920181e-2,5.02529330944145536e-1,5.02481034974866514e-1,9.91753973506489417e-1,1.16093687269286295e-9,1.04184206023715527e-8,-3.86455142590079296e-17,2.35082848303067223e-8,9.45145290272779826e-1,9.57938604329022780e-6
1175,4.87092060399415549e-5,1.99902581587920181e-2,5.02481034974866514e-1,5.02432742257826082e-1,9.91658660225908428e-1,1.16082530108510707e-9,9.02813645830997505e-9,4.44116596145783022e-17,2.35420437206944863e-8,9.45099870916020213e-1,9.58183974564263963e-6
1176,4.87092060399415549e-5,1.99902581587920181e-2,5.02432742257826082e-1,5.02384455242844363e-1,9.91563353363621891e-1,1.16071373719373386e-9,1.00879852550472859e-8,-6.64854259011702996e-17,2.35520566598391748e-8,9.45054454739559069e-1,9.58624880464942208e-6
1177,4.87092060399415549e-5,1.99902581587920181e-2,5.02384455242844363e-1,5.02336173625961946e-1,9.91468057754068210e-1,1.16060218502948425e-9,1.08444224941461140e-8,6.70202626872736112e-17,2.36031813187774130e-8,9.45009041457980259e-1,9.59965451940991699e-6
1178,4.87092060399415549e-5,1.99902581587920181e-2,5.02336173625961946e-1,5.02287895447329880e-1,9.91372772797743274e-1,1.16049064544864133e-9,9.64152988081204877e-9,8.86969227228360515e-19,2.37289842707366332e-8,9.44963629228128710e-1,9.61176634695082299e-6
1179,4.87092060399415549e-5,1.99902581587920181e-2,5.02287895447329880e-1,5.02239621790285251e-1,9.91277494627389677e-1,1.16037911479237680e-9,9.52230486650230904e-9,-4.72039781714572330e-17,2.38919600145131389e-8,9.44918219069282972e-1,9.62219018862953135e-6
1180,4.87092060399415549e-5,1.99902581587920181e-2,5.02239621790285251e-1,5.02191353315833422e-1,9.91182225380481952e-1,1.16026759484309304e-9,1.00645197502883132e-8,1.14137904709476234e-17,2.40389139786882409e-8,9.44872811603574725e-1,9.63092612560334516e-6
1181,4.87092060399415549e-5,1.99902581587920181e-2,5.02191353315833422e-1,5.02143089138811449e-1,9.91086966360753219e-1,1.16015608433953421e-9,9.72206989885419612e-9,1.06388942905528475e-17,2.41414013639004615e-8,9.44827405998619252e-1,9.63797423914058982e-6
1182,4.87092060399415549e-5,1.99902581587920181e-2,5.02143089138811449e-1,5.02094829704406775e-1,9.90991715822546193e-1,1.16004458546731497e-9,9.82522057834464431e-9,3.79578508916517709e-17,2.41518347566480303e-8,9.44782002673535182e-1,9.64333461028754613e-6
1183,4.87092060399415549e-5,1.99902581587920181e-2,5.02094829704406775e-1,5.02046575427985919e-1,9.90896474643850778e-1,1.15993309725485793e-9,1.03441938134210621e-8,-8.76286669381993444e-17,2.41658717546788817e-8,9.44736602019483507e-1,9.64700732020151719e-6
1184,4.87092060399415549e-5,1.99902581587920181e-2,5.02046575427985919e-1,5.01998326191692379e-1,9.90801243644344631e-1,1.15982162044256687e-9,1.07458061350719436e-8,6.70420456615245826e-18,2.41718551282318776e-8,9.44691203925934753e-1,9.65051214163459292e-6
1185,4.87092060399415549e-5,1.99902581587920181e-2,5.01998326191692379e-1,5.01950081743394949e-1,9.90706022591513635e-1,1.15971015494916198e-9,1.08957717441418387e-8,9.21425650711216147e-17,2.41846040377599751e-8,9.44645808156033384e-1,9.65823660281639462e-6
1186,4.87092060399415549e-5,1.99902581587920181e-2,5.01950081743394949e-1,5.01901842009910393e-1,9.90610810988241886e-1,1.15959870152210601e-9,1.09730146635519636e-8,-1.01544445497187137e-16,2.41874888281286510e-8,9.44600414641229347e-1,9.66431053228689052e-6
1187,4.87092060399415549e-5,1.99902581587920181e-2,5.01901842009910393e-1,5.01853607584511807e-1,9.90515608689513383e-1,1.15948725812631937e-9,1.16439834838798956e-8,1.08046612853084743e-16,2.41013408141548086e-8,9.44555023940144678e-1,9.66873400942702688e-6
1188,4.87092060399415549e-5,1.99902581587920181e-2,5.01853607584511807e-1,5.01805377446961520e-1,9.90420416866248821e-1,1.15937582688610548e-9,1.12952252662437504e-8,-7.71401540830086372e-17,2.40041907375119863e-8,9.44509635093078392e-1,9.67150711328468304e-6
1189,4.87092060399415549e-5,1.99902581587920181e-2,5.01805377446961520e-1,5.01757152934246498e-1,9.90325233505300551e-1,1.15926440614445159e-9,1.22838659656672149e-8,-3.16016064676146442e-17,2.39476688271678215e-8,9.44464249358537233e-1,9.67262992368489449e-6
1190,4.87092060399415549e-5,1.99902581587920181e-2,5.01757152934246498e-1,5.01708931298156746e-1,9.90230061245072180e-1,1.15915299800144747e-9,1.05248372856343967e-8,9.51420212339123994e-17,2.39446782121656268e-8,9.44418864150426418e-1,9.67210251956451827e-6
1191,4.87092060399415549e-5,1.99902581587920181e-2,5.01708931298156746e-1,5.01660715427242998e-1,9.90134894661920728e-1,1.15904159629152624e-9,1.16546361499923252e-8,-7.10862904949739451e-17,2.38468747353310311e-8,9.44373482187575330e-1,9.67762228720747686e-6
1192,4.87092060399415549e-5,1.99902581587920181e-2,5.01660715427242998e-1,5.01612504895872502e-1,9.90039739456328394e-1,1.15893020766482814e-9,1.23593561479530525e-8,5.66046873097753798e-17,2.37737076247916364e-8,9.44328103069890235e-1,9.69042030851685610e-6
1193,4.87092060399415549e-5,1.99902581587920181e-2,5.01612504895872502e-1,5.01564298063842728e-1,9.89944594788545462e-1,1.15881883130826420e-9,1.14243870675295143e-8,9.38361462377912593e-18,2.37656266591269224e-8,9.44282725253751676e-1,9.70157041924046837e-6
1194,4.87092060399415549e-5,1.99902581587920181e-2,5.01564298063842728e-1,5.01516095228600189e-1,9.89849457421963841e-1,1.15870746452095758e-9,1.07872200804032822e-8,6.88224857555959704e-18,2.38038670028251195e-8,9.44237349019388383e-1,9.71107269831517073e-6
1195,4.87092060399415549e-5,1.99902581587920181e-2,5.01516095228600189e-1,5.01467896769902444e-1,9.89754327943225043e-1,1.15859610745041072e-9,1.05301949233998989e-8,-6.61657305205859051e-17,2.38736712773580602e-8,9.44191974724497118e-1,9.71984303677064787e-6
1196,4.87092060399415549e-5,1.99902581587920181e-2,5.01467896769902444e-1,5.01419702727004202e-1,9.89659207101794558e-1,1.15848475995114012e-9,1.03128450071741487e-8,3.74572130607938518e-17,2.39192678115995570e-8,9.44146602406362723e-1,9.73573189955168061e-6
1197,4.87092060399415549e-5,1.99902581587920181e-2,5.01419702727004202e-1,5.01371514542992225e-1,9.89564094975527442e-1,1.15837342381753007e-9,1.15390064885966340e-8,1.96025426998939009e-18,2.40358723883125633e-8,9.44101233423940922e-1,9.75681350134927072e-6
1198,4.87092060399415549e-5,1.99902581587920181e-2,5.01371514542992225e-1,5.01323331403404349e-1,9.89468994411389025e-1,1.15826210038751420e-9,1.19512689612738492e-8,-1.97697787674174218e-17,2.40577486749405836e-8,9.44055867010825778e-1,9.77624965914358768e-6
1199,4.87092060399415549e-5,1.99902581587920181e-2,5.01323331403404349e-1,5.01275152012792713e-1,9.89373903802257537e-1,1.15815078768422328e-9,1.10685683997018075e-8,2.24186377363000560e-17,2.40202018857672384e-8,9.44010501947611935e-1,9.79404045209353313e-6
1200,4.87092060399415549e-5,1.99902581587920181e-2,5.01275152012792713e-1,5.01226978536728374e-1,9.89278820592129460e-1,1.15803948446648541e-9,1.23517993322712481e-8,1.63685775247218826e-17,2.38765240053429910e-8,9.43965140273715364e-1,9.81018595902494184e-6
1201,4.87092060399415549e-5,1.99902581587920181e-2,5.01226978536728374e-1,5.01178808734956016e-1,9.89183749053934580e-1,1.15792819372993725e-9,1.13953435033777763e-8,-2.46879647334474346e-17,2.38101875758038981e-8,9.43919779879954901e-1,9.82468625920773775e-6
1202,4.87092060399415549e-5,1.99902581587920181e-2,5.01178808734956016e-1,5.01130642565907780e-1,9.89088684767634896e-1,1.15781691276454300e-9,1.03976729974843484e-8,-2.47235632782892667e-17,2.39577646623045734e-8,9.43874420727384145e-1,9.83754143180082252e-6
1203,4.87092060399415549e-5,1.99902581587920181e-2,5.01130642565907780e-1,5.01082481374330535e-1,9.88993627650835649e-1,1.15770564081497364e-9,1.07450985788600805e-8,-3.09575421359849305e-17,2.40061082090594357e-8,9.43829064082656211e-1,9.84875155585207551e-6
1204,4.87092060399415549e-5,1.99902581587920181e-2,5.01082481374330535e-1,5.01034325114154022e-1,9.88898580356836310e-1,1.15759437942401760e-9,1.10469322609047703e-8,5.36454883730363259e-17,2.40060760297045764e-8,9.43783709902705992e-1,9.85831671029835377e-6
1205,4.87092060399415549e-5,1.99902581587920181e-2,5.01034325114154022e-1,5.00986173337076512e-1,9.88803542795317902e-1,1.15748313036117239e-9,1.09009384490416043e-8,-4.78208812004931555e-17,2.39493510848914065e-8,9.43738357765687041e-1,9.86623697429855895e-6
1206,4.87092060399415549e-5,1.99902581587920181e-2,5.00986173337076512e-1,5.00938025465767267e-1,9.88708514081304002e-1,1.15737189161812291e-9,1.01780446362676888e-8,5.74460788852520685e-17,2.38057025860646398e-8,9.43693007128092121e-1,9.87290341636359869e-6
1207,4.87092060399415549e-5,1.99902581587920181e-2,5.00938025465767267e-1,5.00889882512032147e-1,9.88613493075320648e-1,1.15726066148772718e-9,1.04673322937466754e-8,-2.78537023973348541e-18,2.37704483592822207e-8,9.43647658943180034e-1,9.88142387570167813e-6
1208,4.87092060399415549e-5,1.99902581587920181e-2,5.00889882512032147e-1,5.00841744725124216e-1,9.88518481774529501e-1,1.15714944317297660e-9,1.10063456846558216e-8,-1.34167785457427281e-17,2.38385272711893910e-8,9.43602313446134988e-1,9.88832527848426679e-6
1209,4.87092060399415549e-5,1.99902581587920181e-2,5.00841744725124216e-1,5.00793612167582780e-1,9.88423480670378773e-1,1.15703823563651741e-9,1.16083949730465536e-8,4.50155560556624409e-17,2.37179683460725796e-8,9.43556970696277197e-1,9.89360770276004331e-6
1210,4.87092060399415549e-5,1.99902581587920181e-2,5.00793612167582780e-1,5.00745484234957239e-1,9.88328489886113326e-1,1.15692703978686110e-9,1.16064964776257845e-8,-5.16935042548112409e-17,2.36221114313595061e-8,9.43511630124517109e-1,9.89727122591155251e-6
1211,4.87092060399415549e-5,1.99902581587920181e-2,5.00745484234957239e-1,5.00697360799462698e-1,9.88233508229091617e-1,1.15681585451900728e-9,1.14772574774529774e-8,3.27840462640081713e-17,2.35182825196935375e-8,9.43466291610772889e-1,9.89931592620951761e-6
1212,4.87092060399415549e-5,1.99902581587920181e-2,5.00697360799462698e-1,5.00649241532845402e-1,9.88138535447332989e-1,1.15670467949827454e-9,1.10201971987370660e-8,-6.49290988135415789e-17,2.35249339559595040e-8,9.43420954846100113e-1,9.89974188092546115e-6
1213,4.87092060399415549e-5,1.99902581587920181e-2,5.00649241532845402e-1,5.00601126853210565e-1,9.88043570893284206e-1,1.15659351476987864e-9,1.09816427232992002e-8,6.11152303981331351e-18,2.35356135417452287e-8,9.43375620224675249e-1,9.89913045379431367e-6
1214,4.87092060399415549e-5,1.99902581587920181e-2,5.00601126853210565e-1,5.00553016708963128e-1,9.87948615391632146e-1,1.15648236057138916e-9,1.08919341166019199e-8,7.13875976505412858e-17,2.34976701942242317e-8,9.43330287698214587e-1,9.90037697190526700e-6
1215,4.87092060399415549e-5,1.99902581587920181e-2,5.00553016708963128e-1,5.00504910176478690e-1,9.87853668840498744e-1,1.15637121666185087e-9,9.87903723513344163e-9,-2.53835640716004271e-17,2.35881123123214213e-8,9.43284956396599483e-1,9.89997326983349524e-6
1216,4.87092060399415549e-5,1.99902581587920181e-2,5.00504910176478690e-1,5.00456808714636270e-1,9.87758729417933634e-1,1.15626008243505619e-9,1.03253665024726356e-8,-3.61549991660638714e-17,2.36841704831029586e-8,9.43239627694903215e-1,9.89831467035351409e-6
1217,4.87092060399415549e-5,1.99902581587920181e-2,5.00456808714636270e-1,5.00408712678104051e-1,9.87663800002303138e-1,1.15614895999643496e-9,1.11268513037584340e-8,2.08888896161138891e-17,2.38163677387026388e-8,9.43194301927711365e-1,9.90326861538548542e-6
1218,4.87092060399415549e-5,1.99902581587920181e-2,5.00408712678104051e-1,5.00360620543828016e-1,9.87568881293571121e-1,1.15603784998464381e-9,1.04058036806755018e-8,-1.83631449008811974e-18,2.39584269922330278e-8,9.43148977660002164e-1,9.90651772947437337e-6
1219,4.87092060399415549e-5,1.99902581587920181e-2,5.00360620543828016e-1,5.00312533903428891e-1,9.87473970286035452e-1,1.15592674894440562e-9,1.12767518515467253e-8,1.57781045706182545e-17,2.40997757899704371e-8,9.43103656392117573e-1,9.90806209455463716e-6
1220,4.87092060399415549e-5,1.99902581587920181e-2,5.00312533903428891e-1,5.00264451872082128e-1,9.87379070120377733e-1,1.15581565987171126e-9,1.12634035701912108e-8,2.59523897090735425e-17,2.41722104377998285e-8,9.43058337290527016e-1,9.90851487070454340e-6
1221,4.87092060399415549e-5,1.99902581587920181e-2,5.00264451872082128e-1,5.00216374121767449e-1,9.87284179050940791e-1,1.15570458169558293e-9,1.09224781921625236e-8,-8.60164158237171385e-17,2.41177916041018573e-8,9.43013020046315820e-1,9.91211626533150536e-6
1222,4.87092060399415549e-5,1.99902581587920181e-2,5.00216374121767449e-1,5.00168301954731276e-1,9.87189296429865637e-1,1.15559351241250789e-9,1.18842104965248836e-8,4.55392077055228104e-17,2.40008995079141766e-8,9.42967705887311602e-1,9.91687507378991029e-6
1223,4.87092060399415549e-5,1.99902581587920181e-2,5.00168301954731276e-1,5.00120233252691726e-1,9.87094424827423600e-1,1.15548245564579593e-9,1.07281977604696742e-8,3.06361659243958281e-17,2.39452813316703260e-8,9.42922392817066468e-1,9.93017765127390817e-6
1224,4.87092060399415549e-5,1.99902581587920181e-2,5.00120233252691726e-1,5.00072169863308602e-1,9.86999560064153791e-1,1.15537140916926932e-9,1.14201780452699202e-8,-8.18338184153733818e-17,2.39798433007113472e-8,9.42877082577633141e-1,9.94281172916888778e-6
1225,4.87092060399415549e-5,1.99902581587920181e-2,5.00072169863308602e-1,5.00024110592615423e-1,9.86904705785142777e-1,1.15526037382192660e-9,1.09187023106613252e-8,1.26549865606120172e-17,2.39741055847614082e-8,9.42831774043743853e-1,9.95369476941565523e-6
1226,4.87092060399415549e-5,1.99902581587920181e-2,5.00024110592615423e-1,4.99976055610779013e-1,9.86809859634364517e-1,1.15514934726541336e-9,1.05877893565307730e-8,6.27177439424443666e-17,2.39764194429021927e-8,9.42786467376065418e-1,9.96282685583604888e-6
1227,4.87092060399415549e-5,1.99902581587920181e-2,4.99976055610779013e-1,4.99928006667013314e-1,9.86715021948302295e-1,1.15503833217679793e-9,1.20065027528750688e-8,7.96058769186332562e-19,2.39358314944165384e-8,9.42741164224190631e-1,9.97020807280701860e-6
1228,4.87092060399415549e-5,1.99902581587920181e-2,4.99928006667013314e-1,4.99879962670071343e-1,9.86620196177405706e-1,1.15492732883120161e-9,1.23345495094050217e-8,-3.64590790310444899e-17,2.39365712999377846e-8,9.42695863559652070e-1,9.97583850426142504e-6
1229,4.87092060399415549e-5,1.99902581587920181e-2,4.99879962670071343e-1,4.99831922294021125e-1,9.86525380169308241e-1,1.15481633708389674e-9,1.13371397192885705e-8,2.42018885900928990e-17,2.39176209141302361e-8,9.42650564132501922e-1,9.98990138068034383e-6
1230,4.87092060399415549e-5,1.99902581587920181e-2,4.99831922294021125e-1,4.99783886024752488e-1,9.86430571307746029e-1,1.15470535476919234e-9,1.08259679185174506e-8,1.65109998282300378e-17,2.39944149411537124e-8,9.42605266401081665e-1,1.00028493505988081e-5
1231,4.87092060399415549e-5,1.99902581587920181e-2,4.99783886024752488e-1,4.99735854765761156e-1,9.86335770551045155e-1,1.15459438210857614e-9,1.12186866417751079e-8,-2.08258534903536731e-17,2.40390254841950444e-8,9.42559971217747150e-1,1.00202780873859254e-5
1232,4.87092060399415549e-5,1.99902581587920181e-2,4.99735854765761156e-1,4.99687827357366221e-1,9.86240979682310837e-1,1.15448342146528476e-9,1.04522060417043614e-8,-1.87017694826032555e-17,2.41162706683286714e-8,9.42514677489145858e-1,1.00366753179592649e-5
1233,4.87092060399415549e-5,1.99902581587920181e-2,4.99687827357366221e-1,4.99639805107229773e-1,9.86146196413091203e-1,1.15437247002707658e-9,1.09937576728886239e-8,-9.88389842133487238e-19,2.41247860416332416e-8,9.42469386448770541e-1,1.00514731674605784e-5
1234,4.87092060399415549e-5,1.99902581587920181e-2,4.99639805107229773e-1,4.99591788249737045e-1,9.86051423323267673e-1,1.15426152969547686e-9,1.17701903564659674e-8,1.69681511199248192e-17,2.40487508903479777e-8,9.42424098318141890e-1,1.00646717129393437e-5
1235,4.87092060399415549e-5,1.99902581587920181e-2,4.99591788249737045e-1,4.99543775982821847e-1,9.85956660876117330e-1,1.15415060206675458e-9,1.17450752521687769e-8,1.50129310711434268e-17,2.39293825838447539e-8,9.42378812341061023e-1,1.00762710310009496e-5
1236,4.87092060399415549e-5,1.99902581587920181e-2,4.99543775982821847e-1,4.99495768625957959e-1,9.85861907488326250e-1,1.15403968434592184e-9,1.20398752064530598e-8,-4.67525790937421454e-19,2.38404950198626937e-8,9.42333528819253252e-1,1.00862711985838516e-5
1237,4.87092060399415549e-5,1.99902581587920181e-2,4.99495768625957959e-1,4.99447765936377075e-1,9.85767163790533307e-1,1.15392877742472444e-9,1.20923788445527171e-8,-2.39064428363461090e-17,2.37662911153624324e-8,9.42288247524051381e-1,1.00997817946701929e-5
1238,4.87092060399415549e-5,1.99902581587920181e-2,4.99447765936377075e-1,4.99399766318915084e-1,9.85672429303657172e-1,1.15381788083404902e-9,1.05501669566621652e-8,1.28480802940839458e-17,2.36868960683338790e-8,9.42242966950924798e-1,1.01177523159634575e-5
1239,4.87092060399415549e-5,1.99902581587920181e-2,4.99399766318915084e-1,4.99351772509267544e-1,9.85577700880378327e-1,1.15370699308111147e-9,1.17439460224327860e-8,-9.11711853711046679e-19,2.36241377258177855e-8,9.42197689680886907e-1,1.01341061915505293e-5
1240,4.87092060399415549e-5,1.99902581587920181e-2,4.99351772509267544e-1,4.99303781782235001e-1,9.85482983918319455e-1,1.15359611726474379e-9,1.02130838975859301e-8,-2.40529960798333540e-17,2.34872633911463402e-8,9.42152413143309997e-1,1.01488434987029308e-5
1241,4.87092060399415549e-5,1.99902581587920181e-2,4.99303781782235001e-1,4.99255796490876147e-1,9.85388273040248897e-1,1.15348524934371930e-9,1.10355767406934772e-8,1.55354246681462221e-17,2.34416108779452563e-8,9.42107139558423845e-1,1.01619643156913853e-5
1242,4.87092060399415549e-5,1.99902581587920181e-2,4.99255796490876147e-1,4.99207815299149760e-1,9.85293572889475722e-1,1.15337439392397839e-9,1.05225509144828341e-8,7.97952516480711463e-18,2.33936428003013811e-8,9.42061867666007413e-1,1.01734687196763929e-5
1243,4.87092060399415549e-5,1.99902581587920181e-2,4.99207815299149760e-1,4.99159838492352181e-1,9.85198880829625478e-1,1.15326354862824162e-9,1.02952155460355274e-8,-2.29296053986475373e-17,2.33934271477924728e-8,9.42016597735510941e-1,1.01833567888176546e-5
1244,4.87092060399415549e-5,1.99902581587920181e-2,4.99159838492352181e-1,4.99111865791255938e-1,9.85104197423681827e-1,1.15315271358821041e-9,9.78907414741358042e-9,1.65275649471770248e-17,2.34692890544255919e-8,9.41971329503722088e-1,1.01916286003866929e-5
1245,4.87092060399415549e-5,1.99902581587920181e-2,4.99111865791255938e-1,4.99063899600042715e-1,9.85009522120549152e-1,1.15304188877363332e-9,1.16875091763146932e-8,-1.32114342673988891e-17,2.36015987937711742e-8,9.41926065239713783e-1,1.01982842324321865e-5
1246,4.87092060399415549e-5,1.99902581587920181e-2,4.99063899600042715e-1,4.99015936449048458e-1,9.84914859664275721e-1,1.15293107757749603e-9,1.01169058277833510e-8,2.51121065556176749e-17,2.37398999080873505e-8,9.41880801669623513e-1,1.02033237623366801e-5
1247,4.87092060399415549e-5,1.99902581587920181e-2,4.99015936449048458e-1,4.98967978646945531e-1,9.84820203208585543e-1,1.15282027485234768e-9,1.08552672011430604e-8,-1.88870281613130817e-17,2.38611071883191299e-8,9.41835540972399188e-1,1.02067472680378302e-5
1248,4.87092060399415549e-5,1.99902581587920181e-2,4.98967978646945531e-1,4.98920024531108397e-1,9.84725557308616106e-1,1.15270948364040678e-9,9.93151710627543297e-9,1.73575976784821353e-17,2.40189974441207459e-8,9.41790281579243826e-1,1.02085548269181814e-5
1249,4.87092060399415549e-5,1.99902581587920181e-2,4.98920024531108397e-1,4.98872075763684308e-1,9.84630918683888523e-1,1.15259870144877348e-9,1.06702686928929273e-8,-1.24792570025588018e-17,2.40989723720700819e-8,9.41745025059172458e-1,1.02087465166933455e-5
1250,4.87092060399415549e-5,1.99902581587920181e-2,4.98872075763684308e-1,4.98824132445298052e-1,9.84536290614241083e-1,1.15248793123314483e-9,1.15101591226758161e-8,1.83950707638032941e-17,2.41464550404960557e-8,9.41699771507608641e-1,1.02073224154120012e-5
1251,4.87092060399415549e-5,1.99902581587920181e-2,4.98824132445298052e-1,4.98776192868259693e-1,9.84441673298085185e-1,1.15237717310781508e-9,1.06428834649555576e-8,-1.51818148824471534e-17,2.41339041457478396e-8,9.41654519312982052e-1,1.02042826004566933e-5
1252,4.87092060399415549e-5,1.99902581587920181e-2,4.98776192868259693e-1,4.98728259873668256e-1,9.84347063366104447e-1,1.15226642484740326e-9,1.26170664290610100e-8,1.95620290478522787e-17,2.40081353025550558e-8,9.41609271157509031e-1,1.01996271493209889e-5
1253,4.87092060399415549e-5,1.99902581587920181e-2,4.98728259873668256e-1,4.98680330087509338e-1,9.84252466423820915e-1,1.15215568942188772e-9,1.12178677840682938e-8,-3.27905048902309853e-17,2.39417263358582869e-8,9.41564023856492960e-1,1.01985271941940070e-5
1254,4.87092060399415549e-5,1.99902581587920181e-2,4.98680330087509338e-1,4.98632405123783429e-1,9.84157875813960636e-1,1.15204496239856410e-9,1.14329779779882724e-8,3.66164236728031017e-18,2.38709333157046520e-8,9.41518778933872813e-1,1.02000615816999485e-5
1255,4.87092060399415549e-5,1.99902581587920181e-2,4.98632405123783429e-1,4.98584484729251265e-1,9.84063294721414739e-1,1.15193424688745820e-9,1.13953124936262896e-8,2.48177427541121043e-17,2.38434446577142640e-8,9.41473536150875701e-1,1.01998941673953070e-5
1256,4.87092060399415549e-5,1.99902581587920181e-2,4.98584484729251265e-1,4.98536569339221192e-1,9.83968722646148986e-1,1.15182354118645856e-9,1.17933946430193775e-8,-2.81080025330520314e-17,2.37949938336375051e-8,9.41428295918822378e-1,1.01983975975272756e-5
1257,4.87092060399415549e-5,1.99902581587920181e-2,4.98536569339221192e-1,4.98488657264183288e-1,9.83874160447077206e-1,1.15171284678037568e-9,1.05024478010517461e-8,3.97451565848073489e-17,2.37208899060049184e-8,9.41383056642799532e-1,1.02031415508685441e-5
1258,4.87092060399415549e-5,1.99902581587920181e-2,4.98488657264183288e-1,4.98440749825256268e-1,9.83779604790510076e-1,1.15160216076376888e-9,1.05329384935137337e-8,-4.05863959590513278e-17,2.36838672055567805e-8,9.41337819570446932e-1,1.02063096020232891e-5
1259,4.87092060399415549e-5,1.99902581587920181e-2,4.98440749825256268e-1,4.98392847787680726e-1,9.83685058283657154e-1,1.15149148577751216e-9,1.13291152805082470e-8,4.19433824452221195e-17,2.36853101142137005e-8,9.41292585424708284e-1,1.02111658947245942e-5
1260,4.87092060399415549e-5,1.99902581587920181e-2,4.98392847787680726e-1,4.98344950775323425e-1,9.83590522435965897e-1,1.15138082197831239e-9,1.17496781909105549e-8,-4.64829943146662133e-17,2.36938593983987356e-8,9.41247353850794721e-1,1.02263576088335029e-5
1261,4.87092060399415549e-5,1.99902581587920181e-2,4.98344950775323425e-1,4.98297057724659542e-1,9.83495996505940551e-1,1.15127017032793578e-9,1.11071992103963918e-8,1.72108988512070809e-18,2.37233092197284754e-8,9.41202123844713801e-1,1.02400216213105466e-5
1262,4.87092060399415549e-5,1.99902581587920181e-2,4.98297057724659542e-1,4.98249169232999112e-1,9.83401478394366646e-1,1.15115952814901521e-9,1.10624111034364412e-8,3.22329487614232923e-17,2.36710593667982041e-8,9.41156895970753582e-1,1.02521580054304451e-5
1263,4.87092060399415549e-5,1.99902581587920181e-2,4.98249169232999112e-1,4.98201285638388947e-1,9.83306969280299814e-1,1.15104889669225686e-9,1.13561081253628835e-8,-2.67258416321188008e-18,2.36146659028450524e-8,9.41111670548556156e-1,1.02660418438427214e-5
1264,4.87092060399415549e-5,1.99902581587920181e-2,4.98201285638388947e-1,4.98153406273226018e-1,9.83212469830232694e-1,1.15093827586555996e-9,1.09826728225352402e-8,-2.61223008786980599e-17,2.36078797765181855e-8,9.41066446947855240e-1,1.02796018056627858e-5
1265,4.87092060399415549e-5,1.99902581587920181e-2,4.98153406273226018e-1,4.98105531605837704e-1,9.83117978727575337e-1,1.15082766593866128e-9,1.10779714348857476e-8,-3.06110097076068655e-18,2.36159137894494934e-8,9.41021225611365253e-1,1.02915195500097312e-5
1266,4.87092060399415549e-5,1.99902581587920181e-2,4.98105531605837704e-1,4.98057659420625687e-1,9.83023496896250126e-1,1.15071706684782573e-9,8.95812333806144647e-9,1.63520537648055233e-18,2.37601834701515015e-8,9.40976004446368419e-1,1.03017951554873477e-5
1267,4.87092060399415549e-5,1.99902581587920181e-2,4.98057659420625687e-1,4.98009794856132726e-1,9.82929019964164596e-1,1.15060647451209696e-9,1.19770566335576323e-8,3.30324982327945987e-18,2.37554384327846426e-8,9.40930788307297816e-1,1.03187727117370898e-5
1268,4.87092060399415549e-5,1.99902581587920181e-2,4.98009794856132726e-1,4.97961933411936453e-1,9.82834558070831976e-1,1.15049589832010541e-9,1.04963000519767837e-8,2.35085639986244274e-17,2.37857764508077264e-8,9.40885572943092496e-1,1.03372452723293762e-5
1269,4.87092060399415549e-5,1.99902581587920181e-2,4.97961933411936453e-1,4.97914076395167438e-1,9.82740102336125299e-1,1.15038533073037140e-9,1.03229740751663978e-8,-1.74226388900471798e-17,2.38814099998646093e-8,9.40840359588888897e-1,1.03541212173041686e-5
1270,4.87092060399415549e-5,1.99902581587920181e-2,4.97914076395167438e-1,4.97866224651792588e-1,9.82645655338950541e-1,1.15027477299469734e-9,1.09960405156134354e-8,2.04079486100020827e-17,2.39545819682204927e-8,9.40795149044233892e-1,1.03694006228227664e-5
1271,4.87092060399415549e-5,1.99902581587920181e-2,4.97866224651792588e-1,4.97818377589907823e-1,9.82551218748742072e-1,1.15016422707714894e-9,1.10777098238715757e-8,1.23718211302391895e-17,2.40299910968027877e-8,9.40749940750277180e-1,1.03830835660456700e-5
1272,4.87092060399415549e-5,1.99902581587920181e-2,4.97818377589907823e-1,4.97770535519201696e-1,9.82456791397782303e-1,1.15005369260972554e-9,1.14695177085564435e-8,5.51091381448346054e-18,2.41156219998444579e-8,9.40704734999930681e-1,1.03951701232452010e-5
1273,4.87092060399415549e-5,1.99902581587920181e-2,4.97770535519201696e-1,4.97722697504101752e-1,9.82362373896771723e-1,1.14994316895217384e-9,1.09262329492652638e-8,-3.78278313342482358e-17,2.40743772668013217e-8,9.40659530909518704e-1,1.04056603716928819e-5
1274,4.87092060399415549e-5,1.99902581587920181e-2,4.97722697504101752e-1,4.97674863940136825e-1,9.82267964399296756e-1,1.14983265405149255e-9,1.07788667703180173e-8,7.51212345096157613e-18,2.40679016891761408e-8,9.40614328853052628e-1,1.04145543876610347e-5
1275,4.87092060399415549e-5,1.99902581587920181e-2,4.97674863940136825e-1,4.97627036636554609e-1,9.82173563686868589e-1,1.14972215101894848e-9,1.24411762323561543e-8,8.75962761997729929e-18,2.40986469514155331e-8,9.40569130540652942e-1,1.04218522481991371e-5
1276,4.87092060399415549e-5,1.99902581587920181e-2,4.97627036636554609e-1,4.97579213074355597e-1,9.82079175328455234e-1,1.14961165942740167e-9,1.15850879590784759e-8,-2.08516251295183752e-17,2.40306478245866091e-8,9.40523933592171346e-1,1.04378723939646534e-5
1277,4.87092060399415549e-5,1.99902581587920181e-2,4.97579213074355597e-1,4.97531394056542176e-1,9.81984794353974011e-1,1.14950117719471693e-9,1.15323616718582499e-8,6.39732717634018542e-18,2.39854870348404991e-8,9.40478738766715172e-1,1.04524559155771968e-5
1278,4.87092060399415549e-5,1.99902581587920181e-2,4.97531394056542176e-1,4.97483580048250051e-1,9.81890422348067227e-1,1.14939070562289950e-9,1.19452079643668564e-8,3.13125746723375904e-18,2.38750657677095571e-8,9.40433546504288675e-1,1.04654258187286686e-5
1279,4.87092060399415549e-5,1.99902581587920181e-2,4.97483580048250051e-1,4.97435769922275117e-1,9.81796060228109502e-1,1.14928024516476460e-9,1.12313316613648864e-8,1.31568601993050906e-17,2.37748981591459963e-8,9.40388355739755322e-1,1.04767821815787698e-5
1280,4.87092060399415549e-5,1.99902581587920181e-2,4.97435769922275117e-1,4.97387964745827915e-1,9.81701705770475108e-1,1.14916979449413820e-9,1.15850391536803690e-8,-1.40806538530430868e-17,2.37292978679298512e-8,9.40343167482175613e-1,1.04865250811769783e-5
1281,4.87092060399415549e-5,1.99902581587920181e-2,4.97387964745827915e-1,4.97340162848377121e-1,9.81607361080528928e-1,1.14905935449077922e-9,1.02686910287852516e-8,1.71890993333438584e-17,2.36809819832891182e-8,9.40297980152658641e-1,1.04946545952389059e-5
1282,4.87092060399415549e-5,1.99902581587920181e-2,4.97340162848377121e-1,4.97292367004992464e-1,9.81513022862342321e-1,1.14894892287964628e-9,1.17277279075507827e-8,2.33612348597226076e-19,2.35827858136424463e-8,9.40252796374838828e-1,1.05011708012581195e-5
1283,4.87092060399415549e-5,1.99902581587920181e-2,4.97292367004992464e-1,4.97244575133132249e-1,9.81418696591491613e-1,1.14883850462947974e-9,1.11048050068707258e-8,-3.33883182450904091e-20,2.35565839890233101e-8,9.40207614180384899e-1,1.05060737768392087e-5
1284,4.87092060399415549e-5,1.99902581587920181e-2,4.97244575133132249e-1,4.97196787979536370e-1,9.81324378158778154e-1,1.14872809602741407e-9,1.12290037921688880e-8,-1.43413315512830479e-17,2.35443027014207665e-8,9.40162434275523484e-1,1.05093635994757406e-5
1285,4.87092060399415549e-5,1.99902581587920181e-2,4.97196787979536370e-1,4.97149004331459421e-1,9.81230069038006691e-1,1.14861769880905162e-9,1.01409107068013843e-8,3.83292831108289072e-18,2.36440991398436655e-8,9.40117255513889027e-1,1.05110403468833269e-5
1286,4.87092060399415549e-5,1.99902581587920181e-2,4.97149004331459421e-1,4.97101225911674161e-1,9.81135766835682266e-1,1.14850731054215982e-9,1.07759273756243704e-8,8.70727866773126838e-18,2.37873490683275723e-8,9.40072079524673643e-1,1.05111040962224678e-5
1287,4.87092060399415549e-5,1.99902581587920181e-2,4.97101225911674161e-1,4.97053452256620287e-1,9.81041474951538706e-1,1.14839693433843788e-9,1.09478863794987636e-8,-4.43879493095000822e-17,2.39230763232489216e-8,9.40026905869898455e-1,1.05095549254308196e-5
1288,4.87092060399415549e-5,1.99902581587920181e-2,4.97053452256620287e-1,4.97005682254129388e-1,9.80947192470356888e-1,1.14828656872680298e-9,1.00081348591148836e-8,1.40691560425285997e-17,2.40320758748712679e-8,9.39981733498192473e-1,1.05063929116688826e-5
1289,4.87092060399415549e-5,1.99902581587920181e-2,4.97005682254129388e-1,4.96957916976048020e-1,9.80852917197864604e-1,1.14817621188721580e-9,1.01405810506347892e-8,3.73454278728134356e-17,2.40957565434921206e-8,9.39936563423389937e-1,1.05016181327632907e-5
1290,4.87092060399415549e-5,1.99902581587920181e-2,4.96957916976048020e-1,4.96910156202591324e-1,9.80758651249091229e-1,1.14806586624013526e-9,1.00536966273823760e-8,-4.18343732753774313e-17,2.40742980483936393e-8,9.39891395437931654e-1,1.04980819209954390e-5
1291,4.87092060399415549e-5,1.99902581587920181e-2,4.96910156202591324e-1,4.96862401068152826e-1,9.80664394190241206e-1,1.14795553081456960e-9,1.11016386005853441e-8,1.69746130548700835e-17,2.39083602501849423e-8,9.39846230615030143e-1,1.05001533999837804e-5
1292,4.87092060399415549e-5,1.99902581587920181e-2,4.96862401068152826e-1,4.96814651297132870e-1,9.80570148259875429e-1,1.14784520778719207e-9,1.18745230436939222e-8,-1.09356254829715450e-18,2.38271369492384830e-8,9.39801068694476549e-1,1.05093904700925833e-5
1293,4.87092060399415549e-5,1.99902581587920181e-2,4.96814651297132870e-1,4.96766906422242249e-1,9.80475912913965297e-1,1.14773489661760764e-9,1.21806338171761167e-8,-8.28819257346495223e-18,2.36595434114473440e-8,9.39755909234678333e-1,1.05170542871180217e-5
1294,4.87092060399415549e-5,1.99902581587920181e-2,4.96766906422242249e-1,4.96719165688315534e-1,9.80381687230516441e-1,1.14762459593499317e-9,1.17320497932154363e-8,-7.90081892952269405e-18,2.35335706511786236e-8,9.39710751521682375e-1,1.05231449265552612e-5
1295,4.87092060399415549e-5,1.99902581587920181e-2,4.96719165688315534e-1,4.96671429238654927e-1,9.80287469719466453e-1,1.14751430517617949e-9,1.14271660062664014e-8,2.00430709699988166e-17,2.34166623158558153e-8,9.39665595691280608e-1,1.05276624641215122e-5
1296,4.87092060399415549e-5,1.99902581587920181e-2,4.96671429238654927e-1,4.96623697300032974e-1,9.80193260663603017e-1,1.14740402406394653e-9,1.13494666673572969e-8,-1.90827390942431281e-17,2.33688845029683908e-8,9.39620441958290309e-1,1.05306069753119402e-5
1297,4.87092060399415549e-5,1.99902581587920181e-2,4.96623697300032974e-1,4.96575969541264373e-1,9.80099060510393527e-1,1.14729375339750895e-9,1.09410155801775168e-8,1.94116658104636144e-17,2.33549804406744759e-8,9.39575290009678876e-1,1.05319785357327333e-5
1298,4.87092060399415549e-5,1.99902581587920181e-2,4.96575969541264373e-1,4.96528246156208442e-1,9.80004868606436763e-1,1.14718349283666702e-9,1.07268256697622536e-8,3.07807471693027467e-18,2.33151083388641121e-8,9.39530140029118055e-1,1.05407373953703143e-5
1299,4.87092060399415549e-5,1.99902581587920181e-2,4.96528246156208442e-1,4.96480526992662707e-1,9.79910685334320131e-1,1.14707324301829666e-9,1.03608537352614909e-8,-2.26809631783202227e-17,2.34177947844317949e-8,9.39484991872900133e-1,1.05546317487048569e-5
1300,4.87092060399415549e-5,1.99902581587920181e-2,4.96480526992662707e-1,4.96432811272504049e-1,9.79816510393657025e-1,1.14696300302045628e-9,9.21716442854194169e-9,1.09521078838572766e-17,2.36023200879222098e-8,9.39439844805019186e-1,1.05687262210718558e-5
1301,4.87092060399415549e-5,1.99902581587920181e-2,4.96432811272504049e-1,4.96385100616416886e-1,9.79722342249094824e-1,1.14685277206233762e-9,9.69449061856978276e-9,-8.52146577801103156e-18,2.36261633672825799e-8,9.39394700359175827e-1,1.05811813150280543e-5
1302,4.87092060399415549e-5,1.99902581587920181e-2,4.96385100616416886e-1,4.96337395154406169e-1,9.79628184098167099e-1,1.14674255223655007e-9,1.03023085139214688e-8,-1.12010809764296124e-17,2.37611043357706335e-8,9.39349558658810868e-1,1.05919971092882648e-5
1303,4.87092060399415549e-5,1.99902581587920181e-2,4.96337395154406169e-1,4.96289693982185920e-1,9.79534036197833524e-1,1.14663234470459499e-9,1.00063396788204254e-8,2.31499613507479886e-17,2.39220640219731344e-8,9.39304418848526668e-1,1.06011736829003667e-5
1304,4.87092060399415549e-5,1.99902581587920181e-2,4.96289693982185920e-1,4.96241998954236097e-1,9.79439896763674156e-1,1.14652214706611398e-9,1.15652632162926879e-8,1.41457595846959105e-17,2.39409966664939075e-8,9.39259282683639340e-1,1.06087111141350832e-5
1305,4.87092060399415549e-5,1.99902581587920181e-2,4.96241998954236097e-1,4.96194309080468410e-1,9.79345769454572745e-1,1.14641196136345754e-9,1.21346890643611476e-8,-4.58065657143897498e-18,2.39623294464561032e-8,9.39214149227629802e-1,1.06146094822623382e-5
1306,4.87092060399415549e-5,1.99902581587920181e-2,4.96194309080468410e-1,4.96146623143622123e-1,9.79251652317431165e-1,1.14630178783041772e-9,1.14873496079427317e-8,4.45024823914753995e-19,2.39036935831396422e-8,9.39169017328788658e-1,1.06316715671184170e-5
1307,4.87092060399415549e-5,1.99902581587920181e-2,4.96146623143622123e-1,4.96098940735829663e-1,9.79157542949899429e-1,1.14619162363035274e-9,1.04325210241646532e-8,1.97740337844883946e-18,2.38195932750930742e-8,9.39123886601347269e-1,1.06475375812875583e-5
1308,4.87092060399415549e-5,1.99902581587920181e-2,4.96098940735829663e-1,4.96051263139401066e-1,9.79063440547582986e-1,1.14608146868069073e-9,1.06603417525299532e-8,-1.18489354496260441e-17,2.37331663332213666e-8,9.39078758259146329e-1,1.06618099695587887e-5
1309,4.87092060399415549e-5,1.99902581587920181e-2,4.96051263139401066e-1,4.96003590070126399e-1,9.78969347640211374e-1,1.14597132395461569e-9,1.06044150056286565e-8,-2.76677356520206824e-18,2.37242814650203483e-8,9.39033632033610233e-1,1.06744888087595413e-5
1310,4.87092060399415549e-5,1.99902581587920181e-2,4.96003590070126399e-1,4.95955922145506212e-1,9.78875263667424611e-1,1.14586118983659764e-9,1.11664240239421473e-8,-2.22854947449035206e-17,2.36590885899137157e-8,9.38988508509507214e-1,1.06855741752731603e-5
1311,4.87092060399415549e-5,1.99902581587920181e-2,4.95955922145506212e-1,4.95908258568062643e-1,9.78781189847646949e-1,1.14575106752595832e-9,1.09314496444046433e-8,2.77254017212442042e-17,2.36470769749336395e-8,9.38943386932325041e-1,1.06950661459270790e-5
1312,4.87092060399415549e-5,1.99902581587920181e-2,4.95908258568062643e-1,4.95860599018649262e-1,9.78687124606969716e-1,1.14564095461351723e-9,1.03777467743168186e-8,8.56096696098288885e-18,2.35734336046851291e-8,9.38898267000157105e-1,1.07032429558229225e-5
1313,4.87092060399415549e-5,1.99902581587920181e-2,4.95860599018649262e-1,4.95812945338456990e-1,9.78593067316289145e-1,1.14553085231845153e-9,1.16656220669940314e-8,-2.40199220902210337e-17,2.35336376854048773e-8,9.38853150456459340e-1,1.07127935368156457e-5
1314,4.87092060399415549e-5,1.99902581587920181e-2,4.95812945338456990e-1,4.95765295380641402e-1,9.78499021608319031e-1,1.14542076340077197e-9,1.08072170132549590e-8,3.66205000188617630e-17,2.36485126172814597e-8,9.38808035269051766e-1,1.07207078227089525e-5
1315,4.87092060399415549e-5,1.99902581587920181e-2,4.95765295380641402e-1,4.95717650216054850e-1,9.78404983246849103e-1,1.14531068345212391e-9,1.10200222506869090e-8,-9.46144404761424030e-18,2.37962927797189914e-8,9.38762922452064719e-1,1.07269858918845884e-5
1316,4.87092060399415549e-5,1.99902581587920181e-2,4.95717650216054850e-1,4.95670009660777178e-1,9.78310954345161909e-1,1.14520061543012015e-9,1.10493680404517624e-8,1.83184771478033339e-18,2.39285662704118267e-8,9.38717811831645599e-1,1.07316278232794104e-5
1317,4.87092060399415549e-5,1.99902581587920181e-2,4.95670009660777178e-1,4.95622373427908269e-1,9.78216934539853034e-1,1.14509055782541128e-9,1.07922567867343101e-8,8.77149435304498502e-18,2.41022066825910024e-8,9.38672703136532283e-1,1.07436030825081019e-5
1318,4.87092060399415549e-5,1.99902581587920181e-2,4.95622373427908269e-1,4.95574743011334973e-1,9.78122923265156041e-1,1.14498051078810202e-9,1.20294479054241957e-8,-3.67269846334769394e-19,2.42361592085703064e-8,9.38627597781611200e-1,1.07555961862404459e-5
1319,4.87092060399415549e-5,1.99902581587920181e-2,4.95574743011334973e-1,4.95527117058172262e-1,9.78028923468680866e-1,1.14487047625172666e-9,1.19143131121522880e-8,-4.12065564253394842e-17,2.42411703847238136e-8,9.38582494486182695e-1,1.07658927156473183e-5
1320,4.87092060399415549e-5,1.99902581587920181e-2,4.95527117058172262e-1,4.95479496090265037e-1,9.77934932480672314e-1,1.14476045114701230e-9,1.23214521420078299e-8,3.94396423886445634e-17,2.41833589309351512e-8,9.38537393744768966e-1,1.07744927517750000e-5
1321,4.87092060399415549e-5,1.99902581587920181e-2,4.95479496090265037e-1,4.95431878209587839e-1,9.77840951331103048e-1,1.14465043743962254e-9,1.08310450817589096e-8,-3.76733454286866073e-17,2.41071828283235451e-8,9.38492293760007534e-1,1.07813963762248832e-5
1322,4.87092060399415549e-5,1.99902581587920181e-2,4.95431878209587839e-1,4.95384265941627711e-1,9.77746976274816326e-1,1.14454043177966039e-9,1.18664217229526479e-8,1.64016763297525795e-17,2.39710060164190110e-8,9.38447196924156013e-1,1.07866036707093826e-5
1323,4.87092060399415549e-5,1.99902581587920181e-2,4.95384265941627711e-1,4.95336656888140603e-1,9.77653012294799395e-1,1.14443043811277300e-9,1.05040938930014460e-8,-1.86036890230116179e-18,2.38605457536232407e-8,9.38402100965929242e-1,1.07901147164968236e-5
1324,4.87092060399415549e-5,1.99902581587920181e-2,4.95336656888140603e-1,4.95289053938906321e-1,9.77559054659089877e-1,1.14432045317793896e-9,1.20318548370139715e-8,2.76942716060713835e-17,2.36406110478775429e-8,9.38357008622953459e-1,1.07919295955216654e-5
1325,4.87092060399415549e-5,1.99902581587920181e-2,4.95289053938906321e-1,4.95241455507386019e-1,9.77465109069588056e-1,1.14421048014049889e-9,1.19736637466432942e-8,-3.79287457146184801e-18,2.35353385264889097e-8,9.38311918392714772e-1,1.07920483888301888e-5
1326,4.87092060399415549e-5,1.99902581587920181e-2,4.95241455507386019e-1,4.95193861804463897e-1,9.77371172395884336e-1,1.14410051789618259e-9,1.21267910903462642e-8,2.87954806119509782e-19,2.33102679623845781e-8,9.38266830475315783e-1,1.07904711783568530e-5
1327,4.87092060399415549e-5,1.99902581587920181e-2,4.95193861804463897e-1,4.95146271672887828e-1,9.77277245053904786e-1,1.14399056553765316e-9,1.11231208558220456e-8,-1.38711074971874785e-17,2.31767208521681934e-8,9.38221743774709460e-1,1.07871980453699834e-5
1328,4.87092060399415549e-5,1.99902581587920181e-2,4.95146271672887828e-1,4.95098685556906171e-1,9.77183324760616867e-1,1.14388062270080266e-9,1.05640422711957659e-8,9.03628810201301003e-18,2.30171934712918141e-8,9.38176658711958211e-1,1.07822290714709723e-5
1329,4.87092060399415549e-5,1.99902581587920181e-2,4.95098685556906171e-1,4.95051104149022647e-1,9.77089412392138978e-1,1.14377068923104819e-9,1.06978534341776178e-8,7.21211993203961895e-18,2.28271619935187241e-8,9.38131575943469853e-1,1.07798006591108830e-5
1330,4.87092060399415549e-5,1.99902581587920181e-2,4.95051104149022647e-1,4.95003527341853655e-1,9.76995509315099375e-1,1.14366076685867024e-9,1.07247335959504244e-8,-2.79234386860567496e-17,2.28482164397615629e-8,9.38086495367799977e-1,1.07861062420555598e-5
1331,4.87092060399415549e-5,1.99902581587920181e-2,4.95003527341853655e-1,4.94955954478039806e-1,9.76901615318159888e-1,1.14355085585574154e-9,1.00946965693537454e-8,9.25693356732785485e-18,2.29639704622176307e-8,9.38041416362387137e-1,1.07906696859005891e-5
1332,4.87092060399415549e-5,1.99902581587920181e-2,4.94955954478039806e-1,4.94908386484318730e-1,9.76807729103361777e-1,1.14344095366795833e-9,1.03917762752667400e-8,-1.87992345198191536e-18,2.31391206177569787e-8,9.37996339805647783e-1,1.07954988115555039e-5
1333,4.87092060399415549e-5,1.99902581587920181e-2,4.94908386484318730e-1,4.94860822921937504e-1,9.76713852500115776e-1,1.14333106377500105e-9,1.02505711724705963e-8,3.15901549792144601e-17,2.33561423849543985e-8,9.37951265282131130e-1,1.08105982645767540e-5
1334,4.87092060399415549e-5,1.99902581587920181e-2,4.94860822921937504e-1,4.94813263870010900e-1,9.76619984641938998e-1,1.14322118346324123e-9,1.01889068875696570e-8,-2.67509961945465384e-17,2.35373179562208173e-8,9.37906192867144162e-1,1.08240296422534854e-5
1335,4.87092060399415549e-5,1.99902581587920181e-2,4.94813263870010900e-1,4.94765710007629700e-1,9.76526125685710955e-1,1.14311131460455779e-9,1.08067669037967463e-8,-7.20832482738922566e-18,2.36708586118878380e-8,9.37861123204566605e-1,1.08357930246327783e-5
1336,4.87092060399415549e-5,1.99902581587920181e-2,4.94765710007629700e-1,4.94718160071237478e-1,9.76432276970726210e-1,1.14300145650274672e-9,1.01615693103275554e-8,2.79462804514917889e-17,2.37001963376374178e-8,9.37816055097210444e-1,1.08458884920947796e-5
1337,4.87092060399415549e-5,1.99902581587920181e-2,4.94718160071237478e-1,4.94670614410109954e-1,9.76338436003925891e-1,1.14289160791465607e-9,9.86602490899352134e-9,-1.11734696875825923e-17,2.36437742815201257e-8,9.37770988876354683e-1,1.08543161245755471e-5
1338,4.87092060399415549e-5,1.99902581587920181e-2,4.94670614410109954e-1,4.94623073629394505e-1,9.76244603474465955e-1,1.14278176882163560e-9,1.01760388235007062e-8,-2.28321486332377647e-17,2.36597402271737050e-8,9.37725925115878156e-1,1.08610760024552278e-5
1339,4.87092060399415549e-5,1.99902581587920181e-2,4.94623073629394505e-1,4.94575537771874962e-1,9.76150780576954369e-1,1.14267194167940092e-9,1.05293056424601149e-8,4.56952536737197139e-17,2.36453670561772257e-8,9.37680863856731550e-1,1.08661682057809017e-5
1340,4.87092060399415549e-5,1.99902581587920181e-2,4.94575537771874962e-1,4.94528005949793237e-1,9.76056967395129371e-1,1.14256212503287866e-9,9.99528772736429956e-9,-8.09489535356233561e-18,2.36139712171990996e-8,9.37635804257632377e-1,1.08745122572306840e-5
1341,4.87092060399415549e-5,1.99902581587920181e-2,4.94528005949793237e-1,4.94480479320825617e-1,9.75963162177386545e-1,1.14245231785673255e-9,1.06193339414212573e-8,1.17730962223447323e-17,2.35652625612365965e-8,9.37590747416381043e-1,1.08873267468112545e-5
1342,4.87092060399415549e-5,1.99902581587920181e-2,4.94480479320825617e-1,4.94432958242845833e-1,9.75869367208253347e-1,1.14234252197754096e-9,1.16017531585124133e-8,-5.04013372958013296e-17,2.34368298243398577e-8,9.37545693672697023e-1,1.08985334329458894e-5
1343,4.87092060399415549e-5,1.99902581587920181e-2,4.94432958242845833e-1,4.94385441778656176e-1,9.75775583193584151e-1,1.14223273791333609e-9,1.16475080861053194e-8,4.00207615843814420e-17,2.33689666490027403e-8,9.37500642138425877e-1,1.09081323930171337e-5
1344,4.87092060399415549e-5,1.99902581587920181e-2,4.94385441778656176e-1,4.94337929483551763e-1,9.75681808284286300e-1,1.14212296461784882e-9,1.12490018033669139e-8,-3.86135122954694781e-17,2.33646425063313079e-8,9.37455592392181125e-1,1.09161237039634429e-5
1345,4.87092060399415549e-5,1.99902581587920181e-2,4.94337929483551763e-1,4.94290420749027515e-1,9.75588041602658107e-1,1.14201320112344699e-9,1.02423910667218396e-8,1.04577384276812843e-17,2.33321007199853726e-8,9.37410543857201350e-1,1.09297375958661291e-5
1346,4.87092060399415549e-5,1.99902581587920181e-2,4.94290420749027515e-1,4.94242916841594215e-1,9.75494281948232178e-1,1.14190344682186354e-9,1.05026334689766478e-8,-1.39779841954130050e-17,2.34557689716384493e-8,9.37365497734744757e-1,1.09449365855995850e-5
1347,4.87092060399415549e-5,1.99902581587920181e-2,4.94242916841594215e-1,4.94195417511548052e-1,9.75400531820658112e-1,1.14179370429855612e-9,1.05136360456521531e-8,7.58582358917882579e-18,2.35985411672324157e-8,9.37320453788281327e-1,1.09585018734925654e-5
1348,4.87092060399415549e-5,1.99902581587920181e-2,4.94195417511548052e-1,4.94147922461925571e-1,9.75306790726867212e-1,1.14168397283238929e-9,1.02281152278784907e-8,-1.28738717855833492e-17,2.37791792465598542e-8,9.37275411736543274e-1,1.09704335380378382e-5
1349,4.87092060399415549e-5,1.99902581587920181e-2,4.94147922461925571e-1,4.94100432915938914e-1,9.75213058080645401e-1,1.14157425092316120e-9,1.11662179768117308e-8,7.46515944450326543e-18,2.38074144387118864e-8,9.37230372739918383e-1,1.09807316579502157e-5
1350,4.87092060399415549e-5,1.99902581587920181e-2,4.94100432915938914e-1,4.94052947721713598e-1,9.75119336295385164e-1,1.14146454061341260e-9,1.09529752571698461e-8,2.89159280353060497e-17,2.38561430532392811e-8,9.37185335706283040e-1,1.09893963115004212e-5
1351,4.87092060399415549e-5,1.99902581587920181e-2,4.94052947721713598e-1,4.94005467296631195e-1,9.75025623098649041e-1,1.14135484109669844e-9,1.11575324968231066e-8,-5.77980707056729835e-18,2.39599704589837759e-8,9.37140301031896716e-1,1.09964275774032672e-5
1352,4.87092060399415549e-5,1.99902581587920181e-2,4.94005467296631195e-1,4.93957990145944992e-1,9.74931919314172557e-1,1.14124515290114727e-9,9.86780143226830475e-9,8.10876882679607499e-19,2.39890186413129070e-8,9.37095267299189350e-1,1.10059715161536786e-5
1353,4.87092060399415549e-5,1.99902581587920181e-2,4.93957990145944992e-1,4.93910518379631236e-1,9.74838221992011755e-1,1.14113547270942300e-9,1.06883613961556621e-8,-5.50653802904305502e-18,2.39612372778983857e-8,9.37050236509809453e-1,1.10173501212118552e-5
1354,4.87092060399415549e-5,1.99902581587920181e-2,4.93910518379631236e-1,4.93863052071095099e-1,9.74744535295743342e-1,1.14102580443820888e-9,1.15828440788207602e-8,7.09291327960337702e-18,2.38180264021971046e-8,9.37005208733872386e-1,1.10271209917689461e-5
1355,4.87092060399415549e-5,1.99902581587920181e-2,4.93863052071095099e-1,4.93815590691975337e-1,9.74650859370263856e-1,1.14091614775769228e-9,1.19494901553435072e-8,7.17973746541939302e-18,2.37120146490801583e-8,9.36960183470515462e-1,1.10352842052074962e-5
1356,4.87092060399415549e-5,1.99902581587920181e-2,4.93815590691975337e-1,4.93768132722576414e-1,9.74557193173043013e-1,1.14080650220832391e-9,1.07969145975043083e-8,-4.98310955251195234e-17,2.37093335862862202e-8,9.36915159278333909e-1,1.10418398385769834e-5
1357,4.87092060399415549e-5,1.99902581587920181e-2,4.93768132722576414e-1,4.93720679886375746e-1,9.74463533705336671e-1,1.14069686533221930e-9,1.13681440824950079e-8,4.73019908022386413e-17,2.36778341975762735e-8,9.36870137792679247e-1,1.10467879695930193e-5
1358,4.87092060399415549e-5,1.99902581587920181e-2,4.93720679886375746e-1,4.93673230566419541e-1,9.74369884367957684e-1,1.14058723997853528e-9,1.03229133787358480e-8,-3.12174505562552173e-17,2.35785101266814253e-8,9.36825117479710090e-1,1.10501286749720151e-5
1359,4.87092060399415549e-5,1.99902581587920181e-2,4.93673230566419541e-1,4.93625787054160270e-1,9.74276241970235102e-1,1.14047762382405527e-9,1.15694730411730220e-8,1.22351890910189055e-17,2.35007685265719005e-8,9.36780100513940450e-1,1.10518620325406047e-5
1360,4.87092060399415549e-5,1.99902581587920181e-2,4.93625787054160270e-1,4.93578347271915352e-1,9.74182611033530099e-1,1.14036801927909920e-9,1.07389084411447412e-8,-1.79248897230995774e-17,2.33990300422777036e-8,9.36735084924252503e-1,1.10519881190151992e-5
1361,4.87092060399415549e-5,1.99902581587920181e-2,4.93578347271915352e-1,4.93530912289309509e-1,9.74088987458717526e-1,1.14025842469518174e-9,1.09783270593669701e-8,3.77645999938634573e-17,2.34230473660213354e-8,9.36690071725920781e-1,1.10505070120003879e-5
1362,4.87092060399415549e-5,1.99902581587920181e-2,4.93530912289309509e-1,4.93483482359982129e-1,9.73995373355741489e-1,1.14014884064462913e-9,1.14718465360212680e-8,-2.26009483433067433e-17,2.33987046405172107e-8,9.36645061159965264e-1,1.10474187885456487e-5
1363,4.87092060399415549e-5,1.99902581587920181e-2,4.93483482359982129e-1,4.93436056689432911e-1,9.73901769225618774e-1,1.14003926856525148e-9,1.11713514074654265e-8,-1.88484170246803315e-17,2.33785561204879828e-8,9.36600052472755795e-1,1.10427235262555712e-5
1364,4.87092060399415549e-5,1.99902581587920181e-2,4.93436056689432911e-1,4.93388635278105503e-1,9.73808173500581575e-1,1.13992970694345696e-9,1.08717092957068893e-8,7.81689318457306386e-18,2.33787724460627541e-8,9.36555045664982710e-1,1.10505850162700980e-5
1365,4.87092060399415549e-5,1.99902581587920181e-2,4.93388635278105503e-1,4.93341218643556401e-1,9.73714586181013142e-1,1.13982015451342989e-9,1.10900331227547305e-8,7.85185810906568034e-18,2.33215437515394208e-8,9.36510041228139412e-1,1.10605113885497985e-5
1366,4.87092060399415549e-5,1.99902581587920181e-2,4.93341218643556401e-1,4.93293807248234961e-1,9.73621008288578338e-1,1.13971061341918148e-9,1.17712655017296134e-8,-1.05940974972994258e-17,2.32769830019540042e-8,9.36465039601528049e-1,1.10688014476334473e-5
1367,4.87092060399415549e-5,1.99902581587920181e-2,4.93293807248234961e-1,4.93246398520526763e-1,9.73527440735636462e-1,1.13960108369155811e-9,9.88138702795601493e-9,1.94230329264413182e-17,2.33644437841263139e-8,9.36420038344486838e-1,1.10754552721248345e-5
1368,4.87092060399415549e-5,1.99902581587920181e-2,4.93246398520526763e-1,4.93198994124026291e-1,9.73433878447821588e-1,1.13949156145146942e-9,9.65535955198557334e-9,-1.13094068950883318e-17,2.34122758874588187e-8,9.36375039036328238e-1,1.10804729404057056e-5
1369,4.87092060399415549e-5,1.99902581587920181e-2,4.93198994124026291e-1,4.93151595420734612e-1,9.73340324707901550e-1,1.13938204953511879e-9,1.07917494435361662e-8,8.77731439583490813e-18,2.34233041609721216e-8,9.36330042970230481e-1,1.10838545316349624e-5
1370,4.87092060399415549e-5,1.99902581587920181e-2,4.93151595420734612e-1,4.93104201595602698e-1,9.73246782203378347e-1,1.13927254972101465e-9,1.11136376256352716e-8,-3.48001269535387652e-17,2.34052591577000283e-8,9.36285049372971745e-1,1.10913667803469451e-5
1371,4.87092060399415549e-5,1.99902581587920181e-2,4.93104201595602698e-1,4.93056811053749100e-1,9.73153249325595882e-1,1.13916306049314772e-9,9.84111315096414757e-9,2.95705935136662430e-17,2.34167664654480873e-8,9.36240056730617609e-1,1.11028019732506422e-5
1372,4.87092060399415549e-5,1.99902581587920181e-2,4.93056811053749100e-1,4.93009425425859793e-1,9.73059722927969606e-1,1.13905358013566334e-9,1.01995903944276404e-8,-1.46531620986032883e-17,2.33913906065322879e-8,9.36195066591644420e-1,1.11129722361047456e-5
1373,4.87092060399415549e-5,1.99902581587920181e-2,4.93009425425859793e-1,4.92962044876744887e-1,9.72966206228027763e-1,1.13894411088515202e-9,1.07233500552873908e-8,-1.08727994610869174e-17,2.34392469743231210e-8,9.36150079112850531e-1,1.11214374173274066e-5
1374,4.87092060399415549e-5,1.99902581587920181e-2,4.92962044876744887e-1,4.92914667644363647e-1,9.72872699551044606e-1,1.13883465300092949e-9,9.48555714881482719e-9,2.36945257808549237e-17,2.35102066662856285e-8,9.36105092621510537e-1,1.11300693823590535e-5
1375,4.87092060399415549e-5,1.99902581587920181e-2,4.92914667644363647e-1,4.92867294980969650e-1,9.72779199420171325e-1,1.13872520370202695e-9,9.50033674753628855e-9,-2.10922949831019037e-17,2.35939653006239191e-8,9.36060108306876471e-1,1.11417423123150172e-5
1376,4.87092060399415549e-5,1.99902581587920181e-2,4.92867294980969650e-1,4.92819928359375770e-1,9.72685708306273433e-1,1.13861576513140198e-9,1.09883683383642981e-8,1.26578304075579745e-17,2.36748026277242637e-8,9.36015127567918825e-1,1.11579342819689842e-5
1377,4.87092060399415549e-5,1.99902581587920181e-2,4.92819928359375770e-1,4.92772566983825044e-1,9.72592229115334272e-1,1.13850633902532033e-9,1.16812237810671252e-8,-2.04031211839472232e-17,2.36497422704173699e-8,9.35970149649457905e-1,1.11725211507929245e-5
1378,4.87092060399415549e-5,1.99902581587920181e-2,4.92772566983825044e-1,4.92725209255081953e-1,9.72498760277197949e-1,1.13839692423347713e-9,1.07753478879028067e-8,2.61109536150550575e-17,2.35625077790887245e-8,9.35925173033012370e-1,1.11855029959473384e-5
1379,4.87092060399415549e-5,1.99902581587920181e-2,4.92725209255081953e-1,4.92677856923724788e-1,9.72405298636729087e-1,1.13828751908639237e-9,1.16204009231057862e-8,2.07115073511967928e-17,2.34447441804338437e-8,9.35880199381466937e-1,1.11968798942596592e-5
1380,4.87092060399415549e-5,1.99902581587920181e-2,4.92677856923724788e-1,4.92630508905132714e-1,9.72311847647508110e-1,1.13817812539921816e-9,1.13813519347141241e-8,3.68496555183185534e-18,2.33978964297152282e-8,9.35835227665023472e-1,1.12066519231124317e-5
1381,4.87092060399415549e-5,1.99902581587920181e-2,4.92630508905132714e-1,4.92583165848967164e-1,9.72218405170112043e-1,1.13806874231230436e-9,1.17923790113812284e-8,-4.90049703950281134e-17,2.33905726005597765e-8,9.35790258501009053e-1,1.12230898935417045e-5
1382,4.87092060399415549e-5,1.99902581587920181e-2,4.92583165848967164e-1,4.92535826225069195e-1,9.72124972485634342e-1,1.13795936949454400e-9,1.06737240121403428e-8,2.52235873411326715e-17,2.33030723598050873e-8,9.35745290436384547e-1,1.12391297051317451e-5
1383,4.87092060399415549e-5,1.99902581587920181e-2,4.92535826225069195e-1,4.92488490822511005e-1,9.72031546575551575e-1,1.13785000597851214e-9,1.03444712460072558e-8,2.89144407645646793e-17,2.31810028367274463e-8,9.35700324220793078e-1,1.12535386392886849e-5
1384,4.87092060399415549e-5,1.99902581587920181e-2,4.92488490822511005e-1,4.92441160547841428e-1,9.71938128996383099e-1,1.13774065245408073e-9,1.09221731315804165e-8,-8.72050197700354108e-19,2.32146892735580682e-8,9.35655360715803575e-1,1.12663167743942694e-5
1385,4.87092060399415549e-5,1.99902581587920181e-2,4.92441160547841428e-1,4.92393834911530215e-1,9.71844721537152623e-1,1.13763131016951182e-9,1.10108376573808537e-8,2.34843027912582471e-18,2.32954017704243427e-8,9.35610399456656805e-1,1.12774641890522886e-5
1386,4.87092060399415549e-5,1.99902581587920181e-2,4.92393834911530215e-1,4.92346513120631213e-1,9.71751323231742625e-1,1.13752197862581348e-9,1.03070019154506617e-8,-1.52930822553641114e-17,2.32402259294979381e-8,9.35565439690350442e-1,1.12869809613114214e-5
1387,4.87092060399415549e-5,1.99902581587920181e-2,4.92346513120631213e-1,4.92299196164589392e-1,9.71657932515385236e-1,1.13741265635576933e-9,1.05929807684824448e-8,-1.00446361579661767e-17,2.31620994685154275e-8,9.35520482357185101e-1,1.12948671698864800e-5
1388,4.87092060399415549e-5,1.99902581587920181e-2,4.92299196164589392e-1,4.92251883316553340e-1,9.71564551340449944e-1,1.13730334454885539e-9,1.01525729425195265e-8,6.43649252398334617e-18,2.30920493736103793e-8,9.35475526766903376e-1,1.13011228930481877e-5
1389,4.87092060399415549e-5,1.99902581587920181e-2,4.92251883316553340e-1,4.92204575021303770e-1,9.71471178272899527e-1,1.13719404233635188e-9,1.01573407445074263e-8,1.91676938518747743e-18,2.31749502996781173e-8,9.35430573342365901e-1,1.13105032623073143e-5
1390,4.87092060399415549e-5,1.99902581587920181e-2,4.92204575021303770e-1,4.92157270337061192e-1,9.71377814191270339e-1,1.13708475222003554e-9,9.22076672468832578e-9,1.64650714518986435e-17,2.33856094621317589e-8,9.35385621188935201e-1,1.13220517741208226e-5
1391,4.87092060399415549e-5,1.99902581587920181e-2,4.92157270337061192e-1,4.92109971321888107e-1,9.71284457235977894e-1,1.13697547024973205e-9,1.03426023534760265e-8,-9.33095465162277508e-18,2.34451034721035893e-8,9.35340672262642725e-1,1.13319954083701546e-5
1392,4.87092060399415549e-5,1.99902581587920181e-2,4.92109971321888107e-1,4.92062676155436363e-1,9.71191111468419521e-1,1.13686620089130702e-9,9.64463475355836875e-9,-2.33883233704224941e-17,2.34742883870096561e-8,9.35295724833937636e-1,1.13403342416606989e-5
1393,4.87092060399415549e-5,1.99902581587920181e-2,4.92062676155436363e-1,4.92015385922045134e-1,9.71097773296261568e-1,1.13675694041508536e-9,1.00313762141891119e-8,3.30562862928503987e-17,2.33671176846134310e-8,9.35250779933612830e-1,1.13470683515970450e-5
1394,4.87092060399415549e-5,1.99902581587920181e-2,4.92015385922045134e-1,4.91968101099229282e-1,9.71004444859575155e-1,1.13664769127143683e-9,1.08961068698930044e-8,-4.88263258524962611e-17,2.33495683339105276e-8,9.35205838015888302e-1,1.13521978152286707e-5
1395,4.87092060399415549e-5,1.99902581587920181e-2,4.91968101099229282e-1,4.91920821002445496e-1,9.70911127100801297e-1,1.13653845488087992e-9,1.10768141607264878e-8,2.31230366218093875e-17,2.33019773226708635e-8,9.35160898430536514e-1,1.13557227097160762e-5
1396,4.87092060399415549e-5,1.99902581587920181e-2,4.91920821002445496e-1,4.91873545659608724e-1,9.70817818668686439e-1,1.13642922884757596e-9,1.12858907463896015e-8,3.21707083834123523e-17,2.31815892848247250e-8,9.35115961204406876e-1,1.13576431119977173e-5
1397,4.87092060399415549e-5,1.99902581587920181e-2,4.91873545659608724e-1,4.91826274640110916e-1,9.70724519618362036e-1,1.13632001352061687e-9,1.10648163325270556e-8,-3.96195723698483231e-17,2.31696711140447238e-8,9.35071025928565058e-1,1.13579590993451163e-5
1398,4.87092060399415549e-5,1.99902581587920181e-2,4.91826274640110916e-1,4.91779006116692563e-1,9.70631229100550663e-1,1.13621080821588706e-9,9.01689787643132428e-9,2.23754969586329654e-17,2.33225691842789541e-8,9.35026090866121096e-1,1.13566707489187735e-5
1399,4.87092060399415549e-5,1.99902581587920181e-2,4.91779006116692563e-1,4.91731742546758999e-1,9.70537943509770296e-1,1.13610161085173875e-9,9.42662481064044292e-9,1.26715483708365539e-17,2.34110611571395240e-8,9.34981158353412223e-1,1.13537781375461222e-5
1400,4.87092060399415549e-5,1.99902581587920181e-2,4.91731742546758999e-1,4.91684484361292640e-1,9.70444667694330354e-1,1.13599242354469883e-9,1.02678103415514531e-8,-3.83016122649777833e-17,2.34467177322212846e-8,9.34936228800510638e-1,1.13492813427207295e-5
1401,4.87092060399415549e-5,1.99902581587920181e-2,4.91684484361292640e-1,4.91637231474216008e-1,9.70351402505011285e-1,1.13588324810484010e-9,1.10234358425988309e-8,4.01544372800924614e-17,2.34366280606538528e-8,9.34891302126069301e-1,1.13431804413810511e-5
1402,4.87092060399415549e-5,1.99902581587920181e-2,4.91637231474216008e-1,4.91589982440178985e-1,9.70258147771574042e-1,1.13577408382506149e-9,1.03342206746970688e-8,-4.32730967865970379e-17,2.34164189155235155e-8,9.34846376956154579e-1,1.13510057506704953e-5
1403,4.87092060399415549e-5,1.99902581587920181e-2,4.91589982440178985e-1,4.91542737402106800e-1,9.70164900643073036e-1,1.13566493043790675e-9,9.78830098704356040e-9,3.97790312852526205e-17,2.34948368142785871e-8,9.34801453426906237e-1,1.13584121219645340e-5
1404,4.87092060399415549e-5,1.99902581587920181e-2,4.91542737402106800e-1,4.91495497826992422e-1,9.70071661400641716e-1,1.13555578611396733e-9,1.07097585057301303e-8,3.16846405118639422e-18,2.34860165397015357e-8,9.34756532933602502e-1,1.13730495333586035e-5
1405,4.87092060399415549e-5,1.99902581587920181e-2,4.91495497826992422e-1,4.91448262992672691e-1,9.69978432938822688e-1,1.13544665270012412e-9,1.09095779796146360e-8,-4.70930185097281448e-17,2.34785957748462200e-8,9.34711614789814349e-1,1.13865999961104691e-5
1406,4.87092060399415549e-5,1.99902581587920181e-2,4.91448262992672691e-1,4.91401031471427330e-1,9.69885213833375781e-1,1.13533753042701368e-9,9.68213281373459416e-9,-2.60571488249309333e-18,2.34570215213086802e-8,9.34666697638229405e-1,1.13984480795137344e-5
1407,4.87092060399415549e-5,1.99902581587920181e-2,4.91401031471427330e-1,4.91353805406346489e-1,9.69792001266648662e-1,1.13522841653003586e-9,1.05980962840993893e-8,4.28939784051680589e-17,2.34883447844142288e-8,9.34621783517119442e-1,1.14085938658359254e-5
1408,4.87092060399415549e-5,1.99902581587920181e-2,4.91353805406346489e-1,4.91306582880924880e-1,9.69698799467714978e-1,1.13511931568434684e-9,9.59807903684744167e-9,-4.17498569234704383e-18,2.35889447835979176e-8,9.34576870604124421e-1,1.14170374362343452e-5
1409,4.87092060399415549e-5,1.99902581587920181e-2,4.91306582880924880e-1,4.91259366835453515e-1,9.69605604654910858e-1,1.13501022445308293e-9,1.15386930710218743e-8,-4.27924237870036986e-17,2.35859066663933609e-8,9.34531961696125069e-1,1.14257298847730837e-5
1410,4.87092060399415549e-5,1.99902581587920181e-2,4.91259366835453515e-1,4.91212155424494812e-1,9.69512422629018378e-1,1.13490114462399297e-9,1.16344922398705587e-8,3.23002349411708058e-17,2.35395048134169939e-8,9.34487055038327630e-1,1.14378869194853294e-5
1411,4.87092060399415549e-5,1.99902581587920181e-2,4.91212155424494812e-1,4.91164946925972346e-1,9.69419249750134160e-1,1.13479207705686463e-9,1.00086606065324503e-8,1.49192181251860692e-17,2.35777258824613273e-8,9.34442148992867150e-1,1.14483588312674911e-5
1412,4.87092060399415549e-5,1.99902581587920181e-2,4.91164946925972346e-1,4.91117744565743419e-1,9.69326082619651919e-1,1.13468301813652924e-9,1.16089663096910106e-8,-4.40001968168372747e-17,2.35727585337304959e-8,9.34397246628620115e-1,1.14571457007217603e-5
1413,4.87092060399415549e-5,1.99902581587920181e-2,4.91117744565743419e-1,4.91070546408500619e-1,9.69232927602558969e-1,1.13457397133460137e-9,1.12745544885046631e-8,2.85516244586478954e-17,2.35455132259842261e-8,9.34352346104980414e-1,1.14642476090054402e-5
1414,4.87092060399415549e-5,1.99902581587920181e-2,4.91070546408500619e-1,4.91023351769490801e-1,9.69139780880360124e-1,1.13446493458072013e-9,1.02557936672269153e-8,-1.42187284952516633e-17,2.35308281020785036e-8,9.34307446770695216e-1,1.14696646371648114e-5
1415,4.87092060399415549e-5,1.99902581587920181e-2,4.91023351769490801e-1,4.90976162057618570e-1,9.69046641101577344e-1,1.13435590665966393e-9,1.06462756102481474e-8,-1.77443310846302774e-17,2.35612407323114389e-8,9.34262549966486389e-1,1.14733968662461550e-5
1416,4.87092060399415549e-5,1.99902581587920181e-2,4.90976162057618570e-1,4.90928976897651137e-1,9.68953511046685034e-1,1.13424689035016570e-9,1.06619983352430086e-8,3.88423303052363468e-17,2.34830865678433077e-8,9.34217655335667918e-1,1.14888293158976751e-5
1417,4.87092060399415549e-5,1.99902581587920181e-2,4.90928976897651137e-1,4.90881796219252931e-1,9.68860389975101377e-1,1.13413788438079179e-9,1.06078231904117753e-8,-4.59516333414968495e-17,2.34761370994541835e-8,9.34172762811619761e-1,1.15036545730307083e-5
1418,4.87092060399415549e-5,1.99902581587920181e-2,4.90881796219252931e-1,4.90834621028589213e-1,9.68767277748104561e-1,1.13402888886096369e-9,1.15602439338280878e-8,4.55776103926411972e-17,2.34550806077991582e-8,9.34127873352085913e-1,1.15167630652113218e-5
1419,4.87092060399415549e-5,1.99902581587920181e-2,4.90834621028589213e-1,4.90787450518045454e-1,9.68674176350940885e-1,1.13391990493818856e-9,1.17055777803705724e-8,4.14697073936109788e-18,2.32473139458348475e-8,9.34082986188959907e-1,1.15281548750401086e-5
1420,4.87092060399415549e-5,1.99902581587920181e-2,4.90787450518045454e-1,4.90740284282202788e-1,9.68581084189779506e-1,1.13381093139797685e-9,1.14459425964913367e-8,-4.04917152117772832e-18,2.31837677420112772e-8,9.34038100936759319e-1,1.15378300850066395e-5
1421,4.87092060399415549e-5,1.99902581587920181e-2,4.90740284282202788e-1,4.90693121592500503e-1,9.68488000465112964e-1,1.13370196818182497e-9,1.04581576405152211e-8,-2.72611995420080208e-17,2.32041955793811667e-8,9.33993216902382906e-1,1.15470464435718512e-5
1422,4.87092060399415549e-5,1.99902581587920181e-2,4.90693121592500503e-1,4.90645963885807890e-1,9.68394923739137825e-1,1.13359301398231918e-9,1.09075827873908477e-8,2.85700656232241526e-17,2.31588845776795523e-8,9.33948335453554046e-1,1.15575169098436348e-5
1423,4.87092060399415549e-5,1.99902581587920181e-2,4.90645963885807890e-1,4.90598809958287030e-1,9.68301856847051501e-1,1.13348407062780944e-9,1.01536491010515369e-8,-1.05490955632540909e-17,2.31103676808729931e-8,9.33903455444831554e-1,1.15663596312876038e-5
1424,4.87092060399415549e-5,1.99902581587920181e-2,4.90598809958287030e-1,4.90551660929201994e-1,9.68208797413709910e-1,1.13337513717140433e-9,1.05193427696428204e-8,-3.46543247900477183e-17,2.30963373719607532e-8,9.33858577941792167e-1,1.15735746861744815e-5
1425,4.87092060399415549e-5,1.99902581587920181e-2,4.90551660929201994e-1,4.90504516385222578e-1,9.68115747647194214e-1,1.13326621390335450e-9,1.04721769885762201e-8,4.07327771489711618e-17,2.30920426509342778e-8,9.33813702551324565e-1,1.15791621526639688e-5
1426,4.87092060399415549e-5,1.99902581587920181e-2,4.90504516385222578e-1,4.90457376107779064e-1,9.68022706732128757e-1,1.13315730109972195e-9,1.02068727744202858e-8,-3.20198389114888056e-17,2.31231803645794835e-8,9.33768829065711126e-1,1.15831221090267888e-5
1427,4.87092060399415549e-5,1.99902581587920181e-2,4.90457376107779064e-1,4.90410238816512190e-1,9.67929674237295479e-1,1.13304839840535650e-9,8.66161931001807487e-9,1.51279141393719730e-17,2.31211863819096880e-8,9.33723956266350630e-1,1.15854546335336650e-5
1428,4.87092060399415549e-5,1.99902581587920181e-2,4.90410238816512190e-1,4.90363107464327097e-1,9.67836647635727632e-1,1.13293950268303049e-9,1.00695580763209871e-8,2.35075118248852599e-17,2.31049050649442199e-8,9.33679086964527838e-1,1.15861598043442982e-5
1429,4.87092060399415549e-5,1.99902581587920181e-2,4.90363107464327097e-1,4.90315979924558498e-1,9.67743632754725414e-1,1.13283061993155347e-9,9.35140250462044702e-9,-3.19484019394275010e-17,2.31763449950844190e-8,9.33634219136062704e-1,1.15942844813865520e-5
1430,4.87092060399415549e-5,1.99902581587920181e-2,4.90315979924558498e-1,4.90268857688240189e-1,9.67650625398387643e-1,1.13272174719865663e-9,1.01246471247877819e-8,2.75724427910933485e-17,2.32852110328903001e-8,9.33589354200799471e-1,1.16013026588701607e-5
1431,4.87092060399415549e-5,1.99902581587920181e-2,4.90268857688240189e-1,4.90221740755956092e-1,9.67557628508033063e-1,1.13261288585946900e-9,1.08989855474130307e-8,-1.52315549070411921e-17,2.33011458755532923e-8,9.33544492159690709e-1,1.16067190413238208e-5
1432,4.87092060399415549e-5,1.99902581587920181e-2,4.90221740755956092e-1,4.90174627246936112e-1,9.67464642084866933e-1,1.13250403630010236e-9,9.79306363378549150e-9,1.96612427448831140e-17,2.33182875407317181e-8,9.33499631222269088e-1,1.16105337055749658e-5
1433,4.87092060399415549e-5,1.99902581587920181e-2,4.90174627246936112e-1,4.90127517918274747e-1,9.67371662417702227e-1,1.13239519489664496e-9,9.44456534268847690e-9,1.53506027407998238e-18,2.33159935294441438e-8,9.33454772109694630e-1,1.16127467286730734e-5
1434,4.87092060399415549e-5,1.99902581587920181e-2,4.90127517918274747e-1,4.90080413180298935e-1,9.67278691001170365e-1,1.13228636404742818e-9,9.50679585480605896e-9,-9.49187767671129130e-18,2.33490646200384407e-8,9.33409915212889185e-1,1.16133581876676217e-5
1435,4.87092060399415549e-5,1.99902581587920181e-2,4.90080413180298935e-1,4.90033312876469174e-1,9.67185728644559761e-1,1.13217754378234489e-9,9.41292812842273141e-9,5.38631890753704819e-18,2.34465359475349107e-8,9.33365060383186451e-1,1.16275170465307554e-5
1436,4.87092060399415549e-5,1.99902581587920181e-2,4.90033312876469174e-1,4.89986217575021976e-1,9.67092775039024022e-1,1.13206873462362812e-9,9.88772322075141720e-9,-3.82426193980517264e-17,2.35516681568176597e-8,9.33320208161995901e-1,1.16406696926141251e-5
1437,4.87092060399415549e-5,1.99902581587920181e-2,4.89986217575021976e-1,4.89939127609727965e-1,9.66999831304790947e-1,1.13195993418800571e-9,1.06967696302921108e-8,3.77594251519513255e-17,2.35233645538659026e-8,9.33275358867631466e-1,1.16521916002643167e-5
1438,4.87092060399415549e-5,1.99902581587920181e-2,4.89939127609727965e-1,4.89892042110575854e-1,9.66906898101884682e-1,1.13185114673359438e-9,1.06363178362862964e-8,-8.34481804947788229e-18,2.35514787690794501e-8,9.33230511671831242e-1,1.16620828475300087e-5
1439,4.87092060399415549e-5,1.99902581587920181e-2,4.89892042110575854e-1,4.89844961100492526e-1,9.66813973712705610e-1,1.13174236930774978e-9,1.05992221729769764e-8,-2.90228229315050523e-18,2.35626309206020751e-8,9.33185666596725416e-1,1.16703435133480582e-5
1440,4.87092060399415549e-5,1.99902581587920181e-2,4.89844961100492526e-1,4.89797884379289228e-1,9.66721058183114601e-1,1.13163360267406715e-9,1.03623692955260388e-8,-5.07261396894876266e-18,2.35978244266684130e-8,9.33140823451955814e-1,1.16830209170304400e-5
1441,4.87092060399415549e-5,1.99902581587920181e-2,4.89797884379289228e-1,4.89750812034034366e-1,9.66628151118007928e-1,1.13152484684070145e-9,1.02129971173129342e-8,-1.09338486990157810e-17,2.36445427950182923e-8,9.33095982320720108e-1,1.16949418919043424e-5
1442,4.87092060399415549e-5,1.99902581587920181e-2,4.89750812034034366e-1,4.89703744751301906e-1,9.66535252689206703e-1,1.13141610167429318e-9,1.07506195169799741e-8,2.65891682338678892e-17,2.37075789414222862e-8,9.33051143857385745e-1,1.17051634307419050e-5
1443,4.87092060399415549e-5,1.99902581587920181e-2,4.89703744751301906e-1,4.89656683359709244e-1,9.66442364251055452e-1,1.13130736759590105e-9,1.21173460244485618e-8,-2.12342706090792803e-17,2.37281534286928921e-8,9.33006308851765276e-1,1.17136856151445201e-5
1444,4.87092060399415549e-5,1.99902581587920181e-2,4.89656683359709244e-1,4.89609625766592782e-1,9.66349487438926125e-1,1.13119864672355348e-9,1.13919751230087722e-8,2.29867288373892243e-17,2.36994642427624634e-8,9.32961475310576160e-1,1.17205085266025577e-5
1445,4.87092060399415549e-5,1.99902581587920181e-2,4.89609625766592782e-1,4.89562572730093959e-1,9.66256618123207844e-1,1.13108993460472377e-9,1.14251108480197655e-8,1.47418689474934750e-17,2.35908435441236641e-8,9.32916643956392733e-1,1.17256322473835439e-5
1446,4.87092060399415549e-5,1.99902581587920181e-2,4.89562572730093959e-1,4.89515524238267552e-1,9.66163757800414524e-1,1.13098123393160936e-9,1.14467394042391628e-8,-2.05023183373658074e-17,2.35078730167578788e-8,9.32871814778095443e-1,1.17290568585337596e-5
1447,4.87092060399415549e-5,1.99902581587920181e-2,4.89515524238267552e-1,4.89468480140394957e-1,9.66070906446583999e-1,1.13087254311049336e-9,1.13180861553145305e-8,6.33435391630652342e-18,2.35007042641507200e-8,9.32826987632456195e-1,1.17307824419876638e-5
1448,4.87092060399415549e-5,1.99902581587920181e-2,4.89468480140394957e-1,4.89421441025259252e-1,9.65978063764519224e-1,1.13076386299870649e-9,1.17786383858894896e-8,1.56363043069307391e-17,2.34537897759659880e-8,9.32782163080799087e-1,1.17378780203347688e-5
1449,4.87092060399415549e-5,1.99902581587920181e-2,4.89421441025259252e-1,4.89374406734381151e-1,9.65885230915762727e-1,1.13065519370448306e-9,1.20811903224606290e-8,-4.49048892158701964e-18,2.33615394819121588e-8,9.32737340972454532e-1,1.17448294013611232e-5
1450,4.87092060399415549e-5,1.99902581587920181e-2,4.89374406734381151e-1,4.89327376377698353e-1,9.65792407587481083e-1,1.13054653494068883e-9,1.14941436945150279e-8,-3.74933989038705965e-17,2.33124555241022648e-8,9.32692520459565966e-1,1.17553373347734080e-5
1451,4.87092060399415549e-5,1.99902581587920181e-2,4.89327376377698353e-1,4.89280349587359997e-1,9.65699592023644970e-1,1.13043788581398012e-9,1.05396242984367525e-8,2.70901931852524832e-17,2.33104594267720438e-8,9.32647701191712031e-1,1.17673047291821931e-5
1452,4.87092060399415549e-5,1.99902581587920181e-2,4.89280349587359997e-1,4.89233327226989201e-1,9.65606783498548338e-1,1.13032924563649916e-9,1.04490709571014135e-8,-3.14238470083382236e-18,2.34111524953644874e-8,9.32602883992253329e-1,1.17775755502647073e-5
1453,4.87092060399415549e-5,1.99902581587920181e-2,4.89233327226989201e-1,4.89186309966331168e-1,9.65513983716087987e-1,1.13022061584669918e-9,1.10286886320223559e-8,-9.40685012718574048e-18,2.33781107344059653e-8,9.32558069499836551e-1,1.17887089904344933e-5
1454,4.87092060399415549e-5,1.99902581587920181e-2,4.89186309966331168e-1,4.89139296569055249e-1,9.65421193997571758e-1,1.13011199700152400e-9,1.03724658394077957e-8,-1.32361802026040255e-18,2.33507538436720487e-8,9.32513256536418700e-1,1.17996735170544653e-5
1455,4.87092060399415549e-5,1.99902581587920181e-2,4.89139296569055249e-1,4.89092287123544800e-1,9.65328411904347705e-1,1.13000338892462077e-9,9.80499783190196079e-9,-1.09932386126358633e-17,2.33690770493347330e-8,9.32468445186430350e-1,1.18089243295038671e-5
1456,4.87092060399415549e-5,1.99902581587920181e-2,4.89092287123544800e-1,4.89045282662648628e-1,9.65235637609731412e-1,1.12989478930214696e-9,1.02707584406815669e-8,2.50656851796411990e-17,2.33635959632232160e-8,9.32423636434745684e-1,1.18164615097171577e-5
1457,4.87092060399415549e-5,1.99902581587920181e-2,4.89045282662648628e-1,4.88998282382092198e-1,9.65142873152319947e-1,1.12978620059626499e-9,9.93272373022320587e-9,-3.97480136666431070e-18,2.33480471933264427e-8,9.32378829514957430e-1,1.18222851401839080e-5
1458,4.87092060399415549e-5,1.99902581587920181e-2,4.88998282382092198e-1,4.88951287682491131e-1,9.65050116944852432e-1,1.12967762192525204e-9,1.09957064299813486e-8,1.84335842931237630e-17,2.32347401524812953e-8,9.32334025762691199e-1,1.18263953035047109e-5
1459,4.87092060399415549e-5,1.99902581587920181e-2,4.88951287682491131e-1,4.88904296578391961e-1,9.64957371750867821e-1,1.12956905427582373e-9,1.00737721616782756e-8,-1.24085446407140937e-17,2.31380201380329373e-8,9.32289223285394875e-1,1.18287920818360703e-5
1460,4.87092060399415549e-5,1.99902581587920181e-2,4.88904296578391961e-1,4.88857311594833366e-1,9.64864633653223391e-1,1.12946049565633843e-9,1.16772221698470902e-8,6.48465594232985876e-18,2.29566155752022551e-8,9.32244424490816570e-1,1.18294755574455124e-5
1461,4.87092060399415549e-5,1.99902581587920181e-2,4.88857311594833366e-1,4.88810330374998214e-1,9.64771907633941606e-1,1.12935194999326410e-9,1.09244434115443955e-8,-2.39894636457056062e-17,2.27847240728913838e-8,9.32199627132230257e-1,1.18391865577827105e-5
1462,4.87092060399415549e-5,1.99902581587920181e-2,4.88810330374998214e-1,4.88763353946422396e-1,9.64679189042654039e-1,1.12924341312531750e-9,1.11995622830798374e-8,8.30693979486785405e-18,2.26321886348900425e-8,9.32154832189608262e-1,1.18508307072051622e-5
1463,4.87092060399415549e-5,1.99902581587920181e-2,4.88763353946422396e-1,4.88716381342472250e-1,9.64586479906914152e-1,1.12913488818990618e-9,1.05085080778245554e-8,1.56789223064506962e-17,2.25411823791410114e-8,9.32110038741544300e-1,1.18608441909140438e-5
1464,4.87092060399415549e-5,1.99902581587920181e-2,4.88716381342472250e-1,4.88669412333898046e-1,9.64493778319549078e-1,1.12902637231977068e-9,9.58857182082804372e-9,1.07620813360966946e-17,2.25537248761349936e-8,9.32065246569634298e-1,1.18692270866249672e-5
1465,4.87092060399415549e-5,1.99902581587920181e-2,4.88669412333898046e-1,4.88622447790377390e-1,9.64401083828090200e-1,1.12891786570609106e-9,9.53865880048239090e-9,3.60607402809022288e-18,2.27189165117748743e-8,9.32020456503456662e-1,1.18759794731637669e-5
1466,4.87092060399415549e-5,1.99902581587920181e-2,4.88622447790377390e-1,4.88575488337132602e-1,9.64308398148220447e-1,1.12880936846599628e-9,1.01143972841468599e-8,6.93466535661585730e-18,2.27739592176471369e-8,9.31975669139651575e-1,1.18811014288011663e-5
1467,4.87092060399415549e-5,1.99902581587920181e-2,4.88575488337132602e-1,4.88528531691471257e-1,9.64215722514427220e-1,1.12870088401678929e-9,8.40793273004251160e-9,-5.23215758764778544e-17,2.30092918348642779e-8,9.31930882301334029e-1,1.18845930316968662e-5
1468,4.87092060399415549e-5,1.99902581587920181e-2,4.88528531691471257e-1,4.88481579531728605e-1,9.64123052422208415e-1,1.12859240745159127e-9,8.38007320011962994e-9,3.06097242689349581e-17,2.32564895881225670e-8,9.31886097589473605e-1,1.18864543603436346e-5
1469,4.87092060399415549e-5,1.99902581587920181e-2,4.88481579531728605e-1,4.88434633879702762e-1,9.64030391182560398e-1,1.12848393980642049e-9,1.03744430931505472e-8,1.16484897348697442e-18,2.34244081025589275e-8,9.31841316932994546e-1,1.18866854931232169e-5
1470,4.87092060399415549e-5,1.99902581587920181e-2,4.88434633879702762e-1,4.88387691466063145e-1,9.63937742785647922e-1,1.12837548692204931e-9,9.10010793132626293e-9,-1.27588076536547728e-17,2.36727442668327764e-8,9.31796537213680276e-1,1.18977734359093645e-5
1471,4.87092060399415549e-5,1.99902581587920181e-2,4.88387691466063145e-1,4.88340753710913122e-1,9.63845100780100883e-1,1.12826704236489688e-9,9.24618740162854895e-9,1.94299431932785861e-17,2.38954083012594844e-8,9.31751759786483946e-1,1.19183514889487085e-5
1472,4.87092060399415549e-5,1.99902581587920181e-2,4.88340753710913122e-1,4.88293821195730171e-1,9.63752467968069571e-1,1.12815860803224917e-9,9.97419218865827241e-9,1.07961926101971564e-17,2.39789033042063919e-8,9.31706985206444238e-1,1.19372325545485936e-5
1473,4.87092060399415549e-5,1.99902581587920181e-2,4.88293821195730171e-1,4.88246892481379757e-1,9.63659845496785294e-1,1.12805018493084537e-9,9.26356615039160313e-9,-2.79519648366612533e-17,2.39677943624490249e-8,9.31662212100909715e-1,1.19544167144214342e-5
1474,4.87092060399415549e-5,1.99902581587920181e-2,4.88246892481379757e-1,4.88199969037323322e-1,9.63567230526959140e-1,1.12794177128697243e-9,1.00227668412957314e-8,2.61524714643603191e-17,2.39623566026179515e-8,9.31617441872178875e-1,1.19699040500576004e-5
1475,4.87092060399415549e-5,1.99902581587920181e-2,4.88199969037323322e-1,4.88153051234571755e-1,9.63474625957695174e-1,1.12783336870036002e-9,1.11534850951584223e-8,-1.95978774012391018e-18,2.38326232747624480e-8,9.31572674874674322e-1,1.19836946430584845e-5
1476,4.87092060399415549e-5,1.99902581587920181e-2,4.88153051234571755e-1,4.88106137517184013e-1,9.63382032521297837e-1,1.12772497806692561e-9,1.07288045649038088e-8,-2.74808722429225032e-17,2.37411136566391249e-8,9.31527909624138784e-1,1.19957885750254789e-5
1477,4.87092060399415549e-5,1.99902581587920181e-2,4.88106137517184013e-1,4.88059228449070737e-1,9.63289447147493205e-1,1.12761659716123136e-9,1.08684273202462404e-8,1.45678400727796686e-17,2.36383660625781660e-8,9.31483146658966032e-1,1.20061859274489535e-5
1478,4.87092060399415549e-5,1.99902581587920181e-2,4.88059228449070737e-1,4.88012323751086330e-1,9.63196870949336703e-1,1.12750822704746622e-9,1.07293514809649388e-8,-1.65453807632101919e-17,2.36112421030610496e-8,9.31438385713055150e-1,1.20148867818192784e-5
1479,4.87092060399415549e-5,1.99902581587920181e-2,4.88012323751086330e-1,4.87965423481369120e-1,9.63104303376198567e-1,1.12739986776755274e-9,1.06488339987966689e-8,2.96712911727159984e-17,2.36643581047704095e-8,9.31393626842182409e-1,1.20218912199598904e-5
1480,4.87092060399415549e-5,1.99902581587920181e-2,4.87965423481369120e-1,4.87918526760692084e-1,9.63011744542347836e-1,1.12729151895729447e-9,9.68951526741450563e-9,-2.61273896938264862e-17,2.37060321523890830e-8,9.31348869207572538e-1,1.20271993228060481e-5
1481,4.87092060399415549e-5,1.99902581587920181e-2,4.87918526760692084e-1,4.87871636231764716e-1,9.62919192713020178e-1,1.12718317911893367e-9,1.13732471042773407e-8,2.12877875403502361e-17,2.36730417806420245e-8,9.31304115331669236e-1,1.20308111726252775e-5
1482,4.87092060399415549e-5,1.99902581587920181e-2,4.87871636231764716e-1,4.87824749627334686e-1,9.62826653102706653e-1,1.12707485233437835e-9,1.07903218319487950e-8,1.29984187160542335e-17,2.36635891076160429e-8,9.31259363050942257e-1,1.20395619228608197e-5
1483,4.87092060399415549e-5,1.99902581587920181e-2,4.87824749627334686e-1,4.87777869053314383e-1,9.62734121237442286e-1,1.12696653479110346e-9,1.23136862164509212e-8,-1.72530073074697053e-17,2.36989401833256602e-8,9.31214614375849958e-1,1.20486830212929164e-5
1484,4.87092060399415549e-5,1.99902581587920181e-2,4.87777869053314383e-1,4.87730991783130896e-1,9.62641601273327430e-1,1.12685823149387800e-9,1.11110573278234982e-8,-4.96812451397106420e-18,2.38211134113799523e-8,9.31169866704107396e-1,1.20561162775256747e-5
1485,4.87092060399415549e-5,1.99902581587920181e-2,4.87730991783130896e-1,4.87684118983685855e-1,9.62549087829589256e-1,1.12674993621589437e-9,1.10756476842825174e-8,-1.25348203786652138e-17,2.38070551933286035e-8,9.31125121149864787e-1,1.20618617729384425e-5
1486,4.87092060399415549e-5,1.99902581587920181e-2,4.87684118983685855e-1,4.87637251663221138e-1,9.62456583209180816e-1,1.12664165184595989e-9,1.20489096634682087e-8,2.51384654930172897e-18,2.37282367332872402e-8,9.31080378675925968e-1,1.20715785728586766e-5
1487,4.87092060399415549e-5,1.99902581587920181e-2,4.87637251663221138e-1,4.87590388303088540e-1,9.62364089401465339e-1,1.12653337986136680e-9,1.15040501044688063e-8,1.38744608873907685e-17,2.35537595357414368e-8,9.31035637832884122e-1,1.20821253128955419e-5
1488,4.87092060399415549e-5,1.99902581587920181e-2,4.87590388303088540e-1,4.87543529346334326e-1,9.62271603409651011e-1,1.12642511723235540e-9,1.14026175164076487e-8,1.76126985250322639e-17,2.33890774311880146e-8,9.30990899043960263e-1,1.20909784125933228e-5
1489,4.87092060399415549e-5,1.99902581587920181e-2,4.87543529346334326e-1,4.87496674504736105e-1,9.62179126107785887e-1,1.12631686433096400e-9,1.10133858330164109e-8,-2.91452787493874025e-18,2.31346219953346189e-8,9.30946162034268387e-1,1.20981379534423894e-5
1490,4.87092060399415549e-5,1.99902581587920181e-2,4.87496674504736105e-1,4.87449824330517645e-1,9.62086656927672035e-1,1.12620862169111310e-9,1.11767734893520997e-8,-2.66122862776275212e-18,2.28424269196291241e-8,9.30901427331347397e-1,1.21036040168220893e-5
1491,4.87092060399415549e-5,1.99902581587920181e-2,4.87449824330517645e-1,4.87402979518510915e-1,9.61994196958619985e-1,1.12610038950238898e-9,1.20354417571182905e-8,8.95532035493386947e-18,2.25875618767539297e-8,9.30856695599039830e-1,1.21073766840007480e-5
1492,4.87092060399415549e-5,1.99902581587920181e-2,4.87402979518510915e-1,4.87356138853381138e-1,9.61901747571748400e-1,1.12599216896911779e-9,1.16792907459418378e-8,-3.97933547447395887e-17,2.23650007471220912e-8,9.30811965677194153e-1,1.21094560365797577e-5
1493,4.87092060399415549e-5,1.99902581587920181e-2,4.87356138853381138e-1,4.87309301772965886e-1,9.61809306368721750e-1,1.12588395755396314e-9,1.07613758270404865e-8,1.09375098004069407e-17,2.21509254576071908e-8,9.30767237029163752e-1,1.21098421557164215e-5
1494,4.87092060399415549e-5,1.99902581587920181e-2,4.87309301772965886e-1,4.87262469910897666e-1,9.61716872240459875e-1,1.12577575536715365e-9,1.14774380437550368e-8,3.00445051389325738e-17,2.19880898108580825e-8,9.30722511215366866e-1,1.21085351229011096e-5
1495,4.87092060399415549e-5,1.99902581587920181e-2,4.87262469910897666e-1,4.87215642853820796e-1,9.61624448410395072e-1,1.12566756497238676e-9,1.17806462657437454e-8,-3.39259558647478251e-17,2.18967344712999600e-8,9.30677787841407200e-1,1.21055350197352141e-5
1496,4.87092060399415549e-5,1.99902581587920181e-2,4.87215642853820796e-1,4.87168819667839315e-1,9.61532034062907104e-1,1.12555938453587603e-9,1.11504202683788941e-8,3.97219376250129854e-17,2.19208501885638774e-8,9.30633066015634225e-1,1.21123861763772211e-5
1497,4.87092060399415549e-5,1.99902581587920181e-2,4.87168819667839315e-1,4.87121999294410024e-1,9.61439627355409221e-1,1.12545121380750583e-9,9.46202331867717221e-9,-3.68832225075759552e-18,2.20803173331165035e-8,9.30588344727185768e-1,1.21256853671258824e-5
1498,4.87092060399415549e-5,1.99902581587920181e-2,4.87121999294410024e-1,4.87075182490466885e-1,9.61347226199095406e-1,1.12534305061818051e-9,8.53083071202548331e-9,-4.39647603993955030e-17,2.23108070083497018e-8,9.30543624699135541e-1,1.21382795327251714e-5
1499,4.87092060399415549e-5,1.99902581587920181e-2,4.87075182490466885e-1,4.87028369733614352e-1,9.61254832087343303e-1,1.12523489591696780e-9,8.07758556601739039e-9,3.76163609562878292e-17,2.25567285229508599e-8,9.30498906387944524e-1,1.21492458515781721e-5
1500,4.87092060399415549e-5,1.99902581587920181e-2,4.87028369733614352e-1,4.86981561209155422e-1,9.61162445962975731e-1,1.12512675111550477e-9,7.81003261458492525e-9,-3.09477268108363762e-17,2.27824042294449910e-8,9.30454189970905565e-1,1.21585844015115185e-5
1501,4.87092060399415549e-5,1.99902581587920181e-2,4.86981561209155422e-1,4.86934757096252335e-1,9.61070068191197668e-1,1.12501861544235390e-9,7.72204864560134240e-9,-2.48648837772215013e-18,2.29498821146700027e-8,9.30409475619428550e-1,1.21662952612400233e-5
1502,4.87092060399415549e-5,1.99902581587920181e-2,4.86934757096252335e-1,4.86887957679052907e-1,9.60977699125452500e-1,1.12491048942276928e-9,7.91863655712142992e-9,1.61598848192584291e-17,2.30481851904174817e-8,9.30364763605280753e-1,1.21723785087013425e-5
1503,4.87092060399415549e-5,1.99902581587920181e-2,4.86887957679052907e-1,4.86841162639501612e-1,9.60885339327125165e-1,1.12480237505786812e-9,7.79762035363845351e-9,2.03512735031523994e-17,2.31397178451581820e-8,9.30320053624935417e-1,1.21768342222772219e-5
1504,4.87092060399415549e-5,1.99902581587920181e-2,4.86841162639501612e-1,4.86794371970346973e-1,9.60792988167851969e-1,1.12469426978868613e-9,7.66977351318510589e-9,-2.33104211546934751e-17,2.31920758599947922e-8,9.30275345671735199e-1,1.21823470529136557e-5
1505,4.87092060399415549e-5,1.99902581587920181e-2,4.86794371970346973e-1,4.86747586829438805e-1,9.60700645633714823e-1,1.12458617473288473e-9,8.70019653539195641e-9,-2.83491339534173645e-19,2.31251803599362960e-8,9.30230640852400148e-1,1.22048779160888188e-5
1506,4.87092060399415549e-5,1.99902581587920181e-2,4.86747586829438805e-1,4.86700806642063166e-1,9.60608314009785191e-1,1.12447809304924727e-9,9.15643703173250588e-9,1.96712929893256332e-17,2.31094865107746593e-8,9.30185938618128483e-1,1.22257145629411923e-5
1507,4.87092060399415549e-5,1.99902581587920181e-2,4.86700806642063166e-1,4.86654032580204510e-1,9.60515992161306453e-1,1.12437002110497682e-9,1.07851381817661778e-8,-1.54218957834345442e-17,2.30521919465907960e-8,9.30141240089360055e-1,1.22257077160847771e-5
1508,4.87092060399415549e-5,1.99902581587920181e-2,4.86654032580204510e-1,4.86607262957841125e-1,9.60423682401146173e-1,1.12426196284225405e-9,1.07284063746331242e-8,-5.76490789337399321e-18,2.30991026607496598e-8,9.30096543655252850e-1,1.22408565885745446e-5
1509,4.87092060399415549e-5,1.99902581587920181e-2,4.86607262957841125e-1,4.86560497523677193e-1,9.60331381402356410e-1,1.12415391425901870e-9,1.04208055139498968e-8,-1.03286535843699341e-17,2.32052973662650572e-8,9.30051849075975046e-1,1.22543803563468501e-5
1510,4.87092060399415549e-5,1.99902581587920181e-2,4.86560497523677193e-1,4.86513736468010161e-1,9.60239088669512464e-1,1.12404587671812898e-9,1.03039046735104295e-8,2.59490528624825036e-17,2.34465938616908962e-8,9.30007156533661727e-1,1.22662790974503721e-5
1511,4.87092060399415549e-5,1.99902581587920181e-2,4.86513736468010161e-1,4.86466979331043214e-1,9.60146804578097424e-1,1.12393784987054612e-9,9.72762800956285311e-9,-1.95547763282414138e-17,2.37483844254576137e-8,9.29962465589099896e-1,1.22765528899337895e-5
1512,4.87092060399415549e-5,1.99902581587920181e-2,4.86466979331043214e-1,4.86420226218996443e-1,9.60054528220490977e-1,1.12382983238189605e-9,9.25794806270330390e-9,4.45299447878121600e-18,2.40137366373147209e-8,9.29917776344089120e-1,1.22852018118457806e-5
1513,4.87092060399415549e-5,1.99902581587920181e-2,4.86420226218996443e-1,4.86373478910512580e-1,9.59962259806011575e-1,1.12372182411513934e-9,1.05672977276328437e-8,4.39600835202121282e-17,2.42092194697746359e-8,9.29873090499099941e-1,1.22922259412350243e-5
1514,4.87092060399415549e-5,1.99902581587920181e-2,4.86373478910512580e-1,4.86326734489431034e-1,9.59870002845152226e-1,1.12361383014569826e-9,8.96104479444453691e-9,-2.67550642687990742e-17,2.44368239942103669e-8,9.29828405266860392e-1,1.22976253563722437e-5
1515,4.87092060399415549e-5,1.99902581587920181e-2,4.86326734489431034e-1,4.86279996842165663e-1,9.59777751583040684e-1,1.12350584345148189e-9,1.12414831975256891e-8,-2.13474967456867638e-18,2.45353142784539041e-8,9.29783724362954422e-1,1.23014001354171398e-5
1516,4.87092060399415549e-5,1.99902581587920181e-2,4.86279996842165663e-1,4.86233263932683013e-1,9.59685513688639635e-1,1.12339787103886305e-9,1.14865392600244249e-8,2.64048359974441223e-17,2.46313139027588953e-8,9.29739045841407652e-1,1.23035503564183912e-5
1517,4.87092060399415549e-5,1.99902581587920181e-2,4.86233263932683013e-1,4.86186535993499369e-1,9.59593285144373254e-1,1.12328990965830282e-9,1.19645671070317938e-8,-1.89565162958512114e-17,2.46355476075556442e-8,9.29694369924877750e-1,1.23087394136023320e-5
1518,4.87092060399415549e-5,1.99902581587920181e-2,4.86186535993499369e-1,4.86139811578870151e-1,9.59501066408835590e-1,1.12318195897255781e-9,1.09973280523989515e-8,2.24102054571356904e-17,2.45152202593929201e-8,9.29649695231404394e-1,1.23184389284602958e-5
1519,4.87092060399415549e-5,1.99902581587920181e-2,4.86139811578870151e-1,4.86093093462573678e-1,9.59408854629493102e-1,1.12307401714206374e-9,1.28042062009826521e-8,5.91736886079609196e-19,2.43150020921923335e-8,9.29605024413406866e-1,1.23264534384048829e-5
1520,4.87092060399415549e-5,1.99902581587920181e-2,4.86093093462573678e-1,4.86046379992275901e-1,9.59316655279315755e-1,1.12296608790259655e-9,1.29593557279213324e-8,-4.47705451582242341e-17,2.40497667483038773e-8,9.29560355891480783e-1,1.23327830241493075e-5
1521,4.87092060399415549e-5,1.99902581587920181e-2,4.86046379992275901e-1,4.85999670326552335e-1,9.59224465098140966e-1,1.12285816952879502e-9,1.22735272902049386e-8,-7.15421894352213212e-18,2.38713315049456804e-8,9.29515688861197287e-1,1.23374277667398502e-5
1522,4.87092060399415549e-5,1.99902581587920181e-2,4.85999670326552335e-1,4.85952965182193053e-1,9.59132282425776195e-1,1.12275026090571251e-9,1.23048546691032143e-8,2.40147886073395297e-17,2.36111377001509420e-8,9.29471024008385438e-1,1.23403877474448365e-5
1523,4.87092060399415549e-5,1.99902581587920181e-2,4.85952965182193053e-1,4.85906264139333799e-1,9.59040108676488479e-1,1.12264236315114406e-9,1.19167524624047907e-8,1.14338380202734586e-17,2.33831095273710476e-8,9.29426360931748574e-1,1.23477547185890657e-5
1524,4.87092060399415549e-5,1.99902581587920181e-2,4.85906264139333799e-1,4.85859568783080009e-1,9.58947943021687177e-1,1.12253447495261127e-9,1.31141499969262323e-8,-4.01170454076826144e-17,2.31470481940829166e-8,9.29381701147580896e-1,1.23552955964001399e-5
1525,4.87092060399415549e-5,1.99902581587920181e-2,4.85859568783080009e-1,4.85812876860009846e-1,9.58855788589277891e-1,1.12242659929118043e-9,1.20586721788580613e-8,4.41714943411684310e-17,2.29908389815171940e-8,9.29337042501033661e-1,1.23611458433536825e-5
1526,4.87092060399415549e-5,1.99902581587920181e-2,4.85812876860009846e-1,4.85766188709702174e-1,9.58763640932378869e-1,1.12231873204504053e-9,1.13431034217230956e-8,-4.61292852672936382e-17,2.27827818873919257e-8,9.29292385317053715e-1,1.23653055404959744e-5
1527,4.87092060399415549e-5,1.99902581587920181e-2,4.85766188709702174e-1,4.85719505105350557e-1,9.58671500721735237e-1,1.12221087468133825e-9,1.14010907706105622e-8,1.35760852599143157e-17,2.26104667102879565e-8,9.29247730335503785e-1,1.23677747692063633e-5
1528,4.87092060399415549e-5,1.99902581587920181e-2,4.85719505105350557e-1,4.85672825506955341e-1,9.58579369482108756e-1,1.12210302640503308e-9,1.09195154897749712e-8,8.93980575536482488e-18,2.24244030663480533e-8,9.29203077040085645e-1,1.23685536107531746e-5
1529,4.87092060399415549e-5,1.99902581587920181e-2,4.85672825506955341e-1,4.85626150063713125e-1,9.58487246148605809e-1,1.12199518792745672e-9,1.05875219130968433e-8,-9.13823314942649537e-18,2.22447509864336606e-8,9.29158425573820113e-1,1.23676421464047337e-5
1530,4.87092060399415549e-5,1.99902581587920181e-2,4.85626150063713125e-1,4.85579479983484885e-1,9.58395131015279844e-1,1.12188735873799367e-9,1.14637886967659916e-8,5.17048763338726200e-18,2.20275172215725416e-8,9.29113777092524296e-1,1.23650404573183437e-5
1531,4.87092060399415549e-5,1.99902581587920181e-2,4.85579479983484885e-1,4.85532813710185807e-1,9.58303026465624597e-1,1.12177954141890824e-9,1.07844861687433794e-8,2.49327241679794253e-17,2.18515674014647520e-8,9.29069130107803565e-1,1.23669412142035640e-5
1532,4.87092060399415549e-5,1.99902581587920181e-2,4.85532813710185807e-1,4.85486150675083661e-1,9.58210929429362701e-1,1.12167173349097864e-9,9.53681745182521059e-9,-3.23460210424368410e-17,2.17235460487800127e-8,9.29024484075771650e-1,1.23825932548671247e-5
1533,4.87092060399415549e-5,1.99902581587920181e-2,4.85486150675083661e-1,4.85439492347430446e-1,9.58118838784102533e-1,1.12156393397289692e-9,9.75871194157774947e-9,-6.24846775330514256e-18,2.16872052113327749e-8,9.28979840402369805e-1,1.23965857883323594e-5
1534,4.87092060399415549e-5,1.99902581587920181e-2,4.85439492347430446e-1,4.85392837662449783e-1,9.58026757429061959e-1,1.12145614483077008e-9,8.91628258269651580e-9,-8.44799559600407164e-19,2.16817063246084074e-8,9.28935198069087531e-1,1.24089188942022588e-5
1535,4.87092060399415549e-5,1.99902581587920181e-2,4.85392837662449783e-1,4.85346187087463965e-1,9.57934683263225950e-1,1.12134836482152763e-9,8.54152569586818388e-9,-4.21644563900942668e-18,2.18481963163768522e-8,9.28890557523291860e-1,1.24195926523018585e-5
1536,4.87092060399415549e-5,1.99902581587920181e-2,4.85346187087463965e-1,4.85299541066307738e-1,9.57842617208646718e-1,1.12124059429960944e-9,8.61099861645317133e-9,1.51312559490466872e-17,2.20963165009846144e-8,9.28845919189999369e-1,1.24286071421231270e-5
1537,4.87092060399415549e-5,1.99902581587920181e-2,4.85299541066307738e-1,4.85252899682534877e-1,9.57750560141071627e-1,1.12113283407033951e-9,8.76446305391375160e-9,3.21529339264098129e-17,2.22720345623684143e-8,9.28801283149457646e-1,1.24359624438241667e-5
1538,4.87092060399415549e-5,1.99902581587920181e-2,4.85252899682534877e-1,4.85206262393564680e-1,9.57658512225136427e-1,1.12102508415137838e-9,8.37579263431732819e-9,-3.75547293832077282e-17,2.24208597368529140e-8,9.28756648882796076e-1,1.24416586368969462e-5
1539,4.87092060399415549e-5,1.99902581587920181e-2,4.85206262393564680e-1,4.85159629993717034e-1,9.57566472390455115e-1,1.12091734414064429e-9,8.78183560944759641e-9,7.20920494756098208e-18,2.26658826993806733e-8,9.28712017150430724e-1,1.24460548341920330e-5
1540,4.87092060399415549e-5,1.99902581587920181e-2,4.85159629993717034e-1,4.85113001958229428e-1,9.57474442204430676e-1,1.12080961472874413e-9,8.66358609794285254e-9,-4.80051786953311952e-18,2.30045736509593149e-8,9.28667387450488269e-1,1.24631248369366787e-5
1541,4.87092060399415549e-5,1.99902581587920181e-2,4.85113001958229428e-1,4.85066377303819463e-1,9.57382420631846531e-1,1.12070189604766698e-9,7.56247367136644060e-9,4.14205480498069524e-17,2.33604821132868485e-8,9.28622758842039597e-1,1.24843198312518666e-5
1542,4.87092060399415549e-5,1.99902581587920181e-2,4.85066377303819463e-1,4.85019758418323121e-1,9.57290405732308280e-1,1.12059418601212340e-9,8.84952239153156291e-9,-4.44792501967912352e-17,2.35813456277685480e-8,9.28578133611049128e-1,1.25038235382346485e-5
1543,4.87092060399415549e-5,1.99902581587920181e-2,4.85019758418323121e-1,4.84973144732158690e-1,9.57198402217084299e-1,1.12048648754040782e-9,9.56754374806488808e-9,2.74693198384875876e-17,2.38012890901883909e-8,9.28533511212694895e-1,1.25216360393753945e-5
1544,4.87092060399415549e-5,1.99902581587920181e-2,4.84973144732158690e-1,4.84926535655135160e-1,9.57106408962772437e-1,1.12037880052397719e-9,9.69587399525333073e-9,-8.98529407161034098e-18,2.39599075437479608e-8,9.28488891082389078e-1,1.25377574157203853e-5
1545,4.87092060399415549e-5,1.99902581587920181e-2,4.84926535655135160e-1,4.84879931787473351e-1,9.57014424804694119e-1,1.12027112426771422e-9,1.04248680534030550e-8,2.06486184635856112e-17,2.40941884315223388e-8,9.28444273795130837e-1,1.25521877487599909e-5
1546,4.87092060399415549e-5,1.99902581587920181e-2,4.84879931787473351e-1,4.84833332855179377e-1,9.56922450927286561e-1,1.12016345973545037e-9,1.08803690652737228e-8,-3.49965112114874297e-17,2.41688404822036988e-8,9.28399659088947171e-1,1.25649271196515144e-5
1547,4.87092060399415549e-5,1.99902581587920181e-2,4.84833332855179377e-1,4.84786738742186252e-1,9.56830486789637447e-1,1.12005580582398085e-9,1.12202773705271210e-8,3.19050312055501207e-17,2.41813628730833293e-8,9.28355046853118648e-1,1.25759756096632813e-5
1548,4.87092060399415549e-5,1.99902581587920181e-2,4.84786738742186252e-1,4.84740148537724069e-1,9.56738532163425637e-1,1.11994816388106145e-9,1.06498791483877089e-8,4.85566600097202988e-18,2.42269215042955049e-8,9.28310436215857737e-1,1.25853333000636169e-5
1549,4.87092060399415549e-5,1.99902581587920181e-2,4.84740148537724069e-1,4.84693562366137032e-1,9.56646585250707782e-1,1.11984053067732983e-9,1.02042008307749464e-8,-1.56971666020411658e-17,2.42668381281215414e-8,9.28265827296542945e-1,1.25930002722318690e-5
1550,4.87092060399415549e-5,1.99902581587920181e-2,4.84693562366137032e-1,4.84646981393024812e-1,9.56554646297331002e-1,1.11973290758019888e-9,1.09245098336603725e-8,-1.33079298489368751e-18,2.43031398649070371e-8,9.28221221211556591e-1,1.25989766074363629e-5
1551,4.87092060399415549e-5,1.99902581587920181e-2,4.84646981393024812e-1,4.84600405228506448e-1,9.56462717603201451e-1,1.11962529668770241e-9,1.12554376125146581e-8,-1.62013149874187600e-17,2.43378854598525020e-8,9.28176617587961883e-1,1.26032623868344018e-5
1552,4.87092060399415549e-5,1.99902581587920181e-2,4.84600405228506448e-1,4.84553833213305030e-1,9.56370798398996080e-1,1.11951769685611414e-9,1.09275506930797931e-8,-8.00948233787133508e-18,2.44006089718583154e-8,9.28132015794711052e-1,1.26058576916943110e-5
1553,4.87092060399415549e-5,1.99902581587920181e-2,4.84553833213305030e-1,4.84507266338210452e-1,9.56278887383673393e-1,1.11941010733221663e-9,1.15908524868041038e-8,4.52558801477499222e-17,2.43571148970285253e-8,9.28087416781013808e-1,1.26067626032844160e-5
1554,4.87092060399415549e-5,1.99902581587920181e-2,4.84507266338210452e-1,4.84460704019859911e-1,9.56186986512427617e-1,1.11930252948615618e-9,1.16712856820986841e-8,-7.29461630889075751e-18,2.42928226164160454e-8,9.28042819988501910e-1,1.26059772028730421e-5
1555,4.87092060399415549e-5,1.99902581587920181e-2,4.84460704019859911e-1,4.84414145938685647e-1,9.56095094633777398e-1,1.11919496205894054e-9,1.14325890882564426e-8,-2.00855152615901376e-17,2.42383152881521643e-8,9.27998225111404507e-1,1.26035015717285148e-5
1556,4.87092060399415549e-5,1.99902581587920181e-2,4.84414145938685647e-1,4.84367592802319002e-1,9.56003211117883778e-1,1.11908740539211693e-9,1.19019311478363123e-8,-1.14141362324436706e-17,2.41075270987140515e-8,9.27953632827870911e-1,1.25993357908971149e-5
1557,4.87092060399415549e-5,1.99902581587920181e-2,4.84367592802319002e-1,4.84321043736493706e-1,9.55911337360371260e-1,1.11897985970121739e-9,1.14974822186707950e-8,2.75379113092417098e-17,2.38893374956515775e-8,9.27909042300719800e-1,1.26098609807279161e-5
1558,4.87092060399415549e-5,1.99902581587920181e-2,4.84321043736493706e-1,4.84274500480897874e-1,9.55819471636072726e-1,1.11887232295435091e-9,1.28331127529238124e-8,1.38563175078350304e-18,2.35075202830005173e-8,9.27864455196851790e-1,1.26195706131593255e-5
1559,4.87092060399415549e-5,1.99902581587920181e-2,4.84274500480897874e-1,4.84227961988079547e-1,9.55727617377894134e-1,1.11876479867747143e-9,1.31218497887349069e-8,8.29652724531703653e-18,2.31879842921381732e-8,9.27819870513249656e-1,1.26275923755247987e-5
1560,4.87092060399415549e-5,1.99902581587920181e-2,4.84227961988079547e-1,4.84181427555413491e-1,9.55635772519000448e-1,1.11865728444355017e-9,1.27084194459494430e-8,-2.02937811418575138e-17,2.29238231171361338e-8,9.27775287577073171e-1,1.26339263485375497e-5
1561,4.87092060399415549e-5,1.99902581587920181e-2,4.84181427555413491e-1,4.84134896682043181e-1,9.55543935673133893e-1,1.11854978026898226e-9,1.17945228310376306e-8,-1.55861506920304240e-18,2.26438772441156114e-8,9.27730705908728748e-1,1.26385726134659038e-5
1562,4.87092060399415549e-5,1.99902581587920181e-2,4.84134896682043181e-1,4.84088369578779487e-1,9.55452105851864464e-1,1.11844228469990845e-9,1.10917792679326165e-8,-1.19237671709212663e-17,2.23876366365420155e-8,9.27686125710346365e-1,1.26415312513561418e-5
1563,4.87092060399415549e-5,1.99902581587920181e-2,4.84088369578779487e-1,4.84041846976709822e-1,9.55360283470776395e-1,1.11833479736927933e-9,1.11204855097263442e-8,-1.72652313825620140e-17,2.21924713378969861e-8,9.27641547682691692e-1,1.26428023433655667e-5
1564,4.87092060399415549e-5,1.99902581587920181e-2,4.84041846976709822e-1,4.83995328309391792e-1,9.55268469973447720e-1,1.11822732139846528e-9,1.05831819978825132e-8,4.75492516309429923e-17,2.21878363990690718e-8,9.27596971283294880e-1,1.26423859706514818e-5
1565,4.87092060399415549e-5,1.99902581587920181e-2,4.83995328309391792e-1,4.83948812335338596e-1,9.55176664241443873e-1,1.11811985488576030e-9,8.80477003391059965e-9,-4.41685992090244954e-18,2.21865875545446118e-8,9.27552395322649326e-1,1.26402822143711902e-5
1566,4.87092060399415549e-5,1.99902581587920181e-2,4.83948812335338596e-1,4.83902301901219911e-1,9.55084863825239938e-1,1.11801239544041801e-9,9.87328660568563802e-9,6.95831279596752326e-18,2.21598043224655373e-8,9.27507822528921277e-1,1.26364911553489279e-5
1567,4.87092060399415549e-5,1.99902581587920181e-2,4.83902301901219911e-1,4.83855795319828752e-1,9.54993074341804471e-1,1.11790494805965676e-9,9.25512876734398361e-9,-4.23793744568477944e-17,2.22555759618407072e-8,9.27463251285584600e-1,1.26320677963365213e-5
1568,4.87092060399415549e-5,1.99902581587920181e-2,4.83855795319828752e-1,4.83809292421942538e-1,9.54901292461775686e-1,1.11779750973795237e-9,8.46811860527560562e-9,-1.53567735081694694e-18,2.24692097910212935e-8,9.27418681430672187e-1,1.26327692687722148e-5
1569,4.87092060399415549e-5,1.99902581587920181e-2,4.83809292421942538e-1,4.83762793318181894e-1,9.54809517851479828e-1,1.11769008072346895e-9,7.79208317994082675e-9,1.99558298851540739e-17,2.26800931219059894e-8,9.27374113070349226e-1,1.26360252571400267e-5
1570,4.87092060399415549e-5,1.99902581587920181e-2,4.83762793318181894e-1,4.83716299203004518e-1,9.54717750729072945e-1,1.11758265975665281e-9,8.31087023431681765e-9,-1.77673333231041520e-17,2.27700905330950484e-8,9.27329547349856065e-1,1.26462419460793285e-5
1571,4.87092060399415549e-5,1.99902581587920181e-2,4.83716299203004518e-1,4.83669811146918704e-1,9.54625993451525989e-1,1.11747525098586166e-9,9.90064503376848196e-9,1.56688257398938740e-17,2.28525983770883946e-8,9.27284985295693698e-1,1.26594179629124781e-5
1572,4.87092060399415549e-5,1.99902581587920181e-2,4.83669811146918704e-1,4.83623327730420272e-1,9.54534248131251539e-1,1.11736785505033363e-9,1.00714981228017543e-8,-4.93167893618197780e-18,2.29420386315015824e-8,9.27240425547639191e-1,1.26709718345496825e-5
1573,4.87092060399415549e-5,1.99902581587920181e-2,4.83623327730420272e-1,4.83576849943944342e-1,9.54442511967197871e-1,1.11726046954813744e-9,1.12332323090177080e-8,-1.80940944804809745e-17,2.29827364431605077e-8,9.27195869055533639e-1,1.26872358552354569e-5
1574,4.87092060399415549e-5,1.99902581587920181e-2,4.83576849943944342e-1,4.83530375012945046e-1,9.54350786913444771e-1,1.11715309500937283e-9,9.62096171771260536e-9,3.83933929170242170e-17,2.29339733598393889e-8,9.27151313159763735e-1,1.27122659151490680e-5
1575,4.87092060399415549e-5,1.99902581587920181e-2,4.83530375012945046e-1,4.83483904954799315e-1,9.54259067495739410e-1,1.11704572878071922e-9,1.00263426895224936e-8,-1.69679509422165814e-17,2.28644226872286154e-8,9.27106759794694146e-1,1.27356073684747884e-5
1576,4.87092060399415549e-5,1.99902581587920181e-2,4.83483904954799315e-1,4.83437439493344390e-1,9.54167357694660878e-1,1.11693837359924322e-9,1.01560292220554222e-8,1.48325626842150141e-17,2.28665637049559770e-8,9.27062208695841661e-1,1.27572602960368542e-5
1577,4.87092060399415549e-5,1.99902581587920181e-2,4.83437439493344390e-1,4.83390978822791861e-1,9.54075656965500563e-1,1.11683102920125806e-9,1.04803692604747515e-8,7.15147270388845607e-18,2.29576757710876143e-8,9.27017660049770820e-1,1.27176201345502449e-5
1578,4.87092060399415549e-5,1.99902581587920181e-2,4.83390978822791861e-1,4.83344522709284796e-1,9.53983965691216018e-1,1.11672369599858946e-9,1.05713129047637163e-8,-1.19214742262632693e-17,2.30415838910987030e-8,9.26973113632631684e-1,1.27358962546120225e-5
1579,4.87092060399415549e-5,1.99902581587920181e-2,4.83344522709284796e-1,4.83298071667946916e-1,9.53892283410604724e-1,1.11661637382719986e-9,1.11778183251825568e-8,-2.20129519679570989e-17,2.31075812593622094e-8,9.26928569938650360e-1,1.27524840926040994e-5
1580,4.87092060399415549e-5,1.99902581587920181e-2,4.83298071667946916e-1,4.83251624142699676e-1,9.53800611139746568e-1,1.11650906224039600e-9,1.02287327082875368e-8,1.79550272215373344e-17,2.32347405740970270e-8,9.26884027475999073e-1,1.27673837296837789e-5
1581,4.87092060399415549e-5,1.99902581587920181e-2,4.83251624142699676e-1,4.83205181493841673e-1,9.53708945807979380e-1,1.11640175871839115e-9,1.06402837509580107e-8,-1.61120638536855134e-17,2.34446495337608257e-8,9.26839487549428576e-1,1.27805952468973416e-5
1582,4.87092060399415549e-5,1.99902581587920181e-2,4.83205181493841673e-1,4.83158741381294887e-1,9.53617290100183923e-1,1.11629446758809057e-9,8.71222549561510857e-9,-8.77822264014749135e-18,2.37563205802795352e-8,9.26794947914929890e-1,1.27921187252910684e-5
1583,4.87092060399415549e-5,1.99902581587920181e-2,4.83158741381294887e-1,4.83112306787475354e-1,9.53525639398636216e-1,1.11618718389145847e-9,9.76682706996797058e-9,4.81397692527996983e-17,2.39284228365481714e-8,9.26750411433111432e-1,1.28040754275859925e-5
1584,4.87092060399415549e-5,1.99902581587920181e-2,4.83112306787475354e-1,4.83065876349484835e-1,9.53433999587911307e-1,1.11607991159822249e-9,9.45906100005655611e-9,-1.74671048110555804e-17,2.40817918266497675e-8,9.26705876797156880e-1,1.28151479720228778e-5
1585,4.87092060399415549e-5,1.99902581587920181e-2,4.83065876349484835e-1,4.83019450731882460e-1,9.53342367979059802e-1,1.11597264943407347e-9,9.81625350325637988e-9,-2.96242080522494800e-17,2.42159787986049762e-8,9.26661344644807095e-1,1.28294086646496552e-5
1586,4.87092060399415549e-5,1.99902581587920181e-2,4.83019450731882460e-1,4.82973029655106967e-1,9.53250745883366224e-1,1.11586539894263030e-9,9.89434805770124016e-9,1.06456473930737305e-17,2.42877951754117946e-8,9.26616814708231096e-1,1.28439214261977241e-5
1587,4.87092060399415549e-5,1.99902581587920181e-2,4.82973029655106967e-1,4.82926614931795839e-1,9.53159132749238247e-1,1.11575815916288304e-9,1.17855166479704042e-8,-3.20343890184636134e-19,2.42410048922571081e-8,9.26572288726656534e-1,1.28567546812119460e-5
1588,4.87092060399415549e-5,1.99902581587920181e-2,4.82926614931795839e-1,4.82880204744797370e-1,9.53067532153083263e-1,1.11565093238594041e-9,1.18601442170756743e-8,4.70271699698852485e-18,2.39712838061844898e-8,9.26527764957347566e-1,1.28679085102945123e-5
1589,4.87092060399415549e-5,1.99902581587920181e-2,4.82880204744797370e-1,4.82833800043734829e-1,9.52975940509331321e-1,1.11554371602658590e-9,1.28848311339349060e-8,-1.50969411885155374e-17,2.36579496422430514e-8,9.26483244311724574e-1,1.28773829941586371e-5
1590,4.87092060399415549e-5,1.99902581587920181e-2,4.82833800043734829e-1,4.82787398635391662e-1,9.52884359691720584e-1,1.11543651105077269e-9,1.17168287385557072e-8,4.58849344599842487e-17,2.33316730316786204e-8,9.26438724685865189e-1,1.28851782136285564e-5
1591,4.87092060399415549e-5,1.99902581587920181e-2,4.82787398635391662e-1,4.82741002030542543e-1,9.52792785372963302e-1,1.11532931496806138e-9,1.20599176879271289e-8,-2.07525173116059468e-17,2.30056202537779223e-8,9.26394207529565250e-1,1.28912942494174843e-5
1592,4.87092060399415549e-5,1.99902581587920181e-2,4.82741002030542543e-1,4.82694609930510443e-1,9.52701220533471838e-1,1.11522212837296673e-9,1.21047912398357208e-8,5.42661914698063170e-19,2.27153369355974746e-8,9.26349692556538873e-1,1.28996203471176685e-5
1593,4.87092060399415549e-5,1.99902581587920181e-2,4.82694609930510443e-1,4.82648223054465586e-1,9.52609664584551208e-1,1.11511495284876331e-9,1.28692680880889354e-8,-9.55598748290660115e-18,2.25331608599323346e-8,9.26305180457291377e-1,1.29099074068772524e-5
1594,4.87092060399415549e-5,1.99902581587920181e-2,4.82648223054465586e-1,4.82601839711568004e-1,9.52518118945084535e-1,1.11500778893075836e-9,1.19434071084856113e-8,-6.13012964051208131e-18,2.24970467176741229e-8,9.26260669609569431e-1,1.29185094335237949e-5
1595,4.87092060399415549e-5,1.99902581587920181e-2,4.82601839711568004e-1,4.82555458806673943e-1,9.52426580278783907e-1,1.11490063412429551e-9,9.92274198682757993e-9,3.41649465416878710e-17,2.24909827690368534e-8,9.26216158962541058e-1,1.29254265077705099e-5
1596,4.87092060399415549e-5,1.99902581587920181e-2,4.82555458806673943e-1,4.82509082139223167e-1,9.52335046424646503e-1,1.11479348610953328e-9,9.70175108752222847e-9,5.82585621526812540e-18,2.25295248826802240e-8,9.26171650243257982e-1,1.29306587107747006e-5
1597,4.87092060399415549e-5,1.99902581587920181e-2,4.82509082139223167e-1,4.82462708149311026e-1,9.52243520933235721e-1,1.11468634831259671e-9,7.92126288049470861e-9,-3.31273394531074786e-17,2.27642166067429455e-8,9.26127141954817157e-1,1.29342061235826478e-5
1598,4.87092060399415549e-5,1.99902581587920181e-2,4.82462708149311026e-1,4.82416338672145728e-1,9.52152000726609549e-1,1.11457921760211955e-9,7.97624020826871600e-9,1.13111290851236672e-17,2.30315373221707735e-8,9.26082635858778036e-1,1.29360688269075652e-5
1599,4.87092060399415549e-5,1.99902581587920181e-2,4.82416338672145728e-1,4.82369974480244990e-1,9.52060489425818224e-1,1.11447209706172235e-9,8.80416909104335608e-9,3.18870185205311660e-18,2.32553764025867092e-8,9.26038132696971994e-1,1.29362469022398230e-5
1600,4.87092060399415549e-5,1.99902581587920181e-2,4.82369974480244990e-1,4.82323615046197585e-1,9.51968988555511597e-1,1.11436498878704299e-9,9.10519482455115438e-9,-3.31083738560228628e-17,2.34751055287582565e-8,9.25993631963592634e-1,1.29347404297375235e-5
1601,4.87092060399415549e-5,1.99902581587920181e-2,4.82323615046197585e-1,4.82277260266966379e-1,9.51877497074375634e-1,1.11425789055369955e-9,9.30364065081875716e-9,3.24680731961802654e-17,2.35234366088828595e-8,9.25949133559980209e-1,1.29315494911130813e-5
1602,4.87092060399415549e-5,1.99902581587920181e-2,4.82277260266966379e-1,4.82230910431268867e-1,9.51786014779575806e-1,1.11415080225259848e-9,9.79125150982985761e-9,8.85925987039808637e-18,2.35353713174451526e-8,9.25904637763713567e-1,1.29266741670797103e-5
1603,4.87092060399415549e-5,1.99902581587920181e-2,4.82230910431268867e-1,4.82184566111987178e-1,9.51694542240552721e-1,1.11404372486843585e-9,1.08522197071181728e-8,-3.71852228404966154e-17,2.35688835790212969e-8,9.25860145125201650e-1,1.29201145384616467e-5
1604,4.87092060399415549e-5,1.99902581587920181e-2,4.82184566111987178e-1,4.82138224027708284e-1,9.51603080588161676e-1,1.11393666033146243e-9,8.63230502048453768e-9,3.68678303307375685e-17,2.36236276328965038e-8,9.25815652494314745e-1,1.29142718396924039e-5
1605,4.87092060399415549e-5,1.99902581587920181e-2,4.82138224027708284e-1,4.82091889497996695e-1,9.51511623347466751e-1,1.11382960266020638e-9,1.17321698530213872e-8,-1.37948761862958166e-17,2.35066178868778803e-8,9.25771164978684835e-1,1.29245395682486830e-5
1606,4.87092060399415549e-5,1.99902581587920181e-2,4.82091889497996695e-1,4.82045559536623425e-1,9.51420181014760669e-1,1.11372256016010700e-9,1.18465318002454044e-8,-2.43242782335262450e-17,2.33367566159843233e-8,9.25726679711689315e-1,1.29346039289268688e-5
1607,4.87092060399415549e-5,1.99902581587920181e-2,4.82045559536623425e-1,4.81999234249910424e-1,9.51328747697774535e-1,1.11361552798155551e-9,1.20676547740491009e-8,2.80430126066849651e-17,2.30296636230469794e-8,9.25682196795726053e-1,1.29490628849593392e-5
1608,4.87092060399415549e-5,1.99902581587920181e-2,4.81999234249910424e-1,4.81952913416496931e-1,9.51237323606392238e-1,1.11350850666618026e-9,1.20678664290327041e-8,-2.84315873168766503e-18,2.27066460746881218e-8,9.25637716018592016e-1,1.29763304697050330e-5
1609,4.87092060399415549e-5,1.99902581587920181e-2,4.81952913416496931e-1,4.81906597086498578e-1,9.51145908303680288e-1,1.11340149542368216e-9,1.21186217417700759e-8,2.14595582119917727e-17,2.24901142194088946e-8,9.25593237428690596e-1,1.30019122049906954e-5
1610,4.87092060399415549e-5,1.99902581587920181e-2,4.81906597086498578e-1,4.81860284424602658e-1,9.51054501888131121e-1,1.11329449397162099e-9,1.13344972865750428e-8,-1.73442337485057286e-17,2.23715500058179572e-8,9.25548760224081501e-1,1.30258081719736296e-5
1611,4.87092060399415549e-5,1.99902581587920181e-2,4.81860284424602658e-1,4.81813975094923463e-1,9.50963102712042874e-1,1.11318750157413131e-9,1.02148397201272740e-8,-3.36910878559807436e-17,2.23643032119299247e-8,9.25504284082447559e-1,1.29896186261690971e-5
1612,4.87092060399415549e-5,1.99902581587920181e-2,4.81813975094923463e-1,4.81767670073237786e-1,9.50871710113043278e-1,1.11308051874422908e-9,1.00712792063416175e-8,4.51996765338493942e-17,2.24265387801372939e-8,9.25459809941111766e-1,1.30089384802190011e-5
1613,4.87092060399415549e-5,1.99902581587920181e-2,4.81767670073237786e-1,4.81721370074594368e-1,9.50780326015566724e-1,1.11297354479564783e-9,1.06431816771348020e-8,-2.44896945037021492e-17,2.26079826235344373e-8,9.25415338487170058e-1,1.30277776282383684e-5
1614,4.87092060399415549e-5,1.99902581587920181e-2,4.81721370074594368e-1,4.81675074412632465e-1,9.50688951831541673e-1,1.11286658330168911e-9,1.05292061438913339e-8,2.77328893601490342e-17,2.29441597992798944e-8,9.25370869061759804e-1,1.30449313319180860e-5
1615,4.87092060399415549e-5,1.99902581587920181e-2,4.81675074412632465e-1,4.81628782192929594e-1,9.50597586206116230e-1,1.11275963214674214e-9,9.52122508131378844e-9,1.01936610171237302e-18,2.31005124385293182e-8,9.25326400805944638e-1,1.30603996724154570e-5
1616,4.87092060399415549e-5,1.99902581587920181e-2,4.81628782192929594e-1,4.81582495097451158e-1,9.50506227374120161e-1,1.11265268914282858e-9,1.01955403336207095e-8,-4.58903210601331940e-17,2.32138649962005231e-8,9.25281935335682371e-1,1.30741827304436953e-5
1617,4.87092060399415549e-5,1.99902581587920181e-2,4.81582495097451158e-1,4.81536212182097245e-1,9.50414878654992523e-1,1.11254575815222801e-9,9.92624816491901252e-9,-3.37134994874972553e-18,2.32782554020904943e-8,9.25237471744387974e-1,1.30862805873821486e-5
1618,4.87092060399415549e-5,1.99902581587920181e-2,4.81536212182097245e-1,4.81489934271982500e-1,9.50323538185158467e-1,1.11243883619490729e-9,1.04824724682360933e-8,1.79191275829525330e-17,2.32194704352251741e-8,9.25193010825090090e-1,1.30966933240550532e-5
1619,4.87092060399415549e-5,1.99902581587920181e-2,4.81489934271982500e-1,4.81443659837018867e-1,9.50232207593588507e-1,1.11233192599772956e-9,9.50908990322386846e-9,1.91427957154369281e-18,2.31352250120058721e-8,9.25148551107996431e-1,1.31054210212866451e-5
1620,4.87092060399415549e-5,1.99902581587920181e-2,4.81443659837018867e-1,4.81397389103391082e-1,9.50140883860890684e-1,1.11222502505385676e-9,8.76222611707678666e-9,2.56151994585336514e-17,2.31990366538789418e-8,9.25104092810673739e-1,1.31124637603452499e-5
1621,4.87092060399415549e-5,1.99902581587920181e-2,4.81397389103391082e-1,4.81351123502658296e-1,9.50049567432900588e-1,1.11211813233173098e-9,9.44727735834003039e-9,-3.07983710794338016e-17,2.31512407176663269e-8,9.25059637308866756e-1,1.31178216220551036e-5
1622,4.87092060399415549e-5,1.99902581587920181e-2,4.81351123502658296e-1,4.81304863892218271e-1,9.49958261134605353e-1,1.11201125131130953e-9,1.09902196622565874e-8,1.17284582477689207e-17,2.30850906821971198e-8,9.25015185426908415e-1,1.31214946873514648e-5
1623,4.87092060399415549e-5,1.99902581587920181e-2,4.81304863892218271e-1,4.81258609061042730e-1,9.49866966657606726e-1,1.11190438268942962e-9,1.13227095275806980e-8,8.75402098978541487e-18,2.29378683207653727e-8,9.24970736001526683e-1,1.31286540404618179e-5
1624,4.87092060399415549e-5,1.99902581587920181e-2,4.81258609061042730e-1,4.81212358525247574e-1,9.49775681612285982e-1,1.11179752409676433e-9,1.11717746976183403e-8,1.12993533419233623e-18,2.27177102593383792e-8,9.24926288568064803e-1,1.31413416031289643e-5
1625,4.87092060399415549e-5,1.99902581587920181e-2,4.81212358525247574e-1,4.81166111876004277e-1,9.49684405043617508e-1,1.11169067528203439e-9,1.06124242090214110e-8,6.77547610209125223e-18,2.25666005679995928e-8,9.24881842733859538e-1,1.31523010443723720e-5
1626,4.87092060399415549e-5,1.99902581587920181e-2,4.81166111876004277e-1,4.81119868865144573e-1,9.49593136145725158e-1,1.11158383609556580e-9,9.80527909192890305e-9,4.97866279497498977e-18,2.26913720911614749e-8,9.24837398260621724e-1,1.31615324471257011e-5
1627,4.87092060399415549e-5,1.99902581587920181e-2,4.81119868865144573e-1,4.81073631493608989e-1,9.49501874428635650e-1,1.11147700625252843e-9,1.09994243082057899e-8,-4.39313406482871356e-17,2.27316962566641819e-8,9.24792957071854271e-1,1.31690358945446562e-5
1628,4.87092060399415549e-5,1.99902581587920181e-2,4.81073631493608989e-1,4.81027397326550976e-1,9.49410623840398205e-1,1.11137018874685806e-9,9.75926494335775539e-9,6.87874132976237221e-18,2.28994788539888569e-8,9.24748516827527678e-1,1.31748114693408525e-5
1629,4.87092060399415549e-5,1.99902581587920181e-2,4.81027397326550976e-1,4.80981167200208615e-1,9.49319379576837763e-1,1.11126337958779389e-9,9.35565178744004760e-9,-1.08090321076652045e-17,2.30919428677068714e-8,9.24704078331676782e-1,1.31788592550030614e-5
1630,4.87092060399415549e-5,1.99902581587920181e-2,4.80981167200208615e-1,4.80934941304640040e-1,9.49228143287754067e-1,1.11115657974452711e-9,9.14248512095753653e-9,3.90859267238270880e-17,2.32024260322410767e-8,9.24659641767262341e-1,1.31811793343539208e-5
1631,4.87092060399415549e-5,1.99902581587920181e-2,4.80934941304640040e-1,4.80888721196845947e-1,9.49136915348193000e-1,1.11104978972464160e-9,1.04867259416008653e-8,-1.43204816367630363e-17,2.32482812688592434e-8,9.24615208631381580e-1,1.31854341450798884e-5
1632,4.87092060399415549e-5,1.99902581587920181e-2,4.80888721196845947e-1,4.80842504114852187e-1,9.49045698830632500e-1,1.11094301264879534e-9,9.06954889308232952e-9,-4.30936118285628317e-18,2.34738328847805685e-8,9.24570776269168393e-1,1.31896695312327950e-5
1633,4.87092060399415549e-5,1.99902581587920181e-2,4.80842504114852187e-1,4.80796291205137227e-1,9.48954488285077224e-1,1.11083624380779718e-9,8.79914122223569542e-9,-2.08618391557221800e-17,2.36533249007967762e-8,9.24526345782957781e-1,1.31922230398595630e-5
1634,4.87092060399415549e-5,1.99902581587920181e-2,4.80796291205137227e-1,4.80750083560258168e-1,9.48863285973244430e-1,1.11072948353435448e-9,9.62169166480334026e-9,-9.63771292742684029e-19,2.37398006826764694e-8,9.24481918223603261e-1,1.31930947520064734e-5
1635,4.87092060399415549e-5,1.99902581587920181e-2,4.80750083560258168e-1,4.80703879875478912e-1,9.48772094052163562e-1,1.11062273662990265e-9,9.14001213291636043e-9,8.35849299936460894e-18,2.38876027893523303e-8,9.24437492336922739e-1,1.31922847481646954e-5
1636,4.87092060399415549e-5,1.99902581587920181e-2,4.80703879875478912e-1,4.80657681902145362e-1,9.48680909946521211e-1,1.11051599880388998e-9,1.04100591754869187e-8,1.95793700622138404e-17,2.39042791428111278e-8,9.24393069807211698e-1,1.31897931092694876e-5
1637,4.87092060399415549e-5,1.99902581587920181e-2,4.80657681902145362e-1,4.80611490949455267e-1,9.48589737112087827e-1,1.11040927343257077e-9,1.29898530008329844e-8,-2.57137530654356694e-18,2.37268056542121821e-8,9.24348651893972084e-1,1.31856199162561083e-5
1638,4.87092060399415549e-5,1.99902581587920181e-2,4.80611490949455267e-1,4.80565303548019906e-1,9.48498578131775516e-1,1.11030256177107601e-9,1.21009329124535602e-8,-2.22348018082438209e-17,2.34639106988182341e-8,9.24304235261380724e-1,1.31797652498377715e-5
1639,4.87092060399415549e-5,1.99902581587920181e-2,4.80565303548019906e-1,4.80519120531132271e-1,9.48407426160006284e-1,1.11019585867729158e-9,1.20456471045934505e-8,3.97567139523259398e-17,2.32060268561993107e-8,9.24259820711054503e-1,1.31872698987400838e-5
1640,4.87092060399415549e-5,1.99902581587920181e-2,4.80519120531132271e-1,4.80472941734475301e-1,9.48316282841731639e-1,1.11008916678662693e-9,1.18264658412459971e-8,-9.08119242874606369e-18,2.30367608190786921e-8,9.24215408085218293e-1,1.32029691701784913e-5
1641,4.87092060399415549e-5,1.99902581587920181e-2,4.80472941734475301e-1,4.80426767032048674e-1,9.48225147851885830e-1,1.10998248411321703e-9,1.14816898878440137e-8,-2.72063905546202572e-17,2.30091097035827191e-8,9.24170997262970140e-1,1.32170175266566048e-5
1642,4.87092060399415549e-5,1.99902581587920181e-2,4.80426767032048674e-1,4.80380597102509799e-1,9.48134020942681288e-1,1.10987581188399778e-9,1.18159648845586507e-8,3.77073756390870388e-18,2.29809765031587744e-8,9.24126588897390744e-1,1.32294150473333261e-5
1643,4.87092060399415549e-5,1.99902581587920181e-2,4.80380597102509799e-1,4.80334431464956690e-1,9.48042903452763097e-1,1.10976914997454282e-9,1.16697967297076633e-8,-2.94678130138340791e-18,2.29451638143746725e-8,9.24082182526238971e-1,1.32401618117006237e-5
1644,4.87092060399415549e-5,1.99902581587920181e-2,4.80334431464956690e-1,4.80288269238680676e-1,9.47951794433136152e-1,1.10966249771197297e-9,1.06433324432444513e-8,2.08071261212854726e-17,2.29943599775167772e-8,9.24037777302533336e-1,1.32530496734784009e-5
1645,4.87092060399415549e-5,1.99902581587920181e-2,4.80288269238680676e-1,4.80242111006058736e-1,9.47860692145940709e-1,1.10955585396023137e-9,1.01995731360695795e-8,-3.18700844790309804e-17,2.30311332430823248e-8,9.23993373786732186e-1,1.32775994104994410e-5
1646,4.87092060399415549e-5,1.99902581587920181e-2,4.80242111006058736e-1,4.80195958941323275e-1,9.47769597740921954e-1,1.10944922075357660e-9,1.19304300468491869e-8,2.67505561344606602e-17,2.30507865855684120e-8,9.23948974070815665e-1,1.33004662934421702e-5
1647,4.87092060399415549e-5,1.99902581587920181e-2,4.80195958941323275e-1,4.80149810247685882e-1,9.47678515507737518e-1,1.10934260061544804e-9,1.08650915258156115e-8,-2.74719238030559046e-17,2.30897464241587086e-8,9.23904575464538858e-1,1.32712358857922652e-5
1648,4.87092060399415549e-5,1.99902581587920181e-2,4.80149810247685882e-1,4.80103664516546569e-1,9.47587439927903619e-1,1.10923598888212694e-9,9.39147698488551368e-9,2.20324403431888482e-17,2.30769248472711730e-8,9.23860177574936769e-1,1.32815471766134507e-5
1649,4.87092060399415549e-5,1.99902581587920181e-2,4.80103664516546569e-1,4.80057523412242282e-1,9.47496370195048399e-1,1.10912938449790460e-9,9.58248428171592520e-9,-2.58377308956451171e-17,2.29218888626894140e-8,9.23815782003483132e-1,1.32993659832658651e-5
1650,4.87092060399415549e-5,1.99902581587920181e-2,4.80057523412242282e-1,4.80011387998133865e-1,9.47405309593278733e-1,1.10902279013788313e-9,1.08372970541630272e-8,5.24010282286747978e-17,2.27550393473429795e-8,9.23771389773772156e-1,1.33155022593589578e-5
1651,4.87092060399415549e-5,1.99902581587920181e-2,4.80011387998133865e-1,4.79965257172970006e-1,9.47314260220739612e-1,1.10891620803326126e-9,1.09914056537410319e-8,-5.42053953491448945e-17,2.27073234575014106e-8,9.23726999826533168e-1,1.33299560861610544e-5
1652,4.87092060399415549e-5,1.99902581587920181e-2,4.79965257172970006e-1,4.79919129859666282e-1,9.47223219904671399e-1,1.10880963701284284e-9,1.00688707898294993e-8,3.44650427048384341e-18,2.26292017468634975e-8,9.23682611125598907e-1,1.33427275441633242e-5
1653,4.87092060399415549e-5,1.99902581587920181e-2,4.79919129859666282e-1,4.79873007008872421e-1,9.47132186519417885e-1,1.10870307433829362e-9,1.00973232676159136e-8,3.11490261759848308e-17,2.25975507146413572e-8,9.23638224586012857e-1,1.33538167145230702e-5
1654,4.87092060399415549e-5,1.99902581587920181e-2,4.79873007008872421e-1,4.79826889375123355e-1,9.47041161941003296e-1,1.10859652169863119e-9,1.08807396851471330e-8,1.77284161296447572e-17,2.26108110258437717e-8,9.23593840934306853e-1,1.33632236777314617e-5
1655,4.87092060399415549e-5,1.99902581587920181e-2,4.79826889375123355e-1,4.79780774332451865e-1,9.46950147658241037e-1,1.10848998041658127e-9,9.03869036836459293e-9,-1.13115625277646450e-18,2.26183393754705281e-8,9.23549457643447869e-1,1.33709485150568241e-5
1656,4.87092060399415549e-5,1.99902581587920181e-2,4.79780774332451865e-1,4.79734664931805055e-1,9.46859138489894114e-1,1.10838344711584342e-9,1.02478372782190850e-8,-2.94325469955984933e-17,2.25938288748042742e-8,9.23505077650107142e-1,1.33769913068793045e-5
1657,4.87092060399415549e-5,1.99902581587920181e-2,4.79734664931805055e-1,4.79688560162920441e-1,9.46768140455666041e-1,1.10827692572183262e-9,1.04472639705028558e-8,-2.76152427703480673e-18,2.25349424053179387e-8,9.23460699982266320e-1,1.33813521346892728e-5
1658,4.87092060399415549e-5,1.99902581587920181e-2,4.79688560162920441e-1,4.79642459036874858e-1,9.46677151562053232e-1,1.10817041473916844e-9,9.65821273040450026e-9,1.24159925749495211e-17,2.25258036930713115e-8,9.23416323688367235e-1,1.33840310787558536e-5
1659,4.87092060399415549e-5,1.99902581587920181e-2,4.79642459036874858e-1,4.79596362547835053e-1,9.46586169857983606e-1,1.10806391296906187e-9,9.86367843558972038e-9,1.89575552347005780e-17,2.26363625504922856e-8,9.23371949725617314e-1,1.33913522170070465e-5
1660,4.87092060399415549e-5,1.99902581587920181e-2,4.79596362547835053e-1,4.79550270253755184e-1,9.46495197305613045e-1,1.10795742255096633e-9,9.62754410068201092e-9,-1.81399384843898884e-17,2.28655810100922684e-8,9.23327577668808908e-1,1.34014843485852353e-5
1661,4.87092060399415549e-5,1.99902581587920181e-2,4.79550270253755184e-1,4.79504180699195148e-1,9.46404233031917230e-1,1.10785094134911742e-9,7.93637284140601162e-9,5.82264510013019455e-18,2.31027944892255697e-8,9.23283206117018862e-1,1.34156721377509669e-5
1662,4.87092060399415549e-5,1.99902581587920181e-2,4.79504180699195148e-1,4.79458097231212410e-1,9.46313274165086704e-1,1.10774446737247112e-9,9.59252245780397204e-9,-2.44817668047114410e-17,2.32183098316502788e-8,9.23238838292779862e-1,1.34290909922230028e-5
1663,4.87092060399415549e-5,1.99902581587920181e-2,4.79458097231212410e-1,4.79412018649637617e-1,9.46222327309274691e-1,1.10763800516653216e-9,1.00490877122181585e-8,-1.01803318287330507e-17,2.33066676904140915e-8,9.23194473041109021e-1,1.34408303930078077e-5
1664,4.87092060399415549e-5,1.99902581587920181e-2,4.79412018649637617e-1,4.79365945082922296e-1,9.46131390097028957e-1,1.10753155482831866e-9,1.06345741710855515e-8,4.54417492857518127e-17,2.33708314261076371e-8,9.23150110486074982e-1,1.34508904200414392e-5
1665,4.87092060399415549e-5,1.99902581587920181e-2,4.79365945082922296e-1,4.79319875753126290e-1,9.46040462781655767e-1,1.10742511594698183e-9,1.04426026665197046e-8,-3.48922285516628695e-17,2.34781876476555365e-8,9.23105749878909587e-1,1.34592711545922228e-5
1666,4.87092060399415549e-5,1.99902581587920181e-2,4.79319875753126290e-1,4.79273810451944782e-1,9.45949543828043193e-1,1.10731868686877274e-9,1.00427334920073214e-8,2.18068367572823605e-17,2.35445722836856369e-8,9.23061391019348365e-1,1.34659726773733723e-5
1667,4.87092060399415549e-5,1.99902581587920181e-2,4.79273810451944782e-1,4.79227749835916872e-1,9.45858632825179901e-1,1.10721226779981468e-9,1.02997907732312152e-8,-1.16985953732945313e-17,2.35337278640997544e-8,9.23017034539887815e-1,1.34709950688760571e-5
1668,4.87092060399415549e-5,1.99902581587920181e-2,4.79227749835916872e-1,4.79181693416826537e-1,9.45767731068371420e-1,1.10710585906779690e-9,1.00690823541044698e-8,-1.03675773952742294e-17,2.36000937462946631e-8,9.22972679970651910e-1,1.34743384099245134e-5
1669,4.87092060399415549e-5,1.99902581587920181e-2,4.79181693416826537e-1,4.79135641788490885e-1,9.45676837594828013e-1,1.10699946094458699e-9,1.04325944696941484e-8,2.35055133565253318e-17,2.36398192595397662e-8,9.22928327883887234e-1,1.34760027812319549e-5
1670,4.87092060399415549e-5,1.99902581587920181e-2,4.79135641788490885e-1,4.79089594225122983e-1,9.45585953575473370e-1,1.10689307321257006e-9,1.00707802094058136e-8,-1.66708326292712092e-18,2.36224472584925699e-8,9.22883977580860493e-1,1.34759882634005734e-5
1671,4.87092060399415549e-5,1.99902581587920181e-2,4.79089594225122983e-1,4.79043551856121796e-1,9.45495077578904608e-1,1.10678669531517496e-9,1.08387556531747334e-8,6.04428152781887789e-18,2.35152462619629498e-8,9.22839630149706824e-1,1.34742949372546050e-5
1672,4.87092060399415549e-5,1.99902581587920181e-2,4.79043551856121796e-1,4.78997515531860818e-1,9.45404211833000718e-1,1.10668032831758119e-9,1.24576039199238305e-8,-2.45359868395030669e-17,2.33573755369469891e-8,9.22795286409954452e-1,1.34709228833962413e-5
1673,4.87092060399415549e-5,1.99902581587920181e-2,4.78997515531860818e-1,4.78951483478939843e-1,9.45313358016021343e-1,1.10657397442864491e-9,1.23036329567559945e-8,5.66907571068727475e-18,2.32940546620029019e-8,9.22750944653798477e-1,1.34692744874209680e-5
1674,4.87092060399415549e-5,1.99902581587920181e-2,4.78951483478939843e-1,4.78905454733177915e-1,9.45222512628675959e-1,1.10646763059237174e-9,1.11858916576545121e-8,5.24473205644757155e-18,2.32237071972954860e-8,9.22706603952708648e-1,1.34838581913321320e-5
1675,4.87092060399415549e-5,1.99902581587920181e-2,4.78905454733177915e-1,4.78859431602313146e-1,9.45131673768567215e-1,1.10636129517868815e-9,1.23762064346261071e-8,-3.14507667741931494e-17,2.31394992904376283e-8,9.22662266530104636e-1,1.34967795744067587e-5
1676,4.87092060399415549e-5,1.99902581587920181e-2,4.78859431602313146e-1,4.78813412052453813e-1,9.45040845989307265e-1,1.10625497220936570e-9,1.15331691183737435e-8,3.02727838269400580e-17,2.31998080411720954e-8,9.22617930426879895e-1,1.35080387163588611e-5
1677,4.87092060399415549e-5,1.99902581587920181e-2,4.78813412052453813e-1,4.78767396576835258e-1,9.44950025277796035e-1,1.10614865846899806e-9,1.11837114959415923e-8,-5.16176253228605266e-18,2.32331322068882037e-8,9.22573596118496764e-1,1.35179877333024834e-5
1678,4.87092060399415549e-5,1.99902581587920181e-2,4.78767396576835258e-1,4.78721385234041286e-1,9.44859212606816046e-1,1.10604235418810619e-9,1.08932292592164809e-8,1.66003651128878167e-17,2.32559432226788754e-8,9.22529263661614363e-1,1.35306126293199824e-5
1679,4.87092060399415549e-5,1.99902581587920181e-2,4.78721385234041286e-1,4.78675377721677620e-1,9.44768408092418355e-1,1.10593606000482043e-9,1.03007500886678990e-8,-1.35494550072737835e-17,2.32695321805016910e-8,9.22484932765191501e-1,1.35415896228563426e-5
1680,4.87092060399415549e-5,1.99902581587920181e-2,4.78675377721677620e-1,4.78629374451842615e-1,9.44677611137750284e-1,1.10582977539061374e-9,1.01207374631338116e-8,-1.44186563949445050e-17,2.32010268023747089e-8,9.22440603826502059e-1,1.35509187931814878e-5
1681,4.87092060399415549e-5,1.99902581587920181e-2,4.78629374451842615e-1,4.78583376089168899e-1,9.44586822555412597e-1,1.10572349997594028e-9,1.06057652194399872e-8,2.99604619343359611e-17,2.30802512716985791e-8,9.22396277486317251e-1,1.35586002195653421e-5
1682,4.87092060399415549e-5,1.99902581587920181e-2,4.78583376089168899e-1,4.78537382210577344e-1,9.44496043657510276e-1,1.10561723547193626e-9,1.06681856370482446e-8,-4.00808711451344454e-18,2.29905221015962985e-8,9.22351953337317676e-1,1.35646339811668071e-5
1683,4.87092060399415549e-5,1.99902581587920181e-2,4.78537382210577344e-1,4.78491392570167151e-1,9.44405273609384532e-1,1.10551098213906245e-9,1.04851362893947353e-8,-1.80247999062061823e-17,2.29409267044299309e-8,9.22307631142791351e-1,1.35690201571447844e-5
1684,4.87092060399415549e-5,1.99902581587920181e-2,4.78491392570167151e-1,4.78445408327563604e-1,9.44314511925106737e-1,1.10540473840241020e-9,1.14621195665201943e-8,1.46688868020479214e-17,2.27685195028855676e-8,9.22263312020724646e-1,1.35788629873623279e-5
1685,4.87092060399415549e-5,1.99902581587920181e-2,4.78445408327563604e-1,4.78399427745844319e-1,9.44223760892958341e-1,1.10529850525325412e-9,1.07026993546495715e-8,-1.16077428178953821e-18,2.25974774539989001e-8,9.22218994297369643e-1,1.35957662650287858e-5
1686,4.87092060399415549e-5,1.99902581587920181e-2,4.78399427745844319e-1,4.78353451272953756e-1,9.44133017085690751e-1,1.10519228048366368e-9,1.03915754844009337e-8,1.05194742255185669e-17,2.25755093909349696e-8,9.22174678404727777e-1,1.36109899210312690e-5
1687,4.87092060399415549e-5,1.99902581587920181e-2,4.78353451272953756e-1,4.78307479262513657e-1,9.44042281387305837e-1,1.10508606518589468e-9,1.04344683815422237e-8,-3.44332111405061685e-17,2.25705250189415839e-8,9.22130364683937276e-1,1.36245340363050360e-5
1688,4.87092060399415549e-5,1.99902581587920181e-2,4.78307479262513657e-1,4.78261511432787279e-1,9.43951554495830791e-1,1.10497986060250971e-9,1.01960534111665723e-8,9.96513086621002991e-18,2.25983639651235592e-8,9.22086052863684058e-1,1.36363986914522783e-5
1689,4.87092060399415549e-5,1.99902581587920181e-2,4.78261511432787279e-1,4.78215547889356996e-1,9.43860835855170888e-1,1.10487366570484910e-9,1.00636227657464662e-8,-1.34506565549104499e-17,2.26231436569634881e-8,9.22041743046090989e-1,1.36465839672972322e-5
1690,4.87092060399415549e-5,1.99902581587920181e-2,4.78215547889356996e-1,4.78169587644604988e-1,9.43770125673816018e-1,1.10476748125121764e-9,8.94398628425098190e-9,1.39417966979750351e-17,2.26842335817075442e-8,9.21997434279227646e-1,1.36550899444420892e-5
1691,4.87092060399415549e-5,1.99902581587920181e-2,4.78169587644604988e-1,4.78123631371028035e-1,9.43679422002553947e-1,1.10466130460000101e-9,8.49716372474938371e-9,-6.52943453760980436e-18,2.28171309111971292e-8,9.21953127211690315e-1,1.36619167038221079e-5
1692,4.87092060399415549e-5,1.99902581587920181e-2,4.78123631371028035e-1,4.78077680267708971e-1,9.43588726169097947e-1,1.10455513861527052e-9,9.24980573873681453e-9,-4.81627566020225470e-18,2.29505087918737615e-8,9.21908822999774058e-1,1.36670643258174351e-5
1693,4.87092060399415549e-5,1.99902581587920181e-2,4.78077680267708971e-1,4.78031735351099163e-1,9.43498040538671257e-1,1.10444898368065165e-9,1.10193960508608475e-8,3.66866165652231265e-17,2.29732838526753191e-8,9.21864522624064819e-1,1.36705328914743518e-5
1694,4.87092060399415549e-5,1.99902581587920181e-2,4.78031735351099163e-1,4.77985793856618102e-1,9.43407367117187090e-1,1.10434284133050303e-9,1.00250006226455373e-8,-1.51247907053789728e-17,2.30903441584902513e-8,9.21820223419288043e-1,1.36737389825336564e-5
1695,4.87092060399415549e-5,1.99902581587920181e-2,4.77985793856618102e-1,4.77939856125321194e-1,9.43316700449817969e-1,1.10423670835330232e-9,9.37198952440789737e-9,-1.25647213034477806e-17,2.32765221018379511e-8,9.21775925714440336e-1,1.36831453837471528e-5
1696,4.87092060399415549e-5,1.99902581587920181e-2,4.77939856125321194e-1,4.77893924247312141e-1,9.43226041209594745e-1,1.10413058449758705e-9,1.08094438585511196e-8,2.00980569740376666e-17,2.32679290748868223e-8,9.21731631525423478e-1,1.36908295508275657e-5
1697,4.87092060399415549e-5,1.99902581587920181e-2,4.77893924247312141e-1,4.77847996902843020e-1,9.43135393520251442e-1,1.10402447244118156e-9,1.09277129891009771e-8,-4.33142572938776765e-17,2.32181832377047505e-8,9.21687339579969844e-1,1.36967915663754880e-5
1698,4.87092060399415549e-5,1.99902581587920181e-2,4.77847996902843020e-1,4.77802072558453306e-1,9.43044754778017191e-1,1.10391837121307322e-9,9.51295728132745829e-9,2.12431561832193249e-18,2.33422819781753048e-8,9.21643048399367060e-1,1.37010315135466243e-5
1699,4.87092060399415549e-5,1.99902581587920181e-2,4.77802072558453306e-1,4.77756152932008404e-1,9.42954121957318092e-1,1.10381227872061294e-9,9.81635539928368887e-9,5.18511317923393459e-17,2.34532179647541501e-8,9.21598759640657184e-1,1.37035494748305453e-5
1700,4.87092060399415549e-5,1.99902581587920181e-2,4.77756152932008404e-1,4.77710239051221341e-1,9.42863498447392923e-1,1.10370619588376433e-9,1.11479201966960696e-8,-4.13352392588731336e-17,2.34702783058613443e-8,9.21554474295512627e-1,1.37085483769006089e-5
1701,4.87092060399415549e-5,1.99902581587920181e-2,4.77710239051221341e-1,4.77664330264002235e-1,9.42772886276096234e-1,1.10360012578768856e-9,1.18279472689131992e-8,-8.57022807512103254e-18,2.34744520532488693e-8,9.21510191735367190e-1,1.37161329479829064e-5
1702,4.87092060399415549e-5,1.99902581587920181e-2,4.77664330264002235e-1,4.77618425183571504e-1,9.42682284157045691e-1,1.10349406738052912e-9,1.11216844053182359e-8,5.18804040598563724e-18,2.35255799024944178e-8,9.21465910622904727e-1,1.37220412101957123e-5
1703,4.87092060399415549e-5,1.99902581587920181e-2,4.77618425183571504e-1,4.77572524433365231e-1,9.42591689353635021e-1,1.10338801809298961e-9,1.10392139546464654e-8,1.64570808871813813e-17,2.34605427338133623e-8,9.21421631559731003e-1,1.37262732443632629e-5
1704,4.87092060399415549e-5,1.99902581587920181e-2,4.77572524433365231e-1,4.77526628966827460e-1,9.42501103095979120e-1,1.10328197886417335e-9,1.19106038196511439e-8,4.84799307360998799e-18,2.34234479219713294e-8,9.21377355465997860e-1,1.37288291307546828e-5
1705,4.87092060399415549e-5,1.99902581587920181e-2,4.77526628966827460e-1,4.77480737510199316e-1,9.42410527265512998e-1,1.10317595104687447e-9,1.15087426674738022e-8,2.29957417973436021e-17,2.34097936052204886e-8,9.21333081113194785e-1,1.37311337978784920e-5
1706,4.87092060399415549e-5,1.99902581587920181e-2,4.77480737510199316e-1,4.77434849585360421e-1,9.42319959349162684e-1,1.10306993328016848e-9,1.06291466788310659e-8,-1.87602031754352264e-17,2.33466711523286499e-8,9.21288808040301999e-1,1.37437088314484868e-5
1707,4.87092060399415549e-5,1.99902581587920181e-2,4.77434849585360421e-1,4.77388966894067013e-1,9.42229398402713914e-1,1.10296392306438671e-9,1.14516463517853961e-8,4.62448721773693481e-18,2.32193692809101385e-8,9.21244537889471249e-1,1.37545958569518234e-5
1708,4.87092060399415549e-5,1.99902581587920181e-2,4.77388966894067013e-1,4.77343087875787053e-1,9.42138847784953604e-1,1.10285792581249776e-9,1.07141171066615222e-8,-1.58368691356952467e-18,2.31148352942928055e-8,9.21200269155318496e-1,1.37637949555458050e-5
1709,4.87092060399415549e-5,1.99902581587920181e-2,4.77343087875787053e-1,4.77297214122679447e-1,9.42048304415723070e-1,1.10275193618213889e-9,1.15690998246246321e-8,-3.65041421764551537e-18,2.29725037015270968e-8,9.21156003374447030e-1,1.37713062082767124e-5
1710,4.87092060399415549e-5,1.99902581587920181e-2,4.77297214122679447e-1,4.77251344304269465e-1,9.41957771437449964e-1,1.10264595869232889e-9,1.10941139403570567e-8,-1.07334691587084854e-17,2.28785960530087441e-8,9.21111739263349438e-1,1.37802045563351072e-5
1711,4.87092060399415549e-5,1.99902581587920181e-2,4.77251344304269465e-1,4.77205479148808343e-1,9.41867246224454946e-1,1.10253999016671841e-9,1.13477574849680096e-8,2.19625452357893425e-17,2.27938800477994823e-8,9.21067477525073897e-1,1.37980951174787592e-5
1712,4.87092060399415549e-5,1.99902581587920181e-2,4.77205479148808343e-1,4.77159618516794337e-1,9.41776730213935709e-1,1.10243403280532023e-9,1.14623475594562041e-8,1.54224979709204828e-17,2.26752031182811512e-8,9.21023218025335044e-1,1.38143403878299154e-5
1713,4.87092060399415549e-5,1.99902581587920181e-2,4.77159618516794337e-1,4.77113760448827529e-1,9.41686223130101752e-1,1.10232808496498514e-9,9.61797256852386859e-9,-4.35648781302302180e-17,2.26294297848792625e-8,9.20978958873336362e-1,1.38289404466584998e-5
1714,4.87092060399415549e-5,1.99902581587920181e-2,4.77113760448827529e-1,4.77067908030104515e-1,9.41595721107298833e-1,1.10222214475012889e-9,1.08590405770307689e-8,7.38099050845354465e-18,2.25914874452006693e-8,9.20934703046940806e-1,1.38418953730123917e-5
1715,4.87092060399415549e-5,1.99902581587920181e-2,4.77067908030104515e-1,4.77022059915698404e-1,9.41505230233285473e-1,1.10211621750364628e-9,1.07557247683031110e-8,1.92082124670000718e-17,2.25724395204721524e-8,9.20890449248446541e-1,1.38532052461615152e-5
1716,4.87092060399415549e-5,1.99902581587920181e-2,4.77022059915698404e-1,4.76976215519246460e-1,9.41414747853728029e-1,1.10201029978875327e-9,1.00664599916092106e-8,1.15333858982717653e-17,2.25924191428594843e-8,9.20846196912165627e-1,1.38628701447096603e-5
1717,4.87092060399415549e-5,1.99902581587920181e-2,4.76976215519246460e-1,4.76930374375434674e-1,9.41324272811879248e-1,1.10190439069557928e-9,8.91223862045036374e-9,-5.88918847168763541e-18,2.26374465668099234e-8,9.20801945589086235e-1,1.38708901481487956e-5
1718,4.87092060399415549e-5,1.99902581587920181e-2,4.76930374375434674e-1,4.76884537610157699e-1,9.41233804189762546e-1,1.10179849052306555e-9,8.88422457836867688e-9,-5.96341635113569390e-18,2.27387042677123905e-8,9.20757696366285683e-1,1.38772653351937336e-5
1719,4.87092060399415549e-5,1.99902581587920181e-2,4.76884537610157699e-1,4.76838706241808963e-1,9.41143344208565047e-1,1.10169260016161057e-9,9.87502485347579430e-9,-1.55878464122861577e-17,2.27141753580770245e-8,9.20713450227264141e-1,1.38819957853364429e-5
1720,4.87092060399415549e-5,1.99902581587920181e-2,4.76838706241808963e-1,4.76792880222640436e-1,9.41052894877748236e-1,1.10158672090544243e-9,1.08185958247564778e-8,1.13515931063285362e-17,2.27156511613713910e-8,9.20669207126355582e-1,1.38850815771807135e-5
1721,4.87092060399415549e-5,1.99902581587920181e-2,4.76792880222640436e-1,4.76747057707435085e-1,9.40962456103654699e-1,1.10148085431891540e-9,9.91746398485397994e-9,1.16798365713630537e-17,2.27171564936676010e-8,9.20624965282406560e-1,1.38921738643826842e-5
1722,4.87092060399415549e-5,1.99902581587920181e-2,4.76747057707435085e-1,4.76701239554694789e-1,9.40872024244700844e-1,1.10137499540274836e-9,9.87517085377546220e-9,7.18260447342250182e-18,2.27610018321180518e-8,9.20580725524551502e-1,1.38997054218714666e-5
1723,4.87092060399415549e-5,1.99902581587920181e-2,4.76701239554694789e-1,4.76655426201182675e-1,9.40781600995450495e-1,1.10126914733240808e-9,1.02700602489281283e-8,-3.69058773301925576e-17,2.28269257184499999e-8,9.20536488274792619e-1,1.39056265646697597e-5
1724,4.87092060399415549e-5,1.99902581587920181e-2,4.76655426201182675e-1,4.76609617188079537e-1,9.40691187216786462e-1,1.10116330846134833e-9,1.02065916474324890e-8,6.33746246104849770e-18,2.28878806196597021e-8,9.20492253090486323e-1,1.39099373704931750e-5
1725,4.87092060399415549e-5,1.99902581587920181e-2,4.76609617188079537e-1,4.76563812376712415e-1,9.40600782004622604e-1,1.10105748139066749e-9,1.00048673694136899e-8,1.97317251505175323e-17,2.29505542550932546e-8,9.20448019837999509e-1,1.39126379169463021e-5
1726,4.87092060399415549e-5,1.99902581587920181e-2,4.76563812376712415e-1,4.76518011230528227e-1,9.40510385085042144e-1,1.10095166467754874e-9,9.26699395108324769e-9,8.48640820928980914e-18,2.29847583443494484e-8,9.20403787999358181e-1,1.39164564650906541e-5
1727,4.87092060399415549e-5,1.99902581587920181e-2,4.76518011230528227e-1,4.76472215484174011e-1,9.40419995398658393e-1,1.10084585586129501e-9,1.02641199298887639e-8,-4.74038514772296462e-17,2.29580541874765089e-8,9.20359559250193415e-1,1.39224897475198617e-5
1728,4.87092060399415549e-5,1.99902581587920181e-2,4.76472215484174011e-1,4.76426424930178172e-1,9.40329616368641319e-1,1.10074005859322730e-9,1.10542932551329528e-8,6.42549267619761601e-18,2.30511631238236021e-8,9.20315333390507861e-1,1.39268467955755426e-5
1729,4.87092060399415549e-5,1.99902581587920181e-2,4.76426424930178172e-1,4.76380638373370247e-1,9.40239247586054927e-1,1.10063427409643119e-9,1.06497953161570033e-8,-6.69082243820257538e-18,2.32438198019850862e-8,9.20271109266365572e-1,1.39383881739840731e-5
1730,4.87092060399415549e-5,1.99902581587920181e-2,4.76380638373370247e-1,4.76334856548490337e-1,9.40148886691938857e-1,1.10052849819306910e-9,1.09804216764792716e-8,1.55288998674744038e-17,2.32877189517720413e-8,9.20226887587635711e-1,1.39502998123264277e-5
1731,4.87092060399415549e-5,1.99902581587920181e-2,4.76334856548490337e-1,4.76289078827554668e-1,9.40058535136383822e-1,1.10042273318065687e-9,1.06835191443907192e-8,1.70679124105211646e-17,2.33259301926874827e-8,9.20182667748139504e-1,1.39605435285350410e-5
1732,4.87092060399415549e-5,1.99902581587920181e-2,4.76289078827554668e-1,4.76243306065329497e-1,9.39968191680133902e-1,1.10031697827263964e-9,1.12417773730327151e-8,1.62640516737972318e-17,2.33407586829400231e-8,9.20138450573803168e-1,1.39691194026569931e-5
1733,4.87092060399415549e-5,1.99902581587920181e-2,4.76243306065329497e-1,4.76197537441056862e-1,9.39877858009893097e-1,1.10021123471315392e-9,1.09797543273769295e-8,-1.44456770768341622e-17,2.34613893461341664e-8,9.20094235272136851e-1,1.39760275148503865e-5
1734,4.87092060399415549e-5,1.99902581587920181e-2,4.76197537441056862e-1,4.76151772603158330e-1,9.39787532506353607e-1,1.10010550088485997e-9,1.03665506149096246e-8,-2.75751807589208990e-17,2.35813112456513017e-8,9.20050021503725057e-1,1.39812679454953681e-5
1735,4.87092060399415549e-5,1.99902581587920181e-2,4.76151772603158330e-1,4.76106012201190643e-1,9.39697214475760489e-1,1.09999977704426548e-9,1.04032675725704624e-8,2.21962171413906724e-17,2.35895158310356306e-8,9.20005809896379478e-1,1.39904107422372803e-5
1736,4.87092060399415549e-5,1.99902581587920181e-2,4.76106012201190643e-1,4.76060255761864448e-1,9.39606905199211084e-1,1.09989406217601762e-9,9.96712164556396677e-9,-1.98019097711314316e-18,2.34695853191974123e-8,9.19961599993129542e-1,1.39989770655546408e-5
1737,4.87092060399415549e-5,1.99902581587920181e-2,4.76060255761864448e-1,4.76014505188920856e-1,9.39516603742844403e-1,1.09978835651126539e-9,1.14350977257339586e-8,-1.84399171878934690e-17,2.33251715998143481e-8,9.19917393633694402e-1,1.40058698978595686e-5
1738,4.87092060399415549e-5,1.99902581587920181e-2,4.76014505188920856e-1,4.75968758604033426e-1,9.39426313863342521e-1,1.09968266328531234e-9,1.10253111908628333e-8,2.87640444399515129e-17,2.32279713134722348e-8,9.19873189003582836e-1,1.40110893193101660e-5
1739,4.87092060399415549e-5,1.99902581587920181e-2,4.75968758604033426e-1,4.75923016572758095e-1,9.39336031855104614e-1,1.09957698061185292e-9,1.11814640787891899e-8,-1.89458837162574548e-17,2.31735297226840653e-8,9.19828986649545932e-1,1.40146354107306692e-5
1740,4.87092060399415549e-5,1.99902581587920181e-2,4.75923016572758095e-1,4.75877280058453422e-1,9.39245758832886635e-1,1.09947130712058178e-9,1.23014131253145704e-8,2.70446254596681620e-17,2.29667210248500278e-8,9.19784787502905377e-1,1.40165082522791806e-5
1741,4.87092060399415549e-5,1.99902581587920181e-2,4.75877280058453422e-1,4.75831546908581426e-1,9.39155496698447334e-1,1.09936564627561180e-9,1.12693545768080249e-8,9.28811331333742867e-18,2.28687708041129679e-8,9.19740589483820314e-1,1.40167079244468695e-5
1742,4.87092060399415549e-5,1.99902581587920181e-2,4.75831546908581426e-1,4.75785817648841147e-1,9.39065241204058765e-1,1.09925999367875275e-9,1.07633185196342394e-8,-3.65915900564530347e-17,2.28280543223044753e-8,9.19696393100512433e-1,1.40152345076138829e-5
1743,4.87092060399415549e-5,1.99902581587920181e-2,4.75785817648841147e-1,4.75740092774074030e-1,9.38974993387185819e-1,1.09915435041347948e-9,1.07524977986406932e-8,-1.67025202641768905e-17,2.28057209890155142e-8,9.19652198831529044e-1,1.40120880824934346e-5
1744,4.87092060399415549e-5,1.99902581587920181e-2,4.75740092774074030e-1,4.75694372002488930e-1,9.38884754224131424e-1,1.09904871738146747e-9,1.04603074422788731e-8,2.98223922552110599e-18,2.27766041732968155e-8,9.19608006404774692e-1,1.40142963159783918e-5
1745,4.87092060399415549e-5,1.99902581587920181e-2,4.75694372002488930e-1,4.75648656385735114e-1,9.38794523158832384e-1,1.09894309389943244e-9,1.12201607705817671e-8,3.13588670081385080e-17,2.27248660777931605e-8,9.19563816837083325e-1,1.40302628565125431e-5
1746,4.87092060399415549e-5,1.99902581587920181e-2,4.75648656385735114e-1,4.75602943847647175e-1,9.38704302266494262e-1,1.09883748138516609e-9,9.90434426474025290e-9,-6.50728264080563428e-18,2.27086204196155690e-8,9.19519628121912236e-1,1.40445727394578057e-5
1747,4.87092060399415549e-5,1.99902581587920181e-2,4.75602943847647175e-1,4.75557236020065055e-1,9.38614087450648338e-1,1.09873187775928403e-9,1.02206636505558443e-8,-2.28520820316390676e-17,2.27571382176347405e-8,9.19475441836884233e-1,1.40622616904284570e-5
1748,4.87092060399415549e-5,1.99902581587920181e-2,4.75557236020065055e-1,4.75511532174191232e-1,9.38523881931190740e-1,1.09862628534362329e-9,9.80863824820333725e-9,3.51232832578060816e-17,2.28538009453294695e-8,9.19431257277780190e-1,1.40789337804703152e-5
1749,4.87092060399415549e-5,1.99902581587920181e-2,4.75511532174191232e-1,4.75465834491233419e-1,9.38433684269643242e-1,1.09852070174331629e-9,1.15782034208371675e-8,-2.36904924481881152e-17,2.28105661654455149e-8,9.19387076553696780e-1,1.40939635033809907e-5
1750,4.87092060399415549e-5,1.99902581587920181e-2,4.75465834491233419e-1,4.75420141265279039e-1,9.38343498769674711e-1,1.09841513006424178e-9,1.16424482746487290e-8,2.73852170768868711e-17,2.28027832641012295e-8,9.19342898015783394e-1,1.41073509378752959e-5
1751,4.87092060399415549e-5,1.99902581587920181e-2,4.75420141265279039e-1,4.75374450480650634e-1,9.38253322066010531e-1,1.09830956931244174e-9,9.69144420187884965e-9,-3.16496176847284470e-18,2.28930950813801983e-8,9.19298719715353818e-1,1.41190961632231549e-5
1752,4.87092060399415549e-5,1.99902581587920181e-2,4.75374450480650634e-1,4.75328763218961448e-1,9.38163150181059113e-1,1.09820401588801457e-9,8.82228804398415316e-9,3.17239812217969642e-18,2.30025888755079039e-8,9.19254542698358601e-1,1.41291992579173353e-5
1753,4.87092060399415549e-5,1.99902581587920181e-2,4.75328763218961448e-1,4.75283081468205471e-1,9.38072985249079005e-1,1.09809847110836905e-9,9.94146457327212219e-9,-2.09600023333750729e-17,2.30989801463846351e-8,9.19210368887350859e-1,1.41376603013387836e-5
1754,4.87092060399415549e-5,1.99902581587920181e-2,4.75283081468205471e-1,4.75237404811696129e-1,9.37982831192609279e-1,1.09799293845304830e-9,1.06444841690338714e-8,3.96503898107495987e-17,2.31512366402810680e-8,9.19166197879842883e-1,1.41444793722023121e-5
1755,4.87092060399415549e-5,1.99902581587920181e-2,4.75237404811696129e-1,4.75191732745190054e-1,9.37892687189196828e-1,1.09788741618668487e-9,1.08437501814355218e-8,-1.96077754444489114e-17,2.30739831517437422e-8,9.19122029188637280e-1,1.41496565494447779e-5
1756,4.87092060399415549e-5,1.99902581587920181e-2,4.75191732745190054e-1,4.75146065146027419e-1,9.37802552244257792e-1,1.09778190482919797e-9,1.09207975108653389e-8,-2.49343834922882067e-18,2.29421341575509779e-8,9.19077862695383940e-1,1.41531919117809935e-5
1757,4.87092060399415549e-5,1.99902581587920181e-2,4.75146065146027419e-1,4.75100401130285566e-1,9.37712426115516973e-1,1.09767640270867960e-9,1.01143516204965297e-8,-2.09799142250804494e-18,2.28676781236451977e-8,9.19033697545482031e-1,1.41625802640987786e-5
1758,4.87092060399415549e-5,1.99902581587920181e-2,4.75100401130285566e-1,4.75054741314529627e-1,9.37622307059286286e-1,1.09757091054050720e-9,9.92481534506518049e-9,2.04741594549532772e-18,2.28158699649283416e-8,9.18989534335472702e-1,1.41725784810198263e-5
1759,4.87092060399415549e-5,1.99902581587920181e-2,4.75054741314529627e-1,4.75009087545755770e-1,9.37532196291899766e-1,1.09746542831238389e-9,1.15826789792422107e-8,-3.21677470768194125e-18,2.27407360431014702e-8,9.18945374852243813e-1,1.41846168558723562e-5
1760,4.87092060399415549e-5,1.99902581587920181e-2,4.75009087545755770e-1,4.74963437749004236e-1,9.37442097457823253e-1,1.09735995848463081e-9,1.11661640977572750e-8,-2.73218418070755083e-18,2.26581292784694085e-8,9.18901217089166611e-1,1.41949815726238882e-5
1761,4.87092060399415549e-5,1.99902581587920181e-2,4.74963437749004236e-1,4.74917791771903353e-1,9.37352006462694787e-1,1.09725449769060737e-9,1.05976593544383283e-8,8.65040503753457241e-18,2.26640881664943763e-8,9.18857060899036182e-1,1.42036727117655914e-5
1762,4.87092060399415549e-5,1.99902581587920181e-2,4.74917791771903353e-1,4.74872149378918473e-1,9.37261923006185160e-1,1.09714904669793034e-9,9.79398719942914523e-9,-2.52799580455169353e-17,2.26867486595412769e-8,9.18812906054258915e-1,1.42106903541217022e-5
1763,4.87092060399415549e-5,1.99902581587920181e-2,4.74872149378918473e-1,4.74826511395432749e-1,9.37171846622845028e-1,1.09704360398190527e-9,9.81604266766110138e-9,-1.15433219917897523e-17,2.27311092161508754e-8,9.18768753353541245e-1,1.42206596134286656e-5
1764,4.87092060399415549e-5,1.99902581587920181e-2,4.74826511395432749e-1,4.74780879941243794e-1,9.37081778942111532e-1,1.09693817227196080e-9,1.19583196042941291e-8,3.50673774289260727e-17,2.28197100205842725e-8,9.18724604848156989e-1,1.42306351390564245e-5
1765,4.87092060399415549e-5,1.99902581587920181e-2,4.74780879941243794e-1,4.74735251307607353e-1,9.36991724146305605e-1,1.09683275381860141e-9,1.03924799888139825e-8,-2.10282778211351998e-17,2.28945565695764047e-8,9.18680456950236812e-1,1.42388941329896213e-5
1766,4.87092060399415549e-5,1.99902581587920181e-2,4.74735251307607353e-1,4.74689627088804689e-1,9.36901674917657301e-1,1.09672734351482850e-9,1.04211926968655956e-8,2.55886304172584482e-17,2.29869241746491856e-8,9.18636311202535194e-1,1.42454366777178265e-5
1767,4.87092060399415549e-5,1.99902581587920181e-2,4.74689627088804689e-1,4.74644007126036438e-1,9.36811634401721216e-1,1.09662194355397141e-9,1.02915305062917091e-8,-1.27633207510768621e-17,2.29768950951125000e-8,9.18592167451691477e-1,1.42502628557306110e-5
1768,4.87092060399415549e-5,1.99902581587920181e-2,4.74644007126036438e-1,4.74598392329104779e-1,9.36721602285311428e-1,1.09651655363225222e-9,1.10720795918880816e-8,-2.50243145684849719e-17,2.29245067894442259e-8,9.18548026578396071e-1,1.42533727495175455e-5
1769,4.87092060399415549e-5,1.99902581587920181e-2,4.74598392329104779e-1,4.74552781502048271e-1,9.36631580363151084e-1,1.09641117418359642e-9,1.06571637078095676e-8,3.47116087018282406e-17,2.28716797440563674e-8,9.18503887425714316e-1,1.42547664413461561e-5
1770,4.87092060399415549e-5,1.99902581587920181e-2,4.74552781502048271e-1,4.74507174188395331e-1,9.36541566276207549e-1,1.09630580544791865e-9,9.78615801309173444e-9,-4.11863996881727920e-17,2.29464505219975503e-8,9.18459749552058113e-1,1.42544440139280582e-5
1771,4.87092060399415549e-5,1.99902581587920181e-2,4.74507174188395331e-1,4.74461571362616408e-1,9.36451559123572919e-1,1.09620044534565005e-9,9.88996037098331988e-9,3.51315914598785643e-17,2.29664086873564698e-8,9.18415613900783856e-1,1.42583520371664108e-5
1772,4.87092060399415549e-5,1.99902581587920181e-2,4.74461571362616408e-1,4.74415972938653174e-1,9.36361560827371986e-1,1.09609509465785342e-9,9.90813588632450790e-9,7.30928883859622311e-18,2.29547783079975758e-8,9.18371480388947892e-1,1.42663279728560966e-5
1773,4.87092060399415549e-5,1.99902581587920181e-2,4.74415972938653174e-1,4.74370378443122132e-1,9.36271571218487364e-1,1.09598975424510887e-9,9.45335105484391896e-9,-3.07496187084911512e-17,2.29444711485554488e-8,9.18327348558604206e-1,1.42726333105525072e-5
1774,4.87092060399415549e-5,1.99902581587920181e-2,4.74370378443122132e-1,4.74324790287558917e-1,9.36181589362516942e-1,1.09588442307504433e-9,1.14104794313930741e-8,-9.94430907583084510e-18,2.28898048971034790e-8,9.18283220744314455e-1,1.42772681305247673e-5
1775,4.87092060399415549e-5,1.99902581587920181e-2,4.74324790287558917e-1,4.74279206763638050e-1,9.36091620017762804e-1,1.09577910492560395e-9,1.16598917367958574e-8,-6.75733768561918944e-19,2.28203553256781886e-8,9.18239095293007401e-1,1.42802325135971131e-5
1776,4.87092060399415549e-5,1.99902581587920181e-2,4.74279206763638050e-1,4.74233626041303147e-1,9.36001659813474940e-1,1.09567379697244159e-9,1.00796928801412791e-8,1.10026271125883402e-18,2.28522949586336536e-8,9.18194970433341195e-1,1.42815265393725355e-5
1777,4.87092060399415549e-5,1.99902581587920181e-2,4.74233626041303147e-1,4.74188050786928050e-1,9.35911705139025996e-1,1.09556849739950557e-9,1.11661371896018016e-8,2.63793406366040129e-17,2.28117912090164331e-8,9.18150848746779324e-1,1.42811502886752706e-5
1778,4.87092060399415549e-5,1.99902581587920181e-2,4.74188050786928050e-1,4.74142480624183127e-1,9.35821761255409279e-1,1.09546320956077091e-9,1.18767775317917236e-8,-1.40554744751969726e-17,2.27883058034752473e-8,9.18106729869481719e-1,1.42791038414413762e-5
1779,4.87092060399415549e-5,1.99902581587920181e-2,4.74142480624183127e-1,4.74096913894429151e-1,9.35731827420042572e-1,1.09535793297384573e-9,1.09292680240813461e-8,4.73964564825534221e-19,2.29171018368581312e-8,9.18062612195885253e-1,1.42799564918361099e-5
1780,4.87092060399415549e-5,1.99902581587920181e-2,4.74096913894429151e-1,4.74051350974925401e-1,9.35641900359963641e-1,1.09525266488146864e-9,1.03593478098004627e-8,1.13407802013612430e-17,2.30679568661821431e-8,9.18018496091381642e-1,1.42870471052658488e-5
1781,4.87092060399415549e-5,1.99902581587920181e-2,4.74051350974925401e-1,4.74005792497580347e-1,9.35551980820056528e-1,1.09514740678892987e-9,1.04217023635982033e-8,1.57240731330062907e-17,2.32429325902105227e-8,9.17974382168203151e-1,1.43042633942158659e-5
1782,4.87092060399415549e-5,1.99902581587920181e-2,4.74005792497580347e-1,4.73960238117118127e-1,9.35462070046521710e-1,1.09504215793035014e-9,1.01392081113439739e-8,-4.34998749689733508e-17,2.33385630455439833e-8,9.17930270092253919e-1,1.43247439062799131e-5
1783,4.87092060399415549e-5,1.99902581587920181e-2,4.73960238117118127e-1,4.73914686721793377e-1,9.35372167358807904e-1,1.09493691974209530e-9,8.74536222282826539e-9,1.43527234826791282e-17,2.34026676480737332e-8,9.17886158787203366e-1,1.43435847330675159e-5
1784,4.87092060399415549e-5,1.99902581587920181e-2,4.73914686721793377e-1,4.73869140849154880e-1,9.35282270562695195e-1,1.09483168929666664e-9,9.88935215347800066e-9,2.72461051501901531e-18,2.34338352005573712e-8,9.17842050710624968e-1,1.43607859530714421e-5
1785,4.87092060399415549e-5,1.99902581587920181e-2,4.73869140849154880e-1,4.73823600597378325e-1,9.35192384665530674e-1,1.09472647099578855e-9,1.11320486140779893e-8,1.79075338194869898e-17,2.34831441742479705e-8,9.17797945958102490e-1,1.43763476453395711e-5
1786,4.87092060399415549e-5,1.99902581587920181e-2,4.73823600597378325e-1,4.73778064769544371e-1,9.35102509860554210e-1,1.09462126449929335e-9,1.11783660585657143e-8,-1.23442859420085243e-17,2.34993897410306376e-8,9.17753843370817113e-1,1.43902698889197822e-5
1787,4.87092060399415549e-5,1.99902581587920181e-2,4.73778064769544371e-1,4.73732534280147832e-1,9.35012643786273356e-1,1.09451606765675007e-9,1.21396035363018974e-8,-7.03173334713772999e-18,2.34470431497161260e-8,9.17709743834854264e-1,1.44025527619717764e-5
1788,4.87092060399415549e-5,1.99902581587920181e-2,4.73732534280147832e-1,4.73687007060707432e-1,9.34922788246989267e-1,1.09441088248385953e-9,1.10328728547807171e-8,2.20388724996320605e-17,2.33184135078244224e-8,9.17665645347076175e-1,1.44131963437654775e-5
1789,4.87092060399415549e-5,1.99902581587920181e-2,4.73687007060707432e-1,4.73641484332664620e-1,9.34832939161565957e-1,1.09430570613870419e-9,1.11478980554688812e-8,-2.95081612297531907e-17,2.31519855524838966e-8,9.17621549090786082e-1,1.44222007129046759e-5
1790,4.87092060399415549e-5,1.99902581587920181e-2,4.73641484332664620e-1,4.73595966520904410e-1,9.34743098939808115e-1,1.09420053967010707e-9,1.16882399113600838e-8,1.20299589635995989e-17,2.30593725132927523e-8,9.17577455477924020e-1,1.44295659482152061e-5
1791,4.87092060399415549e-5,1.99902581587920181e-2,4.73595966520904410e-1,4.73550453596095100e-1,9.34653268420498007e-1,1.09409538456961172e-9,1.21997227275615664e-8,-2.33132468036659562e-17,2.30290788831693405e-8,9.17533364480457303e-1,1.44352921288559699e-5
1792,4.87092060399415549e-5,1.99902581587920181e-2,4.73550453596095100e-1,4.73504943784416210e-1,9.34563447545342152e-1,1.09399024025624763e-9,1.09378547017802268e-8,5.22488633919119931e-17,2.30099610141698584e-8,9.17489274380247744e-1,1.44393793328756459e-5
1793,4.87092060399415549e-5,1.99902581587920181e-2,4.73504943784416210e-1,4.73459437993305254e-1,9.34473632814640021e-1,1.09388510411246358e-9,1.05837236250932884e-8,-2.39784935764219279e-17,2.29212891665876308e-8,9.17445186056587314e-1,1.44418276396551803e-5
1794,4.87092060399415549e-5,1.99902581587920181e-2,4.73459437993305254e-1,4.73413937452196509e-1,9.34383826018734931e-1,1.09377997777020814e-9,1.14594132092222445e-8,3.45404319458665171e-18,2.28409380788585979e-8,9.17401100700976579e-1,1.44473401143541125e-5
1795,4.87092060399415549e-5,1.99902581587920181e-2,4.73413937452196509e-1,4.73368441011354557e-1,9.34294029583421670e-1,1.09367486298031598e-9,1.11858720571526206e-8,-6.25045960422017025e-18,2.28119479105636731e-8,9.17357017199784019e-1,1.44637461469976358e-5
1796,4.87092060399415549e-5,1.99902581587920181e-2,4.73368441011354557e-1,4.73322949500190493e-1,9.34204241240381816e-1,1.09356975807624791e-9,1.17421361461745591e-8,-3.36060818131511191e-18,2.27692540074957041e-8,9.17312936356992958e-1,1.44784382037910220e-5
1797,4.87092060399415549e-5,1.99902581587920181e-2,4.73322949500190493e-1,4.73277460666806871e-1,9.34114462626027153e-1,1.09346466397129385e-9,1.00469766364296973e-8,1.77304394134230619e-17,2.27566796571824700e-8,9.17268855990725607e-1,1.44914163671128193e-5
1798,4.87092060399415549e-5,1.99902581587920181e-2,4.73277460666806871e-1,4.73231977270145820e-1,9.34024689297099919e-1,1.09335957757133302e-9,1.11110167672884096e-8,-3.01943522156190050e-17,2.27234101851240892e-8,9.17224778774825777e-1,1.45026807190085094e-5
1799,4.87092060399415549e-5,1.99902581587920181e-2,4.73231977270145820e-1,4.73186497716575338e-1,9.33934926697187584e-1,1.09325450288971712e-9,1.05819473940332053e-8,1.19302655018134829e-17,2.27208723369685804e-8,9.17180703165237254e-1,1.45122313423007299e-5
1800,4.87092060399415549e-5,1.99902581587920181e-2,4.73186497716575338e-1,4.73141023107571557e-1,9.33845171681577879e-1,1.09314943665390913e-9,1.11547236253209507e-8,-1.04525850924650789e-18,2.27490300048032066e-8,9.17136630229734351e-1,1.45200683188129176e-5
1801,4.87092060399415549e-5,1.99902581587920181e-2,4.73141023107571557e-1,4.73095552884579218e-1,9.33755426424031310e-1,1.09304438116052267e-9,1.11694199011435876e-8,-1.93892425984185270e-17,2.27464838297418805e-8,9.17092559427318932e-1,1.45261917315897549e-5
1802,4.87092060399415549e-5,1.99902581587920181e-2,4.73095552884579218e-1,4.73050086568817807e-1,9.33665689822660294e-1,1.09293933682196207e-9,1.07057572092802803e-8,3.89942039744235329e-17,2.27565397840676598e-8,9.17048490294270158e-1,1.45306016623436562e-5
1803,4.87092060399415549e-5,1.99902581587920181e-2,4.73050086568817807e-1,4.73004624645957050e-1,9.33575960931978477e-1,1.09283430053663152e-9,1.07281399422054665e-8,-2.72487686717625739e-17,2.26983157259123018e-8,9.17004423301538085e-1,1.45332981940082817e-5
1804,4.87092060399415549e-5,1.99902581587920181e-2,4.73004624645957050e-1,4.72959166302292344e-1,9.33486240711081994e-1,1.09272927509872420e-9,9.93724027132678206e-9,-5.88025326671083760e-18,2.27044559391101357e-8,9.16960357660683401e-1,1.45342814082960459e-5
1805,4.87092060399415549e-5,1.99902581587920181e-2,4.72959166302292344e-1,4.72913712441423828e-1,9.33396527553766453e-1,1.09262425800523932e-9,1.00502847816745121e-8,2.64967059849967118e-17,2.27028248751165149e-8,9.16916294247905883e-1,1.45335513881406087e-5
1806,4.87092060399415549e-5,1.99902581587920181e-2,4.72913712441423828e-1,4.72868263317510917e-1,9.33306823243645778e-1,1.09251925128557230e-9,1.04179196848694822e-8,1.12315791256144425e-17,2.26975230485442417e-8,9.16872233309844353e-1,1.45311082154764293e-5
1807,4.87092060399415549e-5,1.99902581587920181e-2,4.72868263317510917e-1,4.72822818912863319e-1,9.33217128281777608e-1,1.09241425512963801e-9,1.07683196666748852e-8,-4.09296312455077564e-17,2.27309183748232367e-8,9.16828174829762421e-1,1.45269519731261454e-5
1808,4.87092060399415549e-5,1.99902581587920181e-2,4.72822818912863319e-1,4.72777378726486119e-1,9.33127442633461368e-1,1.09230927024048165e-9,1.06181782814751447e-8,6.14012363667294699e-18,2.27188101089160744e-8,9.16784118322282349e-1,1.45210827428021716e-5
1809,4.87092060399415549e-5,1.99902581587920181e-2,4.72777378726486119e-1,4.72731942001441918e-1,9.33037765309802314e-1,1.09220429487253707e-9,9.71150499948127065e-9,2.62877336924862153e-17,2.26653451527519751e-8,9.16740063053700927e-1,1.45201726441390733e-5
1810,4.87092060399415549e-5,1.99902581587920181e-2,4.72731942001441918e-1,4.72686510604715560e-1,9.32948094817328433e-1,1.09209932713711414e-9,1.06721493662458487e-8,-2.38555646112291974e-17,2.25839027459596630e-8,9.16696010834575969e-1,1.45243269219497151e-5
1811,4.87092060399415549e-5,1.99902581587920181e-2,4.72686510604715560e-1,4.72641083377296933e-1,9.32858434840133421e-1,1.09199437116775517e-9,1.04742957446257985e-8,-1.65988695703403209e-17,2.26302981767039343e-8,9.16651960541400745e-1,1.45281300220068132e-5
1812,4.87092060399415549e-5,1.99902581587920181e-2,4.72641083377296933e-1,4.72595659846674676e-1,9.32768783091173170e-1,1.09188942473018574e-9,9.80433148371885656e-9,4.78194154364477116e-17,2.26390487749346382e-8,9.16607911716282198e-1,1.45463322415162466e-5
1813,4.87092060399415549e-5,1.99902581587920181e-2,4.72595659846674676e-1,4.72550240820724665e-1,9.32679138638285887e-1,1.09178448757710803e-9,9.94259859867817483e-9,-9.67897435074221041e-18,2.26626812356961688e-8,9.16563865142906220e-1,1.45628776958561801e-5
1814,4.87092060399415549e-5,1.99902581587920181e-2,4.72550240820724665e-1,4.72504826846486203e-1,9.32589503075077930e-1,1.09167956021297978e-9,1.06283379448800021e-8,3.75561339358878433e-18,2.26625129171667781e-8,9.16519821352115405e-1,1.45777664647406269e-5
1815,4.87092060399415549e-5,1.99902581587920181e-2,4.72504826846486203e-1,4.72459416676893673e-1,9.32499877481741457e-1,1.09157464479544371e-9,1.00674973291430766e-8,-2.57280500551430359e-17,2.27773101691952636e-8,9.16475779134808599e-1,1.45909986279946224e-5
1816,4.87092060399415549e-5,1.99902581587920181e-2,4.72459416676893673e-1,4.72414011764761610e-1,9.32410259397342789e-1,1.09146973935795113e-9,1.09598369450583721e-8,-7.10630037063693522e-18,2.28780669841715578e-8,9.16431739900346209e-1,1.46025742647770684e-5
1817,4.87092060399415549e-5,1.99902581587920181e-2,4.72414011764761610e-1,4.72368610751463136e-1,9.32320651688075541e-1,1.09136484494399493e-9,1.04940550409808227e-8,7.23052139194647360e-18,2.29644084129840432e-8,9.16387702331323828e-1,1.46124934552460672e-5
1818,4.87092060399415549e-5,1.99902581587920181e-2,4.72368610751463136e-1,4.72323214870486230e-1,9.32231051673345412e-1,1.09125996031014790e-9,1.12621359385675331e-8,-1.66592951140873195e-17,2.29586891930029958e-8,9.16343667624480940e-1,1.46207562786715428e-5
1819,4.87092060399415549e-5,1.99902581587920181e-2,4.72323214870486230e-1,4.72277822727116658e-1,9.32141461787155734e-1,1.09115508701237710e-9,1.06359958728924050e-8,3.15437336032379842e-17,2.30097472055156579e-8,9.16299634427253262e-1,1.46273628147675083e-5
1820,4.87092060399415549e-5,1.99902581587920181e-2,4.72277822727116658e-1,4.72232434714888183e-1,9.32051879277978057e-1,1.09105022383964711e-9,1.04037489765805774e-8,-1.02027798561965148e-17,2.30720207298378619e-8,9.16255603121650997e-1,1.46323131431369546e-5
1821,4.87092060399415549e-5,1.99902581587920181e-2,4.72232434714888183e-1,4.72187049667219583e-1,9.31962304921969853e-1,1.09094537032195347e-9,9.00531791394662643e-9,1.86107233669407688e-17,2.31445101917233127e-8,9.16211572576141275e-1,1.46356073432718503e-5
1822,4.87092060399415549e-5,1.99902581587920181e-2,4.72187049667219583e-1,4.72141669234204642e-1,9.31872736416104797e-1,1.09084052267282712e-9,9.25726563023210481e-9,2.29897480466250429e-18,2.32215213758701463e-8,9.16167544391793931e-1,1.46426634110019549e-5
1823,4.87092060399415549e-5,1.99902581587920181e-2,4.72141669234204642e-1,4.72096294085963541e-1,9.31783177018253084e-1,1.09073568739452493e-9,1.01797771712183756e-8,-2.54128760437868562e-17,2.32566862218838310e-8,9.16123519219170457e-1,1.46555479060284100e-5
1824,4.87092060399415549e-5,1.99902581587920181e-2,4.72096294085963541e-1,4.72050923654765919e-1,9.31693628049442002e-1,1.09063086281134505e-9,1.05350662705595561e-8,5.38703193722506890e-18,2.32582551058939191e-8,9.16079496507796076e-1,1.46705427798154986e-5
1825,4.87092060399415549e-5,1.99902581587920181e-2,4.72050923654765919e-1,4.72005559651250017e-1,9.31604088389633933e-1,1.09052604914894896e-9,1.26014470523719744e-8,1.91092436154305522e-17,2.30291827037004464e-8,9.16035477917998997e-1,1.46838094210455239e-5
1826,4.87092060399415549e-5,1.99902581587920181e-2,4.72005559651250017e-1,4.71960199223813548e-1,9.31514561414068298e-1,1.09042124815882792e-9,1.18168434105993010e-8,-4.51284265046065266e-18,2.28143319536377260e-8,9.15991460683106884e-1,1.46953479130962350e-5
1827,4.87092060399415549e-5,1.99902581587920181e-2,4.71960199223813548e-1,4.71914843831577613e-1,9.31425041496370287e-1,1.09031645617043993e-9,1.24917046374871475e-8,-2.09414321286232574e-17,2.27589832838678689e-8,9.15947446219368855e-1,1.47051583386792473e-5
1828,4.87092060399415549e-5,1.99902581587920181e-2,4.71914843831577613e-1,4.71869492697331916e-1,9.31335531515596560e-1,1.09021167544257246e-9,1.23898395506409390e-8,-1.13330129754093701e-17,2.27422861435707987e-8,9.15903433772852660e-1,1.47184166805480743e-5
1829,4.87092060399415549e-5,1.99902581587920181e-2,4.71869492697331916e-1,4.71824144322305017e-1,9.31246029938194275e-1,1.09010690440622788e-9,1.07896123036273903e-8,3.00187020669045947e-17,2.27463425355532342e-8,9.15859421889295922e-1,1.47315239439338441e-5
1830,4.87092060399415549e-5,1.99902581587920181e-2,4.71824144322305017e-1,4.71778799348269384e-1,9.31156533806775322e-1,1.09000214106258647e-9,9.83142285743331178e-9,8.82672851126760089e-19,2.28312876600948404e-8,9.15815411191573503e-1,1.47428629573287395e-5
1831,4.87092060399415549e-5,1.99902581587920181e-2,4.71778799348269384e-1,4.71733459215324946e-1,9.31067044387298481e-1,1.08989738592293707e-9,1.03136602175383679e-8,1.88119747556136953e-17,2.29009413284616046e-8,9.15771403077768831e-1,1.47524338061089111e-5
1832,4.87092060399415549e-5,1.99902581587920181e-2,4.71733459215324946e-1,4.71688122990488845e-1,9.30977564522066037e-1,1.08979264182889777e-9,9.86338012100492066e-9,4.35054485119407331e-18,2.29736399718139386e-8,9.15727396642594060e-1,1.47606086018381433e-5
1833,4.87092060399415549e-5,1.99902581587920181e-2,4.71688122990488845e-1,4.71642790822439206e-1,9.30888092369635878e-1,1.08968790704073446e-9,9.56215383818646798e-9,-2.32893081967386716e-17,2.30705473115172442e-8,9.15683392030574472e-1,1.47715460733222059e-5
1834,4.87092060399415549e-5,1.99902581587920181e-2,4.71642790822439206e-1,4.71597463110606796e-1,9.30798628223864499e-1,1.08958318271326674e-9,9.66074825310867504e-9,5.10730261511678642e-18,2.31390882894314372e-8,9.15639389629778422e-1,1.47807726964543917e-5
1835,4.87092060399415549e-5,1.99902581587920181e-2,4.71597463110606796e-1,4.71552140445099910e-1,9.30709172872246748e-1,1.08947846851267162e-9,1.03498793233016411e-8,1.99049301533412359e-17,2.32164525826365587e-8,9.15595390013451804e-1,1.47882885535022268e-5
1836,4.87092060399415549e-5,1.99902581587920181e-2,4.71552140445099910e-1,4.71506821864029368e-1,9.30619727479357506e-1,1.08937376525927713e-9,1.00776063262164005e-8,-6.62238813176483829e-18,2.32801945841403038e-8,9.15551392248063811e-1,1.47940937269552819e-5
1837,4.87092060399415549e-5,1.99902581587920181e-2,4.71506821864029368e-1,4.71461508472479141e-1,9.30530290147529637e-1,1.08926907198939243e-9,1.09108099308401072e-8,-2.81684661271072075e-17,2.32828189725994265e-8,9.15507397406840728e-1,1.47981882985259716e-5
1838,4.87092060399415549e-5,1.99902581587920181e-2,4.71461508472479141e-1,4.71416199351706533e-1,9.30440863056578693e-1,1.08916438932632809e-9,1.08257695957990373e-8,1.12959304685486179e-17,2.32178560937949728e-8,9.15463404598136243e-1,1.48005723509259113e-5
1839,4.87092060399415549e-5,1.99902581587920181e-2,4.71416199351706533e-1,4.71370895722904359e-1,9.30351444394151850e-1,1.08905971638917336e-9,1.19623326698462888e-8,-7.79660409850836320e-18,2.30944783516891832e-8,9.15419415008070003e-1,1.48012459662005824e-5
1840,4.87092060399415549e-5,1.99902581587920181e-2,4.71370895722904359e-1,4.71325596597711838e-1,9.30262036569632578e-1,1.08895505500459388e-9,1.21110628072405404e-8,2.19696953850042508e-17,2.29357011502324916e-8,9.15375427677302067e-1,1.48002092265064888e-5
1841,4.87092060399415549e-5,1.99902581587920181e-2,4.71325596597711838e-1,4.71280301435719751e-1,9.30172637633197907e-1,1.08885040429204141e-9,1.17198167402681659e-8,-4.03951633819576436e-17,2.27940534708792763e-8,9.15331442081393054e-1,1.47974622140001344e-5
1842,4.87092060399415549e-5,1.99902581587920181e-2,4.71280301435719751e-1,4.71235009285526196e-1,9.30083246518231710e-1,1.08874576253300273e-9,1.03775496319067326e-8,5.49369025976888139e-18,2.26755780852369836e-8,9.15287457296593332e-1,1.47930050109490452e-5
1843,4.87092060399415549e-5,1.99902581587920181e-2,4.71235009285526196e-1,4.71189721145687412e-1,9.29993861347999440e-1,1.08864112958143125e-9,1.00341283342573462e-8,3.28212098345689537e-17,2.26417908951843593e-8,9.15243474292878112e-1,1.47992859711454372e-5
1844,4.87092060399415549e-5,1.99902581587920181e-2,4.71189721145687412e-1,4.71144437402441940e-1,9.29904484092340722e-1,1.08853650589874010e-9,1.00773311577852820e-8,-1.65483602677766079e-17,2.26611635529074193e-8,9.15199493445586487e-1,1.48063931583175545e-5
1845,4.87092060399415549e-5,1.99902581587920181e-2,4.71144437402441940e-1,4.71099158934696671e-1,9.29815115513413781e-1,1.08843189271879179e-9,1.09998634384144004e-8,-5.09342252443814662e-18,2.27027687518588003e-8,9.15155515608749193e-1,1.48138500334349388e-5
1846,4.87092060399415549e-5,1.99902581587920181e-2,4.71099158934696671e-1,4.71053884975801140e-1,9.29725757345824411e-1,1.08832729176642727e-9,1.11562523403879902e-8,3.54393605503911693e-17,2.27372727884208889e-8,9.15111540038097693e-1,1.48205800087897188e-5
1847,4.87092060399415549e-5,1.99902581587920181e-2,4.71053884975801140e-1,4.71008615239346451e-1,9.29636408075618537e-1,1.08822269908904897e-9,1.10266658238658343e-8,-2.59243499406692200e-17,2.26973171210555333e-8,9.15067566455759374e-1,1.48257110675897863e-5
1848,4.87092060399415549e-5,1.99902581587920181e-2,4.71008615239346451e-1,4.70963349815184340e-1,9.29547067139277816e-1,1.08811811792497386e-9,1.09873369005132830e-8,-1.88500564966544116e-17,2.27534272085270766e-8,9.15023594949247787e-1,1.48292432869956414e-5
1849,4.87092060399415549e-5,1.99902581587920181e-2,4.70963349815184340e-1,4.70918088435194893e-1,9.29457734713522665e-1,1.08801354729492929e-9,1.06803025863666002e-8,-2.80734181116411893e-18,2.28947649053318974e-8,9.14979625258496743e-1,1.48418862384591677e-5
1850,4.87092060399415549e-5,1.99902581587920181e-2,4.70918088435194893e-1,4.70872831699671313e-1,9.29368410269191036e-1,1.08790898625214418e-9,1.09739502402195978e-8,8.48596980356515604e-18,2.30178426333593777e-8,9.14935657966870153e-1,1.48552821577219163e-5
1851,4.87092060399415549e-5,1.99902581587920181e-2,4.70872831699671313e-1,4.70827579661516060e-1,9.29279094990392851e-1,1.08780443473198698e-9,1.13209467985175009e-8,1.18540656237850980e-17,2.30750583164181987e-8,9.14891693126139938e-1,1.48669499213660572e-5
1852,4.87092060399415549e-5,1.99902581587920181e-2,4.70827579661516060e-1,4.70782331222367456e-1,9.29189788982043186e-1,1.08769989426845111e-9,1.05700332248058350e-8,1.29808196213415552e-17,2.30807402191893924e-8,9.14847729669503118e-1,1.48768896123252503e-5
1853,4.87092060399415549e-5,1.99902581587920181e-2,4.70782331222367456e-1,4.70737087187129477e-1,9.29100490076457564e-1,1.08759536195894449e-9,1.06243696121840280e-8,-8.33565619701324495e-18,2.30767852344991190e-8,9.14803768379239601e-1,1.48851013138662225e-5
1854,4.87092060399415549e-5,1.99902581587920181e-2,4.70737087187129477e-1,4.70691847969722799e-1,9.29011199862340376e-1,1.08749084011755183e-9,1.10930499873881739e-8,2.08744321533676873e-18,2.30127491805358993e-8,9.14759809657868850e-1,1.48915851089226337e-5
1855,4.87092060399415549e-5,1.99902581587920181e-2,4.70691847969722799e-1,4.70646613340298614e-1,9.28921919155661246e-1,1.08738632809715961e-9,1.13323446554019344e-8,2.99219186265134402e-18,2.28662010089432640e-8,9.14715853282384916e-1,1.48963410808722330e-5
1856,4.87092060399415549e-5,1.99902581587920181e-2,4.70646613340298614e-1,4.70601382254054790e-1,9.28832647503437525e-1,1.08728182633702326e-9,1.05272781972604571e-8,2.14243401702317150e-17,2.27123060928599409e-8,9.14671898237799930e-1,1.49002547796817097e-5
1857,4.87092060399415549e-5,1.99902581587920181e-2,4.70601382254054790e-1,4.70556155830448075e-1,9.28743382844039012e-1,1.08717733342602768e-9,1.08420091670616101e-8,-3.24540375955464656e-17,2.24768361707440783e-8,9.14627945612261462e-1,1.49115878320671413e-5
1858,4.87092060399415549e-5,1.99902581587920181e-2,4.70556155830448075e-1,4.70510933348819493e-1,9.28654127386384753e-1,1.08707285117923274e-9,1.04365292637705032e-8,8.81668322990875693e-18,2.23796793195772884e-8,9.14583994705705061e-1,1.49274740237625991e-5
1859,4.87092060399415549e-5,1.99902581587920181e-2,4.70510933348819493e-1,4.70465714262006951e-1,9.28564879708267510e-1,1.08696837775052393e-9,9.48426622229755296e-9,2.11159093352290676e-17,2.22751716240135075e-8,9.14540044986553280e-1,1.49416348049768999e-5
1860,4.87092060399415549e-5,1.99902581587920181e-2,4.70465714262006951e-1,4.70420500428247124e-1,9.28475638730482666e-1,1.08686391370835321e-9,1.03905662845580576e-8,-3.61939726078049198e-17,2.21886733241174875e-8,9.14496098261162960e-1,1.49540702586437035e-5
1861,4.87092060399415549e-5,1.99902581587920181e-2,4.70420500428247124e-1,4.70375290153585590e-1,9.28386408119036943e-1,1.08675946048882998e-9,9.60341672828188799e-9,2.91790128291285401e-17,2.21700791771083371e-8,9.14452152883411085e-1,1.49647804678076923e-5
1862,4.87092060399415549e-5,1.99902581587920181e-2,4.70375290153585590e-1,4.70330084678045379e-1,9.28297184532067110e-1,1.08665501638789644e-9,1.00566324337599579e-8,9.03102723331717278e-18,2.22388677917921042e-8,9.14408210058884396e-1,1.49737655154025262e-5
1863,4.87092060399415549e-5,1.99902581587920181e-2,4.70330084678045379e-1,4.70284883655767094e-1,9.28207970415992012e-1,1.08655058342594328e-9,1.01644500336116227e-8,6.45017740003742346e-18,2.24053997173972472e-8,9.14364269451695244e-1,1.49810254842508428e-5
1864,4.87092060399415549e-5,1.99902581587920181e-2,4.70284883655767094e-1,4.70239686094099441e-1,9.28118765088730591e-1,1.08644616134218322e-9,9.28004446003897774e-9,-3.19367238035394774e-17,2.26026526419600426e-8,9.14320330097182388e-1,1.49865604570642574e-5
1865,4.87092060399415549e-5,1.99902581587920181e-2,4.70239686094099441e-1,4.70194493724766904e-1,9.28029566591113131e-1,1.08634174711430530e-9,1.01276959363577002e-8,2.44857405803741457e-17,2.27836873133471733e-8,9.14276393679147481e-1,1.49935261478661985e-5
1866,4.87092060399415549e-5,1.99902581587920181e-2,4.70194493724766904e-1,4.70149305870711853e-1,9.27940378341042371e-1,1.08623734565215687e-9,1.02987890309913331e-8,-3.24786429100474679e-17,2.30004135698241769e-8,9.14232459539692455e-1,1.50076536676868599e-5
1867,4.87092060399415549e-5,1.99902581587920181e-2,4.70149305870711853e-1,4.70104122771041355e-1,9.27851199002000637e-1,1.08613295469912865e-9,1.07094231081091239e-8,3.41812668151735422e-17,2.32228294799918335e-8,9.14188527911650950e-1,1.50200730509864044e-5
1868,4.87092060399415549e-5,1.99902581587920181e-2,4.70104122771041355e-1,4.70058943160180487e-1,9.27762029045670067e-1,1.08602857419392281e-9,9.85493941273869073e-9,-3.53365949398100313e-17,2.33092660357994001e-8,9.14144597564798711e-1,1.50307843794772467e-5
1869,4.87092060399415549e-5,1.99902581587920181e-2,4.70058943160180487e-1,4.70013768473056592e-1,9.27672865974673133e-1,1.08592420154878713e-9,1.04357183355639401e-8,-8.16589061117653687e-18,2.33410248514995188e-8,9.14100669894659323e-1,1.50397877354269127e-5
1870,4.87092060399415549e-5,1.99902581587920181e-2,4.70013768473056592e-1,4.69968598084989087e-1,9.27583712620750345e-1,1.08581984005800189e-9,1.03922899815482453e-8,1.06196275997252624e-17,2.33164478196661055e-8,9.14056744294083567e-1,1.50470832008808841e-5
1871,4.87092060399415549e-5,1.99902581587920181e-2,4.69968598084989087e-1,4.69923432534626651e-1,9.27494567751127708e-1,1.08571548853003142e-9,1.08879235859206416e-8,5.79451434185849118e-18,2.32273462722118795e-8,9.14012821287310651e-1,1.50526708582177093e-5
1872,4.87092060399415549e-5,1.99902581587920181e-2,4.69923432534626651e-1,4.69878271566113948e-1,9.27405432428391463e-1,1.08561114691557573e-9,1.11281668336847738e-8,3.19978574138908215e-17,2.31218536052615799e-8,9.13968900625812930e-1,1.50565507890387806e-5
1873,4.87092060399415549e-5,1.99902581587920181e-2,4.69878271566113948e-1,4.69833114506046090e-1,9.27316306147850544e-1,1.08550681536809277e-9,1.06954456890212377e-8,-8.68703921250332090e-18,2.29660486171783188e-8,9.13924981655004687e-1,1.50587230757226465e-5
1874,4.87092060399415549e-5,1.99902581587920181e-2,4.69833114506046090e-1,4.69787962974883566e-1,9.27227187581010748e-1,1.08540249350078895e-9,1.18835607264583973e-8,-2.48723714161263313e-17,2.27532133269222065e-8,9.13881065951227645e-1,1.50591878003147883e-5
1875,4.87092060399415549e-5,1.99902581587920181e-2,4.69787962974883566e-1,4.69742815190942908e-1,9.27138079924867964e-1,1.08529818279432067e-9,1.12905237081001731e-8,-1.24692977479836634e-17,2.26269673418534456e-8,9.13837151781961010e-1,1.50579450451937547e-5
1876,4.87092060399415549e-5,1.99902581587920181e-2,4.69742815190942908e-1,4.69697670345598173e-1,9.27048979664319761e-1,1.08519388151302663e-9,9.88922093233659716e-9,3.74694387902473855e-17,2.26400373351360350e-8,9.13793238360831928e-1,1.50581770058666464e-5
1877,4.87092060399415549e-5,1.99902581587920181e-2,4.69697670345598173e-1,4.69652531133618212e-1,9.26959885203827771e-1,1.08508958825070063e-9,1.11829696040432375e-8,5.62907987370911075e-19,2.26660350580112687e-8,9.13749328309359399e-1,1.50641809505414059e-5
1878,4.87092060399415549e-5,1.99902581587920181e-2,4.69652531133618212e-1,4.69607395812935924e-1,9.26870801860429805e-1,1.08498530764966637e-9,1.07351926230262449e-8,6.86363370305470371e-18,2.28770654730832381e-8,9.13705419933323659e-1,1.50712683140152848e-5
1879,4.87092060399415549e-5,1.99902581587920181e-2,4.69607395812935924e-1,4.69562264274293151e-1,9.26781726197146494e-1,1.08488103744572289e-9,1.01785316064792686e-8,-2.75017949493364195e-17,2.30593475118949017e-8,9.13661513126639679e-1,1.50797588091000634e-5
1880,4.87092060399415549e-5,1.99902581587920181e-2,4.69562264274293151e-1,4.69517137824389474e-1,9.26692657997897351e-1,1.08477677631873254e-9,1.09289336867173440e-8,-1.86766397355938945e-17,2.32114259078674574e-8,9.13617609160889632e-1,1.50865872758920716e-5
1881,4.87092060399415549e-5,1.99902581587920181e-2,4.69517137824389474e-1,4.69472016608010412e-1,9.26603599841022474e-1,1.08467252564152335e-9,1.18246104156283120e-8,4.01376322787678341e-18,2.32578005814823062e-8,9.13573708177332855e-1,1.50947231207787524e-5
1882,4.87092060399415549e-5,1.99902581587920181e-2,4.69472016608010412e-1,4.69426898328490438e-1,9.26514552012541515e-1,1.08456828740616937e-9,1.04241247022420214e-8,2.00002544471318468e-17,2.33842638678206617e-8,9.13529807941712124e-1,1.51056648213243605e-5
1883,4.87092060399415549e-5,1.99902581587920181e-2,4.69426898328490438e-1,4.69381785253869310e-1,9.26425509980384199e-1,1.08446405627760999e-9,1.12919610944819413e-8,1.35805206023588250e-17,2.34459881234616263e-8,9.13485910661050560e-1,1.51149099976155554e-5
1884,4.87092060399415549e-5,1.99902581587920181e-2,4.69381785253869310e-1,4.69336675630628641e-1,9.26336478220069592e-1,1.08435983686727830e-9,1.04067794702598355e-8,-4.08428699254182945e-17,2.34681842470284616e-8,9.13442014629464172e-1,1.51224587313647518e-5
1885,4.87092060399415549e-5,1.99902581587920181e-2,4.69336675630628641e-1,4.69291571006560715e-1,9.26247453271025312e-1,1.08425562525529584e-9,1.10697218045946490e-8,-6.82148057903900142e-18,2.33269792190436277e-8,9.13398121353342751e-1,1.51300638076001803e-5
1886,4.87092060399415549e-5,1.99902581587920181e-2,4.69291571006560715e-1,4.69246471011789512e-1,9.26158438187880906e-1,1.08415142495224383e-9,1.13632686509128312e-8,4.53569268770181750e-17,2.31633219787733548e-8,9.13354230473123030e-1,1.51409030709759307e-5
1887,4.87092060399415549e-5,1.99902581587920181e-2,4.69246471011789512e-1,4.69201375624357264e-1,9.26069432240660406e-1,1.08404723471020387e-9,1.16353028552178117e-8,-3.58500491070788471e-17,2.29035902878182679e-8,9.13310341967765504e-1,1.51500171667873218e-5
1888,4.87092060399415549e-5,1.99902581587920181e-2,4.69201375624357264e-1,4.69156283500916704e-1,9.25980435386059675e-1,1.08394305486591479e-9,1.05644325660259056e-8,-6.43224577871849893e-18,2.26810159714240447e-8,9.13266454530170080e-1,1.51592968763436531e-5
1889,4.87092060399415549e-5,1.99902581587920181e-2,4.69156283500916704e-1,4.69111196061978486e-1,9.25891444973581113e-1,1.08383888380436641e-9,1.09143866877071533e-8,4.75457609287580185e-17,2.24354542790513661e-8,9.13222569543110430e-1,1.51709662582488747e-5
1890,4.87092060399415549e-5,1.99902581587920181e-2,4.69111196061978486e-1,4.69066112309414307e-1,9.25802463805941445e-1,1.08373472368030198e-9,1.02666629371974571e-8,-3.06988347819640706e-17,2.23558615403535023e-8,9.13178686035377773e-1,1.51809190268581418e-5
1891,4.87092060399415549e-5,1.99902581587920181e-2,4.69066112309414307e-1,4.69021033657898045e-1,9.25713489913043808e-1,1.08363057139122759e-9,1.10339673121329769e-8,-1.72724526693096019e-17,2.22848278410447239e-8,9.13134805384281267e-1,1.51891552648830697e-5
1892,4.87092060399415549e-5,1.99902581587920181e-2,4.69021033657898045e-1,4.68975959122828079e-1,9.25624526087145405e-1,1.08352643057830192e-9,1.08171603645372832e-8,4.02918286711150691e-17,2.22114801019423313e-8,9.13090926631722977e-1,1.51956750547022068e-5
1893,4.87092060399415549e-5,1.99902581587920181e-2,4.68975959122828079e-1,4.68930889732065426e-1,9.25535570385641715e-1,1.08342230058657949e-9,1.16286103063069305e-8,-5.09922205314887841e-17,2.22443198499379225e-8,9.13047050778707403e-1,1.52004784789161462e-5
1894,4.87092060399415549e-5,1.99902581587920181e-2,4.68930889732065426e-1,4.68885823693974024e-1,9.25446624836295362e-1,1.08331818192272064e-9,1.06489185270885905e-8,9.17847217750474996e-18,2.23482130029594713e-8,9.13003176081242596e-1,1.52035656200144587e-5
1895,4.87092060399415549e-5,1.99902581587920181e-2,4.68885823693974024e-1,4.68840762702852687e-1,9.25357685903927751e-1,1.08321407216048901e-9,1.13638479270573537e-8,1.39362727858444060e-18,2.24686704993803525e-8,9.12959304189188026e-1,1.52162646309683680e-5
1896,4.87092060399415549e-5,1.99902581587920181e-2,4.68840762702852687e-1,4.68795704822406456e-1,9.25268756931431069e-1,1.08310997273353069e-9,1.01429674641347686e-8,2.58755793717530935e-17,2.25987431314468743e-8,9.12915433217583616e-1,1.52291416510852429e-5
1897,4.87092060399415549e-5,1.99902581587920181e-2,4.68795704822406456e-1,4.68750651977327182e-1,9.25179834098645348e-1,1.08300588202469248e-9,1.08470779632299932e-8,-9.59843839194282253e-18,2.27890758829879049e-8,9.12871565040706323e-1,1.52403879457585489e-5
1898,4.87092060399415549e-5,1.99902581587920181e-2,4.68750651977327182e-1,4.68705602863671189e-1,9.25090921203066241e-1,1.08290180253221059e-9,1.02477287690079460e-8,-4.78136698399129182e-18,2.29996040656279046e-8,9.12827698389190978e-1,1.52500035935920764e-5
1899,4.87092060399415549e-5,1.99902581587920181e-2,4.68705602863671189e-1,4.68660557910512587e-1,9.25002015671487321e-1,1.08279773153005567e-9,1.00778123665125730e-8,3.99523934523927091e-18,2.31149186817610491e-8,9.12783833681116707e-1,1.52579886728565484e-5
1900,4.87092060399415549e-5,1.99902581587920181e-2,4.68660557910512587e-1,4.68615518576959100e-1,9.24913118350857655e-1,1.08269367001291593e-9,1.13674036684480771e-8,-2.87916606918822083e-17,2.31348845230913453e-8,9.12739972337755279e-1,1.52643432620447328e-5
1901,4.87092060399415549e-5,1.99902581587920181e-2,4.68615518576959100e-1,4.68570483093021461e-1,9.24824232120134315e-1,1.08258962020872542e-9,1.08875457830406323e-8,2.83171386073238134e-17,2.30299053975344241e-8,9.12696112635738688e-1,1.52714117169772123e-5
1902,4.87092060399415549e-5,1.99902581587920181e-2,4.68570483093021461e-1,4.68525452558259836e-1,9.24735353486634271e-1,1.08248557884054984e-9,1.15076182140758052e-8,-1.95897941922932336e-17,2.27719303891681341e-8,9.12652255646253519e-1,1.52833504805105491e-5
1903,4.87092060399415549e-5,1.99902581587920181e-2,4.68525452558259836e-1,4.68480424892679548e-1,9.24646484619970899e-1,1.08238154809547456e-9,1.00481716115613828e-8,1.37891951098488024e-17,2.25304179971699817e-8,9.12608399343742605e-1,1.52936270504389071e-5
1904,4.87092060399415549e-5,1.99902581587920181e-2,4.68480424892679548e-1,4.68435401362801096e-1,9.24557621416497777e-1,1.08227752495237502e-9,9.85552140646868674e-9,-8.76811283870086825e-18,2.23693528794539470e-8,9.12564544961988799e-1,1.53022415063652772e-5
1905,4.87092060399415549e-5,1.99902581587920181e-2,4.68435401362801096e-1,4.68390381449373949e-1,9.24468766374844653e-1,1.08217351196374365e-9,9.14401817998973654e-9,4.21967660648205881e-18,2.22734990231375823e-8,9.12520691995432731e-1,1.53091939283367395e-5
1906,4.87092060399415549e-5,1.99902581587920181e-2,4.68390381449373949e-1,4.68345366608977354e-1,9.24379918470408124e-1,1.08206950763642803e-9,9.88944185053399750e-9,5.78192299857420899e-18,2.22761173543806102e-8,9.12476841863260280e-1,1.53149774970717800e-5
1907,4.87092060399415549e-5,1.99902581587920181e-2,4.68345366608977354e-1,4.68300356676545015e-1,9.24291080577442803e-1,1.08196551436417947e-9,1.04702869021641684e-8,-2.79502525727932686e-17,2.23170147049712201e-8,9.12432994405015907e-1,1.53239191710285994e-5
1908,4.87092060399415549e-5,1.99902581587920181e-2,4.68300356676545015e-1,4.68255349902333140e-1,9.24202252370251776e-1,1.08186153222665091e-9,9.30185983269230481e-9,4.03596971860138199e-17,2.23856440124992964e-8,9.12389147916437881e-1,1.53312646872239000e-5
1909,4.87092060399415549e-5,1.99902581587920181e-2,4.68255349902333140e-1,4.68210348013656852e-1,9.24113430396720226e-1,1.08175755890540377e-9,9.86105163662201508e-9,-1.26759390455279854e-17,2.24264535960318499e-8,9.12345304080559361e-1,1.53370141220410261e-5
1910,4.87092060399415549e-5,1.99902581587920181e-2,4.68210348013656852e-1,4.68165351030973009e-1,9.24024618064073655e-1,1.08165359532729952e-9,1.04411698289514606e-8,-5.56823577657216025e-18,2.24704553137614332e-8,9.12301462917715633e-1,1.53469499737379778e-5
1911,4.87092060399415549e-5,1.99902581587920181e-2,4.68165351030973009e-1,4.68120358968838968e-1,9.23935815413503891e-1,1.08154964347963875e-9,1.10363169886946385e-8,-1.60157568693271895e-17,2.25690073335272341e-8,9.12257624442460391e-1,1.53562931199946462e-5
1912,4.87092060399415549e-5,1.99902581587920181e-2,4.68120358968838968e-1,4.68075370755476172e-1,9.23847022473868962e-1,1.08144570319560953e-9,1.05601585512537312e-8,1.62909350437052052e-17,2.27562487552783994e-8,9.12213787610774873e-1,1.53639827917828597e-5
1913,4.87092060399415549e-5,1.99902581587920181e-2,4.68075370755476172e-1,4.68030385875290666e-1,9.23758237130294924e-1,1.08134177231013568e-9,9.56877619192520777e-9,2.76114046523058212e-18,2.28619438640597139e-8,9.12169951920535405e-1,1.53700190689276539e-5
1914,4.87092060399415549e-5,1.99902581587920181e-2,4.68030385875290666e-1,4.67985405909901508e-1,9.23669458365129703e-1,1.08123785001725335e-9,1.01593333062405919e-8,-5.98668990485048589e-18,2.28971223912077541e-8,9.12126118913175521e-1,1.53744020303658857e-5
1915,4.87092060399415549e-5,1.99902581587920181e-2,4.67985405909901508e-1,4.67940431739778895e-1,9.23580689299360991e-1,1.08113393874120600e-9,1.16308330375131352e-8,3.94181836691937128e-18,2.29407476782156203e-8,9.12082289447181505e-1,1.53771317558115683e-5
1916,4.87092060399415549e-5,1.99902581587920181e-2,4.67940431739778895e-1,4.67895459884313636e-1,9.23491931670285426e-1,1.08103004032252983e-9,9.62228067437303494e-9,-2.20842417018693690e-17,2.29643801075508025e-8,9.12038460130811468e-1,1.53782083246456480e-5
1917,4.87092060399415549e-5,1.99902581587920181e-2,4.67895459884313636e-1,4.67850493434510573e-1,9.23403178609963904e-1,1.08092614841550071e-9,1.07049555959038889e-8,4.20621490375724832e-17,2.28770682357279015e-8,9.11994633976741520e-1,1.53776318165821380e-5
1918,4.87092060399415549e-5,1.99902581587920181e-2,4.67850493434510573e-1,4.67805531473082292e-1,9.23314436217022472e-1,1.08082226699627639e-9,1.08708628108354286e-8,-1.07585327312688422e-17,2.26739916057149932e-8,9.11950810091370356e-1,1.53835932394930097e-5
1919,4.87092060399415549e-5,1.99902581587920181e-2,4.67805531473082292e-1,4.67760573970324167e-1,9.23225702681764959e-1,1.08071839566519192e-9,1.10074967684093571e-8,6.79018833646612038e-18,2.25612327014081715e-8,9.11906988446082756e-1,1.53914224682027978e-5
1920,4.87092060399415549e-5,1.99902581587920181e-2,4.67760573970324167e-1,4.67715619978460395e-1,9.23136977945903325e-1,1.08061453450655067e-9,1.01967835987035639e-8,-4.92448329203337901e-17,2.25162008703406293e-8,9.11863168117249989e-1,1.53975581866916400e-5
1921,4.87092060399415549e-5,1.99902581587920181e-2,4.67715619978460395e-1,4.67670671067842159e-1,9.23048260139447740e-1,1.08051068299773537e-9,1.09567589693543887e-8,5.29946974086653309e-17,2.24739792332489879e-8,9.11819350635987180e-1,1.54133251091259638e-5
1922,4.87092060399415549e-5,1.99902581587920181e-2,4.67670671067842159e-1,4.67625726459101110e-1,9.22959552360617774e-1,1.08040684230747903e-9,1.09378546032093599e-8,-2.87316139968557589e-17,2.24312182764965357e-8,9.11775535242857260e-1,1.54279944438728833e-5
1923,4.87092060399415549e-5,1.99902581587920181e-2,4.67625726459101110e-1,4.67580785097416407e-1,9.22870853071513397e-1,1.08030301118559492e-9,9.86454280873737233e-9,-5.69633131187089701e-18,2.24761031242126621e-8,9.11731720909772614e-1,1.54409498862584371e-5
1924,4.87092060399415549e-5,1.99902581587920181e-2,4.67580785097416407e-1,4.67535848816771071e-1,9.22782160191234269e-1,1.08019918863326143e-9,1.06255262182670727e-8,-5.43917574867918666e-18,2.25437189944449624e-8,9.11687909425044629e-1,1.54521915183281067e-5
1925,4.87092060399415549e-5,1.99902581587920181e-2,4.67535848816771071e-1,4.67490917738616840e-1,9.22693477337767409e-1,1.08009537628617258e-9,1.15084497361798318e-8,1.18512730620371189e-17,2.26224698039813757e-8,9.11644100907441524e-1,1.54617194226824850e-5
1926,4.87092060399415549e-5,1.99902581587920181e-2,4.67490917738616840e-1,4.67445989554816366e-1,9.22604804751362861e-1,1.07999157585532460e-9,1.00837359953789850e-8,2.84711794897158884e-17,2.27389863021625611e-8,9.11600293106787918e-1,1.54695336815890983e-5
1927,4.87092060399415549e-5,1.99902581587920181e-2,4.67445989554816366e-1,4.67401065045715713e-1,9.22516137877854470e-1,1.07988778409258828e-9,9.43964667022375155e-9,-4.30343360658672818e-17,2.28282029946228392e-8,9.11556486784150022e-1,1.54756343777595617e-5
1928,4.87092060399415549e-5,1.99902581587920181e-2,4.67401065045715713e-1,4.67356146086038149e-1,9.22427478256571898e-1,1.07978400070189522e-9,1.06706337157370093e-8,2.20929998901950805e-17,2.28730640692215934e-8,9.11512683767912280e-1,1.54800215930173124e-5
1929,4.87092060399415549e-5,1.99902581587920181e-2,4.67356146086038149e-1,4.67311231291548501e-1,9.22338829586777709e-1,1.07968022934684984e-9,1.05179191254348023e-8,-2.16339626267036782e-17,2.28508082777459603e-8,9.11468882708600825e-1,1.54826954101849878e-5
1930,4.87092060399415549e-5,1.99902581587920181e-2,4.67311231291548501e-1,4.67266319956061937e-1,9.22250189137246101e-1,1.07957646771259115e-9,9.65942000340140362e-9,2.62859469823631007e-17,2.29073847185856066e-8,9.11425082917777019e-1,1.54880106495447478e-5
1931,4.87092060399415549e-5,1.99902581587920181e-2,4.67266319956061937e-1,4.67221414185175266e-1,9.22161555514301567e-1,1.07947271487620394e-9,1.09068502989827746e-8,-2.65478571797157659e-17,2.29223768384081492e-8,9.11381286449283956e-1,1.54983757796323118e-5
1932,4.87092060399415549e-5,1.99902581587920181e-2,4.67221414185175266e-1,4.67176511128905125e-1,9.22072932872854079e-1,1.07936897396615250e-9,9.30483201956029593e-9,2.32809189309661588e-17,2.29381602915613150e-8,9.11337490523765670e-1,1.55073764909197109e-5
1933,4.87092060399415549e-5,1.99902581587920181e-2,4.67176511128905125e-1,4.67131613458953210e-1,9.21984315589667425e-1,1.07926524103659796e-9,1.03747765222235473e-8,-2.71153973785169739e-17,2.29637856286541361e-8,9.11293697747358022e-1,1.55242427702928509e-5
1934,4.87092060399415549e-5,1.99902581587920181e-2,4.67131613458953210e-1,4.67086720098222552e-1,9.21895708935972835e-1,1.07916151984454585e-9,1.03681416730153744e-8,4.95699860385998096e-17,2.29289484994517594e-8,9.11249907069831555e-1,1.55416131097929622e-5
1935,4.87092060399415549e-5,1.99902581587920181e-2,4.67086720098222552e-1,4.67041831348354530e-1,9.21807110786693973e-1,1.07905780884314796e-9,1.06635626121988493e-8,-5.04521129505222847e-17,2.29153251457937872e-8,9.11206118785775288e-1,1.55572808863135847e-5
1936,4.87092060399415549e-5,1.99902581587920181e-2,4.67041831348354530e-1,4.66996947780091654e-1,9.21718521736628382e-1,1.07895410739266755e-9,1.15301690635710194e-8,5.20539994919292010e-17,2.28658762175612608e-8,9.11162333452278039e-1,1.55712461817891779e-5
1937,4.87092060399415549e-5,1.99902581587920181e-2,4.66996947780091654e-1,4.66952068420221300e-1,9.21629942912381983e-1,1.07885041710865000e-9,1.14240611775106680e-8,-4.92381393748170110e-17,2.28111104705723404e-8,9.11118550120326387e-1,1.55835090780431784e-5
1938,4.87092060399415549e-5,1.99902581587920181e-2,4.66952068420221300e-1,4.66907191922796616e-1,9.21541372393725466e-1,1.07874673735083826e-9,9.97241083313371551e-9,1.97371415291685296e-18,2.28491412626369850e-8,9.11074767477011438e-1,1.55940696570100457e-5
1939,4.87092060399415549e-5,1.99902581587920181e-2,4.66907191922796616e-1,4.66862320754302174e-1,9.21452807524680728e-1,1.07864306511865184e-9,1.09875202454449105e-8,4.92132908692159181e-17,2.29184615491034069e-8,9.11030987929012492e-1,1.56029280004021942e-5
1940,4.87092060399415549e-5,1.99902581587920181e-2,4.66862320754302174e-1,4.66817454411964650e-1,9.21364253171669700e-1,1.07853940407025376e-9,1.15003686815168515e-8,-3.38090074153838530e-17,2.29467271902073621e-8,9.10987210986173079e-1,1.56100841899320386e-5
1941,4.87092060399415549e-5,1.99902581587920181e-2,4.66817454411964650e-1,4.66772592494721583e-1,9.21275708343289201e-1,1.07843575391956032e-9,1.16126184354645965e-8,3.05664263269514824e-17,2.29837053887837134e-8,9.10943436257508177e-1,1.56155383077560828e-5
1942,4.87092060399415549e-5,1.99902581587920181e-2,4.66772592494721583e-1,4.66727734410431194e-1,9.21187172247790897e-1,1.07833211380107382e-9,1.11331518870958947e-8,-2.10739166842522006e-17,2.29794187034946028e-8,9.10899663165515960e-1,1.56192904351426520e-5
1943,4.87092060399415549e-5,1.99902581587920181e-2,4.66727734410431194e-1,4.66682881025076268e-1,9.21098643717060295e-1,1.07822848370437965e-9,1.15200365374334299e-8,-2.21283618613817224e-17,2.28272723328733973e-8,9.10855892555524016e-1,1.56213406545813172e-5
1944,4.87092060399415549e-5,1.99902581587920181e-2,4.66682881025076268e-1,4.66638031246700224e-1,9.21010124459474389e-1,1.07812486365776117e-9,1.08154162622220807e-8,-8.87409287314238726e-19,2.26577805028181130e-8,9.10812123362228276e-1,1.56216890471183589e-5
1945,4.87092060399415549e-5,1.99902581587920181e-2,4.66638031246700224e-1,4.66593185612912187e-1,9.20921612320641847e-1,1.07802125213428227e-9,1.06487518260864627e-8,4.54738654002147965e-17,2.25587787401186610e-8,9.10768356110513544e-1,1.56203356952433481e-5
1946,4.87092060399415549e-5,1.99902581587920181e-2,4.66593185612912187e-1,4.66548344246204116e-1,9.20833108361317043e-1,1.07791765028672894e-9,1.06049778811479062e-8,-3.06969984410042029e-17,2.25277049512806272e-8,9.10724590920226396e-1,1.56204918614344379e-5
1947,4.87092060399415549e-5,1.99902581587920181e-2,4.66548344246204116e-1,4.66503506971010340e-1,9.20744612823167552e-1,1.07781405848211666e-9,1.03860482938710764e-8,4.10794286913574344e-17,2.25453126995349225e-8,9.10680827620279576e-1,1.56252516698707211e-5
1948,4.87092060399415549e-5,1.99902581587920181e-2,4.66503506971010340e-1,4.66458673547454183e-1,9.20656125359774369e-1,1.07771047580560851e-9,9.92763545048396854e-9,7.30165561590358377e-19,2.24381181817589371e-8,9.10637065976822591e-1,1.56284183859822789e-5
1949,4.87092060399415549e-5,1.99902581587920181e-2,4.66458673547454183e-1,4.66413845363993385e-1,9.20567645497492926e-1,1.07760690179272105e-9,1.08580505779956771e-8,-3.73975865735185793e-17,2.23964576953686980e-8,9.10593307345459402e-1,1.56299920869296116e-5
1950,4.87092060399415549e-5,1.99902581587920181e-2,4.66413845363993385e-1,4.66369021666304839e-1,9.20479175976540276e-1,1.07750333971209528e-9,1.10346462349164275e-8,-2.92259454027235738e-18,2.23436402701765863e-8,9.10549550990218948e-1,1.56299728487629963e-5
1951,4.87092060399415549e-5,1.99902581587920181e-2,4.66369021666304839e-1,4.66324202216553463e-1,9.20390715308081142e-1,1.07739978748697227e-9,1.09738379923409685e-8,3.41574787551177423e-17,2.22178298424678691e-8,9.10505796679248913e-1,1.56422982729997884e-5
1952,4.87092060399415549e-5,1.99902581587920181e-2,4.66324202216553463e-1,4.66279385825485226e-1,9.20302263023112799e-1,1.07729624508948121e-9,9.72418413898823740e-9,-3.22011486299543037e-18,2.21649468644770213e-8,9.10462043251782260e-1,1.56538892827073894e-5
1953,4.87092060399415549e-5,1.99902581587920181e-2,4.66279385825485226e-1,4.66234573360311377e-1,9.20213816774899440e-1,1.07719271092504265e-9,9.34203554041652609e-9,-1.08115136495028636e-17,2.21463759323523384e-8,9.10418291554636494e-1,1.56637894667133182e-5
1954,4.87092060399415549e-5,1.99902581587920181e-2,4.66234573360311377e-1,4.66189765712808457e-1,9.20125378274954997e-1,1.07708918684387765e-9,9.85204086051081870e-9,6.37829375044534025e-18,2.22770844435560210e-8,9.10374542458820213e-1,1.56719989065079446e-5
1955,4.87092060399415549e-5,1.99902581587920181e-2,4.66189765712808457e-1,4.66144962675921093e-1,9.20036949282778460e-1,1.07698567361450648e-9,1.01554539364873683e-8,-1.86871680904304694e-19,2.23932876994896641e-8,9.10330795762489542e-1,1.56785176830265272e-5
1956,4.87092060399415549e-5,1.99902581587920181e-2,4.66144962675921093e-1,4.66100163548343771e-1,9.19948529389613578e-1,1.07688217078316350e-9,9.75800469272106565e-9,-5.43646590499246294e-18,2.25814190582720651e-8,9.10287050781204976e-1,1.56833458777594359e-5
1957,4.87092060399415549e-5,1.99902581587920181e-2,4.66100163548343771e-1,4.66055368770851852e-1,9.19860117211720563e-1,1.07677867724411812e-9,9.80170659348973766e-9,9.02793192346499935e-19,2.27147808980422189e-8,9.10243307945610924e-1,1.56967218558623500e-5
1958,4.87092060399415549e-5,1.99902581587920181e-2,4.66055368770851852e-1,4.66010578170640177e-1,9.19771713618505293e-1,1.07667519297674233e-9,9.67302148941164337e-9,-3.40971789428238517e-18,2.26762826941384491e-8,9.10199567087302208e-1,1.57093475748881772e-5
1959,4.87092060399415549e-5,1.99902581587920181e-2,4.66010578170640177e-1,4.65965793062399658e-1,9.19683318269412853e-1,1.07657171880490904e-9,1.08594288566235115e-8,-1.27436040739960482e-17,2.26198905016043332e-8,9.10155829490481572e-1,1.57202623647378914e-5
1960,4.87092060399415549e-5,1.99902581587920181e-2,4.65965793062399658e-1,4.65921012292414172e-1,9.19594933758610900e-1,1.07646825668969992e-9,1.08926479840332509e-8,7.55706086491913191e-18,2.26641784609748489e-8,9.10112094028847185e-1,1.57356140858544435e-5
1961,4.87092060399415549e-5,1.99902581587920181e-2,4.65921012292414172e-1,4.65876235262554339e-1,9.19506557809449010e-1,1.07636480440958143e-9,1.03281547775696622e-8,3.23199813967536717e-18,2.26795135026413968e-8,9.10068360118488129e-1,1.57544642503948396e-5
1962,4.87092060399415549e-5,1.99902581587920181e-2,4.65876235262554339e-1,4.65831461203038921e-1,9.19418189241690054e-1,1.07626136133960496e-9,8.99423987955771814e-9,-1.52361507225245367e-17,2.26839930636672225e-8,9.10024627007728237e-1,1.57715573483319105e-5
1963,4.87092060399415549e-5,1.99902581587920181e-2,4.65831461203038921e-1,4.65786692674572400e-1,9.19329826536246730e-1,1.07615792581375350e-9,1.02213149707658726e-8,6.10128419819113213e-20,2.27123942236116440e-8,9.09980897198018668e-1,1.57868934644866954e-5
1964,4.87092060399415549e-5,1.99902581587920181e-2,4.65786692674572400e-1,4.65741928746264133e-1,9.19241474746058773e-1,1.07605450210311395e-9,1.05180310693886134e-8,2.72068918260714643e-17,2.27676970045078582e-8,9.09937169780461463e-1,1.58004726832361442e-5
1965,4.87092060399415549e-5,1.99902581587920181e-2,4.65741928746264133e-1,4.65697168882149626e-1,9.19153132034430831e-1,1.07595108888552269e-9,1.02792249400152206e-8,-1.37045083587356234e-17,2.27578259801229146e-8,9.09893444231906989e-1,1.58122950890682290e-5
1966,4.87092060399415549e-5,1.99902581587920181e-2,4.65697168882149626e-1,4.65652414109187396e-1,9.19064797343667306e-1,1.07584768530311464e-9,1.10677679641926507e-8,-9.63544479818721989e-18,2.26608120555190622e-8,9.09849721555817004e-1,1.58223607660268328e-5
1967,4.87092060399415549e-5,1.99902581587920181e-2,4.65652414109187396e-1,4.65607664162414836e-1,9.18976472699708946e-1,1.07574429220004745e-9,1.15918377255553861e-8,1.12616223254623685e-17,2.25120109289325430e-8,9.09806001493780658e-1,1.58306697990440171e-5
1968,4.87092060399415549e-5,1.99902581587920181e-2,4.65607664162414836e-1,4.65562917646401953e-1,9.18888157580393772e-1,1.07564090999343357e-9,1.07209414426929008e-8,9.51016994877728895e-18,2.25024321721050783e-8,9.09762282682735290e-1,1.58372222720526423e-5
1969,4.87092060399415549e-5,1.99902581587920181e-2,4.65562917646401953e-1,4.65518175382487354e-1,9.18799849232078358e-1,1.07553753692026016e-9,1.06717135828952740e-8,-6.17778847868493655e-18,2.25543095792881096e-8,9.09718565925412892e-1,1.58420182699847700e-5
1970,4.87092060399415549e-5,1.99902581587920181e-2,4.65518175382487354e-1,4.65473437395943546e-1,9.18711549275464945e-1,1.07543417320270813e-9,1.06481669228231562e-8,2.85063909140310457e-17,2.26441788409278858e-8,9.09674851246818350e-1,1.58450578771063277e-5
1971,4.87092060399415549e-5,1.99902581587920181e-2,4.65473437395943546e-1,4.65428703685099310e-1,9.18623257760831535e-1,1.07533082049646324e-9,1.06233602979026911e-8,4.54651551883646131e-19,2.27709358338598661e-8,9.09631138645588866e-1,1.58463411777942653e-5
1972,4.87092060399415549e-5,1.99902581587920181e-2,4.65428703685099310e-1,4.65383975075638612e-1,9.18534974684235506e-1,1.07522747755796985e-9,1.14246486060183827e-8,5.34290185154536487e-18,2.28303864217925372e-8,9.09587428928954722e-1,1.58527649067874421e-5
1973,4.87092060399415549e-5,1.99902581587920181e-2,4.65383975075638612e-1,4.65339249507623787e-1,9.18446701675160404e-1,1.07512414539452034e-9,1.01664896633522944e-8,-3.37014358854437820e-17,2.28374944515441453e-8,9.09543720084147189e-1,1.58595144283957268e-5
1974,4.87092060399415549e-5,1.99902581587920181e-2,4.65339249507623787e-1,4.65294528535161123e-1,9.18358434668660850e-1,1.07502082102928794e-9,1.04627293169284271e-8,-7.99263266879362991e-18,2.27206450612620895e-8,9.09500013630149207e-1,1.58646392489636412e-5
1975,4.87092060399415549e-5,1.99902581587920181e-2,4.65294528535161123e-1,4.65249811858974016e-1,9.18270176731415422e-1,1.07491750718000844e-9,1.04601341059791547e-8,2.43889869184850432e-17,2.26112776975244012e-8,9.09456309274876418e-1,1.58681394465398640e-5
1976,4.87092060399415549e-5,1.99902581587920181e-2,4.65249811858974016e-1,4.65205099361160945e-1,9.18181927273392096e-1,1.07481420391115833e-9,1.03400504589169067e-8,-2.33900455604578295e-17,2.26518374780434066e-8,9.09412606903317822e-1,1.58700150990620514e-5
1977,4.87092060399415549e-5,1.99902581587920181e-2,4.65205099361160945e-1,4.65160390658019174e-1,9.18093686061196568e-1,1.07471090953135113e-9,9.83666561990195887e-9,2.33665949900919512e-17,2.26531896576747996e-8,9.09368906140728073e-1,1.58710893843894141e-5
1978,4.87092060399415549e-5,1.99902581587920181e-2,4.65160390658019174e-1,4.65115687387530286e-1,9.18005452337938621e-1,1.07460762420142716e-9,1.09716272007543135e-8,5.10843916127843428e-18,2.26771461570669063e-8,9.09325208588520950e-1,1.58732289640139967e-5
1979,4.87092060399415549e-5,1.99902581587920181e-2,4.65115687387530286e-1,4.65070987529741187e-1,9.17917229336092877e-1,1.07450435167653908e-9,1.00871579126184453e-8,-1.91703772257818963e-17,2.27484362580930430e-8,9.09281512272468451e-1,1.58736695777816905e-5
1980,4.87092060399415549e-5,1.99902581587920181e-2,4.65070987529741187e-1,4.65026292079673720e-1,9.17829013069304422e-1,1.07440108668025436e-9,1.01980384543488801e-8,2.11498899147927460e-17,2.27252298055599148e-8,9.09237818165530176e-1,1.58864783277312682e-5
1981,4.87092060399415549e-5,1.99902581587920181e-2,4.65026292079673720e-1,4.64981600916698601e-1,9.17740805501354950e-1,1.07429783228928268e-9,1.01887134621349877e-8,1.40108927489028147e-17,2.26285364482090735e-8,9.09194126150121629e-1,1.58994792750499769e-5
1982,4.87092060399415549e-5,1.99902581587920181e-2,4.64981600916698601e-1,4.64936913791140605e-1,9.17652606393961845e-1,1.07419458765367837e-9,9.93012537724183988e-9,-2.81629703391174052e-17,2.26342889400020281e-8,9.09150435982345684e-1,1.59108323016798892e-5
1983,4.87092060399415549e-5,1.99902581587920181e-2,4.64936913791140605e-1,4.64892232366023839e-1,9.17564415254522037e-1,1.07409135228898037e-9,1.13349494204547677e-8,1.22769137354773053e-17,2.26580563239409361e-8,9.09106749288603910e-1,1.59205374874460404e-5
1984,4.87092060399415549e-5,1.99902581587920181e-2,4.64892232366023839e-1,4.64847554839075361e-1,9.17476235364848902e-1,1.07398812928646560e-9,1.09380485355665419e-8,-6.33223137085471235e-18,2.26633793693201302e-8,9.09063064307045754e-1,1.59285949106191538e-5
1985,4.87092060399415549e-5,1.99902581587920181e-2,4.64847554839075361e-1,4.64802881335164009e-1,9.17388063168225298e-1,1.07388491542376907e-9,1.06663911612724840e-8,1.51443733792005532e-17,2.26722450086370244e-8,9.09019381160070195e-1,1.59350046512463095e-5
1986,4.87092060399415549e-5,1.99902581587920181e-2,4.64802881335164009e-1,4.64758212246551450e-1,9.17299898911381195e-1,1.07378171132083968e-9,1.07873822655135866e-8,-4.37254769005186134e-17,2.26828423554253326e-8,9.08975700231511308e-1,1.59397667881533422e-5
1987,4.87092060399415549e-5,1.99902581587920181e-2,4.64758212246551450e-1,4.64713547571546148e-1,9.17211743368275378e-1,1.07367851783547718e-9,1.09071061211146673e-8,3.89055649543435756e-17,2.26694142151479062e-8,9.08932021520019395e-1,1.59463416844474182e-5
1988,4.87092060399415549e-5,1.99902581587920181e-2,4.64713547571546148e-1,4.64668887811170495e-1,9.17123596535436292e-1,1.07357533395185952e-9,1.15282767382952657e-8,1.07680750868152539e-17,2.25985409858487152e-8,9.08888345515979523e-1,1.59529544566661130e-5
1989,4.87092060399415549e-5,1.99902581587920181e-2,4.64668887811170495e-1,4.64624231519788045e-1,9.17035459401499553e-1,1.07347216092060831e-9,1.07042833336695237e-8,-2.44653274172175621e-17,2.25447628559800053e-8,9.08844670805812882e-1,1.59579138855336922e-5
1990,4.87092060399415549e-5,1.99902581587920181e-2,4.64624231519788045e-1,4.64579579674126275e-1,9.16947329113865561e-1,1.07336899614387039e-9,1.08573508285393129e-8,-1.28038079333388826e-17,2.24435138606411099e-8,9.08800998345067779e-1,1.59612200506531465e-5
1991,4.87092060399415549e-5,1.99902581587920181e-2,4.64579579674126275e-1,4.64534930847570415e-1,9.16859207600158266e-1,1.07326584223080420e-9,9.58423089793060667e-9,1.37205043774211739e-17,2.24801771807645306e-8,9.08757326738650284e-1,1.59628730318495116e-5
1992,4.87092060399415549e-5,1.99902581587920181e-2,4.64534930847570415e-1,4.64490287437768989e-1,9.16771092044981084e-1,1.07316269579915527e-9,1.07090497360250105e-8,2.34898134684990753e-17,2.24655483094987142e-8,9.08713658331999796e-1,1.59628729080596443e-5
1993,4.87092060399415549e-5,1.99902581587920181e-2,4.64490287437768989e-1,4.64445648721379001e-1,9.16682987179412656e-1,1.07305956065037067e-9,1.11110462984202778e-8,-1.65753544798866634e-17,2.25073222997088518e-8,9.08669992418010941e-1,1.59680188134281309e-5
1994,4.87092060399415549e-5,1.99902581587920181e-2,4.64445648721379001e-1,4.64401012779155076e-1,9.16594891576383408e-1,1.07295643629268552e-9,9.59424857041543996e-9,2.01573261192883161e-17,2.25240640677369908e-8,9.08626327119415933e-1,1.59873570652058206e-5
1995,4.87092060399415549e-5,1.99902581587920181e-2,4.64401012779155076e-1,4.64356381772829563e-1,9.16506801448856656e-1,1.07285331995746986e-9,1.02394499782277554e-8,-3.08890995577410678e-17,2.24430412944551497e-8,9.08582664551277785e-1,1.60061189713456287e-5
1996,4.87092060399415549e-5,1.99902581587920181e-2,4.64356381772829563e-1,4.64311755261272996e-1,9.16418721061983077e-1,1.07275021321105656e-9,1.04439962547579763e-8,3.29503591979680830e-17,2.23756459040580051e-8,9.08539004282369445e-1,1.60231266800314742e-5
1997,4.87092060399415549e-5,1.99902581587920181e-2,4.64311755261272996e-1,4.64267132209105149e-1,9.16330649545492593e-1,1.07264711741538526e-9,9.61359447378550227e-9,-1.33337081055464777e-17,2.24397334095882066e-8,9.08495345299973778e-1,1.60383802759733740e-5
1998,4.87092060399415549e-5,1.99902581587920181e-2,4.64267132209105149e-1,4.64222513484978783e-1,9.16242584856645892e-1,1.07254403028211704e-9,9.65217795502223601e-9,-5.54060463539043891e-19,2.25130353720550588e-8,9.08451688454208539e-1,1.60518798431041887e-5
1999,4.87092060399415549e-5,1.99902581587920181e-2,4.64222513484978783e-1,4.64177900237802477e-1,9.16154528709258731e-1,1.07244095303130589e-9,1.08400860706469574e-8,-4.95029877177054645e-18,2.25572362302731203e-8,9.08408034869622627e-1,1.60636254661339350e-5
2000,4.87092060399415549e-5,1.99902581587920181e-2,4.64177900237802477e-1,4.64133290778720731e-1,9.16066483370377438e-1,1.07233788778161197e-9,1.03396651337490544e-8,5.03062628105557097e-18,2.26878605927123730e-8,9.08364382894043754e-1,1.60736172287734291e-5
2001,4.87092060399415549e-5,1.99902581587920181e-2,4.64133290778720731e-1,4.64088686712958776e-1,9.15978445507869665e-1,1.07223483212740466e-9,1.14448336304420026e-8,-2.94493122922537181e-17,2.27042254770032210e-8,9.08320734098570948e-1,1.60818552159547323e-5
2002,4.87092060399415549e-5,1.99902581587920181e-2,4.64088686712958776e-1,4.64044085263644379e-1,9.15890418288651476e-1,1.07213178752795586e-9,9.77364822434467392e-9,2.18388701536840891e-17,2.26938898852869625e-8,9.08277085766104997e-1,1.60883395116107053e-5
2003,4.87092060399415549e-5,1.99902581587920181e-2,4.64044085263644379e-1,4.63999489705563539e-1,9.15802396233392657e-1,1.07202875043996960e-9,1.13775003901721139e-8,2.39779261305217165e-17,2.26449174860288107e-8,9.08233441101701344e-1,1.60930702001182979e-5
2004,4.87092060399415549e-5,1.99902581587920181e-2,4.63999489705563539e-1,4.63954898332086418e-1,9.15714385804142106e-1,1.07192572553063607e-9,1.12752890617523625e-8,-3.56231749717514780e-17,2.26275175857064887e-8,9.08189798435561468e-1,1.60960473658544601e-5
2005,4.87092060399415549e-5,1.99902581587920181e-2,4.63954898332086418e-1,4.63910309552048816e-1,9.15626383633524110e-1,1.07182271069001753e-9,9.58231566898467012e-9,3.00800755596335791e-17,2.26374992171930613e-8,9.08146156210503319e-1,1.60972710928630747e-5
2006,4.87092060399415549e-5,1.99902581587920181e-2,4.63910309552048816e-1,4.63865725831714482e-1,9.15538386582029684e-1,1.07171970425099263e-9,1.03558555019660219e-8,-4.11334882531102250e-17,2.26245050616842282e-8,9.08102516840736063e-1,1.60967414655210916e-5
2007,4.87092060399415549e-5,1.99902581587920181e-2,4.63865725831714482e-1,4.63821146205134482e-1,9.15450399515020719e-1,1.07161670719316224e-9,1.01639325787113399e-8,3.89090093344142464e-17,2.25782613706683568e-8,9.08058879381094086e-1,1.60944585684275054e-5
2008,4.87092060399415549e-5,1.99902581587920181e-2,4.63821146205134482e-1,4.63776572218818239e-1,9.15362420527389586e-1,1.07151371980929639e-9,1.15189127664774526e-8,-4.11392851348429966e-17,2.25009797190921517e-8,9.08015245345772715e-1,1.61014384395530286e-5
2009,4.87092060399415549e-5,1.99902581587920181e-2,4.63776572218818239e-1,4.63732001630559665e-1,9.15274452670775229e-1,1.07141074537157887e-9,1.06322289172011868e-8,-1.56646666757739574e-18,2.25735619049001006e-8,9.07971612540160788e-1,1.61105526735871862e-5
2010,4.87092060399415549e-5,1.99902581587920181e-2,4.63732001630559665e-1,4.63687435711889862e-1,9.15186491520453727e-1,1.07130777868301424e-9,1.10174028401533633e-8,1.88618835250526948e-17,2.25085108462543942e-8,9.07927982209359219e-1,1.61179704712965943e-5
2011,4.87092060399415549e-5,1.99902581587920181e-2,4.63687435711889862e-1,4.63642873387177634e-1,9.15098539585579185e-1,1.07120482291484546e-9,1.03273944756164862e-8,-2.25772661623693501e-18,2.25435197104194985e-8,9.07884353300564939e-1,1.61236919145046897e-5
2012,4.87092060399415549e-5,1.99902581587920181e-2,4.63642873387177634e-1,4.63598315524647531e-1,9.15010594743689398e-1,1.07110187562900895e-9,1.05059560933051748e-8,2.73731997969477007e-17,2.25893012194005069e-8,9.07840726664085662e-1,1.61277170841467310e-5
2013,4.87092060399415549e-5,1.99902581587920181e-2,4.63598315524647531e-1,4.63553761152456223e-1,9.14922658708168024e-1,1.07099893908532886e-9,9.71310342332673371e-9,-4.28857198339323295e-17,2.26793761895091114e-8,9.07797101348646440e-1,1.61300460622681996e-5
2014,4.87092060399415549e-5,1.99902581587920181e-2,4.63553761152456223e-1,4.63509211194976845e-1,9.14834729561325721e-1,1.07089601158468832e-9,9.84495928373601788e-9,2.31041719407595032e-17,2.27313534772582130e-8,9.07753478259604951e-1,1.61343913339662137e-5
2015,4.87092060399415549e-5,1.99902581587920181e-2,4.63509211194976845e-1,4.63464665583347979e-1,9.14746809126777083e-1,1.07079309367643142e-9,9.90837819692632083e-9,-2.09410053034271801e-17,2.27723048712197031e-8,9.07709857329868863e-1,1.61378208006768276e-5
2016,4.87092060399415549e-5,1.99902581587920181e-2,4.63464665583347979e-1,4.63420124597958227e-1,9.14658897268138205e-1,1.07069018411648347e-9,1.02526033798095306e-8,-1.60448752812502812e-17,2.27897595962181406e-8,9.07666238834282657e-1,1.61513528619261493e-5
2017,4.87092060399415549e-5,1.99902581587920181e-2,4.63420124597958227e-1,4.63375588742947930e-1,9.14570994540028437e-1,1.07058728624199776e-9,1.11014135768378799e-8,4.44275547172291212e-17,2.27778976520403024e-8,9.07622623266995499e-1,1.61646831894346477e-5
2018,4.87092060399415549e-5,1.99902581587920181e-2,4.63375588742947930e-1,4.63331056005930941e-1,9.14483101936441667e-1,1.07048439914270046e-9,9.93833087437010881e-9,4.49344195637383395e-18,2.27586496357877372e-8,9.07579008657434794e-1,1.61763684456417423e-5
2019,4.87092060399415549e-5,1.99902581587920181e-2,4.63331056005930941e-1,4.63286528024645483e-1,9.14395215486240476e-1,1.07038151966715423e-9,1.04132861255012873e-8,-4.73300901276470676e-17,2.26982879548972210e-8,9.07535396609885470e-1,1.61864087092622455e-5
2020,4.87092060399415549e-5,1.99902581587920181e-2,4.63286528024645483e-1,4.63242004715405331e-1,9.14307338421779914e-1,1.07027865156450370e-9,1.08050121774138073e-8,3.60479305619362326e-17,2.26857293539292115e-8,9.07491787042671416e-1,1.61948040596771037e-5
2021,4.87092060399415549e-5,1.99902581587920181e-2,4.63242004715405331e-1,4.63197485312824953e-1,9.14219470577364079e-1,1.07017579344655781e-9,1.04318019284907308e-8,-2.13905481878476987e-17,2.26410501625706829e-8,9.07448179206469141e-1,1.62015545758231738e-5
2022,4.87092060399415549e-5,1.99902581587920181e-2,4.63197485312824953e-1,4.63152969753327426e-1,9.14131610442911136e-1,1.07007294444672411e-9,9.99539019086576360e-9,2.54217136414513727e-17,2.25639678825419040e-8,9.07404573039242157e-1,1.62078483996186407e-5
2023,4.87092060399415549e-5,1.99902581587920181e-2,4.63152969753327426e-1,4.63108458731295469e-1,9.14043757893317821e-1,1.06997010534904926e-9,1.02537307000766372e-8,-1.40239572394974772e-17,2.24763155152624635e-8,9.07360969221445823e-1,1.62162460637382821e-5
2024,4.87092060399415549e-5,1.99902581587920181e-2,4.63108458731295469e-1,4.63063951711663091e-1,9.13955914298356875e-1,1.06986727608886324e-9,9.97744135610847389e-9,-2.86054060877148682e-17,2.24798067095750256e-8,9.07317367229275806e-1,1.62229931638391278e-5
2025,4.87092060399415549e-5,1.99902581587920181e-2,4.63063951711663091e-1,4.63019449511223313e-1,9.13868078602484202e-1,1.06976445677303593e-9,1.05183296959636906e-8,4.34651499268583747e-17,2.24758548112588502e-8,9.07273767863194136e-1,1.62381703163738678e-5
2026,4.87092060399415549e-5,1.99902581587920181e-2,4.63019449511223313e-1,4.62974951468685114e-1,9.13780252417157435e-1,1.06966164845777481e-9,1.03983904013193765e-8,-3.17654610207940483e-17,2.24234940931641649e-8,9.07230170475686770e-1,1.62538492582964267e-5
2027,4.87092060399415549e-5,1.99902581587920181e-2,4.62974951468685114e-1,4.62930456390073797e-1,9.13692434437594625e-1,1.06955884960635490e-9,9.08487594541933445e-9,4.41535809178229827e-17,2.24891602648831127e-8,9.07186573897101778e-1,1.62678228537993519e-5
2028,4.87092060399415549e-5,1.99902581587920181e-2,4.62930456390073797e-1,4.62885966737867860e-1,9.13604622307905290e-1,1.06945605872249479e-9,1.02341250506828262e-8,-7.47383160604527137e-18,2.25071366006814957e-8,9.07142980540537991e-1,1.62800911849281249e-5
2029,4.87092060399415549e-5,1.99902581587920181e-2,4.62885966737867860e-1,4.62841482094774437e-1,9.13516820887258274e-1,1.06935328020717355e-9,1.09666028548185618e-8,-8.32608240860355621e-18,2.25598602168580699e-8,9.07099389997495953e-1,1.62906543335061826e-5
2030,4.87092060399415549e-5,1.99902581587920181e-2,4.62841482094774437e-1,4.62797001749497727e-1,9.13429029351766286e-1,1.06925051187028763e-9,1.09882663338583448e-8,3.75552736680507881e-18,2.24879436764984583e-8,9.07055801571371223e-1,1.62995123814679843e-5
2031,4.87092060399415549e-5,1.99902581587920181e-2,4.62797001749497727e-1,4.62752524930225340e-1,9.13341246298084219e-1,1.06914775390416974e-9,1.02385305911795407e-8,-2.23595968928984711e-17,2.25077905161242811e-8,9.07012214506043413e-1,1.63066654109700337e-5
2032,4.87092060399415549e-5,1.99902581587920181e-2,4.62752524930225340e-1,4.62708053499517658e-1,9.13253470203120754e-1,1.06904500469458933e-9,1.13516941010580730e-8,2.75652760982661891e-17,2.25346370603295707e-8,9.06968630627178141e-1,1.63121135036137233e-5
2033,4.87092060399415549e-5,1.99902581587920181e-2,4.62708053499517658e-1,4.62663585904068864e-1,9.13165704742520568e-1,1.06894226715853866e-9,1.09120699037643032e-8,-5.29165437300300957e-17,2.25997727349826518e-8,9.06925048412788204e-1,1.63158567416665790e-5
2034,4.87092060399415549e-5,1.99902581587920181e-2,4.62663585904068864e-1,4.62619122137373995e-1,9.13077946851178157e-1,1.06883953932855684e-9,1.04663092900472506e-8,2.62128407598256641e-18,2.26466718444823807e-8,9.06881467856756496e-1,1.63240664121655499e-5
2035,4.87092060399415549e-5,1.99902581587920181e-2,4.62619122137373995e-1,4.62574661748460236e-1,9.12990196515845120e-1,1.06873681945168024e-9,9.56994393522977216e-9,2.38723464514966732e-17,2.26692227528859108e-8,9.06837888517254997e-1,1.63323307975637988e-5
2036,4.87092060399415549e-5,1.99902581587920181e-2,4.62574661748460236e-1,4.62530206223118801e-1,9.12902452846910295e-1,1.06863410821466731e-9,1.01596945581591118e-8,-1.40116090873132856e-17,2.26985180138499669e-8,9.06794311850949941e-1,1.63388443551459872e-5
2037,4.87092060399415549e-5,1.99902581587920181e-2,4.62530206223118801e-1,4.62485754066203347e-1,9.12814718776115530e-1,1.06853140787404977e-9,9.25476628374180553e-9,1.22675153093574778e-17,2.26914985958806782e-8,9.06750736392453405e-1,1.63436071689559981e-5
2038,4.87092060399415549e-5,1.99902581587920181e-2,4.62485754066203347e-1,4.62441307102759880e-1,9.12726991353457473e-1,1.06842871656590001e-9,1.01752078682473241e-8,-7.37107261290903385e-19,2.26779632003087513e-8,9.06707163931217641e-1,1.63466193232597590e-5
2039,4.87092060399415549e-5,1.99902581587920181e-2,4.62441307102759880e-1,4.62396864663000062e-1,9.12639274179747106e-1,1.06832603558557376e-9,1.04263603330034949e-8,-2.21201843538460232e-17,2.26888503365817143e-8,9.06663593810979163e-1,1.63478809022121752e-5
2040,4.87092060399415549e-5,1.99902581587920181e-2,4.62396864663000062e-1,4.62352426803095073e-1,9.12551565933813924e-1,1.06822336550277160e-9,1.07341187795046136e-8,7.61340509952379395e-18,2.27157221951420746e-8,9.06620026087129327e-1,1.63527347856184946e-5
2041,4.87092060399415549e-5,1.99902581587920181e-2,4.62352426803095073e-1,4.62307992565659243e-1,9.12463866725980788e-1,1.06812070484603001e-9,1.00849318109761925e-8,1.08886432785397581e-17,2.26282150604353590e-8,9.06576459821323843e-1,1.63609261605301981e-5
2042,4.87092060399415549e-5,1.99902581587920181e-2,4.62307992565659243e-1,4.62263563599417782e-1,9.12376174667246187e-1,1.06801805331084954e-9,1.10848182977782388e-8,-1.14635222237355366e-17,2.25287552517360122e-8,9.06532896630394269e-1,1.63674010894565569e-5
2043,4.87092060399415549e-5,1.99902581587920181e-2,4.62263563599417782e-1,4.62219138238023519e-1,9.12288493010944612e-1,1.06791541275375911e-9,1.04188642569376410e-8,5.73883350610509668e-18,2.24310277912409512e-8,9.06489334880821174e-1,1.63721596547761195e-5
2044,4.87092060399415549e-5,1.99902581587920181e-2,4.62219138238023519e-1,4.62174717656937184e-1,9.12200818469016128e-1,1.06781278065208947e-9,1.09287174796821255e-8,1.51234010419498837e-17,2.23502059171354561e-8,9.06445775725476244e-1,1.63752019389784564e-5
2045,4.87092060399415549e-5,1.99902581587920181e-2,4.62174717656937184e-1,4.62130300623149859e-1,9.12113153361426066e-1,1.06771016020929460e-9,1.02060213658562002e-8,-2.86387232684272790e-17,2.23421109854782899e-8,9.06402217955564193e-1,1.63823554117925596e-5
2046,4.87092060399415549e-5,1.99902581587920181e-2,4.62130300623149859e-1,4.62085887447203136e-1,9.12025495254629837e-1,1.06760754821184980e-9,9.79420773562440077e-9,3.11052617041358752e-17,2.23779196329847677e-8,9.06358661875836691e-1,1.63883604207271105e-5
2047,4.87092060399415549e-5,1.99902581587920181e-2,4.62085887447203136e-1,4.62041479478832395e-1,9.11937844761446681e-1,1.06750494529068377e-9,1.07325004388963126e-8,-1.96575220864878504e-17,2.24265034767807045e-8,9.06315108810302306e-1,1.63926720079254906e-5
2048,4.87092060399415549e-5,1.99902581587920181e-2,4.62041479478832395e-1,4.61997075154419679e-1,9.11850204545401666e-1,1.06740235434698134e-9,1.01076756971976770e-8,-3.52084464649520912e-18,2.24809996014828680e-8,9.06271557225802105e-1,1.63969124354901297e-5
2049,4.87092060399415549e-5,1.99902581587920181e-2,4.61997075154419679e-1,4.61952675018488745e-1,9.11762571520830845e-1,1.06729977190237234e-9,1.00277249947788713e-8,1.52431817577312374e-17,2.24932531925636228e-8,9.06228007656636803e-1,1.64037826355656335e-5
2050,4.87092060399415549e-5,1.99902581587920181e-2,4.61952675018488745e-1,4.61908279436030300e-1,9.11674946762647931e-1,1.06719719984636954e-9,1.03131676585556787e-8,1.09501474658055259e-17,2.26167674202618671e-8,9.06184460461121777e-1,1.64090023448970612e-5
2051,4.87092060399415549e-5,1.99902581587920181e-2,4.61908279436030300e-1,4.61863888367282704e-1,9.11587330990767386e-1,1.06709463800812600e-9,1.05592864309873313e-8,-3.49956542523728248e-17,2.26337784821277966e-8,9.06140915600601393e-1,1.64144745058436570e-5
2052,4.87092060399415549e-5,1.99902581587920181e-2,4.61863888367282704e-1,4.61819501763353013e-1,9.11499724127010968e-1,1.06699208762815416e-9,1.07569460316058575e-8,4.18291454939060962e-17,2.26352013222021002e-8,9.06097373027435760e-1,1.64298789987471494e-5
2053,4.87092060399415549e-5,1.99902581587920181e-2,4.61819501763353013e-1,4.61775118733527612e-1,9.11412126074624074e-1,1.06688954726562863e-9,1.00643213411293257e-8,-1.94389776599288903e-17,2.26488425933900222e-8,9.06053831868090409e-1,1.64436411854707032e-5
