i,j,k,x,fraction,pressure
0,0,0,7.81250000000000000e-3,0.00000000000000000e0,0.00000000000000000e0
1,0,0,2.34375000000000000e-2,0.00000000000000000e0,0.00000000000000000e0
2,0,0,3.90625000000000000e-2,0.00000000000000000e0,0.00000000000000000e0
3,0,0,5.46875000000000000e-2,0.00000000000000000e0,0.00000000000000000e0
4,0,0,7.03125000000000000e-2,0.00000000000000000e0,0.00000000000000000e0
5,0,0,8.59375000000000000e-2,0.00000000000000000e0,0.00000000000000000e0
6,0,0,1.01562500000000000e-1,0.00000000000000000e0,0.00000000000000000e0
7,0,0,1.17187500000000000e-1,0.00000000000000000e0,0.00000000000000000e0
8,0,0,1.32812500000000000e-1,0.00000000000000000e0,0.00000000000000000e0
9,0,0,1.48437500000000000e-1,0.00000000000000000e0,0.00000000000000000e0
10,0,0,1.64062500000000000e-1,0.00000000000000000e0,0.00000000000000000e0
11,0,0,1.79687500000000000e-1,0.00000000000000000e0,0.00000000000000000e0
12,0,0,1.95312500000000000e-1,0.00000000000000000e0,0.00000000000000000e0
13,0,0,2.10937500000000000e-1,0.00000000000000000e0,0.00000000000000000e0
14,0,0,2.26562500000000000e-1,0.00000000000000000e0,0.00000000000000000e0
15,0,0,2.42187500000000000e-1,0.00000000000000000e0,0.00000000000000000e0
16,0,0,2.57812500000000000e-1,9.71595283185777925e-5,0.00000000000000000e0
17,0,0,2.73437500000000000e-1,9.85475215802719424e-4,0.00000000000000000e0
18,0,0,2.89062500000000000e-1,4.98289580948136669e-3,0.00000000000000000e0
19,0,0,3.04687500000000000e-1,1.67848042289135829e-2,0.00000000000000000e0
20,0,0,3.20312500000000000e-1,4.24961047141052956e-2,0.00000000000000000e0
21,0,0,3.35937500000000000e-1,8.65726198315769219e-2,0.00000000000000000e0
22,0,0,3.51562500000000000e-1,1.48489629163263442e-1,0.00000000000000000e0
23,0,0,3.67187500000000000e-1,2.21779150413014908e-1,0.00000000000000000e0
24,0,0,3.82812500000000000e-1,2.96377413113654620e-1,0.00000000000000000e0
25,0,0,3.98437500000000000e-1,3.62686979958666778e-1,0.00000000000000000e0
26,0,0,4.14062500000000000e-1,4.14787353908318390e-1,0.00000000000000000e0
27,0,0,4.29687500000000000e-1,4.51325278496384652e-1,0.00000000000000000e0
28,0,0,4.45312500000000000e-1,4.74378969010282980e-1,0.00000000000000000e0
29,0,0,4.60937500000000000e-1,4.87552506446795431e-1,0.00000000000000000e0
30,0,0,4.76562500000000000e-1,4.94408122867836586e-1,0.00000000000000000e0
31,0,0,4.92187500000000000e-1,4.97672702115950050e-1,0.00000000000000000e0
32,0,0,5.07812500000000000e-1,4.99003796008679723e-1,0.00000000000000000e0
33,0,0,5.23437500000000000e-1,4.98691582541449407e-1,0.00000000000000000e0
34,0,0,5.39062500000000000e-1,4.94909057220404236e-1,0.00000000000000000e0
35,0,0,5.54687500000000000e-1,4.83181473481732848e-1,0.00000000000000000e0
36,0,0,5.70312500000000000e-1,4.57494063072500790e-1,0.00000000000000000e0
37,0,0,5.85937500000000000e-1,4.13424698726066520e-1,0.00000000000000000e0
38,0,0,6.01562500000000000e-1,3.51509686038243729e-1,0.00000000000000000e0
39,0,0,6.17187500000000000e-1,2.78220685652111721e-1,0.00000000000000000e0
40,0,0,6.32812500000000000e-1,2.03622550067000363e-1,0.00000000000000000e0
41,0,0,6.48437500000000000e-1,1.37313012276966989e-1,0.00000000000000000e0
42,0,0,6.64062500000000000e-1,8.52126445533821220e-2,0.00000000000000000e0
43,0,0,6.79687500000000000e-1,4.86747212171164956e-2,0.00000000000000000e0
44,0,0,6.95312500000000000e-1,2.56210309395262827e-2,0.00000000000000000e0
45,0,0,7.10937500000000000e-1,1.24474935449192196e-2,0.00000000000000000e0
46,0,0,7.26562500000000000e-1,5.59187713086063340e-3,0.00000000000000000e0
47,0,0,7.42187500000000000e-1,2.32729788383921133e-3,0.00000000000000000e0
48,0,0,7.57812500000000000e-1,8.99044462949780284e-4,0.00000000000000000e0
49,0,0,7.73437500000000000e-1,3.22942242716388328e-4,0.00000000000000000e0
50,0,0,7.89062500000000000e-1,1.08046970084225001e-4,0.00000000000000000e0
51,0,0,8.04687500000000000e-1,3.37222893235787735e-5,0.00000000000000000e0
52,0,0,8.20312500000000000e-1,9.83221336472613874e-6,0.00000000000000000e0
53,0,0,8.35937500000000000e-1,2.68144232941547812e-6,0.00000000000000000e0
54,0,0,8.51562500000000000e-1,6.84798468905871924e-7,0.00000000000000000e0
55,0,0,8.67187500000000000e-1,1.63934853120683469e-7,0.00000000000000000e0
56,0,0,8.82812500000000000e-1,3.68193278397678815e-8,0.00000000000000000e0
57,0,0,8.98437500000000000e-1,7.76435063270091147e-9,0.00000000000000000e0
58,0,0,9.14062500000000000e-1,1.53828408832937517e-9,0.00000000000000000e0
59,0,0,9.29687500000000000e-1,2.86482349249380073e-10,0.00000000000000000e0
60,0,0,9.45312500000000000e-1,5.01728372801968754e-11,0.00000000000000000e0
61,0,0,9.60937500000000000e-1,8.26573170930715588e-12,0.00000000000000000e0
62,0,0,9.76562500000000000e-1,1.28121411415885306e-12,0.00000000000000000e0
63,0,0,9.92187500000000000e-1,1.86865735195521669e-13,0.00000000000000000e0
0,1,0,7.81250000000000000e-3,0.00000000000000000e0,0.00000000000000000e0
1,1,0,2.34375000000000000e-2,0.00000000000000000e0,0.00000000000000000e0
2,1,0,3.90625000000000000e-2,0.00000000000000000e0,0.00000000000000000e0
3,1,0,5.46875000000000000e-2,0.00000000000000000e0,0.00000000000000000e0
4,1,0,7.03125000000000000e-2,0.00000000000000000e0,0.00000000000000000e0
5,1,0,8.59375000000000000e-2,0.00000000000000000e0,0.00000000000000000e0
6,1,0,1.01562500000000000e-1,0.00000000000000000e0,0.00000000000000000e0
7,1,0,1.17187500000000000e-1,0.00000000000000000e0,0.00000000000000000e0
8,1,0,1.32812500000000000e-1,0.00000000000000000e0,0.00000000000000000e0
9,1,0,1.48437500000000000e-1,0.00000000000000000e0,0.00000000000000000e0
10,1,0,1.64062500000000000e-1,0.00000000000000000e0,0.00000000000000000e0
11,1,0,1.79687500000000000e-1,0.00000000000000000e0,0.00000000000000000e0
12,1,0,1.95312500000000000e-1,0.00000000000000000e0,0.00000000000000000e0
13,1,0,2.10937500000000000e-1,0.00000000000000000e0,0.00000000000000000e0
14,1,0,2.26562500000000000e-1,0.00000000000000000e0,0.00000000000000000e0
15,1,0,2.42187500000000000e-1,0.00000000000000000e0,0.00000000000000000e0
16,1,0,2.57812500000000000e-1,9.71595283185874555e-5,0.00000000000000000e0
17,1,0,2.73437500000000000e-1,9.85475215802810497e-4,0.00000000000000000e0
18,1,0,2.89062500000000000e-1,4.98289580948178216e-3,0.00000000000000000e0
19,1,0,3.04687500000000000e-1,1.67848042289148354e-2,0.00000000000000000e0
20,1,0,3.20312500000000000e-1,4.24961047141079948e-2,0.00000000000000000e0
21,1,0,3.35937500000000000e-1,8.65726198315813905e-2,0.00000000000000000e0
22,1,0,3.51562500000000000e-1,1.48489629163269465e-1,0.00000000000000000e0
23,1,0,3.67187500000000000e-1,2.21779150413021597e-1,0.00000000000000000e0
24,1,0,3.82812500000000000e-1,2.96377413113661392e-1,0.00000000000000000e0
25,1,0,3.98437500000000000e-1,3.62686979958673772e-1,0.00000000000000000e0
26,1,0,4.14062500000000000e-1,4.14787353908325385e-1,0.00000000000000000e0
27,1,0,4.29687500000000000e-1,4.51325278496391813e-1,0.00000000000000000e0
28,1,0,4.45312500000000000e-1,4.74378969010289475e-1,0.00000000000000000e0
29,1,0,4.60937500000000000e-1,4.87552506446800815e-1,0.00000000000000000e0
30,1,0,4.76562500000000000e-1,4.94408122867841415e-1,0.00000000000000000e0
31,1,0,4.92187500000000000e-1,4.97672702115955046e-1,0.00000000000000000e0
32,1,0,5.07812500000000000e-1,4.99003796008686440e-1,0.00000000000000000e0
33,1,0,5.23437500000000000e-1,4.98691582541457457e-1,0.00000000000000000e0
34,1,0,5.39062500000000000e-1,4.94909057220412396e-1,0.00000000000000000e0
35,1,0,5.54687500000000000e-1,4.83181473481738955e-1,0.00000000000000000e0
36,1,0,5.70312500000000000e-1,4.57494063072504342e-1,0.00000000000000000e0
37,1,0,5.85937500000000000e-1,4.13424698726067186e-1,0.00000000000000000e0
38,1,0,6.01562500000000000e-1,3.51509686038242009e-1,0.00000000000000000e0
39,1,0,6.17187500000000000e-1,2.78220685652108668e-1,0.00000000000000000e0
40,1,0,6.32812500000000000e-1,2.03622550066997254e-1,0.00000000000000000e0
41,1,0,6.48437500000000000e-1,1.37313012276964325e-1,0.00000000000000000e0
42,1,0,6.64062500000000000e-1,8.52126445533801652e-2,0.00000000000000000e0
43,1,0,6.79687500000000000e-1,4.86747212171152535e-2,0.00000000000000000e0
44,1,0,6.95312500000000000e-1,2.56210309395255784e-2,0.00000000000000000e0
45,1,0,7.10937500000000000e-1,1.24474935449188657e-2,0.00000000000000000e0
46,1,0,7.26562500000000000e-1,5.59187713086047380e-3,0.00000000000000000e0
47,1,0,7.42187500000000000e-1,2.32729788383914627e-3,0.00000000000000000e0
48,1,0,7.57812500000000000e-1,8.99044462949756648e-4,0.00000000000000000e0
49,1,0,7.73437500000000000e-1,3.22942242716380522e-4,0.00000000000000000e0
50,1,0,7.89062500000000000e-1,1.08046970084222765e-4,0.00000000000000000e0
51,1,0,8.04687500000000000e-1,3.37222893235782111e-5,0.00000000000000000e0
52,1,0,8.20312500000000000e-1,9.83221336472602863e-6,0.00000000000000000e0
53,1,0,8.35937500000000000e-1,2.68144232941546329e-6,0.00000000000000000e0
54,1,0,8.51562500000000000e-1,6.84798468905872136e-7,0.00000000000000000e0
55,1,0,8.67187500000000000e-1,1.63934853120684342e-7,0.00000000000000000e0
56,1,0,8.82812500000000000e-1,3.68193278397682455e-8,0.00000000000000000e0
57,1,0,8.98437500000000000e-1,7.76435063270102396e-9,0.00000000000000000e0
58,1,0,9.14062500000000000e-1,1.53828408832940371e-9,0.00000000000000000e0
59,1,0,9.29687500000000000e-1,2.86482349249386329e-10,0.00000000000000000e0
60,1,0,9.45312500000000000e-1,5.01728372801980774e-11,0.00000000000000000e0
61,1,0,9.60937500000000000e-1,8.26573170930736591e-12,0.00000000000000000e0
62,1,0,9.76562500000000000e-1,1.28121411415888639e-12,0.00000000000000000e0
63,1,0,9.92187500000000000e-1,1.86865735195526566e-13,0.00000000000000000e0
0,2,0,7.81250000000000000e-3,0.00000000000000000e0,0.00000000000000000e0
1,2,0,2.34375000000000000e-2,0.00000000000000000e0,0.00000000000000000e0
2,2,0,3.90625000000000000e-2,0.00000000000000000e0,0.00000000000000000e0
3,2,0,5.46875000000000000e-2,0.00000000000000000e0,0.00000000000000000e0
4,2,0,7.03125000000000000e-2,0.00000000000000000e0,0.00000000000000000e0
5,2,0,8.59375000000000000e-2,0.00000000000000000e0,0.00000000000000000e0
6,2,0,1.01562500000000000e-1,0.00000000000000000e0,0.00000000000000000e0
7,2,0,1.17187500000000000e-1,0.00000000000000000e0,0.00000000000000000e0
8,2,0,1.32812500000000000e-1,0.00000000000000000e0,0.00000000000000000e0
9,2,0,1.48437500000000000e-1,0.00000000000000000e0,0.00000000000000000e0
10,2,0,1.64062500000000000e-1,0.00000000000000000e0,0.00000000000000000e0
11,2,0,1.79687500000000000e-1,0.00000000000000000e0,0.00000000000000000e0
12,2,0,1.95312500000000000e-1,0.00000000000000000e0,0.00000000000000000e0
13,2,0,2.10937500000000000e-1,0.00000000000000000e0,0.00000000000000000e0
14,2,0,2.26562500000000000e-1,0.00000000000000000e0,0.00000000000000000e0
15,2,0,2.42187500000000000e-1,0.00000000000000000e0,0.00000000000000000e0
16,2,0,2.57812500000000000e-1,9.71595283185888378e-5,0.00000000000000000e0
17,2,0,2.73437500000000000e-1,9.85475215802822640e-4,0.00000000000000000e0
18,2,0,2.89062500000000000e-1,4.98289580948184287e-3,0.00000000000000000e0
19,2,0,3.04687500000000000e-1,1.67848042289150540e-2,0.00000000000000000e0
20,2,0,3.20312500000000000e-1,4.24961047141086054e-2,0.00000000000000000e0
21,2,0,3.35937500000000000e-1,8.65726198315828616e-2,0.00000000000000000e0
22,2,0,3.51562500000000000e-1,1.48489629163272269e-1,0.00000000000000000e0
23,2,0,3.67187500000000000e-1,2.21779150413026149e-1,0.00000000000000000e0
24,2,0,3.82812500000000000e-1,2.96377413113667332e-1,0.00000000000000000e0
25,2,0,3.98437500000000000e-1,3.62686979958680489e-1,0.00000000000000000e0
26,2,0,4.14062500000000000e-1,4.14787353908332546e-1,0.00000000000000000e0
27,2,0,4.29687500000000000e-1,4.51325278496399473e-1,0.00000000000000000e0
28,2,0,4.45312500000000000e-1,4.74378969010297358e-1,0.00000000000000000e0
29,2,0,4.60937500000000000e-1,4.87552506446807754e-1,0.00000000000000000e0
30,2,0,4.76562500000000000e-1,4.94408122867845745e-1,0.00000000000000000e0
31,2,0,4.92187500000000000e-1,4.97672702115955545e-1,0.00000000000000000e0
32,2,0,5.07812500000000000e-1,4.99003796008681499e-1,0.00000000000000000e0
33,2,0,5.23437500000000000e-1,4.98691582541447520e-1,0.00000000000000000e0
34,2,0,5.39062500000000000e-1,4.94909057220400128e-1,0.00000000000000000e0
35,2,0,5.54687500000000000e-1,4.83181473481726464e-1,0.00000000000000000e0
36,2,0,5.70312500000000000e-1,4.57494063072492851e-1,0.00000000000000000e0
37,2,0,5.85937500000000000e-1,4.13424698726057305e-1,0.00000000000000000e0
38,2,0,6.01562500000000000e-1,3.51509686038233848e-1,0.00000000000000000e0
39,2,0,6.17187500000000000e-1,2.78220685652102340e-1,0.00000000000000000e0
40,2,0,6.32812500000000000e-1,2.03622550066992480e-1,0.00000000000000000e0
41,2,0,6.48437500000000000e-1,1.37313012276961133e-1,0.00000000000000000e0
42,2,0,6.64062500000000000e-1,8.52126445533782501e-2,0.00000000000000000e0
43,2,0,6.79687500000000000e-1,4.86747212171142127e-2,0.00000000000000000e0
44,2,0,6.95312500000000000e-1,2.56210309395250614e-2,0.00000000000000000e0
45,2,0,7.10937500000000000e-1,1.24474935449186298e-2,0.00000000000000000e0
46,2,0,7.26562500000000000e-1,5.59187713086037406e-3,0.00000000000000000e0
47,2,0,7.42187500000000000e-1,2.32729788383910941e-3,0.00000000000000000e0
48,2,0,7.57812500000000000e-1,8.99044462949744288e-4,0.00000000000000000e0
49,2,0,7.73437500000000000e-1,3.22942242716376835e-4,0.00000000000000000e0
50,2,0,7.89062500000000000e-1,1.08046970084221708e-4,0.00000000000000000e0
51,2,0,8.04687500000000000e-1,3.37222893235779265e-5,0.00000000000000000e0
52,2,0,8.20312500000000000e-1,9.83221336472594731e-6,0.00000000000000000e0
53,2,0,8.35937500000000000e-1,2.68144232941544169e-6,0.00000000000000000e0
54,2,0,8.51562500000000000e-1,6.84798468905866736e-7,0.00000000000000000e0
55,2,0,8.67187500000000000e-1,1.63934853120683098e-7,0.00000000000000000e0
56,2,0,8.82812500000000000e-1,3.68193278397679609e-8,0.00000000000000000e0
57,2,0,8.98437500000000000e-1,7.76435063270095779e-9,0.00000000000000000e0
58,2,0,9.14062500000000000e-1,1.53828408832938923e-9,0.00000000000000000e0
59,2,0,9.29687500000000000e-1,2.86482349249383278e-10,0.00000000000000000e0
60,2,0,9.45312500000000000e-1,5.01728372801975023e-11,0.00000000000000000e0
61,2,0,9.60937500000000000e-1,8.26573170930726089e-12,0.00000000000000000e0
62,2,0,9.76562500000000000e-1,1.28121411415886922e-12,0.00000000000000000e0
63,2,0,9.92187500000000000e-1,1.86865735195523840e-13,0.00000000000000000e0
0,3,0,7.81250000000000000e-3,0.00000000000000000e0,0.00000000000000000e0
1,3,0,2.34375000000000000e-2,0.00000000000000000e0,0.00000000000000000e0
2,3,0,3.90625000000000000e-2,0.00000000000000000e0,0.00000000000000000e0
3,3,0,5.46875000000000000e-2,0.00000000000000000e0,0.00000000000000000e0
4,3,0,7.03125000000000000e-2,0.00000000000000000e0,0.00000000000000000e0
5,3,0,8.59375000000000000e-2,0.00000000000000000e0,0.00000000000000000e0
6,3,0,1.01562500000000000e-1,0.00000000000000000e0,0.00000000000000000e0
7,3,0,1.17187500000000000e-1,0.00000000000000000e0,0.00000000000000000e0
8,3,0,1.32812500000000000e-1,0.00000000000000000e0,0.00000000000000000e0
9,3,0,1.48437500000000000e-1,0.00000000000000000e0,0.00000000000000000e0
10,3,0,1.64062500000000000e-1,0.00000000000000000e0,0.00000000000000000e0
11,3,0,1.79687500000000000e-1,0.00000000000000000e0,0.00000000000000000e0
12,3,0,1.95312500000000000e-1,0.00000000000000000e0,0.00000000000000000e0
13,3,0,2.10937500000000000e-1,0.00000000000000000e0,0.00000000000000000e0
14,3,0,2.26562500000000000e-1,0.00000000000000000e0,0.00000000000000000e0
15,3,0,2.42187500000000000e-1,0.00000000000000000e0,0.00000000000000000e0
16,3,0,2.57812500000000000e-1,9.71595283185824275e-5,0.00000000000000000e0
17,3,0,2.73437500000000000e-1,9.85475215802762358e-4,0.00000000000000000e0
18,3,0,2.89062500000000000e-1,4.98289580948156705e-3,0.00000000000000000e0
19,3,0,3.04687500000000000e-1,1.67848042289142386e-2,0.00000000000000000e0
20,3,0,3.20312500000000000e-1,4.24961047141069401e-2,0.00000000000000000e0
21,3,0,3.35937500000000000e-1,8.65726198315803774e-2,0.00000000000000000e0
22,3,0,3.51562500000000000e-1,1.48489629163269771e-1,0.00000000000000000e0
23,3,0,3.67187500000000000e-1,2.21779150413025150e-1,0.00000000000000000e0
24,3,0,3.82812500000000000e-1,2.96377413113669552e-1,0.00000000000000000e0
25,3,0,3.98437500000000000e-1,3.62686979958687483e-1,0.00000000000000000e0
26,3,0,4.14062500000000000e-1,4.14787353908344647e-1,0.00000000000000000e0
27,3,0,4.29687500000000000e-1,4.51325278496415461e-1,0.00000000000000000e0
28,3,0,4.45312500000000000e-1,4.74378969010317786e-1,0.00000000000000000e0
29,3,0,4.60937500000000000e-1,4.87552506446834955e-1,0.00000000000000000e0
30,3,0,4.76562500000000000e-1,4.94408122867881661e-1,0.00000000000000000e0
31,3,0,4.92187500000000000e-1,4.97672702116001342e-1,0.00000000000000000e0
32,3,0,5.07812500000000000e-1,4.99003796008736733e-1,0.00000000000000000e0
33,3,0,5.23437500000000000e-1,4.98691582541510636e-1,0.00000000000000000e0
34,3,0,5.39062500000000000e-1,4.94909057220468351e-1,0.00000000000000000e0
35,3,0,5.54687500000000000e-1,4.83181473481797463e-1,0.00000000000000000e0
36,3,0,5.70312500000000000e-1,4.57494063072564405e-1,0.00000000000000000e0
37,3,0,5.85937500000000000e-1,4.13424698726126416e-1,0.00000000000000000e0
38,3,0,6.01562500000000000e-1,3.51509686038296021e-1,0.00000000000000000e0
39,3,0,6.17187500000000000e-1,2.78220685652153632e-1,0.00000000000000000e0
40,3,0,6.32812500000000000e-1,2.03622550067031366e-1,0.00000000000000000e0
41,3,0,6.48437500000000000e-1,1.37313012276987945e-1,0.00000000000000000e0
42,3,0,6.64062500000000000e-1,8.52126445533951254e-2,0.00000000000000000e0
43,3,0,6.79687500000000000e-1,4.86747212171238716e-2,0.00000000000000000e0
44,3,0,6.95312500000000000e-1,2.56210309395301337e-2,0.00000000000000000e0
45,3,0,7.10937500000000000e-1,1.24474935449210723e-2,0.00000000000000000e0
46,3,0,7.26562500000000000e-1,5.59187713086145479e-3,0.00000000000000000e0
47,3,0,7.42187500000000000e-1,2.32729788383954786e-3,0.00000000000000000e0
48,3,0,7.57812500000000000e-1,8.99044462949907894e-4,0.00000000000000000e0
49,3,0,7.73437500000000000e-1,3.22942242716433322e-4,0.00000000000000000e0
50,3,0,7.89062500000000000e-1,1.08046970084239787e-4,0.00000000000000000e0
51,3,0,8.04687500000000000e-1,3.37222893235832865e-5,0.00000000000000000e0
52,3,0,8.20312500000000000e-1,9.83221336472742454e-6,0.00000000000000000e0
53,3,0,8.35937500000000000e-1,2.68144232941582032e-6,0.00000000000000000e0
54,3,0,8.51562500000000000e-1,6.84798468905956945e-7,0.00000000000000000e0
55,3,0,8.67187500000000000e-1,1.63934853120703215e-7,0.00000000000000000e0
56,3,0,8.82812500000000000e-1,3.68193278397721564e-8,0.00000000000000000e0
57,3,0,8.98437500000000000e-1,7.76435063270177670e-9,0.00000000000000000e0
58,3,0,9.14062500000000000e-1,1.53828408832953916e-9,0.00000000000000000e0
59,3,0,9.29687500000000000e-1,2.86482349249409128e-10,0.00000000000000000e0
60,3,0,9.45312500000000000e-1,5.01728372802016640e-11,0.00000000000000000e0
61,3,0,9.60937500000000000e-1,8.26573170930789582e-12,0.00000000000000000e0
62,3,0,9.76562500000000000e-1,1.28121411415895989e-12,0.00000000000000000e0
63,3,0,9.92187500000000000e-1,1.86865735195536058e-13,0.00000000000000000e0
0,4,0,7.81250000000000000e-3,0.00000000000000000e0,0.00000000000000000e0
1,4,0,2.34375000000000000e-2,0.00000000000000000e0,0.00000000000000000e0
2,4,0,3.90625000000000000e-2,0.00000000000000000e0,0.00000000000000000e0
3,4,0,5.46875000000000000e-2,0.00000000000000000e0,0.00000000000000000e0
4,4,0,7.03125000000000000e-2,0.00000000000000000e0,0.00000000000000000e0
5,4,0,8.59375000000000000e-2,0.00000000000000000e0,0.00000000000000000e0
6,4,0,1.01562500000000000e-1,0.00000000000000000e0,0.00000000000000000e0
7,4,0,1.17187500000000000e-1,0.00000000000000000e0,0.00000000000000000e0
8,4,0,1.32812500000000000e-1,0.00000000000000000e0,0.00000000000000000e0
9,4,0,1.48437500000000000e-1,0.00000000000000000e0,0.00000000000000000e0
10,4,0,1.64062500000000000e-1,0.00000000000000000e0,0.00000000000000000e0
11,4,0,1.79687500000000000e-1,0.00000000000000000e0,0.00000000000000000e0
12,4,0,1.95312500000000000e-1,0.00000000000000000e0,0.00000000000000000e0
13,4,0,2.10937500000000000e-1,0.00000000000000000e0,0.00000000000000000e0
14,4,0,2.26562500000000000e-1,0.00000000000000000e0,0.00000000000000000e0
15,4,0,2.42187500000000000e-1,0.00000000000000000e0,0.00000000000000000e0
16,4,0,2.57812500000000000e-1,9.71595283185872928e-5,0.00000000000000000e0
17,4,0,2.73437500000000000e-1,9.85475215802812665e-4,0.00000000000000000e0
18,4,0,2.89062500000000000e-1,4.98289580948182206e-3,0.00000000000000000e0
19,4,0,3.04687500000000000e-1,1.67848042289150644e-2,0.00000000000000000e0
20,4,0,3.20312500000000000e-1,4.24961047141088483e-2,0.00000000000000000e0
21,4,0,3.35937500000000000e-1,8.65726198315837636e-2,0.00000000000000000e0
22,4,0,3.51562500000000000e-1,1.48489629163274461e-1,0.00000000000000000e0
23,4,0,3.67187500000000000e-1,2.21779150413030507e-1,0.00000000000000000e0
24,4,0,3.82812500000000000e-1,2.96377413113674715e-1,0.00000000000000000e0
25,4,0,3.98437500000000000e-1,3.62686979958691480e-1,0.00000000000000000e0
26,4,0,4.14062500000000000e-1,4.14787353908347478e-1,0.00000000000000000e0
27,4,0,4.29687500000000000e-1,4.51325278496417515e-1,0.00000000000000000e0
28,4,0,4.45312500000000000e-1,4.74378969010318619e-1,0.00000000000000000e0
29,4,0,4.60937500000000000e-1,4.87552506446832790e-1,0.00000000000000000e0
30,4,0,4.76562500000000000e-1,4.94408122867875166e-1,0.00000000000000000e0
31,4,0,4.92187500000000000e-1,4.97672702115989518e-1,0.00000000000000000e0
32,4,0,5.07812500000000000e-1,4.99003796008720024e-1,0.00000000000000000e0
33,4,0,5.23437500000000000e-1,4.98691582541490042e-1,0.00000000000000000e0
34,4,0,5.39062500000000000e-1,4.94909057220445092e-1,0.00000000000000000e0
35,4,0,5.54687500000000000e-1,4.83181473481771873e-1,0.00000000000000000e0
36,4,0,5.70312500000000000e-1,4.57494063072536150e-1,0.00000000000000000e0
37,4,0,5.85937500000000000e-1,4.13424698726097051e-1,0.00000000000000000e0
38,4,0,6.01562500000000000e-1,3.51509686038268487e-1,0.00000000000000000e0
39,4,0,6.17187500000000000e-1,2.78220685652130317e-1,0.00000000000000000e0
40,4,0,6.32812500000000000e-1,2.03622550067013325e-1,0.00000000000000000e0
41,4,0,6.48437500000000000e-1,1.37313012276975233e-1,0.00000000000000000e0
42,4,0,6.64062500000000000e-1,8.52126445533868959e-2,0.00000000000000000e0
43,4,0,6.79687500000000000e-1,4.86747212171190699e-2,0.00000000000000000e0
44,4,0,6.95312500000000000e-1,2.56210309395275698e-2,0.00000000000000000e0
45,4,0,7.10937500000000000e-1,1.24474935449198180e-2,0.00000000000000000e0
46,4,0,7.26562500000000000e-1,5.59187713086089187e-3,0.00000000000000000e0
47,4,0,7.42187500000000000e-1,2.32729788383931584e-3,0.00000000000000000e0
48,4,0,7.57812500000000000e-1,8.99044462949820399e-4,0.00000000000000000e0
49,4,0,7.73437500000000000e-1,3.22942242716402694e-4,0.00000000000000000e0
50,4,0,7.89062500000000000e-1,1.08046970084229812e-4,0.00000000000000000e0
51,4,0,8.04687500000000000e-1,3.37222893235802914e-5,0.00000000000000000e0
52,4,0,8.20312500000000000e-1,9.83221336472658598e-6,0.00000000000000000e0
53,4,0,8.35937500000000000e-1,2.68144232941560178e-6,0.00000000000000000e0
54,4,0,8.51562500000000000e-1,6.84798468905904112e-7,0.00000000000000000e0
55,4,0,8.67187500000000000e-1,1.63934853120691278e-7,0.00000000000000000e0
56,4,0,8.82812500000000000e-1,3.68193278397696285e-8,0.00000000000000000e0
57,4,0,8.98437500000000000e-1,7.76435063270127708e-9,0.00000000000000000e0
58,4,0,9.14062500000000000e-1,1.53828408832944631e-9,0.00000000000000000e0
59,4,0,9.29687500000000000e-1,2.86482349249392894e-10,0.00000000000000000e0
60,4,0,9.45312500000000000e-1,5.01728372801989951e-11,0.00000000000000000e0
61,4,0,9.60937500000000000e-1,8.26573170930747900e-12,0.00000000000000000e0
62,4,0,9.76562500000000000e-1,1.28121411415889911e-12,0.00000000000000000e0
63,4,0,9.92187500000000000e-1,1.86865735195527702e-13,0.00000000000000000e0
0,5,0,7.81250000000000000e-3,0.00000000000000000e0,0.00000000000000000e0
1,5,0,2.34375000000000000e-2,0.00000000000000000e0,0.00000000000000000e0
2,5,0,3.90625000000000000e-2,0.00000000000000000e0,0.00000000000000000e0
3,5,0,5.46875000000000000e-2,0.00000000000000000e0,0.00000000000000000e0
4,5,0,7.03125000000000000e-2,0.00000000000000000e0,0.00000000000000000e0
5,5,0,8.59375000000000000e-2,0.00000000000000000e0,0.00000000000000000e0
6,5,0,1.01562500000000000e-1,0.00000000000000000e0,0.00000000000000000e0
7,5,0,1.17187500000000000e-1,0.00000000000000000e0,0.00000000000000000e0
8,5,0,1.32812500000000000e-1,0.00000000000000000e0,0.00000000000000000e0
9,5,0,1.48437500000000000e-1,0.00000000000000000e0,0.00000000000000000e0
10,5,0,1.64062500000000000e-1,0.00000000000000000e0,0.00000000000000000e0
11,5,0,1.79687500000000000e-1,0.00000000000000000e0,0.00000000000000000e0
12,5,0,1.95312500000000000e-1,0.00000000000000000e0,0.00000000000000000e0
13,5,0,2.10937500000000000e-1,0.00000000000000000e0,0.00000000000000000e0
14,5,0,2.26562500000000000e-1,0.00000000000000000e0,0.00000000000000000e0
15,5,0,2.42187500000000000e-1,0.00000000000000000e0,0.00000000000000000e0
16,5,0,2.57812500000000000e-1,9.71595283185769251e-5,0.00000000000000000e0
17,5,0,2.73437500000000000e-1,9.85475215802706413e-4,0.00000000000000000e0
18,5,0,2.89062500000000000e-1,4.98289580948128169e-3,0.00000000000000000e0
19,5,0,3.04687500000000000e-1,1.67848042289132603e-2,0.00000000000000000e0
20,5,0,3.20312500000000000e-1,4.24961047141043449e-2,0.00000000000000000e0
21,5,0,3.35937500000000000e-1,8.65726198315748818e-2,0.00000000000000000e0
22,5,0,3.51562500000000000e-1,1.48489629163259973e-1,0.00000000000000000e0
23,5,0,3.67187500000000000e-1,2.21779150413010301e-1,0.00000000000000000e0
24,5,0,3.82812500000000000e-1,2.96377413113650401e-1,0.00000000000000000e0
25,5,0,3.98437500000000000e-1,3.62686979958665334e-1,0.00000000000000000e0
26,5,0,4.14062500000000000e-1,4.14787353908321943e-1,0.00000000000000000e0
27,5,0,4.29687500000000000e-1,4.51325278496395199e-1,0.00000000000000000e0
28,5,0,4.45312500000000000e-1,4.74378969010301244e-1,0.00000000000000000e0
29,5,0,4.60937500000000000e-1,4.87552506446822131e-1,0.00000000000000000e0
30,5,0,4.76562500000000000e-1,4.94408122867871669e-1,0.00000000000000000e0
31,5,0,4.92187500000000000e-1,4.97672702115993237e-1,0.00000000000000000e0
32,5,0,5.07812500000000000e-1,4.99003796008730183e-1,0.00000000000000000e0
33,5,0,5.23437500000000000e-1,4.98691582541505363e-1,0.00000000000000000e0
34,5,0,5.39062500000000000e-1,4.94909057220463466e-1,0.00000000000000000e0
35,5,0,5.54687500000000000e-1,4.83181473481791801e-1,0.00000000000000000e0
36,5,0,5.70312500000000000e-1,4.57494063072556023e-1,0.00000000000000000e0
37,5,0,5.85937500000000000e-1,4.13424698726114537e-1,0.00000000000000000e0
38,5,0,6.01562500000000000e-1,3.51509686038281921e-1,0.00000000000000000e0
39,5,0,6.17187500000000000e-1,2.78220685652139310e-1,0.00000000000000000e0
40,5,0,6.32812500000000000e-1,2.03622550067018515e-1,0.00000000000000000e0
41,5,0,6.48437500000000000e-1,1.37313012276977786e-1,0.00000000000000000e0
42,5,0,6.64062500000000000e-1,8.52126445533879784e-2,0.00000000000000000e0
43,5,0,6.79687500000000000e-1,4.86747212171193891e-2,0.00000000000000000e0
44,5,0,6.95312500000000000e-1,2.56210309395275802e-2,0.00000000000000000e0
45,5,0,7.10937500000000000e-1,1.24474935449197452e-2,0.00000000000000000e0
46,5,0,7.26562500000000000e-1,5.59187713086082595e-3,0.00000000000000000e0
47,5,0,7.42187500000000000e-1,2.32729788383927638e-3,0.00000000000000000e0
48,5,0,7.57812500000000000e-1,8.99044462949800558e-4,0.00000000000000000e0
49,5,0,7.73437500000000000e-1,3.22942242716394183e-4,0.00000000000000000e0
50,5,0,7.89062500000000000e-1,1.08046970084226627e-4,0.00000000000000000e0
51,5,0,8.04687500000000000e-1,3.37222893235792072e-5,0.00000000000000000e0
52,5,0,8.20312500000000000e-1,9.83221336472625563e-6,0.00000000000000000e0
53,5,0,8.35937500000000000e-1,2.68144232941550946e-6,0.00000000000000000e0
54,5,0,8.51562500000000000e-1,6.84798468905880183e-7,0.00000000000000000e0
55,5,0,8.67187500000000000e-1,1.63934853120685507e-7,0.00000000000000000e0
56,5,0,8.82812500000000000e-1,3.68193278397683513e-8,0.00000000000000000e0
57,5,0,8.98437500000000000e-1,7.76435063270101238e-9,0.00000000000000000e0
58,5,0,9.14062500000000000e-1,1.53828408832939523e-9,0.00000000000000000e0
59,5,0,9.29687500000000000e-1,2.86482349249383795e-10,0.00000000000000000e0
60,5,0,9.45312500000000000e-1,5.01728372801974764e-11,0.00000000000000000e0
61,5,0,9.60937500000000000e-1,8.26573170930724797e-12,0.00000000000000000e0
62,5,0,9.76562500000000000e-1,1.28121411415886558e-12,0.00000000000000000e0
63,5,0,9.92187500000000000e-1,1.86865735195523108e-13,0.00000000000000000e0
0,6,0,7.81250000000000000e-3,0.00000000000000000e0,0.00000000000000000e0
1,6,0,2.34375000000000000e-2,0.00000000000000000e0,0.00000000000000000e0
2,6,0,3.90625000000000000e-2,0.00000000000000000e0,0.00000000000000000e0
3,6,0,5.46875000000000000e-2,0.00000000000000000e0,0.00000000000000000e0
4,6,0,7.03125000000000000e-2,0.00000000000000000e0,0.00000000000000000e0
5,6,0,8.59375000000000000e-2,0.00000000000000000e0,0.00000000000000000e0
6,6,0,1.01562500000000000e-1,0.00000000000000000e0,0.00000000000000000e0
7,6,0,1.17187500000000000e-1,0.00000000000000000e0,0.00000000000000000e0
8,6,0,1.32812500000000000e-1,0.00000000000000000e0,0.00000000000000000e0
9,6,0,1.48437500000000000e-1,0.00000000000000000e0,0.00000000000000000e0
10,6,0,1.64062500000000000e-1,0.00000000000000000e0,0.00000000000000000e0
11,6,0,1.79687500000000000e-1,0.00000000000000000e0,0.00000000000000000e0
12,6,0,1.95312500000000000e-1,0.00000000000000000e0,0.00000000000000000e0
13,6,0,2.10937500000000000e-1,0.00000000000000000e0,0.00000000000000000e0
14,6,0,2.26562500000000000e-1,0.00000000000000000e0,0.00000000000000000e0
15,6,0,2.42187500000000000e-1,0.00000000000000000e0,0.00000000000000000e0
16,6,0,2.57812500000000000e-1,9.71595283185729949e-5,0.00000000000000000e0
17,6,0,2.73437500000000000e-1,9.85475215802666948e-4,0.00000000000000000e0
18,6,0,2.89062500000000000e-1,4.98289580948108046e-3,0.00000000000000000e0
19,6,0,3.04687500000000000e-1,1.67848042289125629e-2,0.00000000000000000e0
20,6,0,3.20312500000000000e-1,4.24961047141025686e-2,0.00000000000000000e0
21,6,0,3.35937500000000000e-1,8.65726198315711210e-2,0.00000000000000000e0
22,6,0,3.51562500000000000e-1,1.48489629163253228e-1,0.00000000000000000e0
23,6,0,3.67187500000000000e-1,2.21779150412999559e-1,0.00000000000000000e0
24,6,0,3.82812500000000000e-1,2.96377413113634636e-1,0.00000000000000000e0
25,6,0,3.98437500000000000e-1,3.62686979958644296e-1,0.00000000000000000e0
26,6,0,4.14062500000000000e-1,4.14787353908295853e-1,0.00000000000000000e0
27,6,0,4.29687500000000000e-1,4.51325278496364890e-1,0.00000000000000000e0
28,6,0,4.45312500000000000e-1,4.74378969010267826e-1,0.00000000000000000e0
29,6,0,4.60937500000000000e-1,4.87552506446786937e-1,0.00000000000000000e0
30,6,0,4.76562500000000000e-1,4.94408122867836253e-1,0.00000000000000000e0
31,6,0,4.92187500000000000e-1,4.97672702115959320e-1,0.00000000000000000e0
32,6,0,5.07812500000000000e-1,4.99003796008699263e-1,0.00000000000000000e0
33,6,0,5.23437500000000000e-1,4.98691582541478329e-1,0.00000000000000000e0
34,6,0,5.39062500000000000e-1,4.94909057220441095e-1,0.00000000000000000e0
35,6,0,5.54687500000000000e-1,4.83181473481775092e-1,0.00000000000000000e0
36,6,0,5.70312500000000000e-1,4.57494063072545532e-1,0.00000000000000000e0
37,6,0,5.85937500000000000e-1,4.13424698726109763e-1,0.00000000000000000e0
38,6,0,6.01562500000000000e-1,3.51509686038281643e-1,0.00000000000000000e0
39,6,0,6.17187500000000000e-1,2.78220685652141975e-1,0.00000000000000000e0
40,6,0,6.32812500000000000e-1,2.03622550067022484e-1,0.00000000000000000e0
41,6,0,6.48437500000000000e-1,1.37313012276981700e-1,0.00000000000000000e0
42,6,0,6.64062500000000000e-1,8.52126445533910731e-2,0.00000000000000000e0
43,6,0,6.79687500000000000e-1,4.86747212171214916e-2,0.00000000000000000e0
44,6,0,6.95312500000000000e-1,2.56210309395288396e-2,0.00000000000000000e0
45,6,0,7.10937500000000000e-1,1.24474935449204235e-2,0.00000000000000000e0
46,6,0,7.26562500000000000e-1,5.59187713086115642e-3,0.00000000000000000e0
47,6,0,7.42187500000000000e-1,2.32729788383942166e-3,0.00000000000000000e0
48,6,0,7.57812500000000000e-1,8.99044462949858780e-4,0.00000000000000000e0
49,6,0,7.73437500000000000e-1,3.22942242716415596e-4,0.00000000000000000e0
50,6,0,7.89062500000000000e-1,1.08046970084233905e-4,0.00000000000000000e0
51,6,0,8.04687500000000000e-1,3.37222893235814908e-5,0.00000000000000000e0
52,6,0,8.20312500000000000e-1,9.83221336472691801e-6,0.00000000000000000e0
53,6,0,8.35937500000000000e-1,2.68144232941568818e-6,0.00000000000000000e0
54,6,0,8.51562500000000000e-1,6.84798468905925076e-7,0.00000000000000000e0
55,6,0,8.67187500000000000e-1,1.63934853120695963e-7,0.00000000000000000e0
56,6,0,8.82812500000000000e-1,3.68193278397706211e-8,0.00000000000000000e0
57,6,0,8.98437500000000000e-1,7.76435063270147395e-9,0.00000000000000000e0
58,6,0,9.14062500000000000e-1,1.53828408832948188e-9,0.00000000000000000e0
59,6,0,9.29687500000000000e-1,2.86482349249398995e-10,0.00000000000000000e0
60,6,0,9.45312500000000000e-1,5.01728372801999903e-11,0.00000000000000000e0
61,6,0,9.60937500000000000e-1,8.26573170930762925e-12,0.00000000000000000e0
62,6,0,9.76562500000000000e-1,1.28121411415892011e-12,0.00000000000000000e0
63,6,0,9.92187500000000000e-1,1.86865735195530403e-13,0.00000000000000000e0
0,7,0,7.81250000000000000e-3,0.00000000000000000e0,0.00000000000000000e0
1,7,0,2.34375000000000000e-2,0.00000000000000000e0,0.00000000000000000e0
2,7,0,3.90625000000000000e-2,0.00000000000000000e0,0.00000000000000000e0
3,7,0,5.46875000000000000e-2,0.00000000000000000e0,0.00000000000000000e0
4,7,0,7.03125000000000000e-2,0.00000000000000000e0,0.00000000000000000e0
5,7,0,8.59375000000000000e-2,0.00000000000000000e0,0.00000000000000000e0
6,7,0,1.01562500000000000e-1,0.00000000000000000e0,0.00000000000000000e0
7,7,0,1.17187500000000000e-1,0.00000000000000000e0,0.00000000000000000e0
8,7,0,1.32812500000000000e-1,0.00000000000000000e0,0.00000000000000000e0
9,7,0,1.48437500000000000e-1,0.00000000000000000e0,0.00000000000000000e0
10,7,0,1.64062500000000000e-1,0.00000000000000000e0,0.00000000000000000e0
11,7,0,1.79687500000000000e-1,0.00000000000000000e0,0.00000000000000000e0
12,7,0,1.95312500000000000e-1,0.00000000000000000e0,0.00000000000000000e0
13,7,0,2.10937500000000000e-1,0.00000000000000000e0,0.00000000000000000e0
14,7,0,2.26562500000000000e-1,0.00000000000000000e0,0.00000000000000000e0
15,7,0,2.42187500000000000e-1,0.00000000000000000e0,0.00000000000000000e0
16,7,0,2.57812500000000000e-1,9.71595283185814381e-5,0.00000000000000000e0
17,7,0,2.73437500000000000e-1,9.85475215802762575e-4,0.00000000000000000e0
18,7,0,2.89062500000000000e-1,4.98289580948161823e-3,0.00000000000000000e0
19,7,0,3.04687500000000000e-1,1.67848042289145301e-2,0.00000000000000000e0
20,7,0,3.20312500000000000e-1,4.24961047141078838e-2,0.00000000000000000e0
21,7,0,3.35937500000000000e-1,8.65726198315825701e-2,0.00000000000000000e0
22,7,0,3.51562500000000000e-1,1.48489629163273684e-1,0.00000000000000000e0
23,7,0,3.67187500000000000e-1,2.21779150413030951e-1,0.00000000000000000e0
24,7,0,3.82812500000000000e-1,2.96377413113677046e-1,0.00000000000000000e0
25,7,0,3.98437500000000000e-1,3.62686979958695754e-1,0.00000000000000000e0
26,7,0,4.14062500000000000e-1,4.14787353908352585e-1,0.00000000000000000e0
27,7,0,4.29687500000000000e-1,4.51325278496422122e-1,0.00000000000000000e0
28,7,0,4.45312500000000000e-1,4.74378969010321117e-1,0.00000000000000000e0
29,7,0,4.60937500000000000e-1,4.87552506446832179e-1,0.00000000000000000e0
30,7,0,4.76562500000000000e-1,4.94408122867870281e-1,0.00000000000000000e0
31,7,0,4.92187500000000000e-1,4.97672702115979859e-1,0.00000000000000000e0
32,7,0,5.07812500000000000e-1,4.99003796008704703e-1,0.00000000000000000e0
33,7,0,5.23437500000000000e-1,4.98691582541469114e-1,0.00000000000000000e0
34,7,0,5.39062500000000000e-1,4.94909057220418613e-1,0.00000000000000000e0
35,7,0,5.54687500000000000e-1,4.83181473481741564e-1,0.00000000000000000e0
36,7,0,5.70312500000000000e-1,4.57494063072504675e-1,0.00000000000000000e0
37,7,0,5.85937500000000000e-1,4.13424698726066631e-1,0.00000000000000000e0
38,7,0,6.01562500000000000e-1,3.51509686038240843e-1,0.00000000000000000e0
39,7,0,6.17187500000000000e-1,2.78220685652107447e-1,0.00000000000000000e0
40,7,0,6.32812500000000000e-1,2.03622550066996089e-1,0.00000000000000000e0
41,7,0,6.48437500000000000e-1,1.37313012276963409e-1,0.00000000000000000e0
42,7,0,6.64062500000000000e-1,8.52126445533795684e-2,0.00000000000000000e0
43,7,0,6.79687500000000000e-1,4.86747212171149135e-2,0.00000000000000000e0
44,7,0,6.95312500000000000e-1,2.56210309395254084e-2,0.00000000000000000e0
45,7,0,7.10937500000000000e-1,1.24474935449187911e-2,0.00000000000000000e0
46,7,0,7.26562500000000000e-1,5.59187713086044518e-3,0.00000000000000000e0
47,7,0,7.42187500000000000e-1,2.32729788383913847e-3,0.00000000000000000e0
48,7,0,7.57812500000000000e-1,8.99044462949755022e-4,0.00000000000000000e0
49,7,0,7.73437500000000000e-1,3.22942242716380359e-4,0.00000000000000000e0
50,7,0,7.89062500000000000e-1,1.08046970084222833e-4,0.00000000000000000e0
51,7,0,8.04687500000000000e-1,3.37222893235782518e-5,0.00000000000000000e0
52,7,0,8.20312500000000000e-1,9.83221336472603032e-6,0.00000000000000000e0
53,7,0,8.35937500000000000e-1,2.68144232941545991e-6,0.00000000000000000e0
54,7,0,8.51562500000000000e-1,6.84798468905870019e-7,0.00000000000000000e0
55,7,0,8.67187500000000000e-1,1.63934853120683575e-7,0.00000000000000000e0
56,7,0,8.82812500000000000e-1,3.68193278397679940e-8,0.00000000000000000e0
57,7,0,8.98437500000000000e-1,7.76435063270095117e-9,0.00000000000000000e0
58,7,0,9.14062500000000000e-1,1.53828408832938510e-9,0.00000000000000000e0
59,7,0,9.29687500000000000e-1,2.86482349249382089e-10,0.00000000000000000e0
60,7,0,9.45312500000000000e-1,5.01728372801971986e-11,0.00000000000000000e0
61,7,0,9.60937500000000000e-1,8.26573170930719627e-12,0.00000000000000000e0
62,7,0,9.76562500000000000e-1,1.28121411415885690e-12,0.00000000000000000e0
63,7,0,9.92187500000000000e-1,1.86865735195521770e-13,0.00000000000000000e0
0,0,1,7.81250000000000000e-3,0.00000000000000000e0,0.00000000000000000e0
1,0,1,2.34375000000000000e-2,0.00000000000000000e0,0.00000000000000000e0
2,0,1,3.90625000000000000e-2,0.00000000000000000e0,0.00000000000000000e0
3,0,1,5.46875000000000000e-2,0.00000000000000000e0,0.00000000000000000e0
4,0,1,7.03125000000000000e-2,0.00000000000000000e0,0.00000000000000000e0
5,0,1,8.59375000000000000e-2,0.00000000000000000e0,0.00000000000000000e0
6,0,1,1.01562500000000000e-1,0.00000000000000000e0,0.00000000000000000e0
7,0,1,1.17187500000000000e-1,0.00000000000000000e0,0.00000000000000000e0
8,0,1,1.32812500000000000e-1,0.00000000000000000e0,0.00000000000000000e0
9,0,1,1.48437500000000000e-1,0.00000000000000000e0,0.00000000000000000e0
10,0,1,1.64062500000000000e-1,0.00000000000000000e0,0.00000000000000000e0
11,0,1,1.79687500000000000e-1,0.00000000000000000e0,0.00000000000000000e0
12,0,1,1.95312500000000000e-1,0.00000000000000000e0,0.00000000000000000e0
13,0,1,2.10937500000000000e-1,0.00000000000000000e0,0.00000000000000000e0
14,0,1,2.26562500000000000e-1,0.00000000000000000e0,0.00000000000000000e0
15,0,1,2.42187500000000000e-1,0.00000000000000000e0,0.00000000000000000e0
16,0,1,2.57812500000000000e-1,9.71595283185816279e-5,0.00000000000000000e0
17,0,1,2.73437500000000000e-1,9.85475215802750432e-4,0.00000000000000000e0
18,0,1,2.89062500000000000e-1,4.98289580948147771e-3,0.00000000000000000e0
19,0,1,3.04687500000000000e-1,1.67848042289138084e-2,0.00000000000000000e0
20,0,1,3.20312500000000000e-1,4.24961047141053996e-2,0.00000000000000000e0
21,0,1,3.35937500000000000e-1,8.65726198315761447e-2,0.00000000000000000e0
22,0,1,3.51562500000000000e-1,1.48489629163260473e-1,0.00000000000000000e0
23,0,1,3.67187500000000000e-1,2.21779150413008358e-1,0.00000000000000000e0
24,0,1,3.82812500000000000e-1,2.96377413113643351e-1,0.00000000000000000e0
25,0,1,3.98437500000000000e-1,3.62686979958651290e-1,0.00000000000000000e0
26,0,1,4.14062500000000000e-1,4.14787353908299516e-1,0.00000000000000000e0
27,0,1,4.29687500000000000e-1,4.51325278496363502e-1,0.00000000000000000e0
28,0,1,4.45312500000000000e-1,4.74378969010260387e-1,0.00000000000000000e0
29,0,1,4.60937500000000000e-1,4.87552506446772005e-1,0.00000000000000000e0
30,0,1,4.76562500000000000e-1,4.94408122867812994e-1,0.00000000000000000e0
31,0,1,4.92187500000000000e-1,4.97672702115927013e-1,0.00000000000000000e0
32,0,1,5.07812500000000000e-1,4.99003796008657574e-1,0.00000000000000000e0
33,0,1,5.23437500000000000e-1,4.98691582541427481e-1,0.00000000000000000e0
34,0,1,5.39062500000000000e-1,4.94909057220381976e-1,0.00000000000000000e0
35,0,1,5.54687500000000000e-1,4.83181473481709700e-1,0.00000000000000000e0
36,0,1,5.70312500000000000e-1,4.57494063072477475e-1,0.00000000000000000e0
37,0,1,5.85937500000000000e-1,4.13424698726044593e-1,0.00000000000000000e0
38,0,1,6.01562500000000000e-1,3.51509686038224523e-1,0.00000000000000000e0
39,0,1,6.17187500000000000e-1,2.78220685652096233e-1,0.00000000000000000e0
40,0,1,6.32812500000000000e-1,2.03622550066989288e-1,0.00000000000000000e0
41,0,1,6.48437500000000000e-1,1.37313012276959800e-1,0.00000000000000000e0
42,0,1,6.64062500000000000e-1,8.52126445533779170e-2,0.00000000000000000e0
43,0,1,6.79687500000000000e-1,4.86747212171143098e-2,0.00000000000000000e0
44,0,1,6.95312500000000000e-1,2.56210309395252557e-2,0.00000000000000000e0
45,0,1,7.10937500000000000e-1,1.24474935449187876e-2,0.00000000000000000e0
46,0,1,7.26562500000000000e-1,5.59187713086047034e-3,0.00000000000000000e0
47,0,1,7.42187500000000000e-1,2.32729788383915668e-3,0.00000000000000000e0
48,0,1,7.57812500000000000e-1,8.99044462949764455e-4,0.00000000000000000e0
49,0,1,7.73437500000000000e-1,3.22942242716384316e-4,0.00000000000000000e0
50,0,1,7.89062500000000000e-1,1.08046970084224161e-4,0.00000000000000000e0
51,0,1,8.04687500000000000e-1,3.37222893235786380e-5,0.00000000000000000e0
52,0,1,8.20312500000000000e-1,9.83221336472613366e-6,0.00000000000000000e0
53,0,1,8.35937500000000000e-1,2.68144232941548447e-6,0.00000000000000000e0
54,0,1,8.51562500000000000e-1,6.84798468905875418e-7,0.00000000000000000e0
55,0,1,8.67187500000000000e-1,1.63934853120684581e-7,0.00000000000000000e0
56,0,1,8.82812500000000000e-1,3.68193278397681462e-8,0.00000000000000000e0
57,0,1,8.98437500000000000e-1,7.76435063270096772e-9,0.00000000000000000e0
58,0,1,9.14062500000000000e-1,1.53828408832938572e-9,0.00000000000000000e0
59,0,1,9.29687500000000000e-1,2.86482349249381831e-10,0.00000000000000000e0
60,0,1,9.45312500000000000e-1,5.01728372801971339e-11,0.00000000000000000e0
61,0,1,9.60937500000000000e-1,8.26573170930718819e-12,0.00000000000000000e0
62,0,1,9.76562500000000000e-1,1.28121411415885629e-12,0.00000000000000000e0
63,0,1,9.92187500000000000e-1,1.86865735195521871e-13,0.00000000000000000e0
0,1,1,7.81250000000000000e-3,0.00000000000000000e0,0.00000000000000000e0
1,1,1,2.34375000000000000e-2,0.00000000000000000e0,0.00000000000000000e0
2,1,1,3.90625000000000000e-2,0.00000000000000000e0,0.00000000000000000e0
3,1,1,5.46875000000000000e-2,0.00000000000000000e0,0.00000000000000000e0
4,1,1,7.03125000000000000e-2,0.00000000000000000e0,0.00000000000000000e0
5,1,1,8.59375000000000000e-2,0.00000000000000000e0,0.00000000000000000e0
6,1,1,1.01562500000000000e-1,0.00000000000000000e0,0.00000000000000000e0
7,1,1,1.17187500000000000e-1,0.00000000000000000e0,0.00000000000000000e0
8,1,1,1.32812500000000000e-1,0.00000000000000000e0,0.00000000000000000e0
9,1,1,1.48437500000000000e-1,0.00000000000000000e0,0.00000000000000000e0
10,1,1,1.64062500000000000e-1,0.00000000000000000e0,0.00000000000000000e0
11,1,1,1.79687500000000000e-1,0.00000000000000000e0,0.00000000000000000e0
12,1,1,1.95312500000000000e-1,0.00000000000000000e0,0.00000000000000000e0
13,1,1,2.10937500000000000e-1,0.00000000000000000e0,0.00000000000000000e0
14,1,1,2.26562500000000000e-1,0.00000000000000000e0,0.00000000000000000e0
15,1,1,2.42187500000000000e-1,0.00000000000000000e0,0.00000000000000000e0
16,1,1,2.57812500000000000e-1,9.71595283185793646e-5,0.00000000000000000e0
17,1,1,2.73437500000000000e-1,9.85475215802733302e-4,0.00000000000000000e0
18,1,1,2.89062500000000000e-1,4.98289580948142654e-3,0.00000000000000000e0
19,1,1,3.04687500000000000e-1,1.67848042289137460e-2,0.00000000000000000e0
20,1,1,3.20312500000000000e-1,4.24961047141055245e-2,0.00000000000000000e0
21,1,1,3.35937500000000000e-1,8.65726198315769774e-2,0.00000000000000000e0
22,1,1,3.51562500000000000e-1,1.48489629163262832e-1,0.00000000000000000e0
23,1,1,3.67187500000000000e-1,2.21779150413012965e-1,0.00000000000000000e0
24,1,1,3.82812500000000000e-1,2.96377413113651234e-1,0.00000000000000000e0
25,1,1,3.98437500000000000e-1,3.62686979958662670e-1,0.00000000000000000e0
26,1,1,4.14062500000000000e-1,4.14787353908314338e-1,0.00000000000000000e0
27,1,1,4.29687500000000000e-1,4.51325278496381765e-1,0.00000000000000000e0
28,1,1,4.45312500000000000e-1,4.74378969010281537e-1,0.00000000000000000e0
29,1,1,4.60937500000000000e-1,4.87552506446795875e-1,0.00000000000000000e0
30,1,1,4.76562500000000000e-1,4.94408122867838695e-1,0.00000000000000000e0
31,1,1,4.92187500000000000e-1,4.97672702115954046e-1,0.00000000000000000e0
32,1,1,5.07812500000000000e-1,4.99003796008685829e-1,0.00000000000000000e0
33,1,1,5.23437500000000000e-1,4.98691582541456957e-1,0.00000000000000000e0
34,1,1,5.39062500000000000e-1,4.94909057220413062e-1,0.00000000000000000e0
35,1,1,5.54687500000000000e-1,4.83181473481741675e-1,0.00000000000000000e0
36,1,1,5.70312500000000000e-1,4.57494063072508950e-1,0.00000000000000000e0
37,1,1,5.85937500000000000e-1,4.13424698726073014e-1,0.00000000000000000e0
38,1,1,6.01562500000000000e-1,3.51509686038248170e-1,0.00000000000000000e0
39,1,1,6.17187500000000000e-1,2.78220685652114164e-1,0.00000000000000000e0
40,1,1,6.32812500000000000e-1,2.03622550067001418e-1,0.00000000000000000e0
41,1,1,6.48437500000000000e-1,1.37313012276967239e-1,0.00000000000000000e0
42,1,1,6.64062500000000000e-1,8.52126445533820109e-2,0.00000000000000000e0
43,1,1,6.79687500000000000e-1,4.86747212171163290e-2,0.00000000000000000e0
44,1,1,6.95312500000000000e-1,2.56210309395261543e-2,0.00000000000000000e0
45,1,1,7.10937500000000000e-1,1.24474935449191484e-2,0.00000000000000000e0
46,1,1,7.26562500000000000e-1,5.59187713086059784e-3,0.00000000000000000e0
47,1,1,7.42187500000000000e-1,2.32729788383919702e-3,0.00000000000000000e0
48,1,1,7.57812500000000000e-1,8.99044462949776164e-4,0.00000000000000000e0
49,1,1,7.73437500000000000e-1,3.22942242716387569e-4,0.00000000000000000e0
50,1,1,7.89062500000000000e-1,1.08046970084225028e-4,0.00000000000000000e0
51,1,1,8.04687500000000000e-1,3.37222893235788820e-5,0.00000000000000000e0
52,1,1,8.20312500000000000e-1,9.83221336472619973e-6,0.00000000000000000e0
53,1,1,8.35937500000000000e-1,2.68144232941550226e-6,0.00000000000000000e0
54,1,1,8.51562500000000000e-1,6.84798468905880395e-7,0.00000000000000000e0
55,1,1,8.67187500000000000e-1,1.63934853120685931e-7,0.00000000000000000e0
56,1,1,8.82812500000000000e-1,3.68193278397684969e-8,0.00000000000000000e0
57,1,1,8.98437500000000000e-1,7.76435063270105209e-9,0.00000000000000000e0
58,1,1,9.14062500000000000e-1,1.53828408832940433e-9,0.00000000000000000e0
59,1,1,9.29687500000000000e-1,2.86482349249385553e-10,0.00000000000000000e0
60,1,1,9.45312500000000000e-1,5.01728372801977931e-11,0.00000000000000000e0
61,1,1,9.60937500000000000e-1,8.26573170930729320e-12,0.00000000000000000e0
62,1,1,9.76562500000000000e-1,1.28121411415887164e-12,0.00000000000000000e0
63,1,1,9.92187500000000000e-1,1.86865735195523840e-13,0.00000000000000000e0
0,2,1,7.81250000000000000e-3,0.00000000000000000e0,0.00000000000000000e0
1,2,1,2.34375000000000000e-2,0.00000000000000000e0,0.00000000000000000e0
2,2,1,3.90625000000000000e-2,0.00000000000000000e0,0.00000000000000000e0
3,2,1,5.46875000000000000e-2,0.00000000000000000e0,0.00000000000000000e0
4,2,1,7.03125000000000000e-2,0.00000000000000000e0,0.00000000000000000e0
5,2,1,8.59375000000000000e-2,0.00000000000000000e0,0.00000000000000000e0
6,2,1,1.01562500000000000e-1,0.00000000000000000e0,0.00000000000000000e0
7,2,1,1.17187500000000000e-1,0.00000000000000000e0,0.00000000000000000e0
8,2,1,1.32812500000000000e-1,0.00000000000000000e0,0.00000000000000000e0
9,2,1,1.48437500000000000e-1,0.00000000000000000e0,0.00000000000000000e0
10,2,1,1.64062500000000000e-1,0.00000000000000000e0,0.00000000000000000e0
11,2,1,1.79687500000000000e-1,0.00000000000000000e0,0.00000000000000000e0
12,2,1,1.95312500000000000e-1,0.00000000000000000e0,0.00000000000000000e0
13,2,1,2.10937500000000000e-1,0.00000000000000000e0,0.00000000000000000e0
14,2,1,2.26562500000000000e-1,0.00000000000000000e0,0.00000000000000000e0
15,2,1,2.42187500000000000e-1,0.00000000000000000e0,0.00000000000000000e0
16,2,1,2.57812500000000000e-1,9.71595283185773724e-5,0.00000000000000000e0
17,2,1,2.73437500000000000e-1,9.85475215802717472e-4,0.00000000000000000e0
18,2,1,2.89062500000000000e-1,4.98289580948137710e-3,0.00000000000000000e0
19,2,1,3.04687500000000000e-1,1.67848042289136870e-2,0.00000000000000000e0
20,2,1,3.20312500000000000e-1,4.24961047141056980e-2,0.00000000000000000e0
21,2,1,3.35937500000000000e-1,8.65726198315781431e-2,0.00000000000000000e0
22,2,1,3.51562500000000000e-1,1.48489629163266273e-1,0.00000000000000000e0
23,2,1,3.67187500000000000e-1,2.21779150413020210e-1,0.00000000000000000e0
24,2,1,3.82812500000000000e-1,2.96377413113663335e-1,0.00000000000000000e0
25,2,1,3.98437500000000000e-1,3.62686979958679601e-1,0.00000000000000000e0
26,2,1,4.14062500000000000e-1,4.14787353908334933e-1,0.00000000000000000e0
27,2,1,4.29687500000000000e-1,4.51325278496404636e-1,0.00000000000000000e0
28,2,1,4.45312500000000000e-1,4.74378969010305351e-1,0.00000000000000000e0
29,2,1,4.60937500000000000e-1,4.87552506446820078e-1,0.00000000000000000e0
30,2,1,4.76562500000000000e-1,4.94408122867863120e-1,0.00000000000000000e0
31,2,1,4.92187500000000000e-1,4.97672702115978138e-1,0.00000000000000000e0
32,2,1,5.07812500000000000e-1,4.99003796008708200e-1,0.00000000000000000e0
33,2,1,5.23437500000000000e-1,4.98691582541477552e-1,0.00000000000000000e0
34,2,1,5.39062500000000000e-1,4.94909057220431381e-1,0.00000000000000000e0
35,2,1,5.54687500000000000e-1,4.83181473481757773e-1,0.00000000000000000e0
36,2,1,5.70312500000000000e-1,4.57494063072522994e-1,0.00000000000000000e0
37,2,1,5.85937500000000000e-1,4.13424698726084894e-1,0.00000000000000000e0
38,2,1,6.01562500000000000e-1,3.51509686038257829e-1,0.00000000000000000e0
39,2,1,6.17187500000000000e-1,2.78220685652121213e-1,0.00000000000000000e0
40,2,1,6.32812500000000000e-1,2.03622550067006219e-1,0.00000000000000000e0
41,2,1,6.48437500000000000e-1,1.37313012276970181e-1,0.00000000000000000e0
42,2,1,6.64062500000000000e-1,8.52126445533836208e-2,0.00000000000000000e0
43,2,1,6.79687500000000000e-1,4.86747212171170715e-2,0.00000000000000000e0
44,2,1,6.95312500000000000e-1,2.56210309395264561e-2,0.00000000000000000e0
45,2,1,7.10937500000000000e-1,1.24474935449192439e-2,0.00000000000000000e0
46,2,1,7.26562500000000000e-1,5.59187713086062039e-3,0.00000000000000000e0
47,2,1,7.42187500000000000e-1,2.32729788383919832e-3,0.00000000000000000e0
48,2,1,7.57812500000000000e-1,8.99044462949773128e-4,0.00000000000000000e0
49,2,1,7.73437500000000000e-1,3.22942242716385346e-4,0.00000000000000000e0
50,2,1,7.89062500000000000e-1,1.08046970084223985e-4,0.00000000000000000e0
51,2,1,8.04687500000000000e-1,3.37222893235784822e-5,0.00000000000000000e0
52,2,1,8.20312500000000000e-1,9.83221336472607606e-6,0.00000000000000000e0
53,2,1,8.35937500000000000e-1,2.68144232941546880e-6,0.00000000000000000e0
54,2,1,8.51562500000000000e-1,6.84798468905871819e-7,0.00000000000000000e0
55,2,1,8.67187500000000000e-1,1.63934853120683998e-7,0.00000000000000000e0
56,2,1,8.82812500000000000e-1,3.68193278397681197e-8,0.00000000000000000e0
57,2,1,8.98437500000000000e-1,7.76435063270098426e-9,0.00000000000000000e0
58,2,1,9.14062500000000000e-1,1.53828408832939275e-9,0.00000000000000000e0
59,2,1,9.29687500000000000e-1,2.86482349249383951e-10,0.00000000000000000e0
60,2,1,9.45312500000000000e-1,5.01728372801976121e-11,0.00000000000000000e0
61,2,1,9.60937500000000000e-1,8.26573170930728190e-12,0.00000000000000000e0
62,2,1,9.76562500000000000e-1,1.28121411415887164e-12,0.00000000000000000e0
63,2,1,9.92187500000000000e-1,1.86865735195524168e-13,0.00000000000000000e0
0,3,1,7.81250000000000000e-3,0.00000000000000000e0,0.00000000000000000e0
1,3,1,2.34375000000000000e-2,0.00000000000000000e0,0.00000000000000000e0
2,3,1,3.90625000000000000e-2,0.00000000000000000e0,0.00000000000000000e0
3,3,1,5.46875000000000000e-2,0.00000000000000000e0,0.00000000000000000e0
4,3,1,7.03125000000000000e-2,0.00000000000000000e0,0.00000000000000000e0
5,3,1,8.59375000000000000e-2,0.00000000000000000e0,0.00000000000000000e0
6,3,1,1.01562500000000000e-1,0.00000000000000000e0,0.00000000000000000e0
7,3,1,1.17187500000000000e-1,0.00000000000000000e0,0.00000000000000000e0
8,3,1,1.32812500000000000e-1,0.00000000000000000e0,0.00000000000000000e0
9,3,1,1.48437500000000000e-1,0.00000000000000000e0,0.00000000000000000e0
10,3,1,1.64062500000000000e-1,0.00000000000000000e0,0.00000000000000000e0
11,3,1,1.79687500000000000e-1,0.00000000000000000e0,0.00000000000000000e0
12,3,1,1.95312500000000000e-1,0.00000000000000000e0,0.00000000000000000e0
13,3,1,2.10937500000000000e-1,0.00000000000000000e0,0.00000000000000000e0
14,3,1,2.26562500000000000e-1,0.00000000000000000e0,0.00000000000000000e0
15,3,1,2.42187500000000000e-1,0.00000000000000000e0,0.00000000000000000e0
16,3,1,2.57812500000000000e-1,9.71595283185822648e-5,0.00000000000000000e0
17,3,1,2.73437500000000000e-1,9.85475215802761057e-4,0.00000000000000000e0
18,3,1,2.89062500000000000e-1,4.98289580948155925e-3,0.00000000000000000e0
19,3,1,3.04687500000000000e-1,1.67848042289141762e-2,0.00000000000000000e0
20,3,1,3.20312500000000000e-1,4.24961047141066556e-2,0.00000000000000000e0
21,3,1,3.35937500000000000e-1,8.65726198315793505e-2,0.00000000000000000e0
22,3,1,3.51562500000000000e-1,1.48489629163267078e-1,0.00000000000000000e0
23,3,1,3.67187500000000000e-1,2.21779150413019710e-1,0.00000000000000000e0
24,3,1,3.82812500000000000e-1,2.96377413113660282e-1,0.00000000000000000e0
25,3,1,3.98437500000000000e-1,3.62686979958673161e-1,0.00000000000000000e0
26,3,1,4.14062500000000000e-1,4.14787353908324719e-1,0.00000000000000000e0
27,3,1,4.29687500000000000e-1,4.51325278496390869e-1,0.00000000000000000e0
28,3,1,4.45312500000000000e-1,4.74378969010288254e-1,0.00000000000000000e0
29,3,1,4.60937500000000000e-1,4.87552506446799427e-1,0.00000000000000000e0
30,3,1,4.76562500000000000e-1,4.94408122867839139e-1,0.00000000000000000e0
31,3,1,4.92187500000000000e-1,4.97672702115951771e-1,0.00000000000000000e0
32,3,1,5.07812500000000000e-1,4.99003796008682166e-1,0.00000000000000000e0
33,3,1,5.23437500000000000e-1,4.98691582541453848e-1,0.00000000000000000e0
34,3,1,5.39062500000000000e-1,4.94909057220411286e-1,0.00000000000000000e0
35,3,1,5.54687500000000000e-1,4.83181473481742174e-1,0.00000000000000000e0
36,3,1,5.70312500000000000e-1,4.57494063072512114e-1,0.00000000000000000e0
37,3,1,5.85937500000000000e-1,4.13424698726078732e-1,0.00000000000000000e0
38,3,1,6.01562500000000000e-1,3.51509686038255664e-1,0.00000000000000000e0
39,3,1,6.17187500000000000e-1,2.78220685652122324e-1,0.00000000000000000e0
40,3,1,6.32812500000000000e-1,2.03622550067008773e-1,0.00000000000000000e0
41,3,1,6.48437500000000000e-1,1.37313012276973012e-1,0.00000000000000000e0
42,3,1,6.64062500000000000e-1,8.52126445533859661e-2,0.00000000000000000e0
43,3,1,6.79687500000000000e-1,4.86747212171187091e-2,0.00000000000000000e0
44,3,1,6.95312500000000000e-1,2.56210309395274519e-2,0.00000000000000000e0
45,3,1,7.10937500000000000e-1,1.24474935449197834e-2,0.00000000000000000e0
46,3,1,7.26562500000000000e-1,5.59187713086087973e-3,0.00000000000000000e0
47,3,1,7.42187500000000000e-1,2.32729788383931021e-3,0.00000000000000000e0
48,3,1,7.57812500000000000e-1,8.99044462949817364e-4,0.00000000000000000e0
49,3,1,7.73437500000000000e-1,3.22942242716401176e-4,0.00000000000000000e0
50,3,1,7.89062500000000000e-1,1.08046970084229189e-4,0.00000000000000000e0
51,3,1,8.04687500000000000e-1,3.37222893235800475e-5,0.00000000000000000e0
52,3,1,8.20312500000000000e-1,9.83221336472650635e-6,0.00000000000000000e0
53,3,1,8.35937500000000000e-1,2.68144232941557891e-6,0.00000000000000000e0
54,3,1,8.51562500000000000e-1,6.84798468905898077e-7,0.00000000000000000e0
55,3,1,8.67187500000000000e-1,1.63934853120689795e-7,0.00000000000000000e0
56,3,1,8.82812500000000000e-1,3.68193278397693109e-8,0.00000000000000000e0
57,3,1,8.98437500000000000e-1,7.76435063270121752e-9,0.00000000000000000e0
58,3,1,9.14062500000000000e-1,1.53828408832943556e-9,0.00000000000000000e0
59,3,1,9.29687500000000000e-1,2.86482349249391137e-10,0.00000000000000000e0
60,3,1,9.45312500000000000e-1,5.01728372801987624e-11,0.00000000000000000e0
61,3,1,9.60937500000000000e-1,8.26573170930745315e-12,0.00000000000000000e0
62,3,1,9.76562500000000000e-1,1.28121411415889648e-12,0.00000000000000000e0
63,3,1,9.92187500000000000e-1,1.86865735195527627e-13,0.00000000000000000e0
0,4,1,7.81250000000000000e-3,0.00000000000000000e0,0.00000000000000000e0
1,4,1,2.34375000000000000e-2,0.00000000000000000e0,0.00000000000000000e0
2,4,1,3.90625000000000000e-2,0.00000000000000000e0,0.00000000000000000e0
3,4,1,5.46875000000000000e-2,0.00000000000000000e0,0.00000000000000000e0
4,4,1,7.03125000000000000e-2,0.00000000000000000e0,0.00000000000000000e0
5,4,1,8.59375000000000000e-2,0.00000000000000000e0,0.00000000000000000e0
6,4,1,1.01562500000000000e-1,0.00000000000000000e0,0.00000000000000000e0
7,4,1,1.17187500000000000e-1,0.00000000000000000e0,0.00000000000000000e0
8,4,1,1.32812500000000000e-1,0.00000000000000000e0,0.00000000000000000e0
9,4,1,1.48437500000000000e-1,0.00000000000000000e0,0.00000000000000000e0
10,4,1,1.64062500000000000e-1,0.00000000000000000e0,0.00000000000000000e0
11,4,1,1.79687500000000000e-1,0.00000000000000000e0,0.00000000000000000e0
12,4,1,1.95312500000000000e-1,0.00000000000000000e0,0.00000000000000000e0
13,4,1,2.10937500000000000e-1,0.00000000000000000e0,0.00000000000000000e0
14,4,1,2.26562500000000000e-1,0.00000000000000000e0,0.00000000000000000e0
15,4,1,2.42187500000000000e-1,0.00000000000000000e0,0.00000000000000000e0
16,4,1,2.57812500000000000e-1,9.71595283185903964e-5,0.00000000000000000e0
17,4,1,2.73437500000000000e-1,9.85475215802840204e-4,0.00000000000000000e0
18,4,1,2.89062500000000000e-1,4.98289580948194002e-3,0.00000000000000000e0
19,4,1,3.04687500000000000e-1,1.67848042289153697e-2,0.00000000000000000e0
20,4,1,3.20312500000000000e-1,4.24961047141093340e-2,0.00000000000000000e0
21,4,1,3.35937500000000000e-1,8.65726198315841244e-2,0.00000000000000000e0
22,4,1,3.51562500000000000e-1,1.48489629163273823e-1,0.00000000000000000e0
23,4,1,3.67187500000000000e-1,2.21779150413027454e-1,0.00000000000000000e0
24,4,1,3.82812500000000000e-1,2.96377413113668109e-1,0.00000000000000000e0
25,4,1,3.98437500000000000e-1,3.62686979958680711e-1,0.00000000000000000e0
26,4,1,4.14062500000000000e-1,4.14787353908332046e-1,0.00000000000000000e0
27,4,1,4.29687500000000000e-1,4.51325278496397586e-1,0.00000000000000000e0
28,4,1,4.45312500000000000e-1,4.74378969010294249e-1,0.00000000000000000e0
29,4,1,4.60937500000000000e-1,4.87552506446804812e-1,0.00000000000000000e0
30,4,1,4.76562500000000000e-1,4.94408122867844191e-1,0.00000000000000000e0
31,4,1,4.92187500000000000e-1,4.97672702115956433e-1,0.00000000000000000e0
32,4,1,5.07812500000000000e-1,4.99003796008686218e-1,0.00000000000000000e0
33,4,1,5.23437500000000000e-1,4.98691582541457457e-1,0.00000000000000000e0
34,4,1,5.39062500000000000e-1,4.94909057220415061e-1,0.00000000000000000e0
35,4,1,5.54687500000000000e-1,4.83181473481746171e-1,0.00000000000000000e0
36,4,1,5.70312500000000000e-1,4.57494063072516444e-1,0.00000000000000000e0
37,4,1,5.85937500000000000e-1,4.13424698726083450e-1,0.00000000000000000e0
38,4,1,6.01562500000000000e-1,3.51509686038260549e-1,0.00000000000000000e0
39,4,1,6.17187500000000000e-1,2.78220685652126765e-1,0.00000000000000000e0
40,4,1,6.32812500000000000e-1,2.03622550067012631e-1,0.00000000000000000e0
41,4,1,6.48437500000000000e-1,1.37313012276976149e-1,0.00000000000000000e0
42,4,1,6.64062500000000000e-1,8.52126445533882976e-2,0.00000000000000000e0
43,4,1,6.79687500000000000e-1,4.86747212171202981e-2,0.00000000000000000e0
44,4,1,6.95312500000000000e-1,2.56210309395284233e-2,0.00000000000000000e0
45,4,1,7.10937500000000000e-1,1.24474935449203246e-2,0.00000000000000000e0
46,4,1,7.26562500000000000e-1,5.59187713086115555e-3,0.00000000000000000e0
47,4,1,7.42187500000000000e-1,2.32729788383943858e-3,0.00000000000000000e0
48,4,1,7.57812500000000000e-1,8.99044462949871682e-4,0.00000000000000000e0
49,4,1,7.73437500000000000e-1,3.22942242716422209e-4,0.00000000000000000e0
50,4,1,7.89062500000000000e-1,1.08046970084236629e-4,0.00000000000000000e0
51,4,1,8.04687500000000000e-1,3.37222893235824734e-5,0.00000000000000000e0
52,4,1,8.20312500000000000e-1,9.83221336472723480e-6,0.00000000000000000e0
53,4,1,8.35937500000000000e-1,2.68144232941577881e-6,0.00000000000000000e0
54,4,1,8.51562500000000000e-1,6.84798468905949004e-7,0.00000000000000000e0
55,4,1,8.67187500000000000e-1,1.63934853120701786e-7,0.00000000000000000e0
56,4,1,8.82812500000000000e-1,3.68193278397719115e-8,0.00000000000000000e0
57,4,1,8.98437500000000000e-1,7.76435063270174361e-9,0.00000000000000000e0
58,4,1,9.14062500000000000e-1,1.53828408832953502e-9,0.00000000000000000e0
59,4,1,9.29687500000000000e-1,2.86482349249408714e-10,0.00000000000000000e0
60,4,1,9.45312500000000000e-1,5.01728372802016576e-11,0.00000000000000000e0
61,4,1,9.60937500000000000e-1,8.26573170930790390e-12,0.00000000000000000e0
62,4,1,9.76562500000000000e-1,1.28121411415896212e-12,0.00000000000000000e0
63,4,1,9.92187500000000000e-1,1.86865735195536512e-13,0.00000000000000000e0
0,5,1,7.81250000000000000e-3,0.00000000000000000e0,0.00000000000000000e0
1,5,1,2.34375000000000000e-2,0.00000000000000000e0,0.00000000000000000e0
2,5,1,3.90625000000000000e-2,0.00000000000000000e0,0.00000000000000000e0
3,5,1,5.46875000000000000e-2,0.00000000000000000e0,0.00000000000000000e0
4,5,1,7.03125000000000000e-2,0.00000000000000000e0,0.00000000000000000e0
5,5,1,8.59375000000000000e-2,0.00000000000000000e0,0.00000000000000000e0
6,5,1,1.01562500000000000e-1,0.00000000000000000e0,0.00000000000000000e0
7,5,1,1.17187500000000000e-1,0.00000000000000000e0,0.00000000000000000e0
8,5,1,1.32812500000000000e-1,0.00000000000000000e0,0.00000000000000000e0
9,5,1,1.48437500000000000e-1,0.00000000000000000e0,0.00000000000000000e0
10,5,1,1.64062500000000000e-1,0.00000000000000000e0,0.00000000000000000e0
11,5,1,1.79687500000000000e-1,0.00000000000000000e0,0.00000000000000000e0
12,5,1,1.95312500000000000e-1,0.00000000000000000e0,0.00000000000000000e0
13,5,1,2.10937500000000000e-1,0.00000000000000000e0,0.00000000000000000e0
14,5,1,2.26562500000000000e-1,0.00000000000000000e0,0.00000000000000000e0
15,5,1,2.42187500000000000e-1,0.00000000000000000e0,0.00000000000000000e0
16,5,1,2.57812500000000000e-1,9.71595283185840673e-5,0.00000000000000000e0
17,5,1,2.73437500000000000e-1,9.85475215802779489e-4,0.00000000000000000e0
18,5,1,2.89062500000000000e-1,4.98289580948164858e-3,0.00000000000000000e0
19,5,1,3.04687500000000000e-1,1.67848042289144676e-2,0.00000000000000000e0
20,5,1,3.20312500000000000e-1,4.24961047141073633e-2,0.00000000000000000e0
21,5,1,3.35937500000000000e-1,8.65726198315809325e-2,0.00000000000000000e0
22,5,1,3.51562500000000000e-1,1.48489629163270132e-1,0.00000000000000000e0
23,5,1,3.67187500000000000e-1,2.21779150413025067e-1,0.00000000000000000e0
24,5,1,3.82812500000000000e-1,2.96377413113669164e-1,0.00000000000000000e0
25,5,1,3.98437500000000000e-1,3.62686979958687428e-1,0.00000000000000000e0
26,5,1,4.14062500000000000e-1,4.14787353908346090e-1,0.00000000000000000e0
27,5,1,4.29687500000000000e-1,4.51325278496420346e-1,0.00000000000000000e0
28,5,1,4.45312500000000000e-1,4.74378969010326446e-1,0.00000000000000000e0
29,5,1,4.60937500000000000e-1,4.87552506446847278e-1,0.00000000000000000e0
30,5,1,4.76562500000000000e-1,4.94408122867896871e-1,0.00000000000000000e0
31,5,1,4.92187500000000000e-1,4.97672702116018717e-1,0.00000000000000000e0
32,5,1,5.07812500000000000e-1,4.99003796008755829e-1,0.00000000000000000e0
33,5,1,5.23437500000000000e-1,4.98691582541530731e-1,0.00000000000000000e0
34,5,1,5.39062500000000000e-1,4.94909057220488280e-1,0.00000000000000000e0
35,5,1,5.54687500000000000e-1,4.83181473481815393e-1,0.00000000000000000e0
36,5,1,5.70312500000000000e-1,4.57494063072577839e-1,0.00000000000000000e0
37,5,1,5.85937500000000000e-1,4.13424698726133744e-1,0.00000000000000000e0
38,5,1,6.01562500000000000e-1,3.51509686038298186e-1,0.00000000000000000e0
39,5,1,6.17187500000000000e-1,2.78220685652152300e-1,0.00000000000000000e0
40,5,1,6.32812500000000000e-1,2.03622550067028368e-1,0.00000000000000000e0
41,5,1,6.48437500000000000e-1,1.37313012276984669e-1,0.00000000000000000e0
42,5,1,6.64062500000000000e-1,8.52126445533924609e-2,0.00000000000000000e0
43,5,1,6.79687500000000000e-1,4.86747212171220953e-2,0.00000000000000000e0
44,5,1,6.95312500000000000e-1,2.56210309395290929e-2,0.00000000000000000e0
45,5,1,7.10937500000000000e-1,1.24474935449205293e-2,0.00000000000000000e0
46,5,1,7.26562500000000000e-1,5.59187713086120326e-3,0.00000000000000000e0
47,5,1,7.42187500000000000e-1,2.32729788383944291e-3,0.00000000000000000e0
48,5,1,7.57812500000000000e-1,8.99044462949868538e-4,0.00000000000000000e0
49,5,1,7.73437500000000000e-1,3.22942242716419824e-4,0.00000000000000000e0
50,5,1,7.89062500000000000e-1,1.08046970084235531e-4,0.00000000000000000e0
51,5,1,8.04687500000000000e-1,3.37222893235820668e-5,0.00000000000000000e0
52,5,1,8.20312500000000000e-1,9.83221336472710775e-6,0.00000000000000000e0
53,5,1,8.35937500000000000e-1,2.68144232941574366e-6,0.00000000000000000e0
54,5,1,8.51562500000000000e-1,6.84798468905940005e-7,0.00000000000000000e0
55,5,1,8.67187500000000000e-1,1.63934853120699668e-7,0.00000000000000000e0
56,5,1,8.82812500000000000e-1,3.68193278397714682e-8,0.00000000000000000e0
57,5,1,8.98437500000000000e-1,7.76435063270165262e-9,0.00000000000000000e0
58,5,1,9.14062500000000000e-1,1.53828408832951869e-9,0.00000000000000000e0
59,5,1,9.29687500000000000e-1,2.86482349249405922e-10,0.00000000000000000e0
60,5,1,9.45312500000000000e-1,5.01728372802012117e-11,0.00000000000000000e0
61,5,1,9.60937500000000000e-1,8.26573170930783443e-12,0.00000000000000000e0
62,5,1,9.76562500000000000e-1,1.28121411415895242e-12,0.00000000000000000e0
63,5,1,9.92187500000000000e-1,1.86865735195535275e-13,0.00000000000000000e0
0,6,1,7.81250000000000000e-3,0.00000000000000000e0,0.00000000000000000e0
1,6,1,2.34375000000000000e-2,0.00000000000000000e0,0.00000000000000000e0
2,6,1,3.90625000000000000e-2,0.00000000000000000e0,0.00000000000000000e0
3,6,1,5.46875000000000000e-2,0.00000000000000000e0,0.00000000000000000e0
4,6,1,7.03125000000000000e-2,0.00000000000000000e0,0.00000000000000000e0
5,6,1,8.59375000000000000e-2,0.00000000000000000e0,0.00000000000000000e0
6,6,1,1.01562500000000000e-1,0.00000000000000000e0,0.00000000000000000e0
7,6,1,1.17187500000000000e-1,0.00000000000000000e0,0.00000000000000000e0
8,6,1,1.32812500000000000e-1,0.00000000000000000e0,0.00000000000000000e0
9,6,1,1.48437500000000000e-1,0.00000000000000000e0,0.00000000000000000e0
10,6,1,1.64062500000000000e-1,0.00000000000000000e0,0.00000000000000000e0
11,6,1,1.79687500000000000e-1,0.00000000000000000e0,0.00000000000000000e0
12,6,1,1.95312500000000000e-1,0.00000000000000000e0,0.00000000000000000e0
13,6,1,2.10937500000000000e-1,0.00000000000000000e0,0.00000000000000000e0
14,6,1,2.26562500000000000e-1,0.00000000000000000e0,0.00000000000000000e0
15,6,1,2.42187500000000000e-1,0.00000000000000000e0,0.00000000000000000e0
16,6,1,2.57812500000000000e-1,9.71595283185775350e-5,0.00000000000000000e0
17,6,1,2.73437500000000000e-1,9.85475215802714003e-4,0.00000000000000000e0
18,6,1,2.89062500000000000e-1,4.98289580948131899e-3,0.00000000000000000e0
19,6,1,3.04687500000000000e-1,1.67848042289133678e-2,0.00000000000000000e0
20,6,1,3.20312500000000000e-1,4.24961047141045878e-2,0.00000000000000000e0
21,6,1,3.35937500000000000e-1,8.65726198315751594e-2,0.00000000000000000e0
22,6,1,3.51562500000000000e-1,1.48489629163259890e-1,0.00000000000000000e0
23,6,1,3.67187500000000000e-1,2.21779150413009218e-1,0.00000000000000000e0
24,6,1,3.82812500000000000e-1,2.96377413113646848e-1,0.00000000000000000e0
25,6,1,3.98437500000000000e-1,3.62686979958658340e-1,0.00000000000000000e0
26,6,1,4.14062500000000000e-1,4.14787353908310952e-1,0.00000000000000000e0
27,6,1,4.29687500000000000e-1,4.51325278496380655e-1,0.00000000000000000e0
28,6,1,4.45312500000000000e-1,4.74378969010283480e-1,0.00000000000000000e0
29,6,1,4.60937500000000000e-1,4.87552506446802147e-1,0.00000000000000000e0
30,6,1,4.76562500000000000e-1,4.94408122867850242e-1,0.00000000000000000e0
31,6,1,4.92187500000000000e-1,4.97672702115971310e-1,0.00000000000000000e0
32,6,1,5.07812500000000000e-1,4.99003796008708533e-1,0.00000000000000000e0
33,6,1,5.23437500000000000e-1,4.98691582541485046e-1,0.00000000000000000e0
34,6,1,5.39062500000000000e-1,4.94909057220445814e-1,0.00000000000000000e0
35,6,1,5.54687500000000000e-1,4.83181473481777701e-1,0.00000000000000000e0
36,6,1,5.70312500000000000e-1,4.57494063072546198e-1,0.00000000000000000e0
37,6,1,5.85937500000000000e-1,4.13424698726109041e-1,0.00000000000000000e0
38,6,1,6.01562500000000000e-1,3.51509686038279978e-1,0.00000000000000000e0
39,6,1,6.17187500000000000e-1,2.78220685652139810e-1,0.00000000000000000e0
40,6,1,6.32812500000000000e-1,2.03622550067020180e-1,0.00000000000000000e0
41,6,1,6.48437500000000000e-1,1.37313012276979757e-1,0.00000000000000000e0
42,6,1,6.64062500000000000e-1,8.52126445533896160e-2,0.00000000000000000e0
43,6,1,6.79687500000000000e-1,4.86747212171205340e-2,0.00000000000000000e0
44,6,1,6.95312500000000000e-1,2.56210309395282915e-2,0.00000000000000000e0
45,6,1,7.10937500000000000e-1,1.24474935449201442e-2,0.00000000000000000e0
46,6,1,7.26562500000000000e-1,5.59187713086102892e-3,0.00000000000000000e0
47,6,1,7.42187500000000000e-1,2.32729788383936789e-3,0.00000000000000000e0
48,6,1,7.57812500000000000e-1,8.99044462949838614e-4,0.00000000000000000e0
49,6,1,7.73437500000000000e-1,3.22942242716408711e-4,0.00000000000000000e0
50,6,1,7.89062500000000000e-1,1.08046970084231709e-4,0.00000000000000000e0
51,6,1,8.04687500000000000e-1,3.37222893235808471e-5,0.00000000000000000e0
52,6,1,8.20312500000000000e-1,9.83221336472674014e-6,0.00000000000000000e0
53,6,1,8.35937500000000000e-1,2.68144232941564287e-6,0.00000000000000000e0
54,6,1,8.51562500000000000e-1,6.84798468905914488e-7,0.00000000000000000e0
55,6,1,8.67187500000000000e-1,1.63934853120693686e-7,0.00000000000000000e0
56,6,1,8.82812500000000000e-1,3.68193278397701579e-8,0.00000000000000000e0
57,6,1,8.98437500000000000e-1,7.76435063270138296e-9,0.00000000000000000e0
58,6,1,9.14062500000000000e-1,1.53828408832946657e-9,0.00000000000000000e0
59,6,1,9.29687500000000000e-1,2.86482349249396565e-10,0.00000000000000000e0
60,6,1,9.45312500000000000e-1,5.01728372801996349e-11,0.00000000000000000e0
61,6,1,9.60937500000000000e-1,8.26573170930758563e-12,0.00000000000000000e0
62,6,1,9.76562500000000000e-1,1.28121411415891506e-12,0.00000000000000000e0
63,6,1,9.92187500000000000e-1,1.86865735195529924e-13,0.00000000000000000e0
0,7,1,7.81250000000000000e-3,0.00000000000000000e0,0.00000000000000000e0
1,7,1,2.34375000000000000e-2,0.00000000000000000e0,0.00000000000000000e0
2,7,1,3.90625000000000000e-2,0.00000000000000000e0,0.00000000000000000e0
3,7,1,5.46875000000000000e-2,0.00000000000000000e0,0.00000000000000000e0
4,7,1,7.03125000000000000e-2,0.00000000000000000e0,0.00000000000000000e0
5,7,1,8.59375000000000000e-2,0.00000000000000000e0,0.00000000000000000e0
6,7,1,1.01562500000000000e-1,0.00000000000000000e0,0.00000000000000000e0
7,7,1,1.17187500000000000e-1,0.00000000000000000e0,0.00000000000000000e0
8,7,1,1.32812500000000000e-1,0.00000000000000000e0,0.00000000000000000e0
9,7,1,1.48437500000000000e-1,0.00000000000000000e0,0.00000000000000000e0
10,7,1,1.64062500000000000e-1,0.00000000000000000e0,0.00000000000000000e0
11,7,1,1.79687500000000000e-1,0.00000000000000000e0,0.00000000000000000e0
12,7,1,1.95312500000000000e-1,0.00000000000000000e0,0.00000000000000000e0
13,7,1,2.10937500000000000e-1,0.00000000000000000e0,0.00000000000000000e0
14,7,1,2.26562500000000000e-1,0.00000000000000000e0,0.00000000000000000e0
15,7,1,2.42187500000000000e-1,0.00000000000000000e0,0.00000000000000000e0
16,7,1,2.57812500000000000e-1,9.71595283185756512e-5,0.00000000000000000e0
17,7,1,2.73437500000000000e-1,9.85475215802698824e-4,0.00000000000000000e0
18,7,1,2.89062500000000000e-1,4.98289580948126868e-3,0.00000000000000000e0
19,7,1,3.04687500000000000e-1,1.67848042289133019e-2,0.00000000000000000e0
20,7,1,3.20312500000000000e-1,4.24961047141046225e-2,0.00000000000000000e0
21,7,1,3.35937500000000000e-1,8.65726198315757423e-2,0.00000000000000000e0
22,7,1,3.51562500000000000e-1,1.48489629163261777e-1,0.00000000000000000e0
23,7,1,3.67187500000000000e-1,2.21779150413013187e-1,0.00000000000000000e0
24,7,1,3.82812500000000000e-1,2.96377413113653621e-1,0.00000000000000000e0
25,7,1,3.98437500000000000e-1,3.62686979958667777e-1,0.00000000000000000e0
26,7,1,4.14062500000000000e-1,4.14787353908322276e-1,0.00000000000000000e0
27,7,1,4.29687500000000000e-1,4.51325278496392313e-1,0.00000000000000000e0
28,7,1,4.45312500000000000e-1,4.74378969010294027e-1,0.00000000000000000e0
29,7,1,4.60937500000000000e-1,4.87552506446809919e-1,0.00000000000000000e0
30,7,1,4.76562500000000000e-1,4.94408122867854904e-1,0.00000000000000000e0
31,7,1,4.92187500000000000e-1,4.97672702115972754e-1,0.00000000000000000e0
32,7,1,5.07812500000000000e-1,4.99003796008707534e-1,0.00000000000000000e0
33,7,1,5.23437500000000000e-1,4.98691582541482326e-1,0.00000000000000000e0
34,7,1,5.39062500000000000e-1,4.94909057220442428e-1,0.00000000000000000e0
35,7,1,5.54687500000000000e-1,4.83181473481774704e-1,0.00000000000000000e0
36,7,1,5.70312500000000000e-1,4.57494063072544421e-1,0.00000000000000000e0
37,7,1,5.85937500000000000e-1,4.13424698726108986e-1,0.00000000000000000e0
38,7,1,6.01562500000000000e-1,3.51509686038281755e-1,0.00000000000000000e0
39,7,1,6.17187500000000000e-1,2.78220685652143085e-1,0.00000000000000000e0
40,7,1,6.32812500000000000e-1,2.03622550067023955e-1,0.00000000000000000e0
41,7,1,6.48437500000000000e-1,1.37313012276983060e-1,0.00000000000000000e0
42,7,1,6.64062500000000000e-1,8.52126445533920723e-2,0.00000000000000000e0
43,7,1,6.79687500000000000e-1,4.86747212171220883e-2,0.00000000000000000e0
44,7,1,6.95312500000000000e-1,2.56210309395291484e-2,0.00000000000000000e0
45,7,1,7.10937500000000000e-1,1.24474935449205692e-2,0.00000000000000000e0
46,7,1,7.26562500000000000e-1,5.59187713086121540e-3,0.00000000000000000e0
47,7,1,7.42187500000000000e-1,2.32729788383944248e-3,0.00000000000000000e0
48,7,1,7.57812500000000000e-1,8.99044462949865394e-4,0.00000000000000000e0
49,7,1,7.73437500000000000e-1,3.22942242716417385e-4,0.00000000000000000e0
50,7,1,7.89062500000000000e-1,1.08046970084234271e-4,0.00000000000000000e0
51,7,1,8.04687500000000000e-1,3.37222893235815247e-5,0.00000000000000000e0
52,7,1,8.20312500000000000e-1,9.83221336472690446e-6,0.00000000000000000e0
53,7,1,8.35937500000000000e-1,2.68144232941567675e-6,0.00000000000000000e0
54,7,1,8.51562500000000000e-1,6.84798468905920629e-7,0.00000000000000000e0
55,7,1,8.67187500000000000e-1,1.63934853120694613e-7,0.00000000000000000e0
56,7,1,8.82812500000000000e-1,3.68193278397702638e-8,0.00000000000000000e0
57,7,1,8.98437500000000000e-1,7.76435063270138627e-9,0.00000000000000000e0
58,7,1,9.14062500000000000e-1,1.53828408832946430e-9,0.00000000000000000e0
59,7,1,9.29687500000000000e-1,2.86482349249395531e-10,0.00000000000000000e0
60,7,1,9.45312500000000000e-1,5.01728372801993699e-11,0.00000000000000000e0
61,7,1,9.60937500000000000e-1,8.26573170930753070e-12,0.00000000000000000e0
62,7,1,9.76562500000000000e-1,1.28121411415890577e-12,0.00000000000000000e0
63,7,1,9.92187500000000000e-1,1.86865735195528485e-13,0.00000000000000000e0
0,0,2,7.81250000000000000e-3,0.00000000000000000e0,0.00000000000000000e0
1,0,2,2.34375000000000000e-2,0.00000000000000000e0,0.00000000000000000e0
2,0,2,3.90625000000000000e-2,0.00000000000000000e0,0.00000000000000000e0
3,0,2,5.46875000000000000e-2,0.00000000000000000e0,0.00000000000000000e0
4,0,2,7.03125000000000000e-2,0.00000000000000000e0,0.00000000000000000e0
5,0,2,8.59375000000000000e-2,0.00000000000000000e0,0.00000000000000000e0
6,0,2,1.01562500000000000e-1,0.00000000000000000e0,0.00000000000000000e0
7,0,2,1.17187500000000000e-1,0.00000000000000000e0,0.00000000000000000e0
8,0,2,1.32812500000000000e-1,0.00000000000000000e0,0.00000000000000000e0
9,0,2,1.48437500000000000e-1,0.00000000000000000e0,0.00000000000000000e0
10,0,2,1.64062500000000000e-1,0.00000000000000000e0,0.00000000000000000e0
11,0,2,1.79687500000000000e-1,0.00000000000000000e0,0.00000000000000000e0
12,0,2,1.95312500000000000e-1,0.00000000000000000e0,0.00000000000000000e0
13,0,2,2.10937500000000000e-1,0.00000000000000000e0,0.00000000000000000e0
14,0,2,2.26562500000000000e-1,0.00000000000000000e0,0.00000000000000000e0
15,0,2,2.42187500000000000e-1,0.00000000000000000e0,0.00000000000000000e0
16,0,2,2.57812500000000000e-1,9.71595283185781178e-5,0.00000000000000000e0
17,0,2,2.73437500000000000e-1,9.85475215802721592e-4,0.00000000000000000e0
18,0,2,2.89062500000000000e-1,4.98289580948137537e-3,0.00000000000000000e0
19,0,2,3.04687500000000000e-1,1.67848042289136280e-2,0.00000000000000000e0
20,0,2,3.20312500000000000e-1,4.24961047141054274e-2,0.00000000000000000e0
21,0,2,3.35937500000000000e-1,8.65726198315773243e-2,0.00000000000000000e0
22,0,2,3.51562500000000000e-1,1.48489629163264497e-1,0.00000000000000000e0
23,0,2,3.67187500000000000e-1,2.21779150413017295e-1,0.00000000000000000e0
24,0,2,3.82812500000000000e-1,2.96377413113659616e-1,0.00000000000000000e0
25,0,2,3.98437500000000000e-1,3.62686979958676325e-1,0.00000000000000000e0
26,0,2,4.14062500000000000e-1,4.14787353908333711e-1,0.00000000000000000e0
27,0,2,4.29687500000000000e-1,4.51325278496406745e-1,0.00000000000000000e0
28,0,2,4.45312500000000000e-1,4.74378969010311680e-1,0.00000000000000000e0
29,0,2,4.60937500000000000e-1,4.87552506446829903e-1,0.00000000000000000e0
30,0,2,4.76562500000000000e-1,4.94408122867875777e-1,0.00000000000000000e0
31,0,2,4.92187500000000000e-1,4.97672702115993293e-1,0.00000000000000000e0
32,0,2,5.07812500000000000e-1,4.99003796008725964e-1,0.00000000000000000e0
33,0,2,5.23437500000000000e-1,4.98691582541497092e-1,0.00000000000000000e0
34,0,2,5.39062500000000000e-1,4.94909057220452198e-1,0.00000000000000000e0
35,0,2,5.54687500000000000e-1,4.83181473481779034e-1,0.00000000000000000e0
36,0,2,5.70312500000000000e-1,4.57494063072543811e-1,0.00000000000000000e0
37,0,2,5.85937500000000000e-1,4.13424698726103990e-1,0.00000000000000000e0
38,0,2,6.01562500000000000e-1,3.51509686038274038e-1,0.00000000000000000e0
39,0,2,6.17187500000000000e-1,2.78220685652134481e-1,0.00000000000000000e0
40,0,2,6.32812500000000000e-1,2.03622550067016211e-1,0.00000000000000000e0
41,0,2,6.48437500000000000e-1,1.37313012276977175e-1,0.00000000000000000e0
42,0,2,6.64062500000000000e-1,8.52126445533882143e-2,0.00000000000000000e0
43,0,2,6.79687500000000000e-1,4.86747212171198471e-2,0.00000000000000000e0
44,0,2,6.95312500000000000e-1,2.56210309395279966e-2,0.00000000000000000e0
45,0,2,7.10937500000000000e-1,1.24474935449200279e-2,0.00000000000000000e0
46,0,2,7.26562500000000000e-1,5.59187713086098642e-3,0.00000000000000000e0
47,0,2,7.42187500000000000e-1,2.32729788383935401e-3,0.00000000000000000e0
48,0,2,7.57812500000000000e-1,8.99044462949834277e-4,0.00000000000000000e0
49,0,2,7.73437500000000000e-1,3.22942242716407193e-4,0.00000000000000000e0
50,0,2,7.89062500000000000e-1,1.08046970084231154e-4,0.00000000000000000e0
51,0,2,8.04687500000000000e-1,3.37222893235806506e-5,0.00000000000000000e0
52,0,2,8.20312500000000000e-1,9.83221336472667068e-6,0.00000000000000000e0
53,0,2,8.35937500000000000e-1,2.68144232941561872e-6,0.00000000000000000e0
54,0,2,8.51562500000000000e-1,6.84798468905906335e-7,0.00000000000000000e0
55,0,2,8.67187500000000000e-1,1.63934853120691304e-7,0.00000000000000000e0
56,0,2,8.82812500000000000e-1,3.68193278397695292e-8,0.00000000000000000e0
57,0,2,8.98437500000000000e-1,7.76435063270123572e-9,0.00000000000000000e0
58,0,2,9.14062500000000000e-1,1.53828408832943493e-9,0.00000000000000000e0
59,0,2,9.29687500000000000e-1,2.86482349249390361e-10,0.00000000000000000e0
60,0,2,9.45312500000000000e-1,5.01728372801985039e-11,0.00000000000000000e0
61,0,2,9.60937500000000000e-1,8.26573170930739499e-12,0.00000000000000000e0
62,0,2,9.76562500000000000e-1,1.28121411415888578e-12,0.00000000000000000e0
63,0,2,9.92187500000000000e-1,1.86865735195525784e-13,0.00000000000000000e0
0,1,2,7.81250000000000000e-3,0.00000000000000000e0,0.00000000000000000e0
1,1,2,2.34375000000000000e-2,0.00000000000000000e0,0.00000000000000000e0
2,1,2,3.90625000000000000e-2,0.00000000000000000e0,0.00000000000000000e0
3,1,2,5.46875000000000000e-2,0.00000000000000000e0,0.00000000000000000e0
4,1,2,7.03125000000000000e-2,0.00000000000000000e0,0.00000000000000000e0
5,1,2,8.59375000000000000e-2,0.00000000000000000e0,0.00000000000000000e0
6,1,2,1.01562500000000000e-1,0.00000000000000000e0,0.00000000000000000e0
7,1,2,1.17187500000000000e-1,0.00000000000000000e0,0.00000000000000000e0
8,1,2,1.32812500000000000e-1,0.00000000000000000e0,0.00000000000000000e0
9,1,2,1.48437500000000000e-1,0.00000000000000000e0,0.00000000000000000e0
10,1,2,1.64062500000000000e-1,0.00000000000000000e0,0.00000000000000000e0
11,1,2,1.79687500000000000e-1,0.00000000000000000e0,0.00000000000000000e0
12,1,2,1.95312500000000000e-1,0.00000000000000000e0,0.00000000000000000e0
13,1,2,2.10937500000000000e-1,0.00000000000000000e0,0.00000000000000000e0
14,1,2,2.26562500000000000e-1,0.00000000000000000e0,0.00000000000000000e0
15,1,2,2.42187500000000000e-1,0.00000000000000000e0,0.00000000000000000e0
16,1,2,2.57812500000000000e-1,9.71595283185777247e-5,0.00000000000000000e0
17,1,2,2.73437500000000000e-1,9.85475215802726796e-4,0.00000000000000000e0
18,1,2,2.89062500000000000e-1,4.98289580948144649e-3,0.00000000000000000e0
19,1,2,3.04687500000000000e-1,1.67848042289140097e-2,0.00000000000000000e0
20,1,2,3.20312500000000000e-1,4.24961047141067735e-2,0.00000000000000000e0
21,1,2,3.35937500000000000e-1,8.65726198315807938e-2,0.00000000000000000e0
22,1,2,3.51562500000000000e-1,1.48489629163271658e-1,0.00000000000000000e0
23,1,2,3.67187500000000000e-1,2.21779150413029869e-1,0.00000000000000000e0
24,1,2,3.82812500000000000e-1,2.96377413113678323e-1,0.00000000000000000e0
25,1,2,3.98437500000000000e-1,3.62686979958701361e-1,0.00000000000000000e0
26,1,2,4.14062500000000000e-1,4.14787353908364576e-1,0.00000000000000000e0
27,1,2,4.29687500000000000e-1,4.51325278496441884e-1,0.00000000000000000e0
28,1,2,4.45312500000000000e-1,4.74378969010349760e-1,0.00000000000000000e0
29,1,2,4.60937500000000000e-1,4.87552506446870371e-1,0.00000000000000000e0
30,1,2,4.76562500000000000e-1,4.94408122867918298e-1,0.00000000000000000e0
31,1,2,4.92187500000000000e-1,4.97672702116037646e-1,0.00000000000000000e0
32,1,2,5.07812500000000000e-1,4.99003796008771761e-1,0.00000000000000000e0
33,1,2,5.23437500000000000e-1,4.98691582541543332e-1,0.00000000000000000e0
34,1,2,5.39062500000000000e-1,4.94909057220497717e-1,0.00000000000000000e0
35,1,2,5.54687500000000000e-1,4.83181473481821888e-1,0.00000000000000000e0
36,1,2,5.70312500000000000e-1,4.57494063072581780e-1,0.00000000000000000e0
37,1,2,5.85937500000000000e-1,4.13424698726135742e-1,0.00000000000000000e0
38,1,2,6.01562500000000000e-1,3.51509686038298630e-1,0.00000000000000000e0
39,1,2,6.17187500000000000e-1,2.78220685652151800e-1,0.00000000000000000e0
40,1,2,6.32812500000000000e-1,2.03622550067027147e-1,0.00000000000000000e0
41,1,2,6.48437500000000000e-1,1.37313012276983198e-1,0.00000000000000000e0
42,1,2,6.64062500000000000e-1,8.52126445533911009e-2,0.00000000000000000e0
43,1,2,6.79687500000000000e-1,4.86747212171210197e-2,0.00000000000000000e0
44,1,2,6.95312500000000000e-1,2.56210309395283643e-2,0.00000000000000000e0
45,1,2,7.10937500000000000e-1,1.24474935449200991e-2,0.00000000000000000e0
46,1,2,7.26562500000000000e-1,5.59187713086097774e-3,0.00000000000000000e0
47,1,2,7.42187500000000000e-1,2.32729788383933536e-3,0.00000000000000000e0
48,1,2,7.57812500000000000e-1,8.99044462949822459e-4,0.00000000000000000e0
49,1,2,7.73437500000000000e-1,3.22942242716401881e-4,0.00000000000000000e0
50,1,2,7.89062500000000000e-1,1.08046970084229162e-4,0.00000000000000000e0
51,1,2,8.04687500000000000e-1,3.37222893235800068e-5,0.00000000000000000e0
52,1,2,8.20312500000000000e-1,9.83221336472648603e-6,0.00000000000000000e0
53,1,2,8.35937500000000000e-1,2.68144232941557171e-6,0.00000000000000000e0
54,1,2,8.51562500000000000e-1,6.84798468905895959e-7,0.00000000000000000e0
55,1,2,8.67187500000000000e-1,1.63934853120689292e-7,0.00000000000000000e0
56,1,2,8.82812500000000000e-1,3.68193278397691785e-8,0.00000000000000000e0
57,1,2,8.98437500000000000e-1,7.76435063270118775e-9,0.00000000000000000e0
58,1,2,9.14062500000000000e-1,1.53828408832942976e-9,0.00000000000000000e0
59,1,2,9.29687500000000000e-1,2.86482349249390051e-10,0.00000000000000000e0
60,1,2,9.45312500000000000e-1,5.01728372801985492e-11,0.00000000000000000e0
61,1,2,9.60937500000000000e-1,8.26573170930741599e-12,0.00000000000000000e0
62,1,2,9.76562500000000000e-1,1.28121411415889042e-12,0.00000000000000000e0
63,1,2,9.92187500000000000e-1,1.86865735195526541e-13,0.00000000000000000e0
0,2,2,7.81250000000000000e-3,0.00000000000000000e0,0.00000000000000000e0
1,2,2,2.34375000000000000e-2,0.00000000000000000e0,0.00000000000000000e0
2,2,2,3.90625000000000000e-2,0.00000000000000000e0,0.00000000000000000e0
3,2,2,5.46875000000000000e-2,0.00000000000000000e0,0.00000000000000000e0
4,2,2,7.03125000000000000e-2,0.00000000000000000e0,0.00000000000000000e0
5,2,2,8.59375000000000000e-2,0.00000000000000000e0,0.00000000000000000e0
6,2,2,1.01562500000000000e-1,0.00000000000000000e0,0.00000000000000000e0
7,2,2,1.17187500000000000e-1,0.00000000000000000e0,0.00000000000000000e0
8,2,2,1.32812500000000000e-1,0.00000000000000000e0,0.00000000000000000e0
9,2,2,1.48437500000000000e-1,0.00000000000000000e0,0.00000000000000000e0
10,2,2,1.64062500000000000e-1,0.00000000000000000e0,0.00000000000000000e0
11,2,2,1.79687500000000000e-1,0.00000000000000000e0,0.00000000000000000e0
12,2,2,1.95312500000000000e-1,0.00000000000000000e0,0.00000000000000000e0
13,2,2,2.10937500000000000e-1,0.00000000000000000e0,0.00000000000000000e0
14,2,2,2.26562500000000000e-1,0.00000000000000000e0,0.00000000000000000e0
15,2,2,2.42187500000000000e-1,0.00000000000000000e0,0.00000000000000000e0
16,2,2,2.57812500000000000e-1,9.71595283185671131e-5,0.00000000000000000e0
17,2,2,2.73437500000000000e-1,9.85475215802623147e-4,0.00000000000000000e0
18,2,2,2.89062500000000000e-1,4.98289580948094689e-3,0.00000000000000000e0
19,2,2,3.04687500000000000e-1,1.67848042289124380e-2,0.00000000000000000e0
20,2,2,3.20312500000000000e-1,4.24961047141030751e-2,0.00000000000000000e0
21,2,2,3.35937500000000000e-1,8.65726198315739243e-2,0.00000000000000000e0
22,2,2,3.51562500000000000e-1,1.48489629163261000e-1,0.00000000000000000e0
23,2,2,3.67187500000000000e-1,2.21779150413015574e-1,0.00000000000000000e0
24,2,2,3.82812500000000000e-1,2.96377413113661836e-1,0.00000000000000000e0
25,2,2,3.98437500000000000e-1,3.62686979958683986e-1,0.00000000000000000e0
26,2,2,4.14062500000000000e-1,4.14787353908347534e-1,0.00000000000000000e0
27,2,2,4.29687500000000000e-1,4.51325278496426507e-1,0.00000000000000000e0
28,2,2,4.45312500000000000e-1,4.74378969010336549e-1,0.00000000000000000e0
29,2,2,4.60937500000000000e-1,4.87552506446859324e-1,0.00000000000000000e0
30,2,2,4.76562500000000000e-1,4.94408122867909305e-1,0.00000000000000000e0
31,2,2,4.92187500000000000e-1,4.97672702116030263e-1,0.00000000000000000e0
32,2,2,5.07812500000000000e-1,4.99003796008765876e-1,0.00000000000000000e0
33,2,2,5.23437500000000000e-1,4.98691582541539835e-1,0.00000000000000000e0
34,2,2,5.39062500000000000e-1,4.94909057220497051e-1,0.00000000000000000e0
35,2,2,5.54687500000000000e-1,4.83181473481824608e-1,0.00000000000000000e0
36,2,2,5.70312500000000000e-1,4.57494063072587331e-1,0.00000000000000000e0
37,2,2,5.85937500000000000e-1,4.13424698726142736e-1,0.00000000000000000e0
38,2,2,6.01562500000000000e-1,3.51509686038305680e-1,0.00000000000000000e0
39,2,2,6.17187500000000000e-1,2.78220685652157740e-1,0.00000000000000000e0
40,2,2,6.32812500000000000e-1,2.03622550067031671e-1,0.00000000000000000e0
41,2,2,6.48437500000000000e-1,1.37313012276986363e-1,0.00000000000000000e0
42,2,2,6.64062500000000000e-1,8.52126445533930160e-2,0.00000000000000000e0
43,2,2,6.79687500000000000e-1,4.86747212171220953e-2,0.00000000000000000e0
44,2,2,6.95312500000000000e-1,2.56210309395288882e-2,0.00000000000000000e0
45,2,2,7.10937500000000000e-1,1.24474935449203298e-2,0.00000000000000000e0
46,2,2,7.26562500000000000e-1,5.59187713086106968e-3,0.00000000000000000e0
47,2,2,7.42187500000000000e-1,2.32729788383936875e-3,0.00000000000000000e0
48,2,2,7.57812500000000000e-1,8.99044462949833410e-4,0.00000000000000000e0
49,2,2,7.73437500000000000e-1,3.22942242716405242e-4,0.00000000000000000e0
50,2,2,7.89062500000000000e-1,1.08046970084230110e-4,0.00000000000000000e0
51,2,2,8.04687500000000000e-1,3.37222893235802372e-5,0.00000000000000000e0
52,2,2,8.20312500000000000e-1,9.83221336472654362e-6,0.00000000000000000e0
53,2,2,8.35937500000000000e-1,2.68144232941558611e-6,0.00000000000000000e0
54,2,2,8.51562500000000000e-1,6.84798468905899559e-7,0.00000000000000000e0
55,2,2,8.67187500000000000e-1,1.63934853120690245e-7,0.00000000000000000e0
56,2,2,8.82812500000000000e-1,3.68193278397694234e-8,0.00000000000000000e0
57,2,2,8.98437500000000000e-1,7.76435063270124069e-9,0.00000000000000000e0
58,2,2,9.14062500000000000e-1,1.53828408832944155e-9,0.00000000000000000e0
59,2,2,9.29687500000000000e-1,2.86482349249392377e-10,0.00000000000000000e0
60,2,2,9.45312500000000000e-1,5.01728372801990145e-11,0.00000000000000000e0
61,2,2,9.60937500000000000e-1,8.26573170930749677e-12,0.00000000000000000e0
62,2,2,9.76562500000000000e-1,1.28121411415890355e-12,0.00000000000000000e0
63,2,2,9.92187500000000000e-1,1.86865735195528586e-13,0.00000000000000000e0
0,3,2,7.81250000000000000e-3,0.00000000000000000e0,0.00000000000000000e0
1,3,2,2.34375000000000000e-2,0.00000000000000000e0,0.00000000000000000e0
2,3,2,3.90625000000000000e-2,0.00000000000000000e0,0.00000000000000000e0
3,3,2,5.46875000000000000e-2,0.00000000000000000e0,0.00000000000000000e0
4,3,2,7.03125000000000000e-2,0.00000000000000000e0,0.00000000000000000e0
5,3,2,8.59375000000000000e-2,0.00000000000000000e0,0.00000000000000000e0
6,3,2,1.01562500000000000e-1,0.00000000000000000e0,0.00000000000000000e0
7,3,2,1.17187500000000000e-1,0.00000000000000000e0,0.00000000000000000e0
8,3,2,1.32812500000000000e-1,0.00000000000000000e0,0.00000000000000000e0
9,3,2,1.48437500000000000e-1,0.00000000000000000e0,0.00000000000000000e0
10,3,2,1.64062500000000000e-1,0.00000000000000000e0,0.00000000000000000e0
11,3,2,1.79687500000000000e-1,0.00000000000000000e0,0.00000000000000000e0
12,3,2,1.95312500000000000e-1,0.00000000000000000e0,0.00000000000000000e0
13,3,2,2.10937500000000000e-1,0.00000000000000000e0,0.00000000000000000e0
14,3,2,2.26562500000000000e-1,0.00000000000000000e0,0.00000000000000000e0
15,3,2,2.42187500000000000e-1,0.00000000000000000e0,0.00000000000000000e0
16,3,2,2.57812500000000000e-1,9.71595283185767354e-5,0.00000000000000000e0
17,3,2,2.73437500000000000e-1,9.85475215802706847e-4,0.00000000000000000e0
18,3,2,2.89062500000000000e-1,4.98289580948129383e-3,0.00000000000000000e0
19,3,2,3.04687500000000000e-1,1.67848042289133297e-2,0.00000000000000000e0
20,3,2,3.20312500000000000e-1,4.24961047141046294e-2,0.00000000000000000e0
21,3,2,3.35937500000000000e-1,8.65726198315755202e-2,0.00000000000000000e0
22,3,2,3.51562500000000000e-1,1.48489629163260944e-1,0.00000000000000000e0
23,3,2,3.67187500000000000e-1,2.21779150413011023e-1,0.00000000000000000e0
24,3,2,3.82812500000000000e-1,2.96377413113649235e-1,0.00000000000000000e0
25,3,2,3.98437500000000000e-1,3.62686979958660394e-1,0.00000000000000000e0
26,3,2,4.14062500000000000e-1,4.14787353908311063e-1,0.00000000000000000e0
27,3,2,4.29687500000000000e-1,4.51325278496376048e-1,0.00000000000000000e0
28,3,2,4.45312500000000000e-1,4.74378969010272378e-1,0.00000000000000000e0
29,3,2,4.60937500000000000e-1,4.87552506446781997e-1,0.00000000000000000e0
30,3,2,4.76562500000000000e-1,4.94408122867820266e-1,0.00000000000000000e0
31,3,2,4.92187500000000000e-1,4.97672702115931509e-1,0.00000000000000000e0
32,3,2,5.07812500000000000e-1,4.99003796008660461e-1,0.00000000000000000e0
33,3,2,5.23437500000000000e-1,4.98691582541430756e-1,0.00000000000000000e0
34,3,2,5.39062500000000000e-1,4.94909057220387860e-1,0.00000000000000000e0
35,3,2,5.54687500000000000e-1,4.83181473481719470e-1,0.00000000000000000e0
36,3,2,5.70312500000000000e-1,4.57494063072491519e-1,0.00000000000000000e0
37,3,2,5.85937500000000000e-1,4.13424698726061080e-1,0.00000000000000000e0
38,3,2,6.01562500000000000e-1,3.51509686038241065e-1,0.00000000000000000e0
39,3,2,6.17187500000000000e-1,2.78220685652111055e-1,0.00000000000000000e0
40,3,2,6.32812500000000000e-1,2.03622550067000835e-1,0.00000000000000000e0
41,3,2,6.48437500000000000e-1,1.37313012276967822e-1,0.00000000000000000e0
42,3,2,6.64062500000000000e-1,8.52126445533828852e-2,0.00000000000000000e0
43,3,2,6.79687500000000000e-1,4.86747212171170229e-2,0.00000000000000000e0
44,3,2,6.95312500000000000e-1,2.56210309395265914e-2,0.00000000000000000e0
45,3,2,7.10937500000000000e-1,1.24474935449193757e-2,0.00000000000000000e0
46,3,2,7.26562500000000000e-1,5.59187713086070279e-3,0.00000000000000000e0
47,3,2,7.42187500000000000e-1,2.32729788383924038e-3,0.00000000000000000e0
48,3,2,7.57812500000000000e-1,8.99044462949791560e-4,0.00000000000000000e0
49,3,2,7.73437500000000000e-1,3.22942242716392448e-4,0.00000000000000000e0
50,3,2,7.89062500000000000e-1,1.08046970084226492e-4,0.00000000000000000e0
51,3,2,8.04687500000000000e-1,3.37222893235792682e-5,0.00000000000000000e0
52,3,2,8.20312500000000000e-1,9.83221336472629968e-6,0.00000000000000000e0
53,3,2,8.35937500000000000e-1,2.68144232941552682e-6,0.00000000000000000e0
54,3,2,8.51562500000000000e-1,6.84798468905885689e-7,0.00000000000000000e0
55,3,2,8.67187500000000000e-1,1.63934853120687069e-7,0.00000000000000000e0
56,3,2,8.82812500000000000e-1,3.68193278397687352e-8,0.00000000000000000e0
57,3,2,8.98437500000000000e-1,7.76435063270110172e-9,0.00000000000000000e0
58,3,2,9.14062500000000000e-1,1.53828408832941446e-9,0.00000000000000000e0
59,3,2,9.29687500000000000e-1,2.86482349249387466e-10,0.00000000000000000e0
60,3,2,9.45312500000000000e-1,5.01728372801981550e-11,0.00000000000000000e0
61,3,2,9.60937500000000000e-1,8.26573170930735944e-12,0.00000000000000000e0
62,3,2,9.76562500000000000e-1,1.28121411415888295e-12,0.00000000000000000e0
63,3,2,9.92187500000000000e-1,1.86865735195525658e-13,0.00000000000000000e0
0,4,2,7.81250000000000000e-3,0.00000000000000000e0,0.00000000000000000e0
1,4,2,2.34375000000000000e-2,0.00000000000000000e0,0.00000000000000000e0
2,4,2,3.90625000000000000e-2,0.00000000000000000e0,0.00000000000000000e0
3,4,2,5.46875000000000000e-2,0.00000000000000000e0,0.00000000000000000e0
4,4,2,7.03125000000000000e-2,0.00000000000000000e0,0.00000000000000000e0
5,4,2,8.59375000000000000e-2,0.00000000000000000e0,0.00000000000000000e0
6,4,2,1.01562500000000000e-1,0.00000000000000000e0,0.00000000000000000e0
7,4,2,1.17187500000000000e-1,0.00000000000000000e0,0.00000000000000000e0
8,4,2,1.32812500000000000e-1,0.00000000000000000e0,0.00000000000000000e0
9,4,2,1.48437500000000000e-1,0.00000000000000000e0,0.00000000000000000e0
10,4,2,1.64062500000000000e-1,0.00000000000000000e0,0.00000000000000000e0
11,4,2,1.79687500000000000e-1,0.00000000000000000e0,0.00000000000000000e0
12,4,2,1.95312500000000000e-1,0.00000000000000000e0,0.00000000000000000e0
13,4,2,2.10937500000000000e-1,0.00000000000000000e0,0.00000000000000000e0
14,4,2,2.26562500000000000e-1,0.00000000000000000e0,0.00000000000000000e0
15,4,2,2.42187500000000000e-1,0.00000000000000000e0,0.00000000000000000e0
16,4,2,2.57812500000000000e-1,9.71595283185824275e-5,0.00000000000000000e0
17,4,2,2.73437500000000000e-1,9.85475215802761925e-4,0.00000000000000000e0
18,4,2,2.89062500000000000e-1,4.98289580948155404e-3,0.00000000000000000e0
19,4,2,3.04687500000000000e-1,1.67848042289140929e-2,0.00000000000000000e0
20,4,2,3.20312500000000000e-1,4.24961047141061837e-2,0.00000000000000000e0
21,4,2,3.35937500000000000e-1,8.65726198315777684e-2,0.00000000000000000e0
22,4,2,3.51562500000000000e-1,1.48489629163263026e-1,0.00000000000000000e0
23,4,2,3.67187500000000000e-1,2.21779150413011522e-1,0.00000000000000000e0
24,4,2,3.82812500000000000e-1,2.96377413113646293e-1,0.00000000000000000e0
25,4,2,3.98437500000000000e-1,3.62686979958652289e-1,0.00000000000000000e0
26,4,2,4.14062500000000000e-1,4.14787353908296685e-1,0.00000000000000000e0
27,4,2,4.29687500000000000e-1,4.51325278496355065e-1,0.00000000000000000e0
28,4,2,4.45312500000000000e-1,4.74378969010244733e-1,0.00000000000000000e0
29,4,2,4.60937500000000000e-1,4.87552506446748968e-1,0.00000000000000000e0
30,4,2,4.76562500000000000e-1,4.94408122867783073e-1,0.00000000000000000e0
31,4,2,4.92187500000000000e-1,4.97672702115891930e-1,0.00000000000000000e0
32,4,2,5.07812500000000000e-1,4.99003796008619771e-1,0.00000000000000000e0
33,4,2,5.23437500000000000e-1,4.98691582541390177e-1,0.00000000000000000e0
34,4,2,5.39062500000000000e-1,4.94909057220348836e-1,0.00000000000000000e0
35,4,2,5.54687500000000000e-1,4.83181473481683277e-1,0.00000000000000000e0
36,4,2,5.70312500000000000e-1,4.57494063072459989e-1,0.00000000000000000e0
37,4,2,5.85937500000000000e-1,4.13424698726035933e-1,0.00000000000000000e0
38,4,2,6.01562500000000000e-1,3.51509686038223301e-1,0.00000000000000000e0
39,4,2,6.17187500000000000e-1,2.78220685652099953e-1,0.00000000000000000e0
40,4,2,6.32812500000000000e-1,2.03622550066995200e-1,0.00000000000000000e0
41,4,2,6.48437500000000000e-1,1.37313012276965740e-1,0.00000000000000000e0
42,4,2,6.64062500000000000e-1,8.52126445533827187e-2,0.00000000000000000e0
43,4,2,6.79687500000000000e-1,4.86747212171175642e-2,0.00000000000000000e0
44,4,2,6.95312500000000000e-1,2.56210309395272090e-2,0.00000000000000000e0
45,4,2,7.10937500000000000e-1,1.24474935449198337e-2,0.00000000000000000e0
46,4,2,7.26562500000000000e-1,5.59187713086097427e-3,0.00000000000000000e0
47,4,2,7.42187500000000000e-1,2.32729788383937743e-3,0.00000000000000000e0
48,4,2,7.57812500000000000e-1,8.99044462949853142e-4,0.00000000000000000e0
49,4,2,7.73437500000000000e-1,3.22942242716417222e-4,0.00000000000000000e0
50,4,2,7.89062500000000000e-1,1.08046970084235477e-4,0.00000000000000000e0
51,4,2,8.04687500000000000e-1,3.37222893235822498e-5,0.00000000000000000e0
52,4,2,8.20312500000000000e-1,9.83221336472719923e-6,0.00000000000000000e0
53,4,2,8.35937500000000000e-1,2.68144232941577627e-6,0.00000000000000000e0
54,4,2,8.51562500000000000e-1,6.84798468905949852e-7,0.00000000000000000e0
55,4,2,8.67187500000000000e-1,1.63934853120702262e-7,0.00000000000000000e0
56,4,2,8.82812500000000000e-1,3.68193278397720836e-8,0.00000000000000000e0
57,4,2,8.98437500000000000e-1,7.76435063270178497e-9,0.00000000000000000e0
58,4,2,9.14062500000000000e-1,1.53828408832954392e-9,0.00000000000000000e0
59,4,2,9.29687500000000000e-1,2.86482349249410317e-10,0.00000000000000000e0
60,4,2,9.45312500000000000e-1,5.01728372802019161e-11,0.00000000000000000e0
61,4,2,9.60937500000000000e-1,8.26573170930794267e-12,0.00000000000000000e0
62,4,2,9.76562500000000000e-1,1.28121411415896737e-12,0.00000000000000000e0
63,4,2,9.92187500000000000e-1,1.86865735195537093e-13,0.00000000000000000e0
0,5,2,7.81250000000000000e-3,0.00000000000000000e0,0.00000000000000000e0
1,5,2,2.34375000000000000e-2,0.00000000000000000e0,0.00000000000000000e0
2,5,2,3.90625000000000000e-2,0.00000000000000000e0,0.00000000000000000e0
3,5,2,5.46875000000000000e-2,0.00000000000000000e0,0.00000000000000000e0
4,5,2,7.03125000000000000e-2,0.00000000000000000e0,0.00000000000000000e0
5,5,2,8.59375000000000000e-2,0.00000000000000000e0,0.00000000000000000e0
6,5,2,1.01562500000000000e-1,0.00000000000000000e0,0.00000000000000000e0
7,5,2,1.17187500000000000e-1,0.00000000000000000e0,0.00000000000000000e0
8,5,2,1.32812500000000000e-1,0.00000000000000000e0,0.00000000000000000e0
9,5,2,1.48437500000000000e-1,0.00000000000000000e0,0.00000000000000000e0
10,5,2,1.64062500000000000e-1,0.00000000000000000e0,0.00000000000000000e0
11,5,2,1.79687500000000000e-1,0.00000000000000000e0,0.00000000000000000e0
12,5,2,1.95312500000000000e-1,0.00000000000000000e0,0.00000000000000000e0
13,5,2,2.10937500000000000e-1,0.00000000000000000e0,0.00000000000000000e0
14,5,2,2.26562500000000000e-1,0.00000000000000000e0,0.00000000000000000e0
15,5,2,2.42187500000000000e-1,0.00000000000000000e0,0.00000000000000000e0
16,5,2,2.57812500000000000e-1,9.71595283185870082e-5,0.00000000000000000e0
17,5,2,2.73437500000000000e-1,9.85475215802818520e-4,0.00000000000000000e0
18,5,2,2.89062500000000000e-1,4.98289580948188624e-3,0.00000000000000000e0
19,5,2,3.04687500000000000e-1,1.67848042289153836e-2,0.00000000000000000e0
20,5,2,3.20312500000000000e-1,4.24961047141099099e-2,0.00000000000000000e0
21,5,2,3.35937500000000000e-1,8.65726198315863449e-2,0.00000000000000000e0
22,5,2,3.51562500000000000e-1,1.48489629163279624e-1,0.00000000000000000e0
23,5,2,3.67187500000000000e-1,2.21779150413039111e-1,0.00000000000000000e0
24,5,2,3.82812500000000000e-1,2.96377413113687094e-1,0.00000000000000000e0
25,5,2,3.98437500000000000e-1,3.62686979958707134e-1,0.00000000000000000e0
26,5,2,4.14062500000000000e-1,4.14787353908365075e-1,0.00000000000000000e0
27,5,2,4.29687500000000000e-1,4.51325278496435722e-1,0.00000000000000000e0
28,5,2,4.45312500000000000e-1,4.74378969010335882e-1,0.00000000000000000e0
29,5,2,4.60937500000000000e-1,4.87552506446848277e-1,0.00000000000000000e0
30,5,2,4.76562500000000000e-1,4.94408122867888988e-1,0.00000000000000000e0
31,5,2,4.92187500000000000e-1,4.97672702116001786e-1,0.00000000000000000e0
32,5,2,5.07812500000000000e-1,4.99003796008730516e-1,0.00000000000000000e0
33,5,2,5.23437500000000000e-1,4.98691582541498701e-1,0.00000000000000000e0
34,5,2,5.39062500000000000e-1,4.94909057220451643e-1,0.00000000000000000e0
35,5,2,5.54687500000000000e-1,4.83181473481777091e-1,0.00000000000000000e0
36,5,2,5.70312500000000000e-1,4.57494063072541146e-1,0.00000000000000000e0
37,5,2,5.85937500000000000e-1,4.13424698726101714e-1,0.00000000000000000e0
38,5,2,6.01562500000000000e-1,3.51509686038272484e-1,0.00000000000000000e0
39,5,2,6.17187500000000000e-1,2.78220685652133537e-1,0.00000000000000000e0
40,5,2,6.32812500000000000e-1,2.03622550067015740e-1,0.00000000000000000e0
41,5,2,6.48437500000000000e-1,1.37313012276977120e-1,0.00000000000000000e0
42,5,2,6.64062500000000000e-1,8.52126445533883253e-2,0.00000000000000000e0
43,5,2,6.79687500000000000e-1,4.86747212171200205e-2,0.00000000000000000e0
44,5,2,6.95312500000000000e-1,2.56210309395281527e-2,0.00000000000000000e0
45,5,2,7.10937500000000000e-1,1.24474935449201424e-2,0.00000000000000000e0
46,5,2,7.26562500000000000e-1,5.59187713086105927e-3,0.00000000000000000e0
47,5,2,7.42187500000000000e-1,2.32729788383939391e-3,0.00000000000000000e0
48,5,2,7.57812500000000000e-1,8.99044462949853034e-4,0.00000000000000000e0
49,5,2,7.73437500000000000e-1,3.22942242716415325e-4,0.00000000000000000e0
50,5,2,7.89062500000000000e-1,1.08046970084234325e-4,0.00000000000000000e0
51,5,2,8.04687500000000000e-1,3.37222893235817619e-5,0.00000000000000000e0
52,5,2,8.20312500000000000e-1,9.83221336472702813e-6,0.00000000000000000e0
53,5,2,8.35937500000000000e-1,2.68144232941572333e-6,0.00000000000000000e0
54,5,2,8.51562500000000000e-1,6.84798468905934817e-7,0.00000000000000000e0
55,5,2,8.67187500000000000e-1,1.63934853120698451e-7,0.00000000000000000e0
56,5,2,8.82812500000000000e-1,3.68193278397711704e-8,0.00000000000000000e0
57,5,2,8.98437500000000000e-1,7.76435063270158645e-9,0.00000000000000000e0
58,5,2,9.14062500000000000e-1,1.53828408832950442e-9,0.00000000000000000e0
59,5,2,9.29687500000000000e-1,2.86482349249403079e-10,0.00000000000000000e0
60,5,2,9.45312500000000000e-1,5.01728372802006882e-11,0.00000000000000000e0
61,5,2,9.60937500000000000e-1,8.26573170930774395e-12,0.00000000000000000e0
62,5,2,9.76562500000000000e-1,1.28121411415893768e-12,0.00000000000000000e0
63,5,2,9.92187500000000000e-1,1.86865735195533054e-13,0.00000000000000000e0
0,6,2,7.81250000000000000e-3,0.00000000000000000e0,0.00000000000000000e0
1,6,2,2.34375000000000000e-2,0.00000000000000000e0,0.00000000000000000e0
2,6,2,3.90625000000000000e-2,0.00000000000000000e0,0.00000000000000000e0
3,6,2,5.46875000000000000e-2,0.00000000000000000e0,0.00000000000000000e0
4,6,2,7.03125000000000000e-2,0.00000000000000000e0,0.00000000000000000e0
5,6,2,8.59375000000000000e-2,0.00000000000000000e0,0.00000000000000000e0
6,6,2,1.01562500000000000e-1,0.00000000000000000e0,0.00000000000000000e0
7,6,2,1.17187500000000000e-1,0.00000000000000000e0,0.00000000000000000e0
8,6,2,1.32812500000000000e-1,0.00000000000000000e0,0.00000000000000000e0
9,6,2,1.48437500000000000e-1,0.00000000000000000e0,0.00000000000000000e0
10,6,2,1.64062500000000000e-1,0.00000000000000000e0,0.00000000000000000e0
11,6,2,1.79687500000000000e-1,0.00000000000000000e0,0.00000000000000000e0
12,6,2,1.95312500000000000e-1,0.00000000000000000e0,0.00000000000000000e0
13,6,2,2.10937500000000000e-1,0.00000000000000000e0,0.00000000000000000e0
14,6,2,2.26562500000000000e-1,0.00000000000000000e0,0.00000000000000000e0
15,6,2,2.42187500000000000e-1,0.00000000000000000e0,0.00000000000000000e0
16,6,2,2.57812500000000000e-1,9.71595283185846772e-5,0.00000000000000000e0
17,6,2,2.73437500000000000e-1,9.85475215802787729e-4,0.00000000000000000e0
18,6,2,2.89062500000000000e-1,4.98289580948170323e-3,0.00000000000000000e0
19,6,2,3.04687500000000000e-1,1.67848042289147070e-2,0.00000000000000000e0
20,6,2,3.20312500000000000e-1,4.24961047141080711e-2,0.00000000000000000e0
21,6,2,3.35937500000000000e-1,8.65726198315823897e-2,0.00000000000000000e0
22,6,2,3.51562500000000000e-1,1.48489629163272630e-1,0.00000000000000000e0
23,6,2,3.67187500000000000e-1,2.21779150413028564e-1,0.00000000000000000e0
24,6,2,3.82812500000000000e-1,2.96377413113672938e-1,0.00000000000000000e0
25,6,2,3.98437500000000000e-1,3.62686979958690203e-1,0.00000000000000000e0
26,6,2,4.14062500000000000e-1,4.14787353908346812e-1,0.00000000000000000e0
27,6,2,4.29687500000000000e-1,4.51325278496418014e-1,0.00000000000000000e0
28,6,2,4.45312500000000000e-1,4.74378969010320561e-1,0.00000000000000000e0
29,6,2,4.60937500000000000e-1,4.87552506446836398e-1,0.00000000000000000e0
30,6,2,4.76562500000000000e-1,4.94408122867880218e-1,0.00000000000000000e0
31,6,2,4.92187500000000000e-1,4.97672702115996013e-1,0.00000000000000000e0
32,6,2,5.07812500000000000e-1,4.99003796008726797e-1,0.00000000000000000e0
33,6,2,5.23437500000000000e-1,4.98691582541495759e-1,0.00000000000000000e0
34,6,2,5.39062500000000000e-1,4.94909057220448589e-1,0.00000000000000000e0
35,6,2,5.54687500000000000e-1,4.83181473481773038e-1,0.00000000000000000e0
36,6,2,5.70312500000000000e-1,4.57494063072535151e-1,0.00000000000000000e0
37,6,2,5.85937500000000000e-1,4.13424698726093831e-1,0.00000000000000000e0
38,6,2,6.01562500000000000e-1,3.51509686038263436e-1,0.00000000000000000e0
39,6,2,6.17187500000000000e-1,2.78220685652124322e-1,0.00000000000000000e0
40,6,2,6.32812500000000000e-1,2.03622550067007302e-1,0.00000000000000000e0
41,6,2,6.48437500000000000e-1,1.37313012276970237e-1,0.00000000000000000e0
42,6,2,6.64062500000000000e-1,8.52126445533833848e-2,0.00000000000000000e0
43,6,2,6.79687500000000000e-1,4.86747212171168772e-2,0.00000000000000000e0
44,6,2,6.95312500000000000e-1,2.56210309395263382e-2,0.00000000000000000e0
45,6,2,7.10937500000000000e-1,1.24474935449191883e-2,0.00000000000000000e0
46,6,2,7.26562500000000000e-1,5.59187713086059784e-3,0.00000000000000000e0
47,6,2,7.42187500000000000e-1,2.32729788383918964e-3,0.00000000000000000e0
48,6,2,7.57812500000000000e-1,8.99044462949770418e-4,0.00000000000000000e0
49,6,2,7.73437500000000000e-1,3.22942242716384479e-4,0.00000000000000000e0
50,6,2,7.89062500000000000e-1,1.08046970084223781e-4,0.00000000000000000e0
51,6,2,8.04687500000000000e-1,3.37222893235784144e-5,0.00000000000000000e0
52,6,2,8.20312500000000000e-1,9.83221336472604726e-6,0.00000000000000000e0
53,6,2,8.35937500000000000e-1,2.68144232941545779e-6,0.00000000000000000e0
54,6,2,8.51562500000000000e-1,6.84798468905867901e-7,0.00000000000000000e0
55,6,2,8.67187500000000000e-1,1.63934853120682754e-7,0.00000000000000000e0
56,6,2,8.82812500000000000e-1,3.68193278397677756e-8,0.00000000000000000e0
57,6,2,8.98437500000000000e-1,7.76435063270090154e-9,0.00000000000000000e0
58,6,2,9.14062500000000000e-1,1.53828408832937496e-9,0.00000000000000000e0
59,6,2,9.29687500000000000e-1,2.86482349249380280e-10,0.00000000000000000e0
60,6,2,9.45312500000000000e-1,5.01728372801969401e-11,0.00000000000000000e0
61,6,2,9.60937500000000000e-1,8.26573170930717042e-12,0.00000000000000000e0
62,6,2,9.76562500000000000e-1,1.28121411415885549e-12,0.00000000000000000e0
63,6,2,9.92187500000000000e-1,1.86865735195522022e-13,0.00000000000000000e0
0,7,2,7.81250000000000000e-3,0.00000000000000000e0,0.00000000000000000e0
1,7,2,2.34375000000000000e-2,0.00000000000000000e0,0.00000000000000000e0
2,7,2,3.90625000000000000e-2,0.00000000000000000e0,0.00000000000000000e0
3,7,2,5.46875000000000000e-2,0.00000000000000000e0,0.00000000000000000e0
4,7,2,7.03125000000000000e-2,0.00000000000000000e0,0.00000000000000000e0
5,7,2,8.59375000000000000e-2,0.00000000000000000e0,0.00000000000000000e0
6,7,2,1.01562500000000000e-1,0.00000000000000000e0,0.00000000000000000e0
7,7,2,1.17187500000000000e-1,0.00000000000000000e0,0.00000000000000000e0
8,7,2,1.32812500000000000e-1,0.00000000000000000e0,0.00000000000000000e0
9,7,2,1.48437500000000000e-1,0.00000000000000000e0,0.00000000000000000e0
10,7,2,1.64062500000000000e-1,0.00000000000000000e0,0.00000000000000000e0
11,7,2,1.79687500000000000e-1,0.00000000000000000e0,0.00000000000000000e0
12,7,2,1.95312500000000000e-1,0.00000000000000000e0,0.00000000000000000e0
13,7,2,2.10937500000000000e-1,0.00000000000000000e0,0.00000000000000000e0
14,7,2,2.26562500000000000e-1,0.00000000000000000e0,0.00000000000000000e0
15,7,2,2.42187500000000000e-1,0.00000000000000000e0,0.00000000000000000e0
16,7,2,2.57812500000000000e-1,9.71595283185757054e-5,0.00000000000000000e0
17,7,2,2.73437500000000000e-1,9.85475215802704895e-4,0.00000000000000000e0
18,7,2,2.89062500000000000e-1,4.98289580948132593e-3,0.00000000000000000e0
19,7,2,3.04687500000000000e-1,1.67848042289135933e-2,0.00000000000000000e0
20,7,2,3.20312500000000000e-1,4.24961047141056772e-2,0.00000000000000000e0
21,7,2,3.35937500000000000e-1,8.65726198315784901e-2,0.00000000000000000e0
22,7,2,3.51562500000000000e-1,1.48489629163267467e-1,0.00000000000000000e0
23,7,2,3.67187500000000000e-1,2.21779150413023263e-1,0.00000000000000000e0
24,7,2,3.82812500000000000e-1,2.96377413113669386e-1,0.00000000000000000e0
25,7,2,3.98437500000000000e-1,3.62686979958690370e-1,0.00000000000000000e0
26,7,2,4.14062500000000000e-1,4.14787353908351974e-1,0.00000000000000000e0
27,7,2,4.29687500000000000e-1,4.51325278496428783e-1,0.00000000000000000e0
28,7,2,4.45312500000000000e-1,4.74378969010336438e-1,0.00000000000000000e0
29,7,2,4.60937500000000000e-1,4.87552506446857437e-1,0.00000000000000000e0
30,7,2,4.76562500000000000e-1,4.94408122867905753e-1,0.00000000000000000e0
31,7,2,4.92187500000000000e-1,4.97672702116025378e-1,0.00000000000000000e0
32,7,2,5.07812500000000000e-1,4.99003796008760103e-1,0.00000000000000000e0
33,7,2,5.23437500000000000e-1,4.98691582541532841e-1,0.00000000000000000e0
34,7,2,5.39062500000000000e-1,4.94909057220488890e-1,0.00000000000000000e0
35,7,2,5.54687500000000000e-1,4.83181473481814949e-1,0.00000000000000000e0
36,7,2,5.70312500000000000e-1,4.57494063072576840e-1,0.00000000000000000e0
37,7,2,5.85937500000000000e-1,4.13424698726132578e-1,0.00000000000000000e0
38,7,2,6.01562500000000000e-1,3.51509686038297187e-1,0.00000000000000000e0
39,7,2,6.17187500000000000e-1,2.78220685652151467e-1,0.00000000000000000e0
40,7,2,6.32812500000000000e-1,2.03622550067027647e-1,0.00000000000000000e0
41,7,2,6.48437500000000000e-1,1.37313012276984114e-1,0.00000000000000000e0
42,7,2,6.64062500000000000e-1,8.52126445533919752e-2,0.00000000000000000e0
43,7,2,6.79687500000000000e-1,4.86747212171216720e-2,0.00000000000000000e0
44,7,2,6.95312500000000000e-1,2.56210309395287911e-2,0.00000000000000000e0
45,7,2,7.10937500000000000e-1,1.24474935449203385e-2,0.00000000000000000e0
46,7,2,7.26562500000000000e-1,5.59187713086109310e-3,0.00000000000000000e0
47,7,2,7.42187500000000000e-1,2.32729788383938567e-3,0.00000000000000000e0
48,7,2,7.57812500000000000e-1,8.99044462949841867e-4,0.00000000000000000e0
49,7,2,7.73437500000000000e-1,3.22942242716408494e-4,0.00000000000000000e0
50,7,2,7.89062500000000000e-1,1.08046970084231235e-4,0.00000000000000000e0
51,7,2,8.04687500000000000e-1,3.37222893235805896e-5,0.00000000000000000e0
52,7,2,8.20312500000000000e-1,9.83221336472664188e-6,0.00000000000000000e0
53,7,2,8.35937500000000000e-1,2.68144232941560856e-6,0.00000000000000000e0
54,7,2,8.51562500000000000e-1,6.84798468905904323e-7,0.00000000000000000e0
55,7,2,8.67187500000000000e-1,1.63934853120691013e-7,0.00000000000000000e0
56,7,2,8.82812500000000000e-1,3.68193278397695226e-8,0.00000000000000000e0
57,7,2,8.98437500000000000e-1,7.76435063270124565e-9,0.00000000000000000e0
58,7,2,9.14062500000000000e-1,1.53828408832943866e-9,0.00000000000000000e0
59,7,2,9.29687500000000000e-1,2.86482349249391292e-10,0.00000000000000000e0
60,7,2,9.45312500000000000e-1,5.01728372801987366e-11,0.00000000000000000e0
61,7,2,9.60937500000000000e-1,8.26573170930744184e-12,0.00000000000000000e0
62,7,2,9.76562500000000000e-1,1.28121411415889386e-12,0.00000000000000000e0
63,7,2,9.92187500000000000e-1,1.86865735195527122e-13,0.00000000000000000e0
0,0,3,7.81250000000000000e-3,0.00000000000000000e0,0.00000000000000000e0
1,0,3,2.34375000000000000e-2,0.00000000000000000e0,0.00000000000000000e0
2,0,3,3.90625000000000000e-2,0.00000000000000000e0,0.00000000000000000e0
3,0,3,5.46875000000000000e-2,0.00000000000000000e0,0.00000000000000000e0
4,0,3,7.03125000000000000e-2,0.00000000000000000e0,0.00000000000000000e0
5,0,3,8.59375000000000000e-2,0.00000000000000000e0,0.00000000000000000e0
6,0,3,1.01562500000000000e-1,0.00000000000000000e0,0.00000000000000000e0
7,0,3,1.17187500000000000e-1,0.00000000000000000e0,0.00000000000000000e0
8,0,3,1.32812500000000000e-1,0.00000000000000000e0,0.00000000000000000e0
9,0,3,1.48437500000000000e-1,0.00000000000000000e0,0.00000000000000000e0
10,0,3,1.64062500000000000e-1,0.00000000000000000e0,0.00000000000000000e0
11,0,3,1.79687500000000000e-1,0.00000000000000000e0,0.00000000000000000e0
12,0,3,1.95312500000000000e-1,0.00000000000000000e0,0.00000000000000000e0
13,0,3,2.10937500000000000e-1,0.00000000000000000e0,0.00000000000000000e0
14,0,3,2.26562500000000000e-1,0.00000000000000000e0,0.00000000000000000e0
15,0,3,2.42187500000000000e-1,0.00000000000000000e0,0.00000000000000000e0
16,0,3,2.57812500000000000e-1,9.71595283185915348e-5,0.00000000000000000e0
17,0,3,2.73437500000000000e-1,9.85475215802850395e-4,0.00000000000000000e0
18,0,3,2.89062500000000000e-1,4.98289580948196864e-3,0.00000000000000000e0
19,0,3,3.04687500000000000e-1,1.67848042289153801e-2,0.00000000000000000e0
20,0,3,3.20312500000000000e-1,4.24961047141090842e-2,0.00000000000000000e0
21,0,3,3.35937500000000000e-1,8.65726198315829726e-2,0.00000000000000000e0
22,0,3,3.51562500000000000e-1,1.48489629163270853e-1,0.00000000000000000e0
23,0,3,3.67187500000000000e-1,2.21779150413021597e-1,0.00000000000000000e0
24,0,3,3.82812500000000000e-1,2.96377413113657673e-1,0.00000000000000000e0
25,0,3,3.98437500000000000e-1,3.62686979958664168e-1,0.00000000000000000e0
26,0,3,4.14062500000000000e-1,4.14787353908308676e-1,0.00000000000000000e0
27,0,3,4.29687500000000000e-1,4.51325278496367999e-1,0.00000000000000000e0
28,0,3,4.45312500000000000e-1,4.74378969010260221e-1,0.00000000000000000e0
29,0,3,4.60937500000000000e-1,4.87552506446768397e-1,0.00000000000000000e0
30,0,3,4.76562500000000000e-1,4.94408122867807331e-1,0.00000000000000000e0
31,0,3,4.92187500000000000e-1,4.97672702115921073e-1,0.00000000000000000e0
32,0,3,5.07812500000000000e-1,4.99003796008653577e-1,0.00000000000000000e0
33,0,3,5.23437500000000000e-1,4.98691582541427925e-1,0.00000000000000000e0
34,0,3,5.39062500000000000e-1,4.94909057220388693e-1,0.00000000000000000e0
35,0,3,5.54687500000000000e-1,4.83181473481723411e-1,0.00000000000000000e0
36,0,3,5.70312500000000000e-1,4.57494063072497181e-1,0.00000000000000000e0
37,0,3,5.85937500000000000e-1,4.13424698726067186e-1,0.00000000000000000e0
38,0,3,6.01562500000000000e-1,3.51509686038247005e-1,0.00000000000000000e0
39,0,3,6.17187500000000000e-1,2.78220685652115995e-1,0.00000000000000000e0
40,0,3,6.32812500000000000e-1,2.03622550067004665e-1,0.00000000000000000e0
41,0,3,6.48437500000000000e-1,1.37313012276970431e-1,0.00000000000000000e0
42,0,3,6.64062500000000000e-1,8.52126445533845228e-2,0.00000000000000000e0
43,0,3,6.79687500000000000e-1,4.86747212171179805e-2,0.00000000000000000e0
44,0,3,6.95312500000000000e-1,2.56210309395271049e-2,0.00000000000000000e0
45,0,3,7.10937500000000000e-1,1.24474935449196411e-2,0.00000000000000000e0
46,0,3,7.26562500000000000e-1,5.59187713086083203e-3,0.00000000000000000e0
47,0,3,7.42187500000000000e-1,2.32729788383929806e-3,0.00000000000000000e0
48,0,3,7.57812500000000000e-1,8.99044462949816171e-4,0.00000000000000000e0
49,0,3,7.73437500000000000e-1,3.22942242716402043e-4,0.00000000000000000e0
50,0,3,7.89062500000000000e-1,1.08046970084229907e-4,0.00000000000000000e0
51,0,3,8.04687500000000000e-1,3.37222893235804134e-5,0.00000000000000000e0
52,0,3,8.20312500000000000e-1,9.83221336472664866e-6,0.00000000000000000e0
53,0,3,8.35937500000000000e-1,2.68144232941562635e-6,0.00000000000000000e0
54,0,3,8.51562500000000000e-1,6.84798468905911841e-7,0.00000000000000000e0
55,0,3,8.67187500000000000e-1,1.63934853120693369e-7,0.00000000000000000e0
56,0,3,8.82812500000000000e-1,3.68193278397701314e-8,0.00000000000000000e0
57,0,3,8.98437500000000000e-1,7.76435063270138958e-9,0.00000000000000000e0
58,0,3,9.14062500000000000e-1,1.53828408832946844e-9,0.00000000000000000e0
59,0,3,9.29687500000000000e-1,2.86482349249396772e-10,0.00000000000000000e0
60,0,3,9.45312500000000000e-1,5.01728372801996219e-11,0.00000000000000000e0
61,0,3,9.60937500000000000e-1,8.26573170930756947e-12,0.00000000000000000e0
62,0,3,9.76562500000000000e-1,1.28121411415891001e-12,0.00000000000000000e0
63,0,3,9.92187500000000000e-1,1.86865735195528813e-13,0.00000000000000000e0
0,1,3,7.81250000000000000e-3,0.00000000000000000e0,0.00000000000000000e0
1,1,3,2.34375000000000000e-2,0.00000000000000000e0,0.00000000000000000e0
2,1,3,3.90625000000000000e-2,0.00000000000000000e0,0.00000000000000000e0
3,1,3,5.46875000000000000e-2,0.00000000000000000e0,0.00000000000000000e0
4,1,3,7.03125000000000000e-2,0.00000000000000000e0,0.00000000000000000e0
5,1,3,8.59375000000000000e-2,0.00000000000000000e0,0.00000000000000000e0
6,1,3,1.01562500000000000e-1,0.00000000000000000e0,0.00000000000000000e0
7,1,3,1.17187500000000000e-1,0.00000000000000000e0,0.00000000000000000e0
8,1,3,1.32812500000000000e-1,0.00000000000000000e0,0.00000000000000000e0
9,1,3,1.48437500000000000e-1,0.00000000000000000e0,0.00000000000000000e0
10,1,3,1.64062500000000000e-1,0.00000000000000000e0,0.00000000000000000e0
11,1,3,1.79687500000000000e-1,0.00000000000000000e0,0.00000000000000000e0
12,1,3,1.95312500000000000e-1,0.00000000000000000e0,0.00000000000000000e0
13,1,3,2.10937500000000000e-1,0.00000000000000000e0,0.00000000000000000e0
14,1,3,2.26562500000000000e-1,0.00000000000000000e0,0.00000000000000000e0
15,1,3,2.42187500000000000e-1,0.00000000000000000e0,0.00000000000000000e0
16,1,3,2.57812500000000000e-1,9.71595283185763966e-5,0.00000000000000000e0
17,1,3,2.73437500000000000e-1,9.85475215802699258e-4,0.00000000000000000e0
18,1,3,2.89062500000000000e-1,4.98289580948123919e-3,0.00000000000000000e0
19,1,3,3.04687500000000000e-1,1.67848042289131180e-2,0.00000000000000000e0
20,1,3,3.20312500000000000e-1,4.24961047141040119e-2,0.00000000000000000e0
21,1,3,3.35937500000000000e-1,8.65726198315743406e-2,0.00000000000000000e0
22,1,3,3.51562500000000000e-1,1.48489629163259640e-1,0.00000000000000000e0
23,1,3,3.67187500000000000e-1,2.21779150413011134e-1,0.00000000000000000e0
24,1,3,3.82812500000000000e-1,2.96377413113653287e-1,0.00000000000000000e0
25,1,3,3.98437500000000000e-1,3.62686979958672218e-1,0.00000000000000000e0
26,1,3,4.14062500000000000e-1,4.14787353908334600e-1,0.00000000000000000e0
27,1,3,4.29687500000000000e-1,4.51325278496415350e-1,0.00000000000000000e0
28,1,3,4.45312500000000000e-1,4.74378969010330276e-1,0.00000000000000000e0
29,1,3,4.60937500000000000e-1,4.87552506446860989e-1,0.00000000000000000e0
30,1,3,4.76562500000000000e-1,4.94408122867921129e-1,0.00000000000000000e0
31,1,3,4.92187500000000000e-1,4.97672702116053356e-1,0.00000000000000000e0
32,1,3,5.07812500000000000e-1,4.99003796008800238e-1,0.00000000000000000e0
33,1,3,5.23437500000000000e-1,4.98691582541583689e-1,0.00000000000000000e0
34,1,3,5.39062500000000000e-1,4.94909057220547899e-1,0.00000000000000000e0
35,1,3,5.54687500000000000e-1,4.83181473481878565e-1,0.00000000000000000e0
36,1,3,5.70312500000000000e-1,4.57494063072640400e-1,0.00000000000000000e0
37,1,3,5.85937500000000000e-1,4.13424698726191142e-1,0.00000000000000000e0
38,1,3,6.01562500000000000e-1,3.51509686038346314e-1,0.00000000000000000e0
39,1,3,6.17187500000000000e-1,2.78220685652189048e-1,0.00000000000000000e0
40,1,3,6.32812500000000000e-1,2.03622550067053654e-1,0.00000000000000000e0
41,1,3,6.48437500000000000e-1,1.37313012277000296e-1,0.00000000000000000e0
42,1,3,6.64062500000000000e-1,8.52126445534010374e-2,0.00000000000000000e0
43,1,3,6.79687500000000000e-1,4.86747212171262933e-2,0.00000000000000000e0
44,1,3,6.95312500000000000e-1,2.56210309395309074e-2,0.00000000000000000e0
45,1,3,7.10937500000000000e-1,1.24474935449212145e-2,0.00000000000000000e0
46,1,3,7.26562500000000000e-1,5.59187713086142183e-3,0.00000000000000000e0
47,1,3,7.42187500000000000e-1,2.32729788383949756e-3,0.00000000000000000e0
48,1,3,7.57812500000000000e-1,8.99044462949876669e-4,0.00000000000000000e0
49,1,3,7.73437500000000000e-1,3.22942242716418252e-4,0.00000000000000000e0
50,1,3,7.89062500000000000e-1,1.08046970084233661e-4,0.00000000000000000e0
51,1,3,8.04687500000000000e-1,3.37222893235811046e-5,0.00000000000000000e0
52,1,3,8.20312500000000000e-1,9.83221336472672997e-6,0.00000000000000000e0
53,1,3,8.35937500000000000e-1,2.68144232941561872e-6,0.00000000000000000e0
54,1,3,8.51562500000000000e-1,6.84798468905903900e-7,0.00000000000000000e0
55,1,3,8.67187500000000000e-1,1.63934853120690298e-7,0.00000000000000000e0
56,1,3,8.82812500000000000e-1,3.68193278397692579e-8,0.00000000000000000e0
57,1,3,8.98437500000000000e-1,7.76435063270117617e-9,0.00000000000000000e0
58,1,3,9.14062500000000000e-1,1.53828408832942397e-9,0.00000000000000000e0
59,1,3,9.29687500000000000e-1,2.86482349249388603e-10,0.00000000000000000e0
60,1,3,9.45312500000000000e-1,5.01728372801982648e-11,0.00000000000000000e0
61,1,3,9.60937500000000000e-1,8.26573170930737075e-12,0.00000000000000000e0
62,1,3,9.76562500000000000e-1,1.28121411415888356e-12,0.00000000000000000e0
63,1,3,9.92187500000000000e-1,1.86865735195525708e-13,0.00000000000000000e0
0,2,3,7.81250000000000000e-3,0.00000000000000000e0,0.00000000000000000e0
1,2,3,2.34375000000000000e-2,0.00000000000000000e0,0.00000000000000000e0
2,2,3,3.90625000000000000e-2,0.00000000000000000e0,0.00000000000000000e0
3,2,3,5.46875000000000000e-2,0.00000000000000000e0,0.00000000000000000e0
4,2,3,7.03125000000000000e-2,0.00000000000000000e0,0.00000000000000000e0
5,2,3,8.59375000000000000e-2,0.00000000000000000e0,0.00000000000000000e0
6,2,3,1.01562500000000000e-1,0.00000000000000000e0,0.00000000000000000e0
7,2,3,1.17187500000000000e-1,0.00000000000000000e0,0.00000000000000000e0
8,2,3,1.32812500000000000e-1,0.00000000000000000e0,0.00000000000000000e0
9,2,3,1.48437500000000000e-1,0.00000000000000000e0,0.00000000000000000e0
10,2,3,1.64062500000000000e-1,0.00000000000000000e0,0.00000000000000000e0
11,2,3,1.79687500000000000e-1,0.00000000000000000e0,0.00000000000000000e0
12,2,3,1.95312500000000000e-1,0.00000000000000000e0,0.00000000000000000e0
13,2,3,2.10937500000000000e-1,0.00000000000000000e0,0.00000000000000000e0
14,2,3,2.26562500000000000e-1,0.00000000000000000e0,0.00000000000000000e0
15,2,3,2.42187500000000000e-1,0.00000000000000000e0,0.00000000000000000e0
16,2,3,2.57812500000000000e-1,9.71595283185813297e-5,0.00000000000000000e0
17,2,3,2.73437500000000000e-1,9.85475215802752817e-4,0.00000000000000000e0
18,2,3,2.89062500000000000e-1,4.98289580948152542e-3,0.00000000000000000e0
19,2,3,3.04687500000000000e-1,1.67848042289140964e-2,0.00000000000000000e0
20,2,3,3.20312500000000000e-1,4.24961047141065029e-2,0.00000000000000000e0
21,2,3,3.35937500000000000e-1,8.65726198315792950e-2,0.00000000000000000e0
22,2,3,3.51562500000000000e-1,1.48489629163267411e-1,0.00000000000000000e0
23,2,3,3.67187500000000000e-1,2.21779150413021126e-1,0.00000000000000000e0
24,2,3,3.82812500000000000e-1,2.96377413113664112e-1,0.00000000000000000e0
25,2,3,3.98437500000000000e-1,3.62686979958680988e-1,0.00000000000000000e0
26,2,3,4.14062500000000000e-1,4.14787353908338041e-1,0.00000000000000000e0
27,2,3,4.29687500000000000e-1,4.51325278496410631e-1,0.00000000000000000e0
28,2,3,4.45312500000000000e-1,4.74378969010314899e-1,0.00000000000000000e0
29,2,3,4.60937500000000000e-1,4.87552506446832512e-1,0.00000000000000000e0
30,2,3,4.76562500000000000e-1,4.94408122867877664e-1,0.00000000000000000e0
31,2,3,4.92187500000000000e-1,4.97672702115994348e-1,0.00000000000000000e0
32,2,3,5.07812500000000000e-1,4.99003796008726686e-1,0.00000000000000000e0
33,2,3,5.23437500000000000e-1,4.98691582541497980e-1,0.00000000000000000e0
34,2,3,5.39062500000000000e-1,4.94909057220453474e-1,0.00000000000000000e0
35,2,3,5.54687500000000000e-1,4.83181473481780421e-1,0.00000000000000000e0
36,2,3,5.70312500000000000e-1,4.57494063072545143e-1,0.00000000000000000e0
37,2,3,5.85937500000000000e-1,4.13424698726105710e-1,0.00000000000000000e0
38,2,3,6.01562500000000000e-1,3.51509686038276259e-1,0.00000000000000000e0
39,2,3,6.17187500000000000e-1,2.78220685652136646e-1,0.00000000000000000e0
40,2,3,6.32812500000000000e-1,2.03622550067018182e-1,0.00000000000000000e0
41,2,3,6.48437500000000000e-1,1.37313012276978758e-1,0.00000000000000000e0
42,2,3,6.64062500000000000e-1,8.52126445533894217e-2,0.00000000000000000e0
43,2,3,6.79687500000000000e-1,4.86747212171206867e-2,0.00000000000000000e0
44,2,3,6.95312500000000000e-1,2.56210309395285170e-2,0.00000000000000000e0
45,2,3,7.10937500000000000e-1,1.24474935449203263e-2,0.00000000000000000e0
46,2,3,7.26562500000000000e-1,5.59187713086114254e-3,0.00000000000000000e0
47,2,3,7.42187500000000000e-1,2.32729788383942860e-3,0.00000000000000000e0
48,2,3,7.57812500000000000e-1,8.99044462949866261e-4,0.00000000000000000e0
49,2,3,7.73437500000000000e-1,3.22942242716419716e-4,0.00000000000000000e0
50,2,3,7.89062500000000000e-1,1.08046970084235694e-4,0.00000000000000000e0
51,2,3,8.04687500000000000e-1,3.37222893235821414e-5,0.00000000000000000e0
52,2,3,8.20312500000000000e-1,9.83221336472712130e-6,0.00000000000000000e0
53,2,3,8.35937500000000000e-1,2.68144232941574493e-6,0.00000000000000000e0
54,2,3,8.51562500000000000e-1,6.84798468905939369e-7,0.00000000000000000e0
55,2,3,8.67187500000000000e-1,1.63934853120699271e-7,0.00000000000000000e0
56,2,3,8.82812500000000000e-1,3.68193278397713226e-8,0.00000000000000000e0
57,2,3,8.98437500000000000e-1,7.76435063270161126e-9,0.00000000000000000e0
58,2,3,9.14062500000000000e-1,1.53828408832950793e-9,0.00000000000000000e0
59,2,3,9.29687500000000000e-1,2.86482349249403544e-10,0.00000000000000000e0
60,2,3,9.45312500000000000e-1,5.01728372802007528e-11,0.00000000000000000e0
61,2,3,9.60937500000000000e-1,8.26573170930775688e-12,0.00000000000000000e0
62,2,3,9.76562500000000000e-1,1.28121411415893990e-12,0.00000000000000000e0
63,2,3,9.92187500000000000e-1,1.86865735195533433e-13,0.00000000000000000e0
0,3,3,7.81250000000000000e-3,0.00000000000000000e0,0.00000000000000000e0
1,3,3,2.34375000000000000e-2,0.00000000000000000e0,0.00000000000000000e0
2,3,3,3.90625000000000000e-2,0.00000000000000000e0,0.00000000000000000e0
3,3,3,5.46875000000000000e-2,0.00000000000000000e0,0.00000000000000000e0
4,3,3,7.03125000000000000e-2,0.00000000000000000e0,0.00000000000000000e0
5,3,3,8.59375000000000000e-2,0.00000000000000000e0,0.00000000000000000e0
6,3,3,1.01562500000000000e-1,0.00000000000000000e0,0.00000000000000000e0
7,3,3,1.17187500000000000e-1,0.00000000000000000e0,0.00000000000000000e0
8,3,3,1.32812500000000000e-1,0.00000000000000000e0,0.00000000000000000e0
9,3,3,1.48437500000000000e-1,0.00000000000000000e0,0.00000000000000000e0
10,3,3,1.64062500000000000e-1,0.00000000000000000e0,0.00000000000000000e0
11,3,3,1.79687500000000000e-1,0.00000000000000000e0,0.00000000000000000e0
12,3,3,1.95312500000000000e-1,0.00000000000000000e0,0.00000000000000000e0
13,3,3,2.10937500000000000e-1,0.00000000000000000e0,0.00000000000000000e0
14,3,3,2.26562500000000000e-1,0.00000000000000000e0,0.00000000000000000e0
15,3,3,2.42187500000000000e-1,0.00000000000000000e0,0.00000000000000000e0
16,3,3,2.57812500000000000e-1,9.71595283185872657e-5,0.00000000000000000e0
17,3,3,2.73437500000000000e-1,9.85475215802808979e-4,0.00000000000000000e0
18,3,3,2.89062500000000000e-1,4.98289580948178476e-3,0.00000000000000000e0
19,3,3,3.04687500000000000e-1,1.67848042289148909e-2,0.00000000000000000e0
20,3,3,3.20312500000000000e-1,4.24961047141082585e-2,0.00000000000000000e0
21,3,3,3.35937500000000000e-1,8.65726198315822371e-2,0.00000000000000000e0
22,3,3,3.51562500000000000e-1,1.48489629163271242e-1,0.00000000000000000e0
23,3,3,3.67187500000000000e-1,2.21779150413024650e-1,0.00000000000000000e0
24,3,3,3.82812500000000000e-1,2.96377413113664834e-1,0.00000000000000000e0
25,3,3,3.98437500000000000e-1,3.62686979958675548e-1,0.00000000000000000e0
26,3,3,4.14062500000000000e-1,4.14787353908323830e-1,0.00000000000000000e0
27,3,3,4.29687500000000000e-1,4.51325278496384874e-1,0.00000000000000000e0
28,3,3,4.45312500000000000e-1,4.74378969010275542e-1,0.00000000000000000e0
29,3,3,4.60937500000000000e-1,4.87552506446778999e-1,0.00000000000000000e0
30,3,3,4.76562500000000000e-1,4.94408122867810662e-1,0.00000000000000000e0
31,3,3,4.92187500000000000e-1,4.97672702115914578e-1,0.00000000000000000e0
32,3,3,5.07812500000000000e-1,4.99003796008634648e-1,0.00000000000000000e0
33,3,3,5.23437500000000000e-1,4.98691582541395673e-1,0.00000000000000000e0
34,3,3,5.39062500000000000e-1,4.94909057220344006e-1,0.00000000000000000e0
35,3,3,5.54687500000000000e-1,4.83181473481668344e-1,0.00000000000000000e0
36,3,3,5.70312500000000000e-1,4.57494063072436397e-1,0.00000000000000000e0
37,3,3,5.85937500000000000e-1,4.13424698726007234e-1,0.00000000000000000e0
38,3,3,6.01562500000000000e-1,3.51509686038193714e-1,0.00000000000000000e0
39,3,3,6.17187500000000000e-1,2.78220685652073196e-1,0.00000000000000000e0
40,3,3,6.32812500000000000e-1,2.03622550066973745e-1,0.00000000000000000e0
41,3,3,6.48437500000000000e-1,1.37313012276950364e-1,0.00000000000000000e0
42,3,3,6.64062500000000000e-1,8.52126445533728655e-2,0.00000000000000000e0
43,3,3,6.79687500000000000e-1,4.86747212171119020e-2,0.00000000000000000e0
44,3,3,6.95312500000000000e-1,2.56210309395242392e-2,0.00000000000000000e0
45,3,3,7.10937500000000000e-1,1.24474935449184251e-2,0.00000000000000000e0
46,3,3,7.26562500000000000e-1,5.59187713086036365e-3,0.00000000000000000e0
47,3,3,7.42187500000000000e-1,2.32729788383913630e-3,0.00000000000000000e0
48,3,3,7.57812500000000000e-1,8.99044462949765105e-4,0.00000000000000000e0
49,3,3,7.73437500000000000e-1,3.22942242716387677e-4,0.00000000000000000e0
50,3,3,7.89062500000000000e-1,1.08046970084226302e-4,0.00000000000000000e0
51,3,3,8.04687500000000000e-1,3.37222893235796003e-5,0.00000000000000000e0
52,3,3,8.20312500000000000e-1,9.83221336472649450e-6,0.00000000000000000e0
53,3,3,8.35937500000000000e-1,2.68144232941560136e-6,0.00000000000000000e0
54,3,3,8.51562500000000000e-1,6.84798468905908876e-7,0.00000000000000000e0
55,3,3,8.67187500000000000e-1,1.63934853120693289e-7,0.00000000000000000e0
56,3,3,8.82812500000000000e-1,3.68193278397702373e-8,0.00000000000000000e0
57,3,3,8.98437500000000000e-1,7.76435063270142928e-9,0.00000000000000000e0
58,3,3,9.14062500000000000e-1,1.53828408832947981e-9,0.00000000000000000e0
59,3,3,9.29687500000000000e-1,2.86482349249399408e-10,0.00000000000000000e0
60,3,3,9.45312500000000000e-1,5.01728372802001712e-11,0.00000000000000000e0
61,3,3,9.60937500000000000e-1,8.26573170930767448e-12,0.00000000000000000e0
62,3,3,9.76562500000000000e-1,1.28121411415892920e-12,0.00000000000000000e0
63,3,3,9.92187500000000000e-1,1.86865735195532069e-13,0.00000000000000000e0
0,4,3,7.81250000000000000e-3,0.00000000000000000e0,0.00000000000000000e0
1,4,3,2.34375000000000000e-2,0.00000000000000000e0,0.00000000000000000e0
2,4,3,3.90625000000000000e-2,0.00000000000000000e0,0.00000000000000000e0
3,4,3,5.46875000000000000e-2,0.00000000000000000e0,0.00000000000000000e0
4,4,3,7.03125000000000000e-2,0.00000000000000000e0,0.00000000000000000e0
5,4,3,8.59375000000000000e-2,0.00000000000000000e0,0.00000000000000000e0
6,4,3,1.01562500000000000e-1,0.00000000000000000e0,0.00000000000000000e0
7,4,3,1.17187500000000000e-1,0.00000000000000000e0,0.00000000000000000e0
8,4,3,1.32812500000000000e-1,0.00000000000000000e0,0.00000000000000000e0
9,4,3,1.48437500000000000e-1,0.00000000000000000e0,0.00000000000000000e0
10,4,3,1.64062500000000000e-1,0.00000000000000000e0,0.00000000000000000e0
11,4,3,1.79687500000000000e-1,0.00000000000000000e0,0.00000000000000000e0
12,4,3,1.95312500000000000e-1,0.00000000000000000e0,0.00000000000000000e0
13,4,3,2.10937500000000000e-1,0.00000000000000000e0,0.00000000000000000e0
14,4,3,2.26562500000000000e-1,0.00000000000000000e0,0.00000000000000000e0
15,4,3,2.42187500000000000e-1,0.00000000000000000e0,0.00000000000000000e0
16,4,3,2.57812500000000000e-1,9.71595283185797305e-5,0.00000000000000000e0
17,4,3,2.73437500000000000e-1,9.85475215802738506e-4,0.00000000000000000e0
18,4,3,2.89062500000000000e-1,4.98289580948145950e-3,0.00000000000000000e0
19,4,3,3.04687500000000000e-1,1.67848042289139056e-2,0.00000000000000000e0
20,4,3,3.20312500000000000e-1,4.24961047141060172e-2,0.00000000000000000e0
21,4,3,3.35937500000000000e-1,8.65726198315781709e-2,0.00000000000000000e0
22,4,3,3.51562500000000000e-1,1.48489629163265136e-1,0.00000000000000000e0
23,4,3,3.67187500000000000e-1,2.21779150413017018e-1,0.00000000000000000e0
24,4,3,3.82812500000000000e-1,2.96377413113657229e-1,0.00000000000000000e0
25,4,3,3.98437500000000000e-1,3.62686979958670497e-1,0.00000000000000000e0
26,4,3,4.14062500000000000e-1,4.14787353908322942e-1,0.00000000000000000e0
27,4,3,4.29687500000000000e-1,4.51325278496389981e-1,0.00000000000000000e0
28,4,3,4.45312500000000000e-1,4.74378969010287643e-1,0.00000000000000000e0
29,4,3,4.60937500000000000e-1,4.87552506446798317e-1,0.00000000000000000e0
30,4,3,4.76562500000000000e-1,4.94408122867836752e-1,0.00000000000000000e0
31,4,3,4.92187500000000000e-1,4.97672702115947940e-1,0.00000000000000000e0
32,4,3,5.07812500000000000e-1,4.99003796008675726e-1,0.00000000000000000e0
33,4,3,5.23437500000000000e-1,4.98691582541443468e-1,0.00000000000000000e0
34,4,3,5.39062500000000000e-1,4.94909057220396187e-1,0.00000000000000000e0
35,4,3,5.54687500000000000e-1,4.83181473481722523e-1,0.00000000000000000e0
36,4,3,5.70312500000000000e-1,4.57494063072488966e-1,0.00000000000000000e0
37,4,3,5.85937500000000000e-1,4.13424698726054196e-1,0.00000000000000000e0
38,4,3,6.01562500000000000e-1,3.51509686038231794e-1,0.00000000000000000e0
39,4,3,6.17187500000000000e-1,2.78220685652101229e-1,0.00000000000000000e0
40,4,3,6.32812500000000000e-1,2.03622550066992203e-1,0.00000000000000000e0
41,4,3,6.48437500000000000e-1,1.37313012276961272e-1,0.00000000000000000e0
42,4,3,6.64062500000000000e-1,8.52126445533784721e-2,0.00000000000000000e0
43,4,3,6.79687500000000000e-1,4.86747212171143792e-2,0.00000000000000000e0
44,4,3,6.95312500000000000e-1,2.56210309395251759e-2,0.00000000000000000e0
45,4,3,7.10937500000000000e-1,1.24474935449186957e-2,0.00000000000000000e0
46,4,3,7.26562500000000000e-1,5.59187713086040789e-3,0.00000000000000000e0
47,4,3,7.42187500000000000e-1,2.32729788383912242e-3,0.00000000000000000e0
48,4,3,7.57812500000000000e-1,8.99044462949748625e-4,0.00000000000000000e0
49,4,3,7.73437500000000000e-1,3.22942242716378299e-4,0.00000000000000000e0
50,4,3,7.89062500000000000e-1,1.08046970084222155e-4,0.00000000000000000e0
51,4,3,8.04687500000000000e-1,3.37222893235780620e-5,0.00000000000000000e0
52,4,3,8.20312500000000000e-1,9.83221336472598628e-6,0.00000000000000000e0
53,4,3,8.35937500000000000e-1,2.68144232941545228e-6,0.00000000000000000e0
54,4,3,8.51562500000000000e-1,6.84798468905869701e-7,0.00000000000000000e0
55,4,3,8.67187500000000000e-1,1.63934853120683866e-7,0.00000000000000000e0
56,4,3,8.82812500000000000e-1,3.68193278397681661e-8,0.00000000000000000e0
57,4,3,8.98437500000000000e-1,7.76435063270100742e-9,0.00000000000000000e0
58,4,3,9.14062500000000000e-1,1.53828408832940019e-9,0.00000000000000000e0
59,4,3,9.29687500000000000e-1,2.86482349249385501e-10,0.00000000000000000e0
60,4,3,9.45312500000000000e-1,5.01728372801978965e-11,0.00000000000000000e0
61,4,3,9.60937500000000000e-1,8.26573170930732713e-12,0.00000000000000000e0
62,4,3,9.76562500000000000e-1,1.28121411415887891e-12,0.00000000000000000e0
63,4,3,9.92187500000000000e-1,1.86865735195525203e-13,0.00000000000000000e0
0,5,3,7.81250000000000000e-3,0.00000000000000000e0,0.00000000000000000e0
1,5,3,2.34375000000000000e-2,0.00000000000000000e0,0.00000000000000000e0
2,5,3,3.90625000000000000e-2,0.00000000000000000e0,0.00000000000000000e0
3,5,3,5.46875000000000000e-2,0.00000000000000000e0,0.00000000000000000e0
4,5,3,7.03125000000000000e-2,0.00000000000000000e0,0.00000000000000000e0
5,5,3,8.59375000000000000e-2,0.00000000000000000e0,0.00000000000000000e0
6,5,3,1.01562500000000000e-1,0.00000000000000000e0,0.00000000000000000e0
7,5,3,1.17187500000000000e-1,0.00000000000000000e0,0.00000000000000000e0
8,5,3,1.32812500000000000e-1,0.00000000000000000e0,0.00000000000000000e0
9,5,3,1.48437500000000000e-1,0.00000000000000000e0,0.00000000000000000e0
10,5,3,1.64062500000000000e-1,0.00000000000000000e0,0.00000000000000000e0
11,5,3,1.79687500000000000e-1,0.00000000000000000e0,0.00000000000000000e0
12,5,3,1.95312500000000000e-1,0.00000000000000000e0,0.00000000000000000e0
13,5,3,2.10937500000000000e-1,0.00000000000000000e0,0.00000000000000000e0
14,5,3,2.26562500000000000e-1,0.00000000000000000e0,0.00000000000000000e0
15,5,3,2.42187500000000000e-1,0.00000000000000000e0,0.00000000000000000e0
16,5,3,2.57812500000000000e-1,9.71595283185823190e-5,0.00000000000000000e0
17,5,3,2.73437500000000000e-1,9.85475215802758889e-4,0.00000000000000000e0
18,5,3,2.89062500000000000e-1,4.98289580948153149e-3,0.00000000000000000e0
19,5,3,3.04687500000000000e-1,1.67848042289140097e-2,0.00000000000000000e0
20,5,3,3.20312500000000000e-1,4.24961047141060033e-2,0.00000000000000000e0
21,5,3,3.35937500000000000e-1,8.65726198315775741e-2,0.00000000000000000e0
22,5,3,3.51562500000000000e-1,1.48489629163263165e-1,0.00000000000000000e0
23,5,3,3.67187500000000000e-1,2.21779150413012244e-1,0.00000000000000000e0
24,5,3,3.82812500000000000e-1,2.96377413113648236e-1,0.00000000000000000e0
25,5,3,3.98437500000000000e-1,3.62686979958656230e-1,0.00000000000000000e0
26,5,3,4.14062500000000000e-1,4.14787353908303180e-1,0.00000000000000000e0
27,5,3,4.29687500000000000e-1,4.51325278496365057e-1,0.00000000000000000e0
28,5,3,4.45312500000000000e-1,4.74378969010259166e-1,0.00000000000000000e0
29,5,3,4.60937500000000000e-1,4.87552506446768508e-1,0.00000000000000000e0
30,5,3,4.76562500000000000e-1,4.94408122867807776e-1,0.00000000000000000e0
31,5,3,4.92187500000000000e-1,4.97672702115921350e-1,0.00000000000000000e0
32,5,3,5.07812500000000000e-1,4.99003796008652911e-1,0.00000000000000000e0
33,5,3,5.23437500000000000e-1,4.98691582541425538e-1,0.00000000000000000e0
34,5,3,5.39062500000000000e-1,4.94909057220384141e-1,0.00000000000000000e0
35,5,3,5.54687500000000000e-1,4.83181473481716584e-1,0.00000000000000000e0
36,5,3,5.70312500000000000e-1,4.57494063072488966e-1,0.00000000000000000e0
37,5,3,5.85937500000000000e-1,4.13424698726058915e-1,0.00000000000000000e0
38,5,3,6.01562500000000000e-1,3.51509686038239400e-1,0.00000000000000000e0
39,5,3,6.17187500000000000e-1,2.78220685652109778e-1,0.00000000000000000e0
40,5,3,6.32812500000000000e-1,2.03622550066999863e-1,0.00000000000000000e0
41,5,3,6.48437500000000000e-1,1.37313012276967128e-1,0.00000000000000000e0
42,5,3,6.64062500000000000e-1,8.52126445533823718e-2,0.00000000000000000e0
43,5,3,6.79687500000000000e-1,4.86747212171167315e-2,0.00000000000000000e0
44,5,3,6.95312500000000000e-1,2.56210309395264353e-2,0.00000000000000000e0
45,5,3,7.10937500000000000e-1,1.24474935449193011e-2,0.00000000000000000e0
46,5,3,7.26562500000000000e-1,5.59187713086067156e-3,0.00000000000000000e0
47,5,3,7.42187500000000000e-1,2.32729788383922824e-3,0.00000000000000000e0
48,5,3,7.57812500000000000e-1,8.99044462949787656e-4,0.00000000000000000e0
49,5,3,7.73437500000000000e-1,3.22942242716391472e-4,0.00000000000000000e0
50,5,3,7.89062500000000000e-1,1.08046970084226221e-4,0.00000000000000000e0
51,5,3,8.04687500000000000e-1,3.37222893235792208e-5,0.00000000000000000e0
52,5,3,8.20312500000000000e-1,9.83221336472629290e-6,0.00000000000000000e0
53,5,3,8.35937500000000000e-1,2.68144232941552682e-6,0.00000000000000000e0
54,5,3,8.51562500000000000e-1,6.84798468905886112e-7,0.00000000000000000e0
55,5,3,8.67187500000000000e-1,1.63934853120687360e-7,0.00000000000000000e0
56,5,3,8.82812500000000000e-1,3.68193278397688278e-8,0.00000000000000000e0
57,5,3,8.98437500000000000e-1,7.76435063270112653e-9,0.00000000000000000e0
58,5,3,9.14062500000000000e-1,1.53828408832942025e-9,0.00000000000000000e0
59,5,3,9.29687500000000000e-1,2.86482349249388707e-10,0.00000000000000000e0
60,5,3,9.45312500000000000e-1,5.01728372801983618e-11,0.00000000000000000e0
61,5,3,9.60937500000000000e-1,8.26573170930739176e-12,0.00000000000000000e0
62,5,3,9.76562500000000000e-1,1.28121411415888739e-12,0.00000000000000000e0
63,5,3,9.92187500000000000e-1,1.86865735195526238e-13,0.00000000000000000e0
0,6,3,7.81250000000000000e-3,0.00000000000000000e0,0.00000000000000000e0
1,6,3,2.34375000000000000e-2,0.00000000000000000e0,0.00000000000000000e0
2,6,3,3.90625000000000000e-2,0.00000000000000000e0,0.00000000000000000e0
3,6,3,5.46875000000000000e-2,0.00000000000000000e0,0.00000000000000000e0
4,6,3,7.03125000000000000e-2,0.00000000000000000e0,0.00000000000000000e0
5,6,3,8.59375000000000000e-2,0.00000000000000000e0,0.00000000000000000e0
6,6,3,1.01562500000000000e-1,0.00000000000000000e0,0.00000000000000000e0
7,6,3,1.17187500000000000e-1,0.00000000000000000e0,0.00000000000000000e0
8,6,3,1.32812500000000000e-1,0.00000000000000000e0,0.00000000000000000e0
9,6,3,1.48437500000000000e-1,0.00000000000000000e0,0.00000000000000000e0
10,6,3,1.64062500000000000e-1,0.00000000000000000e0,0.00000000000000000e0
11,6,3,1.79687500000000000e-1,0.00000000000000000e0,0.00000000000000000e0
12,6,3,1.95312500000000000e-1,0.00000000000000000e0,0.00000000000000000e0
13,6,3,2.10937500000000000e-1,0.00000000000000000e0,0.00000000000000000e0
14,6,3,2.26562500000000000e-1,0.00000000000000000e0,0.00000000000000000e0
15,6,3,2.42187500000000000e-1,0.00000000000000000e0,0.00000000000000000e0
16,6,3,2.57812500000000000e-1,9.71595283185835388e-5,0.00000000000000000e0
17,6,3,2.73437500000000000e-1,9.85475215802772116e-4,0.00000000000000000e0
18,6,3,2.89062500000000000e-1,4.98289580948160088e-3,0.00000000000000000e0
19,6,3,3.04687500000000000e-1,1.67848042289142803e-2,0.00000000000000000e0
20,6,3,3.20312500000000000e-1,4.24961047141067805e-2,0.00000000000000000e0
21,6,3,3.35937500000000000e-1,8.65726198315794337e-2,0.00000000000000000e0
22,6,3,3.51562500000000000e-1,1.48489629163267051e-1,0.00000000000000000e0
23,6,3,3.67187500000000000e-1,2.21779150413019266e-1,0.00000000000000000e0
24,6,3,3.82812500000000000e-1,2.96377413113659671e-1,0.00000000000000000e0
25,6,3,3.98437500000000000e-1,3.62686979958672828e-1,0.00000000000000000e0
26,6,3,4.14062500000000000e-1,4.14787353908325940e-1,0.00000000000000000e0
27,6,3,4.29687500000000000e-1,4.51325278496394700e-1,0.00000000000000000e0
28,6,3,4.45312500000000000e-1,4.74378969010296136e-1,0.00000000000000000e0
29,6,3,4.60937500000000000e-1,4.87552506446812528e-1,0.00000000000000000e0
30,6,3,4.76562500000000000e-1,4.94408122867858069e-1,0.00000000000000000e0
31,6,3,4.92187500000000000e-1,4.97672702115976806e-1,0.00000000000000000e0
32,6,3,5.07812500000000000e-1,4.99003796008712142e-1,0.00000000000000000e0
33,6,3,5.23437500000000000e-1,4.98691582541487266e-1,0.00000000000000000e0
34,6,3,5.39062500000000000e-1,4.94909057220446869e-1,0.00000000000000000e0
35,6,3,5.54687500000000000e-1,4.83181473481777923e-1,0.00000000000000000e0
36,6,3,5.70312500000000000e-1,4.57494063072546364e-1,0.00000000000000000e0
37,6,3,5.85937500000000000e-1,4.13424698726108653e-1,0.00000000000000000e0
38,6,3,6.01562500000000000e-1,3.51509686038279201e-1,0.00000000000000000e0
39,6,3,6.17187500000000000e-1,2.78220685652138977e-1,0.00000000000000000e0
40,6,3,6.32812500000000000e-1,2.03622550067019487e-1,0.00000000000000000e0
41,6,3,6.48437500000000000e-1,1.37313012276979118e-1,0.00000000000000000e0
42,6,3,6.64062500000000000e-1,8.52126445533891441e-2,0.00000000000000000e0
43,6,3,6.79687500000000000e-1,4.86747212171202009e-2,0.00000000000000000e0
44,6,3,6.95312500000000000e-1,2.56210309395280625e-2,0.00000000000000000e0
45,6,3,7.10937500000000000e-1,1.24474935449199985e-2,0.00000000000000000e0
46,6,3,7.26562500000000000e-1,5.59187713086094478e-3,0.00000000000000000e0
47,6,3,7.42187500000000000e-1,2.32729788383932625e-3,0.00000000000000000e0
48,6,3,7.57812500000000000e-1,8.99044462949818881e-4,0.00000000000000000e0
49,6,3,7.73437500000000000e-1,3.22942242716400308e-4,0.00000000000000000e0
50,6,3,7.89062500000000000e-1,1.08046970084228443e-4,0.00000000000000000e0
51,6,3,8.04687500000000000e-1,3.37222893235796816e-5,0.00000000000000000e0
52,6,3,8.20312500000000000e-1,9.83221336472636236e-6,0.00000000000000000e0
53,6,3,8.35937500000000000e-1,2.68144232941552979e-6,0.00000000000000000e0
54,6,3,8.51562500000000000e-1,6.84798468905883359e-7,0.00000000000000000e0
55,6,3,8.67187500000000000e-1,1.63934853120685745e-7,0.00000000000000000e0
56,6,3,8.82812500000000000e-1,3.68193278397682918e-8,0.00000000000000000e0
57,6,3,8.98437500000000000e-1,7.76435063270098261e-9,0.00000000000000000e0
58,6,3,9.14062500000000000e-1,1.53828408832938572e-9,0.00000000000000000e0
59,6,3,9.29687500000000000e-1,2.86482349249381417e-10,0.00000000000000000e0
60,6,3,9.45312500000000000e-1,5.01728372801970111e-11,0.00000000000000000e0
61,6,3,9.60937500000000000e-1,8.26573170930716396e-12,0.00000000000000000e0
62,6,3,9.76562500000000000e-1,1.28121411415885165e-12,0.00000000000000000e0
63,6,3,9.92187500000000000e-1,1.86865735195521164e-13,0.00000000000000000e0
0,7,3,7.81250000000000000e-3,0.00000000000000000e0,0.00000000000000000e0
1,7,3,2.34375000000000000e-2,0.00000000000000000e0,0.00000000000000000e0
2,7,3,3.90625000000000000e-2,0.00000000000000000e0,0.00000000000000000e0
3,7,3,5.46875000000000000e-2,0.00000000000000000e0,0.00000000000000000e0
4,7,3,7.03125000000000000e-2,0.00000000000000000e0,0.00000000000000000e0
5,7,3,8.59375000000000000e-2,0.00000000000000000e0,0.00000000000000000e0
6,7,3,1.01562500000000000e-1,0.00000000000000000e0,0.00000000000000000e0
7,7,3,1.17187500000000000e-1,0.00000000000000000e0,0.00000000000000000e0
8,7,3,1.32812500000000000e-1,0.00000000000000000e0,0.00000000000000000e0
9,7,3,1.48437500000000000e-1,0.00000000000000000e0,0.00000000000000000e0
10,7,3,1.64062500000000000e-1,0.00000000000000000e0,0.00000000000000000e0
11,7,3,1.79687500000000000e-1,0.00000000000000000e0,0.00000000000000000e0
12,7,3,1.95312500000000000e-1,0.00000000000000000e0,0.00000000000000000e0
13,7,3,2.10937500000000000e-1,0.00000000000000000e0,0.00000000000000000e0
14,7,3,2.26562500000000000e-1,0.00000000000000000e0,0.00000000000000000e0
15,7,3,2.42187500000000000e-1,0.00000000000000000e0,0.00000000000000000e0
16,7,3,2.57812500000000000e-1,9.71595283185854768e-5,0.00000000000000000e0
17,7,3,2.73437500000000000e-1,9.85475215802799004e-4,0.00000000000000000e0
18,7,3,2.89062500000000000e-1,4.98289580948177522e-3,0.00000000000000000e0
19,7,3,3.04687500000000000e-1,1.67848042289149742e-2,0.00000000000000000e0
20,7,3,3.20312500000000000e-1,4.24961047141087719e-2,0.00000000000000000e0
21,7,3,3.35937500000000000e-1,8.65726198315839718e-2,0.00000000000000000e0
22,7,3,3.51562500000000000e-1,1.48489629163275405e-1,0.00000000000000000e0
23,7,3,3.67187500000000000e-1,2.21779150413032783e-1,0.00000000000000000e0
24,7,3,3.82812500000000000e-1,2.96377413113678934e-1,0.00000000000000000e0
25,7,3,3.98437500000000000e-1,3.62686979958698086e-1,0.00000000000000000e0
26,7,3,4.14062500000000000e-1,4.14787353908356471e-1,0.00000000000000000e0
27,7,3,4.29687500000000000e-1,4.51325278496429338e-1,0.00000000000000000e0
28,7,3,4.45312500000000000e-1,4.74378969010333107e-1,0.00000000000000000e0
29,7,3,4.60937500000000000e-1,4.87552506446849998e-1,0.00000000000000000e0
30,7,3,4.76562500000000000e-1,4.94408122867894595e-1,0.00000000000000000e0
31,7,3,4.92187500000000000e-1,4.97672702116010834e-1,0.00000000000000000e0
32,7,3,5.07812500000000000e-1,4.99003796008742284e-1,0.00000000000000000e0
33,7,3,5.23437500000000000e-1,4.98691582541511469e-1,0.00000000000000000e0
34,7,3,5.39062500000000000e-1,4.94909057220463966e-1,0.00000000000000000e0
35,7,3,5.54687500000000000e-1,4.83181473481787083e-1,0.00000000000000000e0
36,7,3,5.70312500000000000e-1,4.57494063072547308e-1,0.00000000000000000e0
37,7,3,5.85937500000000000e-1,4.13424698726103046e-1,0.00000000000000000e0
38,7,3,6.01562500000000000e-1,3.51509686038269709e-1,0.00000000000000000e0
39,7,3,6.17187500000000000e-1,2.78220685652128208e-1,0.00000000000000000e0
40,7,3,6.32812500000000000e-1,2.03622550067009578e-1,0.00000000000000000e0
41,7,3,6.48437500000000000e-1,1.37313012276971347e-1,0.00000000000000000e0
42,7,3,6.64062500000000000e-1,8.52126445533838012e-2,0.00000000000000000e0
43,7,3,6.79687500000000000e-1,4.86747212171169119e-2,0.00000000000000000e0
44,7,3,6.95312500000000000e-1,2.56210309395262549e-2,0.00000000000000000e0
45,7,3,7.10937500000000000e-1,1.24474935449191085e-2,0.00000000000000000e0
46,7,3,7.26562500000000000e-1,5.59187713086054840e-3,0.00000000000000000e0
47,7,3,7.42187500000000000e-1,2.32729788383916579e-3,0.00000000000000000e0
48,7,3,7.57812500000000000e-1,8.99044462949760877e-4,0.00000000000000000e0
49,7,3,7.73437500000000000e-1,3.22942242716381118e-4,0.00000000000000000e0
50,7,3,7.89062500000000000e-1,1.08046970084222629e-4,0.00000000000000000e0
51,7,3,8.04687500000000000e-1,3.37222893235780824e-5,0.00000000000000000e0
52,7,3,8.20312500000000000e-1,9.83221336472596087e-6,0.00000000000000000e0
53,7,3,8.35937500000000000e-1,2.68144232941543831e-6,0.00000000000000000e0
54,7,3,8.51562500000000000e-1,6.84798468905864195e-7,0.00000000000000000e0
55,7,3,8.67187500000000000e-1,1.63934853120682145e-7,0.00000000000000000e0
56,7,3,8.82812500000000000e-1,3.68193278397676830e-8,0.00000000000000000e0
57,7,3,8.98437500000000000e-1,7.76435063270088831e-9,0.00000000000000000e0
58,7,3,9.14062500000000000e-1,1.53828408832937434e-9,0.00000000000000000e0
59,7,3,9.29687500000000000e-1,2.86482349249380487e-10,0.00000000000000000e0
60,7,3,9.45312500000000000e-1,5.01728372801969982e-11,0.00000000000000000e0
61,7,3,9.60937500000000000e-1,8.26573170930717850e-12,0.00000000000000000e0
62,7,3,9.76562500000000000e-1,1.28121411415885629e-12,0.00000000000000000e0
63,7,3,9.92187500000000000e-1,1.86865735195521997e-13,0.00000000000000000e0
