axis,i,j,k,velocity
0,0,0,0,2.50000000000000000e-1
0,1,0,0,2.50000000000000000e-1
0,2,0,0,2.50000000000000000e-1
0,3,0,0,2.50000000000000000e-1
0,4,0,0,2.50000000000000000e-1
0,5,0,0,2.50000000000000000e-1
0,6,0,0,2.50000000000000000e-1
0,7,0,0,2.50000000000000000e-1
0,8,0,0,2.50000000000000000e-1
0,9,0,0,2.50000000000000000e-1
0,10,0,0,2.50000000000000000e-1
0,11,0,0,2.50000000000000000e-1
0,12,0,0,2.50000000000000000e-1
0,13,0,0,2.50000000000000000e-1
0,14,0,0,2.50000000000000000e-1
0,15,0,0,2.50000000000000000e-1
0,16,0,0,2.50000000000000000e-1
0,17,0,0,2.50000000000000000e-1
0,18,0,0,2.50000000000000000e-1
0,19,0,0,2.50000000000000000e-1
0,20,0,0,2.50000000000000000e-1
0,21,0,0,2.50000000000000000e-1
0,22,0,0,2.50000000000000000e-1
0,23,0,0,2.50000000000000000e-1
0,24,0,0,2.50000000000000000e-1
0,25,0,0,2.50000000000000000e-1
0,26,0,0,2.50000000000000000e-1
0,27,0,0,2.50000000000000000e-1
0,28,0,0,2.50000000000000000e-1
0,29,0,0,2.50000000000000000e-1
0,30,0,0,2.50000000000000000e-1
0,31,0,0,2.50000000000000000e-1
0,32,0,0,2.50000000000000000e-1
0,33,0,0,2.50000000000000000e-1
0,34,0,0,2.50000000000000000e-1
0,35,0,0,2.50000000000000000e-1
0,36,0,0,2.50000000000000000e-1
0,37,0,0,2.50000000000000000e-1
0,38,0,0,2.50000000000000000e-1
0,39,0,0,2.50000000000000000e-1
0,40,0,0,2.50000000000000000e-1
0,41,0,0,2.50000000000000000e-1
0,42,0,0,2.50000000000000000e-1
0,43,0,0,2.50000000000000000e-1
0,44,0,0,2.50000000000000000e-1
0,45,0,0,2.50000000000000000e-1
0,46,0,0,2.50000000000000000e-1
0,47,0,0,2.50000000000000000e-1
0,48,0,0,2.50000000000000000e-1
0,49,0,0,2.50000000000000000e-1
0,50,0,0,2.50000000000000000e-1
0,51,0,0,2.50000000000000000e-1
0,52,0,0,2.50000000000000000e-1
0,53,0,0,2.50000000000000000e-1
0,54,0,0,2.50000000000000000e-1
0,55,0,0,2.50000000000000000e-1
0,56,0,0,2.50000000000000000e-1
0,57,0,0,2.50000000000000000e-1
0,58,0,0,2.50000000000000000e-1
0,59,0,0,2.50000000000000000e-1
0,60,0,0,2.50000000000000000e-1
0,61,0,0,2.50000000000000000e-1
0,62,0,0,2.50000000000000000e-1
0,63,0,0,2.50000000000000000e-1
0,64,0,0,2.50000000000000000e-1
0,0,1,0,2.50000000000000000e-1
0,1,1,0,2.50000000000000000e-1
0,2,1,0,2.50000000000000000e-1
0,3,1,0,2.50000000000000000e-1
0,4,1,0,2.50000000000000000e-1
0,5,1,0,2.50000000000000000e-1
0,6,1,0,2.50000000000000000e-1
0,7,1,0,2.50000000000000000e-1
0,8,1,0,2.50000000000000000e-1
0,9,1,0,2.50000000000000000e-1
0,10,1,0,2.50000000000000000e-1
0,11,1,0,2.50000000000000000e-1
0,12,1,0,2.50000000000000000e-1
0,13,1,0,2.50000000000000000e-1
0,14,1,0,2.50000000000000000e-1
0,15,1,0,2.50000000000000000e-1
0,16,1,0,2.50000000000000000e-1
0,17,1,0,2.50000000000000000e-1
0,18,1,0,2.50000000000000000e-1
0,19,1,0,2.50000000000000000e-1
0,20,1,0,2.50000000000000000e-1
0,21,1,0,2.50000000000000000e-1
0,22,1,0,2.50000000000000000e-1
0,23,1,0,2.50000000000000000e-1
0,24,1,0,2.50000000000000000e-1
0,25,1,0,2.50000000000000000e-1
0,26,1,0,2.50000000000000000e-1
0,27,1,0,2.50000000000000000e-1
0,28,1,0,2.50000000000000000e-1
0,29,1,0,2.50000000000000000e-1
0,30,1,0,2.50000000000000000e-1
0,31,1,0,2.50000000000000000e-1
0,32,1,0,2.50000000000000000e-1
0,33,1,0,2.50000000000000000e-1
0,34,1,0,2.50000000000000000e-1
0,35,1,0,2.50000000000000000e-1
0,36,1,0,2.50000000000000000e-1
0,37,1,0,2.50000000000000000e-1
0,38,1,0,2.50000000000000000e-1
0,39,1,0,2.50000000000000000e-1
0,40,1,0,2.50000000000000000e-1
0,41,1,0,2.50000000000000000e-1
0,42,1,0,2.50000000000000000e-1
0,43,1,0,2.50000000000000000e-1
0,44,1,0,2.50000000000000000e-1
0,45,1,0,2.50000000000000000e-1
0,46,1,0,2.50000000000000000e-1
0,47,1,0,2.50000000000000000e-1
0,48,1,0,2.50000000000000000e-1
0,49,1,0,2.50000000000000000e-1
0,50,1,0,2.50000000000000000e-1
0,51,1,0,2.50000000000000000e-1
0,52,1,0,2.50000000000000000e-1
0,53,1,0,2.50000000000000000e-1
0,54,1,0,2.50000000000000000e-1
0,55,1,0,2.50000000000000000e-1
0,56,1,0,2.50000000000000000e-1
0,57,1,0,2.50000000000000000e-1
0,58,1,0,2.50000000000000000e-1
0,59,1,0,2.50000000000000000e-1
0,60,1,0,2.50000000000000000e-1
0,61,1,0,2.50000000000000000e-1
0,62,1,0,2.50000000000000000e-1
0,63,1,0,2.50000000000000000e-1
0,64,1,0,2.50000000000000000e-1
0,0,2,0,2.50000000000000000e-1
0,1,2,0,2.50000000000000000e-1
0,2,2,0,2.50000000000000000e-1
0,3,2,0,2.50000000000000000e-1
0,4,2,0,2.50000000000000000e-1
0,5,2,0,2.50000000000000000e-1
0,6,2,0,2.50000000000000000e-1
0,7,2,0,2.50000000000000000e-1
0,8,2,0,2.50000000000000000e-1
0,9,2,0,2.50000000000000000e-1
0,10,2,0,2.50000000000000000e-1
0,11,2,0,2.50000000000000000e-1
0,12,2,0,2.50000000000000000e-1
0,13,2,0,2.50000000000000000e-1
0,14,2,0,2.50000000000000000e-1
0,15,2,0,2.50000000000000000e-1
0,16,2,0,2.50000000000000000e-1
0,17,2,0,2.50000000000000000e-1
0,18,2,0,2.50000000000000000e-1
0,19,2,0,2.50000000000000000e-1
0,20,2,0,2.50000000000000000e-1
0,21,2,0,2.50000000000000000e-1
0,22,2,0,2.50000000000000000e-1
0,23,2,0,2.50000000000000000e-1
0,24,2,0,2.50000000000000000e-1
0,25,2,0,2.50000000000000000e-1
0,26,2,0,2.50000000000000000e-1
0,27,2,0,2.50000000000000000e-1
0,28,2,0,2.50000000000000000e-1
0,29,2,0,2.50000000000000000e-1
0,30,2,0,2.50000000000000000e-1
0,31,2,0,2.50000000000000000e-1
0,32,2,0,2.50000000000000000e-1
0,33,2,0,2.50000000000000000e-1
0,34,2,0,2.50000000000000000e-1
0,35,2,0,2.50000000000000000e-1
0,36,2,0,2.50000000000000000e-1
0,37,2,0,2.50000000000000000e-1
0,38,2,0,2.50000000000000000e-1
0,39,2,0,2.50000000000000000e-1
0,40,2,0,2.50000000000000000e-1
0,41,2,0,2.50000000000000000e-1
0,42,2,0,2.50000000000000000e-1
0,43,2,0,2.50000000000000000e-1
0,44,2,0,2.50000000000000000e-1
0,45,2,0,2.50000000000000000e-1
0,46,2,0,2.50000000000000000e-1
0,47,2,0,2.50000000000000000e-1
0,48,2,0,2.50000000000000000e-1
0,49,2,0,2.50000000000000000e-1
0,50,2,0,2.50000000000000000e-1
0,51,2,0,2.50000000000000000e-1
0,52,2,0,2.50000000000000000e-1
0,53,2,0,2.50000000000000000e-1
0,54,2,0,2.50000000000000000e-1
0,55,2,0,2.50000000000000000e-1
0,56,2,0,2.50000000000000000e-1
0,57,2,0,2.50000000000000000e-1
0,58,2,0,2.50000000000000000e-1
0,59,2,0,2.50000000000000000e-1
0,60,2,0,2.50000000000000000e-1
0,61,2,0,2.50000000000000000e-1
0,62,2,0,2.50000000000000000e-1
0,63,2,0,2.50000000000000000e-1
0,64,2,0,2.50000000000000000e-1
0,0,3,0,2.50000000000000000e-1
0,1,3,0,2.50000000000000000e-1
0,2,3,0,2.50000000000000000e-1
0,3,3,0,2.50000000000000000e-1
0,4,3,0,2.50000000000000000e-1
0,5,3,0,2.50000000000000000e-1
0,6,3,0,2.50000000000000000e-1
0,7,3,0,2.50000000000000000e-1
0,8,3,0,2.50000000000000000e-1
0,9,3,0,2.50000000000000000e-1
0,10,3,0,2.50000000000000000e-1
0,11,3,0,2.50000000000000000e-1
0,12,3,0,2.50000000000000000e-1
0,13,3,0,2.50000000000000000e-1
0,14,3,0,2.50000000000000000e-1
0,15,3,0,2.50000000000000000e-1
0,16,3,0,2.50000000000000000e-1
0,17,3,0,2.50000000000000000e-1
0,18,3,0,2.50000000000000000e-1
0,19,3,0,2.50000000000000000e-1
0,20,3,0,2.50000000000000000e-1
0,21,3,0,2.50000000000000000e-1
0,22,3,0,2.50000000000000000e-1
0,23,3,0,2.50000000000000000e-1
0,24,3,0,2.50000000000000000e-1
0,25,3,0,2.50000000000000000e-1
0,26,3,0,2.50000000000000000e-1
0,27,3,0,2.50000000000000000e-1
0,28,3,0,2.50000000000000000e-1
0,29,3,0,2.50000000000000000e-1
0,30,3,0,2.50000000000000000e-1
0,31,3,0,2.50000000000000000e-1
0,32,3,0,2.50000000000000000e-1
0,33,3,0,2.50000000000000000e-1
0,34,3,0,2.50000000000000000e-1
0,35,3,0,2.50000000000000000e-1
0,36,3,0,2.50000000000000000e-1
0,37,3,0,2.50000000000000000e-1
0,38,3,0,2.50000000000000000e-1
0,39,3,0,2.50000000000000000e-1
0,40,3,0,2.50000000000000000e-1
0,41,3,0,2.50000000000000000e-1
0,42,3,0,2.50000000000000000e-1
0,43,3,0,2.50000000000000000e-1
0,44,3,0,2.50000000000000000e-1
0,45,3,0,2.50000000000000000e-1
0,46,3,0,2.50000000000000000e-1
0,47,3,0,2.50000000000000000e-1
0,48,3,0,2.50000000000000000e-1
0,49,3,0,2.50000000000000000e-1
0,50,3,0,2.50000000000000000e-1
0,51,3,0,2.50000000000000000e-1
0,52,3,0,2.50000000000000000e-1
0,53,3,0,2.50000000000000000e-1
0,54,3,0,2.50000000000000000e-1
0,55,3,0,2.50000000000000000e-1
0,56,3,0,2.50000000000000000e-1
0,57,3,0,2.50000000000000000e-1
0,58,3,0,2.50000000000000000e-1
0,59,3,0,2.50000000000000000e-1
0,60,3,0,2.50000000000000000e-1
0,61,3,0,2.50000000000000000e-1
0,62,3,0,2.50000000000000000e-1
0,63,3,0,2.50000000000000000e-1
0,64,3,0,2.50000000000000000e-1
0,0,4,0,2.50000000000000000e-1
0,1,4,0,2.50000000000000000e-1
0,2,4,0,2.50000000000000000e-1
0,3,4,0,2.50000000000000000e-1
0,4,4,0,2.50000000000000000e-1
0,5,4,0,2.50000000000000000e-1
0,6,4,0,2.50000000000000000e-1
0,7,4,0,2.50000000000000000e-1
0,8,4,0,2.50000000000000000e-1
0,9,4,0,2.50000000000000000e-1
0,10,4,0,2.50000000000000000e-1
0,11,4,0,2.50000000000000000e-1
0,12,4,0,2.50000000000000000e-1
0,13,4,0,2.50000000000000000e-1
0,14,4,0,2.50000000000000000e-1
0,15,4,0,2.50000000000000000e-1
0,16,4,0,2.50000000000000000e-1
0,17,4,0,2.50000000000000000e-1
0,18,4,0,2.50000000000000000e-1
0,19,4,0,2.50000000000000000e-1
0,20,4,0,2.50000000000000000e-1
0,21,4,0,2.50000000000000000e-1
0,22,4,0,2.50000000000000000e-1
0,23,4,0,2.50000000000000000e-1
0,24,4,0,2.50000000000000000e-1
0,25,4,0,2.50000000000000000e-1
0,26,4,0,2.50000000000000000e-1
0,27,4,0,2.50000000000000000e-1
0,28,4,0,2.50000000000000000e-1
0,29,4,0,2.50000000000000000e-1
0,30,4,0,2.50000000000000000e-1
0,31,4,0,2.50000000000000000e-1
0,32,4,0,2.50000000000000000e-1
0,33,4,0,2.50000000000000000e-1
0,34,4,0,2.50000000000000000e-1
0,35,4,0,2.50000000000000000e-1
0,36,4,0,2.50000000000000000e-1
0,37,4,0,2.50000000000000000e-1
0,38,4,0,2.50000000000000000e-1
0,39,4,0,2.50000000000000000e-1
0,40,4,0,2.50000000000000000e-1
0,41,4,0,2.50000000000000000e-1
0,42,4,0,2.50000000000000000e-1
0,43,4,0,2.50000000000000000e-1
0,44,4,0,2.50000000000000000e-1
0,45,4,0,2.50000000000000000e-1
0,46,4,0,2.50000000000000000e-1
0,47,4,0,2.50000000000000000e-1
0,48,4,0,2.50000000000000000e-1
0,49,4,0,2.50000000000000000e-1
0,50,4,0,2.50000000000000000e-1
0,51,4,0,2.50000000000000000e-1
0,52,4,0,2.50000000000000000e-1
0,53,4,0,2.50000000000000000e-1
0,54,4,0,2.50000000000000000e-1
0,55,4,0,2.50000000000000000e-1
0,56,4,0,2.50000000000000000e-1
0,57,4,0,2.50000000000000000e-1
0,58,4,0,2.50000000000000000e-1
0,59,4,0,2.50000000000000000e-1
0,60,4,0,2.50000000000000000e-1
0,61,4,0,2.50000000000000000e-1
0,62,4,0,2.50000000000000000e-1
0,63,4,0,2.50000000000000000e-1
0,64,4,0,2.50000000000000000e-1
0,0,5,0,2.50000000000000000e-1
0,1,5,0,2.50000000000000000e-1
0,2,5,0,2.50000000000000000e-1
0,3,5,0,2.50000000000000000e-1
0,4,5,0,2.50000000000000000e-1
0,5,5,0,2.50000000000000000e-1
0,6,5,0,2.50000000000000000e-1
0,7,5,0,2.50000000000000000e-1
0,8,5,0,2.50000000000000000e-1
0,9,5,0,2.50000000000000000e-1
0,10,5,0,2.50000000000000000e-1
0,11,5,0,2.50000000000000000e-1
0,12,5,0,2.50000000000000000e-1
0,13,5,0,2.50000000000000000e-1
0,14,5,0,2.50000000000000000e-1
0,15,5,0,2.50000000000000000e-1
0,16,5,0,2.50000000000000000e-1
0,17,5,0,2.50000000000000000e-1
0,18,5,0,2.50000000000000000e-1
0,19,5,0,2.50000000000000000e-1
0,20,5,0,2.50000000000000000e-1
0,21,5,0,2.50000000000000000e-1
0,22,5,0,2.50000000000000000e-1
0,23,5,0,2.50000000000000000e-1
0,24,5,0,2.50000000000000000e-1
0,25,5,0,2.50000000000000000e-1
0,26,5,0,2.50000000000000000e-1
0,27,5,0,2.50000000000000000e-1
0,28,5,0,2.50000000000000000e-1
0,29,5,0,2.50000000000000000e-1
0,30,5,0,2.50000000000000000e-1
0,31,5,0,2.50000000000000000e-1
0,32,5,0,2.50000000000000000e-1
0,33,5,0,2.50000000000000000e-1
0,34,5,0,2.50000000000000000e-1
0,35,5,0,2.50000000000000000e-1
0,36,5,0,2.50000000000000000e-1
0,37,5,0,2.50000000000000000e-1
0,38,5,0,2.50000000000000000e-1
0,39,5,0,2.50000000000000000e-1
0,40,5,0,2.50000000000000000e-1
0,41,5,0,2.50000000000000000e-1
0,42,5,0,2.50000000000000000e-1
0,43,5,0,2.50000000000000000e-1
0,44,5,0,2.50000000000000000e-1
0,45,5,0,2.50000000000000000e-1
0,46,5,0,2.50000000000000000e-1
0,47,5,0,2.50000000000000000e-1
0,48,5,0,2.50000000000000000e-1
0,49,5,0,2.50000000000000000e-1
0,50,5,0,2.50000000000000000e-1
0,51,5,0,2.50000000000000000e-1
0,52,5,0,2.50000000000000000e-1
0,53,5,0,2.50000000000000000e-1
0,54,5,0,2.50000000000000000e-1
0,55,5,0,2.50000000000000000e-1
0,56,5,0,2.50000000000000000e-1
0,57,5,0,2.50000000000000000e-1
0,58,5,0,2.50000000000000000e-1
0,59,5,0,2.50000000000000000e-1
0,60,5,0,2.50000000000000000e-1
0,61,5,0,2.50000000000000000e-1
0,62,5,0,2.50000000000000000e-1
0,63,5,0,2.50000000000000000e-1
0,64,5,0,2.50000000000000000e-1
0,0,6,0,2.50000000000000000e-1
0,1,6,0,2.50000000000000000e-1
0,2,6,0,2.50000000000000000e-1
0,3,6,0,2.50000000000000000e-1
0,4,6,0,2.50000000000000000e-1
0,5,6,0,2.50000000000000000e-1
0,6,6,0,2.50000000000000000e-1
0,7,6,0,2.50000000000000000e-1
0,8,6,0,2.50000000000000000e-1
0,9,6,0,2.50000000000000000e-1
0,10,6,0,2.50000000000000000e-1
0,11,6,0,2.50000000000000000e-1
0,12,6,0,2.50000000000000000e-1
0,13,6,0,2.50000000000000000e-1
0,14,6,0,2.50000000000000000e-1
0,15,6,0,2.50000000000000000e-1
0,16,6,0,2.50000000000000000e-1
0,17,6,0,2.50000000000000000e-1
0,18,6,0,2.50000000000000000e-1
0,19,6,0,2.50000000000000000e-1
0,20,6,0,2.50000000000000000e-1
0,21,6,0,2.50000000000000000e-1
0,22,6,0,2.50000000000000000e-1
0,23,6,0,2.50000000000000000e-1
0,24,6,0,2.50000000000000000e-1
0,25,6,0,2.50000000000000000e-1
0,26,6,0,2.50000000000000000e-1
0,27,6,0,2.50000000000000000e-1
0,28,6,0,2.50000000000000000e-1
0,29,6,0,2.50000000000000000e-1
0,30,6,0,2.50000000000000000e-1
0,31,6,0,2.50000000000000000e-1
0,32,6,0,2.50000000000000000e-1
0,33,6,0,2.50000000000000000e-1
0,34,6,0,2.50000000000000000e-1
0,35,6,0,2.50000000000000000e-1
0,36,6,0,2.50000000000000000e-1
0,37,6,0,2.50000000000000000e-1
0,38,6,0,2.50000000000000000e-1
0,39,6,0,2.50000000000000000e-1
0,40,6,0,2.50000000000000000e-1
0,41,6,0,2.50000000000000000e-1
0,42,6,0,2.50000000000000000e-1
0,43,6,0,2.50000000000000000e-1
0,44,6,0,2.50000000000000000e-1
0,45,6,0,2.50000000000000000e-1
0,46,6,0,2.50000000000000000e-1
0,47,6,0,2.50000000000000000e-1
0,48,6,0,2.50000000000000000e-1
0,49,6,0,2.50000000000000000e-1
0,50,6,0,2.50000000000000000e-1
0,51,6,0,2.50000000000000000e-1
0,52,6,0,2.50000000000000000e-1
0,53,6,0,2.50000000000000000e-1
0,54,6,0,2.50000000000000000e-1
0,55,6,0,2.50000000000000000e-1
0,56,6,0,2.50000000000000000e-1
0,57,6,0,2.50000000000000000e-1
0,58,6,0,2.50000000000000000e-1
0,59,6,0,2.50000000000000000e-1
0,60,6,0,2.50000000000000000e-1
0,61,6,0,2.50000000000000000e-1
0,62,6,0,2.50000000000000000e-1
0,63,6,0,2.50000000000000000e-1
0,64,6,0,2.50000000000000000e-1
0,0,7,0,2.50000000000000000e-1
0,1,7,0,2.50000000000000000e-1
0,2,7,0,2.50000000000000000e-1
0,3,7,0,2.50000000000000000e-1
0,4,7,0,2.50000000000000000e-1
0,5,7,0,2.50000000000000000e-1
0,6,7,0,2.50000000000000000e-1
0,7,7,0,2.50000000000000000e-1
0,8,7,0,2.50000000000000000e-1
0,9,7,0,2.50000000000000000e-1
0,10,7,0,2.50000000000000000e-1
0,11,7,0,2.50000000000000000e-1
0,12,7,0,2.50000000000000000e-1
0,13,7,0,2.50000000000000000e-1
0,14,7,0,2.50000000000000000e-1
0,15,7,0,2.50000000000000000e-1
0,16,7,0,2.50000000000000000e-1
0,17,7,0,2.50000000000000000e-1
0,18,7,0,2.50000000000000000e-1
0,19,7,0,2.50000000000000000e-1
0,20,7,0,2.50000000000000000e-1
0,21,7,0,2.50000000000000000e-1
0,22,7,0,2.50000000000000000e-1
0,23,7,0,2.50000000000000000e-1
0,24,7,0,2.50000000000000000e-1
0,25,7,0,2.50000000000000000e-1
0,26,7,0,2.50000000000000000e-1
0,27,7,0,2.50000000000000000e-1
0,28,7,0,2.50000000000000000e-1
0,29,7,0,2.50000000000000000e-1
0,30,7,0,2.50000000000000000e-1
0,31,7,0,2.50000000000000000e-1
0,32,7,0,2.50000000000000000e-1
0,33,7,0,2.50000000000000000e-1
0,34,7,0,2.50000000000000000e-1
0,35,7,0,2.50000000000000000e-1
0,36,7,0,2.50000000000000000e-1
0,37,7,0,2.50000000000000000e-1
0,38,7,0,2.50000000000000000e-1
0,39,7,0,2.50000000000000000e-1
0,40,7,0,2.50000000000000000e-1
0,41,7,0,2.50000000000000000e-1
0,42,7,0,2.50000000000000000e-1
0,43,7,0,2.50000000000000000e-1
0,44,7,0,2.50000000000000000e-1
0,45,7,0,2.50000000000000000e-1
0,46,7,0,2.50000000000000000e-1
0,47,7,0,2.50000000000000000e-1
0,48,7,0,2.50000000000000000e-1
0,49,7,0,2.50000000000000000e-1
0,50,7,0,2.50000000000000000e-1
0,51,7,0,2.50000000000000000e-1
0,52,7,0,2.50000000000000000e-1
0,53,7,0,2.50000000000000000e-1
0,54,7,0,2.50000000000000000e-1
0,55,7,0,2.50000000000000000e-1
0,56,7,0,2.50000000000000000e-1
0,57,7,0,2.50000000000000000e-1
0,58,7,0,2.50000000000000000e-1
0,59,7,0,2.50000000000000000e-1
0,60,7,0,2.50000000000000000e-1
0,61,7,0,2.50000000000000000e-1
0,62,7,0,2.50000000000000000e-1
0,63,7,0,2.50000000000000000e-1
0,64,7,0,2.50000000000000000e-1
0,0,0,1,2.50000000000000000e-1
0,1,0,1,2.50000000000000000e-1
0,2,0,1,2.50000000000000000e-1
0,3,0,1,2.50000000000000000e-1
0,4,0,1,2.50000000000000000e-1
0,5,0,1,2.50000000000000000e-1
0,6,0,1,2.50000000000000000e-1
0,7,0,1,2.50000000000000000e-1
0,8,0,1,2.50000000000000000e-1
0,9,0,1,2.50000000000000000e-1
0,10,0,1,2.50000000000000000e-1
0,11,0,1,2.50000000000000000e-1
0,12,0,1,2.50000000000000000e-1
0,13,0,1,2.50000000000000000e-1
0,14,0,1,2.50000000000000000e-1
0,15,0,1,2.50000000000000000e-1
0,16,0,1,2.50000000000000000e-1
0,17,0,1,2.50000000000000000e-1
0,18,0,1,2.50000000000000000e-1
0,19,0,1,2.50000000000000000e-1
0,20,0,1,2.50000000000000000e-1
0,21,0,1,2.50000000000000000e-1
0,22,0,1,2.50000000000000000e-1
0,23,0,1,2.50000000000000000e-1
0,24,0,1,2.50000000000000000e-1
0,25,0,1,2.50000000000000000e-1
0,26,0,1,2.50000000000000000e-1
0,27,0,1,2.50000000000000000e-1
0,28,0,1,2.50000000000000000e-1
0,29,0,1,2.50000000000000000e-1
0,30,0,1,2.50000000000000000e-1
0,31,0,1,2.50000000000000000e-1
0,32,0,1,2.50000000000000000e-1
0,33,0,1,2.50000000000000000e-1
0,34,0,1,2.50000000000000000e-1
0,35,0,1,2.50000000000000000e-1
0,36,0,1,2.50000000000000000e-1
0,37,0,1,2.50000000000000000e-1
0,38,0,1,2.50000000000000000e-1
0,39,0,1,2.50000000000000000e-1
0,40,0,1,2.50000000000000000e-1
0,41,0,1,2.50000000000000000e-1
0,42,0,1,2.50000000000000000e-1
0,43,0,1,2.50000000000000000e-1
0,44,0,1,2.50000000000000000e-1
0,45,0,1,2.50000000000000000e-1
0,46,0,1,2.50000000000000000e-1
0,47,0,1,2.50000000000000000e-1
0,48,0,1,2.50000000000000000e-1
0,49,0,1,2.50000000000000000e-1
0,50,0,1,2.50000000000000000e-1
0,51,0,1,2.50000000000000000e-1
0,52,0,1,2.50000000000000000e-1
0,53,0,1,2.50000000000000000e-1
0,54,0,1,2.50000000000000000e-1
0,55,0,1,2.50000000000000000e-1
0,56,0,1,2.50000000000000000e-1
0,57,0,1,2.50000000000000000e-1
0,58,0,1,2.50000000000000000e-1
0,59,0,1,2.50000000000000000e-1
0,60,0,1,2.50000000000000000e-1
0,61,0,1,2.50000000000000000e-1
0,62,0,1,2.50000000000000000e-1
0,63,0,1,2.50000000000000000e-1
0,64,0,1,2.50000000000000000e-1
0,0,1,1,2.50000000000000000e-1
0,1,1,1,2.50000000000000000e-1
0,2,1,1,2.50000000000000000e-1
0,3,1,1,2.50000000000000000e-1
0,4,1,1,2.50000000000000000e-1
0,5,1,1,2.50000000000000000e-1
0,6,1,1,2.50000000000000000e-1
0,7,1,1,2.50000000000000000e-1
0,8,1,1,2.50000000000000000e-1
0,9,1,1,2.50000000000000000e-1
0,10,1,1,2.50000000000000000e-1
0,11,1,1,2.50000000000000000e-1
0,12,1,1,2.50000000000000000e-1
0,13,1,1,2.50000000000000000e-1
0,14,1,1,2.50000000000000000e-1
0,15,1,1,2.50000000000000000e-1
0,16,1,1,2.50000000000000000e-1
0,17,1,1,2.50000000000000000e-1
0,18,1,1,2.50000000000000000e-1
0,19,1,1,2.50000000000000000e-1
0,20,1,1,2.50000000000000000e-1
0,21,1,1,2.50000000000000000e-1
0,22,1,1,2.50000000000000000e-1
0,23,1,1,2.50000000000000000e-1
0,24,1,1,2.50000000000000000e-1
0,25,1,1,2.50000000000000000e-1
0,26,1,1,2.50000000000000000e-1
0,27,1,1,2.50000000000000000e-1
0,28,1,1,2.50000000000000000e-1
0,29,1,1,2.50000000000000000e-1
0,30,1,1,2.50000000000000000e-1
0,31,1,1,2.50000000000000000e-1
0,32,1,1,2.50000000000000000e-1
0,33,1,1,2.50000000000000000e-1
0,34,1,1,2.50000000000000000e-1
0,35,1,1,2.50000000000000000e-1
0,36,1,1,2.50000000000000000e-1
0,37,1,1,2.50000000000000000e-1
0,38,1,1,2.50000000000000000e-1
0,39,1,1,2.50000000000000000e-1
0,40,1,1,2.50000000000000000e-1
0,41,1,1,2.50000000000000000e-1
0,42,1,1,2.50000000000000000e-1
0,43,1,1,2.50000000000000000e-1
0,44,1,1,2.50000000000000000e-1
0,45,1,1,2.50000000000000000e-1
0,46,1,1,2.50000000000000000e-1
0,47,1,1,2.50000000000000000e-1
0,48,1,1,2.50000000000000000e-1
0,49,1,1,2.50000000000000000e-1
0,50,1,1,2.50000000000000000e-1
0,51,1,1,2.50000000000000000e-1
0,52,1,1,2.50000000000000000e-1
0,53,1,1,2.50000000000000000e-1
0,54,1,1,2.50000000000000000e-1
0,55,1,1,2.50000000000000000e-1
0,56,1,1,2.50000000000000000e-1
0,57,1,1,2.50000000000000000e-1
0,58,1,1,2.50000000000000000e-1
0,59,1,1,2.50000000000000000e-1
0,60,1,1,2.50000000000000000e-1
0,61,1,1,2.50000000000000000e-1
0,62,1,1,2.50000000000000000e-1
0,63,1,1,2.50000000000000000e-1
0,64,1,1,2.50000000000000000e-1
0,0,2,1,2.50000000000000000e-1
0,1,2,1,2.50000000000000000e-1
0,2,2,1,2.50000000000000000e-1
0,3,2,1,2.50000000000000000e-1
0,4,2,1,2.50000000000000000e-1
0,5,2,1,2.50000000000000000e-1
0,6,2,1,2.50000000000000000e-1
0,7,2,1,2.50000000000000000e-1
0,8,2,1,2.50000000000000000e-1
0,9,2,1,2.50000000000000000e-1
0,10,2,1,2.50000000000000000e-1
0,11,2,1,2.50000000000000000e-1
0,12,2,1,2.50000000000000000e-1
0,13,2,1,2.50000000000000000e-1
0,14,2,1,2.50000000000000000e-1
0,15,2,1,2.50000000000000000e-1
0,16,2,1,2.50000000000000000e-1
0,17,2,1,2.50000000000000000e-1
0,18,2,1,2.50000000000000000e-1
0,19,2,1,2.50000000000000000e-1
0,20,2,1,2.50000000000000000e-1
0,21,2,1,2.50000000000000000e-1
0,22,2,1,2.50000000000000000e-1
0,23,2,1,2.50000000000000000e-1
0,24,2,1,2.50000000000000000e-1
0,25,2,1,2.50000000000000000e-1
0,26,2,1,2.50000000000000000e-1
0,27,2,1,2.50000000000000000e-1
0,28,2,1,2.50000000000000000e-1
0,29,2,1,2.50000000000000000e-1
0,30,2,1,2.50000000000000000e-1
0,31,2,1,2.50000000000000000e-1
0,32,2,1,2.50000000000000000e-1
0,33,2,1,2.50000000000000000e-1
0,34,2,1,2.50000000000000000e-1
0,35,2,1,2.50000000000000000e-1
0,36,2,1,2.50000000000000000e-1
0,37,2,1,2.50000000000000000e-1
0,38,2,1,2.50000000000000000e-1
0,39,2,1,2.50000000000000000e-1
0,40,2,1,2.50000000000000000e-1
0,41,2,1,2.50000000000000000e-1
0,42,2,1,2.50000000000000000e-1
0,43,2,1,2.50000000000000000e-1
0,44,2,1,2.50000000000000000e-1
0,45,2,1,2.50000000000000000e-1
0,46,2,1,2.50000000000000000e-1
0,47,2,1,2.50000000000000000e-1
0,48,2,1,2.50000000000000000e-1
0,49,2,1,2.50000000000000000e-1
0,50,2,1,2.50000000000000000e-1
0,51,2,1,2.50000000000000000e-1
0,52,2,1,2.50000000000000000e-1
0,53,2,1,2.50000000000000000e-1
0,54,2,1,2.50000000000000000e-1
0,55,2,1,2.50000000000000000e-1
0,56,2,1,2.50000000000000000e-1
0,57,2,1,2.50000000000000000e-1
0,58,2,1,2.50000000000000000e-1
0,59,2,1,2.50000000000000000e-1
0,60,2,1,2.50000000000000000e-1
0,61,2,1,2.50000000000000000e-1
0,62,2,1,2.50000000000000000e-1
0,63,2,1,2.50000000000000000e-1
0,64,2,1,2.50000000000000000e-1
0,0,3,1,2.50000000000000000e-1
0,1,3,1,2.50000000000000000e-1
0,2,3,1,2.50000000000000000e-1
0,3,3,1,2.50000000000000000e-1
0,4,3,1,2.50000000000000000e-1
0,5,3,1,2.50000000000000000e-1
0,6,3,1,2.50000000000000000e-1
0,7,3,1,2.50000000000000000e-1
0,8,3,1,2.50000000000000000e-1
0,9,3,1,2.50000000000000000e-1
0,10,3,1,2.50000000000000000e-1
0,11,3,1,2.50000000000000000e-1
0,12,3,1,2.50000000000000000e-1
0,13,3,1,2.50000000000000000e-1
0,14,3,1,2.50000000000000000e-1
0,15,3,1,2.50000000000000000e-1
0,16,3,1,2.50000000000000000e-1
0,17,3,1,2.50000000000000000e-1
0,18,3,1,2.50000000000000000e-1
0,19,3,1,2.50000000000000000e-1
0,20,3,1,2.50000000000000000e-1
0,21,3,1,2.50000000000000000e-1
0,22,3,1,2.50000000000000000e-1
0,23,3,1,2.50000000000000000e-1
0,24,3,1,2.50000000000000000e-1
0,25,3,1,2.50000000000000000e-1
0,26,3,1,2.50000000000000000e-1
0,27,3,1,2.50000000000000000e-1
0,28,3,1,2.50000000000000000e-1
0,29,3,1,2.50000000000000000e-1
0,30,3,1,2.50000000000000000e-1
0,31,3,1,2.50000000000000000e-1
0,32,3,1,2.50000000000000000e-1
0,33,3,1,2.50000000000000000e-1
0,34,3,1,2.50000000000000000e-1
0,35,3,1,2.50000000000000000e-1
0,36,3,1,2.50000000000000000e-1
0,37,3,1,2.50000000000000000e-1
0,38,3,1,2.50000000000000000e-1
0,39,3,1,2.50000000000000000e-1
0,40,3,1,2.50000000000000000e-1
0,41,3,1,2.50000000000000000e-1
0,42,3,1,2.50000000000000000e-1
0,43,3,1,2.50000000000000000e-1
0,44,3,1,2.50000000000000000e-1
0,45,3,1,2.50000000000000000e-1
0,46,3,1,2.50000000000000000e-1
0,47,3,1,2.50000000000000000e-1
0,48,3,1,2.50000000000000000e-1
0,49,3,1,2.50000000000000000e-1
0,50,3,1,2.50000000000000000e-1
0,51,3,1,2.50000000000000000e-1
0,52,3,1,2.50000000000000000e-1
0,53,3,1,2.50000000000000000e-1
0,54,3,1,2.50000000000000000e-1
0,55,3,1,2.50000000000000000e-1
0,56,3,1,2.50000000000000000e-1
0,57,3,1,2.50000000000000000e-1
0,58,3,1,2.50000000000000000e-1
0,59,3,1,2.50000000000000000e-1
0,60,3,1,2.50000000000000000e-1
0,61,3,1,2.50000000000000000e-1
0,62,3,1,2.50000000000000000e-1
0,63,3,1,2.50000000000000000e-1
0,64,3,1,2.50000000000000000e-1
0,0,4,1,2.50000000000000000e-1
0,1,4,1,2.50000000000000000e-1
0,2,4,1,2.50000000000000000e-1
0,3,4,1,2.50000000000000000e-1
0,4,4,1,2.50000000000000000e-1
0,5,4,1,2.50000000000000000e-1
0,6,4,1,2.50000000000000000e-1
0,7,4,1,2.50000000000000000e-1
0,8,4,1,2.50000000000000000e-1
0,9,4,1,2.50000000000000000e-1
0,10,4,1,2.50000000000000000e-1
0,11,4,1,2.50000000000000000e-1
0,12,4,1,2.50000000000000000e-1
0,13,4,1,2.50000000000000000e-1
0,14,4,1,2.50000000000000000e-1
0,15,4,1,2.50000000000000000e-1
0,16,4,1,2.50000000000000000e-1
0,17,4,1,2.50000000000000000e-1
0,18,4,1,2.50000000000000000e-1
0,19,4,1,2.50000000000000000e-1
0,20,4,1,2.50000000000000000e-1
0,21,4,1,2.50000000000000000e-1
0,22,4,1,2.50000000000000000e-1
0,23,4,1,2.50000000000000000e-1
0,24,4,1,2.50000000000000000e-1
0,25,4,1,2.50000000000000000e-1
0,26,4,1,2.50000000000000000e-1
0,27,4,1,2.50000000000000000e-1
0,28,4,1,2.50000000000000000e-1
0,29,4,1,2.50000000000000000e-1
0,30,4,1,2.50000000000000000e-1
0,31,4,1,2.50000000000000000e-1
0,32,4,1,2.50000000000000000e-1
0,33,4,1,2.50000000000000000e-1
0,34,4,1,2.50000000000000000e-1
0,35,4,1,2.50000000000000000e-1
0,36,4,1,2.50000000000000000e-1
0,37,4,1,2.50000000000000000e-1
0,38,4,1,2.50000000000000000e-1
0,39,4,1,2.50000000000000000e-1
0,40,4,1,2.50000000000000000e-1
0,41,4,1,2.50000000000000000e-1
0,42,4,1,2.50000000000000000e-1
0,43,4,1,2.50000000000000000e-1
0,44,4,1,2.50000000000000000e-1
0,45,4,1,2.50000000000000000e-1
0,46,4,1,2.50000000000000000e-1
0,47,4,1,2.50000000000000000e-1
0,48,4,1,2.50000000000000000e-1
0,49,4,1,2.50000000000000000e-1
0,50,4,1,2.50000000000000000e-1
0,51,4,1,2.50000000000000000e-1
0,52,4,1,2.50000000000000000e-1
0,53,4,1,2.50000000000000000e-1
0,54,4,1,2.50000000000000000e-1
0,55,4,1,2.50000000000000000e-1
0,56,4,1,2.50000000000000000e-1
0,57,4,1,2.50000000000000000e-1
0,58,4,1,2.50000000000000000e-1
0,59,4,1,2.50000000000000000e-1
0,60,4,1,2.50000000000000000e-1
0,61,4,1,2.50000000000000000e-1
0,62,4,1,2.50000000000000000e-1
0,63,4,1,2.50000000000000000e-1
0,64,4,1,2.50000000000000000e-1
0,0,5,1,2.50000000000000000e-1
0,1,5,1,2.50000000000000000e-1
0,2,5,1,2.50000000000000000e-1
0,3,5,1,2.50000000000000000e-1
0,4,5,1,2.50000000000000000e-1
0,5,5,1,2.50000000000000000e-1
0,6,5,1,2.50000000000000000e-1
0,7,5,1,2.50000000000000000e-1
0,8,5,1,2.50000000000000000e-1
0,9,5,1,2.50000000000000000e-1
0,10,5,1,2.50000000000000000e-1
0,11,5,1,2.50000000000000000e-1
0,12,5,1,2.50000000000000000e-1
0,13,5,1,2.50000000000000000e-1
0,14,5,1,2.50000000000000000e-1
0,15,5,1,2.50000000000000000e-1
0,16,5,1,2.50000000000000000e-1
0,17,5,1,2.50000000000000000e-1
0,18,5,1,2.50000000000000000e-1
0,19,5,1,2.50000000000000000e-1
0,20,5,1,2.50000000000000000e-1
0,21,5,1,2.50000000000000000e-1
0,22,5,1,2.50000000000000000e-1
0,23,5,1,2.50000000000000000e-1
0,24,5,1,2.50000000000000000e-1
0,25,5,1,2.50000000000000000e-1
0,26,5,1,2.50000000000000000e-1
0,27,5,1,2.50000000000000000e-1
0,28,5,1,2.50000000000000000e-1
0,29,5,1,2.50000000000000000e-1
0,30,5,1,2.50000000000000000e-1
0,31,5,1,2.50000000000000000e-1
0,32,5,1,2.50000000000000000e-1
0,33,5,1,2.50000000000000000e-1
0,34,5,1,2.50000000000000000e-1
0,35,5,1,2.50000000000000000e-1
0,36,5,1,2.50000000000000000e-1
0,37,5,1,2.50000000000000000e-1
0,38,5,1,2.50000000000000000e-1
0,39,5,1,2.50000000000000000e-1
0,40,5,1,2.50000000000000000e-1
0,41,5,1,2.50000000000000000e-1
0,42,5,1,2.50000000000000000e-1
0,43,5,1,2.50000000000000000e-1
0,44,5,1,2.50000000000000000e-1
0,45,5,1,2.50000000000000000e-1
0,46,5,1,2.50000000000000000e-1
0,47,5,1,2.50000000000000000e-1
0,48,5,1,2.50000000000000000e-1
0,49,5,1,2.50000000000000000e-1
0,50,5,1,2.50000000000000000e-1
0,51,5,1,2.50000000000000000e-1
0,52,5,1,2.50000000000000000e-1
0,53,5,1,2.50000000000000000e-1
0,54,5,1,2.50000000000000000e-1
0,55,5,1,2.50000000000000000e-1
0,56,5,1,2.50000000000000000e-1
0,57,5,1,2.50000000000000000e-1
0,58,5,1,2.50000000000000000e-1
0,59,5,1,2.50000000000000000e-1
0,60,5,1,2.50000000000000000e-1
0,61,5,1,2.50000000000000000e-1
0,62,5,1,2.50000000000000000e-1
0,63,5,1,2.50000000000000000e-1
0,64,5,1,2.50000000000000000e-1
0,0,6,1,2.50000000000000000e-1
0,1,6,1,2.50000000000000000e-1
0,2,6,1,2.50000000000000000e-1
0,3,6,1,2.50000000000000000e-1
0,4,6,1,2.50000000000000000e-1
0,5,6,1,2.50000000000000000e-1
0,6,6,1,2.50000000000000000e-1
0,7,6,1,2.50000000000000000e-1
0,8,6,1,2.50000000000000000e-1
0,9,6,1,2.50000000000000000e-1
0,10,6,1,2.50000000000000000e-1
0,11,6,1,2.50000000000000000e-1
0,12,6,1,2.50000000000000000e-1
0,13,6,1,2.50000000000000000e-1
0,14,6,1,2.50000000000000000e-1
0,15,6,1,2.50000000000000000e-1
0,16,6,1,2.50000000000000000e-1
0,17,6,1,2.50000000000000000e-1
0,18,6,1,2.50000000000000000e-1
0,19,6,1,2.50000000000000000e-1
0,20,6,1,2.50000000000000000e-1
0,21,6,1,2.50000000000000000e-1
0,22,6,1,2.50000000000000000e-1
0,23,6,1,2.50000000000000000e-1
0,24,6,1,2.50000000000000000e-1
0,25,6,1,2.50000000000000000e-1
0,26,6,1,2.50000000000000000e-1
0,27,6,1,2.50000000000000000e-1
0,28,6,1,2.50000000000000000e-1
0,29,6,1,2.50000000000000000e-1
0,30,6,1,2.50000000000000000e-1
0,31,6,1,2.50000000000000000e-1
0,32,6,1,2.50000000000000000e-1
0,33,6,1,2.50000000000000000e-1
0,34,6,1,2.50000000000000000e-1
0,35,6,1,2.50000000000000000e-1
0,36,6,1,2.50000000000000000e-1
0,37,6,1,2.50000000000000000e-1
0,38,6,1,2.50000000000000000e-1
0,39,6,1,2.50000000000000000e-1
0,40,6,1,2.50000000000000000e-1
0,41,6,1,2.50000000000000000e-1
0,42,6,1,2.50000000000000000e-1
0,43,6,1,2.50000000000000000e-1
0,44,6,1,2.50000000000000000e-1
0,45,6,1,2.50000000000000000e-1
0,46,6,1,2.50000000000000000e-1
0,47,6,1,2.50000000000000000e-1
0,48,6,1,2.50000000000000000e-1
0,49,6,1,2.50000000000000000e-1
0,50,6,1,2.50000000000000000e-1
0,51,6,1,2.50000000000000000e-1
0,52,6,1,2.50000000000000000e-1
0,53,6,1,2.50000000000000000e-1
0,54,6,1,2.50000000000000000e-1
0,55,6,1,2.50000000000000000e-1
0,56,6,1,2.50000000000000000e-1
0,57,6,1,2.50000000000000000e-1
0,58,6,1,2.50000000000000000e-1
0,59,6,1,2.50000000000000000e-1
0,60,6,1,2.50000000000000000e-1
0,61,6,1,2.50000000000000000e-1
0,62,6,1,2.50000000000000000e-1
0,63,6,1,2.50000000000000000e-1
0,64,6,1,2.50000000000000000e-1
0,0,7,1,2.50000000000000000e-1
0,1,7,1,2.50000000000000000e-1
0,2,7,1,2.50000000000000000e-1
0,3,7,1,2.50000000000000000e-1
0,4,7,1,2.50000000000000000e-1
0,5,7,1,2.50000000000000000e-1
0,6,7,1,2.50000000000000000e-1
0,7,7,1,2.50000000000000000e-1
0,8,7,1,2.50000000000000000e-1
0,9,7,1,2.50000000000000000e-1
0,10,7,1,2.50000000000000000e-1
0,11,7,1,2.50000000000000000e-1
0,12,7,1,2.50000000000000000e-1
0,13,7,1,2.50000000000000000e-1
0,14,7,1,2.50000000000000000e-1
0,15,7,1,2.50000000000000000e-1
0,16,7,1,2.50000000000000000e-1
0,17,7,1,2.50000000000000000e-1
0,18,7,1,2.50000000000000000e-1
0,19,7,1,2.50000000000000000e-1
0,20,7,1,2.50000000000000000e-1
0,21,7,1,2.50000000000000000e-1
0,22,7,1,2.50000000000000000e-1
0,23,7,1,2.50000000000000000e-1
0,24,7,1,2.50000000000000000e-1
0,25,7,1,2.50000000000000000e-1
0,26,7,1,2.50000000000000000e-1
0,27,7,1,2.50000000000000000e-1
0,28,7,1,2.50000000000000000e-1
0,29,7,1,2.50000000000000000e-1
0,30,7,1,2.50000000000000000e-1
0,31,7,1,2.50000000000000000e-1
0,32,7,1,2.50000000000000000e-1
0,33,7,1,2.50000000000000000e-1
0,34,7,1,2.50000000000000000e-1
0,35,7,1,2.50000000000000000e-1
0,36,7,1,2.50000000000000000e-1
0,37,7,1,2.50000000000000000e-1
0,38,7,1,2.50000000000000000e-1
0,39,7,1,2.50000000000000000e-1
0,40,7,1,2.50000000000000000e-1
0,41,7,1,2.50000000000000000e-1
0,42,7,1,2.50000000000000000e-1
0,43,7,1,2.50000000000000000e-1
0,44,7,1,2.50000000000000000e-1
0,45,7,1,2.50000000000000000e-1
0,46,7,1,2.50000000000000000e-1
0,47,7,1,2.50000000000000000e-1
0,48,7,1,2.50000000000000000e-1
0,49,7,1,2.50000000000000000e-1
0,50,7,1,2.50000000000000000e-1
0,51,7,1,2.50000000000000000e-1
0,52,7,1,2.50000000000000000e-1
0,53,7,1,2.50000000000000000e-1
0,54,7,1,2.50000000000000000e-1
0,55,7,1,2.50000000000000000e-1
0,56,7,1,2.50000000000000000e-1
0,57,7,1,2.50000000000000000e-1
0,58,7,1,2.50000000000000000e-1
0,59,7,1,2.50000000000000000e-1
0,60,7,1,2.50000000000000000e-1
0,61,7,1,2.50000000000000000e-1
0,62,7,1,2.50000000000000000e-1
0,63,7,1,2.50000000000000000e-1
0,64,7,1,2.50000000000000000e-1
0,0,0,2,2.50000000000000000e-1
0,1,0,2,2.50000000000000000e-1
0,2,0,2,2.50000000000000000e-1
0,3,0,2,2.50000000000000000e-1
0,4,0,2,2.50000000000000000e-1
0,5,0,2,2.50000000000000000e-1
0,6,0,2,2.50000000000000000e-1
0,7,0,2,2.50000000000000000e-1
0,8,0,2,2.50000000000000000e-1
0,9,0,2,2.50000000000000000e-1
0,10,0,2,2.50000000000000000e-1
0,11,0,2,2.50000000000000000e-1
0,12,0,2,2.50000000000000000e-1
0,13,0,2,2.50000000000000000e-1
0,14,0,2,2.50000000000000000e-1
0,15,0,2,2.50000000000000000e-1
0,16,0,2,2.50000000000000000e-1
0,17,0,2,2.50000000000000000e-1
0,18,0,2,2.50000000000000000e-1
0,19,0,2,2.50000000000000000e-1
0,20,0,2,2.50000000000000000e-1
0,21,0,2,2.50000000000000000e-1
0,22,0,2,2.50000000000000000e-1
0,23,0,2,2.50000000000000000e-1
0,24,0,2,2.50000000000000000e-1
0,25,0,2,2.50000000000000000e-1
0,26,0,2,2.50000000000000000e-1
0,27,0,2,2.50000000000000000e-1
0,28,0,2,2.50000000000000000e-1
0,29,0,2,2.50000000000000000e-1
0,30,0,2,2.50000000000000000e-1
0,31,0,2,2.50000000000000000e-1
0,32,0,2,2.50000000000000000e-1
0,33,0,2,2.50000000000000000e-1
0,34,0,2,2.50000000000000000e-1
0,35,0,2,2.50000000000000000e-1
0,36,0,2,2.50000000000000000e-1
0,37,0,2,2.50000000000000000e-1
0,38,0,2,2.50000000000000000e-1
0,39,0,2,2.50000000000000000e-1
0,40,0,2,2.50000000000000000e-1
0,41,0,2,2.50000000000000000e-1
0,42,0,2,2.50000000000000000e-1
0,43,0,2,2.50000000000000000e-1
0,44,0,2,2.50000000000000000e-1
0,45,0,2,2.50000000000000000e-1
0,46,0,2,2.50000000000000000e-1
0,47,0,2,2.50000000000000000e-1
0,48,0,2,2.50000000000000000e-1
0,49,0,2,2.50000000000000000e-1
0,50,0,2,2.50000000000000000e-1
0,51,0,2,2.50000000000000000e-1
0,52,0,2,2.50000000000000000e-1
0,53,0,2,2.50000000000000000e-1
0,54,0,2,2.50000000000000000e-1
0,55,0,2,2.50000000000000000e-1
0,56,0,2,2.50000000000000000e-1
0,57,0,2,2.50000000000000000e-1
0,58,0,2,2.50000000000000000e-1
0,59,0,2,2.50000000000000000e-1
0,60,0,2,2.50000000000000000e-1
0,61,0,2,2.50000000000000000e-1
0,62,0,2,2.50000000000000000e-1
0,63,0,2,2.50000000000000000e-1
0,64,0,2,2.50000000000000000e-1
0,0,1,2,2.50000000000000000e-1
0,1,1,2,2.50000000000000000e-1
0,2,1,2,2.50000000000000000e-1
0,3,1,2,2.50000000000000000e-1
0,4,1,2,2.50000000000000000e-1
0,5,1,2,2.50000000000000000e-1
0,6,1,2,2.50000000000000000e-1
0,7,1,2,2.50000000000000000e-1
0,8,1,2,2.50000000000000000e-1
0,9,1,2,2.50000000000000000e-1
0,10,1,2,2.50000000000000000e-1
0,11,1,2,2.50000000000000000e-1
0,12,1,2,2.50000000000000000e-1
0,13,1,2,2.50000000000000000e-1
0,14,1,2,2.50000000000000000e-1
0,15,1,2,2.50000000000000000e-1
0,16,1,2,2.50000000000000000e-1
0,17,1,2,2.50000000000000000e-1
0,18,1,2,2.50000000000000000e-1
0,19,1,2,2.50000000000000000e-1
0,20,1,2,2.50000000000000000e-1
0,21,1,2,2.50000000000000000e-1
0,22,1,2,2.50000000000000000e-1
0,23,1,2,2.50000000000000000e-1
0,24,1,2,2.50000000000000000e-1
0,25,1,2,2.50000000000000000e-1
0,26,1,2,2.50000000000000000e-1
0,27,1,2,2.50000000000000000e-1
0,28,1,2,2.50000000000000000e-1
0,29,1,2,2.50000000000000000e-1
0,30,1,2,2.50000000000000000e-1
0,31,1,2,2.50000000000000000e-1
0,32,1,2,2.50000000000000000e-1
0,33,1,2,2.50000000000000000e-1
0,34,1,2,2.50000000000000000e-1
0,35,1,2,2.50000000000000000e-1
0,36,1,2,2.50000000000000000e-1
0,37,1,2,2.50000000000000000e-1
0,38,1,2,2.50000000000000000e-1
0,39,1,2,2.50000000000000000e-1
0,40,1,2,2.50000000000000000e-1
0,41,1,2,2.50000000000000000e-1
0,42,1,2,2.50000000000000000e-1
0,43,1,2,2.50000000000000000e-1
0,44,1,2,2.50000000000000000e-1
0,45,1,2,2.50000000000000000e-1
0,46,1,2,2.50000000000000000e-1
0,47,1,2,2.50000000000000000e-1
0,48,1,2,2.50000000000000000e-1
0,49,1,2,2.50000000000000000e-1
0,50,1,2,2.50000000000000000e-1
0,51,1,2,2.50000000000000000e-1
0,52,1,2,2.50000000000000000e-1
0,53,1,2,2.50000000000000000e-1
0,54,1,2,2.50000000000000000e-1
0,55,1,2,2.50000000000000000e-1
0,56,1,2,2.50000000000000000e-1
0,57,1,2,2.50000000000000000e-1
0,58,1,2,2.50000000000000000e-1
0,59,1,2,2.50000000000000000e-1
0,60,1,2,2.50000000000000000e-1
0,61,1,2,2.50000000000000000e-1
0,62,1,2,2.50000000000000000e-1
0,63,1,2,2.50000000000000000e-1
0,64,1,2,2.50000000000000000e-1
0,0,2,2,2.50000000000000000e-1
0,1,2,2,2.50000000000000000e-1
0,2,2,2,2.50000000000000000e-1
0,3,2,2,2.50000000000000000e-1
0,4,2,2,2.50000000000000000e-1
0,5,2,2,2.50000000000000000e-1
0,6,2,2,2.50000000000000000e-1
0,7,2,2,2.50000000000000000e-1
0,8,2,2,2.50000000000000000e-1
0,9,2,2,2.50000000000000000e-1
0,10,2,2,2.50000000000000000e-1
0,11,2,2,2.50000000000000000e-1
0,12,2,2,2.50000000000000000e-1
0,13,2,2,2.50000000000000000e-1
0,14,2,2,2.50000000000000000e-1
0,15,2,2,2.50000000000000000e-1
0,16,2,2,2.50000000000000000e-1
0,17,2,2,2.50000000000000000e-1
0,18,2,2,2.50000000000000000e-1
0,19,2,2,2.50000000000000000e-1
0,20,2,2,2.50000000000000000e-1
0,21,2,2,2.50000000000000000e-1
0,22,2,2,2.50000000000000000e-1
0,23,2,2,2.50000000000000000e-1
0,24,2,2,2.50000000000000000e-1
0,25,2,2,2.50000000000000000e-1
0,26,2,2,2.50000000000000000e-1
0,27,2,2,2.50000000000000000e-1
0,28,2,2,2.50000000000000000e-1
0,29,2,2,2.50000000000000000e-1
0,30,2,2,2.50000000000000000e-1
0,31,2,2,2.50000000000000000e-1
0,32,2,2,2.50000000000000000e-1
0,33,2,2,2.50000000000000000e-1
0,34,2,2,2.50000000000000000e-1
0,35,2,2,2.50000000000000000e-1
0,36,2,2,2.50000000000000000e-1
0,37,2,2,2.50000000000000000e-1
0,38,2,2,2.50000000000000000e-1
0,39,2,2,2.50000000000000000e-1
0,40,2,2,2.50000000000000000e-1
0,41,2,2,2.50000000000000000e-1
0,42,2,2,2.50000000000000000e-1
0,43,2,2,2.50000000000000000e-1
0,44,2,2,2.50000000000000000e-1
0,45,2,2,2.50000000000000000e-1
0,46,2,2,2.50000000000000000e-1
0,47,2,2,2.50000000000000000e-1
0,48,2,2,2.50000000000000000e-1
0,49,2,2,2.50000000000000000e-1
0,50,2,2,2.50000000000000000e-1
0,51,2,2,2.50000000000000000e-1
0,52,2,2,2.50000000000000000e-1
0,53,2,2,2.50000000000000000e-1
0,54,2,2,2.50000000000000000e-1
0,55,2,2,2.50000000000000000e-1
0,56,2,2,2.50000000000000000e-1
0,57,2,2,2.50000000000000000e-1
0,58,2,2,2.50000000000000000e-1
0,59,2,2,2.50000000000000000e-1
0,60,2,2,2.50000000000000000e-1
0,61,2,2,2.50000000000000000e-1
0,62,2,2,2.50000000000000000e-1
0,63,2,2,2.50000000000000000e-1
0,64,2,2,2.50000000000000000e-1
0,0,3,2,2.50000000000000000e-1
0,1,3,2,2.50000000000000000e-1
0,2,3,2,2.50000000000000000e-1
0,3,3,2,2.50000000000000000e-1
0,4,3,2,2.50000000000000000e-1
0,5,3,2,2.50000000000000000e-1
0,6,3,2,2.50000000000000000e-1
0,7,3,2,2.50000000000000000e-1
0,8,3,2,2.50000000000000000e-1
0,9,3,2,2.50000000000000000e-1
0,10,3,2,2.50000000000000000e-1
0,11,3,2,2.50000000000000000e-1
0,12,3,2,2.50000000000000000e-1
0,13,3,2,2.50000000000000000e-1
0,14,3,2,2.50000000000000000e-1
0,15,3,2,2.50000000000000000e-1
0,16,3,2,2.50000000000000000e-1
0,17,3,2,2.50000000000000000e-1
0,18,3,2,2.50000000000000000e-1
0,19,3,2,2.50000000000000000e-1
0,20,3,2,2.50000000000000000e-1
0,21,3,2,2.50000000000000000e-1
0,22,3,2,2.50000000000000000e-1
0,23,3,2,2.50000000000000000e-1
0,24,3,2,2.50000000000000000e-1
0,25,3,2,2.50000000000000000e-1
0,26,3,2,2.50000000000000000e-1
0,27,3,2,2.50000000000000000e-1
0,28,3,2,2.50000000000000000e-1
0,29,3,2,2.50000000000000000e-1
0,30,3,2,2.50000000000000000e-1
0,31,3,2,2.50000000000000000e-1
0,32,3,2,2.50000000000000000e-1
0,33,3,2,2.50000000000000000e-1
0,34,3,2,2.50000000000000000e-1
0,35,3,2,2.50000000000000000e-1
0,36,3,2,2.50000000000000000e-1
0,37,3,2,2.50000000000000000e-1
0,38,3,2,2.50000000000000000e-1
0,39,3,2,2.50000000000000000e-1
0,40,3,2,2.50000000000000000e-1
0,41,3,2,2.50000000000000000e-1
0,42,3,2,2.50000000000000000e-1
0,43,3,2,2.50000000000000000e-1
0,44,3,2,2.50000000000000000e-1
0,45,3,2,2.50000000000000000e-1
0,46,3,2,2.50000000000000000e-1
0,47,3,2,2.50000000000000000e-1
0,48,3,2,2.50000000000000000e-1
0,49,3,2,2.50000000000000000e-1
0,50,3,2,2.50000000000000000e-1
0,51,3,2,2.50000000000000000e-1
0,52,3,2,2.50000000000000000e-1
0,53,3,2,2.50000000000000000e-1
0,54,3,2,2.50000000000000000e-1
0,55,3,2,2.50000000000000000e-1
0,56,3,2,2.50000000000000000e-1
0,57,3,2,2.50000000000000000e-1
0,58,3,2,2.50000000000000000e-1
0,59,3,2,2.50000000000000000e-1
0,60,3,2,2.50000000000000000e-1
0,61,3,2,2.50000000000000000e-1
0,62,3,2,2.50000000000000000e-1
0,63,3,2,2.50000000000000000e-1
0,64,3,2,2.50000000000000000e-1
0,0,4,2,2.50000000000000000e-1
0,1,4,2,2.50000000000000000e-1
0,2,4,2,2.50000000000000000e-1
0,3,4,2,2.50000000000000000e-1
0,4,4,2,2.50000000000000000e-1
0,5,4,2,2.50000000000000000e-1
0,6,4,2,2.50000000000000000e-1
0,7,4,2,2.50000000000000000e-1
0,8,4,2,2.50000000000000000e-1
0,9,4,2,2.50000000000000000e-1
0,10,4,2,2.50000000000000000e-1
0,11,4,2,2.50000000000000000e-1
0,12,4,2,2.50000000000000000e-1
0,13,4,2,2.50000000000000000e-1
0,14,4,2,2.50000000000000000e-1
0,15,4,2,2.50000000000000000e-1
0,16,4,2,2.50000000000000000e-1
0,17,4,2,2.50000000000000000e-1
0,18,4,2,2.50000000000000000e-1
0,19,4,2,2.50000000000000000e-1
0,20,4,2,2.50000000000000000e-1
0,21,4,2,2.50000000000000000e-1
0,22,4,2,2.50000000000000000e-1
0,23,4,2,2.50000000000000000e-1
0,24,4,2,2.50000000000000000e-1
0,25,4,2,2.50000000000000000e-1
0,26,4,2,2.50000000000000000e-1
0,27,4,2,2.50000000000000000e-1
0,28,4,2,2.50000000000000000e-1
0,29,4,2,2.50000000000000000e-1
0,30,4,2,2.50000000000000000e-1
0,31,4,2,2.50000000000000000e-1
0,32,4,2,2.50000000000000000e-1
0,33,4,2,2.50000000000000000e-1
0,34,4,2,2.50000000000000000e-1
0,35,4,2,2.50000000000000000e-1
0,36,4,2,2.50000000000000000e-1
0,37,4,2,2.50000000000000000e-1
0,38,4,2,2.50000000000000000e-1
0,39,4,2,2.50000000000000000e-1
0,40,4,2,2.50000000000000000e-1
0,41,4,2,2.50000000000000000e-1
0,42,4,2,2.50000000000000000e-1
0,43,4,2,2.50000000000000000e-1
0,44,4,2,2.50000000000000000e-1
0,45,4,2,2.50000000000000000e-1
0,46,4,2,2.50000000000000000e-1
0,47,4,2,2.50000000000000000e-1
0,48,4,2,2.50000000000000000e-1
0,49,4,2,2.50000000000000000e-1
0,50,4,2,2.50000000000000000e-1
0,51,4,2,2.50000000000000000e-1
0,52,4,2,2.50000000000000000e-1
0,53,4,2,2.50000000000000000e-1
0,54,4,2,2.50000000000000000e-1
0,55,4,2,2.50000000000000000e-1
0,56,4,2,2.50000000000000000e-1
0,57,4,2,2.50000000000000000e-1
0,58,4,2,2.50000000000000000e-1
0,59,4,2,2.50000000000000000e-1
0,60,4,2,2.50000000000000000e-1
0,61,4,2,2.50000000000000000e-1
0,62,4,2,2.50000000000000000e-1
0,63,4,2,2.50000000000000000e-1
0,64,4,2,2.50000000000000000e-1
0,0,5,2,2.50000000000000000e-1
0,1,5,2,2.50000000000000000e-1
0,2,5,2,2.50000000000000000e-1
0,3,5,2,2.50000000000000000e-1
0,4,5,2,2.50000000000000000e-1
0,5,5,2,2.50000000000000000e-1
0,6,5,2,2.50000000000000000e-1
0,7,5,2,2.50000000000000000e-1
0,8,5,2,2.50000000000000000e-1
0,9,5,2,2.50000000000000000e-1
0,10,5,2,2.50000000000000000e-1
0,11,5,2,2.50000000000000000e-1
0,12,5,2,2.50000000000000000e-1
0,13,5,2,2.50000000000000000e-1
0,14,5,2,2.50000000000000000e-1
0,15,5,2,2.50000000000000000e-1
0,16,5,2,2.50000000000000000e-1
0,17,5,2,2.50000000000000000e-1
0,18,5,2,2.50000000000000000e-1
0,19,5,2,2.50000000000000000e-1
0,20,5,2,2.50000000000000000e-1
0,21,5,2,2.50000000000000000e-1
0,22,5,2,2.50000000000000000e-1
0,23,5,2,2.50000000000000000e-1
0,24,5,2,2.50000000000000000e-1
0,25,5,2,2.50000000000000000e-1
0,26,5,2,2.50000000000000000e-1
0,27,5,2,2.50000000000000000e-1
0,28,5,2,2.50000000000000000e-1
0,29,5,2,2.50000000000000000e-1
0,30,5,2,2.50000000000000000e-1
0,31,5,2,2.50000000000000000e-1
0,32,5,2,2.50000000000000000e-1
0,33,5,2,2.50000000000000000e-1
0,34,5,2,2.50000000000000000e-1
0,35,5,2,2.50000000000000000e-1
0,36,5,2,2.50000000000000000e-1
0,37,5,2,2.50000000000000000e-1
0,38,5,2,2.50000000000000000e-1
0,39,5,2,2.50000000000000000e-1
0,40,5,2,2.50000000000000000e-1
0,41,5,2,2.50000000000000000e-1
0,42,5,2,2.50000000000000000e-1
0,43,5,2,2.50000000000000000e-1
0,44,5,2,2.50000000000000000e-1
0,45,5,2,2.50000000000000000e-1
0,46,5,2,2.50000000000000000e-1
0,47,5,2,2.50000000000000000e-1
0,48,5,2,2.50000000000000000e-1
0,49,5,2,2.50000000000000000e-1
0,50,5,2,2.50000000000000000e-1
0,51,5,2,2.50000000000000000e-1
0,52,5,2,2.50000000000000000e-1
0,53,5,2,2.50000000000000000e-1
0,54,5,2,2.50000000000000000e-1
0,55,5,2,2.50000000000000000e-1
0,56,5,2,2.50000000000000000e-1
0,57,5,2,2.50000000000000000e-1
0,58,5,2,2.50000000000000000e-1
0,59,5,2,2.50000000000000000e-1
0,60,5,2,2.50000000000000000e-1
0,61,5,2,2.50000000000000000e-1
0,62,5,2,2.50000000000000000e-1
0,63,5,2,2.50000000000000000e-1
0,64,5,2,2.50000000000000000e-1
0,0,6,2,2.50000000000000000e-1
0,1,6,2,2.50000000000000000e-1
0,2,6,2,2.50000000000000000e-1
0,3,6,2,2.50000000000000000e-1
0,4,6,2,2.50000000000000000e-1
0,5,6,2,2.50000000000000000e-1
0,6,6,2,2.50000000000000000e-1
0,7,6,2,2.50000000000000000e-1
0,8,6,2,2.50000000000000000e-1
0,9,6,2,2.50000000000000000e-1
0,10,6,2,2.50000000000000000e-1
0,11,6,2,2.50000000000000000e-1
0,12,6,2,2.50000000000000000e-1
0,13,6,2,2.50000000000000000e-1
0,14,6,2,2.50000000000000000e-1
0,15,6,2,2.50000000000000000e-1
0,16,6,2,2.50000000000000000e-1
0,17,6,2,2.50000000000000000e-1
0,18,6,2,2.50000000000000000e-1
0,19,6,2,2.50000000000000000e-1
0,20,6,2,2.50000000000000000e-1
0,21,6,2,2.50000000000000000e-1
0,22,6,2,2.50000000000000000e-1
0,23,6,2,2.50000000000000000e-1
0,24,6,2,2.50000000000000000e-1
0,25,6,2,2.50000000000000000e-1
0,26,6,2,2.50000000000000000e-1
0,27,6,2,2.50000000000000000e-1
0,28,6,2,2.50000000000000000e-1
0,29,6,2,2.50000000000000000e-1
0,30,6,2,2.50000000000000000e-1
0,31,6,2,2.50000000000000000e-1
0,32,6,2,2.50000000000000000e-1
0,33,6,2,2.50000000000000000e-1
0,34,6,2,2.50000000000000000e-1
0,35,6,2,2.50000000000000000e-1
0,36,6,2,2.50000000000000000e-1
0,37,6,2,2.50000000000000000e-1
0,38,6,2,2.50000000000000000e-1
0,39,6,2,2.50000000000000000e-1
0,40,6,2,2.50000000000000000e-1
0,41,6,2,2.50000000000000000e-1
0,42,6,2,2.50000000000000000e-1
0,43,6,2,2.50000000000000000e-1
0,44,6,2,2.50000000000000000e-1
0,45,6,2,2.50000000000000000e-1
0,46,6,2,2.50000000000000000e-1
0,47,6,2,2.50000000000000000e-1
0,48,6,2,2.50000000000000000e-1
0,49,6,2,2.50000000000000000e-1
0,50,6,2,2.50000000000000000e-1
0,51,6,2,2.50000000000000000e-1
0,52,6,2,2.50000000000000000e-1
0,53,6,2,2.50000000000000000e-1
0,54,6,2,2.50000000000000000e-1
0,55,6,2,2.50000000000000000e-1
0,56,6,2,2.50000000000000000e-1
0,57,6,2,2.50000000000000000e-1
0,58,6,2,2.50000000000000000e-1
0,59,6,2,2.50000000000000000e-1
0,60,6,2,2.50000000000000000e-1
0,61,6,2,2.50000000000000000e-1
0,62,6,2,2.50000000000000000e-1
0,63,6,2,2.50000000000000000e-1
0,64,6,2,2.50000000000000000e-1
0,0,7,2,2.50000000000000000e-1
0,1,7,2,2.50000000000000000e-1
0,2,7,2,2.50000000000000000e-1
0,3,7,2,2.50000000000000000e-1
0,4,7,2,2.50000000000000000e-1
0,5,7,2,2.50000000000000000e-1
0,6,7,2,2.50000000000000000e-1
0,7,7,2,2.50000000000000000e-1
0,8,7,2,2.50000000000000000e-1
0,9,7,2,2.50000000000000000e-1
0,10,7,2,2.50000000000000000e-1
0,11,7,2,2.50000000000000000e-1
0,12,7,2,2.50000000000000000e-1
0,13,7,2,2.50000000000000000e-1
0,14,7,2,2.50000000000000000e-1
0,15,7,2,2.50000000000000000e-1
0,16,7,2,2.50000000000000000e-1
0,17,7,2,2.50000000000000000e-1
0,18,7,2,2.50000000000000000e-1
0,19,7,2,2.50000000000000000e-1
0,20,7,2,2.50000000000000000e-1
0,21,7,2,2.50000000000000000e-1
0,22,7,2,2.50000000000000000e-1
0,23,7,2,2.50000000000000000e-1
0,24,7,2,2.50000000000000000e-1
0,25,7,2,2.50000000000000000e-1
0,26,7,2,2.50000000000000000e-1
0,27,7,2,2.50000000000000000e-1
0,28,7,2,2.50000000000000000e-1
0,29,7,2,2.50000000000000000e-1
0,30,7,2,2.50000000000000000e-1
0,31,7,2,2.50000000000000000e-1
0,32,7,2,2.50000000000000000e-1
0,33,7,2,2.50000000000000000e-1
0,34,7,2,2.50000000000000000e-1
0,35,7,2,2.50000000000000000e-1
0,36,7,2,2.50000000000000000e-1
0,37,7,2,2.50000000000000000e-1
0,38,7,2,2.50000000000000000e-1
0,39,7,2,2.50000000000000000e-1
0,40,7,2,2.50000000000000000e-1
0,41,7,2,2.50000000000000000e-1
0,42,7,2,2.50000000000000000e-1
0,43,7,2,2.50000000000000000e-1
0,44,7,2,2.50000000000000000e-1
0,45,7,2,2.50000000000000000e-1
0,46,7,2,2.50000000000000000e-1
0,47,7,2,2.50000000000000000e-1
0,48,7,2,2.50000000000000000e-1
0,49,7,2,2.50000000000000000e-1
0,50,7,2,2.50000000000000000e-1
0,51,7,2,2.50000000000000000e-1
0,52,7,2,2.50000000000000000e-1
0,53,7,2,2.50000000000000000e-1
0,54,7,2,2.50000000000000000e-1
0,55,7,2,2.50000000000000000e-1
0,56,7,2,2.50000000000000000e-1
0,57,7,2,2.50000000000000000e-1
0,58,7,2,2.50000000000000000e-1
0,59,7,2,2.50000000000000000e-1
0,60,7,2,2.50000000000000000e-1
0,61,7,2,2.50000000000000000e-1
0,62,7,2,2.50000000000000000e-1
0,63,7,2,2.50000000000000000e-1
0,64,7,2,2.50000000000000000e-1
0,0,0,3,2.50000000000000000e-1
0,1,0,3,2.50000000000000000e-1
0,2,0,3,2.50000000000000000e-1
0,3,0,3,2.50000000000000000e-1
0,4,0,3,2.50000000000000000e-1
0,5,0,3,2.50000000000000000e-1
0,6,0,3,2.50000000000000000e-1
0,7,0,3,2.50000000000000000e-1
0,8,0,3,2.50000000000000000e-1
0,9,0,3,2.50000000000000000e-1
0,10,0,3,2.50000000000000000e-1
0,11,0,3,2.50000000000000000e-1
0,12,0,3,2.50000000000000000e-1
0,13,0,3,2.50000000000000000e-1
0,14,0,3,2.50000000000000000e-1
0,15,0,3,2.50000000000000000e-1
0,16,0,3,2.50000000000000000e-1
0,17,0,3,2.50000000000000000e-1
0,18,0,3,2.50000000000000000e-1
0,19,0,3,2.50000000000000000e-1
0,20,0,3,2.50000000000000000e-1
0,21,0,3,2.50000000000000000e-1
0,22,0,3,2.50000000000000000e-1
0,23,0,3,2.50000000000000000e-1
0,24,0,3,2.50000000000000000e-1
0,25,0,3,2.50000000000000000e-1
0,26,0,3,2.50000000000000000e-1
0,27,0,3,2.50000000000000000e-1
0,28,0,3,2.50000000000000000e-1
0,29,0,3,2.50000000000000000e-1
0,30,0,3,2.50000000000000000e-1
0,31,0,3,2.50000000000000000e-1
0,32,0,3,2.50000000000000000e-1
0,33,0,3,2.50000000000000000e-1
0,34,0,3,2.50000000000000000e-1
0,35,0,3,2.50000000000000000e-1
0,36,0,3,2.50000000000000000e-1
0,37,0,3,2.50000000000000000e-1
0,38,0,3,2.50000000000000000e-1
0,39,0,3,2.50000000000000000e-1
0,40,0,3,2.50000000000000000e-1
0,41,0,3,2.50000000000000000e-1
0,42,0,3,2.50000000000000000e-1
0,43,0,3,2.50000000000000000e-1
0,44,0,3,2.50000000000000000e-1
0,45,0,3,2.50000000000000000e-1
0,46,0,3,2.50000000000000000e-1
0,47,0,3,2.50000000000000000e-1
0,48,0,3,2.50000000000000000e-1
0,49,0,3,2.50000000000000000e-1
0,50,0,3,2.50000000000000000e-1
0,51,0,3,2.50000000000000000e-1
0,52,0,3,2.50000000000000000e-1
0,53,0,3,2.50000000000000000e-1
0,54,0,3,2.50000000000000000e-1
0,55,0,3,2.50000000000000000e-1
0,56,0,3,2.50000000000000000e-1
0,57,0,3,2.50000000000000000e-1
0,58,0,3,2.50000000000000000e-1
0,59,0,3,2.50000000000000000e-1
0,60,0,3,2.50000000000000000e-1
0,61,0,3,2.50000000000000000e-1
0,62,0,3,2.50000000000000000e-1
0,63,0,3,2.50000000000000000e-1
0,64,0,3,2.50000000000000000e-1
0,0,1,3,2.50000000000000000e-1
0,1,1,3,2.50000000000000000e-1
0,2,1,3,2.50000000000000000e-1
0,3,1,3,2.50000000000000000e-1
0,4,1,3,2.50000000000000000e-1
0,5,1,3,2.50000000000000000e-1
0,6,1,3,2.50000000000000000e-1
0,7,1,3,2.50000000000000000e-1
0,8,1,3,2.50000000000000000e-1
0,9,1,3,2.50000000000000000e-1
0,10,1,3,2.50000000000000000e-1
0,11,1,3,2.50000000000000000e-1
0,12,1,3,2.50000000000000000e-1
0,13,1,3,2.50000000000000000e-1
0,14,1,3,2.50000000000000000e-1
0,15,1,3,2.50000000000000000e-1
0,16,1,3,2.50000000000000000e-1
0,17,1,3,2.50000000000000000e-1
0,18,1,3,2.50000000000000000e-1
0,19,1,3,2.50000000000000000e-1
0,20,1,3,2.50000000000000000e-1
0,21,1,3,2.50000000000000000e-1
0,22,1,3,2.50000000000000000e-1
0,23,1,3,2.50000000000000000e-1
0,24,1,3,2.50000000000000000e-1
0,25,1,3,2.50000000000000000e-1
0,26,1,3,2.50000000000000000e-1
0,27,1,3,2.50000000000000000e-1
0,28,1,3,2.50000000000000000e-1
0,29,1,3,2.50000000000000000e-1
0,30,1,3,2.50000000000000000e-1
0,31,1,3,2.50000000000000000e-1
0,32,1,3,2.50000000000000000e-1
0,33,1,3,2.50000000000000000e-1
0,34,1,3,2.50000000000000000e-1
0,35,1,3,2.50000000000000000e-1
0,36,1,3,2.50000000000000000e-1
0,37,1,3,2.50000000000000000e-1
0,38,1,3,2.50000000000000000e-1
0,39,1,3,2.50000000000000000e-1
0,40,1,3,2.50000000000000000e-1
0,41,1,3,2.50000000000000000e-1
0,42,1,3,2.50000000000000000e-1
0,43,1,3,2.50000000000000000e-1
0,44,1,3,2.50000000000000000e-1
0,45,1,3,2.50000000000000000e-1
0,46,1,3,2.50000000000000000e-1
0,47,1,3,2.50000000000000000e-1
0,48,1,3,2.50000000000000000e-1
0,49,1,3,2.50000000000000000e-1
0,50,1,3,2.50000000000000000e-1
0,51,1,3,2.50000000000000000e-1
0,52,1,3,2.50000000000000000e-1
0,53,1,3,2.50000000000000000e-1
0,54,1,3,2.50000000000000000e-1
0,55,1,3,2.50000000000000000e-1
0,56,1,3,2.50000000000000000e-1
0,57,1,3,2.50000000000000000e-1
0,58,1,3,2.50000000000000000e-1
0,59,1,3,2.50000000000000000e-1
0,60,1,3,2.50000000000000000e-1
0,61,1,3,2.50000000000000000e-1
0,62,1,3,2.50000000000000000e-1
0,63,1,3,2.50000000000000000e-1
0,64,1,3,2.50000000000000000e-1
0,0,2,3,2.50000000000000000e-1
0,1,2,3,2.50000000000000000e-1
0,2,2,3,2.50000000000000000e-1
0,3,2,3,2.50000000000000000e-1
0,4,2,3,2.50000000000000000e-1
0,5,2,3,2.50000000000000000e-1
0,6,2,3,2.50000000000000000e-1
0,7,2,3,2.50000000000000000e-1
0,8,2,3,2.50000000000000000e-1
0,9,2,3,2.50000000000000000e-1
0,10,2,3,2.50000000000000000e-1
0,11,2,3,2.50000000000000000e-1
0,12,2,3,2.50000000000000000e-1
0,13,2,3,2.50000000000000000e-1
0,14,2,3,2.50000000000000000e-1
0,15,2,3,2.50000000000000000e-1
0,16,2,3,2.50000000000000000e-1
0,17,2,3,2.50000000000000000e-1
0,18,2,3,2.50000000000000000e-1
0,19,2,3,2.50000000000000000e-1
0,20,2,3,2.50000000000000000e-1
0,21,2,3,2.50000000000000000e-1
0,22,2,3,2.50000000000000000e-1
0,23,2,3,2.50000000000000000e-1
0,24,2,3,2.50000000000000000e-1
0,25,2,3,2.50000000000000000e-1
0,26,2,3,2.50000000000000000e-1
0,27,2,3,2.50000000000000000e-1
0,28,2,3,2.50000000000000000e-1
0,29,2,3,2.50000000000000000e-1
0,30,2,3,2.50000000000000000e-1
0,31,2,3,2.50000000000000000e-1
0,32,2,3,2.50000000000000000e-1
0,33,2,3,2.50000000000000000e-1
0,34,2,3,2.50000000000000000e-1
0,35,2,3,2.50000000000000000e-1
0,36,2,3,2.50000000000000000e-1
0,37,2,3,2.50000000000000000e-1
0,38,2,3,2.50000000000000000e-1
0,39,2,3,2.50000000000000000e-1
0,40,2,3,2.50000000000000000e-1
0,41,2,3,2.50000000000000000e-1
0,42,2,3,2.50000000000000000e-1
0,43,2,3,2.50000000000000000e-1
0,44,2,3,2.50000000000000000e-1
0,45,2,3,2.50000000000000000e-1
0,46,2,3,2.50000000000000000e-1
0,47,2,3,2.50000000000000000e-1
0,48,2,3,2.50000000000000000e-1
0,49,2,3,2.50000000000000000e-1
0,50,2,3,2.50000000000000000e-1
0,51,2,3,2.50000000000000000e-1
0,52,2,3,2.50000000000000000e-1
0,53,2,3,2.50000000000000000e-1
0,54,2,3,2.50000000000000000e-1
0,55,2,3,2.50000000000000000e-1
0,56,2,3,2.50000000000000000e-1
0,57,2,3,2.50000000000000000e-1
0,58,2,3,2.50000000000000000e-1
0,59,2,3,2.50000000000000000e-1
0,60,2,3,2.50000000000000000e-1
0,61,2,3,2.50000000000000000e-1
0,62,2,3,2.50000000000000000e-1
0,63,2,3,2.50000000000000000e-1
0,64,2,3,2.50000000000000000e-1
0,0,3,3,2.50000000000000000e-1
0,1,3,3,2.50000000000000000e-1
0,2,3,3,2.50000000000000000e-1
0,3,3,3,2.50000000000000000e-1
0,4,3,3,2.50000000000000000e-1
0,5,3,3,2.50000000000000000e-1
0,6,3,3,2.50000000000000000e-1
0,7,3,3,2.50000000000000000e-1
0,8,3,3,2.50000000000000000e-1
0,9,3,3,2.50000000000000000e-1
0,10,3,3,2.50000000000000000e-1
0,11,3,3,2.50000000000000000e-1
0,12,3,3,2.50000000000000000e-1
0,13,3,3,2.50000000000000000e-1
0,14,3,3,2.50000000000000000e-1
0,15,3,3,2.50000000000000000e-1
0,16,3,3,2.50000000000000000e-1
0,17,3,3,2.50000000000000000e-1
0,18,3,3,2.50000000000000000e-1
0,19,3,3,2.50000000000000000e-1
0,20,3,3,2.50000000000000000e-1
0,21,3,3,2.50000000000000000e-1
0,22,3,3,2.50000000000000000e-1
0,23,3,3,2.50000000000000000e-1
0,24,3,3,2.50000000000000000e-1
0,25,3,3,2.50000000000000000e-1
0,26,3,3,2.50000000000000000e-1
0,27,3,3,2.50000000000000000e-1
0,28,3,3,2.50000000000000000e-1
0,29,3,3,2.50000000000000000e-1
0,30,3,3,2.50000000000000000e-1
0,31,3,3,2.50000000000000000e-1
0,32,3,3,2.50000000000000000e-1
0,33,3,3,2.50000000000000000e-1
0,34,3,3,2.50000000000000000e-1
0,35,3,3,2.50000000000000000e-1
0,36,3,3,2.50000000000000000e-1
0,37,3,3,2.50000000000000000e-1
0,38,3,3,2.50000000000000000e-1
0,39,3,3,2.50000000000000000e-1
0,40,3,3,2.50000000000000000e-1
0,41,3,3,2.50000000000000000e-1
0,42,3,3,2.50000000000000000e-1
0,43,3,3,2.50000000000000000e-1
0,44,3,3,2.50000000000000000e-1
0,45,3,3,2.50000000000000000e-1
0,46,3,3,2.50000000000000000e-1
0,47,3,3,2.50000000000000000e-1
0,48,3,3,2.50000000000000000e-1
0,49,3,3,2.50000000000000000e-1
0,50,3,3,2.50000000000000000e-1
0,51,3,3,2.50000000000000000e-1
0,52,3,3,2.50000000000000000e-1
0,53,3,3,2.50000000000000000e-1
0,54,3,3,2.50000000000000000e-1
0,55,3,3,2.50000000000000000e-1
0,56,3,3,2.50000000000000000e-1
0,57,3,3,2.50000000000000000e-1
0,58,3,3,2.50000000000000000e-1
0,59,3,3,2.50000000000000000e-1
0,60,3,3,2.50000000000000000e-1
0,61,3,3,2.50000000000000000e-1
0,62,3,3,2.50000000000000000e-1
0,63,3,3,2.50000000000000000e-1
0,64,3,3,2.50000000000000000e-1
0,0,4,3,2.50000000000000000e-1
0,1,4,3,2.50000000000000000e-1
0,2,4,3,2.50000000000000000e-1
0,3,4,3,2.50000000000000000e-1
0,4,4,3,2.50000000000000000e-1
0,5,4,3,2.50000000000000000e-1
0,6,4,3,2.50000000000000000e-1
0,7,4,3,2.50000000000000000e-1
0,8,4,3,2.50000000000000000e-1
0,9,4,3,2.50000000000000000e-1
0,10,4,3,2.50000000000000000e-1
0,11,4,3,2.50000000000000000e-1
0,12,4,3,2.50000000000000000e-1
0,13,4,3,2.50000000000000000e-1
0,14,4,3,2.50000000000000000e-1
0,15,4,3,2.50000000000000000e-1
0,16,4,3,2.50000000000000000e-1
0,17,4,3,2.50000000000000000e-1
0,18,4,3,2.50000000000000000e-1
0,19,4,3,2.50000000000000000e-1
0,20,4,3,2.50000000000000000e-1
0,21,4,3,2.50000000000000000e-1
0,22,4,3,2.50000000000000000e-1
0,23,4,3,2.50000000000000000e-1
0,24,4,3,2.50000000000000000e-1
0,25,4,3,2.50000000000000000e-1
0,26,4,3,2.50000000000000000e-1
0,27,4,3,2.50000000000000000e-1
0,28,4,3,2.50000000000000000e-1
0,29,4,3,2.50000000000000000e-1
0,30,4,3,2.50000000000000000e-1
0,31,4,3,2.50000000000000000e-1
0,32,4,3,2.50000000000000000e-1
0,33,4,3,2.50000000000000000e-1
0,34,4,3,2.50000000000000000e-1
0,35,4,3,2.50000000000000000e-1
0,36,4,3,2.50000000000000000e-1
0,37,4,3,2.50000000000000000e-1
0,38,4,3,2.50000000000000000e-1
0,39,4,3,2.50000000000000000e-1
0,40,4,3,2.50000000000000000e-1
0,41,4,3,2.50000000000000000e-1
0,42,4,3,2.50000000000000000e-1
0,43,4,3,2.50000000000000000e-1
0,44,4,3,2.50000000000000000e-1
0,45,4,3,2.50000000000000000e-1
0,46,4,3,2.50000000000000000e-1
0,47,4,3,2.50000000000000000e-1
0,48,4,3,2.50000000000000000e-1
0,49,4,3,2.50000000000000000e-1
0,50,4,3,2.50000000000000000e-1
0,51,4,3,2.50000000000000000e-1
0,52,4,3,2.50000000000000000e-1
0,53,4,3,2.50000000000000000e-1
0,54,4,3,2.50000000000000000e-1
0,55,4,3,2.50000000000000000e-1
0,56,4,3,2.50000000000000000e-1
0,57,4,3,2.50000000000000000e-1
0,58,4,3,2.50000000000000000e-1
0,59,4,3,2.50000000000000000e-1
0,60,4,3,2.50000000000000000e-1
0,61,4,3,2.50000000000000000e-1
0,62,4,3,2.50000000000000000e-1
0,63,4,3,2.50000000000000000e-1
0,64,4,3,2.50000000000000000e-1
0,0,5,3,2.50000000000000000e-1
0,1,5,3,2.50000000000000000e-1
0,2,5,3,2.50000000000000000e-1
0,3,5,3,2.50000000000000000e-1
0,4,5,3,2.50000000000000000e-1
0,5,5,3,2.50000000000000000e-1
0,6,5,3,2.50000000000000000e-1
0,7,5,3,2.50000000000000000e-1
0,8,5,3,2.50000000000000000e-1
0,9,5,3,2.50000000000000000e-1
0,10,5,3,2.50000000000000000e-1
0,11,5,3,2.50000000000000000e-1
0,12,5,3,2.50000000000000000e-1
0,13,5,3,2.50000000000000000e-1
0,14,5,3,2.50000000000000000e-1
0,15,5,3,2.50000000000000000e-1
0,16,5,3,2.50000000000000000e-1
0,17,5,3,2.50000000000000000e-1
0,18,5,3,2.50000000000000000e-1
0,19,5,3,2.50000000000000000e-1
0,20,5,3,2.50000000000000000e-1
0,21,5,3,2.50000000000000000e-1
0,22,5,3,2.50000000000000000e-1
0,23,5,3,2.50000000000000000e-1
0,24,5,3,2.50000000000000000e-1
0,25,5,3,2.50000000000000000e-1
0,26,5,3,2.50000000000000000e-1
0,27,5,3,2.50000000000000000e-1
0,28,5,3,2.50000000000000000e-1
0,29,5,3,2.50000000000000000e-1
0,30,5,3,2.50000000000000000e-1
0,31,5,3,2.50000000000000000e-1
0,32,5,3,2.50000000000000000e-1
0,33,5,3,2.50000000000000000e-1
0,34,5,3,2.50000000000000000e-1
0,35,5,3,2.50000000000000000e-1
0,36,5,3,2.50000000000000000e-1
0,37,5,3,2.50000000000000000e-1
0,38,5,3,2.50000000000000000e-1
0,39,5,3,2.50000000000000000e-1
0,40,5,3,2.50000000000000000e-1
0,41,5,3,2.50000000000000000e-1
0,42,5,3,2.50000000000000000e-1
0,43,5,3,2.50000000000000000e-1
0,44,5,3,2.50000000000000000e-1
0,45,5,3,2.50000000000000000e-1
0,46,5,3,2.50000000000000000e-1
0,47,5,3,2.50000000000000000e-1
0,48,5,3,2.50000000000000000e-1
0,49,5,3,2.50000000000000000e-1
0,50,5,3,2.50000000000000000e-1
0,51,5,3,2.50000000000000000e-1
0,52,5,3,2.50000000000000000e-1
0,53,5,3,2.50000000000000000e-1
0,54,5,3,2.50000000000000000e-1
0,55,5,3,2.50000000000000000e-1
0,56,5,3,2.50000000000000000e-1
0,57,5,3,2.50000000000000000e-1
0,58,5,3,2.50000000000000000e-1
0,59,5,3,2.50000000000000000e-1
0,60,5,3,2.50000000000000000e-1
0,61,5,3,2.50000000000000000e-1
0,62,5,3,2.50000000000000000e-1
0,63,5,3,2.50000000000000000e-1
0,64,5,3,2.50000000000000000e-1
0,0,6,3,2.50000000000000000e-1
0,1,6,3,2.50000000000000000e-1
0,2,6,3,2.50000000000000000e-1
0,3,6,3,2.50000000000000000e-1
0,4,6,3,2.50000000000000000e-1
0,5,6,3,2.50000000000000000e-1
0,6,6,3,2.50000000000000000e-1
0,7,6,3,2.50000000000000000e-1
0,8,6,3,2.50000000000000000e-1
0,9,6,3,2.50000000000000000e-1
0,10,6,3,2.50000000000000000e-1
0,11,6,3,2.50000000000000000e-1
0,12,6,3,2.50000000000000000e-1
0,13,6,3,2.50000000000000000e-1
0,14,6,3,2.50000000000000000e-1
0,15,6,3,2.50000000000000000e-1
0,16,6,3,2.50000000000000000e-1
0,17,6,3,2.50000000000000000e-1
0,18,6,3,2.50000000000000000e-1
0,19,6,3,2.50000000000000000e-1
0,20,6,3,2.50000000000000000e-1
0,21,6,3,2.50000000000000000e-1
0,22,6,3,2.50000000000000000e-1
0,23,6,3,2.50000000000000000e-1
0,24,6,3,2.50000000000000000e-1
0,25,6,3,2.50000000000000000e-1
0,26,6,3,2.50000000000000000e-1
0,27,6,3,2.50000000000000000e-1
0,28,6,3,2.50000000000000000e-1
0,29,6,3,2.50000000000000000e-1
0,30,6,3,2.50000000000000000e-1
0,31,6,3,2.50000000000000000e-1
0,32,6,3,2.50000000000000000e-1
0,33,6,3,2.50000000000000000e-1
0,34,6,3,2.50000000000000000e-1
0,35,6,3,2.50000000000000000e-1
0,36,6,3,2.50000000000000000e-1
0,37,6,3,2.50000000000000000e-1
0,38,6,3,2.50000000000000000e-1
0,39,6,3,2.50000000000000000e-1
0,40,6,3,2.50000000000000000e-1
0,41,6,3,2.50000000000000000e-1
0,42,6,3,2.50000000000000000e-1
0,43,6,3,2.50000000000000000e-1
0,44,6,3,2.50000000000000000e-1
0,45,6,3,2.50000000000000000e-1
0,46,6,3,2.50000000000000000e-1
0,47,6,3,2.50000000000000000e-1
0,48,6,3,2.50000000000000000e-1
0,49,6,3,2.50000000000000000e-1
0,50,6,3,2.50000000000000000e-1
0,51,6,3,2.50000000000000000e-1
0,52,6,3,2.50000000000000000e-1
0,53,6,3,2.50000000000000000e-1
0,54,6,3,2.50000000000000000e-1
0,55,6,3,2.50000000000000000e-1
0,56,6,3,2.50000000000000000e-1
0,57,6,3,2.50000000000000000e-1
0,58,6,3,2.50000000000000000e-1
0,59,6,3,2.50000000000000000e-1
0,60,6,3,2.50000000000000000e-1
0,61,6,3,2.50000000000000000e-1
0,62,6,3,2.50000000000000000e-1
0,63,6,3,2.50000000000000000e-1
0,64,6,3,2.50000000000000000e-1
0,0,7,3,2.50000000000000000e-1
0,1,7,3,2.50000000000000000e-1
0,2,7,3,2.50000000000000000e-1
0,3,7,3,2.50000000000000000e-1
0,4,7,3,2.50000000000000000e-1
0,5,7,3,2.50000000000000000e-1
0,6,7,3,2.50000000000000000e-1
0,7,7,3,2.50000000000000000e-1
0,8,7,3,2.50000000000000000e-1
0,9,7,3,2.50000000000000000e-1
0,10,7,3,2.50000000000000000e-1
0,11,7,3,2.50000000000000000e-1
0,12,7,3,2.50000000000000000e-1
0,13,7,3,2.50000000000000000e-1
0,14,7,3,2.50000000000000000e-1
0,15,7,3,2.50000000000000000e-1
0,16,7,3,2.50000000000000000e-1
0,17,7,3,2.50000000000000000e-1
0,18,7,3,2.50000000000000000e-1
0,19,7,3,2.50000000000000000e-1
0,20,7,3,2.50000000000000000e-1
0,21,7,3,2.50000000000000000e-1
0,22,7,3,2.50000000000000000e-1
0,23,7,3,2.50000000000000000e-1
0,24,7,3,2.50000000000000000e-1
0,25,7,3,2.50000000000000000e-1
0,26,7,3,2.50000000000000000e-1
0,27,7,3,2.50000000000000000e-1
0,28,7,3,2.50000000000000000e-1
0,29,7,3,2.50000000000000000e-1
0,30,7,3,2.50000000000000000e-1
0,31,7,3,2.50000000000000000e-1
0,32,7,3,2.50000000000000000e-1
0,33,7,3,2.50000000000000000e-1
0,34,7,3,2.50000000000000000e-1
0,35,7,3,2.50000000000000000e-1
0,36,7,3,2.50000000000000000e-1
0,37,7,3,2.50000000000000000e-1
0,38,7,3,2.50000000000000000e-1
0,39,7,3,2.50000000000000000e-1
0,40,7,3,2.50000000000000000e-1
0,41,7,3,2.50000000000000000e-1
0,42,7,3,2.50000000000000000e-1
0,43,7,3,2.50000000000000000e-1
0,44,7,3,2.50000000000000000e-1
0,45,7,3,2.50000000000000000e-1
0,46,7,3,2.50000000000000000e-1
0,47,7,3,2.50000000000000000e-1
0,48,7,3,2.50000000000000000e-1
0,49,7,3,2.50000000000000000e-1
0,50,7,3,2.50000000000000000e-1
0,51,7,3,2.50000000000000000e-1
0,52,7,3,2.50000000000000000e-1
0,53,7,3,2.50000000000000000e-1
0,54,7,3,2.50000000000000000e-1
0,55,7,3,2.50000000000000000e-1
0,56,7,3,2.50000000000000000e-1
0,57,7,3,2.50000000000000000e-1
0,58,7,3,2.50000000000000000e-1
0,59,7,3,2.50000000000000000e-1
0,60,7,3,2.50000000000000000e-1
0,61,7,3,2.50000000000000000e-1
0,62,7,3,2.50000000000000000e-1
0,63,7,3,2.50000000000000000e-1
0,64,7,3,2.50000000000000000e-1
1,0,0,0,0.00000000000000000e0
1,1,0,0,0.00000000000000000e0
1,2,0,0,0.00000000000000000e0
1,3,0,0,0.00000000000000000e0
1,4,0,0,0.00000000000000000e0
1,5,0,0,0.00000000000000000e0
1,6,0,0,0.00000000000000000e0
1,7,0,0,0.00000000000000000e0
1,8,0,0,0.00000000000000000e0
1,9,0,0,0.00000000000000000e0
1,10,0,0,0.00000000000000000e0
1,11,0,0,0.00000000000000000e0
1,12,0,0,0.00000000000000000e0
1,13,0,0,0.00000000000000000e0
1,14,0,0,0.00000000000000000e0
1,15,0,0,0.00000000000000000e0
1,16,0,0,0.00000000000000000e0
1,17,0,0,0.00000000000000000e0
1,18,0,0,0.00000000000000000e0
1,19,0,0,0.00000000000000000e0
1,20,0,0,0.00000000000000000e0
1,21,0,0,0.00000000000000000e0
1,22,0,0,0.00000000000000000e0
1,23,0,0,0.00000000000000000e0
1,24,0,0,0.00000000000000000e0
1,25,0,0,0.00000000000000000e0
1,26,0,0,0.00000000000000000e0
1,27,0,0,0.00000000000000000e0
1,28,0,0,0.00000000000000000e0
1,29,0,0,0.00000000000000000e0
1,30,0,0,0.00000000000000000e0
1,31,0,0,0.00000000000000000e0
1,32,0,0,0.00000000000000000e0
1,33,0,0,0.00000000000000000e0
1,34,0,0,0.00000000000000000e0
1,35,0,0,0.00000000000000000e0
1,36,0,0,0.00000000000000000e0
1,37,0,0,0.00000000000000000e0
1,38,0,0,0.00000000000000000e0
1,39,0,0,0.00000000000000000e0
1,40,0,0,0.00000000000000000e0
1,41,0,0,0.00000000000000000e0
1,42,0,0,0.00000000000000000e0
1,43,0,0,0.00000000000000000e0
1,44,0,0,0.00000000000000000e0
1,45,0,0,0.00000000000000000e0
1,46,0,0,0.00000000000000000e0
1,47,0,0,0.00000000000000000e0
1,48,0,0,0.00000000000000000e0
1,49,0,0,0.00000000000000000e0
1,50,0,0,0.00000000000000000e0
1,51,0,0,0.00000000000000000e0
1,52,0,0,0.00000000000000000e0
1,53,0,0,0.00000000000000000e0
1,54,0,0,0.00000000000000000e0
1,55,0,0,0.00000000000000000e0
1,56,0,0,0.00000000000000000e0
1,57,0,0,0.00000000000000000e0
1,58,0,0,0.00000000000000000e0
1,59,0,0,0.00000000000000000e0
1,60,0,0,0.00000000000000000e0
1,61,0,0,0.00000000000000000e0
1,62,0,0,0.00000000000000000e0
1,63,0,0,0.00000000000000000e0
1,0,1,0,4.13380436923172639e-14
1,1,1,0,4.13361632791743594e-14
1,2,1,0,4.13167967178683371e-14
1,3,1,0,4.12190897733366590e-14
1,4,1,0,4.08963092340605683e-14
1,5,1,0,4.01074911672051615e-14
1,6,1,0,3.85807854305468545e-14
1,7,1,0,3.61355063439091490e-14
1,8,1,0,3.27943510021466711e-14
1,9,1,0,2.88158779064746906e-14
1,10,1,0,2.46288297238049167e-14
1,11,1,0,2.07028997759170150e-14
1,12,1,0,1.74092545121660308e-14
1,13,1,0,1.49185846239508618e-14
1,14,1,0,1.31771831402179018e-14
1,15,1,0,1.19814157171506917e-14
1,16,1,0,1.11148459549679710e-14
1,17,1,0,1.04524255326336399e-14
1,18,1,0,9.95214669816156874e-15
1,19,1,0,9.56161792266523730e-15
1,20,1,0,9.15843193383808485e-15
1,21,1,0,8.60686948957450210e-15
1,22,1,0,7.88083943400021483e-15
1,23,1,0,7.12134649481169918e-15
1,24,1,0,6.55595666120066360e-15
1,25,1,0,6.34228751805808282e-15
1,26,1,0,6.46802108874851116e-15
1,27,1,0,6.78299664293212715e-15
1,28,1,0,7.12283388466707773e-15
1,29,1,0,7.42054563683623020e-15
1,30,1,0,7.72975670829730704e-15
1,31,1,0,8.15288269973577298e-15
1,32,1,0,8.72925389199148694e-15
1,33,1,0,9.36871040409280667e-15
1,34,1,0,9.88961025566578375e-15
1,35,1,0,1.01327053233959789e-14
1,36,1,0,1.00487736756854976e-14
1,37,1,0,9.68807147136083180e-15
1,38,1,0,9.12452181682770619e-15
1,39,1,0,8.40153769173174539e-15
1,40,1,0,7.53985276855584016e-15
1,41,1,0,6.57952323537564637e-15
1,42,1,0,5.61151026633090882e-15
1,43,1,0,4.77364814479653080e-15
1,44,1,0,4.20954791884768989e-15
1,45,1,0,4.01906672615266920e-15
1,46,1,0,4.24912383924225256e-15
1,47,1,0,4.94018625717151418e-15
1,48,1,0,6.17060876272621309e-15
1,49,1,0,8.01962747647372645e-15
1,50,1,0,1.04528465080084253e-14
1,51,1,0,1.32401439462202612e-14
1,52,1,0,1.60095325668282995e-14
1,53,1,0,1.84065002822864088e-14
1,54,1,0,2.02147021723716319e-14
1,55,1,0,2.13394162366584150e-14
1,56,1,0,2.17073368557595819e-14
1,57,1,0,2.12129762404899766e-14
1,58,1,0,1.97638688861955306e-14
1,59,1,0,1.73557169477018755e-14
1,60,1,0,1.40879307527976179e-14
1,61,1,0,1.01116387669648172e-14
1,62,1,0,5.57455167774336194e-15
1,63,1,0,6.16035468774587093e-16
1,0,2,0,1.17075072848652796e-14
1,1,2,0,1.17075318488207500e-14
1,2,2,0,1.17081993107831864e-14
1,3,2,0,1.17131993462708285e-14
1,4,2,0,1.17339381009514028e-14
1,5,2,0,1.17918226385008672e-14
1,6,2,0,1.19081863307287684e-14
1,7,2,0,1.20741022974039935e-14
1,8,2,0,1.22096995667651982e-14
1,9,2,0,1.21472241106416155e-14
1,10,2,0,1.16764093172397852e-14
1,11,2,0,1.06527920233395919e-14
1,12,2,0,9.10870347653773213e-15
1,13,2,0,7.27831948762981337e-15
1,14,2,0,5.49467096510312426e-15
1,15,2,0,4.01620290775800241e-15
1,16,2,0,2.91072030302215456e-15
1,17,2,0,2.08984034504727800e-15
1,18,2,0,1.46213800327588779e-15
1,19,2,0,1.06751160001809526e-15
1,20,2,0,1.07170473074435927e-15
1,21,2,0,1.62731588661669917e-15
1,22,2,0,2.72762142597892873e-15
1,23,2,0,4.18205704102807795e-15
1,24,2,0,5.73079495167741655e-15
1,25,2,0,7.19761418841542364e-15
1,26,2,0,8.55798891225435093e-15
1,27,2,0,9.88038098467250089e-15
1,28,2,0,1.12043654790314889e-14
1,29,2,0,1.24652875234344471e-14
1,30,2,0,1.35330064347663828e-14
1,31,2,0,1.43350094164787500e-14
1,32,2,0,1.49543073914683647e-14
1,33,2,0,1.56007680190105302e-14
1,34,2,0,1.64593511075335902e-14
1,35,2,0,1.75366584318284446e-14
1,36,2,0,1.86430037396210710e-14
1,37,2,0,1.95320122516095054e-14
1,38,2,0,2.00771846793190017e-14
1,39,2,0,2.03344150328729767e-14
1,40,2,0,2.04498029431456410e-14
1,41,2,0,2.05124850753083537e-14
1,42,2,0,2.04907112463662347e-14
1,43,2,0,2.03000170248849796e-14
1,44,2,0,1.99261671751530325e-14
1,45,2,0,1.94778055311170192e-14
1,46,2,0,1.91133137013863377e-14
1,47,2,0,1.89075812569595297e-14
1,48,2,0,1.87856203710161720e-14
1,49,2,0,1.85898710569057032e-14
1,50,2,0,1.82160432300303848e-14
1,51,2,0,1.76770676953630010e-14
1,52,2,0,1.70233615479900222e-14
1,53,2,0,1.62028525904460430e-14
1,54,2,0,1.50194255903873808e-14
1,55,2,0,1.32482864739422168e-14
1,56,2,0,1.07940694956450839e-14
1,57,2,0,7.73146771485076073e-15
1,58,2,0,4.20416036578667891e-15
1,59,2,0,3.12441125726312715e-16
1,60,2,0,-3.88975952345777497e-15
1,61,2,0,-8.31808546466940996e-15
1,62,2,0,-1.28259304354528050e-14
1,63,2,0,-1.72654859159626639e-14
1,0,3,0,-1.98317026727434439e-14
1,1,3,0,-1.98319008784531015e-14
1,2,3,0,-1.98322464678955812e-14
1,3,3,0,-1.98267797172540020e-14
1,4,3,0,-1.97889020979186842e-14
1,5,3,0,-1.96578830416373890e-14
1,6,3,0,-1.93515755991194999e-14
1,7,3,0,-1.88154342366936289e-14
1,8,3,0,-1.80747327234399499e-14
1,9,3,0,-1.72357482832504599e-14
1,10,3,0,-1.64217191277529762e-14
1,11,3,0,-1.56944888264924295e-14
1,12,3,0,-1.50281483356782056e-14
1,13,3,0,-1.43479402214515342e-14
1,14,3,0,-1.35886861455541443e-14
1,15,3,0,-1.27244753701295267e-14
1,16,3,0,-1.17630438470849551e-14
1,17,3,0,-1.07256732792201936e-14
1,18,3,0,-9.62280250057720443e-15
1,19,3,0,-8.42235860860820335e-15
1,20,3,0,-7.02495499244710705e-15
1,21,3,0,-5.28369750431518029e-15
1,22,3,0,-3.08610652156415637e-15
1,23,3,0,-4.52526875614577126e-16
1,24,3,0,2.43512845555604682e-15
1,25,3,0,5.32220997484446519e-15
1,26,3,0,8.04039926543924366e-15
1,27,3,0,1.06197856904839336e-14
1,28,3,0,1.32587100613911282e-14
1,29,3,0,1.61616562960233828e-14
1,30,3,0,1.93637203575172320e-14
1,31,3,0,2.26797272910757297e-14
1,32,3,0,2.58224007904398964e-14
1,33,3,0,2.85985360284728152e-14
1,34,3,0,3.10271556711039231e-14
1,35,3,0,3.32857656368257260e-14
1,36,3,0,3.55309890938491219e-14
1,37,3,0,3.77422194246333081e-14
1,38,3,0,3.97139156141975563e-14
1,39,3,0,4.11935297071203133e-14
1,40,3,0,4.20424566200446742e-14
1,41,3,0,4.22919823619104240e-14
1,42,3,0,4.20696802589694274e-14
1,43,3,0,4.14807009812938332e-14
1,44,3,0,4.05490528307406173e-14
1,45,3,0,3.92513543098337719e-14
1,46,3,0,3.75866533535405833e-14
1,47,3,0,3.56014249656110005e-14
1,48,3,0,3.33464403009034460e-14
1,49,3,0,3.08176742588525676e-14
1,50,3,0,2.79514079389682132e-14
1,51,3,0,2.46895501276617885e-14
1,52,3,0,2.10596581948392647e-14
1,53,3,0,1.71940200521369241e-14
1,54,3,0,1.32638947500612718e-14
1,55,3,0,9.38228071894076782e-15
1,56,3,0,5.55855842514977987e-15
1,57,3,0,1.73987470684553412e-15
1,58,3,0,-2.10641423872620290e-15
1,59,3,0,-5.94768239650309005e-15
1,60,3,0,-9.70989273414799708e-15
1,61,3,0,-1.33275433468168017e-14
1,62,3,0,-1.67578692350685288e-14
1,63,3,0,-1.99537956958265733e-14
1,0,4,0,-1.91786673754646905e-14
1,1,4,0,-1.91789045446899217e-14
1,2,4,0,-1.91819453929705647e-14
1,3,4,0,-1.92006783736320408e-14
1,4,4,0,-1.92739314769764872e-14
1,5,4,0,-1.94768602423478834e-14
1,6,4,0,-1.98973290914308126e-14
1,7,4,0,-2.05621788042578690e-14
1,8,4,0,-2.13482592606277499e-14
1,9,4,0,-2.19589327461484213e-14
1,10,4,0,-2.20263938381995428e-14
1,11,4,0,-2.13069664044491028e-14
1,12,4,0,-1.98427903340230027e-14
1,13,4,0,-1.79604222390761931e-14
1,14,4,0,-1.60854063901115507e-14
1,15,4,0,-1.44925118048888982e-14
1,16,4,0,-1.31667138129898387e-14
1,17,4,0,-1.18695726397622867e-14
1,18,4,0,-1.03523384255201772e-14
1,19,4,0,-8.55236884864931865e-15
1,20,4,0,-6.63223409568328148e-15
1,21,4,0,-4.84614357716965823e-15
1,22,4,0,-3.34511522079089171e-15
1,23,4,0,-2.06663481866606238e-15
1,24,4,0,-7.80288286257878371e-16
1,25,4,0,7.56188346023921407e-16
1,26,4,0,2.64721131774665712e-15
1,27,4,0,4.81464750405895432e-15
1,28,4,0,7.07370766779222282e-15
1,29,4,0,9.26066118727515361e-15
1,30,4,0,1.13145678536010624e-14
1,31,4,0,1.32584364697491651e-14
1,32,4,0,1.51072934002037529e-14
1,33,4,0,1.67876898770095637e-14
1,34,4,0,1.81388480353494169e-14
1,35,4,0,1.89936770738502458e-14
1,36,4,0,1.92715801135149092e-14
1,37,4,0,1.90095369187546354e-14
1,38,4,0,1.83136603890696539e-14
1,39,4,0,1.72796313661818107e-14
1,40,4,0,1.59515226684026415e-14
1,41,4,0,1.43489685194495009e-14
1,42,4,0,1.25299855940116250e-14
1,43,4,0,1.06264882621955568e-14
1,44,4,0,8.81638901830848407e-15
1,45,4,0,7.25268234141526746e-15
1,46,4,0,6.00406048595586266e-15
1,47,4,0,5.04605648173235555e-15
1,48,4,0,4.29768212052597347e-15
1,49,4,0,3.66963556574064279e-15
1,50,4,0,3.09549842288331205e-15
1,51,4,0,2.53804359392215476e-15
1,52,4,0,1.97451278587210555e-15
1,53,4,0,1.36715532846081638e-15
1,54,4,0,6.32479395835667656e-16
1,55,4,0,-3.65003781737957924e-16
1,56,4,0,-1.77153563374359739e-15
1,57,4,0,-3.66529240430359636e-15
1,58,4,0,-5.99247561633626559e-15
1,59,4,0,-8.57633818699072084e-15
1,60,4,0,-1.12051938772539036e-14
1,61,4,0,-1.37369092880271215e-14
1,62,4,0,-1.61401704582833302e-14
1,63,4,0,-1.84484301072413912e-14
1,0,5,0,-2.35973841514061991e-14
1,1,5,0,-2.35972435439369549e-14
1,2,5,0,-2.35963456890128653e-14
1,3,5,0,-2.35939401154426631e-14
1,4,5,0,-2.35911025550693612e-14
1,5,5,0,-2.35934590007286227e-14
1,6,5,0,-2.36126578495110886e-14
1,7,5,0,-2.36664410535299477e-14
1,8,5,0,-2.37792641480383260e-14
1,9,5,0,-2.39818066663857743e-14
1,10,5,0,-2.43013345991444085e-14
1,11,5,0,-2.47366671823857562e-14
1,12,5,0,-2.52280140544290307e-14
1,13,5,0,-2.56485930177951030e-14
1,14,5,0,-2.58389213210431443e-14
1,15,5,0,-2.56719372458214315e-14
1,16,5,0,-2.51065359772656080e-14
1,17,5,0,-2.41923502579529867e-14
1,18,5,0,-2.30262823511153542e-14
1,19,5,0,-2.16948329553922140e-14
1,20,5,0,-2.02371383810785038e-14
1,21,5,0,-1.86398409185960234e-14
1,22,5,0,-1.68542514200707011e-14
1,23,5,0,-1.48222295440030016e-14
1,24,5,0,-1.25020326597192859e-14
1,25,5,0,-9.88693193748656565e-15
1,26,5,0,-7.00917053347502317e-15
1,27,5,0,-3.92718779181457436e-15
1,28,5,0,-7.05908682033142953e-16
1,29,5,0,2.59254232902320688e-15
1,30,5,0,5.89800518469604622e-15
1,31,5,0,9.11018070199774363e-15
1,32,5,0,1.20859870166869186e-14
1,33,5,0,1.46505427418581330e-14
1,34,5,0,1.66287255097324546e-14
1,35,5,0,1.78826968017702440e-14
1,36,5,0,1.83410415761225964e-14
1,37,5,0,1.80115694765631967e-14
1,38,5,0,1.69767781240228247e-14
1,39,5,0,1.53758587486578849e-14
1,40,5,0,1.33778731975097050e-14
1,41,5,0,1.11481140210043309e-14
1,42,5,0,8.81268240213129925e-15
1,43,5,0,6.43884334481444227e-15
1,44,5,0,4.05351682666692248e-15
1,45,5,0,1.69832392913444805e-15
1,46,5,0,-5.19085083483484741e-16
1,47,5,0,-2.42633455949765268e-15
1,48,5,0,-3.84913116462624882e-15
1,49,5,0,-4.69442727082220422e-15
1,50,5,0,-5.00260115043936818e-15
1,51,5,0,-4.94679777284130762e-15
1,52,5,0,-4.78611054054948332e-15
1,53,5,0,-4.78646544735438287e-15
1,54,5,0,-5.12952437890421518e-15
1,55,5,0,-5.85045106097129529e-15
1,56,5,0,-6.85156650111120452e-15
1,57,5,0,-7.99614264097815372e-15
1,58,5,0,-9.21832478650548917e-15
1,59,5,0,-1.05620231256788738e-14
1,60,5,0,-1.21190958405291947e-14
1,61,5,0,-1.39254825390084519e-14
1,62,5,0,-1.59072990782264945e-14
1,63,5,0,-1.79168152888856472e-14
1,0,6,0,-3.55955601094842117e-14
1,1,6,0,-3.55958785938723793e-14
1,2,6,0,-3.55976946325112925e-14
1,3,6,0,-3.56005982614544803e-14
1,4,6,0,-3.55924904620833621e-14
1,5,6,0,-3.55344043306924512e-14
1,6,6,0,-3.53553822232243603e-14
1,7,6,0,-3.49728350391900061e-14
1,8,6,0,-3.43331083235785123e-14
1,9,6,0,-3.34421584120749710e-14
1,10,6,0,-3.23555980998643106e-14
1,11,6,0,-3.11289520907049450e-14
1,12,6,0,-2.97660150922005734e-14
1,13,6,0,-2.82099969333695841e-14
1,14,6,0,-2.63896994127975695e-14
1,15,6,0,-2.42887155022962140e-14
1,16,6,0,-2.19832798611842989e-14
1,17,6,0,-1.96139305020043633e-14
1,18,6,0,-1.73082610797990061e-14
1,19,6,0,-1.51167852514106846e-14
1,20,6,0,-1.30155599365193615e-14
1,21,6,0,-1.09697221060489972e-14
1,22,6,0,-8.99906014371334648e-15
1,23,6,0,-7.19019248573158146e-15
1,24,6,0,-5.64869924788010888e-15
1,25,6,0,-4.43113766708004564e-15
1,26,6,0,-3.50908894091806270e-15
1,27,6,0,-2.79099897219133725e-15
1,28,6,0,-2.18013977469698039e-15
1,29,6,0,-1.61709336361364224e-15
1,30,6,0,-1.07430988645275827e-15
1,31,6,0,-5.20350762464919479e-16
1,32,6,0,1.01459565185810620e-16
1,33,6,0,8.54639938395354397e-16
1,34,6,0,1.76427571435268079e-15
1,35,6,0,2.78138514824000094e-15
1,36,6,0,3.79099167015966090e-15
1,37,6,0,4.66783340089373458e-15
1,38,6,0,5.34118647747827691e-15
1,39,6,0,5.81707288065179233e-15
1,40,6,0,6.14602617253099878e-15
1,41,6,0,6.37732080075652068e-15
1,42,6,0,6.54398850917243396e-15
1,43,6,0,6.67653688343999678e-15
1,44,6,0,6.80961846494785618e-15
1,45,6,0,6.96500708263813120e-15
1,46,6,0,7.13342772573838727e-15
1,47,6,0,7.28193462424869473e-15
1,48,6,0,7.38022178634924197e-15
1,49,6,0,7.41482562334342191e-15
1,50,6,0,7.37421378165436722e-15
1,51,6,0,7.21915762439588951e-15
1,52,6,0,6.86686179855624905e-15
1,53,6,0,6.20694901726226433e-15
1,54,6,0,5.14502338777307437e-15
1,55,6,0,3.64605374497260944e-15
1,56,6,0,1.74193543212708543e-15
1,57,6,0,-5.06760436463579451e-16
1,58,6,0,-3.06003315338177449e-15
1,59,6,0,-5.90854947433994138e-15
1,60,6,0,-9.03398415916158853e-15
1,61,6,0,-1.23648649912738717e-14
1,62,6,0,-1.57802458302042439e-14
1,63,6,0,-1.91585655895604515e-14
1,0,7,0,-3.51038574836030903e-14
1,1,7,0,-3.51043961965575441e-14
1,2,7,0,-3.51092920469926739e-14
1,3,7,0,-3.51298783357427424e-14
1,4,7,0,-3.51819302044174137e-14
1,5,7,0,-3.52632284266948814e-14
1,6,7,0,-3.53154259850364804e-14
1,7,7,0,-3.51978578119575836e-14
1,8,7,0,-3.47038986903049768e-14
1,9,7,0,-3.36229457362051398e-14
1,10,7,0,-3.18181794117539801e-14
1,11,7,0,-2.92785035853424663e-14
1,12,7,0,-2.61206089039161399e-14
1,13,7,0,-2.25465516889107251e-14
1,14,7,0,-1.87787932854613024e-14
1,15,7,0,-1.49963253078498615e-14
1,16,7,0,-1.12965438395164382e-14
1,17,7,0,-7.70075853534805607e-15
1,18,7,0,-4.19470790161179455e-15
1,19,7,0,-7.72586586245409442e-16
1,20,7,0,2.53734754459774853e-15
1,21,7,0,5.66330251940724665e-15
1,22,7,0,8.48951307473241878e-15
1,23,7,0,1.08686651462109284e-14
1,24,7,0,1.26513882852427421e-14
1,25,7,0,1.37220379305721778e-14
1,26,7,0,1.40204290031650282e-14
1,27,7,0,1.35409092521642654e-14
1,28,7,0,1.23223617250135982e-14
1,29,7,0,1.04469215125423814e-14
1,30,7,0,8.04478604907307368e-15
1,31,7,0,5.28721184401333838e-15
1,32,7,0,2.36223555297242031e-15
1,33,7,0,-5.51421625036101724e-16
1,34,7,0,-3.29715621531735323e-15
1,35,7,0,-5.74345301204118482e-15
1,36,7,0,-7.79280052352849736e-15
1,37,7,0,-9.40459410787028785e-15
1,38,7,0,-1.06170463859325132e-14
1,39,7,0,-1.15356756400864305e-14
1,40,7,0,-1.22716684971863228e-14
1,41,7,0,-1.28613829994601338e-14
1,42,7,0,-1.32295916097633671e-14
1,43,7,0,-1.32309189103917146e-14
1,44,7,0,-1.27416811503871033e-14
1,45,7,0,-1.17415165047304870e-14
1,46,7,0,-1.03413125976457680e-14
1,47,7,0,-8.74955473063833075e-15
1,48,7,0,-7.19812918444735425e-15
1,49,7,0,-5.86722527794224583e-15
1,50,7,0,-4.84683263847224960e-15
1,51,7,0,-4.14245655667804490e-15
1,52,7,0,-3.70337204099683431e-15
1,53,7,0,-3.45613540567103923e-15
1,54,7,0,-3.34612615461343972e-15
1,55,7,0,-3.38114080258703799e-15
1,56,7,0,-3.64054167806835208e-15
1,57,7,0,-4.21965513949080183e-15
1,58,7,0,-5.14117574061017171e-15
1,59,7,0,-6.31585077274132885e-15
1,60,7,0,-7.59724348589705528e-15
1,61,7,0,-8.87670115228477927e-15
1,62,7,0,-1.01201734709413516e-14
1,63,7,0,-1.13181245449465832e-14
1,0,8,0,0.00000000000000000e0
1,1,8,0,0.00000000000000000e0
1,2,8,0,0.00000000000000000e0
1,3,8,0,0.00000000000000000e0
1,4,8,0,0.00000000000000000e0
1,5,8,0,0.00000000000000000e0
1,6,8,0,0.00000000000000000e0
1,7,8,0,0.00000000000000000e0
1,8,8,0,0.00000000000000000e0
1,9,8,0,0.00000000000000000e0
1,10,8,0,0.00000000000000000e0
1,11,8,0,0.00000000000000000e0
1,12,8,0,0.00000000000000000e0
1,13,8,0,0.00000000000000000e0
1,14,8,0,0.00000000000000000e0
1,15,8,0,0.00000000000000000e0
1,16,8,0,0.00000000000000000e0
1,17,8,0,0.00000000000000000e0
1,18,8,0,0.00000000000000000e0
1,19,8,0,0.00000000000000000e0
1,20,8,0,0.00000000000000000e0
1,21,8,0,0.00000000000000000e0
1,22,8,0,0.00000000000000000e0
1,23,8,0,0.00000000000000000e0
1,24,8,0,0.00000000000000000e0
1,25,8,0,0.00000000000000000e0
1,26,8,0,0.00000000000000000e0
1,27,8,0,0.00000000000000000e0
1,28,8,0,0.00000000000000000e0
1,29,8,0,0.00000000000000000e0
1,30,8,0,0.00000000000000000e0
1,31,8,0,0.00000000000000000e0
1,32,8,0,0.00000000000000000e0
1,33,8,0,0.00000000000000000e0
1,34,8,0,0.00000000000000000e0
1,35,8,0,0.00000000000000000e0
1,36,8,0,0.00000000000000000e0
1,37,8,0,0.00000000000000000e0
1,38,8,0,0.00000000000000000e0
1,39,8,0,0.00000000000000000e0
1,40,8,0,0.00000000000000000e0
1,41,8,0,0.00000000000000000e0
1,42,8,0,0.00000000000000000e0
1,43,8,0,0.00000000000000000e0
1,44,8,0,0.00000000000000000e0
1,45,8,0,0.00000000000000000e0
1,46,8,0,0.00000000000000000e0
1,47,8,0,0.00000000000000000e0
1,48,8,0,0.00000000000000000e0
1,49,8,0,0.00000000000000000e0
1,50,8,0,0.00000000000000000e0
1,51,8,0,0.00000000000000000e0
1,52,8,0,0.00000000000000000e0
1,53,8,0,0.00000000000000000e0
1,54,8,0,0.00000000000000000e0
1,55,8,0,0.00000000000000000e0
1,56,8,0,0.00000000000000000e0
1,57,8,0,0.00000000000000000e0
1,58,8,0,0.00000000000000000e0
1,59,8,0,0.00000000000000000e0
1,60,8,0,0.00000000000000000e0
1,61,8,0,0.00000000000000000e0
1,62,8,0,0.00000000000000000e0
1,63,8,0,0.00000000000000000e0
1,0,0,1,0.00000000000000000e0
1,1,0,1,0.00000000000000000e0
1,2,0,1,0.00000000000000000e0
1,3,0,1,0.00000000000000000e0
1,4,0,1,0.00000000000000000e0
1,5,0,1,0.00000000000000000e0
1,6,0,1,0.00000000000000000e0
1,7,0,1,0.00000000000000000e0
1,8,0,1,0.00000000000000000e0
1,9,0,1,0.00000000000000000e0
1,10,0,1,0.00000000000000000e0
1,11,0,1,0.00000000000000000e0
1,12,0,1,0.00000000000000000e0
1,13,0,1,0.00000000000000000e0
1,14,0,1,0.00000000000000000e0
1,15,0,1,0.00000000000000000e0
1,16,0,1,0.00000000000000000e0
1,17,0,1,0.00000000000000000e0
1,18,0,1,0.00000000000000000e0
1,19,0,1,0.00000000000000000e0
1,20,0,1,0.00000000000000000e0
1,21,0,1,0.00000000000000000e0
1,22,0,1,0.00000000000000000e0
1,23,0,1,0.00000000000000000e0
1,24,0,1,0.00000000000000000e0
1,25,0,1,0.00000000000000000e0
1,26,0,1,0.00000000000000000e0
1,27,0,1,0.00000000000000000e0
1,28,0,1,0.00000000000000000e0
1,29,0,1,0.00000000000000000e0
1,30,0,1,0.00000000000000000e0
1,31,0,1,0.00000000000000000e0
1,32,0,1,0.00000000000000000e0
1,33,0,1,0.00000000000000000e0
1,34,0,1,0.00000000000000000e0
1,35,0,1,0.00000000000000000e0
1,36,0,1,0.00000000000000000e0
1,37,0,1,0.00000000000000000e0
1,38,0,1,0.00000000000000000e0
1,39,0,1,0.00000000000000000e0
1,40,0,1,0.00000000000000000e0
1,41,0,1,0.00000000000000000e0
1,42,0,1,0.00000000000000000e0
1,43,0,1,0.00000000000000000e0
1,44,0,1,0.00000000000000000e0
1,45,0,1,0.00000000000000000e0
1,46,0,1,0.00000000000000000e0
1,47,0,1,0.00000000000000000e0
1,48,0,1,0.00000000000000000e0
1,49,0,1,0.00000000000000000e0
1,50,0,1,0.00000000000000000e0
1,51,0,1,0.00000000000000000e0
1,52,0,1,0.00000000000000000e0
1,53,0,1,0.00000000000000000e0
1,54,0,1,0.00000000000000000e0
1,55,0,1,0.00000000000000000e0
1,56,0,1,0.00000000000000000e0
1,57,0,1,0.00000000000000000e0
1,58,0,1,0.00000000000000000e0
1,59,0,1,0.00000000000000000e0
1,60,0,1,0.00000000000000000e0
1,61,0,1,0.00000000000000000e0
1,62,0,1,0.00000000000000000e0
1,63,0,1,0.00000000000000000e0
1,0,1,1,-1.98672573042209168e-15
1,1,1,1,-1.98680852789268579e-15
1,2,1,1,-1.98749568337114584e-15
1,3,1,1,-1.99093463713699830e-15
1,4,1,1,-2.00438996726236968e-15
1,5,1,1,-2.04674944967984680e-15
1,6,1,1,-2.15410960519490848e-15
1,7,1,1,-2.37620037341556515e-15
1,8,1,1,-2.75879139140493973e-15
1,9,1,1,-3.31829116965900572e-15
1,10,1,1,-4.02473761173453674e-15
1,11,1,1,-4.80699413786403809e-15
1,12,1,1,-5.57700553219155765e-15
1,13,1,1,-6.25344943200063091e-15
1,14,1,1,-6.76726766461808842e-15
1,15,1,1,-7.05016099889150052e-15
1,16,1,1,-7.02307712040304427e-15
1,17,1,1,-6.60232917396399478e-15
1,18,1,1,-5.72647762474526138e-15
1,19,1,1,-4.38827483533366265e-15
1,20,1,1,-2.65119300787346277e-15
1,21,1,1,-6.43921487464093169e-16
1,22,1,1,1.46161951323304975e-15
1,23,1,1,3.48522251707975191e-15
1,24,1,1,5.28084512086530143e-15
1,25,1,1,6.76736676747291717e-15
1,26,1,1,7.92924059067222006e-15
1,27,1,1,8.79405699465412444e-15
1,28,1,1,9.41076728398987719e-15
1,29,1,1,9.84073476054331611e-15
1,30,1,1,1.01577156652295567e-14
1,31,1,1,1.04492889696299572e-14
1,32,1,1,1.08090128509005443e-14
1,33,1,1,1.13074951284914890e-14
1,34,1,1,1.19502787860096236e-14
1,35,1,1,1.26559376992024450e-14
1,36,1,1,1.32788448815803102e-14
1,37,1,1,1.36608228594741095e-14
1,38,1,1,1.36744541606942729e-14
1,39,1,1,1.32399550578730235e-14
1,40,1,1,1.23251188172569109e-14
1,41,1,1,1.09449802736596991e-14
1,42,1,1,9.17095023376555615e-15
1,43,1,1,7.14679559971195463e-15
1,44,1,1,5.09117835034906575e-15
1,45,1,1,3.26180148361543236e-15
1,46,1,1,1.88586443519483862e-15
1,47,1,1,1.10208653201295014e-15
1,48,1,1,9.57157924188318469e-16
1,49,1,1,1.44606872947528964e-15
1,50,1,1,2.54267876996776710e-15
1,51,1,1,4.18758816617364853e-15
1,52,1,1,6.25565807041059650e-15
1,53,1,1,8.54481246772686304e-15
1,54,1,1,1.07973127848001206e-14
1,55,1,1,1.27347829140646643e-14
1,56,1,1,1.40915594419436553e-14
1,57,1,1,1.46477441450004048e-14
1,58,1,1,1.42634622374900738e-14
1,59,1,1,1.29014171646791610e-14
1,60,1,1,1.06219015787861748e-14
1,61,1,1,7.55355267944473122e-15
1,62,1,1,3.86272731397910123e-15
1,63,1,1,-2.60988029936011436e-16
1,0,2,1,9.44419501573679453e-16
1,1,2,1,9.44718080687586594e-16
1,2,2,1,9.48083660224383149e-16
1,3,2,1,9.65708192395258597e-16
1,4,2,1,1.02397040076007998e-15
1,5,2,1,1.16140774332007621e-15
1,6,2,1,1.40575101997716901e-15
1,7,2,1,1.73520437893261072e-15
1,8,2,1,2.04825505074359131e-15
1,9,2,1,2.17435411615075989e-15
1,10,2,1,1.93897784791065633e-15
1,11,2,1,1.25700652872515672e-15
1,12,2,1,1.98961395395355124e-16
1,13,2,1,-1.01621676704003253e-15
1,14,2,1,-2.10405800482517825e-15
1,15,2,1,-2.82706902321721437e-15
1,16,2,1,-3.07163792827563203e-15
1,17,2,1,-2.84860504765939177e-15
1,18,2,1,-2.22877767707774319e-15
1,19,2,1,-1.26636359581435657e-15
1,20,2,1,3.31374509089153268e-17
1,21,2,1,1.67758210395943996e-15
1,22,2,1,3.61221435521332651e-15
1,23,2,1,5.66594526220268006e-15
1,24,2,1,7.57479457169597456e-15
1,25,2,1,9.08166957299316388e-15
1,26,2,1,1.00488228035964383e-14
1,27,2,1,1.05056852702910958e-14
1,28,2,1,1.06055402903770107e-14
1,29,2,1,1.05343403948967088e-14
1,30,2,1,1.04412904375090348e-14
1,31,2,1,1.04260514677549827e-14
1,32,2,1,1.05630234715895811e-14
1,33,2,1,1.09205408320325707e-14
1,34,2,1,1.15514177474111517e-14
1,35,2,1,1.24617189736276647e-14
1,36,2,1,1.35822156608700687e-14
1,37,2,1,1.47677416085720270e-14
1,38,2,1,1.58336021296176868e-14
1,39,2,1,1.66105176894982762e-14
1,40,2,1,1.69843861739550628e-14
1,41,2,1,1.69044635331839360e-14
1,42,2,1,1.63737736748065937e-14
1,43,2,1,1.54432012560963908e-14
1,44,2,1,1.42128825120777305e-14
1,45,2,1,1.28298022230547044e-14
1,46,2,1,1.14724996877154685e-14
1,47,2,1,1.03226126512692348e-14
1,48,2,1,9.52980251813341853e-15
1,49,2,1,9.18122304934985631e-15
1,50,2,1,9.28657785436229344e-15
1,51,2,1,9.78271385068934379e-15
1,52,2,1,1.05535883715901155e-14
1,53,2,1,1.14584609636476757e-14
1,54,2,1,1.23602435795136523e-14
1,55,2,1,1.31440463642883663e-14
1,56,2,1,1.37175300212268904e-14
1,57,2,1,1.39941786050966702e-14
1,58,2,1,1.38756244856671693e-14
1,59,2,1,1.32580773277795293e-14
1,60,2,1,1.20742564574003938e-14
1,61,2,1,1.03468183118029210e-14
1,62,2,1,8.20625170464342468e-15
1,63,2,1,5.84871633749531848e-15
1,0,3,1,3.36302975586708335e-15
1,1,3,1,3.36306808410794661e-15
1,2,3,1,3.36316549289688085e-15
1,3,3,1,3.36208721995502613e-15
1,4,3,1,3.35396883267206729e-15
1,5,3,1,3.32680745066893727e-15
1,6,3,1,3.27264414061499784e-15
1,7,3,1,3.21274980563993583e-15
1,8,3,1,3.22030279843060242e-15
1,9,3,1,3.41049112948410994e-15
1,10,3,1,3.88685928264637624e-15
1,11,3,1,4.67214479859525897e-15
1,12,3,1,5.67348554949913784e-15
1,13,3,1,6.71176413668335588e-15
1,14,3,1,7.59916540365437529e-15
1,15,3,1,8.21698361208513667e-15
1,16,3,1,8.55030124122507090e-15
1,17,3,1,8.66708506179481031e-15
1,18,3,1,8.66056290810095220e-15
1,19,3,1,8.59005080337382071e-15
1,20,3,1,8.45341253052044050e-15
1,21,3,1,8.20510566906578961e-15
1,22,3,1,7.80459291622017173e-15
1,23,3,1,7.25823803051630842e-15
1,24,3,1,6.62297306095447659e-15
1,25,3,1,5.97160768913123502e-15
1,26,3,1,5.35233936029477428e-15
1,27,3,1,4.77886586775161729e-15
1,28,3,1,4.25949279306606608e-15
1,29,3,1,3.84054902680466825e-15
1,30,3,1,3.62831814560652527e-15
1,31,3,1,3.76866091705472216e-15
1,32,3,1,4.39159859261868853e-15
1,33,3,1,5.55295572572016630e-15
1,34,3,1,7.21049586547726704e-15
1,35,3,1,9.24973192115673137e-15
1,36,3,1,1.15388003446288516e-14
1,37,3,1,1.39719016385838821e-14
1,38,3,1,1.64738387590634278e-14
1,39,3,1,1.89722386699552395e-14
1,40,3,1,2.13703735968146652e-14
1,41,3,1,2.35503450237133788e-14
1,42,3,1,2.54056758269838312e-14
1,43,3,1,2.68728791931634181e-14
1,44,3,1,2.79334999683973628e-14
1,45,3,1,2.85889577799052635e-14
1,46,3,1,2.88353630523933285e-14
1,47,3,1,2.86595528938612260e-14
1,48,3,1,2.80527351023164562e-14
1,49,3,1,2.70237018797515188e-14
1,50,3,1,2.56012303235164315e-14
1,51,3,1,2.38284276343628601e-14
1,52,3,1,2.17555821583692924e-14
1,53,3,1,1.94353522398006337e-14
1,54,3,1,1.69238673639396375e-14
1,55,3,1,1.42903809445538155e-14
1,56,3,1,1.16296242994311412e-14
1,57,3,1,9.06257067409847392e-15
1,58,3,1,6.71701489392338529e-15
1,59,3,1,4.69616030023228652e-15
1,60,3,1,3.05399486725903540e-15
1,61,3,1,1.79058741643059634e-15
1,62,3,1,8.66274888837957873e-16
1,63,3,1,2.23460420496366871e-16
1,0,4,1,-8.18198844586932525e-15
1,1,4,1,-8.18194694125490979e-15
1,2,4,1,-8.18169706653546977e-15
1,3,4,1,-8.18134215973057022e-15
1,4,4,1,-8.18227304893960269e-15
1,5,4,1,-8.18509451568690677e-15
1,6,4,1,-8.17674954709055740e-15
1,7,4,1,-8.10514815799325689e-15
1,8,4,1,-7.85748927674325554e-15
1,9,4,1,-7.27161437481934833e-15
1,10,4,1,-6.19680410365299958e-15
1,11,4,1,-4.58238344662529988e-15
1,12,4,1,-2.53835445501379708e-15
1,13,4,1,-3.16601142758294999e-16
1,14,4,1,1.78957034161918074e-15
1,15,4,1,3.56967043137158477e-15
1,16,4,1,4.96426782737842756e-15
1,17,4,1,6.03534353028033210e-15
1,18,4,1,6.86738272381881044e-15
1,19,4,1,7.47709863859261081e-15
1,20,4,1,7.80063896642238866e-15
1,21,4,1,7.76717947093994929e-15
1,22,4,1,7.40116044080536828e-15
1,23,4,1,6.87054978000859427e-15
1,24,4,1,6.43584738928000381e-15
1,25,4,1,6.32946598033549447e-15
1,26,4,1,6.65052450162981722e-15
1,27,4,1,7.34891544861872303e-15
1,28,4,1,8.30142686769575963e-15
1,29,4,1,9.41130260881254191e-15
1,30,4,1,1.06516578462232184e-14
1,31,4,1,1.20294357089964325e-14
1,32,4,1,1.35170381696447447e-14
1,33,4,1,1.50204962400327102e-14
1,34,4,1,1.64119104862237714e-14
1,35,4,1,1.75938619548883166e-14
1,36,4,1,1.85402976066346981e-14
1,37,4,1,1.92878702511565039e-14
1,38,4,1,1.98995398474231464e-14
1,39,4,1,2.04414190110337179e-14
1,40,4,1,2.09879839609085003e-14
1,41,4,1,2.16314799731352758e-14
1,42,4,1,2.24633696653585638e-14
1,43,4,1,2.35280138470919664e-14
1,44,4,1,2.47849853298289305e-14
1,45,4,1,2.61154606376627282e-14
1,46,4,1,2.73692184773978095e-14
1,47,4,1,2.84120634192006755e-14
1,48,4,1,2.91373506268802207e-14
1,49,4,1,2.94443899058645375e-14
1,50,4,1,2.92181880632343821e-14
1,51,4,1,2.83393710516673114e-14
1,52,4,1,2.67224478357969489e-14
1,53,4,1,2.43564391745609843e-14
1,54,4,1,2.13215116542193536e-14
1,55,4,1,1.77742528675991704e-14
1,56,4,1,1.39173569519454414e-14
1,57,4,1,9.97525799212740233e-15
1,58,4,1,6.17859035418819036e-15
1,59,4,1,2.74059797073086461e-15
1,60,4,1,-1.82315781848599431e-16
1,61,4,1,-2.52388988513177221e-15
1,62,4,1,-4.30450285333373872e-15
1,63,4,1,-5.59126575537505742e-15
1,0,5,1,-1.87783037004177894e-14
1,1,5,1,-1.87783443579992576e-14
1,2,5,1,-1.87785578103019657e-14
1,3,5,1,-1.87781749514098067e-14
1,4,5,1,-1.87714579801380801e-14
1,5,5,1,-1.87419354937944788e-14
1,6,5,1,-1.86630699501415254e-14
1,7,5,1,-1.85131502006751977e-14
1,8,5,1,-1.82982494716273092e-14
1,9,5,1,-1.80618849276959967e-14
1,10,5,1,-1.78635182817785121e-14
1,11,5,1,-1.77324060518730189e-14
1,12,5,1,-1.76283768534230348e-14
1,13,5,1,-1.74429850581915916e-14
1,14,5,1,-1.70483083623525558e-14
1,15,5,1,-1.63647629383137025e-14
1,16,5,1,-1.54019202583790052e-14
1,17,5,1,-1.42439330458581787e-14
1,18,5,1,-1.29901481010687853e-14
1,19,5,1,-1.16900761938437334e-14
1,20,5,1,-1.03106008770442216e-14
1,21,5,1,-8.75058048753745571e-15
1,22,5,1,-6.89259974169151822e-15
1,23,5,1,-4.66296465551291686e-15
1,24,5,1,-2.06381546950112644e-15
1,25,5,1,8.44669090056750400e-16
1,26,5,1,3.99817381147569463e-15
1,27,5,1,7.37120257952687818e-15
1,28,5,1,1.09647872920982936e-14
1,29,5,1,1.47393964980251091e-14
1,30,5,1,1.85453882746476964e-14
1,31,5,1,2.21149189455829842e-14
1,32,5,1,2.51344914526567889e-14
1,33,5,1,2.73515239591296672e-14
1,34,5,1,2.86397966973994667e-14
1,35,5,1,2.89859587341515651e-14
1,36,5,1,2.84286008904628684e-14
1,37,5,1,2.70167595977158226e-14
1,38,5,1,2.48248043486793551e-14
1,39,5,1,2.19996597843183025e-14
1,40,5,1,1.87829657697594771e-14
1,41,5,1,1.54700589767879301e-14
1,42,5,1,1.23211360683389212e-14
1,43,5,1,9.48580254465534664e-15
1,44,5,1,6.99871348822469520e-15
1,45,5,1,4.84582721036385874e-15
1,46,5,1,3.03821676103405592e-15
1,47,5,1,1.62676330349773414e-15
1,48,5,1,6.51699738079170206e-16
1,49,5,1,8.21282748611075583e-17
1,50,5,1,-1.98602385774617309e-16
1,51,5,1,-3.56176692575943250e-16
1,52,5,1,-5.53206058758170518e-16
1,53,5,1,-9.12821678630186626e-16
1,54,5,1,-1.49993494272297962e-15
1,55,5,1,-2.31208844963788716e-15
1,56,5,1,-3.28609248271855437e-15
1,57,5,1,-4.33080830854366827e-15
1,58,5,1,-5.37297265937341541e-15
1,59,5,1,-6.38225053250954071e-15
1,60,5,1,-7.35853096663595385e-15
1,61,5,1,-8.30338266677096981e-15
1,62,5,1,-9.20940383550500688e-15
1,63,5,1,-1.00712988228518312e-14
1,0,6,1,-1.96168646241336522e-14
1,1,6,1,-1.96169171401763820e-14
1,2,6,1,-1.96167274047961970e-14
1,3,6,1,-1.96130733046617420e-14
1,4,6,1,-1.95947502879467370e-14
1,5,6,1,-1.95404503938300528e-14
1,6,6,1,-1.94284607797417727e-14
1,7,6,1,-1.92589711810620817e-14
1,8,6,1,-1.90738318016489203e-14
1,9,6,1,-1.89521199433920554e-14
1,10,6,1,-1.89736074751980024e-14
1,11,6,1,-1.91679913721974973e-14
1,12,6,1,-1.94839075564690392e-14
1,13,6,1,-1.98016482497089669e-14
1,14,6,1,-1.99832012916234536e-14
1,15,6,1,-1.99277867021481828e-14
1,16,6,1,-1.95986720504925244e-14
1,17,6,1,-1.90065638331097728e-14
1,18,6,1,-1.81660970852625878e-14
1,19,6,1,-1.70659368120508123e-14
1,20,6,1,-1.56844226869472594e-14
1,21,6,1,-1.40388595930643345e-14
1,22,6,1,-1.22184417938138098e-14
1,23,6,1,-1.03614914635482072e-14
1,24,6,1,-8.58740890761133455e-15
1,25,6,1,-6.93399551237325676e-15
1,26,6,1,-5.34926547772918842e-15
1,27,6,1,-3.74704548327373967e-15
1,28,6,1,-2.08425988023252986e-15
1,29,6,1,-3.95950183405452990e-16
1,30,6,1,1.23999090736423871e-15
1,31,6,1,2.77043618860555504e-15
1,32,6,1,4.20058546323279214e-15
1,33,6,1,5.56437669446446966e-15
1,34,6,1,6.86193333735264990e-15
1,35,6,1,8.01897949626907691e-15
1,36,6,1,8.90168015389930858e-15
1,37,6,1,9.37557221799851376e-15
1,38,6,1,9.36042303373687060e-15
1,39,6,1,8.83616893169276649e-15
1,40,6,1,7.80589057069536532e-15
1,41,6,1,6.27172416783764244e-15
1,42,6,1,4.26387872966694885e-15
1,43,6,1,1.89103027738190578e-15
1,44,6,1,-6.59421131607662797e-16
1,45,6,1,-3.19393339223315517e-15
1,46,6,1,-5.59746137786774900e-15
1,47,6,1,-7.84983125186712941e-15
1,48,6,1,-9.96010541973397015e-15
1,49,6,1,-1.18830396165906828e-14
1,50,6,1,-1.34930298677877689e-14
1,51,6,1,-1.46360788072508186e-14
1,52,6,1,-1.52176211356495200e-14
1,53,6,1,-1.52632236954637970e-14
1,54,6,1,-1.49164839822416712e-14
1,55,6,1,-1.43869359242772277e-14
1,56,6,1,-1.38896293284170719e-14
1,57,6,1,-1.36066559495301442e-14
1,58,6,1,-1.36678761028258960e-14
1,59,6,1,-1.41336273332690401e-14
1,60,6,1,-1.49790034840785111e-14
1,61,6,1,-1.61002447132815515e-14
1,62,6,1,-1.73561540167026587e-14
1,63,6,1,-1.86240386719320472e-14
1,0,7,1,-1.73028637858591017e-14
1,1,7,1,-1.73029281603630930e-14
1,2,7,1,-1.73038175449577100e-14
1,3,7,1,-1.73094503140569511e-14
1,4,7,1,-1.73311123346500326e-14
1,5,7,1,-1.73878957293680664e-14
1,6,7,1,-1.74951622877424565e-14
1,7,7,1,-1.76428933040730790e-14
1,8,7,1,-1.77808546423900704e-14
1,9,7,1,-1.78284002957853488e-14
1,10,7,1,-1.77085722388031774e-14
1,11,7,1,-1.73845973830714581e-14
1,12,7,1,-1.68732114055620414e-14
1,13,7,1,-1.62283194830381908e-14
1,14,7,1,-1.55081229433716439e-14
1,15,7,1,-1.47427050087170844e-14
1,16,7,1,-1.39161490829626568e-14
1,17,7,1,-1.29723205986279240e-14
1,18,7,1,-1.18398426303466080e-14
1,19,7,1,-1.04600615346531374e-14
1,20,7,1,-8.80865984266478858e-15
1,21,7,1,-6.91303779967581723e-15
1,22,7,1,-4.86248453678808819e-15
1,23,7,1,-2.79782902236152230e-15
1,24,7,1,-8.76369668684657014e-16
1,25,7,1,7.69613553540106051e-16
1,26,7,1,2.05555838057305471e-15
1,27,7,1,2.94405083773837447e-15
1,28,7,1,3.44089431833461898e-15
1,29,7,1,3.60301261279082942e-15
1,30,7,1,3.54393566460986780e-15
1,31,7,1,3.41108066441539893e-15
1,32,7,1,3.33678782812819787e-15
1,33,7,1,3.39786800922941591e-15
1,34,7,1,3.61378729539637775e-15
1,35,7,1,3.97677140648094660e-15
1,36,7,1,4.47713663831363767e-15
1,37,7,1,5.09290502701204364e-15
1,38,7,1,5.75151210701783586e-15
1,39,7,1,6.30844346961758999e-15
1,40,7,1,6.58026269513859938e-15
1,41,7,1,6.41700683543422641e-15
1,42,7,1,5.75786739522108487e-15
1,43,7,1,4.63278953028345604e-15
1,44,7,1,3.12504399087472611e-15
1,45,7,1,1.33276060272548985e-15
1,46,7,1,-6.51469398057076239e-16
1,47,7,1,-2.74518613644790434e-15
1,48,7,1,-4.87105100450014455e-15
1,49,7,1,-6.94973465508266254e-15
1,50,7,1,-8.89949396186244523e-15
1,51,7,1,-1.06412994803112455e-14
1,52,7,1,-1.20992947513212309e-14
1,53,7,1,-1.31991771977263070e-14
1,54,7,1,-1.38852162867618770e-14
1,55,7,1,-1.41619275510697536e-14
1,56,7,1,-1.41255678147759155e-14
1,57,7,1,-1.39403073096512967e-14
1,58,7,1,-1.37635823555361594e-14
1,59,7,1,-1.36822138295240696e-14
1,60,7,1,-1.37103065242527057e-14
1,61,7,1,-1.38281321953475679e-14
1,62,7,1,-1.40000070388067270e-14
1,63,7,1,-1.41547311591498810e-14
1,0,8,1,0.00000000000000000e0
1,1,8,1,0.00000000000000000e0
1,2,8,1,0.00000000000000000e0
1,3,8,1,0.00000000000000000e0
1,4,8,1,0.00000000000000000e0
1,5,8,1,0.00000000000000000e0
1,6,8,1,0.00000000000000000e0
1,7,8,1,0.00000000000000000e0
1,8,8,1,0.00000000000000000e0
1,9,8,1,0.00000000000000000e0
1,10,8,1,0.00000000000000000e0
1,11,8,1,0.00000000000000000e0
1,12,8,1,0.00000000000000000e0
1,13,8,1,0.00000000000000000e0
1,14,8,1,0.00000000000000000e0
1,15,8,1,0.00000000000000000e0
1,16,8,1,0.00000000000000000e0
1,17,8,1,0.00000000000000000e0
1,18,8,1,0.00000000000000000e0
1,19,8,1,0.00000000000000000e0
1,20,8,1,0.00000000000000000e0
1,21,8,1,0.00000000000000000e0
1,22,8,1,0.00000000000000000e0
1,23,8,1,0.00000000000000000e0
1,24,8,1,0.00000000000000000e0
1,25,8,1,0.00000000000000000e0
1,26,8,1,0.00000000000000000e0
1,27,8,1,0.00000000000000000e0
1,28,8,1,0.00000000000000000e0
1,29,8,1,0.00000000000000000e0
1,30,8,1,0.00000000000000000e0
1,31,8,1,0.00000000000000000e0
1,32,8,1,0.00000000000000000e0
1,33,8,1,0.00000000000000000e0
1,34,8,1,0.00000000000000000e0
1,35,8,1,0.00000000000000000e0
1,36,8,1,0.00000000000000000e0
1,37,8,1,0.00000000000000000e0
1,38,8,1,0.00000000000000000e0
1,39,8,1,0.00000000000000000e0
1,40,8,1,0.00000000000000000e0
1,41,8,1,0.00000000000000000e0
1,42,8,1,0.00000000000000000e0
1,43,8,1,0.00000000000000000e0
1,44,8,1,0.00000000000000000e0
1,45,8,1,0.00000000000000000e0
1,46,8,1,0.00000000000000000e0
1,47,8,1,0.00000000000000000e0
1,48,8,1,0.00000000000000000e0
1,49,8,1,0.00000000000000000e0
1,50,8,1,0.00000000000000000e0
1,51,8,1,0.00000000000000000e0
1,52,8,1,0.00000000000000000e0
1,53,8,1,0.00000000000000000e0
1,54,8,1,0.00000000000000000e0
1,55,8,1,0.00000000000000000e0
1,56,8,1,0.00000000000000000e0
1,57,8,1,0.00000000000000000e0
1,58,8,1,0.00000000000000000e0
1,59,8,1,0.00000000000000000e0
1,60,8,1,0.00000000000000000e0
1,61,8,1,0.00000000000000000e0
1,62,8,1,0.00000000000000000e0
1,63,8,1,0.00000000000000000e0
1,0,0,2,0.00000000000000000e0
1,1,0,2,0.00000000000000000e0
1,2,0,2,0.00000000000000000e0
1,3,0,2,0.00000000000000000e0
1,4,0,2,0.00000000000000000e0
1,5,0,2,0.00000000000000000e0
1,6,0,2,0.00000000000000000e0
1,7,0,2,0.00000000000000000e0
1,8,0,2,0.00000000000000000e0
1,9,0,2,0.00000000000000000e0
1,10,0,2,0.00000000000000000e0
1,11,0,2,0.00000000000000000e0
1,12,0,2,0.00000000000000000e0
1,13,0,2,0.00000000000000000e0
1,14,0,2,0.00000000000000000e0
1,15,0,2,0.00000000000000000e0
1,16,0,2,0.00000000000000000e0
1,17,0,2,0.00000000000000000e0
1,18,0,2,0.00000000000000000e0
1,19,0,2,0.00000000000000000e0
1,20,0,2,0.00000000000000000e0
1,21,0,2,0.00000000000000000e0
1,22,0,2,0.00000000000000000e0
1,23,0,2,0.00000000000000000e0
1,24,0,2,0.00000000000000000e0
1,25,0,2,0.00000000000000000e0
1,26,0,2,0.00000000000000000e0
1,27,0,2,0.00000000000000000e0
1,28,0,2,0.00000000000000000e0
1,29,0,2,0.00000000000000000e0
1,30,0,2,0.00000000000000000e0
1,31,0,2,0.00000000000000000e0
1,32,0,2,0.00000000000000000e0
1,33,0,2,0.00000000000000000e0
1,34,0,2,0.00000000000000000e0
1,35,0,2,0.00000000000000000e0
1,36,0,2,0.00000000000000000e0
1,37,0,2,0.00000000000000000e0
1,38,0,2,0.00000000000000000e0
1,39,0,2,0.00000000000000000e0
1,40,0,2,0.00000000000000000e0
1,41,0,2,0.00000000000000000e0
1,42,0,2,0.00000000000000000e0
1,43,0,2,0.00000000000000000e0
1,44,0,2,0.00000000000000000e0
1,45,0,2,0.00000000000000000e0
1,46,0,2,0.00000000000000000e0
1,47,0,2,0.00000000000000000e0
1,48,0,2,0.00000000000000000e0
1,49,0,2,0.00000000000000000e0
1,50,0,2,0.00000000000000000e0
1,51,0,2,0.00000000000000000e0
1,52,0,2,0.00000000000000000e0
1,53,0,2,0.00000000000000000e0
1,54,0,2,0.00000000000000000e0
1,55,0,2,0.00000000000000000e0
1,56,0,2,0.00000000000000000e0
1,57,0,2,0.00000000000000000e0
1,58,0,2,0.00000000000000000e0
1,59,0,2,0.00000000000000000e0
1,60,0,2,0.00000000000000000e0
1,61,0,2,0.00000000000000000e0
1,62,0,2,0.00000000000000000e0
1,63,0,2,0.00000000000000000e0
1,0,1,2,-1.23426684928910728e-14
1,1,1,2,-1.23429920594769239e-14
1,2,1,2,-1.23454171148049130e-14
1,3,1,2,-1.23543329836077118e-14
1,4,1,2,-1.23763473699068510e-14
1,5,1,2,-1.24186913939730408e-14
1,6,1,2,-1.24891679233163876e-14
1,7,1,2,-1.25977973577029098e-14
1,8,1,2,-1.27546094142610457e-14
1,9,1,2,-1.29582166530231926e-14
1,10,1,2,-1.31810532337539067e-14
1,11,1,2,-1.33671302786396787e-14
1,12,1,2,-1.34491425496916818e-14
1,13,1,2,-1.33701685858214799e-14
1,14,1,2,-1.30887257954702407e-14
1,15,1,2,-1.25647266503432602e-14
1,16,1,2,-1.17464462364835071e-14
1,17,1,2,-1.05794000065917958e-14
1,18,1,2,-9.03563333230989266e-15
1,19,1,2,-7.13893598099438198e-15
1,20,1,2,-4.96552778888746833e-15
1,21,1,2,-2.62691577305573364e-15
1,22,1,2,-2.55914249642398973e-16
1,23,1,2,2.00011372142815634e-15
1,24,1,2,3.99257704127671184e-15
1,25,1,2,5.59700186249386354e-15
1,26,1,2,6.73999066261765818e-15
1,27,1,2,7.41703892043459739e-15
1,28,1,2,7.69477848274044071e-15
1,29,1,2,7.69107440766209766e-15
1,30,1,2,7.53587001963785044e-15
1,31,1,2,7.33295311272771574e-15
1,32,1,2,7.14235630003539484e-15
1,33,1,2,6.98350797627205963e-15
1,34,1,2,6.84738724054945180e-15
1,35,1,2,6.70847934291390370e-15
1,36,1,2,6.52846197173278901e-15
1,37,1,2,6.24741855741618030e-15
1,38,1,2,5.77669947873738973e-15
1,39,1,2,5.01779353338132131e-15
1,40,1,2,3.90728378810351919e-15
1,41,1,2,2.45657300043992076e-15
1,42,1,2,7.61432803456405611e-16
1,43,1,2,-1.01339350034771554e-15
1,44,1,2,-2.66209516893757287e-15
1,45,1,2,-3.97829648930247796e-15
1,46,1,2,-4.80149011777277965e-15
1,47,1,2,-5.04237146489532571e-15
1,48,1,2,-4.67027793797951049e-15
1,49,1,2,-3.68659951809177829e-15
1,50,1,2,-2.12232130571740184e-15
1,51,1,2,-5.89720352095102923e-17
1,52,1,2,2.36647092946692863e-15
1,53,1,2,4.99073506588128268e-15
1,54,1,2,7.65378462919217434e-15
1,55,1,2,1.01936103804353521e-14
1,56,1,2,1.24252796162367847e-14
1,57,1,2,1.41523865719518811e-14
1,58,1,2,1.52193744938503364e-14
1,59,1,2,1.55594717747000941e-14
1,60,1,2,1.51973313084309905e-14
1,61,1,2,1.42177681981174933e-14
1,62,1,2,1.27407646607381742e-14
1,63,1,2,1.09158025297256302e-14
1,0,2,2,-3.69011978702056716e-15
1,1,2,2,-3.69005075383536593e-15
1,2,2,2,-3.68942987868502853e-15
1,3,2,2,-3.68748509103813266e-15
1,4,2,2,-3.68637039567954600e-15
1,5,2,2,-3.69786039760905058e-15
1,6,2,2,-3.74737455557374796e-15
1,7,2,2,-3.86911478943434591e-15
1,8,2,2,-4.09663546236337626e-15
1,9,2,2,-4.45851461896825188e-15
1,10,2,2,-4.97756328003500469e-15
1,11,2,2,-5.66011979310793861e-15
1,12,2,2,-6.47145538383315372e-15
1,13,2,2,-7.31699162386965571e-15
1,14,2,2,-8.05605921056808116e-15
1,15,2,2,-8.54957956915401024e-15
1,16,2,2,-8.70946635531067923e-15
1,17,2,2,-8.51474788029701890e-15
1,18,2,2,-7.99218530304858163e-15
1,19,2,2,-7.19036443341987408e-15
1,20,2,2,-6.17436365978139140e-15
1,21,2,2,-5.04160913524279684e-15
1,22,2,2,-3.93689013070889875e-15
1,23,2,2,-3.04242333840835759e-15
1,24,2,2,-2.53679972603911182e-15
1,25,2,2,-2.54240623711698803e-15
1,26,2,2,-3.09424015544016578e-15
1,27,2,2,-4.14794448314330551e-15
1,28,2,2,-5.60989158636870586e-15
1,29,2,2,-7.35179536063938766e-15
1,30,2,2,-9.19460955804826327e-15
1,31,2,2,-1.08935916317827279e-14
1,32,2,2,-1.21723081443416044e-14
1,33,2,2,-1.28092548978202096e-14
1,34,2,2,-1.27206239113183614e-14
1,35,2,2,-1.19753628197096125e-14
1,36,2,2,-1.07325571159825293e-14
1,37,2,2,-9.15132702147651578e-15
1,38,2,2,-7.33847492051086653e-15
1,39,2,2,-5.36392888859558124e-15
1,40,2,2,-3.31564652103944098e-15
1,41,2,2,-1.32923546335725427e-15
1,42,2,2,4.47914622398099850e-16
1,43,2,2,1.92871456144701279e-15
1,44,2,2,3.12528010130877325e-15
1,45,2,2,4.12136882442320183e-15
1,46,2,2,5.01282314404683307e-15
1,47,2,2,5.87213256332216361e-15
1,48,2,2,6.75445502074144624e-15
1,49,2,2,7.71599157587147741e-15
1,50,2,2,8.80832018245293960e-15
1,51,2,2,1.00429105136246033e-14
1,52,2,2,1.13563714706469039e-14
1,53,2,2,1.26166175827579531e-14
1,54,2,2,1.36806917113178536e-14
1,55,2,2,1.44669551268043414e-14
1,56,2,2,1.49830658540935427e-14
1,57,2,2,1.52853786892321805e-14
1,58,2,2,1.54094232762257838e-14
1,59,2,2,1.53411388681499311e-14
1,60,2,2,1.50570541820362058e-14
1,61,2,2,1.45874506457489492e-14
1,62,2,2,1.40313506459869251e-14
1,63,2,2,1.35068822446071657e-14
1,0,3,2,1.33402725579481393e-14
1,1,3,2,1.33408155060673293e-14
1,2,3,2,1.33458672105647540e-14
1,3,3,2,1.33690488082652097e-14
1,4,3,2,1.34395719244206555e-14
1,5,3,2,1.36006725087907399e-14
1,6,3,2,1.38972543190082551e-14
1,7,3,2,1.43572931592551162e-14
1,8,3,2,1.49753358314168999e-14
1,9,3,2,1.57053020490970779e-14
1,10,3,2,1.64679332453551708e-14
1,11,3,2,1.71738996315078454e-14
1,12,3,2,1.77533379300655672e-14
1,13,3,2,1.81733561576205571e-14
1,14,3,2,1.84287060980316275e-14
1,15,3,2,1.85109038692990793e-14
1,16,3,2,1.83809537685972191e-14
1,17,3,2,1.79682810107608185e-14
1,18,3,2,1.71930188591932695e-14
1,19,3,2,1.59875181805291602e-14
1,20,3,2,1.42998711016948526e-14
1,21,3,2,1.20873753036874684e-14
1,22,3,2,9.31974427644498282e-15
1,23,3,2,5.99652824547240379e-15
1,24,3,2,2.16161876403055467e-15
1,25,3,2,-2.10108682500444698e-15
1,26,3,2,-6.68366170107582633e-15
1,27,3,2,-1.14594960379092205e-14
1,28,3,2,-1.62692955488945648e-14
1,29,3,2,-2.09051627733918693e-14
1,30,3,2,-2.51173305651454168e-14
1,31,3,2,-2.86484296571978825e-14
1,32,3,2,-3.12766305909928377e-14
1,33,3,2,-3.28448883759116517e-14
1,34,3,2,-3.32690553708422931e-14
1,35,3,2,-3.25343457686574911e-14
1,36,3,2,-3.06922523962867289e-14
1,37,3,2,-2.78586561371779728e-14
1,38,3,2,-2.42025197355177218e-14
1,39,3,2,-1.99185032210462756e-14
1,40,3,2,-1.51950392372757204e-14
1,41,3,2,-1.02014335767361929e-14
1,42,3,2,-5.10396939488555294e-15
1,43,3,2,-9.12494829791664873e-17
1,44,3,2,4.62336501819583107e-15
1,45,3,2,8.83307641440234104e-15
1,46,3,2,1.23814338027551131e-14
1,47,3,2,1.51875226669017857e-14
1,48,3,2,1.72391126981169540e-14
1,49,3,2,1.85639450724561436e-14
1,50,3,2,1.91999719481540307e-14
1,51,3,2,1.91803089253164694e-14
1,52,3,2,1.85366858581476057e-14
1,53,3,2,1.73155658919361272e-14
1,54,3,2,1.55978745544627095e-14
1,55,3,2,1.35117679306469285e-14
1,56,3,2,1.12273531061870234e-14
1,57,3,2,8.92951196248019038e-15
1,58,3,2,6.78102009154970924e-15
1,59,3,2,4.89784308013827170e-15
1,60,3,2,3.34976394936366013e-15
1,61,3,2,2.18026005337549050e-15
1,62,3,2,1.42655774905176046e-15
1,63,3,2,1.12126632255410289e-15
1,0,4,2,-1.63699145926989031e-14
1,1,4,2,-1.63700416476409913e-14
1,2,4,2,-1.63707040274057442e-14
1,3,4,2,-1.63711089091545317e-14
1,4,4,2,-1.63626114746276766e-14
1,5,4,2,-1.63144661219057421e-14
1,6,4,2,-1.61549867585967025e-14
1,7,4,2,-1.57573589999694327e-14
1,8,4,2,-1.49424252132842814e-14
1,9,4,2,-1.35097841794844589e-14
1,10,4,2,-1.13005121888743246e-14
1,11,4,2,-8.27634622212755980e-15
1,12,4,2,-4.57755408827652949e-15
1,13,4,2,-5.15501922358362237e-16
1,14,4,2,3.51489302243088598e-15
1,15,4,2,7.16314333559396263e-15
1,16,4,2,1.02153418577301085e-14
1,17,4,2,1.25949775850215002e-14
1,18,4,2,1.42861491679493330e-14
1,19,4,2,1.52530660763603235e-14
1,20,4,2,1.54263334419847686e-14
1,21,4,2,1.47623781959500128e-14
1,22,4,2,1.33161956464224358e-14
1,23,4,2,1.12585586469968191e-14
1,24,4,2,8.82129672720487548e-15
1,25,4,2,6.21732728844849765e-15
1,26,4,2,3.59807949290602037e-15
1,27,4,2,1.07007736869444694e-15
1,28,4,2,-1.26288398446703590e-15
1,29,4,2,-3.28360961739191520e-15
1,30,4,2,-4.89049422228789339e-15
1,31,4,2,-6.04181020331614506e-15
1,32,4,2,-6.76798594855736006e-15
1,33,4,2,-7.13425527692785472e-15
1,34,4,2,-7.18257765953576530e-15
1,35,4,2,-6.90029503601732354e-15
1,36,4,2,-6.23815116994027100e-15
1,37,4,2,-5.15725581408084735e-15
1,38,4,2,-3.66182549845048451e-15
1,39,4,2,-1.79015860600104885e-15
1,40,4,2,4.23582145150341980e-16
1,41,4,2,2.97435640604171245e-15
1,42,4,2,5.86475278876921052e-15
1,43,4,2,9.04806438784379677e-15
1,44,4,2,1.23863508290139243e-14
1,45,4,2,1.56660911999027819e-14
1,46,4,2,1.86609489796416006e-14
1,47,4,2,2.11862963967173606e-14
1,48,4,2,2.31035690253546255e-14
1,49,4,2,2.42904485317062963e-14
1,50,4,2,2.46305779998080496e-14
1,51,4,2,2.40519867341975821e-14
1,52,4,2,2.25846224317580169e-14
1,53,4,2,2.03781812252576064e-14
1,54,4,2,1.76527121099976508e-14
1,55,4,2,1.46173712375777601e-14
1,56,4,2,1.14255232404607450e-14
1,57,4,2,8.20106955707212287e-15
1,58,4,2,5.09805668139724430e-15
1,59,4,2,2.31747324984181956e-15
1,60,4,2,4.67981699803836181e-17
1,61,4,2,-1.62978371710852457e-15
1,62,4,2,-2.76687992077650786e-15
1,63,4,2,-3.50515108474627746e-15
1,0,5,2,-2.02821649584886479e-14
1,1,5,2,-2.02825528995784904e-14
1,2,5,2,-2.02858952915883559e-14
1,3,5,2,-2.02992123435850880e-14
1,4,5,2,-2.03306355718623280e-14
1,5,5,2,-2.03738545809630314e-14
1,6,5,2,-2.03848609270796538e-14
1,7,5,2,-2.02687801438561355e-14
1,8,5,2,-1.98933192374585108e-14
1,9,5,2,-1.91269627902983935e-14
1,10,5,2,-1.78813788185043163e-14
1,11,5,2,-1.61354745076237524e-14
1,12,5,2,-1.39325120654377153e-14
1,13,5,2,-1.13594851637610107e-14
1,14,5,2,-8.52619298948031901e-15
1,15,5,2,-5.55432707206177101e-15
1,16,5,2,-2.57159478072113441e-15
1,17,5,2,3.01302695409477869e-16
1,18,5,2,2.97410759011345650e-15
1,19,5,2,5.40953144840985826e-15
1,20,5,2,7.62965520162374108e-15
1,21,5,2,9.70048050403810730e-15
1,22,5,2,1.17018363992834121e-14
1,23,5,2,1.36980245465175184e-14
1,24,5,2,1.57249498253415887e-14
1,25,5,2,1.77993657004193659e-14
1,26,5,2,1.99382153717947777e-14
1,27,5,2,2.21632032117082683e-14
1,28,5,2,2.44735516439142584e-14
1,29,5,2,2.67977422885442781e-14
1,30,5,2,2.89617268155965141e-14
1,31,5,2,3.07098503527988842e-14
1,32,5,2,3.17797613853983141e-14
1,33,5,2,3.19892360213860916e-14
1,34,5,2,3.12794359641141440e-14
1,35,5,2,2.96922554631536689e-14
1,36,5,2,2.73126163477304881e-14
1,37,5,2,2.42305514438741557e-14
1,38,5,2,2.05505371834308059e-14
1,39,5,2,1.64266945992851479e-14
1,40,5,2,1.20790845451997433e-14
1,41,5,2,7.76548794614428245e-15
1,42,5,2,3.72249338626462652e-15
1,43,5,2,1.15277412177717034e-16
1,44,5,2,-2.97391425484324571e-15
1,45,5,2,-5.52516499823722633e-15
1,46,5,2,-7.56200268012654012e-15
1,47,5,2,-9.15437041085600048e-15
1,48,5,2,-1.04233460445214525e-14
1,49,5,2,-1.15120069984413036e-14
1,50,5,2,-1.25221903497980437e-14
1,51,5,2,-1.34653310433796060e-14
1,52,5,2,-1.42756493475351687e-14
1,53,5,2,-1.48762041774679402e-14
1,54,5,2,-1.52346837673390106e-14
1,55,5,2,-1.53592196334420214e-14
1,56,5,2,-1.52502098812621820e-14
1,57,5,2,-1.48663989240705244e-14
1,58,5,2,-1.41388382799605486e-14
1,59,5,2,-1.30127621866945806e-14
1,60,5,2,-1.14787075921858953e-14
1,61,5,2,-9.58002140751023148e-15
1,62,5,2,-7.40970869730905868e-15
1,63,5,2,-5.10342898786520470e-15
1,0,6,2,2.80776572468444010e-16
1,1,6,2,2.81286433363131896e-16
1,2,6,2,2.86124182632036027e-16
1,3,6,2,3.08257788818501336e-16
1,4,6,2,3.73043262607924107e-16
1,5,6,2,5.07363153345110089e-16
1,6,6,2,7.09718106834300762e-16
1,7,6,2,9.16211292726861522e-16
1,8,6,2,9.92247111061275115e-16
1,9,6,2,7.70174236411629194e-16
1,10,6,2,1.23018962443376318e-16
1,11,6,2,-9.63629679421814950e-16
1,12,6,2,-2.36501233873175672e-15
1,13,6,2,-3.85552033414738801e-15
1,14,6,2,-5.19276216468032674e-15
1,15,6,2,-6.20156908749777865e-15
1,16,6,2,-6.81405141187731156e-15
1,17,6,2,-7.04843432222852263e-15
1,18,6,2,-6.94699153888297949e-15
1,19,6,2,-6.52126092113170658e-15
1,20,6,2,-5.74552781924548422e-15
1,21,6,2,-4.59523759511635752e-15
1,22,6,2,-3.08538019081188580e-15
1,23,6,2,-1.26762546314752866e-15
1,24,6,2,8.11453063607087436e-16
1,25,6,2,3.14950312601787810e-15
1,26,6,2,5.78137721818860160e-15
1,27,6,2,8.71876847113742595e-15
1,28,6,2,1.18785808351563361e-14
1,29,6,2,1.50615146575364470e-14
1,30,6,2,1.80042240068446074e-14
1,31,6,2,2.04634943837050595e-14
1,32,6,2,2.22668326106071485e-14
1,33,6,2,2.33038550479305884e-14
1,34,6,2,2.34892011033828799e-14
1,35,6,2,2.27459669616169105e-14
1,36,6,2,2.10325345058022875e-14
1,37,6,2,1.83913197578057172e-14
1,38,6,2,1.49684765586100346e-14
1,39,6,2,1.09696662018744784e-14
1,40,6,2,6.57794648354433249e-15
1,41,6,2,1.90773715523354960e-15
1,42,6,2,-2.96069376460250059e-15
1,43,6,2,-7.90760228700166171e-15
1,44,6,2,-1.27450387889900194e-14
1,45,6,2,-1.72638375898473070e-14
1,46,6,2,-2.13030531122327879e-14
1,47,6,2,-2.47722984703449556e-14
1,48,6,2,-2.76181004742236461e-14
1,49,6,2,-2.97836198249763068e-14
1,50,6,2,-3.12059948194554071e-14
1,51,6,2,-3.18478458936986147e-14
1,52,6,2,-3.17266896890551486e-14
1,53,6,2,-3.09128705977285839e-14
1,54,6,2,-2.94974141683626567e-14
1,55,6,2,-2.75591690039513754e-14
1,56,6,2,-2.51628026818858166e-14
1,57,6,2,-2.23902368406926275e-14
1,58,6,2,-1.93699867072610193e-14
1,59,6,2,-1.62631291490385535e-14
1,60,6,2,-1.32054681114255647e-14
1,61,6,2,-1.02552430387764168e-14
1,62,6,2,-7.39860324833760755e-15
1,63,6,2,-4.61115249716231856e-15
1,0,7,2,-5.64491470467177667e-15
1,1,7,2,-5.64482280159699958e-15
1,2,7,2,-5.64425232490702380e-15
1,3,7,2,-5.64412145831667302e-15
1,4,7,2,-5.65463271367562526e-15
1,5,7,2,-5.70955941217327761e-15
1,6,7,2,-5.87484518633574551e-15
1,7,7,2,-6.23707924974552068e-15
1,8,7,2,-6.87206427491828496e-15
1,9,7,2,-7.81071527036292582e-15
1,10,7,2,-9.02172589834892430e-15
1,11,7,2,-1.04163122829274528e-14
1,12,7,2,-1.18662141541264234e-14
1,13,7,2,-1.32255156872211795e-14
1,14,7,2,-1.43514960657641077e-14
1,15,7,2,-1.51201632188043347e-14
1,16,7,2,-1.54355559367144735e-14
1,17,7,2,-1.52375247158441016e-14
1,18,7,2,-1.45079786265057617e-14
1,19,7,2,-1.32682518875419479e-14
1,20,7,2,-1.15671581606699783e-14
1,21,7,2,-9.46988086634580756e-15
1,22,7,2,-7.05294434915617816e-15
1,23,7,2,-4.39974196737359137e-15
1,24,7,2,-1.59286155093770962e-15
1,25,7,2,1.29077699117835683e-15
1,26,7,2,4.17569624711067178e-15
1,27,7,2,6.98072504952385563e-15
1,28,7,2,9.62355805396615527e-15
1,29,7,2,1.20393459944793078e-14
1,30,7,2,1.41930009547397776e-14
1,31,7,2,1.60640374429182192e-14
1,32,7,2,1.76128609038952305e-14
1,33,7,2,1.87641192866830689e-14
1,34,7,2,1.94312797053902350e-14
1,35,7,2,1.95664187299269751e-14
1,36,7,2,1.91913084951695137e-14
1,37,7,2,1.83786769440349995e-14
1,38,7,2,1.71971100283285078e-14
1,39,7,2,1.56688660798379870e-14
1,40,7,2,1.37786019437568727e-14
1,41,7,2,1.15195904844180713e-14
1,42,7,2,8.92875810315713406e-15
1,43,7,2,6.08271088324021346e-15
1,44,7,2,3.07354968163758499e-15
1,45,7,2,-2.37022648826659698e-18
1,46,7,2,-3.03432316233376471e-15
1,47,7,2,-5.88217371539538972e-15
1,48,7,2,-8.37770303162895663e-15
1,49,7,2,-1.03559857493910543e-14
1,50,7,2,-1.17103668680952101e-14
1,51,7,2,-1.24350543764480993e-14
1,52,7,2,-1.26150395603772184e-14
1,53,7,2,-1.23684674223985443e-14
1,54,7,2,-1.17976781772652362e-14
1,55,7,2,-1.09935813301072563e-14
1,56,7,2,-1.00705525868253001e-14
1,57,7,2,-9.17073169926516454e-15
1,58,7,2,-8.41987002580917021e-15
1,59,7,2,-7.88533717895013517e-15
1,60,7,2,-7.58635995955778478e-15
1,61,7,2,-7.53564894403861707e-15
1,62,7,2,-7.74851594698014803e-15
1,63,7,2,-8.20328116009740385e-15
1,0,8,2,0.00000000000000000e0
1,1,8,2,0.00000000000000000e0
1,2,8,2,0.00000000000000000e0
1,3,8,2,0.00000000000000000e0
1,4,8,2,0.00000000000000000e0
1,5,8,2,0.00000000000000000e0
1,6,8,2,0.00000000000000000e0
1,7,8,2,0.00000000000000000e0
1,8,8,2,0.00000000000000000e0
1,9,8,2,0.00000000000000000e0
1,10,8,2,0.00000000000000000e0
1,11,8,2,0.00000000000000000e0
1,12,8,2,0.00000000000000000e0
1,13,8,2,0.00000000000000000e0
1,14,8,2,0.00000000000000000e0
1,15,8,2,0.00000000000000000e0
1,16,8,2,0.00000000000000000e0
1,17,8,2,0.00000000000000000e0
1,18,8,2,0.00000000000000000e0
1,19,8,2,0.00000000000000000e0
1,20,8,2,0.00000000000000000e0
1,21,8,2,0.00000000000000000e0
1,22,8,2,0.00000000000000000e0
1,23,8,2,0.00000000000000000e0
1,24,8,2,0.00000000000000000e0
1,25,8,2,0.00000000000000000e0
1,26,8,2,0.00000000000000000e0
1,27,8,2,0.00000000000000000e0
1,28,8,2,0.00000000000000000e0
1,29,8,2,0.00000000000000000e0
1,30,8,2,0.00000000000000000e0
1,31,8,2,0.00000000000000000e0
1,32,8,2,0.00000000000000000e0
1,33,8,2,0.00000000000000000e0
1,34,8,2,0.00000000000000000e0
1,35,8,2,0.00000000000000000e0
1,36,8,2,0.00000000000000000e0
1,37,8,2,0.00000000000000000e0
1,38,8,2,0.00000000000000000e0
1,39,8,2,0.00000000000000000e0
1,40,8,2,0.00000000000000000e0
1,41,8,2,0.00000000000000000e0
1,42,8,2,0.00000000000000000e0
1,43,8,2,0.00000000000000000e0
1,44,8,2,0.00000000000000000e0
1,45,8,2,0.00000000000000000e0
1,46,8,2,0.00000000000000000e0
1,47,8,2,0.00000000000000000e0
1,48,8,2,0.00000000000000000e0
1,49,8,2,0.00000000000000000e0
1,50,8,2,0.00000000000000000e0
1,51,8,2,0.00000000000000000e0
1,52,8,2,0.00000000000000000e0
1,53,8,2,0.00000000000000000e0
1,54,8,2,0.00000000000000000e0
1,55,8,2,0.00000000000000000e0
1,56,8,2,0.00000000000000000e0
1,57,8,2,0.00000000000000000e0
1,58,8,2,0.00000000000000000e0
1,59,8,2,0.00000000000000000e0
1,60,8,2,0.00000000000000000e0
1,61,8,2,0.00000000000000000e0
1,62,8,2,0.00000000000000000e0
1,63,8,2,0.00000000000000000e0
1,0,0,3,0.00000000000000000e0
1,1,0,3,0.00000000000000000e0
1,2,0,3,0.00000000000000000e0
1,3,0,3,0.00000000000000000e0
1,4,0,3,0.00000000000000000e0
1,5,0,3,0.00000000000000000e0
1,6,0,3,0.00000000000000000e0
1,7,0,3,0.00000000000000000e0
1,8,0,3,0.00000000000000000e0
1,9,0,3,0.00000000000000000e0
1,10,0,3,0.00000000000000000e0
1,11,0,3,0.00000000000000000e0
1,12,0,3,0.00000000000000000e0
1,13,0,3,0.00000000000000000e0
1,14,0,3,0.00000000000000000e0
1,15,0,3,0.00000000000000000e0
1,16,0,3,0.00000000000000000e0
1,17,0,3,0.00000000000000000e0
1,18,0,3,0.00000000000000000e0
1,19,0,3,0.00000000000000000e0
1,20,0,3,0.00000000000000000e0
1,21,0,3,0.00000000000000000e0
1,22,0,3,0.00000000000000000e0
1,23,0,3,0.00000000000000000e0
1,24,0,3,0.00000000000000000e0
1,25,0,3,0.00000000000000000e0
1,26,0,3,0.00000000000000000e0
1,27,0,3,0.00000000000000000e0
1,28,0,3,0.00000000000000000e0
1,29,0,3,0.00000000000000000e0
1,30,0,3,0.00000000000000000e0
1,31,0,3,0.00000000000000000e0
1,32,0,3,0.00000000000000000e0
1,33,0,3,0.00000000000000000e0
1,34,0,3,0.00000000000000000e0
1,35,0,3,0.00000000000000000e0
1,36,0,3,0.00000000000000000e0
1,37,0,3,0.00000000000000000e0
1,38,0,3,0.00000000000000000e0
1,39,0,3,0.00000000000000000e0
1,40,0,3,0.00000000000000000e0
1,41,0,3,0.00000000000000000e0
1,42,0,3,0.00000000000000000e0
1,43,0,3,0.00000000000000000e0
1,44,0,3,0.00000000000000000e0
1,45,0,3,0.00000000000000000e0
1,46,0,3,0.00000000000000000e0
1,47,0,3,0.00000000000000000e0
1,48,0,3,0.00000000000000000e0
1,49,0,3,0.00000000000000000e0
1,50,0,3,0.00000000000000000e0
1,51,0,3,0.00000000000000000e0
1,52,0,3,0.00000000000000000e0
1,53,0,3,0.00000000000000000e0
1,54,0,3,0.00000000000000000e0
1,55,0,3,0.00000000000000000e0
1,56,0,3,0.00000000000000000e0
1,57,0,3,0.00000000000000000e0
1,58,0,3,0.00000000000000000e0
1,59,0,3,0.00000000000000000e0
1,60,0,3,0.00000000000000000e0
1,61,0,3,0.00000000000000000e0
1,62,0,3,0.00000000000000000e0
1,63,0,3,0.00000000000000000e0
1,0,1,3,8.52630733892819834e-15
1,1,1,3,8.52589568091583275e-15
1,2,1,3,8.52215179528896874e-15
1,3,1,3,8.50437342075904823e-15
1,4,1,3,8.44548599620003476e-15
1,5,1,3,8.29274901515113932e-15
1,6,1,3,7.96322355251606259e-15
1,7,1,3,7.35009536551424827e-15
1,8,1,3,6.34352715077638948e-15
1,9,1,3,4.86327227742903469e-15
1,10,1,3,2.88946591703493922e-15
1,11,1,3,4.72985421208287852e-16
1,12,1,3,-2.27978240127137133e-15
1,13,1,3,-5.23031918204510879e-15
1,14,1,3,-8.21671256154201529e-15
1,15,1,3,-1.10442965807911603e-14
1,16,1,3,-1.34784956294458323e-14
1,17,1,3,-1.52642977332409155e-14
1,18,1,3,-1.61742296530924257e-14
1,19,1,3,-1.60571764760454594e-14
1,20,1,3,-1.48582504671179380e-14
1,21,1,3,-1.26105384272955090e-14
1,22,1,3,-9.42310431886663608e-15
1,23,1,3,-5.47688242617783670e-15
1,24,1,3,-1.01683817158596196e-15
1,25,1,3,3.67060499494877533e-15
1,26,1,3,8.29149794748804472e-15
1,27,1,3,1.25810811624888462e-14
1,28,1,3,1.63335125047577023e-14
1,29,1,3,1.94119334728749468e-14
1,30,1,3,2.17352957192825519e-14
1,31,1,3,2.32579102868056206e-14
1,32,1,3,2.39615083688377722e-14
1,33,1,3,2.38636642049686390e-14
1,34,1,3,2.30328316098635244e-14
1,35,1,3,2.15966160970262888e-14
1,36,1,3,1.97282426804340147e-14
1,37,1,3,1.76058017313128132e-14
1,38,1,3,1.53665498565675601e-14
1,39,1,3,1.30925620076883555e-14
1,40,1,3,1.08355910507194897e-14
1,41,1,3,8.64855028684299171e-15
1,42,1,3,6.59140880169151872e-15
1,43,1,3,4.71331102334829159e-15
1,44,1,3,3.03189027195101355e-15
1,45,1,3,1.52208157204100896e-15
1,46,1,3,1.19023005105365351e-16
1,47,1,3,-1.25821312715852047e-15
1,48,1,3,-2.66528530677516938e-15
1,49,1,3,-4.09962421811776306e-15
1,50,1,3,-5.50150779153688735e-15
1,51,1,3,-6.77784583557987375e-15
1,52,1,3,-7.81096260398352407e-15
1,53,1,3,-8.44396557205971329e-15
1,54,1,3,-8.48203292677521606e-15
1,55,1,3,-7.74046998101417943e-15
1,56,1,3,-6.10993918084617657e-15
1,57,1,3,-3.58035066980351424e-15
1,58,1,3,-2.09527522607421681e-16
1,59,1,3,3.91746639467893676e-15
1,60,1,3,8.69272729020703974e-15
1,61,1,3,1.39629603587926657e-14
1,62,1,3,1.95250411704536025e-14
1,63,1,3,2.51573410134419209e-14
1,0,2,3,2.33767519739207143e-15
1,1,2,3,2.33748440322070240e-15
1,2,2,3,2.33590172215875774e-15
1,3,2,3,2.32842263299273908e-15
1,4,2,3,2.30260633930984889e-15
1,5,2,3,2.23385966300303218e-15
1,6,2,3,2.08903926363741225e-15
1,7,2,3,1.83960267198936094e-15
1,8,2,3,1.47208428765902141e-15
1,9,2,3,9.83778052138152993e-16
1,10,2,3,3.72733486777245449e-16
1,11,2,3,-3.54360468648572818e-16
1,12,2,3,-1.15105033032016904e-15
1,13,2,3,-1.90569728813832443e-15
1,14,2,3,-2.45806420194356195e-15
1,15,2,3,-2.65815201880986729e-15
1,16,2,3,-2.42409923954984858e-15
1,17,2,3,-1.75547218329451162e-15
1,18,2,3,-7.03076309736642979e-16
1,19,2,3,6.63513306594525933e-16
1,20,2,3,2.25478984712968594e-15
1,21,2,3,3.92998003592519816e-15
1,22,2,3,5.47203231552185858e-15
1,23,2,3,6.60398851150766596e-15
1,24,2,3,7.04802351124910430e-15
1,25,2,3,6.59154305641365852e-15
1,26,2,3,5.11903684046778606e-15
1,27,2,3,2.60084748707103530e-15
1,28,2,3,-9.29640682468223234e-16
1,29,2,3,-5.37081780755560047e-15
1,30,2,3,-1.05156641654426987e-14
1,31,2,3,-1.60252314754727107e-14
1,32,2,3,-2.14620801599479938e-14
1,33,2,3,-2.63840276801827547e-14
1,34,2,3,-3.04400059845943982e-14
1,35,2,3,-3.34039809430763251e-14
1,36,2,3,-3.51373661069964704e-14
1,37,2,3,-3.55302030472740699e-14
1,38,2,3,-3.44819963869150842e-14
1,39,2,3,-3.19427305244500415e-14
1,40,2,3,-2.79788179251413624e-14
1,41,2,3,-2.28029045163313446e-14
1,42,2,3,-1.67341641710066699e-14
1,43,2,3,-1.01180025254975388e-14
1,44,2,3,-3.27025889583552973e-15
1,45,2,3,3.52022954175682488e-15
1,46,2,3,9.96094398235175191e-15
1,47,2,3,1.57518414273510182e-14
1,48,2,3,2.06268751807691525e-14
1,49,2,3,2.44089111715774937e-14
1,50,2,3,2.70330107718418436e-14
1,51,2,3,2.85222522412430929e-14
1,52,2,3,2.89420790393520033e-14
1,53,2,3,2.83787343667921133e-14
1,54,2,3,2.69648771356306022e-14
1,55,2,3,2.49244391401989840e-14
1,56,2,3,2.25780054103740663e-14
1,57,2,3,2.02799999422754659e-14
1,58,2,3,1.83260033531770436e-14
1,59,2,3,1.69020630418114173e-14
1,60,2,3,1.61074444933332131e-14
1,61,2,3,1.60087126389353573e-14
1,62,2,3,1.66566115284219607e-14
1,63,2,3,1.80477106783566432e-14
1,0,3,3,6.68795192295366936e-15
1,1,3,3,6.68836103986719319e-15
1,2,3,3,6.69226755581993002e-15
1,3,3,3,6.70995021562681079e-15
1,4,3,3,6.76073407597944237e-15
1,5,3,3,6.86452610520419532e-15
1,6,3,3,7.02271882546635570e-15
1,7,3,3,7.19987237825280360e-15
1,8,3,3,7.32121323607877114e-15
1,9,3,3,7.29370922924847676e-15
1,10,3,3,7.04655687370093348e-15
1,11,3,3,6.57546340645945651e-15
1,12,3,3,5.96771514922212788e-15
1,13,3,3,5.38835054253081723e-15
1,14,3,3,5.02568364528499512e-15
1,15,3,3,5.01962058344854883e-15
1,16,3,3,5.41023745037139472e-15
1,17,3,3,6.13130219880887728e-15
1,18,3,3,7.04123665975922922e-15
1,19,3,3,7.96122201366170068e-15
1,20,3,3,8.69740968833946151e-15
1,21,3,3,9.04904694606261176e-15
1,22,3,3,8.81788911365807143e-15
1,23,3,3,7.82617362165031680e-15
1,24,3,3,5.93743541542368115e-15
1,25,3,3,3.07397616272652753e-15
1,26,3,3,-7.67281671836314962e-16
1,27,3,3,-5.49931185862113057e-15
1,28,3,3,-1.09393873151089789e-14
1,29,3,3,-1.68255522497518309e-14
1,30,3,3,-2.28524423912185651e-14
1,31,3,3,-2.87076880821877933e-14
1,32,3,3,-3.40931201726988459e-14
1,33,3,3,-3.87332276441301054e-14
1,34,3,3,-4.23856269364270705e-14
1,35,3,3,-4.48631203801147516e-14
1,36,3,3,-4.60613975618046761e-14
1,37,3,3,-4.59745123102071190e-14
1,38,3,3,-4.46835832766147301e-14
1,39,3,3,-4.23226652833917638e-14
1,40,3,3,-3.90434890364457776e-14
1,41,3,3,-3.50015291273111928e-14
1,42,3,3,-3.03664936891680920e-14
1,43,3,3,-2.53365833494762979e-14
1,44,3,3,-2.01301615079720747e-14
1,45,3,3,-1.49484154302872638e-14
1,46,3,3,-9.93265562301230004e-15
1,47,3,3,-5.15028007424373456e-15
1,48,3,3,-6.22521623568186898e-16
1,49,3,3,3.62657876344933856e-15
1,50,3,3,7.53536010580360335e-15
1,51,3,3,1.10038177232748245e-14
1,52,3,3,1.39188485769655562e-14
1,53,3,3,1.61832302251899499e-14
1,54,3,3,1.77338477019492458e-14
1,55,3,3,1.85497216952058494e-14
1,56,3,3,1.86557854667951384e-14
1,57,3,3,1.81225985552892904e-14
1,58,3,3,1.70579306566333647e-14
1,59,3,3,1.55911525009932994e-14
1,60,3,3,1.38592555739614799e-14
1,61,3,3,1.20024602507252248e-14
1,62,3,3,1.01665459837046827e-14
1,63,3,3,8.49836202793238446e-15
1,0,4,3,-1.06283347940205712e-14
1,1,4,3,-1.06288320023606095e-14
1,2,4,3,-1.06332331855545428e-14
1,3,4,3,-1.06531901288248014e-14
1,4,4,3,-1.07148558214508090e-14
1,5,4,3,-1.08594934734580588e-14
1,6,4,3,-1.11295030130872594e-14
1,7,4,3,-1.15362219763374095e-14
1,8,4,3,-1.20212499825941670e-14
1,9,4,3,-1.24398841583133433e-14
1,10,4,3,-1.25950080782076014e-14
1,11,4,3,-1.23204042318724935e-14
1,12,4,3,-1.15678137641711531e-14
1,13,4,3,-1.04323313700259261e-14
1,14,4,3,-9.08664758562417740e-15
1,15,4,3,-7.66723635942751988e-15
1,16,4,3,-6.20120613387988018e-15
1,17,4,3,-4.63321262324060956e-15
1,18,4,3,-2.92872970578843868e-15
1,19,4,3,-1.16610231755111477e-15
1,20,4,3,4.59161843509097670e-16
1,21,4,3,1.72116194909567371e-15
1,22,4,3,2.47366676059022298e-15
1,23,4,3,2.70408449795709986e-15
1,24,4,3,2.50406656130894301e-15
1,25,4,3,1.99668577909061819e-15
1,26,4,3,1.28495363966598351e-15
1,27,4,3,4.53218848592924686e-16
1,28,4,3,-4.02032224073873689e-16
1,29,4,3,-1.16067505982070125e-15
1,30,4,3,-1.71074079686648565e-15
1,31,4,3,-1.99993690330041701e-15
1,32,4,3,-2.06030854134125682e-15
1,33,4,3,-1.98318894435083135e-15
1,34,4,3,-1.86790437209773206e-15
1,35,4,3,-1.79018592281359780e-15
1,36,4,3,-1.81352612743342686e-15
1,37,4,3,-2.02302384506901703e-15
1,38,4,3,-2.53971987212477102e-15
1,39,4,3,-3.49234902878147596e-15
1,40,4,3,-4.96280500147851938e-15
1,41,4,3,-6.94533770705346547e-15
1,42,4,3,-9.34764215359575046e-15
1,43,4,3,-1.20262551002794926e-14
1,44,4,3,-1.48224006446583470e-14
1,45,4,3,-1.75722541444038594e-14
1,46,4,3,-2.00984485944268737e-14
1,47,4,3,-2.22118686426598169e-14
1,48,4,3,-2.37395721841299895e-14
1,49,4,3,-2.45608214484698689e-14
1,50,4,3,-2.46186449996471310e-14
1,51,4,3,-2.38988008256866419e-14
1,52,4,3,-2.24062745625159404e-14
1,53,4,3,-2.01772599279712028e-14
1,54,4,3,-1.73279444314273015e-14
1,55,4,3,-1.40934932181622369e-14
1,56,4,3,-1.08021849183127273e-14
1,57,4,3,-7.77919378626380428e-15
1,58,4,3,-5.24127174156958052e-15
1,59,4,3,-3.26090638154842138e-15
1,60,4,3,-1.82181498009702063e-15
1,61,4,3,-9.07891417481574564e-16
1,62,4,3,-5.43730777633269491e-16
1,63,4,3,-7.58582008193302857e-16
1,0,5,3,-9.58398721576927612e-15
1,1,5,3,-9.58415662235872698e-15
1,2,5,3,-9.58575836166198486e-15
1,3,5,3,-9.59247702699960597e-15
1,4,5,3,-9.60813527806254897e-15
1,5,5,3,-9.62613049302696658e-15
1,6,5,3,-9.61380701067736376e-15
1,7,5,3,-9.50472271959816595e-15
1,8,5,3,-9.21016023592690497e-15
1,9,5,3,-8.64736189961799392e-15
1,10,5,3,-7.76856013464397380e-15
1,11,5,3,-6.57419920978567947e-15
1,12,5,3,-5.10597898055291377e-15
1,13,5,3,-3.43069879450675578e-15
1,14,5,3,-1.63090550636804449e-15
1,15,5,3,1.92975122389533365e-16
1,16,5,3,1.92067812460170080e-15
1,17,5,3,3.42475749365647730e-15
1,18,5,3,4.59854441174243830e-15
1,19,5,3,5.38519492128582133e-15
1,20,5,3,5.79130402081394838e-15
1,21,5,3,5.87780344890403116e-15
1,22,5,3,5.73388026918779034e-15
1,23,5,3,5.45001835273919294e-15
1,24,5,3,5.10790979215617995e-15
1,25,5,3,4.79299268324592451e-15
1,26,5,3,4.61501920256653445e-15
1,27,5,3,4.71002834716120755e-15
1,28,5,3,5.20731164961531386e-15
1,29,5,3,6.17340778310041492e-15
1,30,5,3,7.56923464743019733e-15
1,31,5,3,9.25334197557792920e-15
1,32,5,3,1.10322975120603559e-14
1,33,5,3,1.27229320760996294e-14
1,34,5,3,1.41832338178249882e-14
1,35,5,3,1.52986483073838664e-14
1,36,5,3,1.59508840055604117e-14
1,37,5,3,1.60084094011402403e-14
1,38,5,3,1.53528550278763526e-14
1,39,5,3,1.39219216124981948e-14
1,40,5,3,1.17367629558304959e-14
1,41,5,3,8.89478276460981682e-15
1,42,5,3,5.53424222681647704e-15
1,43,5,3,1.79823019471367189e-15
1,44,5,3,-2.17541904832369536e-15
1,45,5,3,-6.23972749825511125e-15
1,46,5,3,-1.02298735549732032e-14
1,47,5,3,-1.39833348893059206e-14
1,48,5,3,-1.73733877490474947e-14
1,49,5,3,-2.03192751659737533e-14
1,50,5,3,-2.27625738895807783e-14
1,51,5,3,-2.46405035318839755e-14
1,52,5,3,-2.58902091659993921e-14
1,53,5,3,-2.64782177439174329e-14
1,54,5,3,-2.64172601708353300e-14
1,55,5,3,-2.57497355279608445e-14
1,56,5,3,-2.45209346669836639e-14
1,57,5,3,-2.27784405107487459e-14
1,58,5,3,-2.05993533862469658e-14
1,59,5,3,-1.81096474215257722e-14
1,60,5,3,-1.54685597284712900e-14
1,61,5,3,-1.28327617561724110e-14
1,62,5,3,-1.03353689674548846e-14
1,63,5,3,-8.08946703704073802e-15
1,0,6,3,-1.02468040495229222e-14
1,1,6,3,-1.02466829238114648e-14
1,2,6,3,-1.02442917498013659e-14
1,3,6,3,-1.02284361400617127e-14
1,4,6,3,-1.01681748280622528e-14
1,5,6,3,-1.00099109570325230e-14
1,6,6,3,-9.69486467559781129e-15
1,7,6,3,-9.19312894445646275e-15
1,8,6,3,-8.53034683905365410e-15
1,9,6,3,-7.78120718357942776e-15
1,10,6,3,-7.02613745044147406e-15
1,11,6,3,-6.29780685338244411e-15
1,12,6,3,-5.55679320848770190e-15
1,13,6,3,-4.71672329557630554e-15
1,14,6,3,-3.70310099045371294e-15
1,15,6,3,-2.50747946881166740e-15
1,16,6,3,-1.20166457232511294e-15
1,17,6,3,1.01203800940409224e-16
1,18,6,3,1.31787939851253427e-15
1,19,6,3,2.44907273545022074e-15
1,20,6,3,3.57494744663297906e-15
1,21,6,3,4.79973421847312148e-15
1,22,6,3,6.19640261003600104e-15
1,23,6,3,7.79458861008015119e-15
1,24,6,3,9.60949137781110310e-15
1,25,6,3,1.16737945265316112e-14
1,26,6,3,1.40342737566878997e-14
1,27,6,3,1.67053616626682347e-14
1,28,6,3,1.96141761415590671e-14
1,29,6,3,2.25884527147455008e-14
1,30,6,3,2.54038309892247113e-14
1,31,6,3,2.78503264151746741e-14
1,32,6,3,2.97642905331199636e-14
1,33,6,3,3.10145619852441462e-14
1,34,6,3,3.14756934979929653e-14
1,35,6,3,3.10251770021391371e-14
1,36,6,3,2.95764355660779049e-14
1,37,6,3,2.71294674957433743e-14
1,38,6,3,2.37983257774833368e-14
1,39,6,3,1.97809518466757553e-14
1,40,6,3,1.52846485468316473e-14
1,41,6,3,1.04702903045241803e-14
1,42,6,3,5.46331126429692830e-15
1,43,6,3,4.05339623035105715e-16
1,44,6,3,-4.52495461280145832e-15
1,45,6,3,-9.15232482628838134e-15
1,46,6,3,-1.33633008426851420e-14
1,47,6,3,-1.71226100924857030e-14
1,48,6,3,-2.04394318717394594e-14
1,49,6,3,-2.33252985340232782e-14
1,50,6,3,-2.57812604001917550e-14
1,51,6,3,-2.78118592609080673e-14
1,52,6,3,-2.94353944159646969e-14
1,53,6,3,-3.06663297999689582e-14
1,54,6,3,-3.14750734698755752e-14
1,55,6,3,-3.17602186412392629e-14
1,56,6,3,-3.13719421263496806e-14
1,57,6,3,-3.01884168704691369e-14
1,58,6,3,-2.81942014629691859e-14
1,59,6,3,-2.54974840340708303e-14
1,60,6,3,-2.22752165427190715e-14
1,61,6,3,-1.87026111421852506e-14
1,62,6,3,-1.49321574798976647e-14
1,63,6,3,-1.11255787094426302e-14
1,0,7,3,-1.59318037413905614e-14
1,1,7,3,-1.59315445493087016e-14
1,2,7,3,-1.59301012051665802e-14
1,3,7,3,-1.59268943384282755e-14
1,4,7,3,-1.59243430751911455e-14
1,5,7,3,-1.59267283199706136e-14
1,6,7,3,-1.59292067383742797e-14
1,7,7,3,-1.59019441359339528e-14
1,8,7,3,-1.57848418309760458e-14
1,9,7,3,-1.55032389513977756e-14
1,10,7,3,-1.49966437922380291e-14
1,11,7,3,-1.42377463172114332e-14
1,12,7,3,-1.32270547460863405e-14
1,13,7,3,-1.19745013872022549e-14
1,14,7,3,-1.04893832741882395e-14
1,15,7,3,-8.78346484764870941e-15
1,16,7,3,-6.87874524728975326e-15
1,17,7,3,-4.81416765989433476e-15
1,18,7,3,-2.64630859238312085e-15
1,19,7,3,-4.38711000621251038e-16
1,20,7,3,1.75481933265041537e-15
1,21,7,3,3.90075274056371490e-15
1,22,7,3,5.98769284479959418e-15
1,23,7,3,8.02513234359793215e-15
1,24,7,3,1.00383136658198542e-14
1,25,7,3,1.20524978750513254e-14
1,26,7,3,1.40668082921919374e-14
1,27,7,3,1.60310980256653940e-14
1,28,7,3,1.78451088677028871e-14
1,29,7,3,1.93855416203043973e-14
1,30,7,3,2.05398984496132919e-14
1,31,7,3,2.12172452865441383e-14
1,32,7,3,2.13328551194489832e-14
1,33,7,3,2.07962207838478103e-14
1,34,7,3,1.95301335325324954e-14
1,35,7,3,1.75144356754242808e-14
1,36,7,3,1.48182146078330162e-14
1,37,7,3,1.15882984089675511e-14
1,38,7,3,7.99886500487062904e-15
1,39,7,3,4.20554738223780783e-15
1,40,7,3,3.44769938103286003e-16
1,41,7,3,-3.42980009254971897e-15
1,42,7,3,-6.92405896886901656e-15
1,43,7,3,-9.92836370706856250e-15
1,44,7,3,-1.22733210584664160e-14
1,45,7,3,-1.38733857775875762e-14
1,46,7,3,-1.47333097192661397e-14
1,47,7,3,-1.49208817773038155e-14
1,48,7,3,-1.45263338304727624e-14
1,49,7,3,-1.36371974165092925e-14
1,50,7,3,-1.23475457086013631e-14
1,51,7,3,-1.07841033059876898e-14
1,52,7,3,-9.10582864671475103e-15
1,53,7,3,-7.46234332465144090e-15
1,54,7,3,-5.95134454345054402e-15
1,55,7,3,-4.61986084289304003e-15
1,56,7,3,-3.49739522756474346e-15
1,57,7,3,-2.60930066412639640e-15
1,58,7,3,-1.95467972117038293e-15
1,59,7,3,-1.49433785488664161e-15
1,60,7,3,-1.18828219291232384e-15
1,61,7,3,-1.04877565474130376e-15
1,62,7,3,-1.13743491096776660e-15
1,63,7,3,-1.49701511427467564e-15
1,0,8,3,0.00000000000000000e0
1,1,8,3,0.00000000000000000e0
1,2,8,3,0.00000000000000000e0
1,3,8,3,0.00000000000000000e0
1,4,8,3,0.00000000000000000e0
1,5,8,3,0.00000000000000000e0
1,6,8,3,0.00000000000000000e0
1,7,8,3,0.00000000000000000e0
1,8,8,3,0.00000000000000000e0
1,9,8,3,0.00000000000000000e0
1,10,8,3,0.00000000000000000e0
1,11,8,3,0.00000000000000000e0
1,12,8,3,0.00000000000000000e0
1,13,8,3,0.00000000000000000e0
1,14,8,3,0.00000000000000000e0
1,15,8,3,0.00000000000000000e0
1,16,8,3,0.00000000000000000e0
1,17,8,3,0.00000000000000000e0
1,18,8,3,0.00000000000000000e0
1,19,8,3,0.00000000000000000e0
1,20,8,3,0.00000000000000000e0
1,21,8,3,0.00000000000000000e0
1,22,8,3,0.00000000000000000e0
1,23,8,3,0.00000000000000000e0
1,24,8,3,0.00000000000000000e0
1,25,8,3,0.00000000000000000e0
1,26,8,3,0.00000000000000000e0
1,27,8,3,0.00000000000000000e0
1,28,8,3,0.00000000000000000e0
1,29,8,3,0.00000000000000000e0
1,30,8,3,0.00000000000000000e0
1,31,8,3,0.00000000000000000e0
1,32,8,3,0.00000000000000000e0
1,33,8,3,0.00000000000000000e0
1,34,8,3,0.00000000000000000e0
1,35,8,3,0.00000000000000000e0
1,36,8,3,0.00000000000000000e0
1,37,8,3,0.00000000000000000e0
1,38,8,3,0.00000000000000000e0
1,39,8,3,0.00000000000000000e0
1,40,8,3,0.00000000000000000e0
1,41,8,3,0.00000000000000000e0
1,42,8,3,0.00000000000000000e0
1,43,8,3,0.00000000000000000e0
1,44,8,3,0.00000000000000000e0
1,45,8,3,0.00000000000000000e0
1,46,8,3,0.00000000000000000e0
1,47,8,3,0.00000000000000000e0
1,48,8,3,0.00000000000000000e0
1,49,8,3,0.00000000000000000e0
1,50,8,3,0.00000000000000000e0
1,51,8,3,0.00000000000000000e0
1,52,8,3,0.00000000000000000e0
1,53,8,3,0.00000000000000000e0
1,54,8,3,0.00000000000000000e0
1,55,8,3,0.00000000000000000e0
1,56,8,3,0.00000000000000000e0
1,57,8,3,0.00000000000000000e0
1,58,8,3,0.00000000000000000e0
1,59,8,3,0.00000000000000000e0
1,60,8,3,0.00000000000000000e0
1,61,8,3,0.00000000000000000e0
1,62,8,3,0.00000000000000000e0
1,63,8,3,0.00000000000000000e0
2,0,0,0,0.00000000000000000e0
2,1,0,0,0.00000000000000000e0
2,2,0,0,0.00000000000000000e0
2,3,0,0,0.00000000000000000e0
2,4,0,0,0.00000000000000000e0
2,5,0,0,0.00000000000000000e0
2,6,0,0,0.00000000000000000e0
2,7,0,0,0.00000000000000000e0
2,8,0,0,0.00000000000000000e0
2,9,0,0,0.00000000000000000e0
2,10,0,0,0.00000000000000000e0
2,11,0,0,0.00000000000000000e0
2,12,0,0,0.00000000000000000e0
2,13,0,0,0.00000000000000000e0
2,14,0,0,0.00000000000000000e0
2,15,0,0,0.00000000000000000e0
2,16,0,0,0.00000000000000000e0
2,17,0,0,0.00000000000000000e0
2,18,0,0,0.00000000000000000e0
2,19,0,0,0.00000000000000000e0
2,20,0,0,0.00000000000000000e0
2,21,0,0,0.00000000000000000e0
2,22,0,0,0.00000000000000000e0
2,23,0,0,0.00000000000000000e0
2,24,0,0,0.00000000000000000e0
2,25,0,0,0.00000000000000000e0
2,26,0,0,0.00000000000000000e0
2,27,0,0,0.00000000000000000e0
2,28,0,0,0.00000000000000000e0
2,29,0,0,0.00000000000000000e0
2,30,0,0,0.00000000000000000e0
2,31,0,0,0.00000000000000000e0
2,32,0,0,0.00000000000000000e0
2,33,0,0,0.00000000000000000e0
2,34,0,0,0.00000000000000000e0
2,35,0,0,0.00000000000000000e0
2,36,0,0,0.00000000000000000e0
2,37,0,0,0.00000000000000000e0
2,38,0,0,0.00000000000000000e0
2,39,0,0,0.00000000000000000e0
2,40,0,0,0.00000000000000000e0
2,41,0,0,0.00000000000000000e0
2,42,0,0,0.00000000000000000e0
2,43,0,0,0.00000000000000000e0
2,44,0,0,0.00000000000000000e0
2,45,0,0,0.00000000000000000e0
2,46,0,0,0.00000000000000000e0
2,47,0,0,0.00000000000000000e0
2,48,0,0,0.00000000000000000e0
2,49,0,0,0.00000000000000000e0
2,50,0,0,0.00000000000000000e0
2,51,0,0,0.00000000000000000e0
2,52,0,0,0.00000000000000000e0
2,53,0,0,0.00000000000000000e0
2,54,0,0,0.00000000000000000e0
2,55,0,0,0.00000000000000000e0
2,56,0,0,0.00000000000000000e0
2,57,0,0,0.00000000000000000e0
2,58,0,0,0.00000000000000000e0
2,59,0,0,0.00000000000000000e0
2,60,0,0,0.00000000000000000e0
2,61,0,0,0.00000000000000000e0
2,62,0,0,0.00000000000000000e0
2,63,0,0,0.00000000000000000e0
2,0,1,0,0.00000000000000000e0
2,1,1,0,0.00000000000000000e0
2,2,1,0,0.00000000000000000e0
2,3,1,0,0.00000000000000000e0
2,4,1,0,0.00000000000000000e0
2,5,1,0,0.00000000000000000e0
2,6,1,0,0.00000000000000000e0
2,7,1,0,0.00000000000000000e0
2,8,1,0,0.00000000000000000e0
2,9,1,0,0.00000000000000000e0
2,10,1,0,0.00000000000000000e0
2,11,1,0,0.00000000000000000e0
2,12,1,0,0.00000000000000000e0
2,13,1,0,0.00000000000000000e0
2,14,1,0,0.00000000000000000e0
2,15,1,0,0.00000000000000000e0
2,16,1,0,0.00000000000000000e0
2,17,1,0,0.00000000000000000e0
2,18,1,0,0.00000000000000000e0
2,19,1,0,0.00000000000000000e0
2,20,1,0,0.00000000000000000e0
2,21,1,0,0.00000000000000000e0
2,22,1,0,0.00000000000000000e0
2,23,1,0,0.00000000000000000e0
2,24,1,0,0.00000000000000000e0
2,25,1,0,0.00000000000000000e0
2,26,1,0,0.00000000000000000e0
2,27,1,0,0.00000000000000000e0
2,28,1,0,0.00000000000000000e0
2,29,1,0,0.00000000000000000e0
2,30,1,0,0.00000000000000000e0
2,31,1,0,0.00000000000000000e0
2,32,1,0,0.00000000000000000e0
2,33,1,0,0.00000000000000000e0
2,34,1,0,0.00000000000000000e0
2,35,1,0,0.00000000000000000e0
2,36,1,0,0.00000000000000000e0
2,37,1,0,0.00000000000000000e0
2,38,1,0,0.00000000000000000e0
2,39,1,0,0.00000000000000000e0
2,40,1,0,0.00000000000000000e0
2,41,1,0,0.00000000000000000e0
2,42,1,0,0.00000000000000000e0
2,43,1,0,0.00000000000000000e0
2,44,1,0,0.00000000000000000e0
2,45,1,0,0.00000000000000000e0
2,46,1,0,0.00000000000000000e0
2,47,1,0,0.00000000000000000e0
2,48,1,0,0.00000000000000000e0
2,49,1,0,0.00000000000000000e0
2,50,1,0,0.00000000000000000e0
2,51,1,0,0.00000000000000000e0
2,52,1,0,0.00000000000000000e0
2,53,1,0,0.00000000000000000e0
2,54,1,0,0.00000000000000000e0
2,55,1,0,0.00000000000000000e0
2,56,1,0,0.00000000000000000e0
2,57,1,0,0.00000000000000000e0
2,58,1,0,0.00000000000000000e0
2,59,1,0,0.00000000000000000e0
2,60,1,0,0.00000000000000000e0
2,61,1,0,0.00000000000000000e0
2,62,1,0,0.00000000000000000e0
2,63,1,0,0.00000000000000000e0
2,0,2,0,0.00000000000000000e0
2,1,2,0,0.00000000000000000e0
2,2,2,0,0.00000000000000000e0
2,3,2,0,0.00000000000000000e0
2,4,2,0,0.00000000000000000e0
2,5,2,0,0.00000000000000000e0
2,6,2,0,0.00000000000000000e0
2,7,2,0,0.00000000000000000e0
2,8,2,0,0.00000000000000000e0
2,9,2,0,0.00000000000000000e0
2,10,2,0,0.00000000000000000e0
2,11,2,0,0.00000000000000000e0
2,12,2,0,0.00000000000000000e0
2,13,2,0,0.00000000000000000e0
2,14,2,0,0.00000000000000000e0
2,15,2,0,0.00000000000000000e0
2,16,2,0,0.00000000000000000e0
2,17,2,0,0.00000000000000000e0
2,18,2,0,0.00000000000000000e0
2,19,2,0,0.00000000000000000e0
2,20,2,0,0.00000000000000000e0
2,21,2,0,0.00000000000000000e0
2,22,2,0,0.00000000000000000e0
2,23,2,0,0.00000000000000000e0
2,24,2,0,0.00000000000000000e0
2,25,2,0,0.00000000000000000e0
2,26,2,0,0.00000000000000000e0
2,27,2,0,0.00000000000000000e0
2,28,2,0,0.00000000000000000e0
2,29,2,0,0.00000000000000000e0
2,30,2,0,0.00000000000000000e0
2,31,2,0,0.00000000000000000e0
2,32,2,0,0.00000000000000000e0
2,33,2,0,0.00000000000000000e0
2,34,2,0,0.00000000000000000e0
2,35,2,0,0.00000000000000000e0
2,36,2,0,0.00000000000000000e0
2,37,2,0,0.00000000000000000e0
2,38,2,0,0.00000000000000000e0
2,39,2,0,0.00000000000000000e0
2,40,2,0,0.00000000000000000e0
2,41,2,0,0.00000000000000000e0
2,42,2,0,0.00000000000000000e0
2,43,2,0,0.00000000000000000e0
2,44,2,0,0.00000000000000000e0
2,45,2,0,0.00000000000000000e0
2,46,2,0,0.00000000000000000e0
2,47,2,0,0.00000000000000000e0
2,48,2,0,0.00000000000000000e0
2,49,2,0,0.00000000000000000e0
2,50,2,0,0.00000000000000000e0
2,51,2,0,0.00000000000000000e0
2,52,2,0,0.00000000000000000e0
2,53,2,0,0.00000000000000000e0
2,54,2,0,0.00000000000000000e0
2,55,2,0,0.00000000000000000e0
2,56,2,0,0.00000000000000000e0
2,57,2,0,0.00000000000000000e0
2,58,2,0,0.00000000000000000e0
2,59,2,0,0.00000000000000000e0
2,60,2,0,0.00000000000000000e0
2,61,2,0,0.00000000000000000e0
2,62,2,0,0.00000000000000000e0
2,63,2,0,0.00000000000000000e0
2,0,3,0,0.00000000000000000e0
2,1,3,0,0.00000000000000000e0
2,2,3,0,0.00000000000000000e0
2,3,3,0,0.00000000000000000e0
2,4,3,0,0.00000000000000000e0
2,5,3,0,0.00000000000000000e0
2,6,3,0,0.00000000000000000e0
2,7,3,0,0.00000000000000000e0
2,8,3,0,0.00000000000000000e0
2,9,3,0,0.00000000000000000e0
2,10,3,0,0.00000000000000000e0
2,11,3,0,0.00000000000000000e0
2,12,3,0,0.00000000000000000e0
2,13,3,0,0.00000000000000000e0
2,14,3,0,0.00000000000000000e0
2,15,3,0,0.00000000000000000e0
2,16,3,0,0.00000000000000000e0
2,17,3,0,0.00000000000000000e0
2,18,3,0,0.00000000000000000e0
2,19,3,0,0.00000000000000000e0
2,20,3,0,0.00000000000000000e0
2,21,3,0,0.00000000000000000e0
2,22,3,0,0.00000000000000000e0
2,23,3,0,0.00000000000000000e0
2,24,3,0,0.00000000000000000e0
2,25,3,0,0.00000000000000000e0
2,26,3,0,0.00000000000000000e0
2,27,3,0,0.00000000000000000e0
2,28,3,0,0.00000000000000000e0
2,29,3,0,0.00000000000000000e0
2,30,3,0,0.00000000000000000e0
2,31,3,0,0.00000000000000000e0
2,32,3,0,0.00000000000000000e0
2,33,3,0,0.00000000000000000e0
2,34,3,0,0.00000000000000000e0
2,35,3,0,0.00000000000000000e0
2,36,3,0,0.00000000000000000e0
2,37,3,0,0.00000000000000000e0
2,38,3,0,0.00000000000000000e0
2,39,3,0,0.00000000000000000e0
2,40,3,0,0.00000000000000000e0
2,41,3,0,0.00000000000000000e0
2,42,3,0,0.00000000000000000e0
2,43,3,0,0.00000000000000000e0
2,44,3,0,0.00000000000000000e0
2,45,3,0,0.00000000000000000e0
2,46,3,0,0.00000000000000000e0
2,47,3,0,0.00000000000000000e0
2,48,3,0,0.00000000000000000e0
2,49,3,0,0.00000000000000000e0
2,50,3,0,0.00000000000000000e0
2,51,3,0,0.00000000000000000e0
2,52,3,0,0.00000000000000000e0
2,53,3,0,0.00000000000000000e0
2,54,3,0,0.00000000000000000e0
2,55,3,0,0.00000000000000000e0
2,56,3,0,0.00000000000000000e0
2,57,3,0,0.00000000000000000e0
2,58,3,0,0.00000000000000000e0
2,59,3,0,0.00000000000000000e0
2,60,3,0,0.00000000000000000e0
2,61,3,0,0.00000000000000000e0
2,62,3,0,0.00000000000000000e0
2,63,3,0,0.00000000000000000e0
2,0,4,0,0.00000000000000000e0
2,1,4,0,0.00000000000000000e0
2,2,4,0,0.00000000000000000e0
2,3,4,0,0.00000000000000000e0
2,4,4,0,0.00000000000000000e0
2,5,4,0,0.00000000000000000e0
2,6,4,0,0.00000000000000000e0
2,7,4,0,0.00000000000000000e0
2,8,4,0,0.00000000000000000e0
2,9,4,0,0.00000000000000000e0
2,10,4,0,0.00000000000000000e0
2,11,4,0,0.00000000000000000e0
2,12,4,0,0.00000000000000000e0
2,13,4,0,0.00000000000000000e0
2,14,4,0,0.00000000000000000e0
2,15,4,0,0.00000000000000000e0
2,16,4,0,0.00000000000000000e0
2,17,4,0,0.00000000000000000e0
2,18,4,0,0.00000000000000000e0
2,19,4,0,0.00000000000000000e0
2,20,4,0,0.00000000000000000e0
2,21,4,0,0.00000000000000000e0
2,22,4,0,0.00000000000000000e0
2,23,4,0,0.00000000000000000e0
2,24,4,0,0.00000000000000000e0
2,25,4,0,0.00000000000000000e0
2,26,4,0,0.00000000000000000e0
2,27,4,0,0.00000000000000000e0
2,28,4,0,0.00000000000000000e0
2,29,4,0,0.00000000000000000e0
2,30,4,0,0.00000000000000000e0
2,31,4,0,0.00000000000000000e0
2,32,4,0,0.00000000000000000e0
2,33,4,0,0.00000000000000000e0
2,34,4,0,0.00000000000000000e0
2,35,4,0,0.00000000000000000e0
2,36,4,0,0.00000000000000000e0
2,37,4,0,0.00000000000000000e0
2,38,4,0,0.00000000000000000e0
2,39,4,0,0.00000000000000000e0
2,40,4,0,0.00000000000000000e0
2,41,4,0,0.00000000000000000e0
2,42,4,0,0.00000000000000000e0
2,43,4,0,0.00000000000000000e0
2,44,4,0,0.00000000000000000e0
2,45,4,0,0.00000000000000000e0
2,46,4,0,0.00000000000000000e0
2,47,4,0,0.00000000000000000e0
2,48,4,0,0.00000000000000000e0
2,49,4,0,0.00000000000000000e0
2,50,4,0,0.00000000000000000e0
2,51,4,0,0.00000000000000000e0
2,52,4,0,0.00000000000000000e0
2,53,4,0,0.00000000000000000e0
2,54,4,0,0.00000000000000000e0
2,55,4,0,0.00000000000000000e0
2,56,4,0,0.00000000000000000e0
2,57,4,0,0.00000000000000000e0
2,58,4,0,0.00000000000000000e0
2,59,4,0,0.00000000000000000e0
2,60,4,0,0.00000000000000000e0
2,61,4,0,0.00000000000000000e0
2,62,4,0,0.00000000000000000e0
2,63,4,0,0.00000000000000000e0
2,0,5,0,0.00000000000000000e0
2,1,5,0,0.00000000000000000e0
2,2,5,0,0.00000000000000000e0
2,3,5,0,0.00000000000000000e0
2,4,5,0,0.00000000000000000e0
2,5,5,0,0.00000000000000000e0
2,6,5,0,0.00000000000000000e0
2,7,5,0,0.00000000000000000e0
2,8,5,0,0.00000000000000000e0
2,9,5,0,0.00000000000000000e0
2,10,5,0,0.00000000000000000e0
2,11,5,0,0.00000000000000000e0
2,12,5,0,0.00000000000000000e0
2,13,5,0,0.00000000000000000e0
2,14,5,0,0.00000000000000000e0
2,15,5,0,0.00000000000000000e0
2,16,5,0,0.00000000000000000e0
2,17,5,0,0.00000000000000000e0
2,18,5,0,0.00000000000000000e0
2,19,5,0,0.00000000000000000e0
2,20,5,0,0.00000000000000000e0
2,21,5,0,0.00000000000000000e0
2,22,5,0,0.00000000000000000e0
2,23,5,0,0.00000000000000000e0
2,24,5,0,0.00000000000000000e0
2,25,5,0,0.00000000000000000e0
2,26,5,0,0.00000000000000000e0
2,27,5,0,0.00000000000000000e0
2,28,5,0,0.00000000000000000e0
2,29,5,0,0.00000000000000000e0
2,30,5,0,0.00000000000000000e0
2,31,5,0,0.00000000000000000e0
2,32,5,0,0.00000000000000000e0
2,33,5,0,0.00000000000000000e0
2,34,5,0,0.00000000000000000e0
2,35,5,0,0.00000000000000000e0
2,36,5,0,0.00000000000000000e0
2,37,5,0,0.00000000000000000e0
2,38,5,0,0.00000000000000000e0
2,39,5,0,0.00000000000000000e0
2,40,5,0,0.00000000000000000e0
2,41,5,0,0.00000000000000000e0
2,42,5,0,0.00000000000000000e0
2,43,5,0,0.00000000000000000e0
2,44,5,0,0.00000000000000000e0
2,45,5,0,0.00000000000000000e0
2,46,5,0,0.00000000000000000e0
2,47,5,0,0.00000000000000000e0
2,48,5,0,0.00000000000000000e0
2,49,5,0,0.00000000000000000e0
2,50,5,0,0.00000000000000000e0
2,51,5,0,0.00000000000000000e0
2,52,5,0,0.00000000000000000e0
2,53,5,0,0.00000000000000000e0
2,54,5,0,0.00000000000000000e0
2,55,5,0,0.00000000000000000e0
2,56,5,0,0.00000000000000000e0
2,57,5,0,0.00000000000000000e0
2,58,5,0,0.00000000000000000e0
2,59,5,0,0.00000000000000000e0
2,60,5,0,0.00000000000000000e0
2,61,5,0,0.00000000000000000e0
2,62,5,0,0.00000000000000000e0
2,63,5,0,0.00000000000000000e0
2,0,6,0,0.00000000000000000e0
2,1,6,0,0.00000000000000000e0
2,2,6,0,0.00000000000000000e0
2,3,6,0,0.00000000000000000e0
2,4,6,0,0.00000000000000000e0
2,5,6,0,0.00000000000000000e0
2,6,6,0,0.00000000000000000e0
2,7,6,0,0.00000000000000000e0
2,8,6,0,0.00000000000000000e0
2,9,6,0,0.00000000000000000e0
2,10,6,0,0.00000000000000000e0
2,11,6,0,0.00000000000000000e0
2,12,6,0,0.00000000000000000e0
2,13,6,0,0.00000000000000000e0
2,14,6,0,0.00000000000000000e0
2,15,6,0,0.00000000000000000e0
2,16,6,0,0.00000000000000000e0
2,17,6,0,0.00000000000000000e0
2,18,6,0,0.00000000000000000e0
2,19,6,0,0.00000000000000000e0
2,20,6,0,0.00000000000000000e0
2,21,6,0,0.00000000000000000e0
2,22,6,0,0.00000000000000000e0
2,23,6,0,0.00000000000000000e0
2,24,6,0,0.00000000000000000e0
2,25,6,0,0.00000000000000000e0
2,26,6,0,0.00000000000000000e0
2,27,6,0,0.00000000000000000e0
2,28,6,0,0.00000000000000000e0
2,29,6,0,0.00000000000000000e0
2,30,6,0,0.00000000000000000e0
2,31,6,0,0.00000000000000000e0
2,32,6,0,0.00000000000000000e0
2,33,6,0,0.00000000000000000e0
2,34,6,0,0.00000000000000000e0
2,35,6,0,0.00000000000000000e0
2,36,6,0,0.00000000000000000e0
2,37,6,0,0.00000000000000000e0
2,38,6,0,0.00000000000000000e0
2,39,6,0,0.00000000000000000e0
2,40,6,0,0.00000000000000000e0
2,41,6,0,0.00000000000000000e0
2,42,6,0,0.00000000000000000e0
2,43,6,0,0.00000000000000000e0
2,44,6,0,0.00000000000000000e0
2,45,6,0,0.00000000000000000e0
2,46,6,0,0.00000000000000000e0
2,47,6,0,0.00000000000000000e0
2,48,6,0,0.00000000000000000e0
2,49,6,0,0.00000000000000000e0
2,50,6,0,0.00000000000000000e0
2,51,6,0,0.00000000000000000e0
2,52,6,0,0.00000000000000000e0
2,53,6,0,0.00000000000000000e0
2,54,6,0,0.00000000000000000e0
2,55,6,0,0.00000000000000000e0
2,56,6,0,0.00000000000000000e0
2,57,6,0,0.00000000000000000e0
2,58,6,0,0.00000000000000000e0
2,59,6,0,0.00000000000000000e0
2,60,6,0,0.00000000000000000e0
2,61,6,0,0.00000000000000000e0
2,62,6,0,0.00000000000000000e0
2,63,6,0,0.00000000000000000e0
2,0,7,0,0.00000000000000000e0
2,1,7,0,0.00000000000000000e0
2,2,7,0,0.00000000000000000e0
2,3,7,0,0.00000000000000000e0
2,4,7,0,0.00000000000000000e0
2,5,7,0,0.00000000000000000e0
2,6,7,0,0.00000000000000000e0
2,7,7,0,0.00000000000000000e0
2,8,7,0,0.00000000000000000e0
2,9,7,0,0.00000000000000000e0
2,10,7,0,0.00000000000000000e0
2,11,7,0,0.00000000000000000e0
2,12,7,0,0.00000000000000000e0
2,13,7,0,0.00000000000000000e0
2,14,7,0,0.00000000000000000e0
2,15,7,0,0.00000000000000000e0
2,16,7,0,0.00000000000000000e0
2,17,7,0,0.00000000000000000e0
2,18,7,0,0.00000000000000000e0
2,19,7,0,0.00000000000000000e0
2,20,7,0,0.00000000000000000e0
2,21,7,0,0.00000000000000000e0
2,22,7,0,0.00000000000000000e0
2,23,7,0,0.00000000000000000e0
2,24,7,0,0.00000000000000000e0
2,25,7,0,0.00000000000000000e0
2,26,7,0,0.00000000000000000e0
2,27,7,0,0.00000000000000000e0
2,28,7,0,0.00000000000000000e0
2,29,7,0,0.00000000000000000e0
2,30,7,0,0.00000000000000000e0
2,31,7,0,0.00000000000000000e0
2,32,7,0,0.00000000000000000e0
2,33,7,0,0.00000000000000000e0
2,34,7,0,0.00000000000000000e0
2,35,7,0,0.00000000000000000e0
2,36,7,0,0.00000000000000000e0
2,37,7,0,0.00000000000000000e0
2,38,7,0,0.00000000000000000e0
2,39,7,0,0.00000000000000000e0
2,40,7,0,0.00000000000000000e0
2,41,7,0,0.00000000000000000e0
2,42,7,0,0.00000000000000000e0
2,43,7,0,0.00000000000000000e0
2,44,7,0,0.00000000000000000e0
2,45,7,0,0.00000000000000000e0
2,46,7,0,0.00000000000000000e0
2,47,7,0,0.00000000000000000e0
2,48,7,0,0.00000000000000000e0
2,49,7,0,0.00000000000000000e0
2,50,7,0,0.00000000000000000e0
2,51,7,0,0.00000000000000000e0
2,52,7,0,0.00000000000000000e0
2,53,7,0,0.00000000000000000e0
2,54,7,0,0.00000000000000000e0
2,55,7,0,0.00000000000000000e0
2,56,7,0,0.00000000000000000e0
2,57,7,0,0.00000000000000000e0
2,58,7,0,0.00000000000000000e0
2,59,7,0,0.00000000000000000e0
2,60,7,0,0.00000000000000000e0
2,61,7,0,0.00000000000000000e0
2,62,7,0,0.00000000000000000e0
2,63,7,0,0.00000000000000000e0
2,0,0,1,-3.66628639746719928e-15
2,1,0,1,-3.66751332469129714e-15
2,2,0,1,-3.67939084419417056e-15
2,3,0,1,-3.73546442530240524e-15
2,4,0,1,-3.90821128918076265e-15
2,5,0,1,-4.30038712024303008e-15
2,6,0,1,-5.00296622163963478e-15
2,7,0,1,-6.04116052904560101e-15
2,8,0,1,-7.34455661707215240e-15
2,9,0,1,-8.75776671506196119e-15
2,10,0,1,-1.00785595892756950e-14
2,11,0,1,-1.11027545596459158e-14
2,12,0,1,-1.16685276756655840e-14
2,13,0,1,-1.16998916116365162e-14
2,14,0,1,-1.12362401758696155e-14
2,15,0,1,-1.04229572563986628e-14
2,16,0,1,-9.45550756426384933e-15
2,17,0,1,-8.50650794378612907e-15
2,18,0,1,-7.68045600263531775e-15
2,19,0,1,-7.01361449183279285e-15
2,20,0,1,-6.49624803819928709e-15
2,21,0,1,-6.08531339197065230e-15
2,22,0,1,-5.70342138792099933e-15
2,23,0,1,-5.24664743616932994e-15
2,24,0,1,-4.61515430432162151e-15
2,25,0,1,-3.74935068343969224e-15
2,26,0,1,-2.64321120465324869e-15
2,27,0,1,-1.33068685431237451e-15
2,28,0,1,1.32184176570023068e-16
2,29,0,1,1.67211662386728159e-15
2,30,0,1,3.19775965181413966e-15
2,31,0,1,4.60905100842018065e-15
2,32,0,1,5.81835740611630348e-15
2,33,0,1,6.77149478254136100e-15
2,34,0,1,7.45678678851745269e-15
2,35,0,1,7.89756155844490923e-15
2,36,0,1,8.13329252173167552e-15
2,37,0,1,8.20477617324930769e-15
2,38,0,1,8.15660964470369190e-15
2,39,0,1,8.04970900456251567e-15
2,40,0,1,7.96053845807326646e-15
2,41,0,1,7.95733074430201442e-15
2,42,0,1,8.07232478425420549e-15
2,43,0,1,8.29488946740885094e-15
2,44,0,1,8.58759440782678324e-15
2,45,0,1,8.90722737267087700e-15
2,46,0,1,9.21586754392550445e-15
2,47,0,1,9.48031461819008603e-15
2,48,0,1,9.66416227235868466e-15
2,49,0,1,9.71779385747998520e-15
2,50,0,1,9.57413537555976135e-15
2,51,0,1,9.15702585914564271e-15
2,52,0,1,8.39928881925678522e-15
2,53,0,1,7.25805083623496522e-15
2,54,0,1,5.71790438076962698e-15
2,55,0,1,3.78562021072464776e-15
2,56,0,1,1.48686289500624081e-15
2,57,0,1,-1.13144437632742897e-15
2,58,0,1,-3.99954388726787846e-15
2,59,0,1,-7.03068262923644063e-15
2,60,0,1,-1.01336997400760555e-14
2,61,0,1,-1.32281050669409359e-14
2,62,0,1,-1.62577792889436953e-14
2,63,0,1,-1.91954589566110598e-14
2,0,1,1,-2.53286703676830482e-14
2,1,1,1,-2.53289990164665829e-14
2,2,1,1,-2.53315350331106623e-14
2,3,1,1,-2.53404746188359842e-14
2,4,1,1,-2.53585587722598635e-14
2,5,1,1,-2.53775035111581532e-14
2,6,1,1,-2.53704087631919512e-14
2,7,1,1,-2.52970082761146825e-14
2,8,1,1,-2.51211235786832215e-14
2,9,1,1,-2.48248467003267179e-14
2,10,1,1,-2.44053400806718696e-14
2,11,1,1,-2.38576993989540742e-14
2,12,1,1,-2.31616551567455364e-14
2,13,1,1,-2.22859060985134208e-14
2,14,1,1,-2.12084615548811112e-14
2,15,1,1,-1.99387422262879699e-14
2,16,1,1,-1.85244682549164097e-14
2,17,1,1,-1.70338833912608151e-14
2,18,1,1,-1.55197662582646015e-14
2,19,1,1,-1.39885585414916379e-14
2,20,1,1,-1.24010587091100480e-14
2,21,1,1,-1.07107062070422102e-14
2,22,1,1,-8.91302870132662170e-15
2,23,1,1,-7.06470794272764588e-15
2,24,1,1,-5.25270922745635534e-15
2,25,1,1,-3.53681063521580144e-15
2,26,1,1,-1.91260039490021017e-15
2,27,1,1,-3.25155963767326619e-16
2,28,1,1,1.27615074388252479e-15
2,29,1,1,2.88221107984170614e-15
2,30,1,1,4.41173891852202765e-15
2,31,1,1,5.75725371985079913e-15
2,32,1,1,6.85823603853788488e-15
2,33,1,1,7.74088502715833404e-15
2,34,1,1,8.48711935962347813e-15
2,35,1,1,9.15917816986461589e-15
2,36,1,1,9.74832770116260822e-15
2,37,1,1,1.01911531378553674e-14
2,38,1,1,1.04315758166369753e-14
2,39,1,1,1.04689172641166811e-14
2,40,1,1,1.03531702118743810e-14
2,41,1,1,1.01400584164110935e-14
2,42,1,1,9.85204349742210828e-15
2,43,1,1,9.48146150080066835e-15
2,44,1,1,9.02840898830276073e-15
2,45,1,1,8.52859348085283769e-15
2,46,1,1,8.03423625371502137e-15
2,47,1,1,7.56126406739653437e-15
2,48,1,1,7.05743658839194134e-15
2,49,1,1,6.43101464279944440e-15
2,50,1,1,5.61905267120973474e-15
2,51,1,1,4.63074775736409955e-15
2,52,1,1,3.52235178280617053e-15
2,53,1,1,2.32720608192224510e-15
2,54,1,1,1.00921063989593699e-15
2,55,1,1,-5.16695868237076377e-16
2,56,1,1,-2.32102549426436728e-15
2,57,1,1,-4.41405809473160993e-15
2,58,1,1,-6.74974509403823870e-15
2,59,1,1,-9.25783040316542974e-15
2,60,1,1,-1.18667130565323561e-14
2,61,1,1,-1.45071502282833470e-14
2,62,1,1,-1.71136925296170098e-14
2,63,1,1,-1.96339729956022946e-14
2,0,2,1,-3.07102128829003090e-14
2,1,2,1,-3.07104060064122830e-14
2,2,2,1,-3.07115884644066500e-14
2,3,2,1,-3.07142108784113493e-14
2,4,2,1,-3.07135332520535459e-14
2,5,2,1,-3.06927097940782462e-14
2,6,2,1,-3.06216267891446653e-14
2,7,2,1,-3.04664503532076775e-14
2,8,2,1,-3.02018406486172231e-14
2,9,2,1,-2.98112805329018432e-14
2,10,2,1,-2.92740515801716977e-14
2,11,2,1,-2.85555846817834441e-14
2,12,2,1,-2.76165216048099640e-14
2,13,2,1,-2.64331725317824492e-14
2,14,2,1,-2.50078261457243808e-14
2,15,2,1,-2.33603792505667623e-14
2,16,2,1,-2.15156482175982502e-14
2,17,2,1,-1.95031047111856107e-14
2,18,2,1,-1.73652274336336468e-14
2,19,2,1,-1.51554997392978896e-14
2,20,2,1,-1.29203458099514529e-14
2,21,2,1,-1.06855772805960168e-14
2,22,2,1,-8.47073604835768545e-15
2,23,2,1,-6.32276722027213384e-15
2,24,2,1,-4.33071047623826040e-15
2,25,2,1,-2.59478442523458901e-15
2,26,2,1,-1.16718514329506098e-15
2,27,2,1,-1.25055448024257370e-17
2,28,2,1,9.76735502577325519e-16
2,29,2,1,1.91673455095752159e-15
2,30,2,1,2.86587943758569597e-15
2,31,2,1,3.80277516900538910e-15
2,32,2,1,4.66259407859849311e-15
2,33,2,1,5.40077228070230154e-15
2,34,2,1,6.03315352659520611e-15
2,35,2,1,6.62170717021480504e-15
2,36,2,1,7.21793366178710705e-15
2,37,2,1,7.80901612227073369e-15
2,38,2,1,8.30978369475337056e-15
2,39,2,1,8.60696689836343634e-15
2,40,2,1,8.62046267431203911e-15
2,41,2,1,8.33605272754656818e-15
2,42,2,1,7.79358318197176034e-15
2,43,2,1,7.05306208673584650e-15
2,44,2,1,6.17177385654516138e-15
2,45,2,1,5.20459733253583745e-15
2,46,2,1,4.21383263501137577e-15
2,47,2,1,3.26878061158433417e-15
2,48,2,1,2.42952617964290688e-15
2,49,2,1,1.72668989786769209e-15
2,50,2,1,1.15431850106803135e-15
2,51,2,1,6.83569299780054053e-16
2,52,2,1,2.87465565183131619e-16
2,53,2,1,-4.49870514117538635e-17
2,54,2,1,-3.20377559744289492e-16
2,55,2,1,-5.68813276086041443e-16
2,56,2,1,-8.59292584495503862e-16
2,57,2,1,-1.28270053202628707e-15
2,58,2,1,-1.91401324585623034e-15
2,59,2,1,-2.78501277859485429e-15
2,60,2,1,-3.88470612489445581e-15
2,61,2,1,-5.17469749301423428e-15
2,62,2,1,-6.59760230660184216e-15
2,63,2,1,-8.07687165711506658e-15
2,0,3,1,-1.91128512213971369e-14
2,1,3,1,-1.91129257602964953e-14
2,2,3,1,-1.91138913778563652e-14
2,3,3,1,-1.91197901153010441e-14
2,4,3,1,-1.91421094334611949e-14
2,5,3,1,-1.92003666655074512e-14
2,6,3,1,-1.93095170251565348e-14
2,7,3,1,-1.94523674376450781e-14
2,8,3,1,-1.95543264875719727e-14
2,9,3,1,-1.94881647440619393e-14
2,10,3,1,-1.91197663983785210e-14
2,11,3,1,-1.83722750690196515e-14
2,12,3,1,-1.72657078385948445e-14
2,13,3,1,-1.59033231055720828e-14
2,14,3,1,-1.44139020651860156e-14
2,15,3,1,-1.28896527240747460e-14
2,16,3,1,-1.13589777910256054e-14
2,17,3,1,-9.80673062287579222e-15
2,18,3,1,-8.22354642336046299e-15
2,19,3,1,-6.64929588033982485e-15
2,20,3,1,-5.18116374253357360e-15
2,21,3,1,-3.94117569390553188e-15
2,22,3,1,-3.02538527067433734e-15
2,23,3,1,-2.46738325842925377e-15
2,24,3,1,-2.23678827941816392e-15
2,25,3,1,-2.27008599160767773e-15
2,26,3,1,-2.51121573114200611e-15
2,27,3,1,-2.93296614107413107e-15
2,28,3,1,-3.52287376685991600e-15
2,29,3,1,-4.24381887189359888e-15
2,30,3,1,-5.00182103309494697e-15
2,31,3,1,-5.65275907679629874e-15
2,32,3,1,-6.05280977316918940e-15
2,33,3,1,-6.12202295287170642e-15
2,34,3,1,-5.87518442303112086e-15
2,35,3,1,-5.39631773443269118e-15
2,36,3,1,-4.77816960666897425e-15
2,37,3,1,-4.07615124108345189e-15
2,38,3,1,-3.31026150907727176e-15
2,39,3,1,-2.50368349065854725e-15
2,40,3,1,-1.71558010785238628e-15
2,41,3,1,-1.03476805913432258e-15
2,42,3,1,-5.38421045724287502e-16
2,43,3,1,-2.50854868908889834e-16
2,44,3,1,-1.36003090787168086e-16
2,45,3,1,-1.26599675113885665e-16
2,46,3,1,-1.61813521413876503e-16
2,47,3,1,-2.02154365499369014e-16
2,48,3,1,-2.17327504911551711e-16
2,49,3,1,-1.70297668111371592e-16
2,50,3,1,-2.07690807761917086e-17
2,51,3,1,2.53009456028908757e-16
2,52,3,1,6.35429241014039961e-16
2,53,3,1,1.07568123279436299e-15
2,54,3,1,1.50961007068387346e-15
2,55,3,1,1.88523699553915999e-15
2,56,3,1,2.17623961149134796e-15
2,57,3,1,2.37864681632547238e-15
2,58,3,1,2.49770047343561650e-15
2,59,3,1,2.53690708746517630e-15
2,60,3,1,2.49723714641346840e-15
2,61,3,1,2.38436788860946474e-15
2,62,3,1,2.21447065532390762e-15
2,63,3,1,2.01175682456287714e-15
2,0,4,1,-1.36145079449511916e-14
2,1,4,1,-1.36144427234142530e-14
2,2,4,1,-1.36137650970564496e-14
2,3,4,1,-1.36101203142844143e-14
2,4,4,1,-1.35962772548274373e-14
2,5,4,1,-1.35544846492099101e-14
2,6,4,1,-1.34492306411181962e-14
2,7,4,1,-1.32238504204468775e-14
2,8,4,1,-1.28089406485967783e-14
2,9,4,1,-1.21445068289468237e-14
2,10,4,1,-1.12049736486876175e-14
2,11,4,1,-1.00099871899977759e-14
2,12,4,1,-8.61349413425497798e-15
2,13,4,1,-7.08141736167813146e-15
2,14,4,1,-5.47642036970510948e-15
2,15,4,1,-3.85856499407629359e-15
2,16,4,1,-2.29348908842384042e-15
2,17,4,1,-8.54274231920377353e-16
2,18,4,1,3.86313198396965197e-16
2,19,4,1,1.36543743976466625e-15
2,20,4,1,2.03527236500278784e-15
2,21,4,1,2.36548477135808781e-15
2,22,4,1,2.34775107781613496e-15
2,23,4,1,2.00120808799600890e-15
2,24,4,1,1.37127921424364235e-15
2,25,4,1,5.16552084394279959e-16
2,26,4,1,-5.09559880354254913e-16
2,27,4,1,-1.66583227467336512e-15
2,28,4,1,-2.90901395514991078e-15
2,29,4,1,-4.16849858464137836e-15
2,30,4,1,-5.33327603678386900e-15
2,31,4,1,-6.26725818662324415e-15
2,32,4,1,-6.84793654141574622e-15
2,33,4,1,-7.00561934784365951e-15
2,34,4,1,-6.73865023297862825e-15
2,35,4,1,-6.09622232929834043e-15
2,36,4,1,-5.14380747197729082e-15
2,37,4,1,-3.93698161026720221e-15
2,38,4,1,-2.51731775649402609e-15
2,39,4,1,-9.22787974166699131e-16
2,40,4,1,8.02650114884069510e-16
2,41,4,1,2.60648682067561761e-15
2,42,4,1,4.42826791945474807e-15
2,43,4,1,6.19990382072347669e-15
2,44,4,1,7.84829134596902109e-15
2,45,4,1,9.30478567459647188e-15
2,46,4,1,1.05207607626863278e-14
2,47,4,1,1.14808463503777124e-14
2,48,4,1,1.22025082570430092e-14
2,49,4,1,1.27170833135988384e-14
2,50,4,1,1.30405787486824118e-14
2,51,4,1,1.31536771288986477e-14
2,52,4,1,1.30093994658939810e-14
2,53,4,1,1.25703238440587166e-14
2,54,4,1,1.18541269939691045e-14
2,55,4,1,1.09548659951871040e-14
2,56,4,1,1.00206860631545450e-14
2,57,4,1,9.19892095574978766e-15
2,58,4,1,8.58323218814842359e-15
2,59,4,1,8.19537241346889045e-15
2,60,4,1,8.00867449343278109e-15
2,61,4,1,7.99087748417802099e-15
2,62,4,1,8.13230572834812426e-15
2,63,4,1,8.44034111807841214e-15
2,0,5,1,-1.12049668724240395e-14
2,1,5,1,-1.12049948245112989e-14
2,2,5,1,-1.12048728517668943e-14
2,3,5,1,-1.12022368852350389e-14
2,4,5,1,-1.11864549673617968e-14
2,5,5,1,-1.11287228957428382e-14
2,6,5,1,-1.09744366914334146e-14
2,7,5,1,-1.06472058410524498e-14
2,8,5,1,-1.00684341574242171e-14
2,9,5,1,-9.18454426553604042e-15
2,10,5,1,-7.98606718407056382e-15
2,11,5,1,-6.50785874232377541e-15
2,12,5,1,-4.81367765133434815e-15
2,13,5,1,-2.97861422890932301e-15
2,14,5,1,-1.08111272568951278e-15
2,15,5,1,7.95025336051123112e-16
2,16,5,1,2.55882237090948681e-15
2,17,5,1,4.11993733874234207e-15
2,18,5,1,5.40438275863997300e-15
2,19,5,1,6.36781878515422194e-15
2,20,5,1,6.99854450515171797e-15
2,21,5,1,7.31012049260152882e-15
2,22,5,1,7.32857988162104179e-15
2,23,5,1,7.08084180279047216e-15
2,24,5,1,6.59038812699007728e-15
2,25,5,1,5.88235201583078675e-15
2,26,5,1,4.99411176272551195e-15
2,27,5,1,3.98336216984353231e-15
2,28,5,1,2.92633408485536671e-15
2,29,5,1,1.90492924101340159e-15
2,30,5,1,9.90417202257850605e-16
2,31,5,1,2.35113290979760696e-16
2,32,5,1,-3.23681332345716086e-16
2,33,5,1,-6.55126568685965088e-16
2,34,5,1,-7.33111303952892418e-16
2,35,5,1,-5.44586492668233148e-16
2,36,5,1,-1.00023063481716331e-16
2,37,5,1,5.65616997259577340e-16
2,38,5,1,1.40669821457043613e-15
2,39,5,1,2.38911381421293059e-15
2,40,5,1,3.50519576573424512e-15
2,41,5,1,4.76745760450152274e-15
2,42,5,1,6.18249263497619092e-15
2,43,5,1,7.72338109130332393e-15
2,44,5,1,9.32088692389082887e-15
2,45,5,1,1.08785347741123355e-14
2,46,5,1,1.22994096732418484e-14
2,47,5,1,1.35073938525073073e-14
2,48,5,1,1.44529231790001267e-14
2,49,5,1,1.51053604710181186e-14
2,50,5,1,1.54425778398472116e-14
2,51,5,1,1.54489847970602431e-14
2,52,5,1,1.51258485039463056e-14
2,53,5,1,1.45071451460856635e-14
2,54,5,1,1.36689204944498606e-14
2,55,5,1,1.27240459244252688e-14
2,56,5,1,1.18034219076805676e-14
2,57,5,1,1.10315876984505568e-14
2,58,5,1,1.05059080399562237e-14
2,59,5,1,1.02852593453282674e-14
2,60,5,1,1.03889556598299806e-14
2,61,5,1,1.08019240321649730e-14
2,62,5,1,1.14812469969617637e-14
2,63,5,1,1.23630938453811630e-14
2,0,6,1,-3.21561807095757570e-15
2,1,6,1,-3.21551198008093210e-15
2,2,6,1,-3.21438860263463608e-15
2,3,6,1,-3.20847398332219612e-15
2,4,6,1,-3.18758699787585233e-15
2,5,6,1,-3.13174931544342797e-15
2,6,6,1,-3.01097956958214664e-15
2,7,6,1,-2.79027730012027658e-15
2,8,6,1,-2.43879780228355245e-15
2,9,6,1,-1.93952418416163536e-15
2,10,6,1,-1.29506922475944959e-15
2,11,6,1,-5.27378277190933189e-16
2,12,6,1,3.27377942946211462e-16
2,13,6,1,1.22556148934952489e-15
2,14,6,1,2.12213877011726854e-15
2,15,6,1,2.97549058315808596e-15
2,16,6,1,3.75112648801361089e-15
2,17,6,1,4.42362152022258460e-15
2,18,6,1,4.97546560294112941e-15
2,19,6,1,5.39324215780121081e-15
2,20,6,1,5.66411101235540088e-15
2,21,6,1,5.77554963151149202e-15
2,22,6,1,5.71888778602138922e-15
2,23,6,1,5.49519189036568566e-15
2,24,6,1,5.12103287360799082e-15
2,25,6,1,4.63092351670065482e-15
2,26,6,1,4.07402434135289634e-15
2,27,6,1,3.50533976133527835e-15
2,28,6,1,2.97427403208759197e-15
2,29,6,1,2.51550087082216562e-15
2,30,6,1,2.14756712271031627e-15
2,31,6,1,1.88050652828698154e-15
2,32,6,1,1.72588108728218264e-15
2,33,6,1,1.69974080349696768e-15
2,34,6,1,1.81571570760207922e-15
2,35,6,1,2.07420898728041033e-15
2,36,6,1,2.45531939167798439e-15
2,37,6,1,2.91948391765268437e-15
2,38,6,1,3.41631405748000962e-15
2,39,6,1,3.89865887511810227e-15
2,40,6,1,4.33512690602524432e-15
2,41,6,1,4.71465907628384681e-15
2,42,6,1,5.04243795698168518e-15
2,43,6,1,5.33062778827427843e-15
2,44,6,1,5.58636863439050668e-15
2,45,6,1,5.79906538370963953e-15
2,46,6,1,5.93396723902114842e-15
2,47,6,1,5.94151176148234247e-15
2,48,6,1,5.78275830540909974e-15
2,49,6,1,5.45642658050164535e-15
2,50,6,1,5.00895262699435455e-15
2,51,6,1,4.52136615772041547e-15
2,52,6,1,4.08360724860165787e-15
2,53,6,1,3.77205921323910641e-15
2,54,6,1,3.63816744471719827e-15
2,55,6,1,3.70755384265742879e-15
2,56,6,1,3.98764265084248191e-15
2,57,6,1,4.48164412414245143e-15
2,58,6,1,5.20199058864066234e-15
2,59,6,1,6.17272465102845433e-15
2,60,6,1,7.41644853847036115e-15
2,61,6,1,8.93423586522702762e-15
2,62,6,1,1.06932954448113980e-14
2,63,6,1,1.26303581512283124e-14
2,0,7,1,5.68487517802439279e-15
2,1,7,1,5.68522034395039892e-15
2,2,7,1,5.68834589552576729e-15
2,3,7,1,5.70173579235596327e-15
2,4,7,1,5.73781897239252284e-15
2,5,7,1,5.80591660970350594e-15
2,6,7,1,5.89914910269131315e-15
2,7,7,1,5.98720325975608120e-15
2,8,7,1,6.02272189233329577e-15
2,9,7,1,5.95774726549883928e-15
2,10,7,1,5.75973383232035972e-15
2,11,7,1,5.41957387103250525e-15
2,12,7,1,4.95107359515904732e-15
2,13,7,1,4.38467452179135825e-15
2,14,7,1,3.75747203533796648e-15
2,15,7,1,3.10229946217505364e-15
2,16,7,1,2.44132301925755434e-15
2,17,7,1,1.78783900627499295e-15
2,18,7,1,1.15289739154077545e-15
2,19,7,1,5.49503730685281175e-16
2,20,7,1,-8.89345468974041598e-18
2,21,7,1,-5.12621851519020006e-16
2,22,7,1,-9.57112607925640364e-16
2,23,7,1,-1.33805784089849984e-15
2,24,7,1,-1.64284898856168534e-15
2,25,7,1,-1.84529282757077851e-15
2,26,7,1,-1.90841562862430029e-15
2,27,7,1,-1.79309399867975863e-15
2,28,7,1,-1.46646401229575231e-15
2,29,7,1,-9.06457708339228254e-16
2,30,7,1,-1.02860822378365250e-16
2,31,7,1,9.42438715026525271e-16
2,32,7,1,2.21315563667329532e-15
2,33,7,1,3.67438487947589765e-15
2,34,7,1,5.27118767471718153e-15
2,35,7,1,6.93432119654147604e-15
2,36,7,1,8.59028797259905191e-15
2,37,7,1,1.01682332733356133e-14
2,38,7,1,1.16005922451640001e-14
2,39,7,1,1.28207177946954021e-14
2,40,7,1,1.37610929257041791e-14
2,41,7,1,1.43538558995551582e-14
2,42,7,1,1.45361695770562793e-14
2,43,7,1,1.42624847614689423e-14
2,44,7,1,1.35197325814499607e-14
2,45,7,1,1.23362047844705752e-14
2,46,7,1,1.07788898181973396e-14
2,47,7,1,8.94369807028080541e-15
2,48,7,1,6.94629866593212547e-15
2,49,7,1,4.91517252720614743e-15
2,50,7,1,2.98262090650807266e-15
2,51,7,1,1.27194236656321021e-15
2,52,7,1,-1.14356674129161809e-16
2,53,7,1,-1.09946422388736923e-15
2,54,7,1,-1.63137973893938849e-15
2,55,7,1,-1.68284186092453394e-15
2,56,7,1,-1.25487232333543110e-15
2,57,7,1,-3.78684449097078544e-16
2,58,7,1,8.90785904749129189e-16
2,59,7,1,2.48954269912061033e-15
2,60,7,1,4.35991744280900956e-15
2,61,7,1,6.45852034369563330e-15
2,62,7,1,8.75337823736223666e-15
2,63,7,1,1.12120531500607690e-14
2,0,0,2,-6.91138566191219772e-15
2,1,0,2,-6.91154321004038702e-15
2,2,0,2,-6.91314749044248666e-15
2,3,0,2,-6.92126460717602462e-15
2,4,0,2,-6.94852763313282516e-15
2,5,0,2,-7.01727409768140506e-15
2,6,0,2,-7.15677280079766304e-15
2,7,0,2,-7.39497710029041189e-15
2,8,0,2,-7.74803737336494935e-15
2,9,0,2,-8.21282806844590707e-15
2,10,0,2,-8.76643270914531994e-15
2,11,0,2,-9.37201383258709844e-15
2,12,0,2,-9.98512338486407316e-15
2,13,0,2,-1.05534384467584515e-14
2,14,0,2,-1.10091269257882145e-14
2,15,0,2,-1.12617434908784952e-14
2,16,0,2,-1.12019260241433966e-14
2,17,0,2,-1.07191113149778146e-14
2,18,0,2,-9.72628028057852603e-15
2,19,0,2,-8.17984799361161363e-15
2,20,0,2,-6.08658563545742826e-15
2,21,0,2,-3.49787168359757400e-15
2,22,0,2,-4.97634291731624805e-16
2,23,0,2,2.80949266604521401e-15
2,24,0,2,6.30729108129285052e-15
2,25,0,2,9.87622459400032404e-15
2,26,0,2,1.34038305221783130e-14
2,27,0,2,1.67970478970108292e-14
2,28,0,2,1.99917817353791397e-14
2,29,0,2,2.29541286965364438e-14
2,30,0,2,2.56722252370234980e-14
2,31,0,2,2.81430762483388108e-14
2,32,0,2,3.03596056172410200e-14
2,33,0,2,3.22998294506170874e-14
2,34,0,2,3.39183535587577606e-14
2,35,0,2,3.51436341508061523e-14
2,36,0,2,3.58872782565185927e-14
2,37,0,2,3.60662021081648021e-14
2,38,0,2,3.56277914071931323e-14
2,39,0,2,3.45650869309089420e-14
2,40,0,2,3.29177874194841458e-14
2,41,0,2,3.07649786451379831e-14
2,42,0,2,2.82167054343118381e-14
2,43,0,2,2.54065719878420263e-14
2,44,0,2,2.24847691057379964e-14
2,45,0,2,1.96095835289190543e-14
2,46,0,2,1.69331169637236545e-14
2,47,0,2,1.45787092657332848e-14
2,48,0,2,1.26173621247185896e-14
2,49,0,2,1.10574408380666525e-14
2,50,0,2,9.85422291319539359e-15
2,51,0,2,8.92938914270283851e-15
2,52,0,2,8.18497169590955490e-15
2,53,0,2,7.50791369721372226e-15
2,54,0,2,6.77565117321353785e-15
2,55,0,2,5.87175055146295193e-15
2,56,0,2,4.70626074461182042e-15
2,57,0,2,3.22683638706924847e-15
2,58,0,2,1.41469928779020026e-15
2,59,0,2,-7.26345310649343474e-16
2,60,0,2,-3.17615078253849839e-15
2,61,0,2,-5.89676978714247582e-15
2,62,0,2,-8.82898609230005002e-15
2,63,0,2,-1.18926839337281202e-14
2,0,1,2,-1.20893624429817270e-14
2,1,1,2,-1.20896402697884264e-14
2,2,1,2,-1.20921136059944090e-14
2,3,1,2,-1.21029683332134728e-14
2,4,1,2,-1.21345092990703812e-14
2,5,1,2,-1.22032485638389095e-14
2,6,1,2,-1.23243056656275468e-14
2,7,1,2,-1.25057790864449916e-14
2,8,1,2,-1.27459518905071595e-14
2,9,1,2,-1.30327953629300920e-14
2,10,1,2,-1.33445966611438725e-14
2,11,1,2,-1.36520891027549704e-14
2,12,1,2,-1.39211973993282924e-14
2,13,1,2,-1.41118026823500858e-14
2,14,1,2,-1.41698574735219483e-14
2,15,1,2,-1.40190271636373223e-14
2,16,1,2,-1.35636097351506807e-14
2,17,1,2,-1.27076456725005310e-14
2,18,1,2,-1.13808558050202367e-14
2,19,1,2,-9.55517623710136835e-15
2,20,1,2,-7.24375122601941812e-15
2,21,1,2,-4.48936694703904252e-15
2,22,1,2,-1.35639991585481809e-15
2,23,1,2,2.06693911525236348e-15
2,24,1,2,5.66315810028973979e-15
2,25,1,2,9.29104341206021811e-15
2,26,1,2,1.28092057699092689e-14
2,27,1,2,1.61085405539669602e-14
2,28,1,2,1.91337881817873687e-14
2,29,1,2,2.18792997906452555e-14
2,30,1,2,2.43613045318100130e-14
2,31,1,2,2.65849117080194791e-14
2,32,1,2,2.85262841180720234e-14
2,33,1,2,3.01378388391226881e-14
2,34,1,2,3.13669107506429901e-14
2,35,1,2,3.21699013727718558e-14
2,36,1,2,3.25120823546718590e-14
2,37,1,2,3.23595012276852584e-14
2,38,1,2,3.16789170308300061e-14
2,39,1,2,3.04540091332784063e-14
2,40,1,2,2.87088705401821603e-14
2,41,1,2,2.65207760673192780e-14
2,42,1,2,2.40119491808467658e-14
2,43,1,2,2.13264769613561583e-14
2,44,1,2,1.86081296991167169e-14
2,45,1,2,1.59895358130095200e-14
2,46,1,2,1.35894408519101478e-14
2,47,1,2,1.15064826495593110e-14
2,48,1,2,9.80364572888189206e-15
2,49,1,2,8.49110888480504589e-15
2,50,1,2,7.52172372238575637e-15
2,51,1,2,6.80610963096385524e-15
2,52,1,2,6.24037674900918167e-15
2,53,1,2,5.73087372574151120e-15
2,54,1,2,5.20388540134367021e-15
2,55,1,2,4.60116343761534860e-15
2,56,1,2,3.87312167879133237e-15
2,57,1,2,2.97915717702851301e-15
2,58,1,2,1.89265531009121316e-15
2,59,1,2,6.02682682575392693e-16
2,60,1,2,-8.88435388320498506e-16
2,61,1,2,-2.56466118077314752e-15
2,62,1,2,-4.38996508957990861e-15
2,63,1,2,-6.30428623191246588e-15
2,0,2,2,-1.44066277462349956e-14
2,1,2,2,-1.44070207695225216e-14
2,2,2,2,-1.44108629109712671e-14
2,3,2,2,-1.44295603162489586e-14
2,4,2,2,-1.44896759385814908e-14
2,5,2,2,-1.46328770227101973e-14
2,6,2,2,-1.49008613065625128e-14
2,7,2,2,-1.53079334825516680e-14
2,8,2,2,-1.58183911119508941e-14
2,9,2,2,-1.63492266599951641e-14
2,10,2,2,-1.68028619311607827e-14
2,11,2,2,-1.71106499872704723e-14
2,12,2,2,-1.72564057227680978e-14
2,13,2,2,-1.72621909577978447e-14
2,14,2,2,-1.71458560646901501e-14
2,15,2,2,-1.68802807425398257e-14
2,16,2,2,-1.63825235251517307e-14
2,17,2,2,-1.55407150771160948e-14
2,18,2,2,-1.42625593003683007e-14
2,19,2,2,-1.25171767617832455e-14
2,20,2,2,-1.03475001733254607e-14
2,21,2,2,-7.84896134903029924e-15
2,22,2,2,-5.13095078238739143e-15
2,23,2,2,-2.28724327922902402e-15
2,24,2,2,6.07363227823242346e-16
2,25,2,2,3.47900889513693117e-15
2,26,2,2,6.23767979610512398e-15
2,27,2,2,8.78173266527157437e-15
2,28,2,2,1.10260811372604565e-14
2,29,2,2,1.29362395361737326e-14
2,30,2,2,1.45433625808443628e-14
2,31,2,2,1.59250952404483073e-14
2,32,2,2,1.71586225452711669e-14
2,33,2,2,1.82729502915587178e-14
2,34,2,2,1.92309022032559687e-14
2,35,2,2,1.99513731815974260e-14
2,36,2,2,2.03547065541574007e-14
2,37,2,2,2.03999719948586705e-14
2,38,2,2,2.00928835879634130e-14
2,39,2,2,1.94667924087368188e-14
2,40,2,2,1.85588560985090398e-14
2,41,2,2,1.74039300630595903e-14
2,42,2,2,1.60490212428292950e-14
2,43,2,2,1.45692377433170872e-14
2,44,2,2,1.30643320936222641e-14
2,45,2,2,1.16353214430343736e-14
2,46,2,2,1.03596042741417246e-14
2,47,2,2,9.28124324086048585e-15
2,48,2,2,8.41597198018590592e-15
2,49,2,2,7.75849314806585644e-15
2,50,2,2,7.28259446291460583e-15
2,51,2,2,6.93620880946443225e-15
2,52,2,2,6.64176914557052314e-15
2,53,2,2,6.30995245881312353e-15
2,54,2,2,5.86411116131166539e-15
2,55,2,2,5.26261866590628340e-15
2,56,2,2,4.50588959522465853e-15
2,57,2,2,3.62475510151390005e-15
2,58,2,2,2.65955279954638909e-15
2,59,2,2,1.64421228809029114e-15
2,60,2,2,6.02961832871072188e-16
2,61,2,2,-4.44347025503383144e-16
2,62,2,2,-1.47741688945757926e-15
2,63,2,2,-2.47520433714772635e-15
2,0,3,2,-9.41800602755711244e-15
2,1,3,2,-9.41814663502635666e-15
2,2,3,2,-9.41951459323617235e-15
2,3,3,2,-9.42607994561034043e-15
2,4,3,2,-9.44687460446543351e-15
2,5,3,2,-9.49594491716576963e-15
2,6,3,2,-9.58855611148676582e-15
2,7,3,2,-9.73565862937052565e-15
2,8,3,2,-9.94087099556771950e-15
2,9,3,2,-1.02018164356283518e-14
2,10,3,2,-1.05123192323339915e-14
2,11,3,2,-1.08597653710341274e-14
2,12,3,2,-1.12164729679795419e-14
2,13,3,2,-1.15313879593074292e-14
2,14,3,2,-1.17310852939850503e-14
2,15,3,2,-1.17333197668999072e-14
2,16,3,2,-1.14671972614656566e-14
2,17,3,2,-1.08901179496660380e-14
2,18,3,2,-9.99633217185508932e-15
2,19,3,2,-8.81844392023852300e-15
2,20,3,2,-7.42427342883709637e-15
2,21,3,2,-5.90783076688419610e-15
2,22,3,2,-4.37337849040677490e-15
2,23,3,2,-2.91810092460805491e-15
2,24,3,2,-1.62331556176505392e-15
2,25,3,2,-5.57339050145179470e-16
2,26,3,2,2.19678669849782636e-16
2,27,3,2,6.62551447743359471e-16
2,28,3,2,7.61686331005430664e-16
2,29,3,2,5.63380883218385191e-16
2,30,3,2,1.70537060798089338e-16
2,31,3,2,-2.83447902625847260e-16
2,32,3,2,-6.75493899419168367e-16
2,33,3,2,-9.25973029806612113e-16
2,34,3,2,-1.00887722655207401e-15
2,35,3,2,-9.40665557430566800e-16
2,36,3,2,-7.60818386932291023e-16
2,37,3,2,-5.15304087225619155e-16
2,38,3,2,-2.45293515275014115e-16
2,39,3,2,2.14228545538515698e-17
2,40,3,2,2.76151507878639514e-16
2,41,3,2,5.28038433494199509e-16
2,42,3,2,7.94194184971629830e-16
2,43,3,2,1.08716784659207855e-15
2,44,3,2,1.40926048923588039e-15
2,45,3,2,1.75737599572258407e-15
2,46,3,2,2.13263816701495922e-15
2,47,3,2,2.54522685683134485e-15
2,48,3,2,3.00915993105320759e-15
2,49,3,2,3.52861432090169520e-15
2,50,3,2,4.08196358116751090e-15
2,51,3,2,4.61214860790828962e-15
2,52,3,2,5.03231972491025893e-15
2,53,3,2,5.25005801433144938e-15
2,54,3,2,5.20111306250730689e-15
2,55,3,2,4.87331173543636628e-15
2,56,3,2,4.30475442211907325e-15
2,57,3,2,3.55822616922123192e-15
2,58,3,2,2.69155603363426150e-15
2,59,3,2,1.74505388980152054e-15
2,60,3,2,7.50846320983825349e-16
2,61,3,2,-2.49510521742478853e-16
2,62,3,2,-1.19727545935067797e-15
2,63,3,2,-2.02630080378370710e-15
2,0,4,2,-1.35119695244883750e-14
2,1,4,2,-1.35121939882193974e-14
2,2,4,2,-1.35140168031218887e-14
2,3,4,2,-1.35209616262564267e-14
2,4,4,2,-1.35370433937929968e-14
2,5,4,2,-1.35606290262092928e-14
2,6,4,2,-1.35776738702068911e-14
2,7,4,2,-1.35617632033256663e-14
2,8,4,2,-1.34833372697723379e-14
2,9,4,2,-1.33209009144444335e-14
2,10,4,2,-1.30641745454940748e-14
2,11,4,2,-1.27067469705434942e-14
2,12,4,2,-1.22360727846109081e-14
2,13,4,2,-1.16308389446775039e-14
2,14,4,2,-1.08684245888539081e-14
2,15,4,2,-9.93658416182166548e-15
2,16,4,2,-8.84166024628981612e-15
2,17,4,2,-7.61030303987782208e-15
2,18,4,2,-6.28695085561395937e-15
2,19,4,2,-4.93046189542056118e-15
2,20,4,2,-3.61142407347353825e-15
2,21,4,2,-2.41022886328032260e-15
2,22,4,2,-1.41585813474116255e-15
2,23,4,2,-7.24094849987607205e-16
2,24,4,2,-4.30589886950993221e-16
2,25,4,2,-6.13407337297493813e-16
2,26,4,2,-1.30654334482119315e-15
2,27,4,2,-2.47686727458142335e-15
2,28,4,2,-4.02046898919684870e-15
2,29,4,2,-5.78407501812560655e-15
2,30,4,2,-7.60053844406187451e-15
2,31,4,2,-9.31907003821896840e-15
2,32,4,2,-1.08180041056356487e-14
2,33,4,2,-1.20033454001551056e-14
2,34,4,2,-1.28061191818494742e-14
2,35,4,2,-1.31877405588724794e-14
2,36,4,2,-1.31500399694231378e-14
2,37,4,2,-1.27378644199267754e-14
2,38,4,2,-1.20259738853410042e-14
2,39,4,2,-1.10943621572045202e-14
2,40,4,2,-1.00060442516283071e-14
2,41,4,2,-8.80051816197578024e-15
2,42,4,2,-7.50510832409241602e-15
2,43,4,2,-6.15280031852666505e-15
2,44,4,2,-4.79005093782011032e-15
2,45,4,2,-3.46730247628940311e-15
2,46,4,2,-2.22149192318193533e-15
2,47,4,2,-1.06765421919058920e-15
2,48,4,2,-7.73175479284543093e-18
2,49,4,2,9.51639928053430329e-16
2,50,4,2,1.78815622011373968e-15
2,51,4,2,2.46845411983282002e-15
2,52,4,2,2.96340702289079293e-15
2,53,4,2,3.26092861616328680e-15
2,54,4,2,3.36671456094587637e-15
2,55,4,2,3.29487197921684519e-15
2,56,4,2,3.05883883692614593e-15
2,57,4,2,2.67113279872653944e-15
2,58,4,2,2.15128940899702529e-15
2,59,4,2,1.53349174111523483e-15
2,60,4,2,8.65403344874792401e-16
2,61,4,2,1.97542191692230544e-16
2,62,4,2,-4.28464681286332182e-16
2,63,4,2,-9.83244739018738004e-16
2,0,5,2,-1.42638993064908570e-14
2,1,5,2,-1.42642957179101720e-14
2,2,5,2,-1.42676804615674002e-14
2,3,5,2,-1.42814786282781728e-14
2,4,5,2,-1.43166304955892262e-14
2,5,5,2,-1.43765902638594636e-14
2,6,5,2,-1.44385710527418498e-14
2,7,5,2,-1.44395824100808715e-14
2,8,5,2,-1.42808806230174112e-14
2,9,5,2,-1.38534474690421572e-14
2,10,5,2,-1.30731098960546605e-14
2,11,5,2,-1.19082871276494917e-14
2,12,5,2,-1.03881450492994583e-14
2,13,5,2,-8.58909450317637060e-15
2,14,5,2,-6.60737156109899963e-15
2,15,5,2,-4.53137258144280415e-15
2,16,5,2,-2.42650333081239310e-15
2,17,5,2,-3.37688663254901247e-16
2,18,5,2,1.69517508415303018e-15
2,19,5,2,3.61934044339857694e-15
2,20,5,2,5.35870269531102221e-15
2,21,5,2,6.81530120899098528e-15
2,22,5,2,7.88136035926277623e-15
2,23,5,2,8.45640255682424818e-15
2,24,5,2,8.46379546038788372e-15
2,25,5,2,7.86394366780133330e-15
2,26,5,2,6.66347775297570361e-15
2,27,5,2,4.91913198271808766e-15
2,28,5,2,2.73391149264523917e-15
2,29,5,2,2.45095865430728244e-16
2,30,5,2,-2.39237086765336018e-15
2,31,5,2,-5.02160560516043929e-15
2,32,5,2,-7.49537252739667509e-15
2,33,5,2,-9.68449106309278787e-15
2,34,5,2,-1.14863003955250828e-14
2,35,5,2,-1.28345964295361638e-14
2,36,5,2,-1.37080339348552224e-14
2,37,5,2,-1.41309676498146616e-14
2,38,5,2,-1.41631066209323316e-14
2,39,5,2,-1.38808455967540448e-14
2,40,5,2,-1.33579865579740685e-14
2,41,5,2,-1.26528062183964458e-14
2,42,5,2,-1.18044324179866419e-14
2,43,5,2,-1.08380660809913668e-14
2,44,5,2,-9.77636872688146183e-15
2,45,5,2,-8.65280239223820830e-15
2,46,5,2,-7.52160429074019352e-15
2,47,5,2,-6.45822303513114704e-15
2,48,5,2,-5.54525619622962471e-15
2,49,5,2,-4.84542910487864922e-15
2,50,5,2,-4.37363937655452922e-15
2,51,5,2,-4.08612505403737128e-15
2,52,5,2,-3.89781565381911062e-15
2,53,5,2,-3.72076247443691235e-15
2,54,5,2,-3.50065905726875109e-15
2,55,5,2,-3.22869202449844583e-15
2,56,5,2,-2.92321827415889177e-15
2,57,5,2,-2.59666208552041498e-15
2,58,5,2,-2.23164403657125174e-15
2,59,5,2,-1.78176493301023236e-15
2,60,5,2,-1.19468565611444795e-15
2,61,5,2,-4.40777152207620692e-16
2,62,5,2,4.71382940751201122e-16
2,63,5,2,1.50069017847457523e-15
2,0,6,2,-4.31507678913078778e-15
2,1,6,2,-4.31519325616103525e-15
2,2,6,2,-4.31625628250983939e-15
2,3,6,2,-4.32081331976606753e-15
2,4,6,2,-4.33273361443277730e-15
2,5,6,2,-4.35268039330766882e-15
2,6,6,2,-4.36947959775056335e-15
2,7,6,2,-4.35198963793918293e-15
2,8,6,2,-4.24783931377774142e-15
2,9,6,2,-3.99230006150295968e-15
2,10,6,2,-3.52479759044136733e-15
2,11,6,2,-2.80610559304738088e-15
2,12,6,2,-1.82869712279346182e-15
2,13,6,2,-6.16029327785719500e-16
2,14,6,2,7.87849325861543883e-16
2,15,6,2,2.33173897873947648e-15
2,16,6,2,3.96581037662700232e-15
2,17,6,2,5.64137834211698996e-15
2,18,6,2,7.30472997492520246e-15
2,19,6,2,8.89167923589107706e-15
2,20,6,2,1.03281505526783834e-14
2,21,6,2,1.15371096668661320e-14
2,22,6,2,1.24478869255990020e-14
2,23,6,2,1.30033304748269039e-14
2,24,6,2,1.31632223431812564e-14
2,25,6,2,1.29056912929310062e-14
2,26,6,2,1.22287984656598882e-14
2,27,6,2,1.11520383246489600e-14
2,28,6,2,9.71533068566936969e-15
2,29,6,2,7.97382671094979192e-15
2,30,6,2,5.98974266453194959e-15
2,31,6,2,3.82492084541135278e-15
2,32,6,2,1.53774744640047725e-15
2,33,6,2,-8.14755327431076733e-16
2,34,6,2,-3.17266778305938871e-15
2,35,6,2,-5.47110481444461512e-15
2,36,6,2,-7.64260802945315385e-15
2,37,6,2,-9.62309642100990167e-15
2,38,6,2,-1.13590819760781177e-14
2,39,6,2,-1.28140956911137679e-14
2,40,6,2,-1.39719558486925063e-14
2,41,6,2,-1.48347961248084664e-14
2,42,6,2,-1.54167128417698543e-14
2,43,6,2,-1.57373791868095983e-14
2,44,6,2,-1.58191771585259461e-14
2,45,6,2,-1.56877549145617579e-14
2,46,6,2,-1.53744035460545020e-14
2,47,6,2,-1.49194638441501118e-14
2,48,6,2,-1.43742609232545143e-14
2,49,6,2,-1.37957272558844601e-14
2,50,6,2,-1.32301277816189791e-14
2,51,6,2,-1.26920136794589529e-14
2,52,6,2,-1.21523520481042931e-14
2,53,6,2,-1.15455867726022531e-14
2,54,6,2,-1.07911269031863224e-14
2,55,6,2,-9.81481131719259825e-15
2,56,6,2,-8.55980664495915866e-15
2,57,6,2,-6.98845549571697200e-15
2,58,6,2,-5.08270166812941834e-15
2,59,6,2,-2.84651901726854124e-15
2,60,6,2,-3.07920166779681692e-16
2,61,6,2,2.48172246743508500e-15
2,62,6,2,5.45015896020843715e-15
2,63,6,2,8.50713559520004450e-15
2,0,7,2,1.51389764558375632e-15
2,1,7,2,1.51385899970553784e-15
2,2,7,2,1.51352696279021415e-15
2,3,7,2,1.51185195513701878e-15
2,4,7,2,1.50550704308737363e-15
2,5,7,2,1.48648829468531760e-15
2,6,7,2,1.44067958822750256e-15
2,7,7,2,1.35091844801578029e-15
2,8,7,2,1.20655883457346669e-15
2,9,7,2,1.01654361587855428e-15
2,10,7,2,8.18625897423114462e-16
2,11,7,2,6.78037327601536217e-16
2,12,7,2,6.74801555863906383e-16
2,13,7,2,8.85372517183226956e-16
2,14,7,2,1.36616101765985824e-15
2,15,7,2,2.14300817962995681e-15
2,16,7,2,3.20610694975109398e-15
2,17,7,2,4.50877840109126932e-15
2,18,7,2,5.97066197684562559e-15
2,19,7,2,7.48758575351256631e-15
2,20,7,2,8.94890224070873583e-15
2,21,7,2,1.02586896158387945e-14
2,22,7,2,1.13526589252390883e-14
2,23,7,2,1.22023769669361848e-14
2,24,7,2,1.28049790755024699e-14
2,25,7,2,1.31662742028902137e-14
2,26,7,2,1.32888678224451703e-14
2,27,7,2,1.31703755364208190e-14
2,28,7,2,1.28066621299686642e-14
2,29,7,2,1.21919923430028471e-14
2,30,7,2,1.13142730861354179e-14
2,31,7,2,1.01513959524100923e-14
2,32,7,2,8.67577985499837570e-15
2,33,7,2,6.86836655258704631e-15
2,34,7,2,4.73607545732222454e-15
2,35,7,2,2.32371842376192551e-15
2,36,7,2,-2.85521942206538220e-16
2,37,7,2,-2.98020876843252923e-15
2,38,7,2,-5.63628216838983447e-15
2,39,7,2,-8.13388375072885902e-15
2,40,7,2,-1.03727874949327906e-14
2,41,7,2,-1.22835083237230434e-14
2,42,7,2,-1.38312746875818814e-14
2,43,7,2,-1.50124257101112712e-14
2,44,7,2,-1.58449269601224768e-14
2,45,7,2,-1.63553219090836061e-14
2,46,7,2,-1.65658299252670338e-14
2,47,7,2,-1.64879554101623679e-14
2,48,7,2,-1.61275835486871313e-14
2,49,7,2,-1.54988496266651038e-14
2,50,7,2,-1.46355638112188879e-14
2,51,7,2,-1.35888894334614853e-14
2,52,7,2,-1.24102227585663923e-14
2,53,7,2,-1.11302306143889508e-14
2,54,7,2,-9.74735615437210753e-15
2,55,7,2,-8.23063778319487599e-15
2,56,7,2,-6.53229945450032462e-15
2,57,7,2,-4.60366684349095869e-15
2,58,7,2,-2.41084613854063417e-15
2,59,7,2,5.19190466293523997e-17
2,60,7,2,2.75405393613094643e-15
2,61,7,2,5.62796557539721812e-15
2,62,7,2,8.57590365908877938e-15
2,63,7,2,1.14828580536274413e-14
2,0,0,3,3.98885009630879292e-15
2,1,0,3,3.98937356267019608e-15
2,2,0,3,3.99447015991382520e-15
2,3,0,3,4.01938986922204672e-15
2,4,0,3,4.10112897214856033e-15
2,5,0,3,4.30417462806667768e-15
2,6,0,3,4.71344993675164130e-15
2,7,0,3,5.41436292434099679e-15
2,8,0,3,6.46846832214466143e-15
2,9,0,3,7.89434198621239563e-15
2,10,0,3,9.65795267382236339e-15
2,11,0,3,1.16718819261367110e-14
2,12,0,3,1.38012151823497208e-14
2,13,0,3,1.58744375880048166e-14
2,14,0,3,1.76984180078314929e-14
2,15,0,3,1.90765558596072901e-14
2,16,0,3,1.98285686508386030e-14
2,17,0,3,1.98106877853220648e-14
2,18,0,3,1.89351420149972902e-14
2,19,0,3,1.71858411019982366e-14
2,20,0,3,1.46248335978430705e-14
2,21,0,3,1.13864750215923217e-14
2,22,0,3,7.66282839997000850e-15
2,23,0,3,3.68725427456000586e-15
2,24,0,3,-2.80322377520258494e-16
2,25,0,3,-3.96918537940533708e-15
2,26,0,3,-7.11973205001423248e-15
2,27,0,3,-9.51222573744494454e-15
2,28,0,3,-1.09954270148993234e-14
2,29,0,3,-1.15045522614725185e-14
2,30,0,3,-1.10630905478248387e-14
2,31,0,3,-9.77166938809009497e-15
2,32,0,3,-7.79089639346306970e-15
2,33,0,3,-5.32277706340265194e-15
2,34,0,3,-2.59219165738304360e-15
2,35,0,3,1.71710122020697739e-16
2,36,0,3,2.75515105555587756e-15
2,37,0,3,4.98052493073507935e-15
2,38,0,3,6.72503544890093626e-15
2,39,0,3,7.93162244731989916e-15
2,40,0,3,8.60932503808859231e-15
2,41,0,3,8.82504145986468674e-15
2,42,0,3,8.69001254961108971e-15
2,43,0,3,8.34248848387980635e-15
2,44,0,3,7.92710183248040295e-15
2,45,0,3,7.57384165963031347e-15
2,46,0,3,7.38235122717863929e-15
2,47,0,3,7.41579462903508083e-15
2,48,0,3,7.70205703685619691e-15
2,49,0,3,8.23493054617156078e-15
2,50,0,3,8.97022629515586284e-15
2,51,0,3,9.81977323619761394e-15
2,52,0,3,1.06516129534770139e-14
2,53,0,3,1.13022706292728245e-14
2,54,0,3,1.15989574715757993e-14
2,55,0,3,1.13832774722164368e-14
2,56,0,3,1.05283984587717198e-14
2,57,0,3,8.94801709127885508e-15
2,58,0,3,6.60140209640322495e-15
2,59,0,3,3.49864798929373257e-15
2,60,0,3,-2.94513249881201821e-16
2,61,0,3,-4.65709344663902368e-15
2,62,0,3,-9.42240890481694029e-15
2,63,0,3,-1.43957721719829845e-14
2,0,1,3,1.44233312359548504e-14
2,1,1,3,1.44238106566029964e-14
2,2,1,3,1.44282457211148199e-14
2,3,1,3,1.44487354481089014e-14
2,4,1,3,1.45120376083890043e-14
2,5,1,3,1.46598855152663479e-14
2,6,1,3,1.49396367808219202e-14
2,7,1,3,1.53882999685871560e-14
2,8,1,3,1.60175268637844856e-14
2,9,1,3,1.68050794634166945e-14
2,10,1,3,1.76932087552058789e-14
2,11,1,3,1.85919395113628982e-14
2,12,1,3,1.93858956800763496e-14
2,13,1,3,1.99443648309918439e-14
2,14,1,3,2.01344271658944474e-14
2,15,1,3,1.98367713178998137e-14
2,16,1,3,1.89625435308409668e-14
2,17,1,3,1.74682384984810313e-14
2,18,1,3,1.53658400429577610e-14
2,19,1,3,1.27267191604068033e-14
2,20,1,3,9.67847035290370430e-15
2,21,1,3,6.39466252980213160e-15
2,22,1,3,3.07923284919718772e-15
2,23,1,3,-5.12449440609584353e-17
2,24,1,3,-2.78503162507793070e-15
2,25,1,3,-4.93238550724377570e-15
2,26,1,3,-6.34398031340317053e-15
2,27,1,3,-6.93020800454960915e-15
2,28,1,3,-6.67606254498953437e-15
2,29,1,3,-5.64412442293198841e-15
2,30,1,3,-3.96337896855190885e-15
2,31,1,3,-1.80919249511703704e-15
2,32,1,3,6.18678846844730951e-16
2,33,1,3,3.11730062742916411e-15
2,34,1,3,5.50053073903222951e-15
2,35,1,3,7.61578080194771564e-15
2,36,1,3,9.35504437452180579e-15
2,37,1,3,1.06597190587822375e-14
2,38,1,3,1.15199631789148632e-14
2,39,1,3,1.19690083785393107e-14
2,40,1,3,1.20734797281877616e-14
2,41,1,3,1.19210307383409327e-14
2,42,1,3,1.16050002046215114e-14
2,43,1,3,1.12058401633926587e-14
2,44,1,3,1.07740947646829330e-14
2,45,1,3,1.03240305844229385e-14
2,46,1,3,9.84260839742264262e-15
2,47,1,3,9.30787480375510831e-15
2,48,1,3,8.70455356421660428e-15
2,49,1,3,8.02841883143327883e-15
2,50,1,3,7.28063612274055388e-15
2,51,1,3,6.46033892343338828e-15
2,52,1,3,5.56289862197151090e-15
2,53,1,3,4.58492158085174739e-15
2,54,1,3,3.53105038765799857e-15
2,55,1,3,2.41623771500814460e-15
2,56,1,3,1.26078768380169992e-15
2,57,1,3,8.16469814760548043e-17
2,58,1,3,-1.11305285582281475e-15
2,59,1,3,-2.32236041818924006e-15
2,60,1,3,-3.54681981179526869e-15
2,61,1,3,-4.78449990740027926e-15
2,62,1,3,-6.03027446160748874e-15
2,63,1,3,-7.27500589474015455e-15
2,0,2,3,1.74372303163479458e-14
2,1,2,3,1.74375792939222146e-14
2,2,2,3,1.74409132156026075e-14
2,3,2,3,1.74566917453440607e-14
2,4,2,3,1.75065311639605037e-14
2,5,2,3,1.76257527453524410e-14
2,6,2,3,1.78578499372954863e-14
2,7,2,3,1.82426620874307985e-14
2,8,2,3,1.88018918739329272e-14
2,9,2,3,1.95262304047115476e-14
2,10,2,3,2.03683590312012455e-14
2,11,2,3,2.12448195971090548e-14
2,12,2,3,2.20461009067503613e-14
2,13,2,3,2.26500133752860489e-14
2,14,2,3,2.29334255172396542e-14
2,15,2,3,2.27824859401048324e-14
2,16,2,3,2.21052288886663950e-14
2,17,2,3,2.08478779351690610e-14
2,18,2,3,1.90103958101631512e-14
2,19,2,3,1.66536570775019377e-14
2,20,2,3,1.38930471063592430e-14
2,21,2,3,1.08804566918696555e-14
2,22,2,3,7.78369322527961913e-15
2,23,2,3,4.77196043164912660e-15
2,24,2,3,2.00737957004970373e-15
2,25,2,3,-3.65412078088314099e-16
2,26,2,3,-2.23734350951508912e-15
2,27,2,3,-3.55581424290392530e-15
2,28,2,3,-4.33593794007224032e-15
2,29,2,3,-4.65363458759891074e-15
2,30,2,3,-4.62390542521617931e-15
2,31,2,3,-4.37501326399497570e-15
2,32,2,3,-4.02620679038154933e-15
2,33,2,3,-3.67008618726858207e-15
2,34,2,3,-3.35915945057284164e-15
2,35,2,3,-3.09852338929619397e-15
2,36,2,3,-2.84735736812808619e-15
2,37,2,3,-2.52971408367709278e-15
2,38,2,3,-2.05179395439721978e-15
2,39,2,3,-1.32038915713524876e-15
2,40,2,3,-2.58103273945679704e-16
2,41,2,3,1.18419748240330839e-15
2,42,2,3,3.01396281962237628e-15
2,43,2,3,5.18248341986539580e-15
2,44,2,3,7.57632685429755759e-15
2,45,2,3,1.00234617901226973e-14
2,46,2,3,1.23166688165751020e-14
2,47,2,3,1.42477260593959834e-14
2,48,2,3,1.56407581385163003e-14
2,49,2,3,1.63748714295062353e-14
2,50,2,3,1.63929742176549542e-14
2,51,2,3,1.57000030109790550e-14
2,52,2,3,1.43557481711593243e-14
2,53,2,3,1.24659761612205648e-14
2,54,2,3,1.01731392881661102e-14
2,55,2,3,7.64497802763957138e-15
2,56,2,3,5.05825799133755374e-15
2,57,2,3,2.57896036747222099e-15
2,58,2,3,3.45242079562041470e-16
2,59,2,3,-1.54189261388610298e-15
2,60,2,3,-3.02162042098202879e-15
2,61,2,3,-4.07386636970823342e-15
2,62,2,3,-4.71764402038997097e-15
2,63,2,3,-5.00459379544778392e-15
2,0,3,3,1.41110733869824999e-14
2,1,3,3,1.41113562959868828e-14
2,2,3,3,1.41141167763619846e-14
2,3,3,3,1.41271441430907557e-14
2,4,3,3,1.41671130867728444e-14
2,5,3,3,1.42576786965262214e-14
2,6,3,3,1.44205800729421685e-14
2,7,3,3,1.46639529674790631e-14
2,8,3,3,1.49748309997803364e-14
2,9,3,3,1.53204323007213525e-14
2,10,3,3,1.56576683042752851e-14
2,11,3,3,1.59455968259036504e-14
2,12,3,3,1.61532842223727213e-14
2,13,3,3,1.62575048502687849e-14
2,14,3,3,1.62319109027345490e-14
2,15,3,3,1.60368409090477781e-14
2,16,3,3,1.56198652238393257e-14
2,17,3,3,1.49293825999624596e-14
2,18,3,3,1.39345008987978684e-14
2,19,3,3,1.26405073000023134e-14
2,20,3,3,1.10918134350662320e-14
2,21,3,3,9.36129124250780625e-15
2,22,3,3,7.53276479685321618e-15
2,23,3,3,5.68678142567218860e-15
2,24,3,3,3.89528683695508290e-15
2,25,3,3,2.22211788052995626e-15
2,26,3,3,7.20844943387670065e-16
2,27,3,3,-5.75723106171946008e-16
2,28,3,3,-1.67098467021239462e-15
2,29,3,3,-2.61382869050418108e-15
2,30,3,3,-3.49146133825275345e-15
2,31,3,3,-4.40464120594051024e-15
2,32,3,3,-5.43444946365218527e-15
2,33,3,3,-6.61425539786133533e-15
2,34,3,3,-7.91744311578286217e-15
2,35,3,3,-9.26290497755243025e-15
2,36,3,3,-1.05319280450629285e-14
2,37,3,3,-1.15876394173345873e-14
2,38,3,3,-1.22923225485721717e-14
2,39,3,3,-1.25224707177035849e-14
2,40,3,3,-1.21823293911405700e-14
2,41,3,3,-1.12158512457962573e-14
2,42,3,3,-9.61730102158478775e-15
2,43,3,3,-7.44018748385011017e-15
2,44,3,3,-4.80043979691818432e-15
2,45,3,3,-1.86728540277152598e-15
2,46,3,3,1.15962442132875069e-15
2,47,3,3,4.07882701816382823e-15
2,48,3,3,6.70994555694560089e-15
2,49,3,3,8.90619229840933224e-15
2,50,3,3,1.05606712610950559e-14
2,51,3,3,1.16117603745735480e-14
2,52,3,3,1.20468312246341941e-14
2,53,3,3,1.18998083278474762e-14
2,54,3,3,1.12411258619093783e-14
2,55,3,3,1.01639532158531373e-14
2,56,3,3,8.77247205405924310e-15
2,57,3,3,7.17550324036029738e-15
2,58,3,3,5.48369722975497118e-15
2,59,3,3,3.80476273181612132e-15
2,60,3,3,2.23312592071247314e-15
2,61,3,3,8.37233464268837728e-16
2,62,3,3,-3.47650061882187437e-16
2,63,3,3,-1.31604599569820234e-15
2,0,4,3,1.69818620157722450e-14
2,1,4,3,1.69819602715941265e-14
2,2,4,3,1.69828513502546380e-14
2,3,4,3,1.69861005686403055e-14
2,4,4,3,1.69909862546800683e-14
2,5,4,3,1.69851620561347477e-14
2,6,4,3,1.69333185575651010e-14
2,7,4,3,1.67745151265479703e-14
2,8,4,3,1.64354105683123947e-14
2,9,4,3,1.58553793466915949e-14
2,10,4,3,1.50104182420262786e-14
2,11,4,3,1.39235682445476572e-14
2,12,4,3,1.26581552314583567e-14
2,13,4,3,1.12990934086876736e-14
2,14,4,3,9.93114282216850386e-15
2,15,4,3,8.62165360263587865e-15
2,16,4,3,7.41159673374848851e-15
2,17,4,3,6.31529554264440365e-15
2,18,4,3,5.32706940286286311e-15
2,19,4,3,4.43092887345854745e-15
2,20,4,3,3.60823075926238954e-15
2,21,4,3,2.84068507784432725e-15
2,22,4,3,2.11150151860741223e-15
2,23,4,3,1.40954530406439465e-15
2,24,4,3,7.36672336342267904e-16
2,25,4,3,1.11797178790575729e-16
2,26,4,3,-4.35718009702127968e-16
2,27,4,3,-8.84152472101825543e-16
2,28,4,3,-1.24055894883449112e-15
2,29,4,3,-1.55236194111416613e-15
2,30,4,3,-1.90158557845411524e-15
2,31,4,3,-2.38370614411942232e-15
2,32,4,3,-3.08061203059355453e-15
2,33,4,3,-4.03872466679254701e-15
2,34,4,3,-5.26010848376709528e-15
2,35,4,3,-6.70785338556588277e-15
2,36,4,3,-8.31961774727099299e-15
2,37,4,3,-1.00205251268945666e-14
2,38,4,3,-1.17312707942004990e-14
2,39,4,3,-1.33735651879399696e-14
2,40,4,3,-1.48755197748465587e-14
2,41,4,3,-1.61756933260252811e-14
2,42,4,3,-1.72234951046354792e-14
2,43,4,3,-1.79773442632964395e-14
2,44,4,3,-1.84048146867213727e-14
2,45,4,3,-1.84864568043754257e-14
2,46,4,3,-1.82200734127934208e-14
2,47,4,3,-1.76202571955906551e-14
2,48,4,3,-1.67116280124120220e-14
2,49,4,3,-1.55194460798105394e-14
2,50,4,3,-1.40639427797313761e-14
2,51,4,3,-1.23636325583356167e-14
2,52,4,3,-1.04486172725027845e-14
2,53,4,3,-8.37790970766808668e-15
2,54,4,3,-6.24920029122072972e-15
2,55,4,3,-4.19147604740154577e-15
2,56,4,3,-2.34137884895394086e-15
2,57,4,3,-8.14626472543975673e-16
2,58,4,3,3.14034659397894071e-16
2,59,4,3,1.01557439842865855e-15
2,60,4,3,1.29882062780372048e-15
2,61,4,3,1.19818104345041122e-15
2,62,4,3,7.63925886117971034e-16
2,63,4,3,5.72399388591589536e-17
2,0,5,3,2.23309513106484045e-14
2,1,5,3,2.23311596807534291e-14
2,2,5,3,2.23329232033496125e-14
2,3,5,3,2.23394724620977828e-14
2,4,5,3,2.23522423308105886e-14
2,5,5,3,2.23590287587839900e-14
2,6,5,3,2.23188522920298241e-14
2,7,5,3,2.21565523090064276e-14
2,8,5,3,2.17769985394076701e-14
2,9,5,3,2.10951827566471101e-14
2,10,5,3,2.00668288545058707e-14
2,11,5,3,1.87042086463237722e-14
2,12,5,3,1.70714238914831257e-14
2,13,5,3,1.52634862756774459e-14
2,14,5,3,1.33787862990268451e-14
2,15,5,3,1.14953052027873433e-14
2,16,5,3,9.65773159822313002e-15
2,17,5,3,7.87702100947399245e-15
2,18,5,3,6.13928590785322269e-15
2,19,5,3,4.41875955110534492e-15
2,20,5,3,2.68905432182454593e-15
2,21,5,3,9.29345915002578737e-16
2,22,5,3,-8.72477022896431470e-16
2,23,5,3,-2.71446001628625460e-15
2,24,5,3,-4.57184932137677177e-15
2,25,5,3,-6.39139001801041461e-15
2,26,5,3,-8.09731479729704912e-15
2,27,5,3,-9.61073821030946143e-15
2,28,5,3,-1.08736770401598321e-14
2,29,5,3,-1.18645277115284400e-14
2,30,5,3,-1.25978312390208000e-14
2,31,5,3,-1.31119599092134262e-14
2,32,5,3,-1.34543424849548759e-14
2,33,5,3,-1.36718749453698836e-14
2,34,5,3,-1.38082082863622523e-14
2,35,5,3,-1.39046548458684159e-14
2,36,5,3,-1.40004813772571894e-14
2,37,5,3,-1.41315927601297353e-14
2,38,5,3,-1.43301084838459367e-14
2,39,5,3,-1.46259482932016571e-14
2,40,5,3,-1.50466763343664461e-14
2,41,5,3,-1.56110442227266194e-14
2,42,5,3,-1.63176187785354226e-14
2,43,5,3,-1.71358661581102328e-14
2,44,5,3,-1.80055657070330583e-14
2,45,5,3,-1.88437386896590786e-14
2,46,5,3,-1.95540080031838051e-14
2,47,5,3,-2.00347347761344052e-14
2,48,5,3,-2.01866433589608860e-14
2,49,5,3,-1.99230738108296598e-14
2,50,5,3,-1.91841256557767972e-14
2,51,5,3,-1.79512116028077498e-14
2,52,5,3,-1.62558920995372128e-14
2,53,5,3,-1.41789122557280968e-14
2,54,5,3,-1.18404855283535740e-14
2,55,5,3,-9.38673441817743093e-15
2,56,5,3,-6.97674145357291865e-15
2,57,5,3,-4.77064668354793518e-15
2,58,5,3,-2.91621945267396630e-15
2,59,5,3,-1.53286557200897709e-15
2,60,5,3,-6.96102422784102308e-16
2,61,5,3,-4.28187251526326797e-16
2,62,5,3,-6.98903296042876262e-16
2,63,5,3,-1.43577876147380759e-15
2,0,6,3,1.70671582335607530e-14
2,1,6,3,1.70671717860879091e-14
2,2,6,3,1.70677104990423628e-14
2,3,6,3,1.70711240418197976e-14
2,4,6,3,1.70816306384975400e-14
2,5,6,3,1.71003890301474337e-14
2,6,6,3,1.71165571950446238e-14
2,7,6,3,1.71018781140687068e-14
2,8,6,3,1.70157026760809488e-14
2,9,6,3,1.68194976582448572e-14
2,10,6,3,1.64922566434685253e-14
2,11,6,3,1.60371221239862666e-14
2,12,6,3,1.54755341977589819e-14
2,13,6,3,1.48328835244135662e-14
2,14,6,3,1.41236162508654416e-14
2,15,6,3,1.33423486357018596e-14
2,16,6,3,1.24639238003893676e-14
2,17,6,3,1.14518388600660416e-14
2,18,6,3,1.02717203706993547e-14
2,19,6,3,8.90392563824247973e-15
2,20,6,3,7.34929153124730394e-15
2,21,6,3,5.62683055124789736e-15
2,22,6,3,3.76841358343412390e-15
2,23,6,3,1.81664638505287489e-15
2,24,6,3,-1.72831937749997255e-16
2,25,6,3,-2.12924643533591619e-15
2,26,6,3,-3.97086758683858412e-15
2,27,6,3,-5.61744034399463618e-15
2,28,6,3,-7.00587769289257208e-15
2,29,6,3,-8.10105614182507136e-15
2,30,6,3,-8.89802520673190628e-15
2,31,6,3,-9.41854304644567167e-15
2,32,6,3,-9.70561013556667934e-15
2,33,6,3,-9.81651808858131567e-15
2,34,6,3,-9.81496124202426226e-15
2,35,6,3,-9.76505151967319712e-15
2,36,6,3,-9.72853169415232796e-15
2,37,6,3,-9.76251973819385402e-15
2,38,6,3,-9.91518387440928559e-15
2,39,6,3,-1.02203080118998604e-14
2,40,6,3,-1.06933293261292882e-14
2,41,6,3,-1.13297720950042771e-14
2,42,6,3,-1.21056212404042733e-14
2,43,6,3,-1.29794009470340227e-14
2,44,6,3,-1.38955289128946981e-14
2,45,6,3,-1.47879840019455103e-14
2,46,6,3,-1.55841339859923503e-14
2,47,6,3,-1.62098931283036207e-14
2,48,6,3,-1.65973090577187926e-14
2,49,6,3,-1.66939097772213565e-14
2,50,6,3,-1.64717550580131822e-14
2,51,6,3,-1.59332199804783706e-14
2,52,6,3,-1.51102461570578814e-14
2,53,6,3,-1.40556460920130202e-14
2,54,6,3,-1.28293160261429805e-14
2,55,6,3,-1.14872575427554802e-14
2,56,6,3,-1.00813107522883770e-14
2,57,6,3,-8.66973288678792725e-15
2,58,6,3,-7.32832153657212923e-15
2,59,6,3,-6.15003941463508966e-15
2,60,6,3,-5.23097520906275724e-15
2,61,6,3,-4.65186979445330641e-15
2,62,6,3,-4.46568051770202326e-15
2,63,6,3,-4.69299197349308181e-15
2,0,7,3,1.19237141387178343e-14
2,1,7,3,1.19238115475067685e-14
2,2,7,3,1.19247864824290582e-14
2,3,7,3,1.19297365429728124e-14
2,4,7,3,1.19467746107068326e-14
2,5,7,3,1.19918045762487657e-14
2,6,7,3,1.20893776895747776e-14
2,7,7,3,1.22694484238315693e-14
2,8,7,3,1.25593132627773579e-14
2,9,7,3,1.29732337001450641e-14
2,10,7,3,1.35047951554251311e-14
2,11,7,3,1.41264055303607500e-14
2,12,7,3,1.47951143252954970e-14
2,13,7,3,1.54583936390383439e-14
2,14,7,3,1.60546743407192702e-14
2,15,7,3,1.65106999388620404e-14
2,16,7,3,1.67423312626840959e-14
2,17,7,3,1.66635182350738723e-14
2,18,7,3,1.62025561289145040e-14
2,19,7,3,1.53186941891135867e-14
2,20,7,3,1.40102790073580799e-14
2,21,7,3,1.23121473547026586e-14
2,22,7,3,1.02887330274449573e-14
2,23,7,3,8.02908459932982072e-15
2,24,7,3,5.64275646472217271e-15
2,25,7,3,3.25161591242469940e-15
2,26,7,3,9.74690341526180011e-16
2,27,7,3,-1.09225343240739337e-15
2,28,7,3,-2.89510376833186384e-15
2,29,7,3,-4.42795832891252662e-15
2,30,7,3,-5.72457603577867548e-15
2,31,7,3,-6.84193785408329126e-15
2,32,7,3,-7.84561048669096123e-15
2,33,7,3,-8.80046564593305047e-15
2,34,7,3,-9.76553009328839580e-15
2,35,7,3,-1.07910379647268607e-14
2,36,7,3,-1.19150718615569987e-14
2,37,7,3,-1.31577039235298947e-14
2,38,7,3,-1.45143025744899623e-14
2,39,7,3,-1.59519631255352137e-14
2,40,7,3,-1.74102421525825293e-14
2,41,7,3,-1.88044651600266857e-14
2,42,7,3,-2.00320276588349805e-14
2,43,7,3,-2.09849363363642794e-14
2,44,7,3,-2.15689587772325414e-14
2,45,7,3,-2.17234914681296160e-14
2,46,7,3,-2.14336283232497218e-14
2,47,7,3,-2.07292492768402017e-14
2,48,7,3,-1.96716253041736427e-14
2,49,7,3,-1.83345160342969493e-14
2,50,7,3,-1.67903444782662586e-14
2,51,7,3,-1.51077406335999032e-14
2,52,7,3,-1.33556377356113323e-14
2,53,7,3,-1.16025793844582586e-14
2,54,7,3,-9.90614687989502946e-15
2,55,7,3,-8.30039687563189840e-15
2,56,7,3,-6.79473355496575636e-15
2,57,7,3,-5.38902096910856901e-15
2,58,7,3,-4.09572913710981416e-15
2,59,7,3,-2.95454261133953986e-15
2,60,7,3,-2.03193886683886854e-15
2,61,7,3,-1.40843537326613630e-15
2,62,7,3,-1.16014100554745741e-15
2,63,7,3,-1.33985958585642814e-15
2,0,0,4,0.00000000000000000e0
2,1,0,4,0.00000000000000000e0
2,2,0,4,0.00000000000000000e0
2,3,0,4,0.00000000000000000e0
2,4,0,4,0.00000000000000000e0
2,5,0,4,0.00000000000000000e0
2,6,0,4,0.00000000000000000e0
2,7,0,4,0.00000000000000000e0
2,8,0,4,0.00000000000000000e0
2,9,0,4,0.00000000000000000e0
2,10,0,4,0.00000000000000000e0
2,11,0,4,0.00000000000000000e0
2,12,0,4,0.00000000000000000e0
2,13,0,4,0.00000000000000000e0
2,14,0,4,0.00000000000000000e0
2,15,0,4,0.00000000000000000e0
2,16,0,4,0.00000000000000000e0
2,17,0,4,0.00000000000000000e0
2,18,0,4,0.00000000000000000e0
2,19,0,4,0.00000000000000000e0
2,20,0,4,0.00000000000000000e0
2,21,0,4,0.00000000000000000e0
2,22,0,4,0.00000000000000000e0
2,23,0,4,0.00000000000000000e0
2,24,0,4,0.00000000000000000e0
2,25,0,4,0.00000000000000000e0
2,26,0,4,0.00000000000000000e0
2,27,0,4,0.00000000000000000e0
2,28,0,4,0.00000000000000000e0
2,29,0,4,0.00000000000000000e0
2,30,0,4,0.00000000000000000e0
2,31,0,4,0.00000000000000000e0
2,32,0,4,0.00000000000000000e0
2,33,0,4,0.00000000000000000e0
2,34,0,4,0.00000000000000000e0
2,35,0,4,0.00000000000000000e0
2,36,0,4,0.00000000000000000e0
2,37,0,4,0.00000000000000000e0
2,38,0,4,0.00000000000000000e0
2,39,0,4,0.00000000000000000e0
2,40,0,4,0.00000000000000000e0
2,41,0,4,0.00000000000000000e0
2,42,0,4,0.00000000000000000e0
2,43,0,4,0.00000000000000000e0
2,44,0,4,0.00000000000000000e0
2,45,0,4,0.00000000000000000e0
2,46,0,4,0.00000000000000000e0
2,47,0,4,0.00000000000000000e0
2,48,0,4,0.00000000000000000e0
2,49,0,4,0.00000000000000000e0
2,50,0,4,0.00000000000000000e0
2,51,0,4,0.00000000000000000e0
2,52,0,4,0.00000000000000000e0
2,53,0,4,0.00000000000000000e0
2,54,0,4,0.00000000000000000e0
2,55,0,4,0.00000000000000000e0
2,56,0,4,0.00000000000000000e0
2,57,0,4,0.00000000000000000e0
2,58,0,4,0.00000000000000000e0
2,59,0,4,0.00000000000000000e0
2,60,0,4,0.00000000000000000e0
2,61,0,4,0.00000000000000000e0
2,62,0,4,0.00000000000000000e0
2,63,0,4,0.00000000000000000e0
2,0,1,4,0.00000000000000000e0
2,1,1,4,0.00000000000000000e0
2,2,1,4,0.00000000000000000e0
2,3,1,4,0.00000000000000000e0
2,4,1,4,0.00000000000000000e0
2,5,1,4,0.00000000000000000e0
2,6,1,4,0.00000000000000000e0
2,7,1,4,0.00000000000000000e0
2,8,1,4,0.00000000000000000e0
2,9,1,4,0.00000000000000000e0
2,10,1,4,0.00000000000000000e0
2,11,1,4,0.00000000000000000e0
2,12,1,4,0.00000000000000000e0
2,13,1,4,0.00000000000000000e0
2,14,1,4,0.00000000000000000e0
2,15,1,4,0.00000000000000000e0
2,16,1,4,0.00000000000000000e0
2,17,1,4,0.00000000000000000e0
2,18,1,4,0.00000000000000000e0
2,19,1,4,0.00000000000000000e0
2,20,1,4,0.00000000000000000e0
2,21,1,4,0.00000000000000000e0
2,22,1,4,0.00000000000000000e0
2,23,1,4,0.00000000000000000e0
2,24,1,4,0.00000000000000000e0
2,25,1,4,0.00000000000000000e0
2,26,1,4,0.00000000000000000e0
2,27,1,4,0.00000000000000000e0
2,28,1,4,0.00000000000000000e0
2,29,1,4,0.00000000000000000e0
2,30,1,4,0.00000000000000000e0
2,31,1,4,0.00000000000000000e0
2,32,1,4,0.00000000000000000e0
2,33,1,4,0.00000000000000000e0
2,34,1,4,0.00000000000000000e0
2,35,1,4,0.00000000000000000e0
2,36,1,4,0.00000000000000000e0
2,37,1,4,0.00000000000000000e0
2,38,1,4,0.00000000000000000e0
2,39,1,4,0.00000000000000000e0
2,40,1,4,0.00000000000000000e0
2,41,1,4,0.00000000000000000e0
2,42,1,4,0.00000000000000000e0
2,43,1,4,0.00000000000000000e0
2,44,1,4,0.00000000000000000e0
2,45,1,4,0.00000000000000000e0
2,46,1,4,0.00000000000000000e0
2,47,1,4,0.00000000000000000e0
2,48,1,4,0.00000000000000000e0
2,49,1,4,0.00000000000000000e0
2,50,1,4,0.00000000000000000e0
2,51,1,4,0.00000000000000000e0
2,52,1,4,0.00000000000000000e0
2,53,1,4,0.00000000000000000e0
2,54,1,4,0.00000000000000000e0
2,55,1,4,0.00000000000000000e0
2,56,1,4,0.00000000000000000e0
2,57,1,4,0.00000000000000000e0
2,58,1,4,0.00000000000000000e0
2,59,1,4,0.00000000000000000e0
2,60,1,4,0.00000000000000000e0
2,61,1,4,0.00000000000000000e0
2,62,1,4,0.00000000000000000e0
2,63,1,4,0.00000000000000000e0
2,0,2,4,0.00000000000000000e0
2,1,2,4,0.00000000000000000e0
2,2,2,4,0.00000000000000000e0
2,3,2,4,0.00000000000000000e0
2,4,2,4,0.00000000000000000e0
2,5,2,4,0.00000000000000000e0
2,6,2,4,0.00000000000000000e0
2,7,2,4,0.00000000000000000e0
2,8,2,4,0.00000000000000000e0
2,9,2,4,0.00000000000000000e0
2,10,2,4,0.00000000000000000e0
2,11,2,4,0.00000000000000000e0
2,12,2,4,0.00000000000000000e0
2,13,2,4,0.00000000000000000e0
2,14,2,4,0.00000000000000000e0
2,15,2,4,0.00000000000000000e0
2,16,2,4,0.00000000000000000e0
2,17,2,4,0.00000000000000000e0
2,18,2,4,0.00000000000000000e0
2,19,2,4,0.00000000000000000e0
2,20,2,4,0.00000000000000000e0
2,21,2,4,0.00000000000000000e0
2,22,2,4,0.00000000000000000e0
2,23,2,4,0.00000000000000000e0
2,24,2,4,0.00000000000000000e0
2,25,2,4,0.00000000000000000e0
2,26,2,4,0.00000000000000000e0
2,27,2,4,0.00000000000000000e0
2,28,2,4,0.00000000000000000e0
2,29,2,4,0.00000000000000000e0
2,30,2,4,0.00000000000000000e0
2,31,2,4,0.00000000000000000e0
2,32,2,4,0.00000000000000000e0
2,33,2,4,0.00000000000000000e0
2,34,2,4,0.00000000000000000e0
2,35,2,4,0.00000000000000000e0
2,36,2,4,0.00000000000000000e0
2,37,2,4,0.00000000000000000e0
2,38,2,4,0.00000000000000000e0
2,39,2,4,0.00000000000000000e0
2,40,2,4,0.00000000000000000e0
2,41,2,4,0.00000000000000000e0
2,42,2,4,0.00000000000000000e0
2,43,2,4,0.00000000000000000e0
2,44,2,4,0.00000000000000000e0
2,45,2,4,0.00000000000000000e0
2,46,2,4,0.00000000000000000e0
2,47,2,4,0.00000000000000000e0
2,48,2,4,0.00000000000000000e0
2,49,2,4,0.00000000000000000e0
2,50,2,4,0.00000000000000000e0
2,51,2,4,0.00000000000000000e0
2,52,2,4,0.00000000000000000e0
2,53,2,4,0.00000000000000000e0
2,54,2,4,0.00000000000000000e0
2,55,2,4,0.00000000000000000e0
2,56,2,4,0.00000000000000000e0
2,57,2,4,0.00000000000000000e0
2,58,2,4,0.00000000000000000e0
2,59,2,4,0.00000000000000000e0
2,60,2,4,0.00000000000000000e0
2,61,2,4,0.00000000000000000e0
2,62,2,4,0.00000000000000000e0
2,63,2,4,0.00000000000000000e0
2,0,3,4,0.00000000000000000e0
2,1,3,4,0.00000000000000000e0
2,2,3,4,0.00000000000000000e0
2,3,3,4,0.00000000000000000e0
2,4,3,4,0.00000000000000000e0
2,5,3,4,0.00000000000000000e0
2,6,3,4,0.00000000000000000e0
2,7,3,4,0.00000000000000000e0
2,8,3,4,0.00000000000000000e0
2,9,3,4,0.00000000000000000e0
2,10,3,4,0.00000000000000000e0
2,11,3,4,0.00000000000000000e0
2,12,3,4,0.00000000000000000e0
2,13,3,4,0.00000000000000000e0
2,14,3,4,0.00000000000000000e0
2,15,3,4,0.00000000000000000e0
2,16,3,4,0.00000000000000000e0
2,17,3,4,0.00000000000000000e0
2,18,3,4,0.00000000000000000e0
2,19,3,4,0.00000000000000000e0
2,20,3,4,0.00000000000000000e0
2,21,3,4,0.00000000000000000e0
2,22,3,4,0.00000000000000000e0
2,23,3,4,0.00000000000000000e0
2,24,3,4,0.00000000000000000e0
2,25,3,4,0.00000000000000000e0
2,26,3,4,0.00000000000000000e0
2,27,3,4,0.00000000000000000e0
2,28,3,4,0.00000000000000000e0
2,29,3,4,0.00000000000000000e0
2,30,3,4,0.00000000000000000e0
2,31,3,4,0.00000000000000000e0
2,32,3,4,0.00000000000000000e0
2,33,3,4,0.00000000000000000e0
2,34,3,4,0.00000000000000000e0
2,35,3,4,0.00000000000000000e0
2,36,3,4,0.00000000000000000e0
2,37,3,4,0.00000000000000000e0
2,38,3,4,0.00000000000000000e0
2,39,3,4,0.00000000000000000e0
2,40,3,4,0.00000000000000000e0
2,41,3,4,0.00000000000000000e0
2,42,3,4,0.00000000000000000e0
2,43,3,4,0.00000000000000000e0
2,44,3,4,0.00000000000000000e0
2,45,3,4,0.00000000000000000e0
2,46,3,4,0.00000000000000000e0
2,47,3,4,0.00000000000000000e0
2,48,3,4,0.00000000000000000e0
2,49,3,4,0.00000000000000000e0
2,50,3,4,0.00000000000000000e0
2,51,3,4,0.00000000000000000e0
2,52,3,4,0.00000000000000000e0
2,53,3,4,0.00000000000000000e0
2,54,3,4,0.00000000000000000e0
2,55,3,4,0.00000000000000000e0
2,56,3,4,0.00000000000000000e0
2,57,3,4,0.00000000000000000e0
2,58,3,4,0.00000000000000000e0
2,59,3,4,0.00000000000000000e0
2,60,3,4,0.00000000000000000e0
2,61,3,4,0.00000000000000000e0
2,62,3,4,0.00000000000000000e0
2,63,3,4,0.00000000000000000e0
2,0,4,4,0.00000000000000000e0
2,1,4,4,0.00000000000000000e0
2,2,4,4,0.00000000000000000e0
2,3,4,4,0.00000000000000000e0
2,4,4,4,0.00000000000000000e0
2,5,4,4,0.00000000000000000e0
2,6,4,4,0.00000000000000000e0
2,7,4,4,0.00000000000000000e0
2,8,4,4,0.00000000000000000e0
2,9,4,4,0.00000000000000000e0
2,10,4,4,0.00000000000000000e0
2,11,4,4,0.00000000000000000e0
2,12,4,4,0.00000000000000000e0
2,13,4,4,0.00000000000000000e0
2,14,4,4,0.00000000000000000e0
2,15,4,4,0.00000000000000000e0
2,16,4,4,0.00000000000000000e0
2,17,4,4,0.00000000000000000e0
2,18,4,4,0.00000000000000000e0
2,19,4,4,0.00000000000000000e0
2,20,4,4,0.00000000000000000e0
2,21,4,4,0.00000000000000000e0
2,22,4,4,0.00000000000000000e0
2,23,4,4,0.00000000000000000e0
2,24,4,4,0.00000000000000000e0
2,25,4,4,0.00000000000000000e0
2,26,4,4,0.00000000000000000e0
2,27,4,4,0.00000000000000000e0
2,28,4,4,0.00000000000000000e0
2,29,4,4,0.00000000000000000e0
2,30,4,4,0.00000000000000000e0
2,31,4,4,0.00000000000000000e0
2,32,4,4,0.00000000000000000e0
2,33,4,4,0.00000000000000000e0
2,34,4,4,0.00000000000000000e0
2,35,4,4,0.00000000000000000e0
2,36,4,4,0.00000000000000000e0
2,37,4,4,0.00000000000000000e0
2,38,4,4,0.00000000000000000e0
2,39,4,4,0.00000000000000000e0
2,40,4,4,0.00000000000000000e0
2,41,4,4,0.00000000000000000e0
2,42,4,4,0.00000000000000000e0
2,43,4,4,0.00000000000000000e0
2,44,4,4,0.00000000000000000e0
2,45,4,4,0.00000000000000000e0
2,46,4,4,0.00000000000000000e0
2,47,4,4,0.00000000000000000e0
2,48,4,4,0.00000000000000000e0
2,49,4,4,0.00000000000000000e0
2,50,4,4,0.00000000000000000e0
2,51,4,4,0.00000000000000000e0
2,52,4,4,0.00000000000000000e0
2,53,4,4,0.00000000000000000e0
2,54,4,4,0.00000000000000000e0
2,55,4,4,0.00000000000000000e0
2,56,4,4,0.00000000000000000e0
2,57,4,4,0.00000000000000000e0
2,58,4,4,0.00000000000000000e0
2,59,4,4,0.00000000000000000e0
2,60,4,4,0.00000000000000000e0
2,61,4,4,0.00000000000000000e0
2,62,4,4,0.00000000000000000e0
2,63,4,4,0.00000000000000000e0
2,0,5,4,0.00000000000000000e0
2,1,5,4,0.00000000000000000e0
2,2,5,4,0.00000000000000000e0
2,3,5,4,0.00000000000000000e0
2,4,5,4,0.00000000000000000e0
2,5,5,4,0.00000000000000000e0
2,6,5,4,0.00000000000000000e0
2,7,5,4,0.00000000000000000e0
2,8,5,4,0.00000000000000000e0
2,9,5,4,0.00000000000000000e0
2,10,5,4,0.00000000000000000e0
2,11,5,4,0.00000000000000000e0
2,12,5,4,0.00000000000000000e0
2,13,5,4,0.00000000000000000e0
2,14,5,4,0.00000000000000000e0
2,15,5,4,0.00000000000000000e0
2,16,5,4,0.00000000000000000e0
2,17,5,4,0.00000000000000000e0
2,18,5,4,0.00000000000000000e0
2,19,5,4,0.00000000000000000e0
2,20,5,4,0.00000000000000000e0
2,21,5,4,0.00000000000000000e0
2,22,5,4,0.00000000000000000e0
2,23,5,4,0.00000000000000000e0
2,24,5,4,0.00000000000000000e0
2,25,5,4,0.00000000000000000e0
2,26,5,4,0.00000000000000000e0
2,27,5,4,0.00000000000000000e0
2,28,5,4,0.00000000000000000e0
2,29,5,4,0.00000000000000000e0
2,30,5,4,0.00000000000000000e0
2,31,5,4,0.00000000000000000e0
2,32,5,4,0.00000000000000000e0
2,33,5,4,0.00000000000000000e0
2,34,5,4,0.00000000000000000e0
2,35,5,4,0.00000000000000000e0
2,36,5,4,0.00000000000000000e0
2,37,5,4,0.00000000000000000e0
2,38,5,4,0.00000000000000000e0
2,39,5,4,0.00000000000000000e0
2,40,5,4,0.00000000000000000e0
2,41,5,4,0.00000000000000000e0
2,42,5,4,0.00000000000000000e0
2,43,5,4,0.00000000000000000e0
2,44,5,4,0.00000000000000000e0
2,45,5,4,0.00000000000000000e0
2,46,5,4,0.00000000000000000e0
2,47,5,4,0.00000000000000000e0
2,48,5,4,0.00000000000000000e0
2,49,5,4,0.00000000000000000e0
2,50,5,4,0.00000000000000000e0
2,51,5,4,0.00000000000000000e0
2,52,5,4,0.00000000000000000e0
2,53,5,4,0.00000000000000000e0
2,54,5,4,0.00000000000000000e0
2,55,5,4,0.00000000000000000e0
2,56,5,4,0.00000000000000000e0
2,57,5,4,0.00000000000000000e0
2,58,5,4,0.00000000000000000e0
2,59,5,4,0.00000000000000000e0
2,60,5,4,0.00000000000000000e0
2,61,5,4,0.00000000000000000e0
2,62,5,4,0.00000000000000000e0
2,63,5,4,0.00000000000000000e0
2,0,6,4,0.00000000000000000e0
2,1,6,4,0.00000000000000000e0
2,2,6,4,0.00000000000000000e0
2,3,6,4,0.00000000000000000e0
2,4,6,4,0.00000000000000000e0
2,5,6,4,0.00000000000000000e0
2,6,6,4,0.00000000000000000e0
2,7,6,4,0.00000000000000000e0
2,8,6,4,0.00000000000000000e0
2,9,6,4,0.00000000000000000e0
2,10,6,4,0.00000000000000000e0
2,11,6,4,0.00000000000000000e0
2,12,6,4,0.00000000000000000e0
2,13,6,4,0.00000000000000000e0
2,14,6,4,0.00000000000000000e0
2,15,6,4,0.00000000000000000e0
2,16,6,4,0.00000000000000000e0
2,17,6,4,0.00000000000000000e0
2,18,6,4,0.00000000000000000e0
2,19,6,4,0.00000000000000000e0
2,20,6,4,0.00000000000000000e0
2,21,6,4,0.00000000000000000e0
2,22,6,4,0.00000000000000000e0
2,23,6,4,0.00000000000000000e0
2,24,6,4,0.00000000000000000e0
2,25,6,4,0.00000000000000000e0
2,26,6,4,0.00000000000000000e0
2,27,6,4,0.00000000000000000e0
2,28,6,4,0.00000000000000000e0
2,29,6,4,0.00000000000000000e0
2,30,6,4,0.00000000000000000e0
2,31,6,4,0.00000000000000000e0
2,32,6,4,0.00000000000000000e0
2,33,6,4,0.00000000000000000e0
2,34,6,4,0.00000000000000000e0
2,35,6,4,0.00000000000000000e0
2,36,6,4,0.00000000000000000e0
2,37,6,4,0.00000000000000000e0
2,38,6,4,0.00000000000000000e0
2,39,6,4,0.00000000000000000e0
2,40,6,4,0.00000000000000000e0
2,41,6,4,0.00000000000000000e0
2,42,6,4,0.00000000000000000e0
2,43,6,4,0.00000000000000000e0
2,44,6,4,0.00000000000000000e0
2,45,6,4,0.00000000000000000e0
2,46,6,4,0.00000000000000000e0
2,47,6,4,0.00000000000000000e0
2,48,6,4,0.00000000000000000e0
2,49,6,4,0.00000000000000000e0
2,50,6,4,0.00000000000000000e0
2,51,6,4,0.00000000000000000e0
2,52,6,4,0.00000000000000000e0
2,53,6,4,0.00000000000000000e0
2,54,6,4,0.00000000000000000e0
2,55,6,4,0.00000000000000000e0
2,56,6,4,0.00000000000000000e0
2,57,6,4,0.00000000000000000e0
2,58,6,4,0.00000000000000000e0
2,59,6,4,0.00000000000000000e0
2,60,6,4,0.00000000000000000e0
2,61,6,4,0.00000000000000000e0
2,62,6,4,0.00000000000000000e0
2,63,6,4,0.00000000000000000e0
2,0,7,4,0.00000000000000000e0
2,1,7,4,0.00000000000000000e0
2,2,7,4,0.00000000000000000e0
2,3,7,4,0.00000000000000000e0
2,4,7,4,0.00000000000000000e0
2,5,7,4,0.00000000000000000e0
2,6,7,4,0.00000000000000000e0
2,7,7,4,0.00000000000000000e0
2,8,7,4,0.00000000000000000e0
2,9,7,4,0.00000000000000000e0
2,10,7,4,0.00000000000000000e0
2,11,7,4,0.00000000000000000e0
2,12,7,4,0.00000000000000000e0
2,13,7,4,0.00000000000000000e0
2,14,7,4,0.00000000000000000e0
2,15,7,4,0.00000000000000000e0
2,16,7,4,0.00000000000000000e0
2,17,7,4,0.00000000000000000e0
2,18,7,4,0.00000000000000000e0
2,19,7,4,0.00000000000000000e0
2,20,7,4,0.00000000000000000e0
2,21,7,4,0.00000000000000000e0
2,22,7,4,0.00000000000000000e0
2,23,7,4,0.00000000000000000e0
2,24,7,4,0.00000000000000000e0
2,25,7,4,0.00000000000000000e0
2,26,7,4,0.00000000000000000e0
2,27,7,4,0.00000000000000000e0
2,28,7,4,0.00000000000000000e0
2,29,7,4,0.00000000000000000e0
2,30,7,4,0.00000000000000000e0
2,31,7,4,0.00000000000000000e0
2,32,7,4,0.00000000000000000e0
2,33,7,4,0.00000000000000000e0
2,34,7,4,0.00000000000000000e0
2,35,7,4,0.00000000000000000e0
2,36,7,4,0.00000000000000000e0
2,37,7,4,0.00000000000000000e0
2,38,7,4,0.00000000000000000e0
2,39,7,4,0.00000000000000000e0
2,40,7,4,0.00000000000000000e0
2,41,7,4,0.00000000000000000e0
2,42,7,4,0.00000000000000000e0
2,43,7,4,0.00000000000000000e0
2,44,7,4,0.00000000000000000e0
2,45,7,4,0.00000000000000000e0
2,46,7,4,0.00000000000000000e0
2,47,7,4,0.00000000000000000e0
2,48,7,4,0.00000000000000000e0
2,49,7,4,0.00000000000000000e0
2,50,7,4,0.00000000000000000e0
2,51,7,4,0.00000000000000000e0
2,52,7,4,0.00000000000000000e0
2,53,7,4,0.00000000000000000e0
2,54,7,4,0.00000000000000000e0
2,55,7,4,0.00000000000000000e0
2,56,7,4,0.00000000000000000e0
2,57,7,4,0.00000000000000000e0
2,58,7,4,0.00000000000000000e0
2,59,7,4,0.00000000000000000e0
2,60,7,4,0.00000000000000000e0
2,61,7,4,0.00000000000000000e0
2,62,7,4,0.00000000000000000e0
2,63,7,4,0.00000000000000000e0
